obs_wl_vac(nm)	unc_obs_wl	ritz_wl_vac(nm)	unc_ritz_wl	intens	Aki(s^-1)	Acc	Ei(cm-1)	Ek(cm-1)	conf_i	term_i	J_i	conf_k	term_k	J_k	Type	tp_ref	line_ref	
"75.0680"	"0.0010"	"75.0680"	"0.0010"	"1"	""		"43.4134567"	"133256.0"	"2s2.2p2"	"3P"	"2"	"2s.2p2.(4P).14p"	"3D*"	"3"		""	"L5263"	
"75.1240"	"0.0010"	"75.1240"	"0.0010"	"1"	""		"43.4134567"	"133156.7"	"2s2.2p2"	"3P"	"2"	"2s.2p2.(4P).13p"	"3D*"	"3"		""	"L5263"	
"75.1420"	"0.0010"	"75.1420"	"0.0010"	"1"	""		"16.4167130"	"133097.8"	"2s2.2p2"	"3P"	"1"	"2s.2p2.(4P).13p"	"3D*"	"1"		""	"L5263"	
"75.1990"	"0.0010"	"75.1990"	"0.0010"	"1"	""		"43.4134567"	"133023.9"	"2s2.2p2"	"3P"	"2"	"2s.2p2.(4P).12p"	"3D*"	"3"		""	"L5263"	
"75.2130"	"0.0010"	"75.2130"	"0.0010"	"1"	""		"16.4167130"	"132972.2"	"2s2.2p2"	"3P"	"1"	"2s.2p2.(4P).12p"	"3D*"	"1"		""	"L5263"	
"75.2930"	"0.0010"	"75.2930"	"0.0010"	"1"	""		"43.4134567"	"132857.9"	"2s2.2p2"	"3P"	"2"	"2s.2p2.(4P).11p"	"3D*"	"3"		""	"L5263"	
"75.3080"	"0.0010"	"75.3080"	"0.0010"	"1"	""		"16.4167130"	"132804.4"	"2s2.2p2"	"3P"	"1"	"2s.2p2.(4P).11p"	"3D*"	"1"		""	"L5263"	
"75.4210"	"0.0010"	"75.4210"	"0.0010"	"2"	""		"43.4134567"	"132632.5"	"2s2.2p2"	"3P"	"2"	"2s.2p2.(4P).10p"	"3D*"	"3"		""	"L5263"	
"75.4390"	"0.0010"	"75.4390"	"0.0010"	"1"	""		"16.4167130"	"132573.8"	"2s2.2p2"	"3P"	"1"	"2s.2p2.(4P).10p"	"3D*"	"1"		""	"L5263"	
"75.5960"	"0.0010"	"75.5960"	"0.0010"	"3"	""		"43.4134567"	"132325.5"	"2s2.2p2"	"3P"	"2"	"2s.2p2.(4P).9p"	"3D*"	"3"		""	"L5263"	
"75.6170"	"0.0010"	"75.6163"	"0.0007"	"2"	""		"16.4167130"	"132263.1"	"2s2.2p2"	"3P"	"1"	"2s.2p2.(4P).9p"	"3D*"	"1"		""	"L5263"	
"75.6310"	"0.0010"	"75.6317"	"0.0007"	"1"	""		"43.4134567"	"132263.1"	"2s2.2p2"	"3P"	"2"	"2s.2p2.(4P).9p"	"3D*"	"1"		""	"L5263"	
"75.8510"	"0.0010"	"75.8510"	"0.0010"	"4"	""		"43.4134567"	"131880.8"	"2s2.2p2"	"3P"	"2"	"2s.2p2.(4P).8p"	"3D*"	"3"		""	"L5263"	
"75.8640"	"0.0010"	"75.8622"	"0.0007"	"3"	""		"16.4167130"	"131834.3"	"2s2.2p2"	"3P"	"1"	"2s.2p2.(4P).8p"	"3D*"	"1"		""	"L5263"	
"75.8760"	"0.0010"	"75.8778"	"0.0007"	"2"	""		"43.4134567"	"131834.3"	"2s2.2p2"	"3P"	"2"	"2s.2p2.(4P).8p"	"3D*"	"1"		""	"L5263"	
"76.2350"	"0.0010"	"76.2350"	"0.0010"	"4"	""		"43.4134567"	"131216.8"	"2s2.2p2"	"3P"	"2"	"2s.2p2.(4P).7p"	"3D*"	"3"		""	"L5263"	
"76.2520"	"0.0010"	"76.2526"	"0.0007"	"3"	""		"16.4167130"	"131159.4"	"2s2.2p2"	"3P"	"1"	"2s.2p2.(4P).7p"	"3D*"	"1"		""	"L5263"	
"76.2690"	"0.0010"	"76.2684"	"0.0007"	"3"	""		"43.4134567"	"131159.4"	"2s2.2p2"	"3P"	"2"	"2s.2p2.(4P).7p"	"3D*"	"1"		""	"L5263"	
"76.8570"	"0.0010"	"76.8570"	"0.0010"	"4"	""		"43.4134567"	"130155.2"	"2s2.2p2"	"3P"	"2"	"2s.2p2.(4P).6p"	"3D*"	"3"		""	"L5263"	
"76.8930"	"0.0010"	"76.8925"	"0.0007"	"4"	""		"16.4167130"	"130068.1"	"2s2.2p2"	"3P"	"1"	"2s.2p2.(4P).6p"	"3D*"	"1"		""	"L5263"	
"76.9080"	"0.0010"	"76.9085"	"0.0007"	"5"	""		"43.4134567"	"130068.1"	"2s2.2p2"	"3P"	"2"	"2s.2p2.(4P).6p"	"3D*"	"1"		""	"L5263"	
"77.9680"	"0.0010"	"77.9680"	"0.0010"	"8"	""		"43.4134567"	"128301.2"	"2s2.2p2"	"3P"	"2"	"2s.2p2.(4P).5p"	"3D*"	"3"		""	"L5263"	
"77.9930"	"0.0010"	"77.9930"	"0.0010"	"7"	""		"43.4134567"	"128260.0"	"2s2.2p2"	"3P"	"2"	"2s.2p2.(4P).5p"	"3D*"	"2"		""	"L5263"	
"78.0130"	"0.0010"	"78.0135"	"0.0005"	"7"	""		"0.0000000"	"128182.9"	"2s2.2p2"	"3P"	"0"	"2s.2p2.(4P).5p"	"3D*"	"1"		""	"L5263"	
"78.0240"	"0.0010"	"78.0235"	"0.0005"	"7"	""		"16.4167130"	"128182.9"	"2s2.2p2"	"3P"	"1"	"2s.2p2.(4P).5p"	"3D*"	"1"		""	"L5263"	
"78.0400"	"0.0010"	"78.0400"	"0.0005"	"9"	""		"43.4134567"	"128182.9"	"2s2.2p2"	"3P"	"2"	"2s.2p2.(4P).5p"	"3D*"	"1"		""	"L5263"	
"80.2710"	"0.0010"	"80.2710"	"0.0010"	"8"	""		"43.4134567"	"124621.4"	"2s2.2p2"	"3P"	"2"	"2s.2p2.(4P).4p"	"3D*"	"3"		""	"L5263"	
"80.2810"	"0.0010"	"80.2818"	"0.0007"	"10"	""		"16.4167130"	"124577.7"	"2s2.2p2"	"3P"	"1"	"2s.2p2.(4P).4p"	"3D*"	"2"		""	"L5263"	
"80.3000"	"0.0010"	"80.2992"	"0.0007"	"14"	""		"43.4134567"	"124577.7"	"2s2.2p2"	"3P"	"2"	"2s.2p2.(4P).4p"	"3D*"	"2"		""	"L5263"	
"80.3150"	"0.0010"	"80.3136"	"0.0006"	"6"	""		"0.0000000"	"124511.9"	"2s2.2p2"	"3P"	"0"	"2s.2p2.(4P).4p"	"3D*"	"1"		""	"L5263"	
"80.3240"	"0.0010"	"80.3242"	"0.0006"	"6"	""		"16.4167130"	"124511.9"	"2s2.2p2"	"3P"	"1"	"2s.2p2.(4P).4p"	"3D*"	"1"		""	"L5263"	
"80.3370"	"0.0020"	"80.3416"	"0.0006"	"6"	""		"43.4134567"	"124511.9"	"2s2.2p2"	"3P"	"2"	"2s.2p2.(4P).4p"	"3D*"	"1"		""	"L5263"	
"86.930"	"0.020"	"86.91"	"0.03"	"47w*"	""		"0.0000000"	"115060"	"2s2.2p2"	"3P"	"0"	"2s.2p2.(4P).3p"	"3D*"	"1"		""	"L5263"	
"86.930"	"0.020"	"86.92"	"0.03"	"47w*"	""		"16.4167130"	"115060"	"2s2.2p2"	"3P"	"1"	"2s.2p2.(4P).3p"	"3D*"	"1"		""	"L5263"	
"86.930"	"0.020"	"86.92"	"0.04"	"47w*"	""		"16.4167130"	"115070"	"2s2.2p2"	"3P"	"1"	"2s.2p2.(4P).3p"	"3D*"	"2"		""	"L5263"	
"86.930"	"0.020"	"86.93"	"0.05"	"47w*"	""		"43.4134567"	"115080"	"2s2.2p2"	"3P"	"2"	"2s.2p2.(4P).3p"	"3D*"	"3"		""	"L5263"	
"86.930"	"0.020"	"86.94"	"0.04"	"47w*"	""		"43.4134567"	"115070"	"2s2.2p2"	"3P"	"2"	"2s.2p2.(4P).3p"	"3D*"	"2"		""	"L5263"	
"86.930"	"0.020"	"86.94"	"0.03"	"47w*"	""		"43.4134567"	"115060"	"2s2.2p2"	"3P"	"2"	"2s.2p2.(4P).3p"	"3D*"	"1"		""	"L5263"	
"94.518746"	"0.000006"	"94.518745"	"0.000004"	"7800"	"3.8e+08"	C+	"0.0000000"	"105799.119"	"2s2.2p2"	"3P"	"0"	"2s.2p3"	"3S*"	"1"		"T5520LS"	"L12129"	
"94.533418"	"0.000006"	"94.533414"	"0.000003"	"17000"	"1.14e+09"	C+	"16.4167130"	"105799.119"	"2s2.2p2"	"3P"	"1"	"2s.2p3"	"3S*"	"1"		"T5520LS"	"L12129"	
"94.557546"	"0.000006"	"94.557546"	"0.000003"	"18000"	"1.9e+09"	C+	"43.4134567"	"105799.119"	"2s2.2p2"	"3P"	"2"	"2s.2p3"	"3S*"	"1"		"T5520LS"	"L12129"	
"110.342"	"0.004"	"110.3358"	"0.0005"	"46000i,bl"	""		"43.4134567"	"[90675.8]"	"2s2.2p2"	"3P"	"2"	"2s2.2p.(2P*<3/2>).23d"	"2[7/2]*"	"3"		""	"L8834c153"	
"110.3600"	"0.0010"	"110.3599"	"0.0010"	"170000"	""		"43.4134567"	"90656.0"	"2s2.2p2"	"3P"	"2"	"2s2.2p.(2P*<3/2>).22d"	"2[7/2]*"	"3"		""	"L8445"	
"110.3860"	"0.0010"	"110.3830"	"0.0005"	"190000*"	""		"16.4167130"	"90610.1"	"2s2.2p2"	"3P"	"1"	"2s2.2p.(2P*<3/2>).20d"	"2[3/2]*"	"1"		""	"L8445"	
"110.3860"	"0.0010"	"110.3861"	"0.0009"	"190000*"	"2.5e+05"	E	"43.4134567"	"90634.5"	"2s2.2p2"	"3P"	"2"	"2s2.2p.(2P*<3/2>).21d"	"2[7/2]*"	"3"		"T9787"	"L8445"	
"110.4160"	"0.0010"	"110.4159"	"0.0005"	"220000*"	""		"43.4134567"	"90610.1"	"2s2.2p2"	"3P"	"2"	"2s2.2p.(2P*<3/2>).20d"	"2[3/2]*"	"1"		""	"L8445"	
"110.4160"	"0.0010"	"110.4165"	"0.0004"	"220000*"	"2.6e+05"	E	"43.4134567"	"90609.6"	"2s2.2p2"	"3P"	"2"	"2s2.2p.(2P*<3/2>).20d"	"2[7/2]*"	"3"		"T9787"	"L8445"	
"110.4220"	"0.0020"	"110.422"	"0.003"	"9500bl*"	"1.1e+06"	E	"43.4134567"	"90605.1"	"2s2.2p2"	"3P"	"2"	"2s2.2p.(2P*<3/2>).20d"	"2[5/2]*"	"3"		"T9787"	"L5455"	
"110.4220"	"0.0020"	"110.422"	"0.003"	"9500bl*"	""		"43.4134567"	"90605.1"	"2s2.2p2"	"3P"	"2"	"2s2.2p.(2P*<3/2>).20d"	"2[5/2]*"	"2"		""	"L5455"	
"110.4550"	"0.0010"	"110.45421"	"0.00023"	"180000"	"2.3e+05"	E	"43.4134567"	"90578.67"	"2s2.2p2"	"3P"	"2"	"2s2.2p.(2P*<3/2>).19d"	"2[7/2]*"	"3"		"T9787"	"L8445"	
"110.4590"	"0.0020"	"110.459"	"0.003"	"9500bl*"	"1.3e+06"	E	"43.4134567"	"90574.7"	"2s2.2p2"	"3P"	"2"	"2s2.2p.(2P*<3/2>).19d"	"2[5/2]*"	"3"		"T9787"	"L5455"	
"110.4590"	"0.0020"	"110.459"	"0.003"	"9500bl*"	""		"43.4134567"	"90574.7"	"2s2.2p2"	"3P"	"2"	"2s2.2p.(2P*<3/2>).19d"	"2[5/2]*"	"2"		""	"L5455"	
"110.459"	"0.003"	"110.46250"	"0.00017"	"230000"	""		"16.4167130"	"90544.88"	"2s2.2p2"	"3P"	"1"	"2s2.2p.(2P*<3/2>).18d"	"2[3/2]*"	"1"		""	"L8834"	
"110.496"	"0.003"	"110.49343"	"0.00017"	"150000"	""		"0.0000000"	"90503.12"	"2s2.2p2"	"3P"	"0"	"2s2.2p.(2P*<3/2>).17d"	"2[3/2]*"	"1"		""	"L8834"	
"110.4960"	"0.0010"	"110.49545"	"0.00017"	"190000"	""		"43.4134567"	"90544.88"	"2s2.2p2"	"3P"	"2"	"2s2.2p.(2P*<3/2>).18d"	"2[3/2]*"	"1"		""	"L8445"	
"110.4975"	"0.0015"	"110.4975"	"0.0021"	"38000bl*"	"1.7e+06"	E	"43.4134567"	"90543.2"	"2s2.2p2"	"3P"	"2"	"2s2.2p.(2P*<3/2>).18d"	"2[5/2]*"	"3"		"T9787"	"L5455"	
"110.4975"	"0.0015"	"110.4975"	"0.0021"	"38000bl*"	""		"43.4134567"	"90543.2"	"2s2.2p2"	"3P"	"2"	"2s2.2p.(2P*<3/2>).18d"	"2[5/2]*"	"2"		""	"L5455"	
"110.5140"	"0.0010"	"110.51347"	"0.00017"	"110000"	""		"16.4167130"	"90503.12"	"2s2.2p2"	"3P"	"1"	"2s2.2p.(2P*<3/2>).17d"	"2[3/2]*"	"1"		""	"L8445"	
"110.5466"	"0.0015"	"110.5466"	"0.0021"	"58000bl*"	"1.7e+06"	E	"43.4134567"	"90503.0"	"2s2.2p2"	"3P"	"2"	"2s2.2p.(2P*<3/2>).17d"	"2[5/2]*"	"3"		"T9787"	"L5455"	
"110.5466"	"0.0015"	"110.5493"	"0.0005"	"58000bl*"	""		"43.4134567"	"90500.8"	"2s2.2p2"	"3P"	"2"	"2s2.2p.(2P*<3/2>).17d"	"2[5/2]*"	"2"		""	"L5455"	
"110.5470"	"0.0010"	"110.54646"	"0.00017"	"190000*"	""		"43.4134567"	"90503.12"	"2s2.2p2"	"3P"	"2"	"2s2.2p.(2P*<3/2>).17d"	"2[3/2]*"	"1"		""	"L8445"	
"110.5470"	"0.0010"	"110.54695"	"0.00023"	"190000*"	"6.e+05"	E	"43.4134567"	"90502.72"	"2s2.2p2"	"3P"	"2"	"2s2.2p.(2P*<3/2>).17d"	"2[7/2]*"	"3"		"T9787"	"L8445"	
"110.5750"	"0.0010"	"110.57278"	"0.00017"	"140000"	""		"16.4167130"	"90454.59"	"2s2.2p2"	"3P"	"1"	"2s2.2p.(2P*<3/2>).16d"	"2[3/2]*"	"1"		""	"L8445"	
"110.6070"	"0.0010"	"110.60579"	"0.00017"	"190000"	""		"43.4134567"	"90454.59"	"2s2.2p2"	"3P"	"2"	"2s2.2p.(2P*<3/2>).16d"	"2[3/2]*"	"1"		""	"L8445"	
"110.6077"	"0.0015"	"110.6077"	"0.0021"	"120000bl*"	"2.2e+06"	E	"43.4134567"	"90453.0"	"2s2.2p2"	"3P"	"2"	"2s2.2p.(2P*<3/2>).16d"	"2[5/2]*"	"3"		"T9787"	"L5455"	
"110.6077"	"0.0015"	"110.6077"	"0.0021"	"120000bl*"	""		"43.4134567"	"90453.0"	"2s2.2p2"	"3P"	"2"	"2s2.2p.(2P*<3/2>).16d"	"2[5/2]*"	"2"		""	"L5455"	
"110.6290"	"0.0020"	"110.62509"	"0.00023"	"160000*"	""		"0.0000000"	"90395.41"	"2s2.2p2"	"3P"	"0"	"2s2.2p.(2P*<3/2>).15d"	"2[3/2]*"	"1"		""	"L8445"	
"110.6290"	"0.0020"	"110.62570"	"0.00023"	"160000*"	"7.e+05"	E	"43.4134567"	"90438.32"	"2s2.2p2"	"3P"	"2"	"2s2.2p.(2P*<1/2>).17d"	"2[5/2]*"	"3"		"T9787"	"L8445"	
"110.6446"	"0.0015"	"110.645"	"0.003"	"49000bl*"	""		"16.4167130"	"90395.9"	"2s2.2p2"	"3P"	"1"	"2s2.2p.(2P*<3/2>).15d"	"2[3/2]*"	"2"		""	"L5455"	
"110.6446"	"0.0015"	"110.645"	"0.003"	"49000bl*"	"5.e+05"	E	"16.4167130"	"90395.9"	"2s2.2p2"	"3P"	"1"	"2s2.2p.(2P*<3/2>).15d"	"2[1/2]*"	"1"		"T9787"	"L5455"	
"110.6446"	"0.0015"	"110.645"	"0.003"	"49000bl*"	"4.e+06"	E	"16.4167130"	"90395.9"	"2s2.2p2"	"3P"	"1"	"2s2.2p.(2P*<3/2>).15d"	"2[1/2]*"	"0"		"T9787"	"L5455"	
"110.6500"	"0.0020"	"110.64518"	"0.00023"	"220000"	""		"16.4167130"	"90395.41"	"2s2.2p2"	"3P"	"1"	"2s2.2p.(2P*<3/2>).15d"	"2[3/2]*"	"1"		""	"L8445"	
"110.6516"	"0.0015"	"110.6503"	"0.0005"	"88000bl*"	"2.0e+06"	E	"16.4167130"	"90391.2"	"2s2.2p2"	"3P"	"1"	"2s2.2p.(2P*<1/2>).16d"	"2[3/2]*"	"2"		"T9787"	"L5455"	
"110.6516"	"0.0015"	"110.6516"	"0.0021"	"88000bl*"	""		"16.4167130"	"90390.2"	"2s2.2p2"	"3P"	"1"	"2s2.2p.(2P*<1/2>).17s"	"2[1/2]*"	"0"		""	"L5455"	
"110.6800"	"0.0020"	"110.67824"	"0.00023"	"300000bl(O IV/2)"	""		"43.4134567"	"90395.41"	"2s2.2p2"	"3P"	"2"	"2s2.2p.(2P*<3/2>).15d"	"2[3/2]*"	"1"		""	"L8445"	
"110.6802"	"0.0015"	"110.6802"	"0.0021"	"130000bl*"	"3.0e+06"	E	"43.4134567"	"90393.8"	"2s2.2p2"	"3P"	"2"	"2s2.2p.(2P*<3/2>).15d"	"2[5/2]*"	"3"		"T9787"	"L5455"	
"110.6802"	"0.0015"	"110.6802"	"0.0021"	"130000bl*"	""		"43.4134567"	"90393.8"	"2s2.2p2"	"3P"	"2"	"2s2.2p.(2P*<3/2>).15d"	"2[5/2]*"	"2"		""	"L5455"	
"110.7252"	"0.0015"	"110.7218"	"0.0010"	"59000bl*"	"1.5e+06"	E	"16.4167130"	"90332.9"	"2s2.2p2"	"3P"	"1"	"2s2.2p.(2P*<1/2>).15d"	"2[3/2]*"	"2"		"T9787"	"L5455"	
"110.7252"	"0.0015"	"110.7252"	"0.0021"	"59000bl*"	""		"16.4167130"	"90330.1"	"2s2.2p2"	"3P"	"1"	"2s2.2p.(2P*<1/2>).16s"	"2[1/2]*"	"0"		""	"L5455"	
"110.7320"	"0.0020"	"110.731"	"0.004"	"99000*"	""		"16.4167130"	"90325"	"2s2.2p2"	"3P"	"1"	"2s2.2p.(2P*<3/2>).14d"	"2[3/2]*"	"2"		""	"L5455"	
"110.7320"	"0.0020"	"110.731"	"0.004"	"99000*"	"9.e+05"	E	"16.4167130"	"90325"	"2s2.2p2"	"3P"	"1"	"2s2.2p.(2P*<3/2>).14d"	"2[1/2]*"	"1"		"T9787"	"L5455"	
"110.7320"	"0.0020"	"110.731"	"0.004"	"99000*"	"2.7e+06"	E	"16.4167130"	"90325"	"2s2.2p2"	"3P"	"1"	"2s2.2p.(2P*<3/2>).14d"	"2[1/2]*"	"0"		"T9787"	"L5455"	
"110.7340"	"0.0010"	"110.73470"	"0.00022"	"270000"	""		"16.4167130"	"90322.35"	"2s2.2p2"	"3P"	"1"	"2s2.2p.(2P*<3/2>).14d"	"2[3/2]*"	"1"		""	"L8445"	
"110.7633"	"0.0015"	"110.75882"	"0.00023"	"100000bl*"	"2.6e+05"	E	"43.4134567"	"90329.68"	"2s2.2p2"	"3P"	"2"	"2s2.2p.(2P*<1/2>).15d"	"2[5/2]*"	"3"		"T9787"	"L5455"	
"110.7633"	"0.0015"	"110.7633"	"0.0021"	"100000bl*"	""		"43.4134567"	"90326.0"	"2s2.2p2"	"3P"	"2"	"2s2.2p.(2P*<1/2>).16s"	"2[1/2]*"	"1"		""	"L5455"	
"110.768"	"0.003"	"110.76781"	"0.00022"	"410000"	""		"43.4134567"	"90322.35"	"2s2.2p2"	"3P"	"2"	"2s2.2p.(2P*<3/2>).14d"	"2[3/2]*"	"1"		""	"L8834"	
"110.7700"	"0.0010"	"110.76988"	"0.00023"	"250000"	"3.3e+06"	E	"43.4134567"	"90320.66"	"2s2.2p2"	"3P"	"2"	"2s2.2p.(2P*<3/2>).14d"	"2[7/2]*"	"3"		"T9787"	"L8445"	
"110.7731"	"0.0015"	"110.7731"	"0.0021"	"200000bl*"	"2.3e+06"	E	"43.4134567"	"90318.0"	"2s2.2p2"	"3P"	"2"	"2s2.2p.(2P*<3/2>).14d"	"2[5/2]*"	"3"		"T9787"	"L5455"	
"110.7731"	"0.0015"	"110.7731"	"0.0021"	"200000bl*"	""		"43.4134567"	"90318.0"	"2s2.2p2"	"3P"	"2"	"2s2.2p.(2P*<3/2>).14d"	"2[5/2]*"	"2"		""	"L5455"	
"110.7941"	"0.0005"	"110.79213"	"0.00016"	"48000"	"3.4e+06"	E	"0.0000000"	"90259.12"	"2s2.2p2"	"3P"	"0"	"2s2.2p.(2P*<1/2>).14d"	"2[3/2]*"	"1"		"T9787"	"L5455"	
"110.8100"	"0.0010"	"110.81228"	"0.00016"	"330000"	""		"16.4167130"	"90259.12"	"2s2.2p2"	"3P"	"1"	"2s2.2p.(2P*<1/2>).14d"	"2[3/2]*"	"1"		""	"L8445"	
"110.8170"	"0.0015"	"110.8170"	"0.0021"	"60000bl*"	""		"16.4167130"	"90255.3"	"2s2.2p2"	"3P"	"1"	"2s2.2p.(2P*<1/2>).15s"	"2[1/2]*"	"0"		""	"L5455"	
"110.8170"	"0.0015"	"110.8172"	"0.0010"	"60000bl*"	"5.e+06"	E	"16.4167130"	"90255.1"	"2s2.2p2"	"3P"	"1"	"2s2.2p.(2P*<1/2>).14d"	"2[3/2]*"	"2"		"T9787"	"L5455"	
"110.840"	"0.003"	"110.84544"	"0.00016"	"480000"	""		"43.4134567"	"90259.12"	"2s2.2p2"	"3P"	"2"	"2s2.2p.(2P*<1/2>).14d"	"2[3/2]*"	"1"		""	"L8834"	
"110.8440"	"0.0010"	"110.84540"	"0.00017"	"400000"	""		"16.4167130"	"90232.16"	"2s2.2p2"	"3P"	"1"	"2s2.2p.(2P*<3/2>).13d"	"2[3/2]*"	"1"		""	"L8445"	
"110.8483"	"0.0015"	"110.8478"	"0.0006"	"150000bl*"	""		"43.4134567"	"90257.2"	"2s2.2p2"	"3P"	"2"	"2s2.2p.(2P*<1/2>).15s"	"2[1/2]*"	"1"		""	"L5455"	
"110.8483"	"0.0015"	"110.8479"	"0.0005"	"150000bl*"	""		"16.4167130"	"90230.1"	"2s2.2p2"	"3P"	"1"	"2s2.2p.(2P*<3/2>).13d"	"2[3/2]*"	"2"		""	"L5455"	
"110.8483"	"0.0015"	"110.848"	"0.004"	"150000bl*"	"4.e+06"	E	"16.4167130"	"90230."	"2s2.2p2"	"3P"	"1"	"2s2.2p.(2P*<3/2>).13d"	"2[1/2]*"	"1"		"T9787"	"L5455"	
"110.8483"	"0.0015"	"110.848"	"0.004"	"150000bl*"	"1.2e+07"	E	"16.4167130"	"90230."	"2s2.2p2"	"3P"	"1"	"2s2.2p.(2P*<3/2>).13d"	"2[1/2]*"	"0"		"T9787"	"L5455"	
"110.8483"	"0.0015"	"110.84856"	"0.00023"	"150000bl*"	"1.3e+06"	E	"43.4134567"	"90256.58"	"2s2.2p2"	"3P"	"2"	"2s2.2p.(2P*<1/2>).14d"	"2[5/2]*"	"3"		"T9787"	"L5455"	
"110.8800"	"0.0010"	"110.88021"	"0.00023"	"260000"	"2.9e+06"	E	"43.4134567"	"90230.83"	"2s2.2p2"	"3P"	"2"	"2s2.2p.(2P*<3/2>).13d"	"2[7/2]*"	"3"		"T9787"	"L8445"	
"110.8828"	"0.0015"	"110.8825"	"0.0012"	"200000bl*"	""		"43.4134567"	"90229.0"	"2s2.2p2"	"3P"	"2"	"2s2.2p.(2P*<3/2>).13d"	"2[5/2]*"	"2"		""	"L5455"	
"110.8828"	"0.0015"	"110.8828"	"0.0021"	"200000bl*"	"9.e+06"	E	"43.4134567"	"90228.7"	"2s2.2p2"	"3P"	"2"	"2s2.2p.(2P*<3/2>).13d"	"2[5/2]*"	"3"		"T9787"	"L5455"	
"110.9043"	"0.0005"	"110.90408"	"0.00016"	"130000"	"6.e+06"	E	"0.0000000"	"90168.01"	"2s2.2p2"	"3P"	"0"	"2s2.2p.(2P*<1/2>).13d"	"2[3/2]*"	"1"		"T9787"	"L5455"	
"110.9240"	"0.0010"	"110.92427"	"0.00016"	"130000"	""		"16.4167130"	"90168.01"	"2s2.2p2"	"3P"	"1"	"2s2.2p.(2P*<1/2>).13d"	"2[3/2]*"	"1"		""	"L8445"	
"110.9262"	"0.0015"	"110.9263"	"0.0021"	"140000bl*"	"1.0e+07"	E	"16.4167130"	"90166.4"	"2s2.2p2"	"3P"	"1"	"2s2.2p.(2P*<1/2>).13d"	"2[3/2]*"	"2"		"T9787"	"L5455"	
"110.9262"	"0.0015"	"110.9263"	"0.0021"	"140000bl*"	""		"16.4167130"	"90166.4"	"2s2.2p2"	"3P"	"1"	"2s2.2p.(2P*<1/2>).14s"	"2[1/2]*"	"0"		""	"L5455"	
"110.9639"	"0.0015"	"110.9605"	"0.0004"	"170000bl*"	"3.6e+06"	E	"43.4134567"	"90165.6"	"2s2.2p2"	"3P"	"2"	"2s2.2p.(2P*<1/2>).13d"	"2[5/2]*"	"3"		"T9787"	"L5455"	
"110.9639"	"0.0015"	"110.96332"	"0.00016"	"170000bl*"	""		"0.0000000"	"90119.87"	"2s2.2p2"	"3P"	"0"	"2s2.2p.(2P*<3/2>).12d"	"2[3/2]*"	"1"		""	"L5455"	
"110.9639"	"0.0015"	"110.964"	"0.003"	"170000bl*"	""		"43.4134567"	"90162.8"	"2s2.2p2"	"3P"	"2"	"2s2.2p.(2P*<1/2>).14s"	"2[1/2]*"	"1"		""	"L5455"	
"110.9840"	"0.0020"	"110.98354"	"0.00016"	"570000bl(Si III)"	""		"16.4167130"	"90119.87"	"2s2.2p2"	"3P"	"1"	"2s2.2p.(2P*<3/2>).12d"	"2[3/2]*"	"1"		""	"L8445"	
"110.9858"	"0.0015"	"110.9852"	"0.0016"	"93000bl*"	""		"16.4167130"	"90118.5"	"2s2.2p2"	"3P"	"1"	"2s2.2p.(2P*<3/2>).12d"	"2[3/2]*"	"2"		""	"L5455"	
"110.9858"	"0.0015"	"110.9852"	"0.0016"	"93000bl*"	"2.4e+06"	E	"16.4167130"	"90118.5"	"2s2.2p2"	"3P"	"1"	"2s2.2p.(2P*<3/2>).12d"	"2[1/2]*"	"1"		"T9787"	"L5455"	
"110.9858"	"0.0015"	"110.986"	"0.003"	"93000bl*"	"7.e+06"	E	"16.4167130"	"90118.0"	"2s2.2p2"	"3P"	"1"	"2s2.2p.(2P*<3/2>).12d"	"2[1/2]*"	"0"		"T9787"	"L5455"	
"111.0170"	"0.0020"	"111.01680"	"0.00016"	"300000bl*"	""		"43.4134567"	"90119.87"	"2s2.2p2"	"3P"	"2"	"2s2.2p.(2P*<3/2>).12d"	"2[3/2]*"	"1"		""	"L8445"	
"111.0182"	"0.0015"	"111.0185"	"0.0016"	"300000bl*"	"3.2e+06"	E	"43.4134567"	"90118.5"	"2s2.2p2"	"3P"	"2"	"2s2.2p.(2P*<3/2>).12d"	"2[3/2]*"	"2"		"T9787"	"L5455"	
"111.0182"	"0.0015"	"111.0185"	"0.0016"	"300000bl*"	"2.3e+06"	E	"43.4134567"	"90118.5"	"2s2.2p2"	"3P"	"2"	"2s2.2p.(2P*<3/2>).12d"	"2[1/2]*"	"1"		"T9787"	"L5455"	
"111.0190"	"0.0020"	"111.0197"	"0.0004"	"300000bl*"	"1.6e+06"	E	"43.4134567"	"90117.5"	"2s2.2p2"	"3P"	"2"	"2s2.2p.(2P*<3/2>).12d"	"2[7/2]*"	"3"		"T9787"	"L8445"	
"111.0190"	"0.0020"	"111.0222"	"0.0006"	"300000bl*"	""		"43.4134567"	"90115.5"	"2s2.2p2"	"3P"	"2"	"2s2.2p.(2P*<3/2>).13s"	"2[3/2]*"	"1"		""	"L8445"	
"111.0228"	"0.0015"	"111.0240"	"0.0007"	"310000bl*"	"6.e+06"	E	"43.4134567"	"90114.0"	"2s2.2p2"	"3P"	"2"	"2s2.2p.(2P*<3/2>).12d"	"2[5/2]*"	"3"		"T9787"	"L5455"	
"111.0228"	"0.0015"	"111.0280"	"0.0010"	"310000bl*"	""		"43.4134567"	"90110.8"	"2s2.2p2"	"3P"	"2"	"2s2.2p.(2P*<3/2>).12d"	"2[5/2]*"	"2"		""	"L5455"	
"111.0410"	"0.0020"	"111.04402"	"0.00017"	"72000p"	"5.e+06"	E	"0.0000000"	"90054.38"	"2s2.2p2"	"3P"	"0"	"2s2.2p.(2P*<1/2>).12d"	"2[3/2]*"	"1"		"T9787"	"L5455"	
"111.0677"	"0.0015"	"111.0677"	"0.0021"	"210000bl*"	"7.e+06"	E	"16.4167130"	"90051.6"	"2s2.2p2"	"3P"	"1"	"2s2.2p.(2P*<1/2>).12d"	"2[3/2]*"	"2"		"T9787"	"L5455"	
"111.0677"	"0.0015"	"111.0677"	"0.0021"	"210000bl*"	""		"16.4167130"	"90051.6"	"2s2.2p2"	"3P"	"1"	"2s2.2p.(2P*<1/2>).13s"	"2[1/2]*"	"0"		""	"L5455"	
"111.1012"	"0.0015"	"111.10109"	"0.00023"	"150000bl*"	"2.2e+06"	E	"43.4134567"	"90051.53"	"2s2.2p2"	"3P"	"2"	"2s2.2p.(2P*<1/2>).12d"	"2[5/2]*"	"3"		"T9787"	"L5455"	
"111.1012"	"0.0015"	"111.1013"	"0.0021"	"150000bl*"	""		"43.4134567"	"90051.4"	"2s2.2p2"	"3P"	"2"	"2s2.2p.(2P*<1/2>).13s"	"2[1/2]*"	"1"		""	"L5455"	
"111.1409"	"0.0005"	"111.1409"	"0.0005"	"100000"	""		"0.0000000"	"89975.9"	"2s2.2p2"	"3P"	"0"	"2s2.2p.(2P*<3/2>).11d"	"2[1/2]*"	"1"		""	"L5455"	
"111.1420"	"0.0010"	"111.14258"	"0.00017"	"120000"	""		"0.0000000"	"89974.52"	"2s2.2p2"	"3P"	"0"	"2s2.2p.(2P*<3/2>).11d"	"2[3/2]*"	"1"		""	"L8445"	
"111.1600"	"0.0010"	"111.16286"	"0.00017"	"220000"	""		"16.4167130"	"89974.52"	"2s2.2p2"	"3P"	"1"	"2s2.2p.(2P*<3/2>).11d"	"2[3/2]*"	"1"		""	"L8445"	
"111.1612"	"0.0015"	"111.161"	"0.003"	"200000*"	""		"16.4167130"	"89976.0"	"2s2.2p2"	"3P"	"1"	"2s2.2p.(2P*<3/2>).11d"	"2[3/2]*"	"2"		""	"L5455"	
"111.1612"	"0.0015"	"111.161"	"0.003"	"200000*"	"9.e+06"	E	"16.4167130"	"89975.9"	"2s2.2p2"	"3P"	"1"	"2s2.2p.(2P*<3/2>).11d"	"2[1/2]*"	"0"		"T9787"	"L5455"	
"111.1612"	"0.0015"	"111.1612"	"0.0005"	"200000*"	"2.8e+06"	E	"16.4167130"	"89975.9"	"2s2.2p2"	"3P"	"1"	"2s2.2p.(2P*<3/2>).11d"	"2[1/2]*"	"1"		"T9787"	"L5455"	
"111.1727"	"0.0015"	"111.17254"	"0.00006"	"42000p"	"2.2e+06"	E	"16.4167130"	"89966.69"	"2s2.2p2"	"3P"	"1"	"2s2.2p.(2P*<3/2>).11d"	"2[5/2]*"	"2"		"T9787"	"L5455"	
"111.190"	"0.010"	"111.194"	"0.003"	"320000bl*"	"5.e+06"	E	"43.4134567"	"89976.0"	"2s2.2p2"	"3P"	"2"	"2s2.2p.(2P*<3/2>).11d"	"2[3/2]*"	"2"		"T9787"	"L5455"	
"111.190"	"0.010"	"111.1945"	"0.0005"	"320000bl*"	"2.7e+06"	E	"43.4134567"	"89975.9"	"2s2.2p2"	"3P"	"2"	"2s2.2p.(2P*<3/2>).11d"	"2[1/2]*"	"1"		"T9787"	"L5455"	
"111.1960"	"0.0020"	"111.19623"	"0.00017"	"390000*"	""		"43.4134567"	"89974.52"	"2s2.2p2"	"3P"	"2"	"2s2.2p.(2P*<3/2>).11d"	"2[3/2]*"	"1"		""	"L8445"	
"111.1990"	"0.0020"	"111.20010"	"0.00023"	"390000*"	"1.7e+06"	E	"43.4134567"	"89971.39"	"2s2.2p2"	"3P"	"2"	"2s2.2p.(2P*<3/2>).11d"	"2[7/2]*"	"3"		"T9787"	"L8445"	
"111.2020"	"0.0020"	"111.202"	"0.004"	"320000bl*"	"7.e+06"	E	"43.4134567"	"89970."	"2s2.2p2"	"3P"	"2"	"2s2.2p.(2P*<3/2>).11d"	"2[5/2]*"	"3"		"T9787"	"L5455"	
"111.2020"	"0.0020"	"111.20273"	"0.00017"	"320000bl*"	""		"43.4134567"	"89969.26"	"2s2.2p2"	"3P"	"2"	"2s2.2p.(2P*<3/2>).12s"	"2[3/2]*"	"1"		""	"L5455"	
"111.2020"	"0.0020"	"111.20591"	"0.00006"	"320000bl*"	""		"43.4134567"	"89966.69"	"2s2.2p2"	"3P"	"2"	"2s2.2p.(2P*<3/2>).11d"	"2[5/2]*"	"2"		""	"L5455"	
"111.2265"	"0.0005"	"111.2267"	"0.0004"	"140000"	"6.e+06"	E	"0.0000000"	"89906.5"	"2s2.2p2"	"3P"	"0"	"2s2.2p.(2P*<1/2>).11d"	"2[3/2]*"	"1"		"T9787"	"L5455"	
"111.2470"	"0.0010"	"111.2470"	"0.0004"	"220000"	""		"16.4167130"	"89906.5"	"2s2.2p2"	"3P"	"1"	"2s2.2p.(2P*<1/2>).11d"	"2[3/2]*"	"1"		""	"L8445"	
"111.2484"	"0.0015"	"111.2483"	"0.0021"	"160000bl*"	"8.e+06"	E	"16.4167130"	"89905.4"	"2s2.2p2"	"3P"	"1"	"2s2.2p.(2P*<1/2>).11d"	"2[3/2]*"	"2"		"T9787"	"L5455"	
"111.2484"	"0.0015"	"111.2483"	"0.0021"	"160000bl*"	""		"16.4167130"	"89905.4"	"2s2.2p2"	"3P"	"1"	"2s2.2p.(2P*<1/2>).12s"	"2[1/2]*"	"0"		""	"L5455"	
"111.2800"	"0.0020"	"111.2804"	"0.0004"	"140000bl*"	""		"43.4134567"	"89906.5"	"2s2.2p2"	"3P"	"2"	"2s2.2p.(2P*<1/2>).11d"	"2[3/2]*"	"1"		""	"L8445"	
"111.2825"	"0.0015"	"111.28219"	"0.00024"	"140000bl*"	"2.6e+06"	E	"43.4134567"	"89905.05"	"2s2.2p2"	"3P"	"2"	"2s2.2p.(2P*<1/2>).11d"	"2[5/2]*"	"3"		"T9787"	"L5455"	
"111.2825"	"0.0015"	"111.2842"	"0.0012"	"140000bl*"	""		"43.4134567"	"89903.4"	"2s2.2p2"	"3P"	"2"	"2s2.2p.(2P*<1/2>).12s"	"2[1/2]*"	"1"		""	"L5455"	
"111.2939"	"0.0015"	"111.2939"	"0.0015"	"110000p"	"5.e+05"	E	"43.4134567"	"89895.6"	"2s2.2p2"	"3P"	"2"	"2s2.2p.(2P*<1/2>).11d"	"2[5/2]*"	"2"		"T9787"	"L5455"	
"111.3806"	"0.0015"	"111.3792"	"0.0007"	"120000*"	""		"0.0000000"	"89783.4"	"2s2.2p2"	"3P"	"0"	"2s2.2p.(2P*<3/2>).10d"	"2[1/2]*"	"1"		""	"L5455"	
"111.3806"	"0.0015"	"111.37956"	"0.00017"	"120000*"	""		"0.0000000"	"89783.08"	"2s2.2p2"	"3P"	"0"	"2s2.2p.(2P*<3/2>).10d"	"2[3/2]*"	"1"		""	"L5455"	
"111.3967"	"0.0015"	"111.397"	"0.003"	"300000bl*"	"1.1e+07"	E	"16.4167130"	"89785.7"	"2s2.2p2"	"3P"	"1"	"2s2.2p.(2P*<3/2>).10d"	"2[1/2]*"	"0"		"T9787"	"L5455"	
"111.3967"	"0.0015"	"111.3990"	"0.0005"	"300000bl*"	""		"16.4167130"	"89783.8"	"2s2.2p2"	"3P"	"1"	"2s2.2p.(2P*<3/2>).10d"	"2[3/2]*"	"2"		""	"L5455"	
"111.3967"	"0.0015"	"111.3995"	"0.0007"	"300000bl*"	"3.4e+06"	E	"16.4167130"	"89783.4"	"2s2.2p2"	"3P"	"1"	"2s2.2p.(2P*<3/2>).10d"	"2[1/2]*"	"1"		"T9787"	"L5455"	
"111.4000"	"0.0010"	"111.39993"	"0.00017"	"260000"	""		"16.4167130"	"89783.08"	"2s2.2p2"	"3P"	"1"	"2s2.2p.(2P*<3/2>).10d"	"2[3/2]*"	"1"		""	"L8445"	
"111.4130"	"0.0015"	"111.41258"	"0.00007"	"66000p"	"3.3e+06"	E	"16.4167130"	"89772.89"	"2s2.2p2"	"3P"	"1"	"2s2.2p.(2P*<3/2>).10d"	"2[5/2]*"	"2"		"T9787"	"L5455"	
"111.4338"	"0.0015"	"111.4325"	"0.0005"	"340000bl*"	"4.e+06"	E	"43.4134567"	"89783.8"	"2s2.2p2"	"3P"	"2"	"2s2.2p.(2P*<3/2>).10d"	"2[3/2]*"	"2"		"T9787"	"L5455"	
"111.4338"	"0.0015"	"111.4330"	"0.0007"	"340000bl*"	"3.3e+06"	E	"43.4134567"	"89783.4"	"2s2.2p2"	"3P"	"2"	"2s2.2p.(2P*<3/2>).10d"	"2[1/2]*"	"1"		"T9787"	"L5455"	
"111.4338"	"0.0015"	"111.43344"	"0.00017"	"340000bl*"	""		"43.4134567"	"89783.08"	"2s2.2p2"	"3P"	"2"	"2s2.2p.(2P*<3/2>).10d"	"2[3/2]*"	"1"		""	"L5455"	
"111.4390"	"0.0010"	"111.4384"	"0.0004"	"480000"	"1.9e+06"	E	"43.4134567"	"89779.1"	"2s2.2p2"	"3P"	"2"	"2s2.2p.(2P*<3/2>).10d"	"2[7/2]*"	"3"		"T9787"	"L8445"	
"111.4458"	"0.0015"	"111.4457"	"0.0006"	"320000bl*"	"9.e+06"	E	"43.4134567"	"89773.2"	"2s2.2p2"	"3P"	"2"	"2s2.2p.(2P*<3/2>).10d"	"2[5/2]*"	"3"		"T9787"	"L5455"	
"111.4458"	"0.0015"	"111.44610"	"0.00007"	"320000bl*"	""		"43.4134567"	"89772.89"	"2s2.2p2"	"3P"	"2"	"2s2.2p.(2P*<3/2>).10d"	"2[5/2]*"	"2"		""	"L5455"	
"111.4631"	"0.0005"	"111.46243"	"0.00016"	"210000"	"8.e+06"	E	"0.0000000"	"89716.33"	"2s2.2p2"	"3P"	"0"	"2s2.2p.(2P*<1/2>).10d"	"2[3/2]*"	"1"		"T9787"	"L5455"	
"111.4830"	"0.0010"	"111.48283"	"0.00016"	"220000"	""		"16.4167130"	"89716.33"	"2s2.2p2"	"3P"	"1"	"2s2.2p.(2P*<1/2>).10d"	"2[3/2]*"	"1"		""	"L12670"	
"111.4882"	"0.0015"	"111.4867"	"0.0007"	"280000bl*"	"9.e+06"	E	"16.4167130"	"89713.2"	"2s2.2p2"	"3P"	"1"	"2s2.2p.(2P*<1/2>).10d"	"2[3/2]*"	"2"		"T9787"	"L5455"	
"111.4882"	"0.0015"	"111.4882"	"0.0021"	"280000bl*"	""		"16.4167130"	"89712.0"	"2s2.2p2"	"3P"	"1"	"2s2.2p.(2P*<1/2>).11s"	"2[1/2]*"	"0"		""	"L5455"	
"111.5170"	"0.0020"	"111.51639"	"0.00016"	"200000bl*"	""		"43.4134567"	"89716.33"	"2s2.2p2"	"3P"	"2"	"2s2.2p.(2P*<1/2>).10d"	"2[3/2]*"	"1"		""	"L8445"	
"111.5231"	"0.0015"	"111.52252"	"0.00024"	"200000bl*"	"3.3e+06"	E	"43.4134567"	"89711.40"	"2s2.2p2"	"3P"	"2"	"2s2.2p.(2P*<1/2>).10d"	"2[5/2]*"	"3"		"T9787"	"L5455"	
"111.5231"	"0.0015"	"111.5231"	"0.0021"	"200000bl*"	""		"43.4134567"	"89710.9"	"2s2.2p2"	"3P"	"2"	"2s2.2p.(2P*<1/2>).11s"	"2[1/2]*"	"1"		""	"L5455"	
"111.5393"	"0.0005"	"111.5392"	"0.0004"	"46000"	"6.e+05"	E	"43.4134567"	"89698.0"	"2s2.2p2"	"3P"	"2"	"2s2.2p.(2P*<1/2>).10d"	"2[5/2]*"	"2"		"T9787"	"L5455"	
"111.6986"	"0.0015"	"111.6980"	"0.0005"	"97000*"	""		"0.0000000"	"89527.1"	"2s2.2p2"	"3P"	"0"	"2s2.2p.(2P*<3/2>).9d"	"2[1/2]*"	"1"		""	"L5455"	
"111.6986"	"0.0015"	"111.69994"	"0.00006"	"97000*"	""		"0.0000000"	"89525.56"	"2s2.2p2"	"3P"	"0"	"2s2.2p.(2P*<3/2>).9d"	"2[3/2]*"	"1"		""	"L5455"	
"111.7158"	"0.0015"	"111.7158"	"0.0021"	"330000bl*"	"1.4e+07"	E	"16.4167130"	"89529.3"	"2s2.2p2"	"3P"	"1"	"2s2.2p.(2P*<3/2>).9d"	"2[1/2]*"	"0"		"T9787"	"L5455"	
"111.7158"	"0.0015"	"111.7185"	"0.0005"	"330000bl*"	"4.e+06"	E	"16.4167130"	"89527.1"	"2s2.2p2"	"3P"	"1"	"2s2.2p.(2P*<3/2>).9d"	"2[1/2]*"	"1"		"T9787"	"L5455"	
"111.7200"	"0.0010"	"111.72043"	"0.00006"	"350000*"	""		"16.4167130"	"89525.56"	"2s2.2p2"	"3P"	"1"	"2s2.2p.(2P*<3/2>).9d"	"2[3/2]*"	"1"		""	"L8445"	
"111.7200"	"0.0010"	"111.7231"	"0.0006"	"350000*"	""		"16.4167130"	"89523.4"	"2s2.2p2"	"3P"	"1"	"2s2.2p.(2P*<3/2>).9d"	"2[3/2]*"	"2"		""	"L8445"	
"111.7346"	"0.0015"	"111.73400"	"0.00016"	"110000*"	""		"16.4167130"	"89514.69"	"2s2.2p2"	"3P"	"1"	"2s2.2p.(2P*<3/2>).10s"	"2[3/2]*"	"1"		""	"L5455"	
"111.7346"	"0.0015"	"111.73928"	"0.00005"	"110000*"	"5.e+06"	E	"16.4167130"	"89510.46"	"2s2.2p2"	"3P"	"1"	"2s2.2p.(2P*<3/2>).9d"	"2[5/2]*"	"2"		"T9787"	"L5455"	
"111.7524"	"0.0015"	"111.7522"	"0.0005"	"300000p"	"5.e+06"	E	"43.4134567"	"89527.1"	"2s2.2p2"	"3P"	"2"	"2s2.2p.(2P*<3/2>).9d"	"2[1/2]*"	"1"		"T9787"	"L5455"	
"111.7597"	"0.0015"	"111.7568"	"0.0006"	"250000*"	"7.e+06"	E	"43.4134567"	"89523.4"	"2s2.2p2"	"3P"	"2"	"2s2.2p.(2P*<3/2>).9d"	"2[3/2]*"	"2"		"T9787"	"L5455"	
"111.7597"	"0.0015"	"111.76214"	"0.00005"	"250000*"	"2.3e+06"	E	"43.4134567"	"89519.15"	"2s2.2p2"	"3P"	"2"	"2s2.2p.(2P*<3/2>).9d"	"2[7/2]*"	"3"		"T9787"	"L5455"	
"111.7701"	"0.0015"	"111.7693"	"0.0010"	"270000bl*"	"1.2e+07"	E	"43.4134567"	"89513.4"	"2s2.2p2"	"3P"	"2"	"2s2.2p.(2P*<3/2>).9d"	"2[5/2]*"	"3"		"T9787"	"L5455"	
"111.7701"	"0.0015"	"111.77300"	"0.00005"	"270000bl*"	""		"43.4134567"	"89510.46"	"2s2.2p2"	"3P"	"2"	"2s2.2p.(2P*<3/2>).9d"	"2[5/2]*"	"2"		""	"L5455"	
"111.7874"	"0.0005"	"111.78661"	"0.00016"	"240000p"	"1.1e+07"	E	"0.0000000"	"89456.15"	"2s2.2p2"	"3P"	"0"	"2s2.2p.(2P*<1/2>).9d"	"2[3/2]*"	"1"		"T9787"	"L5455"	
"111.8070"	"0.0020"	"111.80713"	"0.00016"	"330000bl*"	""		"16.4167130"	"89456.15"	"2s2.2p2"	"3P"	"1"	"2s2.2p.(2P*<1/2>).9d"	"2[3/2]*"	"1"		""	"L8445"	
"111.8166"	"0.0015"	"111.8166"	"0.0021"	"330000bl*"	""		"16.4167130"	"89448.6"	"2s2.2p2"	"3P"	"1"	"2s2.2p.(2P*<1/2>).10s"	"2[1/2]*"	"0"		""	"L5455"	
"111.8166"	"0.0015"	"111.8166"	"0.0021"	"330000bl*"	"1.2e+07"	E	"16.4167130"	"89448.6"	"2s2.2p2"	"3P"	"1"	"2s2.2p.(2P*<1/2>).9d"	"2[3/2]*"	"2"		"T9787"	"L5455"	
"111.8410"	"0.0020"	"111.84089"	"0.00016"	"200000"	""		"43.4134567"	"89456.15"	"2s2.2p2"	"3P"	"2"	"2s2.2p.(2P*<1/2>).9d"	"2[3/2]*"	"1"		""	"L8445"	
"111.8500"	"0.0015"	"111.84627"	"0.00006"	"200000bl*"	""		"43.4134567"	"89451.85"	"2s2.2p2"	"3P"	"2"	"2s2.2p.(2P*<1/2>).10s"	"2[1/2]*"	"1"		""	"L5455"	
"111.8500"	"0.0015"	"111.84916"	"0.00024"	"200000bl*"	"4.e+06"	E	"43.4134567"	"89449.54"	"2s2.2p2"	"3P"	"2"	"2s2.2p.(2P*<1/2>).9d"	"2[5/2]*"	"3"		"T9787"	"L5455"	
"111.8735"	"0.0015"	"111.87174"	"0.00005"	"110000"	"7.e+05"	E	"43.4134567"	"89431.49"	"2s2.2p2"	"3P"	"2"	"2s2.2p.(2P*<1/2>).9d"	"2[5/2]*"	"2"		"T9787"	"L5455"	
"112.1487"	"0.0015"	"112.14533"	"0.00023"	"250000bl*"	"1.5e+06"	C+	"0.0000000"	"89170.01"	"2s2.2p2"	"3P"	"0"	"2s2.2p.(2P*<3/2>).8d"	"2[1/2]*"	"1"		"T7333"	"L5455"	
"112.1487"	"0.0015"	"112.15196"	"0.00004"	"250000bl*"	"1.7e+06"	C+	"0.0000000"	"89164.74"	"2s2.2p2"	"3P"	"0"	"2s2.2p.(2P*<3/2>).8d"	"2[3/2]*"	"1"		"T7333"	"L5455"	
"112.1670"	"0.0015"	"112.16598"	"0.00023"	"350000bl*"	"3.5e+06"	C+	"16.4167130"	"89170.01"	"2s2.2p2"	"3P"	"1"	"2s2.2p.(2P*<3/2>).8d"	"2[1/2]*"	"1"		"T7333"	"L5455"	
"112.1670"	"0.0015"	"112.1670"	"0.0021"	"350000bl*"	"1.10e+07"	C+	"16.4167130"	"89169.2"	"2s2.2p2"	"3P"	"1"	"2s2.2p.(2P*<3/2>).8d"	"2[1/2]*"	"0"		"T7333"	"L5455"	
"112.170"	"0.010"	"112.17132"	"0.00004"	"bl*"	"4.0e+05"	C	"0.0000000"	"89149.35"	"2s2.2p2"	"3P"	"0"	"2s2.2p.(2P*<3/2>).9s"	"2[3/2]*"	"1"		"T7333"	"L5455"	
"112.170"	"0.010"	"112.1753"	"0.0005"	"bl*"	"4.3e+05"	C	"16.4167130"	"89162.6"	"2s2.2p2"	"3P"	"1"	"2s2.2p.(2P*<3/2>).8d"	"2[3/2]*"	"2"		"T7333"	"L5455"	
""	""	"112.17261"	"0.00004"	""	"8.1e+05"	C	"16.4167130"	"89164.74"	"2s2.2p2"	"3P"	"1"	"2s2.2p.(2P*<3/2>).8d"	"2[3/2]*"	"1"		"T7333"	""	
"112.1931"	"0.0015"	"112.19198"	"0.00004"	"250000p"	"3.6e+06"	C+	"16.4167130"	"89149.35"	"2s2.2p2"	"3P"	"1"	"2s2.2p.(2P*<3/2>).9s"	"2[3/2]*"	"1"		"T7333"	"L5455"	
"112.2015"	"0.0015"	"112.19995"	"0.00023"	"250000bl*"	"4.0e+06"	C+	"43.4134567"	"89170.01"	"2s2.2p2"	"3P"	"2"	"2s2.2p.(2P*<3/2>).8d"	"2[1/2]*"	"1"		"T7333"	"L5455"	
"112.2015"	"0.0015"	"112.20037"	"0.00004"	"250000bl*"	"8.5e+06"	C+	"16.4167130"	"89142.68"	"2s2.2p2"	"3P"	"1"	"2s2.2p.(2P*<3/2>).8d"	"2[5/2]*"	"2"		"T7333"	"L5455"	
""	""	"112.20659"	"0.00004"	""	"1.2e+04"	D	"43.4134567"	"89164.74"	"2s2.2p2"	"3P"	"2"	"2s2.2p.(2P*<3/2>).8d"	"2[3/2]*"	"1"		"T7333"	""	
"112.2093"	"0.0005"	"112.2093"	"0.0005"	"310000"	"6.7e+06"	C+	"43.4134567"	"89162.6"	"2s2.2p2"	"3P"	"2"	"2s2.2p.(2P*<3/2>).8d"	"2[3/2]*"	"2"		"T7333"	"L5455"	
""	""	"112.21796"	"0.00005"	""	"3.4e+06"	C+	"43.4134567"	"89155.71"	"2s2.2p2"	"3P"	"2"	"2s2.2p.(2P*<3/2>).8d"	"2[7/2]*"	"3"		"T7333"	""	
"112.2266"	"0.0015"	"112.22597"	"0.00004"	"230000*"	"1.4e+06"	C+	"43.4134567"	"89149.35"	"2s2.2p2"	"3P"	"2"	"2s2.2p.(2P*<3/2>).9s"	"2[3/2]*"	"1"		"T7333"	"L5455"	
"112.2266"	"0.0015"	"112.2265"	"0.0021"	"230000*"	""		"16.4167130"	"89121.9"	"2s2.2p2"	"3P"	"1"	"2s2.2p.(2P*<3/2>).9s"	"2[3/2]*"	"2"		""	"L5455"	
"112.2339"	"0.0015"	"112.23267"	"0.00023"	"430000bl"	"1.06e+07"	B	"43.4134567"	"89144.03"	"2s2.2p2"	"3P"	"2"	"2s2.2p.(2P*<3/2>).8d"	"2[5/2]*"	"3"		"T7333"	"L5455"	
"112.2344"	""	"112.23437"	"0.00004"	"bl:"	"3.4e+05"	C	"43.4134567"	"89142.68"	"2s2.2p2"	"3P"	"2"	"2s2.2p.(2P*<3/2>).8d"	"2[5/2]*"	"2"		"T7333"	"L5455"	
"112.2443"	"0.0005"	"112.24447"	"0.00015"	"230000"	"9.0e+06"	C+	"0.0000000"	"89091.25"	"2s2.2p2"	"3P"	"0"	"2s2.2p.(2P*<1/2>).8d"	"2[3/2]*"	"1"		"T7333"	"L5455"	
"112.2506"	"0.0015"	"112.25185"	"0.00005"	"140000p"	"2.0e+06"	C+	"0.0000000"	"89085.39"	"2s2.2p2"	"3P"	"0"	"2s2.2p.(2P*<1/2>).9s"	"2[1/2]*"	"1"		"T7333"	"L5455"	
"112.2652"	"0.0005"	"112.26516"	"0.00015"	"190000"	"2.7e+06"	C+	"16.4167130"	"89091.25"	"2s2.2p2"	"3P"	"1"	"2s2.2p.(2P*<1/2>).8d"	"2[3/2]*"	"1"		"T7333"	"L5455"	
"112.2777"	"0.0015"	"112.27254"	"0.00005"	"280000bl*"	"4.0e+05"	C	"16.4167130"	"89085.39"	"2s2.2p2"	"3P"	"1"	"2s2.2p.(2P*<1/2>).9s"	"2[1/2]*"	"1"		"T7333"	"L5455"	
"112.2777"	"0.0015"	"112.27727"	"0.00006"	"280000bl*"	"3.8e+06"	C+	"16.4167130"	"89081.64"	"2s2.2p2"	"3P"	"1"	"2s2.2p.(2P*<1/2>).9s"	"2[1/2]*"	"0"		"T7333"	"L5455"	
"112.2777"	"0.0015"	"112.278"	"0.003"	"280000bl*"	"7.3e+06"	C+	"16.4167130"	"89081.3"	"2s2.2p2"	"3P"	"1"	"2s2.2p.(2P*<1/2>).8d"	"2[3/2]*"	"2"		"T7333"	"L5455"	
"112.2990"	"0.0020"	"112.29919"	"0.00015"	"280000bl*"	"4.1e+03"	D	"43.4134567"	"89091.25"	"2s2.2p2"	"3P"	"2"	"2s2.2p.(2P*<1/2>).8d"	"2[3/2]*"	"1"		"T7333"	"L8445"	
"112.3101"	"0.0015"	"112.30658"	"0.00005"	"280000bl*"	"1.27e+06"	C+	"43.4134567"	"89085.39"	"2s2.2p2"	"3P"	"2"	"2s2.2p.(2P*<1/2>).9s"	"2[1/2]*"	"1"		"T7333"	"L5455"	
"112.3101"	"0.0015"	"112.31091"	"0.00024"	"280000bl*"	"3.6e+06"	C+	"43.4134567"	"89081.96"	"2s2.2p2"	"3P"	"2"	"2s2.2p.(2P*<1/2>).8d"	"2[5/2]*"	"3"		"T7333"	"L5455"	
"112.3101"	"0.0015"	"112.31191"	"0.00005"	"280000bl*"	"3.8e+05"	C	"16.4167130"	"89054.17"	"2s2.2p2"	"3P"	"1"	"2s2.2p.(2P*<1/2>).8d"	"2[5/2]*"	"2"		"T7333"	"L5455"	
""	""	"112.312"	"0.003"	""	"5.e+00"	E	"43.4134567"	"89081.3"	"2s2.2p2"	"3P"	"2"	"2s2.2p.(2P*<1/2>).8d"	"2[3/2]*"	"2"		"T7333"	""	
"112.3467"	"0.0005"	"112.34597"	"0.00005"	"79000"	"3.8e+05"	C	"43.4134567"	"89054.17"	"2s2.2p2"	"3P"	"2"	"2s2.2p.(2P*<1/2>).8d"	"2[5/2]*"	"2"		"T7333"	"L5455"	
"112.8067"	"0.0005"	"112.80710"	"0.00020"	"270000"	"2.4e+06"	C+	"0.0000000"	"88646.9"	"2s2.2p2"	"3P"	"0"	"2s2.2p.(2P*<3/2>).7d"	"2[1/2]*"	"1"		"T7333"	"L5455"	
""	""	"112.81717"	"0.00004"	""	"1.8e+06"	C+	"0.0000000"	"88638.99"	"2s2.2p2"	"3P"	"0"	"2s2.2p.(2P*<3/2>).7d"	"2[3/2]*"	"1"		"T7333"	""	
"112.8261"	"0.0015"	"112.8261"	"0.0022"	"330000bl*"	"1.55e+07"	B	"16.4167130"	"88648.4"	"2s2.2p2"	"3P"	"1"	"2s2.2p.(2P*<3/2>).7d"	"2[1/2]*"	"0"		"T7333"	"L5455"	
"112.8261"	"0.0015"	"112.82800"	"0.00020"	"330000bl*"	"5.0e+06"	C+	"16.4167130"	"88646.9"	"2s2.2p2"	"3P"	"1"	"2s2.2p.(2P*<3/2>).7d"	"2[1/2]*"	"1"		"T7333"	"L5455"	
"112.8376"	"0.0005"	"112.8379"	"0.0005"	"180000p*"	"7.e+04"	D	"16.4167130"	"88639.1"	"2s2.2p2"	"3P"	"1"	"2s2.2p.(2P*<3/2>).7d"	"2[3/2]*"	"2"		"T7333"	"L5455"	
"112.8376"	"0.0005"	"112.83807"	"0.00004"	"180000p*"	"9.6e+05"	C	"16.4167130"	"88638.99"	"2s2.2p2"	"3P"	"1"	"2s2.2p.(2P*<3/2>).7d"	"2[3/2]*"	"1"		"T7333"	"L5455"	
"112.8501"	"0.0015"	"112.84769"	"0.00004"	"42000"	"6.0e+05"	C	"0.0000000"	"88615.02"	"2s2.2p2"	"3P"	"0"	"2s2.2p.(2P*<3/2>).8s"	"2[3/2]*"	"1"		"T7333"	"L5455"	
"112.860"	"0.010"	"112.86238"	"0.00020"	""	"5.8e+06"	C+	"43.4134567"	"88646.9"	"2s2.2p2"	"3P"	"2"	"2s2.2p.(2P*<3/2>).7d"	"2[1/2]*"	"1"		"T7333"	"L5455"	
"112.8689"	"0.0015"	"112.86860"	"0.00005"	"160000bl"	"4.8e+06"	C+	"16.4167130"	"88615.02"	"2s2.2p2"	"3P"	"1"	"2s2.2p.(2P*<3/2>).8s"	"2[3/2]*"	"1"		"T7333"	"L5455"	
"112.8727"	"0.0005"	"112.8723"	"0.0005"	"470000*"	"1.02e+07"	B	"43.4134567"	"88639.1"	"2s2.2p2"	"3P"	"2"	"2s2.2p.(2P*<3/2>).7d"	"2[3/2]*"	"2"		"T7333"	"L5455"	
"112.8727"	"0.0005"	"112.87245"	"0.00004"	"470000*"	"2.4e+04"	D	"43.4134567"	"88638.99"	"2s2.2p2"	"3P"	"2"	"2s2.2p.(2P*<3/2>).7d"	"2[3/2]*"	"1"		"T7333"	"L5455"	
"112.8824"	"0.0015"	"112.88167"	"0.00003"	"240000p"	"1.61e+07"	B	"16.4167130"	"88604.76"	"2s2.2p2"	"3P"	"1"	"2s2.2p.(2P*<3/2>).7d"	"2[5/2]*"	"2"		"T7333"	"L5455"	
"112.8903"	"0.0005"	"112.89025"	"0.00005"	"180000"	"4.0e+06"	C	"43.4134567"	"88625.02"	"2s2.2p2"	"3P"	"2"	"2s2.2p.(2P*<3/2>).7d"	"2[7/2]*"	"3"		"T7333"	"L5455"	
"112.9030"	"0.0010"	"112.90300"	"0.00005"	"450000bl*"	"1.8e+06"	C+	"43.4134567"	"88615.02"	"2s2.2p2"	"3P"	"2"	"2s2.2p.(2P*<3/2>).8s"	"2[3/2]*"	"1"		"T7333"	"L12670"	
"112.9080"	"0.0020"	"112.90777"	"0.00004"	"450000bl*"	"9.9e+05"	C	"16.4167130"	"88584.28"	"2s2.2p2"	"3P"	"1"	"2s2.2p.(2P*<3/2>).8s"	"2[3/2]*"	"2"		"T7333"	"L5455"	
"112.9138"	"0.0015"	"112.91409"	"0.00023"	"620000p"	"1.70e+07"	B	"43.4134567"	"88606.32"	"2s2.2p2"	"3P"	"2"	"2s2.2p.(2P*<3/2>).7d"	"2[5/2]*"	"3"		"T7333"	"L5455"	
"112.9180"	"0.0015"	"112.91608"	"0.00003"	"250000bl*"	"5.0e+05"	C	"43.4134567"	"88604.76"	"2s2.2p2"	"3P"	"2"	"2s2.2p.(2P*<3/2>).7d"	"2[5/2]*"	"2"		"T7333"	"L5455"	
"112.9180"	"0.0015"	"112.91956"	"0.00017"	"250000bl*"	"1.35e+07"	B	"0.0000000"	"88558.62"	"2s2.2p2"	"3P"	"0"	"2s2.2p.(2P*<1/2>).7d"	"2[3/2]*"	"1"		"T7333"	"L5455"	
"112.9310"	"0.0010"	"112.931702"	"0.000022"	"220000p"	"3.5e+06"	C+	"0.0000000"	"88549.095"	"2s2.2p2"	"3P"	"0"	"2s2.2p.(2P*<1/2>).8s"	"2[1/2]*"	"1"		"T7333"	"L5455"	
"112.9404"	"0.0010"	"112.94049"	"0.00017"	"210000p*"	"4.9e+06"	C+	"16.4167130"	"88558.62"	"2s2.2p2"	"3P"	"1"	"2s2.2p.(2P*<1/2>).7d"	"2[3/2]*"	"1"		"T7333"	"L5455"	
"112.9404"	"0.0010"	"112.94220"	"0.00004"	"210000p*"	"1.19e+07"	B	"43.4134567"	"88584.28"	"2s2.2p2"	"3P"	"2"	"2s2.2p.(2P*<3/2>).8s"	"2[3/2]*"	"2"		"T7333"	"L5455c153"	
""	""	"112.952643"	"0.000022"	""	"7.2e+05"	C	"16.4167130"	"88549.095"	"2s2.2p2"	"3P"	"1"	"2s2.2p.(2P*<1/2>).8s"	"2[1/2]*"	"1"		"T7333"	""	
"112.9598"	"0.0015"	"112.95942"	"0.00004"	"330000bl*"	"6.4e+06"	C+	"16.4167130"	"88543.78"	"2s2.2p2"	"3P"	"1"	"2s2.2p.(2P*<1/2>).8s"	"2[1/2]*"	"0"		"T7333"	"L5455"	
"112.9598"	"0.0015"	"112.9598"	"0.0022"	"330000bl*"	"7.3e+06"	C+	"16.4167130"	"88543.5"	"2s2.2p2"	"3P"	"1"	"2s2.2p.(2P*<1/2>).7d"	"2[3/2]*"	"2"		"T7333"	"L5455"	
""	""	"112.97494"	"0.00017"	""	"5.e+03"	D	"43.4134567"	"88558.62"	"2s2.2p2"	"3P"	"2"	"2s2.2p.(2P*<1/2>).7d"	"2[3/2]*"	"1"		"T7333"	""	
"112.9906"	"0.0015"	"112.987097"	"0.000022"	"330000bl*"	"2.2e+06"	C+	"43.4134567"	"88549.095"	"2s2.2p2"	"3P"	"2"	"2s2.2p.(2P*<1/2>).8s"	"2[1/2]*"	"1"		"T7333"	"L5455"	
"112.9906"	"0.0015"	"112.99230"	"0.00023"	"330000bl*"	"4.8e+06"	C+	"43.4134567"	"88545.02"	"2s2.2p2"	"3P"	"2"	"2s2.2p.(2P*<1/2>).7d"	"2[5/2]*"	"3"		"T7333"	"L5455"	
""	""	"112.9942"	"0.0022"	""	"5.e+04"	D	"43.4134567"	"88543.5"	"2s2.2p2"	"3P"	"2"	"2s2.2p.(2P*<1/2>).7d"	"2[3/2]*"	"2"		"T7333"	""	
"113.0162"	"0.0005"	"113.01706"	"0.00004"	"90000"	"4.8e+05"	C	"16.4167130"	"88498.63"	"2s2.2p2"	"3P"	"1"	"2s2.2p.(2P*<1/2>).7d"	"2[5/2]*"	"2"		"T7333"	"L5455"	
"113.0506"	"0.0005"	"113.05156"	"0.00004"	"60000"	"3.0e+05"	C	"43.4134567"	"88498.63"	"2s2.2p2"	"3P"	"2"	"2s2.2p.(2P*<1/2>).7d"	"2[5/2]*"	"2"		"T7333"	"L5455"	
"113.8382"	"0.0005"	"113.83826"	"0.00004"	"210000"	"4.1e+06"	C+	"0.0000000"	"87843.93"	"2s2.2p2"	"3P"	"0"	"2s2.2p.6d"	"3P*"	"1"		"T7333"	"L5455"	
""	""	"113.856080"	"0.000025"	""	"1.7e+06"	C+	"0.0000000"	"87830.18"	"2s2.2p2"	"3P"	"0"	"2s2.2p.6d"	"1P*"	"1"		"T7333"	""	
"113.8580"	"0.0015"	"113.8580"	"0.0021"	"480000bl*"	"2.31e+07"	B	"16.4167130"	"87845.1"	"2s2.2p2"	"3P"	"1"	"2s2.2p.6d"	"3P*"	"0"		"T7333"	"L5455"	
"113.8580"	"0.0015"	"113.85954"	"0.00004"	"480000bl*"	"7.3e+06"	C+	"16.4167130"	"87843.93"	"2s2.2p2"	"3P"	"1"	"2s2.2p.6d"	"3P*"	"1"		"T7333"	"L5455"	
"113.8768"	"0.0015"	"113.874269"	"0.000025"	"220000*"	"1.9e+05"	C	"16.4167130"	"87832.568"	"2s2.2p2"	"3P"	"1"	"2s2.2p.6d"	"3P*"	"2"		"T7333"	"L5455"	
"113.8768"	"0.0015"	"113.877365"	"0.000025"	"220000*"	"9.9e+05"	C	"16.4167130"	"87830.18"	"2s2.2p2"	"3P"	"1"	"2s2.2p.6d"	"1P*"	"1"		"T7333"	"L5455"	
"113.8946"	"0.0005"	"113.89455"	"0.00004"	"170000"	"9.0e+06"	C+	"43.4134567"	"87843.93"	"2s2.2p2"	"3P"	"2"	"2s2.2p.6d"	"3P*"	"1"		"T7333"	"L5455"	
"113.9086"	""	"113.908649"	"0.000021"	"bl:"	"9.3e+05"	C	"0.0000000"	"87789.646"	"2s2.2p2"	"3P"	"0"	"2s2.2p.7s"	"1P*"	"1"		"T7333"	"L5455"	
"113.9092"	"0.0015"	"113.909287"	"0.000025"	"420000bl"	"1.60e+07"	B	"43.4134567"	"87832.568"	"2s2.2p2"	"3P"	"2"	"2s2.2p.6d"	"3P*"	"2"		"T7333"	"L5455"	
""	""	"113.912386"	"0.000025"	""	"3.6e+04"	D	"43.4134567"	"87830.18"	"2s2.2p2"	"3P"	"2"	"2s2.2p.6d"	"1P*"	"1"		"T7333"	""	
"113.9301"	"0.0005"	"113.929954"	"0.000021"	"180000"	"6.2e+06"	C+	"16.4167130"	"87789.646"	"2s2.2p2"	"3P"	"1"	"2s2.2p.7s"	"1P*"	"1"		"T7333"	"L5455"	
"113.9416"	"0.0005"	"113.94254"	"0.00004"	"220000p"	"4.3e+06"	C+	"43.4134567"	"87806.95"	"2s2.2p2"	"3P"	"2"	"2s2.2p.6d"	"1F*"	"3"		"T7333"	"L5455"	
"113.9525"	"0.0015"	"113.95142"	"0.00003"	"180000p"	"2.7e+07"	B	"16.4167130"	"87773.113"	"2s2.2p2"	"3P"	"1"	"2s2.2p.6d"	"3D*"	"2"		"T7333"	"L5455"	
"113.9656"	"0.0005"	"113.965007"	"0.000021"	"200000"	"2.3e+06"	C+	"43.4134567"	"87789.646"	"2s2.2p2"	"3P"	"2"	"2s2.2p.7s"	"1P*"	"1"		"T7333"	"L5455"	
"113.9792"	"0.0015"	"113.97655"	"0.00003"	"770000bl*"	"4.6e+06"	C+	"16.4167130"	"87753.763"	"2s2.2p2"	"3P"	"1"	"2s2.2p.7s"	"3P*"	"2"		"T7333"	"L5455"	
"113.9792"	"0.0015"	"113.97917"	"0.00017"	"770000bl*"	"2.11e+07"	B	"0.0000000"	"87735.33"	"2s2.2p2"	"3P"	"0"	"2s2.2p.6d"	"3D*"	"1"		"T7333"	"L5455"	
"113.9818"	"0.0004"	"113.98120"	"0.00004"	"930000"	"3.0e+07"	B	"43.4134567"	"87777.18"	"2s2.2p2"	"3P"	"2"	"2s2.2p.6d"	"3D*"	"3"		"T7333"	"L3731"	
"113.9854"	"0.0015"	"113.98648"	"0.00003"	"340000p"	"1.30e+06"	C+	"43.4134567"	"87773.113"	"2s2.2p2"	"3P"	"2"	"2s2.2p.6d"	"3D*"	"2"		"T7333"	"L5455"	
"114.0011"	"0.0015"	"114.00050"	"0.00017"	"290000bl*"	"9.5e+06"	C+	"16.4167130"	"87735.33"	"2s2.2p2"	"3P"	"1"	"2s2.2p.6d"	"3D*"	"1"		"T7333"	"L5455"	
"114.0011"	"0.0015"	"114.000930"	"0.000019"	"290000bl*"	"6.1e+06"	C+	"0.0000000"	"87718.583"	"2s2.2p2"	"3P"	"0"	"2s2.2p.7s"	"3P*"	"1"		"T7333"	"L5455"	
"114.0105"	"0.0015"	"114.01163"	"0.00003"	"89000p"	"1.84e+07"	B	"43.4134567"	"87753.763"	"2s2.2p2"	"3P"	"2"	"2s2.2p.7s"	"3P*"	"2"		"T7333"	"L5455"	
"114.0241"	"0.0015"	"114.022269"	"0.000020"	"130000"	"1.5e+06"	C+	"16.4167130"	"87718.583"	"2s2.2p2"	"3P"	"1"	"2s2.2p.7s"	"3P*"	"1"		"T7333"	"L5455"	
"114.0350"	"0.0015"	"114.03162"	"0.00003"	"390000bl*"	"1.15e+07"	B	"16.4167130"	"87711.39"	"2s2.2p2"	"3P"	"1"	"2s2.2p.7s"	"3P*"	"0"		"T7333"	"L5455"	
"114.0350"	"0.0015"	"114.03560"	"0.00017"	"390000bl*"	"1.1e+05"	C	"43.4134567"	"87735.33"	"2s2.2p2"	"3P"	"2"	"2s2.2p.6d"	"3D*"	"1"		"T7333"	"L5455"	
"114.0350"	"0.0015"	"114.03574"	"0.00007"	"390000bl*"	"6.4e+06"	C+	"16.4167130"	"87708.22"	"2s2.2p2"	"3P"	"1"	"2s2.2p.6d"	"3F*"	"2"		"T7333"	"L5455"	
"114.0622"	"0.0015"	"114.057379"	"0.000020"	"430000bl*"	"4.2e+06"	C+	"43.4134567"	"87718.583"	"2s2.2p2"	"3P"	"2"	"2s2.2p.7s"	"3P*"	"1"		"T7333"	"L5455"	
"114.0622"	"0.0015"	"114.06410"	"0.00005"	"430000bl*"	"6.3e+06"	C+	"43.4134567"	"87713.42"	"2s2.2p2"	"3P"	"2"	"2s2.2p.6d"	"3F*"	"3"		"T7333"	"L5455"	
"114.0732"	"0.0015"	"114.07086"	"0.00007"	"140000"	"2.0e+05"	C	"43.4134567"	"87708.22"	"2s2.2p2"	"3P"	"2"	"2s2.2p.6d"	"3F*"	"2"		"T7333"	"L5455"	
"114.1322"	"0.0005"	"114.13264"	"0.00004"	"160000"	"4.5e+05"	C	"16.4167130"	"87633.77"	"2s2.2p2"	"3P"	"1"	"2s2.2p.6d"	"1D*"	"2"		"T7333"	"L5455"	
"114.1677"	"0.0005"	"114.16782"	"0.00004"	"79000"	"2.0e+05"	C	"43.4134567"	"87633.77"	"2s2.2p2"	"3P"	"2"	"2s2.2p.6d"	"1D*"	"2"		"T7333"	"L5455"	
"115.5805"	"0.0005"	"115.580873"	"0.000019"	"310000"	"8.2e+06"	C+	"0.0000000"	"86519.506"	"2s2.2p2"	"3P"	"0"	"2s2.2p.5d"	"3P*"	"1"		"T7333"	"L5455"	
"115.5993"	"0.0015"	"115.59788"	"0.00003"	"780000bl*"	"3.7e+07"	B	"16.4167130"	"86523.19"	"2s2.2p2"	"3P"	"1"	"2s2.2p.5d"	"3P*"	"0"		"T7333"	"L5455"	
"115.5993"	"0.0015"	"115.602808"	"0.000019"	"780000bl*"	"1.14e+07"	B	"16.4167130"	"86519.506"	"2s2.2p2"	"3P"	"1"	"2s2.2p.5d"	"3P*"	"1"		"T7333"	"L5455"	
"115.6186"	"0.0015"	"115.618377"	"0.000017"	"440000*"	"1.35e+06"	C+	"0.0000000"	"86491.441"	"2s2.2p2"	"3P"	"0"	"2s2.2p.5d"	"1P*"	"1"		"T7333"	"L5455"	
"115.6186"	"0.0015"	"115.619906"	"0.000003"	"440000*"	"2.4e+06"	C+	"16.4167130"	"86506.7138"	"2s2.2p2"	"3P"	"1"	"2s2.2p.5d"	"3P*"	"2"		"T7333"	"L5455"	
"115.6384"	"0.0005"	"115.638897"	"0.000019"	"420000"	"1.51e+07"	B	"43.4134567"	"86519.506"	"2s2.2p2"	"3P"	"2"	"2s2.2p.5d"	"3P*"	"1"		"T7333"	"L5455"	
""	""	"115.640326"	"0.000017"	""	"8.1e+05"	C	"16.4167130"	"86491.441"	"2s2.2p2"	"3P"	"1"	"2s2.2p.5d"	"1P*"	"1"		"T7333"	""	
"115.6561"	"0.0004"	"115.656006"	"0.000003"	"560000"	"2.7e+07"	B	"43.4134567"	"86506.7138"	"2s2.2p2"	"3P"	"2"	"2s2.2p.5d"	"3P*"	"2"		"T7333"	"L3731"	
"115.6760"	"0.0010"	"115.676439"	"0.000019"	"24000"	"3.3e+04"	D	"43.4134567"	"86491.441"	"2s2.2p2"	"3P"	"2"	"2s2.2p.5d"	"1P*"	"1"		"T7333"	"L12670"	
"115.7167"	"0.0015"	"115.718541"	"0.000023"	"200000"	"1.5e+06"	C+	"0.0000000"	"86416.575"	"2s2.2p2"	"3P"	"0"	"2s2.2p.6s"	"1P*"	"1"		"T7333"	"L5455"	
"115.7330"	"0.0005"	"115.73298"	"0.00003"	"430000"	"4.0e+06"	C+	"43.4134567"	"86449.208"	"2s2.2p2"	"3P"	"2"	"2s2.2p.5d"	"1F*"	"3"		"T7333"	"L5455"	
"115.7397"	"0.0015"	"115.740529"	"0.000023"	"480000"	"7.5e+06"	C+	"16.4167130"	"86416.575"	"2s2.2p2"	"3P"	"1"	"2s2.2p.6s"	"1P*"	"1"		"T7333"	"L5455"	
"115.7767"	""	"115.776704"	"0.000023"	"bl:"	"2.5e+06"	C+	"43.4134567"	"86416.575"	"2s2.2p2"	"3P"	"2"	"2s2.2p.6s"	"1P*"	"1"		"T7333"	"L3731"	
"115.7771"	"0.0008"	"115.776910"	"0.000023"	"590000bl"	"2.62e+07"	B+	"16.4167130"	"86389.425"	"2s2.2p2"	"3P"	"1"	"2s2.2p.5d"	"3D*"	"2"		"T7333"	"L3731"	
"115.7909"	"0.0005"	"115.79094"	"0.00004"	"1300000"	"3.52e+07"	B+	"0.0000000"	"86362.54"	"2s2.2p2"	"3P"	"0"	"2s2.2p.5d"	"3D*"	"1"		"T7333"	"L5455"	
"115.8030"	"0.0008"	"115.80184"	"0.00005"	"1900000bl*"	"5.6e+07"	B+	"43.4134567"	"86397.83"	"2s2.2p2"	"3P"	"2"	"2s2.2p.5d"	"3D*"	"3"		"T7333"	"L3731"	
"115.8030"	"0.0008"	"115.803461"	"0.000023"	"1900000bl*"	"3.1e+07"	B	"16.4167130"	"86369.622"	"2s2.2p2"	"3P"	"1"	"2s2.2p.6s"	"3P*"	"2"		"T7333"	"L3731"	
"115.8108"	"0.0015"	"115.81296"	"0.00004"	"1100000bl*"	"1.98e+07"	B+	"16.4167130"	"86362.54"	"2s2.2p2"	"3P"	"1"	"2s2.2p.5d"	"3D*"	"1"		"T7333"	"L5455"	
"115.8108"	"0.0015"	"115.813108"	"0.000023"	"1100000bl*"	"2.58e+07"	B+	"43.4134567"	"86389.425"	"2s2.2p2"	"3P"	"2"	"2s2.2p.5d"	"3D*"	"2"		"T7333"	"L5455"	
"115.8332"	"0.0015"	"115.832373"	"0.000015"	"530000"	"1.09e+07"	B	"0.0000000"	"86331.651"	"2s2.2p2"	"3P"	"0"	"2s2.2p.6s"	"3P*"	"1"		"T7333"	"L5455"	
"115.8400"	"0.0015"	"115.839676"	"0.000023"	"480000p"	"8.2e+06"	C+	"43.4134567"	"86369.622"	"2s2.2p2"	"3P"	"2"	"2s2.2p.6s"	"3P*"	"2"		"T7333"	"L5455"	
"115.8536"	"0.0015"	"115.84918"	"0.00004"	"230000bl*"	"6.3e+05"	C	"43.4134567"	"86362.54"	"2s2.2p2"	"3P"	"2"	"2s2.2p.5d"	"3D*"	"1"		"T7333"	"L5455"	
"115.8536"	"0.0015"	"115.854404"	"0.000015"	"230000bl*"	"3.4e+06"	C+	"16.4167130"	"86331.651"	"2s2.2p2"	"3P"	"1"	"2s2.2p.6s"	"3P*"	"1"		"T7333"	"L5455"	
"115.8698"	"0.0015"	"115.86740"	"0.00003"	"560000bl*"	"2.19e+07"	B	"16.4167130"	"86321.97"	"2s2.2p2"	"3P"	"1"	"2s2.2p.6s"	"3P*"	"0"		"T7333"	"L5455"	
"115.8698"	"0.0015"	"115.87315"	"0.00004"	"560000bl*"	"5.1e+06"	C+	"16.4167130"	"86317.69"	"2s2.2p2"	"3P"	"1"	"2s2.2p.5d"	"3F*"	"2"		"T7333"	"L5455"	
"115.8933"	"0.0015"	"115.890651"	"0.000015"	"250000bl"	"8.4e+06"	C+	"43.4134567"	"86331.651"	"2s2.2p2"	"3P"	"2"	"2s2.2p.6s"	"3P*"	"1"		"T7333"	"L5455"	
"115.8955"	"0.0004"	"115.896647"	"0.000003"	"640000"	"7.2e+06"	C+	"43.4134567"	"86327.1863"	"2s2.2p2"	"3P"	"2"	"2s2.2p.5d"	"3F*"	"3"		"T7333"	"L3731"	
"115.9110"	"0.0015"	"115.90940"	"0.00004"	"190000"	"3.6e+05"	C	"43.4134567"	"86317.69"	"2s2.2p2"	"3P"	"2"	"2s2.2p.5d"	"3F*"	"2"		"T7333"	"L5455"	
"116.0505"	"0.0005"	"116.0512632"	"0.0000020"	"210000"	"3.3e+05"	C	"16.4167130"	"86185.2332"	"2s2.2p2"	"3P"	"1"	"2s2.2p.5d"	"1D*"	"2"		"T7333"	"L5455"	
"116.0881"	"0.0005"	"116.0876335"	"0.0000020"	"110000"	"1.2e+05"	C	"43.4134567"	"86185.2332"	"2s2.2p2"	"3P"	"2"	"2s2.2p.5d"	"1D*"	"2"		"T7333"	"L5455"	
"118.8835"	"0.0003"	"118.8832839"	"0.0000020"	"930000"	"1.95e+07"	B	"0.0000000"	"84116.1152"	"2s2.2p2"	"3P"	"0"	"2s2.2p.4d"	"3P*"	"1"		"T7333"	"L7000"	
"118.8995"	"0.0003"	"118.899265"	"0.000003"	"1100000"	"7.2e+07"	B	"16.4167130"	"84121.2260"	"2s2.2p2"	"3P"	"1"	"2s2.2p.4d"	"3P*"	"0"		"T7333"	"L7000"	
"118.9060"	"0.0003"	"118.9064905"	"0.0000020"	"1700000"	"2.01e+07"	B	"16.4167130"	"84116.1152"	"2s2.2p2"	"3P"	"1"	"2s2.2p.4d"	"3P*"	"1"		"T7333"	"L7000"	
"118.9248"	"0.0004"	"118.9248616"	"0.0000020"	"970000"	"1.09e+07"	B	"16.4167130"	"84103.1238"	"2s2.2p2"	"3P"	"1"	"2s2.2p.4d"	"3P*"	"2"		"T7333"	"L3731"	
"118.9445"	"0.0003"	"118.9446728"	"0.0000020"	"1400000"	"3.0e+07"	B	"43.4134567"	"84116.1152"	"2s2.2p2"	"3P"	"2"	"2s2.2p.4d"	"3P*"	"1"		"T7333"	"L7000"	
"118.9630"	"0.0003"	"118.9630557"	"0.0000020"	"1600000"	"5.3e+07"	B	"43.4134567"	"84103.1238"	"2s2.2p2"	"3P"	"2"	"2s2.2p.4d"	"3P*"	"2"		"T7333"	"L7000"	
"119.0020"	"0.0010"	"119.0020765"	"0.0000020"	"280000"	"9.1e+05"	C+	"0.0000000"	"84032.1471"	"2s2.2p2"	"3P"	"0"	"2s2.2p.4d"	"1P*"	"1"		"T7333"	"L7000"	
"119.0244"	"0.0004"	"119.0253296"	"0.0000020"	"800000"	"4.8e+05"	C+	"16.4167130"	"84032.1471"	"2s2.2p2"	"3P"	"1"	"2s2.2p.4d"	"1P*"	"1"		"T7333"	"L3731"	
""	""	"119.0635882"	"0.0000020"	""	"1.3e+04"	C	"43.4134567"	"84032.1471"	"2s2.2p2"	"3P"	"2"	"2s2.2p.4d"	"1P*"	"1"		"T7333"	""	
"119.1834"	"0.0003"	"119.1840995"	"0.0000020"	"860000"	"2.9e+06"	C+	"43.4134567"	"83947.2231"	"2s2.2p2"	"3P"	"2"	"2s2.2p.4d"	"1F*"	"3"		"T7333"	"L7000"	
"119.2218"	"0.0003"	"119.221761"	"0.000007"	"680000"	"2.2e+06"	C	"0.0000000"	"83877.305"	"2s2.2p2"	"3P"	"0"	"2s2.2p.5s"	"1P*"	"1"		"T7333"	"L7000"	
"119.2449"	"0.0003"	"119.245100"	"0.000007"	"1100000"	"7.6e+06"	C	"16.4167130"	"83877.305"	"2s2.2p2"	"3P"	"1"	"2s2.2p.5s"	"1P*"	"1"		"T7333"	"L7000"	
"119.2833"	"0.0003"	"119.283500"	"0.000007"	"780000"	"2.19e+06"	B	"43.4134567"	"83877.305"	"2s2.2p2"	"3P"	"2"	"2s2.2p.5s"	"1P*"	"1"		"T7333"	"L7000"	
"119.3020"	"0.0008"	"119.3009118"	"0.0000020"	"4100000bl*"	"7.9e+07"	B+	"16.4167130"	"83838.0728"	"2s2.2p2"	"3P"	"1"	"2s2.2p.4d"	"3D*"	"2"		"T7333"	"L3731"	
"119.3020"	"0.0008"	"119.3030446"	"0.0000021"	"4100000bl*"	"6.4e+07"	B+	"0.0000000"	"83820.1576"	"2s2.2p2"	"3P"	"0"	"2s2.2p.4d"	"3D*"	"1"		"T7333"	"L3731"	
"119.3230"	"0.0010"	"119.3239726"	"0.0000019"	"17000000"	"1.11e+08"	B+	"43.4134567"	"83848.8700"	"2s2.2p2"	"3P"	"2"	"2s2.2p.4d"	"3D*"	"3"		"T7333"	"L7000"	
"119.3249"	"0.0014"	"119.3264154"	"0.0000021"	"16000000bl"	"4.3e+07"	B+	"16.4167130"	"83820.1576"	"2s2.2p2"	"3P"	"1"	"2s2.2p.4d"	"3D*"	"1"		"T7333"	"L5455"	
"119.3380"	"0.0014"	"119.3393479"	"0.0000020"	"2000000"	"3.46e+07"	B+	"43.4134567"	"83838.0728"	"2s2.2p2"	"3P"	"2"	"2s2.2p.4d"	"3D*"	"2"		"T7333"	"L5455"	
"119.3649"	""	"119.3648679"	"0.0000021"	"bl:"	"2.25e+06"	B+	"43.4134567"	"83820.1576"	"2s2.2p2"	"3P"	"2"	"2s2.2p.4d"	"3D*"	"1"		"T7333"	"L3731"	
"119.3668"	"0.0008"	"119.3678214"	"0.0000019"	"2100000bl"	"2.54e+07"	A	"16.4167130"	"83791.0880"	"2s2.2p2"	"3P"	"1"	"2s2.2p.5s"	"3P*"	"2"		"T7333"	"L3731"	
"119.4028"	"0.0014"	"119.3995082"	"0.0000020"	"730000bl"	"1.94e+07"	A	"0.0000000"	"83752.4388"	"2s2.2p2"	"3P"	"0"	"2s2.2p.5s"	"3P*"	"1"		"T7333"	"L5455"	
"119.4065"	"0.0003"	"119.4063006"	"0.0000019"	"3000000"	"2.98e+07"	B+	"43.4134567"	"83791.0880"	"2s2.2p2"	"3P"	"2"	"2s2.2p.5s"	"3P*"	"2"		"T7333"	"L7000"	
"119.4220"	"0.0010"	"119.4229168"	"0.0000020"	"1100000*"	"8.3e+06"	A	"16.4167130"	"83752.4388"	"2s2.2p2"	"3P"	"1"	"2s2.2p.5s"	"3P*"	"1"		"T7333"	"L7000"	
"119.4300"	"0.0010"	"119.4300572"	"0.0000019"	"1100000*"	"4.1e+06"	B+	"16.4167130"	"83747.43248"	"2s2.2p2"	"3P"	"1"	"2s2.2p.4d"	"3F*"	"2"		"T7333"	"L7000"	
"119.4404"	"0.0007"	"119.4405219"	"0.0000023"	"1700000p"	"4.40e+07"	A	"16.4167130"	"83740.0964"	"2s2.2p2"	"3P"	"1"	"2s2.2p.5s"	"3P*"	"0"		"T7333"	"L5455"	
"119.4486"	"0.0003"	"119.4488239"	"0.0000019"	"6700000bl"	"6.8e+06"	B+	"43.4134567"	"83761.27417"	"2s2.2p2"	"3P"	"2"	"2s2.2p.4d"	"3F*"	"3"		"T7333"	"L7000"	
"119.4616"	"0.0003"	"119.4614315"	"0.0000020"	"1600000"	"1.77e+07"	A	"43.4134567"	"83752.4388"	"2s2.2p2"	"3P"	"2"	"2s2.2p.5s"	"3P*"	"1"		"T7333"	"L7000"	
"119.4675"	"0.0014"	"119.4685765"	"0.0000019"	"700000p"	"3.43e+05"	B+	"43.4134567"	"83747.43248"	"2s2.2p2"	"3P"	"2"	"2s2.2p.4d"	"3F*"	"2"		"T7333"	"L5455"	
"119.7870"	"0.0003"	"119.7874919"	"0.0000019"	"260000"	"2.0e+05"	C	"16.4167130"	"83497.58690"	"2s2.2p2"	"3P"	"1"	"2s2.2p.4d"	"1D*"	"2"		"T7333"	"L7000"	
"119.8243"	"0.0014"	"119.8262422"	"0.0000019"	"170000"	"6.8e+04"	C	"43.4134567"	"83497.58690"	"2s2.2p2"	"3P"	"2"	"2s2.2p.4d"	"1D*"	"2"		"T7333"	"L5455"	
"124.1293"	"0.0004"	"124.1293"	"0.0005"	"26000"	""		"10192.657"	"90753.8"	"2s2.2p2"	"1D"	"2"	"2s2.2p.(2P*<3/2>).29d"	"2[7/2]*"	"3"		""	"L3731"	
"124.1446"	"0.0003"	"124.1446"	"0.0003"	"26000"	""		"10192.657"	"90743.88"	"2s2.2p2"	"1D"	"2"	"2s2.2p.(2P*<3/2>).28d"	"2[7/2]*"	"3"		""	"L7000"	
"124.1615"	"0.0003"	"124.1615"	"0.0003"	"26000"	""		"10192.657"	"90732.92"	"2s2.2p2"	"1D"	"2"	"2s2.2p.(2P*<3/2>).27d"	"2[7/2]*"	"3"		""	"L7000"	
"124.2239"	"0.0003"	"124.2239"	"0.0003"	"250000"	""		"10192.657"	"90692.46"	"2s2.2p2"	"1D"	"2"	"2s2.2p.(2P*<3/2>).24d"	"2[7/2]*"	"3"		""	"L7000"	
"124.3140"	"0.0020"	"124.3134"	"0.0011"	"180000bl"	"2.0e+06"	E	"10192.657"	"90634.5"	"2s2.2p2"	"1D"	"2"	"2s2.2p.(2P*<3/2>).21d"	"2[7/2]*"	"3"		"T9787"	"L3731"	
"124.3518"	"0.0004"	"124.3519"	"0.0005"	"210000"	"2.3e+06"	E	"10192.657"	"90609.6"	"2s2.2p2"	"1D"	"2"	"2s2.2p.(2P*<3/2>).20d"	"2[7/2]*"	"3"		"T9787"	"L3731"	
"124.3784"	"0.0003"	"124.3784"	"0.0003"	"87000"	""		"10192.657"	"90592.47"	"2s2.2p2"	"1D"	"2"	"2s2.2p.(2P*<1/2>).22d"	"2[5/2]*"	"3"		""	"L7000"	
"124.3997"	"0.0003"	"124.3998"	"0.0003"	"210000"	"2.8e+06"	E	"10192.657"	"90578.67"	"2s2.2p2"	"1D"	"2"	"2s2.2p.(2P*<3/2>).19d"	"2[7/2]*"	"3"		"T9787"	"L7000"	
"124.4127"	"0.0003"	"124.4127"	"0.0003"	"100000"	"9.e+05"	E	"10192.657"	"90570.30"	"2s2.2p2"	"1D"	"2"	"2s2.2p.(2P*<1/2>).21d"	"2[5/2]*"	"3"		"T9787"	"L7000"	
"124.4510"	"0.0010"	"124.4509"	"0.0009"	"31000bl"	"5.e+05"	E	"10192.657"	"90545.6"	"2s2.2p2"	"1D"	"2"	"2s2.2p.(2P*<1/2>).20d"	"2[5/2]*"	"3"		"T9787"	"L7000"	
"124.4540"	"0.0010"	"124.4536"	"0.0008"	"210000bl"	"3.7e+06"	E	"10192.657"	"90543.9"	"2s2.2p2"	"1D"	"2"	"2s2.2p.(2P*<3/2>).18d"	"2[7/2]*"	"3"		"T9787"	"L7000"	
"124.4996"	"0.0004"	"124.4996"	"0.0005"	"130000"	"2.0e+06"	E	"10192.657"	"90514.2"	"2s2.2p2"	"1D"	"2"	"2s2.2p.(2P*<1/2>).19d"	"2[5/2]*"	"3"		"T9787"	"L3731"	
"124.5174"	"0.0003"	"124.5174"	"0.0003"	"210000"	"3.3e+06"	E	"10192.657"	"90502.72"	"2s2.2p2"	"1D"	"2"	"2s2.2p.(2P*<3/2>).17d"	"2[7/2]*"	"3"		"T9787"	"L7000"	
"124.5532"	"0.0003"	"124.5532"	"0.0003"	"120000"	"1.7e+06"	E	"10192.657"	"90479.63"	"2s2.2p2"	"1D"	"2"	"2s2.2p.(2P*<1/2>).18d"	"2[5/2]*"	"3"		"T9787"	"L7000"	
"124.5943"	"0.0003"	"124.5943"	"0.0003"	"230000"	"5.e+06"	E	"10192.657"	"90453.15"	"2s2.2p2"	"1D"	"2"	"2s2.2p.(2P*<3/2>).16d"	"2[7/2]*"	"3"		"T9787"	"L7000"	
"124.6173"	"0.0003"	"124.6173"	"0.0003"	"120000"	"1.8e+06"	E	"10192.657"	"90438.32"	"2s2.2p2"	"1D"	"2"	"2s2.2p.(2P*<1/2>).17d"	"2[5/2]*"	"3"		"T9787"	"L7000"	
"124.6863"	"0.0003"	"124.6863"	"0.0003"	"400000"	"9.e+06"	E	"10192.657"	"90393.93"	"2s2.2p2"	"1D"	"2"	"2s2.2p.(2P*<3/2>).15d"	"2[7/2]*"	"3"		"T9787"	"L7000"	
"124.6940"	"0.0010"	"124.6940"	"0.0009"	"120000"	"1.6e+06"	E	"10192.657"	"90389.0"	"2s2.2p2"	"1D"	"2"	"2s2.2p.(2P*<1/2>).16d"	"2[5/2]*"	"3"		"T9787"	"L7000"	
"124.7862"	"0.0003"	"124.7863"	"0.0003"	"310000"	"1.5e+07"	E	"10192.657"	"90329.68"	"2s2.2p2"	"1D"	"2"	"2s2.2p.(2P*<1/2>).15d"	"2[5/2]*"	"3"		"T9787"	"L7000"	
"124.8003"	"0.0003"	"124.8003"	"0.0003"	"420000"	"4.e+06"	E	"10192.657"	"90320.66"	"2s2.2p2"	"1D"	"2"	"2s2.2p.(2P*<3/2>).14d"	"2[7/2]*"	"3"		"T9787"	"L7000"	
"124.9002"	"0.0003"	"124.9002"	"0.0003"	"230000"	"1.3e+07"	E	"10192.657"	"90256.58"	"2s2.2p2"	"1D"	"2"	"2s2.2p.(2P*<1/2>).14d"	"2[5/2]*"	"3"		"T9787"	"L7000"	
"124.9404"	"0.0003"	"124.9404"	"0.0003"	"630000"	"1.0e+08"	E	"10192.657"	"90230.83"	"2s2.2p2"	"1D"	"2"	"2s2.2p.(2P*<3/2>).13d"	"2[7/2]*"	"3"		"T9787"	"L7000"	
"125.0423"	"0.0004"	"125.0423"	"0.0005"	"580000p"	"5.e+07"	E	"10192.657"	"90165.6"	"2s2.2p2"	"1D"	"2"	"2s2.2p.(2P*<1/2>).13d"	"2[5/2]*"	"3"		"T9787"	"L3731"	
"125.1176"	"0.0004"	"125.1175"	"0.0005"	"1000000"	"1.4e+07"	E	"10192.657"	"90117.5"	"2s2.2p2"	"1D"	"2"	"2s2.2p.(2P*<3/2>).12d"	"2[7/2]*"	"3"		"T9787"	"L3731"	
"125.2209"	"0.0003"	"125.2209"	"0.0003"	"320000"	"8.e+06"	E	"10192.657"	"90051.53"	"2s2.2p2"	"1D"	"2"	"2s2.2p.(2P*<1/2>).12d"	"2[5/2]*"	"3"		"T9787"	"L7000"	
"125.3467"	"0.0003"	"125.3467"	"0.0003"	"1100000"	"1.3e+07"	E	"10192.657"	"89971.39"	"2s2.2p2"	"1D"	"2"	"2s2.2p.(2P*<3/2>).11d"	"2[7/2]*"	"3"		"T9787"	"L7000"	
"125.3539"	"0.0003"	"125.35407"	"0.00008"	""	""		"10192.657"	"89966.69"	"2s2.2p2"	"1D"	"2"	"2s2.2p.(2P*<3/2>).11d"	"2[5/2]*"	"2"		""	"L7000"	
"125.4510"	"0.0003"	"125.4510"	"0.0003"	"380000"	"6.e+06"	E	"10192.657"	"89905.05"	"2s2.2p2"	"1D"	"2"	"2s2.2p.(2P*<1/2>).11d"	"2[5/2]*"	"3"		"T9787"	"L7000"	
"125.6493"	"0.0006"	"125.6495"	"0.0005"	"1200000bl"	"1.5e+07"	E	"10192.657"	"89779.1"	"2s2.2p2"	"1D"	"2"	"2s2.2p.(2P*<3/2>).10d"	"2[7/2]*"	"3"		"T9787"	"L7000"	
"125.7565"	"0.0003"	"125.7565"	"0.0003"	"470000"	"6.e+06"	E	"10192.657"	"89711.40"	"2s2.2p2"	"1D"	"2"	"2s2.2p.(2P*<1/2>).10d"	"2[5/2]*"	"3"		"T9787"	"L7000"	
"126.0612"	"0.0003"	"126.06129"	"0.00006"	"1300000"	"1.8e+07"	E	"10192.657"	"89519.15"	"2s2.2p2"	"1D"	"2"	"2s2.2p.(2P*<3/2>).9d"	"2[7/2]*"	"3"		"T9787"	"L7000"	
"126.0736"	"0.0003"	"126.0735012"	"0.0000021"	"23000000"	"5.5e+07"	B	"0.0000000"	"79318.8093"	"2s2.2p2"	"3P"	"0"	"2s2.2p.3d"	"3P*"	"1"		"T7851"	"L7000"	
"126.0927"	"0.0003"	"126.0926375"	"0.0000022"	"21000000"	"1.76e+08"	B	"16.4167130"	"79323.1883"	"2s2.2p2"	"3P"	"1"	"2s2.2p.3d"	"3P*"	"0"		"T7851"	"L7000"	
"126.0996"	"0.0003"	"126.0996002"	"0.0000021"	"18000000"	"4.6e+07"	B	"16.4167130"	"79318.8093"	"2s2.2p2"	"3P"	"1"	"2s2.2p.3d"	"3P*"	"1"		"T7851"	"L7000"	
"126.1121"	"0.0003"	"126.1122287"	"0.0000021"	"23000000"	"3.9e+07"	B	"16.4167130"	"79310.86822"	"2s2.2p2"	"3P"	"1"	"2s2.2p.3d"	"3P*"	"2"		"T7851"	"L7000"	
"126.1423"	"0.0003"	"126.1425426"	"0.0000021"	"12000000"	"7.3e+07"	B	"43.4134567"	"79318.8093"	"2s2.2p2"	"3P"	"2"	"2s2.2p.3d"	"3P*"	"1"		"T7851"	"L7000"	
"126.1551"	"0.0003"	"126.1551797"	"0.0000021"	"22000000"	"1.31e+08"	B	"43.4134567"	"79310.86822"	"2s2.2p2"	"3P"	"2"	"2s2.2p.3d"	"3P*"	"2"		"T7851"	"L7000"	
"126.1720"	"0.0003"	"126.1720"	"0.0003"	"750000"	"6.e+06"	E	"10192.657"	"89449.54"	"2s2.2p2"	"1D"	"2"	"2s2.2p.(2P*<1/2>).9d"	"2[5/2]*"	"3"		"T9787"	"L7000"	
"126.6271"	"0.0003"	"126.62703"	"0.00005"	"550000"	""		"10192.657"	"89164.74"	"2s2.2p2"	"1D"	"2"	"2s2.2p.(2P*<3/2>).8d"	"2[3/2]*"	"1"		""	"L7000"	
"126.6417"	"0.0003"	"126.64151"	"0.00006"	"1300000"	"1.52e+07"	B	"10192.657"	"89155.71"	"2s2.2p2"	"1D"	"2"	"2s2.2p.(2P*<3/2>).8d"	"2[7/2]*"	"3"		"T5520"	"L7000"	
"126.6520"	"0.0003"	"126.65171"	"0.00005"	"380000"	""		"10192.657"	"89149.35"	"2s2.2p2"	"1D"	"2"	"2s2.2p.(2P*<3/2>).9s"	"2[3/2]*"	"1"		""	"L7000"	
"126.6602"	"0.0003"	"126.6602"	"0.0003"	"250000"	""		"10192.657"	"89144.03"	"2s2.2p2"	"1D"	"2"	"2s2.2p.(2P*<3/2>).8d"	"2[5/2]*"	"3"		""	"L7000"	
"126.7599"	"0.0003"	"126.7599"	"0.0003"	"710000"	"7.e+06"	E	"10192.657"	"89081.96"	"2s2.2p2"	"1D"	"2"	"2s2.2p.(2P*<1/2>).8d"	"2[5/2]*"	"3"		"T9787"	"L7000"	
"126.8046"	"0.0003"	"126.80457"	"0.00006"	"50000"	""		"10192.657"	"89054.17"	"2s2.2p2"	"1D"	"2"	"2s2.2p.(2P*<1/2>).8d"	"2[5/2]*"	"2"		""	"L7000"	
"127.0146"	"0.0003"	"127.0142949"	"0.0000021"	"1100000"	"4.5e+05"	B	"0.0000000"	"78731.2956"	"2s2.2p2"	"3P"	"0"	"2s2.2p.3d"	"1P*"	"1"		"T7851"	"L7000"	
"127.0408"	"0.0004"	"127.0407849"	"0.0000021"	"1000000"	"2.1e+05"	C	"16.4167130"	"78731.2956"	"2s2.2p2"	"3P"	"1"	"2s2.2p.3d"	"1P*"	"1"		"T7851"	"L3731"	
""	""	"127.0843709"	"0.0000021"	""	"4.2e+03"	D	"43.4134567"	"78731.2956"	"2s2.2p2"	"3P"	"2"	"2s2.2p.3d"	"1P*"	"1"		"T7851"	""	
"127.4108"	"0.0003"	"127.4108797"	"0.0000021"	"3300000"	"1.20e+06"	C+	"43.4134567"	"78529.64651"	"2s2.2p2"	"3P"	"2"	"2s2.2p.3d"	"1F*"	"3"		"T7851"	"L7000"	
"127.4624"	"0.0004"	"127.4628"	"0.0003"	"75000"	""		"10192.657"	"88646.9"	"2s2.2p2"	"1D"	"2"	"2s2.2p.(2P*<3/2>).7d"	"2[1/2]*"	"1"		""	"L3731"	
"127.4759"	"0.0003"	"127.47568"	"0.00005"	"540000"	""		"10192.657"	"88638.99"	"2s2.2p2"	"1D"	"2"	"2s2.2p.(2P*<3/2>).7d"	"2[3/2]*"	"1"		""	"L7000"	
"127.4983"	"0.0003"	"127.49839"	"0.00007"	"1900000"	"2.25e+07"	B	"10192.657"	"88625.02"	"2s2.2p2"	"1D"	"2"	"2s2.2p.(2P*<3/2>).7d"	"2[7/2]*"	"3"		"T5520"	"L7000"	
"127.5147"	"0.0003"	"127.51465"	"0.00007"	"50000"	""		"10192.657"	"88615.02"	"2s2.2p2"	"1D"	"2"	"2s2.2p.(2P*<3/2>).8s"	"2[3/2]*"	"1"		""	"L7000"	
"127.5288"	"0.0003"	"127.5288"	"0.0003"	"300000"	""		"10192.657"	"88606.32"	"2s2.2p2"	"1D"	"2"	"2s2.2p.(2P*<3/2>).7d"	"2[5/2]*"	"3"		""	"L7000"	
"127.6221"	"0.0003"	"127.62193"	"0.00003"	"730000bl"	""		"10192.657"	"88549.095"	"2s2.2p2"	"1D"	"2"	"2s2.2p.(2P*<1/2>).8s"	"2[1/2]*"	"1"		""	"L7000"	
"127.6286"	"0.0003"	"127.6286"	"0.0003"	"840000bl"	"7.e+06"	E	"10192.657"	"88545.02"	"2s2.2p2"	"1D"	"2"	"2s2.2p.(2P*<1/2>).7d"	"2[5/2]*"	"3"		"T9787"	"L7000"	
"127.6485"	"0.0003"	"127.6482255"	"0.0000021"	"3500000"	"5.0e+06"	C+	"0.0000000"	"78340.29782"	"2s2.2p2"	"3P"	"0"	"2s2.2p.4s"	"1P*"	"1"		"T7851"	"L7000"	
"127.6754"	"0.0003"	"127.6749806"	"0.0000021"	"6900000"	"9.4e+06"	C+	"16.4167130"	"78340.29782"	"2s2.2p2"	"3P"	"1"	"2s2.2p.4s"	"1P*"	"1"		"T7851"	"L7000"	
"127.7048"	"0.0003"	"127.70418"	"0.00005"	"120000"	""		"10192.657"	"88498.63"	"2s2.2p2"	"1D"	"2"	"2s2.2p.(2P*<1/2>).7d"	"2[5/2]*"	"2"		""	"L7000"	
""	""	"127.7190029"	"0.0000021"	""	"1.8e+06"	C+	"43.4134567"	"78340.29782"	"2s2.2p2"	"3P"	"2"	"2s2.2p.4s"	"1P*"	"1"		"T7851"	""	
"127.7250"	"0.0010"	"127.7245031"	"0.0000021"	"15000000bl"	"1.26e+08"	A	"0.0000000"	"78293.51263"	"2s2.2p2"	"3P"	"0"	"2s2.2p.3d"	"3D*"	"1"		"T7851"	"L7000"	
"127.7285"	"0.0003"	"127.7282278"	"0.0000021"	"24000000bl"	"1.70e+08"	A	"16.4167130"	"78307.64625"	"2s2.2p2"	"3P"	"1"	"2s2.2p.3d"	"3D*"	"2"		"T7851"	"L7000"	
"127.7517"	"0.0003"	"127.7512902"	"0.0000021"	"18000000bl"	"9.2e+07"	A	"16.4167130"	"78293.51263"	"2s2.2p2"	"3P"	"1"	"2s2.2p.3d"	"3D*"	"1"		"T7851"	"L7000"	
"127.7556"	"0.0003"	"127.7549516"	"0.0000021"	"140000000bl"	"2.28e+08"	A	"43.4134567"	"78318.26602"	"2s2.2p2"	"3P"	"2"	"2s2.2p.3d"	"3D*"	"3"		"T7851"	"L7000"	
"127.7728"	"0.0003"	"127.7722868"	"0.0000021"	"14000000"	"6.30e+07"	A	"43.4134567"	"78307.64625"	"2s2.2p2"	"3P"	"2"	"2s2.2p.3d"	"3D*"	"2"		"T7851"	"L7000"	
"127.7951"	"0.0003"	"127.7953652"	"0.0000021"	"5600000"	"5.9e+06"	B+	"43.4134567"	"78293.51263"	"2s2.2p2"	"3P"	"2"	"2s2.2p.3d"	"3D*"	"1"		"T7851"	"L7000"	
"127.9057"	"0.0003"	"127.9055754"	"0.0000021"	"6300000"	"4.0e+06"	D	"16.4167130"	"78199.09144"	"2s2.2p2"	"3P"	"1"	"2s2.2p.3d"	"3F*"	"2"		"T7851"	"L7000"	
"127.9228"	"0.0003"	"127.9228342"	"0.0000021"	"9800000"	"1.1e+07"	D	"43.4134567"	"78215.54012"	"2s2.2p2"	"3P"	"2"	"2s2.2p.3d"	"3F*"	"3"		"T7851"	"L7000"	
"127.9498"	"0.0003"	"127.9497569"	"0.0000021"	"5500000"	"2.2e+06"	D	"43.4134567"	"78199.09144"	"2s2.2p2"	"3P"	"2"	"2s2.2p.3d"	"3F*"	"2"		"T7851"	"L7000"	
"127.9890"	"0.0003"	"127.9890375"	"0.0000021"	"11000000"	"3.43e+07"	B+	"16.4167130"	"78148.10824"	"2s2.2p2"	"3P"	"1"	"2s2.2p.4s"	"3P*"	"2"		"T7851"	"L7000"	
"128.0134"	"0.0003"	"128.0134799"	"0.0000021"	"27000000"	"3.55e+07"	B+	"0.0000000"	"78116.77336"	"2s2.2p2"	"3P"	"0"	"2s2.2p.4s"	"3P*"	"1"		"T7851"	"L7000"	
"128.0330"	"0.0010"	"128.0332767"	"0.0000021"	"68000000"	"6.4e+07"	B+	"43.4134567"	"78148.10824"	"2s2.2p2"	"3P"	"2"	"2s2.2p.4s"	"3P*"	"2"		"T7851"	"L7000"	
"128.0410"	"0.0010"	"128.0403884"	"0.0000021"	"12000000"	"1.87e+07"	B+	"16.4167130"	"78116.77336"	"2s2.2p2"	"3P"	"1"	"2s2.2p.4s"	"3P*"	"1"		"T7851"	"L7000"	
"128.0595"	"0.0003"	"128.0596920"	"0.0000021"	"9300000"	"8.8e+07"	B+	"16.4167130"	"78105.00058"	"2s2.2p2"	"3P"	"1"	"2s2.2p.4s"	"3P*"	"0"		"T7851"	"L7000"	
"128.0845"	"0.0003"	"128.0846631"	"0.0000021"	"9800000"	"3.6e+07"	B+	"43.4134567"	"78116.77336"	"2s2.2p2"	"3P"	"2"	"2s2.2p.4s"	"3P*"	"1"		"T7851"	"L7000"	
"128.7609"	"0.0003"	"128.7607533"	"0.0000022"	"1700000"	"1.49e+05"	B	"16.4167130"	"77679.83311"	"2s2.2p2"	"3P"	"1"	"2s2.2p.3d"	"1D*"	"2"		"T7851"	"L7000"	
"128.7809"	"0.0003"	"128.78089"	"0.00005"	"25000"	""		"10192.657"	"87843.93"	"2s2.2p2"	"1D"	"2"	"2s2.2p.6d"	"3P*"	"1"		""	"L7000"	
"128.8038"	"0.0003"	"128.80370"	"0.00003"	"7700000bl*"	""		"10192.657"	"87830.18"	"2s2.2p2"	"1D"	"2"	"2s2.2p.6d"	"1P*"	"1"		""	"L7000"	
"128.8040"	"0.0008"	"128.8055277"	"0.0000022"	"7700000bl*"	"6.6e+04"	C	"43.4134567"	"77679.83311"	"2s2.2p2"	"3P"	"2"	"2s2.2p.3d"	"1D*"	"2"		"T7851"	"L3731"	
"128.8422"	"0.0003"	"128.84225"	"0.00005"	"2200000"	"3.5e+07"	B	"10192.657"	"87806.95"	"2s2.2p2"	"1D"	"2"	"2s2.2p.6d"	"1F*"	"3"		"T5520"	"L7000"	
"128.8711"	"0.0003"	"128.87098"	"0.00003"	"530000"	""		"10192.657"	"87789.646"	"2s2.2p2"	"1D"	"2"	"2s2.2p.7s"	"1P*"	"1"		""	"L7000"	
"128.8918"	"0.0003"	"128.89169"	"0.00005"	"490000"	"2.1e+05"	E	"10192.657"	"87777.18"	"2s2.2p2"	"1D"	"2"	"2s2.2p.6d"	"3D*"	"3"		"T9787"	"L7000"	
"128.9893"	"0.0003"	"128.989107"	"0.000025"	"290000"	""		"10192.657"	"87718.583"	"2s2.2p2"	"1D"	"2"	"2s2.2p.7s"	"3P*"	"1"		""	"L7000"	
"128.9975"	"0.0003"	"128.99770"	"0.00007"	"1800000"	"7.e+06"	E	"10192.657"	"87713.42"	"2s2.2p2"	"1D"	"2"	"2s2.2p.6d"	"3F*"	"3"		"T9787"	"L7000"	
"129.1304"	"0.0003"	"129.13038"	"0.00005"	"490000"	""		"10192.657"	"87633.77"	"2s2.2p2"	"1D"	"2"	"2s2.2p.6d"	"1D*"	"2"		""	"L7000"	
"131.0150"	"0.0010"	"131.015496"	"0.000024"	"250000"	"3.5e+05"	E	"10192.657"	"86519.506"	"2s2.2p2"	"1D"	"2"	"2s2.2p.5d"	"3P*"	"1"		"T9787"	"L7000"	
"131.0636"	"0.0003"	"131.063688"	"0.000024"	"1700000"	"3.5e+07"	E	"10192.657"	"86491.441"	"2s2.2p2"	"1D"	"2"	"2s2.2p.5d"	"1P*"	"1"		"T9787"	"L7000"	
"131.1362"	"0.0003"	"131.13627"	"0.00004"	"3800000"	"5.9e+07"	B	"10192.657"	"86449.208"	"2s2.2p2"	"1D"	"2"	"2s2.2p.5d"	"1F*"	"3"		"T5520"	"L7000"	
"131.1925"	"0.0003"	"131.19242"	"0.00003"	"1000000"	""		"10192.657"	"86416.575"	"2s2.2p2"	"1D"	"2"	"2s2.2p.6s"	"1P*"	"1"		""	"L7000"	
"131.2246"	"0.0003"	"131.22469"	"0.00007"	"660000"	"2.4e+05"	E	"10192.657"	"86397.83"	"2s2.2p2"	"1D"	"2"	"2s2.2p.5d"	"3D*"	"3"		"T9787"	"L7000"	
"131.2856"	"0.0003"	"131.28548"	"0.00005"	"170000"	""		"10192.657"	"86362.54"	"2s2.2p2"	"1D"	"2"	"2s2.2p.5d"	"3D*"	"1"		""	"L7000"	
"131.3390"	"0.0010"	"131.338746"	"0.000019"	"600000"	""		"10192.657"	"86331.651"	"2s2.2p2"	"1D"	"2"	"2s2.2p.6s"	"3P*"	"1"		""	"L7000"	
"131.3462"	"0.0003"	"131.346448"	"0.000005"	"2000000"	"6.e+06"	E	"10192.657"	"86327.1863"	"2s2.2p2"	"1D"	"2"	"2s2.2p.5d"	"3F*"	"3"		"T9787"	"L7000"	
"131.3633"	"0.0003"	"131.36283"	"0.00005"	"75000"	""		"10192.657"	"86317.69"	"2s2.2p2"	"1D"	"2"	"2s2.2p.5d"	"3F*"	"2"		""	"L7000"	
"131.5918"	"0.0003"	"131.591801"	"0.000005"	"1200000"	""		"10192.657"	"86185.2332"	"2s2.2p2"	"1D"	"2"	"2s2.2p.5d"	"1D*"	"2"		""	"L7000"	
"132.88332"	"0.00007"	"132.8832989"	"0.0000023"	"22000000"	"7.3e+07"	B	"0.0000000"	"75254.0017"	"2s2.2p2"	"3P"	"0"	"2s.2p3"	"3P*"	"1"		"T7851"	"L551"	
"132.90861"	"0.00007"	"132.9084642"	"0.0000023"	"14000000"	"2.22e+08"	B	"16.4167130"	"75256.1696"	"2s2.2p2"	"3P"	"1"	"2s.2p3"	"3P*"	"0"		"T7851"	"L551"	
"132.90999"	"0.00007"	"132.9100114"	"0.0000023"	"16000000"	"5.4e+07"	B	"16.4167130"	"75255.29373"	"2s2.2p2"	"3P"	"1"	"2s.2p3"	"3P*"	"2"		"T7851"	"L551"	
"132.91233"	"0.00007"	"132.9122938"	"0.0000023"	"10000000"	"5.6e+07"	B	"16.4167130"	"75254.0017"	"2s2.2p2"	"3P"	"1"	"2s.2p3"	"3P*"	"1"		"T7851"	"L551"	
"132.95777"	"0.00007"	"132.9577184"	"0.0000023"	"30000000"	"1.64e+08"	B	"43.4134567"	"75255.29373"	"2s2.2p2"	"3P"	"2"	"2s.2p3"	"3P*"	"2"		"T7851"	"L551"	
"132.96001"	"0.00007"	"132.9600025"	"0.0000023"	"10000000"	"9.2e+07"	B	"43.4134567"	"75254.0017"	"2s2.2p2"	"3P"	"2"	"2s.2p3"	"3P*"	"1"		"T7851"	"L551"	
"135.2745"	"0.0004"	"135.275057"	"0.000005"	"26000"	"2.1e+05"	E	"10192.657"	"84116.1152"	"2s2.2p2"	"1D"	"2"	"2s2.2p.4d"	"3P*"	"1"		"T9787"	"L3731"	
"135.4284"	"0.0003"	"135.428888"	"0.000006"	"3100000"	"3.0e+07"	C	"10192.657"	"84032.1471"	"2s2.2p2"	"1D"	"2"	"2s2.2p.4d"	"1P*"	"1"		"T6070"	"L7000"	
"135.5843"	"0.0003"	"135.584826"	"0.000006"	"6700000"	"1.04e+08"	B	"10192.657"	"83947.2231"	"2s2.2p2"	"1D"	"2"	"2s2.2p.4d"	"1F*"	"3"		"T5520,T6070"	"L7000"	
"135.7134"	"0.0003"	"135.713480"	"0.000011"	"2700000"	"1.4e+07"	C	"10192.657"	"83877.305"	"2s2.2p2"	"1D"	"2"	"2s2.2p.5s"	"1P*"	"1"		"T6070"	"L7000"	
"135.7658"	"0.0003"	"135.765872"	"0.000006"	"1700000"	"1.1e+06"	C	"10192.657"	"83848.8700"	"2s2.2p2"	"1D"	"2"	"2s2.2p.4d"	"3D*"	"3"		"T6070"	"L7000"	
"135.8189"	"0.0003"	"135.818817"	"0.000006"	"1200000"	""		"10192.657"	"83820.1576"	"2s2.2p2"	"1D"	"2"	"2s2.2p.4d"	"3D*"	"1"		""	"L7000"	
"135.9276"	"0.0003"	"135.927524"	"0.000006"	"3100000"	"2.2e+06"	C	"10192.657"	"83761.27417"	"2s2.2p2"	"1D"	"2"	"2s2.2p.4d"	"3F*"	"3"		"T6070"	"L7000"	
"135.9440"	"0.0003"	"135.943851"	"0.000006"	"640000"	"9.7e+05"	C	"10192.657"	"83752.4388"	"2s2.2p2"	"1D"	"2"	"2s2.2p.5s"	"3P*"	"1"		"T6070"	"L7000"	
"135.9547"	"0.0006"	"135.953103"	"0.000006"	"130000"	""		"10192.657"	"83747.43248"	"2s2.2p2"	"1D"	"2"	"2s2.2p.4d"	"3F*"	"2"		""	"L7000"	
"136.4164"	"0.0003"	"136.416473"	"0.000006"	"5200000"	"1.6e+07"	C	"10192.657"	"83497.58690"	"2s2.2p2"	"1D"	"2"	"2s2.2p.4d"	"1D*"	"2"		"T6070"	"L7000"	
"143.1597"	"0.0003"	"143.1597"	"0.0003"	"36000"	"2.1e+08"	C+	"33735.121"	"103587.18"	"2s.2p3"	"5S*"	"2"	"2s.2p2.(4P).3s"	"5P"	"3"		"T5466n"	"L7000"	
"143.21070"	"0.00020"	"143.21069"	"0.00021"	"44000"	"2.0e+08"	C+	"33735.121"	"103562.31"	"2s.2p3"	"5S*"	"2"	"2s.2p2.(4P).3s"	"5P"	"2"		"T5466n"	"L7000"	
"143.2530"	"0.0005"	"143.2530"	"0.0005"	"34000"	"2.1e+08"	C+	"33735.121"	"103541.69"	"2s.2p3"	"5S*"	"2"	"2s.2p2.(4P).3s"	"5P"	"1"		"T5466n"	"L3529"	
"145.0070"	"0.0010"	"145.0072"	"0.0008"	"3500"	""		"21648.030"	"90610.1"	"2s2.2p2"	"1S"	"0"	"2s2.2p.(2P*<3/2>).20d"	"2[3/2]*"	"1"		""	"L3731"	
"145.1445"	"0.0003"	"145.1445"	"0.0003"	"7000"	""		"21648.030"	"90544.88"	"2s2.2p2"	"1S"	"0"	"2s2.2p.(2P*<3/2>).18d"	"2[3/2]*"	"1"		""	"L7000"	
"145.2325"	"0.0003"	"145.2325"	"0.0003"	"35000"	""		"21648.030"	"90503.12"	"2s2.2p2"	"1S"	"0"	"2s2.2p.(2P*<3/2>).17d"	"2[3/2]*"	"1"		""	"L7000"	
"145.3348"	"0.0003"	"145.3350"	"0.0003"	"14000"	""		"21648.030"	"90454.59"	"2s2.2p2"	"1S"	"0"	"2s2.2p.(2P*<3/2>).16d"	"2[3/2]*"	"1"		""	"L7000"	
"145.4599"	"0.0004"	"145.4601"	"0.0004"	"7100"	""		"21648.030"	"90395.41"	"2s2.2p2"	"1S"	"0"	"2s2.2p.(2P*<3/2>).15d"	"2[3/2]*"	"1"		""	"L3731"	
"145.6149"	"0.0004"	"145.6148"	"0.0004"	"54000"	""		"21648.030"	"90322.35"	"2s2.2p2"	"1S"	"0"	"2s2.2p.(2P*<3/2>).14d"	"2[3/2]*"	"1"		""	"L3731"	
"145.6190"	"0.0010"	"145.6190"	"0.0011"	""	""		"21648.030"	"90320.4"	"2s2.2p2"	"1S"	"0"	"2s2.2p.(2P*<3/2>).15s"	"2[3/2]*"	"1"		""	"L7000"	
"145.7488"	"0.0003"	"145.7490"	"0.0003"	"230000"	""		"21648.030"	"90259.12"	"2s2.2p2"	"1S"	"0"	"2s2.2p.(2P*<1/2>).14d"	"2[3/2]*"	"1"		""	"L7000"	
"145.8064"	"0.0003"	"145.8063"	"0.0003"	"25000"	""		"21648.030"	"90232.16"	"2s2.2p2"	"1S"	"0"	"2s2.2p.(2P*<3/2>).13d"	"2[3/2]*"	"1"		""	"L7000"	
"145.8114"	"0.0004"	"145.8114"	"0.0004"	"29000"	""		"21648.030"	"90229.76"	"2s2.2p2"	"1S"	"0"	"2s2.2p.(2P*<3/2>).14s"	"2[3/2]*"	"1"		""	"L3731"	
"145.90311"	"0.00008"	"145.903102"	"0.000006"	"11000000"	"5.5e+07"	B	"10192.657"	"78731.2956"	"2s2.2p2"	"1D"	"2"	"2s2.2p.3d"	"1P*"	"1"		"T7851"	"L22c181"	
"145.9428"	"0.0003"	"145.9428"	"0.0003"	"18000u"	""		"21648.030"	"90168.01"	"2s2.2p2"	"1S"	"0"	"2s2.2p.(2P*<1/2>).13d"	"2[3/2]*"	"1"		""	"L7000"	
"146.0453"	"0.0003"	"146.0454"	"0.0003"	"220000"	""		"21648.030"	"90119.87"	"2s2.2p2"	"1S"	"0"	"2s2.2p.(2P*<3/2>).12d"	"2[3/2]*"	"1"		""	"L7000"	
"146.0550"	"0.0010"	"146.0548"	"0.0011"	"15000"	""		"21648.030"	"90115.5"	"2s2.2p2"	"1S"	"0"	"2s2.2p.(2P*<3/2>).13s"	"2[3/2]*"	"1"		""	"L7000"	
"146.1853"	"0.0003"	"146.1853"	"0.0003"	"370000"	""		"21648.030"	"90054.38"	"2s2.2p2"	"1S"	"0"	"2s2.2p.(2P*<1/2>).12d"	"2[3/2]*"	"1"		""	"L7000"	
"146.33370"	"0.00004"	"146.333634"	"0.000006"	"240000000"	"1.79e+08"	B+	"10192.657"	"78529.64651"	"2s2.2p2"	"1D"	"2"	"2s2.2p.3d"	"1F*"	"3"		"T7851"	"L20057c182"	
"146.3563"	"0.0003"	"146.3561"	"0.0003"	"420000"	""		"21648.030"	"89974.52"	"2s2.2p2"	"1S"	"0"	"2s2.2p.(2P*<3/2>).11d"	"2[3/2]*"	"1"		""	"L7000"	
"146.3674"	"0.0003"	"146.3674"	"0.0003"	""	""		"21648.030"	"89969.26"	"2s2.2p2"	"1S"	"0"	"2s2.2p.(2P*<3/2>).12s"	"2[3/2]*"	"1"		""	"L7000"	
"146.5023"	"0.0008"	"146.5020"	"0.0006"	"460000bl"	""		"21648.030"	"89906.5"	"2s2.2p2"	"1S"	"0"	"2s2.2p.(2P*<1/2>).11d"	"2[3/2]*"	"1"		""	"L3731"	
"146.7406"	"0.0003"	"146.740223"	"0.000006"	"7700000"	"5.49e+07"	A	"10192.657"	"78340.29782"	"2s2.2p2"	"1D"	"2"	"2s2.2p.4s"	"1P*"	"1"		"T7851"	"L7000"	
"146.7673"	"0.0003"	"146.7673"	"0.0003"	"30000"	""		"21648.030"	"89783.08"	"2s2.2p2"	"1S"	"0"	"2s2.2p.(2P*<3/2>).10d"	"2[3/2]*"	"1"		""	"L7000"	
"146.7877"	"0.0003"	"146.787679"	"0.000006"	"1700000bl"	"5.e+05"	D	"10192.657"	"78318.26602"	"2s2.2p2"	"1D"	"2"	"2s2.2p.3d"	"3D*"	"3"		"T7851"	"L7000"	
""	""	"146.810564"	"0.000006"	""	"9.e+03"	D	"10192.657"	"78307.64625"	"2s2.2p2"	"1D"	"2"	"2s2.2p.3d"	"3D*"	"2"		"T7851"	""	
"146.8410"	"0.0003"	"146.841033"	"0.000006"	"8100000"	"2.4e+06"	D	"10192.657"	"78293.51263"	"2s2.2p2"	"1D"	"2"	"2s2.2p.3d"	"3D*"	"1"		"T7851"	"L7000"	
"146.9111"	"0.0003"	"146.9113"	"0.0003"	"200000"	""		"21648.030"	"89716.33"	"2s2.2p2"	"1S"	"0"	"2s2.2p.(2P*<1/2>).10d"	"2[3/2]*"	"1"		""	"L7000"	
"147.0094"	"0.0003"	"147.009352"	"0.000006"	"8500000"	"1.41e+06"	A	"10192.657"	"78215.54012"	"2s2.2p2"	"1D"	"2"	"2s2.2p.3d"	"3F*"	"3"		"T7851"	"L7000"	
"147.0450"	"0.0003"	"147.044910"	"0.000006"	"320000"	"5.4e+04"	C+	"10192.657"	"78199.09144"	"2s2.2p2"	"1D"	"2"	"2s2.2p.3d"	"3F*"	"2"		"T7851"	"L7000"	
""	""	"147.155229"	"0.000006"	""	"2.3e+04"	C+	"10192.657"	"78148.10824"	"2s2.2p2"	"1D"	"2"	"2s2.2p.4s"	"3P*"	"2"		"T7851"	""	
"147.2231"	"0.0003"	"147.223115"	"0.000007"	"5800000"	"7.79e+05"	A	"10192.657"	"78116.77336"	"2s2.2p2"	"1D"	"2"	"2s2.2p.4s"	"3P*"	"1"		"T7851"	"L7000"	
"147.3242"	"0.0003"	"147.32416"	"0.00011"	"500000"	""		"21648.030"	"89525.56"	"2s2.2p2"	"1S"	"0"	"2s2.2p.(2P*<3/2>).9d"	"2[3/2]*"	"1"		""	"L7000"	
"147.3476"	"0.0003"	"147.3478"	"0.0003"	"20000"	""		"21648.030"	"89514.69"	"2s2.2p2"	"1S"	"0"	"2s2.2p.(2P*<3/2>).10s"	"2[3/2]*"	"1"		""	"L7000"	
"147.4748"	"0.0003"	"147.4750"	"0.0003"	"310000"	""		"21648.030"	"89456.15"	"2s2.2p2"	"1S"	"0"	"2s2.2p.(2P*<1/2>).9d"	"2[3/2]*"	"1"		""	"L7000"	
"148.0998"	"0.0004"	"148.0999"	"0.0004"	"81000"	""		"21648.030"	"89170.01"	"2s2.2p2"	"1S"	"0"	"2s2.2p.(2P*<3/2>).8d"	"2[1/2]*"	"1"		""	"L3731"	
"148.1114"	"0.0003"	"148.11148"	"0.00007"	"620000"	""		"21648.030"	"89164.74"	"2s2.2p2"	"1S"	"0"	"2s2.2p.(2P*<3/2>).8d"	"2[3/2]*"	"1"		""	"L7000"	
"148.1449"	"0.0003"	"148.14525"	"0.00007"	"460000"	""		"21648.030"	"89149.35"	"2s2.2p2"	"1S"	"0"	"2s2.2p.(2P*<3/2>).9s"	"2[3/2]*"	"1"		""	"L7000"	
"148.17629"	"0.00008"	"148.176299"	"0.000007"	"25000000"	"3.5e+07"	B	"10192.657"	"77679.83311"	"2s2.2p2"	"1D"	"2"	"2s2.2p.3d"	"1D*"	"2"		"T7851"	"L22c181"	
"148.2729"	"0.0003"	"148.2729"	"0.0003"	"440000"	""		"21648.030"	"89091.25"	"2s2.2p2"	"1S"	"0"	"2s2.2p.(2P*<1/2>).8d"	"2[3/2]*"	"1"		""	"L7000"	
"149.2574"	"0.0006"	"149.2562"	"0.0004"	"2100000bl"	""		"21648.030"	"88646.9"	"2s2.2p2"	"1S"	"0"	"2s2.2p.(2P*<3/2>).7d"	"2[1/2]*"	"1"		""	"L7000"	
"149.2738"	"0.0003"	"149.27387"	"0.00007"	"360000"	""		"21648.030"	"88638.99"	"2s2.2p2"	"1S"	"0"	"2s2.2p.(2P*<3/2>).7d"	"2[3/2]*"	"1"		""	"L7000"	
"149.3276"	"0.0003"	"149.32730"	"0.00009"	"69000"	""		"21648.030"	"88615.02"	"2s2.2p2"	"1S"	"0"	"2s2.2p.(2P*<3/2>).8s"	"2[3/2]*"	"1"		""	"L7000"	
"149.4532"	"0.0003"	"149.4532"	"0.0003"	"620000"	""		"21648.030"	"88558.62"	"2s2.2p2"	"1S"	"0"	"2s2.2p.(2P*<1/2>).7d"	"2[3/2]*"	"1"		""	"L7000"	
"151.0671"	"0.0003"	"151.06676"	"0.00007"	"140000bl"	""		"21648.030"	"87843.93"	"2s2.2p2"	"1S"	"0"	"2s2.2p.6d"	"3P*"	"1"		""	"L7000"	
"151.0981"	"0.0004"	"151.09814"	"0.00004"	"680000"	""		"21648.030"	"87830.18"	"2s2.2p2"	"1S"	"0"	"2s2.2p.6d"	"1P*"	"1"		""	"L3731"	
"151.1908"	"0.0003"	"151.19074"	"0.00004"	"180000"	""		"21648.030"	"87789.646"	"2s2.2p2"	"1S"	"0"	"2s2.2p.7s"	"1P*"	"1"		""	"L7000"	
"151.3150"	"0.0003"	"151.3150"	"0.0003"	"280000"	""		"21648.030"	"87735.33"	"2s2.2p2"	"1S"	"0"	"2s2.2p.6d"	"3D*"	"1"		""	"L7000"	
"154.1520"	"0.0010"	"154.15096"	"0.00003"	"370000"	""		"21648.030"	"86519.506"	"2s2.2p2"	"1S"	"0"	"2s2.2p.5d"	"3P*"	"1"		""	"L7000"	
"154.21760"	"0.00008"	"154.21767"	"0.00003"	"1800000"	"2.2e+07"	C+	"21648.030"	"86491.441"	"2s2.2p2"	"1S"	"0"	"2s2.2p.5d"	"1P*"	"1"		"T5520"	"L22c181"	
"154.3959"	"0.0003"	"154.39593"	"0.00004"	"400000"	""		"21648.030"	"86416.575"	"2s2.2p2"	"1S"	"0"	"2s2.2p.6s"	"1P*"	"1"		""	"L7000"	
"154.5247"	"0.0003"	"154.52485"	"0.00007"	"380000"	""		"21648.030"	"86362.54"	"2s2.2p2"	"1S"	"0"	"2s2.2p.5d"	"3D*"	"1"		""	"L7000"	
"156.030827"	"0.000011"	"156.030828"	"0.000003"	"3200000000"	"6.54e+07"	A	"0.0000000"	"64089.8990"	"2s2.2p2"	"3P"	"0"	"2s.2p3"	"3D*"	"1"		"T7851"	"L20057c182"	
"156.068148"	"0.000010"	"156.068140"	"0.000003"	"8100000000"	"8.8e+07"	A	"16.4167130"	"64090.99351"	"2s2.2p2"	"3P"	"1"	"2s.2p3"	"3D*"	"2"		"T7851"	"L20057c182"	
"156.070782"	"0.000013"	"156.070806"	"0.000003"	"2400000000"	"4.89e+07"	A	"16.4167130"	"64089.8990"	"2s2.2p2"	"3P"	"1"	"2s.2p3"	"3D*"	"1"		"T7851"	"L20057c182"	
"156.133893"	"0.000013"	"156.133924"	"0.000003"	"1000000000"	"2.93e+07"	A	"43.4134567"	"64090.99351"	"2s2.2p2"	"3P"	"2"	"2s.2p3"	"3D*"	"2"		"T7851"	"L20057c182"	
"156.1340"	"0.0020"	"156.136592"	"0.000003"	"11000000r"	"3.25e+06"	A	"43.4134567"	"64089.8990"	"2s2.2p2"	"3P"	"2"	"2s.2p3"	"3D*"	"1"		"T7851"	"L3731"	
"156.143727"	"0.000010"	"156.143734"	"0.000003"	"12000000000"	"1.17e+08"	A	"43.4134567"	"64086.96961"	"2s2.2p2"	"3P"	"2"	"2s.2p3"	"3D*"	"3"		"T7851"	"L20057c182"	
"160.0818"	"0.0003"	"160.081744"	"0.000008"	"53000"	"3.6e+05"	C	"21648.030"	"84116.1152"	"2s2.2p2"	"1S"	"0"	"2s2.2p.4d"	"3P*"	"1"		"T6070"	"L7000"	
"160.29709"	"0.00008"	"160.297211"	"0.000008"	"3200000"	"4.5e+07"	B	"21648.030"	"84032.1471"	"2s2.2p2"	"1S"	"0"	"2s2.2p.4d"	"1P*"	"1"		"T5520,T6070"	"L22c181"	
"160.6962"	"0.0003"	"160.696071"	"0.000015"	"740000"	"5.3e+06"	C	"21648.030"	"83877.305"	"2s2.2p2"	"1S"	"0"	"2s2.2p.5s"	"1P*"	"1"		"T6070"	"L7000"	
"160.8447"	"0.0008"	"160.843780"	"0.000008"	"920000bl"	"1.7e+06"	C	"21648.030"	"83820.1576"	"2s2.2p2"	"1S"	"0"	"2s2.2p.4d"	"3D*"	"1"		"T6070"	"L3731"	
"161.3375"	"0.0003"	"161.337599"	"0.000003"	"82000000r"	"3.6e+04"	B	"0.0000000"	"61981.83211"	"2s2.2p2"	"3P"	"0"	"2s2.2p.3s"	"1P*"	"1"		"T7851"	"L7000"	
"161.3809"	"0.0003"	"161.380343"	"0.000003"	"82000000r"	"2.8e+04"	B	"16.4167130"	"61981.83211"	"2s2.2p2"	"3P"	"1"	"2s2.2p.3s"	"1P*"	"1"		"T7851"	"L7000"	
"161.4522"	"0.0008"	"161.450683"	"0.000003"	"52000000p"	"3.0e+04"	B	"43.4134567"	"61981.83211"	"2s2.2p2"	"3P"	"2"	"2s2.2p.3s"	"1P*"	"1"		"T7851"	"L3731"	
"165.626674"	"0.000012"	"165.626662"	"0.000004"	"19000000000"	"8.7e+07"	A	"16.4167130"	"60393.1693"	"2s2.2p2"	"3P"	"1"	"2s2.2p.3s"	"3P*"	"2"		"T7851"	"L20057c182"	
"165.692821"	"0.000013"	"165.692784"	"0.000004"	"15000000000"	"1.16e+08"	A	"0.0000000"	"60352.6584"	"2s2.2p2"	"3P"	"0"	"2s2.2p.3s"	"3P*"	"1"		"T7851"	"L20057c182"	
"165.700751"	"0.000010"	"165.700753"	"0.000004"	"48000000000"	"2.61e+08"	A	"43.4134567"	"60393.1693"	"2s2.2p2"	"3P"	"2"	"2s2.2p.3s"	"3P*"	"2"		"T7851"	"L20057c182"	
"165.737863"	"0.000014"	"165.737867"	"0.000004"	"11000000000"	"8.7e+07"	A	"16.4167130"	"60352.6584"	"2s2.2p2"	"3P"	"1"	"2s2.2p.3s"	"3P*"	"1"		"T7851"	"L20057c182"	
"165.790661"	"0.000012"	"165.790654"	"0.000004"	"16000000000"	"3.47e+08"	A	"16.4167130"	"60333.4476"	"2s2.2p2"	"3P"	"1"	"2s2.2p.3s"	"3P*"	"0"		"T7851"	"L20057c182"	
"165.812045"	"0.000012"	"165.812058"	"0.000004"	"21000000000"	"1.44e+08"	A	"43.4134567"	"60352.6584"	"2s2.2p2"	"3P"	"2"	"2s2.2p.3s"	"3P*"	"1"		"T7851"	"L20057c182"	
""	""	"173.398038"	"0.000009"	""	"1.5e+04"	D	"21648.030"	"79318.8093"	"2s2.2p2"	"1S"	"0"	"2s2.2p.3d"	"3P*"	"1"		"T7851"	""	
"175.18271"	"0.00008"	"175.182690"	"0.000009"	"16000000"	"8.4e+07"	B+	"21648.030"	"78731.2956"	"2s2.2p2"	"1S"	"0"	"2s2.2p.3d"	"1P*"	"1"		"T7851"	"L22c181"	
"176.3906"	"0.0004"	"176.390897"	"0.000009"	"3500000"	"2.4e+06"	C	"21648.030"	"78340.29782"	"2s2.2p2"	"1S"	"0"	"2s2.2p.4s"	"1P*"	"1"		"T7851"	"L3731"	
"176.5373"	"0.0004"	"176.536584"	"0.000009"	"1800000"	"8.e+05"	D	"21648.030"	"78293.51263"	"2s2.2p2"	"1S"	"0"	"2s2.2p.3d"	"3D*"	"1"		"T7851"	"L3731"	
""	""	"177.089119"	"0.000009"	""	"1.1e+04"	C	"21648.030"	"78116.77336"	"2s2.2p2"	"1S"	"0"	"2s2.2p.4s"	"3P*"	"1"		"T7851"	""	
"193.090540"	"0.000012"	"193.090544"	"0.000011"	"20000000000"	"3.39e+08"	A	"10192.657"	"61981.83211"	"2s2.2p2"	"1D"	"2"	"2s2.2p.3s"	"1P*"	"1"		"T7851"	"L20057c182"	
""	""	"199.201154"	"0.000012"	""	"8.e+02"	D	"10192.657"	"60393.1693"	"2s2.2p2"	"1D"	"2"	"2s2.2p.3s"	"3P*"	"2"		"T7851"	""	
"199.3627"	"0.0003"	"199.362036"	"0.000012"	"13000000000r"	"8.2e+04"	B	"10192.657"	"60352.6584"	"2s2.2p2"	"1D"	"2"	"2s2.2p.3s"	"3P*"	"1"		"T7851"	"L3456"	
"247.93098"	"0.00010"	"247.931003"	"0.000018"	"640000000"	"2.8e+07"	C+	"21648.030"	"61981.83211"	"2s2.2p2"	"1S"	"0"	"2s2.2p.3s"	"1P*"	"1"		"T7851"	"L20057c182"	
"258.36740"	"0.00020"	"258.367033"	"0.000020"	"530000"	"5.8e+03"	C+	"21648.030"	"60352.6584"	"2s2.2p2"	"1S"	"0"	"2s2.2p.3s"	"3P*"	"1"		"T7851"	"L3529"	
"290.315"	"0.008"	"290.30462"	"0.00003"	""	"4.3e+05"	D	"71352.54344"	"105799.119"	"2s2.2p.3p"	"3P"	"0"	"2s.2p3"	"3S*"	"1"		"T5520LS"	"L7393"	
"290.411"	"0.008"	"290.40910"	"0.00003"	""	"1.3e+06"	D	"71364.93596"	"105799.119"	"2s2.2p.3p"	"3P"	"1"	"2s.2p3"	"3S*"	"1"		"T5520LS"	"L7393"	
"290.580"	"0.008"	"290.58187"	"0.00003"	""	"2.2e+06"	D	"71385.40992"	"105799.119"	"2s2.2p.3p"	"3P"	"2"	"2s.2p3"	"3S*"	"1"		"T5520LS"	"L7393"	
"296.57119"	"0.00020"	"296.57130"	"0.00014"	"6900000r"	"9.e+00"	D	"16.4167130"	"33735.121"	"2s2.2p2"	"3P"	"1"	"2s.2p3"	"5S*"	"2"		"T7851"	"L3529"	
"296.80905"	"0.00020"	"296.80894"	"0.00014"	"13000000r"	"2.1e+01"	D	"43.4134567"	"33735.121"	"2s2.2p2"	"3P"	"2"	"2s.2p3"	"5S*"	"2"		"T7851"	"L3529"	
"342.1386"	"0.0005"	"342.1386"	"0.0005"	"2600"	""		"60393.1693"	"89621.09"	"2s2.2p.3s"	"3P*"	"2"	"2s2.2p.(2P*<3/2>).10p"	"2[5/2]"	"3"		""	"L17684"	
"345.9494"	"0.0005"	"345.9494"	"0.0005"	"3900"	""		"60393.1693"	"89299.13"	"2s2.2p.3s"	"3P*"	"2"	"2s2.2p.(2P*<3/2>).9p"	"2[5/2]"	"3"		""	"L17684"	
"351.5806"	"0.0005"	"351.5806"	"0.0005"	"6000"	""		"60393.1693"	"88836.15"	"2s2.2p.3s"	"3P*"	"2"	"2s2.2p.(2P*<3/2>).8p"	"2[5/2]"	"3"		""	"L17684"	
"351.9320"	"0.0010"	"351.9346"	"0.0004"	"2700"	""		"60352.6584"	"88767.03"	"2s2.2p.3s"	"3P*"	"1"	"2s2.2p.(2P*<1/2>).8p"	"2[3/2]"	"1"		""	"L17684"	
"359.6166"	"0.0010"	"359.6165"	"0.0014"	"2700*"	""		"61981.83211"	"89789.23"	"2s2.2p.3s"	"1P*"	"1"	"2s2.2p.(2P*<1/2>).11p"	"2[3/2]"	"1"		""	"L17684"	
"359.6166"	"0.0010"	"359.6182"	"0.0004"	"2700*"	""		"60352.6584"	"88159.93"	"2s2.2p.3s"	"3P*"	"1"	"2s2.2p.7p"	"3P"	"0"		""	"L17684"	
"359.6482"	"0.0005"	"359.64715"	"0.00023"	"2700"	""		"60393.1693"	"88198.20"	"2s2.2p.3s"	"3P*"	"2"	"2s2.2p.7p"	"3P"	"2"		""	"L17684"	
"360.2492"	"0.0005"	"360.2493"	"0.0003"	"2700"	""		"60333.4476"	"88092.00"	"2s2.2p.3s"	"3P*"	"0"	"2s2.2p.7p"	"3D"	"1"		""	"L17684"	
"360.4468"	"0.0005"	"360.4461"	"0.0004"	"4100"	""		"60352.6584"	"88096.06"	"2s2.2p.3s"	"3P*"	"1"	"2s2.2p.7p"	"3D"	"2"		""	"L17684"	
"360.4556"	"0.0005"	"360.4556"	"0.0005"	"6100"	""		"60393.1693"	"88135.84"	"2s2.2p.3s"	"3P*"	"2"	"2s2.2p.7p"	"3D"	"3"		""	"L17684"	
"360.4980"	"0.0005"	"360.4988"	"0.0003"	"2700"	""		"60352.6584"	"88092.00"	"2s2.2p.3s"	"3P*"	"1"	"2s2.2p.7p"	"3D"	"1"		""	"L17684"	
"360.8969"	"0.0005"	"360.8977"	"0.0004"	"2700"	""		"60352.6584"	"88061.34"	"2s2.2p.3s"	"3P*"	"1"	"2s2.2p.7p"	"1P"	"1"		""	"L17684"	
"360.9725"	"0.0005"	"360.9732"	"0.0004"	"4100"	""		"60393.1693"	"88096.06"	"2s2.2p.3s"	"3P*"	"2"	"2s2.2p.7p"	"3D"	"2"		""	"L17684"	
"361.0592"	"0.0005"	"361.0591"	"0.0005"	"2200"	""		"61981.83211"	"89678.13"	"2s2.2p.3s"	"1P*"	"1"	"2s2.2p.(2P*<3/2>).10p"	"2[1/2]"	"0"		""	"L17684"	
"362.6643"	"0.0005"	"362.6643"	"0.0005"	"2200"	""		"61981.83211"	"89555.54"	"2s2.2p.3s"	"1P*"	"1"	"2s2.2p.(2P*<1/2>).10p"	"2[3/2]"	"1"		""	"L17684"	
"364.9663"	"0.0005"	"364.9662"	"0.0005"	"2200"	""		"61981.83211"	"89381.63"	"2s2.2p.3s"	"1P*"	"1"	"2s2.2p.(2P*<3/2>).9p"	"2[1/2]"	"0"		""	"L17684"	
"365.3865"	"0.0005"	"365.3865"	"0.0005"	"2200"	""		"61981.83211"	"89350.11"	"2s2.2p.3s"	"1P*"	"1"	"2s2.2p.(2P*<3/2>).9p"	"2[5/2]"	"2"		""	"L17684"	
"366.9645"	"0.0005"	"366.9644"	"0.0005"	"3300"	""		"61981.83211"	"89232.43"	"2s2.2p.3s"	"1P*"	"1"	"2s2.2p.(2P*<1/2>).9p"	"2[3/2]"	"1"		""	"L17684"	
"370.6611"	"0.0005"	"370.6612"	"0.0005"	"3300"	""		"61981.83211"	"88960.65"	"2s2.2p.3s"	"1P*"	"1"	"2s2.2p.(2P*<3/2>).8p"	"2[1/2]"	"0"		""	"L17684"	
"371.3091"	"0.0005"	"371.3091"	"0.0006"	"3300"	""		"61981.83211"	"88913.57"	"2s2.2p.3s"	"1P*"	"1"	"2s2.2p.(2P*<3/2>).8p"	"2[5/2]"	"2"		""	"L17684"	
"373.0086"	"0.0005"	"373.0087"	"0.0006"	"4200"	""		"61981.83211"	"88790.86"	"2s2.2p.3s"	"1P*"	"1"	"2s2.2p.(2P*<1/2>).8p"	"2[1/2]"	"1"		""	"L17684"	
"373.3410"	"0.0005"	"373.3405"	"0.0004"	"5000"	""		"61981.83211"	"88767.03"	"2s2.2p.3s"	"1P*"	"1"	"2s2.2p.(2P*<1/2>).8p"	"2[3/2]"	"1"		""	"L17684"	
"373.5571"	"0.0005"	"373.55686"	"0.00020"	"2800"	""		"60333.4476"	"87103.134"	"2s2.2p.3s"	"3P*"	"0"	"2s2.2p.6p"	"3P"	"1"		""	"L17684"	
"373.6838"	"0.0005"	"373.68397"	"0.00017"	"5600"	""		"60352.6584"	"87113.239"	"2s2.2p.3s"	"3P*"	"1"	"2s2.2p.6p"	"3P"	"2"		""	"L17684"	
"373.8249"	"0.0005"	"373.82513"	"0.00020"	"2800"	""		"60352.6584"	"87103.134"	"2s2.2p.3s"	"3P*"	"1"	"2s2.2p.6p"	"3P"	"1"		""	"L17684"	
"374.1853"	"0.0005"	"374.1851"	"0.0003"	"2800"	""		"60352.6584"	"87077.402"	"2s2.2p.3s"	"3P*"	"1"	"2s2.2p.6p"	"3P"	"0"		""	"L17684"	
"374.2507"	"0.0005"	"374.25052"	"0.00017"	"6300"	""		"60393.1693"	"87113.239"	"2s2.2p.3s"	"3P*"	"2"	"2s2.2p.6p"	"3P"	"2"		""	"L17684"	
"374.3915"	"0.0005"	"374.39211"	"0.00020"	"4200"	""		"60393.1693"	"87103.134"	"2s2.2p.3s"	"3P*"	"2"	"2s2.2p.6p"	"3P"	"1"		""	"L17684"	
"375.6188"	"0.0005"	"375.6189"	"0.0003"	"5600"	""		"60333.4476"	"86956.176"	"2s2.2p.3s"	"3P*"	"0"	"2s2.2p.6p"	"3D"	"1"		""	"L17684"	
"375.7590"	"0.0005"	"375.75853"	"0.00021"	"6800"	""		"60352.6584"	"86965.494"	"2s2.2p.3s"	"3P*"	"1"	"2s2.2p.6p"	"3D"	"2"		""	"L17684"	
"375.8116"	"0.0005"	"375.8107"	"0.0003"	"9600"	""		"60393.1693"	"87002.31"	"2s2.2p.3s"	"3P*"	"2"	"2s2.2p.6p"	"3D"	"3"		""	"L17684"	
"375.8904"	"0.0005"	"375.8901"	"0.0003"	"4200"	""		"60352.6584"	"86956.176"	"2s2.2p.3s"	"3P*"	"1"	"2s2.2p.6p"	"3D"	"1"		""	"L17684"	
"376.3320"	"0.0005"	"376.33139"	"0.00021"	"6800"	""		"60393.1693"	"86965.494"	"2s2.2p.3s"	"3P*"	"2"	"2s2.2p.6p"	"3D"	"2"		""	"L17684"	
"376.5026"	"0.0005"	"376.5027"	"0.0003"	"2800"	""		"60352.6584"	"86912.89"	"2s2.2p.3s"	"3P*"	"1"	"2s2.2p.6p"	"1P"	"1"		""	"L17684"	
"379.4755"	"0.0005"	"379.4756"	"0.0004"	"5100"	""		"61981.83211"	"88333.99"	"2s2.2p.3s"	"1P*"	"1"	"2s2.2p.7p"	"1S"	"0"		""	"L17684"	
"380.5385"	"0.0005"	"380.5385"	"0.0004"	"5100"	""		"61981.83211"	"88260.38"	"2s2.2p.3s"	"1P*"	"1"	"2s2.2p.7p"	"1D"	"2"		""	"L17684"	
"382.9935"	"0.0005"	"382.9926"	"0.0003"	"4200"	""		"61981.83211"	"88092.00"	"2s2.2p.3s"	"1P*"	"1"	"2s2.2p.7p"	"3D"	"1"		""	"L17684"	
"383.4435"	"0.0005"	"383.4428"	"0.0004"	"7300"	""		"61981.83211"	"88061.34"	"2s2.2p.3s"	"1P*"	"1"	"2s2.2p.7p"	"1P"	"1"		""	"L17684"	
"394.3339"	"0.0005"	"394.3339"	"0.0005"	"7900"	""		"61981.83211"	"87341.05"	"2s2.2p.3s"	"1P*"	"1"	"2s2.2p.6p"	"1S"	"0"		""	"L17684"	
"396.2524"	"0.0005"	"396.25236"	"0.00009"	"7900"	""		"61981.83211"	"87218.275"	"2s2.2p.3s"	"1P*"	"1"	"2s2.2p.6p"	"1D"	"2"		""	"L17684"	
"398.8007"	"0.0010"	"398.8007"	"0.0014"	"2600*"	""		"64086.96961"	"89162.15"	"2s.2p3"	"3D*"	"3"	"2s2.2p.(2P*<3/2>).8f"	"2[7/2]"	"4"		""	"L17684"	
"398.8007"	"0.0010"	"398.8007"	"0.0014"	"2600*"	""		"64086.96961"	"89162.15"	"2s.2p3"	"3D*"	"3"	"2s2.2p.(2P*<3/2>).8f"	"2[7/2]"	"3"		""	"L17684"	
"399.7618"	"0.0010"	"399.7617"	"0.0014"	"1700*"	""		"64086.96961"	"89101.87"	"2s.2p3"	"3D*"	"3"	"2s2.2p.(2P*<1/2>).8f"	"2[7/2]"	"4"		""	"L17684"	
"399.7618"	"0.0010"	"399.7617"	"0.0014"	"1700*"	""		"64086.96961"	"89101.87"	"2s.2p3"	"3D*"	"3"	"2s2.2p.(2P*<1/2>).8f"	"2[7/2]"	"3"		""	"L17684"	
"399.8096"	"0.0005"	"399.8095"	"0.0005"	"1700"	""		"64089.8990"	"89101.81"	"2s.2p3"	"3D*"	"1"	"2s2.2p.(2P*<1/2>).8f"	"2[5/2]"	"2"		""	"L17684"	
"399.8266"	"0.0010"	"399.8267"	"0.0014"	"1700*"	""		"64090.99351"	"89101.83"	"2s.2p3"	"3D*"	"2"	"2s2.2p.(2P*<1/2>).8f"	"2[5/2]"	"3"		""	"L17684"	
"399.8266"	"0.0010"	"399.8270"	"0.0005"	"1700*"	""		"64090.99351"	"89101.81"	"2s.2p3"	"3D*"	"2"	"2s2.2p.(2P*<1/2>).8f"	"2[5/2]"	"2"		""	"L17684"	
"400.4108"	"0.0005"	"400.4109"	"0.0003"	"5300"	""		"61981.83211"	"86956.176"	"2s2.2p.3s"	"1P*"	"1"	"2s2.2p.6p"	"3D"	"1"		""	"L17684"	
"401.1064"	"0.0005"	"401.1061"	"0.0004"	"13000"	""		"61981.83211"	"86912.89"	"2s2.2p.3s"	"1P*"	"1"	"2s2.2p.6p"	"1P"	"1"		""	"L17684"	
"402.3252"	"0.0005"	"402.325127"	"0.000010"	"6700"	""		"60333.4476"	"85188.9670"	"2s2.2p.3s"	"3P*"	"0"	"2s2.2p.5p"	"3P"	"1"		""	"L17684"	
"402.3978"	"0.0005"	"402.398015"	"0.000006"	"9700"	""		"60352.6584"	"85203.6756"	"2s2.2p.3s"	"3P*"	"1"	"2s2.2p.5p"	"3P"	"2"		""	"L17684"	
"402.6359"	"0.0005"	"402.636324"	"0.000008"	"4500"	""		"60352.6584"	"85188.9670"	"2s2.2p.3s"	"3P*"	"1"	"2s2.2p.5p"	"3P"	"1"		""	"L17684"	
"402.9493"	"0.0005"	"402.9496"	"0.0005"	"6700"	""		"60352.6584"	"85169.66"	"2s2.2p.3s"	"3P*"	"1"	"2s2.2p.5p"	"3P"	"0"		""	"L17684"	
"403.0552"	"0.0005"	"403.055056"	"0.000006"	"16000"	""		"60393.1693"	"85203.6756"	"2s2.2p.3s"	"3P*"	"2"	"2s2.2p.5p"	"3P"	"2"		""	"L17684"	
"403.2934"	"0.0005"	"403.294144"	"0.000008"	"10000"	""		"60393.1693"	"85188.9670"	"2s2.2p.3s"	"3P*"	"2"	"2s2.2p.5p"	"3P"	"1"		""	"L17684"	
"403.4368"	"0.0005"	"403.4368"	"0.0005"	"1800"	""		"64086.96961"	"88874.00"	"2s.2p3"	"3D*"	"3"	"2s2.2p.(2P*<3/2>).8p"	"2[3/2]"	"2"		""	"L17684"	
"406.4725"	"0.0005"	"406.4724"	"0.0003"	"6800"	""		"60333.4476"	"84935.362"	"2s2.2p.3s"	"3P*"	"0"	"2s2.2p.5p"	"3D"	"1"		""	"L17684"	
"406.5419"	"0.0005"	"406.5412"	"0.0003"	"11000"	""		"60352.6584"	"84950.41"	"2s2.2p.3s"	"3P*"	"1"	"2s2.2p.5p"	"3D"	"2"		""	"L17684"	
"406.6394"	"0.0005"	"406.63905"	"0.00003"	"14000"	""		"60393.1693"	"84985.0033"	"2s2.2p.3s"	"3P*"	"2"	"2s2.2p.5p"	"3D"	"3"		""	"L17684"	
"406.7900"	"0.0005"	"406.7901"	"0.0003"	"6800"	""		"60352.6584"	"84935.362"	"2s2.2p.3s"	"3P*"	"1"	"2s2.2p.5p"	"3D"	"1"		""	"L17684"	
"407.2120"	"0.0005"	"407.2119"	"0.0003"	"6700"	""		"60393.1693"	"84950.41"	"2s2.2p.3s"	"3P*"	"2"	"2s2.2p.5p"	"3D"	"2"		""	"L17684"	
"407.3793"	"0.0010"	"407.3793"	"0.0015"	"6100*"	""		"64086.96961"	"88634.12"	"2s.2p3"	"3D*"	"3"	"2s2.2p.(2P*<3/2>).7f"	"2[7/2]"	"4"		""	"L17684"	
"407.3793"	"0.0010"	"407.3808"	"0.0005"	"6100*"	""		"64086.96961"	"88634.03"	"2s.2p3"	"3D*"	"3"	"2s2.2p.(2P*<3/2>).7f"	"2[7/2]"	"3"		""	"L17684"	
"407.4477"	"0.0005"	"407.4475"	"0.0005"	"2400"	""		"64090.99351"	"88634.03"	"2s.2p3"	"3D*"	"2"	"2s2.2p.(2P*<3/2>).7f"	"2[7/2]"	"3"		""	"L17684"	
"408.3568"	"0.0010"	"408.3568"	"0.0013"	"3300p(Ar II)*"	""		"64086.96961"	"88575.36"	"2s.2p3"	"3D*"	"3"	"2s2.2p.(2P*<1/2>).7f"	"2[7/2]"	"3"		""	"L17684"	
"408.3568"	"0.0010"	"408.3568"	"0.0013"	"3300p(Ar II)*"	""		"64086.96961"	"88575.36"	"2s.2p3"	"3D*"	"3"	"2s2.2p.(2P*<1/2>).7f"	"2[7/2]"	"4"		""	"L17684"	
"408.4134"	"0.0005"	"408.4133"	"0.0005"	"2700"	""		"64089.8990"	"88574.90"	"2s.2p3"	"3D*"	"1"	"2s2.2p.(2P*<1/2>).7f"	"2[5/2]"	"2"		""	"L17684"	
"408.4314"	"0.0010"	"408.4316"	"0.0005"	"2700*"	""		"64090.99351"	"88574.90"	"2s.2p3"	"3D*"	"2"	"2s2.2p.(2P*<1/2>).7f"	"2[5/2]"	"2"		""	"L17684"	
"408.4314"	"0.0010"	"408.4317"	"0.0008"	"2700*"	""		"64090.99351"	"88574.89"	"2s.2p3"	"3D*"	"2"	"2s2.2p.(2P*<1/2>).7f"	"2[5/2]"	"3"		""	"L17684"	
"414.7433"	"0.0005"	"414.7445"	"0.0003"	"4000"	""		"64086.96961"	"88198.20"	"2s.2p3"	"3D*"	"3"	"2s2.2p.7p"	"3P"	"2"		""	"L17684"	
"414.8140"	"0.0005"	"414.8137"	"0.0003"	"1900"	""		"64090.99351"	"88198.20"	"2s.2p3"	"3D*"	"2"	"2s2.2p.7p"	"3P"	"2"		""	"L17684"	
"414.9146"	"0.0005"	"414.9146"	"0.0005"	"2700"	""		"64090.99351"	"88192.34"	"2s.2p3"	"3D*"	"2"	"2s2.2p.7p"	"3P"	"1"		""	"L17684"	
"415.4545"	"0.0005"	"415.4544"	"0.0005"	"2300"	""		"64089.8990"	"88159.93"	"2s.2p3"	"3D*"	"1"	"2s2.2p.7p"	"3P"	"0"		""	"L17684"	
"415.951"	"0.020"	"415.8895"	"0.0007"	"2000bl(Fe II)"	""		"64090.99351"	"88135.84"	"2s.2p3"	"3D*"	"2"	"2s2.2p.7p"	"3D"	"3"		""	"L2138c153"	
"421.0896"	"0.0010"	"421.0906"	"0.0007"	"1800*"	""		"64089.8990"	"87837.76"	"2s.2p3"	"3D*"	"1"	"2s2.2p.(2P*<3/2>).6f"	"2[3/2]"	"1"		""	"L17684"	
"421.0896"	"0.0010"	"421.0906"	"0.0007"	"1800*"	""		"64089.8990"	"87837.76"	"2s.2p3"	"3D*"	"1"	"2s2.2p.(2P*<3/2>).6f"	"2[3/2]"	"2"		""	"L17684"	
"421.1091"	"0.0010"	"421.1100"	"0.0007"	"1800*"	""		"64090.99351"	"87837.76"	"2s.2p3"	"3D*"	"2"	"2s2.2p.(2P*<3/2>).6f"	"2[3/2]"	"1"		""	"L17684"	
"421.1091"	"0.0010"	"421.1100"	"0.0007"	"1800*"	""		"64090.99351"	"87837.76"	"2s.2p3"	"3D*"	"2"	"2s2.2p.(2P*<3/2>).6f"	"2[3/2]"	"2"		""	"L17684"	
"421.2301"	"0.0010"	"421.2287"	"0.0003"	"4100*"	""		"64086.96961"	"87827.043"	"2s.2p3"	"3D*"	"3"	"2s2.2p.(2P*<3/2>).6f"	"2[5/2]"	"2"		""	"L17684"	
"421.2301"	"0.0010"	"421.2296"	"0.0007"	"4100*"	""		"64086.96961"	"87826.99"	"2s.2p3"	"3D*"	"3"	"2s2.2p.(2P*<3/2>).6f"	"2[5/2]"	"3"		""	"L17684"	
"421.2799"	"0.0005"	"421.2807"	"0.0003"	"2700"	""		"64089.8990"	"87827.043"	"2s.2p3"	"3D*"	"1"	"2s2.2p.(2P*<3/2>).6f"	"2[5/2]"	"2"		""	"L17684"	
"421.3003"	"0.0010"	"421.3001"	"0.0003"	"4100*"	""		"64090.99351"	"87827.043"	"2s.2p3"	"3D*"	"2"	"2s2.2p.(2P*<3/2>).6f"	"2[5/2]"	"2"		""	"L17684"	
"421.3003"	"0.0010"	"421.3010"	"0.0007"	"4100*"	""		"64090.99351"	"87826.99"	"2s.2p3"	"3D*"	"2"	"2s2.2p.(2P*<3/2>).6f"	"2[5/2]"	"3"		""	"L17684"	
"421.3529"	"0.0010"	"421.3528"	"0.0014"	"9200*"	""		"64086.96961"	"87820.05"	"2s.2p3"	"3D*"	"3"	"2s2.2p.(2P*<3/2>).6f"	"2[7/2]"	"4"		""	"L17684"	
"421.3529"	"0.0010"	"421.3544"	"0.0005"	"9200*"	""		"64086.96961"	"87819.96"	"2s.2p3"	"3D*"	"3"	"2s2.2p.(2P*<3/2>).6f"	"2[7/2]"	"3"		""	"L17684"	
"421.4261"	"0.0005"	"421.4259"	"0.0005"	"4000"	""		"64090.99351"	"87819.96"	"2s.2p3"	"3D*"	"2"	"2s2.2p.(2P*<3/2>).6f"	"2[7/2]"	"3"		""	"L17684"	
"422.3655"	"0.0010"	"422.3644"	"0.0011"	"6100*"	""		"64086.96961"	"87763.21"	"2s.2p3"	"3D*"	"3"	"2s2.2p.(2P*<1/2>).6f"	"2[7/2]"	"3"		""	"L17684"	
"422.3655"	"0.0010"	"422.3656"	"0.0014"	"6100*"	""		"64086.96961"	"87763.14"	"2s.2p3"	"3D*"	"3"	"2s2.2p.(2P*<1/2>).6f"	"2[7/2]"	"4"		""	"L17684"	
"422.4348"	"0.0010"	"422.4341"	"0.0003"	"9200*"	""		"64089.8990"	"87762.23"	"2s.2p3"	"3D*"	"1"	"2s2.2p.(2P*<1/2>).6f"	"2[5/2]"	"2"		""	"L17684"	
"422.4348"	"0.0010"	"422.4362"	"0.0011"	"9200*"	""		"64090.99351"	"87763.21"	"2s.2p3"	"3D*"	"2"	"2s2.2p.(2P*<1/2>).6f"	"2[7/2]"	"3"		""	"L17684"	
"422.4549"	"0.0010"	"422.4536"	"0.0003"	"6100*"	""		"64090.99351"	"87762.23"	"2s.2p3"	"3D*"	"2"	"2s2.2p.(2P*<1/2>).6f"	"2[5/2]"	"2"		""	"L17684"	
"422.4549"	"0.0010"	"422.4551"	"0.0009"	"6100*"	""		"64090.99351"	"87762.15"	"2s.2p3"	"3D*"	"2"	"2s2.2p.(2P*<1/2>).6f"	"2[5/2]"	"3"		""	"L17684"	
"422.9517"	"0.0005"	"422.95177"	"0.00007"	"13000"	""		"61981.83211"	"85625.190"	"2s2.2p.3s"	"1P*"	"1"	"2s2.2p.5p"	"1S"	"0"		""	"L17684"	
""	""	"424.7644"	"0.0003"	""	""		"10192.657"	"33735.121"	"2s2.2p2"	"1D"	"2"	"2s.2p3"	"5S*"	"2"		""	""	
"427.02212"	"0.00012"	"427.02193"	"0.00009"	"21000bl"	"2.1e+06"	E	"61981.83211"	"85399.833"	"2s2.2p.3s"	"1P*"	"1"	"2s2.2p.5p"	"1D"	"2"		"T9787"	"L12175c183"	
"434.2861"	"0.0005"	"434.28659"	"0.00023"	"6000"	""		"64086.96961"	"87113.239"	"2s.2p3"	"3D*"	"3"	"2s2.2p.6p"	"3P"	"2"		""	"L17684"	
"434.3617"	"0.0005"	"434.36250"	"0.00023"	"2300"	""		"64090.99351"	"87113.239"	"2s.2p3"	"3D*"	"2"	"2s2.2p.6p"	"3P"	"2"		""	"L17684"	
"434.5332"	"0.0005"	"434.5326"	"0.0003"	"1900"	""		"64089.8990"	"87103.134"	"2s.2p3"	"3D*"	"1"	"2s2.2p.6p"	"3P"	"1"		""	"L17684"	
"434.5530"	"0.0005"	"434.5532"	"0.0003"	"2800"	""		"64090.99351"	"87103.134"	"2s.2p3"	"3D*"	"2"	"2s2.2p.6p"	"3P"	"1"		""	"L17684"	
"435.0189"	"0.0005"	"435.0190"	"0.0004"	"2300"	""		"64089.8990"	"87077.402"	"2s.2p3"	"3D*"	"1"	"2s2.2p.6p"	"3P"	"0"		""	"L17684"	
"435.6632"	"0.0005"	"435.6628"	"0.0003"	"4100"	""		"61981.83211"	"84935.362"	"2s2.2p.3s"	"1P*"	"1"	"2s2.2p.5p"	"3D"	"1"		""	"L17684"	
"437.26098"	"0.00003"	"437.26099"	"0.00003"	"33000"	"1.27e+06"	B	"61981.83211"	"84851.4691"	"2s2.2p.3s"	"1P*"	"1"	"2s2.2p.5p"	"1P"	"1"		"T5520"	"L12175c183"	
"446.2552"	"0.0010"	"446.25218"	"0.00012"	"2800*"	""		"64089.8990"	"86498.753"	"2s.2p3"	"3D*"	"1"	"2s2.2p.(2P*<3/2>).5f"	"2[3/2]"	"2"		""	"L17684"	
"446.2552"	"0.0010"	"446.25676"	"0.00022"	"2800*"	""		"64089.8990"	"86498.523"	"2s.2p3"	"3D*"	"1"	"2s2.2p.(2P*<3/2>).5f"	"2[3/2]"	"1"		""	"L17684"	
"446.2752"	"0.0010"	"446.27398"	"0.00012"	"2800*"	""		"64090.99351"	"86498.753"	"2s.2p3"	"3D*"	"2"	"2s2.2p.(2P*<3/2>).5f"	"2[3/2]"	"2"		""	"L17684"	
"446.2752"	"0.0010"	"446.27856"	"0.00022"	"2800*"	""		"64090.99351"	"86498.523"	"2s.2p3"	"3D*"	"2"	"2s2.2p.(2P*<3/2>).5f"	"2[3/2]"	"1"		""	"L17684"	
"446.5139"	"0.0010"	"446.51181"	"0.00005"	"4300*"	""		"64086.96961"	"86482.794"	"2s.2p3"	"3D*"	"3"	"2s2.2p.(2P*<3/2>).5f"	"2[5/2]"	"2"		""	"L17684"	
"446.5139"	"0.0010"	"446.51422"	"0.00003"	"4300*"	""		"64086.96961"	"86482.6727"	"2s.2p3"	"3D*"	"3"	"2s2.2p.(2P*<3/2>).5f"	"2[5/2]"	"3"		""	"L17684"	
"446.5701"	"0.0005"	"446.57022"	"0.00005"	"2800"	""		"64089.8990"	"86482.794"	"2s.2p3"	"3D*"	"1"	"2s2.2p.(2P*<3/2>).5f"	"2[5/2]"	"2"		""	"L17684"	
"446.5930"	"0.0010"	"446.59205"	"0.00005"	"4300*"	""		"64090.99351"	"86482.794"	"2s.2p3"	"3D*"	"2"	"2s2.2p.(2P*<3/2>).5f"	"2[5/2]"	"2"		""	"L17684"	
"446.5930"	"0.0010"	"446.59447"	"0.00003"	"4300*"	""		"64090.99351"	"86482.6727"	"2s.2p3"	"3D*"	"2"	"2s2.2p.(2P*<3/2>).5f"	"2[5/2]"	"3"		""	"L17684"	
"446.7729"	"0.0010"	"446.772515"	"0.000018"	"14000*"	""		"64086.96961"	"86469.7252"	"2s.2p3"	"3D*"	"3"	"2s2.2p.(2P*<3/2>).5f"	"2[7/2]"	"4"		""	"L17684"	
"446.7729"	"0.0010"	"446.77614"	"0.00003"	"14000*"	""		"64086.96961"	"86469.5436"	"2s.2p3"	"3D*"	"3"	"2s2.2p.(2P*<3/2>).5f"	"2[7/2]"	"3"		""	"L17684"	
"446.8563"	"0.0005"	"446.85647"	"0.00003"	"3900"	""		"64090.99351"	"86469.5436"	"2s.2p3"	"3D*"	"2"	"2s2.2p.(2P*<3/2>).5f"	"2[7/2]"	"3"		""	"L17684"	
"447.8728"	"0.0010"	"447.872228"	"0.000016"	"9600*"	""		"64086.96961"	"86414.7662"	"2s.2p3"	"3D*"	"3"	"2s2.2p.(2P*<1/2>).5f"	"2[7/2]"	"4"		""	"L17684"	
"447.8728"	"0.0010"	"447.876240"	"0.000024"	"9600*"	""		"64086.96961"	"86414.5662"	"2s.2p3"	"3D*"	"3"	"2s2.2p.(2P*<1/2>).5f"	"2[7/2]"	"3"		""	"L17684"	
"447.9576"	"0.0005"	"447.956971"	"0.000024"	"4300"	""		"64090.99351"	"86414.5662"	"2s.2p3"	"3D*"	"2"	"2s2.2p.(2P*<1/2>).5f"	"2[7/2]"	"3"		""	"L17684"	
"447.9845"	"0.0005"	"447.98388"	"0.00003"	"13000"	""		"64089.8990"	"86412.1310"	"2s.2p3"	"3D*"	"1"	"2s2.2p.(2P*<1/2>).5f"	"2[5/2]"	"2"		""	"L17684"	
"448.0082"	"0.0010"	"448.00584"	"0.00003"	"9600*"	""		"64090.99351"	"86412.1310"	"2s.2p3"	"3D*"	"2"	"2s2.2p.(2P*<1/2>).5f"	"2[5/2]"	"2"		""	"L17684"	
"448.0082"	"0.0010"	"448.00787"	"0.00003"	"9600*"	""		"64090.99351"	"86412.0301"	"2s.2p3"	"3D*"	"2"	"2s2.2p.(2P*<1/2>).5f"	"2[5/2]"	"3"		""	"L17684"	
""	""	"456.638478"	"0.000008"	"m"	""		"60352.6584"	"82251.82041"	"2s2.2p.3s"	"3P*"	"1"	"2s2.2p.4p"	"1S"	"0"		""	"L12175"	
"462.28639"	"0.00007"	"462.28637"	"0.00006"	"3r"	"2.3e-03"	C+	"16.4167130"	"21648.030"	"2s2.2p2"	"3P"	"1"	"2s2.2p2"	"1S"	"0"	M1	"T7851"	"L12175c183"	
"462.86398"	"0.00022"	"462.86404"	"0.00006"	"1i"	"2.2e-05"	C	"43.4134567"	"21648.030"	"2s2.2p2"	"3P"	"2"	"2s2.2p2"	"1S"	"0"	E2	"T7851"	"L12175c183"	
"467.271"	"0.010"	"467.271"	"0.011"	"600w"	""		"68856.35208"	"90257.2"	"2s2.2p.3p"	"1P"	"1"	"2s2.2p.(2P*<1/2>).15s"	"2[1/2]*"	"1"		""	"L2138"	
"467.797"	"0.010"	"467.799017"	"0.000007"	"5300d"	"2.7e+03"	E	"60393.1693"	"81769.87089"	"2s2.2p.3s"	"3P*"	"2"	"2s2.2p.4p"	"1D"	"2"		"T9787"	"L2138"	
"467.886"	"0.020"	"467.871"	"0.004"	"890w,bl(Fe)*"	""		"68856.35208"	"90229.76"	"2s2.2p.3p"	"1P"	"1"	"2s2.2p.(2P*<3/2>).14s"	"2[3/2]*"	"1"		""	"L2138"	
"467.886"	"0.020"	"467.888"	"0.022"	"890w,bl(Fe)*"	""		"68856.35208"	"90229.0"	"2s2.2p.3p"	"1P"	"1"	"2s2.2p.(2P*<3/2>).13d"	"2[5/2]*"	"2"		""	"L2138"	
"470.302"	"0.010"	"470.289"	"0.003"	"1500w"	""		"68856.35208"	"90119.87"	"2s2.2p.3p"	"1P"	"1"	"2s2.2p.(2P*<3/2>).12d"	"2[3/2]*"	"1"		""	"L2138"	
"470.515"	"0.020"	"470.490"	"0.018"	"590i"	""		"68856.35208"	"90110.8"	"2s2.2p.3p"	"1P"	"1"	"2s2.2p.(2P*<3/2>).12d"	"2[5/2]*"	"2"		""	"L2138"	
"473.5586"	"0.0014"	"473.558708"	"0.000007"	"15000"	"2.6e+05"	C	"64086.96961"	"85203.6756"	"2s.2p3"	"3D*"	"3"	"2s2.2p.5p"	"3P"	"2"		"T5520LS"	"L17684"	
""	""	"473.624411"	"0.000013"	""	"3.1e+03"	D	"64089.8990"	"85203.6756"	"2s.2p3"	"3D*"	"1"	"2s2.2p.5p"	"3P"	"2"		"T5520LS"	""	
"473.6490"	"0.0014"	"473.648964"	"0.000009"	"3200"	"4.6e+04"	C	"64090.99351"	"85203.6756"	"2s.2p3"	"3D*"	"2"	"2s2.2p.5p"	"3P"	"2"		"T5520LS"	"L17684"	
"473.9538"	"0.0014"	"473.954584"	"0.000016"	"3000"	"7.6e+04"	C	"64089.8990"	"85188.9670"	"2s.2p3"	"3D*"	"1"	"2s2.2p.5p"	"3P"	"1"		"T5520LS"	"L17684"	
"473.9791"	"0.0014"	"473.979172"	"0.000011"	"6800"	"2.3e+05"	C	"64090.99351"	"85188.9670"	"2s.2p3"	"3D*"	"2"	"2s2.2p.5p"	"3P"	"1"		"T5520LS"	"L17684"	
"474.3896"	"0.0014"	"474.3887"	"0.0007"	"4200"	"3.0e+05"	C	"64089.8990"	"85169.66"	"2s.2p3"	"3D*"	"1"	"2s2.2p.5p"	"3P"	"0"		"T5520LS"	"L17684"	
"476.36350"	"0.00011"	"476.363710"	"0.000011"	"28000bl"	"3.4e+05"	C	"60333.4476"	"81325.81077"	"2s2.2p.3s"	"3P*"	"0"	"2s2.2p.4p"	"3P"	"1"		"T6070n"	"L12175c183"	
"476.38570"	"0.00005"	"476.385648"	"0.000007"	"31000q"	"2.7e+05"	C	"60352.6584"	"81344.05485"	"2s2.2p.3s"	"3P*"	"1"	"2s2.2p.4p"	"3P"	"2"		"T6070n"	"L12175c183"	
"476.80026"	"0.00014"	"476.800045"	"0.000007"	"22000q"	"2.4e+05"	C	"60352.6584"	"81325.81077"	"2s2.2p.3s"	"3P*"	"1"	"2s2.2p.4p"	"3P"	"1"		"T6070n"	"L12175c183"	
"477.135766"	"0.000023"	"477.135750"	"0.000007"	"24000"	"1.1e+06"	C	"60352.6584"	"81311.0544"	"2s2.2p.3s"	"3P*"	"1"	"2s2.2p.4p"	"3P"	"0"		"T6070n"	"L12175c183"	
"477.306765"	"0.000016"	"477.306793"	"0.000007"	"69000"	"8.0e+05"	C	"60393.1693"	"81344.05485"	"2s2.2p.3s"	"3P*"	"2"	"2s2.2p.4p"	"3P"	"2"		"T6070n"	"L12175c183"	
"477.7242"	"0.0014"	"477.722795"	"0.000007"	"34000"	"4.8e+05"	C	"60393.1693"	"81325.81077"	"2s2.2p.3s"	"3P*"	"2"	"2s2.2p.4p"	"3P"	"1"		"T6070n"	"L17684"	
"477.842"	"0.010"	"477.841"	"0.009"	"840"	""		"68856.35208"	"89783.8"	"2s2.2p.3p"	"1P"	"1"	"2s2.2p.(2P*<3/2>).10d"	"2[3/2]*"	"2"		""	"L2138"	
"478.5132"	"0.0014"	"478.51392"	"0.00005"	"2600"	""		"64086.96961"	"84985.0033"	"2s.2p3"	"3D*"	"3"	"2s2.2p.5p"	"3D"	"3"		""	"L17684"	
"479.3049"	"0.0014"	"479.3073"	"0.0005"	"2000"	""		"64086.96961"	"84950.41"	"2s.2p3"	"3D*"	"3"	"2s2.2p.5p"	"3D"	"2"		""	"L17684"	
"479.3989"	"0.0014"	"479.3998"	"0.0005"	"2000"	""		"64090.99351"	"84950.41"	"2s.2p3"	"3D*"	"2"	"2s2.2p.5p"	"3D"	"2"		""	"L17684"	
"479.7219"	"0.0014"	"479.7207"	"0.0004"	"1700"	""		"64089.8990"	"84935.362"	"2s.2p3"	"3D*"	"1"	"2s2.2p.5p"	"3D"	"1"		""	"L17684"	
"479.7423"	"0.0014"	"479.7459"	"0.0004"	"2000"	""		"64090.99351"	"84935.362"	"2s.2p3"	"3D*"	"2"	"2s2.2p.5p"	"3D"	"1"		""	"L17684"	
"480.759"	"0.020"	"480.773"	"0.012"	"910d,bl(Ti II)"	""		"69744.05213"	"90543.9"	"2s2.2p.3p"	"3D"	"3"	"2s2.2p.(2P*<3/2>).18d"	"2[7/2]*"	"3"		""	"L2138"	
"481.001"	"0.010"	"480.998"	"0.009"	"690w,d"	""		"69710.68728"	"90500.8"	"2s2.2p.3p"	"3D"	"2"	"2s2.2p.(2P*<3/2>).17d"	"2[5/2]*"	"2"		""	"L2138"	
"481.4261"	"0.0014"	"481.426179"	"0.000012"	"5300"	"4.0e+04"	C	"60333.4476"	"81105.06418"	"2s2.2p.3s"	"3P*"	"0"	"2s2.2p.4p"	"3S"	"1"		"T6070n"	"L17684"	
"481.8717"	"0.0014"	"481.871842"	"0.000007"	"15000"	"8.8e+04"	C	"60352.6584"	"81105.06418"	"2s2.2p.3s"	"3P*"	"1"	"2s2.2p.4p"	"3S"	"1"		"T6070n"	"L17684"	
"482.8153"	"0.0014"	"482.814347"	"0.000007"	"10000"	"6.3e+04"	C	"60393.1693"	"81105.06418"	"2s2.2p.3s"	"3P*"	"2"	"2s2.2p.4p"	"3S"	"1"		"T6070n"	"L17684"	
"483.8115"	"0.0014"	"483.8115"	"0.0012"	"1200"	""		"68856.35208"	"89525.56"	"2s2.2p.3p"	"1P"	"1"	"2s2.2p.(2P*<3/2>).9d"	"2[3/2]*"	"1"		""	"L17684"	
"484.144"	"0.020"	"484.1652"	"0.0009"	"2200d,bl(Fe II)"	""		"68856.35208"	"89510.46"	"2s2.2p.3p"	"1P"	"1"	"2s2.2p.(2P*<3/2>).9d"	"2[5/2]*"	"2"		""	"L2138"	
"484.326"	"0.010"	"484.328"	"0.009"	"1600w,d"	""		"69744.05213"	"90391.2"	"2s2.2p.3p"	"3D"	"3"	"2s2.2p.(2P*<1/2>).16d"	"2[3/2]*"	"2"		""	"L2138"	
"484.899"	"0.020"	"484.914"	"0.019"	"670d,bl(Fe II)"	""		"69710.68728"	"90332.9"	"2s2.2p.3p"	"3D"	"2"	"2s2.2p.(2P*<1/2>).15d"	"2[3/2]*"	"2"		""	"L2138"	
"485.534"	"0.010"	"485.5430"	"0.0012"	"1300"	""		"68856.35208"	"89451.85"	"2s2.2p.3p"	"1P"	"1"	"2s2.2p.(2P*<1/2>).10s"	"2[1/2]*"	"1"		""	"L2138"	
"486.034"	"0.020"	"486.0235"	"0.0009"	"1100bl(Nd II)"	""		"68856.35208"	"89431.49"	"2s2.2p.3p"	"1P"	"1"	"2s2.2p.(2P*<1/2>).9d"	"2[5/2]*"	"2"		""	"L2138"	
"487.544"	"0.020"	"487.542"	"0.019"	"2400bl(Ti II)"	""		"69744.05213"	"90255.1"	"2s2.2p.3p"	"3D"	"3"	"2s2.2p.(2P*<1/2>).14d"	"2[3/2]*"	"2"		""	"L2138"	
"488.136"	"0.010"	"488.137"	"0.010"	""	""		"69744.05213"	"90230.1"	"2s2.2p.3p"	"3D"	"3"	"2s2.2p.(2P*<3/2>).13d"	"2[3/2]*"	"2"		""	"L7393"	
"489.028"	"0.003"	"489.021431"	"0.000012"	"9800bl"	""		"60333.4476"	"80782.44916"	"2s2.2p.3s"	"3P*"	"0"	"2s2.2p.4p"	"3D"	"1"		""	"L17684"	
"489.03055"	"0.00017"	"489.030305"	"0.000007"	"5000bl"	""		"60352.6584"	"80801.28887"	"2s2.2p.3s"	"3P*"	"1"	"2s2.2p.4p"	"3D"	"2"		""	"L12175c183"	
"489.2011"	"0.0014"	"489.201953"	"0.000007"	"8700"	""		"60393.1693"	"80834.62491"	"2s2.2p.3s"	"3P*"	"2"	"2s2.2p.4p"	"3D"	"3"		""	"L17684"	
"489.4795"	"0.0014"	"489.481274"	"0.000007"	"3900"	""		"60352.6584"	"80782.44916"	"2s2.2p.3s"	"3P*"	"1"	"2s2.2p.4p"	"3D"	"1"		""	"L17684"	
"490.00100"	"0.00003"	"490.001049"	"0.000007"	"8100"	""		"60393.1693"	"80801.28887"	"2s2.2p.3s"	"3P*"	"2"	"2s2.2p.4p"	"3D"	"2"		""	"L12175c183"	
"490.922"	"0.016"	"490.919"	"0.014"	"2100w,bl(Fe)"	""		"69744.05213"	"90114.0"	"2s2.2p.3p"	"3D"	"3"	"2s2.2p.(2P*<3/2>).12d"	"2[5/2]*"	"3"		""	"L2138"	
"492.4062"	"0.0014"	"492.4074"	"0.0007"	"2000"	""		"68856.35208"	"89164.74"	"2s2.2p.3p"	"1P"	"1"	"2s2.2p.(2P*<3/2>).8d"	"2[3/2]*"	"1"		""	"L17684"	
"492.7791"	"0.0014"	"492.7808"	"0.0007"	"970"	""		"68856.35208"	"89149.35"	"2s2.2p.3p"	"1P"	"1"	"2s2.2p.(2P*<3/2>).9s"	"2[3/2]*"	"1"		""	"L17684"	
"493.340225"	"0.000017"	"493.340196"	"0.000007"	"73000"	"6.0e+06"	B	"61981.83211"	"82251.82041"	"2s2.2p.3s"	"1P*"	"1"	"2s2.2p.4p"	"1S"	"0"		"T6070"	"L12175c183"	
"494.3400"	"0.0014"	"494.3389"	"0.0010"	"1100"	""		"68856.35208"	"89085.39"	"2s2.2p.3p"	"1P"	"1"	"2s2.2p.(2P*<1/2>).9s"	"2[1/2]*"	"1"		""	"L17684"	
"494.4956"	"0.0014"	"494.4953"	"0.0012"	"940"	""		"69744.05213"	"89966.69"	"2s2.2p.3p"	"3D"	"3"	"2s2.2p.(2P*<3/2>).11d"	"2[5/2]*"	"2"		""	"L17684"	
"495.25"	"0.03"	"495.228"	"0.025"	"1500"	""		"69710.68728"	"89903.4"	"2s2.2p.3p"	"3D"	"2"	"2s2.2p.(2P*<1/2>).12s"	"2[1/2]*"	"1"		""	"L2138"	
"499.2800"	"0.0014"	"499.2801"	"0.0015"	"950"	""		"69744.05213"	"89772.89"	"2s2.2p.3p"	"3D"	"3"	"2s2.2p.(2P*<3/2>).10d"	"2[5/2]*"	"2"		""	"L17684"	
"499.782"	"0.016"	"499.787"	"0.007"	"3900w,l"	""		"69689.49393"	"89698.0"	"2s2.2p.3p"	"3D"	"1"	"2s2.2p.(2P*<1/2>).10d"	"2[5/2]*"	"2"		""	"L2138"	
"499.932"	"0.016"	"499.937"	"0.015"	"2300bl(Ba II)"	""		"69710.68728"	"89713.2"	"2s2.2p.3p"	"3D"	"2"	"2s2.2p.(2P*<1/2>).10d"	"2[3/2]*"	"2"		""	"L2138"	
"501.158"	"0.016"	"501.154"	"0.008"	"4700bl(Ti II)"	""		"69744.05213"	"89698.0"	"2s2.2p.3p"	"3D"	"3"	"2s2.2p.(2P*<1/2>).10d"	"2[5/2]*"	"2"		""	"L2138"	
""	""	"501.266304"	"0.000010"	""	"9.9e+03"	C	"64086.96961"	"84036.4454"	"2s.2p3"	"3D*"	"3"	"2s2.2p.(2P*<3/2>).4f"	"2[3/2]"	"2"		"T6070"	""	
"501.340"	"0.003"	"501.339921"	"0.000015"	"4800*"	""		"64089.8990"	"84036.4454"	"2s.2p3"	"3D*"	"1"	"2s2.2p.(2P*<3/2>).4f"	"2[3/2]"	"2"		""	"L17684"	
"501.340"	"0.003"	"501.342771"	"0.000018"	"4800*"	"8.2e+04"	C	"64089.8990"	"84036.3320"	"2s.2p3"	"3D*"	"1"	"2s2.2p.(2P*<3/2>).4f"	"2[3/2]"	"1"		"T6070"	"L17684"	
"501.368"	"0.003"	"501.367432"	"0.000010"	"4800*"	"4.4e+04"	C	"64090.99351"	"84036.4454"	"2s.2p3"	"3D*"	"2"	"2s2.2p.(2P*<3/2>).4f"	"2[3/2]"	"2"		"T6070"	"L17684"	
"501.368"	"0.003"	"501.370283"	"0.000013"	"4800*"	""		"64090.99351"	"84036.3320"	"2s.2p3"	"3D*"	"2"	"2s2.2p.(2P*<3/2>).4f"	"2[3/2]"	"1"		""	"L17684"	
"501.849"	"0.003"	"501.845248"	"0.000008"	"9300*"	""		"64086.96961"	"84013.4311"	"2s.2p3"	"3D*"	"3"	"2s2.2p.(2P*<3/2>).4f"	"2[5/2]"	"2"		""	"L17684"	
"501.849"	"0.003"	"501.849172"	"0.000004"	"9300*"	"1.3e+05"	C	"64086.96961"	"84013.27526"	"2s.2p3"	"3D*"	"3"	"2s2.2p.(2P*<3/2>).4f"	"2[5/2]"	"3"		"T6070"	"L17684"	
"501.9160"	"0.0014"	"501.919035"	"0.000015"	"3200"	"3.1e+04"	C	"64089.8990"	"84013.4311"	"2s.2p3"	"3D*"	"1"	"2s2.2p.(2P*<3/2>).4f"	"2[5/2]"	"2"		"T6070"	"L17684"	
"501.947"	"0.003"	"501.946609"	"0.000010"	"4800*"	"7.7e+04"	C	"64090.99351"	"84013.4311"	"2s.2p3"	"3D*"	"2"	"2s2.2p.(2P*<3/2>).4f"	"2[5/2]"	"2"		"T6070"	"L17684"	
"501.947"	"0.003"	"501.950536"	"0.000008"	"4800*"	""		"64090.99351"	"84013.27526"	"2s.2p3"	"3D*"	"2"	"2s2.2p.(2P*<3/2>).4f"	"2[5/2]"	"3"		""	"L17684"	
"502.525"	"0.003"	"502.524609"	"0.000013"	"37000*"	"1.8e+05"	C	"64086.96961"	"83986.4926"	"2s.2p3"	"3D*"	"3"	"2s2.2p.(2P*<3/2>).4f"	"2[7/2]"	"4"		"T6070"	"L17684"	
"502.525"	"0.003"	"502.531439"	"0.000006"	"37000*"	""		"64086.96961"	"83986.22212"	"2s.2p3"	"3D*"	"3"	"2s2.2p.(2P*<3/2>).4f"	"2[7/2]"	"3"		""	"L17684"	
"502.6317"	"0.0014"	"502.633078"	"0.000008"	"9400"	"7.1e+04"	C	"64090.99351"	"83986.22212"	"2s.2p3"	"3D*"	"2"	"2s2.2p.(2P*<3/2>).4f"	"2[7/2]"	"3"		"T6070"	"L17684"	
"504.048"	"0.003"	"504.046124"	"0.000004"	"37000*"	"4.7e+05"	C	"64086.96961"	"83926.42382"	"2s.2p3"	"3D*"	"3"	"2s2.2p.(2P*<1/2>).4f"	"2[7/2]"	"4"		"T6070"	"L17684"	
"504.048"	"0.003"	"504.051192"	"0.000008"	"37000*"	""		"64086.96961"	"83926.22434"	"2s.2p3"	"3D*"	"3"	"2s2.2p.(2P*<1/2>).4f"	"2[7/2]"	"3"		""	"L17684"	
"504.1539"	"0.0014"	"504.153447"	"0.000010"	"12000"	"1.9e+05"	C	"64090.99351"	"83926.22434"	"2s.2p3"	"3D*"	"2"	"2s2.2p.(2P*<1/2>).4f"	"2[7/2]"	"3"		"T6070"	"L17684"	
"504.2887"	"0.0014"	"504.289620"	"0.000013"	"25000"	"5.3e+05"	C	"64089.8990"	"83919.77375"	"2s.2p3"	"3D*"	"1"	"2s2.2p.(2P*<1/2>).4f"	"2[5/2]"	"2"		"T6070"	"L17684"	
"504.321"	"0.003"	"504.317456"	"0.000008"	"25000*"	"5.7e+04"	C	"64090.99351"	"83919.77375"	"2s.2p3"	"3D*"	"2"	"2s2.2p.(2P*<1/2>).4f"	"2[5/2]"	"2"		"T6070"	"L17684"	
"504.321"	"0.003"	"504.320267"	"0.000008"	"25000*"	"3.3e+05"	C	"64090.99351"	"83919.66322"	"2s.2p3"	"3D*"	"2"	"2s2.2p.(2P*<1/2>).4f"	"2[5/2]"	"3"		"T6070"	"L17684"	
"504.660"	"0.016"	"504.6714"	"0.0013"	"2500d,bl"	""		"69710.68728"	"89525.56"	"2s2.2p.3p"	"3D"	"2"	"2s2.2p.(2P*<3/2>).9d"	"2[3/2]*"	"1"		""	"L2138"	
"505.355783"	"0.000015"	"505.355792"	"0.000008"	"160000"	"2.6e+06"	B	"61981.83211"	"81769.87089"	"2s2.2p.3s"	"1P*"	"1"	"2s2.2p.4p"	"1D"	"2"		"T6070"	"L12175c183"	
"505.4924"	"0.0014"	"505.4938"	"0.0008"	"2700"	"7.7e+05"	C	"68856.35208"	"88638.99"	"2s2.2p.3p"	"1P"	"1"	"2s2.2p.(2P*<3/2>).7d"	"2[3/2]*"	"1"		"T5520"	"L17684"	
"505.590"	"0.016"	"505.578"	"0.013"	"1600bl(Fe)"	""		"69744.05213"	"89523.4"	"2s2.2p.3p"	"3D"	"3"	"2s2.2p.(2P*<3/2>).9d"	"2[3/2]*"	"2"		""	"L2138"	
"505.9092"	"0.0014"	"505.9088"	"0.0010"	"970"	""		"69744.05213"	"89510.46"	"2s2.2p.3p"	"3D"	"3"	"2s2.2p.(2P*<3/2>).9d"	"2[5/2]*"	"2"		""	"L17684"	
"506.008"	"0.016"	"506.0232"	"0.0023"	"830d,bl,i"	""		"69744.05213"	"[89505.99]"	"2s2.2p.3p"	"3D"	"3"	"2s2.2p.(2P*<3/2>).9d"	"2[7/2]*"	"4"		""	"L2138c153"	
"506.1067"	"0.0014"	"506.1070"	"0.0008"	"1100"	""		"68856.35208"	"88615.02"	"2s2.2p.3p"	"1P"	"1"	"2s2.2p.(2P*<3/2>).8s"	"2[3/2]*"	"1"		""	"L17684"	
"506.5559"	"0.0014"	"506.5558"	"0.0013"	"970"	""		"69710.68728"	"89451.85"	"2s2.2p.3p"	"3D"	"2"	"2s2.2p.(2P*<1/2>).10s"	"2[1/2]*"	"1"		""	"L17684"	
"507.8007"	"0.0014"	"507.8013"	"0.0004"	"2600"	""		"68856.35208"	"88549.095"	"2s2.2p.3p"	"1P"	"1"	"2s2.2p.(2P*<1/2>).8s"	"2[1/2]*"	"1"		""	"L17684"	
"509.1051"	"0.0014"	"509.1059"	"0.0008"	"1100"	""		"68856.35208"	"88498.63"	"2s2.2p.3p"	"1P"	"1"	"2s2.2p.(2P*<1/2>).7d"	"2[5/2]*"	"2"		""	"L17684"	
"515.5007"	"0.0014"	"515.5004"	"0.0008"	"3200"	""		"69744.05213"	"89142.68"	"2s2.2p.3p"	"3D"	"3"	"2s2.2p.(2P*<3/2>).8d"	"2[5/2]*"	"2"		""	"L17684"	
"515.6728"	"0.0014"	"515.6727"	"0.0013"	"1500"	""		"69689.49393"	"89081.64"	"2s2.2p.3p"	"3D"	"1"	"2s2.2p.(2P*<1/2>).9s"	"2[1/2]*"	"0"		""	"L17684"	
"515.674"	"0.016"	"515.6625"	"0.0021"	"1800w,bl,i"	""		"69744.05213"	"[89136.58]"	"2s2.2p.3p"	"3D"	"3"	"2s2.2p.(2P*<3/2>).8d"	"2[7/2]*"	"4"		""	"L2138c153"	
"516.1357"	"0.0014"	"516.1370"	"0.0011"	"1500"	""		"69710.68728"	"89085.39"	"2s2.2p.3p"	"3D"	"2"	"2s2.2p.(2P*<1/2>).9s"	"2[1/2]*"	"1"		""	"L17684"	
"527.0422"	"0.0014"	"527.0418"	"0.0005"	"7200"	"1.3e+06"	C	"68856.35208"	"87830.18"	"2s2.2p.3p"	"1P"	"1"	"2s2.2p.6d"	"1P*"	"1"		"T5520"	"L17684"	
"528.1707"	"0.0014"	"528.1701"	"0.0004"	"4500"	""		"68856.35208"	"87789.646"	"2s2.2p.3p"	"1P"	"1"	"2s2.2p.7s"	"1P*"	"1"		""	"L17684"	
"528.9787"	"0.0014"	"528.9793"	"0.0011"	"1000"	""		"69710.68728"	"88615.02"	"2s2.2p.3p"	"3D"	"2"	"2s2.2p.(2P*<3/2>).8s"	"2[3/2]*"	"1"		""	"L17684"	
""	""	"529.2465"	"0.0008"	""	"8.e+03"	D	"69689.49393"	"88584.28"	"2s2.2p.3p"	"3D"	"1"	"2s2.2p.(2P*<3/2>).8s"	"2[3/2]*"	"2"		"T5520LS"	""	
"529.2696"	"0.0014"	"529.2665"	"0.0006"	"1600"	""		"69710.68728"	"88604.76"	"2s2.2p.3p"	"3D"	"2"	"2s2.2p.(2P*<3/2>).7d"	"2[5/2]*"	"2"		""	"L17684"	
"529.8404"	"0.0014"	"529.8408"	"0.0008"	"1000"	"1.1e+05"	D	"69710.68728"	"88584.28"	"2s2.2p.3p"	"3D"	"2"	"2s2.2p.(2P*<3/2>).8s"	"2[3/2]*"	"2"		"T5520LS"	"L17684"	
"530.1593"	"0.0014"	"530.1600"	"0.0004"	"1800"	""		"68856.35208"	"87718.583"	"2s2.2p.3p"	"1P"	"1"	"2s2.2p.7s"	"3P*"	"1"		""	"L17684"	
"530.2025"	"0.0014"	"530.2028"	"0.0006"	"4700"	""		"69744.05213"	"88604.76"	"2s2.2p.3p"	"3D"	"3"	"2s2.2p.(2P*<3/2>).7d"	"2[5/2]*"	"2"		""	"L17684"	
"530.2320"	"0.0014"	"530.2339"	"0.0005"	"1600"	"1.9e+05"	D	"69689.49393"	"88549.095"	"2s2.2p.3p"	"3D"	"1"	"2s2.2p.(2P*<1/2>).8s"	"2[1/2]*"	"1"		"T5520LS"	"L17684"	
"530.3827"	"0.0014"	"530.3834"	"0.0008"	"1600"	"8.e+05"	D	"69689.49393"	"88543.78"	"2s2.2p.3p"	"3D"	"1"	"2s2.2p.(2P*<1/2>).8s"	"2[1/2]*"	"0"		"T5520LS"	"L17684"	
"530.461"	"0.016"	"530.4444"	"0.0023"	"1100bl,i"	""		"69744.05213"	"[88596.17]"	"2s2.2p.3p"	"3D"	"3"	"2s2.2p.(2P*<3/2>).7d"	"2[7/2]*"	"4"		""	"L2138c153"	
"530.7791"	"0.0014"	"530.7791"	"0.0008"	"1000"	"6.e+05"	D	"69744.05213"	"88584.28"	"2s2.2p.3p"	"3D"	"3"	"2s2.2p.(2P*<3/2>).8s"	"2[3/2]*"	"2"		"T5520LS"	"L17684"	
"530.8313"	"0.0014"	"530.8304"	"0.0005"	"3500"	"6.e+05"	D	"69710.68728"	"88549.095"	"2s2.2p.3p"	"3D"	"2"	"2s2.2p.(2P*<1/2>).8s"	"2[1/2]*"	"1"		"T5520LS"	"L17684"	
"531.8944"	"0.0014"	"531.897436"	"0.000011"	"5100"	""		"61981.83211"	"80782.44916"	"2s2.2p.3s"	"1P*"	"1"	"2s2.2p.4p"	"3D"	"1"		""	"L17684"	
""	""	"532.5546"	"0.0009"	"m"	""		"68856.35208"	"87633.77"	"2s2.2p.3p"	"1P"	"1"	"2s2.2p.6d"	"1D*"	"2"		""	"L17684"	
"538.18269"	"0.00003"	"538.182620"	"0.000009"	"120000"	"1.86e+06"	B	"61981.83211"	"80562.88550"	"2s2.2p.3s"	"1P*"	"1"	"2s2.2p.4p"	"1P"	"1"		"T6070"	"L12175c183"	
"540.31"	"0.03"	"540.24"	"0.04"	"2400d"	""		"71385.40992"	"89895.6"	"2s2.2p.3p"	"3P"	"2"	"2s2.2p.(2P*<1/2>).11d"	"2[5/2]*"	"2"		""	"L2138c153"	
"543.839"	"0.016"	"543.839"	"0.015"	"3300w"	""		"71385.40992"	"89773.2"	"2s2.2p.3p"	"3P"	"2"	"2s2.2p.(2P*<3/2>).10d"	"2[5/2]*"	"3"		""	"L2138"	
"551.004"	"0.016"	"550.972"	"0.004"	"3500bl(Cr II)"	""		"71364.93596"	"89514.69"	"2s2.2p.3p"	"3P"	"1"	"2s2.2p.(2P*<3/2>).10s"	"2[3/2]*"	"1"		""	"L2138"	
"551.222"	"0.016"	"551.217"	"0.012"	"2600bl(Cr II)"	""		"71385.40992"	"89527.1"	"2s2.2p.3p"	"3P"	"2"	"2s2.2p.(2P*<3/2>).9d"	"2[1/2]*"	"1"		""	"L2138"	
"551.63"	"0.03"	"551.633"	"0.024"	"1700d,l"	""		"71385.40992"	"89513.4"	"2s2.2p.3p"	"3P"	"2"	"2s2.2p.(2P*<3/2>).9d"	"2[5/2]*"	"3"		""	"L2138"	
"551.7223"	"0.0014"	"551.7226"	"0.0012"	"880"	""		"71385.40992"	"89510.46"	"2s2.2p.3p"	"3P"	"2"	"2s2.2p.(2P*<3/2>).9d"	"2[5/2]*"	"2"		""	"L17684"	
"551.8175"	"0.0014"	"551.8191"	"0.0005"	"1100"	""		"69710.68728"	"87832.568"	"2s2.2p.3p"	"3D"	"2"	"2s2.2p.6d"	"3P*"	"2"		""	"L17684"	
"552.50"	"0.03"	"552.5074"	"0.0015"	"2700w"	""		"71352.54344"	"89451.85"	"2s2.2p.3p"	"3P"	"0"	"2s2.2p.(2P*<1/2>).10s"	"2[1/2]*"	"1"		""	"L2138"	
"552.8368"	"0.0014"	"552.8370"	"0.0006"	"2500"	""		"69744.05213"	"87832.568"	"2s2.2p.3p"	"3D"	"3"	"2s2.2p.6d"	"3P*"	"2"		""	"L17684"	
"553.1317"	"0.0014"	"553.1292"	"0.0005"	"1700"	""		"69710.68728"	"87789.646"	"2s2.2p.3p"	"3D"	"2"	"2s2.2p.7s"	"1P*"	"1"		""	"L17684"	
"553.358"	"0.016"	"553.381"	"0.004"	"1800bl?"	""		"71385.40992"	"89456.15"	"2s2.2p.3p"	"3P"	"2"	"2s2.2p.(2P*<1/2>).9d"	"2[3/2]*"	"1"		""	"L2138c153"	
""	""	"553.5790"	"0.0006"	""	"1.2e+04"	D	"69689.49393"	"87753.763"	"2s2.2p.3p"	"3D"	"1"	"2s2.2p.7s"	"3P*"	"2"		"T5520LS"	""	
"553.6344"	"0.0014"	"553.6355"	"0.0006"	"1700"	""		"69710.68728"	"87773.113"	"2s2.2p.3p"	"3D"	"2"	"2s2.2p.6d"	"3D*"	"2"		""	"L17684"	
"554.2295"	"0.0014"	"554.2292"	"0.0006"	"3700"	"1.8e+05"	D	"69710.68728"	"87753.763"	"2s2.2p.3p"	"3D"	"2"	"2s2.2p.7s"	"3P*"	"2"		"T5520LS"	"L17684"	
"554.5357"	"0.0014"	"554.5350"	"0.0009"	"1100"	""		"69744.05213"	"87777.18"	"2s2.2p.3p"	"3D"	"3"	"2s2.2p.6d"	"3D*"	"3"		""	"L17684"	
"554.661"	"0.003"	"554.6592"	"0.0005"	"13000*"	"3.0e+05"	D	"69689.49393"	"87718.583"	"2s2.2p.3p"	"3D"	"1"	"2s2.2p.7s"	"3P*"	"1"		"T5520LS"	"L17684"	
"554.661"	"0.003"	"554.6601"	"0.0006"	"13000*"	""		"69744.05213"	"87773.113"	"2s2.2p.3p"	"3D"	"3"	"2s2.2p.6d"	"3D*"	"2"		""	"L17684"	
"554.8812"	"0.0014"	"554.8806"	"0.0007"	"3900"	"1.2e+06"	D	"69689.49393"	"87711.39"	"2s2.2p.3p"	"3D"	"1"	"2s2.2p.7s"	"3P*"	"0"		"T5520LS"	"L17684"	
"554.9780"	"0.0014"	"554.9782"	"0.0015"	"1700"	""		"69689.49393"	"87708.22"	"2s2.2p.3p"	"3D"	"1"	"2s2.2p.6d"	"3F*"	"2"		""	"L17684"	
"555.0443"	"0.0014"	"555.0444"	"0.0015"	"2100"	""		"69744.05213"	"87760.63"	"2s2.2p.3p"	"3D"	"3"	"2s2.2p.6d"	"3F*"	"4"		""	"L17684"	
"555.2574"	"0.0014"	"555.2560"	"0.0006"	"2500"	"1.0e+06"	D	"69744.05213"	"87753.763"	"2s2.2p.3p"	"3D"	"3"	"2s2.2p.7s"	"3P*"	"2"		"T5520LS"	"L17684"	
"555.3131"	"0.0014"	"555.3120"	"0.0005"	"9600"	"9.e+05"	D	"69710.68728"	"87718.583"	"2s2.2p.3p"	"3D"	"2"	"2s2.2p.7s"	"3P*"	"1"		"T5520LS"	"L17684"	
"555.4716"	"0.0014"	"555.4712"	"0.0012"	"2100"	""		"69710.68728"	"87713.42"	"2s2.2p.3p"	"3D"	"2"	"2s2.2p.6d"	"3F*"	"3"		""	"L17684"	
"557.88"	"0.03"	"557.9397"	"0.0009"	"2700"	""		"69710.68728"	"87633.77"	"2s2.2p.3p"	"3D"	"2"	"2s2.2p.6d"	"1D*"	"2"		""	"L2138c153"	
"559.8854"	"0.0014"	"559.8857"	"0.0007"	"2200"	""		"70743.97227"	"88604.76"	"2s2.2p.3p"	"3S"	"1"	"2s2.2p.(2P*<3/2>).7d"	"2[5/2]*"	"2"		""	"L17684"	
"560.5289"	"0.0014"	"560.5284"	"0.0009"	"1500"	"1.6e+05"	D	"70743.97227"	"88584.28"	"2s2.2p.3p"	"3S"	"1"	"2s2.2p.(2P*<3/2>).8s"	"2[3/2]*"	"2"		"T5520LS"	"L17684"	
"561.40"	"0.03"	"561.4131"	"0.0009"	"960"	""		"71352.54344"	"89164.74"	"2s2.2p.3p"	"3P"	"0"	"2s2.2p.(2P*<3/2>).8d"	"2[3/2]*"	"1"		""	"L2138"	
"561.6368"	"0.0014"	"561.6361"	"0.0005"	"1000"	"1.6e+05"	D	"70743.97227"	"88549.095"	"2s2.2p.3p"	"3S"	"1"	"2s2.2p.(2P*<1/2>).8s"	"2[1/2]*"	"1"		"T5520LS"	"L17684"	
"561.8049"	"0.0014"	"561.8038"	"0.0009"	"1000"	"1.6e+05"	D	"70743.97227"	"88543.78"	"2s2.2p.3p"	"3S"	"1"	"2s2.2p.(2P*<1/2>).8s"	"2[1/2]*"	"0"		"T5520LS"	"L17684"	
"562.460"	"0.016"	"562.4509"	"0.0009"	"1900bl?"	""		"71385.40992"	"89164.74"	"2s2.2p.3p"	"3P"	"2"	"2s2.2p.(2P*<3/2>).8d"	"2[3/2]*"	"1"		""	"L2138"	
"562.712"	"0.016"	"562.7367"	"0.0013"	"1900bl?"	""		"71385.40992"	"89155.71"	"2s2.2p.3p"	"3P"	"2"	"2s2.2p.(2P*<3/2>).8d"	"2[7/2]*"	"3"		""	"L2138c153"	
"563.1493"	"0.0014"	"563.1496"	"0.0010"	"1400"	""		"71385.40992"	"89142.68"	"2s2.2p.3p"	"3P"	"2"	"2s2.2p.(2P*<3/2>).8d"	"2[5/2]*"	"2"		""	"L17684"	
"564.434"	"0.016"	"564.4391"	"0.0016"	"2000bl?"	""		"71364.93596"	"89081.64"	"2s2.2p.3p"	"3P"	"1"	"2s2.2p.(2P*<1/2>).9s"	"2[1/2]*"	"0"		""	"L2138"	
"564.97"	"0.03"	"564.9724"	"0.0013"	"980"	""		"71385.40992"	"89085.39"	"2s2.2p.3p"	"3P"	"2"	"2s2.2p.(2P*<1/2>).9s"	"2[1/2]*"	"1"		""	"L2138"	
"567.0524"	"0.0014"	"567.0513"	"0.0004"	"18000"	"2.4e+06"	C	"68856.35208"	"86491.441"	"2s2.2p.3p"	"1P"	"1"	"2s2.2p.5d"	"1P*"	"1"		"T5520"	"L17684"	
"569.4690"	"0.0014"	"569.4689"	"0.0006"	"5800"	""		"68856.35208"	"86416.575"	"2s2.2p.3p"	"1P"	"1"	"2s2.2p.6s"	"1P*"	"1"		""	"L17684"	
"572.2366"	"0.0014"	"572.2363"	"0.0004"	"4800"	""		"68856.35208"	"86331.651"	"2s2.2p.3p"	"1P"	"1"	"2s2.2p.6s"	"3P*"	"1"		""	"L17684"	
""	""	"577.07130"	"0.00003"	"m"	""		"68856.35208"	"86185.2332"	"2s2.2p.3p"	"1P"	"1"	"2s2.2p.5d"	"1D*"	"2"		""	"L17684"	
""	""	"578.223"	"0.005"	""	"4.5e+04"	D	"71352.54344"	"88646.9"	"2s2.2p.3p"	"3P"	"0"	"2s2.2p.(2P*<3/2>).7d"	"2[1/2]*"	"1"		"T5520LS"	""	
""	""	"578.59"	"0.06"	""	"1.4e+05"	D	"71364.93596"	"88648.4"	"2s2.2p.3p"	"3P"	"1"	"2s2.2p.(2P*<3/2>).7d"	"2[1/2]*"	"0"		"T5520LS"	""	
""	""	"578.638"	"0.005"	""	"3.4e+04"	D	"71364.93596"	"88646.9"	"2s2.2p.3p"	"3P"	"1"	"2s2.2p.(2P*<3/2>).7d"	"2[1/2]*"	"1"		"T5520LS"	""	
""	""	"578.899"	"0.013"	""	"3.4e+04"	D	"71364.93596"	"88639.1"	"2s2.2p.3p"	"3P"	"1"	"2s2.2p.(2P*<3/2>).7d"	"2[3/2]*"	"2"		"T5520LS"	""	
"578.944"	"0.016"	"578.9029"	"0.0010"	"2200bl(Cr)"	""		"71364.93596"	"88638.99"	"2s2.2p.3p"	"3P"	"1"	"2s2.2p.(2P*<3/2>).7d"	"2[3/2]*"	"1"		""	"L2138"	
""	""	"579.324"	"0.005"	""	"6.e+04"	D	"71385.40992"	"88646.9"	"2s2.2p.3p"	"3P"	"2"	"2s2.2p.(2P*<3/2>).7d"	"2[1/2]*"	"1"		"T5520LS"	""	
"579.4722"	"0.0014"	"579.472133"	"0.000005"	"38000"	"3.4e+05"	B	"64086.96961"	"81344.05485"	"2s.2p3"	"3D*"	"3"	"2s2.2p.4p"	"3P"	"2"		"T6070n"	"L17684"	
""	""	"579.570515"	"0.000017"	""	"4.4e+03"	D	"64089.8990"	"81344.05485"	"2s.2p3"	"3D*"	"1"	"2s2.2p.4p"	"3P"	"2"		"T6070n"	""	
""	""	"579.586"	"0.013"	""	"1.0e+05"	D	"71385.40992"	"88639.1"	"2s2.2p.3p"	"3P"	"2"	"2s2.2p.(2P*<3/2>).7d"	"2[3/2]*"	"2"		"T5520LS"	""	
"579.6066"	"0.0014"	"579.607283"	"0.000010"	"15000"	"6.4e+04"	C+	"64090.99351"	"81344.05485"	"2s.2p3"	"3D*"	"2"	"2s2.2p.4p"	"3P"	"2"		"T6070n"	"L17684"	
"580.0503"	"0.0014"	"580.0523"	"0.0008"	"1100"	""		"71364.93596"	"88604.76"	"2s2.2p.3p"	"3P"	"1"	"2s2.2p.(2P*<3/2>).7d"	"2[5/2]*"	"2"		""	"L17684"	
"580.1840"	"0.0014"	"580.183986"	"0.000017"	"9400"	"1.04e+05"	C+	"64089.8990"	"81325.81077"	"2s.2p3"	"3D*"	"1"	"2s2.2p.4p"	"3P"	"1"		"T6070n"	"L17684"	
"580.2202"	"0.0014"	"580.220831"	"0.000010"	"35000"	"3.0e+05"	B	"64090.99351"	"81325.81077"	"2s.2p3"	"3D*"	"2"	"2s2.2p.4p"	"3P"	"1"		"T6070n"	"L17684"	
"580.6802"	"0.0014"	"580.681131"	"0.000020"	"14000"	"4.1e+05"	C+	"64089.8990"	"81311.0544"	"2s.2p3"	"3D*"	"1"	"2s2.2p.4p"	"3P"	"0"		"T6070n"	"L17684"	
"580.741"	"0.003"	"580.7420"	"0.0008"	"5100*"	""		"71385.40992"	"88604.76"	"2s2.2p.3p"	"3P"	"2"	"2s2.2p.(2P*<3/2>).7d"	"2[5/2]*"	"2"		""	"L17684"	
"580.741"	"0.003"	"580.7422"	"0.0010"	"5100*"	"9.e+04"	D	"71364.93596"	"88584.28"	"2s2.2p.3p"	"3P"	"1"	"2s2.2p.(2P*<3/2>).8s"	"2[3/2]*"	"2"		"T5520LS"	"L17684"	
""	""	"581.4335"	"0.0010"	""	"2.7e+05"	D	"71385.40992"	"88584.28"	"2s2.2p.3p"	"3P"	"2"	"2s2.2p.(2P*<3/2>).8s"	"2[3/2]*"	"2"		"T5520LS"	""	
"581.5122"	"0.0014"	"581.5119"	"0.0006"	"2300"	"1.2e+05"	D	"71352.54344"	"88549.095"	"2s2.2p.3p"	"3P"	"0"	"2s2.2p.(2P*<1/2>).8s"	"2[1/2]*"	"1"		"T5520LS"	"L17684"	
"581.9314"	"0.0014"	"581.9313"	"0.0006"	"1500"	"9.e+04"	D	"71364.93596"	"88549.095"	"2s2.2p.3p"	"3P"	"1"	"2s2.2p.(2P*<1/2>).8s"	"2[1/2]*"	"1"		"T5520LS"	"L17684"	
"582.1112"	"0.0014"	"582.1113"	"0.0010"	"1500"	"3.6e+05"	D	"71364.93596"	"88543.78"	"2s2.2p.3p"	"3P"	"1"	"2s2.2p.(2P*<1/2>).8s"	"2[1/2]*"	"0"		"T5520LS"	"L17684"	
"582.32"	"0.03"	"582.321"	"0.020"	"1700d"	""		"72610.73530"	"89783.4"	"2s2.2p.3p"	"1D"	"2"	"2s2.2p.(2P*<3/2>).10d"	"2[1/2]*"	"1"		""	"L2138"	
"582.6258"	"0.0014"	"582.6255"	"0.0006"	"1500"	"1.5e+05"	D	"71385.40992"	"88549.095"	"2s2.2p.3p"	"3P"	"2"	"2s2.2p.(2P*<1/2>).8s"	"2[1/2]*"	"1"		"T5520LS"	"L17684"	
"584.7967"	"0.0014"	"584.7968"	"0.0010"	"1100"	""		"70743.97227"	"87843.93"	"2s2.2p.3p"	"3S"	"1"	"2s2.2p.6d"	"3P*"	"1"		""	"L17684"	
"585.1876"	"0.0014"	"585.1856"	"0.0006"	"1700"	""		"70743.97227"	"87832.568"	"2s2.2p.3p"	"3S"	"1"	"2s2.2p.6d"	"3P*"	"2"		""	"L17684"	
"586.6574"	"0.0014"	"586.6591"	"0.0006"	"1700"	""		"70743.97227"	"87789.646"	"2s2.2p.3p"	"3S"	"1"	"2s2.2p.7s"	"1P*"	"1"		""	"L17684"	
"587.2282"	"0.0014"	"587.2287"	"0.0007"	"4600"	""		"70743.97227"	"87773.113"	"2s2.2p.3p"	"3S"	"1"	"2s2.2p.6d"	"3D*"	"2"		""	"L17684"	
"587.894"	"0.003"	"587.8967"	"0.0007"	"3700p(He I)"	"2.8e+05"	D	"70743.97227"	"87753.763"	"2s2.2p.3p"	"3S"	"1"	"2s2.2p.7s"	"3P*"	"2"		"T5520LS"	"L17684"	
"589.1147"	"0.0014"	"589.1151"	"0.0005"	"2500"	"2.8e+05"	D	"70743.97227"	"87718.583"	"2s2.2p.3p"	"3S"	"1"	"2s2.2p.7s"	"3P*"	"1"		"T5520LS"	"L17684"	
"589.3633"	"0.0014"	"589.3649"	"0.0008"	"1700"	"2.8e+05"	D	"70743.97227"	"87711.39"	"2s2.2p.3p"	"3S"	"1"	"2s2.2p.7s"	"3P*"	"0"		"T5520LS"	"L17684"	
"591.4215"	"0.0014"	"591.4215"	"0.0014"	"870"	""		"72610.73530"	"89519.15"	"2s2.2p.3p"	"1D"	"2"	"2s2.2p.(2P*<3/2>).9d"	"2[7/2]*"	"3"		""	"L17684"	
"594.1746"	"0.0014"	"594.1766"	"0.0005"	"1100"	""		"69689.49393"	"86519.506"	"2s2.2p.3p"	"3D"	"1"	"2s2.2p.5d"	"3P*"	"1"		""	"L17684"	
"594.5036"	"0.0014"	"594.5036"	"0.0014"	"880"	""		"72610.73530"	"89431.49"	"2s2.2p.3p"	"1D"	"2"	"2s2.2p.(2P*<1/2>).9d"	"2[5/2]*"	"2"		""	"L17684"	
"594.9255"	"0.0014"	"594.9258"	"0.0005"	"1900"	""		"69710.68728"	"86519.506"	"2s2.2p.3p"	"3D"	"2"	"2s2.2p.5d"	"3P*"	"1"		""	"L17684"	
"595.1688"	"0.0014"	"595.1691"	"0.0005"	"2000"	""		"69689.49393"	"86491.441"	"2s2.2p.3p"	"3D"	"1"	"2s2.2p.5d"	"1P*"	"1"		""	"L17684"	
"595.3782"	"0.0014"	"595.37891"	"0.00007"	"5300"	""		"69710.68728"	"86506.7138"	"2s2.2p.3p"	"3D"	"2"	"2s2.2p.5d"	"3P*"	"2"		""	"L17684"	
"596.5641"	"0.0014"	"596.56397"	"0.00007"	"7200"	""		"69744.05213"	"86506.7138"	"2s2.2p.3p"	"3D"	"3"	"2s2.2p.5d"	"3P*"	"2"		""	"L17684"	
"597.0980"	"0.0014"	"597.098508"	"0.000006"	"18000"	"2.5e+04"	C	"64086.96961"	"80834.62491"	"2s.2p3"	"3D*"	"3"	"2s2.2p.4p"	"3D"	"3"		"T6070"	"L17684"	
"597.2380"	"0.0014"	"597.242006"	"0.000011"	"3000"	""		"64090.99351"	"80834.62491"	"2s.2p3"	"3D*"	"2"	"2s2.2p.4p"	"3D"	"3"		""	"L17684"	
"597.4242"	"0.0014"	"597.4244"	"0.0008"	"1400"	""		"69710.68728"	"86449.208"	"2s2.2p.3p"	"3D"	"2"	"2s2.2p.5d"	"1F*"	"3"		""	"L17684"	
"598.2878"	"0.0014"	"598.289398"	"0.000006"	"5700"	""		"64086.96961"	"80801.28887"	"2s.2p3"	"3D*"	"3"	"2s2.2p.4p"	"3D"	"2"		""	"L17684"	
"598.3932"	"0.0014"	"598.394273"	"0.000018"	"3000"	""		"64089.8990"	"80801.28887"	"2s.2p3"	"3D*"	"1"	"2s2.2p.4p"	"3D"	"2"		""	"L17684"	
"598.4328"	"0.0014"	"598.433468"	"0.000011"	"6800"	""		"64090.99351"	"80801.28887"	"2s.2p3"	"3D*"	"2"	"2s2.2p.4p"	"3D"	"2"		""	"L17684"	
"598.5918"	"0.0014"	"598.5914"	"0.0006"	"6000"	""		"69710.68728"	"86416.575"	"2s2.2p.3p"	"3D"	"2"	"2s2.2p.6s"	"1P*"	"1"		""	"L17684"	
""	""	"598.8049"	"0.0006"	""	"3.1e+04"	D	"69689.49393"	"86389.425"	"2s2.2p.3p"	"3D"	"1"	"2s2.2p.5d"	"3D*"	"2"		"T5520LS"	""	
"599.0673"	"0.0014"	"599.069639"	"0.000018"	"10000"	""		"64089.8990"	"80782.44916"	"2s.2p3"	"3D*"	"1"	"2s2.2p.4p"	"3D"	"1"		""	"L17684"	
"599.1060"	"0.0014"	"599.108922"	"0.000011"	"4600"	""		"64090.99351"	"80782.44916"	"2s.2p3"	"3D*"	"2"	"2s2.2p.4p"	"3D"	"1"		""	"L17684"	
""	""	"599.2638"	"0.0014"	""	"2.3e+04"	D	"69710.68728"	"86397.83"	"2s2.2p.3p"	"3D"	"2"	"2s2.2p.5d"	"3D*"	"3"		"T5520LS"	""	
""	""	"599.5158"	"0.0006"	""	"2.2e+04"	D	"69689.49393"	"86369.622"	"2s2.2p.3p"	"3D"	"1"	"2s2.2p.6s"	"3P*"	"2"		"T5520LS"	""	
""	""	"599.5658"	"0.0006"	""	"1.4e+05"	D	"69710.68728"	"86389.425"	"2s2.2p.3p"	"3D"	"2"	"2s2.2p.5d"	"3D*"	"2"		"T5520LS"	""	
"599.7718"	"0.0014"	"599.7704"	"0.0011"	"1700"	"1.5e+05"	D	"69689.49393"	"86362.54"	"2s2.2p.3p"	"3D"	"1"	"2s2.2p.5d"	"3D*"	"1"		"T5520LS"	"L17684"	
"600.2788"	"0.0014"	"600.2785"	"0.0006"	"35000"	"3.2e+05"	D	"69710.68728"	"86369.622"	"2s2.2p.3p"	"3D"	"2"	"2s2.2p.6s"	"3P*"	"2"		"T5520LS"	"L17684"	
"600.4645"	"0.0014"	"600.4644"	"0.0014"	"6300"	"1.8e+05"	D	"69744.05213"	"86397.83"	"2s2.2p.3p"	"3D"	"3"	"2s2.2p.5d"	"3D*"	"3"		"T5520LS"	"L17684"	
"600.5329"	"0.0014"	"600.5338"	"0.0011"	"2100"	"5.e+04"	D	"69710.68728"	"86362.54"	"2s2.2p.3p"	"3D"	"2"	"2s2.2p.5d"	"3D*"	"1"		"T5520LS"	"L17684"	
"600.7691"	"0.0014"	"600.7676"	"0.0006"	"23000"	"3.1e+04"	D	"69744.05213"	"86389.425"	"2s2.2p.3p"	"3D"	"3"	"2s2.2p.5d"	"3D*"	"2"		"T5520LS"	"L17684"	
"600.8842"	"0.0014"	"600.8836"	"0.0004"	"9600"	"5.e+05"	D	"69689.49393"	"86331.651"	"2s2.2p.3p"	"3D"	"1"	"2s2.2p.6s"	"3P*"	"1"		"T5520LS"	"L17684"	
"601.2344"	"0.0014"	"601.2334"	"0.0007"	"12000"	"2.1e+06"	D	"69689.49393"	"86321.97"	"2s2.2p.3p"	"3D"	"1"	"2s2.2p.6s"	"3P*"	"0"		"T5520LS"	"L17684"	
"601.3901"	"0.0014"	"601.3881"	"0.0011"	"6400"	"3.7e+05"	D	"69689.49393"	"86317.69"	"2s2.2p.3p"	"3D"	"1"	"2s2.2p.5d"	"3F*"	"2"		"T5520LS"	"L17684"	
"601.489"	"0.003"	"601.4831"	"0.0006"	"79000*"	"1.8e+06"	D	"69744.05213"	"86369.622"	"2s2.2p.3p"	"3D"	"3"	"2s2.2p.6s"	"3P*"	"2"		"T5520LS"	"L17684"	
"601.489"	"0.003"	"601.49172"	"0.00018"	"79000*"	"4.4e+05"	D	"69744.05213"	"86369.385"	"2s2.2p.3p"	"3D"	"3"	"2s2.2p.5d"	"3F*"	"4"		"T5520LS"	"L17684"	
"601.6511"	"0.0014"	"601.6498"	"0.0004"	"14000"	"1.6e+06"	D	"69710.68728"	"86331.651"	"2s2.2p.3p"	"3D"	"2"	"2s2.2p.6s"	"3P*"	"1"		"T5520LS"	"L17684"	
"601.8115"	"0.0014"	"601.81149"	"0.00005"	"16000"	"3.9e+05"	D	"69710.68728"	"86327.1863"	"2s2.2p.3p"	"3D"	"2"	"2s2.2p.5d"	"3F*"	"3"		"T5520LS"	"L17684"	
"602.1533"	"0.0014"	"602.1556"	"0.0011"	"1700"	"7.e+04"	D	"69710.68728"	"86317.69"	"2s2.2p.3p"	"3D"	"2"	"2s2.2p.5d"	"3F*"	"2"		"T5520LS"	"L17684"	
""	""	"603.02232"	"0.00005"	""	"5.e+04"	D	"69744.05213"	"86327.1863"	"2s2.2p.3p"	"3D"	"3"	"2s2.2p.5d"	"3F*"	"3"		"T5520LS"	""	
""	""	"603.3678"	"0.0011"	""	"1.9e+03"	D	"69744.05213"	"86317.69"	"2s2.2p.3p"	"3D"	"3"	"2s2.2p.5d"	"3F*"	"2"		"T5520LS"	""	
"604.0843"	"0.0014"	"604.0834"	"0.0011"	"1400"	""		"72610.73530"	"89164.74"	"2s2.2p.3p"	"1D"	"2"	"2s2.2p.(2P*<3/2>).8d"	"2[3/2]*"	"1"		""	"L17684"	
"604.4130"	"0.0014"	"604.4131"	"0.0015"	"1400"	""		"72610.73530"	"89155.71"	"2s2.2p.3p"	"1D"	"2"	"2s2.2p.(2P*<3/2>).8d"	"2[7/2]*"	"3"		""	"L17684"	
"604.6467"	"0.0014"	"604.6456"	"0.0011"	"930"	""		"72610.73530"	"89149.35"	"2s2.2p.3p"	"1D"	"2"	"2s2.2p.(2P*<3/2>).9s"	"2[3/2]*"	"1"		""	"L17684"	
"606.3767"	"0.0014"	"606.3772"	"0.0011"	"1100"	"9.e+04"	D	"71352.54344"	"87843.93"	"2s2.2p.3p"	"3P"	"0"	"2s2.2p.6d"	"3P*"	"1"		"T5520LS"	"L17684"	
""	""	"606.79"	"0.06"	""	"2.6e+05"	D	"71364.93596"	"87845.1"	"2s2.2p.3p"	"3P"	"1"	"2s2.2p.6d"	"3P*"	"0"		"T5520LS"	""	
""	""	"606.8332"	"0.0011"	""	"6.e+04"	D	"71364.93596"	"87843.93"	"2s2.2p.3p"	"3P"	"1"	"2s2.2p.6d"	"3P*"	"1"		"T5520LS"	""	
"606.9947"	"0.0014"	"606.99700"	"0.00003"	"1700"	""		"69710.68728"	"86185.2332"	"2s2.2p.3p"	"3D"	"2"	"2s2.2p.5d"	"1D*"	"2"		""	"L17684"	
"607.2514"	"0.0014"	"607.2518"	"0.0007"	"2200"	"6.e+04"	D	"71364.93596"	"87832.568"	"2s2.2p.3p"	"3P"	"1"	"2s2.2p.6d"	"3P*"	"2"		"T5520LS"	"L17684"	
""	""	"607.5880"	"0.0011"	""	"1.1e+05"	D	"71385.40992"	"87843.93"	"2s2.2p.3p"	"3P"	"2"	"2s2.2p.6d"	"3P*"	"1"		"T5520LS"	""	
"608.0078"	"0.0014"	"608.0078"	"0.0007"	"3800"	"1.9e+05"	D	"71385.40992"	"87832.568"	"2s2.2p.3p"	"3P"	"2"	"2s2.2p.6d"	"3P*"	"2"		"T5520LS"	"L17684"	
"608.1454"	"0.0014"	"608.1455"	"0.0015"	"1400"	""		"72610.73530"	"89054.17"	"2s2.2p.3p"	"1D"	"2"	"2s2.2p.(2P*<1/2>).8d"	"2[5/2]*"	"2"		""	"L17684"	
"608.8371"	"0.0014"	"608.8388"	"0.0006"	"1100"	""		"71364.93596"	"87789.646"	"2s2.2p.3p"	"3P"	"1"	"2s2.2p.7s"	"1P*"	"1"		""	"L17684"	
"609.4524"	"0.0014"	"609.4522"	"0.0007"	"2200"	""		"71364.93596"	"87773.113"	"2s2.2p.3p"	"3P"	"1"	"2s2.2p.6d"	"3D*"	"2"		""	"L17684"	
"609.5985"	"0.0014"	"609.5986"	"0.0006"	"1300"	""		"71385.40992"	"87789.646"	"2s2.2p.3p"	"3P"	"2"	"2s2.2p.7s"	"1P*"	"1"		""	"L17684"	
"610.0611"	"0.0014"	"610.0622"	"0.0011"	"1600"	""		"71385.40992"	"87777.18"	"2s2.2p.3p"	"3P"	"2"	"2s2.2p.6d"	"3D*"	"3"		""	"L17684"	
"610.1717"	"0.0014"	"610.1718"	"0.0007"	"2600"	"1.4e+05"	D	"71364.93596"	"87753.763"	"2s2.2p.3p"	"3P"	"1"	"2s2.2p.7s"	"3P*"	"2"		"T5520LS"	"L17684"	
"610.2148"	"0.0014"	"610.2136"	"0.0007"	"7600"	""		"71385.40992"	"87773.113"	"2s2.2p.3p"	"3P"	"2"	"2s2.2p.6d"	"3D*"	"2"		""	"L17684"	
"610.9344"	"0.0014"	"610.9350"	"0.0007"	"2200"	"4.2e+05"	D	"71385.40992"	"87753.763"	"2s2.2p.3p"	"3P"	"2"	"2s2.2p.7s"	"3P*"	"2"		"T5520LS"	"L17684"	
"611.0217"	"0.0014"	"611.0214"	"0.0006"	"3300"	"1.9e+05"	D	"71352.54344"	"87718.583"	"2s2.2p.3p"	"3P"	"0"	"2s2.2p.7s"	"3P*"	"1"		"T5520LS"	"L17684"	
"611.4842"	"0.0014"	"611.4844"	"0.0006"	"1700"	"1.4e+05"	D	"71364.93596"	"87718.583"	"2s2.2p.3p"	"3P"	"1"	"2s2.2p.7s"	"3P*"	"1"		"T5520LS"	"L17684"	
"611.7543"	"0.0014"	"611.7535"	"0.0009"	"3900"	"6.e+05"	D	"71364.93596"	"87711.39"	"2s2.2p.3p"	"3P"	"1"	"2s2.2p.7s"	"3P*"	"0"		"T5520LS"	"L17684"	
"612.2512"	"0.0014"	"612.2509"	"0.0006"	"3900"	"2.3e+05"	D	"71385.40992"	"87718.583"	"2s2.2p.3p"	"3P"	"2"	"2s2.2p.7s"	"3P*"	"1"		"T5520LS"	"L17684"	
"623.8990"	"0.0014"	"623.8982"	"0.0012"	"1500"	""		"72610.73530"	"88638.99"	"2s2.2p.3p"	"1D"	"2"	"2s2.2p.(2P*<3/2>).7d"	"2[3/2]*"	"1"		""	"L17684"	
"624.4426"	"0.0014"	"624.4425"	"0.0016"	"2300"	""		"72610.73530"	"88625.02"	"2s2.2p.3p"	"1D"	"2"	"2s2.2p.(2P*<3/2>).7d"	"2[7/2]*"	"3"		""	"L17684"	
""	""	"624.8327"	"0.0016"	"m(Ne I)"	""		"72610.73530"	"88615.02"	"2s2.2p.3p"	"1D"	"2"	"2s2.2p.(2P*<3/2>).8s"	"2[3/2]*"	"1"		""	"L17684"	
"629.4106"	"0.0014"	"629.4100"	"0.0012"	"3400"	"2.1e+05"	D	"72610.73530"	"88498.63"	"2s2.2p.3p"	"1D"	"2"	"2s2.2p.(2P*<1/2>).7d"	"2[5/2]*"	"2"		"T5520"	"L17684"	
"633.7456"	"0.0014"	"633.7450"	"0.0010"	"1400"	""		"70743.97227"	"86523.19"	"2s2.2p.3p"	"3S"	"1"	"2s2.2p.5d"	"3P*"	"0"		""	"L17684"	
"633.8948"	"0.0014"	"633.8930"	"0.0006"	"2100"	""		"70743.97227"	"86519.506"	"2s2.2p.3p"	"3S"	"1"	"2s2.2p.5d"	"3P*"	"1"		""	"L17684"	
"634.4069"	"0.0014"	"634.40741"	"0.00008"	"5000"	""		"70743.97227"	"86506.7138"	"2s2.2p.3p"	"3S"	"1"	"2s2.2p.5d"	"3P*"	"2"		""	"L17684"	
"638.0554"	"0.0014"	"638.0561"	"0.0007"	"1700"	""		"70743.97227"	"86416.575"	"2s2.2p.3p"	"3S"	"1"	"2s2.2p.6s"	"1P*"	"1"		""	"L17684"	
"639.1637"	"0.0014"	"639.1634"	"0.0007"	"5200"	""		"70743.97227"	"86389.425"	"2s2.2p.3p"	"3S"	"1"	"2s2.2p.5d"	"3D*"	"2"		""	"L17684"	
"639.9748"	"0.0014"	"639.9734"	"0.0007"	"11000"	"5.e+05"	D	"70743.97227"	"86369.622"	"2s2.2p.3p"	"3S"	"1"	"2s2.2p.6s"	"3P*"	"2"		"T5520LS"	"L17684"	
"641.5326"	"0.0014"	"641.5323"	"0.0005"	"6400"	"5.e+05"	D	"70743.97227"	"86331.651"	"2s2.2p.3p"	"3S"	"1"	"2s2.2p.6s"	"3P*"	"1"		"T5520LS"	"L17684"	
"641.9318"	"0.0014"	"641.9310"	"0.0008"	"3300"	"5.e+05"	D	"70743.97227"	"86321.97"	"2s2.2p.3p"	"3S"	"1"	"2s2.2p.6s"	"3P*"	"0"		"T5520LS"	"L17684"	
"643.102"	"0.016"	"643.1020"	"0.0021"	"2000w,bl(Fe)"	""		"73975.92785"	"89525.56"	"2s2.2p.3p"	"1S"	"0"	"2s2.2p.(2P*<3/2>).9d"	"2[3/2]*"	"1"		""	"L2138"	
"657.0522"	"0.0014"	"657.0542"	"0.0008"	"4100"	"3.5e+05"	D	"72610.73530"	"87830.18"	"2s2.2p.3p"	"1D"	"2"	"2s2.2p.6d"	"1P*"	"1"		"T5520"	"L17684"	
"658.0589"	"0.0014"	"658.0586"	"0.0013"	"3600"	""		"72610.73530"	"87806.95"	"2s2.2p.3p"	"1D"	"2"	"2s2.2p.6d"	"1F*"	"3"		""	"L17684"	
"658.8092"	"0.0014"	"658.8088"	"0.0007"	"3600"	"5.e+05"	D	"72610.73530"	"87789.646"	"2s2.2p.3p"	"1D"	"2"	"2s2.2p.7s"	"1P*"	"1"		"T5520"	"L17684"	
"658.9428"	"0.0014"	"658.94406"	"0.00003"	"40000"	"5.1e+06"	B	"68856.35208"	"84032.1471"	"2s2.2p.3p"	"1P"	"1"	"2s2.2p.4d"	"1P*"	"1"		"T5520,T6070"	"L17684"	
"659.3267"	"0.0014"	"659.3278"	"0.0006"	"2300"	"2.0e+05"	D	"71352.54344"	"86519.506"	"2s2.2p.3p"	"3P"	"0"	"2s2.2p.5d"	"3P*"	"1"		"T5520LS"	"L17684"	
"659.7062"	"0.0014"	"659.7066"	"0.0010"	"2300"	"6.e+05"	D	"71364.93596"	"86523.19"	"2s2.2p.3p"	"3P"	"1"	"2s2.2p.5d"	"3P*"	"0"		"T5520LS"	"L17684"	
"659.8671"	"0.0014"	"659.8670"	"0.0006"	"3000"	"1.5e+05"	D	"71364.93596"	"86519.506"	"2s2.2p.3p"	"3P"	"1"	"2s2.2p.5d"	"3P*"	"1"		"T5520LS"	"L17684"	
"660.4240"	"0.0014"	"660.42443"	"0.00009"	"5300"	"1.3e+06"	D	"71364.93596"	"86506.7138"	"2s2.2p.3p"	"3P"	"1"	"2s2.2p.5d"	"3P*"	"2"		"T5520LS"	"L17684"	
"660.7609"	"0.0014"	"660.7596"	"0.0006"	"2300"	"2.5e+05"	D	"71385.40992"	"86519.506"	"2s2.2p.3p"	"3P"	"2"	"2s2.2p.5d"	"3P*"	"1"		"T5520LS"	"L17684"	
"661.3180"	"0.0014"	"661.31863"	"0.00009"	"7900"	"4.4e+05"	D	"71385.40992"	"86506.7138"	"2s2.2p.3p"	"3P"	"2"	"2s2.2p.5d"	"3P*"	"2"		"T5520LS"	"L17684"	
"661.9069"	"0.0014"	"661.9077"	"0.0007"	"2000"	""		"72610.73530"	"87718.583"	"2s2.2p.3p"	"1D"	"2"	"2s2.2p.7s"	"3P*"	"1"		""	"L17684"	
"665.28"	"0.03"	"665.2844"	"0.0008"	"4200d"	""		"71385.40992"	"86416.575"	"2s2.2p.3p"	"3P"	"2"	"2s2.2p.6s"	"1P*"	"1"		""	"L2138"	
"665.5783"	"0.0014"	"665.5800"	"0.0008"	"2400"	""		"71364.93596"	"86389.425"	"2s2.2p.3p"	"3P"	"1"	"2s2.2p.5d"	"3D*"	"2"		""	"L17684"	
"665.6447"	"0.0014"	"665.6445"	"0.0013"	"5900"	"2.9e+05"	D	"72610.73530"	"87633.77"	"2s2.2p.3p"	"1D"	"2"	"2s2.2p.6d"	"1D*"	"2"		"T5520"	"L17684"	
"665.7347"	"0.0014"	"665.73672"	"0.00022"	"20000"	"5.0e+05"	C	"68856.35208"	"83877.305"	"2s2.2p.3p"	"1P"	"1"	"2s2.2p.5s"	"1P*"	"1"		"T5520,T6070"	"L17684"	
""	""	"666.1151"	"0.0018"	"m"	""		"71385.40992"	"86397.83"	"2s2.2p.3p"	"3P"	"2"	"2s2.2p.5d"	"3D*"	"3"		""	"L17684"	
"666.4573"	"0.0014"	"666.4585"	"0.0008"	"5300"	"2.2e+05"	C	"71364.93596"	"86369.622"	"2s2.2p.3p"	"3P"	"1"	"2s2.2p.6s"	"3P*"	"2"		"T5520LS"	"L17684"	
"666.4884"	"0.0014"	"666.4883"	"0.0008"	"11000"	""		"71385.40992"	"86389.425"	"2s2.2p.3p"	"3P"	"2"	"2s2.2p.5d"	"3D*"	"2"		""	"L17684"	
"667.3682"	"0.0014"	"667.3691"	"0.0008"	"11000"	"6.7e+05"	C	"71385.40992"	"86369.622"	"2s2.2p.3p"	"3P"	"2"	"2s2.2p.6s"	"3P*"	"2"		"T5520LS"	"L17684"	
"667.5953"	"0.0014"	"667.5965"	"0.0005"	"8300"	"3.0e+05"	C	"71352.54344"	"86331.651"	"2s2.2p.3p"	"3P"	"0"	"2s2.2p.6s"	"3P*"	"1"		"T5520LS"	"L17684"	
""	""	"668.1493"	"0.0005"	"m(He I)"	"2.2e+05"	C	"71364.93596"	"86331.651"	"2s2.2p.3p"	"3P"	"1"	"2s2.2p.6s"	"3P*"	"1"		"T5520LS"	"L17684"	
"668.5799"	"0.0014"	"668.5818"	"0.0009"	"8400"	"8.9e+05"	C	"71364.93596"	"86321.97"	"2s2.2p.3p"	"3P"	"1"	"2s2.2p.6s"	"3P*"	"0"		"T5520LS"	"L17684"	
"669.0634"	"0.0014"	"669.0645"	"0.0005"	"8400"	"3.7e+05"	C	"71385.40992"	"86331.651"	"2s2.2p.3p"	"3P"	"2"	"2s2.2p.6s"	"3P*"	"1"		"T5520LS"	"L17684"	
"671.3144"	"0.0014"	"671.31725"	"0.00003"	"3500"	"1.0e+05"	C	"68856.35208"	"83752.4388"	"2s2.2p.3p"	"1P"	"1"	"2s2.2p.5s"	"3P*"	"1"		"T6070"	"L17684"	
"675.60"	"0.03"	"675.68374"	"0.00003"	"4500d"	""		"71385.40992"	"86185.2332"	"2s2.2p.3p"	"3P"	"2"	"2s2.2p.5d"	"1D*"	"2"		""	"L2138c153"	
"681.99"	"0.03"	"681.9858"	"0.0014"	"3800"	""		"73975.92785"	"88638.99"	"2s2.2p.3p"	"1S"	"0"	"2s2.2p.(2P*<3/2>).7d"	"2[3/2]*"	"1"		""	"L2138"	
"683.0001"	"0.0014"	"683.002501"	"0.000019"	"27000"	"9.9e+05"	C	"68856.35208"	"83497.58690"	"2s2.2p.3p"	"1P"	"1"	"2s2.2p.4d"	"1D*"	"2"		"T5520,T6070"	"L17684"	
""	""	"692.91752"	"0.00007"	"m"	""		"69689.49393"	"84121.2260"	"2s2.2p.3p"	"3D"	"1"	"2s2.2p.4d"	"3P*"	"0"		""	"L17684"	
""	""	"694.182780"	"0.000024"	"m"	""		"69710.68728"	"84116.1152"	"2s2.2p.3p"	"3D"	"2"	"2s2.2p.4d"	"3P*"	"1"		""	"L17684"	
"694.837"	"0.016"	"694.809387"	"0.000019"	"15000d"	""		"69710.68728"	"84103.1238"	"2s2.2p.3p"	"3D"	"2"	"2s2.2p.4d"	"3P*"	"2"		""	"L2138c153"	
"696.4230"	"0.0014"	"696.423852"	"0.000019"	"4300"	""		"69744.05213"	"84103.1238"	"2s2.2p.3p"	"3D"	"3"	"2s2.2p.4d"	"3P*"	"2"		""	"L17684"	
""	""	"697.22107"	"0.00003"	""	"3.3e+04"	C	"69689.49393"	"84032.1471"	"2s2.2p.3p"	"3D"	"1"	"2s2.2p.4d"	"1P*"	"1"		"T6070"	""	
""	""	"702.418069"	"0.000020"	""	"4.1e+04"	C	"69710.68728"	"83947.2231"	"2s2.2p.3p"	"3D"	"2"	"2s2.2p.4d"	"1F*"	"3"		"T6070"	""	
"705.8817"	"0.0014"	"705.88479"	"0.00025"	"2700"	"1.6e+05"	C	"69710.68728"	"83877.305"	"2s2.2p.3p"	"3D"	"2"	"2s2.2p.5s"	"1P*"	"1"		"T6070"	"L17684"	
""	""	"706.784766"	"0.000020"	""	"2.3e+03"	E	"69689.49393"	"83838.0728"	"2s2.2p.3p"	"3D"	"1"	"2s2.2p.4d"	"3D*"	"2"		"T6070n"	""	
""	""	"707.304482"	"0.000015"	""	"2.7e+04"	D	"69710.68728"	"83848.8700"	"2s2.2p.3p"	"3D"	"2"	"2s2.2p.4d"	"3D*"	"3"		"T6070n"	""	
"707.6815"	"0.0014"	"707.68084"	"0.00004"	"4100"	"3.4e+05"	D+	"69689.49393"	"83820.1576"	"2s2.2p.3p"	"3D"	"1"	"2s2.2p.4d"	"3D*"	"1"		"T6070n"	"L17684"	
"707.8430"	"0.0014"	"707.845056"	"0.000020"	"9900"	"3.0e+05"	D+	"69710.68728"	"83838.0728"	"2s2.2p.3p"	"3D"	"2"	"2s2.2p.4d"	"3D*"	"2"		"T6070n"	"L17684"	
"708.7465"	"0.0014"	"708.74383"	"0.00004"	"2700"	"1.9e+05"	D+	"69710.68728"	"83820.1576"	"2s2.2p.3p"	"3D"	"2"	"2s2.2p.4d"	"3D*"	"1"		"T6070n"	"L17684"	
"708.9781"	"0.0014"	"708.977606"	"0.000015"	"18000"	"6.9e+05"	C	"69744.05213"	"83848.8700"	"2s2.2p.3p"	"3D"	"3"	"2s2.2p.4d"	"3D*"	"3"		"T6070n"	"L17684"	
""	""	"709.139687"	"0.000020"	""	"1.49e+04"	B	"69689.49393"	"83791.0880"	"2s2.2p.3p"	"3D"	"1"	"2s2.2p.5s"	"3P*"	"2"		"T6070n"	""	
"709.521"	"0.003"	"709.520742"	"0.000020"	"12000p"	"5.3e+05"	D+	"69744.05213"	"83838.0728"	"2s2.2p.3p"	"3D"	"3"	"2s2.2p.4d"	"3D*"	"2"		"T6070n"	"L17684"	
"710.2081"	"0.0014"	"710.207060"	"0.000015"	"19000"	"9.0e+05"	B	"69710.68728"	"83791.0880"	"2s2.2p.3p"	"3D"	"2"	"2s2.2p.5s"	"3P*"	"2"		"T6070n"	"L17684"	
"711.0895"	"0.0014"	"711.08862"	"0.00003"	"14000"	"1.12e+06"	B	"69689.49393"	"83752.4388"	"2s2.2p.3p"	"3D"	"1"	"2s2.2p.5s"	"3P*"	"1"		"T6070n"	"L17684"	
"711.3436"	"0.0014"	"711.341849"	"0.000015"	"32000"	"2.17e+06"	B	"69689.49393"	"83747.43248"	"2s2.2p.3p"	"3D"	"1"	"2s2.2p.4d"	"3F*"	"2"		"T6070n"	"L17684"	
"711.5141"	"0.0014"	"711.512660"	"0.000007"	"110000"	"2.47e+06"	B	"69744.05213"	"83798.61582"	"2s2.2p.3p"	"3D"	"3"	"2s2.2p.4d"	"3F*"	"4"		"T6070n"	"L17684"	
"711.715"	"0.003"	"711.71325"	"0.00005"	"110000*"	"4.4e+06"	B	"69689.49393"	"83740.0964"	"2s2.2p.3p"	"3D"	"1"	"2s2.2p.5s"	"3P*"	"0"		"T6070n"	"L17684"	
"711.715"	"0.003"	"711.714043"	"0.000008"	"110000*"	"2.19e+06"	B	"69710.68728"	"83761.27417"	"2s2.2p.3p"	"3D"	"2"	"2s2.2p.4d"	"3F*"	"3"		"T6070n"	"L17684"	
"711.8952"	"0.0014"	"711.893961"	"0.000015"	"45000"	"3.3e+06"	B	"69744.05213"	"83791.0880"	"2s2.2p.3p"	"3D"	"3"	"2s2.2p.5s"	"3P*"	"2"		"T6070n"	"L17684"	
"712.1634"	"0.0014"	"712.16187"	"0.00003"	"37000"	"3.1e+06"	B	"69710.68728"	"83752.4388"	"2s2.2p.3p"	"3D"	"2"	"2s2.2p.5s"	"3P*"	"1"		"T6070n"	"L17684"	
"712.4159"	"0.0014"	"712.415867"	"0.000015"	"4200"	"2.01e+05"	B	"69710.68728"	"83747.43248"	"2s2.2p.3p"	"3D"	"2"	"2s2.2p.4d"	"3F*"	"2"		"T6070n"	"L17684"	
"713.4078"	"0.0014"	"713.408118"	"0.000009"	"4200"	"1.17e+05"	B	"69744.05213"	"83761.27417"	"2s2.2p.3p"	"3D"	"3"	"2s2.2p.4d"	"3F*"	"3"		"T6070n"	"L17684"	
"714.14"	"0.03"	"714.113289"	"0.000015"	"4200"	"2.1e+04"	C+	"69744.05213"	"83747.43248"	"2s2.2p.3p"	"3D"	"3"	"2s2.2p.4d"	"3F*"	"2"		"T6070n"	"L2138"	
"720.4249"	"0.0014"	"720.4245"	"0.0007"	"4500"	"5.e+05"	D	"72610.73530"	"86491.441"	"2s2.2p.3p"	"1D"	"2"	"2s2.2p.5d"	"1P*"	"1"		"T5520"	"L17684"	
"721.8018"	"0.0014"	"721.8001"	"0.0010"	"1700"	"2.4e+05"	D	"73975.92785"	"87830.18"	"2s2.2p.3p"	"1S"	"0"	"2s2.2p.6d"	"1P*"	"1"		"T5520"	"L17684"	
"722.6232"	"0.0014"	"722.6231"	"0.0011"	"4500"	""		"72610.73530"	"86449.208"	"2s2.2p.3p"	"1D"	"2"	"2s2.2p.5d"	"1F*"	"3"		""	"L17684"	
"724.3315"	"0.0014"	"724.3312"	"0.0009"	"4600"	"9.e+05"	D	"72610.73530"	"86416.575"	"2s2.2p.3p"	"1D"	"2"	"2s2.2p.6s"	"1P*"	"1"		"T5520"	"L17684"	
"728.8118"	"0.0014"	"728.8143"	"0.0006"	"2100"	""		"72610.73530"	"86331.651"	"2s2.2p.3p"	"1D"	"2"	"2s2.2p.6s"	"3P*"	"1"		""	"L17684"	
""	""	"734.038186"	"0.000022"	""	"5.e+03"	E	"60352.6584"	"73975.92785"	"2s2.2p.3s"	"3P*"	"1"	"2s2.2p.3p"	"1S"	"0"		"T9787"	""	
"736.6763"	"0.0014"	"736.67550"	"0.00004"	"8600"	"3.6e+05"	C	"72610.73530"	"86185.2332"	"2s2.2p.3p"	"1D"	"2"	"2s2.2p.5d"	"1D*"	"2"		"T5520"	"L17684"	
"746.751"	"0.003"	"746.750"	"0.004"	"3300*"	""		"75254.0017"	"88645.37"	"2s.2p3"	"3P*"	"1"	"2s2.2p.(2P*<3/2>).7f"	"2[3/2]"	"1"		""	"L17684"	
"746.751"	"0.003"	"746.750"	"0.004"	"3300*"	""		"75254.0017"	"88645.36"	"2s.2p3"	"3P*"	"1"	"2s2.2p.(2P*<3/2>).7f"	"2[3/2]"	"2"		""	"L17684"	
"746.85"	"0.03"	"746.871"	"0.004"	"4100d"	""		"75256.1696"	"88645.37"	"2s.2p3"	"3P*"	"0"	"2s2.2p.(2P*<3/2>).7f"	"2[3/2]"	"1"		""	"L2138"	
"747.215"	"0.003"	"747.215"	"0.004"	"3800*"	""		"75255.29373"	"88638.32"	"2s.2p3"	"3P*"	"2"	"2s2.2p.(2P*<3/2>).7f"	"2[5/2]"	"2"		""	"L17684"	
"747.215"	"0.003"	"747.215"	"0.004"	"3800*"	""		"75255.29373"	"88638.32"	"2s.2p3"	"3P*"	"2"	"2s2.2p.(2P*<3/2>).7f"	"2[5/2]"	"3"		""	"L17684"	
"747.537"	"0.003"	"747.53759"	"0.00008"	"8800"	"1.08e+06"	C+	"70743.97227"	"84121.2260"	"2s2.2p.3p"	"3S"	"1"	"2s2.2p.4d"	"3P*"	"0"		"T6070n"	"L9405c184"	
"747.818"	"0.003"	"747.82330"	"0.00003"	"7400bl?"	"1.06e+06"	C+	"70743.97227"	"84116.1152"	"2s2.2p.3p"	"3S"	"1"	"2s2.2p.4d"	"3P*"	"1"		"T6070n"	"L9405c184"	
"748.547"	"0.003"	"748.550533"	"0.000022"	"15000"	"1.01e+06"	C+	"70743.97227"	"84103.1238"	"2s2.2p.3p"	"3S"	"1"	"2s2.2p.4d"	"3P*"	"2"		"T6070n"	"L9405c184"	
"750.774"	"0.003"	"750.7729"	"0.0017"	"4300*"	""		"75255.29373"	"88574.90"	"2s.2p3"	"3P*"	"2"	"2s2.2p.(2P*<1/2>).7f"	"2[5/2]"	"2"		""	"L17684"	
"750.774"	"0.003"	"750.774"	"0.003"	"4300*"	""		"75255.29373"	"88574.89"	"2s.2p3"	"3P*"	"2"	"2s2.2p.(2P*<1/2>).7f"	"2[5/2]"	"3"		""	"L17684"	
""	""	"761.4214"	"0.0003"	""	"5.2e+04"	C	"70743.97227"	"83877.305"	"2s2.2p.3p"	"3S"	"1"	"2s2.2p.5s"	"1P*"	"1"		"T6070"	""	
""	""	"763.702705"	"0.000023"	""	"1.6e+04"	C	"70743.97227"	"83838.0728"	"2s2.2p.3p"	"3S"	"1"	"2s2.2p.4d"	"3D*"	"2"		"T6070"	""	
"766.455"	"0.004"	"766.452924"	"0.000018"	"27000"	"1.20e+06"	B	"70743.97227"	"83791.0880"	"2s2.2p.3p"	"3S"	"1"	"2s2.2p.5s"	"3P*"	"2"		"T6070n"	"L9405c184"	
"768.729"	"0.004"	"768.73012"	"0.00003"	"23000bl"	"1.14e+06"	B	"70743.97227"	"83752.4388"	"2s2.2p.3p"	"3S"	"1"	"2s2.2p.5s"	"3P*"	"1"		"T6070n"	"L9405c184"	
"769.4612"	"0.0014"	"769.46018"	"0.00006"	"9100"	"1.18e+06"	B	"70743.97227"	"83740.0964"	"2s2.2p.3p"	"3S"	"1"	"2s2.2p.5s"	"3P*"	"0"		"T6070n"	"L17684"	
"783.4784"	"0.0014"	"783.47975"	"0.00003"	"17000"	"5.7e+05"	B	"71352.54344"	"84116.1152"	"2s2.2p.3p"	"3P"	"0"	"2s2.2p.4d"	"3P*"	"1"		"T6070n"	"L17684"	
"783.9261"	"0.0014"	"783.92699"	"0.00009"	"7800"	"1.81e+06"	B	"71364.93596"	"84121.2260"	"2s2.2p.3p"	"3P"	"1"	"2s2.2p.4d"	"3P*"	"0"		"T6070n"	"L17684"	
"784.2427"	"0.0014"	"784.24119"	"0.00003"	"9000"	"5.2e+05"	B	"71364.93596"	"84116.1152"	"2s2.2p.3p"	"3P"	"1"	"2s2.2p.4d"	"3P*"	"1"		"T6070n"	"L17684"	
"785.0405"	"0.0014"	"785.041022"	"0.000025"	"17000"	"4.0e+05"	B	"71364.93596"	"84103.1238"	"2s2.2p.3p"	"3P"	"1"	"2s2.2p.4d"	"3P*"	"2"		"T6070n"	"L17684"	
"785.5023"	"0.0014"	"785.50244"	"0.00003"	"19000"	"7.5e+05"	B	"71385.40992"	"84116.1152"	"2s2.2p.3p"	"3P"	"2"	"2s2.2p.4d"	"3P*"	"1"		"T6070n"	"L17684"	
"786.304"	"0.004"	"786.304842"	"0.000025"	"110000bl(Ni)"	"1.53e+06"	B	"71385.40992"	"84103.1238"	"2s2.2p.3p"	"3P"	"2"	"2s2.2p.4d"	"3P*"	"2"		"T6070n"	"L9405c184"	
""	""	"789.43975"	"0.00004"	""	"1.6e+04"	C	"71364.93596"	"84032.1471"	"2s2.2p.3p"	"3P"	"1"	"2s2.2p.4d"	"1P*"	"1"		"T6070"	""	
"794.679"	"0.003"	"794.675"	"0.003"	"8100*"	""		"75254.0017"	"87837.76"	"2s.2p3"	"3P*"	"1"	"2s2.2p.(2P*<3/2>).6f"	"2[3/2]"	"1"		""	"L17684"	
"794.679"	"0.003"	"794.675"	"0.003"	"8100*"	""		"75254.0017"	"87837.76"	"2s.2p3"	"3P*"	"1"	"2s2.2p.(2P*<3/2>).6f"	"2[3/2]"	"2"		""	"L17684"	
"795.3533"	"0.0014"	"795.3525"	"0.0010"	"4200"	""		"75254.0017"	"87827.043"	"2s.2p3"	"3P*"	"1"	"2s2.2p.(2P*<3/2>).6f"	"2[5/2]"	"2"		""	"L17684"	
"795.438"	"0.003"	"795.4343"	"0.0010"	"9400*"	""		"75255.29373"	"87827.043"	"2s.2p3"	"3P*"	"2"	"2s2.2p.(2P*<3/2>).6f"	"2[5/2]"	"2"		""	"L17684"	
"795.438"	"0.003"	"795.438"	"0.003"	"9400*"	""		"75255.29373"	"87826.99"	"2s.2p3"	"3P*"	"2"	"2s2.2p.(2P*<3/2>).6f"	"2[5/2]"	"3"		""	"L17684"	
""	""	"798.4184"	"0.0003"	""	"3.6e+04"	C	"71352.54344"	"83877.305"	"2s2.2p.3p"	"3P"	"0"	"2s2.2p.5s"	"1P*"	"1"		"T6070"	""	
"799.0086"	"0.0014"	"799.0084"	"0.0008"	"9800"	"3.0e+05"	D	"73975.92785"	"86491.441"	"2s2.2p.3p"	"1S"	"0"	"2s2.2p.5d"	"1P*"	"1"		"T5520"	"L17684"	
"799.4724"	"0.0014"	"799.4737"	"0.0012"	"2900"	""		"75254.0017"	"87762.23"	"2s.2p3"	"3P*"	"1"	"2s2.2p.(2P*<1/2>).6f"	"2[5/2]"	"2"		""	"L17684"	
"799.562"	"0.003"	"799.5563"	"0.0012"	"10000*"	""		"75255.29373"	"87762.23"	"2s.2p3"	"3P*"	"2"	"2s2.2p.(2P*<1/2>).6f"	"2[5/2]"	"2"		""	"L17684"	
"799.562"	"0.003"	"799.561"	"0.003"	"10000*"	""		"75255.29373"	"87762.15"	"2s.2p3"	"3P*"	"2"	"2s2.2p.(2P*<1/2>).6f"	"2[5/2]"	"3"		""	"L17684"	
"801.718"	"0.004"	"801.72294"	"0.00003"	"15000"	"5.e+05"	D	"71364.93596"	"83838.0728"	"2s2.2p.3p"	"3P"	"1"	"2s2.2p.4d"	"3D*"	"2"		"T6070n"	"L9405c184"	
"802.0769"	"0.0014"	"802.07808"	"0.00005"	"6000"	"2.6e+05"	D	"71352.54344"	"83820.1576"	"2s2.2p.3p"	"3P"	"0"	"2s2.2p.4d"	"3D*"	"1"		"T6070n"	"L17684"	
"802.347"	"0.004"	"802.345411"	"0.000019"	"16000"	"3.2e+05"	D	"71385.40992"	"83848.8700"	"2s2.2p.3p"	"3P"	"2"	"2s2.2p.4d"	"3D*"	"3"		"T6070n"	"L9405c184"	
"802.89"	"0.03"	"802.87612"	"0.00005"	"9200w"	"8.e+04"	D	"71364.93596"	"83820.1576"	"2s2.2p.3p"	"3P"	"1"	"2s2.2p.4d"	"3D*"	"1"		"T6070n"	"L2138"	
"803.05"	"0.03"	"803.04109"	"0.00003"	"2300d"	"2.3e+03"	D	"71385.40992"	"83838.0728"	"2s2.2p.3p"	"3P"	"2"	"2s2.2p.4d"	"3D*"	"2"		"T6070n"	"L2138"	
"803.81"	"0.03"	"803.8167"	"0.0011"	"12000w"	""		"73975.92785"	"86416.575"	"2s2.2p.3p"	"1S"	"0"	"2s2.2p.6s"	"1P*"	"1"		""	"L2138"	
"804.7546"	"0.0014"	"804.75436"	"0.00003"	"27000"	"2.7e+05"	B	"71364.93596"	"83791.0880"	"2s2.2p.3p"	"3P"	"1"	"2s2.2p.5s"	"3P*"	"2"		"T6070n"	"L17684"	
"806.081"	"0.004"	"806.082500"	"0.000019"	"59000"	"1.09e+06"	B	"71385.40992"	"83791.0880"	"2s2.2p.3p"	"3P"	"2"	"2s2.2p.5s"	"3P*"	"2"		"T6070n"	"L9405c184"	
"806.4573"	"0.0014"	"806.45842"	"0.00003"	"21000"	"4.8e+05"	B	"71352.54344"	"83752.4388"	"2s2.2p.3p"	"3P"	"0"	"2s2.2p.5s"	"3P*"	"1"		"T6070n"	"L17684"	
"807.2635"	"0.0014"	"807.26520"	"0.00003"	"21000"	"3.8e+05"	B	"71364.93596"	"83752.4388"	"2s2.2p.3p"	"3P"	"1"	"2s2.2p.5s"	"3P*"	"1"		"T6070n"	"L17684"	
""	""	"808.024377"	"0.000012"	""	"1.2e+04"	C	"71385.40992"	"83761.27417"	"2s2.2p.3p"	"3P"	"2"	"2s2.2p.4d"	"3F*"	"3"		"T6070"	""	
"808.0701"	"0.0014"	"808.07033"	"0.00007"	"28000"	"1.56e+06"	B	"71364.93596"	"83740.0964"	"2s2.2p.3p"	"3P"	"1"	"2s2.2p.5s"	"3P*"	"0"		"T6070n"	"L17684"	
"808.6020"	"0.0014"	"808.60165"	"0.00003"	"32000"	"6.3e+05"	B	"71385.40992"	"83752.4388"	"2s2.2p.3p"	"3P"	"2"	"2s2.2p.5s"	"3P*"	"1"		"T6070n"	"L17684"	
""	""	"815.788650"	"0.000020"	""	"4.e+03"	E	"60352.6584"	"72610.73530"	"2s2.2p.3s"	"3P*"	"1"	"2s2.2p.3p"	"1D"	"2"		"T9787"	""	
""	""	"818.493634"	"0.000020"	""	"1.5e+03"	E	"60393.1693"	"72610.73530"	"2s2.2p.3s"	"3P*"	"2"	"2s2.2p.3p"	"1D"	"2"		"T9787"	""	
"833.74351"	"0.00006"	"833.743553"	"0.000021"	"5900000"	"3.51e+07"	B+	"61981.83211"	"73975.92785"	"2s2.2p.3s"	"1P*"	"1"	"2s2.2p.3p"	"1S"	"0"		"T5520,T6070,T4828,u24"	"L12175c183"	
"843.3192"	"0.0014"	"843.3164"	"0.0009"	"7000"	""		"75255.29373"	"87113.239"	"2s.2p3"	"3P*"	"2"	"2s2.2p.6p"	"3P"	"2"		""	"L17684"	
"851.2783"	"0.0014"	"851.2800"	"0.0012"	"8600"	""		"75255.29373"	"87002.31"	"2s.2p3"	"3P*"	"2"	"2s2.2p.6p"	"3D"	"3"		""	"L17684"	
"853.8606"	"0.0014"	"853.8622"	"0.0011"	"8300"	""		"75254.0017"	"86965.494"	"2s.2p3"	"3P*"	"1"	"2s2.2p.6p"	"3D"	"2"		""	"L17684"	
"857.94"	"0.03"	"857.8742"	"0.0018"	"9500H"	""		"75256.1696"	"86912.89"	"2s.2p3"	"3P*"	"0"	"2s2.2p.6p"	"1P"	"1"		""	"L2138"	
"872.9523"	"0.0008"	"872.9528"	"0.0003"	""	"6.0e-01"	B	"10192.657"	"21648.030"	"2s2.2p2"	"1D"	"2"	"2s2.2p2"	"1S"	"0"	E2	"T7851"	"L12968"	
"875.5520"	"0.0015"	"875.54850"	"0.00005"	"26000"	"5.e+05"	D	"72610.73530"	"84032.1471"	"2s2.2p.3p"	"1D"	"2"	"2s2.2p.4d"	"1P*"	"1"		"T5520,T6070"	"L9405c184"	
""	""	"882.107420"	"0.000023"	"m"	""		"72610.73530"	"83947.2231"	"2s2.2p.3p"	"1D"	"2"	"2s2.2p.4d"	"1F*"	"3"		""	"L17684"	
"887.5826"	"0.0014"	"887.5816"	"0.0004"	"43000"	"2.05e+06"	B	"72610.73530"	"83877.305"	"2s2.2p.3p"	"1D"	"2"	"2s2.2p.5s"	"1P*"	"1"		"T5520,T6070"	"L17684"	
"889.311"	"0.003"	"889.3038"	"0.0005"	"20000*"	""		"75254.0017"	"86498.753"	"2s.2p3"	"3P*"	"1"	"2s2.2p.(2P*<3/2>).5f"	"2[3/2]"	"2"		""	"L17684"	
"889.311"	"0.003"	"889.3220"	"0.0009"	"20000*"	""		"75254.0017"	"86498.523"	"2s.2p3"	"3P*"	"1"	"2s2.2p.(2P*<3/2>).5f"	"2[3/2]"	"1"		""	"L17684"	
"890.563"	"0.004"	"890.56772"	"0.00019"	"5100"	""		"75254.0017"	"86482.794"	"2s.2p3"	"3P*"	"1"	"2s2.2p.(2P*<3/2>).5f"	"2[5/2]"	"2"		""	"L9405c184"	
""	""	"890.67021"	"0.00019"	""	""		"75255.29373"	"86482.794"	"2s.2p3"	"3P*"	"2"	"2s2.2p.(2P*<3/2>).5f"	"2[5/2]"	"2"		""	""	
"890.6802"	"0.0017"	"890.67983"	"0.00011"	"14000"	""		"75255.29373"	"86482.6727"	"2s.2p3"	"3P*"	"2"	"2s2.2p.(2P*<3/2>).5f"	"2[5/2]"	"3"		""	"L9405c184"	
""	""	"892.10663"	"0.00006"	""	"1.1e+05"	C	"72610.73530"	"83820.1576"	"2s2.2p.3p"	"1D"	"2"	"2s2.2p.4d"	"3D*"	"1"		"T6070"	""	
"896.321"	"0.003"	"896.31136"	"0.00013"	"22000*"	""		"75255.29373"	"86412.1310"	"2s.2p3"	"3P*"	"2"	"2s2.2p.(2P*<1/2>).5f"	"2[5/2]"	"2"		""	"L17684"	
"896.321"	"0.003"	"896.31947"	"0.00011"	"22000*"	""		"75255.29373"	"86412.0301"	"2s.2p3"	"3P*"	"2"	"2s2.2p.(2P*<1/2>).5f"	"2[5/2]"	"3"		""	"L17684"	
""	""	"897.52882"	"0.00004"	""	"6.7e+04"	C	"72610.73530"	"83752.4388"	"2s2.2p.3p"	"1D"	"2"	"2s2.2p.5s"	"3P*"	"1"		"T6070"	""	
"906.39220"	"0.00005"	"906.392207"	"0.000025"	"9400000"	"7.3e+06"	B	"60352.6584"	"71385.40992"	"2s2.2p.3s"	"3P*"	"1"	"2s2.2p.3p"	"3P"	"2"		"T6070n,T4828n,u24"	"L12175c183"	
"906.49599"	"0.00005"	"906.49599"	"0.00004"	"7600000"	"9.5e+06"	B	"60333.4476"	"71364.93596"	"2s2.2p.3s"	"3P*"	"0"	"2s2.2p.3p"	"3P"	"1"		"T6070n,T4828n,u24"	"L12175c183"	
"908.07737"	"0.00006"	"908.077366"	"0.000025"	"5600000"	"7.1e+06"	B	"60352.6584"	"71364.93596"	"2s2.2p.3s"	"3P*"	"1"	"2s2.2p.3p"	"3P"	"1"		"T6070n,T4828n,u24"	"L12175c183"	
"909.10043"	"0.00005"	"909.100410"	"0.000025"	"8200000"	"3.0e+07"	B	"60352.6584"	"71352.54344"	"2s2.2p.3s"	"3P*"	"1"	"2s2.2p.3p"	"3P"	"0"		"T6070n,T4828n,u24"	"L12175c183"	
"909.73266"	"0.00005"	"909.732633"	"0.000025"	"19000000"	"2.28e+07"	B	"60393.1693"	"71385.40992"	"2s2.2p.3s"	"3P*"	"2"	"2s2.2p.3p"	"3P"	"2"		"T6070n,T4828n,u24"	"L12175c183"	
"911.43025"	"0.00005"	"911.430247"	"0.000025"	"10000000"	"1.35e+07"	B	"60393.1693"	"71364.93596"	"2s2.2p.3s"	"3P*"	"2"	"2s2.2p.3p"	"3P"	"1"		"T6070n,T4828n,u24"	"L12175c183"	
"918.539"	"0.004"	"918.539204"	"0.000020"	"100000bl"	"2.8e+05"	C	"72610.73530"	"83497.58690"	"2s2.2p.3p"	"1D"	"2"	"2s2.2p.4d"	"1D*"	"2"		"T5520,T6070"	"L9405c184"	
""	""	"940.110"	"0.004"	""	"1.2e+02"	D	"78199.09144"	"88836.15"	"2s2.2p.3d"	"3F*"	"2"	"2s2.2p.(2P*<3/2>).8p"	"2[5/2]"	"3"		"T5520LS"	""	
"940.83086"	"0.00005"	"940.83085"	"0.00003"	"30000000"	"2.91e+07"	B+	"61981.83211"	"72610.73530"	"2s2.2p.3s"	"1P*"	"1"	"2s2.2p.3p"	"1D"	"2"		"T5520,T6070,T4828,u24"	"L12175c183"	
""	""	"941.566"	"0.004"	""	"4.2e+03"	D	"78215.54012"	"88836.15"	"2s2.2p.3d"	"3F*"	"3"	"2s2.2p.(2P*<3/2>).8p"	"2[5/2]"	"3"		"T5520LS"	""	
""	""	"941.588"	"0.004"	""	"2.8e+05"	D	"78340.29782"	"88960.65"	"2s2.2p.4s"	"1P*"	"1"	"2s2.2p.(2P*<3/2>).8p"	"2[1/2]"	"0"		"T5520"	""	
""	""	"944.129"	"0.004"	""	"5.e+04"	D	"78199.09144"	"88790.86"	"2s2.2p.3d"	"3F*"	"2"	"2s2.2p.(2P*<1/2>).8p"	"2[1/2]"	"1"		"T5520LS"	""	
""	""	"944.3"	"0.4"	""	"6.e+03"	D	"78199.09144"	"[88789]"	"2s2.2p.3d"	"3F*"	"2"	"2s2.2p.(2P*<1/2>).8p"	"2[1/2]"	"2"		"T5520LS"	""	
""	""	"944.628"	"0.004"	""	"5.e+04"	D	"78249.96676"	"88836.15"	"2s2.2p.3d"	"3F*"	"4"	"2s2.2p.(2P*<3/2>).8p"	"2[5/2]"	"3"		"T5520LS"	""	
""	""	"945.8"	"0.4"	""	"4.6e+04"	D	"78215.54012"	"[88789]"	"2s2.2p.3d"	"3F*"	"3"	"2s2.2p.(2P*<1/2>).8p"	"2[1/2]"	"2"		"T5520LS"	""	
""	""	"945.781"	"0.004"	""	"5.e+04"	D	"78340.29782"	"88913.57"	"2s2.2p.4s"	"1P*"	"1"	"2s2.2p.(2P*<3/2>).8p"	"2[5/2]"	"2"		"T5520"	""	
"960.56648"	"0.00010"	"960.56638"	"0.00005"	"3500000"	"3.1e+06"	B	"60333.4476"	"70743.97227"	"2s2.2p.3s"	"3P*"	"0"	"2s2.2p.3p"	"3S"	"1"		"T6070n,T4828n,u24"	"L12175c183"	
"962.34214"	"0.00006"	"962.34221"	"0.00003"	"7500000"	"8.6e+06"	B	"60352.6584"	"70743.97227"	"2s2.2p.3s"	"3P*"	"1"	"2s2.2p.3p"	"3S"	"1"		"T6070n,T4828n,u24"	"L12175c183"	
""	""	"963.027"	"0.004"	""	"9.8e+04"	B	"78529.64651"	"88913.57"	"2s2.2p.3d"	"1F*"	"3"	"2s2.2p.(2P*<3/2>).8p"	"2[5/2]"	"2"		"T5520"	""	
""	""	"963.251"	"0.003"	""	"9.2e+04"	C+	"77679.83311"	"88061.34"	"2s2.2p.3d"	"1D*"	"2"	"2s2.2p.7p"	"1P"	"1"		"T5520"	""	
"966.10867"	"0.00006"	"966.10862"	"0.00003"	"9600000"	"1.25e+07"	B	"60393.1693"	"70743.97227"	"2s2.2p.3s"	"3P*"	"2"	"2s2.2p.3p"	"3S"	"1"		"T6070n,T4828n,u24"	"L12175c183"	
""	""	"981.0985"	"0.0003"	""	"5.9e-08"	C	"0.0000000"	"10192.657"	"2s2.2p2"	"3P"	"0"	"2s2.2p2"	"1D"	"2"	E2	"T7851"	""	
"982.700"	"0.019"	"982.6812"	"0.0003"	""	"7.3e-05"	C+	"16.4167130"	"10192.657"	"2s2.2p2"	"3P"	"1"	"2s2.2p2"	"1D"	"2"	M1	"T7851"	"L7803c185"	
"985.304"	"0.009"	"985.2951"	"0.0003"	""	"2.2e-04"	C+	"43.4134567"	"10192.657"	"2s2.2p2"	"3P"	"2"	"2s2.2p2"	"1D"	"2"	M1	"T7851"	"L7803c185"	
""	""	"994.40950"	"0.00006"	""	"2.3e+05"	C	"73975.92785"	"84032.1471"	"2s2.2p.3p"	"1S"	"0"	"2s2.2p.4d"	"1P*"	"1"		"T5520,T6070"	""	
""	""	"1000.631"	"0.003"	""	"4.5e+05"	C	"78340.29782"	"88333.99"	"2s2.2p.4s"	"1P*"	"1"	"2s2.2p.7p"	"1S"	"0"		"T5520"	""	
""	""	"1005.05807"	"0.00004"	""	"7.e+04"	D	"75254.0017"	"85203.6756"	"2s.2p3"	"3P*"	"1"	"2s2.2p.5p"	"3P"	"2"		"T5520LS"	""	
""	""	"1005.18860"	"0.00003"	""	"2.1e+05"	D	"75255.29373"	"85203.6756"	"2s.2p3"	"3P*"	"2"	"2s2.2p.5p"	"3P"	"2"		"T5520LS"	""	
""	""	"1006.365"	"0.004"	""	"1.8e+02"	D	"78199.09144"	"88135.84"	"2s2.2p.3d"	"3F*"	"2"	"2s2.2p.7p"	"3D"	"3"		"T5520LS"	""	
""	""	"1006.54604"	"0.00005"	""	"7.e+04"	D	"75254.0017"	"85188.9670"	"2s.2p3"	"3P*"	"1"	"2s2.2p.5p"	"3P"	"1"		"T5520LS"	""	
""	""	"1006.67696"	"0.00004"	""	"1.2e+05"	D	"75255.29373"	"85188.9670"	"2s.2p3"	"3P*"	"2"	"2s2.2p.5p"	"3P"	"1"		"T5520LS"	""	
""	""	"1006.76573"	"0.00005"	""	"9.e+04"	D	"75256.1696"	"85188.9670"	"2s.2p3"	"3P*"	"0"	"2s2.2p.5p"	"3P"	"1"		"T5520LS"	""	
""	""	"1008.034"	"0.004"	""	"6.e+03"	D	"78215.54012"	"88135.84"	"2s2.2p.3d"	"3F*"	"3"	"2s2.2p.7p"	"3D"	"3"		"T5520LS"	""	
""	""	"1008.056"	"0.003"	""	"8.9e+04"	C	"78340.29782"	"88260.38"	"2s2.2p.4s"	"1P*"	"1"	"2s2.2p.7p"	"1D"	"2"		"T5520"	""	
""	""	"1008.506"	"0.003"	""	"2.8e+05"	D	"75254.0017"	"85169.66"	"2s.2p3"	"3P*"	"1"	"2s2.2p.5p"	"3P"	"0"		"T5520LS"	""	
""	""	"1009.6230"	"0.0018"	""	"1.2e+03"	D	"78293.51263"	"88198.20"	"2s2.2p.3d"	"3D*"	"1"	"2s2.2p.7p"	"3P"	"2"		"T5520LS"	""	
""	""	"1009.9605"	"0.0005"	""	"1.8e+04"	C	"73975.92785"	"83877.305"	"2s2.2p.3p"	"1S"	"0"	"2s2.2p.5s"	"1P*"	"1"		"T6070"	""	
""	""	"1010.221"	"0.003"	""	"2.9e+04"	D	"78293.51263"	"88192.34"	"2s2.2p.3d"	"3D*"	"1"	"2s2.2p.7p"	"3P"	"1"		"T5520LS"	""	
""	""	"1010.410"	"0.003"	""	"9.e+03"	D	"78199.09144"	"88096.06"	"2s2.2p.3d"	"3F*"	"2"	"2s2.2p.7p"	"3D"	"2"		"T5520LS"	""	
""	""	"1010.8251"	"0.0021"	""	"8.e+04"	D	"78199.09144"	"88092.00"	"2s2.2p.3d"	"3F*"	"2"	"2s2.2p.7p"	"3D"	"1"		"T5520LS"	""	
""	""	"1011.0657"	"0.0018"	""	"1.8e+04"	D	"78307.64625"	"88198.20"	"2s2.2p.3d"	"3D*"	"2"	"2s2.2p.7p"	"3P"	"2"		"T5520LS"	""	
""	""	"1011.544"	"0.004"	""	"7.e+04"	D	"78249.96676"	"88135.84"	"2s2.2p.3d"	"3F*"	"4"	"2s2.2p.7p"	"3D"	"3"		"T5520LS"	""	
""	""	"1011.665"	"0.003"	""	"9.e+04"	D	"78307.64625"	"88192.34"	"2s2.2p.3d"	"3D*"	"2"	"2s2.2p.7p"	"3P"	"1"		"T5520LS"	""	
""	""	"1012.092"	"0.003"	""	"7.e+04"	D	"78215.54012"	"88096.06"	"2s2.2p.3d"	"3F*"	"3"	"2s2.2p.7p"	"3D"	"2"		"T5520LS"	""	
""	""	"1012.1525"	"0.0018"	""	"1.0e+05"	D	"78318.26602"	"88198.20"	"2s2.2p.3d"	"3D*"	"3"	"2s2.2p.7p"	"3P"	"2"		"T5520LS"	""	
"1012.6635"	"0.0005"	"1012.66402"	"0.00004"	"1600000"	"2.0e+07"	C+	"68856.35208"	"78731.2956"	"2s2.2p.3p"	"1P"	"1"	"2s2.2p.3d"	"1P*"	"1"		"T5520,T6070,T4828"	"L12175c183"	
""	""	"1013.539"	"0.003"	""	"1.2e+05"	D	"78293.51263"	"88159.93"	"2s2.2p.3d"	"3D*"	"1"	"2s2.2p.7p"	"3P"	"0"		"T5520LS"	""	
""	""	"1017.481"	"0.004"	""	"1.5e+03"	D	"78307.64625"	"88135.84"	"2s2.2p.3d"	"3D*"	"2"	"2s2.2p.7p"	"3D"	"3"		"T5520LS"	""	
""	""	"1018.582"	"0.004"	""	"1.2e+04"	D	"78318.26602"	"88135.84"	"2s2.2p.3d"	"3D*"	"3"	"2s2.2p.7p"	"3D"	"3"		"T5520LS"	""	
""	""	"1020.143"	"0.003"	""	"2.0e+03"	D	"78293.51263"	"88096.06"	"2s2.2p.3d"	"3D*"	"1"	"2s2.2p.7p"	"3D"	"2"		"T5520LS"	""	
""	""	"1020.5657"	"0.0023"	""	"1.0e+04"	D	"78293.51263"	"88092.00"	"2s2.2p.3d"	"3D*"	"1"	"2s2.2p.7p"	"3D"	"1"		"T5520LS"	""	
""	""	"1021.616"	"0.003"	""	"9.e+03"	D	"78307.64625"	"88096.06"	"2s2.2p.3d"	"3D*"	"2"	"2s2.2p.7p"	"3D"	"2"		"T5520LS"	""	
""	""	"1022.0399"	"0.0023"	""	"3.3e+03"	D	"78307.64625"	"88092.00"	"2s2.2p.3d"	"3D*"	"2"	"2s2.2p.7p"	"3D"	"1"		"T5520LS"	""	
""	""	"1022.726"	"0.003"	""	"2.1e+03"	D	"78318.26602"	"88096.06"	"2s2.2p.3d"	"3D*"	"3"	"2s2.2p.7p"	"3D"	"2"		"T5520LS"	""	
""	""	"1022.85980"	"0.00005"	""	"2.4e+03"	C	"73975.92785"	"83752.4388"	"2s2.2p.3p"	"1S"	"0"	"2s2.2p.5s"	"3P*"	"1"		"T6070"	""	
""	""	"1027.672"	"0.003"	""	"1.53e+05"	B	"78529.64651"	"88260.38"	"2s2.2p.3d"	"1F*"	"3"	"2s2.2p.7p"	"1D"	"2"		"T5520"	""	
""	""	"1027.77991"	"0.00021"	""	"1.6e+05"	D	"75255.29373"	"84985.0033"	"2s.2p3"	"3P*"	"2"	"2s2.2p.5p"	"3D"	"3"		"T5520LS"	""	
""	""	"1028.696"	"0.003"	""	"8.7e+04"	C	"78340.29782"	"88061.34"	"2s2.2p.4s"	"1P*"	"1"	"2s2.2p.7p"	"1P"	"1"		"T5520"	""	
""	""	"1031.3097"	"0.0020"	""	"1.2e+05"	D	"75254.0017"	"84950.41"	"2s.2p3"	"3P*"	"1"	"2s2.2p.5p"	"3D"	"2"		"T5520LS"	""	
""	""	"1031.4471"	"0.0020"	""	"4.0e+04"	D	"75255.29373"	"84950.41"	"2s.2p3"	"3P*"	"2"	"2s2.2p.5p"	"3D"	"2"		"T5520LS"	""	
""	""	"1032.9127"	"0.0017"	""	"7.e+04"	D	"75254.0017"	"84935.362"	"2s.2p3"	"3P*"	"1"	"2s2.2p.5p"	"3D"	"1"		"T5520LS"	""	
""	""	"1033.0506"	"0.0017"	""	"4.4e+03"	D	"75255.29373"	"84935.362"	"2s.2p3"	"3P*"	"2"	"2s2.2p.5p"	"3D"	"1"		"T5520LS"	""	
""	""	"1033.1440"	"0.0017"	""	"9.e+04"	D	"75256.1696"	"84935.362"	"2s.2p3"	"3P*"	"0"	"2s2.2p.5p"	"3D"	"1"		"T5520LS"	""	
""	""	"1038.49543"	"0.00003"	""	"6.6e+03"	C	"69689.49393"	"79318.8093"	"2s2.2p.3p"	"3D"	"1"	"2s2.2p.3d"	"3P*"	"1"		"T6070"	""	
""	""	"1040.78612"	"0.00003"	""	"1.1e+04"	C	"69710.68728"	"79318.8093"	"2s2.2p.3p"	"3D"	"2"	"2s2.2p.3d"	"3P*"	"1"		"T6070"	""	
""	""	"1041.647034"	"0.000021"	""	"7.4e+03"	C	"69710.68728"	"79310.86822"	"2s2.2p.3p"	"3D"	"2"	"2s2.2p.3d"	"3P*"	"2"		"T6070"	""	
"1045.277"	"0.005"	"1045.279841"	"0.000016"	"36000bl"	"2.1e+04"	C	"69744.05213"	"79310.86822"	"2s2.2p.3p"	"3D"	"3"	"2s2.2p.3d"	"3P*"	"2"		"T6070"	"L9405c184"	
""	""	"1048.3893"	"0.0007"	""	"5.5e+04"	B	"77679.83311"	"87218.275"	"2s2.2p.3d"	"1D*"	"2"	"2s2.2p.6p"	"1D"	"2"		"T5520"	""	
""	""	"1049.838"	"0.004"	""	"1.6e+04"	D	"79310.86822"	"88836.15"	"2s2.2p.3d"	"3P*"	"2"	"2s2.2p.(2P*<3/2>).8p"	"2[5/2]"	"3"		"T5520LS"	""	
"1054.410"	"0.005"	"1054.41346"	"0.00003"	"760000bl"	"8.e+05"	D	"68856.35208"	"78340.29782"	"2s2.2p.3p"	"1P"	"1"	"2s2.2p.4s"	"1P*"	"1"		"T5520,T6070,T4828"	"L9405c184"	
""	""	"1054.853"	"0.004"	""	"4.4e+02"	D	"79310.86822"	"88790.86"	"2s2.2p.3d"	"3P*"	"2"	"2s2.2p.(2P*<1/2>).8p"	"2[1/2]"	"1"		"T5520LS"	""	
""	""	"1055.1"	"0.6"	""	"3.9e+03"	D	"79310.86822"	"[88789]"	"2s2.2p.3d"	"3P*"	"2"	"2s2.2p.(2P*<1/2>).8p"	"2[1/2]"	"2"		"T5520LS"	""	
""	""	"1055.738"	"0.004"	""	"7.e+03"	D	"79318.8093"	"88790.86"	"2s2.2p.3d"	"3P*"	"1"	"2s2.2p.(2P*<1/2>).8p"	"2[1/2]"	"1"		"T5520LS"	""	
""	""	"1055.9"	"0.6"	""	"1.2e+04"	D	"79318.8093"	"[88789]"	"2s2.2p.3d"	"3P*"	"1"	"2s2.2p.(2P*<1/2>).8p"	"2[1/2]"	"2"		"T5520LS"	""	
""	""	"1056.226"	"0.004"	""	"9.e+03"	D	"79323.1883"	"88790.86"	"2s2.2p.3d"	"3P*"	"0"	"2s2.2p.(2P*<1/2>).8p"	"2[1/2]"	"1"		"T5520LS"	""	
""	""	"1058.05616"	"0.00003"	""	"4.9e+03"	C	"68856.35208"	"78307.64625"	"2s2.2p.3p"	"1P"	"1"	"2s2.2p.3d"	"3D*"	"2"		"T6070"	""	
""	""	"1059.64076"	"0.00004"	""	"7.2e+03"	C	"68856.35208"	"78293.51263"	"2s2.2p.3p"	"1P"	"1"	"2s2.2p.3d"	"3D*"	"1"		"T6070"	""	
""	""	"1063.42503"	"0.00005"	""	"4.e+01"	E	"61981.83211"	"71385.40992"	"2s2.2p.3s"	"1P*"	"1"	"2s2.2p.3p"	"3P"	"2"		"u24"	""	
""	""	"1065.74542"	"0.00005"	""	"4.e+03"	E	"61981.83211"	"71364.93596"	"2s2.2p.3s"	"1P*"	"1"	"2s2.2p.3p"	"3P"	"1"		"T9787"	""	
""	""	"1067.15485"	"0.00005"	""	"2.6e+03"	E	"61981.83211"	"71352.54344"	"2s2.2p.3s"	"1P*"	"1"	"2s2.2p.3p"	"3P"	"0"		"T9787"	""	
"1068.60103"	"0.00007"	"1068.60110"	"0.00003"	"34000000"	"1.40e+07"	B	"60352.6584"	"69710.68728"	"2s2.2p.3s"	"3P*"	"1"	"2s2.2p.3p"	"3D"	"2"		"T6070n,T4828n,u24"	"L12175c183"	
"1068.82751"	"0.00010"	"1068.82754"	"0.00006"	"15000000"	"1.04e+07"	B	"60333.4476"	"69689.49393"	"2s2.2p.3s"	"3P*"	"0"	"2s2.2p.3p"	"3D"	"1"		"T6070n,T4828n,u24"	"L12175c183"	
"1069.41781"	"0.00007"	"1069.41774"	"0.00003"	"46000000"	"1.84e+07"	B	"60393.1693"	"69744.05213"	"2s2.2p.3s"	"3P*"	"2"	"2s2.2p.3p"	"3D"	"3"		"T6070n,T4828n,u24"	"L12175c183"	
"1071.02686"	"0.00015"	"1071.02668"	"0.00003"	"14000000"	"7.5e+06"	B	"60352.6584"	"69689.49393"	"2s2.2p.3s"	"3P*"	"1"	"2s2.2p.3p"	"3D"	"1"		"T6070n,T4828n,u24"	"L12175c183"	
"1073.24722"	"0.00016"	"1073.24719"	"0.00003"	"13000000"	"4.4e+06"	B	"60393.1693"	"69710.68728"	"2s2.2p.3s"	"3P*"	"2"	"2s2.2p.3p"	"3D"	"2"		"T6070n,T4828n,u24"	"L12175c183"	
"1075.693"	"0.005"	"1075.69393"	"0.00003"	"3900000bl"	"4.8e+05"	B	"60393.1693"	"69689.49393"	"2s2.2p.3s"	"3P*"	"2"	"2s2.2p.3p"	"3D"	"1"		"T6070n,T4828n,u24"	"L9405c184"	
""	""	"1076.22282"	"0.00005"	""	"5.5e+03"	C	"68856.35208"	"78148.10824"	"2s2.2p.3p"	"1P"	"1"	"2s2.2p.4s"	"3P*"	"2"		"T6070"	""	
""	""	"1079.86448"	"0.00005"	""	"7.2e+04"	C	"68856.35208"	"78116.77336"	"2s2.2p.3p"	"1P"	"1"	"2s2.2p.4s"	"3P*"	"1"		"T6070"	""	
""	""	"1083.065"	"0.003"	""	"1.56e+05"	B	"77679.83311"	"86912.89"	"2s2.2p.3d"	"1D*"	"2"	"2s2.2p.6p"	"1P"	"1"		"T5520"	""	
""	""	"1105.97427"	"0.00004"	""	"7.1e+04"	C	"69689.49393"	"78731.2956"	"2s2.2p.3p"	"3D"	"1"	"2s2.2p.3d"	"1P*"	"1"		"T6070"	""	
""	""	"1111.018"	"0.004"	""	"8.1e+05"	C	"78340.29782"	"87341.05"	"2s2.2p.4s"	"1P*"	"1"	"2s2.2p.6p"	"1S"	"0"		"T5520"	""	
"1126.3827"	"0.0008"	"1126.3827"	"0.0008"	"49000"	"1.8e+05"	C	"78340.29782"	"87218.275"	"2s2.2p.4s"	"1P*"	"1"	"2s2.2p.6p"	"1D"	"2"		"T5520"	"L12175c183"	
""	""	"1133.148"	"0.005"	""	"2.4e+04"	D	"79310.86822"	"88135.84"	"2s2.2p.3d"	"3P*"	"2"	"2s2.2p.7p"	"3D"	"3"		"T5520LS"	""	
"1133.33924"	"0.00013"	"1133.33955"	"0.00004"	"2800000q"	"2.03e+07"	B	"68856.35208"	"77679.83311"	"2s2.2p.3p"	"1P"	"1"	"2s2.2p.3d"	"1D*"	"2"		"T5520,T6070,T4828"	"L12175c183"	
""	""	"1133.8220"	"0.0015"	""	"2.0e+03"	D	"78293.51263"	"87113.239"	"2s2.2p.3d"	"3D*"	"1"	"2s2.2p.6p"	"3P"	"2"		"T5520LS"	""	
"1133.917"	"0.005"	"1133.92065"	"0.00003"	"45000bl*"	"1.5e+05"	C	"69710.68728"	"78529.64651"	"2s2.2p.3p"	"3D"	"2"	"2s2.2p.3d"	"1F*"	"3"		"T6070"	"L9405c186"	
"1133.917"	"0.005"	"1133.9257"	"0.0008"	"45000bl*"	"4.e+05"	E	"77679.83311"	"86498.753"	"2s2.2p.3d"	"1D*"	"2"	"2s2.2p.(2P*<3/2>).5f"	"2[3/2]"	"2"		"T9787"	"L9405c186"	
""	""	"1135.1226"	"0.0018"	""	"5.e+04"	D	"78293.51263"	"87103.134"	"2s2.2p.3d"	"3D*"	"1"	"2s2.2p.6p"	"3P"	"1"		"T5520LS"	""	
""	""	"1135.6419"	"0.0015"	""	"3.0e+04"	D	"78307.64625"	"87113.239"	"2s2.2p.3d"	"3D*"	"2"	"2s2.2p.6p"	"3P"	"2"		"T5520LS"	""	
""	""	"1135.9482"	"0.0023"	""	"3.1e+02"	D	"78199.09144"	"87002.31"	"2s2.2p.3d"	"3F*"	"2"	"2s2.2p.6p"	"3D"	"3"		"T5520LS"	""	
""	""	"1136.9466"	"0.0018"	""	"1.5e+05"	D	"78307.64625"	"87103.134"	"2s2.2p.3d"	"3D*"	"2"	"2s2.2p.6p"	"3P"	"1"		"T5520LS"	""	
""	""	"1137.0132"	"0.0016"	""	"1.7e+05"	D	"78318.26602"	"87113.239"	"2s2.2p.3d"	"3D*"	"3"	"2s2.2p.6p"	"3P"	"2"		"T5520LS"	""	
"1137.6949"	"0.0017"	"1137.69390"	"0.00019"	"23000"	"1.6e+06"	D	"77679.83311"	"86469.5436"	"2s2.2p.3d"	"1D*"	"2"	"2s2.2p.(2P*<3/2>).5f"	"2[7/2]"	"3"		"T9787"	"L12175c183"	
""	""	"1138.0746"	"0.0022"	""	"1.1e+04"	D	"78215.54012"	"87002.31"	"2s2.2p.3d"	"3F*"	"3"	"2s2.2p.6p"	"3D"	"3"		"T5520LS"	""	
""	""	"1138.279"	"0.004"	""	"6.e+03"	D	"79310.86822"	"88096.06"	"2s2.2p.3d"	"3P*"	"2"	"2s2.2p.7p"	"3D"	"2"		"T5520LS"	""	
""	""	"1138.448"	"0.003"	""	"2.0e+05"	D	"78293.51263"	"87077.402"	"2s2.2p.3d"	"3D*"	"1"	"2s2.2p.6p"	"3P"	"0"		"T5520LS"	""	
""	""	"1138.63525"	"0.00005"	""	"9.9e+05"	C	"75254.0017"	"84036.4454"	"2s.2p3"	"3P*"	"1"	"2s2.2p.(2P*<3/2>).4f"	"2[3/2]"	"2"		"T6070"	""	
""	""	"1138.64995"	"0.00006"	""	"9.5e+05"	C	"75254.0017"	"84036.3320"	"2s.2p3"	"3P*"	"1"	"2s2.2p.(2P*<3/2>).4f"	"2[3/2]"	"1"		"T6070"	""	
""	""	"1138.80279"	"0.00004"	""	"3.4e+05"	C	"75255.29373"	"84036.4454"	"2s.2p3"	"3P*"	"2"	"2s2.2p.(2P*<3/2>).4f"	"2[3/2]"	"2"		"T6070"	""	
""	""	"1138.805"	"0.003"	""	"6.e+02"	D	"79310.86822"	"88092.00"	"2s2.2p.3d"	"3P*"	"2"	"2s2.2p.7p"	"3D"	"1"		"T5520LS"	""	
""	""	"1138.81749"	"0.00005"	""	"6.5e+04"	C	"75255.29373"	"84036.3320"	"2s.2p3"	"3P*"	"2"	"2s2.2p.(2P*<3/2>).4f"	"2[3/2]"	"1"		"T6070"	""	
"1138.9319"	"0.0015"	"1138.93110"	"0.00006"	"22000"	"1.3e+06"	C	"75256.1696"	"84036.3320"	"2s.2p3"	"3P*"	"0"	"2s2.2p.(2P*<3/2>).4f"	"2[3/2]"	"1"		"T6070"	"L12175c183"	
""	""	"1139.309"	"0.004"	""	"1.7e+04"	D	"79318.8093"	"88096.06"	"2s2.2p.3d"	"3P*"	"1"	"2s2.2p.7p"	"3D"	"2"		"T5520LS"	""	
""	""	"1139.836"	"0.003"	""	"1.0e+04"	D	"79318.8093"	"88092.00"	"2s2.2p.3d"	"3P*"	"1"	"2s2.2p.7p"	"3D"	"1"		"T5520LS"	""	
""	""	"1140.405"	"0.003"	""	"1.3e+04"	D	"79323.1883"	"88092.00"	"2s2.2p.3d"	"3P*"	"0"	"2s2.2p.7p"	"3D"	"1"		"T5520LS"	""	
""	""	"1140.7188"	"0.0020"	""	"1.5e+04"	D	"78199.09144"	"86965.494"	"2s2.2p.3d"	"3F*"	"2"	"2s2.2p.6p"	"3D"	"2"		"T5520LS"	""	
""	""	"1141.27369"	"0.00005"	""	"6.4e+03"	C	"61981.83211"	"70743.97227"	"2s2.2p.3s"	"1P*"	"1"	"2s2.2p.3p"	"3S"	"1"		"T6070,u24"	""	
"1141.6254"	"0.0013"	"1141.62687"	"0.00005"	"19000"	"6.4e+05"	C	"75254.0017"	"84013.4311"	"2s.2p3"	"3P*"	"1"	"2s2.2p.(2P*<3/2>).4f"	"2[5/2]"	"2"		"T6070"	"L12175c183"	
""	""	"1141.79529"	"0.00004"	""	"2.2e+05"	C	"75255.29373"	"84013.4311"	"2s.2p3"	"3P*"	"2"	"2s2.2p.(2P*<3/2>).4f"	"2[5/2]"	"2"		"T6070"	""	
"1141.8163"	"0.0006"	"1141.815607"	"0.000021"	"63000"	"2.1e+06"	C	"75255.29373"	"84013.27526"	"2s.2p3"	"3P*"	"2"	"2s2.2p.(2P*<3/2>).4f"	"2[5/2]"	"3"		"T6070"	"L12175c183"	
""	""	"1141.933"	"0.003"	""	"1.4e+05"	D	"78199.09144"	"86956.176"	"2s2.2p.3d"	"3F*"	"2"	"2s2.2p.6p"	"3D"	"1"		"T5520LS"	""	
""	""	"1142.5512"	"0.0022"	""	"1.3e+05"	D	"78249.96676"	"87002.31"	"2s2.2p.3d"	"3F*"	"4"	"2s2.2p.6p"	"3D"	"3"		"T5520LS"	""	
""	""	"1142.8632"	"0.0020"	""	"1.2e+05"	D	"78215.54012"	"86965.494"	"2s2.2p.3d"	"3F*"	"3"	"2s2.2p.6p"	"3D"	"2"		"T5520LS"	""	
"1144.8566"	"0.0017"	"1144.85467"	"0.00016"	"36000"	"1.4e+06"	D	"77679.83311"	"86414.5662"	"2s2.2p.3d"	"1D*"	"2"	"2s2.2p.(2P*<1/2>).5f"	"2[7/2]"	"3"		"T9787"	"L12175c183"	
"1145.171"	"0.003"	"1145.17394"	"0.00022"	"8900"	"2.1e+05"	E	"77679.83311"	"86412.1310"	"2s2.2p.3d"	"1D*"	"2"	"2s2.2p.(2P*<1/2>).5f"	"2[5/2]"	"2"		"T9787"	"L12175c183"	
"1145.1876"	"0.0010"	"1145.18717"	"0.00018"	"14000"	"1.7e+06"	D	"77679.83311"	"86412.0301"	"2s2.2p.3d"	"1D*"	"2"	"2s2.2p.(2P*<1/2>).5f"	"2[5/2]"	"3"		"T9787"	"L12175c183"	
""	""	"1150.1307"	"0.0024"	""	"2.5e+03"	D	"78307.64625"	"87002.31"	"2s2.2p.3d"	"3D*"	"2"	"2s2.2p.6p"	"3D"	"3"		"T5520LS"	""	
""	""	"1150.9296"	"0.0008"	""	"2.6e+05"	B	"78529.64651"	"87218.275"	"2s2.2p.3d"	"1F*"	"3"	"2s2.2p.6p"	"1D"	"2"		"T5520"	""	
""	""	"1151.5372"	"0.0023"	""	"2.0e+04"	D	"78318.26602"	"87002.31"	"2s2.2p.3d"	"3D*"	"3"	"2s2.2p.6p"	"3D"	"3"		"T5520LS"	""	
""	""	"1153.1390"	"0.0020"	""	"3.3e+03"	D	"78293.51263"	"86965.494"	"2s2.2p.3d"	"3D*"	"1"	"2s2.2p.6p"	"3D"	"2"		"T5520LS"	""	
""	""	"1153.96527"	"0.00004"	""	"8.5e+04"	C	"75254.0017"	"83919.77375"	"2s.2p3"	"3P*"	"1"	"2s2.2p.(2P*<1/2>).4f"	"2[5/2]"	"2"		"T6070"	""	
""	""	"1154.13735"	"0.00004"	""	"2.9e+04"	C	"75255.29373"	"83919.77375"	"2s.2p3"	"3P*"	"2"	"2s2.2p.(2P*<1/2>).4f"	"2[5/2]"	"2"		"T6070"	""	
"1154.147"	"0.005"	"1154.15207"	"0.00003"	"15000"	"3.0e+05"	C	"75255.29373"	"83919.66322"	"2s.2p3"	"3P*"	"2"	"2s2.2p.(2P*<1/2>).4f"	"2[5/2]"	"3"		"T6070"	"L9405c186"	
""	""	"1154.379"	"0.003"	""	"1.6e+04"	D	"78293.51263"	"86956.176"	"2s2.2p.3d"	"3D*"	"1"	"2s2.2p.6p"	"3D"	"1"		"T5520LS"	""	
""	""	"1155.0215"	"0.0020"	""	"1.5e+04"	D	"78307.64625"	"86965.494"	"2s2.2p.3d"	"3D*"	"2"	"2s2.2p.6p"	"3D"	"2"		"T5520LS"	""	
"1155.957"	"0.003"	"1155.96193"	"0.00004"	"23000"	"2.0e+05"	C	"69689.49393"	"78340.29782"	"2s2.2p.3p"	"3D"	"1"	"2s2.2p.4s"	"1P*"	"1"		"T6070"	"L9405c186"	
""	""	"1156.266"	"0.003"	""	"5.e+03"	D	"78307.64625"	"86956.176"	"2s2.2p.3d"	"3D*"	"2"	"2s2.2p.6p"	"3D"	"1"		"T5520LS"	""	
""	""	"1156.4400"	"0.0020"	""	"3.4e+03"	D	"78318.26602"	"86965.494"	"2s2.2p.3d"	"3D*"	"3"	"2s2.2p.6p"	"3D"	"2"		"T5520LS"	""	
"1158.796"	"0.005"	"1158.80085"	"0.00004"	"70000"	"4.0e+05"	C	"69710.68728"	"78340.29782"	"2s2.2p.3p"	"3D"	"2"	"2s2.2p.4s"	"1P*"	"1"		"T6070"	"L9405c186"	
""	""	"1160.34152"	"0.00003"	""	"5.e+04"	D	"69689.49393"	"78307.64625"	"2s2.2p.3p"	"3D"	"1"	"2s2.2p.3d"	"3D*"	"2"		"T6070n,T4828n"	""	
""	""	"1161.766892"	"0.000024"	""	"5.e+04"	D	"69710.68728"	"78318.26602"	"2s2.2p.3p"	"3D"	"2"	"2s2.2p.3d"	"3D*"	"3"		"T6070n,T4828n"	""	
"1162.24767"	"0.00023"	"1162.24759"	"0.00004"	"260000"	"4.4e+06"	B	"69689.49393"	"78293.51263"	"2s2.2p.3p"	"3D"	"1"	"2s2.2p.3d"	"3D*"	"1"		"T6070n,T4828n"	"L12175c183"	
""	""	"1162.540"	"0.004"	""	"2.5e+05"	D	"80562.88550"	"89164.74"	"2s2.2p.4p"	"1P"	"1"	"2s2.2p.(2P*<3/2>).8d"	"2[3/2]*"	"1"		"T5520"	""	
"1163.20212"	"0.00012"	"1163.20202"	"0.00003"	"470000"	"5.4e+06"	B	"69710.68728"	"78307.64625"	"2s2.2p.3p"	"3D"	"2"	"2s2.2p.3d"	"3D*"	"2"		"T6070n,T4828n"	"L12175c183"	
"1165.1167"	"0.0006"	"1165.11750"	"0.00004"	"160000"	"1.58e+06"	B	"69710.68728"	"78293.51263"	"2s2.2p.3p"	"3D"	"2"	"2s2.2p.3d"	"3D*"	"1"		"T6070n,T4828n"	"L12175c183"	
"1165.60782"	"0.00023"	"1165.60767"	"0.00005"	"160000"	"8.4e+06"	B	"70743.97227"	"79323.1883"	"2s2.2p.3p"	"3S"	"1"	"2s2.2p.3d"	"3P*"	"0"		"T6070n,T4828n"	"L12175c183"	
"1166.20306"	"0.00007"	"1166.20292"	"0.00003"	"400000"	"8.6e+06"	B	"70743.97227"	"79318.8093"	"2s2.2p.3p"	"3S"	"1"	"2s2.2p.3d"	"3P*"	"1"		"T6070n,T4828n"	"L12175c183"	
"1166.28769"	"0.00005"	"1166.287677"	"0.000019"	"880000"	"7.5e+06"	B	"69744.05213"	"78318.26602"	"2s2.2p.3p"	"3D"	"3"	"2s2.2p.3d"	"3D*"	"3"		"T6070n,T4828n"	"L12175c183"	
""	""	"1166.508"	"0.003"	""	"1.2e+05"	C	"78340.29782"	"86912.89"	"2s2.2p.4s"	"1P*"	"1"	"2s2.2p.6p"	"1P"	"1"		"T5520"	""	
"1167.28394"	"0.00004"	"1167.283933"	"0.000019"	"890000"	"9.1e+06"	B	"70743.97227"	"79310.86822"	"2s2.2p.3p"	"3S"	"1"	"2s2.2p.3d"	"3P*"	"2"		"T6070n,T4828n"	"L12175c183"	
"1167.7341"	"0.0003"	"1167.73400"	"0.00003"	"160000"	"1.57e+06"	B	"69744.05213"	"78307.64625"	"2s2.2p.3p"	"3D"	"3"	"2s2.2p.3d"	"3D*"	"2"		"T6070n,T4828n"	"L12175c183"	
""	""	"1173.30894"	"0.00008"	""	"2.2e+03"	D	"60333.4476"	"68856.35208"	"2s2.2p.3s"	"3P*"	"0"	"2s2.2p.3p"	"1P"	"1"		"T6070,u24"	""	
"1175.143713"	"0.000014"	"1175.143711"	"0.000014"	"3200000"	"2.29e+07"	B	"69689.49393"	"78199.09144"	"2s2.2p.3p"	"3D"	"1"	"2s2.2p.3d"	"3F*"	"2"		"T6070n,T4828n"	"L12175c183"	
"1175.652528"	"0.000014"	"1175.652524"	"0.000012"	"5900000"	"2.6e+07"	B	"69744.05213"	"78249.96676"	"2s2.2p.3p"	"3D"	"3"	"2s2.2p.3d"	"3F*"	"4"		"T6070n,T4828n"	"L12175c183"	
"1175.799303"	"0.000014"	"1175.799298"	"0.000014"	"4400000"	"2.40e+07"	B	"69710.68728"	"78215.54012"	"2s2.2p.3p"	"3D"	"2"	"2s2.2p.3d"	"3F*"	"3"		"T6070n,T4828n"	"L12175c183"	
"1175.95960"	"0.00014"	"1175.95957"	"0.00006"	"120000"	"2.5e+04"	D	"60352.6584"	"68856.35208"	"2s2.2p.3s"	"3P*"	"1"	"2s2.2p.3p"	"1P"	"1"		"T6070,u24"	"L12175c183"	
"1178.07744"	"0.00015"	"1178.07774"	"0.00003"	"380000"	"2.9e+06"	B	"69710.68728"	"78199.09144"	"2s2.2p.3p"	"3D"	"2"	"2s2.2p.3d"	"3F*"	"2"		"T6070n,T4828n"	"L12175c183"	
"1180.43053"	"0.00024"	"1180.430169"	"0.000024"	"230000"	"1.26e+06"	B	"69744.05213"	"78215.54012"	"2s2.2p.3p"	"3D"	"3"	"2s2.2p.3d"	"3F*"	"3"		"T6070n,T4828n"	"L12175c183"	
""	""	"1181.58857"	"0.00006"	""	"2.6e-01"	E	"60393.1693"	"68856.35208"	"2s2.2p.3s"	"3P*"	"2"	"2s2.2p.3p"	"1P"	"1"		"u24"	""	
"1182.2268"	"0.0017"	"1182.22674"	"0.00003"	"58000bl"	"3.1e+05"	B	"69689.49393"	"78148.10824"	"2s2.2p.3p"	"3D"	"1"	"2s2.2p.4s"	"3P*"	"2"		"T6070n,T4828n"	"L9405c186"	
"1182.721"	"0.004"	"1182.72661"	"0.00003"	"14000"	"2.9e+03"	B	"69744.05213"	"78199.09144"	"2s2.2p.3p"	"3D"	"3"	"2s2.2p.3d"	"3F*"	"2"		"T6070n,T4828n"	"L9405c186"	
"1185.19625"	"0.00011"	"1185.196288"	"0.000022"	"230000"	"1.91e+06"	B	"69710.68728"	"78148.10824"	"2s2.2p.3p"	"3D"	"2"	"2s2.2p.4s"	"3P*"	"2"		"T6070n,T4828n"	"L12175c183"	
"1186.62253"	"0.00010"	"1186.62257"	"0.00003"	"220000"	"3.1e+06"	B	"69689.49393"	"78116.77336"	"2s2.2p.3p"	"3D"	"1"	"2s2.2p.4s"	"3P*"	"1"		"T6070n,T4828n"	"L12175c183"	
"1188.2818"	"0.0006"	"1188.28259"	"0.00004"	"310000q"	"1.16e+07"	B	"69689.49393"	"78105.00058"	"2s2.2p.3p"	"3D"	"1"	"2s2.2p.4s"	"3P*"	"0"		"T6070n,T4828n"	"L12175c183"	
"1189.61413"	"0.00008"	"1189.614275"	"0.000021"	"560000"	"8.3e+06"	B	"69710.68728"	"78116.77336"	"2s2.2p.3p"	"3D"	"2"	"2s2.2p.4s"	"3P*"	"1"		"T6070n,T4828n"	"L12175c183"	
"1189.90159"	"0.00003"	"1189.901622"	"0.000016"	"1000000"	"9.2e+06"	B	"69744.05213"	"78148.10824"	"2s2.2p.3p"	"3D"	"3"	"2s2.2p.4s"	"3P*"	"2"		"T6070n,T4828n"	"L12175c183"	
""	""	"1192.24"	"0.03"	""	"4.4e+03"	D	"80782.44916"	"89170.01"	"2s2.2p.4p"	"3D"	"1"	"2s2.2p.(2P*<3/2>).8d"	"2[1/2]*"	"1"		"T5520LS"	""	
""	""	"1192.36"	"0.24"	""	"1.8e+04"	D	"80782.44916"	"89169.2"	"2s2.2p.4p"	"3D"	"1"	"2s2.2p.(2P*<3/2>).8d"	"2[1/2]*"	"0"		"T5520LS"	""	
"1193.038"	"0.003"	"1193.0356"	"0.0009"	"3400"	"1.6e+05"	E	"78116.77336"	"86498.753"	"2s2.2p.4s"	"3P*"	"1"	"2s2.2p.(2P*<3/2>).5f"	"2[3/2]"	"2"		"T9787"	"L9405c186"	
""	""	"1193.30"	"0.06"	""	"1.7e+02"	D	"80782.44916"	"89162.6"	"2s2.2p.4p"	"3D"	"1"	"2s2.2p.(2P*<3/2>).8d"	"2[3/2]*"	"2"		"T5520LS"	""	
""	""	"1194.93"	"0.03"	""	"1.3e+04"	D	"80801.28887"	"89170.01"	"2s2.2p.4p"	"3D"	"2"	"2s2.2p.(2P*<3/2>).8d"	"2[1/2]*"	"1"		"T5520LS"	""	
""	""	"1195.98"	"0.06"	""	"2.6e+03"	D	"80801.28887"	"89162.6"	"2s2.2p.4p"	"3D"	"2"	"2s2.2p.(2P*<3/2>).8d"	"2[3/2]*"	"2"		"T5520LS"	""	
""	""	"1196.139"	"0.004"	""	"3.4e+03"	D	"80782.44916"	"89142.68"	"2s2.2p.4p"	"3D"	"1"	"2s2.2p.(2P*<3/2>).8d"	"2[5/2]*"	"2"		"T5520LS"	""	
""	""	"1198.65"	"0.03"	""	"2.5e+03"	D	"80801.28887"	"89144.03"	"2s2.2p.4p"	"3D"	"2"	"2s2.2p.(2P*<3/2>).8d"	"2[5/2]*"	"3"		"T5520LS"	""	
""	""	"1198.841"	"0.004"	""	"1.5e+04"	D	"80801.28887"	"89142.68"	"2s2.2p.4p"	"3D"	"2"	"2s2.2p.(2P*<3/2>).8d"	"2[5/2]*"	"2"		"T5520LS"	""	
"1199.808"	"0.006"	"1199.82274"	"0.00020"	"12000bl(Ni)"	"2.1e+05"	E	"78148.10824"	"86482.6727"	"2s2.2p.4s"	"3P*"	"2"	"2s2.2p.(2P*<3/2>).5f"	"2[5/2]"	"3"		"T9787"	"L9405c186"	
""	""	"1200.77"	"0.06"	""	"1.4e+04"	D	"80834.62491"	"89162.6"	"2s2.2p.4p"	"3D"	"3"	"2s2.2p.(2P*<3/2>).8d"	"2[3/2]*"	"2"		"T5520LS"	""	
""	""	"1203.46"	"0.03"	""	"2.0e+04"	D	"80834.62491"	"89144.03"	"2s2.2p.4p"	"3D"	"3"	"2s2.2p.(2P*<3/2>).8d"	"2[5/2]*"	"3"		"T5520LS"	""	
""	""	"1203.543"	"0.017"	""	"1.7e+04"	D	"80782.44916"	"89091.25"	"2s2.2p.4p"	"3D"	"1"	"2s2.2p.(2P*<1/2>).8d"	"2[3/2]*"	"1"		"T5520LS"	""	
""	""	"1203.651"	"0.004"	""	"3.4e+03"	D	"80834.62491"	"89142.68"	"2s2.2p.4p"	"3D"	"3"	"2s2.2p.(2P*<3/2>).8d"	"2[5/2]*"	"2"		"T5520LS"	""	
""	""	"1204.536"	"0.012"	""	"5.e+04"	D	"80834.62491"	"[89136.58]"	"2s2.2p.4p"	"3D"	"3"	"2s2.2p.(2P*<3/2>).8d"	"2[7/2]*"	"4"		"T5520LS"	""	
""	""	"1205.0"	"0.3"	""	"4.1e+04"	D	"80782.44916"	"89081.3"	"2s2.2p.4p"	"3D"	"1"	"2s2.2p.(2P*<1/2>).8d"	"2[3/2]*"	"2"		"T5520LS"	""	
""	""	"1206.278"	"0.017"	""	"5.e+03"	D	"80801.28887"	"89091.25"	"2s2.2p.4p"	"3D"	"2"	"2s2.2p.(2P*<1/2>).8d"	"2[3/2]*"	"1"		"T5520LS"	""	
""	""	"1207.63"	"0.03"	""	"4.4e+04"	D	"80801.28887"	"89081.96"	"2s2.2p.4p"	"3D"	"2"	"2s2.2p.(2P*<1/2>).8d"	"2[5/2]*"	"3"		"T5520LS"	""	
""	""	"1207.7"	"0.3"	""	"8.e+03"	D	"80801.28887"	"89081.3"	"2s2.2p.4p"	"3D"	"2"	"2s2.2p.(2P*<1/2>).8d"	"2[3/2]*"	"2"		"T5520LS"	""	
"1208.7783"	"0.0007"	"1208.77828"	"0.00013"	"30000"	"1.3e+06"	D	"78215.54012"	"86488.3559"	"2s2.2p.3d"	"3F*"	"3"	"2s2.2p.(2P*<3/2>).5f"	"2[9/2]"	"4"		"T9787"	"L12175c183"	
"1209.121"	"0.006"	"1209.12373"	"0.00022"	"4300bl"	"9.e+05"	D	"78199.09144"	"86469.5436"	"2s2.2p.3d"	"3F*"	"2"	"2s2.2p.(2P*<3/2>).5f"	"2[7/2]"	"3"		"T9787"	"L9405c186"	
"1211.5044"	"0.0014"	"1211.50664"	"0.00013"	"37000bl"	""		"78215.54012"	"86469.7252"	"2s2.2p.3d"	"3F*"	"3"	"2s2.2p.(2P*<3/2>).5f"	"2[7/2]"	"4"		""	"L12175c183"	
""	""	"1212.51"	"0.03"	""	"5.e+03"	D	"80834.62491"	"89081.96"	"2s2.2p.4p"	"3D"	"3"	"2s2.2p.(2P*<1/2>).8d"	"2[5/2]*"	"3"		"T5520LS"	""	
""	""	"1212.6"	"0.3"	""	"2.1e+02"	D	"80834.62491"	"89081.3"	"2s2.2p.4p"	"3D"	"3"	"2s2.2p.(2P*<1/2>).8d"	"2[3/2]*"	"2"		"T5520LS"	""	
"1213.87822"	"0.00018"	"1213.87843"	"0.00007"	"160000"	"5.4e+06"	D+	"78249.96676"	"86488.0240"	"2s2.2p.3d"	"3F*"	"4"	"2s2.2p.(2P*<3/2>).5f"	"2[9/2]"	"5"		"T9787"	"L12175c183"	
"1216.5823"	"0.0013"	"1216.58076"	"0.00013"	"9200"	"7.e+05"	D	"78249.96676"	"86469.7252"	"2s2.2p.3d"	"3F*"	"4"	"2s2.2p.(2P*<3/2>).5f"	"2[7/2]"	"4"		"T9787"	"L12175c183"	
"1217.2158"	"0.0006"	"1217.21511"	"0.00018"	"37000"	"3.7e+06"	D+	"78199.09144"	"86414.5662"	"2s2.2p.3d"	"3F*"	"2"	"2s2.2p.(2P*<1/2>).5f"	"2[7/2]"	"3"		"T9787"	"L12175c183"	
"1217.5913"	"0.0004"	"1217.59098"	"0.00021"	"17000"	"4.2e+05"	D	"78199.09144"	"86412.0301"	"2s2.2p.3d"	"3F*"	"2"	"2s2.2p.(2P*<1/2>).5f"	"2[5/2]"	"3"		"T9787"	"L12175c183"	
"1219.6314"	"0.0015"	"1219.62730"	"0.00012"	"16000"	"3.9e+06"	D+	"78215.54012"	"86414.7662"	"2s2.2p.3d"	"3F*"	"3"	"2s2.2p.(2P*<1/2>).5f"	"2[7/2]"	"4"		"T9787"	"L9405c186"	
"1220.8347"	"0.0016"	"1220.8362"	"0.0009"	"51000p"	"2.4e+05"	E	"78307.64625"	"86498.753"	"2s2.2p.3d"	"3D*"	"2"	"2s2.2p.(2P*<3/2>).5f"	"2[3/2]"	"2"		"T9787"	"L12175c183"	
"1223.236"	"0.006"	"1223.23763"	"0.00021"	"1300"	"2.4e+05"	E	"78307.64625"	"86482.6727"	"2s2.2p.3d"	"3D*"	"2"	"2s2.2p.(2P*<3/2>).5f"	"2[5/2]"	"3"		"T9787"	"L9405c186"	
"1224.8291"	"0.0012"	"1224.82875"	"0.00021"	"11000"	"1.0e+06"	D	"78318.26602"	"86482.6727"	"2s2.2p.3d"	"3D*"	"3"	"2s2.2p.(2P*<3/2>).5f"	"2[5/2]"	"3"		"T9787"	"L12175c183"	
"1225.2028"	"0.0018"	"1225.20531"	"0.00023"	"8900"	"2.1e+06"	D	"78307.64625"	"86469.5436"	"2s2.2p.3d"	"3D*"	"2"	"2s2.2p.(2P*<3/2>).5f"	"2[7/2]"	"3"		"T9787"	"L9405c186"	
"1226.7747"	"0.0003"	"1226.77422"	"0.00014"	"38000"	"3.4e+06"	D+	"78318.26602"	"86469.7252"	"2s2.2p.3d"	"3D*"	"3"	"2s2.2p.(2P*<3/2>).5f"	"2[7/2]"	"4"		"T9787"	"L12175c183"	
"1228.122"	"0.006"	"1228.1246"	"0.0004"	"8500"	"4.5e+05"	D	"78340.29782"	"86482.794"	"2s2.2p.4s"	"1P*"	"1"	"2s2.2p.(2P*<3/2>).5f"	"2[5/2]"	"2"		"T9787"	"L9405c186"	
"1231.7347"	"0.0014"	"1231.7367"	"0.0003"	"32000q"	"3.2e+06"	D	"78293.51263"	"86412.1310"	"2s2.2p.3d"	"3D*"	"1"	"2s2.2p.(2P*<1/2>).5f"	"2[5/2]"	"2"		"T9787"	"L12175c183"	
"1233.8841"	"0.0018"	"1233.88473"	"0.00024"	"2800"	"3.7e+05"	E	"78307.64625"	"86412.1310"	"2s2.2p.3d"	"3D*"	"2"	"2s2.2p.(2P*<1/2>).5f"	"2[5/2]"	"2"		"T9787"	"L12175c183"	
"1233.9025"	"0.0017"	"1233.90009"	"0.00021"	"20000p"	"1.5e+06"	D	"78307.64625"	"86412.0301"	"2s2.2p.3d"	"3D*"	"2"	"2s2.2p.(2P*<1/2>).5f"	"2[5/2]"	"3"		"T9787"	"L12175c183"	
"1235.1061"	"0.0015"	"1235.10156"	"0.00012"	"14000"	"3.5e+05"	E	"78318.26602"	"86414.7662"	"2s2.2p.3d"	"3D*"	"3"	"2s2.2p.(2P*<1/2>).5f"	"2[7/2]"	"4"		"T9787"	"L9405c186"	
"1235.515"	"0.006"	"1235.51909"	"0.00021"	"20000bl"	"3.3e+04"	E	"78318.26602"	"86412.0301"	"2s2.2p.3d"	"3D*"	"3"	"2s2.2p.(2P*<1/2>).5f"	"2[5/2]"	"3"		"T9787"	"L9405c186"	
""	""	"1238.221"	"0.005"	""	"3.9e+05"	D	"80562.88550"	"88638.99"	"2s2.2p.4p"	"1P"	"1"	"2s2.2p.(2P*<3/2>).7d"	"2[3/2]*"	"1"		"T5520"	""	
""	""	"1239.93"	"0.03"	""	"2.2e+04"	D	"81105.06418"	"89170.01"	"2s2.2p.4p"	"3S"	"1"	"2s2.2p.(2P*<3/2>).8d"	"2[1/2]*"	"1"		"T5520LS"	""	
""	""	"1240.1"	"0.3"	""	"2.2e+04"	D	"81105.06418"	"89169.2"	"2s2.2p.4p"	"3S"	"1"	"2s2.2p.(2P*<3/2>).8d"	"2[1/2]*"	"0"		"T5520LS"	""	
""	""	"1241.07"	"0.06"	""	"2.2e+04"	D	"81105.06418"	"89162.6"	"2s2.2p.4p"	"3S"	"1"	"2s2.2p.(2P*<3/2>).8d"	"2[3/2]*"	"2"		"T5520LS"	""	
""	""	"1251.51133"	"0.00004"	""	"2.7e+03"	C	"69689.49393"	"77679.83311"	"2s2.2p.3p"	"3D"	"1"	"2s2.2p.3d"	"1D*"	"2"		"T6070"	""	
""	""	"1251.98387"	"0.00005"	""	"8.8e+03"	C	"70743.97227"	"78731.2956"	"2s2.2p.3p"	"3S"	"1"	"2s2.2p.3d"	"1P*"	"1"		"T6070"	""	
""	""	"1254.83963"	"0.00003"	""	"1.9e+04"	C	"69710.68728"	"77679.83311"	"2s2.2p.3p"	"3D"	"2"	"2s2.2p.3d"	"1D*"	"2"		"T6070"	""	
"1255.29318"	"0.00006"	"1255.29328"	"0.00005"	"200000"	"3.8e+06"	B	"71352.54344"	"79318.8093"	"2s2.2p.3p"	"3P"	"0"	"2s2.2p.3d"	"3P*"	"1"		"T6070n,T4828n"	"L12175c183"	
"1256.4854"	"0.0003"	"1256.48513"	"0.00014"	"70000"	"3.2e+06"	D+	"78529.64651"	"86488.3559"	"2s2.2p.3d"	"1F*"	"3"	"2s2.2p.(2P*<3/2>).5f"	"2[9/2]"	"4"		"T9787"	"L12175c183"	
"1256.55735"	"0.00006"	"1256.55729"	"0.00005"	"250000"	"1.27e+07"	B	"71364.93596"	"79323.1883"	"2s2.2p.3p"	"3P"	"1"	"2s2.2p.3d"	"3P*"	"0"		"T6070n,T4828n"	"L12175c183"	
"1257.24908"	"0.00006"	"1257.24909"	"0.00003"	"180000"	"3.6e+06"	B	"71364.93596"	"79318.8093"	"2s2.2p.3p"	"3P"	"1"	"2s2.2p.3d"	"3P*"	"1"		"T6070n,T4828n"	"L12175c183"	
"1258.50558"	"0.00006"	"1258.50557"	"0.00003"	"280000"	"2.45e+06"	B	"71364.93596"	"79310.86822"	"2s2.2p.3p"	"3P"	"1"	"2s2.2p.3d"	"3P*"	"2"		"T6070n,T4828n"	"L12175c183"	
""	""	"1259.43336"	"0.00014"	"m"	"9.e+05"	D	"78529.64651"	"86469.7252"	"2s2.2p.3d"	"1F*"	"3"	"2s2.2p.(2P*<3/2>).5f"	"2[7/2]"	"4"		"T9787"	"L12175"	
"1260.49372"	"0.00005"	"1260.49371"	"0.00003"	"330000"	"5.1e+06"	B	"71385.40992"	"79318.8093"	"2s2.2p.3p"	"3P"	"2"	"2s2.2p.3d"	"3P*"	"1"		"T6070n,T4828n"	"L12175c183"	
"1261.756686"	"0.000016"	"1261.756686"	"0.000014"	"810000"	"9.4e+06"	B	"71385.40992"	"79310.86822"	"2s2.2p.3p"	"3P"	"2"	"2s2.2p.3d"	"3P*"	"2"		"T6070n,T4828n"	"L12175c183"	
"1268.2099"	"0.0012"	"1268.21157"	"0.00013"	"23000"	"8.e+05"	D	"78529.64651"	"86414.7662"	"2s2.2p.3d"	"1F*"	"3"	"2s2.2p.(2P*<1/2>).5f"	"2[7/2]"	"4"		"T9787"	"L12175c183"	
""	""	"1271.3"	"0.3"	""	"2.4e+04"	D	"80782.44916"	"88648.4"	"2s2.2p.4p"	"3D"	"1"	"2s2.2p.(2P*<3/2>).7d"	"2[1/2]*"	"0"		"T5520LS"	""	
""	""	"1271.54"	"0.03"	""	"6.e+03"	D	"80782.44916"	"88646.9"	"2s2.2p.4p"	"3D"	"1"	"2s2.2p.(2P*<3/2>).7d"	"2[1/2]*"	"1"		"T5520LS"	""	
""	""	"1272.43"	"0.03"	""	"2.8e+04"	D	"81311.0544"	"89170.01"	"2s2.2p.4p"	"3P"	"0"	"2s2.2p.(2P*<3/2>).8d"	"2[1/2]*"	"1"		"T5520LS"	""	
""	""	"1272.81"	"0.06"	""	"2.4e+02"	D	"80782.44916"	"88639.1"	"2s2.2p.4p"	"3D"	"1"	"2s2.2p.(2P*<3/2>).7d"	"2[3/2]*"	"2"		"T5520LS"	""	
""	""	"1274.60"	"0.03"	""	"1.8e+04"	D	"80801.28887"	"88646.9"	"2s2.2p.4p"	"3D"	"2"	"2s2.2p.(2P*<3/2>).7d"	"2[1/2]*"	"1"		"T5520LS"	""	
""	""	"1274.83"	"0.03"	""	"2.1e+04"	D	"81325.81077"	"89170.01"	"2s2.2p.4p"	"3P"	"1"	"2s2.2p.(2P*<3/2>).8d"	"2[1/2]*"	"1"		"T5520LS"	""	
""	""	"1275.0"	"0.3"	""	"8.e+04"	D	"81325.81077"	"89169.2"	"2s2.2p.4p"	"3P"	"1"	"2s2.2p.(2P*<3/2>).8d"	"2[1/2]*"	"0"		"T5520LS"	""	
""	""	"1275.87"	"0.07"	""	"3.5e+03"	D	"80801.28887"	"88639.1"	"2s2.2p.4p"	"3D"	"2"	"2s2.2p.(2P*<3/2>).7d"	"2[3/2]*"	"2"		"T5520LS"	""	
""	""	"1276.03"	"0.07"	""	"2.1e+04"	D	"81325.81077"	"89162.6"	"2s2.2p.4p"	"3P"	"1"	"2s2.2p.(2P*<3/2>).8d"	"2[3/2]*"	"2"		"T5520LS"	""	
""	""	"1277.80"	"0.03"	""	"3.4e+04"	D	"81344.05485"	"89170.01"	"2s2.2p.4p"	"3P"	"2"	"2s2.2p.(2P*<3/2>).8d"	"2[1/2]*"	"1"		"T5520LS"	""	
""	""	"1278.395"	"0.004"	""	"6.e+03"	D	"80782.44916"	"88604.76"	"2s2.2p.4p"	"3D"	"1"	"2s2.2p.(2P*<3/2>).7d"	"2[5/2]*"	"2"		"T5520LS"	""	
""	""	"1279.01"	"0.07"	""	"6.e+04"	D	"81344.05485"	"89162.6"	"2s2.2p.4p"	"3P"	"2"	"2s2.2p.(2P*<3/2>).8d"	"2[3/2]*"	"2"		"T5520LS"	""	
""	""	"1279.285"	"0.005"	""	"7.e+03"	D	"81325.81077"	"89142.68"	"2s2.2p.4p"	"3P"	"1"	"2s2.2p.(2P*<3/2>).8d"	"2[5/2]*"	"2"		"T5520LS"	""	
""	""	"1281.22"	"0.03"	""	"4.5e+03"	D	"80801.28887"	"88606.32"	"2s2.2p.4p"	"3D"	"2"	"2s2.2p.(2P*<3/2>).7d"	"2[5/2]*"	"3"		"T5520LS"	""	
""	""	"1281.32"	"0.07"	""	"1.9e+04"	D	"80834.62491"	"88639.1"	"2s2.2p.4p"	"3D"	"3"	"2s2.2p.(2P*<3/2>).7d"	"2[3/2]*"	"2"		"T5520LS"	""	
""	""	"1281.481"	"0.004"	""	"2.8e+04"	D	"80801.28887"	"88604.76"	"2s2.2p.4p"	"3D"	"2"	"2s2.2p.(2P*<3/2>).7d"	"2[5/2]*"	"2"		"T5520LS"	""	
""	""	"1281.750"	"0.005"	""	"3.3e+03"	D	"80782.44916"	"88584.28"	"2s2.2p.4p"	"3D"	"1"	"2s2.2p.(2P*<3/2>).8s"	"2[3/2]*"	"2"		"T5520LS"	""	
""	""	"1282.06"	"0.03"	""	"9.e+03"	D	"81344.05485"	"89144.03"	"2s2.2p.4p"	"3P"	"2"	"2s2.2p.(2P*<3/2>).8d"	"2[5/2]*"	"3"		"T5520LS"	""	
""	""	"1282.277"	"0.005"	""	"2.2e+03"	D	"81344.05485"	"89142.68"	"2s2.2p.4p"	"3P"	"2"	"2s2.2p.(2P*<3/2>).8d"	"2[5/2]*"	"2"		"T5520LS"	""	
""	""	"1284.853"	"0.005"	""	"5.e+04"	D	"80801.28887"	"88584.28"	"2s2.2p.4p"	"3D"	"2"	"2s2.2p.(2P*<3/2>).8s"	"2[3/2]*"	"2"		"T5520LS"	""	
""	""	"1285.315"	"0.020"	""	"5.e+03"	D	"81311.0544"	"89091.25"	"2s2.2p.4p"	"3P"	"0"	"2s2.2p.(2P*<1/2>).8d"	"2[3/2]*"	"1"		"T5520LS"	""	
""	""	"1285.980"	"0.021"	""	"3.0e+04"	D	"80782.44916"	"88558.62"	"2s2.2p.4p"	"3D"	"1"	"2s2.2p.(2P*<1/2>).7d"	"2[3/2]*"	"1"		"T5520LS"	""	
""	""	"1286.72"	"0.03"	""	"3.5e+04"	D	"80834.62491"	"88606.32"	"2s2.2p.4p"	"3D"	"3"	"2s2.2p.(2P*<3/2>).7d"	"2[5/2]*"	"3"		"T5520LS"	""	
""	""	"1286.979"	"0.004"	""	"6.e+03"	D	"80834.62491"	"88604.76"	"2s2.2p.4p"	"3D"	"3"	"2s2.2p.(2P*<3/2>).7d"	"2[5/2]*"	"2"		"T5520LS"	""	
""	""	"1287.557"	"0.003"	""	"8.e+04"	D	"80782.44916"	"88549.095"	"2s2.2p.4p"	"3D"	"1"	"2s2.2p.(2P*<1/2>).8s"	"2[1/2]*"	"1"		"T5520LS"	""	
""	""	"1287.757"	"0.020"	""	"3.6e+03"	D	"81325.81077"	"89091.25"	"2s2.2p.4p"	"3P"	"1"	"2s2.2p.(2P*<1/2>).8d"	"2[3/2]*"	"1"		"T5520LS"	""	
""	""	"1288.403"	"0.013"	""	"1.0e+05"	D	"80834.62491"	"[88596.17]"	"2s2.2p.4p"	"3D"	"3"	"2s2.2p.(2P*<3/2>).7d"	"2[7/2]*"	"4"		"T5520LS"	""	
""	""	"1288.439"	"0.005"	""	"3.3e+05"	D	"80782.44916"	"88543.78"	"2s2.2p.4p"	"3D"	"1"	"2s2.2p.(2P*<1/2>).8s"	"2[1/2]*"	"0"		"T5520LS"	""	
""	""	"1288.5"	"0.3"	""	"8.e+04"	D	"80782.44916"	"88543.5"	"2s2.2p.4p"	"3D"	"1"	"2s2.2p.(2P*<1/2>).7d"	"2[3/2]*"	"2"		"T5520LS"	""	
""	""	"1289.103"	"0.022"	""	"1.0e+04"	D	"80801.28887"	"88558.62"	"2s2.2p.4p"	"3D"	"2"	"2s2.2p.(2P*<1/2>).7d"	"2[3/2]*"	"1"		"T5520LS"	""	
"1290.0745"	"0.0008"	"1290.0732"	"0.0004"	"8300"	"1.4e+06"	D	"78731.2956"	"86482.794"	"2s2.2p.3d"	"1P*"	"1"	"2s2.2p.(2P*<3/2>).5f"	"2[5/2]"	"2"		"T9787"	"L12175c183"	
""	""	"1290.380"	"0.005"	""	"2.7e+05"	D	"80834.62491"	"88584.28"	"2s2.2p.4p"	"3D"	"3"	"2s2.2p.(2P*<3/2>).8s"	"2[3/2]*"	"2"		"T5520LS"	""	
""	""	"1290.688"	"0.003"	""	"2.5e+05"	D	"80801.28887"	"88549.095"	"2s2.2p.4p"	"3D"	"2"	"2s2.2p.(2P*<1/2>).8s"	"2[1/2]*"	"1"		"T5520LS"	""	
""	""	"1290.790"	"0.020"	""	"2.4e+02"	D	"81344.05485"	"89091.25"	"2s2.2p.4p"	"3P"	"2"	"2s2.2p.(2P*<1/2>).8d"	"2[3/2]*"	"1"		"T5520LS"	""	
""	""	"1291.37"	"0.03"	""	"9.e+04"	D	"80801.28887"	"88545.02"	"2s2.2p.4p"	"3D"	"2"	"2s2.2p.(2P*<1/2>).7d"	"2[5/2]*"	"3"		"T5520LS"	""	
""	""	"1291.6"	"0.3"	""	"1.5e+04"	D	"80801.28887"	"88543.5"	"2s2.2p.4p"	"3D"	"2"	"2s2.2p.(2P*<1/2>).7d"	"2[3/2]*"	"2"		"T5520LS"	""	
"1295.341"	"0.006"	"1295.3368"	"0.0008"	"2100"	"1.10e+05"	B	"77679.83311"	"85399.833"	"2s2.2p.3d"	"1D*"	"2"	"2s2.2p.5p"	"1D"	"2"		"T5520"	"L9405c186"	
""	""	"1296.95"	"0.03"	""	"1.1e+04"	D	"80834.62491"	"88545.02"	"2s2.2p.4p"	"3D"	"3"	"2s2.2p.(2P*<1/2>).7d"	"2[5/2]*"	"3"		"T5520LS"	""	
""	""	"1297.2"	"0.3"	""	"4.2e+02"	D	"80834.62491"	"88543.5"	"2s2.2p.4p"	"3D"	"3"	"2s2.2p.(2P*<1/2>).7d"	"2[3/2]*"	"2"		"T5520LS"	""	
"1297.409"	"0.006"	"1297.41032"	"0.00007"	"28000bl"	"1.5e+04"	C	"61981.83211"	"69689.49393"	"2s2.2p.3s"	"1P*"	"1"	"2s2.2p.3p"	"3D"	"1"		"T6070,u24"	"L9405c186"	
""	""	"1300.146"	"0.003"	""	"3.6e+04"	D	"79310.86822"	"87002.31"	"2s2.2p.3d"	"3P*"	"2"	"2s2.2p.6p"	"3D"	"3"		"T5520LS"	""	
""	""	"1306.400"	"0.003"	""	"9.e+03"	D	"79310.86822"	"86965.494"	"2s2.2p.3d"	"3P*"	"2"	"2s2.2p.6p"	"3D"	"2"		"T5520LS"	""	
""	""	"1307.756"	"0.003"	""	"2.7e+04"	D	"79318.8093"	"86965.494"	"2s2.2p.3d"	"3P*"	"1"	"2s2.2p.6p"	"3D"	"2"		"T5520LS"	""	
""	""	"1307.992"	"0.003"	""	"1.0e+03"	D	"79310.86822"	"86956.176"	"2s2.2p.3d"	"3P*"	"2"	"2s2.2p.6p"	"3D"	"1"		"T5520LS"	""	
""	""	"1309.352"	"0.003"	""	"1.5e+04"	D	"79318.8093"	"86956.176"	"2s2.2p.3d"	"3P*"	"1"	"2s2.2p.6p"	"3D"	"1"		"T5520LS"	""	
""	""	"1310.103"	"0.003"	""	"2.0e+04"	D	"79323.1883"	"86956.176"	"2s2.2p.3d"	"3P*"	"0"	"2s2.2p.6p"	"3D"	"1"		"T5520LS"	""	
"1316.4267"	"0.0007"	"1316.42594"	"0.00004"	"14000"	"7.6e+04"	C	"70743.97227"	"78340.29782"	"2s2.2p.3p"	"3S"	"1"	"2s2.2p.4s"	"1P*"	"1"		"T6070"	"L12175c183"	
""	""	"1324.58395"	"0.00004"	""	"9.7e+03"	C	"70743.97227"	"78293.51263"	"2s2.2p.3p"	"3S"	"1"	"2s2.2p.3d"	"3D*"	"1"		"T6070"	""	
""	""	"1325.7"	"0.3"	""	"4.2e+04"	D	"81105.06418"	"88648.4"	"2s2.2p.4p"	"3S"	"1"	"2s2.2p.(2P*<3/2>).7d"	"2[1/2]*"	"0"		"T5520LS"	""	
""	""	"1325.94"	"0.03"	""	"4.2e+04"	D	"81105.06418"	"88646.9"	"2s2.2p.4p"	"3S"	"1"	"2s2.2p.(2P*<3/2>).7d"	"2[1/2]*"	"1"		"T5520LS"	""	
""	""	"1327.31"	"0.07"	""	"4.2e+04"	D	"81105.06418"	"88639.1"	"2s2.2p.4p"	"3S"	"1"	"2s2.2p.(2P*<3/2>).7d"	"2[3/2]*"	"2"		"T5520LS"	""	
""	""	"1337.039"	"0.005"	""	"9.e+04"	D	"81105.06418"	"88584.28"	"2s2.2p.4p"	"3S"	"1"	"2s2.2p.(2P*<3/2>).8s"	"2[3/2]*"	"2"		"T5520LS"	""	
""	""	"1341.36018"	"0.00003"	""	"5.6e+03"	C	"70743.97227"	"78199.09144"	"2s2.2p.3p"	"3S"	"1"	"2s2.2p.3d"	"3F*"	"2"		"T6070"	""	
""	""	"1343.358"	"0.003"	""	"9.e+04"	D	"81105.06418"	"88549.095"	"2s2.2p.4p"	"3S"	"1"	"2s2.2p.(2P*<1/2>).8s"	"2[1/2]*"	"1"		"T5520LS"	""	
""	""	"1344.318"	"0.005"	""	"9.e+04"	D	"81105.06418"	"88543.78"	"2s2.2p.4p"	"3S"	"1"	"2s2.2p.(2P*<1/2>).8s"	"2[1/2]*"	"0"		"T5520LS"	""	
"1350.596459"	"0.000018"	"1350.596483"	"0.000015"	"890000"	"6.6e+06"	C+	"70743.97227"	"78148.10824"	"2s2.2p.3p"	"3S"	"1"	"2s2.2p.4s"	"3P*"	"2"		"T6070n,T4828n"	"L12175c183"	
""	""	"1352.289"	"0.005"	""	"5.9e+04"	C	"81769.87089"	"89164.74"	"2s2.2p.4p"	"1D"	"2"	"2s2.2p.(2P*<3/2>).8d"	"2[3/2]*"	"1"		"T5520"	""	
""	""	"1355.24270"	"0.00007"	""	"7.0e+03"	C	"71352.54344"	"78731.2956"	"2s2.2p.3p"	"3P"	"0"	"2s2.2p.3d"	"1P*"	"1"		"T6070"	""	
"1356.336622"	"0.000018"	"1356.336605"	"0.000017"	"530000"	"6.5e+06"	C+	"70743.97227"	"78116.77336"	"2s2.2p.3p"	"3S"	"1"	"2s2.2p.4s"	"3P*"	"1"		"T6070n,T4828n"	"L12175c183"	
""	""	"1357.52264"	"0.00006"	""	"3.0e+04"	C	"71364.93596"	"78731.2956"	"2s2.2p.3p"	"3P"	"1"	"2s2.2p.3d"	"1P*"	"1"		"T6070"	""	
"1358.5048"	"0.0004"	"1358.50585"	"0.00004"	"220000q"	"6.6e+06"	C+	"70743.97227"	"78105.00058"	"2s2.2p.3p"	"3S"	"1"	"2s2.2p.4s"	"3P*"	"0"		"T6070n,T4828n"	"L12175c183"	
""	""	"1361.30624"	"0.00006"	""	"3.8e+03"	C	"71385.40992"	"78731.2956"	"2s2.2p.3p"	"3P"	"2"	"2s2.2p.3d"	"1P*"	"1"		"T6070"	""	
""	""	"1363.17"	"0.03"	""	"5.e+04"	D	"81311.0544"	"88646.9"	"2s2.2p.4p"	"3P"	"0"	"2s2.2p.(2P*<3/2>).7d"	"2[1/2]*"	"1"		"T5520LS"	""	
""	""	"1365.6"	"0.3"	""	"1.4e+05"	D	"81325.81077"	"88648.4"	"2s2.2p.4p"	"3P"	"1"	"2s2.2p.(2P*<3/2>).7d"	"2[1/2]*"	"0"		"T5520LS"	""	
""	""	"1365.92"	"0.03"	""	"3.5e+04"	D	"81325.81077"	"88646.9"	"2s2.2p.4p"	"3P"	"1"	"2s2.2p.(2P*<3/2>).7d"	"2[1/2]*"	"1"		"T5520LS"	""	
""	""	"1367.37"	"0.07"	""	"3.5e+04"	D	"81325.81077"	"88639.1"	"2s2.2p.4p"	"3P"	"1"	"2s2.2p.(2P*<3/2>).7d"	"2[3/2]*"	"2"		"T5520LS"	""	
""	""	"1369.33"	"0.03"	""	"6.e+04"	D	"81344.05485"	"88646.9"	"2s2.2p.4p"	"3P"	"2"	"2s2.2p.(2P*<3/2>).7d"	"2[1/2]*"	"1"		"T5520LS"	""	
"1370.155757"	"0.000019"	"1370.155756"	"0.000019"	"330000"	"3.4e+05"	B	"64086.96961"	"71385.40992"	"2s.2p3"	"3D*"	"3"	"2s2.2p.3p"	"3P"	"2"		"T6070n"	"L12175c183"	
"1370.7048"	"0.0015"	"1370.70592"	"0.00009"	"6300"	"3.9e+03"	B	"64089.8990"	"71385.40992"	"2s.2p3"	"3D*"	"1"	"2s2.2p.3p"	"3P"	"2"		"T6070n"	"L12175c183"	
""	""	"1370.79"	"0.08"	""	"1.0e+05"	D	"81344.05485"	"88639.1"	"2s2.2p.4p"	"3P"	"2"	"2s2.2p.(2P*<3/2>).7d"	"2[3/2]*"	"2"		"T5520LS"	""	
"1370.91150"	"0.00013"	"1370.91159"	"0.00006"	"46000"	"5.9e+04"	B	"64090.99351"	"71385.40992"	"2s.2p3"	"3D*"	"2"	"2s2.2p.3p"	"3P"	"2"		"T6070n"	"L12175c183"	
"1372.7040"	"0.0008"	"1372.7039"	"0.0008"	"15000"	"1.8e+06"	C	"78340.29782"	"85625.190"	"2s2.2p.4s"	"1P*"	"1"	"2s2.2p.5p"	"1S"	"0"		"T5520"	"L12175c183"	
""	""	"1372.816"	"0.008"	""	"3.4e+04"	C	"81769.87089"	"89054.17"	"2s2.2p.4p"	"1D"	"2"	"2s2.2p.(2P*<1/2>).8d"	"2[5/2]*"	"2"		"T5520"	""	
""	""	"1373.825"	"0.004"	""	"1.6e+04"	D	"81325.81077"	"88604.76"	"2s2.2p.4p"	"3P"	"1"	"2s2.2p.(2P*<3/2>).7d"	"2[5/2]*"	"2"		"T5520LS"	""	
"1374.5628"	"0.0004"	"1374.56346"	"0.00009"	"51000bl"	"9.9e+04"	B	"64089.8990"	"71364.93596"	"2s.2p3"	"3D*"	"1"	"2s2.2p.3p"	"3P"	"1"		"T6070n"	"L12175c183"	
"1374.77030"	"0.00004"	"1374.77029"	"0.00004"	"150000"	"3.0e+05"	B	"64090.99351"	"71364.93596"	"2s.2p3"	"3D*"	"2"	"2s2.2p.3p"	"3P"	"1"		"T6070n"	"L12175c183"	
""	""	"1376.028"	"0.004"	""	"7.e+05"	D	"80562.88550"	"87830.18"	"2s2.2p.4p"	"1P"	"1"	"2s2.2p.6d"	"1P*"	"1"		"T5520"	""	
"1376.90900"	"0.00009"	"1376.90893"	"0.00009"	"63000"	"4.0e+05"	B	"64089.8990"	"71352.54344"	"2s.2p3"	"3D*"	"1"	"2s2.2p.3p"	"3P"	"0"		"T6070n"	"L12175c183"	
""	""	"1376.98"	"0.03"	""	"2.2e+04"	D	"81344.05485"	"88606.32"	"2s2.2p.4p"	"3P"	"2"	"2s2.2p.(2P*<3/2>).7d"	"2[5/2]*"	"3"		"T5520LS"	""	
""	""	"1377.277"	"0.004"	""	"5.e+03"	D	"81344.05485"	"88604.76"	"2s2.2p.4p"	"3P"	"2"	"2s2.2p.(2P*<3/2>).7d"	"2[5/2]*"	"2"		"T5520LS"	""	
""	""	"1377.701"	"0.006"	""	"2.8e+04"	D	"81325.81077"	"88584.28"	"2s2.2p.4p"	"3P"	"1"	"2s2.2p.(2P*<3/2>).8s"	"2[3/2]*"	"2"		"T5520LS"	""	
""	""	"1379.774"	"0.025"	""	"1.2e+04"	D	"81311.0544"	"88558.62"	"2s2.2p.4p"	"3P"	"0"	"2s2.2p.(2P*<1/2>).7d"	"2[3/2]*"	"1"		"T5520LS"	""	
""	""	"1381.173"	"0.006"	""	"8.e+04"	D	"81344.05485"	"88584.28"	"2s2.2p.4p"	"3P"	"2"	"2s2.2p.(2P*<3/2>).8s"	"2[3/2]*"	"2"		"T5520LS"	""	
""	""	"1381.589"	"0.003"	""	"3.7e+04"	D	"81311.0544"	"88549.095"	"2s2.2p.4p"	"3P"	"0"	"2s2.2p.(2P*<1/2>).8s"	"2[1/2]*"	"1"		"T5520LS"	""	
""	""	"1382.589"	"0.025"	""	"9.e+03"	D	"81325.81077"	"88558.62"	"2s2.2p.4p"	"3P"	"1"	"2s2.2p.(2P*<1/2>).7d"	"2[3/2]*"	"1"		"T5520LS"	""	
""	""	"1384.412"	"0.003"	""	"2.8e+04"	D	"81325.81077"	"88549.095"	"2s2.2p.4p"	"3P"	"1"	"2s2.2p.(2P*<1/2>).8s"	"2[1/2]*"	"1"		"T5520LS"	""	
""	""	"1385.431"	"0.006"	""	"1.1e+05"	D	"81325.81077"	"88543.78"	"2s2.2p.4p"	"3P"	"1"	"2s2.2p.(2P*<1/2>).8s"	"2[1/2]*"	"0"		"T5520LS"	""	
""	""	"1386.085"	"0.025"	""	"6.e+02"	D	"81344.05485"	"88558.62"	"2s2.2p.4p"	"3P"	"2"	"2s2.2p.(2P*<1/2>).7d"	"2[3/2]*"	"1"		"T5520LS"	""	
""	""	"1387.917"	"0.003"	""	"4.6e+04"	D	"81344.05485"	"88549.095"	"2s2.2p.4p"	"3P"	"2"	"2s2.2p.(2P*<1/2>).8s"	"2[1/2]*"	"1"		"T5520LS"	""	
"1394.3494"	"0.0005"	"1394.3492"	"0.0003"	"18000"	"1.7e+06"	D	"79310.86822"	"86482.6727"	"2s2.2p.3d"	"3P*"	"2"	"2s2.2p.(2P*<3/2>).5f"	"2[5/2]"	"3"		"T9787"	"L12175c183"	
"1394.3837"	"0.0013"	"1394.3820"	"0.0003"	"20000"	"3.0e+05"	B	"77679.83311"	"84851.4691"	"2s2.2p.3d"	"1D*"	"2"	"2s2.2p.5p"	"1P"	"1"		"T5520"	"L12175c183"	
""	""	"1399.72968"	"0.00004"	""	"4.3e+04"	C	"71385.40992"	"78529.64651"	"2s2.2p.3p"	"3P"	"2"	"2s2.2p.3d"	"1F*"	"3"		"T6070"	""	
""	""	"1411.05375"	"0.00006"	""	"2.3e+04"	D	"78116.77336"	"85203.6756"	"2s2.2p.4s"	"3P*"	"1"	"2s2.2p.5p"	"3P"	"2"		"T5520LS"	""	
""	""	"1411.63854"	"0.00010"	""	"3.1e+04"	D	"78105.00058"	"85188.9670"	"2s2.2p.4s"	"3P*"	"0"	"2s2.2p.5p"	"3P"	"1"		"T5520LS"	""	
""	""	"1413.98843"	"0.00008"	""	"2.3e+04"	D	"78116.77336"	"85188.9670"	"2s2.2p.4s"	"3P*"	"1"	"2s2.2p.5p"	"3P"	"1"		"T5520LS"	""	
""	""	"1414.250"	"0.006"	""	"4.5e+04"	D	"80562.88550"	"87633.77"	"2s2.2p.4p"	"1P"	"1"	"2s2.2p.6d"	"1D*"	"2"		"T5520"	""	
""	""	"1415.9"	"0.3"	""	"3.2e+04"	D	"80782.44916"	"87845.1"	"2s2.2p.4p"	"3D"	"1"	"2s2.2p.6d"	"3P*"	"0"		"T5520LS"	""	
""	""	"1416.134"	"0.006"	""	"8.e+03"	D	"80782.44916"	"87843.93"	"2s2.2p.4p"	"3D"	"1"	"2s2.2p.6d"	"3P*"	"1"		"T5520LS"	""	
""	""	"1416.5239"	"0.0010"	""	"5.1e+05"	C	"78340.29782"	"85399.833"	"2s2.2p.4s"	"1P*"	"1"	"2s2.2p.5p"	"1D"	"2"		"T5520"	""	
""	""	"1417.32046"	"0.00006"	""	"7.e+04"	D	"78148.10824"	"85203.6756"	"2s2.2p.4s"	"3P*"	"2"	"2s2.2p.5p"	"3P"	"2"		"T5520LS"	""	
""	""	"1417.859"	"0.006"	""	"9.e+04"	D	"78116.77336"	"85169.66"	"2s2.2p.4s"	"3P*"	"1"	"2s2.2p.5p"	"3P"	"0"		"T5520LS"	""	
""	""	"1418.416"	"0.004"	""	"3.2e+02"	D	"80782.44916"	"87832.568"	"2s2.2p.4p"	"3D"	"1"	"2s2.2p.6d"	"3P*"	"2"		"T5520LS"	""	
""	""	"1419.922"	"0.006"	""	"2.4e+04"	D	"80801.28887"	"87843.93"	"2s2.2p.4p"	"3D"	"2"	"2s2.2p.6d"	"3P*"	"1"		"T5520LS"	""	
""	""	"1420.28130"	"0.00008"	""	"3.8e+04"	D	"78148.10824"	"85188.9670"	"2s2.2p.4s"	"3P*"	"2"	"2s2.2p.5p"	"3P"	"1"		"T5520LS"	""	
""	""	"1422.216"	"0.004"	""	"5.e+03"	D	"80801.28887"	"87832.568"	"2s2.2p.4p"	"3D"	"2"	"2s2.2p.6d"	"3P*"	"2"		"T5520LS"	""	
""	""	"1428.991"	"0.004"	""	"2.6e+04"	D	"80834.62491"	"87832.568"	"2s2.2p.4p"	"3D"	"3"	"2s2.2p.6d"	"3P*"	"2"		"T5520LS"	""	
""	""	"1430.479"	"0.004"	""	"1.3e+04"	D	"80782.44916"	"87773.113"	"2s2.2p.4p"	"3D"	"1"	"2s2.2p.6d"	"3D*"	"2"		"T5520LS"	""	
"1431.07516"	"0.00023"	"1431.07491"	"0.00006"	"33000"	"6.1e+05"	C	"71352.54344"	"78340.29782"	"2s2.2p.3p"	"3P"	"0"	"2s2.2p.4s"	"1P*"	"1"		"T6070"	"L12175c183"	
""	""	"1433.509"	"0.006"	""	"9.e+03"	D	"80801.28887"	"87777.18"	"2s2.2p.4p"	"3D"	"2"	"2s2.2p.6d"	"3D*"	"3"		"T5520LS"	""	
"1433.610"	"0.007"	"1433.61738"	"0.00006"	"150000bl"	"3.9e+05"	C	"71364.93596"	"78340.29782"	"2s2.2p.3p"	"3P"	"1"	"2s2.2p.4s"	"1P*"	"1"		"T6070"	"L9405c186"	
""	""	"1434.345"	"0.004"	""	"6.e+04"	D	"80801.28887"	"87773.113"	"2s2.2p.4p"	"3D"	"2"	"2s2.2p.6d"	"3D*"	"2"		"T5520LS"	""	
""	""	"1434.450"	"0.004"	""	"6.e+03"	D	"80782.44916"	"87753.763"	"2s2.2p.4p"	"3D"	"1"	"2s2.2p.7s"	"3P*"	"2"		"T5520LS"	""	
""	""	"1437.83770"	"0.00005"	""	"2.5e+04"	C	"71385.40992"	"78340.29782"	"2s2.2p.3p"	"3P"	"2"	"2s2.2p.4s"	"1P*"	"1"		"T6070"	""	
""	""	"1438.25"	"0.03"	""	"6.e+04"	D	"80782.44916"	"87735.33"	"2s2.2p.4p"	"3D"	"1"	"2s2.2p.6d"	"3D*"	"1"		"T5520LS"	""	
""	""	"1438.337"	"0.004"	""	"8.e+04"	D	"80801.28887"	"87753.763"	"2s2.2p.4p"	"3D"	"2"	"2s2.2p.7s"	"3P*"	"2"		"T5520LS"	""	
"1440.35976"	"0.00006"	"1440.35968"	"0.00004"	"870000q"	"9.9e+06"	B	"71364.93596"	"78307.64625"	"2s2.2p.3p"	"3P"	"1"	"2s2.2p.3d"	"3D*"	"2"		"T6070n,T4828n"	"L12175c183"	
""	""	"1440.392"	"0.006"	""	"7.e+04"	D	"80834.62491"	"87777.18"	"2s2.2p.4p"	"3D"	"3"	"2s2.2p.6d"	"3D*"	"3"		"T5520LS"	""	
"1440.72103"	"0.00004"	"1440.72099"	"0.00004"	"350000"	"6.9e+06"	B	"71352.54344"	"78293.51263"	"2s2.2p.3p"	"3P"	"0"	"2s2.2p.3d"	"3D*"	"1"		"T6070n,T4828n"	"L12175c183"	
""	""	"1441.236"	"0.004"	""	"1.3e+04"	D	"80834.62491"	"87773.113"	"2s2.2p.4p"	"3D"	"3"	"2s2.2p.6d"	"3D*"	"2"		"T5520LS"	""	
""	""	"1441.725"	"0.003"	""	"1.4e+05"	D	"80782.44916"	"87718.583"	"2s2.2p.4p"	"3D"	"1"	"2s2.2p.7s"	"3P*"	"1"		"T5520LS"	""	
""	""	"1442.16"	"0.03"	""	"2.1e+04"	D	"80801.28887"	"87735.33"	"2s2.2p.4p"	"3D"	"2"	"2s2.2p.6d"	"3D*"	"1"		"T5520LS"	""	
"1442.406976"	"0.000021"	"1442.406976"	"0.000019"	"1500000"	"1.23e+07"	B	"71385.40992"	"78318.26602"	"2s2.2p.3p"	"3P"	"2"	"2s2.2p.3d"	"3D*"	"3"		"T6070n,T4828n"	"L12175c183"	
""	""	"1443.222"	"0.005"	""	"5.e+05"	D	"80782.44916"	"87711.39"	"2s2.2p.4p"	"3D"	"1"	"2s2.2p.7s"	"3P*"	"0"		"T5520LS"	""	
"1443.29774"	"0.00010"	"1443.29788"	"0.00005"	"290000D"	"4.8e+06"	B	"71364.93596"	"78293.51263"	"2s2.2p.3p"	"3P"	"1"	"2s2.2p.3d"	"3D*"	"1"		"T6070n,T4828n"	"L12175c183"	
""	""	"1443.834"	"0.010"	""	"2.3e+05"	D	"80834.62491"	"87760.63"	"2s2.2p.4p"	"3D"	"3"	"2s2.2p.6d"	"3F*"	"4"		"T5520LS"	""	
""	""	"1443.883"	"0.010"	""	"1.9e+05"	D	"80782.44916"	"87708.22"	"2s2.2p.4p"	"3D"	"1"	"2s2.2p.6d"	"3F*"	"2"		"T5520LS"	""	
"1444.62000"	"0.00015"	"1444.61985"	"0.00004"	"260000"	"2.8e+06"	B	"71385.40992"	"78307.64625"	"2s2.2p.3p"	"3P"	"2"	"2s2.2p.3d"	"3D*"	"2"		"T6070n,T4828n"	"L12175c183"	
""	""	"1445.267"	"0.004"	""	"4.6e+05"	D	"80834.62491"	"87753.763"	"2s2.2p.4p"	"3D"	"3"	"2s2.2p.7s"	"3P*"	"2"		"T5520LS"	""	
""	""	"1445.652"	"0.003"	""	"4.1e+05"	D	"80801.28887"	"87718.583"	"2s2.2p.4p"	"3D"	"2"	"2s2.2p.7s"	"3P*"	"1"		"T5520LS"	""	
""	""	"1446.732"	"0.008"	""	"2.0e+05"	D	"80801.28887"	"87713.42"	"2s2.2p.4p"	"3D"	"2"	"2s2.2p.6d"	"3F*"	"3"		"T5520LS"	""	
""	""	"1447.14387"	"0.00008"	""	"3.9e+03"	D	"78293.51263"	"85203.6756"	"2s2.2p.3d"	"3D*"	"1"	"2s2.2p.5p"	"3P"	"2"		"T5520LS"	""	
"1447.568"	"0.007"	"1447.57547"	"0.00005"	"150000bl"	"2.8e+05"	B	"71385.40992"	"78293.51263"	"2s2.2p.3p"	"3P"	"2"	"2s2.2p.3d"	"3D*"	"1"		"T6070n,T4828n"	"L9405c186"	
""	""	"1447.821"	"0.010"	""	"3.5e+04"	D	"80801.28887"	"87708.22"	"2s2.2p.4p"	"3D"	"2"	"2s2.2p.6d"	"3F*"	"2"		"T5520LS"	""	
""	""	"1450.10984"	"0.00008"	""	"6.e+04"	D	"78307.64625"	"85203.6756"	"2s2.2p.3d"	"3D*"	"2"	"2s2.2p.5p"	"3P"	"2"		"T5520LS"	""	
""	""	"1450.23076"	"0.00011"	""	"1.0e+05"	D	"78293.51263"	"85188.9670"	"2s2.2p.3d"	"3D*"	"1"	"2s2.2p.5p"	"3P"	"1"		"T5520LS"	""	
"1452.34642"	"0.00006"	"1452.34643"	"0.00006"	"68000"	"3.3e+05"	D	"78318.26602"	"85203.6756"	"2s2.2p.3d"	"3D*"	"3"	"2s2.2p.5p"	"3P"	"2"		"T5520LS"	"L12175c183"	
"1453.20942"	"0.00008"	"1453.20940"	"0.00008"	"63000"	"2.9e+05"	D	"78307.64625"	"85188.9670"	"2s2.2p.3d"	"3D*"	"2"	"2s2.2p.5p"	"3P"	"1"		"T5520LS"	"L12175c183"	
""	""	"1453.743"	"0.008"	""	"2.5e+04"	D	"80834.62491"	"87713.42"	"2s2.2p.4p"	"3D"	"3"	"2s2.2p.6d"	"3F*"	"3"		"T5520LS"	""	
""	""	"1454.303"	"0.006"	""	"3.9e+05"	D	"78293.51263"	"85169.66"	"2s2.2p.3d"	"3D*"	"1"	"2s2.2p.5p"	"3P"	"0"		"T5520LS"	""	
"1454.647015"	"0.000021"	"1454.647022"	"0.000021"	"9500000"	"8.6e+06"	B	"61981.83211"	"68856.35208"	"2s2.2p.3s"	"1P*"	"1"	"2s2.2p.3p"	"1P"	"1"		"T5520,T6070,T4828,u24"	"L12175c183"	
""	""	"1454.843"	"0.011"	""	"1.0e+03"	D	"80834.62491"	"87708.22"	"2s2.2p.4p"	"3D"	"3"	"2s2.2p.6d"	"3F*"	"2"		"T5520LS"	""	
"1455.559"	"0.006"	"1455.5646"	"0.0011"	"2700bl"	"5.2e+05"	B	"78529.64651"	"85399.833"	"2s2.2p.3d"	"1F*"	"3"	"2s2.2p.5p"	"1D"	"2"		"T5520"	"L9405c186"	
""	""	"1455.791"	"0.006"	""	"8.3e+04"	C	"81769.87089"	"88638.99"	"2s2.2p.4p"	"1D"	"2"	"2s2.2p.(2P*<3/2>).7d"	"2[3/2]*"	"1"		"T5520"	""	
""	""	"1460.889"	"0.006"	""	"1.3e+05"	C	"81769.87089"	"88615.02"	"2s2.2p.4p"	"1D"	"2"	"2s2.2p.(2P*<3/2>).8s"	"2[3/2]*"	"1"		"T5520"	""	
""	""	"1462.6523"	"0.0004"	""	"5.e+03"	D	"78148.10824"	"84985.0033"	"2s2.2p.4s"	"3P*"	"2"	"2s2.2p.5p"	"3D"	"3"		"T5520LS"	""	
"1463.2396"	"0.0006"	"1463.23859"	"0.00005"	"24000bl"	"2.1e+05"	C	"71364.93596"	"78199.09144"	"2s2.2p.3p"	"3P"	"1"	"2s2.2p.3d"	"3F*"	"2"		"T6070"	"L12175c183"	
""	""	"1463.350"	"0.004"	""	"4.1e+03"	D	"78116.77336"	"84950.41"	"2s2.2p.4s"	"3P*"	"1"	"2s2.2p.5p"	"3D"	"2"		"T5520LS"	""	
""	""	"1464.051"	"0.003"	""	"3.0e+03"	D	"78105.00058"	"84935.362"	"2s2.2p.4s"	"3P*"	"0"	"2s2.2p.5p"	"3D"	"1"		"T5520LS"	""	
"1464.0991"	"0.0017"	"1464.10093"	"0.00004"	"100000"	"4.8e+05"	C	"71385.40992"	"78215.54012"	"2s2.2p.3p"	"3P"	"2"	"2s2.2p.3d"	"3F*"	"3"		"T6070"	"L9405c186"	
""	""	"1466.579"	"0.003"	""	"2.2e+03"	D	"78116.77336"	"84935.362"	"2s2.2p.4s"	"3P*"	"1"	"2s2.2p.5p"	"3D"	"1"		"T5520LS"	""	
""	""	"1467.63537"	"0.00005"	""	"4.4e+04"	C	"71385.40992"	"78199.09144"	"2s2.2p.3p"	"3P"	"2"	"2s2.2p.3d"	"3F*"	"2"		"T6070"	""	
""	""	"1470.091"	"0.004"	""	"1.3e+03"	D	"78148.10824"	"84950.41"	"2s2.2p.4s"	"3P*"	"2"	"2s2.2p.5p"	"3D"	"2"		"T5520LS"	""	
""	""	"1473.350"	"0.003"	""	"1.5e+02"	D	"78148.10824"	"84935.362"	"2s2.2p.4s"	"3P*"	"2"	"2s2.2p.5p"	"3D"	"1"		"T5520LS"	""	
""	""	"1473.6413"	"0.0004"	""	"6.e+02"	D	"78199.09144"	"84985.0033"	"2s2.2p.3d"	"3F*"	"2"	"2s2.2p.5p"	"3D"	"3"		"T5520LS"	""	
"1474.2353"	"0.0006"	"1474.23648"	"0.00004"	"34000bl"	"2.31e+05"	B	"71364.93596"	"78148.10824"	"2s2.2p.3p"	"3P"	"1"	"2s2.2p.4s"	"3P*"	"2"		"T6070n,T4828n"	"L12175c183"	
""	""	"1477.2220"	"0.0004"	""	"2.1e+04"	D	"78215.54012"	"84985.0033"	"2s2.2p.3d"	"3F*"	"3"	"2s2.2p.5p"	"3D"	"3"		"T5520LS"	""	
"1478.3631"	"0.0008"	"1478.36489"	"0.00005"	"15000p"	"3.8e+05"	B	"71352.54344"	"78116.77336"	"2s2.2p.3p"	"3P"	"0"	"2s2.2p.4s"	"3P*"	"1"		"T6070n,T4828n"	"L12175c183"	
"1478.69964"	"0.00007"	"1478.69970"	"0.00003"	"130000"	"1.38e+06"	B	"71385.40992"	"78148.10824"	"2s2.2p.3p"	"3P"	"2"	"2s2.2p.4s"	"3P*"	"2"		"T6070n,T4828n"	"L12175c183"	
"1481.07801"	"0.00022"	"1481.07832"	"0.00004"	"15000"	"3.9e+05"	B	"71364.93596"	"78116.77336"	"2s2.2p.3p"	"3P"	"1"	"2s2.2p.4s"	"3P*"	"1"		"T6070n,T4828n"	"L12175c183"	
""	""	"1481.192"	"0.004"	""	"3.0e+04"	D	"78199.09144"	"84950.41"	"2s2.2p.3d"	"3F*"	"2"	"2s2.2p.5p"	"3D"	"2"		"T5520LS"	""	
"1483.6646"	"0.0004"	"1483.66530"	"0.00007"	"13000p"	"1.33e+06"	B	"71364.93596"	"78105.00058"	"2s2.2p.3p"	"3P"	"1"	"2s2.2p.4s"	"3P*"	"0"		"T6070n,T4828n"	"L12175c183"	
""	""	"1483.7"	"0.4"	""	"9.7e+04"	C	"81105.06418"	"87845.1"	"2s2.2p.4p"	"3S"	"1"	"2s2.2p.6d"	"3P*"	"0"		"T5520LS"	""	
""	""	"1483.929"	"0.007"	""	"9.7e+04"	C	"81105.06418"	"87843.93"	"2s2.2p.4p"	"3S"	"1"	"2s2.2p.6d"	"3P*"	"1"		"T5520LS"	""	
""	""	"1484.501"	"0.004"	""	"2.6e+05"	D	"78199.09144"	"84935.362"	"2s2.2p.3d"	"3F*"	"2"	"2s2.2p.5p"	"3D"	"1"		"T5520LS"	""	
"1484.7729"	"0.0004"	"1484.7729"	"0.0004"	"12000"	"2.4e+05"	D	"78249.96676"	"84985.0033"	"2s2.2p.3d"	"3F*"	"4"	"2s2.2p.5p"	"3D"	"3"		"T5520LS"	"L12175c183"	
""	""	"1484.810"	"0.004"	""	"2.3e+05"	D	"78215.54012"	"84950.41"	"2s2.2p.3d"	"3F*"	"3"	"2s2.2p.5p"	"3D"	"2"		"T5520LS"	""	
"1485.58293"	"0.00024"	"1485.58313"	"0.00003"	"31000"	"6.4e+05"	B	"71385.40992"	"78116.77336"	"2s2.2p.3p"	"3P"	"2"	"2s2.2p.4s"	"3P*"	"1"		"T6070n,T4828n"	"L12175c183"	
""	""	"1486.158"	"0.007"	""	"4.2e+04"	C	"81769.87089"	"88498.63"	"2s2.2p.4p"	"1D"	"2"	"2s2.2p.(2P*<1/2>).7d"	"2[5/2]*"	"2"		"T5520"	""	
""	""	"1486.435"	"0.004"	""	"9.6e+04"	C	"81105.06418"	"87832.568"	"2s2.2p.4p"	"3S"	"1"	"2s2.2p.6d"	"3P*"	"2"		"T5520LS"	""	
""	""	"1497.5985"	"0.0004"	""	"4.6e+03"	D	"78307.64625"	"84985.0033"	"2s2.2p.3d"	"3D*"	"2"	"2s2.2p.5p"	"3D"	"3"		"T5520LS"	""	
""	""	"1499.9841"	"0.0004"	""	"3.6e+04"	D	"78318.26602"	"84985.0033"	"2s2.2p.3d"	"3D*"	"3"	"2s2.2p.5p"	"3D"	"3"		"T5520LS"	""	
""	""	"1502.201"	"0.004"	""	"6.e+03"	D	"78293.51263"	"84950.41"	"2s2.2p.3d"	"3D*"	"1"	"2s2.2p.5p"	"3D"	"2"		"T5520LS"	""	
""	""	"1504.054"	"0.005"	""	"1.7e+05"	C	"81105.06418"	"87753.763"	"2s2.2p.4p"	"3S"	"1"	"2s2.2p.7s"	"3P*"	"2"		"T5520LS"	""	
""	""	"1505.398"	"0.004"	""	"2.8e+04"	D	"78307.64625"	"84950.41"	"2s2.2p.3d"	"3D*"	"2"	"2s2.2p.5p"	"3D"	"2"		"T5520LS"	""	
""	""	"1505.605"	"0.004"	""	"3.0e+04"	D	"78293.51263"	"84935.362"	"2s2.2p.3d"	"3D*"	"1"	"2s2.2p.5p"	"3D"	"1"		"T5520LS"	""	
""	""	"1507.808"	"0.004"	""	"6.e+03"	D	"78318.26602"	"84950.41"	"2s2.2p.3d"	"3D*"	"3"	"2s2.2p.5p"	"3D"	"2"		"T5520LS"	""	
""	""	"1508.815"	"0.004"	""	"1.0e+04"	D	"78307.64625"	"84935.362"	"2s2.2p.3d"	"3D*"	"2"	"2s2.2p.5p"	"3D"	"1"		"T5520LS"	""	
""	""	"1512.054"	"0.003"	""	"1.7e+05"	C	"81105.06418"	"87718.583"	"2s2.2p.4p"	"3S"	"1"	"2s2.2p.7s"	"3P*"	"1"		"T5520LS"	""	
""	""	"1513.701"	"0.005"	""	"1.7e+05"	C	"81105.06418"	"87711.39"	"2s2.2p.4p"	"3S"	"1"	"2s2.2p.7s"	"3P*"	"0"		"T5520LS"	""	
""	""	"1530.719"	"0.007"	""	"9.e+04"	D	"81311.0544"	"87843.93"	"2s2.2p.4p"	"3P"	"0"	"2s2.2p.6d"	"3P*"	"1"		"T5520LS"	""	
""	""	"1533.9"	"0.4"	""	"2.7e+05"	D	"81325.81077"	"87845.1"	"2s2.2p.4p"	"3P"	"1"	"2s2.2p.6d"	"3P*"	"0"		"T5520LS"	""	
""	""	"1534.185"	"0.007"	""	"7.e+04"	D	"81325.81077"	"87843.93"	"2s2.2p.4p"	"3P"	"1"	"2s2.2p.6d"	"3P*"	"1"		"T5520LS"	""	
"1534.718"	"0.007"	"1534.71466"	"0.00007"	"5700bl"	""		"75254.0017"	"81769.87089"	"2s.2p3"	"3P*"	"1"	"2s2.2p.4p"	"1D"	"2"		""	"L9405c186"	
""	""	"1535.8220"	"0.0004"	""	"1.1e+05"	C	"78340.29782"	"84851.4691"	"2s2.2p.4s"	"1P*"	"1"	"2s2.2p.5p"	"1P"	"1"		"T5520"	""	
""	""	"1536.864"	"0.004"	""	"7.e+04"	D	"81325.81077"	"87832.568"	"2s2.2p.4p"	"3P"	"1"	"2s2.2p.6d"	"3P*"	"2"		"T5520LS"	""	
""	""	"1538.491"	"0.007"	""	"1.1e+05"	D	"81344.05485"	"87843.93"	"2s2.2p.4p"	"3P"	"2"	"2s2.2p.6d"	"3P*"	"1"		"T5520LS"	""	
""	""	"1541.185"	"0.004"	""	"2.0e+05"	D	"81344.05485"	"87832.568"	"2s2.2p.4p"	"3P"	"2"	"2s2.2p.6d"	"3P*"	"2"		"T5520LS"	""	
""	""	"1551.036"	"0.005"	""	"5.e+04"	D	"81325.81077"	"87773.113"	"2s2.2p.4p"	"3P"	"1"	"2s2.2p.6d"	"3D*"	"2"		"T5520LS"	""	
""	""	"1554.454"	"0.007"	""	"7.e+04"	D	"81344.05485"	"87777.18"	"2s2.2p.4p"	"3P"	"2"	"2s2.2p.6d"	"3D*"	"3"		"T5520LS"	""	
""	""	"1555.438"	"0.005"	""	"1.6e+04"	D	"81344.05485"	"87773.113"	"2s2.2p.4p"	"3P"	"2"	"2s2.2p.6d"	"3D*"	"2"		"T5520LS"	""	
""	""	"1555.705"	"0.005"	""	"4.3e+04"	D	"81325.81077"	"87753.763"	"2s2.2p.4p"	"3P"	"1"	"2s2.2p.7s"	"3P*"	"2"		"T5520LS"	""	
""	""	"1556.60"	"0.03"	""	"3.6e+04"	D	"81311.0544"	"87735.33"	"2s2.2p.4p"	"3P"	"0"	"2s2.2p.6d"	"3D*"	"1"		"T5520LS"	""	
""	""	"1560.133"	"0.005"	""	"1.3e+05"	D	"81344.05485"	"87753.763"	"2s2.2p.4p"	"3P"	"2"	"2s2.2p.7s"	"3P*"	"2"		"T5520LS"	""	
""	""	"1560.18"	"0.03"	""	"2.7e+04"	D	"81325.81077"	"87735.33"	"2s2.2p.4p"	"3P"	"1"	"2s2.2p.6d"	"3D*"	"1"		"T5520LS"	""	
""	""	"1560.664"	"0.004"	""	"6.e+04"	D	"81311.0544"	"87718.583"	"2s2.2p.4p"	"3P"	"0"	"2s2.2p.7s"	"3P*"	"1"		"T5520LS"	""	
""	""	"1564.267"	"0.004"	""	"4.2e+04"	D	"81325.81077"	"87718.583"	"2s2.2p.4p"	"3P"	"1"	"2s2.2p.7s"	"3P*"	"1"		"T5520LS"	""	
""	""	"1564.63"	"0.03"	""	"1.8e+03"	D	"81344.05485"	"87735.33"	"2s2.2p.4p"	"3P"	"2"	"2s2.2p.6d"	"3D*"	"1"		"T5520LS"	""	
""	""	"1565.639"	"0.007"	""	"2.5e+04"	D	"82251.82041"	"88638.99"	"2s2.2p.4p"	"1S"	"0"	"2s2.2p.(2P*<3/2>).7d"	"2[3/2]*"	"1"		"T5520"	""	
""	""	"1566.029"	"0.006"	""	"1.7e+05"	D	"81325.81077"	"87711.39"	"2s2.2p.4p"	"3P"	"1"	"2s2.2p.7s"	"3P*"	"0"		"T5520LS"	""	
""	""	"1568.744"	"0.004"	""	"7.e+04"	D	"81344.05485"	"87718.583"	"2s2.2p.4p"	"3P"	"2"	"2s2.2p.7s"	"3P*"	"1"		"T5520LS"	""	
"1573.16478"	"0.00020"	"1573.16500"	"0.00007"	"32000"	"1.1e+06"	C	"77679.83311"	"84036.4454"	"2s2.2p.3d"	"1D*"	"2"	"2s2.2p.(2P*<3/2>).4f"	"2[3/2]"	"2"		"T6070"	"L12175c183"	
"1578.88121"	"0.00017"	"1578.88139"	"0.00007"	"31000"	"1.4e+06"	C	"77679.83311"	"84013.4311"	"2s2.2p.3d"	"1D*"	"2"	"2s2.2p.(2P*<3/2>).4f"	"2[5/2]"	"2"		"T6070"	"L12175c183"	
"1578.9201"	"0.0003"	"1578.92024"	"0.00005"	"32000"	"7.1e+05"	C	"77679.83311"	"84013.27526"	"2s2.2p.3d"	"1D*"	"2"	"2s2.2p.(2P*<3/2>).4f"	"2[5/2]"	"3"		"T6070"	"L12175c183"	
"1585.69367"	"0.00018"	"1585.69349"	"0.00005"	"57000q"	"2.1e+06"	C	"77679.83311"	"83986.22212"	"2s2.2p.3d"	"1D*"	"2"	"2s2.2p.(2P*<3/2>).4f"	"2[7/2]"	"3"		"T6070"	"L12175c183"	
""	""	"1588.70792"	"0.00005"	"m"	""		"71385.40992"	"77679.83311"	"2s2.2p.3p"	"3P"	"2"	"2s2.2p.3d"	"1D*"	"2"		""	"L12175"	
"1600.9241"	"0.0003"	"1600.92438"	"0.00008"	"160000q"	"6.4e+06"	C	"77679.83311"	"83926.22434"	"2s2.2p.3d"	"1D*"	"2"	"2s2.2p.(2P*<1/2>).4f"	"2[7/2]"	"3"		"T6070"	"L12175c183"	
""	""	"1602.57935"	"0.00008"	""	"2.5e+05"	C	"77679.83311"	"83919.77375"	"2s2.2p.3d"	"1D*"	"2"	"2s2.2p.(2P*<1/2>).4f"	"2[5/2]"	"2"		"T6070"	""	
"1602.60774"	"0.00003"	"1602.60774"	"0.00003"	"150000"	"6.2e+06"	C	"77679.83311"	"83919.66322"	"2s2.2p.3d"	"1D*"	"2"	"2s2.2p.(2P*<1/2>).4f"	"2[5/2]"	"3"		"T6070"	"L12175c183"	
"1633.8377"	"0.0003"	"1633.83735"	"0.00008"	"33000"	"6.1e+05"	C	"72610.73530"	"78731.2956"	"2s2.2p.3p"	"1D"	"2"	"2s2.2p.3d"	"1P*"	"1"		"T6070,T4828"	"L12175c183"	
"1642.02159"	"0.00011"	"1642.02179"	"0.00006"	"35000"	"2.8e+05"	D	"75254.0017"	"81344.05485"	"2s.2p3"	"3P*"	"1"	"2s2.2p.4p"	"3P"	"2"		"T6070n"	"L12175c183"	
"1642.37027"	"0.00003"	"1642.370230"	"0.000024"	"120000"	"1.0e+06"	D	"75255.29373"	"81344.05485"	"2s.2p3"	"3P*"	"2"	"2s2.2p.4p"	"3P"	"2"		"T6070n"	"L12175c183"	
"1646.95557"	"0.00014"	"1646.95561"	"0.00008"	"24000"	"2.9e+05"	D	"75254.0017"	"81325.81077"	"2s.2p3"	"3P*"	"1"	"2s2.2p.4p"	"3P"	"1"		"T6070n"	"L12175c183"	
"1647.30594"	"0.00011"	"1647.30614"	"0.00005"	"44000"	"6.e+05"	D	"75255.29373"	"81325.81077"	"2s.2p3"	"3P*"	"2"	"2s2.2p.4p"	"3P"	"1"		"T6070n"	"L12175c183"	
"1647.54390"	"0.00011"	"1647.54385"	"0.00008"	"20000"	"3.7e+05"	D	"75256.1696"	"81325.81077"	"2s.2p3"	"3P*"	"0"	"2s2.2p.4p"	"3P"	"1"		"T6070n"	"L12175c183"	
""	""	"1650.081"	"0.005"	""	"1.2e+05"	C	"81769.87089"	"87830.18"	"2s2.2p.4p"	"1D"	"2"	"2s2.2p.6d"	"1P*"	"1"		"T5520"	""	
"1650.96805"	"0.00011"	"1650.96797"	"0.00008"	"22000"	"1.3e+06"	D	"75254.0017"	"81311.0544"	"2s.2p3"	"3P*"	"1"	"2s2.2p.4p"	"3P"	"0"		"T6070n"	"L12175c183"	
""	""	"1656.430"	"0.008"	""	"2.0e+04"	D	"81769.87089"	"87806.95"	"2s2.2p.4p"	"1D"	"2"	"2s2.2p.6d"	"1F*"	"3"		"T5520"	""	
""	""	"1661.192"	"0.004"	""	"2.2e+05"	C	"81769.87089"	"87789.646"	"2s2.2p.4p"	"1D"	"2"	"2s2.2p.7s"	"1P*"	"1"		"T5520"	""	
"1685.9609"	"0.0007"	"1685.96210"	"0.00014"	"19000"	"1.2e+06"	C	"78105.00058"	"84036.3320"	"2s2.2p.4s"	"3P*"	"0"	"2s2.2p.(2P*<3/2>).4f"	"2[3/2]"	"1"		"T6070"	"L12175c183"	
""	""	"1686.752"	"0.004"	"m(P I)"	"1.3e+06"	D	"80562.88550"	"86491.441"	"2s2.2p.4p"	"1P"	"1"	"2s2.2p.5d"	"1P*"	"1"		"T5520"	"L12175"	
"1689.2832"	"0.0003"	"1689.28277"	"0.00009"	"25000"	"1.1e+06"	C	"78116.77336"	"84036.4454"	"2s2.2p.4s"	"3P*"	"1"	"2s2.2p.(2P*<3/2>).4f"	"2[3/2]"	"2"		"T6070"	"L12175c183"	
"1689.3143"	"0.0005"	"1689.31513"	"0.00011"	"9400"	"8.3e+05"	C	"78116.77336"	"84036.3320"	"2s2.2p.4s"	"3P*"	"1"	"2s2.2p.(2P*<3/2>).4f"	"2[3/2]"	"1"		"T6070"	"L12175c183"	
"1689.49992"	"0.00003"	"1689.49992"	"0.00003"	"760000"	"1.24e+07"	B	"72610.73530"	"78529.64651"	"2s2.2p.3p"	"1D"	"2"	"2s2.2p.3d"	"1F*"	"3"		"T5520,T6070,T4828"	"L12175c183"	
"1695.8759"	"0.0006"	"1695.87594"	"0.00009"	"11000"	"5.1e+05"	C	"78116.77336"	"84013.4311"	"2s2.2p.4s"	"3P*"	"1"	"2s2.2p.(2P*<3/2>).4f"	"2[5/2]"	"2"		"T6070"	"L12175c183"	
""	""	"1696.98403"	"0.00009"	""	"1.2e+04"	D	"79310.86822"	"85203.6756"	"2s2.2p.3d"	"3P*"	"2"	"2s2.2p.5p"	"3P"	"2"		"T5520LS"	""	
""	""	"1698.27232"	"0.00009"	""	"2.9e+05"	C	"78148.10824"	"84036.4454"	"2s2.2p.4s"	"3P*"	"2"	"2s2.2p.(2P*<3/2>).4f"	"2[3/2]"	"2"		"T6070"	""	
""	""	"1698.30503"	"0.00012"	""	"4.6e+04"	C	"78148.10824"	"84036.3320"	"2s2.2p.4s"	"3P*"	"2"	"2s2.2p.(2P*<3/2>).4f"	"2[3/2]"	"1"		"T6070"	""	
""	""	"1699.27395"	"0.00012"	""	"3.8e+03"	D	"79318.8093"	"85203.6756"	"2s2.2p.3d"	"3P*"	"1"	"2s2.2p.5p"	"3P"	"2"		"T5520LS"	""	
""	""	"1701.23034"	"0.00012"	""	"6.e+03"	D	"79310.86822"	"85188.9670"	"2s2.2p.3d"	"3P*"	"2"	"2s2.2p.5p"	"3P"	"1"		"T5520LS"	""	
""	""	"1703.53175"	"0.00015"	""	"3.8e+03"	D	"79318.8093"	"85188.9670"	"2s2.2p.3d"	"3P*"	"1"	"2s2.2p.5p"	"3P"	"1"		"T5520LS"	""	
""	""	"1704.80349"	"0.00015"	""	"5.e+03"	D	"79323.1883"	"85188.9670"	"2s2.2p.3d"	"3P*"	"0"	"2s2.2p.5p"	"3P"	"1"		"T5520LS"	""	
""	""	"1704.93598"	"0.00009"	""	"1.4e+05"	C	"78148.10824"	"84013.4311"	"2s2.2p.4s"	"3P*"	"2"	"2s2.2p.(2P*<3/2>).4f"	"2[5/2]"	"2"		"T6070"	""	
"1704.98117"	"0.00009"	"1704.98128"	"0.00004"	"51000"	"2.1e+06"	C	"78148.10824"	"84013.27526"	"2s2.2p.4s"	"3P*"	"2"	"2s2.2p.(2P*<3/2>).4f"	"2[5/2]"	"3"		"T6070"	"L12175c183"	
""	""	"1705.350"	"0.009"	""	"4.4e+04"	C	"81769.87089"	"87633.77"	"2s2.2p.4p"	"1D"	"2"	"2s2.2p.6d"	"1D*"	"2"		"T5520"	""	
""	""	"1708.324"	"0.005"	""	"6.e+04"	D	"80562.88550"	"86416.575"	"2s2.2p.4p"	"1P"	"1"	"2s2.2p.6s"	"1P*"	"1"		"T5520"	""	
"1709.0917"	"0.0008"	"1709.09130"	"0.00009"	"3800"	"1.0e+05"	D	"75254.0017"	"81105.06418"	"2s.2p3"	"3P*"	"1"	"2s2.2p.4p"	"3S"	"1"		"T6070n"	"L12175c183"	
""	""	"1709.153"	"0.009"	""	"1.5e+04"	D	"79318.8093"	"85169.66"	"2s2.2p.3d"	"3P*"	"1"	"2s2.2p.5p"	"3P"	"0"		"T5520LS"	""	
"1709.4682"	"0.0008"	"1709.46879"	"0.00004"	"3900"	"6.e+04"	D	"75255.29373"	"81105.06418"	"2s.2p3"	"3P*"	"2"	"2s2.2p.4p"	"3S"	"1"		"T6070n"	"L12175c183"	
"1709.7242"	"0.0005"	"1709.72478"	"0.00009"	"6400"	"4.5e+04"	D	"75256.1696"	"81105.06418"	"2s.2p3"	"3P*"	"0"	"2s2.2p.4p"	"3S"	"1"		"T6070n"	"L12175c183"	
""	""	"1713.10496"	"0.00012"	""	"8.1e+04"	C	"78199.09144"	"84036.4454"	"2s2.2p.3d"	"3F*"	"2"	"2s2.2p.(2P*<3/2>).4f"	"2[3/2]"	"2"		"T6070"	""	
""	""	"1713.13824"	"0.00012"	""	"3.4e+04"	C	"78199.09144"	"84036.3320"	"2s2.2p.3d"	"3F*"	"2"	"2s2.2p.(2P*<3/2>).4f"	"2[3/2]"	"1"		"T6070"	""	
""	""	"1717.94584"	"0.00009"	""	"1.9e+04"	C	"78215.54012"	"84036.4454"	"2s2.2p.3d"	"3F*"	"3"	"2s2.2p.(2P*<3/2>).4f"	"2[3/2]"	"2"		"T6070"	""	
""	""	"1719.88576"	"0.00009"	""	"4.0e+04"	C	"78199.09144"	"84013.4311"	"2s2.2p.3d"	"3F*"	"2"	"2s2.2p.(2P*<3/2>).4f"	"2[5/2]"	"2"		"T6070"	""	
"1719.926"	"0.008"	"1719.93186"	"0.00007"	"7100bl"	"4.8e+04"	C	"78199.09144"	"84013.27526"	"2s2.2p.3d"	"3F*"	"2"	"2s2.2p.(2P*<3/2>).4f"	"2[5/2]"	"3"		"T6070"	"L9405c186"	
"1723.2456"	"0.0014"	"1723.24648"	"0.00009"	"2300"	"1.5e+05"	C	"78116.77336"	"83919.77375"	"2s2.2p.4s"	"3P*"	"1"	"2s2.2p.(2P*<1/2>).4f"	"2[5/2]"	"2"		"T6070"	"L12175c183"	
"1723.91971"	"0.00015"	"1723.91956"	"0.00012"	"120000q"	"4.9e+06"	C	"78215.54012"	"84016.2748"	"2s2.2p.3d"	"3F*"	"3"	"2s2.2p.(2P*<3/2>).4f"	"2[9/2]"	"4"		"T6070"	"L12175c183"	
""	""	"1724.76510"	"0.00009"	""	"4.5e+04"	C	"78215.54012"	"84013.4311"	"2s2.2p.3d"	"3F*"	"3"	"2s2.2p.(2P*<3/2>).4f"	"2[5/2]"	"2"		"T6070"	""	
"1724.802"	"0.008"	"1724.81146"	"0.00006"	"6400bl"	"8.1e+03"	C	"78215.54012"	"84013.27526"	"2s2.2p.3d"	"3F*"	"3"	"2s2.2p.(2P*<3/2>).4f"	"2[5/2]"	"3"		"T6070"	"L9405c186"	
"1727.97203"	"0.00003"	"1727.97204"	"0.00003"	"160000"	"8.8e+06"	C	"78199.09144"	"83986.22212"	"2s2.2p.3d"	"3F*"	"2"	"2s2.2p.(2P*<3/2>).4f"	"2[7/2]"	"3"		"T6070"	"L12175c183"	
"1730.642"	"0.008"	"1730.66789"	"0.00009"	"48000bl(Fe)"	"5.9e+04"	C	"78148.10824"	"83926.22434"	"2s2.2p.4s"	"3P*"	"2"	"2s2.2p.(2P*<1/2>).4f"	"2[7/2]"	"3"		"T6070"	"L9405c186"	
""	""	"1732.60214"	"0.00008"	""	"4.0e+04"	C	"78148.10824"	"83919.77375"	"2s2.2p.4s"	"3P*"	"2"	"2s2.2p.(2P*<1/2>).4f"	"2[5/2]"	"2"		"T6070"	""	
"1732.6342"	"0.0005"	"1732.63532"	"0.00005"	"61000q"	"4.4e+05"	C	"78148.10824"	"83919.66322"	"2s2.2p.4s"	"3P*"	"2"	"2s2.2p.(2P*<1/2>).4f"	"2[5/2]"	"3"		"T6070"	"L12175c183"	
"1732.81597"	"0.00018"	"1732.81621"	"0.00015"	"100000"	"4.4e+06"	C	"78215.54012"	"83986.4926"	"2s2.2p.3d"	"3F*"	"3"	"2s2.2p.(2P*<3/2>).4f"	"2[7/2]"	"4"		"T6070"	"L12175c183"	
"1732.89740"	"0.00018"	"1732.89743"	"0.00006"	"24000"	"1.5e+06"	C	"78215.54012"	"83986.22212"	"2s2.2p.3d"	"3F*"	"3"	"2s2.2p.(2P*<3/2>).4f"	"2[7/2]"	"3"		"T6070"	"L12175c183"	
"1734.2116"	"0.0004"	"1734.21190"	"0.00012"	"11000"	"4.0e+05"	C	"78249.96676"	"84016.2748"	"2s2.2p.3d"	"3F*"	"4"	"2s2.2p.(2P*<3/2>).4f"	"2[9/2]"	"4"		"T6070"	"L12175c183"	
"1734.33126"	"0.00003"	"1734.33126"	"0.00003"	"390000"	"1.6e+07"	C	"78249.96676"	"84015.87795"	"2s2.2p.3d"	"3F*"	"4"	"2s2.2p.(2P*<3/2>).4f"	"2[9/2]"	"5"		"T6070"	"L12175c183"	
"1735.1147"	"0.0013"	"1735.11447"	"0.00005"	"4800"	"1.4e+05"	C	"78249.96676"	"84013.27526"	"2s2.2p.3d"	"3F*"	"4"	"2s2.2p.(2P*<3/2>).4f"	"2[5/2]"	"3"		"T6070"	"L12175c183"	
""	""	"1741.27060"	"0.00012"	""	"7.0e+03"	C	"78293.51263"	"84036.4454"	"2s2.2p.3d"	"3D*"	"1"	"2s2.2p.(2P*<3/2>).4f"	"2[3/2]"	"2"		"T6070"	""	
"1741.3041"	"0.0007"	"1741.30499"	"0.00015"	"12000"	"1.6e+06"	C	"78293.51263"	"84036.3320"	"2s2.2p.3d"	"3D*"	"1"	"2s2.2p.(2P*<3/2>).4f"	"2[3/2]"	"1"		"T6070"	"L12175c183"	
""	""	"1741.935"	"0.007"	""	"4.0e+04"	D	"80782.44916"	"86523.19"	"2s2.2p.4p"	"3D"	"1"	"2s2.2p.5d"	"3P*"	"0"		"T5520LS"	""	
""	""	"1743.054"	"0.004"	""	"1.0e+04"	D	"80782.44916"	"86519.506"	"2s2.2p.4p"	"3D"	"1"	"2s2.2p.5d"	"3P*"	"1"		"T5520LS"	""	
"1743.2159"	"0.0012"	"1743.21537"	"0.00015"	"59000bl"	"1.8e+06"	C	"78249.96676"	"83986.4926"	"2s2.2p.3d"	"3F*"	"4"	"2s2.2p.(2P*<3/2>).4f"	"2[7/2]"	"4"		"T6070"	"L12175c183"	
"1743.285"	"0.008"	"1743.29756"	"0.00007"	"16000u"	"6.3e+04"	C	"78249.96676"	"83986.22212"	"2s2.2p.3d"	"3F*"	"4"	"2s2.2p.(2P*<3/2>).4f"	"2[7/2]"	"3"		"T6070"	"L9405c186"	
"1745.33374"	"0.00012"	"1745.33395"	"0.00005"	"360000q"	"7.5e+06"	B+	"72610.73530"	"78340.29782"	"2s2.2p.3p"	"1D"	"2"	"2s2.2p.4s"	"1P*"	"1"		"T5520,T6070,T4828"	"L12175c183"	
"1745.5671"	"0.0003"	"1745.56652"	"0.00009"	"13000"	"9.2e+05"	C	"78307.64625"	"84036.4454"	"2s2.2p.3d"	"3D*"	"2"	"2s2.2p.(2P*<3/2>).4f"	"2[3/2]"	"2"		"T6070"	"L12175c183"	
"1745.6008"	"0.0007"	"1745.60107"	"0.00012"	"6100"	"6.8e+05"	C	"78307.64625"	"84036.3320"	"2s2.2p.3d"	"3D*"	"2"	"2s2.2p.(2P*<3/2>).4f"	"2[3/2]"	"1"		"T6070"	"L12175c183"	
"1746.07465"	"0.00015"	"1746.07438"	"0.00009"	"120000q"	"6.0e+06"	C	"78199.09144"	"83926.22434"	"2s2.2p.3d"	"3F*"	"2"	"2s2.2p.(2P*<1/2>).4f"	"2[7/2]"	"3"		"T6070"	"L12175c183"	
""	""	"1746.9493"	"0.0006"	""	"4.0e+02"	D	"80782.44916"	"86506.7138"	"2s2.2p.4p"	"3D"	"1"	"2s2.2p.5d"	"3P*"	"2"		"T5520LS"	""	
"1748.0430"	"0.0003"	"1748.04323"	"0.00009"	"15000"	"1.0e+06"	C	"78199.09144"	"83919.77375"	"2s2.2p.3d"	"3F*"	"2"	"2s2.2p.(2P*<1/2>).4f"	"2[5/2]"	"2"		"T6070"	"L12175c183"	
"1748.0769"	"0.0003"	"1748.07701"	"0.00006"	"15000"	"4.7e+05"	C	"78199.09144"	"83919.66322"	"2s2.2p.3d"	"3F*"	"2"	"2s2.2p.(2P*<1/2>).4f"	"2[5/2]"	"3"		"T6070"	"L12175c183"	
"1748.279"	"0.008"	"1748.27667"	"0.00012"	"92000"	"1.0e+05"	C	"78293.51263"	"84013.4311"	"2s2.2p.3d"	"3D*"	"1"	"2s2.2p.(2P*<3/2>).4f"	"2[5/2]"	"2"		"T6070"	"L9405c186"	
""	""	"1748.797"	"0.004"	""	"3.0e+04"	D	"80801.28887"	"86519.506"	"2s2.2p.4p"	"3D"	"2"	"2s2.2p.5d"	"3P*"	"1"		"T5520LS"	""	
"1748.8083"	"0.0018"	"1748.80838"	"0.00009"	"3500"	"2.4e+05"	C	"78318.26602"	"84036.4454"	"2s2.2p.3d"	"3D*"	"3"	"2s2.2p.(2P*<3/2>).4f"	"2[3/2]"	"2"		"T6070"	"L12175c183"	
"1751.04163"	"0.00012"	"1751.04249"	"0.00006"	"170000p"	"6.4e+06"	C	"78215.54012"	"83926.42382"	"2s2.2p.3d"	"3F*"	"3"	"2s2.2p.(2P*<1/2>).4f"	"2[7/2]"	"4"		"T6070"	"L12175c183,c153"	
""	""	"1751.10365"	"0.00009"	""	"1.7e+04"	C	"78215.54012"	"83926.22434"	"2s2.2p.3d"	"3F*"	"3"	"2s2.2p.(2P*<1/2>).4f"	"2[7/2]"	"3"		"T6070"	""	
"1752.086"	"0.008"	"1752.07117"	"0.00006"	"150000bl(Fe)"	"2.3e+04"	C	"72610.73530"	"78318.26602"	"2s2.2p.3p"	"1D"	"2"	"2s2.2p.3d"	"3D*"	"3"		"T6070"	"L9405c186"	
"1752.6081"	"0.0009"	"1752.60727"	"0.00009"	"38000q"	"1.9e+06"	C	"78307.64625"	"84013.4311"	"2s2.2p.3d"	"3D*"	"2"	"2s2.2p.(2P*<3/2>).4f"	"2[5/2]"	"2"		"T6070"	"L12175c183"	
"1752.6549"	"0.0007"	"1752.65514"	"0.00006"	"5400"	"1.9e+05"	C	"78307.64625"	"84013.27526"	"2s2.2p.3d"	"3D*"	"2"	"2s2.2p.(2P*<3/2>).4f"	"2[5/2]"	"3"		"T6070"	"L12175c183"	
""	""	"1752.7178"	"0.0006"	""	"6.e+03"	D	"80801.28887"	"86506.7138"	"2s2.2p.4p"	"3D"	"2"	"2s2.2p.5d"	"3P*"	"2"		"T5520LS"	""	
""	""	"1753.08388"	"0.00009"	""	"1.1e+05"	C	"78215.54012"	"83919.77375"	"2s2.2p.3d"	"3F*"	"3"	"2s2.2p.(2P*<1/2>).4f"	"2[5/2]"	"2"		"T6070"	""	
"1753.1180"	"0.00025"	"1753.11785"	"0.00006"	"11000"	"7.4e+05"	C	"78215.54012"	"83919.66322"	"2s2.2p.3d"	"3F*"	"3"	"2s2.2p.(2P*<1/2>).4f"	"2[5/2]"	"3"		"T6070"	"L12175c183"	
"1755.0014"	"0.0009"	"1754.99905"	"0.00012"	"10000q"	"4.1e+05"	C	"78318.26602"	"84016.2748"	"2s2.2p.3d"	"3D*"	"3"	"2s2.2p.(2P*<3/2>).4f"	"2[9/2]"	"4"		"T6070"	"L12175c183"	
"1755.5737"	"0.0010"	"1755.57249"	"0.00009"	"12000D"	"1.0e+06"	C	"78340.29782"	"84036.4454"	"2s2.2p.4s"	"1P*"	"1"	"2s2.2p.(2P*<3/2>).4f"	"2[3/2]"	"2"		"T6070"	"L12175c183"	
""	""	"1755.60744"	"0.00015"	""	"2.3e+05"	C	"78340.29782"	"84036.3320"	"2s2.2p.4s"	"1P*"	"1"	"2s2.2p.(2P*<3/2>).4f"	"2[3/2]"	"1"		"T6070"	""	
"1755.8745"	"0.0011"	"1755.87535"	"0.00009"	"5900"	"2.8e+05"	C	"78318.26602"	"84013.4311"	"2s2.2p.3d"	"3D*"	"3"	"2s2.2p.(2P*<3/2>).4f"	"2[5/2]"	"2"		"T6070"	"L12175c183"	
"1755.92335"	"0.00009"	"1755.92340"	"0.00004"	"64000"	"2.9e+06"	C	"78318.26602"	"84013.27526"	"2s2.2p.3d"	"3D*"	"3"	"2s2.2p.(2P*<3/2>).4f"	"2[5/2]"	"3"		"T6070"	"L12175c183"	
"1759.719"	"0.008"	"1759.70294"	"0.00009"	"15000bl(Fe)"	"5.8e+05"	C	"72610.73530"	"78293.51263"	"2s2.2p.3p"	"1D"	"2"	"2s2.2p.3d"	"3D*"	"1"		"T6070"	"L9405c186"	
"1761.00496"	"0.00009"	"1761.00491"	"0.00006"	"62000"	"2.9e+06"	C	"78307.64625"	"83986.22212"	"2s2.2p.3d"	"3D*"	"2"	"2s2.2p.(2P*<3/2>).4f"	"2[7/2]"	"3"		"T6070"	"L12175c183"	
"1761.6613"	"0.0006"	"1761.66223"	"0.00005"	"14000"	"4.7e+05"	C	"78249.96676"	"83926.42382"	"2s2.2p.3d"	"3F*"	"4"	"2s2.2p.(2P*<1/2>).4f"	"2[7/2]"	"4"		"T6070"	"L12175c183"	
""	""	"1761.72414"	"0.00009"	""	"1.8e+04"	C	"78249.96676"	"83926.22434"	"2s2.2p.3d"	"3F*"	"4"	"2s2.2p.(2P*<1/2>).4f"	"2[7/2]"	"3"		"T6070"	""	
""	""	"1762.3831"	"0.0006"	""	"5.e+04"	D	"79310.86822"	"84985.0033"	"2s2.2p.3d"	"3P*"	"2"	"2s2.2p.5p"	"3D"	"3"		"T5520LS"	""	
"1762.69431"	"0.00012"	"1762.69435"	"0.00009"	"36000"	"2.0e+06"	C	"78340.29782"	"84013.4311"	"2s2.2p.4s"	"1P*"	"1"	"2s2.2p.(2P*<3/2>).4f"	"2[5/2]"	"2"		"T6070"	"L12175c183"	
""	""	"1763.0189"	"0.0006"	""	"3.3e+04"	D	"80834.62491"	"86506.7138"	"2s2.2p.4p"	"3D"	"3"	"2s2.2p.5d"	"3P*"	"2"		"T5520LS"	""	
""	""	"1763.76285"	"0.00006"	""	"2.6e+04"	C	"78249.96676"	"83919.66322"	"2s2.2p.3d"	"3F*"	"4"	"2s2.2p.(2P*<1/2>).4f"	"2[5/2]"	"3"		"T6070"	""	
"1764.2197"	"0.0004"	"1764.22023"	"0.00016"	"140000q"	"5.2e+06"	C	"78318.26602"	"83986.4926"	"2s2.2p.3d"	"3D*"	"3"	"2s2.2p.(2P*<3/2>).4f"	"2[7/2]"	"4"		"T6070"	"L12175c183"	
"1764.3041"	"0.0003"	"1764.30442"	"0.00007"	"13000"	"5.4e+05"	C	"78318.26602"	"83986.22212"	"2s2.2p.3d"	"3D*"	"3"	"2s2.2p.(2P*<3/2>).4f"	"2[7/2]"	"3"		"T6070"	"L12175c183"	
"1767.6973"	"0.0008"	"1767.69562"	"0.00005"	"30000bl"	"3.2e+04"	B	"64086.96961"	"69744.05213"	"2s.2p3"	"3D*"	"3"	"2s2.2p.3p"	"3D"	"3"		"T6070n"	"L12175c183"	
""	""	"1768.95388"	"0.00009"	"m"	"4.5e+03"	B	"64090.99351"	"69744.05213"	"2s.2p3"	"3D*"	"2"	"2s2.2p.3p"	"3D"	"3"		"T6070n"	"L12175"	
""	""	"1773.194"	"0.006"	""	"1.2e+04"	D	"79310.86822"	"84950.41"	"2s2.2p.3d"	"3P*"	"2"	"2s2.2p.5p"	"3D"	"2"		"T5520LS"	""	
""	""	"1775.694"	"0.006"	""	"3.7e+04"	D	"79318.8093"	"84950.41"	"2s2.2p.3d"	"3P*"	"1"	"2s2.2p.5p"	"3D"	"2"		"T5520LS"	""	
"1777.37930"	"0.00003"	"1777.37929"	"0.00003"	"120000"	"1.1e+07"	C	"78293.51263"	"83919.77375"	"2s2.2p.3d"	"3D*"	"1"	"2s2.2p.(2P*<1/2>).4f"	"2[5/2]"	"2"		"T6070"	"L12175c183"	
""	""	"1777.938"	"0.005"	""	"1.4e+03"	D	"79310.86822"	"84935.362"	"2s2.2p.3d"	"3P*"	"2"	"2s2.2p.5p"	"3D"	"1"		"T5520LS"	""	
"1778.1809"	"0.0008"	"1778.18315"	"0.00007"	"7000"	"6.3e+03"	B	"64086.96961"	"69710.68728"	"2s.2p3"	"3D*"	"3"	"2s2.2p.3p"	"3D"	"2"		"T6070n"	"L12175c183"	
"1778.61644"	"0.00022"	"1778.61643"	"0.00022"	"15000"	"2.9e+05"	B	"80562.88550"	"86185.2332"	"2s2.2p.4p"	"1P"	"1"	"2s2.2p.5d"	"1D*"	"2"		"T5520"	"L12175c183"	
"1779.100"	"0.008"	"1779.10989"	"0.00016"	"13000"	"5.6e+03"	B	"64089.8990"	"69710.68728"	"2s.2p3"	"3D*"	"1"	"2s2.2p.3p"	"3D"	"2"		"T6070n"	"L9405c187"	
"1779.455"	"0.009"	"1779.45639"	"0.00009"	"25000bl"	"2.39e+04"	B	"64090.99351"	"69710.68728"	"2s.2p3"	"3D*"	"2"	"2s2.2p.3p"	"3D"	"2"		"T6070n"	"L9405c186"	
"1779.80967"	"0.00010"	"1779.80974"	"0.00010"	"54000"	"2.7e+06"	C	"78307.64625"	"83926.22434"	"2s2.2p.3d"	"3D*"	"2"	"2s2.2p.(2P*<1/2>).4f"	"2[7/2]"	"3"		"T6070"	"L12175c183"	
""	""	"1780.452"	"0.005"	""	"2.0e+04"	D	"79318.8093"	"84935.362"	"2s2.2p.3d"	"3P*"	"1"	"2s2.2p.5p"	"3D"	"1"		"T5520LS"	""	
""	""	"1781.841"	"0.005"	""	"2.7e+04"	D	"79323.1883"	"84935.362"	"2s2.2p.3d"	"3P*"	"0"	"2s2.2p.5p"	"3D"	"1"		"T5520LS"	""	
"1781.8561"	"0.0004"	"1781.85545"	"0.00010"	"32000"	"1.5e+06"	C	"78307.64625"	"83919.77375"	"2s2.2p.3d"	"3D*"	"2"	"2s2.2p.(2P*<1/2>).4f"	"2[5/2]"	"2"		"T6070"	"L12175c183"	
"1781.89054"	"0.00003"	"1781.89055"	"0.00003"	"99000"	"6.2e+06"	C	"78307.64625"	"83919.66322"	"2s2.2p.3d"	"3D*"	"2"	"2s2.2p.(2P*<1/2>).4f"	"2[5/2]"	"3"		"T6070"	"L12175c183"	
"1783.11673"	"0.00003"	"1783.11673"	"0.00003"	"140000"	"7.6e+06"	C	"78318.26602"	"83926.42382"	"2s2.2p.3d"	"3D*"	"3"	"2s2.2p.(2P*<1/2>).4f"	"2[7/2]"	"4"		"T6070"	"L12175c183"	
"1783.1786"	"0.0013"	"1783.18016"	"0.00010"	"11000q"	"5.3e+05"	C	"78318.26602"	"83926.22434"	"2s2.2p.3d"	"3D*"	"3"	"2s2.2p.(2P*<1/2>).4f"	"2[7/2]"	"3"		"T6070"	"L12175c183"	
""	""	"1783.493"	"0.005"	""	"3.5e+04"	D	"80782.44916"	"86389.425"	"2s2.2p.4p"	"3D"	"1"	"2s2.2p.5d"	"3D*"	"2"		"T5520LS"	""	
""	""	"1784.18345"	"0.00007"	""	"6.6e+04"	C	"72610.73530"	"78215.54012"	"2s2.2p.3p"	"1D"	"2"	"2s2.2p.3d"	"3F*"	"3"		"T6070"	""	
""	""	"1785.23363"	"0.00010"	""	"2.6e+04"	C	"78318.26602"	"83919.77375"	"2s2.2p.3d"	"3D*"	"3"	"2s2.2p.(2P*<1/2>).4f"	"2[5/2]"	"2"		"T6070"	""	
"1785.2687"	"0.0016"	"1785.26886"	"0.00006"	"3800"	"2.3e+05"	C	"78318.26602"	"83919.66322"	"2s2.2p.3d"	"3D*"	"3"	"2s2.2p.(2P*<1/2>).4f"	"2[5/2]"	"3"		"T6070"	"L12175c183"	
"1785.8397"	"0.0016"	"1785.84346"	"0.00019"	"11000bl"	"2.6e+04"	B	"64089.8990"	"69689.49393"	"2s.2p3"	"3D*"	"1"	"2s2.2p.3p"	"3D"	"1"		"T6070n"	"L12175c183"	
"1786.194"	"0.008"	"1786.19260"	"0.00010"	"9200"	"9.4e+03"	B	"64090.99351"	"69689.49393"	"2s.2p3"	"3D*"	"2"	"2s2.2p.3p"	"3D"	"1"		"T6070n"	"L9405c187"	
""	""	"1786.818"	"0.013"	""	"2.6e+04"	D	"80801.28887"	"86397.83"	"2s2.2p.4p"	"3D"	"2"	"2s2.2p.5d"	"3D*"	"3"		"T5520LS"	""	
""	""	"1789.43499"	"0.00007"	""	"4.3e+03"	C	"72610.73530"	"78199.09144"	"2s2.2p.3p"	"1D"	"2"	"2s2.2p.3d"	"3F*"	"2"		"T6070"	""	
""	""	"1789.505"	"0.005"	""	"1.6e+05"	D	"80801.28887"	"86389.425"	"2s2.2p.4p"	"3D"	"2"	"2s2.2p.5d"	"3D*"	"2"		"T5520LS"	""	
""	""	"1789.814"	"0.005"	""	"1.0e+04"	D	"80782.44916"	"86369.622"	"2s2.2p.4p"	"3D"	"1"	"2s2.2p.6s"	"3P*"	"2"		"T5520LS"	""	
""	""	"1792.086"	"0.010"	""	"1.7e+05"	D	"80782.44916"	"86362.54"	"2s2.2p.4p"	"3D"	"1"	"2s2.2p.5d"	"3D*"	"1"		"T5520LS"	""	
""	""	"1792.28303"	"0.00010"	""	"2.2e+05"	C	"78340.29782"	"83919.77375"	"2s2.2p.4s"	"1P*"	"1"	"2s2.2p.(2P*<1/2>).4f"	"2[5/2]"	"2"		"T6070"	""	
"1792.32952"	"0.00006"	"1792.32952"	"0.00004"	"75000"	"7.e+05"	D	"75255.29373"	"80834.62491"	"2s.2p3"	"3P*"	"2"	"2s2.2p.4p"	"3D"	"3"		"T6070n"	"L12175c183"	
""	""	"1792.642"	"0.006"	""	"2.5e+04"	D	"82251.82041"	"87830.18"	"2s2.2p.4p"	"1S"	"0"	"2s2.2p.6d"	"1P*"	"1"		"T5520"	""	
""	""	"1795.870"	"0.005"	""	"1.6e+05"	D	"80801.28887"	"86369.622"	"2s2.2p.4p"	"3D"	"2"	"2s2.2p.6s"	"3P*"	"2"		"T5520LS"	""	
"1796.409"	"0.007"	"1796.40428"	"0.00010"	"31000"	"5.1e+05"	C	"69689.49393"	"75256.1696"	"2s2.2p.3p"	"3D"	"1"	"2s.2p3"	"3P*"	"0"		"T6070n"	"L9405c187"	
""	""	"1796.68697"	"0.00007"	""	"4.0e+03"	C	"69689.49393"	"75255.29373"	"2s2.2p.3p"	"3D"	"1"	"2s.2p3"	"3P*"	"2"		"T6070n"	""	
"1797.129"	"0.008"	"1797.10415"	"0.00010"	"28000bl(Fe)"	"1.2e+05"	C	"69689.49393"	"75254.0017"	"2s2.2p.3p"	"3D"	"1"	"2s.2p3"	"3P*"	"1"		"T6070n"	"L9405c186"	
""	""	"1797.525"	"0.013"	""	"2.0e+05"	D	"80834.62491"	"86397.83"	"2s2.2p.4p"	"3D"	"3"	"2s2.2p.5d"	"3D*"	"3"		"T5520LS"	""	
""	""	"1798.157"	"0.010"	""	"6.e+04"	D	"80801.28887"	"86362.54"	"2s2.2p.4p"	"3D"	"2"	"2s2.2p.5d"	"3D*"	"1"		"T5520LS"	""	
""	""	"1800.245"	"0.006"	""	"3.6e+04"	D	"80834.62491"	"86389.425"	"2s2.2p.4p"	"3D"	"3"	"2s2.2p.5d"	"3D*"	"2"		"T5520LS"	""	
""	""	"1802.061"	"0.004"	""	"2.6e+05"	D	"80782.44916"	"86331.651"	"2s2.2p.4p"	"3D"	"1"	"2s2.2p.6s"	"3P*"	"1"		"T5520LS"	""	
"1802.6814"	"0.0017"	"1802.68295"	"0.00008"	"54000q"	"6.e+05"	D	"75254.0017"	"80801.28887"	"2s.2p3"	"3P*"	"1"	"2s2.2p.4p"	"3D"	"2"		"T6070n"	"L12175c183"	
"1803.10277"	"0.00016"	"1803.10291"	"0.00005"	"14000"	"1.6e+05"	D	"75255.29373"	"80801.28887"	"2s.2p3"	"3P*"	"2"	"2s2.2p.4p"	"3D"	"2"		"T6070n"	"L12175c183"	
"1803.557"	"0.008"	"1803.55452"	"0.00006"	"28000bl"	"6.5e+04"	C	"69710.68728"	"75255.29373"	"2s2.2p.3p"	"3D"	"2"	"2s.2p3"	"3P*"	"2"		"T6070n"	"L9405c187"	
"1803.97447"	"0.00023"	"1803.97489"	"0.00010"	"44000bl"	"3.8e+05"	C	"69710.68728"	"75254.0017"	"2s2.2p.3p"	"3D"	"2"	"2s.2p3"	"3P*"	"1"		"T6070n"	"L12175c183"	
""	""	"1805.210"	"0.007"	""	"1.0e+06"	D	"80782.44916"	"86321.97"	"2s2.2p.4p"	"3D"	"1"	"2s2.2p.6s"	"3P*"	"0"		"T5520LS"	""	
""	""	"1805.91051"	"0.00007"	""	"6.3e+02"	C	"72610.73530"	"78148.10824"	"2s2.2p.3p"	"1D"	"2"	"2s2.2p.4s"	"3P*"	"2"		"T6070"	""	
""	""	"1806.606"	"0.010"	""	"6.e+05"	D	"80782.44916"	"86317.69"	"2s2.2p.4p"	"3D"	"1"	"2s2.2p.5d"	"3F*"	"2"		"T5520LS"	""	
""	""	"1806.686"	"0.006"	""	"9.e+05"	D	"80834.62491"	"86369.622"	"2s2.2p.4p"	"3D"	"3"	"2s2.2p.6s"	"3P*"	"2"		"T5520LS"	""	
"1806.7632"	"0.0015"	"1806.7630"	"0.0016"	"8500"	"7.e+05"	D	"80834.62491"	"86369.385"	"2s2.2p.4p"	"3D"	"3"	"2s2.2p.5d"	"3F*"	"4"		"T5520LS"	"L12175c183"	
"1808.211"	"0.007"	"1808.200"	"0.004"	"2700"	"8.e+05"	D	"80801.28887"	"86331.651"	"2s2.2p.4p"	"3D"	"2"	"2s2.2p.6s"	"3P*"	"1"		"T5520LS"	"L12175c183"	
"1808.8270"	"0.0005"	"1808.82609"	"0.00010"	"16000q"	"2.9e+05"	D	"75254.0017"	"80782.44916"	"2s.2p3"	"3P*"	"1"	"2s2.2p.4p"	"3D"	"1"		"T6070n"	"L12175c183"	
"1809.258"	"0.009"	"1809.24892"	"0.00007"	"13000bl"	"1.6e+04"	D	"75255.29373"	"80782.44916"	"2s.2p3"	"3P*"	"2"	"2s2.2p.4p"	"3D"	"1"		"T6070n"	"L9405c186"	
"1809.53566"	"0.00013"	"1809.53567"	"0.00010"	"31000"	"4.3e+05"	D	"75256.1696"	"80782.44916"	"2s.2p3"	"3P*"	"0"	"2s2.2p.4p"	"3D"	"1"		"T6070n"	"L12175c183"	
"1809.6608"	"0.0005"	"1809.6608"	"0.0005"	"7200"	"6.e+05"	D	"80801.28887"	"86327.1863"	"2s2.2p.4p"	"3D"	"2"	"2s2.2p.5d"	"3F*"	"3"		"T5520LS"	"L12175c183"	
""	""	"1812.776"	"0.010"	""	"1.1e+05"	D	"80801.28887"	"86317.69"	"2s2.2p.4p"	"3D"	"2"	"2s2.2p.5d"	"3F*"	"2"		"T5520LS"	""	
"1814.47320"	"0.00007"	"1814.47317"	"0.00004"	"100000"	"4.0e+05"	C	"69744.05213"	"75255.29373"	"2s2.2p.3p"	"3D"	"3"	"2s.2p3"	"3P*"	"2"		"T6070n"	"L12175c183"	
""	""	"1815.93703"	"0.00010"	""	"4.2e+04"	C	"78529.64651"	"84036.4454"	"2s2.2p.3d"	"1F*"	"3"	"2s2.2p.(2P*<3/2>).4f"	"2[3/2]"	"2"		"T6070"	""	
"1816.1893"	"0.0005"	"1816.18795"	"0.00007"	"9800"	"6.2e+04"	C	"72610.73530"	"78116.77336"	"2s2.2p.3p"	"1D"	"2"	"2s2.2p.4s"	"3P*"	"1"		"T6070"	"L12175c183"	
""	""	"1820.6442"	"0.0005"	""	"8.e+04"	D	"80834.62491"	"86327.1863"	"2s2.2p.4p"	"3D"	"3"	"2s2.2p.5d"	"3F*"	"3"		"T5520LS"	""	
"1822.61282"	"0.00017"	"1822.61299"	"0.00013"	"150000q"	"9.8e+06"	C	"78529.64651"	"84016.2748"	"2s2.2p.3d"	"1F*"	"3"	"2s2.2p.(2P*<3/2>).4f"	"2[9/2]"	"4"		"T6070"	"L12175c183"	
""	""	"1823.55814"	"0.00010"	""	"4.0e+04"	C	"78529.64651"	"84013.4311"	"2s2.2p.3d"	"1F*"	"3"	"2s2.2p.(2P*<3/2>).4f"	"2[5/2]"	"2"		"T6070"	""	
"1823.619"	"0.009"	"1823.60996"	"0.00008"	"13000bl"	"1.5e+05"	C	"78529.64651"	"84013.27526"	"2s2.2p.3d"	"1F*"	"3"	"2s2.2p.(2P*<3/2>).4f"	"2[5/2]"	"3"		"T6070"	"L9405c187"	
""	""	"1823.797"	"0.010"	""	"3.1e+03"	D	"80834.62491"	"86317.69"	"2s2.2p.4p"	"3D"	"3"	"2s2.2p.5d"	"3F*"	"2"		"T5520LS"	""	
"1832.5615"	"0.0004"	"1832.56039"	"0.00017"	"110000q"	"4.3e+06"	C	"78529.64651"	"83986.4926"	"2s2.2p.3d"	"1F*"	"3"	"2s2.2p.(2P*<3/2>).4f"	"2[7/2]"	"4"		"T6070"	"L12175c183"	
"1832.6505"	"0.0012"	"1832.65123"	"0.00008"	"7300"	"3.4e+05"	C	"78529.64651"	"83986.22212"	"2s2.2p.3d"	"1F*"	"3"	"2s2.2p.(2P*<3/2>).4f"	"2[7/2]"	"3"		"T6070"	"L12175c183"	
""	""	"1845.657"	"0.008"	""	"2.9e+05"	C	"81105.06418"	"86523.19"	"2s2.2p.4p"	"3S"	"1"	"2s2.2p.5d"	"3P*"	"0"		"T5520LS"	""	
""	""	"1846.387"	"0.014"	""	"1.9e+04"	D	"83497.58690"	"88913.57"	"2s2.2p.4d"	"1D*"	"2"	"2s2.2p.(2P*<3/2>).8p"	"2[5/2]"	"2"		"T5520"	""	
""	""	"1846.912"	"0.005"	""	"2.9e+05"	C	"81105.06418"	"86519.506"	"2s2.2p.4p"	"3S"	"1"	"2s2.2p.5d"	"3P*"	"1"		"T5520LS"	""	
""	""	"1851.2863"	"0.0007"	""	"2.9e+05"	C	"81105.06418"	"86506.7138"	"2s2.2p.4p"	"3S"	"1"	"2s2.2p.5d"	"3P*"	"2"		"T5520LS"	""	
"1852.9589"	"0.0004"	"1852.95769"	"0.00008"	"28000p"	"9.9e+05"	C	"78529.64651"	"83926.42382"	"2s2.2p.3d"	"1F*"	"3"	"2s2.2p.(2P*<1/2>).4f"	"2[7/2]"	"4"		"T6070"	"L12175c183"	
"1853.0260"	"0.0008"	"1853.02618"	"0.00010"	"9600"	"5.7e+05"	C	"78529.64651"	"83926.22434"	"2s2.2p.3d"	"1F*"	"3"	"2s2.2p.(2P*<1/2>).4f"	"2[7/2]"	"3"		"T6070"	"L12175c183"	
""	""	"1855.24377"	"0.00010"	""	"3.6e+03"	C	"78529.64651"	"83919.77375"	"2s2.2p.3d"	"1F*"	"3"	"2s2.2p.(2P*<1/2>).4f"	"2[5/2]"	"2"		"T6070"	""	
"1855.2810"	"0.0008"	"1855.28182"	"0.00006"	"14000"	"5.7e+05"	C	"78529.64651"	"83919.66322"	"2s2.2p.3d"	"1F*"	"3"	"2s2.2p.(2P*<1/2>).4f"	"2[5/2]"	"3"		"T6070"	"L12175c183"	
""	""	"1871.64924"	"0.00011"	""	"3.6e+03"	C	"73975.92785"	"79318.8093"	"2s2.2p.3p"	"1S"	"0"	"2s2.2p.3d"	"3P*"	"1"		"T6070"	""	
""	""	"1883.63512"	"0.00011"	""	"5.9e+03"	C	"75254.0017"	"80562.88550"	"2s.2p3"	"3P*"	"1"	"2s2.2p.4p"	"1P"	"1"		"T6070"	""	
""	""	"1884.40463"	"0.00011"	""	"1.9e+03"	C	"75256.1696"	"80562.88550"	"2s.2p3"	"3P*"	"0"	"2s2.2p.4p"	"1P"	"1"		"T6070"	""	
"1884.96063"	"0.00018"	"1884.96091"	"0.00011"	"48000q"	"4.2e+06"	C	"78731.2956"	"84036.4454"	"2s2.2p.3d"	"1P*"	"1"	"2s2.2p.(2P*<3/2>).4f"	"2[3/2]"	"2"		"T6070"	"L12175c183"	
""	""	"1885.00120"	"0.00018"	""	"3.3e+03"	C	"78731.2956"	"84036.3320"	"2s2.2p.3d"	"1P*"	"1"	"2s2.2p.(2P*<3/2>).4f"	"2[3/2]"	"1"		"T6070"	""	
"1893.17384"	"0.00014"	"1893.17370"	"0.00011"	"64000"	"5.1e+06"	C	"78731.2956"	"84013.4311"	"2s2.2p.3d"	"1P*"	"1"	"2s2.2p.(2P*<3/2>).4f"	"2[5/2]"	"2"		"T6070"	"L12175c183"	
""	""	"1897.734"	"0.011"	""	"6.e+04"	D	"83497.58690"	"88767.03"	"2s2.2p.4d"	"1D*"	"2"	"2s2.2p.(2P*<1/2>).8p"	"2[3/2]"	"1"		"T5520"	""	
""	""	"1899.495"	"0.006"	""	"3.6e+05"	C	"81105.06418"	"86369.622"	"2s2.2p.4p"	"3S"	"1"	"2s2.2p.6s"	"3P*"	"2"		"T5520LS"	""	
""	""	"1913.295"	"0.004"	""	"3.6e+05"	C	"81105.06418"	"86331.651"	"2s2.2p.4p"	"3S"	"1"	"2s2.2p.6s"	"3P*"	"1"		"T5520LS"	""	
""	""	"1916.845"	"0.007"	""	"3.5e+05"	C	"81105.06418"	"86321.97"	"2s2.2p.4p"	"3S"	"1"	"2s2.2p.6s"	"3P*"	"0"		"T5520LS"	""	
""	""	"1919.956"	"0.005"	""	"2.1e+05"	D	"81311.0544"	"86519.506"	"2s2.2p.4p"	"3P"	"0"	"2s2.2p.5d"	"3P*"	"1"		"T5520LS"	""	
""	""	"1924.047"	"0.009"	""	"6.e+05"	D	"81325.81077"	"86523.19"	"2s2.2p.4p"	"3P"	"1"	"2s2.2p.5d"	"3P*"	"0"		"T5520LS"	""	
""	""	"1925.411"	"0.005"	""	"1.6e+05"	D	"81325.81077"	"86519.506"	"2s2.2p.4p"	"3P"	"1"	"2s2.2p.5d"	"3P*"	"1"		"T5520LS"	""	
"1927.3503"	"0.0013"	"1927.34742"	"0.00015"	"7800"	"4.4e+05"	C	"78731.2956"	"83919.77375"	"2s2.2p.3d"	"1P*"	"1"	"2s2.2p.(2P*<1/2>).4f"	"2[5/2]"	"2"		"T6070"	"L12175c183"	
""	""	"1930.1654"	"0.0007"	""	"1.6e+05"	D	"81325.81077"	"86506.7138"	"2s2.2p.4p"	"3P"	"1"	"2s2.2p.5d"	"3P*"	"2"		"T5520LS"	""	
""	""	"1932.199"	"0.005"	""	"2.6e+05"	D	"81344.05485"	"86519.506"	"2s2.2p.4p"	"3P"	"2"	"2s2.2p.5d"	"3P*"	"1"		"T5520LS"	""	
"1936.9864"	"0.0008"	"1936.9864"	"0.0008"	"9800"	"5.e+05"	D	"81344.05485"	"86506.7138"	"2s2.2p.4p"	"3P"	"2"	"2s2.2p.5d"	"3P*"	"2"		"T5520LS"	"L12175c183"	
""	""	"1965.132"	"0.015"	""	"1.0e+02"	D	"83747.43248"	"88836.15"	"2s2.2p.4d"	"3F*"	"2"	"2s2.2p.(2P*<3/2>).8p"	"2[5/2]"	"3"		"T5520LS"	""	
""	""	"1970.492"	"0.016"	""	"3.5e+03"	D	"83761.27417"	"88836.15"	"2s2.2p.4d"	"3F*"	"3"	"2s2.2p.(2P*<3/2>).8p"	"2[5/2]"	"3"		"T5520LS"	""	
"1972.73763"	"0.00004"	"1972.73763"	"0.00004"	"84000"	"1.88e+06"	B+	"72610.73530"	"77679.83311"	"2s2.2p.3p"	"1D"	"2"	"2s2.2p.3d"	"1D*"	"2"		"T5520,T6070,T4828"	"L12175c183"	
""	""	"1974.874"	"0.007"	""	"2.1e+05"	C	"81325.81077"	"86389.425"	"2s2.2p.4p"	"3P"	"1"	"2s2.2p.5d"	"3D*"	"2"		"T5520LS"	""	
""	""	"1978.719"	"0.016"	""	"2.7e+05"	C	"81344.05485"	"86397.83"	"2s2.2p.4p"	"3P"	"2"	"2s2.2p.5d"	"3D*"	"3"		"T5520LS"	""	
""	""	"1979.616"	"0.012"	""	"1.5e+05"	C	"81311.0544"	"86362.54"	"2s2.2p.4p"	"3P"	"0"	"2s2.2p.5d"	"3D*"	"1"		"T5520LS"	""	
""	""	"1982.015"	"0.007"	""	"6.8e+04"	C	"81344.05485"	"86389.425"	"2s2.2p.4p"	"3P"	"2"	"2s2.2p.5d"	"3D*"	"2"		"T5520LS"	""	
""	""	"1982.628"	"0.007"	""	"7.e+04"	D	"81325.81077"	"86369.622"	"2s2.2p.4p"	"3P"	"1"	"2s2.2p.6s"	"3P*"	"2"		"T5520LS"	""	
""	""	"1982.779"	"0.016"	""	"4.4e+04"	D	"83747.43248"	"88790.86"	"2s2.2p.4d"	"3F*"	"2"	"2s2.2p.(2P*<1/2>).8p"	"2[1/2]"	"1"		"T5520LS"	""	
""	""	"1983.5"	"2.0"	""	"5.e+03"	D	"83747.43248"	"[88789]"	"2s2.2p.4d"	"3F*"	"2"	"2s2.2p.(2P*<1/2>).8p"	"2[1/2]"	"2"		"T5520LS"	""	
""	""	"1985.098"	"0.016"	""	"4.0e+04"	D	"83798.61582"	"88836.15"	"2s2.2p.4d"	"3F*"	"4"	"2s2.2p.(2P*<3/2>).8p"	"2[5/2]"	"3"		"T5520LS"	""	
""	""	"1985.415"	"0.012"	""	"1.1e+05"	C	"81325.81077"	"86362.54"	"2s2.2p.4p"	"3P"	"1"	"2s2.2p.5d"	"3D*"	"1"		"T5520LS"	""	
""	""	"1989.0"	"2.0"	""	"3.8e+04"	D	"83761.27417"	"[88789]"	"2s2.2p.4d"	"3F*"	"3"	"2s2.2p.(2P*<1/2>).8p"	"2[1/2]"	"2"		"T5520LS"	""	
""	""	"1989.825"	"0.007"	""	"2.0e+05"	D	"81344.05485"	"86369.622"	"2s2.2p.4p"	"3P"	"2"	"2s2.2p.6s"	"3P*"	"2"		"T5520LS"	""	
""	""	"1991.795"	"0.004"	""	"9.e+04"	D	"81311.0544"	"86331.651"	"2s2.2p.4p"	"3P"	"0"	"2s2.2p.6s"	"3P*"	"1"		"T5520LS"	""	
""	""	"1992.633"	"0.012"	""	"7.5e+03"	C	"81344.05485"	"86362.54"	"2s2.2p.4p"	"3P"	"2"	"2s2.2p.5d"	"3D*"	"1"		"T5520LS"	""	
""	""	"1997.667"	"0.004"	""	"7.e+04"	D	"81325.81077"	"86331.651"	"2s2.2p.4p"	"3P"	"1"	"2s2.2p.6s"	"3P*"	"1"		"T5520LS"	""	
