obs_wl_vac(nm)	unc_obs_wl	ritz_wl_vac(nm)	unc_ritz_wl	intens	Aki(s^-1)	Acc	Ei(cm-1)	Ek(cm-1)	conf_i	term_i	J_i	conf_k	term_k	J_k	Type	tp_ref	line_ref	
"2001.118"	"0.008"	"2001.1178"	"0.0013"	"29bl"	""		"54266.716"	"59263.923"	"3d7.(4F).4d"	"e 3H"	"5"	"3d7.(4F<7/2>).4f"	"2[11/2]*"	"6"		""	"L11631"	
"2002.9294"	"0.0012"	"2002.9287"	"0.0006"	"1480"	""		"47960.940"	"52953.629"	"3d7.(4F).5s"	"e 3F"	"4"	"3d6.(3G).4s.4p.(3P*)"	"3F*"	"4"		""	"L11631"	
"2004.700"	"0.003"	"2004.6998"	"0.0013"	"62"	""		"54683.322"	"59671.600"	"3d7.(4F).4d"	"f 3F"	"4"	"3d7.(4F<5/2>).4f"	"2[9/2]*"	"5"		""	"L11631"	
"2004.754"	"0.003"	"2004.7533"	"0.0009"	"16"	""		"54683.322"	"59671.467"	"3d7.(4F).4d"	"f 3F"	"4"	"3d7.(4F<5/2>).4f"	"2[7/2]*"	"4"		""	"L11631"	
"2006.1672"	"0.0012"	"2006.1662"	"0.0009"	"33"	""		"48928.388"	"53913.020"	"3d7.(4F).5s"	"e 3F"	"2"	"3d6.(3D).4s.4p.(3P*)"	"5D*"	"2"		""	"L11631"	
"2007.360"	"0.003"	"2007.3622"	"0.0009"	"44"	""		"53610.412"	"58592.074"	"3d7.(4F).5p"	"5D*"	"4"	"3d7.(4F).5d"	"5F"	"4"		""	"L11631"	
"2007.575"	"0.003"	"2007.5746"	"0.0009"	"47"	""		"51692.010"	"56673.145"	"3d6.(5D).4s (6D).5p"	"u 5P*"	"3"	"3d6.4s.(6D).5d"	"5G"	"4"		""	"L11631"	
"2007.758"	"0.003"	"2007.7568"	"0.0006"	"15"	""		"46313.537"	"51294.220"	"3d7.(4P).4p"	"w 5P*"	"2"	"3d6.(5D).4s (4D).5s"	"e 3D"	"3"		""	"L11631"	
"2008.864"	"0.003"	"2008.8631"	"0.0006"	"15"	""		"46727.074"	"51705.014"	"3d6.(3P2).4s.4p.(3P*)"	"y 3P*"	"2"	"3d6.(5D).4s (6D).4d"	"f 5F"	"2"		""	"L11631"	
"2008.9396"	"0.0012"	"2008.9438"	"0.0006"	"100"	""		"45726.130"	"50703.870"	"3d6.(3F2).4s.4p.(3P*)"	"x 5G*"	"5"	"3d6.(5D).4s (6D).4d"	"e 5G"	"5"		""	"L11631"	
"2009.7544"	"0.0012"	"2009.7533"	"0.0009"	"302"	""		"51361.391"	"56337.126"	"3d6.(5D).4s (6D).5p"	"t 5D*"	"3"	"3d6.4s.(6D).5d"	"5D"	"3"		""	"L11631"	
"2011.340"	"0.003"	"2011.3403"	"0.0013"	"26"	""		"53739.438"	"58711.247"	"3d7.(4F).4d"	"e 3G"	"5"	"3d7.(4F<9/2>).4f"	"2[7/2]*"	"4"		""	"L11631"	
"2011.448"	"0.003"	"2011.4492"	"0.0009"	"44"	""		"53747.500"	"58719.040"	"3d7.(4F).4d"	"f 3D"	"3"	"3d7.(4F<9/2>).4f"	"2[5/2]*"	"3"		""	"L11631"	
"2012.378"	"0.003"	"2012.3789"	"0.0009"	"12"	""		"42991.697"	"47960.940"	"3d6.(3H).4s.4p.(3P*)"	"z 5H*"	"5"	"3d7.(4F).5s"	"e 3F"	"4"		""	"L11631"	
"2012.902"	"0.003"	"2012.9047"	"0.0013"	"11"	""		"53739.438"	"58707.383"	"3d7.(4F).4d"	"e 3G"	"5"	"3d7.(4F<9/2>).4f"	"2[9/2]*"	"5"		""	"L11631"	
"2013.190"	"0.006"	"2013.1896"	"0.0011"	"37"	""		"52110.601"	"57077.843"	"3d6.(5D).4s (6D).5p"	"u 5P*"	"1"	"3d6.4s.(6D).5d"	"5F"	"1"		""	"L11631"	
"2014.8558"	"0.0012"	"2014.8543"	"0.0006"	"95"	""		"48928.388"	"53891.526"	"3d7.(4F).5s"	"e 3F"	"2"	"3d6.(3D).4s.4p.(3P*)"	"5D*"	"3"		""	"L11631"	
"2017.183"	"0.003"	"2017.1811"	"0.0009"	"18"	""		"53747.500"	"58704.913"	"3d7.(4F).4d"	"f 3D"	"3"	"3d7.(4F<9/2>).4f"	"2[9/2]*"	"4"		""	"L11631"	
"2017.892"	"0.003"	"2017.8910"	"0.0009"	"35"	""		"51381.457"	"56337.126"	"3d6.(5D).4s (6D).5p"	"u 5F*"	"4"	"3d6.4s.(6D).5d"	"5D"	"3"		""	"L11631"	
"2018.390"	"0.006"	"2018.3920"	"0.0006"	"26"	""		"19552.478"	"24506.917"	"3d6.4s2"	"a 3P2"	"1"	"3d6.(5D).4s.4p.(3P*)"	"z 7P*"	"2"		""	"L11631"	
"2020.7232"	"0.0012"	"2020.7241"	"0.0006"	"33"	""		"46888.517"	"51837.238"	"3d7.(4P).4p"	"u 5D*"	"2"	"3d6.(5D).4s (6D).4d"	"e 5P"	"3"		""	"L11631"	
"2021.734"	"0.003"	"2021.7324"	"0.0009"	"13"	""		"49433.131"	"54379.384"	"3d7.(2G).4p"	"w 3F*"	"2"	"3d7.(4F).4d"	"e 3G"	"3"		""	"L11631"	
"2023.3501"	"0.0012"	"2023.3495"	"0.0006"	"65"	""		"51837.238"	"56779.538"	"3d6.(5D).4s (6D).4d"	"e 5P"	"3"	"3d6.4s.(6D<9/2>).4f"	"2[5/2]*"	"2"		""	"L11631"	
"2024.280"	"0.003"	"2024.2817"	"0.0006"	"29"	""		"51837.238"	"56777.262"	"3d6.(5D).4s (6D).4d"	"e 5P"	"3"	"3d6.4s.(6D<9/2>).4f"	"2[5/2]*"	"3"		""	"L11631"	
"2025.960"	"0.003"	"2025.9590"	"0.0009"	"26"	""		"53768.979"	"58704.913"	"3d7.(4F).4d"	"f 5G"	"4"	"3d7.(4F<9/2>).4f"	"2[9/2]*"	"4"		""	"L11631"	
"2027.633"	"0.003"	"2027.6346"	"0.0009"	"32"	""		"53768.979"	"58700.834"	"3d7.(4F).4d"	"f 5G"	"4"	"3d7.(4F<9/2>).4f"	"2[11/2]*"	"5"		""	"L11631"	
"2027.9881"	"0.0012"	"2027.9883"	"0.0009"	"81"	""		"53661.079"	"58592.074"	"3d7.(4F).5p"	"5F*"	"3"	"3d7.(4F).5d"	"5F"	"4"		""	"L11631"	
"2028.6620"	"0.0012"	"2028.6622"	"0.0006"	"510"	""		"40404.518"	"45333.875"	"3d6.(5D).4s.4p.(1P*)"	"x 5D*"	"1"	"3d6.(5D).4s (6D).5s"	"e 5D"	"2"		""	"L11631"	
"2028.8855"	"0.0012"	"2028.8852"	"0.0006"	"87"	""		"51837.238"	"56766.053"	"3d6.(5D).4s (6D).4d"	"e 5P"	"3"	"3d6.4s.(6D<9/2>).4f"	"2[7/2]*"	"3"		""	"L11631"	
"2029.413"	"0.008"	"2029.4127"	"0.0006"	"16bl*"	""		"49627.884"	"54555.418"	"3d7.(2G).4p"	"v 3G*"	"4"	"3d7.(4F).4d"	"e 3H"	"4"		""	"L11631"	
"2029.413"	"0.008"	"2029.4147"	"0.0006"	"16bl*"	""		"51837.238"	"56764.767"	"3d6.(5D).4s (6D).4d"	"e 5P"	"3"	"3d6.4s.(6D<9/2>).4f"	"2[7/2]*"	"4"		""	"L11631"	
"2029.4756"	"0.0012"	"2029.4749"	"0.0006"	"26"	""		"47755.537"	"52682.920"	"3d7.(4F).5s"	"e 5F"	"3"	"3d7.(2D2).4p"	"t 3D*"	"2"		""	"L11631"	
"2032.0382"	"0.0012"	"2032.0379"	"0.0006"	"25"	""		"49558.734"	"54479.902"	"3d6.(5D).4s (6D).5p"	"n 7D*"	"4"	"3d6.4s.(6D).6s"	"5D"	"4"		""	"L11631"	
"2033.4745"	"0.0012"	"2033.4734"	"0.0006"	"69"	""		"51837.238"	"56754.932"	"3d6.(5D).4s (6D).4d"	"e 5P"	"3"	"3d6.4s.(6D<9/2>).4f"	"2[9/2]*"	"4"		""	"L11631"	
"2035.5276"	"0.0012"	"2035.5269"	"0.0006"	"83"	""		"33765.306"	"38678.039"	"3d8"	"c 3F"	"2"	"3d7.(4F).4p"	"y 3D*"	"2"		""	"L11631"	
"2036.883"	"0.008"	"2036.8826"	"0.0006"	"245bl"	""		"48928.388"	"53837.851"	"3d7.(4F).5s"	"e 3F"	"2"	"3d7.(4F).5p"	"3D*"	"3"		""	"L11631"	
"2037.781"	"0.008"	"2037.7788"	"0.0013"	"43bl"	""		"51827.854"	"56735.158"	"3d6.(5D).4s (6D).5p"	"t 5D*"	"1"	"3d6.4s.(6D).5d"	"5D"	"1"		""	"L11631"	
"2041.1557"	"0.0012"	"2041.1554"	"0.0006"	"98"	""		"43137.487"	"48036.673"	"3d6.(3H).4s.4p.(3P*)"	"y 5G*"	"3"	"3d7.(4F).5s"	"e 5F"	"2"		""	"L11631"	
"2044.891"	"0.008"	"2044.8915"	"0.0006"	"36bl"	""		"47177.234"	"52067.469"	"3d7.(4P).4p"	"u 5D*"	"1"	"3d6.(5D).4s (6D).4d"	"e 5P"	"2"		""	"L11631"	
"2047.956"	"0.003"	"2047.9570"	"0.0009"	"14"	""		"54379.384"	"59262.299"	"3d7.(4F).4d"	"e 3G"	"3"	"3d7.(4F<7/2>).4f"	"2[9/2]*"	"4"		""	"L11631"	
"2049.195"	"0.003"	"2049.1938"	"0.0009"	"24"	""		"48928.388"	"53808.356"	"3d7.(4F).5s"	"e 3F"	"2"	"3d7.(2P).4p"	"x 3S*"	"1"		""	"L11631"	
"2050.4277"	"0.0013"	"2050.4287"	"0.0006"	"17"	""		"46727.074"	"51604.103"	"3d6.(3P2).4s.4p.(3P*)"	"y 3P*"	"2"	"3d6.(5D).4s (6D).4d"	"f 5F"	"3"		""	"L11631"	
"2053.3774"	"0.0013"	"2053.3813"	"0.0006"	"78"	""		"43434.627"	"48304.643"	"3d6.(5D).4s (6D).5s"	"e 7D"	"3"	"3d7.(4P).4p"	"x 3P*"	"2"		""	"L11631"	
"2056.9574"	"0.0013"	"2056.9580"	"0.0006"	"56"	""		"46137.097"	"50998.645"	"3d7.(4P).4p"	"w 5P*"	"3"	"3d6.(5D).4s (6D).4d"	"f 7D"	"2"		""	"L11631"	
"2057.990"	"0.003"	"2057.9900"	"0.0006"	"24"	""		"46744.993"	"51604.103"	"3d7.(4P).4p"	"u 5D*"	"3"	"3d6.(5D).4s (6D).4d"	"f 5F"	"3"		""	"L11631"	
"2058.981"	"0.008"	"2058.9807"	"0.0006"	"363bl"	""		"48531.865"	"53388.637"	"3d7.(4F).5s"	"e 3F"	"3"	"3d7.(4F).5p"	"5F*"	"4"		""	"L11631"	
"2059.1769"	"0.0013"	"2059.1770"	"0.0006"	"29"	""		"50008.522"	"54864.831"	"3d6.(5D).4s (6D).5p"	"n 7D*"	"2"	"3d6.4s.(6D).6s"	"5D"	"3"		""	"L11631"	
"2060.055"	"0.008"	"2060.0556"	"0.0006"	"19bl"	""		"40207.091"	"45061.329"	"3d5.(6S).4s2.4p"	"y 7P*"	"3"	"3d6.(5D).4s (6D).5s"	"e 5D"	"3"		""	"L11631"	
"2060.5988"	"0.0013"	"2060.5985"	"0.0006"	"20"	""		"45333.875"	"50186.834"	"3d6.(5D).4s (6D).5s"	"e 5D"	"2"	"3d7.(2P).4p"	"w 3P*"	"2"		""	"L11631"	
"2060.723"	"0.003"	"2060.7233"	"0.0006"	"18*"	""		"46901.832"	"51754.497"	"3d6.(3P2).4s.4p.(3P*)"	"y 3P*"	"1"	"3d6.(5D).4s (6D).4d"	"f 5F"	"1"		""	"L11631"	
"2060.723"	"0.003"	"2060.7238"	"0.0015"	"18*"	""		"54224.420"	"59077.084"	"3d7.(4F).5p"	"5F*"	"1"	""	"59077e"	"1"		""	"L11631"	
"2062.084"	"0.003"	"2062.0844"	"0.0010"	"47"	""		"51630.001"	"56479.463"	"3d6.(5D).4s (6D).5p"	"t 5D*"	"2"	"3d6.4s.(6D).5d"	"5D"	"2"		""	"L11631"	
"2062.442"	"0.009"	"2062.4451"	"0.0015"	"14bl"	""		"54237.213"	"59085.827"	"3d7.(4F).4d"	"e 5H"	"4"	"3d6.(3H).4s.4p.(1P*)"	"3I*"	"5"		""	"L11631"	
"2063.4902"	"0.0013"	"2063.4890"	"0.0010"	"126"	""		"51361.391"	"56207.552"	"3d6.(5D).4s (6D).5p"	"t 5D*"	"3"	"3d6.4s.(6D).5d"	"5D"	"4"		""	"L11631"	
"2063.5327"	"0.0013"	"2063.5316"	"0.0010"	"2630"	""		"47960.940"	"52807.001"	"3d7.(4F).5s"	"e 3F"	"4"	"3d7.(4F).5p"	"3G*"	"5"		""	"L11631"	
"2063.8918"	"0.0013"	"2063.8923"	"0.0006"	"20"	""		"42532.741"	"47377.955"	"3d6.(3P2).4s.4p.(3P*)"	"x 5P*"	"3"	"3d7.(4F).5s"	"e 5F"	"4"		""	"L11631"	
"2065.434"	"0.003"	"2065.4342"	"0.0006"	"18"	""		"32133.991"	"36975.588"	"3d6.(5D).4s.4p.(3P*)"	"z 3F*"	"2"	"3d7.(2F).4s"	"d 3F"	"3"		""	"L11631"	
"2068.0926"	"0.0013"	"2068.0928"	"0.0006"	"40"	""		"46313.537"	"51148.910"	"3d7.(4P).4p"	"w 5P*"	"2"	"3d6.(5D).4s (6D).4d"	"e 5S"	"2"		""	"L11631"	
"2068.1341"	"0.0013"	"2068.1347"	"0.0010"	"68"	""		"47377.955"	"52213.230"	"3d7.(4F).5s"	"e 5F"	"4"	"3d7.(2D2).4p"	"t 3D*"	"3"		""	"L11631"	
"2068.3001"	"0.0013"	"2068.2985"	"0.0010"	"120"	""		"48928.388"	"53763.280"	"3d7.(4F).5s"	"e 3F"	"2"	"3d7.(2D2).4p"	"x 1F*"	"3"		""	"L11631"	
"2070.3962"	"0.0013"	"2070.3964"	"0.0006"	"600"	"1.99e+05"	C+	"40231.336"	"45061.329"	"3d6.(5D).4s.4p.(1P*)"	"x 5D*"	"2"	"3d6.(5D).4s (6D).5s"	"e 5D"	"3"		"T5720"	"L11631"	
"2071.357"	"0.003"	"2071.3600"	"0.0018"	"8"	""		"52682.920"	"57510.666"	"3d7.(2D2).4p"	"t 3D*"	"2"	"3d7.(4F).6s"	"5F"	"3"		""	"L11631"	
"2071.426"	"0.003"	"2071.4248"	"0.0014"	"12"	""		"55124.938"	"59952.533"	"3d7.(4F).4d"	"f 3F"	"3"	"3d7.(4F<3/2>).4f"	"2[5/2]*"	"3"		""	"L11631"	
"2071.8306"	"0.0013"	"2071.8312"	"0.0010"	"35"	""		"43210.025"	"48036.673"	"3d6.(3H).4s.4p.(3P*)"	"y 5G*"	"2"	"3d7.(4F).5s"	"e 5F"	"2"		""	"L11631"	
"2072.069"	"0.003"	"2072.0686"	"0.0010"	"19"	""		"51381.457"	"56207.552"	"3d6.(5D).4s (6D).5p"	"u 5F*"	"4"	"3d6.4s.(6D).5d"	"5D"	"4"		""	"L11631"	
"2072.2608"	"0.0013"	"2072.2597"	"0.0006"	"600"	""		"48531.865"	"53357.515"	"3d7.(4F).5s"	"e 3F"	"3"	"3d6.(3G).4s.4p.(3P*)"	"3F*"	"3"		""	"L11631"	
"2072.879"	"0.009"	"2072.8791"	"0.0010"	"182bl"	""		"51692.010"	"56516.218"	"3d6.(5D).4s (6D).5p"	"u 5P*"	"3"	"3d7.(4F).6s"	"5F"	"4"		""	"L11631"	
"2073.7920"	"0.0013"	"2073.7917"	"0.0010"	"100"	""		"55124.938"	"59947.023"	"3d7.(4F).4d"	"f 3F"	"3"	"3d7.(4F<3/2>).4f"	"2[7/2]*"	"4"		""	"L11631"	
"2074.2519"	"0.0013"	"2074.2511"	"0.0010"	"407"	""		"48928.388"	"53749.405"	"3d7.(4F).5s"	"e 3F"	"2"	"3d6.(3G).4s.4p.(3P*)"	"3F*"	"2"		""	"L11631"	
"2074.667"	"0.003"	"2074.6673"	"0.0006"	"13"	""		"47017.188"	"51837.238"	"3d7.(4P).4p"	"w 3D*"	"3"	"3d6.(5D).4s (6D).4d"	"e 5P"	"3"		""	"L11631"	
"2076.1980"	"0.0013"	"2076.1977"	"0.0006"	"24"	""		"46888.517"	"51705.014"	"3d7.(4P).4p"	"u 5D*"	"2"	"3d6.(5D).4s (6D).4d"	"f 5F"	"2"		""	"L11631"	
"2077.4285"	"0.0013"	"2077.4261"	"0.0016"	"56"	""		"54017.581"	"58831.230"	"3d7.(4F).5p"	"3G*"	"4"	""	"58831e"	"3"		""	"L11631"	
"2080.4730"	"0.0013"	"2080.4731"	"0.0006"	"132"	""		"32133.991"	"36940.590"	"3d6.(5D).4s.4p.(3P*)"	"z 3F*"	"2"	"3d7.(2F).4s"	"d 3F"	"2"		""	"L11631"	
"2080.5310"	"0.0013"	"2080.5303"	"0.0010"	"500"	""		"46026.971"	"50833.438"	"3d6.(3H).4s.4p.(3P*)"	"z 3I*"	"6"	"3d6.(5D).4s (6D).4d"	"e 7F"	"5"		""	"L11631"	
"2081.0774"	"0.0013"	"2081.0762"	"0.0010"	"690"	""		"48928.388"	"53733.594"	"3d7.(4F).5s"	"e 3F"	"2"	"3d6.(3D).4s.4p.(3P*)"	"5F*"	"3"		""	"L11631"	
"2081.9188"	"0.0013"	"2081.9198"	"0.0006"	"15"	""		"43163.326"	"47966.585"	"3d6.(5D).4s (6D).5s"	"e 7D"	"4"	"3d5.(6S).4s2.4p"	"v 5P*"	"3"		""	"L11631"	
"2081.9535"	"0.0013"	"2081.9532"	"0.0006"	"29"	""		"46901.832"	"51705.014"	"3d6.(3P2).4s.4p.(3P*)"	"y 3P*"	"1"	"3d6.(5D).4s (6D).4d"	"f 5F"	"2"		""	"L11631"	
"2083.528"	"0.003"	"2083.5278"	"0.0010"	"14"	""		"54879.683"	"59679.235"	"3d7.(4F).4d"	"e 3P"	"2"	"3d7.(4F<5/2>).4f"	"2[5/2]*"	"3"		""	"L11631"	
"2084.6500"	"0.0013"	"2084.6493"	"0.0006"	"1200"	""		"48531.865"	"53328.835"	"3d7.(4F).5s"	"e 3F"	"3"	"3d7.(4F).5p"	"3F*"	"4"		""	"L11631"	
"2084.720"	"0.003"	"2084.7171"	"0.0006"	"9"	""		"45726.130"	"50522.944"	"3d6.(3F2).4s.4p.(3P*)"	"x 5G*"	"5"	"3d6.(5D).4s (6D).4d"	"e 5G"	"6"		""	"L11631"	
"2085.6409"	"0.0013"	"2085.6401"	"0.0010"	"85"	""		"48928.388"	"53723.079"	"3d7.(4F).5s"	"e 3F"	"2"	"3d6.(3D).4s.4p.(3P*)"	"5F*"	"2"		""	"L11631"	
"2086.686"	"0.007"	"2086.6899"	"0.0022"	"37"	""		"54879.683"	"59671.962"	"3d7.(4F).4d"	"e 3P"	"2"	"3d7.(4F<5/2>).4f"	"2[7/2]*"	"3"		""	"L11631"	
"2088.214"	"0.003"	"2088.2145"	"0.0014"	"28"	""		"53545.833"	"58334.613"	"3d7.(4F).4d"	"h 5D"	"3"	"3d6.(3H).4s.4p.(1P*)"	"3G*"	"4"		""	"L11631"	
"2088.793"	"0.007"	"2088.7934"	"0.0010"	"49"	""		"51692.010"	"56479.463"	"3d6.(5D).4s (6D).5p"	"u 5P*"	"3"	"3d6.4s.(6D).5d"	"5D"	"2"		""	"L11631"	
"2090.348"	"0.003"	"2090.3464"	"0.0006"	"15"	""		"44677.006"	"49460.902"	"3d6.(5D).4s (6D).5s"	"e 5D"	"4"	"3d7.(2G).4p"	"v 3G*"	"5"		""	"L11631"	
"2091.129"	"0.003"	"2091.1280"	"0.0006"	"37"	""		"51944.784"	"56726.892"	"3d6.(5D).4s (6D).5p"	"u 5P*"	"2"	"3d6.4s.(6D).5d"	"5F"	"3"		""	"L11631"	
"2095.3816"	"0.0013"	"2095.3805"	"0.0006"	"79"	""		"49352.341"	"54124.744"	"3d6.(5D).4s (6D).5p"	"n 7D*"	"5"	"3d6.(5D).4s (6D).6s"	"g 7D"	"4"		""	"L11631"	
"2096.4359"	"0.0013"	"2096.4334"	"0.0014"	"245"	""		"51692.010"	"56462.016"	"3d6.(5D).4s (6D).5p"	"u 5P*"	"3"	"3d6.4s.(6D).5d"	"7P"	"3"		""	"L11631"	
"2097.105"	"0.004"	"2097.1048"	"0.0018"	"17"	""		"48928.388"	"53696.867"	"3d7.(4F).5s"	"e 3F"	"2"	"3d6.(3D).4s.4p.(3P*)"	"5F*"	"1"		""	"L11631"	
"2099.6774"	"0.0013"	"2099.6767"	"0.0006"	"42"	""		"33412.717"	"38175.355"	"3d8"	"c 3F"	"3"	"3d7.(4F).4p"	"y 3D*"	"3"		""	"L11631"	
"2102.334"	"0.004"	"2102.3301"	"0.0010"	"45"	""		"53966.662"	"58723.289"	"3d7.(4F).4d"	"h 5D"	"2"	"3d7.(4F<9/2>).4f"	"2[5/2]*"	"2"		""	"L11631"	
"2110.1163"	"0.0013"	"2110.1160"	"0.0006"	"100"	""		"50008.522"	"54747.598"	"3d6.(5D).4s (6D).5p"	"n 7D*"	"2"	"3d6.(5D).4s (6D).6s"	"g 7D"	"1"		""	"L11631"	
"2112.9635"	"0.0013"	"2112.9628"	"0.0006"	"115"	""		"48928.388"	"53661.079"	"3d7.(4F).5s"	"e 3F"	"2"	"3d7.(4F).5p"	"5F*"	"3"		""	"L11631"	
"2113.0238"	"0.0013"	"2113.0249"	"0.0010"	"102"	""		"43022.985"	"47755.537"	"3d6.(3H).4s.4p.(3P*)"	"y 5G*"	"4"	"3d7.(4F).5s"	"e 5F"	"3"		""	"L11631"	
"2113.0801"	"0.0013"	"2113.0793"	"0.0006"	"31"	""		"51381.457"	"56113.887"	"3d6.(5D).4s (6D).5p"	"u 5F*"	"4"	"3d7.(4F).6s"	"5F"	"5"		""	"L11631"	
"2116.7810"	"0.0013"	"2116.7811"	"0.0010"	"48"	""		"52067.469"	"56791.623"	"3d6.(5D).4s (6D).4d"	"e 5P"	"2"	"3d6.4s.(6D<9/2>).4f"	"2[3/2]*"	"1"		""	"L11631"	
"2118.3948"	"0.0013"	"2118.3936"	"0.0006"	"43"	""		"24335.766"	"29056.324"	"3d7.(2P).4s"	"c 3P"	"2"	"3d6.(5D).4s.4p.(3P*)"	"z 5P*"	"3"		""	"L11631"	
"2120.1370"	"0.0013"	"2120.1367"	"0.0006"	"76"	""		"46744.993"	"51461.670"	"3d7.(4P).4p"	"u 5D*"	"3"	"3d6.(5D).4s (6D).4d"	"f 5F"	"4"		""	"L11631"	
"2120.6271"	"0.0013"	"2120.6272"	"0.0006"	"47"	""		"46888.517"	"51604.103"	"3d7.(4P).4p"	"u 5D*"	"2"	"3d6.(5D).4s (6D).4d"	"f 5F"	"3"		""	"L11631"	
"2122.211"	"0.004"	"2122.2100"	"0.0006"	"42"	""		"52067.469"	"56779.538"	"3d6.(5D).4s (6D).4d"	"e 5P"	"2"	"3d6.4s.(6D<9/2>).4f"	"2[5/2]*"	"2"		""	"L11631"	
"2122.995"	"0.007"	"2122.9953"	"0.0010"	"29"	""		"54555.418"	"59265.744"	"3d7.(4F).4d"	"e 3H"	"4"	"3d7.(4F<7/2>).4f"	"2[7/2]*"	"4"		""	"L11631"	
"2124.4262"	"0.0014"	"2124.4264"	"0.0006"	"500"	""		"39969.853"	"44677.006"	"3d6.(5D).4s.4p.(1P*)"	"x 5D*"	"3"	"3d6.(5D).4s (6D).5s"	"e 5D"	"4"		""	"L11631"	
"2125.4756"	"0.0014"	"2125.4762"	"0.0006"	"21"	""		"49850.590"	"54555.418"	"3d7.(2G).4p"	"v 3G*"	"3"	"3d7.(4F).4d"	"e 3H"	"4"		""	"L11631"	
"2127.138"	"0.009"	"2127.1373"	"0.0006"	"27bl*"	""		"47136.084"	"51837.238"	"3d7.(4P).4p"	"w 3D*"	"2"	"3d6.(5D).4s (6D).4d"	"e 5P"	"3"		""	"L11631"	
"2127.138"	"0.009"	"2127.1423"	"0.0006"	"27bl*"	""		"50433.025"	"55134.168"	"3d6.(5D).4s (6D).5p"	"n 7F*"	"3"	"3d6.4s.(6D).6s"	"5D"	"2"		""	"L11631"	
"2128.1688"	"0.0014"	"2128.1676"	"0.0006"	"12"	""		"26623.735"	"31322.613"	"3d7.(2D2).4s"	"a 3D"	"2"	"3d6.(5D).4s.4p.(3P*)"	"z 3D*"	"3"		""	"L11631"	
"2128.301"	"0.004"	"2128.3008"	"0.0006"	"14"	""		"52067.469"	"56766.053"	"3d6.(5D).4s (6D).4d"	"e 5P"	"2"	"3d6.4s.(6D<9/2>).4f"	"2[7/2]*"	"3"		""	"L11631"	
"2129.017"	"0.009"	"2129.0153"	"0.0006"	"32bl*"	""		"45726.130"	"50423.137"	"3d6.(3F2).4s.4p.(3P*)"	"x 5G*"	"5"	"3d6.(5D).4s (6D).4d"	"f 5D"	"4"		""	"L11631"	
"2129.017"	"0.009"	"2129.0158"	"0.0006"	"32bl*"	""		"24772.018"	"29469.024"	"3d7.(2P).4s"	"c 3P"	"1"	"3d6.(5D).4s.4p.(3P*)"	"z 5P*"	"2"		""	"L11631"	
"2134.418"	"0.007"	"2134.4225"	"0.0006"	"44"	""		"46313.537"	"50998.645"	"3d7.(4P).4p"	"w 5P*"	"2"	"3d6.(5D).4s (6D).4d"	"f 7D"	"2"		""	"L11631"	
"2136.746"	"0.009"	"2136.7448"	"0.0014"	"19bl"	""		"54266.716"	"58946.732"	"3d7.(4F).4d"	"e 3H"	"5"	"3d6.(3H).4s.4p.(1P*)"	"3I*"	"6"		""	"L11631"	
"2139.200"	"0.009"	"2139.1990"	"0.0006"	"100bl*"	""		"45333.875"	"50008.522"	"3d6.(5D).4s (6D).5s"	"e 5D"	"2"	"3d6.(5D).4s (6D).5p"	"n 7D*"	"2"		""	"L11631"	
"2139.200"	"0.009"	"2139.1999"	"0.0006"	"100bl*"	""		"49805.257"	"54479.902"	"3d6.(5D).4s (6D).5p"	"n 7D*"	"3"	"3d6.4s.(6D).6s"	"5D"	"4"		""	"L11631"	
"2143.3607"	"0.0014"	"2143.3599"	"0.0015"	"54"	""		"53352.989"	"58018.561"	"3d7.(4F).4d"	"e 5H"	"6"	"3d6.(3H).4s.4p.(1P*)"	"3G*"	"5"		""	"L11631"	
"2147.527"	"0.004"	"2147.5283"	"0.0010"	"51"	""		"54066.773"	"58723.289"	"3d7.(4F).4d"	"f 3D"	"2"	"3d7.(4F<9/2>).4f"	"2[5/2]*"	"2"		""	"L11631"	
"2149.5455"	"0.0014"	"2149.5438"	"0.0010"	"40"	""		"47960.940"	"52613.090"	"3d7.(4F).5s"	"e 3F"	"4"	"3d7.(2H).4p"	"w 3H*"	"5"		""	"L11631"	
"2151.406"	"0.004"	"2151.4028"	"0.0010"	"38"	""		"54066.518"	"58714.648"	"3d7.(4F).4d"	"e 3G"	"4"	"3d7.(4F<9/2>).4f"	"2[7/2]*"	"3"		""	"L11631"	
"2152.1018"	"0.0014"	"2152.1020"	"0.0007"	"49"	""		"43108.917"	"47755.537"	"3d6.(3H).4s.4p.(3P*)"	"z 5H*"	"4"	"3d7.(4F).5s"	"e 5F"	"3"		""	"L11631"	
"2155.916"	"0.004"	"2155.9182"	"0.0010"	"37"	""		"54066.518"	"58704.913"	"3d7.(4F).4d"	"e 3G"	"4"	"3d7.(4F<9/2>).4f"	"2[9/2]*"	"4"		""	"L11631"	
"2157.679"	"0.004"	"2157.6821"	"0.0015"	"141"	""		"51827.413"	"56462.016"	"3d6.(5D).4s (6D).5p"	"u 5F*"	"2"	"3d6.4s.(6D).5d"	"7P"	"3"		""	"L11631"	
"2157.814"	"0.004"	"2157.8157"	"0.0010"	"63"	""		"54066.518"	"58700.834"	"3d7.(4F).4d"	"e 3G"	"4"	"3d7.(4F<9/2>).4f"	"2[11/2]*"	"5"		""	"L11631"	
"2165.4160"	"0.0014"	"2165.4161"	"0.0007"	"54"	""		"43137.487"	"47755.537"	"3d6.(3H).4s.4p.(3P*)"	"y 5G*"	"3"	"3d7.(4F).5s"	"e 5F"	"3"		""	"L11631"	
"2174.1407"	"0.0014"	"2174.1390"	"0.0011"	"120"	""		"49805.257"	"54404.779"	"3d6.(5D).4s (6D).5p"	"n 7D*"	"3"	"3d6.(5D).4s (6D).6s"	"g 7D"	"3"		""	"L11631"	
"2176.2888"	"0.0014"	"2176.2885"	"0.0007"	"85"	""		"50152.619"	"54747.598"	"3d6.(5D).4s (6D).5p"	"n 7D*"	"1"	"3d6.(5D).4s (6D).6s"	"g 7D"	"1"		""	"L11631"	
"2178.1817"	"0.0014"	"2178.1804"	"0.0007"	"35"	""		"27543.003"	"32133.991"	"3d7.(2P).4s"	"a 1P"	"1"	"3d6.(5D).4s.4p.(3P*)"	"z 3F*"	"2"		""	"L11631"	
"2178.688"	"0.009"	"2178.6882"	"0.0007"	"22bl*"	""		"46744.993"	"51334.911"	"3d7.(4P).4p"	"u 5D*"	"3"	"3d6.(5D).4s (6D).4d"	"e 7G"	"4"		""	"L11631"	
"2178.688"	"0.009"	"2178.6901"	"0.0011"	"22bl*"	""		"45833.223"	"50423.137"	"3d6.(3F2).4s.4p.(3P*)"	"x 5G*"	"4"	"3d6.(5D).4s (6D).4d"	"f 5D"	"4"		""	"L11631"	
"2179.3751"	"0.0014"	"2179.3728"	"0.0011"	"45"	""		"51619.076"	"56207.552"	"3d6.(5D).4s (6D).5p"	"u 5F*"	"3"	"3d6.4s.(6D).5d"	"5D"	"4"		""	"L11631"	
"2179.4287"	"0.0014"	"2179.4308"	"0.0007"	"24"	""		"49242.621"	"53830.975"	"3d6.(3F2).4s.4p.(3P*)"	"v 3D*"	"2"	"3d7.(4F).4d"	"g 5F"	"3"		""	"L11631"	
"2181.9934"	"0.0014"	"2181.9931"	"0.0011"	"41"	""		"47171.531"	"51754.497"	"3d7.(4P).4p"	"u 5D*"	"0"	"3d6.(5D).4s (6D).4d"	"f 5F"	"1"		""	"L11631"	
"2182.252"	"0.004"	"2182.2521"	"0.0011"	"52"	""		"54683.322"	"59265.744"	"3d7.(4F).4d"	"f 3F"	"4"	"3d7.(4F<7/2>).4f"	"2[7/2]*"	"4"		""	"L11631"	
"2182.593"	"0.004"	"2182.5946"	"0.0011"	"25"	""		"54683.322"	"59265.025"	"3d7.(4F).4d"	"f 3F"	"4"	"3d7.(4F<7/2>).4f"	"2[11/2]*"	"5"		""	"L11631"	
"2183.895"	"0.010"	"2183.8939"	"0.0011"	"29bl"	""		"54683.322"	"59262.299"	"3d7.(4F).4d"	"f 3F"	"4"	"3d7.(4F<7/2>).4f"	"2[9/2]*"	"4"		""	"L11631"	
"2184.7120"	"0.0014"	"2184.7117"	"0.0007"	"17"	""		"47177.234"	"51754.497"	"3d7.(4P).4p"	"u 5D*"	"1"	"3d6.(5D).4s (6D).4d"	"f 5F"	"1"		""	"L11631"	
"2185.7339"	"0.0014"	"2185.7345"	"0.0007"	"60"	""		"29371.812"	"33946.933"	"3d6.4s2"	"b 3D"	"3"	"3d6.(5D).4s.4p.(3P*)"	"z 3P*"	"2"		""	"L11631"	
"2187.878"	"0.010"	"2187.8817"	"0.0014"	"32"	""		"46410.381"	"50981.012"	"3d7.(4P).4p"	"w 5P*"	"1"	"3d6.(5D).4s (6D).4d"	"f 5D"	"0"		""	"L11631"	
"2188.697"	"0.007"	"2188.6963"	"0.0007"	"47"	""		"47136.084"	"51705.014"	"3d7.(4P).4p"	"w 3D*"	"2"	"3d6.(5D).4s (6D).4d"	"f 5F"	"2"		""	"L11631"	
"2189.551"	"0.007"	"2189.5512"	"0.0007"	"26"	""		"46727.074"	"51294.220"	"3d6.(3P2).4s.4p.(3P*)"	"y 3P*"	"2"	"3d6.(5D).4s (4D).5s"	"e 3D"	"3"		""	"L11631"	
"2189.830"	"0.010"	"2189.8298"	"0.0007"	"18bl*"	""		"46313.537"	"50880.102"	"3d7.(4P).4p"	"w 5P*"	"2"	"3d6.(5D).4s (6D).4d"	"f 5D"	"1"		""	"L11631"	
"2189.830"	"0.010"	"2189.8346"	"0.0007"	"18bl*"	""		"45061.329"	"49627.884"	"3d6.(5D).4s (6D).5s"	"e 5D"	"3"	"3d7.(2G).4p"	"v 3G*"	"4"		""	"L11631"	
"2190.0972"	"0.0014"	"2190.0959"	"0.0007"	"398"	"6.82e+05"	B	"49558.734"	"54124.744"	"3d6.(5D).4s (6D).5p"	"n 7D*"	"4"	"3d6.(5D).4s (6D).6s"	"g 7D"	"4"		"T5720"	"L11631"	
"2190.1586"	"0.0014"	"2190.1583"	"0.0007"	"27"	""		"44677.006"	"49242.886"	"3d6.(5D).4s (6D).5s"	"e 5D"	"4"	"3d7.(2G).4p"	"w 3F*"	"3"		""	"L11631"	
"2192.211"	"0.004"	"2192.2104"	"0.0007"	"26"	""		"50303.225"	"54864.831"	"3d6.(5D).4s (6D).5p"	"n 7F*"	"4"	"3d6.4s.(6D).6s"	"5D"	"3"		""	"L11631"	
"2192.2501"	"0.0014"	"2192.2503"	"0.0007"	"39"	""		"46137.097"	"50698.620"	"3d7.(4P).4p"	"w 5P*"	"3"	"3d6.(5D).4s (6D).4d"	"f 5D"	"2"		""	"L11631"	
"2198.633"	"0.004"	"2198.6338"	"0.0007"	"20"	""		"46313.537"	"50861.816"	"3d7.(4P).4p"	"w 5P*"	"2"	"3d6.(5D).4s (6D).4d"	"f 7D"	"3"		""	"L11631"	
"2199.239"	"0.007"	"2199.2406"	"0.0025"	"59"	""		"55124.938"	"59671.962"	"3d7.(4F).4d"	"f 3F"	"3"	"3d7.(4F<5/2>).4f"	"2[7/2]*"	"3"		""	"L11631"	
"2199.480"	"0.004"	"2199.4801"	"0.0011"	"50"	""		"55124.938"	"59671.467"	"3d7.(4F).4d"	"f 3F"	"3"	"3d7.(4F<5/2>).4f"	"2[7/2]*"	"4"		""	"L11631"	
"2202.776"	"0.004"	"2202.7761"	"0.0011"	"15"	""		"49726.990"	"54266.716"	"3d7.(2G).4p"	"y 3H*"	"4"	"3d7.(4F).4d"	"e 3H"	"5"		""	"L11631"	
"2204.281"	"0.010"	"2204.2779"	"0.0018"	"760bl"	""		"53784.750"	"58321.383"	"3d7.(4F).5p"	"5D*"	"3"	"3d6.4s.(6D).7s"	"5D"	"4"		""	"L11631"	
"2204.629"	"0.004"	"2204.6307"	"0.0011"	"30"	""		"52682.920"	"57218.827"	"3d7.(2D2).4p"	"t 3D*"	"2"	"3d7.(4F).6s"	"3F"	"3"		""	"L11631"	
"2207.306"	"0.004"	"2207.3062"	"0.0015"	"14"	""		"54555.418"	"59085.827"	"3d7.(4F).4d"	"e 3H"	"4"	"3d6.(3H).4s.4p.(1P*)"	"3I*"	"5"		""	"L11631"	
"2208.094"	"0.004"	"2208.0934"	"0.0007"	"8"	""		"49850.590"	"54379.384"	"3d7.(2G).4p"	"v 3G*"	"3"	"3d7.(4F).4d"	"e 3G"	"3"		""	"L11631"	
"2208.5892"	"0.0015"	"2208.5879"	"0.0007"	"46"	""		"47177.234"	"51705.014"	"3d7.(4P).4p"	"u 5D*"	"1"	"3d6.(5D).4s (6D).4d"	"f 5F"	"2"		""	"L11631"	
"2211.1535"	"0.0015"	"2211.1507"	"0.0007"	"195"	""		"47017.188"	"51539.720"	"3d7.(4P).4p"	"w 3D*"	"3"	"3d6.(5D).4s (6D).4d"	"e 7G"	"2"		""	"L11631"	
"2218.4217"	"0.0015"	"2218.4208"	"0.0007"	"36"	""		"46720.842"	"51228.553"	"3d7.(4P).4p"	"u 5D*"	"4"	"3d6.(5D).4s (6D).4d"	"e 7G"	"5"		""	"L11631"	
"2224.213"	"0.004"	"2224.2126"	"0.0011"	"19"	""		"46026.971"	"50522.944"	"3d6.(3H).4s.4p.(3P*)"	"z 3I*"	"6"	"3d6.(5D).4s (6D).4d"	"e 5G"	"6"		""	"L11631"	
"2224.511"	"0.004"	"2224.5110"	"0.0007"	"8"	""		"43434.627"	"47929.997"	"3d6.(5D).4s (6D).5s"	"e 7D"	"3"	"3d6.(3G).4s.4p.(3P*)"	"v 5F*"	"4"		""	"L11631"	
"2226.3180"	"0.0015"	"2226.3182"	"0.0007"	"1510"	""		"40842.154"	"45333.875"	"3d6.(5D).4s.4p.(1P*)"	"x 5F*"	"3"	"3d6.(5D).4s (6D).5s"	"e 5D"	"2"		""	"L11631"	
"2226.6253"	"0.0015"	"2226.6255"	"0.0007"	"810"	""		"41018.051"	"45509.152"	"3d6.(5D).4s.4p.(1P*)"	"x 5F*"	"2"	"3d6.(5D).4s (6D).5s"	"e 5D"	"1"		""	"L11631"	
"2235.0543"	"0.0015"	"2235.0544"	"0.0007"	"47"	""		"46137.097"	"50611.261"	"3d7.(4P).4p"	"w 5P*"	"3"	"3d6.(5D).4s (6D).4d"	"e 7P"	"3"		""	"L11631"	
"2237.1789"	"0.0015"	"2237.1790"	"0.0007"	"24"	""		"40207.091"	"44677.006"	"3d5.(6S).4s2.4p"	"y 7P*"	"3"	"3d6.(5D).4s (6D).5s"	"e 5D"	"4"		""	"L11631"	
"2238.129"	"0.010"	"2238.1284"	"0.0007"	"51bl"	""		"47136.084"	"51604.103"	"3d7.(4P).4p"	"w 3D*"	"2"	"3d6.(5D).4s (6D).4d"	"f 5F"	"3"		""	"L11631"	
"2238.6904"	"0.0015"	"2238.6905"	"0.0007"	"2630"	"6.53e+05"	C+	"40594.432"	"45061.329"	"3d6.(5D).4s.4p.(1P*)"	"x 5F*"	"4"	"3d6.(5D).4s (6D).5s"	"e 5D"	"3"		"T5720"	"L11631"	
"2239.1215"	"0.0015"	"2239.1211"	"0.0007"	"170"	""		"42911.917"	"47377.955"	"3d6.(3H).4s.4p.(3P*)"	"y 5G*"	"5"	"3d7.(4F).5s"	"e 5F"	"4"		""	"L11631"	
"2239.8979"	"0.0015"	"2239.8990"	"0.0007"	"417"	""		"41130.599"	"45595.086"	"3d6.(5D).4s.4p.(1P*)"	"x 5F*"	"1"	"3d6.(5D).4s (6D).5s"	"e 5D"	"0"		""	"L11631"	
"2241.976"	"0.004"	"2241.9735"	"0.0016"	"29"	""		"53874.257"	"58334.613"	"3d7.(4F).4d"	"e 5H"	"5"	"3d6.(3H).4s.4p.(1P*)"	"3G*"	"4"		""	"L11631"	
"2242.195"	"0.008"	"2242.1952"	"0.0014"	"29"	""		"52213.230"	"56673.145"	"3d7.(2D2).4p"	"t 3D*"	"3"	"3d6.4s.(6D).5d"	"5G"	"4"		""	"L11631"	
"2242.6099"	"0.0015"	"2242.6095"	"0.0011"	"295"	""		"50152.619"	"54611.710"	"3d6.(5D).4s (6D).5p"	"n 7D*"	"1"	"3d6.(5D).4s (6D).6s"	"g 7D"	"2"		""	"L11631"	
"2243.1507"	"0.0015"	"2243.1498"	"0.0007"	"44"	""		"44677.006"	"49135.023"	"3d6.(5D).4s (6D).5s"	"e 5D"	"4"	"3d6.(3F2).4s.4p.(3P*)"	"v 3D*"	"3"		""	"L11631"	
"2247.941"	"0.010"	"2247.9397"	"0.0007"	"1580bl"	"3.32e+06"	D+	"49352.341"	"53800.859"	"3d6.(5D).4s (6D).5p"	"n 7D*"	"5"	"3d6.(5D).4s (6D).6s"	"g 7D"	"5"		"T5720"	"L11631"	
"2249.9808"	"0.0015"	"2249.9810"	"0.0007"	"74"	""		"47017.188"	"51461.670"	"3d7.(4P).4p"	"w 3D*"	"3"	"3d6.(5D).4s (6D).4d"	"f 5F"	"4"		""	"L11631"	
"2250.839"	"0.004"	"2250.8389"	"0.0007"	"15"	""		"43163.326"	"47606.114"	"3d6.(5D).4s (6D).5s"	"e 7D"	"4"	"3d6.(3G).4s.4p.(3P*)"	"v 5F*"	"5"		""	"L11631"	
"2251.137"	"0.010"	"2251.1409"	"0.0011"	"58bl"	""		"45509.152"	"49951.344"	"3d6.(5D).4s (6D).5s"	"e 5D"	"1"	"3d7.(2P).4p"	"w 3P*"	"0"		""	"L11631"	
"2255.8147"	"0.0015"	"2255.8153"	"0.0007"	"31"	""		"47272.027"	"51705.014"	"3d7.(4P).4p"	"w 3D*"	"1"	"3d6.(5D).4s (6D).4d"	"f 5F"	"2"		""	"L11631"	
"2256.418"	"0.004"	"2256.4165"	"0.0007"	"31"	""		"50433.025"	"54864.831"	"3d6.(5D).4s (6D).5p"	"n 7F*"	"3"	"3d6.4s.(6D).6s"	"5D"	"3"		""	"L11631"	
"2258.5052"	"0.0015"	"2258.5049"	"0.0007"	"71"	""		"50052.194"	"54479.902"	"3d6.(5D).4s (6D).5p"	"n 7F*"	"5"	"3d6.4s.(6D).6s"	"5D"	"4"		""	"L11631"	
"2262.6010"	"0.0015"	"2262.6011"	"0.0007"	"4570"	""		"40257.314"	"44677.006"	"3d6.(5D).4s.4p.(1P*)"	"x 5F*"	"5"	"3d6.(5D).4s (6D).5s"	"e 5D"	"4"		""	"L11631"	
"2269.071"	"0.004"	"2269.0694"	"0.0007"	"23"	""		"47197.010"	"51604.103"	"3d6.(3F2).4s.4p.(3P*)"	"x 3F*"	"2"	"3d6.(5D).4s (6D).4d"	"f 5F"	"3"		""	"L11631"	
"2270.8604"	"0.0015"	"2270.8600"	"0.0012"	"45"	""		"47005.506"	"51409.124"	"3d7.(4F).5s"	"e 5F"	"5"	"3d6.(3G).4s.4p.(3P*)"	"x 3H*"	"4"		""	"L11631"	
"2274.1231"	"0.0016"	"2274.1228"	"0.0007"	"49"	""		"46137.097"	"50534.397"	"3d7.(4P).4p"	"w 5P*"	"3"	"3d6.(5D).4s (6D).4d"	"f 5D"	"3"		""	"L11631"	
"2274.519"	"0.004"	"2274.5231"	"0.0007"	"39"	""		"43434.627"	"47831.153"	"3d6.(5D).4s (6D).5s"	"e 7D"	"3"	"3d6.(3G).4s.4p.(3P*)"	"w 5G*"	"2"		""	"L11631"	
"2274.6642"	"0.0016"	"2274.6623"	"0.0012"	"590"	""		"50008.522"	"54404.779"	"3d6.(5D).4s (6D).5p"	"n 7D*"	"2"	"3d6.(5D).4s (6D).6s"	"g 7D"	"3"		""	"L11631"	
"2277.6557"	"0.0016"	"2277.6579"	"0.0012"	"72"	""		"54879.683"	"59270.158"	"3d7.(4F).4d"	"e 3P"	"2"	"3d7.(4F<7/2>).4f"	"2[5/2]*"	"2"		""	"L11631"	
"2279.8475"	"0.0016"	"2279.8477"	"0.0012"	"71"	""		"42991.697"	"47377.955"	"3d6.(3H).4s.4p.(3P*)"	"z 5H*"	"5"	"3d7.(4F).5s"	"e 5F"	"4"		""	"L11631"	
"2280.0897"	"0.0016"	"2280.0889"	"0.0012"	"48"	""		"54879.683"	"59265.477"	"3d7.(4F).4d"	"e 3P"	"2"	"3d7.(4F<7/2>).4f"	"2[7/2]*"	"3"		""	"L11631"	
"2280.458"	"0.004"	"2280.4585"	"0.0007"	"15"	""		"46313.537"	"50698.620"	"3d7.(4P).4p"	"w 5P*"	"2"	"3d6.(5D).4s (6D).4d"	"f 5D"	"2"		""	"L11631"	
"2281.8816"	"0.0016"	"2281.8812"	"0.0007"	"93"	""		"46720.842"	"51103.191"	"3d7.(4P).4p"	"u 5D*"	"4"	"3d6.(5D).4s (6D).4d"	"f 5F"	"5"		""	"L11631"	
"2283.8594"	"0.0016"	"2283.8595"	"0.0007"	"427"	""		"41130.599"	"45509.152"	"3d6.(5D).4s.4p.(1P*)"	"x 5F*"	"1"	"3d6.(5D).4s (6D).5s"	"e 5D"	"1"		""	"L11631"	
"2285.2169"	"0.0016"	"2285.2175"	"0.0007"	"427"	""		"47005.506"	"51381.457"	"3d7.(4F).5s"	"e 5F"	"5"	"3d6.(5D).4s (6D).5p"	"u 5F*"	"4"		""	"L11631"	
"2286.575"	"0.004"	"2286.5740"	"0.0007"	"12"	""		"41178.412"	"45551.767"	"3d8"	"3P"	"1"	"3d6.(3P2).4s.4p.(3P*)"	"x 3D*"	"1"		""	"L11631"	
"2288.8751"	"0.0016"	"2288.8753"	"0.0007"	"38"	""		"47092.712"	"51461.670"	"3d6.(3F2).4s.4p.(3P*)"	"x 3F*"	"3"	"3d6.(5D).4s (6D).4d"	"f 5F"	"4"		""	"L11631"	
"2294.133"	"0.004"	"2294.1336"	"0.0007"	"36"	""		"34636.792"	"38995.736"	"3d6.4s2"	"b 1D2"	"2"	"3d7.(4F).4p"	"y 3D*"	"1"		""	"L11631"	
"2296.2269"	"0.0016"	"2296.2271"	"0.0012"	"43"	""		"43022.985"	"47377.955"	"3d6.(3H).4s.4p.(3P*)"	"y 5G*"	"4"	"3d7.(4F).5s"	"e 5F"	"4"		""	"L11631"	
"2299.2379"	"0.0016"	"2299.2370"	"0.0007"	"30"	""		"40871.412"	"45220.681"	"3d8"	"3P"	"2"	"3d6.(3P2).4s.4p.(3P*)"	"x 3D*"	"3"		""	"L11631"	
"2305.1076"	"0.0016"	"2305.1083"	"0.0007"	"71"	""		"46137.097"	"50475.288"	"3d7.(4P).4p"	"w 5P*"	"3"	"3d6.(5D).4s (6D).4d"	"e 7P"	"4"		""	"L11631"	
"2315.0912"	"0.0016"	"2315.0897"	"0.0008"	"830"	"1.18e+06"	D+	"49805.257"	"54124.744"	"3d6.(5D).4s (6D).5p"	"n 7D*"	"3"	"3d6.(5D).4s (6D).6s"	"g 7D"	"4"		"T5720"	"L11631"	
"2316.036"	"0.011"	"2316.0356"	"0.0008"	"21bl"	""		"47017.188"	"51334.911"	"3d7.(4P).4p"	"w 3D*"	"3"	"3d6.(5D).4s (6D).4d"	"e 7G"	"4"		""	"L11631"	
"2317.0545"	"0.0016"	"2317.0546"	"0.0008"	"660"	""		"41018.051"	"45333.875"	"3d6.(5D).4s.4p.(1P*)"	"x 5F*"	"2"	"3d6.(5D).4s (6D).5s"	"e 5D"	"2"		""	"L11631"	
"2318.0051"	"0.0016"	"2318.0048"	"0.0008"	"398"	""		"47377.955"	"51692.010"	"3d7.(4F).5s"	"e 5F"	"4"	"3d6.(5D).4s (6D).5p"	"u 5P*"	"3"		""	"L11631"	
"2323.966"	"0.004"	"2323.9665"	"0.0015"	"38"	""		"52213.230"	"56516.218"	"3d7.(2D2).4p"	"t 3D*"	"3"	"3d7.(4F).6s"	"5F"	"4"		""	"L11631"	
"2324.7427"	"0.0016"	"2324.7418"	"0.0012"	"68"	""		"48928.388"	"53229.941"	"3d7.(4F).5s"	"e 3F"	"2"	"3d7.(2D2).4p"	"v 3P*"	"1"		""	"L11631"	
"2326.0751"	"0.0016"	"2326.0693"	"0.0008"	"34"	""		"47005.506"	"51304.604"	"3d7.(4F).5s"	"e 5F"	"5"	"3d7.(2D2).4p"	"v 3F*"	"4"		""	"L11631"	
"2328.7440"	"0.0016"	"2328.7447"	"0.0008"	"74"	""		"50185.743"	"54479.902"	"3d6.(5D).4s (6D).5p"	"n 7P*"	"4"	"3d6.4s.(6D).6s"	"5D"	"4"		""	"L11631"	
"2331.4831"	"0.0016"	"2331.4838"	"0.0008"	"162"	""		"32873.632"	"37162.746"	"3d8"	"c 3F"	"4"	"3d7.(4F).4p"	"y 3F*"	"3"		""	"L11631"	
"2333.1553"	"0.0016"	"2333.1560"	"0.0008"	"79"	""		"46137.097"	"50423.137"	"3d7.(4P).4p"	"w 5P*"	"3"	"3d6.(5D).4s (6D).4d"	"f 5D"	"4"		""	"L11631"	
"2342.450"	"0.004"	"2342.4481"	"0.0008"	"22"	""		"43108.917"	"47377.955"	"3d6.(3H).4s.4p.(3P*)"	"z 5H*"	"4"	"3d7.(4F).5s"	"e 5F"	"4"		""	"L11631"	
"2350.1380"	"0.0017"	"2350.1387"	"0.0008"	"44"	""		"40421.938"	"44677.006"	"3d5.(6S).4s2.4p"	"y 7P*"	"4"	"3d6.(5D).4s (6D).5s"	"e 5D"	"4"		""	"L11631"	
"2351.6744"	"0.0017"	"2351.6740"	"0.0012"	"363"	""		"47960.940"	"52213.230"	"3d7.(4F).5s"	"e 3F"	"4"	"3d7.(2D2).4p"	"t 3D*"	"3"		""	"L11631"	
"2357.3101"	"0.0017"	"2357.3091"	"0.0008"	"930"	"2.21e+06"	D+	"49558.734"	"53800.859"	"3d6.(5D).4s (6D).5p"	"n 7D*"	"4"	"3d6.(5D).4s (6D).6s"	"g 7D"	"5"		"T5720"	"L11631"	
"2357.8665"	"0.0017"	"2357.8672"	"0.0008"	"93"	""		"47377.955"	"51619.076"	"3d7.(4F).5s"	"e 5F"	"4"	"3d6.(5D).4s (6D).5p"	"u 5F*"	"3"		""	"L11631"	
"2361.5075"	"0.0017"	"2361.5059"	"0.0008"	"44"	""		"46744.993"	"50979.579"	"3d7.(4P).4p"	"u 5D*"	"3"	"3d6.(5D).4s (6D).4d"	"e 5G"	"4"		""	"L11631"	
"2369.0203"	"0.0017"	"2369.0204"	"0.0013"	"479"	""		"42784.352"	"47005.506"	"3d6.(3H).4s.4p.(3P*)"	"y 5G*"	"6"	"3d7.(4F).5s"	"e 5F"	"5"		""	"L11631"	
"2370.1314"	"0.0017"	"2370.1316"	"0.0008"	"780"	""		"40842.154"	"45061.329"	"3d6.(5D).4s.4p.(1P*)"	"x 5F*"	"3"	"3d6.(5D).4s (6D).5s"	"e 5D"	"3"		""	"L11631"	
"2370.2084"	"0.0017"	"2370.2097"	"0.0013"	"56"	""		"50185.743"	"54404.779"	"3d6.(5D).4s (6D).5p"	"n 7P*"	"4"	"3d6.(5D).4s (6D).6s"	"g 7D"	"3"		""	"L11631"	
"2373.0145"	"0.0017"	"2373.0146"	"0.0008"	"174"	""		"46889.142"	"51103.191"	"3d6.(3F2).4s.4p.(3P*)"	"x 3F*"	"4"	"3d6.(5D).4s (6D).4d"	"f 5F"	"5"		""	"L11631"	
"2379.0965"	"0.0017"	"2379.0967"	"0.0008"	"79"	""		"41130.599"	"45333.875"	"3d6.(5D).4s.4p.(1P*)"	"x 5F*"	"1"	"3d6.(5D).4s (6D).5s"	"e 5D"	"2"		""	"L11631"	
"2385.5894"	"0.0017"	"2385.5895"	"0.0008"	"240"	""		"50555.762"	"54747.598"	"3d6.(5D).4s (6D).5p"	"n 7F*"	"2"	"3d6.(5D).4s (6D).6s"	"g 7D"	"1"		""	"L11631"	
"2387.0642"	"0.0017"	"2387.0638"	"0.0008"	"155"	""		"47755.537"	"51944.784"	"3d7.(4F).5s"	"e 5F"	"3"	"3d6.(5D).4s (6D).5p"	"u 5P*"	"2"		""	"L11631"	
"2391.297"	"0.005"	"2391.2970"	"0.0024"	"30"	""		"53328.835"	"57510.666"	"3d7.(4F).5p"	"3F*"	"4"	"3d7.(4F).6s"	"5F"	"3"		""	"L11631"	
"2391.454"	"0.005"	"2391.4537"	"0.0008"	"21"	""		"45061.329"	"49242.886"	"3d6.(5D).4s (6D).5s"	"e 5D"	"3"	"3d7.(2G).4p"	"w 3F*"	"3"		""	"L11631"	
"2393.0972"	"0.0017"	"2393.0974"	"0.0013"	"510"	""		"50433.025"	"54611.710"	"3d6.(5D).4s (6D).5p"	"n 7F*"	"3"	"3d6.(5D).4s (6D).6s"	"g 7D"	"2"		""	"L11631"	
"2409.0266"	"0.0017"	"2409.0261"	"0.0008"	"500"	""		"48531.865"	"52682.920"	"3d7.(4F).5s"	"e 3F"	"3"	"3d7.(2D2).4p"	"t 3D*"	"2"		""	"L11631"	
"2413.5076"	"0.0017"	"2413.5071"	"0.0008"	"39"	""		"27543.003"	"31686.351"	"3d7.(2P).4s"	"a 1P"	"1"	"3d6.(5D).4s.4p.(3P*)"	"z 3D*"	"2"		""	"L11631"	
"2414.990"	"0.005"	"2414.9888"	"0.0013"	"69"	""		"55124.938"	"59265.744"	"3d7.(4F).4d"	"f 3F"	"3"	"3d7.(4F<7/2>).4f"	"2[7/2]*"	"4"		""	"L11631"	
"2415.146"	"0.005"	"2415.1445"	"0.0013"	"42"	""		"55124.938"	"59265.477"	"3d7.(4F).4d"	"f 3F"	"3"	"3d7.(4F<7/2>).4f"	"2[7/2]*"	"3"		""	"L11631"	
"2427.0906"	"0.0018"	"2427.0890"	"0.0013"	"380"	""		"50627.436"	"54747.598"	"3d6.(5D).4s (6D).5p"	"n 7F*"	"1"	"3d6.(5D).4s (6D).6s"	"g 7D"	"1"		""	"L11631"	
"2434.0119"	"0.0018"	"2434.0115"	"0.0008"	"316"	""		"33412.717"	"37521.161"	"3d8"	"c 3F"	"3"	"3d7.(4F).4p"	"y 3F*"	"2"		""	"L11631"	
"2438.1019"	"0.0018"	"2438.1003"	"0.0013"	"1580"	""		"50303.225"	"54404.779"	"3d6.(5D).4s (6D).5p"	"n 7F*"	"4"	"3d6.(5D).4s (6D).6s"	"g 7D"	"3"		""	"L11631"	
"2438.4991"	"0.0018"	"2438.4986"	"0.0008"	"62"	""		"47966.585"	"52067.469"	"3d5.(6S).4s2.4p"	"v 5P*"	"3"	"3d6.(5D).4s (6D).4d"	"e 5P"	"2"		""	"L11631"	
"2442.844"	"0.012"	"2442.8442"	"0.0008"	"69bl"	""		"42911.917"	"47005.506"	"3d6.(3H).4s.4p.(3P*)"	"y 5G*"	"5"	"3d7.(4F).5s"	"e 5F"	"5"		""	"L11631"	
"2446.2358"	"0.0018"	"2446.2348"	"0.0013"	"158"	""		"50659.683"	"54747.598"	"3d6.(5D).4s (6D).5p"	"n 7F*"	"0"	"3d6.(5D).4s (6D).6s"	"g 7D"	"1"		""	"L11631"	
"2449.035"	"0.005"	"2449.0368"	"0.0008"	"63"	""		"47966.585"	"52049.823"	"3d5.(6S).4s2.4p"	"v 5P*"	"3"	"3d6.(5D).4s (4D).5s"	"g 5D"	"2"		""	"L11631"	
"2449.4349"	"0.0018"	"2449.4351"	"0.0008"	"630"	""		"40594.432"	"44677.006"	"3d6.(5D).4s.4p.(1P*)"	"x 5F*"	"4"	"3d6.(5D).4s (6D).5s"	"e 5D"	"4"		""	"L11631"	
"2455.4651"	"0.0018"	"2455.4640"	"0.0009"	"2140"	"3.72e+06"	C	"50052.194"	"54124.744"	"3d6.(5D).4s (6D).5p"	"n 7F*"	"5"	"3d6.(5D).4s (6D).6s"	"g 7D"	"4"		"T5720"	"L11631"	
"2455.8709"	"0.0018"	"2455.8705"	"0.0009"	"257"	""		"47755.537"	"51827.413"	"3d7.(4F).5s"	"e 5F"	"3"	"3d6.(5D).4s (6D).5p"	"u 5F*"	"2"		""	"L11631"	
"2456.3263"	"0.0018"	"2456.3253"	"0.0009"	"1290"	""		"47005.506"	"51076.628"	"3d7.(4F).5s"	"e 5F"	"5"	"3d6.(5D).4s (6D).5p"	"t 5D*"	"4"		""	"L11631"	
"2464.6822"	"0.0018"	"2464.6842"	"0.0017"	"105"	""		"53733.594"	"57790.909"	"3d6.(3D).4s.4p.(3P*)"	"5F*"	"3"	"3d7.(4F).6s"	"3F"	"2"		""	"L11631"	
"2465.5147"	"0.0018"	"2465.5148"	"0.0014"	"580"	""		"50555.762"	"54611.710"	"3d6.(5D).4s (6D).5p"	"n 7F*"	"2"	"3d6.(5D).4s (6D).6s"	"g 7D"	"2"		""	"L11631"	
"2472.231"	"0.005"	"2472.2331"	"0.0019"	"46"	""		"54555.418"	"58600.344"	"3d7.(4F).4d"	"e 3H"	"4"	"3d6.(3H).4s.4p.(1P*)"	"3G*"	"3"		""	"L11631"	
"2473.2412"	"0.0018"	"2473.2408"	"0.0009"	"87"	""		"41018.051"	"45061.329"	"3d6.(5D).4s.4p.(1P*)"	"x 5F*"	"2"	"3d6.(5D).4s (6D).5s"	"e 5D"	"3"		""	"L11631"	
"2473.5850"	"0.0018"	"2473.5840"	"0.0014"	"2880"	"5.08e+06"	D+	"49758.142"	"53800.859"	"3d6.(5D).4s (6D).5p"	"n 7F*"	"6"	"3d6.(5D).4s (6D).6s"	"g 7D"	"5"		"T5720"	"L11631"	
"2474.324"	"0.009"	"2474.3264"	"0.0017"	"100"	""		"53749.405"	"57790.909"	"3d6.(3G).4s.4p.(3P*)"	"3F*"	"2"	"3d7.(4F).6s"	"3F"	"2"		""	"L11631"	
"2477.8749"	"0.0018"	"2477.8738"	"0.0014"	"65"	""		"54683.322"	"58719.040"	"3d7.(4F).4d"	"f 3F"	"4"	"3d7.(4F<9/2>).4f"	"2[5/2]*"	"3"		""	"L11631"	
"2480.574"	"0.009"	"2480.5734"	"0.0014"	"95"	""		"54683.322"	"58714.648"	"3d7.(4F).4d"	"f 3F"	"4"	"3d7.(4F<9/2>).4f"	"2[7/2]*"	"3"		""	"L11631"	
"2486.579"	"0.005"	"2486.5781"	"0.0014"	"87"	""		"54683.322"	"58704.913"	"3d7.(4F).4d"	"f 3F"	"4"	"3d7.(4F<9/2>).4f"	"2[9/2]*"	"4"		""	"L11631"	
"2489.1025"	"0.0019"	"2489.1027"	"0.0014"	"174"	""		"54683.322"	"58700.834"	"3d7.(4F).4d"	"f 3F"	"4"	"3d7.(4F<9/2>).4f"	"2[11/2]*"	"5"		""	"L11631"	
"2493.0486"	"0.0019"	"2493.0481"	"0.0009"	"1050"	""		"47005.506"	"51016.660"	"3d7.(4F).5s"	"e 5F"	"5"	"3d6.(5D).4s (6D).5p"	"u 5F*"	"5"		""	"L11631"	
"2494.9096"	"0.0019"	"2494.9098"	"0.0009"	"510"	""		"47960.940"	"51969.101"	"3d7.(4F).5s"	"e 3F"	"4"	"3d7.(2P).4p"	"u 3D*"	"3"		""	"L11631"	
"2497.8124"	"0.0019"	"2497.8132"	"0.0009"	"372"	""		"47377.955"	"51381.457"	"3d7.(4F).5s"	"e 5F"	"4"	"3d6.(5D).4s (6D).5p"	"u 5F*"	"4"		""	"L11631"	
"2507.9268"	"0.0019"	"2507.9276"	"0.0009"	"72"	""		"47377.955"	"51365.311"	"3d7.(4F).5s"	"e 5F"	"4"	"3d7.(2D2).4p"	"v 3F*"	"3"		""	"L11631"	
"2509.8693"	"0.0019"	"2509.8675"	"0.0018"	"132"	""		"50627.436"	"54611.710"	"3d6.(5D).4s (6D).5p"	"n 7F*"	"1"	"3d6.(5D).4s (6D).6s"	"g 7D"	"2"		""	"L11631"	
"2510.3947"	"0.0019"	"2510.3955"	"0.0009"	"520"	""		"47377.955"	"51361.391"	"3d7.(4F).5s"	"e 5F"	"4"	"3d6.(5D).4s (6D).5p"	"t 5D*"	"3"		""	"L11631"	
"2510.4578"	"0.0019"	"2510.4573"	"0.0014"	"580"	""		"50628.372"	"54611.710"	"3d6.(5D).4s (6D).5p"	"n 7P*"	"3"	"3d6.(5D).4s (6D).6s"	"g 7D"	"2"		""	"L11631"	
"2510.6538"	"0.0019"	"2510.6527"	"0.0009"	"65"	""		"46720.842"	"50703.870"	"3d7.(4P).4p"	"u 5D*"	"4"	"3d6.(5D).4s (6D).4d"	"e 5G"	"5"		""	"L11631"	
"2517.7804"	"0.0019"	"2517.7793"	"0.0014"	"850"	""		"50433.025"	"54404.779"	"3d6.(5D).4s (6D).5p"	"n 7F*"	"3"	"3d6.(5D).4s (6D).6s"	"g 7D"	"3"		""	"L11631"	
"2538.7152"	"0.0019"	"2538.7148"	"0.0009"	"1350"	"6.83e+05"	B	"50185.743"	"54124.744"	"3d6.(5D).4s (6D).5p"	"n 7P*"	"4"	"3d6.(5D).4s (6D).6s"	"g 7D"	"4"		"T5720"	"L11631"	
"2544.9079"	"0.0019"	"2544.9074"	"0.0015"	"71"	""		"48928.388"	"52857.804"	"3d7.(4F).5s"	"e 3F"	"2"	"3d7.(2D2).4p"	"t 3D*"	"1"		""	"L11631"	
"2552.3426"	"0.0020"	"2552.3409"	"0.0009"	"302"	""		"49242.621"	"53160.593"	"3d6.(3F2).4s.4p.(3P*)"	"v 3D*"	"2"	"3d7.(4F).4d"	"f 5P"	"3"		""	"L11631"	
"2558.1059"	"0.0020"	"2558.1048"	"0.0009"	"282"	""		"48036.673"	"51945.817"	"3d7.(4F).5s"	"e 5F"	"2"	"3d6.(5D).4s (6D).5p"	"u 5F*"	"1"		""	"L11631"	
"2558.369"	"0.005"	"2558.3653"	"0.0009"	"36"	""		"45333.875"	"49242.621"	"3d6.(5D).4s (6D).5s"	"e 5D"	"2"	"3d6.(3F2).4s.4p.(3P*)"	"v 3D*"	"2"		""	"L11631"	
"2569.3161"	"0.0020"	"2569.3156"	"0.0009"	"62"	""		"49460.902"	"53352.989"	"3d7.(2G).4p"	"v 3G*"	"5"	"3d7.(4F).4d"	"e 5H"	"6"		""	"L11631"	
"2570.4164"	"0.0020"	"2570.4172"	"0.0009"	"33"	""		"46720.842"	"50611.261"	"3d7.(4P).4p"	"u 5D*"	"4"	"3d6.(5D).4s (6D).4d"	"e 7P"	"3"		""	"L11631"	
"2570.6999"	"0.0020"	"2570.6994"	"0.0015"	"224"	""		"53328.835"	"57218.827"	"3d7.(4F).5p"	"3F*"	"4"	"3d7.(4F).6s"	"3F"	"3"		""	"L11631"	
"2578.3494"	"0.0020"	"2578.3496"	"0.0009"	"79"	""		"43499.505"	"47377.955"	"3d6.(3P2).4s.4p.(3P*)"	"w 5D*"	"4"	"3d7.(4F).5s"	"e 5F"	"4"		""	"L11631"	
"2583.5432"	"0.0020"	"2583.5434"	"0.0009"	"251"	""		"47966.585"	"51837.238"	"3d5.(6S).4s2.4p"	"v 5P*"	"3"	"3d6.(5D).4s (6D).4d"	"e 5P"	"3"		""	"L11631"	
"2586.5584"	"0.0020"	"2586.5565"	"0.0019"	"141"	""		"52807.001"	"56673.145"	"3d7.(4F).5p"	"3G*"	"5"	"3d6.4s.(6D).5d"	"5G"	"4"		""	"L11631"	
"2588.3003"	"0.0020"	"2588.3005"	"0.0009"	"229"	""		"47755.537"	"51619.076"	"3d7.(4F).5s"	"e 5F"	"3"	"3d6.(5D).4s (6D).5p"	"u 5F*"	"3"		""	"L11631"	
"2589.792"	"0.005"	"2589.7933"	"0.0015"	"66"	""		"53357.515"	"57218.827"	"3d6.(3G).4s.4p.(3P*)"	"3F*"	"3"	"3d7.(4F).6s"	"3F"	"3"		""	"L11631"	
"2593.2115"	"0.0020"	"2593.2110"	"0.0009"	"224"	""		"48163.446"	"52019.669"	"3d5.(6S).4s2.4p"	"v 5P*"	"2"	"3d6.(5D).4s (6D).4d"	"e 5P"	"1"		""	"L11631"	
"2598.068"	"0.005"	"2598.0659"	"0.0015"	"28"	""		"50555.762"	"54404.779"	"3d6.(5D).4s (6D).5p"	"n 7F*"	"2"	"3d6.(5D).4s (6D).6s"	"g 7D"	"3"		""	"L11631"	
"2599.8152"	"0.0020"	"2599.8160"	"0.0010"	"490"	""		"50901.172"	"54747.598"	"3d6.(5D).4s (6D).5p"	"n 7P*"	"2"	"3d6.(5D).4s (6D).6s"	"g 7D"	"1"		""	"L11631"	
"2609.0108"	"0.0020"	"2609.0117"	"0.0010"	"51"	""		"43922.668"	"47755.537"	"3d6.(3P2).4s.4p.(3P*)"	"w 5D*"	"3"	"3d7.(4F).5s"	"e 5F"	"3"		""	"L11631"	
"2610.834"	"0.005"	"2610.8365"	"0.0015"	"37"	""		"53388.637"	"57218.827"	"3d7.(4F).5p"	"5F*"	"4"	"3d7.(4F).6s"	"3F"	"3"		""	"L11631"	
"2622.9204"	"0.0021"	"2622.9205"	"0.0010"	"17400"	"3.02e+05"	D+	"32873.632"	"36686.176"	"3d8"	"c 3F"	"4"	"3d7.(4F).4p"	"y 3F*"	"4"		"T5720"	"L11631"	
"2635.0994"	"0.0021"	"2635.1031"	"0.0020"	"331"	""		"53733.594"	"57528.512"	"3d6.(3D).4s.4p.(3P*)"	"5F*"	"3"	"3d7.(4F).6s"	"5F"	"2"		""	"L11631"	
"2637.6996"	"0.0021"	"2637.7005"	"0.0010"	"209"	""		"48036.673"	"51827.854"	"3d7.(4F).5s"	"e 5F"	"2"	"3d6.(5D).4s (6D).5p"	"t 5D*"	"1"		""	"L11631"	
"2638.0072"	"0.0021"	"2638.0074"	"0.0010"	"158"	""		"48036.673"	"51827.413"	"3d7.(4F).5s"	"e 5F"	"2"	"3d6.(5D).4s (6D).5p"	"u 5F*"	"2"		""	"L11631"	
"2639.772"	"0.006"	"2639.7741"	"0.0010"	"63"	""		"51076.628"	"54864.831"	"3d6.(5D).4s (6D).5p"	"t 5D*"	"4"	"3d6.4s.(6D).6s"	"5D"	"3"		""	"L11631"	
"2644.930"	"0.006"	"2644.9275"	"0.0010"	"24"	""		"48238.847"	"52019.669"	"3d6.(3G).4s.4p.(3P*)"	"v 5F*"	"2"	"3d6.(5D).4s (6D).4d"	"e 5P"	"1"		""	"L11631"	
"2646.1269"	"0.0021"	"2646.1278"	"0.0020"	"56"	""		"53749.405"	"57528.512"	"3d6.(3G).4s.4p.(3P*)"	"3F*"	"2"	"3d7.(4F).6s"	"5F"	"2"		""	"L11631"	
"2647.1846"	"0.0021"	"2647.1848"	"0.0010"	"363"	""		"48289.871"	"52067.469"	"3d5.(6S).4s2.4p"	"v 5P*"	"1"	"3d6.(5D).4s (6D).4d"	"e 5P"	"2"		""	"L11631"	
"2648.0223"	"0.0021"	"2648.0197"	"0.0016"	"580"	""		"50628.372"	"54404.779"	"3d6.(5D).4s (6D).5p"	"n 7P*"	"3"	"3d6.(5D).4s (6D).6s"	"g 7D"	"3"		""	"L11631"	
"2650.176"	"0.006"	"2650.1755"	"0.0010"	"33"	""		"47966.585"	"51739.920"	"3d5.(6S).4s2.4p"	"v 5P*"	"3"	"3d6.(5D).4s (4D).5s"	"e 3D"	"2"		""	"L11631"	
"2650.569"	"0.006"	"2650.5675"	"0.0010"	"47"	""		"51361.391"	"55134.168"	"3d6.(5D).4s (6D).5p"	"t 5D*"	"3"	"3d6.4s.(6D).6s"	"5D"	"2"		""	"L11631"	
"2657.883"	"0.006"	"2657.8850"	"0.0010"	"55"	""		"44458.934"	"48221.324"	"3d6.(3P2).4s.4p.(3P*)"	"w 5D*"	"0"	"3d7.(4F).5s"	"e 5F"	"1"		""	"L11631"	
"2662.5108"	"0.0021"	"2662.5096"	"0.0010"	"6300"	"3.85e+05"	C	"33765.306"	"37521.161"	"3d8"	"c 3F"	"2"	"3d7.(4F).4p"	"y 3F*"	"2"		"T5720"	"L11631"	
"2663.5093"	"0.0021"	"2663.5088"	"0.0010"	"87"	""		"46720.842"	"50475.288"	"3d7.(4P).4p"	"u 5D*"	"4"	"3d6.(5D).4s (6D).4d"	"e 7P"	"4"		""	"L11631"	
"2666.6459"	"0.0021"	"2666.6460"	"0.0010"	"4270"	"2.11e+05"	C+	"33412.717"	"37162.746"	"3d8"	"c 3F"	"3"	"3d7.(4F).4p"	"y 3F*"	"3"		"T5720"	"L11631"	
"2667.6169"	"0.0021"	"2667.6163"	"0.0010"	"100"	""		"50052.194"	"53800.859"	"3d6.(5D).4s (6D).5p"	"n 7F*"	"5"	"3d6.(5D).4s (6D).6s"	"g 7D"	"5"		""	"L11631"	
"2667.814"	"0.006"	"2667.8177"	"0.0020"	"115"	""		"54042.527"	"57790.909"	"3d7.(4F).5p"	"5F*"	"2"	"3d7.(4F).6s"	"3F"	"2"		""	"L11631"	
"2680.198"	"0.006"	"2680.1963"	"0.0010"	"105"	""		"47960.940"	"51692.010"	"3d7.(4F).5s"	"e 3F"	"4"	"3d6.(5D).4s (6D).5p"	"u 5P*"	"3"		""	"L11631"	
"2681.1116"	"0.0022"	"2681.1103"	"0.0010"	"123"	""		"48289.871"	"52019.669"	"3d5.(6S).4s2.4p"	"v 5P*"	"1"	"3d6.(5D).4s (6D).4d"	"e 5P"	"1"		""	"L11631"	
"2683.282"	"0.006"	"2683.2808"	"0.0016"	"41"	""		"53328.835"	"57055.616"	"3d7.(4F).5p"	"3F*"	"4"	"3d6.4s.(6D).5d"	"5G"	"3"		""	"L11631"	
"2684.930"	"0.006"	"2684.9292"	"0.0010"	"93"	""		"48221.324"	"51945.817"	"3d7.(4F).5s"	"e 5F"	"1"	"3d6.(5D).4s (6D).5p"	"u 5F*"	"1"		""	"L11631"	
"2688.0172"	"0.0022"	"2688.0160"	"0.0010"	"219"	""		"48221.324"	"51941.540"	"3d7.(4F).5s"	"e 5F"	"1"	"3d6.(5D).4s (6D).5p"	"t 5D*"	"0"		""	"L11631"	
"2688.5224"	"0.0022"	"2688.5218"	"0.0016"	"331"	""		"52953.629"	"56673.145"	"3d6.(3G).4s.4p.(3P*)"	"3F*"	"4"	"3d6.4s.(6D).5d"	"5G"	"4"		""	"L11631"	
"2690.441"	"0.006"	"2690.4408"	"0.0010"	"40"	""		"48350.606"	"52067.469"	"3d6.(3G).4s.4p.(3P*)"	"v 5F*"	"1"	"3d6.(5D).4s (6D).4d"	"e 5P"	"2"		""	"L11631"	
"2695.0261"	"0.0022"	"2695.0270"	"0.0016"	"398"	""		"50901.172"	"54611.710"	"3d6.(5D).4s (6D).5p"	"n 7P*"	"2"	"3d6.(5D).4s (6D).6s"	"g 7D"	"2"		""	"L11631"	
"2695.989"	"0.006"	"2695.9868"	"0.0021"	"47"	""		"52807.001"	"56516.218"	"3d7.(4F).5p"	"3G*"	"5"	"3d7.(4F).6s"	"5F"	"4"		""	"L11631"	
"2696.3893"	"0.0022"	"2696.3873"	"0.0010"	"275"	""		"37162.746"	"40871.412"	"3d7.(4F).4p"	"y 3F*"	"3"	"3d8"	"3P"	"2"		""	"L11631"	
"2701.0286"	"0.0022"	"2701.0273"	"0.0010"	"98"	""		"46720.842"	"50423.137"	"3d7.(4P).4p"	"u 5D*"	"4"	"3d6.(5D).4s (6D).4d"	"f 5D"	"4"		""	"L11631"	
"2703.6729"	"0.0022"	"2703.6724"	"0.0010"	"479"	""		"47377.955"	"51076.628"	"3d7.(4F).5s"	"e 5F"	"4"	"3d6.(5D).4s (6D).5p"	"t 5D*"	"4"		""	"L11631"	
"2704.093"	"0.006"	"2704.0906"	"0.0016"	"112"	""		"53357.515"	"57055.616"	"3d6.(3G).4s.4p.(3P*)"	"3F*"	"3"	"3d6.4s.(6D).5d"	"5G"	"3"		""	"L11631"	
"2708.177"	"0.006"	"2708.1769"	"0.0021"	"209"	""		"53069.357"	"56761.878"	"3d7.(4F).5p"	"5G*"	"6"	"3d6.4s.(6D).5d"	"5F"	"5"		""	"L11631"	
"2715.204"	"0.006"	"2715.2051"	"0.0010"	"50"	""		"47420.228"	"51103.191"	"3d6.(3G).4s.4p.(3P*)"	"w 5G*"	"5"	"3d6.(5D).4s (6D).4d"	"f 5F"	"5"		""	"L11631"	
"2716.335"	"0.015"	"2716.3343"	"0.0010"	"91bl"	""		"47017.188"	"50698.620"	"3d7.(4P).4p"	"w 3D*"	"3"	"3d6.(5D).4s (6D).4d"	"f 5D"	"2"		""	"L11631"	
"2719.542"	"0.011"	"2719.5426"	"0.0017"	"204"	""		"53084.789"	"56761.878"	"3d7.(4F).5p"	"5F*"	"5"	"3d6.4s.(6D).5d"	"5F"	"5"		""	"L11631"	
"2721.9830"	"0.0022"	"2721.9832"	"0.0010"	"331"	""		"48163.446"	"51837.238"	"3d5.(6S).4s2.4p"	"v 5P*"	"2"	"3d6.(5D).4s (6D).4d"	"e 5P"	"3"		""	"L11631"	
"2722.709"	"0.006"	"2722.707"	"0.003"	"71"	""		"53837.851"	"57510.666"	"3d7.(4F).5p"	"3D*"	"3"	"3d7.(4F).6s"	"5F"	"3"		""	"L11631"	
"2726.947"	"0.006"	"2726.9467"	"0.0017"	"135"	""		"54479.902"	"58147.007"	"3d6.4s.(6D).6s"	"5D"	"4"	"3d6.4s.(4D).5p"	"5F*"	"5"		""	"L11631"	
"2733.320"	"0.006"	"2733.322"	"0.003"	"145"	""		"53852.114"	"57510.666"	"3d7.(4F).5p"	"5G*"	"4"	"3d7.(4F).6s"	"5F"	"3"		""	"L11631"	
"2733.488"	"0.006"	"2733.4869"	"0.0017"	"45"	""		"44378.342"	"48036.673"	"3d6.(3F2).4s.4p.(3P*)"	"w 5F*"	"1"	"3d7.(4F).5s"	"e 5F"	"2"		""	"L11631"	
"2734.2947"	"0.0022"	"2734.2941"	"0.0011"	"105"	""		"37521.161"	"41178.412"	"3d7.(4F).4p"	"y 3F*"	"2"	"3d8"	"3P"	"1"		""	"L11631"	
"2748.2318"	"0.0023"	"2748.2305"	"0.0011"	"148"	""		"47377.955"	"51016.660"	"3d7.(4F).5s"	"e 5F"	"4"	"3d6.(5D).4s (6D).5p"	"u 5F*"	"5"		""	"L11631"	
"2749.1286"	"0.0023"	"2749.1273"	"0.0011"	"87"	""		"47966.585"	"51604.103"	"3d5.(6S).4s2.4p"	"v 5P*"	"3"	"3d6.(5D).4s (6D).4d"	"f 5F"	"3"		""	"L11631"	
"2757.9206"	"0.0023"	"2757.9207"	"0.0011"	"68"	""		"47755.537"	"51381.457"	"3d7.(4F).5s"	"e 5F"	"3"	"3d6.(5D).4s (6D).5p"	"u 5F*"	"4"		""	"L11631"	
"2766.164"	"0.015"	"2766.1630"	"0.0011"	"550bl"	""		"50185.743"	"53800.859"	"3d6.(5D).4s (6D).5p"	"n 7P*"	"4"	"3d6.(5D).4s (6D).6s"	"g 7D"	"5"		""	"L11631"	
"2772.303"	"0.006"	"2772.3017"	"0.0011"	"37"	""		"48163.446"	"51770.557"	"3d5.(6S).4s2.4p"	"v 5P*"	"2"	"3d6.(5D).4s (4D).5s"	"g 5D"	"3"		""	"L11631"	
"2772.7489"	"0.0023"	"2772.7483"	"0.0011"	"263"	""		"48221.324"	"51827.854"	"3d7.(4F).5s"	"e 5F"	"1"	"3d6.(5D).4s (6D).5p"	"t 5D*"	"1"		""	"L11631"	
"2773.090"	"0.006"	"2773.0874"	"0.0011"	"78"	""		"48221.324"	"51827.413"	"3d7.(4F).5s"	"e 5F"	"1"	"3d6.(5D).4s (6D).5p"	"u 5F*"	"2"		""	"L11631"	
"2773.225"	"0.006"	"2773.2266"	"0.0011"	"62"	""		"47092.712"	"50698.620"	"3d6.(3F2).4s.4p.(3P*)"	"x 3F*"	"3"	"3d6.(5D).4s (6D).4d"	"f 5D"	"2"		""	"L11631"	
"2773.2679"	"0.0023"	"2773.2681"	"0.0011"	"417"	""		"47755.537"	"51361.391"	"3d7.(4F).5s"	"e 5F"	"3"	"3d6.(5D).4s (6D).5p"	"t 5D*"	"3"		""	"L11631"	
"2779.018"	"0.015"	"2779.0198"	"0.0011"	"71bl"	""		"48238.847"	"51837.238"	"3d6.(3G).4s.4p.(3P*)"	"v 5F*"	"2"	"3d6.(5D).4s (6D).4d"	"e 5P"	"3"		""	"L11631"	
"2782.9368"	"0.0023"	"2782.9355"	"0.0011"	"204"	""		"48036.673"	"51630.001"	"3d7.(4F).5s"	"e 5F"	"2"	"3d6.(5D).4s (6D).5p"	"t 5D*"	"2"		""	"L11631"	
"2788.509"	"0.016"	"2788.5034"	"0.0017"	"107bl*"	""		"53852.114"	"57438.267"	"3d7.(4F).5p"	"5G*"	"4"	"3d6.4s.(6D).5d"	"7S"	"3"		""	"L11631"	
"2788.509"	"0.016"	"2788.5089"	"0.0011"	"107bl*"	""		"46889.142"	"50475.288"	"3d6.(3F2).4s.4p.(3P*)"	"x 3F*"	"4"	"3d6.(5D).4s (6D).4d"	"e 7P"	"4"		""	"L11631"	
"2791.4207"	"0.0023"	"2791.4224"	"0.0011"	"91"	""		"48036.673"	"51619.076"	"3d7.(4F).5s"	"e 5F"	"2"	"3d6.(5D).4s (6D).5p"	"u 5F*"	"3"		""	"L11631"	
"2792.1284"	"0.0023"	"2792.1278"	"0.0011"	"204"	""		"40052.035"	"43633.533"	"3d5.(6S).4s2.4p"	"y 7P*"	"2"	"3d6.(5D).4s (6D).5s"	"e 7D"	"2"		""	"L11631"	
"2799.6216"	"0.0024"	"2799.6234"	"0.0011"	"148"	""		"44183.628"	"47755.537"	"3d6.(3P2).4s.4p.(3P*)"	"w 5D*"	"2"	"3d7.(4F).5s"	"e 5F"	"3"		""	"L11631"	
"2801.6351"	"0.0024"	"2801.6329"	"0.0018"	"490"	""		"53586.510"	"57155.857"	"3d7.(4F).5p"	"5G*"	"5"	"3d6.4s.(6D).5d"	"7G"	"4"		""	"L11631"	
"2806.9472"	"0.0024"	"2806.9474"	"0.0018"	"468"	""		"52953.629"	"56516.218"	"3d6.(3G).4s.4p.(3P*)"	"3F*"	"4"	"3d7.(4F).6s"	"5F"	"4"		""	"L11631"	
"2814.044"	"0.006"	"2814.0446"	"0.0011"	"83"	""		"54479.902"	"58033.506"	"3d6.4s.(6D).6s"	"5D"	"4"	"3d6.4s.(4D).5p"	"5D*"	"3"		""	"L11631"	
"2815.846"	"0.006"	"2815.8457"	"0.0011"	"83"	""		"48516.138"	"52067.469"	"3d7.(4P).4p"	"x 3P*"	"1"	"3d6.(5D).4s (6D).4d"	"e 5P"	"2"		""	"L11631"	
"2820.522"	"0.006"	"2820.5204"	"0.0011"	"257"	""		"53610.412"	"57155.857"	"3d7.(4F).5p"	"5D*"	"4"	"3d6.4s.(6D).5d"	"7G"	"4"		""	"L11631"	
"2825.867"	"0.006"	"2825.8646"	"0.0023"	"447"	""		"53586.510"	"57125.250"	"3d7.(4F).5p"	"5G*"	"5"	"3d6.4s.(6D).5d"	"5F"	"4"		""	"L11631"	
"2829.6594"	"0.0024"	"2829.6588"	"0.0011"	"126"	""		"46889.142"	"50423.137"	"3d6.(3F2).4s.4p.(3P*)"	"x 3F*"	"4"	"3d6.(5D).4s (6D).4d"	"f 5D"	"4"		""	"L11631"	
"2830.778"	"0.006"	"2830.7802"	"0.0011"	"81"	""		"48304.643"	"51837.238"	"3d7.(4P).4p"	"x 3P*"	"2"	"3d6.(5D).4s (6D).4d"	"e 5P"	"3"		""	"L11631"	
"2833.1202"	"0.0024"	"2833.119"	"0.003"	"186"	""		"54224.420"	"57754.099"	"3d7.(4F).5p"	"5F*"	"1"	"3d7.(4F).6s"	"5F"	"1"		""	"L11631"	
"2843.166"	"0.006"	"2843.1634"	"0.0011"	"85"	""		"47017.188"	"50534.397"	"3d7.(4P).4p"	"w 3D*"	"3"	"3d6.(5D).4s (6D).4d"	"f 5D"	"3"		""	"L11631"	
"2844.8780"	"0.0024"	"2844.8758"	"0.0011"	"600"	""		"51619.076"	"55134.168"	"3d6.(5D).4s (6D).5p"	"u 5F*"	"3"	"3d6.4s.(6D).6s"	"5D"	"2"		""	"L11631"	
"2845.079"	"0.012"	"2845.0813"	"0.0018"	"214"	""		"53610.412"	"57125.250"	"3d7.(4F).5p"	"5D*"	"4"	"3d6.4s.(6D).5d"	"5F"	"4"		""	"L11631"	
"2852.2523"	"0.0024"	"2852.2525"	"0.0011"	"372"	""		"43499.505"	"47005.506"	"3d6.(3P2).4s.4p.(3P*)"	"w 5D*"	"4"	"3d7.(4F).5s"	"e 5F"	"5"		""	"L11631"	
"2853.7418"	"0.0024"	"2853.7453"	"0.0011"	"138"	""		"51630.001"	"55134.168"	"3d6.(5D).4s (6D).5p"	"t 5D*"	"2"	"3d6.4s.(6D).6s"	"5D"	"2"		""	"L11631"	
"2854.2037"	"0.0024"	"2854.2014"	"0.0018"	"191"	""		"50901.172"	"54404.779"	"3d6.(5D).4s (6D).5p"	"n 7P*"	"2"	"3d6.(5D).4s (6D).6s"	"g 7D"	"3"		""	"L11631"	
"2854.3389"	"0.0024"	"2854.3375"	"0.0011"	"490"	""		"51361.391"	"54864.831"	"3d6.(5D).4s (6D).5p"	"t 5D*"	"3"	"3d6.4s.(6D).6s"	"5D"	"3"		""	"L11631"	
"2859.0770"	"0.0025"	"2859.0756"	"0.0012"	"309"	""		"50303.225"	"53800.859"	"3d6.(5D).4s (6D).5p"	"n 7F*"	"4"	"3d6.(5D).4s (6D).6s"	"g 7D"	"5"		""	"L11631"	
"2860.070"	"0.016"	"2860.068"	"0.003"	"257bl"	""		"54257.679"	"57754.099"	"3d7.(4F).5p"	"5G*"	"2"	"3d7.(4F).6s"	"5F"	"1"		""	"L11631"	
"2860.1098"	"0.0025"	"2860.1076"	"0.0012"	"580"	""		"50628.372"	"54124.744"	"3d6.(5D).4s (6D).5p"	"n 7P*"	"3"	"3d6.(5D).4s (6D).6s"	"g 7D"	"4"		""	"L11631"	
"2861.412"	"0.007"	"2861.4121"	"0.0012"	"170"	""		"53661.079"	"57155.857"	"3d7.(4F).5p"	"5F*"	"3"	"3d6.4s.(6D).5d"	"7G"	"4"		""	"L11631"	
"2862.7979"	"0.0025"	"2862.799"	"0.004"	"500"	""		"54017.581"	"57510.666"	"3d7.(4F).5p"	"3G*"	"4"	"3d7.(4F).6s"	"5F"	"3"		""	"L11631"	
"2868.629"	"0.007"	"2868.6297"	"0.0023"	"135"	""		"54042.527"	"57528.512"	"3d7.(4F).5p"	"5F*"	"2"	"3d7.(4F).6s"	"5F"	"2"		""	"L11631"	
"2870.7822"	"0.0025"	"2870.7799"	"0.0012"	"2190"	""		"51381.457"	"54864.831"	"3d6.(5D).4s (6D).5p"	"u 5F*"	"4"	"3d6.4s.(6D).6s"	"5D"	"3"		""	"L11631"	
"2872.5098"	"0.0025"	"2872.5091"	"0.0018"	"790"	""		"53069.357"	"56550.634"	"3d7.(4F).5p"	"5G*"	"6"	"3d6.4s.(6D).5d"	"5G"	"5"		""	"L11631"	
"2875.0394"	"0.0025"	"2875.0387"	"0.0019"	"690"	""		"51827.413"	"55305.627"	"3d6.(5D).4s (6D).5p"	"u 5F*"	"2"	"3d6.4s.(6D).6s"	"5D"	"1"		""	"L11631"	
"2875.4056"	"0.0025"	"2875.4033"	"0.0019"	"151"	""		"51827.854"	"55305.627"	"3d6.(5D).4s (6D).5p"	"t 5D*"	"1"	"3d6.4s.(6D).6s"	"5D"	"1"		""	"L11631"	
"2881.771"	"0.007"	"2881.7755"	"0.0019"	"74"	""		"44285.454"	"47755.537"	"3d6.(3F2).4s.4p.(3P*)"	"w 5F*"	"2"	"3d7.(4F).5s"	"e 5F"	"3"		""	"L11631"	
"2883.181"	"0.007"	"2883.1829"	"0.0012"	"120"	""		"50423.137"	"53891.526"	"3d6.(5D).4s (6D).4d"	"f 5D"	"4"	"3d6.(3D).4s.4p.(3P*)"	"5D*"	"3"		""	"L11631"	
"2883.390"	"0.007"	"2883.391"	"0.004"	"105"	""		"54042.527"	"57510.666"	"3d7.(4F).5p"	"5F*"	"2"	"3d7.(4F).6s"	"5F"	"3"		""	"L11631"	
"2885.2999"	"0.0025"	"2885.2993"	"0.0012"	"890"	""		"53084.789"	"56550.634"	"3d7.(4F).5p"	"5F*"	"5"	"3d6.4s.(6D).5d"	"5G"	"5"		""	"L11631"	
"2887.469"	"0.003"	"2887.4679"	"0.0012"	"3020"	""		"51016.660"	"54479.902"	"3d6.(5D).4s (6D).5p"	"u 5F*"	"5"	"3d6.4s.(6D).6s"	"5D"	"4"		""	"L11631"	
"2894.115"	"0.003"	"2894.1156"	"0.0012"	"251"	""		"43922.668"	"47377.955"	"3d6.(3P2).4s.4p.(3P*)"	"w 5D*"	"3"	"3d7.(4F).5s"	"e 5F"	"4"		""	"L11631"	
"2901.978"	"0.007"	"2901.9810"	"0.0012"	"81"	""		"44677.006"	"48122.928"	"3d6.(5D).4s (6D).5s"	"e 5D"	"4"	"3d6.(3G).4s.4p.(3P*)"	"v 5F*"	"3"		""	"L11631"	
"2903.009"	"0.003"	"2903.008"	"0.003"	"447"	""		"51945.817"	"55390.520"	"3d6.(5D).4s (6D).5p"	"u 5F*"	"1"	"3d6.4s.(6D).6s"	"5D"	"0"		""	"L11631"	
"2905.155"	"0.003"	"2905.1543"	"0.0012"	"890"	""		"51692.010"	"55134.168"	"3d6.(5D).4s (6D).5p"	"u 5P*"	"3"	"3d6.4s.(6D).6s"	"5D"	"2"		""	"L11631"	
"2912.474"	"0.003"	"2912.4766"	"0.0019"	"257"	""		"54357.405"	"57790.909"	"3d7.(4F).5p"	"3G*"	"3"	"3d7.(4F).6s"	"3F"	"2"		""	"L11631"	
"2912.866"	"0.007"	"2912.8677"	"0.0019"	"100"	""		"53328.835"	"56761.878"	"3d7.(4F).5p"	"3F*"	"4"	"3d6.4s.(6D).5d"	"5F"	"5"		""	"L11631"	
"2918.479"	"0.003"	"2918.4793"	"0.0012"	"76"	""		"40207.091"	"43633.533"	"3d5.(6S).4s2.4p"	"y 7P*"	"3"	"3d6.(5D).4s (6D).5s"	"e 7D"	"2"		""	"L11631"	
"2931.421"	"0.007"	"2931.417"	"0.003"	"123"	""		"54342.779"	"57754.099"	"3d7.(4F).5p"	"3D*"	"2"	"3d7.(4F).6s"	"5F"	"1"		""	"L11631"	
"2938.348"	"0.003"	"2938.3470"	"0.0012"	"2190"	""		"51076.628"	"54479.902"	"3d6.(5D).4s (6D).5p"	"t 5D*"	"4"	"3d6.4s.(6D).6s"	"5D"	"4"		""	"L11631"	
"2943.393"	"0.003"	"2943.3927"	"0.0012"	"580"	""		"33765.306"	"37162.746"	"3d8"	"c 3F"	"2"	"3d7.(4F).4p"	"y 3F*"	"3"		""	"L11631"	
"2946.498"	"0.003"	"2946.5001"	"0.0025"	"195"	""		"54134.655"	"57528.512"	"3d7.(4F).5p"	"5G*"	"3"	"3d7.(4F).6s"	"5F"	"2"		""	"L11631"	
"2956.313"	"0.003"	"2956.3128"	"0.0012"	"151"	""		"40052.035"	"43434.627"	"3d5.(6S).4s2.4p"	"y 7P*"	"2"	"3d6.(5D).4s (6D).5s"	"e 7D"	"3"		""	"L11631"	
"2962.075"	"0.007"	"2962.076"	"0.004"	"68"	""		"54134.655"	"57510.666"	"3d7.(4F).5p"	"5G*"	"3"	"3d7.(4F).6s"	"5F"	"3"		""	"L11631"	
"2964.509"	"0.018"	"2964.5080"	"0.0020"	"500bl"	""		"53388.637"	"56761.878"	"3d7.(4F).5p"	"5F*"	"4"	"3d6.4s.(6D).5d"	"5F"	"5"		""	"L11631"	
"2971.545"	"0.007"	"2971.5421"	"0.0012"	"72"	""		"48238.847"	"51604.103"	"3d6.(3G).4s.4p.(3P*)"	"v 5F*"	"2"	"3d6.(5D).4s (6D).4d"	"f 5F"	"3"		""	"L11631"	
"2972.576"	"0.003"	"2972.5747"	"0.0020"	"209"	""		"51941.540"	"55305.627"	"3d6.(5D).4s (6D).5p"	"t 5D*"	"0"	"3d6.4s.(6D).6s"	"5D"	"1"		""	"L11631"	
"2975.445"	"0.003"	"2975.4440"	"0.0020"	"389"	""		"51944.784"	"55305.627"	"3d6.(5D).4s (6D).5p"	"u 5P*"	"2"	"3d6.4s.(6D).6s"	"5D"	"1"		""	"L11631"	
"2976.359"	"0.003"	"2976.3588"	"0.0020"	"251"	""		"51945.817"	"55305.627"	"3d6.(5D).4s (6D).5p"	"u 5F*"	"1"	"3d6.4s.(6D).6s"	"5D"	"1"		""	"L11631"	
"2984.855"	"0.007"	"2984.8510"	"0.0013"	"72"	""		"37521.161"	"40871.412"	"3d7.(4F).4p"	"y 3F*"	"2"	"3d8"	"3P"	"2"		""	"L11631"	
"3024.114"	"0.003"	"3024.1128"	"0.0013"	"427"	""		"51827.413"	"55134.168"	"3d6.(5D).4s (6D).5p"	"u 5F*"	"2"	"3d6.4s.(6D).6s"	"5D"	"2"		""	"L11631"	
"3024.519"	"0.003"	"3024.5161"	"0.0013"	"510"	""		"51827.854"	"55134.168"	"3d6.(5D).4s (6D).5p"	"t 5D*"	"1"	"3d6.4s.(6D).6s"	"5D"	"2"		""	"L11631"	
"3026.548"	"0.007"	"3026.550"	"0.003"	"182"	""		"54224.420"	"57528.512"	"3d7.(4F).5p"	"5F*"	"1"	"3d7.(4F).6s"	"5F"	"2"		""	"L11631"	
"3039.902"	"0.003"	"3039.9027"	"0.0013"	"1910"	""		"44677.006"	"47966.585"	"3d6.(5D).4s (6D).5s"	"e 5D"	"4"	"3d5.(6S).4s2.4p"	"v 5P*"	"3"		""	"L11631"	
"3048.856"	"0.003"	"3048.856"	"0.003"	"200"	""		"52110.601"	"55390.520"	"3d6.(5D).4s (6D).5p"	"u 5P*"	"1"	"3d6.4s.(6D).6s"	"5D"	"0"		""	"L11631"	
"3054.873"	"0.003"	"3054.8725"	"0.0013"	"560"	""		"33412.717"	"36686.176"	"3d8"	"c 3F"	"3"	"3d7.(4F).4p"	"y 3F*"	"4"		""	"L11631"	
"3074.096"	"0.003"	"3074.0940"	"0.0013"	"510*"	""		"44677.006"	"47929.997"	"3d6.(5D).4s (6D).5s"	"e 5D"	"4"	"3d6.(3G).4s.4p.(3P*)"	"v 5F*"	"4"		""	"L11631"	
"3074.096"	"0.003"	"3074.098"	"0.004"	"510*"	""		"54257.679"	"57510.666"	"3d7.(4F).5p"	"5G*"	"2"	"3d7.(4F).6s"	"5F"	"3"		""	"L11631"	
"3080.950"	"0.003"	"3080.9473"	"0.0013"	"720"	""		"51619.076"	"54864.831"	"3d6.(5D).4s (6D).5p"	"u 5F*"	"3"	"3d6.4s.(6D).6s"	"5D"	"3"		""	"L11631"	
"3083.269"	"0.003"	"3083.2661"	"0.0013"	"302"	""		"45061.329"	"48304.643"	"3d6.(5D).4s (6D).5s"	"e 5D"	"3"	"3d7.(4P).4p"	"x 3P*"	"2"		""	"L11631"	
"3091.352"	"0.003"	"3091.3526"	"0.0013"	"930"	""		"51630.001"	"54864.831"	"3d6.(5D).4s (6D).5p"	"t 5D*"	"2"	"3d6.4s.(6D).6s"	"5D"	"3"		""	"L11631"	
"3098.339"	"0.003"	"3098.3388"	"0.0014"	"234"	""		"40207.091"	"43434.627"	"3d5.(6S).4s2.4p"	"y 7P*"	"3"	"3d6.(5D).4s (6D).5s"	"e 7D"	"3"		""	"L11631"	
"3113.568"	"0.008"	"3113.5683"	"0.0014"	"110"	""		"44166.206"	"47377.955"	"3d6.(3F2).4s.4p.(3P*)"	"v 5D*"	"3"	"3d7.(4F).5s"	"e 5F"	"4"		""	"L11631"	
"3129.866"	"0.008"	"3129.865"	"0.003"	"186"	""		"52110.601"	"55305.627"	"3d6.(5D).4s (6D).5p"	"u 5P*"	"1"	"3d6.4s.(6D).6s"	"5D"	"1"		""	"L11631"	
"3135.402"	"0.003"	"3135.4017"	"0.0014"	"275"	""		"51944.784"	"55134.168"	"3d6.(5D).4s (6D).5p"	"u 5P*"	"2"	"3d6.4s.(6D).6s"	"5D"	"2"		""	"L11631"	
"3142.357"	"0.020"	"3142.3566"	"0.0014"	"407bl"	""		"47966.585"	"51148.910"	"3d5.(6S).4s2.4p"	"v 5P*"	"3"	"3d6.(5D).4s (6D).4d"	"e 5S"	"2"		""	"L11631"	
"3142.418"	"0.020"	"3142.4178"	"0.0014"	"182bl*"	""		"45333.875"	"48516.138"	"3d6.(5D).4s (6D).5s"	"e 5D"	"2"	"3d7.(4P).4p"	"x 3P*"	"1"		""	"L11631"	
"3142.418"	"0.020"	"3142.4178"	"0.0014"	"182bl*"	""		"47966.585"	"51148.848"	"3d5.(6S).4s2.4p"	"v 5P*"	"3"	"3d6.(5D).4s (6D).4d"	"e 7F"	"3"		""	"L11631"	
"3147.110"	"0.008"	"3147.1104"	"0.0014"	"148"	""		"45061.329"	"48238.847"	"3d6.(5D).4s (6D).5s"	"e 5D"	"3"	"3d6.(3G).4s.4p.(3P*)"	"v 5F*"	"2"		""	"L11631"	
"3148.315"	"0.020"	"3148.317"	"0.003"	"129bl"	""		"54042.527"	"57218.827"	"3d7.(4F).5p"	"5F*"	"2"	"3d7.(4F).6s"	"3F"	"3"		""	"L11631"	
"3151.397"	"0.008"	"3151.3989"	"0.0014"	"54"	""		"47929.997"	"51103.191"	"3d6.(3G).4s.4p.(3P*)"	"v 5F*"	"4"	"3d6.(5D).4s (6D).4d"	"f 5F"	"5"		""	"L11631"	
"3151.771"	"0.003"	"3151.7694"	"0.0014"	"178"	""		"51692.010"	"54864.831"	"3d6.(5D).4s (6D).5p"	"u 5P*"	"3"	"3d6.4s.(6D).6s"	"5D"	"3"		""	"L11631"	
"3155.891"	"0.008"	"3155.8932"	"0.0014"	"83"	""		"54864.831"	"58033.506"	"3d6.4s.(6D).6s"	"5D"	"3"	"3d6.4s.(4D).5p"	"5D*"	"3"		""	"L11631"	
"3162.557"	"0.008"	"3162.5583"	"0.0014"	"186"	""		"53388.637"	"56550.634"	"3d7.(4F).5p"	"5F*"	"4"	"3d6.4s.(6D).5d"	"5G"	"5"		""	"L11631"	
"3165.853"	"0.008"	"3165.8564"	"0.0022"	"98"	""		"53357.515"	"56516.218"	"3d6.(3G).4s.4p.(3P*)"	"3F*"	"3"	"3d7.(4F).6s"	"5F"	"4"		""	"L11631"	
"3167.018"	"0.003"	"3167.0184"	"0.0014"	"355"	""		"44677.006"	"47834.550"	"3d6.(5D).4s (6D).5s"	"e 5D"	"4"	"3d6.(3F2).4s.4p.(3P*)"	"x 3G*"	"5"		""	"L11631"	
"3171.320"	"0.003"	"3171.320"	"0.004"	"240"	""		"54357.405"	"57510.666"	"3d7.(4F).5p"	"3G*"	"3"	"3d7.(4F).6s"	"5F"	"3"		""	"L11631"	
"3173.640"	"0.008"	"3173.637"	"0.003"	"200"	""		"54603.140"	"57754.099"	"3d7.(4F).5p"	"5D*"	"1"	"3d7.(4F).6s"	"5F"	"1"		""	"L11631"	
"3189.677"	"0.003"	"3189.6787"	"0.0014"	"302"	""		"44677.006"	"47812.118"	"3d6.(5D).4s (6D).5s"	"e 5D"	"4"	"3d6.(3F2).4s.4p.(3P*)"	"x 3G*"	"4"		""	"L11631"	
"3206.660"	"0.003"	"3206.6586"	"0.0014"	"1320"	""		"51361.391"	"54479.902"	"3d6.(5D).4s (6D).5p"	"t 5D*"	"3"	"3d6.4s.(6D).6s"	"5D"	"4"		""	"L11631"	
"3211.487"	"0.008"	"3211.4874"	"0.0015"	"93"	""		"47590.048"	"50703.870"	"3d6.(3G).4s.4p.(3P*)"	"w 5G*"	"4"	"3d6.(5D).4s (6D).4d"	"e 5G"	"5"		""	"L11631"	
"3217.419"	"0.003"	"3217.4163"	"0.0015"	"135"	""		"51016.660"	"54124.744"	"3d6.(5D).4s (6D).5p"	"u 5F*"	"5"	"3d6.(5D).4s (6D).6s"	"g 7D"	"4"		""	"L11631"	
"3222.984"	"0.003"	"3222.9827"	"0.0015"	"398"	""		"47420.228"	"50522.944"	"3d6.(3G).4s.4p.(3P*)"	"w 5G*"	"5"	"3d6.(5D).4s (6D).4d"	"e 5G"	"6"		""	"L11631"	
"3223.606"	"0.003"	"3223.6050"	"0.0015"	"1320"	""		"45061.329"	"48163.446"	"3d6.(5D).4s (6D).5s"	"e 5D"	"3"	"3d5.(6S).4s2.4p"	"v 5P*"	"2"		""	"L11631"	
"3228.144"	"0.021"	"3228.1432"	"0.0015"	"102bl"	""		"47606.114"	"50703.870"	"3d6.(3G).4s.4p.(3P*)"	"v 5F*"	"5"	"3d6.(5D).4s (6D).4d"	"e 5G"	"5"		""	"L11631"	
"3239.785"	"0.021"	"3239.774"	"0.003"	"65bl"	""		"53586.510"	"56673.145"	"3d7.(4F).5p"	"5G*"	"5"	"3d6.4s.(6D).5d"	"5G"	"4"		""	"L11631"	
"3241.990"	"0.003"	"3241.993"	"0.003"	"590"	""		"54706.387"	"57790.909"	"3d7.(4F).5p"	"3F*"	"2"	"3d7.(4F).6s"	"3F"	"2"		""	"L11631"	
"3242.359"	"0.003"	"3242.361"	"0.003"	"980"	""		"54134.655"	"57218.827"	"3d7.(4F).5p"	"5G*"	"3"	"3d7.(4F).6s"	"3F"	"3"		""	"L11631"	
"3266.268"	"0.003"	"3266.2671"	"0.0015"	"510"	""		"45061.329"	"48122.928"	"3d6.(5D).4s (6D).5s"	"e 5D"	"3"	"3d6.(3G).4s.4p.(3P*)"	"v 5F*"	"3"		""	"L11631"	
"3279.138"	"0.003"	"3279.1379"	"0.0015"	"282"	""		"47929.997"	"50979.579"	"3d6.(3G).4s.4p.(3P*)"	"v 5F*"	"4"	"3d6.(5D).4s (6D).4d"	"e 5G"	"4"		""	"L11631"	
"3280.722"	"0.003"	"3280.7150"	"0.0015"	"930"	""		"51076.628"	"54124.744"	"3d6.(5D).4s (6D).5p"	"t 5D*"	"4"	"3d6.(5D).4s (6D).6s"	"g 7D"	"4"		""	"L11631"	
"3284.580"	"0.003"	"3284.5792"	"0.0024"	"1510"	""		"53069.357"	"56113.887"	"3d7.(4F).5p"	"5G*"	"6"	"3d7.(4F).6s"	"5F"	"5"		""	"L11631"	
"3298.089"	"0.003"	"3298.0878"	"0.0015"	"600"	""		"47966.585"	"50998.645"	"3d5.(6S).4s2.4p"	"v 5P*"	"3"	"3d6.(5D).4s (6D).4d"	"f 7D"	"2"		""	"L11631"	
"3301.311"	"0.003"	"3301.3128"	"0.0015"	"500"	""		"53084.789"	"56113.887"	"3d7.(4F).5p"	"5F*"	"5"	"3d7.(4F).6s"	"5F"	"5"		""	"L11631"	
"3307.400"	"0.003"	"3307.407"	"0.003"	"1450"	""		"53784.750"	"56808.267"	"3d7.(4F).5p"	"5D*"	"3"	"3d7.(4F).6s"	"3F"	"4"		""	"L11631"	
"3311.770"	"0.003"	"3311.7638"	"0.0015"	"1260"	""		"48350.606"	"51370.145"	"3d6.(3G).4s.4p.(3P*)"	"v 5F*"	"1"	"3d6.(5D).4s (6D).4d"	"e 5G"	"2"		""	"L11631"	
"3349.564"	"0.003"	"3349.5631"	"0.0016"	"417"	""		"48163.446"	"51148.910"	"3d5.(6S).4s2.4p"	"v 5P*"	"2"	"3d6.(5D).4s (6D).4d"	"e 5S"	"2"		""	"L11631"	
"3351.591"	"0.003"	"3351.589"	"0.003"	"540"	""		"54807.250"	"57790.909"	"3d7.(4F).5p"	"3D*"	"1"	"3d7.(4F).6s"	"3F"	"2"		""	"L11631"	
"3352.351"	"0.003"	"3352.3512"	"0.0016"	"191"	""		"44022.525"	"47005.506"	"3d6.(3F2).4s.4p.(3P*)"	"v 5D*"	"4"	"3d7.(4F).5s"	"e 5F"	"5"		""	"L11631"	
"3355.205"	"0.009"	"3355.2025"	"0.0016"	"105"	""		"48350.606"	"51331.052"	"3d6.(3G).4s.4p.(3P*)"	"v 5F*"	"1"	"3d6.(5D).4s (6D).4d"	"e 7F"	"2"		""	"L11631"	
"3355.515"	"0.009"	"3355.5155"	"0.0016"	"98"	""		"48238.847"	"51219.015"	"3d6.(3G).4s.4p.(3P*)"	"v 5F*"	"2"	"3d6.(5D).4s (6D).4d"	"e 5G"	"3"		""	"L11631"	
"3355.691"	"0.003"	"3355.690"	"0.005"	"510"	""		"54530.653"	"57510.666"	"3d7.(4F).5p"	"5D*"	"2"	"3d7.(4F).6s"	"5F"	"3"		""	"L11631"	
"3373.979"	"0.023"	"3373.989"	"0.003"	"2880bl"	""		"51566.802"	"54530.653"	"3d6.(5D).4s (6D).4d"	"e 7G"	"1"	"3d7.(4F).5p"	"5D*"	"2"		""	"L11631"	
"3375.093"	"0.009"	"3375.0934"	"0.0016"	"102"	""		"44415.074"	"47377.955"	"3d6.(3F2).4s.4p.(3P*)"	"w 5F*"	"4"	"3d7.(4F).5s"	"e 5F"	"4"		""	"L11631"	
"3382.683"	"0.003"	"3382.6810"	"0.0016"	"650"	""		"40207.091"	"43163.326"	"3d5.(6S).4s2.4p"	"y 7P*"	"3"	"3d6.(5D).4s (6D).5s"	"e 7D"	"4"		""	"L11631"	
"3382.954"	"0.003"	"3382.9545"	"0.0016"	"680"	""		"45333.875"	"48289.871"	"3d6.(5D).4s (6D).5s"	"e 5D"	"2"	"3d5.(6S).4s2.4p"	"v 5P*"	"1"		""	"L11631"	
"3385.107"	"0.009"	"3385.0994"	"0.0016"	"49"	""		"51334.911"	"54289.034"	"3d6.(5D).4s (6D).4d"	"e 7G"	"4"	"3d7.(4F).5p"	"3F*"	"3"		""	"L11631"	
"3401.103"	"0.009"	"3401.1037"	"0.0016"	"550"	""		"53610.412"	"56550.634"	"3d7.(4F).5p"	"5D*"	"4"	"3d6.4s.(6D).5d"	"5G"	"5"		""	"L11631"	
"3413.211"	"0.023"	"3413.210"	"0.003"	"145bl"	""		"54289.034"	"57218.827"	"3d7.(4F).5p"	"3F*"	"3"	"3d7.(4F).6s"	"3F"	"3"		""	"L11631"	
"3413.310"	"0.003"	"3413.309"	"0.003"	"275"	""		"53586.510"	"56516.218"	"3d7.(4F).5p"	"5G*"	"5"	"3d7.(4F).6s"	"5F"	"4"		""	"L11631"	
"3416.992"	"0.023"	"3416.993"	"0.003"	"186bl"	""		"51604.103"	"54530.653"	"3d6.(5D).4s (6D).4d"	"f 5F"	"3"	"3d7.(4F).5p"	"5D*"	"2"		""	"L11631"	
"3418.366"	"0.004"	"3418.369"	"0.003"	"288"	""		"54603.140"	"57528.512"	"3d7.(4F).5p"	"5D*"	"1"	"3d7.(4F).6s"	"5F"	"2"		""	"L11631"	
"3423.425"	"0.009"	"3423.4242"	"0.0017"	"91"	""		"45595.086"	"48516.138"	"3d6.(5D).4s (6D).5s"	"e 5D"	"0"	"3d7.(4P).4p"	"x 3P*"	"1"		""	"L11631"	
"3424.605"	"0.004"	"3424.6024"	"0.0017"	"178"	""		"51944.784"	"54864.831"	"3d6.(5D).4s (6D).5p"	"u 5P*"	"2"	"3d6.4s.(6D).6s"	"5D"	"3"		""	"L11631"	
"3426.852"	"0.004"	"3426.8557"	"0.0017"	"1350"	""		"48289.871"	"51207.998"	"3d5.(6S).4s2.4p"	"v 5P*"	"1"	"3d6.(5D).4s (6D).4d"	"e 7F"	"1"		""	"L11631"	
"3428.379"	"0.004"	"3428.3794"	"0.0017"	"560"	""		"47606.114"	"50522.944"	"3d6.(3G).4s.4p.(3P*)"	"v 5F*"	"5"	"3d6.(5D).4s (6D).4d"	"e 5G"	"6"		""	"L11631"	
"3432.840"	"0.004"	"3432.8376"	"0.0017"	"162"	""		"44677.006"	"47590.048"	"3d6.(5D).4s (6D).5s"	"e 5D"	"4"	"3d6.(3G).4s.4p.(3P*)"	"w 5G*"	"4"		""	"L11631"	
"3436.356"	"0.009"	"3436.3517"	"0.0017"	"85"	""		"48238.847"	"51148.910"	"3d6.(3G).4s.4p.(3P*)"	"v 5F*"	"2"	"3d6.(5D).4s (6D).4d"	"e 5S"	"2"		""	"L11631"	
"3436.431"	"0.009"	"3436.4249"	"0.0017"	"110"	""		"48238.847"	"51148.848"	"3d6.(3G).4s.4p.(3P*)"	"v 5F*"	"2"	"3d6.(5D).4s (6D).4d"	"e 7F"	"3"		""	"L11631"	
"3438.546"	"0.018"	"3438.546"	"0.011"	"468"	""		"56761.878"	"59670.084"	"3d6.4s.(6D).5d"	"5F"	"5"	"3d6.4s.(6D<7/2>).5f"	"2[13/2]*"	"6"		""	"L11631"	
"3440.515"	"0.004"	"3440.5145"	"0.0017"	"316"	""		"50703.870"	"53610.412"	"3d6.(5D).4s (6D).4d"	"e 5G"	"5"	"3d7.(4F).5p"	"5D*"	"4"		""	"L11631"	
"3441.386"	"0.004"	"3441.386"	"0.003"	"490"	""		"53610.412"	"56516.218"	"3d7.(4F).5p"	"5D*"	"4"	"3d7.(4F).6s"	"5F"	"4"		""	"L11631"	
"3442.038"	"0.004"	"3442.0375"	"0.0017"	"790"	""		"45061.329"	"47966.585"	"3d6.(5D).4s (6D).5s"	"e 5D"	"3"	"3d5.(6S).4s2.4p"	"v 5P*"	"3"		""	"L11631"	
"3442.375"	"0.004"	"3442.3740"	"0.0017"	"780"	""		"45333.875"	"48238.847"	"3d6.(5D).4s (6D).5s"	"e 5D"	"2"	"3d6.(3G).4s.4p.(3P*)"	"v 5F*"	"2"		""	"L11631"	
"3444.189"	"0.004"	"3444.1892"	"0.0017"	"170"	""		"47929.997"	"50833.438"	"3d6.(3G).4s.4p.(3P*)"	"v 5F*"	"4"	"3d6.(5D).4s (6D).4d"	"e 7F"	"5"		""	"L11631"	
"3450.505"	"0.010"	"3450.5056"	"0.0017"	"123"	""		"51705.014"	"54603.140"	"3d6.(5D).4s (6D).4d"	"f 5F"	"2"	"3d7.(4F).5p"	"5D*"	"1"		""	"L11631"	
"3455.507"	"0.004"	"3455.5062"	"0.0017"	"120"	""		"32873.632"	"35767.564"	"3d8"	"c 3F"	"4"	"3d7.(4F).4p"	"z 3G*"	"4"		""	"L11631"	
"3456.764"	"0.010"	"3456.7616"	"0.0017"	"117"	""		"50998.645"	"53891.526"	"3d6.(5D).4s (6D).4d"	"f 7D"	"2"	"3d6.(3D).4s.4p.(3P*)"	"5D*"	"3"		""	"L11631"	
"3458.113"	"0.010"	"3458.1112"	"0.0017"	"148"	""		"47812.118"	"50703.870"	"3d6.(3F2).4s.4p.(3P*)"	"x 3G*"	"4"	"3d6.(5D).4s (6D).4d"	"e 5G"	"5"		""	"L11631"	
"3466.964"	"0.004"	"3466.9628"	"0.0017"	"166"	""		"34636.792"	"37521.161"	"3d6.4s2"	"b 1D2"	"2"	"3d7.(4F).4p"	"y 3F*"	"2"		""	"L11631"	
"3476.998"	"0.010"	"3476.993"	"0.003"	"263"	""		"54342.779"	"57218.827"	"3d7.(4F).5p"	"3D*"	"2"	"3d7.(4F).6s"	"3F"	"3"		""	"L11631"	
"3485.941"	"0.004"	"3485.9384"	"0.0017"	"1230"	""		"45061.329"	"47929.997"	"3d6.(5D).4s (6D).5s"	"e 5D"	"3"	"3d6.(3G).4s.4p.(3P*)"	"v 5F*"	"4"		""	"L11631"	
"3488.184"	"0.024"	"3488.1819"	"0.0017"	"288bl"	""		"54289.034"	"57155.857"	"3d7.(4F).5p"	"3F*"	"3"	"3d6.4s.(6D).5d"	"7G"	"4"		""	"L11631"	
"3492.683"	"0.010"	"3492.692"	"0.003"	"43"	""		"54747.598"	"57610.719"	"3d6.(5D).4s (6D).6s"	"g 7D"	"1"	"3d6.4s.(6D).6p"	"5D*"	"0"		""	"L11631"	
"3495.292"	"0.004"	"3495.2838"	"0.0017"	"427"	""		"51630.001"	"54490.999"	"3d6.(5D).4s (6D).5p"	"t 5D*"	"2"	"3d7.(4F).4d"	"e 5H"	"3"		""	"L11631"	
"3495.497"	"0.004"	"3495.4940"	"0.0017"	"389"	""		"51619.076"	"54479.902"	"3d6.(5D).4s (6D).5p"	"u 5F*"	"3"	"3d6.4s.(6D).6s"	"5D"	"4"		""	"L11631"	
"3498.857"	"0.010"	"3498.855"	"0.003"	"135"	""		"53874.257"	"56732.335"	"3d7.(4F).4d"	"e 5H"	"5"	"3d6.4s.(6D).6p"	"5D*"	"4"		""	"L11631"	
"3499.448"	"0.018"	"3499.4438"	"0.0017"	"372"	""		"51016.660"	"53874.257"	"3d6.(5D).4s (6D).5p"	"u 5F*"	"5"	"3d7.(4F).4d"	"e 5H"	"5"		""	"L11631"	
"3500.605"	"0.004"	"3500.6026"	"0.0017"	"520"	""		"48122.928"	"50979.579"	"3d6.(3G).4s.4p.(3P*)"	"v 5F*"	"3"	"3d6.(5D).4s (6D).4d"	"e 5G"	"4"		""	"L11631"	
"3502.457"	"0.010"	"3502.456"	"0.003"	"447"	""		"53661.079"	"56516.218"	"3d7.(4F).5p"	"5F*"	"3"	"3d7.(4F).6s"	"5F"	"4"		""	"L11631"	
"3509.411"	"0.010"	"3509.411"	"0.004"	"1170"	""		"56427.977"	"59277.458"	"3d6.4s.(6D).5d"	"7F"	"6"	"3d6.4s.(6D<9/2>).5f"	"2[13/2]*"	"7"		""	"L11631"	
"3510.446"	"0.010"	"3510.4434"	"0.0017"	"162"	""		"51754.497"	"54603.140"	"3d6.(5D).4s (6D).4d"	"f 5F"	"1"	"3d7.(4F).5p"	"5D*"	"1"		""	"L11631"	
"3512.982"	"0.019"	"3512.981"	"0.004"	"510"	""		"56427.977"	"59274.562"	"3d6.4s.(6D).5d"	"7F"	"6"	"3d6.4s.(6D<9/2>).5f"	"2[11/2]*"	"6"		""	"L11631"	
"3517.980"	"0.010"	"3517.979"	"0.004"	"790"	""		"56432.021"	"59274.562"	"3d6.4s.(6D).5d"	"7D"	"5"	"3d6.4s.(6D<9/2>).5f"	"2[11/2]*"	"6"		""	"L11631"	
"3519.327"	"0.004"	"3519.3250"	"0.0017"	"690"	""		"45509.152"	"48350.606"	"3d6.(5D).4s (6D).5s"	"e 5D"	"1"	"3d6.(3G).4s.4p.(3P*)"	"v 5F*"	"1"		""	"L11631"	
"3526.972"	"0.004"	"3526.971"	"0.003"	"660"	""		"53837.851"	"56673.145"	"3d7.(4F).5p"	"3D*"	"3"	"3d6.4s.(6D).5d"	"5G"	"4"		""	"L11631"	
"3527.089"	"0.004"	"3527.0893"	"0.0018"	"158"	""		"48163.446"	"50998.645"	"3d5.(6S).4s2.4p"	"v 5P*"	"2"	"3d6.(5D).4s (6D).4d"	"f 7D"	"2"		""	"L11631"	
"3534.106"	"0.004"	"3534.1046"	"0.0018"	"810"	""		"45333.875"	"48163.446"	"3d6.(5D).4s (6D).5s"	"e 5D"	"2"	"3d5.(6S).4s2.4p"	"v 5P*"	"2"		""	"L11631"	
"3536.867"	"0.025"	"3536.8633"	"0.0018"	"407bl*"	""		"51461.670"	"54289.034"	"3d6.(5D).4s (6D).4d"	"f 5F"	"4"	"3d7.(4F).5p"	"3F*"	"3"		""	"L11631"	
"3536.867"	"0.025"	"3536.880"	"0.011"	"407bl*"	""		"56842.733"	"59670.084"	"3d6.4s.(6D).5d"	"7F"	"5"	"3d6.4s.(6D<7/2>).5f"	"2[13/2]*"	"6"		""	"L11631"	
"3542.186"	"0.019"	"3542.1828"	"0.0018"	"347"	""		"50534.397"	"53357.515"	"3d6.(5D).4s (6D).4d"	"f 5D"	"3"	"3d6.(3G).4s.4p.(3P*)"	"3F*"	"3"		""	"L11631"	
"3543.423"	"0.010"	"3543.429"	"0.004"	"1230"	""		"54706.387"	"57528.512"	"3d7.(4F).5p"	"3F*"	"2"	"3d7.(4F).6s"	"5F"	"2"		""	"L11631"	
"3546.749"	"0.004"	"3546.742"	"0.005"	"600"	""		"56844.475"	"59663.964"	"3d6.4s.(6D).5d"	"7P"	"4"	"3d6.4s.(6D<7/2>).5f"	"2[11/2]*"	"5"		""	"L11631"	
"3547.469"	"0.010"	"3547.464"	"0.003"	"380"	""		"53388.637"	"56207.552"	"3d7.(4F).5p"	"5F*"	"4"	"3d6.4s.(6D).5d"	"5D"	"4"		""	"L11631"	
"3553.704"	"0.004"	"3553.7045"	"0.0018"	"245"	""		"29320.026"	"32133.991"	"3d6.4s2"	"b 3D"	"1"	"3d6.(5D).4s.4p.(3P*)"	"z 3F*"	"2"		""	"L11631"	
"3569.981"	"0.004"	"3569.9827"	"0.0018"	"191"	""		"42532.741"	"45333.875"	"3d6.(3P2).4s.4p.(3P*)"	"x 5P*"	"3"	"3d6.(5D).4s (6D).5s"	"e 5D"	"2"		""	"L11631"	
"3577.193"	"0.004"	"3577.1891"	"0.0018"	"282"	""		"45509.152"	"48304.643"	"3d6.(5D).4s (6D).5s"	"e 5D"	"1"	"3d7.(4P).4p"	"x 3P*"	"2"		""	"L11631"	
"3578.984"	"0.010"	"3578.985"	"0.005"	"1660"	""		"56874.916"	"59669.004"	"3d6.4s.(6D).5d"	"7G"	"6"	"3d6.4s.(6D<7/2>).5f"	"2[13/2]*"	"7"		""	"L11631"	
"3585.449"	"0.026"	"3585.4464"	"0.0018"	"790bl*"	""		"45333.875"	"48122.928"	"3d6.(5D).4s (6D).5s"	"e 5D"	"2"	"3d6.(3G).4s.4p.(3P*)"	"v 5F*"	"3"		""	"L11631"	
"3585.449"	"0.026"	"3585.453"	"0.005"	"790bl*"	""		"56874.916"	"59663.964"	"3d6.4s.(6D).5d"	"7G"	"6"	"3d6.4s.(6D<7/2>).5f"	"2[11/2]*"	"5"		""	"L11631"	
"3586.942"	"0.004"	"3586.9395"	"0.0018"	"479"	""		"51692.010"	"54479.902"	"3d6.(5D).4s (6D).5p"	"u 5P*"	"3"	"3d6.4s.(6D).6s"	"5D"	"4"		""	"L11631"	
"3590.103"	"0.004"	"3590.106"	"0.004"	"7600"	""		"54404.779"	"57190.212"	"3d6.(5D).4s (6D).6s"	"g 7D"	"3"	"3d6.4s.(6D).6p"	"7P*"	"2"		""	"L11631"	
"3596.195"	"0.004"	"3596.1922"	"0.0018"	"590"	""		"45509.152"	"48289.871"	"3d6.(5D).4s (6D).5s"	"e 5D"	"1"	"3d5.(6S).4s2.4p"	"v 5P*"	"1"		""	"L11631"	
"3600.686"	"0.004"	"3600.6880"	"0.0018"	"117"	""		"29356.744"	"32133.991"	"3d6.4s2"	"b 3D"	"2"	"3d6.(5D).4s.4p.(3P*)"	"z 3F*"	"2"		""	"L11631"	
"3605.069"	"0.004"	"3605.0677"	"0.0018"	"447"	""		"47929.997"	"50703.870"	"3d6.(3G).4s.4p.(3P*)"	"v 5F*"	"4"	"3d6.(5D).4s (6D).4d"	"e 5G"	"5"		""	"L11631"	
"3618.360"	"0.020"	"3618.365"	"0.003"	"275"	""		"54124.744"	"56888.423"	"3d6.(5D).4s (6D).6s"	"g 7D"	"4"	"3d6.4s.(6D).6p"	"7P*"	"3"		""	"L11631"	
"3618.794"	"0.010"	"3618.7921"	"0.0018"	"166"	""		"51361.391"	"54124.744"	"3d6.(5D).4s (6D).5p"	"t 5D*"	"3"	"3d6.(5D).4s (6D).6s"	"g 7D"	"4"		""	"L11631"	
"3620.798"	"0.004"	"3620.799"	"0.003"	"380"	""		"44243.685"	"47005.506"	"3d6.(3F2).4s.4p.(3P*)"	"w 5F*"	"5"	"3d7.(4F).5s"	"e 5F"	"5"		""	"L11631"	
"3630.597"	"0.004"	"3630.585"	"0.006"	"3470"	""		"56536.048"	"59290.425"	"3d6.4s.(6D).5d"	"7G"	"7"	"3d6.4s.(6D<9/2>).5f"	"2[15/2]*"	"8"		""	"L11631"	
"3631.997"	"0.011"	"3632.0026"	"0.0019"	"107"	""		"51604.103"	"54357.405"	"3d6.(5D).4s (6D).4d"	"f 5F"	"3"	"3d7.(4F).5p"	"3G*"	"3"		""	"L11631"	
"3635.323"	"0.004"	"3635.3206"	"0.0019"	"407"	""		"45061.329"	"47812.118"	"3d6.(5D).4s (6D).5s"	"e 5D"	"3"	"3d6.(3F2).4s.4p.(3P*)"	"x 3G*"	"4"		""	"L11631"	
"3642.093"	"0.011"	"3642.0903"	"0.0019"	"209"	""		"51630.001"	"54375.677"	"3d6.(5D).4s (6D).5p"	"t 5D*"	"2"	"3d7.(4F).4d"	"f 5G"	"2"		""	"L11631"	
"3645.350"	"0.004"	"3645.3484"	"0.0019"	"1860"	""		"44677.006"	"47420.228"	"3d6.(5D).4s (6D).5s"	"e 5D"	"4"	"3d6.(3G).4s.4p.(3P*)"	"w 5G*"	"5"		""	"L11631"	
"3647.788"	"0.004"	"3647.7872"	"0.0019"	"620"	""		"40421.938"	"43163.326"	"3d5.(6S).4s2.4p"	"y 7P*"	"4"	"3d6.(5D).4s (6D).5s"	"e 7D"	"4"		""	"L11631"	
"3648.653"	"0.011"	"3648.654"	"0.004"	"479"	""		"53800.859"	"56541.596"	"3d6.(5D).4s (6D).6s"	"g 7D"	"5"	"3d6.4s.(6D).6p"	"7P*"	"4"		""	"L11631"	
"3660.276"	"0.004"	"3660.2752"	"0.0019"	"427"	""		"47966.585"	"50698.620"	"3d5.(6S).4s2.4p"	"v 5P*"	"3"	"3d6.(5D).4s (6D).4d"	"f 5D"	"2"		""	"L11631"	
"3667.412"	"0.011"	"3667.418"	"0.003"	"107"	""		"53610.412"	"56337.126"	"3d7.(4F).5p"	"5D*"	"4"	"3d6.4s.(6D).5d"	"5D"	"3"		""	"L11631"	
"3679.177"	"0.004"	"3679.1759"	"0.0019"	"102"	""		"28604.613"	"31322.613"	"3d7.(2D2).4s"	"a 1D"	"2"	"3d6.(5D).4s.4p.(3P*)"	"z 3D*"	"3"		""	"L11631"	
"3680.999"	"0.004"	"3680.9960"	"0.0019"	"174"	""		"48163.446"	"50880.102"	"3d5.(6S).4s2.4p"	"v 5P*"	"2"	"3d6.(5D).4s (6D).4d"	"f 5D"	"1"		""	"L11631"	
"3696.691"	"0.011"	"3696.6841"	"0.0019"	"204"	""		"51361.391"	"54066.518"	"3d6.(5D).4s (6D).5p"	"t 5D*"	"3"	"3d7.(4F).4d"	"e 3G"	"4"		""	"L11631"	
"3704.439"	"0.004"	"3704.4350"	"0.0019"	"195"	""		"31937.325"	"34636.792"	"3d6.(5D).4s.4p.(3P*)"	"z 3D*"	"1"	"3d6.4s2"	"b 1D2"	"2"		""	"L11631"	
"3705.941"	"0.004"	"3705.9410"	"0.0019"	"275"	""		"48163.446"	"50861.816"	"3d5.(6S).4s2.4p"	"v 5P*"	"2"	"3d6.(5D).4s (6D).4d"	"f 7D"	"3"		""	"L11631"	
"3709.12"	"0.03"	"3709.1204"	"0.0019"	"21900bl"	""		"38175.355"	"40871.412"	"3d7.(4F).4p"	"y 3D*"	"3"	"3d8"	"3P"	"2"		""	"L11631"	
"3710.874"	"0.004"	"3710.8712"	"0.0019"	"468"	""		"45595.086"	"48289.871"	"3d6.(5D).4s (6D).5s"	"e 5D"	"0"	"3d5.(6S).4s2.4p"	"v 5P*"	"1"		""	"L11631"	
"3713.099"	"0.004"	"3713.096"	"0.003"	"174"	""		"52682.920"	"55376.090"	"3d7.(2D2).4p"	"t 3D*"	"2"	"3d7.(4F).4d"	"e 3P"	"1"		""	"L11631"	
"3715.896"	"0.004"	"3715.896"	"0.003"	"145"	""		"48289.871"	"50981.012"	"3d5.(6S).4s2.4p"	"v 5P*"	"1"	"3d6.(5D).4s (6D).4d"	"f 5D"	"0"		""	"L11631"	
"3719.695"	"0.004"	"3719.6929"	"0.0020"	"309"	""		"47834.550"	"50522.944"	"3d6.(3F2).4s.4p.(3P*)"	"x 3G*"	"5"	"3d6.(5D).4s (6D).4d"	"e 5G"	"6"		""	"L11631"	
"3750.303"	"0.004"	"3750.300"	"0.003"	"224"	""		"52213.230"	"54879.683"	"3d7.(2D2).4p"	"t 3D*"	"3"	"3d7.(4F).4d"	"e 3P"	"2"		""	"L11631"	
"3755.427"	"0.021"	"3755.4313"	"0.0020"	"105"	""		"51076.628"	"53739.438"	"3d6.(5D).4s (6D).5p"	"t 5D*"	"4"	"3d7.(4F).4d"	"e 3G"	"5"		""	"L11631"	
"3760.01"	"0.03"	"3760.011"	"0.005"	"214bl"	""		"54404.779"	"57064.346"	"3d6.(5D).4s (6D).6s"	"g 7D"	"3"	"3d6.4s.(6D).6p"	"5F*"	"4"		""	"L11631"	
"3767.483"	"0.004"	"3767.4802"	"0.0020"	"229"	""		"45509.152"	"48163.446"	"3d6.(5D).4s (6D).5s"	"e 5D"	"1"	"3d5.(6S).4s2.4p"	"v 5P*"	"2"		""	"L11631"	
"3781.184"	"0.004"	"3781.1815"	"0.0020"	"427"	""		"47966.585"	"50611.261"	"3d5.(6S).4s2.4p"	"v 5P*"	"3"	"3d6.(5D).4s (6D).4d"	"e 7P"	"3"		""	"L11631"	
"3798.361"	"0.012"	"3798.3675"	"0.0020"	"162"	""		"45333.875"	"47966.585"	"3d6.(5D).4s (6D).5s"	"e 5D"	"2"	"3d5.(6S).4s2.4p"	"v 5P*"	"3"		""	"L11631"	
"3799.45"	"0.03"	"3799.450"	"0.006"	"174bl"	""		"54124.744"	"56756.704"	"3d6.(5D).4s (6D).6s"	"g 7D"	"4"	"3d6.4s.(6D).6p"	"7F*"	"4"		""	"L11631"	
"3799.525"	"0.012"	"3799.5220"	"0.0020"	"102"	""		"45061.329"	"47693.239"	"3d6.(5D).4s (6D).5s"	"e 5D"	"3"	"3d6.(3G).4s.4p.(3P*)"	"w 5G*"	"3"		""	"L11631"	
"3801.080"	"0.012"	"3801.0775"	"0.0020"	"224"	""		"50979.579"	"53610.412"	"3d6.(5D).4s (6D).4d"	"e 5G"	"4"	"3d7.(4F).5p"	"5D*"	"4"		""	"L11631"	
"3805.892"	"0.012"	"3805.8977"	"0.0020"	"234"	""		"51630.001"	"54257.502"	"3d6.(5D).4s (6D).5p"	"t 5D*"	"2"	"3d7.(4F).4d"	"g 5F"	"2"		""	"L11631"	
"3815.279"	"0.004"	"3815.277"	"0.004"	"331"	""		"53586.510"	"56207.552"	"3d7.(4F).5p"	"5G*"	"5"	"3d6.4s.(6D).5d"	"5D"	"4"		""	"L11631"	
"3820.73"	"0.03"	"3820.7327"	"0.0021"	"182bl"	""		"29320.026"	"31937.325"	"3d6.4s2"	"b 3D"	"1"	"3d6.(5D).4s.4p.(3P*)"	"z 3D*"	"1"		""	"L11631"	
"3834.960"	"0.012"	"3834.957"	"0.003"	"155"	""		"54124.744"	"56732.335"	"3d6.(5D).4s (6D).6s"	"g 7D"	"4"	"3d6.4s.(6D).6p"	"5D*"	"4"		""	"L11631"	
"3838.376"	"0.012"	"3838.3723"	"0.0021"	"316"	""		"51361.391"	"53966.662"	"3d6.(5D).4s (6D).5p"	"t 5D*"	"3"	"3d7.(4F).4d"	"h 5D"	"2"		""	"L11631"	
"3866.158"	"0.004"	"3866.172"	"0.003"	"620"	""		"49433.131"	"52019.669"	"3d7.(2G).4p"	"w 3F*"	"2"	"3d6.(5D).4s (6D).4d"	"e 5P"	"1"		""	"L11631"	
"3872.161"	"0.004"	"3872.157"	"0.003"	"1120"	""		"54124.744"	"56707.284"	"3d6.(5D).4s (6D).6s"	"g 7D"	"4"	"3d6.4s.(6D).6p"	"5F*"	"5"		""	"L11631"	
"3872.391"	"0.012"	"3872.383"	"0.006"	"174"	""		"56748.901"	"59331.290"	"3d6.4s.(6D<9/2>).4f"	"2[11/2]*"	"6"	"3d6.4s.(6D<9/2>).5g"	"2[9/2]"	"5"		""	"L11631"	
"3874.475"	"0.012"	"3874.475"	"0.006"	"1410"	""		"56748.901"	"59329.896"	"3d6.4s.(6D<9/2>).4f"	"2[11/2]*"	"6"	"3d6.4s.(6D<9/2>).5g"	"2[11/2]"	"6"		""	"L11631"	
"3874.850"	"0.005"	"3874.846"	"0.006"	"3090"	""		"56748.901"	"59329.649"	"3d6.4s.(6D<9/2>).4f"	"2[11/2]*"	"6"	"3d6.4s.(6D<9/2>).5g"	"2[13/2]"	"7"		""	"L11631"	
"3877.778"	"0.012"	"3877.779"	"0.005"	"1120"	""		"56751.099"	"59329.895"	"3d6.4s.(6D<9/2>).4f"	"2[11/2]*"	"5"	"3d6.4s.(6D<9/2>).5g"	"2[11/2]"	"5"		""	"L11631"	
"3878.153"	"0.005"	"3878.153"	"0.006"	"2820"	""		"56751.099"	"59329.646"	"3d6.4s.(6D<9/2>).4f"	"2[11/2]*"	"5"	"3d6.4s.(6D<9/2>).5g"	"2[13/2]"	"6"		""	"L11631"	
"3878.485"	"0.023"	"3878.481"	"0.006"	"460"	""		"56754.932"	"59333.261"	"3d6.4s.(6D<9/2>).4f"	"2[9/2]*"	"4"	"3d6.4s.(6D<9/2>).5g"	"2[7/2]"	"3"		""	"L11422c83"	
"3880.266"	"0.005"	"3880.269"	"0.008"	"4370"	""		"56754.132"	"59331.273"	"3d6.4s.(6D<9/2>).4f"	"2[13/2]*"	"7"	"3d6.4s.(6D<9/2>).5g"	"2[15/2]"	"8"		""	"L11631"	
"3880.981"	"0.030"	"3880.989"	"0.022"	"620*"	""		"57421.469"	"59998.132"	"3d6.4s.(6D<5/2>).4f"	"2[1/2]*"	"1"	"3d6.4s.(6D<5/2>).5g"	"2[3/2]"	"1"		""	"L11422c82"	
"3880.981"	"0.030"	"3880.995"	"0.009"	"620*"	""		"57421.469"	"59998.128"	"3d6.4s.(6D<5/2>).4f"	"2[1/2]*"	"1"	"3d6.4s.(6D<5/2>).5g"	"2[3/2]"	"2"		""	"L11422c82"	
"3881.144"	"0.012"	"3881.138"	"0.006"	"1740"	""		"56754.726"	"59331.290"	"3d6.4s.(6D<9/2>).4f"	"2[9/2]*"	"5"	"3d6.4s.(6D<9/2>).5g"	"2[9/2]"	"5"		""	"L11631"	
"3881.442"	"0.012"	"3881.448"	"0.006"	"1170"	""		"56754.932"	"59331.290"	"3d6.4s.(6D<9/2>).4f"	"2[9/2]*"	"4"	"3d6.4s.(6D<9/2>).5g"	"2[9/2]"	"5"		""	"L11631"	
"3881.965"	"0.023"	"3881.968"	"0.005"	"260"	""		"57621.928"	"60197.941"	"3d6.4s.(6D<3/2>).4f"	"2[9/2]*"	"4"	"3d6.4s.(6D<3/2>).5g"	"2[9/2]"	"4"		""	"L11422c83"	
"3882.328"	"0.023"	"3882.343"	"0.007"	"210"	""		"56754.132"	"59329.896"	"3d6.4s.(6D<9/2>).4f"	"2[13/2]*"	"7"	"3d6.4s.(6D<9/2>).5g"	"2[11/2]"	"6"		""	"L11422c83"	
"3882.709"	"0.012"	"3882.716"	"0.007"	"780"	""		"56754.132"	"59329.649"	"3d6.4s.(6D<9/2>).4f"	"2[13/2]*"	"7"	"3d6.4s.(6D<9/2>).5g"	"2[13/2]"	"7"		""	"L11631"	
"3883.242"	"0.012"	"3883.239"	"0.006"	"2290"	""		"56754.726"	"59329.896"	"3d6.4s.(6D<9/2>).4f"	"2[9/2]*"	"5"	"3d6.4s.(6D<9/2>).5g"	"2[11/2]"	"6"		""	"L11631"	
"3883.554"	"0.012"	"3883.551"	"0.005"	"1620"	""		"56754.932"	"59329.895"	"3d6.4s.(6D<9/2>).4f"	"2[9/2]*"	"4"	"3d6.4s.(6D<9/2>).5g"	"2[11/2]"	"5"		""	"L11631"	
"3883.842"	"0.005"	"3883.841"	"0.007"	"3470"	""		"56756.503"	"59331.274"	"3d6.4s.(6D<9/2>).4f"	"2[13/2]*"	"6"	"3d6.4s.(6D<9/2>).5g"	"2[15/2]"	"7"		""	"L11631"	
"3886.083"	"0.023"	"3886.086"	"0.007"	"417"	""		"57428.064"	"60001.347"	"3d6.4s.(6D<5/2>).4f"	"2[11/2]*"	"6"	"3d6.4s.(6D<5/2>).5g"	"2[11/2]"	"6"		""	"L11631"	
"3886.299"	"0.012"	"3886.298"	"0.007"	"1120"	""		"56756.503"	"59329.646"	"3d6.4s.(6D<9/2>).4f"	"2[13/2]*"	"6"	"3d6.4s.(6D<9/2>).5g"	"2[13/2]"	"6"		""	"L11631"	
"3886.693"	"0.005"	"3886.692"	"0.011"	"3980"	""		"57620.792"	"60193.674"	"3d6.4s.(6D<3/2>).4f"	"2[9/2]*"	"5"	"3d6.4s.(6D<3/2>).5g"	"2[11/2]"	"6"		""	"L11631"	
"3887.651"	"0.012"	"3887.656"	"0.006"	"158"	""		"57429.097"	"60001.341"	"3d6.4s.(6D<5/2>).4f"	"2[11/2]*"	"5"	"3d6.4s.(6D<5/2>).5g"	"2[11/2]"	"5"		""	"L11631"	
"3888.295"	"0.012"	"3888.294"	"0.008"	"1120"	""		"57427.576"	"59999.398"	"3d6.4s.(6D<5/2>).4f"	"2[3/2]*"	"2"	"3d6.4s.(6D<5/2>).5g"	"2[5/2]"	"3"		""	"L11631"	
"3888.418"	"0.005"	"3888.415"	"0.008"	"1660"	""		"57621.928"	"60193.670"	"3d6.4s.(6D<3/2>).4f"	"2[9/2]*"	"4"	"3d6.4s.(6D<3/2>).5g"	"2[11/2]"	"5"		""	"L11631"	
"3889.308"	"0.030"	"3889.301"	"0.006"	"4790bl*"	""		"57145.784"	"59716.940"	"3d6.4s.(6D<7/2>).4f"	"2[9/2]*"	"5"	"3d6.4s.(6D<7/2>).5g"	"2[9/2]"	"5"		""	"L11631"	
"3889.308"	"0.030"	"3889.309"	"0.011"	"4790bl*"	""		"57428.064"	"59999.215"	"3d6.4s.(6D<5/2>).4f"	"2[11/2]*"	"6"	"3d6.4s.(6D<5/2>).5g"	"2[13/2]"	"7"		""	"L11631"	
"3889.522"	"0.005"	"3889.517"	"0.006"	"2510"	""		"57145.784"	"59716.797"	"3d6.4s.(6D<7/2>).4f"	"2[9/2]*"	"5"	"3d6.4s.(6D<7/2>).5g"	"2[11/2]"	"6"		""	"L11631"	
"3890.219"	"0.012"	"3890.214"	"0.005"	"760*"	""		"56764.767"	"59335.320"	"3d6.4s.(6D<9/2>).4f"	"2[7/2]*"	"4"	"3d6.4s.(6D<9/2>).5g"	"2[5/2]"	"3"		""	"L11631"	
"3890.219"	"0.012"	"3890.215"	"0.008"	"760*"	""		"57427.576"	"59998.128"	"3d6.4s.(6D<5/2>).4f"	"2[3/2]*"	"2"	"3d6.4s.(6D<5/2>).5g"	"2[3/2]"	"2"		""	"L11631"	
"3890.576"	"0.005"	"3890.572"	"0.008"	"3630"	""		"57146.772"	"59717.088"	"3d6.4s.(6D<7/2>).4f"	"2[11/2]*"	"6"	"3d6.4s.(6D<7/2>).5g"	"2[13/2]"	"7"		""	"L11631"	
"3890.881"	"0.005"	"3890.880"	"0.006"	"3310"	""		"57429.097"	"59999.210"	"3d6.4s.(6D<5/2>).4f"	"2[11/2]*"	"5"	"3d6.4s.(6D<5/2>).5g"	"2[13/2]"	"6"		""	"L11631"	
"3891.019"	"0.012"	"3891.013"	"0.006"	"590"	""		"57146.772"	"59716.797"	"3d6.4s.(6D<7/2>).4f"	"2[11/2]*"	"6"	"3d6.4s.(6D<7/2>).5g"	"2[11/2]"	"6"		""	"L11631"	
"3891.409"	"0.005"	"3891.400"	"0.006"	"2340"	""		"57147.171"	"59716.940"	"3d6.4s.(6D<7/2>).4f"	"2[9/2]*"	"4"	"3d6.4s.(6D<7/2>).5g"	"2[9/2]"	"5"		""	"L11631"	
"3891.61"	"0.03"	"3891.618"	"0.005"	"690bl"	""		"57147.171"	"59716.796"	"3d6.4s.(6D<7/2>).4f"	"2[9/2]*"	"4"	"3d6.4s.(6D<7/2>).5g"	"2[11/2]"	"5"		""	"L11631"	
"3892.118"	"0.005"	"3892.112"	"0.006"	"2690"	""		"57147.784"	"59717.083"	"3d6.4s.(6D<7/2>).4f"	"2[11/2]*"	"5"	"3d6.4s.(6D<7/2>).5g"	"2[13/2]"	"6"		""	"L11631"	
"3892.554"	"0.012"	"3892.547"	"0.005"	"760"	""		"57147.784"	"59716.796"	"3d6.4s.(6D<7/2>).4f"	"2[11/2]*"	"5"	"3d6.4s.(6D<7/2>).5g"	"2[11/2]"	"5"		""	"L11631"	
"3893.34"	"0.03"	"3893.332"	"0.006"	"660bl*"	""		"56764.767"	"59333.261"	"3d6.4s.(6D<9/2>).4f"	"2[7/2]*"	"4"	"3d6.4s.(6D<9/2>).5g"	"2[7/2]"	"3"		""	"L11631"	
"3893.34"	"0.03"	"3893.335"	"0.006"	"660bl*"	""		"56764.767"	"59333.259"	"3d6.4s.(6D<9/2>).4f"	"2[7/2]*"	"4"	"3d6.4s.(6D<9/2>).5g"	"2[7/2]"	"4"		""	"L11631"	
"3893.67"	"0.03"	"3893.653"	"0.008"	"468bl*"	""		"57431.116"	"59999.398"	"3d6.4s.(6D<5/2>).4f"	"2[5/2]*"	"2"	"3d6.4s.(6D<5/2>).5g"	"2[5/2]"	"3"		""	"L11631"	
"3893.67"	"0.03"	"3893.659"	"0.010"	"468bl*"	""		"57431.116"	"59999.394"	"3d6.4s.(6D<5/2>).4f"	"2[5/2]*"	"2"	"3d6.4s.(6D<5/2>).5g"	"2[5/2]"	"2"		""	"L11631"	
"3893.758"	"0.012"	"3893.753"	"0.006"	"263"	""		"57149.113"	"59717.329"	"3d6.4s.(6D<7/2>).4f"	"2[7/2]*"	"4"	"3d6.4s.(6D<7/2>).5g"	"2[7/2]"	"4"		""	"L11631"	
"3894.00"	"0.03"	"3893.981"	"0.006"	"1070bl*"	""		"57149.702"	"59717.768"	"3d6.4s.(6D<7/2>).4f"	"2[7/2]*"	"3"	"3d6.4s.(6D<7/2>).5g"	"2[5/2]"	"3"		""	"L11631"	
"3894.00"	"0.03"	"3893.988"	"0.006"	"1070bl*"	""		"57149.702"	"59717.763"	"3d6.4s.(6D<7/2>).4f"	"2[7/2]*"	"3"	"3d6.4s.(6D<7/2>).5g"	"2[5/2]"	"2"		""	"L11631"	
"3894.199"	"0.023"	"3894.198"	"0.007"	"1050"	""		"57149.845"	"59717.768"	"3d6.4s.(6D<7/2>).4f"	"2[5/2]*"	"3"	"3d6.4s.(6D<7/2>).5g"	"2[5/2]"	"3"		""	"L11631"	
"3894.245"	"0.023"	"3894.283"	"0.011"	"288"	""		"57432.848"	"60000.715"	"3d6.4s.(6D<5/2>).4f"	"2[5/2]*"	"3"	"3d6.4s.(6D<5/2>).5g"	"2[7/2]"	"4"		""	"L11631"	
"3894.34"	"0.03"	"3894.343"	"0.006"	"4270bl"	""		"57149.113"	"59716.940"	"3d6.4s.(6D<7/2>).4f"	"2[7/2]*"	"4"	"3d6.4s.(6D<7/2>).5g"	"2[9/2]"	"5"		""	"L11631"	
"3894.563"	"0.012"	"3894.562"	"0.005"	"870"	""		"57149.113"	"59716.796"	"3d6.4s.(6D<7/2>).4f"	"2[7/2]*"	"4"	"3d6.4s.(6D<7/2>).5g"	"2[11/2]"	"5"		""	"L11631"	
"3894.659"	"0.012"	"3894.659"	"0.006"	"1320"	""		"57149.702"	"59717.321"	"3d6.4s.(6D<7/2>).4f"	"2[7/2]*"	"3"	"3d6.4s.(6D<7/2>).5g"	"2[7/2]"	"3"		""	"L11631"	
"3894.862"	"0.012"	"3894.864"	"0.007"	"720"	""		"57149.845"	"59717.329"	"3d6.4s.(6D<7/2>).4f"	"2[5/2]*"	"3"	"3d6.4s.(6D<7/2>).5g"	"2[7/2]"	"4"		""	"L11631"	
"3895.226"	"0.012"	"3895.225"	"0.006"	"580"	""		"57149.702"	"59716.948"	"3d6.4s.(6D<7/2>).4f"	"2[7/2]*"	"3"	"3d6.4s.(6D<7/2>).5g"	"2[9/2]"	"4"		""	"L11631"	
"3895.284"	"0.012"	"3895.282"	"0.006"	"850"	""		"56766.053"	"59333.261"	"3d6.4s.(6D<9/2>).4f"	"2[7/2]*"	"3"	"3d6.4s.(6D<9/2>).5g"	"2[7/2]"	"3"		""	"L11631"	
"3895.583"	"0.030"	"3895.574"	"0.021"	"320*"	""		"57431.116"	"59998.132"	"3d6.4s.(6D<5/2>).4f"	"2[5/2]*"	"2"	"3d6.4s.(6D<5/2>).5g"	"2[3/2]"	"1"		""	"L11422c83"	
"3895.583"	"0.030"	"3895.580"	"0.008"	"320*"	""		"57431.116"	"59998.128"	"3d6.4s.(6D<5/2>).4f"	"2[5/2]*"	"2"	"3d6.4s.(6D<5/2>).5g"	"2[3/2]"	"2"		""	"L11422c83"	
"3896.112"	"0.012"	"3896.109"	"0.010"	"1820"	""		"57743.052"	"60309.715"	"3d6.4s.(6D<1/2>).4f"	"2[5/2]*"	"3"	"3d6.4s.(6D<1/2>).5g"	"2[7/2]"	"4"		""	"L11631"	
"3896.217"	"0.012"	"3896.232"	"0.009"	"740"	""		"57743.133"	"60309.715"	"3d6.4s.(6D<1/2>).4f"	"2[7/2]*"	"4"	"3d6.4s.(6D<1/2>).5g"	"2[7/2]"	"4"		""	"L11631"	
"3896.27"	"0.03"	"3896.27"	"0.03"	"2290bl*"	""		"57743.133"	"60309.69"	"3d6.4s.(6D<1/2>).4f"	"2[7/2]*"	"4"	"3d6.4s.(6D<1/2>).5g"	"2[9/2]"	"5"		""	"L11631"	
"3896.27"	"0.03"	"3896.281"	"0.008"	"2290bl*"	""		"57432.848"	"59999.398"	"3d6.4s.(6D<5/2>).4f"	"2[5/2]*"	"3"	"3d6.4s.(6D<5/2>).5g"	"2[5/2]"	"3"		""	"L11631"	
"3896.323"	"0.012"	"3896.322"	"0.006"	"930"	""		"56764.767"	"59331.290"	"3d6.4s.(6D<9/2>).4f"	"2[7/2]*"	"4"	"3d6.4s.(6D<9/2>).5g"	"2[9/2]"	"5"		""	"L11631"	
"3896.584"	"0.012"	"3896.583"	"0.008"	"600"	""		"57743.370"	"60309.721"	"3d6.4s.(6D<1/2>).4f"	"2[5/2]*"	"2"	"3d6.4s.(6D<1/2>).5g"	"2[7/2]"	"3"		""	"L11631"	
"3897.54"	"0.03"	"3897.519"	"0.003"	"890bl*"	""		"51219.015"	"53784.750"	"3d6.(5D).4s (6D).4d"	"e 5G"	"3"	"3d7.(4F).5p"	"5D*"	"3"		""	"L11631"	
"3897.54"	"0.03"	"3897.543"	"0.023"	"890bl*"	""		"57152.415"	"59718.134"	"3d6.4s.(6D<7/2>).4f"	"2[5/2]*"	"2"	"3d6.4s.(6D<7/2>).5g"	"2[3/2]"	"1"		""	"L11631"	
"3897.54"	"0.03"	"3897.543"	"0.020"	"890bl*"	""		"57152.415"	"59718.134"	"3d6.4s.(6D<7/2>).4f"	"2[5/2]*"	"2"	"3d6.4s.(6D<7/2>).5g"	"2[3/2]"	"2"		""	"L11631"	
"3897.710"	"0.005"	"3897.709"	"0.011"	"3720"	""		"57152.335"	"59717.945"	"3d6.4s.(6D<7/2>).4f"	"2[13/2]*"	"7"	"3d6.4s.(6D<7/2>).5g"	"2[15/2]"	"8"		""	"L11631"	
"3897.885"	"0.023"	"3897.882"	"0.007"	"275"	""		"57152.267"	"59717.763"	"3d6.4s.(6D<7/2>).4f"	"2[3/2]*"	"1"	"3d6.4s.(6D<7/2>).5g"	"2[5/2]"	"2"		""	"L11631"	
"3898.123"	"0.030"	"3898.107"	"0.006"	"2090bl*"	""		"57152.415"	"59717.763"	"3d6.4s.(6D<7/2>).4f"	"2[5/2]*"	"2"	"3d6.4s.(6D<7/2>).5g"	"2[5/2]"	"2"		""	"L11631"	
"3898.123"	"0.030"	"3898.122"	"0.011"	"2090bl*"	""		"57631.095"	"60196.433"	"3d6.4s.(6D<3/2>).4f"	"2[5/2]*"	"3"	"3d6.4s.(6D<3/2>).5g"	"2[7/2]"	"4"		""	"L11631"	
"3898.275"	"0.012"	"3898.274"	"0.006"	"760"	""		"56766.053"	"59331.291"	"3d6.4s.(6D<9/2>).4f"	"2[7/2]*"	"3"	"3d6.4s.(6D<9/2>).5g"	"2[9/2]"	"4"		""	"L11631"	
"3898.985"	"0.005"	"3898.981"	"0.016"	"5200*"	""		"57153.171"	"59717.944"	"3d6.4s.(6D<7/2>).4f"	"2[13/2]*"	"6"	"3d6.4s.(6D<7/2>).5g"	"2[15/2]"	"7"		""	"L11631"	
"3898.985"	"0.005"	"3898.982"	"0.015"	"5200*"	""		"57744.932"	"60309.704"	"3d6.4s.(6D<1/2>).4f"	"2[7/2]*"	"3"	"3d6.4s.(6D<1/2>).5g"	"2[9/2]"	"4"		""	"L11631"	
"3900.277"	"0.023"	"3900.290"	"0.007"	"457"	""		"57153.171"	"59717.083"	"3d6.4s.(6D<7/2>).4f"	"2[13/2]*"	"6"	"3d6.4s.(6D<7/2>).5g"	"2[13/2]"	"6"		""	"L11631"	
"3900.379"	"0.023"	"3900.361"	"0.020"	"316"	""		"57154.269"	"59718.134"	"3d6.4s.(6D<7/2>).4f"	"2[3/2]*"	"2"	"3d6.4s.(6D<7/2>).5g"	"2[3/2]"	"2"		""	"L11631"	
"3900.498"	"0.030"	"3900.491"	"0.015"	"2290bl*"	""		"57632.654"	"60196.434"	"3d6.4s.(6D<3/2>).4f"	"2[5/2]*"	"2"	"3d6.4s.(6D<3/2>).5g"	"2[7/2]"	"3"		""	"L11631"	
"3900.498"	"0.030"	"3900.494"	"0.006"	"2290bl*"	""		"57437.801"	"60001.579"	"3d6.4s.(6D<5/2>).4f"	"2[7/2]*"	"4"	"3d6.4s.(6D<5/2>).5g"	"2[9/2]"	"5"		""	"L11631"	
"3900.687"	"0.023"	"3900.687"	"0.006"	"282"	""		"57437.928"	"60001.579"	"3d6.4s.(6D<5/2>).4f"	"2[9/2]*"	"5"	"3d6.4s.(6D<5/2>).5g"	"2[9/2]"	"5"		""	"L11631"	
"3900.869"	"0.005"	"3900.856"	"0.006"	"1740"	""		"57437.801"	"60001.341"	"3d6.4s.(6D<5/2>).4f"	"2[7/2]*"	"4"	"3d6.4s.(6D<5/2>).5g"	"2[11/2]"	"5"		""	"L11631"	
"3901.044"	"0.005"	"3901.040"	"0.006"	"3020"	""		"57437.928"	"60001.347"	"3d6.4s.(6D<5/2>).4f"	"2[9/2]*"	"5"	"3d6.4s.(6D<5/2>).5g"	"2[11/2]"	"6"		""	"L11631"	
"3901.818"	"0.011"	"3901.809"	"0.011"	"730"	""		"57437.801"	"60000.715"	"3d6.4s.(6D<5/2>).4f"	"2[7/2]*"	"4"	"3d6.4s.(6D<5/2>).5g"	"2[7/2]"	"4"		""	"L11422c83"	
"3902.66"	"0.03"	"3902.658"	"0.006"	"760bl*"	""		"57439.223"	"60001.579"	"3d6.4s.(6D<5/2>).4f"	"2[9/2]*"	"4"	"3d6.4s.(6D<5/2>).5g"	"2[9/2]"	"5"		""	"L11631"	
"3902.66"	"0.03"	"3902.683"	"0.011"	"760bl*"	""		"57439.223"	"60001.563"	"3d6.4s.(6D<5/2>).4f"	"2[9/2]*"	"4"	"3d6.4s.(6D<5/2>).5g"	"2[9/2]"	"4"		""	"L11631"	
"3902.887"	"0.005"	"3902.896"	"0.009"	"170"	""		"57437.194"	"59999.394"	"3d6.4s.(6D).6p"	"5P*"	"2"	"3d6.4s.(6D<5/2>).5g"	"2[5/2]"	"2"		""	"L11422c82"	
"3903.024"	"0.005"	"3903.021"	"0.006"	"2240"	""		"57439.223"	"60001.341"	"3d6.4s.(6D<5/2>).4f"	"2[9/2]*"	"4"	"3d6.4s.(6D<5/2>).5g"	"2[11/2]"	"5"		""	"L11631"	
"3903.08"	"0.03"	"3903.083"	"0.011"	"850bl*"	""		"57439.486"	"60001.563"	"3d6.4s.(6D<5/2>).4f"	"2[7/2]*"	"3"	"3d6.4s.(6D<5/2>).5g"	"2[9/2]"	"4"		""	"L11631"	
"3903.08"	"0.03"	"3903.086"	"0.023"	"850bl*"	""		"57156.059"	"59718.134"	"3d6.4s.(6D<7/2>).4f"	"2[1/2]*"	"0"	"3d6.4s.(6D<7/2>).5g"	"2[3/2]"	"1"		""	"L11631"	
"3903.438"	"0.005"	"3903.4368"	"0.0021"	"690"	""		"50522.944"	"53084.789"	"3d6.(5D).4s (6D).4d"	"e 5G"	"6"	"3d7.(4F).5p"	"5F*"	"5"		""	"L11631"	
"3904.374"	"0.023"	"3904.38"	"0.03"	"610"	""		"57439.486"	"60000.71"	"3d6.4s.(6D<5/2>).4f"	"2[7/2]*"	"3"	"3d6.4s.(6D<5/2>).5g"	"2[7/2]"	"3"		""	"L11422c83"	
"3904.644"	"0.023"	"3904.66"	"0.03"	"300"	""		"57631.095"	"60192.14"	"3d6.4s.(6D<3/2>).4f"	"2[5/2]*"	"3"	"3d6.4s.(6D<3/2>).5g"	"2[5/2]"	"3"		""	"L11422c83"	
"3906.529"	"0.023"	"3906.520"	"0.008"	"331"	""		"56777.262"	"59337.085"	"3d6.4s.(6D<9/2>).4f"	"2[5/2]*"	"3"	"3d6.4s.(6D<9/2>).5g"	"2[3/2]"	"2"		""	"L11631"	
"3907.039"	"0.023"	"3907.05"	"0.03"	"282"	""		"57632.654"	"60192.13"	"3d6.4s.(6D<3/2>).4f"	"2[5/2]*"	"2"	"3d6.4s.(6D<3/2>).5g"	"2[5/2]"	"2"		""	"L11631"	
"3909.220"	"0.012"	"3909.216"	"0.005"	"930"	""		"56777.262"	"59335.320"	"3d6.4s.(6D<9/2>).4f"	"2[5/2]*"	"3"	"3d6.4s.(6D<9/2>).5g"	"2[5/2]"	"3"		""	"L11631"	
"3910.00"	"0.03"	"3909.997"	"0.008"	"316bl*"	""		"56779.538"	"59337.085"	"3d6.4s.(6D<9/2>).4f"	"2[5/2]*"	"2"	"3d6.4s.(6D<9/2>).5g"	"2[3/2]"	"2"		""	"L11631"	
"3910.00"	"0.03"	"3910.001"	"0.008"	"316bl*"	""		"56779.538"	"59337.082"	"3d6.4s.(6D<9/2>).4f"	"2[5/2]*"	"2"	"3d6.4s.(6D<9/2>).5g"	"2[3/2]"	"1"		""	"L11631"	
"3910.91"	"0.03"	"3910.91"	"0.03"	"10700bl*"	""		"56778.773"	"59335.72"	"3d6.4s.(6D<9/2>).4f"	"2[15/2]*"	"7"	"3d6.4s.(6D<9/2>).5g"	"2[17/2]"	"8"		""	"L11631"	
"3910.91"	"0.03"	"3910.93"	"0.03"	"10700bl*"	""		"56778.791"	"59335.73"	"3d6.4s.(6D<9/2>).4f"	"2[15/2]*"	"8"	"3d6.4s.(6D<9/2>).5g"	"2[17/2]"	"9"		""	"L11631"	
"3911.253"	"0.012"	"3911.254"	"0.009"	"2090"	""		"57641.219"	"60197.944"	"3d6.4s.(6D<3/2>).4f"	"2[7/2]*"	"4"	"3d6.4s.(6D<3/2>).5g"	"2[9/2]"	"5"		""	"L11631"	
"3912.370"	"0.012"	"3912.368"	"0.006"	"490"	""		"56777.262"	"59333.259"	"3d6.4s.(6D<9/2>).4f"	"2[5/2]*"	"3"	"3d6.4s.(6D<9/2>).5g"	"2[7/2]"	"4"		""	"L11631"	
"3912.695"	"0.012"	"3912.695"	"0.008"	"680"	""		"56779.538"	"59335.321"	"3d6.4s.(6D<9/2>).4f"	"2[5/2]*"	"2"	"3d6.4s.(6D<9/2>).5g"	"2[5/2]"	"2"		""	"L11631"	
"3913.038"	"0.012"	"3913.040"	"0.005"	"1510"	""		"57642.383"	"60197.941"	"3d6.4s.(6D<3/2>).4f"	"2[7/2]*"	"3"	"3d6.4s.(6D<3/2>).5g"	"2[9/2]"	"4"		""	"L11631"	
"3913.551"	"0.023"	"3913.567"	"0.011"	"460"	""		"57641.219"	"60196.433"	"3d6.4s.(6D<3/2>).4f"	"2[7/2]*"	"4"	"3d6.4s.(6D<3/2>).5g"	"2[7/2]"	"4"		""	"L11422c83"	
"3915.354"	"0.023"	"3915.349"	"0.015"	"350"	""		"57642.383"	"60196.434"	"3d6.4s.(6D<3/2>).4f"	"2[7/2]*"	"3"	"3d6.4s.(6D<3/2>).5g"	"2[7/2]"	"3"		""	"L11422c83"	
"3915.851"	"0.012"	"3915.851"	"0.006"	"417"	""		"56779.538"	"59333.261"	"3d6.4s.(6D<9/2>).4f"	"2[5/2]*"	"2"	"3d6.4s.(6D<9/2>).5g"	"2[7/2]"	"3"		""	"L11631"	
"3917.746"	"0.012"	"3917.726"	"0.008"	"1350*"	""		"56778.773"	"59331.274"	"3d6.4s.(6D<9/2>).4f"	"2[15/2]*"	"7"	"3d6.4s.(6D<9/2>).5g"	"2[15/2]"	"7"		""	"L11631"	
"3917.746"	"0.012"	"3917.755"	"0.009"	"1350*"	""		"56778.791"	"59331.273"	"3d6.4s.(6D<9/2>).4f"	"2[15/2]*"	"8"	"3d6.4s.(6D<9/2>).5g"	"2[15/2]"	"8"		""	"L11631"	
"3923.784"	"0.023"	"3923.784"	"0.011"	"710"	""		"56789.699"	"59338.259"	"3d6.4s.(6D<9/2>).4f"	"2[3/2]*"	"2"	"3d6.4s.(6D<9/2>).5g"	"2[1/2]"	"1"		""	"L11631"	
"3924.925"	"0.012"	"3924.9194"	"0.0022"	"224"	""		"51827.854"	"54375.677"	"3d6.(5D).4s (6D).5p"	"t 5D*"	"1"	"3d7.(4F).4d"	"f 5G"	"2"		""	"L11631"	
"3925.58"	"0.03"	"3925.593"	"0.008"	"560bl*"	""		"56789.699"	"59337.085"	"3d6.4s.(6D<9/2>).4f"	"2[3/2]*"	"2"	"3d6.4s.(6D<9/2>).5g"	"2[3/2]"	"2"		""	"L11631"	
"3925.58"	"0.03"	"3925.597"	"0.008"	"560bl*"	""		"56789.699"	"59337.082"	"3d6.4s.(6D<9/2>).4f"	"2[3/2]*"	"2"	"3d6.4s.(6D<9/2>).5g"	"2[3/2]"	"1"		""	"L11631"	
"3926.725"	"0.023"	"3926.726"	"0.023"	"288"	""		"56791.623"	"59338.274"	"3d6.4s.(6D<9/2>).4f"	"2[3/2]*"	"1"	"3d6.4s.(6D<9/2>).5g"	"2[1/2]"	"0"		""	"L11631"	
"3928.57"	"0.03"	"3928.560"	"0.008"	"288bl*"	""		"56791.623"	"59337.085"	"3d6.4s.(6D<9/2>).4f"	"2[3/2]*"	"1"	"3d6.4s.(6D<9/2>).5g"	"2[3/2]"	"2"		""	"L11631"	
"3928.57"	"0.03"	"3928.565"	"0.008"	"288bl*"	""		"56791.623"	"59337.082"	"3d6.4s.(6D<9/2>).4f"	"2[3/2]*"	"1"	"3d6.4s.(6D<9/2>).5g"	"2[3/2]"	"1"		""	"L11631"	
"3931.296"	"0.023"	"3931.284"	"0.008"	"260"	""		"56791.623"	"59335.321"	"3d6.4s.(6D<9/2>).4f"	"2[3/2]*"	"1"	"3d6.4s.(6D<9/2>).5g"	"2[5/2]"	"2"		""	"L11422c83"	
"3950.795"	"0.005"	"3950.7921"	"0.0022"	"447"	""		"51630.001"	"54161.139"	"3d6.(5D).4s (6D).5p"	"t 5D*"	"2"	"3d7.(4F).4d"	"f 5G"	"3"		""	"L11631"	
"3954.58"	"0.03"	"3954.5715"	"0.0022"	"1580bl*"	""		"45061.329"	"47590.048"	"3d6.(5D).4s (6D).5s"	"e 5D"	"3"	"3d6.(3G).4s.4p.(3P*)"	"w 5G*"	"4"		""	"L11631"	
"3954.58"	"0.03"	"3954.579"	"0.004"	"1580bl*"	""		"54611.710"	"57140.424"	"3d6.(5D).4s (6D).6s"	"g 7D"	"2"	"3d6.4s.(6D).6p"	"7F*"	"2"		""	"L11631"	
"3954.775"	"0.005"	"3954.7763"	"0.0022"	"447"	""		"42532.741"	"45061.329"	"3d6.(3P2).4s.4p.(3P*)"	"x 5P*"	"3"	"3d6.(5D).4s (6D).5s"	"e 5D"	"3"		""	"L11631"	
"3956.66"	"0.03"	"3956.671"	"0.004"	"33100bl"	""		"53586.510"	"56113.887"	"3d7.(4F).5p"	"5G*"	"5"	"3d7.(4F).6s"	"5F"	"5"		""	"L11631"	
"3986.122"	"0.005"	"3986.1235"	"0.0022"	"1380"	""		"47966.585"	"50475.288"	"3d5.(6S).4s2.4p"	"v 5P*"	"3"	"3d6.(5D).4s (6D).4d"	"e 7P"	"4"		""	"L11631"	
"3987.07"	"0.03"	"3987.071"	"0.005"	"4570bl"	""		"57155.857"	"59663.964"	"3d6.4s.(6D).5d"	"7G"	"4"	"3d6.4s.(6D<7/2>).5f"	"2[11/2]*"	"5"		""	"L11631"	
"3991.098"	"0.005"	"3991.0983"	"0.0022"	"1580"	""		"32873.632"	"35379.208"	"3d8"	"c 3F"	"4"	"3d7.(4F).4p"	"z 3G*"	"5"		""	"L11631"	
"3994.44"	"0.03"	"3994.4477"	"0.0022"	"17000bl"	""		"53610.412"	"56113.887"	"3d7.(4F).5p"	"5D*"	"4"	"3d7.(4F).6s"	"5F"	"5"		""	"L11631"	
"3995.525"	"0.005"	"3995.5234"	"0.0023"	"407"	""		"32133.991"	"34636.792"	"3d6.(5D).4s.4p.(3P*)"	"z 3F*"	"2"	"3d6.4s2"	"b 1D2"	"2"		""	"L11631"	
"3999.406"	"0.005"	"3999.4033"	"0.0023"	"10200"	""		"38678.039"	"41178.412"	"3d7.(4F).4p"	"y 3D*"	"2"	"3d8"	"3P"	"1"		""	"L11631"	
"4026.338"	"0.005"	"4026.342"	"0.005"	"2820"	""		"54404.779"	"56888.423"	"3d6.(5D).4s (6D).6s"	"g 7D"	"3"	"3d6.4s.(6D).6p"	"7P*"	"3"		""	"L11631"	
"4049.89"	"0.03"	"4049.873"	"0.004"	"540bl*"	""		"54257.679"	"56726.892"	"3d7.(4F).5p"	"5G*"	"2"	"3d6.4s.(6D).5d"	"5F"	"3"		""	"L11631"	
"4049.89"	"0.03"	"4049.8865"	"0.0023"	"540bl*"	""		"51076.628"	"53545.833"	"3d6.(5D).4s (6D).5p"	"t 5D*"	"4"	"3d7.(4F).4d"	"h 5D"	"3"		""	"L11631"	
"4064.837"	"0.005"	"4064.837"	"0.005"	"8700"	""		"53800.859"	"56260.982"	"3d6.(5D).4s (6D).6s"	"g 7D"	"5"	"3d6.4s.(6D).6p"	"7F*"	"6"		""	"L11631"	
"4070.748"	"0.005"	"4070.7463"	"0.0023"	"760"	""		"47966.585"	"50423.137"	"3d5.(6S).4s2.4p"	"v 5P*"	"3"	"3d6.(5D).4s (6D).4d"	"f 5D"	"4"		""	"L11631"	
"4081.89"	"0.03"	"4081.901"	"0.004"	"1700bl"	""		"51334.911"	"53784.750"	"3d6.(5D).4s (6D).4d"	"e 7G"	"4"	"3d7.(4F).5p"	"5D*"	"3"		""	"L11631"	
"4084.421"	"0.005"	"4084.4217"	"0.0024"	"398"	""		"29356.744"	"31805.071"	"3d6.4s2"	"b 3D"	"2"	"3d6.(5D).4s.4p.(3P*)"	"z 3F*"	"3"		""	"L11631"	
"4085.276"	"0.005"	"4085.2761"	"0.0024"	"389"	""		"48163.446"	"50611.261"	"3d5.(6S).4s2.4p"	"v 5P*"	"2"	"3d6.(5D).4s (6D).4d"	"e 7P"	"3"		""	"L11631"	
"4085.907"	"0.013"	"4085.8987"	"0.0024"	"257"	""		"51619.076"	"54066.518"	"3d6.(5D).4s (6D).5p"	"u 5F*"	"3"	"3d7.(4F).4d"	"e 3G"	"4"		""	"L11631"	
"4090.57"	"0.03"	"4090.5718"	"0.0024"	"93"	""		"51941.540"	"54386.186"	"3d6.(5D).4s (6D).5p"	"t 5D*"	"0"	"3d7.(4F).4d"	"g 5F"	"1"		""	"L11631"	
"4094.974"	"0.013"	"4094.9739"	"0.0024"	"62"	""		"52682.920"	"55124.938"	"3d7.(2D2).4p"	"t 3D*"	"2"	"3d7.(4F).4d"	"f 3F"	"3"		""	"L11631"	
"4101.006"	"0.013"	"4101.010"	"0.004"	"457"	""		"51604.103"	"54042.527"	"3d6.(5D).4s (6D).4d"	"f 5F"	"3"	"3d7.(4F).5p"	"5F*"	"2"		""	"L11631"	
"4101.151"	"0.013"	"4101.142"	"0.004"	"372"	""		"55134.168"	"57572.513"	"3d6.4s.(6D).6s"	"5D"	"2"	"3d6.4s.(6D).6p"	"5F*"	"2"		""	"L11631"	
"4105.353"	"0.013"	"4105.352"	"0.006"	"479"	""		"55305.627"	"57741.472"	"3d6.4s.(6D).6s"	"5D"	"1"	"3d6.4s.(6D).6p"	"5P*"	"1"		""	"L11631"	
"4137.619"	"0.005"	"4137.614"	"0.005"	"5000"	""		"54124.744"	"56541.596"	"3d6.(5D).4s (6D).6s"	"g 7D"	"4"	"3d6.4s.(6D).6p"	"7P*"	"4"		""	"L11631"	
"4148.2846"	"0.0017"	""	""	"6300"	""		""	""	""	""	""	""	""	""		""	"L11631"	
"4151.925"	"0.005"	"4151.926"	"0.004"	"950"	""		"54479.902"	"56888.423"	"3d6.4s.(6D).6s"	"5D"	"4"	"3d6.4s.(6D).6p"	"7P*"	"3"		""	"L11631"	
"4177.254"	"0.005"	"4177.2543"	"0.0025"	"1700"	""		"40421.938"	"42815.855"	"3d5.(6S).4s2.4p"	"y 7P*"	"4"	"3d6.(5D).4s (6D).5s"	"e 7D"	"5"		""	"L11631"	
"4180.605"	"0.005"	"4180.602"	"0.006"	"3980"	""		"54124.744"	"56516.744"	"3d6.(5D).4s (6D).6s"	"g 7D"	"4"	"3d6.4s.(6D).6p"	"7D*"	"4"		""	"L11631"	
"4181.579"	"0.005"	"4181.576"	"0.006"	"1550"	""		"54479.902"	"56871.345"	"3d6.4s.(6D).6s"	"5D"	"4"	"3d6.4s.(6D).6p"	"5P*"	"3"		""	"L11631"	
"4200.057"	"0.014"	"4200.0589"	"0.0025"	"830"	""		"50703.870"	"53084.789"	"3d6.(5D).4s (6D).4d"	"e 5G"	"5"	"3d7.(4F).5p"	"5F*"	"5"		""	"L11631"	
"4204.836"	"0.005"	"4204.838"	"0.006"	"4900"	""		"54124.744"	"56502.957"	"3d6.(5D).4s (6D).6s"	"g 7D"	"4"	"3d6.4s.(6D).6p"	"7F*"	"5"		""	"L11631"	
"4240.918"	"0.014"	"4240.916"	"0.003"	"112"	""		"51381.457"	"53739.438"	"3d6.(5D).4s (6D).5p"	"u 5F*"	"4"	"3d7.(4F).4d"	"e 3G"	"5"		""	"L11631"	
"4246.560"	"0.005"	"4246.560"	"0.003"	"380"	""		"33412.717"	"35767.564"	"3d8"	"c 3F"	"3"	"3d7.(4F).4p"	"z 3G*"	"4"		""	"L11631"	
"4251.838"	"0.005"	"4251.836"	"0.008"	"1550"	""		"54404.779"	"56756.704"	"3d6.(5D).4s (6D).6s"	"g 7D"	"3"	"3d6.4s.(6D).6p"	"7F*"	"4"		""	"L11631"	
"4292.566"	"0.015"	"4292.570"	"0.003"	"195"	""		"29356.744"	"31686.351"	"3d6.4s2"	"b 3D"	"2"	"3d6.(5D).4s.4p.(3P*)"	"z 3D*"	"2"		""	"L11631"	
"4300.372"	"0.006"	"4300.371"	"0.004"	"790"	""		"54864.831"	"57190.212"	"3d6.4s.(6D).6s"	"5D"	"3"	"3d6.4s.(6D).6p"	"7P*"	"2"		""	"L11631"	
"4307.240"	"0.006"	"4307.241"	"0.010"	"347"	""		"54611.710"	"56933.382"	"3d6.(5D).4s (6D).6s"	"g 7D"	"2"	"3d6.4s.(6D).6p"	"7D*"	"2"		""	"L11631"	
"4311.326"	"0.006"	"4311.326"	"0.004"	"3630"	""		"53800.859"	"56120.331"	"3d6.(5D).4s (6D).6s"	"g 7D"	"5"	"3d6.4s.(6D).6p"	"7D*"	"5"		""	"L11631"	
"4321.399"	"0.006"	"4321.398"	"0.003"	"1780"	""		"33765.306"	"36079.372"	"3d8"	"c 3F"	"2"	"3d7.(4F).4p"	"z 3G*"	"3"		""	"L11631"	
"4338.984"	"0.006"	"4338.965"	"0.003"	"331"	""		"51827.854"	"54132.551"	"3d6.(5D).4s (6D).5p"	"t 5D*"	"1"	"3d7.(4F).4d"	"h 5D"	"1"		""	"L11631"	
"4340.837"	"0.015"	"4340.843"	"0.004"	"950"	""		"54864.831"	"57168.531"	"3d6.4s.(6D).6s"	"5D"	"3"	"3d6.4s.(6D).6p"	"5D*"	"3"		""	"L11631"	
"4375.515"	"0.006"	"4375.514"	"0.003"	"930"	""		"51103.191"	"53388.637"	"3d6.(5D).4s (6D).4d"	"f 5F"	"5"	"3d7.(4F).5p"	"5F*"	"4"		""	"L11631"	
"4382.914"	"0.015"	"4382.910"	"0.003"	"930"	""		"55134.168"	"57415.757"	"3d6.4s.(6D).6s"	"5D"	"2"	"3d6.4s.(6D).6p"	"5D*"	"2"		""	"L11631"	
"4394.459"	"0.006"	"4394.459"	"0.003"	"830"	""		"54864.831"	"57140.424"	"3d6.4s.(6D).6s"	"5D"	"3"	"3d6.4s.(6D).6p"	"7F*"	"2"		""	"L11631"	
"4395.627"	"0.006"	"4395.620"	"0.003"	"347"	""		"51837.238"	"54112.230"	"3d6.(5D).4s (6D).4d"	"e 5P"	"3"	"3d6.(3D).4s.4p.(3P*)"	"t 5P*"	"2"		""	"L11631"	
"4411.159"	"0.006"	"4411.163"	"0.006"	"830"	""		"55134.168"	"57401.144"	"3d6.4s.(6D).6s"	"5D"	"2"	"3d6.4s.(6D).6p"	"5D*"	"1"		""	"L11631"	
"4411.341"	"0.006"	"4411.338"	"0.006"	"1170"	""		"55305.627"	"57572.513"	"3d6.4s.(6D).6s"	"5D"	"1"	"3d6.4s.(6D).6p"	"5F*"	"2"		""	"L11631"	
"4439.645"	"0.006"	"4439.644"	"0.004"	"4170"	""		"54479.902"	"56732.335"	"3d6.4s.(6D).6s"	"5D"	"4"	"3d6.4s.(6D).6p"	"5D*"	"4"		""	"L11631"	
"4462.598"	"0.016"	"4462.584"	"0.007"	"251"	""		"55305.627"	"57546.481"	"3d6.4s.(6D).6s"	"5D"	"1"	"3d6.4s.(6D).6p"	"5F*"	"1"		""	"L11631"	
"4466.740"	"0.006"	"4466.740"	"0.003"	"3550"	""		"38995.736"	"41234.505"	"3d7.(4F).4p"	"y 3D*"	"1"	"3d8"	"3P"	"0"		""	"L11631"	
"4489.58"	"0.04"	"4489.576"	"0.005"	"4570bl"	""		"54479.902"	"56707.284"	"3d6.4s.(6D).6s"	"5D"	"4"	"3d6.4s.(6D).6p"	"5F*"	"5"		""	"L11631"	
"4520.517"	"0.006"	"4520.518"	"0.003"	"1320"	""		"44677.006"	"46889.142"	"3d6.(5D).4s (6D).5s"	"e 5D"	"4"	"3d6.(3F2).4s.4p.(3P*)"	"x 3F*"	"4"		""	"L11631"	
"4525.589"	"0.006"	"4525.583"	"0.005"	"1620"	""		"55134.168"	"57343.828"	"3d6.4s.(6D).6s"	"5D"	"2"	"3d6.4s.(6D).6p"	"5F*"	"3"		""	"L11631"	
"4530.307"	"0.016"	"4530.299"	"0.003"	"288"	""		"51361.391"	"53568.751"	"3d6.(5D).4s (6D).5p"	"t 5D*"	"3"	"3d7.(4F).4d"	"f 5P"	"2"		""	"L11631"	
"4535.03"	"0.04"	"4535.022"	"0.003"	"590bl"	""		"51076.628"	"53281.689"	"3d6.(5D).4s (6D).5p"	"t 5D*"	"4"	"3d7.(4F).4d"	"f 5G"	"5"		""	"L11631"	
"4538.04"	"0.04"	"4538.043"	"0.005"	"372bl"	""		"52067.469"	"54271.062"	"3d6.(5D).4s (6D).4d"	"e 5P"	"2"	"3d6.(3D).4s.4p.(3P*)"	"t 5P*"	"1"		""	"L11631"	
"4540.35"	"0.04"	"4540.355"	"0.006"	"275bl"	""		"54134.655"	"56337.126"	"3d7.(4F).5p"	"5G*"	"3"	"3d6.4s.(6D).5d"	"5D"	"3"		""	"L11631"	
"4543.451"	"0.017"	"4543.443"	"0.003"	"214"	""		"51630.001"	"53830.975"	"3d6.(5D).4s (6D).5p"	"t 5D*"	"2"	"3d7.(4F).4d"	"g 5F"	"3"		""	"L11631"	
"4546.459"	"0.006"	"4546.457"	"0.007"	"3800"	""		"54864.831"	"57064.346"	"3d6.4s.(6D).6s"	"5D"	"3"	"3d6.4s.(6D).6p"	"5F*"	"4"		""	"L11631"	
"4546.678"	"0.006"	"4546.676"	"0.003"	"468"	""		"51461.670"	"53661.079"	"3d6.(5D).4s (6D).4d"	"f 5F"	"4"	"3d7.(4F).5p"	"5F*"	"3"		""	"L11631"	
"4552.152"	"0.017"	"4552.152"	"0.003"	"195"	""		"52682.920"	"54879.683"	"3d7.(2D2).4p"	"t 3D*"	"2"	"3d7.(4F).4d"	"e 3P"	"2"		""	"L11631"	
"4559.192"	"0.006"	"4559.188"	"0.003"	"2820"	""		"38678.039"	"40871.412"	"3d7.(4F).4p"	"y 3D*"	"2"	"3d8"	"3P"	"2"		""	"L11631"	
"4581.532"	"0.006"	"4581.532"	"0.003"	"2400"	""		"38995.736"	"41178.412"	"3d7.(4F).4p"	"y 3D*"	"1"	"3d8"	"3P"	"1"		""	"L11631"	
"4620.284"	"0.017"	"4620.269"	"0.003"	"138"	""		"51381.457"	"53545.833"	"3d6.(5D).4s (6D).5p"	"u 5F*"	"4"	"3d7.(4F).4d"	"h 5D"	"3"		""	"L11631"	
"4625.062"	"0.017"	"4625.071"	"0.009"	"437"	""		"54864.831"	"57026.960"	"3d6.4s.(6D).6s"	"5D"	"3"	"3d6.4s.(6D).6p"	"7F*"	"3"		""	"L11631"	
"4629.451"	"0.017"	"4629.450"	"0.003"	"740"	""		"51228.553"	"53388.637"	"3d6.(5D).4s (6D).4d"	"e 7G"	"5"	"3d7.(4F).5p"	"5F*"	"4"		""	"L11631"	
"4638.303"	"0.017"	"4638.303"	"0.009"	"510"	""		"55390.520"	"57546.481"	"3d6.4s.(6D).6s"	"5D"	"0"	"3d6.4s.(6D).6p"	"5F*"	"1"		""	"L11631"	
"4645.797"	"0.006"	"4645.791"	"0.003"	"930"	""		"51016.660"	"53169.146"	"3d6.(5D).4s (6D).5p"	"u 5F*"	"5"	"3d7.(4F).4d"	"f 5G"	"6"		""	"L11631"	
"4653.879"	"0.017"	"4653.886"	"0.003"	"251"	""		"51461.670"	"53610.412"	"3d6.(5D).4s (6D).4d"	"f 5F"	"4"	"3d7.(4F).5p"	"5D*"	"4"		""	"L11631"	
"4676.20"	"0.04"	"4676.208"	"0.003"	"331bl"	""		"51016.660"	"53155.145"	"3d6.(5D).4s (6D).5p"	"u 5F*"	"5"	"3d7.(4F).4d"	"h 5D"	"4"		""	"L11631"	
"4714.85"	"0.04"	"4714.855"	"0.003"	"110bl"	""		"51945.817"	"54066.773"	"3d6.(5D).4s (6D).5p"	"u 5F*"	"1"	"3d7.(4F).4d"	"f 3D"	"2"		""	"L11631"	
"4734.93"	"0.04"	"4734.927"	"0.008"	"560"	""		"54404.779"	"56516.744"	"3d6.(5D).4s (6D).6s"	"g 7D"	"3"	"3d6.4s.(6D).6p"	"7D*"	"4"		""	"L11631"	
"4739.051"	"0.018"	"4739.045"	"0.005"	"288"	""		"55305.627"	"57415.757"	"3d6.4s.(6D).6s"	"5D"	"1"	"3d6.4s.(6D).6p"	"5D*"	"2"		""	"L11631"	
"4749.517"	"0.007"	"4749.529"	"0.003"	"1450"	""		"31307.245"	"33412.717"	"3d6.(5D).4s.4p.(3P*)"	"z 3F*"	"4"	"3d8"	"c 3F"	"3"		""	"L11631"	
"4761.605"	"0.018"	"4761.599"	"0.005"	"710"	""		"54013.752"	"56113.887"	"3d6.(3D).4s.4p.(3P*)"	"5F*"	"5"	"3d7.(4F).6s"	"5F"	"5"		""	"L11631"	
"4798.547"	"0.007"	"4798.545"	"0.003"	"870"	""		"51076.628"	"53160.593"	"3d6.(5D).4s (6D).5p"	"t 5D*"	"4"	"3d7.(4F).4d"	"f 5P"	"3"		""	"L11631"	
"4810.109"	"0.007"	"4810.109"	"0.003"	"580"	""		"31686.351"	"33765.306"	"3d6.(5D).4s.4p.(3P*)"	"z 3D*"	"2"	"3d8"	"c 3F"	"2"		""	"L11631"	
"4811.122"	"0.019"	"4811.123"	"0.003"	"560"	""		"51076.628"	"53155.145"	"3d6.(5D).4s (6D).5p"	"t 5D*"	"4"	"3d7.(4F).4d"	"h 5D"	"4"		""	"L11631"	
"4867.873"	"0.007"	"4867.867"	"0.003"	"447"	""		"51837.238"	"53891.526"	"3d6.(5D).4s (6D).4d"	"e 5P"	"3"	"3d6.(3D).4s.4p.(3P*)"	"5D*"	"3"		""	"L11631"	
"4890.796"	"0.019"	"4890.793"	"0.003"	"660"	""		"51016.660"	"53061.318"	"3d6.(5D).4s (6D).5p"	"u 5F*"	"5"	"3d7.(4F).4d"	"g 5F"	"5"		""	"L11631"	
"4892.760"	"0.007"	"4892.760"	"0.003"	"950"	""		"44677.006"	"46720.842"	"3d6.(5D).4s (6D).5s"	"e 5D"	"4"	"3d7.(4P).4p"	"u 5D*"	"4"		""	"L11631"	
"4920.581"	"0.019"	"4920.577"	"0.003"	"339"	""		"51361.391"	"53393.673"	"3d6.(5D).4s (6D).5p"	"t 5D*"	"3"	"3d7.(4F).4d"	"g 5F"	"4"		""	"L11631"	
"4926.009"	"0.019"	"4926.002"	"0.003"	"309"	""		"17726.988"	"19757.032"	"3d7.(4P).4s"	"a 5P"	"2"	"3d6.(5D).4s.4p.(3P*)"	"z 7D*"	"3"		""	"L11631"	
"4943.004"	"0.020"	"4943.019"	"0.008"	"810"	""		"54479.902"	"56502.957"	"3d6.4s.(6D).6s"	"5D"	"4"	"3d6.4s.(6D).6p"	"7F*"	"5"		""	"L11631"	
"4969.539"	"0.020"	"4969.542"	"0.003"	"219"	""		"17550.181"	"19562.439"	"3d7.(4P).4s"	"a 5P"	"3"	"3d6.(5D).4s.4p.(3P*)"	"z 7D*"	"4"		""	"L11631"	
""	""	"24042.33"	"0.06"	""	"2.51e-03"	B	"0.000"	"415.933"	"3d6.4s2"	"a 5D"	"4"	"3d6.4s2"	"a 5D"	"3"	M1	"T6409"	""	
""	""	"34713.30"	"0.17"	""	"1.56e-03"	B	"415.933"	"704.007"	"3d6.4s2"	"a 5D"	"3"	"3d6.4s2"	"a 5D"	"2"	M1	"T6409"	""	
""	""	"54310.9"	"0.4"	""	"5.92e-04"	B	"704.007"	"888.132"	"3d6.4s2"	"a 5D"	"2"	"3d6.4s2"	"a 5D"	"1"	M1	"T6409"	""	
""	""	"111182.8"	"1.7"	""	"1.18e-04"	B	"888.132"	"978.074"	"3d6.4s2"	"a 5D"	"1"	"3d6.4s2"	"a 5D"	"0"	M1	"T6409"	""	
