obs_wl_vac(nm)	ritz_wl_vac(nm)	intens	Aki(s^-1)	Acc	Ei(cm-1)	Ek(cm-1)	conf_i	term_i	J_i	conf_k	term_k	J_k	Type	tp_ref	line_ref	
"13.109"	"13.1091+"	""	""		"0.0000"	"762830"	"4s2.4p6"	"1S"	"0"	"3d9.4s2.4p6.8p"	"(3/2,1/2)*"	"1"		""	"L3379"	
"13.143"	"13.1430+"	""	""		"0.0000"	"760860"	"4s2.4p6"	"1S"	"0"	"3d9.4s2.4p6.7p"	"(3/2,1/2)*"	"1"		""	"L3379"	
"13.212"	"13.2120+"	""	""		"0.0000"	"756890"	"4s2.4p6"	"1S"	"0"	"3d9.4s2.4p6.6p"	"(3/2,1/2)*"	"1"		""	"L3379"	
"13.282"	"13.2820+"	""	""		"0.0000"	"752900"	"4s2.4p6"	"1S"	"0"	"3d9.4s2.4p6.8p"	"(5/2,3/2)*"	"1"		""	"L3379"	
"13.317"	"13.3170+"	""	""		"0.0000"	"750920"	"4s2.4p6"	"1S"	"0"	"3d9.4s2.4p6.7p"	"(5/2,3/2)*"	"1"		""	"L3379"	
"13.390"	"13.3899+"	""	""		"0.0000"	"746830"	"4s2.4p6"	"1S"	"0"	"3d9.4s2.4p6.6p"	"(5/2,3/2)*"	"1"		""	"L3379"	
"13.409"	"13.4090+"	""	""		"0.0000"	"745770"	"4s2.4p6"	"1S"	"0"	"3d9.4s2.4p6.5p"	"(3/2,1/2)*"	"1"		""	"L3379"	
"13.588"	"13.5881+"	""	""		"0.0000"	"735940"	"4s2.4p6"	"1S"	"0"	"3d9.4s2.4p6.5p"	"(5/2,3/2)*"	"1"		""	"L3379"	
"45.145"	"45.1451+"	""	""		"0.0000"	"221508."	"4s2.4p6"	"1S"	"0"	"4s.4p6.19p"	"(1/2,3/2)*"	"1"		""	"L1526"	
"45.156"	"45.1559+"	""	""		"0.0000"	"221455."	"4s2.4p6"	"1S"	"0"	"4s.4p6.18p"	"(1/2,3/2)*"	"1"		""	"L1526"	
"45.169"	"45.1690+"	""	""		"0.0000"	"221391."	"4s2.4p6"	"1S"	"0"	"4s.4p6.17p"	"(1/2,3/2)*"	"1"		""	"L1526"	
"45.186"	"45.1861+"	""	""		"0.0000"	"221307."	"4s2.4p6"	"1S"	"0"	"4s.4p6.16p"	"(1/2,3/2)*"	"1"		""	"L1526"	
"45.207"	"45.2069+"	""	""		"0.0000"	"221205."	"4s2.4p6"	"1S"	"0"	"4s.4p6.15p"	"(1/2,3/2)*"	"1"		""	"L1526"	
"45.234"	"45.2339+"	""	""		"0.0000"	"221073."	"4s2.4p6"	"1S"	"0"	"4s.4p6.14p"	"(1/2,3/2)*"	"1"		""	"L1526"	
"45.268"	"45.2679+"	""	""		"0.0000"	"220907."	"4s2.4p6"	"1S"	"0"	"4s.4p6.13p"	"(1/2,3/2)*"	"1"		""	"L1526"	
"45.315"	"45.3151+"	""	""		"0.0000"	"220677."	"4s2.4p6"	"1S"	"0"	"4s.4p6.12p"	"(1/2,3/2)*"	"1"		""	"L1526"	
"45.373"	"45.3731+"	""	""		"0.0000"	"220395."	"4s2.4p6"	"1S"	"0"	"4s.4p6.11p"	"(1/2,3/2)*"	"1"		""	"L1526"	
"45.473"	"45.4729+"	""	""		"0.0000"	"219911."	"4s2.4p6"	"1S"	"0"	"4s.4p6.10p"	"(1/2,3/2)*"	"1"		""	"L1526"	
"45.612"	"45.6119+"	""	""		"0.0000"	"219241."	"4s2.4p6"	"1S"	"0"	"4s.4p6.9p"	"(1/2,3/2)*"	"1"		""	"L1526"	
"45.869"	"45.8690+"	""	""		"0.0000"	"218012."	"4s2.4p6"	"1S"	"0"	"4s.4p6.8p"	"(1/2,3/2)*"	"1"		""	"L1526"	
"46.271"	"46.2710+"	""	""		"0.0000"	"216118."	"4s2.4p6"	"1S"	"0"	"4s.4p6.7p"	"(1/2,3/2)*"	"1"		""	"L1526"	
"47.123"	"47.1229+"	""	""		"0.0000"	"212211."	"4s2.4p6"	"1S"	"0"	"4s.4p6.6p"	"(1/2,3/2)*"	"1"		""	"L1526"	
"47.148"	"47.1480+"	""	""		"0.0000"	"212098."	"4s2.4p6"	"1S"	"0"	"4s.4p6.6p"	"(1/2,1/2)*"	"1"		""	"L1526"	
"49.607"	"49.6071+"	""	""		"0.0000"	"201584"	"4s2.4p6"	"1S"	"0"	"4s.4p6.5p"	"(1/2,3/2)*"	"1"		""	"L1526"	
"49.750"	"49.7500+"	""	""		"0.0000"	"201005"	"4s2.4p6"	"1S"	"0"	"4s.4p6.5p"	"(1/2,1/2)*"	"1"		""	"L1526"	
"84.7646"	"84.7646+"	""	""		"0.0000"	"117973.8"	"4s2.4p6"	"1S"	"0"	"4s2.4p5.(2P*<1/2>).20d"	"2[3/2]*"	"1"		""	"L4676"	
"84.7903"	"84.7904+"	""	""		"0.0000"	"117937.9"	"4s2.4p6"	"1S"	"0"	"4s2.4p5.(2P*<1/2>).19d"	"2[3/2]*"	"1"		""	"L4676"	
"84.8173"	"84.8173+"	"5"	""		"0.0000"	"117900.5"	"4s2.4p6"	"1S"	"0"	"4s2.4p5.(2P*<1/2>).20s"	"2[1/2]*"	"1"		""	"L4676"	
"84.8209"	"84.8209+"	""	""		"0.0000"	"117895.5"	"4s2.4p6"	"1S"	"0"	"4s2.4p5.(2P*<1/2>).18d"	"2[3/2]*"	"1"		""	"L4676"	
"84.8532"	"84.8532+"	"7"	""		"0.0000"	"117850.6"	"4s2.4p6"	"1S"	"0"	"4s2.4p5.(2P*<1/2>).19s"	"2[1/2]*"	"1"		""	"L4676"	
"84.8577"	"84.8577+"	""	""		"0.0000"	"117844.4"	"4s2.4p6"	"1S"	"0"	"4s2.4p5.(2P*<1/2>).17d"	"2[3/2]*"	"1"		""	"L4676"	
"84.8964"	"84.8964+"	"8"	""		"0.0000"	"117790.6"	"4s2.4p6"	"1S"	"0"	"4s2.4p5.(2P*<1/2>).18s"	"2[1/2]*"	"1"		""	"L4676"	
"84.9018"	"84.9018+"	""	""		"0.0000"	"117783.1"	"4s2.4p6"	"1S"	"0"	"4s2.4p5.(2P*<1/2>).16d"	"2[3/2]*"	"1"		""	"L4676"	
"84.9495"	"84.9495+"	"9"	""		"0.0000"	"117717.0"	"4s2.4p6"	"1S"	"0"	"4s2.4p5.(2P*<1/2>).17s"	"2[1/2]*"	"1"		""	"L4676"	
"84.9564"	"84.9564+"	""	""		"0.0000"	"117707.4"	"4s2.4p6"	"1S"	"0"	"4s2.4p5.(2P*<1/2>).15d"	"2[3/2]*"	"1"		""	"L4676"	
"85.0154"	"85.0154+"	"10"	""		"0.0000"	"117625.8"	"4s2.4p6"	"1S"	"0"	"4s2.4p5.(2P*<1/2>).16s"	"2[1/2]*"	"1"		""	"L4676"	
"85.0241"	"85.0241+"	""	""		"0.0000"	"117613.7"	"4s2.4p6"	"1S"	"0"	"4s2.4p5.(2P*<1/2>).14d"	"2[3/2]*"	"1"		""	"L4676"	
"85.0988"	"85.0988+"	"13"	""		"0.0000"	"117510.5"	"4s2.4p6"	"1S"	"0"	"4s2.4p5.(2P*<1/2>).15s"	"2[1/2]*"	"1"		""	"L4676"	
"85.1098"	"85.1099+"	""	""		"0.0000"	"117495.2"	"4s2.4p6"	"1S"	"0"	"4s2.4p5.(2P*<1/2>).13d"	"2[3/2]*"	"1"		""	"L4676"	
"85.2064"	"85.2064+"	"18"	""		"0.0000"	"117362.1"	"4s2.4p6"	"1S"	"0"	"4s2.4p5.(2P*<1/2>).14s"	"2[1/2]*"	"1"		""	"L4676"	
"85.2208"	"85.2208+"	""	""		"0.0000"	"117342.3"	"4s2.4p6"	"1S"	"0"	"4s2.4p5.(2P*<1/2>).12d"	"2[3/2]*"	"1"		""	"L4676"	
"85.3486"	"85.3486+"	"20"	""		"0.0000"	"117166.6"	"4s2.4p6"	"1S"	"0"	"4s2.4p5.(2P*<1/2>).13s"	"2[1/2]*"	"1"		""	"L4676"	
"85.3676"	"85.3676+"	""	""		"0.0000"	"117140.5"	"4s2.4p6"	"1S"	"0"	"4s2.4p5.(2P*<1/2>).11d"	"2[3/2]*"	"1"		""	"L4676"	
"85.5424"	"85.5424+"	"24"	""		"0.0000"	"116901.1"	"4s2.4p6"	"1S"	"0"	"4s2.4p5.(2P*<1/2>).12s"	"2[1/2]*"	"1"		""	"L4676"	
"85.5687"	"85.5687+"	""	""		"0.0000"	"116865.1"	"4s2.4p6"	"1S"	"0"	"4s2.4p5.(2P*<1/2>).10d"	"2[3/2]*"	"1"		""	"L4676"	
"85.8157"	"85.8157+"	"27"	""		"0.0000"	"116528.8"	"4s2.4p6"	"1S"	"0"	"4s2.4p5.(2P*<1/2>).11s"	"2[1/2]*"	"1"		""	"L4676"	
"85.8534"	"85.8534+"	""	""		"0.0000"	"116477.6"	"4s2.4p6"	"1S"	"0"	"4s2.4p5.(2P*<1/2>).9d"	"2[3/2]*"	"1"		""	"L4676"	
"86.2198"	"86.2198+"	"35"	""		"0.0000"	"115982.6"	"4s2.4p6"	"1S"	"0"	"4s2.4p5.(2P*<1/2>).10s"	"2[1/2]*"	"1"		""	"L4676"	
"86.277"	"86.277+"	""	""		"0.0000"	"115906."	"4s2.4p6"	"1S"	"0"	"4s2.4p5.(2P*<1/2>).8d"	"2[3/2]*"	"1"		""	"L4676"	
"86.8543"	"86.8543+"	"44"	""		"0.0000"	"115135.4"	"4s2.4p6"	"1S"	"0"	"4s2.4p5.(2P*<1/2>).9s"	"2[1/2]*"	"1"		""	"L4676"	
"86.942"	"86.942+"	""	""		"0.0000"	"115019."	"4s2.4p6"	"1S"	"0"	"4s2.4p5.(2P*<1/2>).7d"	"2[3/2]*"	"1"		""	"L4676"	
"87.9388"	"87.9388+"	"46"	""		"0.0000"	"113715.4"	"4s2.4p6"	"1S"	"0"	"4s2.4p5.(2P*<1/2>).8s"	"2[1/2]*"	"1"		""	"L4676"	
"88.082"	"88.082+"	""	""		"0.0000"	"113530."	"4s2.4p6"	"1S"	"0"	"4s2.4p5.(2P*<1/2>).6d"	"2[3/2]*"	"1"		""	"L4676"	
"88.8058"	"88.8058+"	"14"	""		"0.0000"	"112605.2"	"4s2.4p6"	"1S"	"0"	"4s2.4p5.(2P*<3/2>).20d"	"2[3/2]*"	"1"		""	"L4676"	
"88.8134"	"88.8136+"	"1"	""		"0.0000"	"112595.4"	"4s2.4p6"	"1S"	"0"	"4s2.4p5.(2P*<3/2>).20d"	"2[1/2]*"	"1"		""	"L4676"	
"88.8339"	"88.8339+"	"15"	""		"0.0000"	"112569.7"	"4s2.4p6"	"1S"	"0"	"4s2.4p5.(2P*<3/2>).19d"	"2[3/2]*"	"1"		""	"L4676"	
"88.8428"	"88.8427+"	"2"	""		"0.0000"	"112558.5"	"4s2.4p6"	"1S"	"0"	"4s2.4p5.(2P*<3/2>).19d"	"2[1/2]*"	"1"		""	"L4676"	
"88.8642"	"88.8642+"	"10"	""		"0.0000"	"112531.2"	"4s2.4p6"	"1S"	"0"	"4s2.4p5.(2P*<3/2>).20s"	"2[3/2]*"	"1"		""	"L4676"	
"88.8672"	"88.8672+"	"15"	""		"0.0000"	"112527.5"	"4s2.4p6"	"1S"	"0"	"4s2.4p5.(2P*<3/2>).18d"	"2[3/2]*"	"1"		""	"L4676"	
"88.8777"	"88.8779+"	"2"	""		"0.0000"	"112513.9"	"4s2.4p6"	"1S"	"0"	"4s2.4p5.(2P*<3/2>).18d"	"2[1/2]*"	"1"		""	"L4676"	
"88.9034"	"88.9034+"	"13"	""		"0.0000"	"112481.6"	"4s2.4p6"	"1S"	"0"	"4s2.4p5.(2P*<3/2>).19s"	"2[3/2]*"	"1"		""	"L4676"	
"88.9069"	"88.9069+"	"15"	""		"0.0000"	"112477.2"	"4s2.4p6"	"1S"	"0"	"4s2.4p5.(2P*<3/2>).17d"	"2[3/2]*"	"1"		""	"L4676"	
"88.9198"	"88.9198+"	"3"	""		"0.0000"	"112460.9"	"4s2.4p6"	"1S"	"0"	"4s2.4p5.(2P*<3/2>).17d"	"2[1/2]*"	"1"		""	"L4676"	
"88.9508"	"88.9508+"	"12"	""		"0.0000"	"112421.7"	"4s2.4p6"	"1S"	"0"	"4s2.4p5.(2P*<3/2>).18s"	"2[3/2]*"	"1"		""	"L4676"	
"88.9550"	"88.9550+"	"16"	""		"0.0000"	"112416.4"	"4s2.4p6"	"1S"	"0"	"4s2.4p5.(2P*<3/2>).16d"	"2[3/2]*"	"1"		""	"L4676"	
"88.9707"	"88.9708+"	"3"	""		"0.0000"	"112396.4"	"4s2.4p6"	"1S"	"0"	"4s2.4p5.(2P*<3/2>).16d"	"2[1/2]*"	"1"		""	"L4676"	
"89.0089"	"89.0089+"	"14"	""		"0.0000"	"112348.3"	"4s2.4p6"	"1S"	"0"	"4s2.4p5.(2P*<3/2>).17s"	"2[3/2]*"	"1"		""	"L4676"	
"89.0139"	"89.0139+"	"16"	""		"0.0000"	"112342.0"	"4s2.4p6"	"1S"	"0"	"4s2.4p5.(2P*<3/2>).15d"	"2[3/2]*"	"1"		""	"L4676"	
"89.0333"	"89.0334+"	"4"	""		"0.0000"	"112317.4"	"4s2.4p6"	"1S"	"0"	"4s2.4p5.(2P*<3/2>).15d"	"2[1/2]*"	"1"		""	"L4676"	
"89.0811"	"89.0811+"	"14"	""		"0.0000"	"112257.3"	"4s2.4p6"	"1S"	"0"	"4s2.4p5.(2P*<3/2>).16s"	"2[3/2]*"	"1"		""	"L4676"	
"89.0871"	"89.0871+"	"18"	""		"0.0000"	"112249.7"	"4s2.4p6"	"1S"	"0"	"4s2.4p5.(2P*<3/2>).14d"	"2[3/2]*"	"1"		""	"L4676"	
"89.1115"	"89.1115+"	"7"	""		"0.0000"	"112219.0"	"4s2.4p6"	"1S"	"0"	"4s2.4p5.(2P*<3/2>).14d"	"2[1/2]*"	"1"		""	"L4676"	
"89.1723"	"89.1723+"	"16"	""		"0.0000"	"112142.4"	"4s2.4p6"	"1S"	"0"	"4s2.4p5.(2P*<3/2>).15s"	"2[3/2]*"	"1"		""	"L4676"	
"89.1797"	"89.1797+"	"18"	""		"0.0000"	"112133.2"	"4s2.4p6"	"1S"	"0"	"4s2.4p5.(2P*<3/2>).13d"	"2[3/2]*"	"1"		""	"L4676"	
"89.2108"	"89.2110+"	"6"	""		"0.0000"	"112093.8"	"4s2.4p6"	"1S"	"0"	"4s2.4p5.(2P*<3/2>).13d"	"2[1/2]*"	"1"		""	"L4676"	
"89.2901"	"89.2901+"	"17"	""		"0.0000"	"111994.5"	"4s2.4p6"	"1S"	"0"	"4s2.4p5.(2P*<3/2>).14s"	"2[3/2]*"	"1"		""	"L4676"	
"89.2990"	"89.2990+"	"18"	""		"0.0000"	"111983.3"	"4s2.4p6"	"1S"	"0"	"4s2.4p5.(2P*<3/2>).12d"	"2[3/2]*"	"1"		""	"L4676"	
"89.3397"	"89.3400+"	"6"	""		"0.0000"	"111931.9"	"4s2.4p6"	"1S"	"0"	"4s2.4p5.(2P*<3/2>).12d"	"2[1/2]*"	"1"		""	"L4676"	
"89.4455"	"89.4455+"	"21"	""		"0.0000"	"111799.9"	"4s2.4p6"	"1S"	"0"	"4s2.4p5.(2P*<3/2>).13s"	"2[3/2]*"	"1"		""	"L4676"	
"89.4565"	"89.4566+"	"20"	""		"0.0000"	"111786.1"	"4s2.4p6"	"1S"	"0"	"4s2.4p5.(2P*<3/2>).11d"	"2[3/2]*"	"1"		""	"L4676"	
"89.5108"	"89.51096+"	"11"	""		"0.0000"	"111718.16"	"4s2.4p6"	"1S"	"0"	"4s2.4p5.(2P*<3/2>).11d"	"2[1/2]*"	"1"		""	"L4676"	
"89.6568"	"89.65664+"	"21"	""		"0.0000"	"111536.63"	"4s2.4p6"	"1S"	"0"	"4s2.4p5.(2P*<3/2>).12s"	"2[3/2]*"	"1"		""	"L4676"	
"89.6698"	"89.6699+"	"21"	""		"0.0000"	"111520.2"	"4s2.4p6"	"1S"	"0"	"4s2.4p5.(2P*<3/2>).10d"	"2[3/2]*"	"1"		""	"L4676"	
"89.7435"	"89.74359+"	"13"	""		"0.0000"	"111428.57"	"4s2.4p6"	"1S"	"0"	"4s2.4p5.(2P*<3/2>).10d"	"2[1/2]*"	"1"		""	"L4676"	
"89.9515"	"89.95165+"	"24"	""		"0.0000"	"111170.83"	"4s2.4p6"	"1S"	"0"	"4s2.4p5.(2P*<3/2>).11s"	"2[3/2]*"	"1"		""	"L4676"	
"89.9651"	"89.9650+"	"24"	""		"0.0000"	"111154.3"	"4s2.4p6"	"1S"	"0"	"4s2.4p5.(2P*<3/2>).9d"	"2[3/2]*"	"1"		""	"L4676"	
"90.0313"	"90.0313+"	"20"	""		"0.0000"	"111072.5"	"4s2.4p6"	"1S"	"0"	"4s2.4p5.(2P*<1/2>).7s"	"2[1/2]*"	"1"		""	"L4676"	
"90.0876"	"90.087668+"	"22"	""		"0.0000"	"111002.984"	"4s2.4p6"	"1S"	"0"	"4s2.4p5.(2P*<3/2>).9d"	"2[1/2]*"	"1"		""	"L4676"	
"90.3071"	"90.30710+"	"28"	""		"0.0000"	"110733.27"	"4s2.4p6"	"1S"	"0"	"4s2.4p5.(2P*<1/2>).5d"	"2[3/2]*"	"1"		""	"L4676"	
"90.4004"	"90.400322+"	"14"	""		"0.0000"	"110619.075"	"4s2.4p6"	"1S"	"0"	"4s2.4p5.(2P*<3/2>).10s"	"2[3/2]*"	"1"		""	"L4676"	
"90.4862"	"90.486195+"	"7"	""		"0.0000"	"110514.095"	"4s2.4p6"	"1S"	"0"	"4s2.4p5.(2P*<3/2>).8d"	"2[3/2]*"	"1"		""	"L4676"	
"90.6697"	"90.6697915+"	"20"	""		"0.0000"	"110290.3165"	"4s2.4p6"	"1S"	"0"	"4s2.4p5.(2P*<3/2>).8d"	"2[1/2]*"	"1"		""	"L4676"	
"91.0918"	"91.0918427+"	"25"	""		"0.0000"	"109779.3140"	"4s2.4p6"	"1S"	"0"	"4s2.4p5.(2P*<3/2>).9s"	"2[3/2]*"	"1"		""	"L4676"	
"91.1670"	"91.1670474+"	"24"	""		"0.0000"	"109688.7558"	"4s2.4p6"	"1S"	"0"	"4s2.4p5.(2P*<3/2>).7d"	"2[3/2]*"	"1"		""	"L4676"	
"91.4554"	"91.4553815+"	"0"	""		"0.0000"	"109342.9368"	"4s2.4p6"	"1S"	"0"	"4s2.4p5.(2P*<3/2>).7d"	"2[1/2]*"	"1"		""	"L4676"	
"92.2738"	"92.2738698+"	"23"	"5.30e+07"	C	"0.0000"	"108373.0423"	"4s2.4p6"	"1S"	"0"	"4s2.4p5.(2P*<3/2>).8s"	"2[3/2]*"	"1"		"T7227"	"L4676"	
"92.3712"	"92.3712819+"	"25"	"1.14e+08"	C	"0.0000"	"108258.7553"	"4s2.4p6"	"1S"	"0"	"4s2.4p5.(2P*<3/2>).6d"	"2[3/2]*"	"1"		"T7227"	"L4676"	
"92.8710"	"92.8710778+"	"13"	"3.87e+06"	C	"0.0000"	"107676.1489"	"4s2.4p6"	"1S"	"0"	"4s2.4p5.(2P*<3/2>).6d"	"2[1/2]*"	"1"		"T7227"	"L4676"	
"94.5441"	"94.5441400+"	"37"	"2.81e+08"	C	"0.0000"	"105770.7014"	"4s2.4p6"	"1S"	"0"	"4s2.4p5.(2P*<3/2>).7s"	"2[3/2]*"	"1"		"T7227"	"L4676"	
"94.6536"	"94.653556+"	"34"	"1.51e+08"	C	"0.0000"	"105648.434"	"4s2.4p6"	"1S"	"0"	"4s2.4p5.(2P*<3/2>).5d"	"2[3/2]*"	"1"		"T7227"	"L4676"	
"95.1055"	"95.10555+"	"21"	"2.58e+07"	C	"0.0000"	"105146.33"	"4s2.4p6"	"1S"	"0"	"4s2.4p5.(2P*<1/2>).6s"	"2[1/2]*"	"1"		"T7227"	"L4676"	
"95.3403"	"95.340414+"	"25"	"1.06e+08"	C	"0.0000"	"104887.315"	"4s2.4p6"	"1S"	"0"	"4s2.4p5.(2P*<1/2>).4d"	"2[3/2]*"	"1"		"T7227"	"L4676"	
"96.3374500"	"96.3374497+"	"19"	"3.35e+07"	C	"0.0000"	"103801.7929"	"4s2.4p6"	"1S"	"0"	"4s2.4p5.(2P*<3/2>).5d"	"2[1/2]*"	"1"		"T7227"	"L11903"	
"100.1060639"	"100.1060639+"	"44"	"3.42e+08"	C	"0.0000"	"99894.0485"	"4s2.4p6"	"1S"	"0"	"4s2.4p5.(2P*<3/2>).6s"	"2[3/2]*"	"1"		"T7227"	"L11903"	
"100.3550"	"100.355044+"	"31"	"1.82e+08"	C	"0.0000"	"99646.212"	"4s2.4p6"	"1S"	"0"	"4s2.4p5.(2P*<3/2>).4d"	"2[3/2]*"	"1"		"T7227"	"L4676"	
"103.0022"	"103.002319+"	"12"	"1.11e+07"	C+	"0.0000"	"97085.193"	"4s2.4p6"	"1S"	"0"	"4s2.4p5.(2P*<3/2>).4d"	"2[1/2]*"	"1"		"T7227"	"L4676"	
"116.4867"	"116.4867079+"	"71"	"3.09e+08"	A+	"0.0000"	"85846.7046"	"4s2.4p6"	"1S"	"0"	"4s2.4p5.(2P*<1/2>).5s"	"2[1/2]*"	"1"		"T7227"	"L4676"	
"123.5838"	"123.583779+"	"100"	"2.98e+08"	A+	"0.0000"	"80916.7680"	"4s2.4p6"	"1S"	"0"	"4s2.4p5.(2P*<3/2>).5s"	"2[3/2]*"	"1"		"T7227"	"L4676"	
""	"125.044169+"	""	"3.54e-02"	B+	"0.0000"	"79971.7417"	"4s2.4p6"	"1S"	"0"	"4s2.4p5.(2P*<3/2>).5s"	"2[3/2]*"	"2"	M2	"T2190"	""	
"318.387"	"318.38457+"	"2"	""		"79971.7417"	"111380.299"	"4s2.4p5.(2P*<3/2>).5s"	"2[3/2]*"	"2"	"4s2.4p5.(2P*<1/2>).4f"	"2[5/2]"	"3"		""	"L3988"	
"318.545"	"318.555+"	"1"	""		"79971.7417"	"111363.5"	"4s2.4p5.(2P*<3/2>).5s"	"2[3/2]*"	"2"	"4s2.4p5.(2P*<3/2>).11p"	"2[3/2]"	"2"		""	"L7408"	
"318.693"	"318.703+"	"1*"	""		"79971.7417"	"111348.9"	"4s2.4p5.(2P*<3/2>).5s"	"2[3/2]*"	"2"	"4s2.4p5.(2P*<3/2>).11p"	"2[5/2]"	"2"		""	"L7408"	
"318.693"	"318.703+"	"1*"	""		"79971.7417"	"111348.9"	"4s2.4p5.(2P*<3/2>).5s"	"2[3/2]*"	"2"	"4s2.4p5.(2P*<3/2>).11p"	"2[5/2]"	"3"		""	"L7408"	
"323.161"	"323.1610+"	"2"	""		"79971.7417"	"110916.07"	"4s2.4p5.(2P*<3/2>).5s"	"2[3/2]*"	"2"	"4s2.4p5.(2P*<3/2>).10p"	"2[3/2]"	"2"		""	"L7408"	
"323.373"	"323.383+"	"2*"	""		"79971.7417"	"110894.8"	"4s2.4p5.(2P*<3/2>).5s"	"2[3/2]*"	"2"	"4s2.4p5.(2P*<3/2>).10p"	"2[5/2]"	"2"		""	"L7408"	
"323.373"	"323.383+"	"2*"	""		"79971.7417"	"110894.8"	"4s2.4p5.(2P*<3/2>).5s"	"2[3/2]*"	"2"	"4s2.4p5.(2P*<3/2>).10p"	"2[5/2]"	"3"		""	"L7408"	
"325.804"	"325.7965+"	"1*"	""		"79971.7417"	"110665.75"	"4s2.4p5.(2P*<3/2>).5s"	"2[3/2]*"	"2"	"4s2.4p5.(2P*<3/2>).7f"	"2[5/2]"	"2"		""	"L7408"	
"325.804"	"325.7997+"	"1*"	""		"79971.7417"	"110665.45"	"4s2.4p5.(2P*<3/2>).5s"	"2[3/2]*"	"2"	"4s2.4p5.(2P*<3/2>).7f"	"2[5/2]"	"3"		""	"L7408"	
"325.894"	"325.9058+"	"1h*"	""		"79971.7417"	"110655.45"	"4s2.4p5.(2P*<3/2>).5s"	"2[3/2]*"	"2"	"4s2.4p5.(2P*<3/2>).7f"	"2[3/2]"	"1"		""	"L7408"	
"325.894"	"325.8999+"	"1h*"	""		"79971.7417"	"110656.01"	"4s2.4p5.(2P*<3/2>).5s"	"2[3/2]*"	"2"	"4s2.4p5.(2P*<3/2>).7f"	"2[3/2]"	"2"		""	"L7408"	
"328.154"	"328.155+"	"1"	""		"80916.7680"	"111390.2"	"4s2.4p5.(2P*<3/2>).5s"	"2[3/2]*"	"1"	"4s2.4p5.(2P*<3/2>).11p"	"2[1/2]"	"0"		""	"L7408"	
"330.349"	"330.3482+"	"10"	""		"79971.7417"	"110242.83"	"4s2.4p5.(2P*<3/2>).5s"	"2[3/2]*"	"2"	"4s2.4p5.(2P*<3/2>).9p"	"2[3/2]"	"2"		""	"L7408"	
"330.426"	"330.4353+"	"0"	""		"79971.7417"	"110234.85"	"4s2.4p5.(2P*<3/2>).5s"	"2[3/2]*"	"2"	"4s2.4p5.(2P*<3/2>).9p"	"2[3/2]"	"1"		""	"L3988"	
"330.712"	"330.7117+"	"7*"	""		"79971.7417"	"110209.56"	"4s2.4p5.(2P*<3/2>).5s"	"2[3/2]*"	"2"	"4s2.4p5.(2P*<3/2>).9p"	"2[5/2]"	"3"		""	"L7408"	
"330.712"	"330.7085+"	"7*"	""		"79971.7417"	"110209.85"	"4s2.4p5.(2P*<3/2>).5s"	"2[3/2]*"	"2"	"4s2.4p5.(2P*<3/2>).9p"	"2[5/2]"	"2"		""	"L7408"	
"332.896"	"332.8953+"	"2-"	""		"80916.7680"	"110956.24"	"4s2.4p5.(2P*<3/2>).5s"	"2[3/2]*"	"1"	"4s2.4p5.(2P*<3/2>).10p"	"2[1/2]"	"0"		""	"L7408"	
"333.343"	"333.3411+"	"1-"	""		"80916.7680"	"110916.07"	"4s2.4p5.(2P*<3/2>).5s"	"2[3/2]*"	"1"	"4s2.4p5.(2P*<3/2>).10p"	"2[3/2]"	"2"		""	"L7408"	
"333.394"	"333.396+"	"1"	""		"80916.7680"	"110911.1"	"4s2.4p5.(2P*<3/2>).5s"	"2[3/2]*"	"1"	"4s2.4p5.(2P*<3/2>).10p"	"2[3/2]"	"1"		""	"L3988"	
"333.813"	"333.8267+"	"1"	""		"80916.7680"	"110872.43"	"4s2.4p5.(2P*<3/2>).5s"	"2[3/2]*"	"1"	"4s2.4p5.(2P*<3/2>).10p"	"2[1/2]"	"1"		""	"L7408"	
"334.669"	"334.66570+"	"4*"	""		"79971.7417"	"109852.306"	"4s2.4p5.(2P*<3/2>).5s"	"2[3/2]*"	"2"	"4s2.4p5.(2P*<3/2>).6f"	"2[5/2]"	"3"		""	"L7408"	
"334.669"	"334.6606+"	"4*"	""		"79971.7417"	"109852.76"	"4s2.4p5.(2P*<3/2>).5s"	"2[3/2]*"	"2"	"4s2.4p5.(2P*<3/2>).6f"	"2[5/2]"	"2"		""	"L7408"	
"334.846"	"334.8398+"	"2*"	""		"79971.7417"	"109836.77"	"4s2.4p5.(2P*<3/2>).5s"	"2[3/2]*"	"2"	"4s2.4p5.(2P*<3/2>).6f"	"2[3/2]"	"2"		""	"L7408"	
"334.846"	"334.8467+"	"2*"	""		"79971.7417"	"109836.15"	"4s2.4p5.(2P*<3/2>).5s"	"2[3/2]*"	"2"	"4s2.4p5.(2P*<3/2>).6f"	"2[3/2]"	"1"		""	"L7408"	
"336.271"	"336.2624+"	"2*"	""		"80916.7680"	"110655.45"	"4s2.4p5.(2P*<3/2>).5s"	"2[3/2]*"	"1"	"4s2.4p5.(2P*<3/2>).7f"	"2[3/2]"	"1"		""	"L7408"	
"336.271"	"336.2560+"	"2*"	""		"80916.7680"	"110656.01"	"4s2.4p5.(2P*<3/2>).5s"	"2[3/2]*"	"1"	"4s2.4p5.(2P*<3/2>).7f"	"2[3/2]"	"2"		""	"L7408"	
"340.238"	"340.2359+"	"5"	""		"80916.7680"	"110308.14"	"4s2.4p5.(2P*<3/2>).5s"	"2[3/2]*"	"1"	"4s2.4p5.(2P*<3/2>).9p"	"2[1/2]"	"0"		""	"L7408"	
"340.995"	"340.9936+"	"2"	""		"80916.7680"	"110242.83"	"4s2.4p5.(2P*<3/2>).5s"	"2[3/2]*"	"1"	"4s2.4p5.(2P*<3/2>).9p"	"2[3/2]"	"2"		""	"L7408"	
"341.087"	"341.0864+"	"2"	""		"80916.7680"	"110234.85"	"4s2.4p5.(2P*<3/2>).5s"	"2[3/2]*"	"1"	"4s2.4p5.(2P*<3/2>).9p"	"2[3/2]"	"1"		""	"L7408"	
"341.378"	"341.3775+"	"1"	""		"80916.7680"	"110209.85"	"4s2.4p5.(2P*<3/2>).5s"	"2[3/2]*"	"1"	"4s2.4p5.(2P*<3/2>).9p"	"2[5/2]"	"2"		""	"L7408"	
"342.59254"	"342.59229+"	"15"	""		"79971.7417"	"109160.957"	"4s2.4p5.(2P*<3/2>).5s"	"2[3/2]*"	"2"	"4s2.4p5.(2P*<3/2>).8p"	"2[3/2]"	"2"		""	"L7350"	
"342.725"	"342.72453+"	"2"	""		"79971.7417"	"109149.694"	"4s2.4p5.(2P*<3/2>).5s"	"2[3/2]*"	"2"	"4s2.4p5.(2P*<3/2>).8p"	"2[3/2]"	"1"		""	"L7408"	
"343.243"	"343.2410+"	"2"	""		"79971.7417"	"109105.79"	"4s2.4p5.(2P*<3/2>).5s"	"2[3/2]*"	"2"	"4s2.4p5.(2P*<3/2>).8p"	"2[5/2]"	"2"		""	"L7408"	
"343.27055"	"343.27032+"	"20"	""		"79971.7417"	"109103.302"	"4s2.4p5.(2P*<3/2>).5s"	"2[3/2]*"	"2"	"4s2.4p5.(2P*<3/2>).8p"	"2[5/2]"	"3"		""	"L7350"	
"343.51268"	"343.51243+"	"8"	""		"79971.7417"	"109082.770"	"4s2.4p5.(2P*<3/2>).5s"	"2[3/2]*"	"2"	"4s2.4p5.(2P*<3/2>).8p"	"2[1/2]"	"1"		""	"L7350"	
"345.589"	"345.5904+"	"1"	""		"80916.7680"	"109852.76"	"4s2.4p5.(2P*<3/2>).5s"	"2[3/2]*"	"1"	"4s2.4p5.(2P*<3/2>).6f"	"2[5/2]"	"2"		""	"L7408"	
"345.786"	"345.7889+"	"3*"	""		"80916.7680"	"109836.15"	"4s2.4p5.(2P*<3/2>).5s"	"2[3/2]*"	"1"	"4s2.4p5.(2P*<3/2>).6f"	"2[3/2]"	"1"		""	"L7408"	
"345.786"	"345.7814+"	"3*"	""		"80916.7680"	"109836.77"	"4s2.4p5.(2P*<3/2>).5s"	"2[3/2]*"	"1"	"4s2.4p5.(2P*<3/2>).6f"	"2[3/2]"	"2"		""	"L7408"	
"349.69900"	"349.698926+"	"10"	"1.77e+04"	C	"79971.7417"	"108567.7689"	"4s2.4p5.(2P*<3/2>).5s"	"2[3/2]*"	"2"	"4s2.4p5.(2P*<1/2>).6p"	"2[3/2]"	"2"		"T3952n,T3408,T7199"	"L4054"	
"350.35557"	"350.355462+"	"20"	"2.30e+05"	D+	"79971.7417"	"108514.1824"	"4s2.4p5.(2P*<3/2>).5s"	"2[3/2]*"	"2"	"4s2.4p5.(2P*<1/2>).6p"	"2[1/2]"	"1"		"T3952n,T3408,T7199"	"L7350"	
"350.49004"	"350.48985+"	"15"	""		"79971.7417"	"108503.238"	"4s2.4p5.(2P*<3/2>).5s"	"2[3/2]*"	"2"	"4s2.4p5.(2P*<3/2>).5f"	"2[5/2]"	"3"		""	"L7350"	
"350.766"	"350.76631+"	"3"	""		"79971.7417"	"108480.751"	"4s2.4p5.(2P*<3/2>).5s"	"2[3/2]*"	"2"	"4s2.4p5.(2P*<3/2>).5f"	"2[3/2]"	"1"		""	"L7408"	
"350.884"	"350.884752+"	"3"	""		"79971.7417"	"108471.1277"	"4s2.4p5.(2P*<3/2>).5s"	"2[3/2]*"	"2"	"4s2.4p5.(2P*<3/2>).5f"	"2[3/2]"	"2"		""	"L7408"	
"351.29007"	"351.289883+"	"4"	"1.33e+04"	C	"79971.7417"	"108438.2603"	"4s2.4p5.(2P*<3/2>).5s"	"2[3/2]*"	"2"	"4s2.4p5.(2P*<1/2>).6p"	"2[3/2]"	"1"		"T3952n,T3408,T7199"	"L7350"	
"352.36819"	"352.367973+"	"15"	""		"80916.7680"	"109296.1917"	"4s2.4p5.(2P*<3/2>).5s"	"2[3/2]*"	"1"	"4s2.4p5.(2P*<3/2>).8p"	"2[1/2]"	"0"		""	"L7350"	
"354.05531"	"354.05513+"	"5"	""		"80916.7680"	"109160.957"	"4s2.4p5.(2P*<3/2>).5s"	"2[3/2]*"	"1"	"4s2.4p5.(2P*<3/2>).8p"	"2[3/2]"	"2"		""	"L7350"	
"354.19657"	"354.19637+"	"5"	""		"80916.7680"	"109149.694"	"4s2.4p5.(2P*<3/2>).5s"	"2[3/2]*"	"1"	"4s2.4p5.(2P*<3/2>).8p"	"2[3/2]"	"1"		""	"L7350"	
"354.747"	"354.7480+"	"3"	""		"80916.7680"	"109105.79"	"4s2.4p5.(2P*<3/2>).5s"	"2[3/2]*"	"1"	"4s2.4p5.(2P*<3/2>).8p"	"2[5/2]"	"2"		""	"L7408"	
"355.045"	"355.03796+"	"1"	""		"80916.7680"	"109082.770"	"4s2.4p5.(2P*<3/2>).5s"	"2[3/2]*"	"1"	"4s2.4p5.(2P*<3/2>).8p"	"2[1/2]"	"1"		""	"L7408"	
"361.65060"	"361.650561+"	"20"	"1.14e+05"	C	"80916.7680"	"108567.7689"	"4s2.4p5.(2P*<3/2>).5s"	"2[3/2]*"	"1"	"4s2.4p5.(2P*<1/2>).6p"	"2[3/2]"	"2"		"T3952n,T3408,T7199"	"L4054"	
"362.356"	"362.352786+"	"1"	"4.0e+03"	D	"80916.7680"	"108514.1824"	"4s2.4p5.(2P*<3/2>).5s"	"2[3/2]*"	"1"	"4s2.4p5.(2P*<1/2>).6p"	"2[1/2]"	"1"		"T3952n,T3408,T7199"	"L7408"	
"362.487"	"362.48823+"	"1"	""		"80916.7680"	"108503.871"	"4s2.4p5.(2P*<3/2>).5s"	"2[3/2]*"	"1"	"4s2.4p5.(2P*<3/2>).5f"	"2[5/2]"	"2"		""	"L7408"	
"362.794"	"362.79227+"	"2"	""		"80916.7680"	"108480.751"	"4s2.4p5.(2P*<3/2>).5s"	"2[3/2]*"	"1"	"4s2.4p5.(2P*<3/2>).5f"	"2[3/2]"	"1"		""	"L7408"	
"362.91915"	"362.918976+"	"10"	""		"80916.7680"	"108471.1277"	"4s2.4p5.(2P*<3/2>).5s"	"2[3/2]*"	"1"	"4s2.4p5.(2P*<3/2>).5f"	"2[3/2]"	"2"		""	"L4054"	
"363.35251"	"363.352390+"	"4"	"9.7e+03"	C	"80916.7680"	"108438.2603"	"4s2.4p5.(2P*<3/2>).5s"	"2[3/2]*"	"1"	"4s2.4p5.(2P*<1/2>).6p"	"2[3/2]"	"1"		"T3952n,T3408,T7199"	"L7350"	
"366.63694"	"366.63684+"	"80"	"2.33e+06"	C	"79971.7417"	"107246.688"	"4s2.4p5.(2P*<3/2>).5s"	"2[3/2]*"	"2"	"4s2.4p5.(2P*<3/2>).7p"	"2[3/2]"	"2"		"T4229n,T7199,T3378"	"L4054"	
"366.97813"	"366.97798+"	"10"	""		"79971.7417"	"107221.333"	"4s2.4p5.(2P*<3/2>).5s"	"2[3/2]*"	"2"	"4s2.4p5.(2P*<3/2>).7p"	"2[3/2]"	"1"		""	"L4054"	
"368.06085"	"368.06073+"	"100*"	""		"79971.7417"	"107141.171"	"4s2.4p5.(2P*<3/2>).5s"	"2[3/2]*"	"2"	"4s2.4p5.(2P*<3/2>).7p"	"2[5/2]"	"3"		""	"L7350"	
"368.06588"	"368.06576+"	"100*"	""		"79971.7417"	"107140.800"	"4s2.4p5.(2P*<3/2>).5s"	"2[3/2]*"	"2"	"4s2.4p5.(2P*<3/2>).7p"	"2[5/2]"	"2"		""	"L7350"	
"369.90976"	"369.90964+"	"6"	""		"79971.7417"	"107005.371"	"4s2.4p5.(2P*<3/2>).5s"	"2[3/2]*"	"2"	"4s2.4p5.(2P*<3/2>).7p"	"2[1/2]"	"1"		""	"L7350"	
"372.834"	"372.834+"	""	""		"85846.7046"	"112668.3"	"4s2.4p5.(2P*<1/2>).5s"	"2[1/2]*"	"1"	"4s2.4p5.(2P*<1/2>).7p"	"2[1/2]"	"0"		""	"L7266"	
"373.2381"	"373.23826+"	"*"	""		"85846.7046"	"112639.242"	"4s2.4p5.(2P*<1/2>).5s"	"2[1/2]*"	"1"	"4s2.4p5.(2P*<3/2>).20f"	"2[3/2]"	"1"		""	"L7266"	
"373.2381"	"373.23752+"	"*"	""		"85846.7046"	"112639.295"	"4s2.4p5.(2P*<1/2>).5s"	"2[1/2]*"	"1"	"4s2.4p5.(2P*<3/2>).20f"	"2[3/2]"	"2"		""	"L7266"	
"373.2381"	"373.23213+"	"*"	""		"85846.7046"	"112639.682"	"4s2.4p5.(2P*<1/2>).5s"	"2[1/2]*"	"1"	"4s2.4p5.(2P*<3/2>).20f"	"2[5/2]"	"2"		""	"L7266"	
"373.6509"	"373.65224+"	"*"	""		"85846.7046"	"112609.558"	"4s2.4p5.(2P*<1/2>).5s"	"2[1/2]*"	"1"	"4s2.4p5.(2P*<3/2>).19f"	"2[3/2]"	"2"		""	"L7266"	
"373.6509"	"373.65337+"	"*"	""		"85846.7046"	"112609.477"	"4s2.4p5.(2P*<1/2>).5s"	"2[1/2]*"	"1"	"4s2.4p5.(2P*<3/2>).19f"	"2[3/2]"	"1"		""	"L7266"	
"373.6509"	"373.64643+"	"*"	""		"85846.7046"	"112609.974"	"4s2.4p5.(2P*<1/2>).5s"	"2[1/2]*"	"1"	"4s2.4p5.(2P*<3/2>).19f"	"2[5/2]"	"2"		""	"L7266"	
"374.1339"	"374.14057+"	"*"	""		"85846.7046"	"112574.627"	"4s2.4p5.(2P*<1/2>).5s"	"2[1/2]*"	"1"	"4s2.4p5.(2P*<3/2>).18f"	"2[3/2]"	"1"		""	"L7266"	
"374.1339"	"374.13782+"	"*"	""		"85846.7046"	"112574.823"	"4s2.4p5.(2P*<1/2>).5s"	"2[1/2]*"	"1"	"4s2.4p5.(2P*<3/2>).18f"	"2[3/2]"	"2"		""	"L7266"	
"374.1339"	"374.13280+"	"*"	""		"85846.7046"	"112575.182"	"4s2.4p5.(2P*<1/2>).5s"	"2[1/2]*"	"1"	"4s2.4p5.(2P*<3/2>).18f"	"2[5/2]"	"2"		""	"L7266"	
"374.3714"	"374.372+"	""	""		"85846.7046"	"112558.1"	"4s2.4p5.(2P*<1/2>).5s"	"2[1/2]*"	"1"	"4s2.4p5.(2P*<3/2>).20p"	"2[1/2]"	"1"		""	"L7266"	
"374.4138"	"374.413+"	"*"	""		"85846.7046"	"112555.2"	"4s2.4p5.(2P*<1/2>).5s"	"2[1/2]*"	"1"	"4s2.4p5.(2P*<3/2>).20p"	"2[3/2]"	"2"		""	"L7266"	
"374.4138"	"374.414+"	"*"	""		"85846.7046"	"112555.1"	"4s2.4p5.(2P*<1/2>).5s"	"2[1/2]*"	"1"	"4s2.4p5.(2P*<3/2>).20p"	"2[1/2]"	"0"		""	"L7266"	
"374.4586"	"374.469+"	"*"	""		"85846.7046"	"112551.2"	"4s2.4p5.(2P*<1/2>).5s"	"2[1/2]*"	"1"	"4s2.4p5.(2P*<3/2>).20p"	"2[5/2]"	"2"		""	"L7266"	
"374.4586"	"374.453+"	"*"	""		"85846.7046"	"112552.3"	"4s2.4p5.(2P*<1/2>).5s"	"2[1/2]*"	"1"	"4s2.4p5.(2P*<3/2>).20p"	"2[3/2]"	"1"		""	"L7266"	
"374.573"	"374.573+"	""	""		"85846.7046"	"112543.8"	"4s2.4p5.(2P*<1/2>).5s"	"2[1/2]*"	"1"	"4s2.4p5.(2P*<1/2>).7p"	"2[3/2]"	"2"		""	"L7266"	
"374.7294"	"374.72878+"	""	""		"85846.7046"	"112532.672"	"4s2.4p5.(2P*<1/2>).5s"	"2[1/2]*"	"1"	"4s2.4p5.(2P*<3/2>).17f"	"2[3/2]"	"2"		""	"L7266"	
"374.7697"	"374.768+"	""	""		"85846.7046"	"112529.9"	"4s2.4p5.(2P*<1/2>).5s"	"2[1/2]*"	"1"	"4s2.4p5.(2P*<3/2>).19p"	"2[1/2]"	"1"		""	"L7266"	
"375.0599"	"375.060+"	"*"	""		"85846.7046"	"112509.1"	"4s2.4p5.(2P*<1/2>).5s"	"2[1/2]*"	"1"	"4s2.4p5.(2P*<3/2>).19p"	"2[1/2]"	"0"		""	"L7266"	
"375.0599"	"375.057+"	"*"	""		"85846.7046"	"112509.3"	"4s2.4p5.(2P*<1/2>).5s"	"2[1/2]*"	"1"	"4s2.4p5.(2P*<3/2>).19p"	"2[3/2]"	"1"		""	"L7266"	
"375.1217"	"375.115+"	""	""		"85846.7046"	"112505.2"	"4s2.4p5.(2P*<1/2>).5s"	"2[1/2]*"	"1"	"4s2.4p5.(2P*<3/2>).19p"	"2[5/2]"	"2"		""	"L7266"	
"375.215"	"375.215+"	""	""		"85846.7046"	"112498.1"	"4s2.4p5.(2P*<1/2>).5s"	"2[1/2]*"	"1"	"4s2.4p5.(2P*<1/2>).7p"	"2[1/2]"	"1"		""	"L7266"	
"375.325"	"375.325+"	""	""		"85846.7046"	"112490.3"	"4s2.4p5.(2P*<1/2>).5s"	"2[1/2]*"	"1"	"4s2.4p5.(2P*<1/2>).7p"	"2[3/2]"	"1"		""	"L7266"	
"375.4233"	"375.41419+"	"*"	""		"85846.7046"	"112483.950"	"4s2.4p5.(2P*<1/2>).5s"	"2[1/2]*"	"1"	"4s2.4p5.(2P*<3/2>).16f"	"2[3/2]"	"2"		""	"L7266"	
"375.4233"	"375.42499+"	"*"	""		"85846.7046"	"112483.184"	"4s2.4p5.(2P*<1/2>).5s"	"2[1/2]*"	"1"	"4s2.4p5.(2P*<3/2>).16f"	"2[3/2]"	"1"		""	"L7266"	
"377.44958"	"377.44949+"	"50"	"1.98e+06"	C	"80916.7680"	"107410.379"	"4s2.4p5.(2P*<3/2>).5s"	"2[3/2]*"	"1"	"4s2.4p5.(2P*<3/2>).7p"	"2[1/2]"	"0"		"T4229n,T7199,T3378"	"L4054"	
"379.79616"	"379.79606+"	"20"	""		"80916.7680"	"107246.688"	"4s2.4p5.(2P*<3/2>).5s"	"2[3/2]*"	"1"	"4s2.4p5.(2P*<3/2>).7p"	"2[3/2]"	"2"		""	"L4054"	
"380.16221"	"380.16215+"	"30"	""		"80916.7680"	"107221.333"	"4s2.4p5.(2P*<3/2>).5s"	"2[3/2]*"	"1"	"4s2.4p5.(2P*<3/2>).7p"	"2[3/2]"	"1"		""	"L4054"	
"381.32970"	"381.32961+"	"20"	""		"80916.7680"	"107140.800"	"4s2.4p5.(2P*<3/2>).5s"	"2[3/2]*"	"1"	"4s2.4p5.(2P*<3/2>).7p"	"2[5/2]"	"2"		""	"L4054"	
"383.87915"	"383.87914+"	"30*"	""		"79971.7417"	"106021.607"	"4s2.4p5.(2P*<3/2>).5s"	"2[3/2]*"	"2"	"4s2.4p5.(2P*<3/2>).4f"	"2[5/2]"	"2"		""	"L7350"	
"383.89039"	"383.89040+"	"30*"	""		"79971.7417"	"106020.843"	"4s2.4p5.(2P*<3/2>).5s"	"2[3/2]*"	"2"	"4s2.4p5.(2P*<3/2>).4f"	"2[5/2]"	"3"		""	"L4054"	
"384.70686"	"384.70682+"	"15"	""		"79971.7417"	"105965.562"	"4s2.4p5.(2P*<3/2>).5s"	"2[3/2]*"	"2"	"4s2.4p5.(2P*<3/2>).4f"	"2[3/2]"	"2"		""	"L7350"	
"384.721"	"384.72334+"	"2"	""		"79971.7417"	"105964.446"	"4s2.4p5.(2P*<3/2>).5s"	"2[3/2]*"	"2"	"4s2.4p5.(2P*<3/2>).4f"	"2[3/2]"	"1"		""	"L7408"	
"391.627"	"391.62770+"	"1"	""		"85846.7046"	"111381.160"	"4s2.4p5.(2P*<1/2>).5s"	"2[1/2]*"	"1"	"4s2.4p5.(2P*<1/2>).4f"	"2[5/2]"	"2"		""	"L7408"	
"392.716"	"392.7138+"	"1"	""		"85191.6166"	"110655.45"	"4s2.4p5.(2P*<1/2>).5s"	"2[1/2]*"	"0"	"4s2.4p5.(2P*<3/2>).7f"	"2[3/2]"	"1"		""	"L7408"	
"394.637"	"394.6356+"	"0"	""		"85846.7046"	"111186.54"	"4s2.4p5.(2P*<1/2>).5s"	"2[1/2]*"	"1"	"4s2.4p5.(2P*<3/2>).8f"	"2[3/2]"	"1"		""	"L3988"	
"398.32962"	"398.32958+"	"6"	""		"80916.7680"	"106021.607"	"4s2.4p5.(2P*<3/2>).5s"	"2[3/2]*"	"1"	"4s2.4p5.(2P*<3/2>).4f"	"2[5/2]"	"2"		""	"L7350"	
"399.22083"	"399.22082+"	"20"	""		"80916.7680"	"105965.562"	"4s2.4p5.(2P*<3/2>).5s"	"2[3/2]*"	"1"	"4s2.4p5.(2P*<3/2>).4f"	"2[3/2]"	"2"		""	"L7350"	
"399.23868"	"399.23860+"	"10"	""		"80916.7680"	"105964.446"	"4s2.4p5.(2P*<3/2>).5s"	"2[3/2]*"	"1"	"4s2.4p5.(2P*<3/2>).4f"	"2[3/2]"	"1"		""	"L7350"	
"399.595"	"399.5888+"	"3"	""		"85846.7046"	"110872.43"	"4s2.4p5.(2P*<1/2>).5s"	"2[1/2]*"	"1"	"4s2.4p5.(2P*<3/2>).10p"	"2[1/2]"	"1"		""	"L7408"	
"400.185"	"400.1847+"	"2"	""		"85191.6166"	"110180.08"	"4s2.4p5.(2P*<1/2>).5s"	"2[1/2]*"	"0"	"4s2.4p5.(2P*<3/2>).9p"	"2[1/2]"	"1"		""	"L7408"	
"402.917"	"402.9164+"	"1"	""		"85846.7046"	"110665.75"	"4s2.4p5.(2P*<1/2>).5s"	"2[1/2]*"	"1"	"4s2.4p5.(2P*<3/2>).7f"	"2[5/2]"	"2"		""	"L7408"	
"403.080"	"403.0837+"	"2*"	""		"85846.7046"	"110655.45"	"4s2.4p5.(2P*<1/2>).5s"	"2[1/2]*"	"1"	"4s2.4p5.(2P*<3/2>).7f"	"2[3/2]"	"1"		""	"L7408"	
"403.080"	"403.0746+"	"2*"	""		"85846.7046"	"110656.01"	"4s2.4p5.(2P*<1/2>).5s"	"2[1/2]*"	"1"	"4s2.4p5.(2P*<3/2>).7f"	"2[3/2]"	"2"		""	"L7408"	
"405.772"	"405.7695+"	"3"	""		"85191.6166"	"109836.15"	"4s2.4p5.(2P*<1/2>).5s"	"2[1/2]*"	"0"	"4s2.4p5.(2P*<3/2>).6f"	"2[3/2]"	"1"		""	"L7408"	
"408.805"	"408.8068+"	"2"	""		"85846.7046"	"110308.14"	"4s2.4p5.(2P*<1/2>).5s"	"2[1/2]*"	"1"	"4s2.4p5.(2P*<3/2>).9p"	"2[1/2]"	"0"		""	"L7408"	
"409.900"	"409.9012+"	"1"	""		"85846.7046"	"110242.83"	"4s2.4p5.(2P*<1/2>).5s"	"2[1/2]*"	"1"	"4s2.4p5.(2P*<3/2>).9p"	"2[3/2]"	"2"		""	"L7408"	
"410.959"	"410.9582+"	"3"	""		"85846.7046"	"110180.08"	"4s2.4p5.(2P*<1/2>).5s"	"2[1/2]*"	"1"	"4s2.4p5.(2P*<3/2>).9p"	"2[1/2]"	"1"		""	"L7408"	
"416.565"	"416.5616+"	"2"	""		"85846.7046"	"109852.76"	"4s2.4p5.(2P*<1/2>).5s"	"2[1/2]*"	"1"	"4s2.4p5.(2P*<3/2>).6f"	"2[5/2]"	"2"		""	"L7408"	
"416.845"	"416.8500+"	"5d*"	""		"85846.7046"	"109836.15"	"4s2.4p5.(2P*<1/2>).5s"	"2[1/2]*"	"1"	"4s2.4p5.(2P*<3/2>).6f"	"2[3/2]"	"1"		""	"L7408"	
"416.845"	"416.8392+"	"5d*"	""		"85846.7046"	"109836.77"	"4s2.4p5.(2P*<1/2>).5s"	"2[1/2]*"	"1"	"4s2.4p5.(2P*<3/2>).6f"	"2[3/2]"	"2"		""	"L7408"	
"417.401"	"417.39576+"	"3"	""		"85191.6166"	"109149.694"	"4s2.4p5.(2P*<1/2>).5s"	"2[1/2]*"	"0"	"4s2.4p5.(2P*<3/2>).8p"	"2[3/2]"	"1"		""	"L7408"	
"418.56519"	"418.56497+"	"20"	""		"85191.6166"	"109082.770"	"4s2.4p5.(2P*<1/2>).5s"	"2[1/2]*"	"0"	"4s2.4p5.(2P*<3/2>).8p"	"2[1/2]"	"1"		""	"L7350"	
"426.44856"	"426.44856+"	"20"	""		"85846.7046"	"109296.1917"	"4s2.4p5.(2P*<1/2>).5s"	"2[1/2]*"	"1"	"4s2.4p5.(2P*<3/2>).8p"	"2[1/2]"	"0"		""	"L11281"	
"427.517220"	"427.51722+"	"1000"	"1.99e+06"	C+	"79971.7417"	"103362.6124"	"4s2.4p5.(2P*<3/2>).5s"	"2[3/2]*"	"2"	"4s2.4p5.(2P*<3/2>).6p"	"2[3/2]"	"2"		"T3408n,T7199,T3378"	"L11281"	
"428.417248"	"428.41724+"	"100"	"1.77e+05"	C+	"79971.7417"	"103313.4726"	"4s2.4p5.(2P*<3/2>).5s"	"2[3/2]*"	"2"	"4s2.4p5.(2P*<3/2>).6p"	"2[3/2]"	"1"		"T3952n,T3378"	"L11281"	
"428.769293"	"428.76929+"	"40"	"1.00e+06"	C	"85191.6166"	"108514.1824"	"4s2.4p5.(2P*<1/2>).5s"	"2[1/2]*"	"0"	"4s2.4p5.(2P*<1/2>).6p"	"2[1/2]"	"1"		"T3952n,T3408,T7199"	"L11281"	
"428.923"	"428.92218+"	"5"	""		"85846.7046"	"109160.957"	"4s2.4p5.(2P*<1/2>).5s"	"2[1/2]*"	"1"	"4s2.4p5.(2P*<3/2>).8p"	"2[3/2]"	"2"		""	"L7408"	
"429.385"	"429.38479+"	"6"	""		"85191.6166"	"108480.751"	"4s2.4p5.(2P*<1/2>).5s"	"2[1/2]*"	"0"	"4s2.4p5.(2P*<3/2>).5f"	"2[3/2]"	"1"		""	"L7408"	
"430.169626"	"430.16962+"	"50"	"5.33e+05"	C	"85191.6166"	"108438.2603"	"4s2.4p5.(2P*<1/2>).5s"	"2[1/2]*"	"0"	"4s2.4p5.(2P*<1/2>).6p"	"2[3/2]"	"1"		"T3952n,T3408,T7199"	"L11281"	
"430.36558"	"430.36546+"	"10"	""		"85846.7046"	"109082.770"	"4s2.4p5.(2P*<1/2>).5s"	"2[1/2]*"	"1"	"4s2.4p5.(2P*<3/2>).8p"	"2[1/2]"	"1"		""	"L7350"	
"431.97669"	"431.97663+"	"400"	"5.13e+05"	C	"79971.7417"	"103121.1419"	"4s2.4p5.(2P*<3/2>).5s"	"2[3/2]*"	"2"	"4s2.4p5.(2P*<3/2>).6p"	"2[5/2]"	"2"		"T3952n,T3378,T9012"	"L4054"	
"432.07943"	"432.07943+"	"1000"	"1.25e+06"	C	"79971.7417"	"103115.6343"	"4s2.4p5.(2P*<3/2>).5s"	"2[3/2]*"	"2"	"4s2.4p5.(2P*<3/2>).6p"	"2[5/2]"	"3"		"T3378n,T7199,T9012"	"L4054"	
"435.258282"	"435.25828+"	"100"	"2.22e+06"	C+	"85846.7046"	"108821.5690"	"4s2.4p5.(2P*<1/2>).5s"	"2[1/2]*"	"1"	"4s2.4p5.(2P*<1/2>).6p"	"2[1/2]"	"0"		"T3408n,T7199,T3378"	"L11281"	
"436.386767"	"436.38677+"	"500"	"4.28e+05"	B	"79971.7417"	"102887.1936"	"4s2.4p5.(2P*<3/2>).5s"	"2[3/2]*"	"2"	"4s2.4p5.(2P*<3/2>).6p"	"2[1/2]"	"1"		"T3378n,T7199"	"L11281"	
"437.735124"	"437.73512+"	"800"	"3.74e+06"	C+	"80916.7680"	"103761.6336"	"4s2.4p5.(2P*<3/2>).5s"	"2[3/2]*"	"1"	"4s2.4p5.(2P*<3/2>).6p"	"2[1/2]"	"0"		"T3408n,T7199,T3378"	"L11281"	
"440.120227"	"440.12023+"	"200"	"1.26e+06"	C+	"85846.7046"	"108567.7689"	"4s2.4p5.(2P*<1/2>).5s"	"2[1/2]*"	"1"	"4s2.4p5.(2P*<1/2>).6p"	"2[3/2]"	"2"		"T3408n,T7199,T3378"	"L11281"	
"441.16068"	"441.16068+"	"50"	"2.80e+05"	C+	"85846.7046"	"108514.1824"	"4s2.4p5.(2P*<1/2>).5s"	"2[1/2]*"	"1"	"4s2.4p5.(2P*<1/2>).6p"	"2[1/2]"	"1"		"T3408n,T7199,T3378"	"L11281"	
"441.363"	"441.36146+"	"6"	""		"85846.7046"	"108503.871"	"4s2.4p5.(2P*<1/2>).5s"	"2[1/2]*"	"1"	"4s2.4p5.(2P*<3/2>).5f"	"2[5/2]"	"2"		""	"L7408"	
"441.81242"	"441.81230+"	"20"	""		"85846.7046"	"108480.751"	"4s2.4p5.(2P*<1/2>).5s"	"2[1/2]*"	"1"	"4s2.4p5.(2P*<3/2>).5f"	"2[3/2]"	"1"		""	"L7350"	
"442.00022"	"442.00022+"	"50"	""		"85846.7046"	"108471.1277"	"4s2.4p5.(2P*<1/2>).5s"	"2[1/2]*"	"1"	"4s2.4p5.(2P*<3/2>).5f"	"2[3/2]"	"2"		""	"L11281"	
"442.643265"	"442.64327+"	"100"	"6.05e+05"	C+	"85846.7046"	"108438.2603"	"4s2.4p5.(2P*<1/2>).5s"	"2[1/2]*"	"1"	"4s2.4p5.(2P*<1/2>).6p"	"2[3/2]"	"1"		"T3408n,T7199,T3378"	"L11281"	
"445.516765"	"445.51677+"	"600"	"3.97e+05"	B	"80916.7680"	"103362.6124"	"4s2.4p5.(2P*<3/2>).5s"	"2[3/2]*"	"1"	"4s2.4p5.(2P*<3/2>).6p"	"2[3/2]"	"2"		"T3378n,T7199"	"L11281"	
"446.494273"	"446.49426+"	"800"	"1.181e+06"	B	"80916.7680"	"103313.4726"	"4s2.4p5.(2P*<3/2>).5s"	"2[3/2]*"	"1"	"4s2.4p5.(2P*<3/2>).6p"	"2[3/2]"	"1"		"T3378n,T7199"	"L11281"	
"450.361721"	"450.36172+"	"600"	"7.8e+05"	C	"80916.7680"	"103121.1419"	"4s2.4p5.(2P*<3/2>).5s"	"2[3/2]*"	"1"	"4s2.4p5.(2P*<3/2>).6p"	"2[5/2]"	"2"		"T3952n,T3378,T9012"	"L11281"	
"453.933"	"453.93231+"	"3"	""		"85191.6166"	"107221.333"	"4s2.4p5.(2P*<1/2>).5s"	"2[1/2]*"	"0"	"4s2.4p5.(2P*<3/2>).7p"	"2[3/2]"	"1"		""	"L7408"	
"455.15741"	"455.15732+"	"40"	"7.3e+03"	D	"80916.7680"	"102887.1936"	"4s2.4p5.(2P*<3/2>).5s"	"2[3/2]*"	"1"	"4s2.4p5.(2P*<3/2>).6p"	"2[1/2]"	"1"		"T3952n,T3378"	"L7350"	
"458.425"	"458.42636+"	"4"	""		"85191.6166"	"107005.371"	"4s2.4p5.(2P*<1/2>).5s"	"2[1/2]*"	"0"	"4s2.4p5.(2P*<3/2>).7p"	"2[1/2]"	"1"		""	"L3988"	
"463.744"	"463.74286+"	"20"	""		"85846.7046"	"107410.379"	"4s2.4p5.(2P*<1/2>).5s"	"2[1/2]*"	"1"	"4s2.4p5.(2P*<3/2>).7p"	"2[1/2]"	"0"		""	"L7408"	
"467.292"	"467.29008+"	"10"	""		"85846.7046"	"107246.688"	"4s2.4p5.(2P*<1/2>).5s"	"2[1/2]*"	"1"	"4s2.4p5.(2P*<3/2>).7p"	"2[3/2]"	"2"		""	"L7408"	
"467.847"	"467.84439+"	"1"	""		"85846.7046"	"107221.333"	"4s2.4p5.(2P*<1/2>).5s"	"2[1/2]*"	"1"	"4s2.4p5.(2P*<3/2>).7p"	"2[3/2]"	"1"		""	"L7408"	
"469.615"	"469.61375+"	"4"	""		"85846.7046"	"107140.800"	"4s2.4p5.(2P*<1/2>).5s"	"2[1/2]*"	"1"	"4s2.4p5.(2P*<3/2>).7p"	"2[5/2]"	"2"		""	"L7408"	
"472.621"	"472.61958+"	"20"	""		"85846.7046"	"107005.371"	"4s2.4p5.(2P*<1/2>).5s"	"2[1/2]*"	"1"	"4s2.4p5.(2P*<3/2>).7p"	"2[1/2]"	"1"		""	"L7408"	
"481.39817"	"481.39807+"	"40"	""		"85191.6166"	"105964.446"	"4s2.4p5.(2P*<1/2>).5s"	"2[1/2]*"	"0"	"4s2.4p5.(2P*<3/2>).4f"	"2[3/2]"	"1"		""	"L7350"	
"486.320"	"486.3192+"	"2h"	""		"91168.5150"	"111731.14"	"4s2.4p5.(2P*<3/2>).5p"	"2[1/2]"	"1"	"4s2.4p5.(2P*<3/2>).11d"	"2[3/2]*"	"2"		""	"L7408"	
"486.627"	"486.6264+"	"2h"	""		"91168.5150"	"111718.16"	"4s2.4p5.(2P*<3/2>).5p"	"2[1/2]"	"1"	"4s2.4p5.(2P*<3/2>).11d"	"2[1/2]*"	"1"		""	"L7408"	
"486.860"	"486.8595+"	"1h"	""		"91168.5150"	"111708.32"	"4s2.4p5.(2P*<3/2>).5p"	"2[1/2]"	"1"	"4s2.4p5.(2P*<3/2>).11d"	"2[1/2]*"	"0"		""	"L7408"	
"491.176"	"491.1757+"	"2"	""		"91168.5150"	"111527.83"	"4s2.4p5.(2P*<3/2>).5p"	"2[1/2]"	"1"	"4s2.4p5.(2P*<3/2>).12s"	"2[3/2]*"	"2"		""	"L7408"	
"493.176"	"493.1726+"	"4h"	""		"91168.5150"	"111445.39"	"4s2.4p5.(2P*<3/2>).5p"	"2[1/2]"	"1"	"4s2.4p5.(2P*<3/2>).10d"	"2[3/2]*"	"2"		""	"L7408"	
"493.586"	"493.5821+"	"4h"	""		"91168.5150"	"111428.57"	"4s2.4p5.(2P*<3/2>).5p"	"2[1/2]"	"1"	"4s2.4p5.(2P*<3/2>).10d"	"2[1/2]*"	"1"		""	"L7408"	
"493.976"	"493.9754+"	"2h"	""		"91168.5150"	"111412.44"	"4s2.4p5.(2P*<3/2>).5p"	"2[1/2]"	"1"	"4s2.4p5.(2P*<3/2>).10d"	"2[1/2]*"	"0"		""	"L7408"	
"495.665"	"495.66535+"	"15"	""		"85846.7046"	"106021.607"	"4s2.4p5.(2P*<1/2>).5s"	"2[1/2]*"	"1"	"4s2.4p5.(2P*<3/2>).4f"	"2[5/2]"	"2"		""	"L7408"	
"497.047"	"497.04612+"	"20"	""		"85846.7046"	"105965.562"	"4s2.4p5.(2P*<1/2>).5s"	"2[1/2]*"	"1"	"4s2.4p5.(2P*<3/2>).4f"	"2[3/2]"	"2"		""	"L7408"	
"497.075"	"497.07369+"	"15"	""		"85846.7046"	"105964.446"	"4s2.4p5.(2P*<1/2>).5s"	"2[1/2]*"	"1"	"4s2.4p5.(2P*<3/2>).4f"	"2[3/2]"	"1"		""	"L7408"	
"500.354"	"500.353+"	"2"	""		"91168.5150"	"111154.40"	"4s2.4p5.(2P*<3/2>).5p"	"2[1/2]"	"1"	"4s2.4p5.(2P*<3/2>).11s"	"2[3/2]*"	"2"		""	"L7408"	
"503.055"	"503.055+"	"5"	""		"91168.5150"	"111047.07"	"4s2.4p5.(2P*<3/2>).5p"	"2[1/2]"	"1"	"4s2.4p5.(2P*<3/2>).9d"	"2[3/2]*"	"2"		""	"L7408"	
"504.175"	"504.1728+"	"7"	""		"91168.5150"	"111002.984"	"4s2.4p5.(2P*<3/2>).5p"	"2[1/2]"	"1"	"4s2.4p5.(2P*<3/2>).9d"	"2[1/2]*"	"1"		""	"L7408"	
"504.915"	"504.914+"	"1*"	""		"92294.4012"	"112099.75"	"4s2.4p5.(2P*<3/2>).5p"	"2[5/2]"	"3"	"4s2.4p5.(2P*<3/2>).13d"	"2[7/2]*"	"4"		""	"L3990"	
"504.915"	"504.91+"	"1*"	""		"92307.3786"	"112112.8"	"4s2.4p5.(2P*<3/2>).5p"	"2[5/2]"	"2"	"4s2.4p5.(2P*<3/2>).13d"	"2[5/2]*"	"2"		""	"L3990"	
"505.949"	"505.9489+"	"4"	""		"91168.5150"	"110933.358"	"4s2.4p5.(2P*<3/2>).5p"	"2[1/2]"	"1"	"4s2.4p5.(2P*<3/2>).9d"	"2[1/2]*"	"0"		""	"L7408"	
"509.054"	"509.053+"	"2h"	""		"92294.4012"	"111938.71"	"4s2.4p5.(2P*<3/2>).5p"	"2[5/2]"	"3"	"4s2.4p5.(2P*<3/2>).12d"	"2[7/2]*"	"4"		""	"L7408"	
"509.178"	"509.177+"	"1h"	""		"92307.3786"	"111946.91"	"4s2.4p5.(2P*<3/2>).5p"	"2[5/2]"	"2"	"4s2.4p5.(2P*<3/2>).12d"	"2[7/2]*"	"3"		""	"L7408"	
"511.123"	"511.123+"	"2"	""		"91168.5150"	"110733.27"	"4s2.4p5.(2P*<3/2>).5p"	"2[1/2]"	"1"	"4s2.4p5.(2P*<1/2>).5d"	"2[3/2]*"	"1"		""	"L7408"	
"514.13"	"514.1240+"	"1"	""		"91168.5150"	"110619.075"	"4s2.4p5.(2P*<3/2>).5p"	"2[1/2]"	"1"	"4s2.4p5.(2P*<3/2>).10s"	"2[3/2]*"	"1"		""	"L7408"	
"514.41"	"514.4074+"	"4"	""		"91168.5150"	"110608.359"	"4s2.4p5.(2P*<3/2>).5p"	"2[1/2]"	"1"	"4s2.4p5.(2P*<3/2>).10s"	"2[3/2]*"	"2"		""	"L7408"	
"514.647"	"514.6465+"	"2h"	""		"92294.4012"	"111725.213"	"4s2.4p5.(2P*<3/2>).5p"	"2[5/2]"	"3"	"4s2.4p5.(2P*<3/2>).11d"	"2[7/2]*"	"4"		""	"L7408"	
"514.682"	"514.682+"	"1h"	""		"92307.3786"	"111736.86"	"4s2.4p5.(2P*<3/2>).5p"	"2[5/2]"	"2"	"4s2.4p5.(2P*<3/2>).11d"	"2[7/2]*"	"3"		""	"L7408"	
"516.917"	"516.9139+"	"1"	""		"91168.5150"	"110514.095"	"4s2.4p5.(2P*<3/2>).5p"	"2[1/2]"	"1"	"4s2.4p5.(2P*<3/2>).8d"	"2[3/2]*"	"1"		""	"L7408"	
"516.950"	"516.9478+"	"4"	""		"91168.5150"	"110512.827"	"4s2.4p5.(2P*<3/2>).5p"	"2[1/2]"	"1"	"4s2.4p5.(2P*<3/2>).8d"	"2[3/2]*"	"2"		""	"L7408"	
"517.380"	"517.37883+"	"2"	""		"91168.5150"	"110496.7122"	"4s2.4p5.(2P*<3/2>).5p"	"2[1/2]"	"1"	"4s2.4p5.(2P*<3/2>).8d"	"2[5/2]*"	"2"		""	"L7408"	
"519.927"	"519.928+"	"1h"	""		"92294.4012"	"111527.83"	"4s2.4p5.(2P*<3/2>).5p"	"2[5/2]"	"3"	"4s2.4p5.(2P*<3/2>).12s"	"2[3/2]*"	"2"		""	"L7408"	
"520.042"	"520.041+"	"1"	""		"92307.3786"	"111536.63"	"4s2.4p5.(2P*<3/2>).5p"	"2[5/2]"	"2"	"4s2.4p5.(2P*<3/2>).12s"	"2[3/2]*"	"1"		""	"L3990"	
"521.386"	"521.385+"	"1"	""		"92294.4012"	"111474.08"	"4s2.4p5.(2P*<3/2>).5p"	"2[5/2]"	"3"	"4s2.4p5.(2P*<3/2>).10d"	"2[5/2]*"	"3"		""	"L7408"	
"521.72701"	"521.72701+"	"8"	""		"91168.5150"	"110335.6269"	"4s2.4p5.(2P*<3/2>).5p"	"2[1/2]"	"1"	"4s2.4p5.(2P*<3/2>).8d"	"2[1/2]*"	"0"		""	"L11281"	
"521.923"	"521.921+"	"1"	""		"92307.3786"	"111467.35"	"4s2.4p5.(2P*<3/2>).5p"	"2[5/2]"	"2"	"4s2.4p5.(2P*<3/2>).10d"	"2[5/2]*"	"2"		""	"L7408"	
"522.029"	"522.029+"	"1"	""		"92294.4012"	"111450.43"	"4s2.4p5.(2P*<3/2>).5p"	"2[5/2]"	"3"	"4s2.4p5.(2P*<3/2>).10d"	"2[7/2]*"	"3"		""	"L7408"	
"522.383"	"522.383+"	"3"	""		"92307.3786"	"111450.43"	"4s2.4p5.(2P*<3/2>).5p"	"2[5/2]"	"2"	"4s2.4p5.(2P*<3/2>).10d"	"2[7/2]*"	"3"		""	"L7408"	
"522.502"	"522.5003+"	"5"	""		"92294.4012"	"111433.146"	"4s2.4p5.(2P*<3/2>).5p"	"2[5/2]"	"3"	"4s2.4p5.(2P*<3/2>).10d"	"2[7/2]*"	"4"		""	"L7408"	
"522.963279"	"522.96328+"	"20"	""		"91168.5150"	"110290.3165"	"4s2.4p5.(2P*<3/2>).5p"	"2[1/2]"	"1"	"4s2.4p5.(2P*<3/2>).8d"	"2[1/2]*"	"1"		""	"L11281"	
"523.352"	"523.3513+"	"2"	""		"79971.7417"	"99079.367"	"4s2.4p5.(2P*<3/2>).5s"	"2[3/2]*"	"2"	"4s2.4p5.(2P*<3/2>).4d"	"2[5/2]*"	"3"	E2	""	"L7408"	
"527.608"	"527.60756+"	"4"	""		"91168.5150"	"110121.9961"	"4s2.4p5.(2P*<3/2>).5p"	"2[1/2]"	"1"	"4s2.4p5.(2P*<1/2>).5d"	"2[5/2]*"	"2"		""	"L7408"	
"528.13038"	"528.13036+"	"9"	""		"91168.5150"	"110103.2339"	"4s2.4p5.(2P*<3/2>).5p"	"2[1/2]"	"1"	"4s2.4p5.(2P*<1/2>).5d"	"2[3/2]*"	"2"		""	"L11281"	
"529.223"	"529.2213+"	"1"	""		"79971.7417"	"98867.429"	"4s2.4p5.(2P*<3/2>).5s"	"2[3/2]*"	"2"	"4s2.4p5.(2P*<3/2>).4d"	"2[5/2]*"	"2"	E2	""	"L7408"	
"530.126"	"530.126+"	"2h"	""		"92307.3786"	"111170.83"	"4s2.4p5.(2P*<3/2>).5p"	"2[5/2]"	"2"	"4s2.4p5.(2P*<3/2>).11s"	"2[3/2]*"	"1"		""	"L7408"	
"530.221"	"530.223+"	"3"	""		"92294.4012"	"111154.40"	"4s2.4p5.(2P*<3/2>).5p"	"2[5/2]"	"3"	"4s2.4p5.(2P*<3/2>).11s"	"2[3/2]*"	"2"		""	"L7408"	
"530.591"	"530.59+"	"1*"	""		"92307.3786"	"111154.3"	"4s2.4p5.(2P*<3/2>).5p"	"2[5/2]"	"2"	"4s2.4p5.(2P*<3/2>).9d"	"2[3/2]*"	"1"		""	"L7408"	
"530.591"	"530.588+"	"1*"	""		"92307.3786"	"111154.40"	"4s2.4p5.(2P*<3/2>).5p"	"2[5/2]"	"2"	"4s2.4p5.(2P*<3/2>).11s"	"2[3/2]*"	"2"		""	"L7408"	
"532.350"	"532.349+"	"2"	""		"92294.4012"	"111079.06"	"4s2.4p5.(2P*<3/2>).5p"	"2[5/2]"	"3"	"4s2.4p5.(2P*<3/2>).9d"	"2[5/2]*"	"3"		""	"L7408"	
"532.718"	"532.717+"	"1-"	""		"92307.3786"	"111079.06"	"4s2.4p5.(2P*<3/2>).5p"	"2[5/2]"	"2"	"4s2.4p5.(2P*<3/2>).9d"	"2[5/2]*"	"3"		""	"L7408"	
"532.935"	"532.933+"	"2"	""		"92307.3786"	"111071.45"	"4s2.4p5.(2P*<3/2>).5p"	"2[5/2]"	"2"	"4s2.4p5.(2P*<3/2>).9d"	"2[5/2]*"	"2"		""	"L7408"	
"533.256"	"533.257+"	"2*"	""		"92294.4012"	"111047.07"	"4s2.4p5.(2P*<3/2>).5p"	"2[5/2]"	"3"	"4s2.4p5.(2P*<3/2>).9d"	"2[3/2]*"	"2"		""	"L7408"	
"533.256"	"533.25461+"	"2*"	""		"92294.4012"	"111047.1693"	"4s2.4p5.(2P*<3/2>).5p"	"2[5/2]"	"3"	"4s2.4p5.(2P*<3/2>).9d"	"2[7/2]*"	"3"		""	"L7408"	
"533.62389"	"533.62389+"	"10"	""		"92307.3786"	"111047.1693"	"4s2.4p5.(2P*<3/2>).5p"	"2[5/2]"	"2"	"4s2.4p5.(2P*<3/2>).9d"	"2[7/2]*"	"3"		""	"L11281"	
"533.920"	"533.9187+"	"1"	""		"80916.7680"	"99646.212"	"4s2.4p5.(2P*<3/2>).5s"	"2[3/2]*"	"1"	"4s2.4p5.(2P*<3/2>).4d"	"2[3/2]*"	"1"	E2	""	"L7408"	
"534.06034"	"534.06034+"	"20"	""		"92294.4012"	"111018.8772"	"4s2.4p5.(2P*<3/2>).5p"	"2[5/2]"	"3"	"4s2.4p5.(2P*<3/2>).9d"	"2[7/2]*"	"4"		""	"L11281"	
"534.886"	"534.8851+"	"2"	""		"92307.3786"	"111002.984"	"4s2.4p5.(2P*<3/2>).5p"	"2[5/2]"	"2"	"4s2.4p5.(2P*<3/2>).9d"	"2[1/2]*"	"1"		""	"L7408"	
"536.740"	"536.740+"	"1h"	""		"93123.3409"	"111754.35"	"4s2.4p5.(2P*<3/2>).5p"	"2[3/2]"	"2"	"4s2.4p5.(2P*<3/2>).11d"	"2[5/2]*"	"3"		""	"L7408"	
"537.323"	"537.32244+"	"2"	""		"91168.5150"	"109779.3140"	"4s2.4p5.(2P*<3/2>).5p"	"2[1/2]"	"1"	"4s2.4p5.(2P*<3/2>).9s"	"2[3/2]*"	"1"		""	"L7408"	
"537.406"	"537.409+"	"0"	""		"93123.3409"	"111731.14"	"4s2.4p5.(2P*<3/2>).5p"	"2[3/2]"	"2"	"4s2.4p5.(2P*<3/2>).11d"	"2[3/2]*"	"2"		""	"L3990"	
"538.11325"	"538.11325+"	"15"	""		"91168.5150"	"109751.9639"	"4s2.4p5.(2P*<3/2>).5p"	"2[1/2]"	"1"	"4s2.4p5.(2P*<3/2>).9s"	"2[3/2]*"	"2"		""	"L11281"	
"540.453"	"540.454+"	"2h"	""		"92964.3943"	"111467.35"	"4s2.4p5.(2P*<3/2>).5p"	"2[3/2]"	"1"	"4s2.4p5.(2P*<3/2>).10d"	"2[5/2]*"	"2"		""	"L7408"	
"541.094"	"541.096+"	"1h"	""		"92964.3943"	"111445.39"	"4s2.4p5.(2P*<3/2>).5p"	"2[3/2]"	"1"	"4s2.4p5.(2P*<3/2>).10d"	"2[3/2]*"	"2"		""	"L7408"	
"541.593"	"541.589+"	"1"	""		"92964.3943"	"111428.57"	"4s2.4p5.(2P*<3/2>).5p"	"2[3/2]"	"1"	"4s2.4p5.(2P*<3/2>).10d"	"2[1/2]*"	"1"		""	"L3990"	
"543.328"	"543.346+"	"1"	""		"93123.3409"	"111527.83"	"4s2.4p5.(2P*<3/2>).5p"	"2[3/2]"	"2"	"4s2.4p5.(2P*<3/2>).12s"	"2[3/2]*"	"2"		""	"L4004"	
"544.694"	"544.69163+"	"1-"	""		"91168.5150"	"109527.5268"	"4s2.4p5.(2P*<3/2>).5p"	"2[1/2]"	"1"	"4s2.4p5.(2P*<3/2>).7d"	"2[5/2]*"	"2"		""	"L7408"	
"544.937"	"544.937+"	"3h"	""		"93123.3409"	"111474.08"	"4s2.4p5.(2P*<3/2>).5p"	"2[3/2]"	"2"	"4s2.4p5.(2P*<3/2>).10d"	"2[5/2]*"	"3"		""	"L7408"	
"545.791"	"545.790+"	"2h"	""		"93123.3409"	"111445.39"	"4s2.4p5.(2P*<3/2>).5p"	"2[3/2]"	"2"	"4s2.4p5.(2P*<3/2>).10d"	"2[3/2]*"	"2"		""	"L7408"	
"546.032"	"546.0316+"	"7"	""		"92294.4012"	"110608.359"	"4s2.4p5.(2P*<3/2>).5p"	"2[5/2]"	"3"	"4s2.4p5.(2P*<3/2>).10s"	"2[3/2]*"	"2"		""	"L7408"	
"546.099"	"546.0990+"	"4"	""		"92307.3786"	"110619.075"	"4s2.4p5.(2P*<3/2>).5p"	"2[5/2]"	"2"	"4s2.4p5.(2P*<3/2>).10s"	"2[3/2]*"	"1"		""	"L7408"	
"546.289"	"546.292+"	"1"	""		"93123.3409"	"111428.57"	"4s2.4p5.(2P*<3/2>).5p"	"2[3/2]"	"2"	"4s2.4p5.(2P*<3/2>).10d"	"2[1/2]*"	"1"		""	"L7408"	
"546.417"	"546.4188+"	"2"	""		"92307.3786"	"110608.359"	"4s2.4p5.(2P*<3/2>).5p"	"2[5/2]"	"2"	"4s2.4p5.(2P*<3/2>).10s"	"2[3/2]*"	"2"		""	"L7408"	
"547.810"	"547.8093+"	"2"	""		"79971.7417"	"98226.268"	"4s2.4p5.(2P*<3/2>).5s"	"2[3/2]*"	"2"	"4s2.4p5.(2P*<3/2>).4d"	"2[7/2]*"	"3"	E2	""	"L7408"	
"548.898"	"548.8948+"	"1"	""		"92294.4012"	"110512.827"	"4s2.4p5.(2P*<3/2>).5p"	"2[5/2]"	"3"	"4s2.4p5.(2P*<3/2>).8d"	"2[3/2]*"	"2"		""	"L7408"	
"549.039"	"549.0362+"	"5"	""		"92294.4012"	"110508.136"	"4s2.4p5.(2P*<3/2>).5p"	"2[5/2]"	"3"	"4s2.4p5.(2P*<3/2>).8d"	"2[5/2]*"	"3"		""	"L7408"	
"549.246155"	"549.24617+"	"50"	""		"91168.5150"	"109375.2875"	"4s2.4p5.(2P*<3/2>).5p"	"2[1/2]"	"1"	"4s2.4p5.(2P*<3/2>).7d"	"2[3/2]*"	"2"		""	"L11281"	
"549.286"	"549.2861+"	"2h"	""		"92307.3786"	"110512.827"	"4s2.4p5.(2P*<3/2>).5p"	"2[5/2]"	"2"	"4s2.4p5.(2P*<3/2>).8d"	"2[3/2]*"	"2"		""	"L7408"	
"549.430"	"549.4277+"	"1"	""		"92307.3786"	"110508.136"	"4s2.4p5.(2P*<3/2>).5p"	"2[5/2]"	"2"	"4s2.4p5.(2P*<3/2>).8d"	"2[5/2]*"	"3"		""	"L7408"	
"549.774"	"549.77275+"	"3"	""		"92307.3786"	"110496.7122"	"4s2.4p5.(2P*<3/2>).5p"	"2[5/2]"	"2"	"4s2.4p5.(2P*<3/2>).8d"	"2[5/2]*"	"2"		""	"L7408"	
"550.223831"	"550.22383+"	"50"	""		"91168.5150"	"109342.9368"	"4s2.4p5.(2P*<3/2>).5p"	"2[1/2]"	"1"	"4s2.4p5.(2P*<3/2>).7d"	"2[1/2]*"	"1"		""	"L11281"	
"550.55344"	"550.55346+"	"15"	""		"92307.3786"	"110470.9189"	"4s2.4p5.(2P*<3/2>).5p"	"2[5/2]"	"2"	"4s2.4p5.(2P*<3/2>).8d"	"2[7/2]*"	"3"		""	"L11281"	
"550.58596"	"550.58599+"	"20"	""		"91168.5150"	"109330.9822"	"4s2.4p5.(2P*<3/2>).5p"	"2[1/2]"	"1"	"4s2.4p5.(2P*<3/2>).7d"	"2[1/2]*"	"0"		""	"L11281"	
"551.81990"	"551.81986+"	"20"	"1.54e+04"	C	"85191.6166"	"103313.4726"	"4s2.4p5.(2P*<1/2>).5s"	"2[1/2]*"	"0"	"4s2.4p5.(2P*<3/2>).6p"	"2[3/2]"	"1"		"T3952n,T3378"	"L11281"	
"552.204373"	"552.20437+"	"40"	""		"92294.4012"	"110403.6385"	"4s2.4p5.(2P*<3/2>).5p"	"2[5/2]"	"3"	"4s2.4p5.(2P*<3/2>).8d"	"2[7/2]*"	"4"		""	"L11281"	
"552.270"	"552.271+"	"3"	""		"92964.3943"	"111071.45"	"4s2.4p5.(2P*<3/2>).5p"	"2[3/2]"	"1"	"4s2.4p5.(2P*<3/2>).9d"	"2[5/2]*"	"2"		""	"L7408"	
"553.017"	"553.016+"	"2-"	""		"92964.3943"	"111047.07"	"4s2.4p5.(2P*<3/2>).5p"	"2[3/2]"	"1"	"4s2.4p5.(2P*<3/2>).9d"	"2[3/2]*"	"2"		""	"L7408"	
"554.09"	"554.094+"	"1h"	""		"93123.3409"	"111170.83"	"4s2.4p5.(2P*<3/2>).5p"	"2[3/2]"	"2"	"4s2.4p5.(2P*<3/2>).11s"	"2[3/2]*"	"1"		""	"L7408"	
"554.364"	"554.3671+"	"1"	""		"92964.3943"	"111002.984"	"4s2.4p5.(2P*<3/2>).5p"	"2[3/2]"	"1"	"4s2.4p5.(2P*<3/2>).9d"	"2[1/2]*"	"1"		""	"L4004"	
"554.59"	"554.599+"	"1h"	""		"93123.3409"	"111154.40"	"4s2.4p5.(2P*<3/2>).5p"	"2[3/2]"	"2"	"4s2.4p5.(2P*<3/2>).11s"	"2[3/2]*"	"2"		""	"L7408"	
"556.080"	"556.08266+"	"2"	""		"92307.3786"	"110290.3165"	"4s2.4p5.(2P*<3/2>).5p"	"2[5/2]"	"2"	"4s2.4p5.(2P*<3/2>).8d"	"2[1/2]*"	"1"		""	"L4004"	
"556.376997"	"556.37699+"	"500"	"1.10e+05"	B	"79971.7417"	"97945.1664"	"4s2.4p5.(2P*<3/2>).5s"	"2[3/2]*"	"2"	"4s2.4p5.(2P*<1/2>).5p"	"2[3/2]"	"2"		"T7199"	"L11281"	
"557.183623"	"557.18361+"	"2000"	"9.80e+05"	B+	"79971.7417"	"97919.1468"	"4s2.4p5.(2P*<3/2>).5s"	"2[3/2]*"	"2"	"4s2.4p5.(2P*<1/2>).5p"	"2[1/2]"	"1"		"T7199"	"L11281"	
"557.468"	"557.46637+"	"2"	""		"80916.7680"	"98855.0698"	"4s2.4p5.(2P*<3/2>).5s"	"2[3/2]*"	"1"	"4s2.4p5.(2P*<1/2>).5p"	"2[1/2]"	"0"		""	"L7408"	
"557.71"	"557.7232+"	"10"	""		"92307.3786"	"110237.421"	"4s2.4p5.(2P*<3/2>).5p"	"2[5/2]"	"2"	"4s2.4p5.(2P*<1/2>).5d"	"2[5/2]*"	"3"		""	"L7408"	
"557.919"	"557.920+"	"3h"	""		"93123.3409"	"111047.07"	"4s2.4p5.(2P*<3/2>).5p"	"2[3/2]"	"2"	"4s2.4p5.(2P*<3/2>).9d"	"2[3/2]*"	"2"		""	"L7408"	
"558.193678"	"558.19367+"	"80"	"6.0e+05"	C	"85846.7046"	"103761.6336"	"4s2.4p5.(2P*<1/2>).5s"	"2[1/2]*"	"1"	"4s2.4p5.(2P*<3/2>).6p"	"2[1/2]"	"0"		"T3952n,T3408,T7199"	"L11281"	
"559.296"	"559.2953+"	"2"	""		"93123.3409"	"111002.984"	"4s2.4p5.(2P*<3/2>).5p"	"2[3/2]"	"2"	"4s2.4p5.(2P*<3/2>).9d"	"2[1/2]*"	"1"		""	"L7408"	
"560.928"	"560.92816+"	"1"	""		"92294.4012"	"110121.9961"	"4s2.4p5.(2P*<3/2>).5p"	"2[5/2]"	"3"	"4s2.4p5.(2P*<1/2>).5d"	"2[5/2]*"	"2"		""	"L7408"	
"560.993"	"560.9927+"	"3"	""		"79971.7417"	"97797.287"	"4s2.4p5.(2P*<3/2>).5s"	"2[3/2]*"	"2"	"4s2.4p5.(2P*<3/2>).4d"	"2[7/2]*"	"4"	E2	""	"L7408"	
"561.33678"	"561.33678+"	"4"	""		"92307.3786"	"110121.9961"	"4s2.4p5.(2P*<3/2>).5p"	"2[5/2]"	"2"	"4s2.4p5.(2P*<1/2>).5d"	"2[5/2]*"	"2"		""	"L11281"	
"564.461"	"564.4603+"	"1"	""		"79971.7417"	"97687.779"	"4s2.4p5.(2P*<3/2>).5s"	"2[3/2]*"	"2"	"4s2.4p5.(2P*<3/2>).4d"	"2[3/2]*"	"2"	E2	""	"L7408"	
"565.112975"	"565.11297+"	"100"	"1.29e+05"	C+	"85191.6166"	"102887.1936"	"4s2.4p5.(2P*<1/2>).5s"	"2[1/2]*"	"0"	"4s2.4p5.(2P*<3/2>).6p"	"2[1/2]"	"1"		"T3952n,T3378"	"L11281"	
"566.424"	"566.4220+"	"3"	""		"92964.3943"	"110619.075"	"4s2.4p5.(2P*<3/2>).5p"	"2[3/2]"	"1"	"4s2.4p5.(2P*<3/2>).10s"	"2[3/2]*"	"1"		""	"L7408"	
"566.766"	"566.7660+"	"1"	""		"92964.3943"	"110608.359"	"4s2.4p5.(2P*<3/2>).5p"	"2[3/2]"	"1"	"4s2.4p5.(2P*<3/2>).10s"	"2[3/2]*"	"2"		""	"L7408"	
"567.40250"	"567.40249+"	"50"	"1.5e+04"	C	"79971.7417"	"97595.9153"	"4s2.4p5.(2P*<3/2>).5s"	"2[3/2]*"	"2"	"4s2.4p5.(2P*<1/2>).5p"	"2[3/2]"	"1"		"T7199"	"L11281"	
"569.812"	"569.8103+"	"3-"	""		"92964.3943"	"110514.095"	"4s2.4p5.(2P*<3/2>).5p"	"2[3/2]"	"1"	"4s2.4p5.(2P*<3/2>).8d"	"2[3/2]*"	"1"		""	"L7408"	
"569.853"	"569.8515+"	"1"	""		"92964.3943"	"110512.827"	"4s2.4p5.(2P*<3/2>).5p"	"2[3/2]"	"1"	"4s2.4p5.(2P*<3/2>).8d"	"2[3/2]*"	"2"		""	"L7408"	
"570.37524"	"570.37524+"	"10"	""		"92964.3943"	"110496.7122"	"4s2.4p5.(2P*<3/2>).5p"	"2[3/2]"	"1"	"4s2.4p5.(2P*<3/2>).8d"	"2[5/2]*"	"2"		""	"L11281"	
"570.90964"	"570.90960+"	"40"	"2.59e+04"	D+	"85846.7046"	"103362.6124"	"4s2.4p5.(2P*<1/2>).5s"	"2[1/2]*"	"1"	"4s2.4p5.(2P*<3/2>).6p"	"2[3/2]"	"2"		"T3952n,T9012"	"L11281"	
"571.570"	"571.5679+"	"2"	""		"93123.3409"	"110619.075"	"4s2.4p5.(2P*<3/2>).5p"	"2[3/2]"	"2"	"4s2.4p5.(2P*<3/2>).10s"	"2[3/2]*"	"1"		""	"L7408"	
"571.920"	"571.9182+"	"3"	""		"93123.3409"	"110608.359"	"4s2.4p5.(2P*<3/2>).5p"	"2[3/2]"	"2"	"4s2.4p5.(2P*<3/2>).10s"	"2[3/2]*"	"2"		""	"L7408"	
"572.34644"	"572.34644+"	"10"	""		"92307.3786"	"109779.3140"	"4s2.4p5.(2P*<3/2>).5p"	"2[5/2]"	"2"	"4s2.4p5.(2P*<3/2>).9s"	"2[3/2]*"	"1"		""	"L11281"	
"572.515"	"572.51576+"	"15"	"8.3e+03"	C	"85846.7046"	"103313.4726"	"4s2.4p5.(2P*<1/2>).5s"	"2[1/2]*"	"1"	"4s2.4p5.(2P*<3/2>).6p"	"2[3/2]"	"1"		"T3952n,T3378"	"L7408"	
"572.81764"	"572.81765+"	"20"	""		"92294.4012"	"109751.9639"	"4s2.4p5.(2P*<3/2>).5p"	"2[5/2]"	"3"	"4s2.4p5.(2P*<3/2>).9s"	"2[3/2]*"	"2"		""	"L11281"	
"573.245"	"573.24378+"	"4"	""		"92307.3786"	"109751.9639"	"4s2.4p5.(2P*<3/2>).5p"	"2[5/2]"	"2"	"4s2.4p5.(2P*<3/2>).9s"	"2[3/2]*"	"2"		""	"L7408"	
"575.061"	"575.0601+"	"5"	""		"93123.3409"	"110512.827"	"4s2.4p5.(2P*<3/2>).5p"	"2[3/2]"	"2"	"4s2.4p5.(2P*<3/2>).8d"	"2[3/2]*"	"2"		""	"L7408"	
"575.216"	"575.2153+"	"10"	""		"93123.3409"	"110508.136"	"4s2.4p5.(2P*<3/2>).5p"	"2[3/2]"	"2"	"4s2.4p5.(2P*<3/2>).8d"	"2[5/2]*"	"3"		""	"L7408"	
"575.593"	"575.59352+"	"1"	""		"93123.3409"	"110496.7122"	"4s2.4p5.(2P*<3/2>).5p"	"2[3/2]"	"2"	"4s2.4p5.(2P*<3/2>).8d"	"2[5/2]*"	"2"		""	"L7408"	
"575.664"	"575.66439+"	"2"	""		"92964.3943"	"110335.6269"	"4s2.4p5.(2P*<3/2>).5p"	"2[3/2]"	"1"	"4s2.4p5.(2P*<3/2>).8d"	"2[1/2]*"	"0"		""	"L7408"	
"576.44937"	"576.44935+"	"4"	""		"93123.3409"	"110470.9189"	"4s2.4p5.(2P*<3/2>).5p"	"2[3/2]"	"2"	"4s2.4p5.(2P*<3/2>).8d"	"2[7/2]*"	"3"		""	"L11281"	
"577.716"	"577.7174+"	"2"	""		"80916.7680"	"98226.268"	"4s2.4p5.(2P*<3/2>).5s"	"2[3/2]*"	"1"	"4s2.4p5.(2P*<3/2>).4d"	"2[7/2]*"	"3"	E2	""	"L7408"	
"578.54977"	"578.54977+"	"10"	"2.94e+05"	D+	"92294.4012"	"109578.9990"	"4s2.4p5.(2P*<3/2>).5p"	"2[5/2]"	"3"	"4s2.4p5.(2P*<3/2>).7d"	"2[5/2]*"	"3"		"T3774n,T3599,u41"	"L11281"	
"578.889"	"578.89006+"	"6"	"3.1e+03"	D+	"85846.7046"	"103121.1419"	"4s2.4p5.(2P*<1/2>).5s"	"2[1/2]*"	"1"	"4s2.4p5.(2P*<3/2>).6p"	"2[5/2]"	"2"		"T3952n,T3378,T9012"	"L7408"	
"578.985"	"578.98447+"	"7"	"2.07e+05"	D+	"92307.3786"	"109578.9990"	"4s2.4p5.(2P*<3/2>).5p"	"2[5/2]"	"2"	"4s2.4p5.(2P*<3/2>).7d"	"2[5/2]*"	"3"		"T3774n,T3599,u41"	"L7408"	
"580.15"	"580.1+"	""	""		"97595.9153"	"114833."	"4s2.4p5.(2P*<1/2>).5p"	"2[3/2]"	"1"	"4s2.4p5.(2P*<1/2>).7d"	"2[3/2]*"	"2"		""	"L7261"	
"580.278"	"580.27779+"	"2"	""		"92294.4012"	"109527.5268"	"4s2.4p5.(2P*<3/2>).5p"	"2[5/2]"	"3"	"4s2.4p5.(2P*<3/2>).7d"	"2[5/2]*"	"2"		""	"L7408"	
"580.715097"	"580.71510+"	"20"	"9.0e+05"	D+	"92307.3786"	"109527.5268"	"4s2.4p5.(2P*<3/2>).5p"	"2[5/2]"	"2"	"4s2.4p5.(2P*<3/2>).7d"	"2[5/2]*"	"2"		"T3774n,T3599,u41"	"L11281"	
"580.85"	"580.85+"	""	""		"97919.1468"	"115135.4"	"4s2.4p5.(2P*<1/2>).5p"	"2[1/2]"	"1"	"4s2.4p5.(2P*<1/2>).9s"	"2[1/2]*"	"1"		""	"L7261"	
"581.241"	"581.24236+"	"8"	"1.75e+05"	D+	"91168.5150"	"108373.0423"	"4s2.4p5.(2P*<3/2>).5p"	"2[1/2]"	"1"	"4s2.4p5.(2P*<3/2>).8s"	"2[3/2]*"	"1"		"T3600n,u41"	"L7408"	
"581.73"	"581.73+"	""	""		"97945.1664"	"115135.4"	"4s2.4p5.(2P*<1/2>).5p"	"2[3/2]"	"2"	"4s2.4p5.(2P*<1/2>).9s"	"2[1/2]*"	"1"		""	"L7261"	
"582.17315"	"582.17315+"	"15"	""		"92294.4012"	"109471.4214"	"4s2.4p5.(2P*<3/2>).5p"	"2[5/2]"	"3"	"4s2.4p5.(2P*<3/2>).7d"	"2[7/2]*"	"3"		""	"L11281"	
"582.512"	"582.51379+"	"3"	""		"93123.3409"	"110290.3165"	"4s2.4p5.(2P*<3/2>).5p"	"2[3/2]"	"2"	"4s2.4p5.(2P*<3/2>).8d"	"2[1/2]*"	"1"		""	"L7408"	
"582.61333"	"582.61332+"	"40"	""		"92307.3786"	"109471.4214"	"4s2.4p5.(2P*<3/2>).5p"	"2[5/2]"	"2"	"4s2.4p5.(2P*<3/2>).7d"	"2[7/2]*"	"3"		""	"L11281"	
"582.869"	"582.87058+"	"20"	"7.8e+05"	C	"91168.5150"	"108324.9822"	"4s2.4p5.(2P*<3/2>).5p"	"2[1/2]"	"1"	"4s2.4p5.(2P*<3/2>).8s"	"2[3/2]*"	"2"		"T3600n,u41"	"L7408"	
"583.447363"	"583.44736+"	"100"	""		"92294.4012"	"109433.9079"	"4s2.4p5.(2P*<3/2>).5p"	"2[5/2]"	"3"	"4s2.4p5.(2P*<3/2>).7d"	"2[7/2]*"	"4"		""	"L11281"	
"583.63"	"583.7+"	""	""		"97595.9153"	"114729."	"4s2.4p5.(2P*<1/2>).5p"	"2[3/2]"	"1"	"4s2.4p5.(2P*<1/2>).7d"	"2[5/2]*"	"2"		""	"L7261"	
"584.316"	"584.3142+"	"1"	""		"93123.3409"	"110237.421"	"4s2.4p5.(2P*<3/2>).5p"	"2[3/2]"	"2"	"4s2.4p5.(2P*<1/2>).5d"	"2[5/2]*"	"3"		""	"L3990"	
"585.128"	"585.12928+"	"2"	""		"91168.5150"	"108258.7553"	"4s2.4p5.(2P*<3/2>).5p"	"2[1/2]"	"1"	"4s2.4p5.(2P*<3/2>).6d"	"2[3/2]*"	"1"		""	"L7408"	
"585.44974"	"585.44971+"	"5"	""		"92294.4012"	"109375.2875"	"4s2.4p5.(2P*<3/2>).5p"	"2[5/2]"	"3"	"4s2.4p5.(2P*<3/2>).7d"	"2[3/2]*"	"2"		""	"L11281"	
"585.68"	"585.7+"	""	""		"97945.1664"	"115019."	"4s2.4p5.(2P*<1/2>).5p"	"2[3/2]"	"2"	"4s2.4p5.(2P*<1/2>).7d"	"2[3/2]*"	"1"		""	"L7261"	
"585.894"	"585.89485+"	"1"	""		"92307.3786"	"109375.2875"	"4s2.4p5.(2P*<3/2>).5p"	"2[5/2]"	"2"	"4s2.4p5.(2P*<3/2>).7d"	"2[3/2]*"	"2"		""	"L7408"	
"586.837627"	"586.83762+"	"50"	"1.97e+05"	C+	"85846.7046"	"102887.1936"	"4s2.4p5.(2P*<1/2>).5s"	"2[1/2]*"	"1"	"4s2.4p5.(2P*<3/2>).6p"	"2[1/2]"	"1"		"T3952n,T3378"	"L11281"	
"587.254320"	"587.25429+"	"3000"	"7.1e+05"	C	"80916.7680"	"97945.1664"	"4s2.4p5.(2P*<3/2>).5s"	"2[3/2]*"	"1"	"4s2.4p5.(2P*<1/2>).5p"	"2[3/2]"	"2"		"T7199"	"L11281"	
"588.152997"	"588.15299+"	"50"	"5.5e+04"	C+	"80916.7680"	"97919.1468"	"4s2.4p5.(2P*<3/2>).5s"	"2[3/2]*"	"1"	"4s2.4p5.(2P*<1/2>).5p"	"2[1/2]"	"1"		"T7199"	"L11281"	
"588.281"	"588.28183+"	"2"	""		"93123.3409"	"110121.9961"	"4s2.4p5.(2P*<3/2>).5p"	"2[3/2]"	"2"	"4s2.4p5.(2P*<1/2>).5d"	"2[5/2]*"	"2"		""	"L7408"	
"588.93185"	"588.93186+"	"3"	""		"93123.3409"	"110103.2339"	"4s2.4p5.(2P*<3/2>).5p"	"2[3/2]"	"2"	"4s2.4p5.(2P*<1/2>).5d"	"2[3/2]*"	"2"		""	"L11281"	
"590.56"	"590.6+"	""	""		"97945.1664"	"114878."	"4s2.4p5.(2P*<1/2>).5p"	"2[3/2]"	"2"	"4s2.4p5.(2P*<1/2>).7d"	"2[5/2]*"	"3"		""	"L7261"	
"592.13"	"592.1+"	""	""		"97945.1664"	"114833."	"4s2.4p5.(2P*<1/2>).5p"	"2[3/2]"	"2"	"4s2.4p5.(2P*<1/2>).7d"	"2[3/2]*"	"2"		""	"L7261"	
"594.378"	"594.37937+"	"2"	""		"91168.5150"	"107992.7867"	"4s2.4p5.(2P*<3/2>).5p"	"2[1/2]"	"1"	"4s2.4p5.(2P*<3/2>).6d"	"2[5/2]*"	"2"		""	"L7408"	
"594.709957"	"594.70995+"	"5"	""		"92964.3943"	"109779.3140"	"4s2.4p5.(2P*<3/2>).5p"	"2[3/2]"	"1"	"4s2.4p5.(2P*<3/2>).9s"	"2[3/2]*"	"1"		""	"L11281"	
"595.679"	"595.67884+"	"2"	""		"92964.3943"	"109751.9639"	"4s2.4p5.(2P*<3/2>).5p"	"2[3/2]"	"1"	"4s2.4p5.(2P*<3/2>).9s"	"2[3/2]*"	"2"		""	"L7408"	
"595.85"	"595.8+"	""	""		"97945.1664"	"114729."	"4s2.4p5.(2P*<1/2>).5p"	"2[3/2]"	"2"	"4s2.4p5.(2P*<1/2>).7d"	"2[5/2]*"	"2"		""	"L7261"	
"597.930154"	"597.93015+"	"4"	""		"92964.3943"	"109688.7558"	"4s2.4p5.(2P*<3/2>).5p"	"2[3/2]"	"1"	"4s2.4p5.(2P*<3/2>).7d"	"2[3/2]*"	"1"		""	"L11281"	
"599.551035"	"599.55103+"	"60"	"5.0e+04"	B+	"80916.7680"	"97595.9153"	"4s2.4p5.(2P*<3/2>).5s"	"2[3/2]*"	"1"	"4s2.4p5.(2P*<1/2>).5p"	"2[3/2]"	"1"		"T7199"	"L11281"	
"600.385"	"600.38522+"	"3"	""		"93123.3409"	"109779.3140"	"4s2.4p5.(2P*<3/2>).5p"	"2[3/2]"	"2"	"4s2.4p5.(2P*<3/2>).9s"	"2[3/2]*"	"1"		""	"L7408"	
"601.37274"	"601.37271+"	"50*"	""		"93123.3409"	"109751.9639"	"4s2.4p5.(2P*<3/2>).5p"	"2[3/2]"	"2"	"4s2.4p5.(2P*<3/2>).9s"	"2[3/2]*"	"2"		""	"L11281"	
"601.38206"	"601.38207+"	"50*"	"2.39e+06"	D+	"91168.5150"	"107796.8790"	"4s2.4p5.(2P*<3/2>).5p"	"2[1/2]"	"1"	"4s2.4p5.(2P*<3/2>).6d"	"2[3/2]*"	"2"		"T3774n,T3599,u41"	"L11281"	
"603.750529"	"603.75053+"	"15"	""		"92964.3943"	"109527.5268"	"4s2.4p5.(2P*<3/2>).5p"	"2[3/2]"	"1"	"4s2.4p5.(2P*<3/2>).7d"	"2[5/2]*"	"2"		""	"L11281"	
"605.103"	"605.0993+"	"3"	""		"94092.8626"	"110619.075"	"4s2.4p5.(2P*<3/2>).5p"	"2[1/2]"	"0"	"4s2.4p5.(2P*<3/2>).10s"	"2[3/2]*"	"1"		""	"L4004"	
"605.780312"	"605.78034+"	"60"	"6.5e+06"	D+	"91168.5150"	"107676.1489"	"4s2.4p5.(2P*<3/2>).5p"	"2[1/2]"	"1"	"4s2.4p5.(2P*<3/2>).6d"	"2[1/2]*"	"1"		"T3774n,T3384,T7227,u41"	"L11281"	
"607.693707"	"607.69371+"	"20"	"1.73e+06"	D+	"93123.3409"	"109578.9990"	"4s2.4p5.(2P*<3/2>).5p"	"2[3/2]"	"2"	"4s2.4p5.(2P*<3/2>).7d"	"2[5/2]*"	"3"		"T3774n,T3599,u41"	"L11281"	
"608.454518"	"608.45453+"	"40"	"7.1e+06"	D+	"91168.5150"	"107603.5969"	"4s2.4p5.(2P*<3/2>).5p"	"2[1/2]"	"1"	"4s2.4p5.(2P*<3/2>).6d"	"2[1/2]*"	"0"		"T3774n,T3599,u41"	"L11281"	
"608.969"	"608.9677+"	"2"	""		"94092.8626"	"110514.095"	"4s2.4p5.(2P*<3/2>).5p"	"2[1/2]"	"0"	"4s2.4p5.(2P*<3/2>).8d"	"2[3/2]*"	"1"		""	"L7408"	
"609.35139"	"609.35135+"	"6"	""		"92964.3943"	"109375.2875"	"4s2.4p5.(2P*<3/2>).5p"	"2[3/2]"	"1"	"4s2.4p5.(2P*<3/2>).7d"	"2[3/2]*"	"2"		""	"L11281"	
"609.600"	"609.60050+"	"2"	""		"93123.3409"	"109527.5268"	"4s2.4p5.(2P*<3/2>).5p"	"2[3/2]"	"2"	"4s2.4p5.(2P*<3/2>).7d"	"2[5/2]*"	"2"		""	"L7408"	
"610.555"	"610.55494+"	"1"	""		"92964.3943"	"109342.9368"	"4s2.4p5.(2P*<3/2>).5p"	"2[3/2]"	"1"	"4s2.4p5.(2P*<3/2>).7d"	"2[1/2]*"	"1"		""	"L7408"	
"611.00094"	"611.00090+"	"3"	""		"92964.3943"	"109330.9822"	"4s2.4p5.(2P*<3/2>).5p"	"2[3/2]"	"1"	"4s2.4p5.(2P*<3/2>).7d"	"2[1/2]*"	"0"		""	"L11281"	
"611.692"	"611.69261+"	"3"	""		"93123.3409"	"109471.4214"	"4s2.4p5.(2P*<3/2>).5p"	"2[3/2]"	"2"	"4s2.4p5.(2P*<3/2>).7d"	"2[7/2]*"	"3"		""	"L7408"	
"615.310907"	"615.31091+"	"20"	""		"93123.3409"	"109375.2875"	"4s2.4p5.(2P*<3/2>).5p"	"2[3/2]"	"2"	"4s2.4p5.(2P*<3/2>).7d"	"2[3/2]*"	"2"		""	"L11281"	
"616.53817"	"616.53817+"	"7"	""		"93123.3409"	"109342.9368"	"4s2.4p5.(2P*<3/2>).5p"	"2[3/2]"	"2"	"4s2.4p5.(2P*<3/2>).7d"	"2[1/2]*"	"1"		""	"L11281"	
"617.379"	"617.38098+"	"2"	""		"94092.8626"	"110290.3165"	"4s2.4p5.(2P*<3/2>).5p"	"2[1/2]"	"0"	"4s2.4p5.(2P*<3/2>).8d"	"2[1/2]*"	"1"		""	"L7408"	
"622.445490"	"622.44550+"	"20"	"1.59e+06"	D+	"92307.3786"	"108373.0423"	"4s2.4p5.(2P*<3/2>).5p"	"2[5/2]"	"2"	"4s2.4p5.(2P*<3/2>).8s"	"2[3/2]*"	"1"		"T3600n,u41"	"L11281"	
"623.807680"	"623.80771+"	"30"	"1.49e+06"	C	"92294.4012"	"108324.9822"	"4s2.4p5.(2P*<3/2>).5p"	"2[5/2]"	"3"	"4s2.4p5.(2P*<3/2>).8s"	"2[3/2]*"	"2"		"T3600n,u41"	"L11281"	
"624.313125"	"624.31312+"	"10"	"2.99e+05"	D+	"92307.3786"	"108324.9822"	"4s2.4p5.(2P*<3/2>).5p"	"2[5/2]"	"2"	"4s2.4p5.(2P*<3/2>).8s"	"2[3/2]*"	"2"		"T3600n,u41"	"L11281"	
"626.906"	"626.90514+"	"2"	""		"92307.3786"	"108258.7553"	"4s2.4p5.(2P*<3/2>).5p"	"2[5/2]"	"2"	"4s2.4p5.(2P*<3/2>).6d"	"2[3/2]*"	"1"		""	"L7408"	
"634.843676"	"634.84369+"	"20"	"6.2e+05"	D+	"92294.4012"	"108046.3102"	"4s2.4p5.(2P*<3/2>).5p"	"2[5/2]"	"3"	"4s2.4p5.(2P*<3/2>).6d"	"2[5/2]*"	"3"		"T3774n,T3599,u41"	"L11281"	
"635.367160"	"635.36714+"	"8"	"2.02e+05"	D+	"92307.3786"	"108046.3102"	"4s2.4p5.(2P*<3/2>).5p"	"2[5/2]"	"2"	"4s2.4p5.(2P*<3/2>).6d"	"2[5/2]*"	"3"		"T3774n,T3599,u41"	"L11281"	
"637.00818"	"637.00818+"	"4"	"8.7e+04"	D+	"92294.4012"	"107992.7867"	"4s2.4p5.(2P*<3/2>).5p"	"2[5/2]"	"3"	"4s2.4p5.(2P*<3/2>).6d"	"2[5/2]*"	"2"		"T3774n,T3599,u41"	"L11281"	
"637.495"	"637.49281+"	"1"	""		"94092.8626"	"109779.3140"	"4s2.4p5.(2P*<3/2>).5p"	"2[1/2]"	"0"	"4s2.4p5.(2P*<3/2>).9s"	"2[3/2]*"	"1"		""	"L7408"	
"637.535220"	"637.53521+"	"30"	"9.2e+05"	D+	"92307.3786"	"107992.7867"	"4s2.4p5.(2P*<3/2>).5p"	"2[5/2]"	"2"	"4s2.4p5.(2P*<3/2>).6d"	"2[5/2]*"	"2"		"T3774n,T3599,u41"	"L11281"	
"641.19444"	"641.19444+"	"5"	""		"94092.8626"	"109688.7558"	"4s2.4p5.(2P*<3/2>).5p"	"2[1/2]"	"0"	"4s2.4p5.(2P*<3/2>).7d"	"2[3/2]*"	"1"		""	"L11281"	
"641.745257"	"641.74527+"	"20"	"6.1e+05"	D+	"92294.4012"	"107876.9080"	"4s2.4p5.(2P*<3/2>).5p"	"2[5/2]"	"3"	"4s2.4p5.(2P*<3/2>).6d"	"2[7/2]*"	"3"		"T3774n,T3599,u41"	"L11281"	
"642.280178"	"642.28017+"	"100"	"3.79e+06"	C+	"92307.3786"	"107876.9080"	"4s2.4p5.(2P*<3/2>).5p"	"2[5/2]"	"2"	"4s2.4p5.(2P*<3/2>).6d"	"2[7/2]*"	"3"		"T3774n,T3599,u41"	"L11281"	
"645.058162"	"645.05817+"	"10"	"3.08e+05"	D+	"92294.4012"	"107796.8790"	"4s2.4p5.(2P*<3/2>).5p"	"2[5/2]"	"3"	"4s2.4p5.(2P*<3/2>).6d"	"2[3/2]*"	"2"		"T3774n,T3599,u41"	"L11281"	
"645.597"	"645.59861+"	"1"	"7.7e+04"	D	"92307.3786"	"107796.8790"	"4s2.4p5.(2P*<3/2>).5p"	"2[5/2]"	"2"	"4s2.4p5.(2P*<3/2>).6d"	"2[3/2]*"	"2"		"T3774n,T3599,u41"	"L7408"	
"645.807313"	"645.80731+"	"200"	"6.65e+06"	B+	"92294.4012"	"107778.8962"	"4s2.4p5.(2P*<3/2>).5p"	"2[5/2]"	"3"	"4s2.4p5.(2P*<3/2>).6d"	"2[7/2]*"	"4"		"T3599,u41"	"L11281"	
"648.986196"	"648.98621+"	"15"	"8.9e+05"	D+	"92964.3943"	"108373.0423"	"4s2.4p5.(2P*<3/2>).5p"	"2[3/2]"	"1"	"4s2.4p5.(2P*<3/2>).8s"	"2[3/2]*"	"1"		"T3600n,u41"	"L11281"	
"650.670156"	"650.67015+"	"10"	"3.3e+05"	D	"92307.3786"	"107676.1489"	"4s2.4p5.(2P*<3/2>).5p"	"2[5/2]"	"2"	"4s2.4p5.(2P*<3/2>).6d"	"2[1/2]*"	"1"		"T3774n,T3384,T7227,u41"	"L11281"	
"651.01675"	"651.01675+"	"3"	"1.05e+05"	D+	"92964.3943"	"108324.9822"	"4s2.4p5.(2P*<3/2>).5p"	"2[3/2]"	"1"	"4s2.4p5.(2P*<3/2>).8s"	"2[3/2]*"	"2"		"T3600n,u41"	"L11281"	
"653.83575"	"653.83575+"	"8"	"9.6e+05"	D	"92964.3943"	"108258.7553"	"4s2.4p5.(2P*<3/2>).5p"	"2[3/2]"	"1"	"4s2.4p5.(2P*<3/2>).6d"	"2[3/2]*"	"1"		"T3774n,T7227,u41"	"L11281"	
"655.73451"	"655.73451+"	"2"	""		"94092.8626"	"109342.9368"	"4s2.4p5.(2P*<3/2>).5p"	"2[1/2]"	"0"	"4s2.4p5.(2P*<3/2>).7d"	"2[1/2]*"	"1"		""	"L11281"	
"655.750560"	"655.75054+"	"6"	"3.2e+05"	D	"93123.3409"	"108373.0423"	"4s2.4p5.(2P*<3/2>).5p"	"2[3/2]"	"2"	"4s2.4p5.(2P*<3/2>).8s"	"2[3/2]*"	"1"		"T3600n,u41"	"L11281"	
"657.823694"	"657.82370+"	"20"	"7.9e+05"	C	"93123.3409"	"108324.9822"	"4s2.4p5.(2P*<3/2>).5p"	"2[3/2]"	"2"	"4s2.4p5.(2P*<3/2>).8s"	"2[3/2]*"	"2"		"T3600n,u41"	"L11281"	
"660.694"	"660.70209+"	"2"	""		"93123.3409"	"108258.7553"	"4s2.4p5.(2P*<3/2>).5p"	"2[3/2]"	"2"	"4s2.4p5.(2P*<3/2>).6d"	"2[3/2]*"	"1"		""	"L7408"	
"665.407167"	"665.40717+"	"40"	"2.18e+06"	C+	"92964.3943"	"107992.7867"	"4s2.4p5.(2P*<3/2>).5p"	"2[3/2]"	"1"	"4s2.4p5.(2P*<3/2>).6d"	"2[5/2]*"	"2"		"T3774n,T3599,u41"	"L11281"	
"670.107916"	"670.10793+"	"60"	"1.68e+06"	C+	"93123.3409"	"108046.3102"	"4s2.4p5.(2P*<3/2>).5p"	"2[3/2]"	"2"	"4s2.4p5.(2P*<3/2>).6d"	"2[5/2]*"	"3"		"T3774n,T3599,u41"	"L11281"	
"672.52001"	"672.52002+"	"4"	"1.31e+05"	D+	"93123.3409"	"107992.7867"	"4s2.4p5.(2P*<3/2>).5p"	"2[3/2]"	"2"	"4s2.4p5.(2P*<3/2>).6d"	"2[5/2]*"	"2"		"T3774n,T3599,u41"	"L11281"	
"674.19591"	"674.19587+"	"20"	"6.7e+05"	D+	"92964.3943"	"107796.8790"	"4s2.4p5.(2P*<3/2>).5p"	"2[3/2]"	"1"	"4s2.4p5.(2P*<3/2>).6d"	"2[3/2]*"	"2"		"T3774n,T3599,u41"	"L11281"	
"676.634"	"676.64+"	"1"	""		"96771.494"	"111550.5"	"4s2.4p5.(2P*<3/2>).4d"	"2[1/2]*"	"0"	"4s2.4p5.(2P*<3/2>).9f"	"2[3/2]"	"1"		""	"L3990"	
"677.802"	"677.80218+"	"3"	""		"93123.3409"	"107876.9080"	"4s2.4p5.(2P*<3/2>).5p"	"2[3/2]"	"2"	"4s2.4p5.(2P*<3/2>).6d"	"2[7/2]*"	"3"		""	"L7408"	
"679.108"	"679.1188+"	"1*"	""		"97085.193"	"111810.157"	"4s2.4p5.(2P*<3/2>).4d"	"2[1/2]*"	"1"	"4s2.4p5.(2P*<3/2>).10f"	"2[3/2]"	"1"		""	"L4004"	
"679.108"	"679.1114+"	"1*"	""		"97085.193"	"111810.318"	"4s2.4p5.(2P*<3/2>).4d"	"2[1/2]*"	"1"	"4s2.4p5.(2P*<3/2>).10f"	"2[3/2]"	"2"		""	"L4004"	
"679.72858"	"679.72858+"	"4"	"1.31e+05"	D	"92964.3943"	"107676.1489"	"4s2.4p5.(2P*<3/2>).5p"	"2[3/2]"	"1"	"4s2.4p5.(2P*<3/2>).6d"	"2[1/2]*"	"1"		"T3774n,T3384,T7227,u41"	"L11281"	
"681.498902"	"681.49889+"	"50"	"2.57e+06"	D+	"93123.3409"	"107796.8790"	"4s2.4p5.(2P*<3/2>).5p"	"2[3/2]"	"2"	"4s2.4p5.(2P*<3/2>).6d"	"2[3/2]*"	"2"		"T3774n,T3599,u41"	"L11281"	
"683.09733"	"683.09732+"	"8"	"1.77e+06"	D+	"92964.3943"	"107603.5969"	"4s2.4p5.(2P*<3/2>).5p"	"2[3/2]"	"1"	"4s2.4p5.(2P*<3/2>).6d"	"2[1/2]*"	"0"		"T3774n,T3599,u41"	"L11281"	
"684.82895"	"684.82895+"	"20"	"3.3e+05"	D+	"91168.5150"	"105770.7014"	"4s2.4p5.(2P*<3/2>).5p"	"2[1/2]"	"1"	"4s2.4p5.(2P*<3/2>).7s"	"2[3/2]*"	"1"		"T3600n,T7227,u41"	"L11281"	
"687.15262"	"687.15261+"	"20"	"2.22e+06"	D+	"93123.3409"	"107676.1489"	"4s2.4p5.(2P*<3/2>).5p"	"2[3/2]"	"2"	"4s2.4p5.(2P*<3/2>).6d"	"2[1/2]*"	"1"		"T3774n,T3384,T7227,u41"	"L11281"	
"690.612"	"690.6116+"	"15"	""		"91168.5150"	"105648.434"	"4s2.4p5.(2P*<3/2>).5p"	"2[1/2]"	"1"	"4s2.4p5.(2P*<3/2>).5d"	"2[3/2]*"	"1"		""	"L7408"	
"690.65836"	"690.65836+"	"100"	"1.59e+06"	C+	"91168.5150"	"105647.4536"	"4s2.4p5.(2P*<3/2>).5p"	"2[1/2]"	"1"	"4s2.4p5.(2P*<3/2>).7s"	"2[3/2]*"	"2"		"T3408n,T7199,T3378"	"L11281"	
"691.320"	"691.307+"	"2*"	""		"97797.287"	"112262.64"	"4s2.4p5.(2P*<3/2>).4d"	"2[7/2]*"	"4"	"4s2.4p5.(2P*<3/2>).13f"	"2[9/2]"	"5"		""	"L4004"	
"691.320"	"691.31+"	"2*"	""		"97085.193"	"111550.5"	"4s2.4p5.(2P*<3/2>).4d"	"2[1/2]*"	"1"	"4s2.4p5.(2P*<3/2>).9f"	"2[3/2]"	"1"		""	"L4004"	
"693.721"	"693.720+"	"1h"	""		"96771.494"	"111186.54"	"4s2.4p5.(2P*<3/2>).4d"	"2[1/2]*"	"0"	"4s2.4p5.(2P*<3/2>).8f"	"2[3/2]"	"1"		""	"L7408"	
"699.498"	"699.4980+"	"2"	""		"97085.193"	"111381.160"	"4s2.4p5.(2P*<3/2>).4d"	"2[1/2]*"	"1"	"4s2.4p5.(2P*<1/2>).4f"	"2[5/2]"	"2"		""	"L7408"	
"700.272"	"700.27130+"	"7"	"4.1e+05"	D+	"94092.8626"	"108373.0423"	"4s2.4p5.(2P*<3/2>).5p"	"2[1/2]"	"0"	"4s2.4p5.(2P*<3/2>).8s"	"2[3/2]*"	"1"		"T3600n,u41"	"L7408"	
"705.922"	"705.92092+"	"10"	"1.60e+06"	D	"94092.8626"	"108258.7553"	"4s2.4p5.(2P*<3/2>).5p"	"2[1/2]"	"0"	"4s2.4p5.(2P*<3/2>).6d"	"2[3/2]*"	"1"		"T3774n,T7227,u41"	"L7408"	
"707.931"	"707.93+"	"0"	""		"97687.779"	"111813.4"	"4s2.4p5.(2P*<3/2>).4d"	"2[3/2]*"	"2"	"4s2.4p5.(2P*<3/2>).10f"	"2[5/2]"	"3"		""	"L3990"	
"708.828"	"708.828+"	"1"	""		"97085.193"	"111192.99"	"4s2.4p5.(2P*<3/2>).4d"	"2[1/2]*"	"1"	"4s2.4p5.(2P*<3/2>).8f"	"2[5/2]"	"2"		""	"L3990"	
"709.146"	"709.152+"	"1h"	""		"97085.193"	"111186.54"	"4s2.4p5.(2P*<3/2>).4d"	"2[1/2]*"	"1"	"4s2.4p5.(2P*<3/2>).8f"	"2[3/2]"	"1"		""	"L7408"	
"713.564"	"713.56+"	"1"	""		"97797.287"	"111811.5"	"4s2.4p5.(2P*<3/2>).4d"	"2[7/2]*"	"4"	"4s2.4p5.(2P*<3/2>).10f"	"2[9/2]"	"5"		""	"L4004"	
"714.542"	"714.5417+"	"8"	"7.7e+04"	D	"91168.5150"	"105163.499"	"4s2.4p5.(2P*<3/2>).5p"	"2[1/2]"	"1"	"4s2.4p5.(2P*<3/2>).5d"	"2[5/2]*"	"2"		"T3774n,u41"	"L7408"	
"715.418"	"715.419+"	"5*"	"3.32e+05"	C	"91168.5150"	"105146.33"	"4s2.4p5.(2P*<3/2>).5p"	"2[1/2]"	"1"	"4s2.4p5.(2P*<1/2>).6s"	"2[1/2]*"	"1"		"T3408n,T7199,T3378"	"L7408"	
"715.418"	"715.42+"	"5*"	""		"97687.779"	"111665.6"	"4s2.4p5.(2P*<3/2>).4d"	"2[3/2]*"	"2"	"4s2.4p5.(2P*<3/2>).12p"	"2[5/2]"	"2"		""	"L7408"	
"715.418"	"715.42+"	"5*"	""		"97687.779"	"111665.6"	"4s2.4p5.(2P*<3/2>).4d"	"2[3/2]*"	"2"	"4s2.4p5.(2P*<3/2>).12p"	"2[5/2]"	"3"		""	"L7408"	
"718.245"	"718.245+"	"3"	""		"91168.5150"	"105091.35"	"4s2.4p5.(2P*<3/2>).5p"	"2[1/2]"	"1"	"4s2.4p5.(2P*<1/2>).6s"	"2[1/2]*"	"0"		""	"L7408"	
"720.257"	"720.256+"	"2h"	""		"96771.494"	"110655.45"	"4s2.4p5.(2P*<3/2>).4d"	"2[1/2]*"	"0"	"4s2.4p5.(2P*<3/2>).7f"	"2[3/2]"	"1"		""	"L7408"	
"721.086"	"721.085+"	"1"	""		"97687.779"	"111555.77"	"4s2.4p5.(2P*<3/2>).4d"	"2[3/2]*"	"2"	"4s2.4p5.(2P*<3/2>).9f"	"2[5/2]"	"3"		""	"L3990"	
"722.6094"	"722.6097+"	"100"	"2.98e+06"	C+	"91168.5150"	"105007.245"	"4s2.4p5.(2P*<3/2>).5p"	"2[1/2]"	"1"	"4s2.4p5.(2P*<3/2>).5d"	"2[3/2]*"	"2"		"T3408n,T7199,T3378"	"L7292"	
"727.008"	"727.004+"	"2"	""		"97797.287"	"111552.37"	"4s2.4p5.(2P*<3/2>).4d"	"2[7/2]*"	"4"	"4s2.4p5.(2P*<3/2>).9f"	"2[9/2]"	"5"		""	"L3990"	
"728.9270"	"728.9267+"	"80"	"2.97e+06"	D+	"91168.5150"	"104887.315"	"4s2.4p5.(2P*<3/2>).5p"	"2[1/2]"	"1"	"4s2.4p5.(2P*<1/2>).4d"	"2[3/2]*"	"1"		"T3774n,u41"	"L7408"	
"730.326"	"730.3258+"	"5"	""		"97687.779"	"111380.299"	"4s2.4p5.(2P*<3/2>).4d"	"2[3/2]*"	"2"	"4s2.4p5.(2P*<1/2>).4f"	"2[5/2]"	"3"		""	"L7408"	
"734.318"	"734.326+"	"2"	""		"98867.429"	"112485.36"	"4s2.4p5.(2P*<3/2>).4d"	"2[5/2]*"	"2"	"4s2.4p5.(2P*<3/2>).16f"	"2[7/2]"	"3"		""	"L7408"	
"736.199"	"736.19887+"	"5"	"7.8e+05"	D	"94092.8626"	"107676.1489"	"4s2.4p5.(2P*<3/2>).5p"	"2[1/2]"	"0"	"4s2.4p5.(2P*<3/2>).6d"	"2[1/2]*"	"1"		"T3774n,T3384,T7227,u41"	"L7408"	
"736.346"	"736.347+"	"1"	""		"97085.193"	"110665.75"	"4s2.4p5.(2P*<3/2>).4d"	"2[1/2]*"	"1"	"4s2.4p5.(2P*<3/2>).7f"	"2[5/2]"	"2"		""	"L3990"	
"736.883"	"736.875+"	"2h"	""		"97085.193"	"110656.01"	"4s2.4p5.(2P*<3/2>).4d"	"2[1/2]*"	"1"	"4s2.4p5.(2P*<3/2>).7f"	"2[3/2]"	"2"		""	"L7408"	
"736.905"	"736.906+"	"2h"	""		"97085.193"	"110655.45"	"4s2.4p5.(2P*<3/2>).4d"	"2[1/2]*"	"1"	"4s2.4p5.(2P*<3/2>).7f"	"2[3/2]"	"1"		""	"L7408"	
"740.474"	"740.473+"	"1h"	""		"97687.779"	"111192.66"	"4s2.4p5.(2P*<3/2>).4d"	"2[3/2]*"	"2"	"4s2.4p5.(2P*<3/2>).8f"	"2[5/2]"	"3"		""	"L7408"	
"740.803"	"740.809+"	"1"	""		"97687.779"	"111186.54"	"4s2.4p5.(2P*<3/2>).4d"	"2[3/2]*"	"2"	"4s2.4p5.(2P*<3/2>).8f"	"2[3/2]"	"1"		""	"L3990"	
"742.759"	"742.75869+"	"60"	"2.55e+06"	D+	"92307.3786"	"105770.7014"	"4s2.4p5.(2P*<3/2>).5p"	"2[5/2]"	"2"	"4s2.4p5.(2P*<3/2>).7s"	"2[3/2]*"	"1"		"T3600n,T7227,u41"	"L7408"	
"746.707"	"746.703+"	"3h"	""		"97797.287"	"111189.50"	"4s2.4p5.(2P*<3/2>).4d"	"2[7/2]*"	"4"	"4s2.4p5.(2P*<3/2>).8f"	"2[9/2]"	"5"		""	"L7408"	
"748.8924"	"748.89244+"	"100"	"2.89e+06"	C+	"92294.4012"	"105647.4536"	"4s2.4p5.(2P*<3/2>).5p"	"2[5/2]"	"3"	"4s2.4p5.(2P*<3/2>).7s"	"2[3/2]*"	"2"		"T3600n,T3408,T7199"	"L7292"	
"749.564"	"749.5659+"	"20"	""		"92307.3786"	"105648.434"	"4s2.4p5.(2P*<3/2>).5p"	"2[5/2]"	"2"	"4s2.4p5.(2P*<3/2>).5d"	"2[3/2]*"	"1"		""	"L7408"	
"749.621"	"749.62097+"	"30"	"6.1e+05"	D+	"92307.3786"	"105647.4536"	"4s2.4p5.(2P*<3/2>).5p"	"2[5/2]"	"2"	"4s2.4p5.(2P*<3/2>).7s"	"2[3/2]*"	"2"		"T3600n,T3408,T7199"	"L7408"	
"758.95025"	"758.95023+"	"1000"	"4.310e+07"	A+	"80916.7680"	"94092.8626"	"4s2.4p5.(2P*<3/2>).5s"	"2[3/2]*"	"1"	"4s2.4p5.(2P*<3/2>).5p"	"2[1/2]"	"0"		"T7199"	"L11281"	
"760.36384"	"760.36380+"	"2000"	"2.732e+07"	AA	"79971.7417"	"93123.3409"	"4s2.4p5.(2P*<3/2>).5s"	"2[3/2]*"	"2"	"4s2.4p5.(2P*<3/2>).5p"	"2[3/2]"	"2"		"T7199"	"L11281"	
"761.774"	"761.77+"	"1"	""		"97945.1664"	"111072.5"	"4s2.4p5.(2P*<1/2>).5p"	"2[3/2]"	"2"	"4s2.4p5.(2P*<1/2>).7s"	"2[1/2]*"	"1"		""	"L7408"	
"765.427"	"765.424+"	"3h"	""		"96771.494"	"109836.15"	"4s2.4p5.(2P*<3/2>).4d"	"2[1/2]*"	"0"	"4s2.4p5.(2P*<3/2>).6f"	"2[3/2]"	"1"		""	"L7408"	
"768.73612"	"768.73611+"	"400"	"4.064e+07"	AA	"85846.7046"	"98855.0698"	"4s2.4p5.(2P*<1/2>).5s"	"2[1/2]*"	"1"	"4s2.4p5.(2P*<1/2>).5p"	"2[1/2]"	"0"		"T7199"	"L11281"	
"769.66579"	"769.66577+"	"500"	"4.27e+06"	A	"79971.7417"	"92964.3943"	"4s2.4p5.(2P*<3/2>).5s"	"2[3/2]*"	"2"	"4s2.4p5.(2P*<3/2>).5p"	"2[3/2]"	"1"		"T7199"	"L11281"	
"770.547"	"770.554+"	"2"	""		"97687.779"	"110665.45"	"4s2.4p5.(2P*<3/2>).4d"	"2[3/2]*"	"2"	"4s2.4p5.(2P*<3/2>).7f"	"2[5/2]"	"3"		""	"L7408"	
"771.108"	"771.115+"	"1"	""		"97687.779"	"110656.01"	"4s2.4p5.(2P*<3/2>).4d"	"2[3/2]*"	"2"	"4s2.4p5.(2P*<3/2>).7f"	"2[3/2]"	"2"		""	"L4004"	
"771.41"	"771.413+"	"1h"	""		"98226.268"	"111189.50"	"4s2.4p5.(2P*<3/2>).4d"	"2[7/2]*"	"3"	"4s2.4p5.(2P*<3/2>).8f"	"2[9/2]"	"4"		""	"L6099"	
"774.350"	"774.3489+"	"10"	"4.6e+05"	D+	"92294.4012"	"105208.476"	"4s2.4p5.(2P*<3/2>).5p"	"2[5/2]"	"3"	"4s2.4p5.(2P*<3/2>).5d"	"2[5/2]*"	"3"		"T3774n,u41"	"L7408"	
"774.8960"	"774.8961+"	"50"	"1.18e+07"	C+	"91168.5150"	"104073.471"	"4s2.4p5.(2P*<3/2>).5p"	"2[1/2]"	"1"	"4s2.4p5.(2P*<3/2>).5d"	"2[1/2]*"	"0"		"T3774n,T7008"	"L7292"	
"775.129"	"775.1279+"	"3"	"9.2e+04"	D	"92307.3786"	"105208.476"	"4s2.4p5.(2P*<3/2>).5p"	"2[5/2]"	"2"	"4s2.4p5.(2P*<3/2>).5d"	"2[5/2]*"	"3"		"T3774n,u41"	"L6099"	
"776.803"	"776.797+"	"1"	""		"97797.287"	"110670.67"	"4s2.4p5.(2P*<3/2>).4d"	"2[7/2]*"	"4"	"4s2.4p5.(2P*<3/2>).7f"	"2[7/2]"	"4"		""	"L6099"	
"777.057"	"777.0552+"	"5"	"1.03e+05"	D	"92294.4012"	"105163.499"	"4s2.4p5.(2P*<3/2>).5p"	"2[5/2]"	"3"	"4s2.4p5.(2P*<3/2>).5d"	"2[5/2]*"	"2"		"T3774n,u41"	"L6099"	
"777.454"	"777.447+"	"5h"	""		"97797.287"	"110659.90"	"4s2.4p5.(2P*<3/2>).4d"	"2[7/2]*"	"4"	"4s2.4p5.(2P*<3/2>).7f"	"2[9/2]"	"5"		""	"L6099"	
"777.842"	"777.8396+"	"40"	"8.8e+05"	D+	"92307.3786"	"105163.499"	"4s2.4p5.(2P*<3/2>).5p"	"2[5/2]"	"2"	"4s2.4p5.(2P*<3/2>).5d"	"2[5/2]*"	"2"		"T3774n,u41"	"L6099"	
"778.880"	"778.880+"	"2"	""		"92307.3786"	"105146.33"	"4s2.4p5.(2P*<3/2>).5p"	"2[5/2]"	"2"	"4s2.4p5.(2P*<1/2>).6s"	"2[1/2]*"	"1"		""	"L6099"	
"780.867"	"780.86523+"	"50"	"2.25e+06"	D+	"92964.3943"	"105770.7014"	"4s2.4p5.(2P*<3/2>).5p"	"2[3/2]"	"1"	"4s2.4p5.(2P*<3/2>).7s"	"2[3/2]*"	"1"		"T3600n,T7227,u41"	"L6099"	
"783.236"	"783.235+"	"2h"	""		"97085.193"	"109852.76"	"4s2.4p5.(2P*<3/2>).4d"	"2[1/2]*"	"1"	"4s2.4p5.(2P*<3/2>).6f"	"2[5/2]"	"2"		""	"L6099"	
"784.217"	"784.217+"	"8h"	""		"97085.193"	"109836.77"	"4s2.4p5.(2P*<3/2>).4d"	"2[1/2]*"	"1"	"4s2.4p5.(2P*<3/2>).6f"	"2[3/2]"	"2"		""	"L6099"	
"784.256"	"784.255+"	"4"	""		"97085.193"	"109836.15"	"4s2.4p5.(2P*<3/2>).4d"	"2[1/2]*"	"1"	"4s2.4p5.(2P*<3/2>).6f"	"2[3/2]"	"1"		""	"L6099"	
"785.69844"	"785.69839+"	"200"	"2.041e+07"	A	"85191.6166"	"97919.1468"	"4s2.4p5.(2P*<1/2>).5s"	"2[1/2]*"	"0"	"4s2.4p5.(2P*<1/2>).5p"	"2[1/2]"	"1"		"T7199"	"L11281"	
"786.607"	"786.6061+"	"20"	"2.68e+05"	C	"92294.4012"	"105007.245"	"4s2.4p5.(2P*<3/2>).5p"	"2[5/2]"	"3"	"4s2.4p5.(2P*<3/2>).5d"	"2[3/2]*"	"2"		"T3774n,T3408,T7199"	"L6099"	
"787.410"	"787.4099+"	"2"	""		"92307.3786"	"105007.245"	"4s2.4p5.(2P*<3/2>).5p"	"2[5/2]"	"2"	"4s2.4p5.(2P*<3/2>).5d"	"2[3/2]*"	"2"		""	"L6099"	
"788.393"	"788.3924+"	"30"	""		"92964.3943"	"105648.434"	"4s2.4p5.(2P*<3/2>).5p"	"2[3/2]"	"1"	"4s2.4p5.(2P*<3/2>).5d"	"2[3/2]*"	"1"		""	"L6099"	
"788.453"	"788.45330+"	"10"	"1.73e+05"	D+	"92964.3943"	"105647.4536"	"4s2.4p5.(2P*<3/2>).5p"	"2[3/2]"	"1"	"4s2.4p5.(2P*<3/2>).7s"	"2[3/2]*"	"2"		"T3600n,T3408,T7199"	"L6099"	
"790.679"	"790.67881+"	"30"	"1.05e+06"	D+	"93123.3409"	"105770.7014"	"4s2.4p5.(2P*<3/2>).5p"	"2[3/2]"	"2"	"4s2.4p5.(2P*<3/2>).7s"	"2[3/2]*"	"1"		"T3600n,T7227,u41"	"L6099"	
"791.56020"	"791.56020+"	"50"	"4.9e+06"	D+	"91168.5150"	"103801.7929"	"4s2.4p5.(2P*<3/2>).5p"	"2[1/2]"	"1"	"4s2.4p5.(2P*<3/2>).5d"	"2[1/2]*"	"1"		"T3774n,u41"	"L11281"	
"792.265"	"792.26257+"	"40"	"6.1e+05"	D+	"92294.4012"	"104916.4792"	"4s2.4p5.(2P*<3/2>).5p"	"2[5/2]"	"3"	"4s2.4p5.(2P*<3/2>).5d"	"2[7/2]*"	"3"		"T3774n,u41"	"L6099"	
"793.07798"	"793.07798+"	"40"	"7.7e+06"	D+	"92307.3786"	"104916.4792"	"4s2.4p5.(2P*<3/2>).5p"	"2[5/2]"	"2"	"4s2.4p5.(2P*<3/2>).5d"	"2[7/2]*"	"3"		"T3774n,u41"	"L11281"	
"794.052"	"794.0491+"	"2"	""		"97919.1468"	"110512.827"	"4s2.4p5.(2P*<1/2>).5p"	"2[1/2]"	"1"	"4s2.4p5.(2P*<3/2>).8d"	"2[3/2]*"	"2"		""	"L6099"	
"794.918"	"794.9166+"	"20"	"4.2e+05"	D+	"92307.3786"	"104887.315"	"4s2.4p5.(2P*<3/2>).5p"	"2[5/2]"	"2"	"4s2.4p5.(2P*<1/2>).4d"	"2[3/2]*"	"1"		"T3774n,u41"	"L6099"	
"795.986"	"795.9901+"	"2"	""		"97945.1664"	"110508.136"	"4s2.4p5.(2P*<1/2>).5p"	"2[3/2]"	"2"	"4s2.4p5.(2P*<3/2>).8d"	"2[5/2]*"	"3"		""	"L6099"	
"796.481"	"796.492+"	"1"	""		"97687.779"	"110242.83"	"4s2.4p5.(2P*<3/2>).4d"	"2[3/2]*"	"2"	"4s2.4p5.(2P*<3/2>).9p"	"2[3/2]"	"2"		""	"L6099"	
"798.339"	"798.33430+"	"20"	""		"97595.9153"	"110121.9961"	"4s2.4p5.(2P*<1/2>).5p"	"2[3/2]"	"1"	"4s2.4p5.(2P*<1/2>).5d"	"2[5/2]*"	"2"		""	"L6099"	
"798.402"	"798.3973+"	"30"	""		"93123.3409"	"105648.434"	"4s2.4p5.(2P*<3/2>).5p"	"2[3/2]"	"2"	"4s2.4p5.(2P*<3/2>).5d"	"2[3/2]*"	"1"		""	"L6099"	
"798.4602"	"798.45976+"	"10"	"1.42e+06"	C	"93123.3409"	"105647.4536"	"4s2.4p5.(2P*<3/2>).5p"	"2[3/2]"	"2"	"4s2.4p5.(2P*<3/2>).7s"	"2[3/2]*"	"2"		"T3600n,T3408,T7199"	"L7292"	
"799.298"	"799.300+"	"2"	""		"98867.429"	"111378.38"	"4s2.4p5.(2P*<3/2>).4d"	"2[5/2]*"	"2"	"4s2.4p5.(2P*<1/2>).4f"	"2[7/2]"	"3"		""	"L6099"	
"799.532"	"799.53188+"	"5"	""		"97595.9153"	"110103.2339"	"4s2.4p5.(2P*<1/2>).5p"	"2[3/2]"	"1"	"4s2.4p5.(2P*<1/2>).5d"	"2[3/2]*"	"2"		""	"L6099"	
"803.573"	"803.574+"	"2h*"	""		"98226.268"	"110670.67"	"4s2.4p5.(2P*<3/2>).4d"	"2[7/2]*"	"3"	"4s2.4p5.(2P*<3/2>).7f"	"2[7/2]"	"4"		""	"L6099"	
"803.573"	"803.574+"	"2h*"	""		"98226.268"	"110670.67"	"4s2.4p5.(2P*<3/2>).4d"	"2[7/2]*"	"3"	"4s2.4p5.(2P*<3/2>).7f"	"2[7/2]"	"3"		""	"L6099"	
"804.271"	"804.270+"	"8h"	""		"98226.268"	"110659.90"	"4s2.4p5.(2P*<3/2>).4d"	"2[7/2]*"	"3"	"4s2.4p5.(2P*<3/2>).7f"	"2[9/2]"	"4"		""	"L6099"	
"806.17211"	"806.17214+"	"100"	"1.583e+07"	B+	"85191.6166"	"97595.9153"	"4s2.4p5.(2P*<1/2>).5s"	"2[1/2]*"	"0"	"4s2.4p5.(2P*<1/2>).5p"	"2[3/2]"	"1"		"T7199"	"L11281"	
"810.625"	"810.624+"	"500"	"6.52e+06"	B+	"92294.4012"	"104630.57"	"4s2.4p5.(2P*<3/2>).5p"	"2[5/2]"	"3"	"4s2.4p5.(2P*<3/2>).5d"	"2[7/2]*"	"4"		"T6031,u41"	"L6099"	
"810.65945"	"810.65940+"	"4000"	"8.96e+06"	B+	"79971.7417"	"92307.3786"	"4s2.4p5.(2P*<3/2>).5s"	"2[3/2]*"	"2"	"4s2.4p5.(2P*<3/2>).5p"	"2[5/2]"	"2"		"T7199"	"L6099"	
"811.51320"	"811.51313+"	"500"	"3.610e+07"	AAA	"79971.7417"	"92294.4012"	"4s2.4p5.(2P*<3/2>).5s"	"2[3/2]*"	"2"	"4s2.4p5.(2P*<3/2>).5p"	"2[5/2]"	"3"		"T7199"	"L11281"	
"813.522"	"813.5204+"	"60"	""		"97945.1664"	"110237.421"	"4s2.4p5.(2P*<1/2>).5p"	"2[3/2]"	"2"	"4s2.4p5.(2P*<1/2>).5d"	"2[5/2]*"	"3"		""	"L6099"	
"814.720"	"814.7187+"	"15"	"1.45e+04"	D	"91168.5150"	"103442.690"	"4s2.4p5.(2P*<3/2>).5p"	"2[1/2]"	"1"	"4s2.4p5.(2P*<1/2>).4d"	"2[5/2]*"	"2"		"T3774n,u41"	"L6099"	
"819.23082"	"819.23076+"	"300"	"8.94e+06"	A	"80916.7680"	"93123.3409"	"4s2.4p5.(2P*<3/2>).5s"	"2[3/2]*"	"1"	"4s2.4p5.(2P*<3/2>).5p"	"2[3/2]"	"2"		"T7199"	"L11281"	
"819.7323"	"819.7323+"	"15"	"2.58e+06"	D+	"92964.3943"	"105163.499"	"4s2.4p5.(2P*<3/2>).5p"	"2[3/2]"	"1"	"4s2.4p5.(2P*<3/2>).5d"	"2[5/2]*"	"2"		"T3774n,u41"	"L7292"	
"820.748"	"820.74266+"	"20"	""		"97919.1468"	"110103.2339"	"4s2.4p5.(2P*<1/2>).5p"	"2[1/2]"	"1"	"4s2.4p5.(2P*<1/2>).5d"	"2[3/2]*"	"2"		""	"L6099"	
"820.888"	"820.888+"	"40"	""		"92964.3943"	"105146.33"	"4s2.4p5.(2P*<3/2>).5p"	"2[3/2]"	"1"	"4s2.4p5.(2P*<1/2>).6s"	"2[1/2]*"	"1"		""	"L6099"	
"821.24"	"821.23182+"	"1"	""		"97945.1664"	"110121.9961"	"4s2.4p5.(2P*<1/2>).5p"	"2[3/2]"	"2"	"4s2.4p5.(2P*<1/2>).5d"	"2[5/2]*"	"2"		""	"L6099"	
"822.066"	"822.0624+"	"80"	""		"97687.779"	"109852.306"	"4s2.4p5.(2P*<3/2>).4d"	"2[3/2]*"	"2"	"4s2.4p5.(2P*<3/2>).6f"	"2[5/2]"	"3"		""	"L6099"	
"822.495"	"822.49913+"	"6"	""		"97945.1664"	"110103.2339"	"4s2.4p5.(2P*<1/2>).5p"	"2[3/2]"	"2"	"4s2.4p5.(2P*<1/2>).5d"	"2[3/2]*"	"2"		""	"L6099"	
"823.115"	"823.114+"	"10h"	""		"97687.779"	"109836.77"	"4s2.4p5.(2P*<3/2>).4d"	"2[3/2]*"	"2"	"4s2.4p5.(2P*<3/2>).6f"	"2[3/2]"	"2"		""	"L6099"	
"826.55140"	"826.55136+"	"400"	"3.416e+07"	AA	"85846.7046"	"97945.1664"	"4s2.4p5.(2P*<1/2>).5s"	"2[1/2]*"	"1"	"4s2.4p5.(2P*<1/2>).5p"	"2[3/2]"	"2"		"T7199"	"L11281"	
"827.4629"	"827.4628+"	"20"	"3.07e+06"	D+	"93123.3409"	"105208.476"	"4s2.4p5.(2P*<3/2>).5p"	"2[3/2]"	"2"	"4s2.4p5.(2P*<3/2>).5d"	"2[5/2]*"	"3"		"T3774n,u41"	"L7292"	
"828.33284"	"828.33281+"	"200"	"1.418e+07"	B+	"85846.7046"	"97919.1468"	"4s2.4p5.(2P*<1/2>).5s"	"2[1/2]*"	"1"	"4s2.4p5.(2P*<1/2>).5p"	"2[1/2]"	"1"		"T7199"	"L11281"	
"828.984"	"828.9758+"	"4h"	""		"97797.287"	"109860.366"	"4s2.4p5.(2P*<3/2>).4d"	"2[7/2]*"	"4"	"4s2.4p5.(2P*<3/2>).6f"	"2[7/2]"	"4"		""	"L6099"	
"830.03907"	"830.03903+"	"500"	"2.931e+07"	AA	"80916.7680"	"92964.3943"	"4s2.4p5.(2P*<3/2>).5s"	"2[3/2]*"	"1"	"4s2.4p5.(2P*<3/2>).5p"	"2[3/2]"	"1"		"T7199"	"L11281"	
"830.367"	"830.3682+"	"20"	"7.5e+05"	D+	"92964.3943"	"105007.245"	"4s2.4p5.(2P*<3/2>).5p"	"2[3/2]"	"1"	"4s2.4p5.(2P*<3/2>).5d"	"2[3/2]*"	"2"		"T3774n,T3408,T7199"	"L6099"	
"830.548"	"830.5539+"	"10"	"7.7e+05"	D	"93123.3409"	"105163.499"	"4s2.4p5.(2P*<3/2>).5p"	"2[3/2]"	"2"	"4s2.4p5.(2P*<3/2>).5d"	"2[5/2]*"	"2"		"T3774n,u41"	"L6099"	
"833.502"	"833.5016+"	"1"	""		"97085.193"	"109082.770"	"4s2.4p5.(2P*<3/2>).4d"	"2[1/2]*"	"1"	"4s2.4p5.(2P*<3/2>).8p"	"2[1/2]"	"1"		""	"L6099"	
"838.720"	"838.7207+"	"15"	"2.08e+05"	D	"92964.3943"	"104887.315"	"4s2.4p5.(2P*<3/2>).5p"	"2[3/2]"	"1"	"4s2.4p5.(2P*<1/2>).4d"	"2[3/2]*"	"1"		"T3774n,u41"	"L6099"	
"841.4740"	"841.4743+"	"10"	"1.79e+06"	C	"93123.3409"	"105007.245"	"4s2.4p5.(2P*<3/2>).5p"	"2[3/2]"	"2"	"4s2.4p5.(2P*<3/2>).5d"	"2[3/2]*"	"2"		"T3774n,T3408,T7199"	"L7292"	
"847.229"	"847.225+"	"2h"	""		"98867.429"	"110670.67"	"4s2.4p5.(2P*<3/2>).4d"	"2[5/2]*"	"2"	"4s2.4p5.(2P*<3/2>).7f"	"2[7/2]"	"3"		""	"L6099"	
"847.953"	"847.95071+"	"2"	""		"93123.3409"	"104916.4792"	"4s2.4p5.(2P*<3/2>).5p"	"2[3/2]"	"2"	"4s2.4p5.(2P*<3/2>).5d"	"2[7/2]*"	"3"		""	"L6099"	
"850.054"	"850.0529+"	"30"	"4.8e+05"	D	"93123.3409"	"104887.315"	"4s2.4p5.(2P*<3/2>).5p"	"2[3/2]"	"2"	"4s2.4p5.(2P*<1/2>).4d"	"2[3/2]*"	"1"		"T3774n,u41"	"L6099"	
"851.12106"	"851.12100+"	"200"	"1.811e+07"	A	"85846.7046"	"97595.9153"	"4s2.4p5.(2P*<1/2>).5s"	"2[1/2]*"	"1"	"4s2.4p5.(2P*<1/2>).5p"	"2[3/2]"	"1"		"T7199"	"L11281"	
"854.028"	"854.0252+"	"40"	""		"96771.494"	"108480.751"	"4s2.4p5.(2P*<3/2>).4d"	"2[1/2]*"	"0"	"4s2.4p5.(2P*<3/2>).5f"	"2[3/2]"	"1"		""	"L6099"	
"856.324"	"856.32283+"	"50"	"1.07e+06"	D+	"94092.8626"	"105770.7014"	"4s2.4p5.(2P*<3/2>).5p"	"2[1/2]"	"0"	"4s2.4p5.(2P*<3/2>).7s"	"2[3/2]*"	"1"		"T3600n,T7227,u41"	"L6099"	
"857.137"	"857.1355+"	"20"	""		"96771.494"	"108438.2603"	"4s2.4p5.(2P*<3/2>).4d"	"2[1/2]*"	"0"	"4s2.4p5.(2P*<1/2>).6p"	"2[3/2]"	"1"		""	"L6099"	
"859.551"	"859.5444+"	"2*"	""		"98226.268"	"109860.339"	"4s2.4p5.(2P*<3/2>).4d"	"2[7/2]*"	"3"	"4s2.4p5.(2P*<3/2>).6f"	"2[7/2]"	"3"		""	"L3990"	
"859.551"	"859.5424+"	"2*"	""		"98226.268"	"109860.366"	"4s2.4p5.(2P*<3/2>).4d"	"2[7/2]*"	"3"	"4s2.4p5.(2P*<3/2>).6f"	"2[7/2]"	"4"		""	"L3990"	
"860.139"	"860.1383+"	"0*"	""		"98226.268"	"109852.306"	"4s2.4p5.(2P*<3/2>).4d"	"2[7/2]*"	"3"	"4s2.4p5.(2P*<3/2>).6f"	"2[5/2]"	"3"		""	"L4004"	
"860.139"	"860.105+"	"0*"	""		"98226.268"	"109852.76"	"4s2.4p5.(2P*<3/2>).4d"	"2[7/2]*"	"3"	"4s2.4p5.(2P*<3/2>).6f"	"2[5/2]"	"2"		""	"L4004"	
"860.821"	"860.8175+"	"40"	""		"98226.268"	"109843.132"	"4s2.4p5.(2P*<3/2>).4d"	"2[7/2]*"	"3"	"4s2.4p5.(2P*<3/2>).6f"	"2[9/2]"	"4"		""	"L6099"	
"861.304"	"861.289+"	"1"	""		"98226.268"	"109836.77"	"4s2.4p5.(2P*<3/2>).4d"	"2[7/2]*"	"3"	"4s2.4p5.(2P*<3/2>).6f"	"2[3/2]"	"2"		""	"L4004"	
"862.719"	"862.716+"	"4h"	""		"99079.367"	"110670.67"	"4s2.4p5.(2P*<3/2>).4d"	"2[5/2]*"	"3"	"4s2.4p5.(2P*<3/2>).7f"	"2[7/2]"	"4"		""	"L6099"	
"863.107"	"863.104+"	"1h"	""		"99079.367"	"110665.45"	"4s2.4p5.(2P*<3/2>).4d"	"2[5/2]*"	"3"	"4s2.4p5.(2P*<3/2>).7f"	"2[5/2]"	"3"		""	"L6099"	
"863.39"	"863.38187+"	"1"	""		"97945.1664"	"109527.5268"	"4s2.4p5.(2P*<1/2>).5p"	"2[3/2]"	"2"	"4s2.4p5.(2P*<3/2>).7d"	"2[5/2]*"	"2"		""	"L6099"	
"863.518"	"863.518+"	"1"	""		"99079.367"	"110659.90"	"4s2.4p5.(2P*<3/2>).4d"	"2[5/2]*"	"3"	"4s2.4p5.(2P*<3/2>).7f"	"2[9/2]"	"4"		""	"L6099"	
"865.387"	"865.3834+"	"8"	""		"94092.8626"	"105648.434"	"4s2.4p5.(2P*<3/2>).5p"	"2[1/2]"	"0"	"4s2.4p5.(2P*<3/2>).5d"	"2[3/2]*"	"1"		""	"L6099"	
"867.586"	"867.58448+"	"2"	""		"97945.1664"	"109471.4214"	"4s2.4p5.(2P*<1/2>).5p"	"2[3/2]"	"2"	"4s2.4p5.(2P*<3/2>).7d"	"2[7/2]*"	"3"		""	"L6099"	
"869.989"	"869.98778+"	"40"	"5.4e+05"	D+	"92307.3786"	"103801.7929"	"4s2.4p5.(2P*<3/2>).5p"	"2[5/2]"	"2"	"4s2.4p5.(2P*<3/2>).5d"	"2[1/2]*"	"1"		"T3774n,u41"	"L6099"	
"871.601"	"871.5981+"	"2"	""		"97687.779"	"109160.957"	"4s2.4p5.(2P*<3/2>).4d"	"2[3/2]*"	"2"	"4s2.4p5.(2P*<3/2>).8p"	"2[3/2]"	"2"		""	"L6099"	
"872.457"	"872.4546+"	"1"	""		"97687.779"	"109149.694"	"4s2.4p5.(2P*<3/2>).4d"	"2[3/2]*"	"2"	"4s2.4p5.(2P*<3/2>).8p"	"2[3/2]"	"1"		""	"L6099"	
"872.894"	"872.89431+"	"8"	""		"97919.1468"	"109375.2875"	"4s2.4p5.(2P*<1/2>).5p"	"2[1/2]"	"1"	"4s2.4p5.(2P*<3/2>).7d"	"2[3/2]*"	"2"		""	"L6099"	
"874.489"	"874.48922+"	"1"	""		"98855.0698"	"110290.3165"	"4s2.4p5.(2P*<1/2>).5p"	"2[1/2]"	"0"	"4s2.4p5.(2P*<3/2>).8d"	"2[1/2]*"	"1"		""	"L6099"	
"874.883"	"874.88137+"	"3"	""		"97945.1664"	"109375.2875"	"4s2.4p5.(2P*<1/2>).5p"	"2[3/2]"	"2"	"4s2.4p5.(2P*<3/2>).7d"	"2[3/2]*"	"2"		""	"L6099"	
"874.969"	"874.9680+"	"2"	""		"97085.193"	"108514.1824"	"4s2.4p5.(2P*<3/2>).4d"	"2[1/2]*"	"1"	"4s2.4p5.(2P*<1/2>).6p"	"2[1/2]"	"1"		""	"L6099"	
"875.760"	"875.7581+"	"30"	""		"97085.193"	"108503.871"	"4s2.4p5.(2P*<3/2>).4d"	"2[1/2]*"	"1"	"4s2.4p5.(2P*<3/2>).5f"	"2[5/2]"	"2"		""	"L6099"	
"876.6519"	"876.6518+"	"8"	""		"92294.4012"	"103701.439"	"4s2.4p5.(2P*<3/2>).5p"	"2[5/2]"	"3"	"4s2.4p5.(2P*<1/2>).4d"	"2[5/2]*"	"3"		""	"L7292"	
"877.541"	"877.5349+"	"4"	""		"97085.193"	"108480.751"	"4s2.4p5.(2P*<3/2>).4d"	"2[1/2]*"	"1"	"4s2.4p5.(2P*<3/2>).5f"	"2[3/2]"	"1"		""	"L6099"	
"877.646"	"877.6503+"	"50"	""		"92307.3786"	"103701.439"	"4s2.4p5.(2P*<3/2>).5p"	"2[5/2]"	"2"	"4s2.4p5.(2P*<1/2>).4d"	"2[5/2]*"	"3"		""	"L6099"	
"877.91607"	"877.91606+"	"300"	"2.217e+07"	A+	"80916.7680"	"92307.3786"	"4s2.4p5.(2P*<3/2>).5s"	"2[3/2]*"	"1"	"4s2.4p5.(2P*<3/2>).5p"	"2[5/2]"	"2"		"T7199"	"L11281"	
"878.266"	"878.2766+"	"30"	""		"97085.193"	"108471.1277"	"4s2.4p5.(2P*<3/2>).4d"	"2[1/2]*"	"1"	"4s2.4p5.(2P*<3/2>).5f"	"2[3/2]"	"2"		""	"L6099"	
"880.820"	"880.8192+"	"20"	""		"97085.193"	"108438.2603"	"4s2.4p5.(2P*<3/2>).4d"	"2[1/2]*"	"1"	"4s2.4p5.(2P*<1/2>).6p"	"2[3/2]"	"1"		""	"L6099"	
"884.489"	"884.4849+"	"3"	""		"97797.287"	"109103.302"	"4s2.4p5.(2P*<3/2>).4d"	"2[7/2]*"	"4"	"4s2.4p5.(2P*<3/2>).8p"	"2[5/2]"	"3"		""	"L6099"	
"893.11447"	"893.11445+"	"200"	"2.289e+07"	A	"79971.7417"	"91168.5150"	"4s2.4p5.(2P*<3/2>).5s"	"2[3/2]*"	"2"	"4s2.4p5.(2P*<3/2>).5p"	"2[1/2]"	"1"		"T7199"	"L11281"	
"896.999"	"896.9986+"	"10"	"6.5e+04"	D+	"92294.4012"	"103442.690"	"4s2.4p5.(2P*<3/2>).5p"	"2[5/2]"	"3"	"4s2.4p5.(2P*<1/2>).4d"	"2[5/2]*"	"2"		"T3774n,u41"	"L6099"	
"898.045"	"898.0440+"	"50"	"7.3e+05"	D+	"92307.3786"	"103442.690"	"4s2.4p5.(2P*<3/2>).5p"	"2[5/2]"	"2"	"4s2.4p5.(2P*<1/2>).4d"	"2[5/2]*"	"2"		"T3774n,u41"	"L6099"	
"900.166"	"900.1648+"	"30"	"2.13e+06"	C	"92964.3943"	"104073.471"	"4s2.4p5.(2P*<3/2>).5p"	"2[3/2]"	"1"	"4s2.4p5.(2P*<3/2>).5d"	"2[1/2]*"	"0"		"T3774n,T7008"	"L6099"	
"904.695"	"904.693+"	"3"	""		"94092.8626"	"105146.33"	"4s2.4p5.(2P*<3/2>).5p"	"2[1/2]"	"0"	"4s2.4p5.(2P*<1/2>).6s"	"2[1/2]*"	"1"		""	"L6099"	
"909.683"	"909.6772+"	"4h"	""		"98867.429"	"109860.339"	"4s2.4p5.(2P*<3/2>).4d"	"2[5/2]*"	"2"	"4s2.4p5.(2P*<3/2>).6f"	"2[7/2]"	"3"		""	"L6099"	
"910.308"	"910.305+"	"1"	""		"98867.429"	"109852.76"	"4s2.4p5.(2P*<3/2>).4d"	"2[5/2]*"	"2"	"4s2.4p5.(2P*<3/2>).6f"	"2[5/2]"	"2"		""	"L6099"	
"911.419"	"911.4160+"	"20"	"1.60e+05"	D+	"92294.4012"	"103266.339"	"4s2.4p5.(2P*<3/2>).5p"	"2[5/2]"	"3"	"4s2.4p5.(2P*<1/2>).4d"	"2[3/2]*"	"2"		"T3774n,T3384,u41"	"L6099"	
"912.499"	"912.4953+"	"20"	"1.60e+05"	D+	"92307.3786"	"103266.339"	"4s2.4p5.(2P*<3/2>).5p"	"2[5/2]"	"2"	"4s2.4p5.(2P*<1/2>).4d"	"2[3/2]*"	"2"		"T3774n,T3384,u41"	"L6099"	
"919.121"	"919.1185+"	"2"	""		"97687.779"	"108567.7689"	"4s2.4p5.(2P*<3/2>).4d"	"2[3/2]*"	"2"	"4s2.4p5.(2P*<1/2>).6p"	"2[3/2]"	"2"		""	"L6099"	
"922.736"	"922.73066+"	"1"	""		"92964.3943"	"103801.7929"	"4s2.4p5.(2P*<3/2>).5p"	"2[3/2]"	"1"	"4s2.4p5.(2P*<3/2>).5d"	"2[1/2]*"	"1"		""	"L6099"	
"923.669"	"923.6678+"	"1"	""		"97687.779"	"108514.1824"	"4s2.4p5.(2P*<3/2>).4d"	"2[3/2]*"	"2"	"4s2.4p5.(2P*<1/2>).6p"	"2[1/2]"	"1"		""	"L6099"	
"924.554"	"924.5483+"	"1"	""		"97687.779"	"108503.871"	"4s2.4p5.(2P*<3/2>).4d"	"2[3/2]*"	"2"	"4s2.4p5.(2P*<3/2>).5f"	"2[5/2]"	"2"		""	"L6099"	
"924.608"	"924.6025+"	"30"	""		"97687.779"	"108503.238"	"4s2.4p5.(2P*<3/2>).4d"	"2[3/2]*"	"2"	"4s2.4p5.(2P*<3/2>).5f"	"2[5/2]"	"3"		""	"L6099"	
"926.523"	"926.5289+"	"1"	""		"97687.779"	"108480.751"	"4s2.4p5.(2P*<3/2>).4d"	"2[3/2]*"	"2"	"4s2.4p5.(2P*<3/2>).5f"	"2[3/2]"	"1"		""	"L6099"	
"927.350"	"927.3557+"	"10"	""		"97687.779"	"108471.1277"	"4s2.4p5.(2P*<3/2>).4d"	"2[3/2]*"	"2"	"4s2.4p5.(2P*<3/2>).5f"	"2[3/2]"	"2"		""	"L6099"	
"927.556"	"927.5578+"	"8"	""		"99079.367"	"109860.366"	"4s2.4p5.(2P*<3/2>).4d"	"2[5/2]*"	"3"	"4s2.4p5.(2P*<3/2>).6f"	"2[7/2]"	"4"		""	"L6099"	
"928.24"	"928.2518+"	"2"	""		"99079.367"	"109852.306"	"4s2.4p5.(2P*<3/2>).4d"	"2[5/2]*"	"3"	"4s2.4p5.(2P*<3/2>).6f"	"2[5/2]"	"3"		""	"L6099"	
"929.042"	"929.0430+"	"1"	""		"99079.367"	"109843.132"	"4s2.4p5.(2P*<3/2>).4d"	"2[5/2]*"	"3"	"4s2.4p5.(2P*<3/2>).6f"	"2[9/2]"	"4"		""	"L6099"	
"930.195"	"930.1909+"	"1"	""		"97687.779"	"108438.2603"	"4s2.4p5.(2P*<3/2>).4d"	"2[3/2]*"	"2"	"4s2.4p5.(2P*<1/2>).6p"	"2[3/2]"	"1"		""	"L6099"	
"932.859"	"932.863+"	"10"	""		"97797.287"	"108516.98"	"4s2.4p5.(2P*<3/2>).4d"	"2[7/2]*"	"4"	"4s2.4p5.(2P*<3/2>).5f"	"2[7/2]"	"4"		""	"L6099"	
"934.05"	"934.0599+"	"1"	""		"97797.287"	"108503.238"	"4s2.4p5.(2P*<3/2>).4d"	"2[7/2]*"	"4"	"4s2.4p5.(2P*<3/2>).5f"	"2[5/2]"	"3"		""	"L6099"	
"935.469"	"935.4719+"	"2"	""		"97797.287"	"108487.079"	"4s2.4p5.(2P*<3/2>).4d"	"2[7/2]*"	"4"	"4s2.4p5.(2P*<3/2>).5f"	"2[9/2]"	"4"		""	"L7408"	
"935.480"	"935.4837+"	"100"	""		"97797.287"	"108486.944"	"4s2.4p5.(2P*<3/2>).4d"	"2[7/2]*"	"4"	"4s2.4p5.(2P*<3/2>).5f"	"2[9/2]"	"5"		""	"L6099"	
"936.467"	"936.46532+"	"2"	"4.0e+06"	D+	"93123.3409"	"103801.7929"	"4s2.4p5.(2P*<3/2>).5p"	"2[3/2]"	"2"	"4s2.4p5.(2P*<3/2>).5d"	"2[1/2]*"	"1"		"T3774n,u41"	"L7408"	
"945.347"	"945.3495+"	"20"	""		"93123.3409"	"103701.439"	"4s2.4p5.(2P*<3/2>).5p"	"2[3/2]"	"2"	"4s2.4p5.(2P*<1/2>).4d"	"2[5/2]*"	"3"		""	"L6099"	
"953.49"	"953.48272+"	"1"	""		"98855.0698"	"109342.9368"	"4s2.4p5.(2P*<1/2>).5p"	"2[1/2]"	"0"	"4s2.4p5.(2P*<3/2>).7d"	"2[1/2]*"	"1"		""	"L6099"	
"954.351"	"954.3537+"	"30"	"5.1e+05"	D+	"92964.3943"	"103442.690"	"4s2.4p5.(2P*<3/2>).5p"	"2[3/2]"	"1"	"4s2.4p5.(2P*<1/2>).4d"	"2[5/2]*"	"2"		"T3774n,u41"	"L6099"	
"960.98"	"960.99925+"	"1"	""		"97919.1468"	"108324.9822"	"4s2.4p5.(2P*<1/2>).5p"	"2[1/2]"	"1"	"4s2.4p5.(2P*<3/2>).8s"	"2[3/2]*"	"2"		""	"L6099"	
"961.827"	"961.82781+"	"3"	""		"97595.9153"	"107992.7867"	"4s2.4p5.(2P*<1/2>).5p"	"2[3/2]"	"1"	"4s2.4p5.(2P*<3/2>).6d"	"2[5/2]*"	"2"		""	"L6099"	
"967.168"	"967.15461+"	"1"	""		"97919.1468"	"108258.7553"	"4s2.4p5.(2P*<1/2>).5p"	"2[1/2]"	"1"	"4s2.4p5.(2P*<3/2>).6d"	"2[3/2]*"	"1"		""	"L6099"	
"968.492"	"968.5056+"	"2"	""		"97085.193"	"107410.379"	"4s2.4p5.(2P*<3/2>).4d"	"2[1/2]*"	"1"	"4s2.4p5.(2P*<3/2>).7p"	"2[1/2]"	"0"		""	"L6099"	
"969.049"	"969.0534+"	"10"	"8.7e+04"	D+	"93123.3409"	"103442.690"	"4s2.4p5.(2P*<3/2>).5p"	"2[3/2]"	"2"	"4s2.4p5.(2P*<1/2>).4d"	"2[5/2]*"	"2"		"T3774n,u41"	"L6099"	
"970.688"	"970.6905+"	"50"	"5.2e+05"	D+	"92964.3943"	"103266.339"	"4s2.4p5.(2P*<3/2>).5p"	"2[3/2]"	"1"	"4s2.4p5.(2P*<1/2>).4d"	"2[3/2]*"	"2"		"T3774n,T3384,u41"	"L6099"	
"971.751"	"971.750+"	"15*"	""		"98226.268"	"108516.98"	"4s2.4p5.(2P*<3/2>).4d"	"2[7/2]*"	"3"	"4s2.4p5.(2P*<3/2>).5f"	"2[7/2]"	"4"		""	"L6099"	
"971.751"	"971.750+"	"15*"	""		"98226.268"	"108516.98"	"4s2.4p5.(2P*<3/2>).4d"	"2[7/2]*"	"3"	"4s2.4p5.(2P*<3/2>).5f"	"2[7/2]"	"3"		""	"L6099"	
"972.545"	"972.5484+"	"1"	""		"98867.429"	"109149.694"	"4s2.4p5.(2P*<3/2>).4d"	"2[5/2]*"	"2"	"4s2.4p5.(2P*<3/2>).8p"	"2[3/2]"	"1"		""	"L6099"	
"973.018"	"973.0494+"	"2h*"	""		"98226.268"	"108503.238"	"4s2.4p5.(2P*<3/2>).4d"	"2[7/2]*"	"3"	"4s2.4p5.(2P*<3/2>).5f"	"2[5/2]"	"3"		""	"L6099"	
"973.018"	"972.9895+"	"2h*"	""		"98226.268"	"108503.871"	"4s2.4p5.(2P*<3/2>).4d"	"2[7/2]*"	"3"	"4s2.4p5.(2P*<3/2>).5f"	"2[5/2]"	"2"		""	"L6099"	
"974.578"	"974.5818+"	"50"	""		"98226.268"	"108487.079"	"4s2.4p5.(2P*<3/2>).4d"	"2[7/2]*"	"3"	"4s2.4p5.(2P*<3/2>).5f"	"2[9/2]"	"4"		""	"L6099"	
"975.44352"	"975.44350+"	"5"	"3.13e+06"	B+	"80916.7680"	"91168.5150"	"4s2.4p5.(2P*<3/2>).5s"	"2[3/2]*"	"1"	"4s2.4p5.(2P*<3/2>).5p"	"2[1/2]"	"1"		"T7199"	"L11281"	
"977.137"	"977.1468+"	"2"	""		"96771.494"	"107005.371"	"4s2.4p5.(2P*<3/2>).4d"	"2[1/2]*"	"0"	"4s2.4p5.(2P*<3/2>).7p"	"2[1/2]"	"1"		""	"L6099"	
"979.758"	"979.763+"	"3"	""		"99646.212"	"109852.76"	"4s2.4p5.(2P*<3/2>).4d"	"2[3/2]*"	"1"	"4s2.4p5.(2P*<3/2>).6f"	"2[5/2]"	"2"		""	"L6099"	
"981.296"	"981.301+"	"2h"	""		"99646.212"	"109836.77"	"4s2.4p5.(2P*<3/2>).4d"	"2[3/2]*"	"1"	"4s2.4p5.(2P*<3/2>).6f"	"2[3/2]"	"2"		""	"L6099"	
"984.103"	"984.1072+"	"5"	""		"97085.193"	"107246.688"	"4s2.4p5.(2P*<3/2>).4d"	"2[1/2]*"	"1"	"4s2.4p5.(2P*<3/2>).7p"	"2[3/2]"	"2"		""	"L6099"	
"985.894"	"985.9018+"	"500"	"3.99e+06"	C	"93123.3409"	"103266.339"	"4s2.4p5.(2P*<3/2>).5p"	"2[3/2]"	"2"	"4s2.4p5.(2P*<1/2>).4d"	"2[3/2]*"	"2"		"T3774n,T3384,u41"	"L6099"	
"986.565"	"986.5689+"	"4"	""		"97085.193"	"107221.333"	"4s2.4p5.(2P*<3/2>).4d"	"2[1/2]*"	"1"	"4s2.4p5.(2P*<3/2>).7p"	"2[3/2]"	"1"		""	"L6099"	
"989.979"	"989.98690+"	"2"	""		"97945.1664"	"108046.3102"	"4s2.4p5.(2P*<1/2>).5p"	"2[3/2]"	"2"	"4s2.4p5.(2P*<3/2>).6d"	"2[5/2]*"	"3"		""	"L6099"	
"991.909"	"991.9070+"	"4"	""		"99079.367"	"109160.957"	"4s2.4p5.(2P*<3/2>).4d"	"2[5/2]*"	"3"	"4s2.4p5.(2P*<3/2>).8p"	"2[3/2]"	"2"		""	"L6099"	
"992.032"	"992.04050+"	"3"	""		"97595.9153"	"107676.1489"	"4s2.4p5.(2P*<1/2>).5p"	"2[3/2]"	"1"	"4s2.4p5.(2P*<3/2>).6d"	"2[1/2]*"	"1"		""	"L6099"	
"999.20"	"999.23243+"	"1"	""		"97595.9153"	"107603.5969"	"4s2.4p5.(2P*<1/2>).5p"	"2[3/2]"	"1"	"4s2.4p5.(2P*<3/2>).6d"	"2[1/2]*"	"0"		""	"L6099"	
"1004.140"	"1004.146+"	"3"	""		"99894.0485"	"109852.76"	"4s2.4p5.(2P*<3/2>).6s"	"2[3/2]*"	"1"	"4s2.4p5.(2P*<3/2>).6f"	"2[5/2]"	"2"		""	"L6099"	
"1005.762"	"1005.761+"	"2"	""		"99894.0485"	"109836.77"	"4s2.4p5.(2P*<3/2>).6s"	"2[3/2]*"	"1"	"4s2.4p5.(2P*<3/2>).6f"	"2[3/2]"	"2"		""	"L6099"	
"1006.872"	"1006.87275+"	"10"	"2.65e+05"	D+	"97945.1664"	"107876.9080"	"4s2.4p5.(2P*<1/2>).5p"	"2[3/2]"	"2"	"4s2.4p5.(2P*<3/2>).6d"	"2[7/2]*"	"3"		"T3774n,T3599,u41"	"L6099"	
"1008.042"	"1008.0464+"	"10"	""		"97085.193"	"107005.371"	"4s2.4p5.(2P*<3/2>).4d"	"2[1/2]*"	"1"	"4s2.4p5.(2P*<3/2>).7p"	"2[1/2]"	"1"		""	"L6099"	
"1012.373"	"1012.37812+"	"30"	"6.2e+05"	D+	"97919.1468"	"107796.8790"	"4s2.4p5.(2P*<1/2>).5p"	"2[1/2]"	"1"	"4s2.4p5.(2P*<3/2>).6d"	"2[3/2]*"	"2"		"T3774n,T3599,u41"	"L6099"	
"1015.046"	"1015.05194+"	"10"	""		"97945.1664"	"107796.8790"	"4s2.4p5.(2P*<1/2>).5p"	"2[3/2]"	"2"	"4s2.4p5.(2P*<3/2>).6d"	"2[3/2]*"	"2"		""	"L6099"	
"1027.64"	"1027.64546+"	"2"	""		"97945.1664"	"107676.1489"	"4s2.4p5.(2P*<1/2>).5p"	"2[3/2]"	"2"	"4s2.4p5.(2P*<3/2>).6d"	"2[1/2]*"	"1"		""	"L6099"	
"1029.975"	"1029.97958+"	"80"	""		"94092.8626"	"103801.7929"	"4s2.4p5.(2P*<3/2>).5p"	"2[1/2]"	"0"	"4s2.4p5.(2P*<3/2>).5d"	"2[1/2]*"	"1"		""	"L6099"	
"1032.571"	"1032.58315+"	"2"	""		"97919.1468"	"107603.5969"	"4s2.4p5.(2P*<1/2>).5p"	"2[1/2]"	"1"	"4s2.4p5.(2P*<3/2>).6d"	"2[1/2]*"	"0"		""	"L6099"	
"1036.321"	"1036.318+"	"100"	""		"98867.429"	"108516.98"	"4s2.4p5.(2P*<3/2>).4d"	"2[5/2]*"	"2"	"4s2.4p5.(2P*<3/2>).5f"	"2[7/2]"	"3"		""	"L6099"	
"1037.728"	"1037.7274+"	"10"	""		"98867.429"	"108503.871"	"4s2.4p5.(2P*<3/2>).4d"	"2[5/2]*"	"2"	"4s2.4p5.(2P*<3/2>).5f"	"2[5/2]"	"2"		""	"L6099"	
"1046.143"	"1046.1445+"	"6"	""		"97687.779"	"107246.688"	"4s2.4p5.(2P*<3/2>).4d"	"2[3/2]*"	"2"	"4s2.4p5.(2P*<3/2>).7p"	"2[3/2]"	"2"		""	"L7293"	
"1048.916"	"1048.9268+"	"2*"	""		"97687.779"	"107221.333"	"4s2.4p5.(2P*<3/2>).4d"	"2[3/2]*"	"2"	"4s2.4p5.(2P*<3/2>).7p"	"2[3/2]"	"1"		""	"L7293"	
"1048.916"	"1048.8694+"	"2*"	""		"99626.882"	"109160.957"	"4s2.4p5.(2P*<3/2>).6s"	"2[3/2]*"	"2"	"4s2.4p5.(2P*<3/2>).8p"	"2[3/2]"	"2"		""	"L7293"	
"1055.253"	"1055.2508+"	"1"	""		"99626.882"	"109103.302"	"4s2.4p5.(2P*<3/2>).6s"	"2[3/2]*"	"2"	"4s2.4p5.(2P*<3/2>).8p"	"2[5/2]"	"3"		""	"L7293"	
"1057.840"	"1057.8214+"	"2*"	""		"97687.779"	"107141.171"	"4s2.4p5.(2P*<3/2>).4d"	"2[3/2]*"	"2"	"4s2.4p5.(2P*<3/2>).7p"	"2[5/2]"	"3"		""	"L7293"	
"1057.840"	"1057.8629+"	"2*"	""		"97687.779"	"107140.800"	"4s2.4p5.(2P*<3/2>).4d"	"2[3/2]*"	"2"	"4s2.4p5.(2P*<3/2>).7p"	"2[5/2]"	"2"		""	"L7293"	
"1059.594"	"1059.590+"	"20"	""		"99079.367"	"108516.98"	"4s2.4p5.(2P*<3/2>).4d"	"2[5/2]*"	"3"	"4s2.4p5.(2P*<3/2>).5f"	"2[7/2]"	"4"		""	"L125"	
"1061.137"	"1061.1351+"	"5"	""		"99079.367"	"108503.238"	"4s2.4p5.(2P*<3/2>).4d"	"2[5/2]*"	"3"	"4s2.4p5.(2P*<3/2>).5f"	"2[5/2]"	"3"		""	"L125"	
"1062.961"	"1062.9577+"	"8"	""		"99079.367"	"108487.079"	"4s2.4p5.(2P*<3/2>).4d"	"2[5/2]*"	"3"	"4s2.4p5.(2P*<3/2>).5f"	"2[9/2]"	"4"		""	"L7293"	
"1064.764"	"1064.7631+"	"1"	""		"99079.367"	"108471.1277"	"4s2.4p5.(2P*<3/2>).4d"	"2[5/2]*"	"3"	"4s2.4p5.(2P*<3/2>).5f"	"2[3/2]"	"2"		""	"L7293"	
"1070.226"	"1070.2188+"	"20"	""		"97797.287"	"107141.171"	"4s2.4p5.(2P*<3/2>).4d"	"2[7/2]*"	"4"	"4s2.4p5.(2P*<3/2>).7p"	"2[5/2]"	"3"		""	"L7293"	
"1073.237"	"1073.2387+"	"2"	""		"97687.779"	"107005.371"	"4s2.4p5.(2P*<3/2>).4d"	"2[3/2]*"	"2"	"4s2.4p5.(2P*<3/2>).7p"	"2[1/2]"	"1"		""	"L7293"	
"1080.43"	"1080.4217+"	"1"	""		"99894.0485"	"109149.694"	"4s2.4p5.(2P*<3/2>).6s"	"2[3/2]*"	"1"	"4s2.4p5.(2P*<3/2>).8p"	"2[3/2]"	"1"		""	"L7293"	
"1087.788"	"1087.7899+"	"150"	""		"96771.494"	"105964.446"	"4s2.4p5.(2P*<3/2>).4d"	"2[1/2]*"	"0"	"4s2.4p5.(2P*<3/2>).4f"	"2[3/2]"	"1"		""	"L125"	
"1119.017"	"1119.0171+"	"79"	""		"97085.193"	"106021.607"	"4s2.4p5.(2P*<3/2>).4d"	"2[1/2]*"	"1"	"4s2.4p5.(2P*<3/2>).4f"	"2[5/2]"	"2"		""	"L125"	
"1121.765"	"1121.7639+"	"5"	""		"98226.268"	"107140.800"	"4s2.4p5.(2P*<3/2>).4d"	"2[7/2]*"	"3"	"4s2.4p5.(2P*<3/2>).7p"	"2[5/2]"	"2"		""	"L7293"	
"1126.0787"	"1126.0793+"	"130"	""		"97085.193"	"105965.562"	"4s2.4p5.(2P*<3/2>).4d"	"2[1/2]*"	"1"	"4s2.4p5.(2P*<3/2>).4f"	"2[3/2]"	"2"		""	"L9760"	
"1126.224"	"1126.2209+"	"50"	""		"97085.193"	"105964.446"	"4s2.4p5.(2P*<3/2>).4d"	"2[1/2]*"	"1"	"4s2.4p5.(2P*<3/2>).4f"	"2[3/2]"	"1"		""	"L7293"	
"1126.579"	"1126.5884+"	"2"	""		"99626.882"	"108503.238"	"4s2.4p5.(2P*<3/2>).6s"	"2[3/2]*"	"2"	"4s2.4p5.(2P*<3/2>).5f"	"2[5/2]"	"3"		""	"L7293"	
"1128.9672"	"1128.9665+"	"7"	""		"99646.212"	"108503.871"	"4s2.4p5.(2P*<3/2>).4d"	"2[3/2]*"	"1"	"4s2.4p5.(2P*<3/2>).5f"	"2[5/2]"	"2"		""	"L9760"	
"1130.69"	"1130.6787+"	"1"	""		"99626.882"	"108471.1277"	"4s2.4p5.(2P*<3/2>).6s"	"2[3/2]*"	"2"	"4s2.4p5.(2P*<3/2>).5f"	"2[3/2]"	"2"		""	"L7293"	
"1131.92"	"1131.9210+"	"1"	""		"99646.212"	"108480.751"	"4s2.4p5.(2P*<3/2>).4d"	"2[3/2]*"	"1"	"4s2.4p5.(2P*<3/2>).5f"	"2[3/2]"	"1"		""	"L7293"	
"1133.161"	"1133.1553+"	"4"	""		"99646.212"	"108471.1277"	"4s2.4p5.(2P*<3/2>).4d"	"2[3/2]*"	"1"	"4s2.4p5.(2P*<3/2>).5f"	"2[3/2]"	"2"		""	"L7293"	
"1133.654"	"1133.64815+"	"1"	""		"98855.0698"	"107676.1489"	"4s2.4p5.(2P*<1/2>).5p"	"2[1/2]"	"0"	"4s2.4p5.(2P*<3/2>).6d"	"2[1/2]*"	"1"		""	"L7293"	
"1146.0614"	"1146.06173+"	"220"	"2.00e+06"	B	"91168.5150"	"99894.0485"	"4s2.4p5.(2P*<3/2>).5p"	"2[1/2]"	"1"	"4s2.4p5.(2P*<3/2>).6s"	"2[3/2]*"	"1"		"T5651"	"L9760"	
"1161.48"	"1161.4970+"	"1*"	""		"103115.6343"	"111725.213"	"4s2.4p5.(2P*<3/2>).6p"	"2[5/2]"	"3"	"4s2.4p5.(2P*<3/2>).11d"	"2[7/2]*"	"4"		""	"L7293"	
"1161.48"	"1161.4641+"	"1*"	""		"99894.0485"	"108503.871"	"4s2.4p5.(2P*<3/2>).6s"	"2[3/2]*"	"1"	"4s2.4p5.(2P*<3/2>).5f"	"2[5/2]"	"2"		""	"L7293"	
"1165.90"	"1165.89806+"	"1"	""		"99894.0485"	"108471.1277"	"4s2.4p5.(2P*<3/2>).6s"	"2[3/2]*"	"1"	"4s2.4p5.(2P*<3/2>).5f"	"2[3/2]"	"2"		""	"L7293"	
"1179.564"	"1179.5656+"	"140"	"5.80e+05"	C+	"91168.5150"	"99646.212"	"4s2.4p5.(2P*<3/2>).5p"	"2[1/2]"	"1"	"4s2.4p5.(2P*<3/2>).4d"	"2[3/2]*"	"1"		"T5651"	"L125"	
"1182.26136"	"1182.2613+"	"1800"	"8.11e+06"	B	"91168.5150"	"99626.882"	"4s2.4p5.(2P*<3/2>).5p"	"2[1/2]"	"1"	"4s2.4p5.(2P*<3/2>).6s"	"2[3/2]*"	"2"		"T5651"	"L4205c2"	
"1197.0457"	"1197.0451+"	"2"	""		"98867.429"	"107221.333"	"4s2.4p5.(2P*<3/2>).4d"	"2[5/2]*"	"2"	"4s2.4p5.(2P*<3/2>).7p"	"2[3/2]"	"1"		""	"L9760"	
"1199.928"	"1199.9288+"	"32"	""		"97687.779"	"106021.607"	"4s2.4p5.(2P*<3/2>).4d"	"2[3/2]*"	"2"	"4s2.4p5.(2P*<3/2>).4f"	"2[5/2]"	"2"		""	"L125"	
"1200.0385"	"1200.0388+"	"350"	""		"97687.779"	"106020.843"	"4s2.4p5.(2P*<3/2>).4d"	"2[3/2]*"	"2"	"4s2.4p5.(2P*<3/2>).4f"	"2[5/2]"	"3"		""	"L9760"	
"1208.052"	"1208.0529+"	"160"	""		"97687.779"	"105965.562"	"4s2.4p5.(2P*<3/2>).4d"	"2[3/2]*"	"2"	"4s2.4p5.(2P*<3/2>).4f"	"2[3/2]"	"2"		""	"L125"	
"1208.2156"	"1208.2158+"	"9"	""		"97687.779"	"105964.446"	"4s2.4p5.(2P*<3/2>).4d"	"2[3/2]*"	"2"	"4s2.4p5.(2P*<3/2>).4f"	"2[3/2]"	"1"		""	"L9760"	
"1212.111"	"1212.106+"	"150"	""		"97797.287"	"106047.39"	"4s2.4p5.(2P*<3/2>).4d"	"2[7/2]*"	"4"	"4s2.4p5.(2P*<3/2>).4f"	"2[7/2]"	"4"		""	"L125"	
"1212.687"	"1212.68596+"	"50"	"1.50e+05"	B	"85846.7046"	"94092.8626"	"4s2.4p5.(2P*<1/2>).5s"	"2[1/2]*"	"1"	"4s2.4p5.(2P*<3/2>).5p"	"2[1/2]"	"0"		"T7199"	"L125"	
"1216.017"	"1216.0190+"	"6"	""		"97797.287"	"106020.843"	"4s2.4p5.(2P*<3/2>).4d"	"2[7/2]*"	"4"	"4s2.4p5.(2P*<3/2>).4f"	"2[5/2]"	"3"		""	"L125"	
"1220.78754"	"1220.774+"	"840"	""		"97797.287"	"105988.81"	"4s2.4p5.(2P*<3/2>).4d"	"2[7/2]*"	"4"	"4s2.4p5.(2P*<3/2>).4f"	"2[9/2]"	"5"		""	"L4205c2"	
"1223.275"	"1223.27360+"	"9"	""		"97595.9153"	"105770.7014"	"4s2.4p5.(2P*<1/2>).5p"	"2[3/2]"	"1"	"4s2.4p5.(2P*<3/2>).7s"	"2[3/2]*"	"1"		""	"L125"	
"1224.391"	"1224.3917+"	"8"	""		"99079.367"	"107246.688"	"4s2.4p5.(2P*<3/2>).4d"	"2[5/2]*"	"3"	"4s2.4p5.(2P*<3/2>).7p"	"2[3/2]"	"2"		""	"L125"	
"1232.445"	"1232.4438+"	"20"	""		"103266.339"	"111380.299"	"4s2.4p5.(2P*<1/2>).4d"	"2[3/2]*"	"2"	"4s2.4p5.(2P*<1/2>).4f"	"2[5/2]"	"3"		""	"L125"	
"1241.8485"	"1241.8475+"	"2"	""		"97595.9153"	"105648.434"	"4s2.4p5.(2P*<1/2>).5p"	"2[3/2]"	"1"	"4s2.4p5.(2P*<3/2>).5d"	"2[3/2]*"	"1"		""	"L9760"	
"1260.133"	"1260.130+"	"19"	""		"103442.690"	"111378.38"	"4s2.4p5.(2P*<1/2>).4d"	"2[5/2]*"	"2"	"4s2.4p5.(2P*<1/2>).4f"	"2[7/2]"	"3"		""	"L125"	
"1273.6342"	"1273.63312+"	"3"	""		"97919.1468"	"105770.7014"	"4s2.4p5.(2P*<1/2>).5p"	"2[1/2]"	"1"	"4s2.4p5.(2P*<3/2>).7s"	"2[3/2]*"	"1"		""	"L9760"	
"1278.602"	"1278.589+"	"100*"	""		"98226.268"	"106047.39"	"4s2.4p5.(2P*<3/2>).4d"	"2[7/2]*"	"3"	"4s2.4p5.(2P*<3/2>).4f"	"2[7/2]"	"4"		""	"L125"	
"1278.602"	"1278.589+"	"100*"	""		"98226.268"	"106047.39"	"4s2.4p5.(2P*<3/2>).4d"	"2[7/2]*"	"3"	"4s2.4p5.(2P*<3/2>).4f"	"2[7/2]"	"3"		""	"L125"	
"1282.859"	"1282.9436+"	"5*"	""		"98226.268"	"106020.843"	"4s2.4p5.(2P*<3/2>).4d"	"2[7/2]*"	"3"	"4s2.4p5.(2P*<3/2>).4f"	"2[5/2]"	"3"		""	"L7384"	
"1282.859"	"1282.8178+"	"5*"	""		"98226.268"	"106021.607"	"4s2.4p5.(2P*<3/2>).4d"	"2[7/2]*"	"3"	"4s2.4p5.(2P*<3/2>).4f"	"2[5/2]"	"2"		""	"L7384"	
"1286.541"	"1286.54136+"	"46"	"7.6e+04"	B+	"85191.6166"	"92964.3943"	"4s2.4p5.(2P*<1/2>).5s"	"2[1/2]*"	"0"	"4s2.4p5.(2P*<3/2>).5p"	"2[3/2]"	"1"		"T7199"	"L125"	
"1287.9690"	"1287.9682+"	"3"	""		"99646.212"	"107410.379"	"4s2.4p5.(2P*<3/2>).4d"	"2[3/2]*"	"1"	"4s2.4p5.(2P*<3/2>).7p"	"2[1/2]"	"0"		""	"L9760"	
"1288.226"	"1288.238+"	"470"	""		"98226.268"	"105988.81"	"4s2.4p5.(2P*<3/2>).4d"	"2[7/2]*"	"3"	"4s2.4p5.(2P*<3/2>).4f"	"2[9/2]"	"4"		""	"L125"	
"1291.81"	"1291.73+"	"3"	""		"103313.4726"	"111055.0"	"4s2.4p5.(2P*<3/2>).6p"	"2[3/2]"	"1"	"4s2.4p5.(2P*<1/2>).7s"	"2[1/2]*"	"0"		""	"L4085"	
"1293.802"	"1293.7804+"	"1"	""		"97919.1468"	"105648.434"	"4s2.4p5.(2P*<1/2>).5p"	"2[1/2]"	"1"	"4s2.4p5.(2P*<3/2>).5d"	"2[3/2]*"	"1"		""	"L7384"	
"1298.153"	"1298.1504+"	"2"	""		"97945.1664"	"105648.434"	"4s2.4p5.(2P*<1/2>).5p"	"2[3/2]"	"2"	"4s2.4p5.(2P*<3/2>).5d"	"2[3/2]*"	"1"		""	"L7384"	
"1298.887"	"1298.8845+"	"14"	""		"91168.5150"	"98867.429"	"4s2.4p5.(2P*<3/2>).5p"	"2[1/2]"	"1"	"4s2.4p5.(2P*<3/2>).4d"	"2[5/2]*"	"2"		""	"L125"	
"1302.597"	"1302.68+"	"13"	""		"103701.439"	"111377.9"	"4s2.4p5.(2P*<1/2>).4d"	"2[5/2]*"	"3"	"4s2.4p5.(2P*<1/2>).4f"	"2[7/2]"	"4"		""	"L125"	
"1312.3705"	"1312.3694+"	"3"	""		"99626.882"	"107246.688"	"4s2.4p5.(2P*<3/2>).6s"	"2[3/2]*"	"2"	"4s2.4p5.(2P*<3/2>).7p"	"2[3/2]"	"2"		""	"L9760"	
"1318.10149"	"1318.10137+"	"310"	"4.90e+06"	B	"92307.3786"	"99894.0485"	"4s2.4p5.(2P*<3/2>).5p"	"2[5/2]"	"2"	"4s2.4p5.(2P*<3/2>).6s"	"2[3/2]*"	"1"		"T5651"	"L4205c2"	
"1319.3726"	"1319.3714+"	"3"	""		"103801.7929"	"111381.160"	"4s2.4p5.(2P*<3/2>).5d"	"2[1/2]*"	"1"	"4s2.4p5.(2P*<1/2>).4f"	"2[5/2]"	"2"		""	"L9760"	
"1321.428"	"1321.4258+"	"6"	""		"97595.9153"	"105163.499"	"4s2.4p5.(2P*<1/2>).5p"	"2[3/2]"	"1"	"4s2.4p5.(2P*<3/2>).5d"	"2[5/2]*"	"2"		""	"L125"	
"1324.431"	"1324.431+"	"26"	"3.18e+06"	C+	"97595.9153"	"105146.33"	"4s2.4p5.(2P*<1/2>).5p"	"2[3/2]"	"1"	"4s2.4p5.(2P*<1/2>).6s"	"2[1/2]*"	"1"		"T5651"	"L125"	
"1330.794"	"1330.798+"	"5"	""		"99626.882"	"107141.171"	"4s2.4p5.(2P*<3/2>).6s"	"2[3/2]*"	"2"	"4s2.4p5.(2P*<3/2>).7p"	"2[5/2]"	"3"		""	"L7384"	
"1330.8672"	"1330.864+"	"2"	""		"99626.882"	"107140.800"	"4s2.4p5.(2P*<3/2>).6s"	"2[3/2]*"	"2"	"4s2.4p5.(2P*<3/2>).7p"	"2[5/2]"	"2"		""	"L9760"	
"1334.153"	"1334.145+"	"18"	"8.29e+06"	C+	"97595.9153"	"105091.35"	"4s2.4p5.(2P*<1/2>).5p"	"2[3/2]"	"1"	"4s2.4p5.(2P*<1/2>).6s"	"2[1/2]*"	"0"		"T5651"	"L125"	
"1362.61413"	"1362.6144+"	"130"	"4.97e+06"	C+	"92307.3786"	"99646.212"	"4s2.4p5.(2P*<3/2>).5p"	"2[5/2]"	"2"	"4s2.4p5.(2P*<3/2>).4d"	"2[3/2]*"	"1"		"T5651"	"L4205c2"	
"1363.79487"	"1363.7949+"	"250"	"1.03e+07"	B	"92294.4012"	"99626.882"	"4s2.4p5.(2P*<3/2>).5p"	"2[5/2]"	"3"	"4s2.4p5.(2P*<3/2>).6s"	"2[3/2]*"	"2"		"T5651"	"L4205c2"	
"1366.212"	"1366.2129+"	"37"	"1.43e+06"	B	"92307.3786"	"99626.882"	"4s2.4p5.(2P*<3/2>).5p"	"2[5/2]"	"2"	"4s2.4p5.(2P*<3/2>).6s"	"2[3/2]*"	"2"		"T5651"	"L125"	
"1371.477"	"1371.4788+"	"26"	""		"97595.9153"	"104887.315"	"4s2.4p5.(2P*<1/2>).5p"	"2[3/2]"	"1"	"4s2.4p5.(2P*<1/2>).4d"	"2[3/2]*"	"1"		""	"L125"	
"1374.26120"	"1374.2613+"	"51"	"3.10e+05"	B+	"85846.7046"	"93123.3409"	"4s2.4p5.(2P*<1/2>).5s"	"2[1/2]*"	"1"	"4s2.4p5.(2P*<3/2>).5p"	"2[3/2]"	"2"		"T7199"	"L4205c2"	
"1376.748"	"1376.7828+"	"6"	""		"97945.1664"	"105208.476"	"4s2.4p5.(2P*<1/2>).5p"	"2[3/2]"	"2"	"4s2.4p5.(2P*<3/2>).5d"	"2[5/2]*"	"3"		""	"L7384"	
"1380.380"	"1380.3857+"	"3"	""		"97919.1468"	"105163.499"	"4s2.4p5.(2P*<1/2>).5p"	"2[1/2]"	"1"	"4s2.4p5.(2P*<3/2>).5d"	"2[5/2]*"	"2"		""	"L7384"	
"1383.666"	"1383.665+"	"8"	"3.12e+06"	C+	"97919.1468"	"105146.33"	"4s2.4p5.(2P*<1/2>).5p"	"2[1/2]"	"1"	"4s2.4p5.(2P*<1/2>).6s"	"2[1/2]*"	"1"		"T5651"	"L125"	
"1388.665"	"1388.664+"	"27"	"1.06e+07"	C+	"97945.1664"	"105146.33"	"4s2.4p5.(2P*<1/2>).5p"	"2[3/2]"	"2"	"4s2.4p5.(2P*<1/2>).6s"	"2[1/2]*"	"1"		"T5651"	"L125"	
"1392.785"	"1392.765+"	"42"	""		"98867.429"	"106047.39"	"4s2.4p5.(2P*<3/2>).4d"	"2[5/2]*"	"2"	"4s2.4p5.(2P*<3/2>).4f"	"2[7/2]"	"3"		""	"L125"	
"1394.281"	"1394.272+"	"10"	"1.10e+07"	C+	"97919.1468"	"105091.35"	"4s2.4p5.(2P*<1/2>).5p"	"2[1/2]"	"1"	"4s2.4p5.(2P*<1/2>).6s"	"2[1/2]*"	"0"		"T5651"	"L125"	
"1397.788"	"1397.785+"	"14"	""		"98867.429"	"106021.607"	"4s2.4p5.(2P*<3/2>).4d"	"2[5/2]*"	"2"	"4s2.4p5.(2P*<3/2>).4f"	"2[5/2]"	"2"		""	"L125"	
""	"1404.9503+"	""	"1.06e+05"	B+	"85846.7046"	"92964.3943"	"4s2.4p5.(2P*<1/2>).5s"	"2[1/2]*"	"1"	"4s2.4p5.(2P*<3/2>).5p"	"2[3/2]"	"1"		"T7199"	"L8550"	
"1410.815"	"1410.8157+"	"7"	""		"97919.1468"	"105007.245"	"4s2.4p5.(2P*<1/2>).5p"	"2[1/2]"	"1"	"4s2.4p5.(2P*<3/2>).5d"	"2[3/2]*"	"2"		""	"L125"	
"1416.049"	"1416.0137+"	"15"	""		"97945.1664"	"105007.245"	"4s2.4p5.(2P*<1/2>).5p"	"2[3/2]"	"2"	"4s2.4p5.(2P*<3/2>).5d"	"2[3/2]*"	"2"		""	"L7384"	
"1434.517"	"1434.4501+"	"9"	""		"97945.1664"	"104916.4792"	"4s2.4p5.(2P*<1/2>).5p"	"2[3/2]"	"2"	"4s2.4p5.(2P*<3/2>).5d"	"2[7/2]*"	"3"		""	"L7384"	
"1435.140"	"1435.127+"	"51"	""		"99079.367"	"106047.39"	"4s2.4p5.(2P*<3/2>).4d"	"2[5/2]*"	"3"	"4s2.4p5.(2P*<3/2>).4f"	"2[7/2]"	"4"		""	"L125"	
"1440.622"	"1440.616+"	"12"	""		"99079.367"	"106020.843"	"4s2.4p5.(2P*<3/2>).4d"	"2[5/2]*"	"3"	"4s2.4p5.(2P*<3/2>).4f"	"2[5/2]"	"3"		""	"L125"	
"1443.07362"	"1443.0735+"	"350"	"9.30e+06"	B	"92964.3943"	"99894.0485"	"4s2.4p5.(2P*<3/2>).5p"	"2[3/2]"	"1"	"4s2.4p5.(2P*<3/2>).6s"	"2[3/2]*"	"1"		"T5651"	"L4205c2"	
"1447.281"	"1447.295+"	"6"	""		"99079.367"	"105988.81"	"4s2.4p5.(2P*<3/2>).4d"	"2[5/2]*"	"3"	"4s2.4p5.(2P*<3/2>).4f"	"2[9/2]"	"4"		""	"L125"	
"1452.16"	"1452.181+"	"5"	""		"99079.367"	"105965.562"	"4s2.4p5.(2P*<3/2>).4d"	"2[5/2]*"	"3"	"4s2.4p5.(2P*<3/2>).4f"	"2[3/2]"	"2"		""	"L4085"	
"1471.957"	"1472.0247+"	"2"	""		"98855.0698"	"105648.434"	"4s2.4p5.(2P*<1/2>).5p"	"2[1/2]"	"0"	"4s2.4p5.(2P*<3/2>).5d"	"2[3/2]*"	"1"		""	"L7384"	
"1473.84687"	"1473.8468+"	"100"	"2.81e+06"	B	"92294.4012"	"99079.367"	"4s2.4p5.(2P*<3/2>).5p"	"2[5/2]"	"3"	"4s2.4p5.(2P*<3/2>).4d"	"2[5/2]*"	"3"		"T5651"	"L4205c2"	
"1476.672"	"1476.6712+"	"26"	"7.00e+05"	B	"92307.3786"	"99079.367"	"4s2.4p5.(2P*<3/2>).5p"	"2[5/2]"	"2"	"4s2.4p5.(2P*<3/2>).4d"	"2[5/2]*"	"3"		"T5651"	"L125"	
"1476.952"	"1476.9505+"	"28"	"1.60e+06"	B+	"93123.3409"	"99894.0485"	"4s2.4p5.(2P*<3/2>).5p"	"2[3/2]"	"2"	"4s2.4p5.(2P*<3/2>).6s"	"2[3/2]*"	"1"		"T5651"	"L125"	
"1496.5980"	"1496.5987+"	"290"	"9.00e+05"	C+	"92964.3943"	"99646.212"	"4s2.4p5.(2P*<3/2>).5p"	"2[3/2]"	"1"	"4s2.4p5.(2P*<3/2>).4d"	"2[3/2]*"	"1"		"T5651"	"L9760"	
"1497.783"	"1497.8041+"	"8"	""		"97085.193"	"103761.6336"	"4s2.4p5.(2P*<3/2>).4d"	"2[1/2]*"	"1"	"4s2.4p5.(2P*<3/2>).6p"	"2[1/2]"	"0"		""	"L7384"	
"1500.944"	"1500.9409+"	"5"	"1.80e+05"	D+	"92964.3943"	"99626.882"	"4s2.4p5.(2P*<3/2>).5p"	"2[3/2]"	"1"	"4s2.4p5.(2P*<3/2>).6s"	"2[3/2]*"	"2"		"T5651"	"L125"	
"1521.370"	"1521.3689+"	"10"	"2.70e+05"	C+	"92294.4012"	"98867.429"	"4s2.4p5.(2P*<3/2>).5p"	"2[5/2]"	"3"	"4s2.4p5.(2P*<3/2>).4d"	"2[5/2]*"	"2"		"T5651"	"L125"	
"1524.37868"	"1524.3785+"	"160"	"3.96e+06"	C+	"92307.3786"	"98867.429"	"4s2.4p5.(2P*<3/2>).5p"	"2[5/2]"	"2"	"4s2.4p5.(2P*<3/2>).4d"	"2[5/2]*"	"2"		"T5651"	"L4205c2"	
"1527.01"	"1527.061+"	"3"	""		"105007.245"	"111555.77"	"4s2.4p5.(2P*<3/2>).5d"	"2[3/2]*"	"2"	"4s2.4p5.(2P*<3/2>).9f"	"2[5/2]"	"3"		""	"L4085"	
"1533.067"	"1533.0672+"	"12"	"3.50e+05"	C	"93123.3409"	"99646.212"	"4s2.4p5.(2P*<3/2>).5p"	"2[3/2]"	"2"	"4s2.4p5.(2P*<3/2>).4d"	"2[3/2]*"	"1"		"T5651"	"L125"	
"1533.91576"	"1533.9155+"	"200"	""		"91168.5150"	"97687.779"	"4s2.4p5.(2P*<3/2>).5p"	"2[1/2]"	"1"	"4s2.4p5.(2P*<3/2>).4d"	"2[3/2]*"	"2"		""	"L4205c2"	
"1537.6242"	"1537.6239+"	"725"	"1.47e+06"	B	"93123.3409"	"99626.882"	"4s2.4p5.(2P*<3/2>).5p"	"2[3/2]"	"2"	"4s2.4p5.(2P*<3/2>).6s"	"2[3/2]*"	"2"		"T5651"	"L9760"	
"1539.9179"	"1539.920+"	"6"	""		"104887.315"	"111381.160"	"4s2.4p5.(2P*<1/2>).4d"	"2[3/2]*"	"1"	"4s2.4p5.(2P*<1/2>).4f"	"2[5/2]"	"2"		""	"L9760"	
"1543.785"	"1543.7922+"	"4"	""		"97595.9153"	"104073.471"	"4s2.4p5.(2P*<1/2>).5p"	"2[3/2]"	"1"	"4s2.4p5.(2P*<3/2>).5d"	"2[1/2]*"	"0"		""	"L7384"	
"1547.5236"	"1547.532+"	"3*"	""		"104916.4792"	"111378.38"	"4s2.4p5.(2P*<3/2>).5d"	"2[7/2]*"	"3"	"4s2.4p5.(2P*<1/2>).4f"	"2[7/2]"	"3"		""	"L9760"	
"1547.5236"	"1547.65+"	"3*"	""		"104916.4792"	"111377.9"	"4s2.4p5.(2P*<3/2>).5d"	"2[7/2]*"	"3"	"4s2.4p5.(2P*<1/2>).4f"	"2[7/2]"	"4"		""	"L9760"	
"1547.8261"	"1547.8261+"	"150"	"8.1e+04"	B+	"85846.7046"	"92307.3786"	"4s2.4p5.(2P*<1/2>).5s"	"2[1/2]*"	"1"	"4s2.4p5.(2P*<3/2>).5p"	"2[5/2]"	"2"		"T7199"	"L9760"	
"1563.925"	"1563.976+"	"7"	""		"99626.882"	"106020.843"	"4s2.4p5.(2P*<3/2>).6s"	"2[3/2]*"	"2"	"4s2.4p5.(2P*<3/2>).4f"	"2[5/2]"	"3"		""	"L7384"	
"1568.528"	"1568.530+"	"24"	""		"99646.212"	"106021.607"	"4s2.4p5.(2P*<3/2>).4d"	"2[3/2]*"	"1"	"4s2.4p5.(2P*<3/2>).4f"	"2[5/2]"	"2"		""	"L125"	
"1569.107"	"1569.106+"	"4"	""		"105007.245"	"111380.299"	"4s2.4p5.(2P*<3/2>).5d"	"2[3/2]*"	"2"	"4s2.4p5.(2P*<1/2>).4f"	"2[5/2]"	"3"		""	"L9760"	
"1577.575"	"1577.616+"	"1"	""		"99626.882"	"105965.562"	"4s2.4p5.(2P*<3/2>).6s"	"2[3/2]*"	"2"	"4s2.4p5.(2P*<3/2>).4f"	"2[3/2]"	"2"		""	"L7384"	
"1582.4412"	"1582.441+"	"105"	""		"99646.212"	"105965.562"	"4s2.4p5.(2P*<3/2>).4d"	"2[3/2]*"	"1"	"4s2.4p5.(2P*<3/2>).4f"	"2[3/2]"	"2"		""	"L9760"	
"1582.718"	"1582.7108+"	"2*"	""		"103115.6343"	"109433.9079"	"4s2.4p5.(2P*<3/2>).6p"	"2[5/2]"	"3"	"4s2.4p5.(2P*<3/2>).7d"	"2[7/2]*"	"4"		""	"L125"	
"1582.718"	"1582.721+"	"2*"	""		"99646.212"	"105964.446"	"4s2.4p5.(2P*<3/2>).4d"	"2[3/2]*"	"1"	"4s2.4p5.(2P*<3/2>).4f"	"2[3/2]"	"1"		""	"L125"	
"1589.502"	"1589.51+"	"8"	""		"98855.0698"	"105146.33"	"4s2.4p5.(2P*<1/2>).5p"	"2[1/2]"	"0"	"4s2.4p5.(2P*<1/2>).6s"	"2[1/2]*"	"1"		""	"L125"	
"1593.013"	"1593.011+"	"4"	""		"97085.193"	"103362.6124"	"4s2.4p5.(2P*<3/2>).4d"	"2[1/2]*"	"1"	"4s2.4p5.(2P*<3/2>).6p"	"2[3/2]"	"2"		""	"L125"	
"1605.670"	"1605.580+"	"2"	""		"97085.193"	"103313.4726"	"4s2.4p5.(2P*<3/2>).4d"	"2[1/2]*"	"1"	"4s2.4p5.(2P*<3/2>).6p"	"2[3/2]"	"1"		""	"L7384"	
"1609.050"	"1609.04+"	"2"	""		"105163.499"	"111378.38"	"4s2.4p5.(2P*<3/2>).5d"	"2[5/2]*"	"2"	"4s2.4p5.(2P*<1/2>).4f"	"2[7/2]"	"3"		""	"L9760"	
"1611.373"	"1611.3756+"	"2"	""		"97595.9153"	"103801.7929"	"4s2.4p5.(2P*<1/2>).5p"	"2[3/2]"	"1"	"4s2.4p5.(2P*<3/2>).5d"	"2[1/2]*"	"1"		""	"L125"	
"1624.874"	"1624.874+"	"3"	""		"97919.1468"	"104073.471"	"4s2.4p5.(2P*<1/2>).5p"	"2[1/2]"	"1"	"4s2.4p5.(2P*<3/2>).5d"	"2[1/2]*"	"0"		""	"L9760"	
"1631.9715"	"1631.971+"	"50"	""		"99894.0485"	"106021.607"	"4s2.4p5.(2P*<3/2>).6s"	"2[3/2]*"	"1"	"4s2.4p5.(2P*<3/2>).4f"	"2[5/2]"	"2"		""	"L9760"	
"1635.139"	"1635.136+"	"2"	""		"96771.494"	"102887.1936"	"4s2.4p5.(2P*<3/2>).4d"	"2[1/2]*"	"0"	"4s2.4p5.(2P*<3/2>).6p"	"2[1/2]"	"1"		""	"L125"	
"1647.037"	"1647.036+"	"7"	""		"99894.0485"	"105965.562"	"4s2.4p5.(2P*<3/2>).6s"	"2[3/2]*"	"1"	"4s2.4p5.(2P*<3/2>).4f"	"2[3/2]"	"2"		""	"L125"	
"1656.740"	"1656.740+"	"2"	""		"97085.193"	"103121.1419"	"4s2.4p5.(2P*<3/2>).4d"	"2[1/2]*"	"1"	"4s2.4p5.(2P*<3/2>).6p"	"2[5/2]"	"2"		""	"L9760"	
"1657.758"	"1657.758+"	"9"	""		"98855.0698"	"104887.315"	"4s2.4p5.(2P*<1/2>).5p"	"2[1/2]"	"0"	"4s2.4p5.(2P*<1/2>).4d"	"2[3/2]*"	"1"		""	"L125"	
"1673.110"	"1673.1086+"	"77"	"1.26e+05"	B+	"85191.6166"	"91168.5150"	"4s2.4p5.(2P*<1/2>).5s"	"2[1/2]*"	"0"	"4s2.4p5.(2P*<3/2>).5p"	"2[1/2]"	"1"		"T7199"	"L125"	
"1678.97178"	"1678.972+"	"320"	"6.76e+06"	B	"93123.3409"	"99079.367"	"4s2.4p5.(2P*<3/2>).5p"	"2[3/2]"	"2"	"4s2.4p5.(2P*<3/2>).4d"	"2[5/2]*"	"3"		"T5651"	"L4205c2"	
"1685.81016"	"1685.810+"	"170"	"1.30e+06"	C+	"92294.4012"	"98226.268"	"4s2.4p5.(2P*<3/2>).5p"	"2[5/2]"	"3"	"4s2.4p5.(2P*<3/2>).4d"	"2[7/2]*"	"3"		"T5651"	"L4205c2"	
"1689.50674"	"1689.506+"	"340"	"7.68e+06"	C+	"92307.3786"	"98226.268"	"4s2.4p5.(2P*<3/2>).5p"	"2[5/2]"	"2"	"4s2.4p5.(2P*<3/2>).4d"	"2[7/2]*"	"3"		"T5651"	"L4205c2"	
"1690.13800"	"1690.138+"	"400"	""		"91168.5150"	"97085.193"	"4s2.4p5.(2P*<3/2>).5p"	"2[1/2]"	"1"	"4s2.4p5.(2P*<3/2>).4d"	"2[1/2]*"	"1"		""	"L4205c2"	
"1692.34"	"1692.38+"	"1*"	""		"105007.245"	"110916.07"	"4s2.4p5.(2P*<3/2>).5d"	"2[3/2]*"	"2"	"4s2.4p5.(2P*<3/2>).10p"	"2[3/2]"	"2"		""	"L4085"	
"1692.34"	"1692.4+"	"1*"	""		"106047.39"	"111956.0"	"4s2.4p5.(2P*<3/2>).4f"	"2[7/2]"	"3"	"4s2.4p5.(2P*<3/2>).12d"	"2[5/2]*"	"2"		""	"L4085"	
"1694.04393"	"1694.044+"	"280"	"5.77e+06"	C+	"92964.3943"	"98867.429"	"4s2.4p5.(2P*<3/2>).5p"	"2[3/2]"	"1"	"4s2.4p5.(2P*<3/2>).4d"	"2[5/2]*"	"2"		"T5651"	"L4205c2"	
"1699.913"	"1699.9153+"	"4"	""		"97919.1468"	"103801.7929"	"4s2.4p5.(2P*<1/2>).5p"	"2[1/2]"	"1"	"4s2.4p5.(2P*<3/2>).5d"	"2[1/2]*"	"1"		""	"L125"	
"1707.469"	"1707.4676+"	"5"	""		"97945.1664"	"103801.7929"	"4s2.4p5.(2P*<1/2>).5p"	"2[3/2]"	"2"	"4s2.4p5.(2P*<3/2>).5d"	"2[1/2]*"	"1"		""	"L125"	
"1710.34495"	"1710.345+"	"87"	""		"97595.9153"	"103442.690"	"4s2.4p5.(2P*<1/2>).5p"	"2[3/2]"	"1"	"4s2.4p5.(2P*<1/2>).4d"	"2[5/2]*"	"2"		""	"L4205c2"	
"1723.543"	"1723.543+"	"6"	""		"97085.193"	"102887.1936"	"4s2.4p5.(2P*<3/2>).4d"	"2[1/2]*"	"1"	"4s2.4p5.(2P*<3/2>).6p"	"2[1/2]"	"1"		""	"L125"	
"1737.23574"	"1737.235+"	"110"	""		"97945.1664"	"103701.439"	"4s2.4p5.(2P*<1/2>).5p"	"2[3/2]"	"2"	"4s2.4p5.(2P*<1/2>).4d"	"2[5/2]*"	"3"		""	"L4205c2"	
"1740.919"	"1740.920+"	"12"	""		"93123.3409"	"98867.429"	"4s2.4p5.(2P*<3/2>).5p"	"2[3/2]"	"2"	"4s2.4p5.(2P*<3/2>).4d"	"2[5/2]*"	"2"		""	"L125"	
"1762.165"	"1762.166+"	"35"	""		"97687.779"	"103362.6124"	"4s2.4p5.(2P*<3/2>).4d"	"2[3/2]*"	"2"	"4s2.4p5.(2P*<3/2>).6p"	"2[3/2]"	"2"		""	"L125"	
"1763.536"	"1763.537+"	"4"	""		"97595.9153"	"103266.339"	"4s2.4p5.(2P*<1/2>).5p"	"2[3/2]"	"1"	"4s2.4p5.(2P*<1/2>).4d"	"2[3/2]*"	"2"		""	"L125"	
"1777.557"	"1777.559+"	"5"	""		"97687.779"	"103313.4726"	"4s2.4p5.(2P*<3/2>).4d"	"2[3/2]*"	"2"	"4s2.4p5.(2P*<3/2>).6p"	"2[3/2]"	"1"		""	"L125"	
"1784.7617"	"1784.765+"	"950"	""		"91168.5150"	"96771.494"	"4s2.4p5.(2P*<3/2>).5p"	"2[1/2]"	"1"	"4s2.4p5.(2P*<3/2>).4d"	"2[1/2]*"	"0"		""	"L9760"	
"1800.71461"	"1800.715+"	"1200"	""		"94092.8626"	"99646.212"	"4s2.4p5.(2P*<3/2>).5p"	"2[1/2]"	"0"	"4s2.4p5.(2P*<3/2>).4d"	"2[3/2]*"	"1"		""	"L4205c2"	
"1810.438"	"1810.432+"	"72"	""		"97919.1468"	"103442.690"	"4s2.4p5.(2P*<1/2>).5p"	"2[1/2]"	"1"	"4s2.4p5.(2P*<1/2>).4d"	"2[5/2]*"	"2"		""	"L125"	
"1817.22883"	"1817.228+"	"940"	""		"92294.4012"	"97797.287"	"4s2.4p5.(2P*<3/2>).5p"	"2[5/2]"	"3"	"4s2.4p5.(2P*<3/2>).4d"	"2[7/2]*"	"4"		""	"L4205c2"	
"1819.004"	"1819.001+"	"180"	""		"97945.1664"	"103442.690"	"4s2.4p5.(2P*<1/2>).5p"	"2[3/2]"	"2"	"4s2.4p5.(2P*<1/2>).4d"	"2[5/2]*"	"2"		""	"L125"	
"1838.986"	"1838.9829+"	"2"	""		"102887.1936"	"108324.9822"	"4s2.4p5.(2P*<3/2>).6p"	"2[1/2]"	"1"	"4s2.4p5.(2P*<3/2>).8s"	"2[3/2]*"	"2"		""	"L9760"	
"1842.385"	"1842.348+"	"4"	""		"97687.779"	"103115.6343"	"4s2.4p5.(2P*<3/2>).4d"	"2[3/2]*"	"2"	"4s2.4p5.(2P*<3/2>).6p"	"2[5/2]"	"3"		""	"L7384"	
"1858.596"	"1858.598+"	"270"	""		"92307.3786"	"97687.779"	"4s2.4p5.(2P*<3/2>).5p"	"2[5/2]"	"2"	"4s2.4p5.(2P*<3/2>).4d"	"2[3/2]*"	"2"		""	"L125"	
"1870.1411"	"1870.140+"	"380"	""		"97919.1468"	"103266.339"	"4s2.4p5.(2P*<1/2>).5p"	"2[1/2]"	"1"	"4s2.4p5.(2P*<1/2>).4d"	"2[3/2]*"	"2"		""	"L9760"	
"1879.061"	"1879.0598+"	"180"	"7.40e+04"	B+	"85846.7046"	"91168.5150"	"4s2.4p5.(2P*<1/2>).5s"	"2[1/2]*"	"1"	"4s2.4p5.(2P*<3/2>).5p"	"2[1/2]"	"1"		"T7199"	"L125"	
"1879.286"	"1879.285+"	"10"	""		"97945.1664"	"103266.339"	"4s2.4p5.(2P*<1/2>).5p"	"2[3/2]"	"2"	"4s2.4p5.(2P*<1/2>).4d"	"2[3/2]*"	"2"		""	"L7384"	
"1880.284"	"1880.283+"	"360"	""		"97797.287"	"103115.6343"	"4s2.4p5.(2P*<3/2>).4d"	"2[7/2]*"	"4"	"4s2.4p5.(2P*<3/2>).6p"	"2[5/2]"	"3"		""	"L125"	
