obs_wl_vac(nm)	unc_obs_wl	ritz_wl_vac(nm)	intens	Aki(s^-1)	Acc	Ei(cm-1)	Ek(cm-1)	conf_i	term_i	J_i	conf_k	term_k	J_k	Type	tp_ref	line_ref	
"232.665"	""	"232.6592+"	"130*"	""		"12346.280"	"55327.60?"	"4d4.5s2"	"a 5D"	"4"	""	"98*"	"3"		""	"L3475"	
"232.665"	""	"232.66239+"	"130*"	""		"11858.498"	"54839.231"	"4d4.5s2"	"a 5D"	"3"	""	"94*"	"3"		""	"L3475"	
"233.118"	""	""	"240"	""		""	""	""	""	""	""	""	""		""	"L3475"	
"234.119"	""	"234.11240+"	"190"	""		"10768.332"	"53482.858"	"4d5.(6S).5s"	"a 5S"	"2"	""	"76*"	"1"		""	"L3475"	
"235.333"	""	"235.33315+"	"80"	""		"12346.280"	"54839.231"	"4d4.5s2"	"a 5D"	"4"	""	"94*"	"3"		""	"L3475"	
"235.594"	""	"235.59407+"	"80"	""		"11142.784"	"53588.674"	"4d4.5s2"	"a 5D"	"1"	""	"77*"	"2"		""	"L3475"	
"236.509"	""	"236.51019+"	"70"	""		"11454.362"	"53735.839"	"4d4.5s2"	"a 5D"	"2"	""	"81*"	"3"		""	"L3475"	
"237.299"	""	"237.30001+"	"140"	""		"11454.362"	"53595.110"	"4d4.5s2"	"a 5D"	"2"	""	"78*"	"3"		""	"L3475"	
"238.114"	""	"238.11451+"	"100"	""		"11858.498"	"53855.099"	"4d4.5s2"	"a 5D"	"3"	""	"83*"	"4"		""	"L3475"	
"238.425"	""	"238.42516+"	"150"	""		"11858.498"	"53800.380"	"4d4.5s2"	"a 5D"	"3"	""	"82*"	"4"		""	"L3475"	
"240.659"	""	"240.6638+"	"140"	""		"16641.081"	"58192.82"	"4d5.(4G).5s"	"a 5G"	"2"	""	"111*"	"3"		""	"L3475"	
"240.912"	""	"240.91266+"	"40"	""		"12346.280"	"53855.099"	"4d4.5s2"	"a 5D"	"4"	""	"83*"	"4"		""	"L3475"	
"241.606"	""	"241.60683+"	"70"	""		"12346.280"	"53735.839"	"4d4.5s2"	"a 5D"	"4"	""	"81*"	"3"		""	"L3475"	
"243.117"	""	"243.11664+"	"65"	""		"12346.280"	"53478.799"	"4d4.5s2"	"a 5D"	"4"	""	"75*"	"4"		""	"L3475"	
"247.2718"	""	"247.27179+"	"150h"	""		"10768.332"	"51209.662"	"4d5.(6S).5s"	"a 5S"	"2"	"4d4.5s.(4P).5p"	"w 5P*"	"3"		""	"L10250,L3475"	
"248.256"	""	"248.2543+"	"70h"	""		"10768.332"	"51049.60?"	"4d5.(6S).5s"	"a 5S"	"2"	"4d4.5s.(4D).5p"	"v 5P*"	"2"		""	"L3475"	
"248.606"	""	"248.59084+"	"40h,i"	""		"11858.498"	"52085.241"	"4d4.5s2"	"a 5D"	"3"	""	"51*"	"4"		""	"L3475"	
"254.1219"	""	"254.12209+"	"110h"	""		"11858.498"	"51209.662"	"4d4.5s2"	"a 5D"	"3"	"4d4.5s.(4P).5p"	"w 5P*"	"3"		""	"L10250,L3475"	
"254.8989"	""	"254.89888+"	"330"	"1.60e+07"	B	"10768.332"	"49999.575"	"4d5.(6S).5s"	"a 5S"	"2"	"4d4.5s.(4D).5p"	"v 5P*"	"3"		"T5293"	"L10250,L3475"	
"255.162"	""	"255.1600+"	"110h"	""		"11858.498"	"51049.60?"	"4d4.5s2"	"a 5D"	"3"	"4d4.5s.(4D).5p"	"v 5P*"	"2"		""	"L3475"	
"256.7818"	""	"256.78185+"	"250"	"5.9e+07"	B	"10768.332"	"49711.894"	"4d5.(6S).5s"	"a 5S"	"2"	"4d4.5s.(4P).5p"	"w 5P*"	"2"		"T5293"	"L10250,L3475"	
"257.3116"	""	"257.31163+"	"320"	""		"12346.280"	"51209.662"	"4d4.5s2"	"a 5D"	"4"	"4d4.5s.(4P).5p"	"w 5P*"	"3"		""	"L10250,L3475"	
"258.293"	""	"258.29291+"	"250"	""		"10768.332"	"49484.068"	"4d5.(6S).5s"	"a 5S"	"2"	"4d4.5s.(4P).5p"	"w 5P*"	"1"		""	"L3475"	
"259.618"	""	"259.61806+"	"100"	""		"10965.947"	"49484.068"	"4d4.5s2"	"a 5D"	"0"	"4d4.5s.(4P).5p"	"w 5P*"	"1"		""	"L3475"	
"260.815"	""	"260.81547+"	"250"	""		"11142.784"	"49484.068"	"4d4.5s2"	"a 5D"	"1"	"4d4.5s.(4P).5p"	"w 5P*"	"1"		""	"L3475"	
"261.1981"	""	"261.19814+"	"190"	"3.7e+07"	B	"12346.280"	"50631.392"	"4d4.5s2"	"a 5D"	"4"	"4d4.5s.(4G).5p"	"w 3G*"	"5"		"T5293"	"L10250,L3475"	
"261.3864"	""	"261.38644+"	"290"	"8.5e+07"	B	"11454.362"	"49711.894"	"4d4.5s2"	"a 5D"	"2"	"4d4.5s.(4P).5p"	"w 5P*"	"2"		"T5293"	"L10250,L3475"	
"261.617"	""	"261.61742+"	"130"	""		"10965.947"	"49189.701"	"4d4.5s2"	"a 5D"	"0"	"4d4.5s.(4G).5p"	"t 5F*"	"1"		""	"L3475"	
"261.7567"	""	"261.75672+"	"400"	"7.3e+07"	B	"11142.784"	"49346.196"	"4d4.5s2"	"a 5D"	"1"	"4d4.5s.(4G).5p"	"t 5F*"	"2"		"T5293"	"L10250,L3475"	
"262.1845"	""	"262.18452+"	"140"	"1.16e+07"	B	"11858.498"	"49999.575"	"4d4.5s2"	"a 5D"	"3"	"4d4.5s.(4D).5p"	"v 5P*"	"3"		"T5293"	"L10250,L3475"	
"262.833"	""	"262.83339+"	"320"	""		"11142.784"	"49189.701"	"4d4.5s2"	"a 5D"	"1"	"4d4.5s.(4G).5p"	"t 5F*"	"1"		""	"L3475"	
"262.952"	""	"262.95234+"	"160"	""		"11454.362"	"49484.068"	"4d4.5s2"	"a 5D"	"2"	"4d4.5s.(4P).5p"	"w 5P*"	"1"		""	"L3475"	
"262.9746"	""	"262.97462+"	"80"	"2.8e+07"	B	"11142.784"	"49169.268"	"4d4.5s2"	"a 5D"	"1"	""	"27*"	"1"		"T5293"	"L10250,L3475"	
"263.0633"	""	"263.06332+"	"440"	"7.7e+07"	B	"11454.362"	"49468.023"	"4d4.5s2"	"a 5D"	"2"	"4d4.5s.(4G).5p"	"t 5F*"	"3"		"T5293"	"L10250,L3475"	
"263.2287"	""	"263.22865+"	"65"	"2.54e+07"	B	"10965.947"	"48955.732"	"4d4.5s2"	"a 5D"	"0"	""	"26*"	"1"		"T5293"	"L10250,L3475"	
"263.9091"	""	"263.90911+"	"250"	"7.6e+07"	B	"11454.362"	"49346.196"	"4d4.5s2"	"a 5D"	"2"	"4d4.5s.(4G).5p"	"t 5F*"	"2"		"T5293"	"L10250,L3475"	
"264.1771"	""	"264.17709+"	"410"	"1.20e+08"	B	"11858.498"	"49711.894"	"4d4.5s2"	"a 5D"	"3"	"4d4.5s.(4P).5p"	"w 5P*"	"2"		"T5293"	"L10250,L3475"	
"264.5150"	""	"264.51497+"	"154"	"1.96e+07"	B	"11454.362"	"49259.406"	"4d4.5s2"	"a 5D"	"2"	""	"28*"	"3"		"T5293"	"L10250"	
"265.0247"	""	"265.02471+"	"640"	"9.8e+07"	B	"11858.498"	"49590.828"	"4d4.5s2"	"a 5D"	"3"	"4d4.5s.(4G).5p"	"t 5F*"	"4"		"T5293"	"L10250,L3475"	
"265.5810"	""	"265.58101+"	"560h"	"4.1e+07"	B	"12346.280"	"49999.575"	"4d4.5s2"	"a 5D"	"4"	"4d4.5s.(4D).5p"	"v 5P*"	"3"		"T5293"	"L10250,L3475"	
"265.8901"	""	"265.89009+"	"290"	"6.4e+07"	B	"11858.498"	"49468.023"	"4d4.5s2"	"a 5D"	"3"	"4d4.5s.(4G).5p"	"t 5F*"	"3"		"T5293"	"L10250,L3475"	
"266.5886"	""	"266.58863+"	"110"	"1.32e+07"	B	"11858.498"	"49369.475"	"4d4.5s2"	"a 5D"	"3"	""	"29*"	"4"		"T5293"	"L10250,L3475"	
"268.0650"	""	"268.06505+"	"1000"	"1.31e+08"	B+	"12346.280"	"49650.658"	"4d4.5s2"	"a 5D"	"4"	"4d4.5s.(4G).5p"	"t 5F*"	"5"		"T5293"	"L10250,L3475"	
"268.4957"	""	"268.49567+"	"389"	"4.2e+07"	B	"12346.280"	"49590.828"	"4d4.5s2"	"a 5D"	"4"	"4d4.5s.(4G).5p"	"t 5F*"	"4"		"T5293"	"L10250"	
"270.1827"	""	"270.18284+"	"140"	"6.9e+06"	B	"11858.498"	"48870.471"	"4d4.5s2"	"a 5D"	"3"	"4d4.5s.(4D).5p"	"v 5D*"	"4"		"T5293"	"L10250,L3475"	
"270.6916"	""	"270.69169+"	"95"	"2.03e+07"	B	"11142.784"	"48085.181"	"4d4.5s2"	"a 5D"	"1"	"4d4.5s.(4D).5p"	"v 3D*"	"2"		"T5293"	"L10250,L3475"	
"271.1542"	""	"271.15425+"	"65"	"1.57e+07"	B	"11142.784"	"48022.162"	"4d4.5s2"	"a 5D"	"1"	"4d4.5s.(4D).5p"	"u 5F*"	"1"		"T5293"	"L10250,L3475"	
"272.522"	""	"272.52206+"	"110"	""		"16784.522"	"53478.799"	"4d5.(4G).5s"	"a 5G"	"5"	""	"75*"	"4"		""	"L3475"	
"272.5953"	""	"272.59538+"	"180"	"2.8e+07"	B	"11142.784"	"47827.191"	"4d4.5s2"	"a 5D"	"1"	"4d4.5s.(4D).5p"	"u 5F*"	"2"		"T5293"	"L10250,L3475"	
"272.9513"	""	"272.95126+"	"80"	"1.26e+07"	B	"11142.784"	"47779.362"	"4d4.5s2"	"a 5D"	"1"	"4d4.5s.(4D).5p"	"v 3D*"	"1"		"T5293"	"L10250,L3475"	
"273.4196"	""	"273.41961+"	"250"	"2.95e+07"	B	"11454.362"	"48028.183"	"4d4.5s2"	"a 5D"	"2"	"4d4.5s.(4D).5p"	"u 5F*"	"3"		"T5293"	"L10250,L3475"	
"274.3876"	""	"274.38769+"	"240"	"4.3e+06"	C+	"11142.784"	"47587.567"	"4d4.5s2"	"a 5D"	"1"	""	"19*"	"2"		"T5293"	"L10250,L3475"	
"274.4524"	""	"274.45235+"	"95"	"2.47e+07"	B	"10965.947"	"47402.144"	"4d4.5s2"	"a 5D"	"0"	""	"17*"	"1"		"T5293"	"L10250,L3475"	
"274.6196"	""	"274.61966+"	"40"	"1.29e+07"	B	"16783.856"	"53197.855"	"4d5.(4G).5s"	"a 5G"	"6"	""	"70*"	"5"		"T5293"	"L10250,L3475"	
"275.2280"	""	"275.22801+"	"320"	"2.54e+07"	B	"11858.498"	"48192.009"	"4d4.5s2"	"a 5D"	"3"	"4d4.5s.(4D).5p"	"u 5F*"	"4"		"T5293"	"L10250,L3475"	
"275.7071"	""	"275.70709+"	"61"	"1.18e+07"	B	"10768.332"	"47038.709"	"4d5.(6S).5s"	"a 5S"	"2"	""	"10*"	"1"		"T5293"	"L10250"	
"276.2347"	""	"276.23470+"	"190"	"2.06e+07"	B	"12346.280"	"48547.380"	"4d4.5s2"	"a 5D"	"4"	"4d4.5s.(4D).5p"	"u 5F*"	"5"		"T5293"	"L10250,L3475"	
"276.3839"	""	"276.38397+"	"65"	"4.4e+07"	B	"11142.784"	"47324.332"	"4d4.5s2"	"a 5D"	"1"	""	"16*"	"0"		"T5293"	"L10250,L3475"	
"276.7066"	""	"276.70670+"	"110"	"1.17e+07"	B	"11142.784"	"47282.133"	"4d4.5s2"	"a 5D"	"1"	""	"15*"	"2"		"T5293"	"L10250,L3475"	
"277.856"	""	"277.85612+"	"130"	""		"11858.498"	"47848.348"	"4d4.5s2"	"a 5D"	"3"	""	"22*"	"3"		""	"L3475"	
"278.8652"	""	"278.86527+"	"180"	"2.86e+07"	B	"12346.280"	"48205.891"	"4d4.5s2"	"a 5D"	"4"	"4d4.5s.(4D).5p"	"v 3D*"	"3"		"T5293"	"L10250,L3475"	
"279.3786"	""	"279.37860+"	"80"	"1.53e+07"	B	"11454.362"	"47248.084"	"4d4.5s2"	"a 5D"	"2"	""	"14*"	"1"		"T5293"	"L10250,L3475"	
"279.8756"	""	"279.87560+"	"115"	"1.00e+07"	B	"11454.362"	"47184.522"	"4d4.5s2"	"a 5D"	"2"	"4d5.(2D).5p"	"w 3D*"	"3"		"T5293"	"L10250"	
"280.2294"	""	"280.22935+"	"220"	"1.24e+07"	B	"10768.332"	"46453.388"	"4d5.(6S).5s"	"a 5S"	"2"	"4d5.(4F).5p"	"v 5F*"	"3"		"T5293"	"L10250,L3475"	
"282.6508"	""	"282.65077+"	"50"	"2.5e+07"	B	"18356.491"	"53735.839"	"4d5.(4P).5s"	"a 5P"	"2"	""	"81*"	"3"		"T5293"	"L10250,L3475"	
"282.737"	""	"282.7373+"	"240"	""		"24823.482"	"60192.00"	"4d4.5s2"	"a 3H"	"6"	""	"119*"	"6"		""	"L3475"	
"282.7578"	""	"282.75779+"	"50"	"4.2e+07"	B	"18229.152"	"53595.110"	"4d5.(4P).5s"	"a 5P"	"3"	""	"78*"	"3"		"T5293"	"L10250,L3475"	
"284.523"	""	"284.5226+"	"220"	""		"24465.771"	"59612.36"	"4d4.5s2"	"a 3H"	"5"	""	"117*"	"5"		""	"L3475"	
"285.022"	""	"285.02258+"	"160"	""		"11454.362"	"46539.301"	"4d4.5s2"	"a 5D"	"2"	""	"5.1*"	"2"		""	"L3475"	
"286.515"	""	"286.5139+"	"160"	""		"24096.294"	"58998.62"	"4d4.5s2"	"a 3H"	"4"	""	"113*"	"5"		""	"L3475"	
"286.5496"	""	"286.54970+"	"140"	"9.9e+06"	B	"11858.498"	"46756.458"	"4d4.5s2"	"a 5D"	"3"	"4d5.(4F).5p"	"v 5F*"	"4"		"T5293"	"L10250,L3475"	
"287.7384"	""	"287.73844+"	"50"	"2.8e+07"	C+	"21153.884"	"55907.670"	"4d5.(4G).5s"	"a 3G"	"4"	""	"102*"	"4"		"T5293"	"L10250,L3475"	
"288.7449"	""	"288.74488+"	"85"	"4.7e+07"	B	"21343.204"	"55975.853"	"4d5.(4G).5s"	"a 3G"	"5"	""	"103*"	"5"		"T5293"	"L10250,L3475"	
"290.6117"	""	"290.61169+"	"160"	"1.06e+07"	B	"12346.280"	"46756.458"	"4d4.5s2"	"a 5D"	"4"	"4d5.(4F).5p"	"v 5F*"	"4"		"T5293"	"L10250,L3475"	
"290.6907"	""	"290.69079+"	"65"	"8.0e+07"	B	"20130.313"	"54531.128"	"4d5.(4D).5s"	"b 5D"	"1"	""	"90*"	"1"		"T5293"	"L10250,L3475"	
"291.4369"	""	"291.43695+"	"70"	"1.38e+07"	B	"10768.332"	"45081.071"	"4d5.(6S).5s"	"a 5S"	"2"	""	"3.7*"	"1"		"T5293"	"L10250,L3475"	
"291.6230"	""	"291.62302+"	"55"	"7.3e+07"	B	"20280.968"	"54571.814"	"4d5.(4D).5s"	"b 5D"	"2"	""	"91*"	"1"		"T5293"	"L10250,L3475"	
"291.9694"	""	"291.96944+"	"38"	"3.8e+07"	C+	"20280.968"	"54531.128"	"4d5.(4D).5s"	"b 5D"	"2"	""	"90*"	"1"		"T5293"	"L10250"	
"293.1251"	""	"293.12513+"	"140"	"1.91e+07"	B	"10965.947"	"45081.071"	"4d4.5s2"	"a 5D"	"0"	""	"3.7*"	"1"		"T5293"	"L10250"	
"293.7362"	""	"293.73618+"	"80"	"2.33e+07"	B	"21343.204"	"55387.359"	"4d5.(4G).5s"	"a 3G"	"5"	""	"100*"	"5"		"T5293"	"L10250,L3475"	
"293.852"	""	"293.86798+"	"120i"	""		"16641.081"	"50669.967"	"4d5.(4G).5s"	"a 5G"	"2"	""	"34*"	"3"		""	"L3475"	
"294.5074"	""	"294.50735+"	"140"	"5.7e+05"	B	"0.000"	"33955.010"	"4d5.(6S).5s"	"a 7S"	"3"	"4d4.5s.(6D).5p"	"y 5P*"	"3"		"T5293"	"L10250,L3475"	
"294.6286"	""	"294.62867+"	"80"	"3.7e+07"	B	"20947.940"	"54888.968"	"4d5.(4G).5s"	"a 3G"	"3"	""	"95*"	"3"		"T5293"	"L10250,L3475"	
"294.6525"	""	"294.65247+"	"140"	"4.1e+07"	B	"11142.784"	"45081.071"	"4d4.5s2"	"a 5D"	"1"	""	"3.7*"	"1"		"T5293"	"L10250,L3475"	
"294.6867"	""	"294.68676+"	"190"	"1.68e+07"	B	"11454.362"	"45388.700"	"4d4.5s2"	"a 5D"	"2"	""	"4*"	"2"		"T5293"	"L10250,L3475"	
"294.728"	""	"294.70523+"	"140i*"	""		"16692.905"	"50625.116"	"4d5.(4G).5s"	"a 5G"	"3"	""	"33*"	"4"		""	"L3475"	
"294.728"	""	"294.70314+"	"140i*"	""		"18356.491"	"52288.942"	"4d5.(4P).5s"	"a 5P"	"2"	""	"54.1*"	"2"		""	"L3475"	
"295.2308"	""	"295.23080+"	"38"	"1.43e+07"	B	"21153.884"	"55025.689"	"4d5.(4G).5s"	"a 3G"	"4"	""	"96*"	"4"		"T5293"	"L10250"	
"296.0341"	""	"296.03410+"	"80"	"1.75e+07"	B	"20157.802"	"53937.694"	"4d5.(4D).5s"	"b 5D"	"4"	""	"84*"	"5"		"T5293"	"L10250,L3475"	
"296.376"	""	""	"140"	""		""	""	""	""	""	""	""	""		""	"L3475"	
"297.3826"	""	"297.38265+"	"80"	"2.69e+07"	B	"11454.362"	"45081.071"	"4d4.5s2"	"a 5D"	"2"	""	"3.7*"	"1"		"T5293"	"L10250,L3475"	
"297.8137"	""	"297.81372+"	"50"	"3.3e+07"	B	"20157.802"	"53735.839"	"4d5.(4D).5s"	"b 5D"	"4"	""	"81*"	"3"		"T5293"	"L10250,L3475"	
"297.9149"	""	"297.91497+"	"180"	"1.50e+07"	B	"11858.498"	"45425.123"	"4d4.5s2"	"a 5D"	"3"	"4d4.5s.(4F).5p"	"w 5F*"	"2"		"T5293"	"L10250,L3475"	
"298.2386"	""	"298.23859+"	"120"	"1.11e+07"	B	"11858.498"	"45388.700"	"4d4.5s2"	"a 5D"	"3"	""	"4*"	"2"		"T5293"	"L10250,L3475"	
"298.3915"	""	"298.39157+"	"50"	"2.8e+07"	B	"19969.847"	"53482.858"	"4d5.(4D).5s"	"b 5D"	"0"	""	"76*"	"1"		"T5293"	"L10250,L3475"	
"298.8790"	""	"298.87896+"	"110"	"8.4e+07"	B	"20130.313"	"53588.674"	"4d5.(4D).5s"	"b 5D"	"1"	""	"77*"	"2"		"T5293"	"L10250,L3475"	
"298.9101"	""	"298.91013+"	"80"	"4.3e+07"	B	"20280.968"	"53735.839"	"4d5.(4D).5s"	"b 5D"	"2"	""	"81*"	"3"		"T5293"	"L10250,L3475"	
"298.9548"	""	"298.95480+"	"160"	"1.61e+07"	B	"20350.507"	"53800.380"	"4d5.(4D).5s"	"b 5D"	"3"	""	"82*"	"4"		"T5293"	"L10250,L3475"	
"299.0671"	""	"299.06714+"	"190"	"9.3e+07"	B	"20157.802"	"53595.110"	"4d5.(4D).5s"	"b 5D"	"4"	""	"78*"	"3"		"T5293"	"L10250,L3475"	
"300.1110"	""	"300.11107+"	"50"	"1.40e+07"	B	"20157.802"	"53478.799"	"4d5.(4D).5s"	"b 5D"	"4"	""	"75*"	"4"		"T5293"	"L10250,L3475"	
"300.1317"	""	"300.13166+"	"37"	"1.25e+07"	B	"18356.491"	"51675.202"	"4d5.(4P).5s"	"a 5P"	"2"	""	"44*"	"2"		"T5293"	"L10250"	
"300.1728"	""	"300.17282+"	"72"	"2.58e+07"	B	"20280.968"	"53595.110"	"4d5.(4D).5s"	"b 5D"	"2"	""	"78*"	"3"		"T5293"	"L10250"	
"300.2307"	""	"300.23082+"	"46"	"2.3e+07"	C+	"20280.968"	"53588.674"	"4d5.(4D).5s"	"b 5D"	"2"	""	"77*"	"2"		"T5293"	"L10250"	
"300.3090"	""	"300.30906+"	"190"	"6.5e+05"	B+	"0.000"	"33299.029"	"4d5.(6S).5s"	"a 7S"	"3"	"4d4.5s.(6D).5p"	"y 5P*"	"2"		"T5293"	"L10250,L3475"	
"300.8590"	""	"300.85895+"	"38"	"1.90e+07"	C+	"20350.507"	"53588.674"	"4d5.(4D).5s"	"b 5D"	"3"	""	"77*"	"2"		"T5293"	"L10250"	
"301.4267"	""	"301.42675+"	"130"	"6.1e+07"	B	"18229.152"	"51404.708"	"4d5.(4P).5s"	"a 5P"	"3"	""	"42*"	"2"		"T5293"	"L10250,L3475"	
"301.464"	""	"301.47252+"	"140h"	""		"16692.905"	"49863.424"	"4d5.(4G).5s"	"a 5G"	"3"	"4d4.5s.(4G).5p"	"w 3G*"	"4"		""	"L3475"	
"301.7658"	""	"301.76583+"	"80"	"2.75e+07"	B	"21153.884"	"54292.162"	"4d5.(4G).5s"	"a 3G"	"4"	""	"87*"	"4"		"T5293"	"L10250,L3475"	
"302.5882"	""	"302.58819+"	"250"	"8.5e+07"	B	"18356.491"	"51404.708"	"4d5.(4P).5s"	"a 5P"	"2"	""	"42*"	"2"		"T5293"	"L10250,L3475"	
"303.7195"	""	"303.71941+"	"100"	"5.8e+07"	B	"18479.582"	"51404.708"	"4d5.(4P).5s"	"a 5P"	"1"	""	"42*"	"2"		"T5293"	"L10250,L3475"	
"304.2584"	""	"304.25838+"	"300"	"5.9e+07"	B+	"16783.856"	"49650.658"	"4d5.(4G).5s"	"a 5G"	"6"	"4d4.5s.(4G).5p"	"t 5F*"	"5"		"T5293"	"L10250,L3475"	
"304.7688"	""	"304.76887+"	"150"	"1.63e+07"	B	"16783.856"	"49595.606"	"4d5.(4G).5s"	"a 5G"	"6"	""	"30*"	"5"		"T5293"	"L10250,L3475"	
"304.8194"	""	"304.81945+"	"210"	"5.0e+07"	B	"16784.522"	"49590.828"	"4d5.(4G).5s"	"a 5G"	"5"	"4d4.5s.(4G).5p"	"t 5F*"	"4"		"T5293"	"L10250,L3475"	
"305.6206"	""	"305.62064+"	"210"	"4.3e+07"	B	"16747.720"	"49468.023"	"4d5.(4G).5s"	"a 5G"	"4"	"4d4.5s.(4G).5p"	"t 5F*"	"3"		"T5293"	"L10250,L3475"	
"305.8445"	""	"305.84454+"	"90"	"2.64e+07"	B	"18229.152"	"50925.502"	"4d5.(4P).5s"	"a 5P"	"3"	""	"38*"	"2"		"T5293"	"L10250"	
"306.2478"	""	"306.24784+"	"160"	"4.4e+07"	B	"16692.905"	"49346.196"	"4d5.(4G).5s"	"a 5G"	"3"	"4d4.5s.(4G).5p"	"t 5F*"	"2"		"T5293"	"L10250,L3475"	
"306.5165"	""	"306.51647+"	"800"	"8.5e+07"	B+	"16783.856"	"49408.530"	"4d5.(4G).5s"	"a 5G"	"6"	"4d4.5s.(4G).5p"	"x 5G*"	"6"		"T5293"	"L10250,L3475"	
"306.5932"	""	"306.59318+"	"376"	"3.08e+07"	B+	"16783.856"	"49400.368"	"4d5.(4G).5s"	"a 5G"	"6"	"4d4.5s.(4H).5p"	"y 3I*"	"6"		"T5293"	"L10250"	
"306.889"	""	"306.89012+"	"100"	""		"16784.522"	"49369.475"	"4d5.(4G).5s"	"a 5G"	"5"	""	"29*"	"4"		""	"L3475"	
"307.0403"	""	"307.04033+"	"52"	"1.52e+07"	B	"18356.491"	"50925.502"	"4d5.(4P).5s"	"a 5P"	"2"	""	"38*"	"2"		"T5293"	"L10250"	
"307.0855"	""	"307.08557+"	"56"	"2.7e+07"	C+	"24465.771"	"57029.984"	"4d4.5s2"	"a 3H"	"5"	""	"107*"	"5"		"T5293"	"L10250"	
"307.1785"	""	"307.17856+"	"250"	"1.87e+07"	B+	"16747.720"	"49302.075"	"4d5.(4G).5s"	"a 5G"	"4"	"4d4.5s.(4G).5p"	"x 5G*"	"5"		"T5293"	"L10250,L3475"	
"307.5262"	""	"307.52622+"	"800"	"1.42e+08"	B+	"16784.522"	"49302.075"	"4d5.(4G).5s"	"a 5G"	"5"	"4d4.5s.(4G).5p"	"x 5G*"	"5"		"T5293"	"L10250,L3475"	
"308.0774"	""	"308.07739+"	"150"	"9.6e+07"	B	"23516.476"	"55975.853"	"4d4.5s2"	"a 3F"	"4"	""	"103*"	"5"		"T5293"	"L10250,L3475"	
"308.1299"	""	"308.12986+"	"210"	"3.6e+07"	B	"16692.905"	"49146.754"	"4d5.(4G).5s"	"a 5G"	"3"	"4d4.5s.(4G).5p"	"x 5G*"	"4"		"T5293"	"L10250,L3475"	
"308.2052"	""	"308.20516+"	"40"	"2.35e+07"	B	"18479.582"	"50925.502"	"4d5.(4P).5s"	"a 5P"	"1"	""	"38*"	"2"		"T5293"	"L10250,L3475"	
"308.6512"	""	"308.65118+"	"800"	"1.63e+08"	B	"16747.720"	"49146.754"	"4d5.(4G).5s"	"a 5G"	"4"	"4d4.5s.(4G).5p"	"x 5G*"	"4"		"T5293"	"L10250,L3475"	
"309.0022"	""	"309.00217+"	"100"	"1.53e+07"	B	"16784.522"	"49146.754"	"4d5.(4G).5s"	"a 5G"	"5"	"4d4.5s.(4G).5p"	"x 5G*"	"4"		"T5293"	"L10250,L3475"	
"309.0603"	""	"309.06028+"	"100"	"2.34e+07"	B	"16641.081"	"48997.228"	"4d5.(4G).5s"	"a 5G"	"2"	"4d4.5s.(4G).5p"	"x 5G*"	"3"		"T5293"	"L10250,L3475"	
"309.5560"	""	"309.55609+"	"560"	"1.63e+08"	B	"16692.905"	"48997.228"	"4d5.(4G).5s"	"a 5G"	"3"	"4d4.5s.(4G).5p"	"x 5G*"	"3"		"T5293"	"L10250,L3475"	
"310.0823"	""	"310.08225+"	"110"	"1.45e+07"	B	"16747.720"	"48997.228"	"4d5.(4G).5s"	"a 5G"	"4"	"4d4.5s.(4G).5p"	"x 5G*"	"3"		"T5293"	"L10250,L3475"	
"310.1776"	""	"310.17763+"	"110"	"1.20e+08"	B	"23668.079"	"55907.670"	"4d4.5s2"	"a 3F"	"3"	""	"102*"	"4"		"T5293"	"L10250,L3475"	
"310.2244"	""	"310.22439+"	"560"	"1.92e+08"	B	"16641.081"	"48875.813"	"4d5.(4G).5s"	"a 5G"	"2"	"4d4.5s.(4G).5p"	"x 5G*"	"2"		"T5293"	"L10250,L3475"	
"310.7239"	""	"310.72394+"	"55"	"2.21e+07"	B	"16692.905"	"48875.813"	"4d5.(4G).5s"	"a 5G"	"3"	"4d4.5s.(4G).5p"	"x 5G*"	"2"		"T5293"	"L10250,L3475"	
"311.3022"	""	"311.30219+"	"1400*"	"6.36e+06"	A	"0.000"	"32123.128"	"4d5.(6S).5s"	"a 7S"	"3"	"4d4.5s.(6D).5p"	"z 7D*"	"4"		"T5293"	"L10250,L3475"	
"311.302"	""	"311.30139+"	"1400*"	""		"20350.507"	"52473.717"	"4d5.(4D).5s"	"b 5D"	"3"	""	"59.1*"	"3"		""	"L3475"	
"311.8446"	""	"311.84466+"	"55"	"1.89e+07"	B	"24823.482"	"56890.730"	"4d4.5s2"	"a 3H"	"6"	""	"105*"	"6"		"T5293"	"L10250,L3475"	
"312.3940"	""	"312.39405+"	"37"	"2.8e+07"	B	"20930.425"	"52941.278"	"4d5.(4D).5s"	"a 3D"	"1"	""	"65*"	"1"		"T5293"	"L10250"	
"312.5935"	""	"312.59353+"	"26"	"1.98e+07"	B	"20950.853"	"52941.278"	"4d5.(4D).5s"	"a 3D"	"2"	""	"65*"	"1"		"T5293"	"L10250"	
"313.3502"	""	"313.35025+"	"14000"	"1.79e+08"	B+	"0.000"	"31913.171"	"4d5.(6S).5s"	"a 7S"	"3"	"4d4.5s.(6D).5p"	"y 7P*"	"4"		"T5293"	"L10250,L3475"	
"313.6806"	""	"313.68063+"	"55"	"3.7e+07"	B	"24096.294"	"55975.853"	"4d4.5s2"	"a 3H"	"4"	""	"103*"	"5"		"T5293"	"L10250,L3475"	
"313.7660"	""	"313.76602+"	"50"	"1.57e+07"	B	"23516.476"	"55387.359"	"4d4.5s2"	"a 3F"	"4"	""	"100*"	"5"		"T5293"	"L10250,L3475"	
"314.3659"	""	"314.36599+"	"93"	"4.1e+07"	B	"20930.425"	"52740.482"	"4d5.(4D).5s"	"a 3D"	"1"	""	"62*"	"2"		"T5293"	"L10250"	
"314.8265"	""	"314.82653+"	"220"	"2.41e+07"	B	"16783.856"	"48547.380"	"4d5.(4G).5s"	"a 5G"	"6"	"4d4.5s.(4D).5p"	"u 5F*"	"5"		"T5293"	"L10250,L3475"	
"315.6104"	""	"315.61035+"	"50"	"2.75e+07"	B	"23668.079"	"55352.718"	"4d4.5s2"	"a 3F"	"3"	""	"99*"	"3"		"T5293"	"L10250"	
"315.9080"	""	"315.90800+"	"6000"	"4.63e+07"	B+	"0.000"	"31654.786"	"4d5.(6S).5s"	"a 7S"	"3"	"4d4.5s.(6D).5p"	"z 7D*"	"3"		"T5293"	"L10250,L3475"	
"316.5448"	""	"316.54482+"	"120"	"1.0e+07"	B	"11454.362"	"43045.465"	"4d4.5s2"	"a 5D"	"2"	"4d5.(4D).5p"	"x 5F*"	"2"		"T5293"	"L10250,L3475"	
"317.1260"	""	"317.12602+"	"8700"	"1.37e+08"	B+	"0.000"	"31533.206"	"4d5.(6S).5s"	"a 7S"	"3"	"4d4.5s.(6D).5p"	"y 7P*"	"3"		"T5293"	"L10250,L3475"	
"317.2301"	""	"317.23006+"	"55"	"2.03e+07"	B	"20950.853"	"52473.717"	"4d5.(4D).5s"	"a 3D"	"2"	""	"59.1*"	"3"		"T5293"	"L10250,L3475"	
"317.6510"	""	"317.65094+"	"167"	"8.4e+07"	B	"25548.887"	"57029.984"	"4d5.(2I).5s"	"a 3I"	"6"	""	"107*"	"5"		"T5293"	"L10250"	
"318.0702"	""	"318.07018+"	"95"	"2.33e+07"	B	"21343.204"	"52782.806"	"4d5.(4G).5s"	"a 3G"	"5"	""	"63.1*"	"6"		"T5293"	"L10250,L3475"	
"318.3954"	""	"318.39542+"	"370"	"4.0e+07"	B	"16784.522"	"48192.009"	"4d5.(4G).5s"	"a 5G"	"5"	"4d4.5s.(4D).5p"	"u 5F*"	"4"		"T5293"	"L10250,L3475"	
"318.5497"	""	"318.54970+"	"120"	"2.77e+07"	B	"16692.905"	"48085.181"	"4d5.(4G).5s"	"a 5G"	"3"	"4d4.5s.(4D).5p"	"v 3D*"	"2"		"T5293"	"L10250,L3475"	
"318.602"	""	"318.60221+"	"370*"	""		"16641.081"	"48028.183"	"4d5.(4G).5s"	"a 5G"	"2"	"4d4.5s.(4D).5p"	"u 5F*"	"3"		""	"L3475"	
"318.6025"	""	"318.60254+"	"370*"	"2.54e+07"	B	"11858.498"	"43245.567"	"4d4.5s2"	"a 5D"	"3"	"4d5.(4D).5p"	"x 5F*"	"3"		"T5293"	"L10250,L3475"	
"318.6633"	""	"318.66334+"	"180"	"6.1e+07"	B	"16641.081"	"48022.162"	"4d5.(4G).5s"	"a 5G"	"2"	"4d4.5s.(4D).5p"	"u 5F*"	"1"		"T5293"	"L10250,L3475"	
"318.9018"	""	"318.90186+"	"65"	"3.5e+07"	B	"23668.079"	"55025.689"	"4d4.5s2"	"a 3F"	"3"	""	"96*"	"4"		"T5293"	"L10250,L3475"	
"318.9329"	""	"318.93287+"	"65"	"4.4e+07"	B	"23534.407"	"54888.968"	"4d4.5s2"	"a 3F"	"2"	""	"95*"	"3"		"T5293"	"L10250,L3475"	
"319.3715"	""	"319.37147+"	"95"	"1.88e+07"	B+	"21153.884"	"52465.385"	"4d5.(4G).5s"	"a 3G"	"4"	""	"59*"	"5"		"T5293"	"L10250,L3475"	
"319.4901"	""	"319.49008+"	"7600"	"1.53e+08"	B+	"0.000"	"31299.876"	"4d5.(6S).5s"	"a 7S"	"3"	"4d4.5s.(6D).5p"	"y 7P*"	"2"		"T5293"	"L10250,L3475"	
"319.5801"	""	"319.58005+"	"65"	"1.75e+07"	B	"24096.294"	"55387.359"	"4d4.5s2"	"a 3H"	"4"	""	"100*"	"5"		"T5293"	"L10250,L3475"	
"319.6884"	""	"319.68836+"	"290"	"4.1e+07"	B	"16747.720"	"48028.183"	"4d5.(4G).5s"	"a 5G"	"4"	"4d4.5s.(4D).5p"	"u 5F*"	"3"		"T5293"	"L10250,L3475"	
"319.8106"	""	"319.81068+"	"24"	"1.47e+07"	B	"20607.435"	"51875.934"	"4d4.5s2"	"a 3P"	"0"	""	"48*"	"1"		"T5293"	"L10250"	
"319.977"	""	"319.97757+"	"120*"	""		"12346.280"	"43598.471"	"4d4.5s2"	"a 5D"	"4"	"4d4.5s.(4H).5p"	"z 5I*"	"4"		""	"L3475"	
"319.9779"	""	"319.97785+"	"120*"	"7.2e+07"	B	"25638.567"	"56890.730"	"4d5.(2I).5s"	"a 3I"	"7"	""	"105*"	"6"		"T5293"	"L10250,L3475"	
"320.1812"	""	"320.18123+"	"65"	"1.82e+07"	B	"18479.582"	"49711.894"	"4d5.(4P).5s"	"a 5P"	"1"	"4d4.5s.(4P).5p"	"w 5P*"	"2"		"T5293"	"L10250,L3475"	
"320.6142"	""	"320.61423+"	"330"	"4.3e+07"	B	"10965.947"	"42156.079"	"4d4.5s2"	"a 5D"	"0"	"4d5.(4D).5p"	"w 5D*"	"1"		"T5293"	"L10250,L3475"	
"320.6360"	""	"320.63605+"	"82"	"2.55e+07"	B	"23516.476"	"54704.485"	"4d4.5s2"	"a 3F"	"4"	""	"92*"	"5"		"T5293"	"L10250"	
"320.6813"	""	"320.68134+"	"880"	"5.3e+07"	B	"12346.280"	"43529.884"	"4d4.5s2"	"a 5D"	"4"	"4d5.(4D).5p"	"x 5F*"	"4"		"T5293"	"L10250,L3475"	
"320.9765"	""	"320.97644+"	"3000"	"2.77e+07"	A	"0.000"	"31154.935"	"4d5.(6S).5s"	"a 7S"	"3"	"4d4.5s.(6D).5p"	"z 7D*"	"2"		"T5293"	"L10250,L3475"	
"321.1894"	""	"321.18932+"	"240"	"6.9e+07"	B	"16692.905"	"47827.191"	"4d5.(4G).5s"	"a 5G"	"3"	"4d4.5s.(4D).5p"	"u 5F*"	"2"		"T5293"	"L10250,L3475"	
"321.5370"	""	"321.53692+"	"120"	"2.00e+07"	B	"16747.720"	"47848.348"	"4d5.(4G).5s"	"a 5G"	"4"	""	"22*"	"3"		"T5293"	"L10250,L3475"	
"321.6000"	""	"321.59997+"	"560"	"4.2e+07"	B	"11142.784"	"42237.314"	"4d4.5s2"	"a 5D"	"1"	"4d5.(4D).5p"	"w 5D*"	"2"		"T5293"	"L10250,L3475"	
"321.7706"	""	"321.77066+"	"52"	"2.10e+07"	B	"25638.567"	"56716.603"	"4d5.(2I).5s"	"a 3I"	"7"	"4d5.(2H).5p"	"z 1I*"	"6"		"T5293"	"L10250"	
"322.2664"	""	"322.26645+"	"350*"	"1.41e+08"	B	"11142.784"	"42173.008"	"4d4.5s2"	"a 5D"	"1"	"4d5.(4D).5p"	"w 5D*"	"0"		"T5293"	"L10250,L3475"	
"322.267"	""	"322.26613+"	"350*"	""		"18229.152"	"49259.406"	"4d5.(4P).5s"	"a 5P"	"3"	""	"28*"	"3"		""	"L3475"	
"322.9144"	""	"322.91438+"	"880"	"3.9e+07"	B	"11454.362"	"42422.323"	"4d4.5s2"	"a 5D"	"2"	"4d5.(4D).5p"	"w 5D*"	"3"		"T5293"	"L10250,L3475"	
"323.0727"	""	"323.07277+"	"600"	"1.44e+07"	B+	"12346.280"	"43299.059"	"4d4.5s2"	"a 5D"	"4"	"4d5.(4D).5p"	"x 5F*"	"5"		"T5293"	"L10250,L3475"	
"323.4074"	""	"323.40739+"	"1100"	"6.3e+07"	B+	"16783.856"	"47704.609"	"4d5.(4G).5s"	"a 5G"	"6"	"4d4.5s.(4F).5p"	"y 5G*"	"6"		"T5293"	"L10250,L3475"	
"323.7994"	""	"323.79953+"	"950"	"2.95e+07"	B	"11858.498"	"42741.804"	"4d4.5s2"	"a 5D"	"3"	"4d5.(4D).5p"	"w 5D*"	"4"		"T5293"	"L10250,L3475"	
"324.5407"	""	"324.54069+"	"50"	"2.80e+07"	B	"18356.491"	"49169.268"	"4d5.(4P).5s"	"a 5P"	"2"	""	"27*"	"1"		"T5293"	"L10250,L3475"	
"324.8551"	""	"324.85513+"	"344"	"1.71e+07"	B	"11454.362"	"42237.314"	"4d4.5s2"	"a 5D"	"2"	"4d5.(4D).5p"	"w 5D*"	"2"		"T5293"	"L10250"	
"325.0862"	""	"325.08629+"	"65"	"1.87e+07"	B	"16641.081"	"47402.144"	"4d5.(4G).5s"	"a 5G"	"2"	""	"17*"	"1"		"T5293"	"L10250,L3475"	
"325.2585"	""	"325.25850+"	"84"	"3.05e+07"	B	"20930.425"	"51675.202"	"4d5.(4D).5s"	"a 3D"	"1"	""	"44*"	"2"		"T5293"	"L10250"	
"325.7146"	""	"325.71468+"	"950"	"6.9e+07"	B	"11454.362"	"42156.079"	"4d4.5s2"	"a 5D"	"2"	"4d5.(4D).5p"	"w 5D*"	"1"		"T5293"	"L10250,L3475"	
"325.7657"	""	"325.76576+"	"16"	"1.31e+07"	C+	"22244.375"	"52941.278"	"4d4.5s2"	"a 3P"	"1"	""	"65*"	"1"		"T5293"	"L10250"	
"326.0096"	""	"326.00969+"	"110"	"1.62e+07"	B+	"24465.771"	"55139.706"	"4d4.5s2"	"a 3H"	"5"	""	"97*"	"6"		"T5293"	"L10250,L3475"	
"326.3567"	""	"326.35671+"	"300"	"3.6e+07"	B	"18229.152"	"48870.471"	"4d5.(4P).5s"	"a 5P"	"3"	"4d4.5s.(4D).5p"	"v 5D*"	"4"		"T5293"	"L10250,L3475"	
"326.5342"	""	"326.53423+"	"480"	"5.4e+07"	B	"16784.522"	"47409.183"	"4d5.(4G).5s"	"a 5G"	"5"	""	"17.1*"	"4"		"T5293"	"L10250,L3475"	
"326.6083"	""	"326.60838+"	"130"	"2.60e+07"	B	"20950.853"	"51568.561"	"4d5.(4D).5s"	"a 3D"	"2"	""	"42.1*"	"3"		"T5293"	"L10250,L3475"	
"326.7099"	""	"326.70993+"	"62"	"1.95e+07"	B	"24096.294"	"54704.485"	"4d4.5s2"	"a 3H"	"4"	""	"92*"	"5"		"T5293"	"L10250"	
"327.1842"	""	"327.18418+"	"800"	"3.6e+07"	B	"11858.498"	"42422.323"	"4d4.5s2"	"a 5D"	"3"	"4d5.(4D).5p"	"w 5D*"	"3"		"T5293"	"L10250,L3475"	
"327.7016"	""	"327.70165+"	"56"	"1.18e+07"	B	"21343.204"	"51858.766"	"4d5.(4G).5s"	"a 3G"	"5"	""	"47*"	"4"		"T5293"	"L10250"	
"328.5972"	""	"328.59723+"	"240"	"1.41e+07"	B	"10965.947"	"41398.340"	"4d4.5s2"	"a 5D"	"0"	""	"3*"	"1"		"T5293"	"L10250,L3475"	
"328.6259"	""	"328.62600+"	"10"	"3.6e+06"	B	"22875.942"	"53305.671"	"4d4.5s2"	"a 3P"	"2"	""	"73*"	"3"		"T5293"	"L10250"	
"328.6301"	""	"328.63019+"	"441"	"4.5e+07"	B	"16747.720"	"47177.061"	"4d5.(4G).5s"	"a 5G"	"4"	""	"13*"	"3"		"T5293"	"L10250"	
"328.8329"	""	"328.83296+"	"99"	"1.38e+07"	B	"16641.081"	"47051.658"	"4d5.(4G).5s"	"a 5G"	"2"	""	"11*"	"2"		"T5293"	"L10250"	
"328.8372"	""	"328.83725+"	"25"	"4.2e+06"	B	"21343.204"	"51753.384"	"4d5.(4G).5s"	"a 3G"	"5"	"4d4.5s.(4H).5p"	"w 3H*"	"5"		"T5293"	"L10250"	
"328.9958"	""	"328.99581+"	"1100*"	"5.1e+07"	B	"12346.280"	"42741.804"	"4d4.5s2"	"a 5D"	"4"	"4d5.(4D).5p"	"w 5D*"	"4"		"T5293"	"L10250,L3475"	
"328.997"	""	"328.99633+"	"1100*"	""		"11454.362"	"41849.838"	"4d4.5s2"	"a 5D"	"2"	"4d5.(4G).5p"	"y 3F*"	"3"		""	"L3475"	
"329.1767"	""	"329.17675+"	"950"	"5.4e+07"	B	"11858.498"	"42237.314"	"4d4.5s2"	"a 5D"	"3"	"4d5.(4D).5p"	"w 5D*"	"2"		"T5293"	"L10250,L3475"	
"330.6514"	""	"330.65140+"	"320"	"1.74e+07"	B+	"10768.332"	"41011.664"	"4d5.(6S).5s"	"a 5S"	"2"	"4d5.(4G).5p"	"y 5F*"	"1"		"T5293"	"L10250,L3475"	
"330.6863"	""	"330.68634+"	"130"	"3.06e+07"	B	"21618.630"	"51858.766"	"4d5.(4D).5s"	"a 3D"	"3"	""	"47*"	"4"		"T5293"	"L10250,L3475"	
"330.8077"	""	"330.80778+"	"320"	"1.25e+07"	B+	"11858.498"	"42087.533"	"4d4.5s2"	"a 5D"	"3"	"4d5.(4G).5p"	"y 3F*"	"4"		"T5293"	"L10250,L3475"	
"331.3287"	""	"331.32872+"	"95"	"1.62e+07"	B	"16692.905"	"46874.412"	"4d5.(4G).5s"	"a 5G"	"3"	"4d5.(2D).5p"	"w 3F*"	"2"		"T5293"	"L10250,L3475"	
"332.4857"	""	"332.48574+"	"65"	"4.0e+06"	B	"16784.522"	"46861.000"	"4d5.(4G).5s"	"a 5G"	"5"	"4d5.(2I).5p"	"z 3I*"	"5"		"T5293"	"L10250"	
"332.4905"	""	"332.49055+"	"745"	"2.82e+07"	B	"12346.280"	"42422.323"	"4d4.5s2"	"a 5D"	"4"	"4d5.(4D).5p"	"w 5D*"	"3"		"T5293"	"L10250"	
"332.6090"	""	"332.60896+"	"28"	"2.26e+07"	B	"22875.942"	"52941.278"	"4d4.5s2"	"a 3P"	"2"	""	"65*"	"1"		"T5293"	"L10250"	
"332.6630"	""	"332.66303+"	"360"	"1.72e+07"	B+	"10768.332"	"40828.781"	"4d5.(6S).5s"	"a 5S"	"2"	"4d5.(4P).5p"	"x 5D*"	"2"		"T5293"	"L10250,L3475"	
"332.8261"	""	"332.82614+"	"360"	"2.88e+07"	B+	"10965.947"	"41011.664"	"4d4.5s2"	"a 5D"	"0"	"4d5.(4G).5p"	"y 5F*"	"1"		"T5293"	"L10250,L3475"	
"333.7525"	""	"333.75249+"	"130"	"1.64e+07"	B	"23516.476"	"53478.799"	"4d4.5s2"	"a 3F"	"4"	""	"75*"	"4"		"T5293"	"L10250,L3475"	
"334.1123"	""	"334.11237+"	"240"	"1.20e+07"	B+	"10768.332"	"40698.382"	"4d5.(6S).5s"	"a 5S"	"2"	"4d5.(4P).5p"	"x 5D*"	"1"		"T5293"	"L10250,L3475"	
"334.5692"	""	"334.56912+"	"1300"	"6.04e+07"	B+	"11142.784"	"41031.974"	"4d4.5s2"	"a 5D"	"1"	"4d5.(4G).5p"	"y 5F*"	"2"		"T5293"	"L10250,L3475"	
"334.7790"	""	"334.77905+"	"30"	"1.13e+07"	B	"25516.912"	"55387.359"	"4d5.(2I).5s"	"a 3I"	"5"	""	"100*"	"5"		"T5293"	"L10250"	
"334.7966"	""	"334.79662+"	"320"	"2.72e+07"	B+	"11142.784"	"41011.664"	"4d4.5s2"	"a 5D"	"1"	"4d5.(4G).5p"	"y 5F*"	"1"		"T5293"	"L10250,L3475"	
"335.9083"	""	"335.90836+"	"1600"	"7.59e+07"	A	"11454.362"	"41224.386"	"4d4.5s2"	"a 5D"	"2"	"4d5.(4G).5p"	"y 5F*"	"3"		"T5293"	"L10250,L3475"	
"336.2332"	""	"336.23331+"	"250"	"1.38e+07"	B+	"12346.280"	"42087.533"	"4d4.5s2"	"a 5D"	"4"	"4d5.(4G).5p"	"y 3F*"	"4"		"T5293"	"L10250,L3475"	
"336.4743"	""	"336.47438+"	"950"	"2.74e+07"	B+	"10768.332"	"40488.277"	"4d5.(6S).5s"	"a 5S"	"2"	"4d5.(4P).5p"	"x 5D*"	"3"		"T5293"	"L10250,L3475"	
"336.4837"	""	"336.48379+"	"64"	"1.39e+07"	B	"20950.853"	"50669.967"	"4d5.(4D).5s"	"a 3D"	"2"	""	"34*"	"3"		"T5293"	"L10250"	
"337.4780"	""	"337.47802+"	"31"	"2.03e+07"	B	"22244.375"	"51875.934"	"4d4.5s2"	"a 3P"	"1"	""	"48*"	"1"		"T5293"	"L10250"	
"337.6188"	""	"337.61889+"	"65"	"1.38e+07"	B	"18229.152"	"47848.348"	"4d5.(4P).5s"	"a 5P"	"3"	""	"22*"	"3"		"T5293"	"L10250,L3475"	
"337.6614"	""	"337.66144+"	"65"	"1.57e+07"	B	"21618.630"	"51234.093"	"4d5.(4D).5s"	"a 3D"	"3"	""	"41*"	"4"		"T5293"	"L10250,L3475"	
"337.9162"	""	"337.91622+"	"130"	"1.88e+07"	B	"11142.784"	"40735.918"	"4d4.5s2"	"a 5D"	"1"	"4d5.(4P).5p"	"x 5D*"	"0"		"T5293"	"L10250,L3475"	
"337.9426"	""	"337.94266+"	"130"	"3.75e+07"	B+	"25548.887"	"55139.706"	"4d5.(2I).5s"	"a 3I"	"6"	""	"97*"	"6"		"T5293"	"L10250,L3475"	
"338.0935"	""	"338.09356+"	"950"	"4.11e+07"	B+	"11454.362"	"41031.974"	"4d4.5s2"	"a 5D"	"2"	"4d5.(4G).5p"	"y 5F*"	"2"		"T5293"	"L10250,L3475"	
"338.3453"	""	"338.34538+"	"320"	"2.66e+07"	B+	"11142.784"	"40698.382"	"4d4.5s2"	"a 5D"	"1"	"4d5.(4P).5p"	"x 5D*"	"1"		"T5293"	"L10250,L3475"	
"338.5581"	""	"338.55813+"	"1900"	"7.32e+07"	A	"11858.498"	"41395.523"	"4d4.5s2"	"a 5D"	"3"	"4d5.(4G).5p"	"y 5F*"	"4"		"T5293"	"L10250,L3475"	
"338.6846"	""	"338.68469+"	"65"	"3.3e+07"	B	"26635.820"	"56161.808"	"4d4.5s2"	"a 1G"	"4"	"4d5.(2H).5p"	"y 1H*"	"5"		"T5293"	"L10250,L3475"	
"339.0766"	""	"339.07665+"	"160"	"1.85e+07"	B	"18356.491"	"47848.348"	"4d5.(4P).5s"	"a 5P"	"2"	""	"22*"	"3"		"T5293"	"L10250,L3475"	
"339.3140"	""	"339.31395+"	"95"	"1.97e+07"	B	"21153.884"	"50625.116"	"4d5.(4G).5s"	"a 3G"	"4"	""	"33*"	"4"		"T5293"	"L10250,L3475"	
"339.4623"	""	"339.46230+"	"160"	"2.08e+07"	B	"21343.204"	"50801.556"	"4d5.(4G).5s"	"a 3G"	"5"	""	"37*"	"5"		"T5293"	"L10250,L3475"	
"340.5312"	""	"340.53116+"	"640"	"2.10e+07"	A	"11858.498"	"41224.386"	"4d4.5s2"	"a 5D"	"3"	"4d5.(4G).5p"	"y 5F*"	"3"		"T5293"	"L10250,L3475"	
"340.6988"	""	"340.69898+"	"1300"	"2.07e+06"	B	"16784.522"	"46135.945"	"4d5.(4G).5s"	"a 5G"	"5"	""	"5*"	"4"		"T5293"	"L10250,L3475"	
"341.4346"	""	"341.43457+"	"89"	"1.25e+07"	B	"21343.204"	"50631.392"	"4d5.(4G).5s"	"a 3G"	"5"	"4d4.5s.(4G).5p"	"w 3G*"	"5"		"T5293"	"L10250"	
"341.6252"	""	"341.62514+"	"35"	"1.83e+07"	B	"26635.820"	"55907.670"	"4d4.5s2"	"a 1G"	"4"	""	"102*"	"4"		"T5293"	"L10250"	
"341.6593"	""	"341.65925+"	"25"	"1.29e+07"	B	"26638.742"	"55907.670"	"4d5.(2D).5s"	"b 3D"	"3"	""	"102*"	"4"		"T5293"	"L10250"	
"341.6630"	""	"341.66299+"	"9"	"5.2e+05"	B	"10768.332"	"40036.940"	"4d5.(6S).5s"	"a 5S"	"2"	"4d4.5s.(4D).5p"	"z 3D*"	"1"		"T5293"	"L10250"	
"341.7122"	""	"341.71223+"	"45"	"2.45e+07"	B	"27765.594"	"57029.984"	"4d5.(2F).5s"	"b 3F"	"4"	""	"107*"	"5"		"T5293"	"L10250"	
"341.9502"	""	"341.95025+"	"240"	"1.41e+07"	B+	"11454.362"	"40698.382"	"4d4.5s2"	"a 5D"	"2"	"4d5.(4P).5p"	"x 5D*"	"1"		"T5293"	"L10250,L3475"	
"342.0666"	""	"342.06662+"	"32"	"1.15e+07"	B	"23668.079"	"52902.150"	"4d4.5s2"	"a 3F"	"3"	""	"64*"	"3"		"T5293"	"L10250"	
"342.1017"	""	"342.10167+"	"250*"	"3.3e+07"	B	"18356.491"	"47587.567"	"4d5.(4P).5s"	"a 5P"	"2"	""	"19*"	"2"		"T5293"	"L10250,L3475"	
"342.1017"	""	"342.10172+"	"250*"	""		"24096.294"	"53327.366"	"4d4.5s2"	"a 3H"	"4"	""	"74*"	"5"		""	"L10250,L3475"	
"342.3244"	""	"342.32442+"	"10"	"4.3e+06"	B	"22875.942"	"52087.998"	"4d4.5s2"	"a 3P"	"2"	""	"52*"	"2"		"T5293"	"L10250"	
"342.3289"	""	"342.32890+"	"192"	"2.52e+07"	B	"20157.802"	"49369.475"	"4d5.(4D).5s"	"b 5D"	"4"	""	"29*"	"4"		"T5293"	"L10250"	
"342.6115"	""	"342.61156+"	"95"	"2.29e+07"	B	"25516.912"	"54704.485"	"4d5.(2I).5s"	"a 3I"	"5"	""	"92*"	"5"		"T5293"	"L10250,L3475"	
"342.8883"	""	"342.88830+"	"80"	"4.1e+07"	B	"27726.714"	"56890.730"	"4d4.5s2"	"b 3G"	"5"	""	"105*"	"6"		"T5293"	"L10250,L3475"	
"343.5772"	""	"343.57718+"	"380"	"1.75e+07"	B	"11858.498"	"40964.040"	"4d4.5s2"	"a 5D"	"3"	"4d4.5s.(4D).5p"	"z 3D*"	"3"		"T5293"	"L10250,L3475"	
"343.6432"	""	"343.64319+"	"320"	"1.50e+08"	B	"25638.567"	"54738.518"	"4d5.(2I).5s"	"a 3I"	"7"	""	"93*"	"7"		"T5293"	"L10250,L3475"	
"343.8198"	""	"343.81983+"	"640"	"8.1e+07"	B	"16784.522"	"45869.523"	"4d5.(4G).5s"	"a 5G"	"5"	"4d4.5s.(4F).5p"	"w 5F*"	"4"		"T5293"	"L10250,L3475"	
"343.9855"	""	"343.98550+"	"250"	"2.34e+07"	B	"10965.947"	"40036.940"	"4d4.5s2"	"a 5D"	"0"	"4d4.5s.(4D).5p"	"z 3D*"	"1"		"T5293"	"L10250,L3475"	
"344.2430"	""	"344.24305+"	"250"	"8.02e+06"	A	"12346.280"	"41395.523"	"4d4.5s2"	"a 5D"	"4"	"4d5.(4G).5p"	"y 5F*"	"4"		"T5293"	"L10250,L3475"	
"344.2855"	""	"344.28560+"	"51"	"1.34e+07"	B	"18356.491"	"47402.144"	"4d5.(4P).5s"	"a 5P"	"2"	""	"17*"	"1"		"T5293"	"L10250"	
"344.3650"	""	"344.36501+"	"65"	"2.94e+07"	B	"20130.313"	"49169.268"	"4d5.(4D).5s"	"b 5D"	"1"	""	"27*"	"1"		"T5293"	"L10250,L3475"	
"344.4247"	""	"344.42479+"	"250"	"9.1e+06"	B+	"11454.362"	"40488.277"	"4d4.5s2"	"a 5D"	"2"	"4d5.(4P).5p"	"x 5D*"	"3"		"T5293"	"L10250,L3475"	
"344.6022"	""	"344.60219+"	"95"	"1.53e+07"	B	"20350.507"	"49369.475"	"4d5.(4D).5s"	"b 5D"	"3"	""	"29*"	"4"		"T5293"	"L10250,L3475"	
"344.6244"	""	"344.62446+"	"190"	"2.96e+07"	B	"16692.905"	"45709.998"	"4d5.(4G).5s"	"a 5G"	"3"	"4d5.(4D).5p"	"x 3F*"	"2"		"T5293"	"L10250,L3475"	
"344.6792"	""	"344.67923+"	"39"	"1.14e+07"	B	"24096.294"	"53108.776"	"4d4.5s2"	"a 3H"	"4"	""	"67.1*"	"4"		"T5293"	"L10250"	
"344.8111"	""	"344.81113+"	"3200"	"8.8e+07"	B+	"12346.280"	"41347.664"	"4d4.5s2"	"a 5D"	"4"	"4d5.(4G).5p"	"y 5F*"	"5"		"T5293"	"L10250,L3475"	
"344.8277"	""	"344.82768+"	"27"	"1.79e+07"	B	"22875.942"	"51875.934"	"4d4.5s2"	"a 3P"	"2"	""	"48*"	"1"		"T5293"	"L10250"	
"345.0062"	""	"345.00623+"	"640"	"1.52e+07"	B	"11858.498"	"40843.482"	"4d4.5s2"	"a 5D"	"3"	"4d4.5s.(4D).5p"	"z 3F*"	"4"		"T5293"	"L10250,L3475"	
"345.0841"	""	"345.08416+"	"95"	"1.65e+07"	B	"20280.968"	"49259.406"	"4d5.(4D).5s"	"b 5D"	"2"	""	"28*"	"3"		"T5293"	"L10250,L3475"	
"345.3590"	""	"345.35908+"	"250"	"2.48e+07"	B	"18229.152"	"47184.522"	"4d5.(4P).5s"	"a 5P"	"3"	"4d5.(2D).5p"	"w 3D*"	"3"		"T5293"	"L10250,L3475"	
"345.574"	""	""	"300"	""		""	""	""	""	""	""	""	""		""	"L3475"	
"345.7140"	""	"345.71402+"	"190"	"3.6e+07"	B	"18356.491"	"47282.133"	"4d5.(4P).5s"	"a 5P"	"2"	""	"15*"	"2"		"T5293"	"L10250,L3475"	
"345.7376"	""	"345.73762+"	"950"	"2.11e+06"	B	"0.000"	"28923.668"	"4d5.(6S).5s"	"a 7S"	"3"	"4d5.(6S).5p"	"z 5P*"	"3"		"T5293"	"L10250,L3475"	
"346.1214"	""	"346.12145+"	"130*"	"2.77e+07"	B	"18356.491"	"47248.084"	"4d5.(4P).5s"	"a 5P"	"2"	""	"14*"	"1"		"T5293"	"L10250,L3475"	
"346.122"	""	"346.12099+"	"130*"	""		"25997.337"	"54888.968"	"4d5.(4F).5s"	"a 5F"	"4"	""	"95*"	"3"		""	"L3475"	
"346.1768"	""	"346.17683+"	"640"	"6.0e+07"	B	"16747.720"	"45634.691"	"4d5.(4G).5s"	"a 5G"	"4"	"4d4.5s.(4F).5p"	"w 5F*"	"3"		"T5293"	"L10250,L3475"	
"346.6836"	""	"346.68354+"	"129"	"1.0e+08"	B	"18479.582"	"47324.332"	"4d5.(4P).5s"	"a 5P"	"1"	""	"16*"	"0"		"T5293"	"L10250"	
"346.7179"	""	"346.71787+"	"39"	"2.11e+07"	B	"25997.337"	"54839.231"	"4d5.(4F).5s"	"a 5F"	"4"	""	"94*"	"3"		"T5293"	"L10250"	
"346.7817"	""	"346.78162+"	"320*"	"1.29e+06"	B	"0.000"	"28836.592"	"4d5.(6S).5s"	"a 7S"	"3"	"4d5.(6S).5p"	"z 5P*"	"2"		"T5293"	"L10250,L3475"	
"346.782"	""	"346.78241+"	"320*"	""		"25455.636"	"54292.162"	"4d6"	"c 5D"	"4"	""	"87*"	"4"		""	"L3475"	
"346.8846"	""	"346.88460+"	"250"	"2.63e+07"	B	"18356.491"	"47184.522"	"4d5.(4P).5s"	"a 5P"	"2"	"4d5.(2D).5p"	"w 3D*"	"3"		"T5293"	"L10250,L3475"	
"347.0211"	""	"347.02117+"	"320"	"7.0e+07"	B	"16641.081"	"45457.767"	"4d5.(4G).5s"	"a 5G"	"2"	"4d4.5s.(4F).5p"	"w 5F*"	"1"		"T5293"	"L10250,L3475"	
"347.0626"	""	"347.06256+"	"65"	"1.51e+07"	B	"24823.482"	"53636.731"	"4d4.5s2"	"a 3H"	"6"	""	"79*"	"7"		"T5293"	"L10250,L3475"	
"347.1915"	""	"347.19147+"	"190"	"2.91e+07"	B	"18479.582"	"47282.133"	"4d5.(4P).5s"	"a 5P"	"1"	""	"15*"	"2"		"T5293"	"L10250,L3475"	
"347.6024"	""	"347.60239+"	"190"	"4.7e+07"	B	"18479.582"	"47248.084"	"4d5.(4P).5s"	"a 5P"	"1"	""	"14*"	"1"		"T5293"	"L10250,L3475"	
"348.0413"	""	"348.04135+"	"180"	"2.26e+07"	B	"16692.905"	"45425.123"	"4d5.(4G).5s"	"a 5G"	"3"	"4d4.5s.(4F).5p"	"w 5F*"	"2"		"T5293"	"L10250,L3475"	
"348.4666"	""	"348.46664+"	"95"	"1.13e+07"	B	"18229.152"	"46926.304"	"4d5.(4P).5s"	"a 5P"	"3"	"4d5.(2D).5p"	"w 3F*"	"3"		"T5293"	"L10250,L3475"	
"348.4831"	""	"348.48311+"	"190"	"1.41e+07"	B	"16692.905"	"45388.700"	"4d5.(4G).5s"	"a 5G"	"3"	""	"4*"	"2"		"T5293"	"L10250,L3475"	
"348.6924"	""	"348.69242+"	"240"	"6.1e+06"	B	"11142.784"	"39821.354"	"4d4.5s2"	"a 5D"	"1"	"4d4.5s.(4D).5p"	"z 3P*"	"2"		"T5293"	"L10250,L3475"	
"349.0427"	""	"349.04275+"	"60*"	"3.3e+07"	B	"26189.445"	"54839.231"	"4d5.(4F).5s"	"a 5F"	"3"	""	"94*"	"3"		"T5293"	"L10250"	
"349.043"	""	"349.04360+"	"60*"	""		"28241.014"	"56890.730"	"4d5.(2I).5s"	"a 1I"	"6"	""	"105*"	"6"		""	"L3475,L10250"	
"350.5413"	""	"350.54134+"	"800"	"8.1e+07"	B	"18229.152"	"46756.458"	"4d5.(4P).5s"	"a 5P"	"3"	"4d5.(4F).5p"	"v 5F*"	"4"		"T5293"	"L10250,L3475"	
"350.6284"	""	"350.62843+"	"28"	"4.2e+06"	B	"21343.204"	"49863.424"	"4d5.(4G).5s"	"a 3G"	"5"	"4d4.5s.(4G).5p"	"w 3G*"	"4"		"T5293"	"L10250"	
"350.6316"	""	"350.63158+"	"186"	"2.25e+07"	B	"20350.507"	"48870.471"	"4d5.(4D).5s"	"b 5D"	"3"	"4d4.5s.(4D).5p"	"v 5D*"	"4"		"T5293"	"L10250"	
"350.9116"	""	"350.91164+"	"560"	"1.59e+07"	B	"12346.280"	"40843.482"	"4d4.5s2"	"a 5D"	"4"	"4d4.5s.(4D).5p"	"z 3F*"	"4"		"T5293"	"L10250,L3475"	
"351.1779"	""	"351.17799+"	"100"	"4.8e+07"	B	"28241.014"	"56716.603"	"4d5.(2I).5s"	"a 1I"	"6"	"4d5.(2H).5p"	"z 1I*"	"6"		"T5293"	"L10250,L3475"	
"351.8552"	""	"351.85520+"	"130"	"5.4e+07"	B	"25516.912"	"53937.694"	"4d5.(2I).5s"	"a 3I"	"5"	""	"84*"	"5"		"T5293"	"L10250,L3475"	
"351.9217"	""	"351.92175+"	"130"	"3.6e+07"	B	"18479.582"	"46894.990"	"4d5.(4P).5s"	"a 5P"	"1"	"4d5.(2D).5p"	"w 3D*"	"1"		"T5293"	"L10250,L3475"	
"352.2383"	""	"352.23833+"	"31"	"1.39e+07"	B	"26635.820"	"55025.689"	"4d4.5s2"	"a 1G"	"4"	""	"96*"	"4"		"T5293"	"L10250"	
"352.2419"	""	"352.24194+"	"657"	"6.1e+07"	B	"20157.802"	"48547.380"	"4d5.(4D).5s"	"b 5D"	"4"	"4d4.5s.(4D).5p"	"u 5F*"	"5"		"T5293"	"L10250"	
"352.5654"	""	"352.56539+"	"190*"	"3.10e+07"	B	"18356.491"	"46720.024"	"4d5.(4P).5s"	"a 5P"	"2"	""	"7*"	"1"		"T5293"	"L10250,L3475"	
"352.566"	""	"352.5631+"	"190*"	""		"25820.622"	"54184.34?"	"4d6"	"c 5D"	"1"	""	"86*"	"1"		""	"L3475"	
"352.5983"	""	"352.59834+"	"240*"	"2.25e+07"	B	"18229.152"	"46590.034"	"4d5.(4P).5s"	"a 5P"	"3"	""	"6*"	"4"		"T5293"	"L10250,L3475"	
"352.599"	""	"352.59960+"	"240*"	""		"24823.482"	"53184.263"	"4d4.5s2"	"a 3H"	"6"	""	"69*"	"6"		""	"L3475"	
"353.829"	""	"353.8341+"	"640"	""		"21618.630"	"49880.46?"	"4d5.(4D).5s"	"a 3D"	"3"	""	"31*"	"2"		""	"L3475"	
"353.9930"	""	"353.99309+"	"50"	"2.24e+07"	B	"27726.714"	"55975.853"	"4d4.5s2"	"b 3G"	"5"	""	"103*"	"5"		"T5293"	"L10250"	
"354.1578"	""	"354.15784+"	"37"	"4.5e+07"	B	"26335.816"	"54571.814"	"4d5.(4F).5s"	"a 5F"	"2"	""	"91*"	"1"		"T5293"	"L10250"	
"354.3177"	""	"354.31777+"	"320*"	"4.9e+07"	B	"18229.152"	"46452.405"	"4d5.(4P).5s"	"a 5P"	"3"	"4d5.(4F).5p"	"v 5F*"	"2"		"T5293"	"L10250,L3475"	
"354.318"	""	"354.31799+"	"320*"	""		"23668.079"	"51891.314"	"4d4.5s2"	"a 3F"	"3"	""	"50*"	"2"		""	"L3475"	
"355.3727"	""	"355.37267+"	"84"	"3.6e+07"	B	"25455.636"	"53595.110"	"4d6"	"c 5D"	"4"	""	"78*"	"3"		"T5293"	"L10250"	
"355.6653"	""	"355.66530+"	"29"	"3.5e+07"	B	"26414.806"	"54531.128"	"4d5.(4P).5s"	"b 3P"	"1"	""	"90*"	"1"		"T5293"	"L10250"	
"355.9111"	""	"355.91119+"	"520"	"5.4e+07"	B	"18356.491"	"46453.388"	"4d5.(4P).5s"	"a 5P"	"2"	"4d5.(4F).5p"	"v 5F*"	"3"		"T5293"	"L10250,L3475"	
"356.4154"	""	"356.41544+"	"400*"	"7.3e+06"	B+	"11858.498"	"39915.644"	"4d4.5s2"	"a 5D"	"3"	"4d4.5s.(4D).5p"	"y 5D*"	"4"		"T5293"	"L10250,L3475"	
"356.416"	""	"356.41521+"	"400*"	""		"21343.204"	"49400.368"	"4d5.(4G).5s"	"a 3G"	"5"	"4d4.5s.(4H).5p"	"y 3I*"	"6"		""	"L3475"	
"356.416"	""	"356.4150+"	"400*"	""		"26283.821"	"54341.00?"	"4d5.(4F).5s"	"a 5F"	"1"	""	"88*"	"1"		""	"L3475"	
"356.4768"	""	"356.47682+"	"50"	"1.53e+07"	B	"19969.847"	"48022.162"	"4d5.(4D).5s"	"b 5D"	"0"	"4d4.5s.(4D).5p"	"u 5F*"	"1"		"T5293"	"L10250"	
"356.4798"	""	"356.47974+"	"9"	"2.6e+06"	C+	"23516.476"	"51568.561"	"4d4.5s2"	"a 3F"	"4"	""	"42.1*"	"3"		"T5293"	"L10250"	
"356.707"	""	"356.70775+"	"300*"	""		"23534.407"	"51568.561"	"4d4.5s2"	"a 3F"	"2"	""	"42.1*"	"3"		""	"L3475"	
"356.7070"	""	"356.70708+"	"300*"	"2.67e+07"	B	"20157.802"	"48192.009"	"4d5.(4D).5s"	"b 5D"	"4"	"4d4.5s.(4D).5p"	"u 5F*"	"4"		"T5293"	"L10250,L3475"	
"356.7763"	""	"356.77629+"	"32"	"1.43e+07"	B	"25707.071"	"53735.839"	"4d6"	"c 5D"	"3"	""	"81*"	"3"		"T5293"	"L10250"	
"357.1663"	""	"357.16628+"	"240"	"7.2e+07"	B	"25638.567"	"53636.731"	"4d5.(2I).5s"	"a 3I"	"7"	""	"79*"	"7"		"T5293"	"L10250,L3475"	
"357.4898"	""	"357.48984+"	"320"	"3.6e+07"	B	"18479.582"	"46452.405"	"4d5.(4P).5s"	"a 5P"	"1"	"4d5.(4F).5p"	"v 5F*"	"2"		"T5293"	"L10250,L3475"	
"358.1560"	""	"358.15600+"	"110"	"5.5e+07"	B	"28241.014"	"56161.808"	"4d5.(2I).5s"	"a 1I"	"6"	"4d5.(2H).5p"	"y 1H*"	"5"		"T5293"	"L10250,L3475"	
"358.2906"	""	"358.29062+"	"1400"	"3.8e+07"	B	"16784.522"	"44694.826"	"4d5.(4G).5s"	"a 5G"	"5"	"4d4.5s.(4H).5p"	"y 5H*"	"6"		"T5293"	"L10250,L3475"	
"358.5277"	""	"358.52768+"	"56"	"1.73e+07"	B	"20130.313"	"48022.162"	"4d5.(4D).5s"	"b 5D"	"1"	"4d4.5s.(4D).5p"	"u 5F*"	"1"		"T5293"	"L10250"	
"358.6594"	""	"358.65944+"	"66"	"4.0e+07"	B	"25707.071"	"53588.674"	"4d6"	"c 5D"	"3"	""	"77*"	"2"		"T5293"	"L10250"	
"358.9970"	""	"358.99703+"	"100"	"1.18e+07"	B	"20350.507"	"48205.891"	"4d5.(4D).5s"	"b 5D"	"3"	"4d4.5s.(4D).5p"	"v 3D*"	"3"		"T5293"	"L10250,L3475"	
"359.1760"	""	"359.17602+"	"200"	"2.23e+07"	B	"20350.507"	"48192.009"	"4d5.(4D).5s"	"b 5D"	"3"	"4d4.5s.(4D).5p"	"u 5F*"	"4"		"T5293"	"L10250,L3475"	
"359.6577"	""	"359.65773+"	"100"	"2.32e+07"	B	"20280.968"	"48085.181"	"4d5.(4D).5s"	"b 5D"	"2"	"4d4.5s.(4D).5p"	"v 3D*"	"2"		"T5293"	"L10250,L3475"	
"359.9909"	""	"359.99091+"	"210"	"5.7e+07"	B	"25548.887"	"53327.366"	"4d5.(2I).5s"	"a 3I"	"6"	""	"74*"	"5"		"T5293"	"L10250,L3475"	
"360.1759"	""	"360.17592+"	"41"	"2.07e+07"	B	"27765.594"	"55529.804"	"4d5.(2F).5s"	"b 3F"	"4"	""	"101*"	"4"		"T5293"	"L10250"	
"360.2905"	""	"360.29048+"	"23"	"1.15e+07"	B	"27774.422"	"55529.804"	"4d5.(2F).5s"	"b 3F"	"3"	""	"101*"	"4"		"T5293"	"L10250"	
"360.3965"	""	"360.39653+"	"270"	"2.96e+07"	B	"20280.968"	"48028.183"	"4d5.(4D).5s"	"b 5D"	"2"	"4d4.5s.(4D).5p"	"u 5F*"	"3"		"T5293"	"L10250,L3475"	
"360.5097"	""	"360.50973+"	"65"	"3.2e+07"	B	"25997.337"	"53735.839"	"4d5.(4F).5s"	"a 5F"	"4"	""	"81*"	"3"		"T5293"	"L10250,L3475"	
"360.9395"	""	"360.93961+"	"210"	"3.26e+06"	B+	"11454.362"	"39159.828"	"4d4.5s2"	"a 5D"	"2"	"4d4.5s.(4D).5p"	"y 5D*"	"3"		"T5293"	"L10250,L3475"	
"361.1641"	""	"361.16403+"	"18"	"1.78e+07"	B	"25794.608"	"53482.858"	"4d6"	"c 5D"	"2"	""	"76*"	"1"		"T5293"	"L10250"	
"361.3020"	""	"361.30201+"	"86"	"1.16e+07"	B	"20350.507"	"48028.183"	"4d5.(4D).5s"	"b 5D"	"3"	"4d4.5s.(4D).5p"	"u 5F*"	"3"		"T5293"	"L10250"	
"361.6189"	""	"361.61892+"	"65"	"1.96e+07"	B	"26638.742"	"54292.162"	"4d5.(2D).5s"	"b 3D"	"3"	""	"87*"	"4"		"T5293"	"L10250,L3475"	
"362.4256"	""	"362.42568+"	"200"	"5.6e+07"	B	"25516.912"	"53108.776"	"4d5.(2I).5s"	"a 3I"	"5"	""	"67.1*"	"4"		"T5293"	"L10250,L3475"	
"362.5495"	""	"362.54956+"	"1400"	"5.3e+07"	B+	"16747.720"	"44330.156"	"4d5.(4G).5s"	"a 5G"	"4"	"4d4.5s.(4H).5p"	"z 5I*"	"5"		"T5293"	"L10250,L3475"	
"362.5649"	""	"362.56494+"	"91"	"1.37e+07"	B	"20950.853"	"48532.119"	"4d5.(4D).5s"	"a 3D"	"2"	"4d4.5s.(4D).5p"	"v 5D*"	"3"		"T5293"	"L10250"	
"362.7214"	""	"362.72146+"	"330"	"4.43e+06"	B+	"12346.280"	"39915.644"	"4d4.5s2"	"a 5D"	"4"	"4d4.5s.(4D).5p"	"y 5D*"	"4"		"T5293"	"L10250,L3475"	
"363.647"	""	""	"1000"	""		""	""	""	""	""	""	""	""		""	"L3475"	
"363.9241"	""	"363.92404+"	"171"	"3.5e+07"	B	"20930.425"	"48408.687"	"4d5.(4D).5s"	"a 3D"	"1"	"4d4.5s.(4D).5p"	"v 5D*"	"2"		"T5293"	"L10250"	
"363.9244"	""	"363.92446+"	"166"	"3.3e+07"	B	"18356.491"	"45834.721"	"4d5.(4P).5s"	"a 5P"	"2"	"4d5.(4P).5p"	"z 3S*"	"1"		"T5293"	"L10250"	
"364.1656"	""	"364.16554+"	"140*"	"1.94e+07"	B	"21618.630"	"49078.669"	"4d5.(4D).5s"	"a 3D"	"3"	""	"26.1*"	"2"		"T5293"	"L10250,L3475"	
"364.166"	""	"364.1657+"	"140*"	""		"20950.853"	"48410.88?"	"4d5.(4D).5s"	"a 3D"	"2"	"4d4.5s.(4D).5p"	"v 5D*"	"1"		""	"L3475"	
"364.8880"	""	"364.88806+"	"48"	"2.11e+07"	B	"26189.445"	"53595.110"	"4d5.(4F).5s"	"a 5F"	"3"	""	"78*"	"3"		"T5293"	"L10250"	
"364.8896"	""	"364.88974+"	"6"	"5.1e+05"	C+	"18229.152"	"45634.691"	"4d5.(4P).5s"	"a 5P"	"3"	"4d4.5s.(4F).5p"	"w 5F*"	"3"		"T5293"	"L10250"	
"364.9738"	""	"364.97377+"	"19"	"1.15e+07"	C+	"26189.445"	"53588.674"	"4d5.(4F).5s"	"a 5F"	"3"	""	"77*"	"2"		"T5293"	"L10250"	
"365.5620"	""	"365.56202+"	"90"	"1.80e+07"	B	"18479.582"	"45834.721"	"4d5.(4P).5s"	"a 5P"	"1"	"4d5.(4P).5p"	"z 3S*"	"1"		"T5293"	"L10250"	
"365.8399"	""	"365.83992+"	"400"	"2.03e+07"	B	"16641.081"	"43975.441"	"4d5.(4G).5s"	"a 5G"	"2"	"4d4.5s.(4H).5p"	"y 3G*"	"3"		"T5293"	"L10250,L3475"	
"365.9174"	""	"365.91749+"	"50"	"1.86e+07"	B	"26635.820"	"53964.385"	"4d4.5s2"	"a 1G"	"4"	""	"85*"	"4"		"T5293"	"L10250"	
"366.0400"	""	"366.04006+"	"1479"	"6.7e+07"	B	"16692.905"	"44012.319"	"4d5.(4G).5s"	"a 5G"	"3"	"4d4.5s.(4H).5p"	"y 5H*"	"4"		"T5293"	"L10250"	
"366.1960"	""	"366.19597+"	"70"	"1.34e+07"	B	"20930.425"	"48238.208"	"4d5.(4D).5s"	"a 3D"	"1"	"4d5.(2F).5p"	"v 3F*"	"2"		"T5293"	"L10250,L3475"	
"366.3194"	""	"366.31951+"	"48"	"1.45e+07"	B	"25707.071"	"53005.644"	"4d6"	"c 5D"	"3"	""	"67*"	"4"		"T5293"	"L10250"	
"366.4028"	""	"366.40284+"	"140"	"3.5e+07"	B	"25905.490"	"53197.855"	"4d5.(4F).5s"	"a 5F"	"5"	""	"70*"	"5"		"T5293"	"L10250,L3475"	
"366.4309"	""	"366.43099+"	"140"	"2.30e+07"	B	"20947.940"	"48238.208"	"4d5.(4G).5s"	"a 3G"	"3"	"4d5.(2F).5p"	"v 3F*"	"2"		"T5293"	"L10250,L3475"	
"366.5854"	""	"366.58540+"	"540"	"9.5e+07"	B	"25905.490"	"53184.263"	"4d5.(4F).5s"	"a 5F"	"5"	""	"69*"	"6"		"T5293"	"L10250,L3475"	
"366.585"	""	"366.59310+"	"540*"	""		"18356.491"	"45634.691"	"4d5.(4P).5s"	"a 5P"	"2"	"4d4.5s.(4F).5p"	"w 5F*"	"3"		""	"L3475"	
"366.5928"	""	"366.59261+"	"540*"	"1.92e+07"	B	"19969.847"	"47248.084"	"4d5.(4D).5s"	"b 5D"	"0"	""	"14*"	"1"		"T5293"	"L10250,L3475"	
"366.7759"	""	"366.77598+"	"290"	"9.9e+06"	B	"16747.720"	"44012.319"	"4d5.(4G).5s"	"a 5G"	"4"	"4d4.5s.(4H).5p"	"y 5H*"	"4"		"T5293"	"L10250,L3475"	
"367.0390"	""	"367.03899+"	"220"	"2.16e+07"	B	"21153.884"	"48398.946"	"4d5.(4G).5s"	"a 3G"	"4"	"4d5.(2F).5p"	"v 3F*"	"3"		"T5293"	"L10250,L3475"	
"367.3853"	""	"367.38532+"	"529"	"1.95e+07"	B	"16747.720"	"43967.098"	"4d5.(4G).5s"	"a 5G"	"4"	""	"3.5*"	"5"		"T5293"	"L10250"	
"367.3869"	""	"367.38666+"	"31"	"1.13e+07"	B	"26635.820"	"53855.099"	"4d4.5s2"	"a 1G"	"4"	""	"83*"	"4"		"T5293"	"L10250"	
"367.7279"	""	"367.72792+"	"90"	"5.2e+07"	B	"20130.313"	"47324.332"	"4d5.(4D).5s"	"b 5D"	"1"	""	"16*"	"0"		"T5293"	"L10250,L3475"	
"368.1637"	""	"368.16379+"	"1300"	"9.5e+06"	B+	"16783.856"	"43945.680"	"4d5.(4G).5s"	"a 5G"	"6"	"4d5.(4G).5p"	"z 3G*"	"5"		"T5293"	"L10250,L3475"	
"368.2767"	""	"368.27677+"	"70"	"1.68e+07"	B	"23516.476"	"50669.967"	"4d4.5s2"	"a 3F"	"4"	""	"34*"	"3"		"T5293"	"L10250"	
"368.4063"	""	"368.40633+"	"22"	"1.20e+07"	B	"25820.622"	"52964.564"	"4d6"	"c 5D"	"1"	""	"66*"	"2"		"T5293"	"L10250"	
"368.9010"	""	"368.90102+"	"55"	"2.12e+07"	B	"25794.608"	"52902.150"	"4d6"	"c 5D"	"2"	""	"64*"	"3"		"T5293"	"L10250"	
"369.0016"	""	"369.00159+"	"70"	"3.3e+07"	B	"25905.490"	"53005.644"	"4d5.(4F).5s"	"a 5F"	"5"	""	"67*"	"4"		"T5293"	"L10250,L3475"	
"369.1636"	""	"369.16368+"	"240"	"2.07e+07"	B	"21343.204"	"48431.459"	"4d5.(4G).5s"	"a 3G"	"5"	""	"24.1*"	"4"		"T5293"	"L10250,L3475"	
"369.5991"	""	"369.59911+"	"1163"	"6.4e+07"	B	"16641.081"	"43697.423"	"4d5.(4G).5s"	"a 5G"	"2"	"4d4.5s.(4H).5p"	"y 5H*"	"3"		"T5293"	"L10250"	
"369.6037"	""	"369.60366+"	"27"	"4.3e+06"	B	"20130.313"	"47186.322"	"4d5.(4D).5s"	"b 5D"	"1"	"4d4.5s.(4F).5p"	"y 5G*"	"2"		"T5293"	"L10250"	
"369.7094"	""	"369.70941+"	"90"	"3.6e+07"	B	"29981.714"	"57029.984"	"4d5.(2H).5s"	"b 3H"	"5"	""	"107*"	"5"		"T5293"	"L10250,L3475"	
"369.9126"	""	"369.91262+"	"28"	"1.48e+07"	B	"25707.071"	"52740.482"	"4d6"	"c 5D"	"3"	""	"62*"	"2"		"T5293"	"L10250"	
"370.308"	""	"370.3084+"	"220*"	""		"22875.942"	"49880.46?"	"4d4.5s2"	"a 3P"	"2"	""	"31*"	"2"		""	"L3475"	
"370.3083"	""	"370.30841+"	"220*"	"6.2e+06"	B	"16692.905"	"43697.423"	"4d5.(4G).5s"	"a 5G"	"3"	"4d4.5s.(4H).5p"	"y 5H*"	"3"		"T5293"	"L10250,L3475"	
"370.9606"	""	"370.96065+"	"80"	"1.28e+07"	B	"23668.079"	"50625.116"	"4d4.5s2"	"a 3F"	"3"	""	"33*"	"4"		"T5293"	"L10250,L3475"	
"371.6703"	""	"371.67031+"	"197"	"8.3e+06"	B	"16692.905"	"43598.471"	"4d5.(4G).5s"	"a 5G"	"3"	"4d4.5s.(4H).5p"	"z 5I*"	"4"		"T5293"	"L10250"	
"371.6733"	""	"371.67324+"	"12"	"1.99e+06"	B	"20280.968"	"47186.322"	"4d5.(4D).5s"	"b 5D"	"2"	"4d4.5s.(4F).5p"	"y 5G*"	"2"		"T5293"	"L10250"	
"371.9533"	""	"371.95331+"	"55"	"1.34e+07"	B	"26758.660"	"53643.755"	"4d5.(2D).5s"	"b 3D"	"2"	""	"80*"	"3"		"T5293"	"L10250,L3475"	
"372.0609"	""	"372.06096+"	"120"	"2.24e+07"	B	"25905.490"	"52782.806"	"4d5.(4F).5s"	"a 5F"	"5"	""	"63.1*"	"6"		"T5293"	"L10250,L3475"	
"372.1308"	""	"372.13089+"	"70"	"2.86e+07"	B	"25707.071"	"52579.336"	"4d6"	"c 5D"	"3"	""	"60*"	"4"		"T5293"	"L10250,L3475"	
"372.6613"	""	"372.66134+"	"180"	"1.60e+07"	B	"20350.507"	"47184.522"	"4d5.(4D).5s"	"b 5D"	"3"	"4d5.(2D).5p"	"w 3D*"	"3"		"T5293"	"L10250,L3475"	
"372.8739"	""	"372.87391+"	"500"	"1.51e+07"	B	"16747.720"	"43566.437"	"4d5.(4G).5s"	"a 5G"	"4"	""	"3.4*"	"5"		"T5293"	"L10250,L3475"	
"372.9356"	""	"372.93559+"	"48"	"1.55e+07"	B	"23668.079"	"50482.361"	"4d4.5s2"	"a 3F"	"3"	""	"32*"	"2"		"T5293"	"L10250"	
"372.9402"	""	"372.94022+"	"17"	"7.2e+05"	B	"16784.522"	"43598.471"	"4d5.(4G).5s"	"a 5G"	"5"	"4d4.5s.(4H).5p"	"z 5I*"	"4"		"T5293"	"L10250"	
"372.9557"	""	"372.95580+"	"150"	"2.20e+07"	B	"21618.630"	"48431.459"	"4d5.(4D).5s"	"a 3D"	"3"	""	"24.1*"	"4"		"T5293"	"L10250,L3475"	
"373.3770"	""	"373.37701+"	"180"	"6.2e+06"	B	"16783.856"	"43566.437"	"4d5.(4G).5s"	"a 5G"	"6"	""	"3.4*"	"5"		"T5293"	"L10250"	
"373.4085"	""	"373.40859+"	"120"	"1.45e+07"	B	"21618.630"	"48398.946"	"4d5.(4D).5s"	"a 3D"	"3"	"4d5.(2F).5p"	"v 3F*"	"3"		"T5293"	"L10250,L3475"	
"373.4468"	""	"373.44676+"	"80"	"2.80e+07"	B	"30113.151"	"56890.730"	"4d5.(2H).5s"	"b 3H"	"6"	""	"105*"	"6"		"T5293"	"L10250,L3475"	
"373.6679"	""	"373.66792+"	"80"	"1.66e+07"	B+	"25905.490"	"52667.220"	"4d5.(4F).5s"	"a 5F"	"5"	""	"61*"	"5"		"T5293"	"L10250,L3475"	
"374.3346"	""	"374.33464+"	"240"	"1.56e+07"	B	"20350.507"	"47064.572"	"4d5.(4D).5s"	"b 5D"	"3"	""	"12*"	"3"		"T5293"	"L10250,L3475"	
"374.8251"	""	"374.82511+"	"110"	"3.07e+07"	B	"25794.608"	"52473.717"	"4d6"	"c 5D"	"2"	""	"59.1*"	"3"		"T5293"	"L10250,L3475"	
"374.9546"	""	"374.95478+"	"150*"	"3.95e+07"	B+	"25997.337"	"52667.220"	"4d5.(4F).5s"	"a 5F"	"4"	""	"61*"	"5"		"T5293"	"L10250,L3475"	
"374.956"	""	"374.95523+"	"150*"	""		"26635.820"	"53305.671"	"4d4.5s2"	"a 1G"	"4"	""	"73*"	"3"		""	"L3475"	
"375.6166"	""	"375.61665+"	"140"	"1.41e+07"	B	"25820.622"	"52443.510"	"4d6"	"c 5D"	"1"	""	"58*"	"2"		"T5293"	"L10250,L3475"	
"375.6227"	""	"375.62269+"	"65"	"2.48e+07"	B	"27341.925"	"53964.385"	"4d4.5s2"	"b 3G"	"4"	""	"85*"	"4"		"T5293"	"L10250"	
"375.9589"	""	"375.95885+"	"180"	"1.22e+07"	B	"20157.802"	"46756.458"	"4d5.(4D).5s"	"b 5D"	"4"	"4d5.(4F).5p"	"v 5F*"	"4"		"T5293"	"L10250,L3475"	
"376.0673"	""	"376.06737+"	"30"	"1.82e+07"	B	"26635.820"	"53226.800"	"4d4.5s2"	"a 1G"	"4"	""	"71*"	"3"		"T5293"	"L10250,L3475"	
"376.1945"	""	"376.19443+"	"90"	"2.16e+07"	B	"25997.337"	"52579.336"	"4d5.(4F).5s"	"a 5F"	"4"	""	"60*"	"4"		"T5293"	"L10250,L3475"	
"376.9805"	""	"376.98054+"	"65"	"2.88e+07"	B	"27765.594"	"54292.162"	"4d5.(2F).5s"	"b 3F"	"4"	""	"87*"	"4"		"T5293"	"L10250,L3475"	
"377.1060"	""	"377.10604+"	"60"	"2.46e+07"	B	"27774.422"	"54292.162"	"4d5.(2F).5s"	"b 3F"	"3"	""	"87*"	"4"		"T5293"	"L10250"	
"377.1515"	""	"377.15160+"	"360"	"2.96e+06"	B+	"16784.522"	"43299.059"	"4d5.(4G).5s"	"a 5G"	"5"	"4d5.(4D).5p"	"x 5F*"	"5"		"T5293"	"L10250,L3475"	
"377.8793"	""	"377.87938+"	"65"	"1.66e+07"	B	"28241.014"	"54704.485"	"4d5.(2I).5s"	"a 1I"	"6"	""	"92*"	"5"		"T5293"	"L10250,L3475"	
"378.0839"	""	"378.08390+"	"220"	"5.9e+06"	B	"16747.720"	"43196.876"	"4d5.(4G).5s"	"a 5G"	"4"	"4d5.(4G).5p"	"z 3G*"	"4"		"T5293"	"L10250,L3475"	
"378.2665"	""	"378.26647+"	"360"	"4.71e+06"	A	"11142.784"	"37579.174"	"4d4.5s2"	"a 5D"	"1"	"4d4.5s.(6D).5p"	"z 5D*"	"2"		"T5293"	"L10250,L3475"	
"378.9330"	""	"378.93298+"	"90"	"2.87e+07"	B	"26189.445"	"52579.336"	"4d5.(4F).5s"	"a 5F"	"3"	""	"60*"	"4"		"T5293"	"L10250,L3475"	
"379.5505"	""	"379.55060+"	"90"	"1.22e+07"	B	"23516.476"	"49863.424"	"4d4.5s2"	"a 3F"	"4"	"4d4.5s.(4G).5p"	"w 3G*"	"4"		"T5293"	"L10250,L3475"	
"379.8379"	""	"379.83793+"	"250"	"5.50e+06"	A	"10965.947"	"37292.965"	"4d4.5s2"	"a 5D"	"0"	"4d4.5s.(6D).5p"	"z 5D*"	"1"		"T5293"	"L10250,L3475"	
"379.9330"	""	"379.93315+"	"29000"	"6.9e+07"	B+	"0.000"	"26320.420"	"4d5.(6S).5s"	"a 7S"	"3"	"4d5.(6S).5p"	"z 7P*"	"4"		"T5293"	"L10250,L3475"	
"380.2918"	""	"380.29196+"	"290*"	"3.2e+07"	B	"20157.802"	"46453.388"	"4d5.(4D).5s"	"b 5D"	"4"	"4d5.(4F).5p"	"v 5F*"	"3"		"T5293"	"L10250,L3475"	
"380.292"	""	"380.29120+"	"290*"	""		"16641.081"	"42936.720"	"4d5.(4G).5s"	"a 5G"	"2"	""	"3.3*"	"1"		""	"L3475"	
"380.2953"	""	"380.29535+"	"290*"	"1.72e+06"	B	"18229.152"	"44524.504"	"4d5.(4P).5s"	"a 5P"	"3"	"4d5.(4D).5p"	"y 3D*"	"2"		"T5293"	"L10250,L3475"	
"380.7069"	""	"380.70696+"	"110"	"2.44e+07"	B	"23534.407"	"49801.329"	"4d4.5s2"	"a 3F"	"2"	"4d5.(4F).5p"	"u 3F*"	"2"		"T5293"	"L10250,L3475"	
"382.0862"	""	"382.08627+"	"47"	"1.47e+07"	B	"27765.594"	"53937.694"	"4d5.(2F).5s"	"b 3F"	"4"	""	"84*"	"5"		"T5293"	"L10250"	
"382.5861"	""	"382.58619+"	"39"	"1.40e+07"	B	"26335.816"	"52473.717"	"4d5.(4F).5s"	"a 5F"	"2"	""	"59.1*"	"3"		"T5293"	"L10250"	
"382.7779"	""	"382.77787+"	"520"	"7.98e+06"	A	"11454.362"	"37579.174"	"4d4.5s2"	"a 5D"	"2"	"4d4.5s.(6D).5p"	"z 5D*"	"2"		"T5293"	"L10250,L3475"	
"382.8240"	""	"382.82396+"	"95"	"1.94e+07"	B	"23668.079"	"49789.746"	"4d4.5s2"	"a 3F"	"3"	"4d5.(4F).5p"	"u 3F*"	"3"		"T5293"	"L10250,L3475"	
"382.9962"	""	"382.99619+"	"940"	"1.35e+07"	A	"11858.498"	"37968.418"	"4d4.5s2"	"a 5D"	"3"	"4d4.5s.(6D).5p"	"z 5D*"	"3"		"T5293"	"L10250,L3475"	
"383.1901"	""	"383.19012+"	"75"	"1.83e+07"	B	"25794.608"	"51891.314"	"4d6"	"c 5D"	"2"	""	"50*"	"2"		"T5293"	"L10250,L3475"	
"383.2157"	""	"383.21575+"	"35"	"1.20e+07"	B	"27383.838"	"53478.799"	"4d4.5s2"	"b 3G"	"3"	""	"75*"	"4"		"T5293"	"L10250,L3475"	
"383.3194"	""	"383.31941+"	"150*"	"3.05e+07"	B	"25997.337"	"52085.241"	"4d5.(4F).5s"	"a 5F"	"4"	""	"51*"	"4"		"T5293"	"L10250,L3475"	
"383.320"	""	"383.32012+"	"150*"	""		"20950.853"	"47038.709"	"4d5.(4D).5s"	"a 3D"	"2"	""	"10*"	"1"		""	"L3475"	
"383.4834"	""	"383.48337+"	"1700"	"1.70e+07"	A	"12346.280"	"38423.030"	"4d4.5s2"	"a 5D"	"4"	"4d4.5s.(6D).5p"	"z 5D*"	"4"		"T5293"	"L10250,L3475"	
"383.5724"	""	"383.57248+"	"27"	"1.20e+07"	B	"25820.622"	"51891.314"	"4d6"	"c 5D"	"1"	""	"50*"	"2"		"T5293"	"L10250"	
"384.7268"	""	"384.72676+"	"37"	"1.26e+07"	B	"26189.445"	"52181.918"	"4d5.(4F).5s"	"a 5F"	"3"	""	"54*"	"3"		"T5293"	"L10250"	
"384.8336"	""	"384.83357+"	"380"	"2.41e+07"	B+	"11142.784"	"37128.043"	"4d4.5s2"	"a 5D"	"1"	"4d4.5s.(6D).5p"	"z 5D*"	"0"		"T5293"	"L10250,L3475"	
"384.9389"	""	"384.93899+"	"190*"	"1.26e+07"	B	"20157.802"	"46135.945"	"4d5.(4D).5s"	"b 5D"	"4"	""	"5*"	"4"		"T5293"	"L10250,L3475"	
"384.939"	""	"384.94001+"	"190*"	""		"24823.482"	"50801.556"	"4d4.5s2"	"a 3H"	"6"	""	"37*"	"5"		""	"L3475"	
"385.3078"	""	"385.30781+"	"75"	"1.78e+07"	B	"25905.490"	"51858.766"	"4d5.(4F).5s"	"a 5F"	"5"	""	"47*"	"4"		"T5293"	"L10250,L3475"	
"386.5199"	""	"386.51993+"	"29000"	"6.24e+07"	A	"0.000"	"25871.887"	"4d5.(6S).5s"	"a 7S"	"3"	"4d5.(6S).5p"	"z 7P*"	"3"		"T5293"	"L10250,L3475"	
"386.7787"	""	"386.77867+"	"35"	"1.74e+07"	B	"25820.622"	"51675.202"	"4d6"	"c 5D"	"1"	""	"44*"	"2"		"T5293"	"L10250,L3475"	
"386.8766"	""	"386.87659+"	"23"	"2.22e+07"	B	"27093.242"	"52941.278"	"4d5.(2F).5s"	"b 3F"	"2"	""	"65*"	"1"		"T5293"	"L10250"	
"387.0178"	""	"387.01783+"	"580"	"1.35e+07"	A	"11454.362"	"37292.965"	"4d4.5s2"	"a 5D"	"2"	"4d4.5s.(6D).5p"	"z 5D*"	"1"		"T5293"	"L10250,L3475"	
"387.5252"	""	"387.52528+"	"33"	"1.67e+07"	B	"26638.742"	"52443.510"	"4d5.(2D).5s"	"b 3D"	"3"	""	"58*"	"2"		"T5293"	"L10250"	
"388.7922"	""	"388.79227+"	"580"	"9.7e+06"	A	"11858.498"	"37579.174"	"4d4.5s2"	"a 5D"	"3"	"4d4.5s.(6D).5p"	"z 5D*"	"2"		"T5293"	"L10250,L3475"	
"390.2874"	""	"390.28749+"	"380"	"5.13e+06"	A	"12346.280"	"37968.418"	"4d4.5s2"	"a 5D"	"4"	"4d4.5s.(6D).5p"	"z 5D*"	"3"		"T5293"	"L10250,L3475"	
"390.4059"	""	"390.40590+"	"19000"	"6.17e+07"	A	"0.000"	"25614.367"	"4d5.(6S).5s"	"a 7S"	"3"	"4d5.(6S).5p"	"z 7P*"	"2"		"T5293"	"L10250,L3475"	
"391.0645"	""	"391.06458+"	"75"	"1.13e+07"	B	"25997.337"	"51568.561"	"4d5.(4F).5s"	"a 5F"	"4"	""	"42.1*"	"3"		"T5293"	"L10250,L3475"	
"391.3052"	""	"391.30523+"	"35"	"1.15e+07"	B	"26335.816"	"51891.314"	"4d5.(4F).5s"	"a 5F"	"2"	""	"50*"	"2"		"T5293"	"L10250,L3475"	
"391.6538"	""	"391.65393+"	"110"	"1.40e+07"	B	"22875.942"	"48408.687"	"4d4.5s2"	"a 3P"	"2"	"4d4.5s.(4D).5p"	"v 5D*"	"2"		"T5293"	"L10250,L3475"	
"391.7539"	""	"391.75397+"	"19"	"1.78e+07"	B	"27415.053"	"52941.278"	"4d5.(4P).5s"	"b 3P"	"2"	""	"65*"	"1"		"T5293"	"L10250"	
"394.416"	""	"394.41516+"	"230*"	""		"23516.476"	"48870.471"	"4d4.5s2"	"a 3F"	"4"	"4d4.5s.(4D).5p"	"v 5D*"	"4"		""	"L3475"	
"394.4193"	""	"394.41939+"	"230*"	"6.1e+06"	B	"20280.968"	"45634.691"	"4d5.(4D).5s"	"b 5D"	"2"	"4d4.5s.(4F).5p"	"w 5F*"	"3"		"T5293"	"L10250,L3475"	
"395.6602"	""	"395.66027+"	"65"	"1.71e+07"	B	"30113.151"	"55387.359"	"4d5.(2H).5s"	"b 3H"	"6"	""	"100*"	"5"		"T5293"	"L10250,L3475"	
"397.4880"	""	"397.48800+"	"123"	"4.39e+07"	B+	"29981.714"	"55139.706"	"4d5.(2H).5s"	"b 3H"	"5"	""	"97*"	"6"		"T5293"	"L10250"	
"397.4915"	""	"397.49153+"	"24"	"7.3e+06"	B	"22244.375"	"47402.144"	"4d4.5s2"	"a 3P"	"1"	""	"17*"	"1"		"T5293"	"L10250"	
"397.9023"	""	"397.90239+"	"65"	"1.35e+07"	B	"27341.925"	"52473.717"	"4d4.5s2"	"b 3G"	"4"	""	"59.1*"	"3"		"T5293"	"L10250,L3475"	
"398.1324"	""	"398.13238+"	"75"	"2.70e+07"	B	"26758.660"	"51875.934"	"4d5.(2D).5s"	"b 3D"	"2"	""	"48*"	"1"		"T5293"	"L10250,L3475"	
"399.2976"	""	"399.29764+"	"35*"	"1.29e+07"	B	"29981.714"	"55025.689"	"4d5.(2H).5s"	"b 3H"	"5"	""	"96*"	"4"		"T5293"	"L10250,L3475"	
"399.298"	""	"399.2986+"	"35*"	""		"20930.425"	"45974.34?"	"4d5.(4D).5s"	"a 3D"	"1"	"4d5.(4F).5p"	"x 3D*"	"1"		""	"L3475"	
"401.1260"	""	"401.12606+"	"32*"	""		"26638.742"	"51568.561"	"4d5.(2D).5s"	"b 3D"	"3"	""	"42.1*"	"3"		""	"L10250"	
"401.1260"	""	"401.12596+"	"32*"	"4.4e+07"	B	"29641.989"	"54571.814"	"4d5.(4F).5s"	"c 3F"	"2"	""	"91*"	"1"		"T5293"	"L10250"	
"402.2147"	""	"402.21480+"	"130"	"2.65e+07"	B	"29842.148"	"54704.485"	"4d5.(2H).5s"	"b 3H"	"4"	""	"92*"	"5"		"T5293"	"L10250,L3475"	
"405.2324"	""	"405.23248+"	"26"	"1.36e+07"	B	"31484.615"	"56161.808"	"4d4.5s2"	"b 1I"	"6"	"4d5.(2H).5p"	"y 1H*"	"5"		"T5293"	"L10250"	
"405.7158"	""	"405.71567+"	"270"	"3.39e+06"	B+	"16747.720"	"41395.523"	"4d5.(4G).5s"	"a 5G"	"4"	"4d5.(4G).5p"	"y 5F*"	"4"		"T5293"	"L10250,L3475"	
"406.3224"	""	"406.32236+"	"1400"	"1.96e+07"	B+	"16784.522"	"41395.523"	"4d5.(4G).5s"	"a 5G"	"5"	"4d5.(4G).5p"	"y 5F*"	"4"		"T5293"	"L10250,L3475"	
"407.1030"	""	"407.10300+"	"2300"	"3.25e+07"	B+	"16783.856"	"41347.664"	"4d5.(4G).5s"	"a 5G"	"6"	"4d5.(4G).5p"	"y 5F*"	"5"		"T5293"	"L10250,L3475"	
"407.7342"	""	"407.73420+"	"190"	"1.16e+07"	B	"24096.294"	"48622.076"	"4d4.5s2"	"a 3H"	"4"	"4d5.(2G).5p"	"x 3H*"	"4"		"T5293"	"L10250,L3475"	
"408.259"	""	"408.25161+"	"1300*"	""		"20930.425"	"45425.123"	"4d5.(4D).5s"	"a 3D"	"1"	"4d4.5s.(4F).5p"	"w 5F*"	"2"		""	"L3475"	
"408.259"	""	"408.26698+"	"1300*"	""		"23534.407"	"48028.183"	"4d4.5s2"	"a 3F"	"2"	"4d4.5s.(4D).5p"	"u 5F*"	"3"		""	"L3475"	
"408.5525"	""	"408.55237+"	"940"	"1.94e+07"	B+	"16747.720"	"41224.386"	"4d5.(4G).5s"	"a 5G"	"4"	"4d5.(4G).5p"	"y 5F*"	"3"		"T5293"	"L10250,L3475"	
"410.3307"	""	"410.33077+"	"250"	"1.22e+07"	B+	"16641.081"	"41011.664"	"4d5.(4G).5s"	"a 5G"	"2"	"4d5.(4G).5p"	"y 5F*"	"1"		"T5293"	"L10250,L3475"	
"410.8621"	""	"410.86206+"	"730"	"2.02e+07"	B+	"16692.905"	"41031.974"	"4d5.(4G).5s"	"a 5G"	"3"	"4d5.(4G).5p"	"y 5F*"	"2"		"T5293"	"L10250,L3475"	
"412.1255"	""	"412.12554+"	"630"	"6.0e+07"	B	"25548.887"	"49813.338"	"4d5.(2I).5s"	"a 3I"	"6"	""	"30.1*"	"7"		"T5293"	"L10250,L3475"	
"413.3082"	""	"413.30816+"	"180"	"1.56e+07"	B	"25455.636"	"49650.658"	"4d6"	"c 5D"	"4"	"4d4.5s.(4G).5p"	"t 5F*"	"5"		"T5293"	"L10250,L3475"	
"414.472"	""	""	"2900"	""		""	""	""	""	""	""	""	""		""	"L3475"	
"415.0107"	""	"415.01074+"	"230*"	"2.30e+06"	B	"16747.720"	"40843.482"	"4d5.(4G).5s"	"a 5G"	"4"	"4d4.5s.(4D).5p"	"z 3F*"	"4"		"T5293"	"L10250,L3475"	
"415.011"	""	"415.01155+"	"230*"	""		"24096.294"	"48192.009"	"4d4.5s2"	"a 3H"	"4"	"4d4.5s.(4D).5p"	"u 5F*"	"4"		""	"L3475"	
"415.0145"	""	"415.01446+"	"230*"	"1.56e+07"	B	"29842.148"	"53937.694"	"4d5.(2H).5s"	"b 3H"	"4"	""	"84*"	"5"		"T5293"	"L10250,L3475"	
"415.6456"	""	"415.64556+"	"250"	"4.7e+06"	B	"16784.522"	"40843.482"	"4d5.(4G).5s"	"a 5G"	"5"	"4d4.5s.(4D).5p"	"z 3F*"	"4"		"T5293"	"L10250,L3475"	
"415.8571"	""	"415.85715+"	"200"	"2.17e+07"	B	"25548.887"	"49595.606"	"4d5.(2I).5s"	"a 3I"	"6"	""	"30*"	"5"		"T5293"	"L10250,L3475"	
"415.9071"	""	"415.90724+"	"99"	"1.60e+07"	B	"26320.420"	"50364.243"	"4d5.(6S).5p"	"z 7P*"	"4"	"4d5.(6S).6d"	"g 7D"	"5"		"T5293"	"L10250"	
"417.9454"	""	"417.94544+"	"200"	"8.8e+06"	B	"25638.567"	"49565.135"	"4d5.(2I).5s"	"a 3I"	"7"	"4d4.5s.(4H).5p"	"y 3I*"	"7"		"T5293"	"L10250,L3475"	
"418.6999"	""	"418.69987+"	"480"	"3.82e+07"	B+	"25516.912"	"49400.368"	"4d5.(2I).5s"	"a 3I"	"5"	"4d4.5s.(4H).5p"	"y 3I*"	"6"		"T5293"	"L10250,L3475"	
"418.9503"	""	"418.95031+"	"2500"	"3.3e+07"	B	"16784.522"	"40653.701"	"4d5.(4G).5s"	"a 5G"	"5"	"4d5.(4G).5p"	"z 5H*"	"6"		"T5293"	"L10250,L3475"	
"419.5744"	""	"419.57439+"	"250"	"2.70e+07"	B	"25516.912"	"49350.588"	"4d5.(2I).5s"	"a 3I"	"5"	"4d4.5s.(4H).5p"	"y 3I*"	"5"		"T5293"	"L10250,L3475"	
"423.3781"	""	"423.3782+"	"1500"	"3.17e+07"	A	"16747.720"	"40367.264"	"4d5.(4G).5s"	"a 5G"	"4"	"4d5.(4G).5p"	"z 5H*"	"5"		"T5293"	"L10250,L3475"	
"424.2024"	""	"424.2024+"	"190"	"1.68e+07"	B	"20950.853"	"44524.504"	"4d5.(4D).5s"	"a 3D"	"2"	"4d5.(4D).5p"	"y 3D*"	"2"		"T5293"	"L10250,L3475"	
"424.7213"	""	"424.7214+"	"190"	"2.00e+07"	B	"25516.912"	"49061.760"	"4d5.(2I).5s"	"a 3I"	"5"	"4d5.(2G).5p"	"x 3H*"	"6"		"T5293"	"L10250,L3475"	
"425.3031"	""	"425.3031+"	"22"	"1.25e+06"	B	"20947.940"	"44460.583"	"4d5.(4G).5s"	"a 3G"	"3"	"4d4.5s.(4H).5p"	"y 3G*"	"4"		"T5293"	"L10250"	
"425.3080"	""	"425.3080+"	"80"	"1.76e+07"	B	"28241.014"	"51753.384"	"4d5.(2I).5s"	"a 1I"	"6"	"4d4.5s.(4H).5p"	"w 3H*"	"5"		"T5293"	"L10250"	
"425.6149"	""	"425.6149+"	"140"	"2.01e+07"	B	"26638.742"	"50134.158"	"4d5.(2D).5s"	"b 3D"	"3"	"4d5.(4F).5p"	"u 3F*"	"4"		"T5293"	"L10250,L3475"	
"427.0481"	""	"427.0481+"	"270"	"1.36e+07"	B	"21343.204"	"44759.769"	"4d5.(4G).5s"	"a 3G"	"5"	"4d4.5s.(4H).5p"	"y 3G*"	"5"		"T5293"	"L10250,L3475"	
"427.8110"	""	"427.8109+"	"890"	"2.85e+07"	A	"16692.905"	"40067.717"	"4d5.(4G).5s"	"a 5G"	"3"	"4d5.(4G).5p"	"z 5H*"	"4"		"T5293"	"L10250,L3475"	
"427.8443"	""	"427.8443+"	"1200"	"1.35e+07"	B	"12346.280"	"35719.270"	"4d4.5s2"	"a 5D"	"4"	"4d4.5s.(6D).5p"	"z 5F*"	"5"		"T5293"	"L10250,L3475"	
"428.9838"	""	"428.9837+"	"1400"	"1.05e+07"	B+	"11858.498"	"35169.407"	"4d4.5s2"	"a 5D"	"3"	"4d4.5s.(6D).5p"	"z 5F*"	"4"		"T5293"	"L10250,L3475"	
"429.334"	""	"429.3340+"	"680*"	""		"23516.476"	"46808.367"	"4d4.5s2"	"a 3F"	"4"	"4d5.(4F).5p"	"x 3D*"	"3"		""	"L3475"	
"429.3342"	""	"429.3342+"	"680*"	"6.9e+06"	B+	"11142.784"	"34434.660"	"4d4.5s2"	"a 5D"	"1"	"4d4.5s.(6D).5p"	"z 5F*"	"2"		"T5293"	"L10250,L3475"	
"429.4423"	""	"429.4423+"	"890"	"8.3e+06"	B+	"11454.362"	"34740.380"	"4d4.5s2"	"a 5D"	"2"	"4d4.5s.(6D).5p"	"z 5F*"	"3"		"T5293"	"L10250,L3475"	
"429.5088"	""	"429.5089+"	"360"	"5.73e+06"	B+	"10965.947"	"34248.354"	"4d4.5s2"	"a 5D"	"0"	"4d4.5s.(6D).5p"	"z 5F*"	"1"		"T5293"	"L10250,L3475"	
"431.9136"	""	"431.9136+"	"170"	"1.28e+07"	B	"25638.567"	"48791.344"	"4d5.(2I).5s"	"a 3I"	"7"	""	"25.1*"	"7"		"T5293"	"L10250,L3475"	
"432.7018"	""	"432.7019+"	"114"	"1.84e+07"	B	"20930.425"	"44041.026"	"4d5.(4D).5s"	"a 3D"	"1"	"4d5.(4D).5p"	"y 3D*"	"1"		"T5293"	"L10250"	
"432.7352"	""	"432.7353+"	"840"	"2.56e+07"	A	"16641.081"	"39749.894"	"4d5.(4G).5s"	"a 5G"	"2"	"4d5.(4G).5p"	"z 5H*"	"3"		"T5293"	"L10250,L3475"	
"432.7961"	""	"432.7961+"	"250"	"4.35e+06"	B+	"11142.784"	"34248.354"	"4d4.5s2"	"a 5D"	"1"	"4d4.5s.(6D).5p"	"z 5F*"	"1"		"T5293"	"L10250,L3475"	
"434.1958"	""	"434.1958+"	"85"	"1.23e+07"	B	"26758.660"	"49789.746"	"4d5.(2D).5s"	"b 3D"	"2"	"4d5.(4F).5p"	"u 3F*"	"3"		"T5293"	"L10250,L3475"	
"435.1554"	""	"435.1554+"	"230"	"2.94e+06"	B+	"11454.362"	"34434.660"	"4d4.5s2"	"a 5D"	"2"	"4d4.5s.(6D).5p"	"z 5F*"	"2"		"T5293"	"L10250,L3475"	
"437.0269"	""	"437.0270+"	"230"	"1.86e+06"	B+	"11858.498"	"34740.380"	"4d4.5s2"	"a 5D"	"3"	"4d4.5s.(6D).5p"	"z 5F*"	"3"		"T5293"	"L10250,L3475"	
"438.2861"	""	"438.2862+"	"1900"	"2.93e+07"	A	"16783.856"	"39600.000"	"4d5.(4G).5s"	"a 5G"	"6"	"4d5.(4G).5p"	"z 5G*"	"6"		"T5293"	"L10250,L3475"	
"438.3639"	""	"438.3639+"	"75"	"3.8e+07"	B	"33904.506"	"56716.603"	"4d5.(2H).5s"	"a 1H"	"5"	"4d5.(2H).5p"	"z 1I*"	"6"		"T5293"	"L10250,L3475"	
"441.1183"	""	"441.1183+"	"75"	"1.38e+07"	B	"30113.151"	"52782.806"	"4d5.(2H).5s"	"b 3H"	"6"	""	"63.1*"	"6"		"T5293"	"L10250,L3475"	
"441.2804"	""	"441.2804+"	"2500*"	"2.89e+06"	A	"16783.856"	"39445.182"	"4d5.(4G).5s"	"a 5G"	"6"	"4d5.(4G).5p"	"z 5G*"	"5"		"T5293"	"L10250,L3475"	
"441.2934"	"0.0010"	"441.2934+"	"2500*"	"2.63e+07"	A	"16784.522"	"39445.182"	"4d5.(4G).5s"	"a 5G"	"5"	"4d5.(4G).5p"	"z 5G*"	"5"		"T5293"	"L10250"	
"442.4851"	""	"442.4851+"	"210"	"9.3e+06"	B+	"18229.152"	"40828.781"	"4d5.(4P).5s"	"a 5P"	"3"	"4d5.(4P).5p"	"x 5D*"	"2"		"T5293"	"L10250,L3475"	
"443.6193"	""	"443.6194+"	"990"	"2.51e+07"	A	"16747.720"	"39289.564"	"4d5.(4G).5s"	"a 5G"	"4"	"4d5.(4G).5p"	"z 5G*"	"4"		"T5293"	"L10250,L3475"	
"444.3449"	""	"444.3449+"	"200"	"4.88e+06"	A	"16784.522"	"39289.564"	"4d5.(4G).5s"	"a 5G"	"5"	"4d5.(4G).5p"	"z 5G*"	"4"		"T5293"	"L10250,L3475"	
"444.7673"	""	"444.7672+"	"85"	"1.90e+07"	B+	"29981.714"	"52465.385"	"4d5.(2H).5s"	"b 3H"	"5"	""	"59*"	"5"		"T5293"	"L10250,L3475"	
"445.0987"	""	"445.0988+"	"340"	"8.4e+06"	A	"16692.905"	"39159.828"	"4d5.(4G).5s"	"a 5G"	"3"	"4d4.5s.(4D).5p"	"y 5D*"	"3"		"T5293"	"L10250,L3475"	
"445.8605"	""	"445.8606+"	"480"	"1.28e+07"	A	"16692.905"	"39121.439"	"4d5.(4G).5s"	"a 5G"	"3"	"4d5.(4G).5p"	"z 5G*"	"3"		"T5293"	"L10250,L3475"	
"447.5826"	""	"447.5825+"	"630"	"2.10e+07"	A	"16641.081"	"38983.332"	"4d5.(4G).5s"	"a 5G"	"2"	"4d5.(4G).5p"	"z 5G*"	"2"		"T5293"	"L10250,L3475"	
"449.2539"	""	"449.2540+"	"230"	"7.6e+06"	B	"18229.152"	"40488.277"	"4d5.(4P).5s"	"a 5P"	"3"	"4d5.(4P).5p"	"x 5D*"	"3"		"T5293"	"L10250,L3475"	
"449.2907"	""	"449.2908+"	"30"	"2.09e+07"	B	"33904.506"	"56161.808"	"4d5.(2H).5s"	"a 1H"	"5"	"4d5.(2H).5p"	"y 1H*"	"5"		"T5293"	"L10250,L3475"	
"450.6165"	""	"450.6165+"	"120"	"4.3e+05"	B	"25997.337"	"48189.154"	"4d5.(4F).5s"	"a 5F"	"4"	"4d5.(2I).5p"	"y 3H*"	"5"		"T5293"	"L10250,L3475"	
"451.3400"	""	"451.3400+"	"140"	"9.7e+05"	B+	"11142.784"	"33299.029"	"4d4.5s2"	"a 5D"	"1"	"4d4.5s.(6D).5p"	"y 5P*"	"2"		"T5293"	"L10250,L3475"	
"451.8388"	""	"451.8388+"	"230"	"7.6e+06"	B	"18356.491"	"40488.277"	"4d5.(4P).5s"	"a 5P"	"2"	"4d5.(4P).5p"	"x 5D*"	"3"		"T5293"	"L10250,L3475"	
"452.5600"	""	"452.5601+"	"230*"	"1.70e+06"	B+	"11858.498"	"33955.010"	"4d4.5s2"	"a 5D"	"3"	"4d4.5s.(6D).5p"	"y 5P*"	"3"		"T5293"	"L10250,L3475"	
"452.561"	""	"452.5612+"	"230*"	""		"27093.242"	"49189.701"	"4d5.(2F).5s"	"b 3F"	"2"	"4d4.5s.(4G).5p"	"t 5F*"	"1"		""	"L3475"	
"453.0665"	""	"453.0665+"	"120"	"4.9e+06"	B	"20350.507"	"42422.323"	"4d5.(4D).5s"	"b 5D"	"3"	"4d5.(4D).5p"	"w 5D*"	"3"		"T5293"	"L10250,L3475"	
"453.8038"	""	"453.8038+"	"5"	"5.0e+05"	B	"25455.636"	"47491.592"	"4d6"	"c 5D"	"4"	""	"18*"	"5"		"T5293"	"L10250"	
"453.8068"	""	"453.8068+"	"396"	"5.0e+07"	B+	"28241.014"	"50276.822"	"4d5.(2I).5s"	"a 1I"	"6"	"4d5.(2I).5p"	"z 3K*"	"7"		"T5293"	"L10250"	
"455.9382"	""	"455.9382+"	"110"	"1.14e+06"	B+	"10965.947"	"32898.742"	"4d4.5s2"	"a 5D"	"0"	"4d4.5s.(6D).5p"	"y 5P*"	"1"		"T5293"	"L10250,L3475"	
"457.7777"	""	"457.7776+"	"210"	"2.11e+06"	B+	"11454.362"	"33299.029"	"4d4.5s2"	"a 5D"	"2"	"4d4.5s.(6D).5p"	"y 5P*"	"2"		"T5293"	"L10250,L3475"	
"459.6442"	""	"459.6442+"	"170"	"1.90e+06"	B+	"11142.784"	"32898.742"	"4d4.5s2"	"a 5D"	"1"	"4d4.5s.(6D).5p"	"y 5P*"	"1"		"T5293"	"L10250,L3475"	
"459.9513"	""	"459.9514+"	"26"	"1.47e+07"	B	"27866.684"	"49608.111"	"4d4.5s.(6D).5p"	"z 7F*"	"0"	"4d4.5s.(6D).6s"	"f 7D"	"1"		"T5293"	"L10250,L3475"	
"461.1164"	""	"461.1165+"	"360"	"8.22e+06"	A	"18229.152"	"39915.644"	"4d5.(4P).5s"	"a 5P"	"3"	"4d4.5s.(4D).5p"	"y 5D*"	"4"		"T5293"	"L10250,L3475"	
"462.2659"	""	"462.2659+"	"100"	"3.8e+06"	B	"18356.491"	"39989.061"	"4d5.(4P).5s"	"a 5P"	"2"	"4d4.5s.(4D).5p"	"z 3F*"	"2"		"T5293"	"L10250,L3475"	
"462.5527"	""	"462.5528+"	"30"	"1.32e+07"	B	"29171.107"	"50790.261"	"4d4.5s.(6D).5p"	"z 7F*"	"4"	"4d4.5s.(6D).6s"	"f 7D"	"4"		"T5293"	"L10250,L3475"	
"462.7760"	""	"462.7759+"	"460"	"3.65e+06"	B+	"12346.280"	"33955.010"	"4d4.5s2"	"a 5D"	"4"	"4d4.5s.(6D).5p"	"y 5P*"	"3"		"T5293"	"L10250,L3475"	
"462.8777"	""	"462.8777+"	"100"	"1.90e+06"	B+	"18356.491"	"39960.469"	"4d5.(4P).5s"	"a 5P"	"2"	"4d4.5s.(4D).5p"	"x 5P*"	"3"		"T5293"	"L10250,L3475"	
"463.4372"	""	"463.4373+"	"45"	"2.35e+07"	B	"28274.290"	"49852.184"	"4d4.5s.(6D).5p"	"z 7F*"	"1"	"4d4.5s.(6D).6s"	"f 7D"	"2"		"T5293"	"L10250,L3475"	
"465.0361"	""	"465.0360+"	"12"	"1.25e+07"	C+	"25820.622"	"47324.332"	"4d6"	"c 5D"	"1"	""	"16*"	"0"		"T5293"	"L10250"	
"465.0364"	""	"465.0364+"	"7"	"7.9e+05"	C+	"25905.490"	"47409.183"	"4d5.(4F).5s"	"a 5F"	"5"	""	"17.1*"	"4"		"T5293"	"L10250"	
"465.3547"	""	"465.3548+"	"57"	"1.55e+07"	B	"28666.545"	"50155.527"	"4d4.5s.(6D).5p"	"z 7F*"	"2"	"4d4.5s.(6D).6s"	"f 7D"	"3"		"T5293"	"L10250"	
"466.4064"	""	"466.4064+"	"220"	"2.02e+06"	B+	"11858.498"	"33299.029"	"4d4.5s2"	"a 5D"	"3"	"4d4.5s.(6D).5p"	"y 5P*"	"2"		"T5293"	"L10250,L3475"	
"467.3203"	""	"467.3203+"	"130"	"6.1e+06"	B	"21343.204"	"42741.804"	"4d5.(4G).5s"	"a 3G"	"5"	"4d5.(4D).5p"	"w 5D*"	"4"		"T5293"	"L10250,L3475"	
"468.7393"	""	"468.7393+"	"26"	"1.72e+07"	B	"28274.290"	"49608.111"	"4d4.5s.(6D).5p"	"z 7F*"	"1"	"4d4.5s.(6D).6s"	"f 7D"	"1"		"T5293"	"L10250,L3475"	
"468.9525"	""	"468.9525+"	"130"	"1.54e+07"	B	"28241.014"	"49565.135"	"4d5.(2I).5s"	"a 1I"	"6"	"4d4.5s.(4H).5p"	"y 3I*"	"7"		"T5293"	"L10250,L3475"	
"470.8564"	""	"470.8564+"	"640"	"3.63e+07"	B+	"20947.940"	"42185.838"	"4d5.(4G).5s"	"a 3G"	"3"	"4d5.(4G).5p"	"z 3H*"	"4"		"T5293"	"L10250,L3475"	
"470.9539"	""	"470.9540+"	"150"	"7.6e+06"	B+	"18229.152"	"39462.647"	"4d5.(4P).5s"	"a 5P"	"3"	"4d4.5s.(4D).5p"	"x 5P*"	"2"		"T5293"	"L10250,L3475"	
"471.9239"	""	"471.9238+"	"220"	"5.2e+06"	B+	"20157.802"	"41347.664"	"4d5.(4D).5s"	"b 5D"	"4"	"4d5.(4G).5p"	"y 5F*"	"5"		"T5293"	"L10250,L3475"	
"472.0178"	""	"472.0179+"	"40"	"2.17e+07"	B	"28666.545"	"49852.184"	"4d4.5s.(6D).5p"	"z 7F*"	"2"	"4d4.5s.(6D).6s"	"f 7D"	"2"		"T5293"	"L10250,L3475"	
"472.4374"	""	"472.4373+"	"26"	"1.23e+07"	B	"32688.270"	"53855.099"	"4d5.(2G).5s"	"b 1G"	"4"	""	"83*"	"4"		"T5293"	"L10250,L3475"	
"473.0459"	""	"473.0460+"	"100"	"5.4e+06"	B+	"20947.940"	"42087.533"	"4d5.(4G).5s"	"a 3G"	"3"	"4d5.(4G).5p"	"y 3F*"	"4"		"T5293"	"L10250,L3475"	
"473.2765"	""	"473.2765+"	"700"	"4.49e+07"	B+	"21153.884"	"42283.180"	"4d5.(4G).5s"	"a 3G"	"4"	"4d5.(4G).5p"	"z 3H*"	"5"		"T5293"	"L10250,L3475"	
"475.1719"	""	"475.1719+"	"100"	"3.91e+06"	B+	"20350.507"	"41395.523"	"4d5.(4D).5s"	"b 5D"	"3"	"4d5.(4G).5p"	"y 5F*"	"4"		"T5293"	"L10250,L3475"	
"475.9832"	""	"475.9833+"	"45"	"3.01e+07"	B	"29781.120"	"50790.261"	"4d4.5s.(6D).5p"	"z 7F*"	"5"	"4d4.5s.(6D).6s"	"f 7D"	"4"		"T5293"	"L10250,L3475"	
"476.1513"	""	"476.1514+"	"770"	"4.67e+07"	B+	"21343.204"	"42344.929"	"4d5.(4G).5s"	"a 3G"	"5"	"4d5.(4G).5p"	"z 3H*"	"6"		"T5293"	"L10250,L3475"	
"476.5440"	""	"476.5440+"	"78"	"2.16e+07"	B	"29171.107"	"50155.527"	"4d4.5s.(6D).5p"	"z 7F*"	"4"	"4d4.5s.(6D).6s"	"f 7D"	"3"		"T5293"	"L10250"	
"477.7676"	""	"477.7677+"	"150"	"6.25e+06"	A	"18229.152"	"39159.828"	"4d5.(4P).5s"	"a 5P"	"3"	"4d4.5s.(4D).5p"	"y 5D*"	"3"		"T5293"	"L10250,L3475"	
"479.7858"	""	"479.7858+"	"100"	"6.5e+06"	B+	"21343.204"	"42185.838"	"4d5.(4G).5s"	"a 3G"	"5"	"4d5.(4G).5p"	"z 3H*"	"4"		"T5293"	"L10250,L3475"	
"481.2395"	""	"481.2395+"	"90"	"4.4e+07"	B	"30496.016"	"51275.691"	"4d4.5s.(6D).5p"	"z 7F*"	"6"	"4d4.5s.(6D).6s"	"f 7D"	"5"		"T5293"	"L10250,L3475"	
"482.0595"	""	"482.0595+"	"410"	"2.71e+07"	B+	"21343.204"	"42087.533"	"4d5.(4G).5s"	"a 3G"	"5"	"4d5.(4G).5p"	"y 3F*"	"4"		"T5293"	"L10250,L3475"	
"483.1862"	""	"483.1862+"	"410"	"4.07e+07"	A	"21153.884"	"41849.838"	"4d5.(4G).5s"	"a 3G"	"4"	"4d5.(4G).5p"	"y 3F*"	"3"		"T5293"	"L10250,L3475"	
"485.9746"	""	"485.9746+"	"23"	"1.24e+07"	B	"34810.153"	"55387.359"	"4d6"	"c 3H"	"6"	""	"100*"	"5"		"T5293"	"L10250"	
"486.9377"	""	"486.9377+"	"360"	"3.11e+07"	A	"20947.940"	"41484.450"	"4d5.(4G).5s"	"a 3G"	"3"	"4d5.(4G).5p"	"y 3F*"	"2"		"T5293"	"L10250,L3475"	
"495.1996"	""	"495.1996+"	"110"	"2.93e+06"	B+	"18229.152"	"38423.030"	"4d5.(4P).5s"	"a 5P"	"3"	"4d4.5s.(6D).5p"	"z 5D*"	"4"		"T5293"	"L10250,L3475"	
"495.8913"	""	"495.8915+"	"150"	"6.4e+06"	B+	"18356.491"	"38522.192"	"4d5.(4P).5s"	"a 5P"	"2"	"4d4.5s.(4D).5p"	"y 5D*"	"2"		"T5293"	"L10250,L3475"	
"498.0514"	""	"498.0513+"	"210"	"2.3e+06"	C+	"10768.332"	"30846.584"	"4d5.(6S).5s"	"a 5S"	"2"	"4d4.5s.(6D).5p"	"z 7D*"	"1"		"T5293"	"L10250,L3475"	
"500.1297"	""	"500.1297+"	"110"	"8.6e+06"	B	"24465.771"	"44460.583"	"4d4.5s2"	"a 3H"	"5"	"4d4.5s.(4H).5p"	"y 3G*"	"4"		"T5293"	"L10250,L3475"	
"501.2207"	""	"501.2207+"	"20"	"1.63e+06"	B	"26638.742"	"46590.034"	"4d5.(2D).5s"	"b 3D"	"3"	""	"6*"	"4"		"T5293"	"L10250,L3475"	
"501.5979"	""	"501.5979+"	"180"	"1.05e+07"	B	"24823.482"	"44759.769"	"4d4.5s2"	"a 3H"	"6"	"4d4.5s.(4H).5p"	"y 3G*"	"5"		"T5293"	"L10250,L3475"	
"501.8160"	""	"501.8161+"	"26"	"3.6e+06"	B	"25707.071"	"45634.691"	"4d6"	"c 5D"	"3"	"4d4.5s.(4F).5p"	"w 5F*"	"3"		"T5293"	"L10250,L3475"	
"502.1242"	""	"502.1242+"	"20"	"1.67e+06"	B	"25794.608"	"45709.998"	"4d6"	"c 5D"	"2"	"4d5.(4D).5p"	"x 3F*"	"2"		"T5293"	"L10250,L3475"	
"503.0396"	""	"503.0397+"	"80"	"4.7e+06"	B	"24096.294"	"43975.441"	"4d4.5s2"	"a 3H"	"4"	"4d4.5s.(4H).5p"	"y 3G*"	"3"		"T5293"	"L10250,L3475"	
"503.2158"	""	"503.2159+"	"65"	"4.3e+06"	B	"25997.337"	"45869.523"	"4d5.(4F).5s"	"a 5F"	"4"	"4d4.5s.(4F).5p"	"w 5F*"	"4"		"T5293"	"L10250,L3475"	
"503.8582"	""	"503.8582+"	"14"	"1.14e+07"	C+	"35042.114"	"54888.968"	"4d6"	"c 3H"	"4"	""	"95*"	"3"		"T5293"	"L10250"	
"504.0302"	""	"504.0301+"	"23*"	"2.8e+06"	B	"25794.608"	"45634.691"	"4d6"	"c 5D"	"2"	"4d4.5s.(4F).5p"	"w 5F*"	"3"		"T5293"	"L10250,L3475"	
"504.032"	""	"504.0324+"	"23*"	""		"30159.582"	"49999.575"	"4d5.(4F).5s"	"c 3F"	"3"	"4d4.5s.(4D).5p"	"v 5P*"	"3"		""	"L3475"	
"504.5763"	""	"504.5764+"	"43"	"1.31e+07"	B	"28923.668"	"48742.274"	"4d5.(6S).5p"	"z 5P*"	"3"	"4d5.(6S).7s"	"f 5S"	"2"		"T5293"	"L10250"	
"504.7916"	""	"504.7916+"	"26"	"8.3e+05"	B	"21153.884"	"40964.040"	"4d5.(4G).5s"	"a 3G"	"4"	"4d4.5s.(4D).5p"	"z 3D*"	"3"		"T5293"	"L10250,L3475"	
"504.9104"	""	"504.9104+"	"100"	"2.61e+07"	B	"20930.425"	"40735.918"	"4d5.(4D).5s"	"a 3D"	"1"	"4d5.(4P).5p"	"x 5D*"	"0"		"T5293"	"L10250,L3475"	
"505.6407"	""	"505.6406+"	"50"	"1.11e+06"	B+	"21618.630"	"41395.523"	"4d5.(4D).5s"	"a 3D"	"3"	"4d5.(4G).5p"	"y 5F*"	"4"		"T5293"	"L10250,L3475"	
"505.9479"	""	"505.9480+"	"35"	"1.83e+06"	B	"27726.714"	"47491.592"	"4d4.5s2"	"b 3G"	"5"	""	"18*"	"5"		"T5293"	"L10250,L3475"	
"506.1280"	""	"506.1281+"	"200"	"6.9e+06"	B+	"20157.802"	"39915.644"	"4d5.(4D).5s"	"b 5D"	"4"	"4d4.5s.(4D).5p"	"y 5D*"	"4"		"T5293"	"L10250,L3475"	
"506.3925"	""	"506.3925+"	"35"	"2.07e+06"	B+	"20950.853"	"40698.382"	"4d5.(4D).5s"	"a 3D"	"2"	"4d5.(4P).5p"	"x 5D*"	"1"		"T5293"	"L10250,L3475"	
"506.6044"	""	"506.6045+"	"29"	"3.31e+05"	B+	"18229.152"	"37968.418"	"4d5.(4P).5s"	"a 5P"	"3"	"4d4.5s.(6D).5p"	"z 5D*"	"3"		"T5293"	"L10250,L3475"	
"508.1280"	""	"508.1281+"	"35"	"2.41e+06"	B	"26189.445"	"45869.523"	"4d5.(4F).5s"	"a 5F"	"3"	"4d4.5s.(4F).5p"	"w 5F*"	"4"		"T5293"	"L10250,L3475"	
"508.1428"	""	"508.1430+"	"100"	"3.68e+06"	B+	"20280.968"	"39960.469"	"4d5.(4D).5s"	"b 5D"	"2"	"4d4.5s.(4D).5p"	"x 5P*"	"3"		"T5293"	"L10250,L3475"	
"508.2667"	""	"508.2668+"	"35"	"5.5e+04"	C+	"11858.498"	"31533.206"	"4d4.5s2"	"a 5D"	"3"	"4d4.5s.(6D).5p"	"y 7P*"	"3"		"T5293"	"L10250,L3475"	
"509.2390"	""	"509.2390+"	"40"	"5.4e+06"	B	"25820.622"	"45457.767"	"4d6"	"c 5D"	"1"	"4d4.5s.(4F).5p"	"w 5F*"	"1"		"T5293"	"L10250,L3475"	
"509.2753"	""	"509.2754+"	"35"	"7.8e+05"	B	"20930.425"	"40566.167"	"4d5.(4D).5s"	"a 3D"	"1"	"4d4.5s.(4D).5p"	"z 3D*"	"2"		"T5293"	"L10250,L3475"	
"509.3570"	""	"509.3571+"	"35"	"4.2e+06"	B	"31484.615"	"51117.208"	"4d4.5s2"	"b 1I"	"6"	""	"39.1*"	"6"		"T5293"	"L10250,L3475"	
"509.7300"	""	"509.7301+"	"40"	"1.45e+06"	B	"20947.940"	"40566.167"	"4d5.(4G).5s"	"a 3G"	"3"	"4d4.5s.(4D).5p"	"z 3D*"	"2"		"T5293"	"L10250,L3475"	
"509.8057"	""	"509.8058+"	"100"	"3.6e+06"	B	"20950.853"	"40566.167"	"4d5.(4D).5s"	"a 3D"	"2"	"4d4.5s.(4D).5p"	"z 3D*"	"2"		"T5293"	"L10250,L3475"	
"509.8938"	""	"509.8938+"	"130"	"2.50e+06"	B+	"18356.491"	"37968.418"	"4d5.(4P).5s"	"a 5P"	"2"	"4d4.5s.(6D).5p"	"z 5D*"	"3"		"T5293"	"L10250,L3475"	
"509.9448"	""	"509.9449+"	"35"	"1.14e+06"	B+	"20350.507"	"39960.469"	"4d5.(4D).5s"	"b 5D"	"3"	"4d4.5s.(4D).5p"	"x 5P*"	"3"		"T5293"	"L10250,L3475"	
"511.1132"	""	"511.1132+"	"130"	"2.80e+06"	B+	"20350.507"	"39915.644"	"4d5.(4D).5s"	"b 5D"	"3"	"4d4.5s.(4D).5p"	"y 5D*"	"4"		"T5293"	"L10250,L3475"	
"511.6391"	""	"511.6392+"	"80"	"2.89e+06"	B+	"18356.491"	"37901.516"	"4d5.(4P).5s"	"a 5P"	"2"	"4d4.5s.(4D).5p"	"y 5D*"	"1"		"T5293"	"L10250,L3475"	
"511.8381"	""	"511.8382+"	"35"	"6.4e+05"	B	"20950.853"	"40488.277"	"4d5.(4D).5s"	"a 3D"	"2"	"4d5.(4P).5p"	"x 5D*"	"3"		"T5293"	"L10250,L3475"	
"512.5248"	""	"512.5248+"	"29"	"2.09e+06"	B	"27415.053"	"46926.304"	"4d5.(4P).5s"	"b 3P"	"2"	"4d5.(2D).5p"	"w 3F*"	"3"		"T5293"	"L10250,L3475"	
"514.6811"	""	"514.6812+"	"150"	"8.8e+06"	B	"20607.435"	"40036.940"	"4d4.5s2"	"a 3P"	"0"	"4d4.5s.(4D).5p"	"z 3D*"	"1"		"T5293"	"L10250,L3475"	
"514.8817"	""	"514.8818+"	"110"	"3.41e+06"	B+	"18479.582"	"37901.516"	"4d5.(4P).5s"	"a 5P"	"1"	"4d4.5s.(4D).5p"	"y 5D*"	"1"		"T5293"	"L10250,L3475"	
"516.4618"	""	"516.4617+"	"80"	"2.03e+07"	B	"31913.171"	"51275.691"	"4d4.5s.(6D).5p"	"y 7P*"	"4"	"4d4.5s.(6D).6s"	"f 7D"	"5"		"T5293"	"L10250,L3475"	
"516.9185"	""	"516.9185+"	"100"	"3.2e+06"	B	"21618.630"	"40964.040"	"4d5.(4D).5s"	"a 3D"	"3"	"4d4.5s.(4D).5p"	"z 3D*"	"3"		"T5293"	"L10250,L3475"	
"517.2504"	""	"517.2506+"	"184"	"1.84e+07"	B	"25614.367"	"44947.356"	"4d5.(6S).5p"	"z 7P*"	"2"	"4d5.(6S).5d"	"e 7D"	"3"		"T5293"	"L10250"	
"517.2680"	""	"517.2681+"	"40"	"1.75e+06"	B+	"20130.313"	"39462.647"	"4d5.(4D).5s"	"b 5D"	"1"	"4d4.5s.(4D).5p"	"x 5P*"	"2"		"T5293"	"L10250"	
"517.4381"	""	"517.4383+"	"230h"	"4.1e+07"	B	"25614.367"	"44940.344"	"4d5.(6S).5p"	"z 7P*"	"2"	"4d5.(6S).5d"	"e 7D"	"2"		"T5293"	"L10250,L3475"	
"517.5621"	""	"517.5623+"	"160h"	"5.8e+07"	B	"25614.367"	"44935.711"	"4d5.(6S).5p"	"z 7P*"	"2"	"4d5.(6S).5d"	"e 7D"	"1"		"T5293"	"L10250,L3475"	
"519.2900"	""	"519.2902+"	"40"	"1.62e+07"	B	"31533.206"	"50790.261"	"4d4.5s.(6D).5p"	"y 7P*"	"3"	"4d4.5s.(6D).6s"	"f 7D"	"4"		"T5293"	"L10250,L3475"	
"520.1601"	""	"520.1601+"	"110"	"3.2e+06"	B	"21618.630"	"40843.482"	"4d5.(4D).5s"	"a 3D"	"3"	"4d4.5s.(4D).5p"	"z 3F*"	"4"		"T5293"	"L10250,L3475"	
"520.2186"	""	"520.2187+"	"50"	"1.00e+06"	B+	"18356.491"	"37579.174"	"4d5.(4P).5s"	"a 5P"	"2"	"4d4.5s.(6D).5p"	"z 5D*"	"2"		"T5293"	"L10250,L3475"	
"521.1885"	""	"521.1882+"	"26"	"4.1e+04"	C+	"12346.280"	"31533.206"	"4d4.5s2"	"a 5D"	"4"	"4d4.5s.(6D).5p"	"y 7P*"	"3"		"T5293"	"L10250,L3475"	
"521.3308"	""	"521.3308+"	"50"	"1.30e+06"	B+	"20280.968"	"39462.647"	"4d5.(4D).5s"	"b 5D"	"2"	"4d4.5s.(4D).5p"	"x 5P*"	"2"		"T5293"	"L10250,L3475"	
"522.0851"	""	"522.0851+"	"80"	"6.7e+06"	B	"22244.375"	"41398.340"	"4d4.5s2"	"a 3P"	"1"	""	"3*"	"1"		"T5293"	"L10250,L3475"	
"523.2515"	""	"523.2515+"	"65"	"8.7e+06"	B	"31484.615"	"50595.883"	"4d4.5s2"	"b 1I"	"6"	"4d5.(2I).5p"	"z 3K*"	"6"		"T5293"	"L10250,L3475"	
"523.3817"	""	"523.3817+"	"26"	"2.10e+06"	B	"20930.425"	"40036.940"	"4d5.(4D).5s"	"a 3D"	"1"	"4d4.5s.(4D).5p"	"z 3D*"	"1"		"T5293"	"L10250,L3475"	
"523.5715"	""	"523.5714+"	"100"	"1.47e+06"	B+	"18479.582"	"37579.174"	"4d5.(4P).5s"	"a 5P"	"1"	"4d4.5s.(6D).5p"	"z 5D*"	"2"		"T5293"	"L10250,L3475"	
"523.9663"	""	"523.9664+"	"460h"	"3.7e+07"	B	"25871.887"	"44957.079"	"4d5.(6S).5p"	"z 7P*"	"3"	"4d5.(6S).5d"	"e 7D"	"4"		"T5293"	"L10250,L3475"	
"524.2333"	""	"524.2335+"	"230h"	"3.9e+07"	B	"25871.887"	"44947.356"	"4d5.(6S).5p"	"z 7P*"	"3"	"4d5.(6S).5d"	"e 7D"	"3"		"T5293"	"L10250,L3475"	
"524.4261"	""	"524.4263+"	"110h"	"2.01e+07"	B	"25871.887"	"44940.344"	"4d5.(6S).5p"	"z 7P*"	"3"	"4d5.(6S).5d"	"e 7D"	"2"		"T5293"	"L10250,L3475"	
"524.6965"	""	"524.6965+"	"100"	"2.63e+06"	B	"20930.425"	"39989.061"	"4d5.(4D).5s"	"a 3D"	"1"	"4d4.5s.(4D).5p"	"z 3F*"	"2"		"T5293"	"L10250,L3475"	
"526.0496"	""	"526.0496+"	"150"	"5.2e+06"	B+	"20950.853"	"39960.469"	"4d5.(4D).5s"	"a 3D"	"2"	"4d4.5s.(4D).5p"	"x 5P*"	"3"		"T5293"	"L10250,L3475"	
"526.1605"	""	"526.1607+"	"16"	"9.1e+06"	B	"30846.584"	"49852.184"	"4d4.5s.(6D).5p"	"z 7D*"	"1"	"4d4.5s.(6D).6s"	"f 7D"	"2"		"T5293"	"L10250,L3475"	
"526.2596"	""	"526.2597+"	"65"	"2.04e+06"	A	"20157.802"	"39159.828"	"4d5.(4D).5s"	"b 5D"	"4"	"4d4.5s.(4D).5p"	"y 5D*"	"3"		"T5293"	"L10250,L3475"	
"526.2996"	""	"526.2994+"	"37"	"1.13e+07"	B	"31154.935"	"50155.527"	"4d4.5s.(6D).5p"	"z 7D*"	"2"	"4d4.5s.(6D).6s"	"f 7D"	"3"		"T5293"	"L10250"	
"527.0398"	""	"527.0399+"	"20*"	""		"26414.806"	"45388.700"	"4d5.(4P).5s"	"b 3P"	"1"	""	"4*"	"2"		""	"L10250,L3475"	
"527.0398"	""	"527.0399+"	"20*"	"7.08e+05"	A	"22875.942"	"41849.838"	"4d4.5s2"	"a 3P"	"2"	"4d5.(4G).5p"	"y 3F*"	"3"		"T5293"	"L10250,L3475"	
"527.3250"	""	"527.3250+"	"35"	"6.3e+05"	B+	"20157.802"	"39121.439"	"4d5.(4D).5s"	"b 5D"	"4"	"4d5.(4G).5p"	"z 5G*"	"3"		"T5293"	"L10250,L3475"	
"527.7730"	""	"527.7731+"	"35"	"8.6e+05"	B	"21618.630"	"40566.167"	"4d5.(4D).5s"	"a 3D"	"3"	"4d4.5s.(4D).5p"	"z 3D*"	"2"		"T5293"	"L10250,L3475"	
"528.1109"	""	"528.1110+"	"65"	"4.6e+05"	B	"16783.856"	"35719.270"	"4d5.(4G).5s"	"a 5G"	"6"	"4d4.5s.(6D).5p"	"z 5F*"	"5"		"T5293"	"L10250,L3475"	
"528.2325"	""	"528.2325+"	"210"	"1.28e+07"	B	"22875.942"	"41807.000"	"4d4.5s2"	"a 3P"	"2"	""	"3.1*"	"2"		"T5293"	"L10250,L3475"	
"528.5296"	""	"528.5296+"	"20"	"2.09e+06"	B	"26635.820"	"45556.237"	"4d4.5s2"	"a 1G"	"4"	"4d5.(2G).5p"	"x 3G*"	"4"		"T5293"	"L10250,L3475"	
"529.3546"	""	"529.3546+"	"55"	"2.20e+06"	B	"20930.425"	"39821.354"	"4d5.(4D).5s"	"a 3D"	"1"	"4d4.5s.(4D).5p"	"z 3P*"	"2"		"T5293"	"L10250,L3475"	
"529.4920"	""	"529.4920+"	"35"	"6.4e+06"	B+	"18479.582"	"37365.610"	"4d5.(4P).5s"	"a 5P"	"1"	"4d4.5s.(4D).5p"	"y 5D*"	"0"		"T5293"	"L10250,L3475"	
"529.6928"	""	"529.6930+"	"55"	"1.09e+06"	A	"20280.968"	"39159.828"	"4d5.(4D).5s"	"b 5D"	"2"	"4d4.5s.(4D).5p"	"y 5D*"	"3"		"T5293"	"L10250,L3475"	
"530.7721"	""	"530.7723+"	"20"	"4.57e+05"	B+	"20280.968"	"39121.439"	"4d5.(4D).5s"	"b 5D"	"2"	"4d5.(4G).5p"	"z 5G*"	"3"		"T5293"	"L10250,L3475"	
"531.5364"	""	"531.5365+"	"55"	"2.08e+06"	B+	"18479.582"	"37292.965"	"4d5.(4P).5s"	"a 5P"	"1"	"4d4.5s.(6D).5p"	"z 5D*"	"1"		"T5293"	"L10250,L3475"	
"531.6512"	""	"531.6513+"	"35"	"6.48e+05"	A	"20350.507"	"39159.828"	"4d5.(4D).5s"	"b 5D"	"3"	"4d4.5s.(4D).5p"	"y 5D*"	"3"		"T5293"	"L10250,L3475"	
"532.1355"	""	"532.1355+"	"20"	"2.56e+06"	B+	"31484.615"	"50276.822"	"4d4.5s2"	"b 1I"	"6"	"4d5.(2I).5p"	"z 3K*"	"7"		"T5293"	"L10250,L3475"	
"532.5937"	""	"532.5938+"	"20"	"1.79e+06"	B	"26638.742"	"45414.779"	"4d5.(2D).5s"	"b 3D"	"3"	"4d5.(2G).5p"	"x 3G*"	"3"		"T5293"	"L10250,L3475"	
"532.8586"	""	"532.8586+"	"24"	"9.1e+05"	B+	"23516.476"	"42283.180"	"4d4.5s2"	"a 3F"	"4"	"4d5.(4G).5p"	"z 3H*"	"5"		"T5293"	"L10250"	
"532.8588"	""	"532.8588+"	"21"	"6.4e+06"	C+	"29641.989"	"48408.687"	"4d5.(4F).5s"	"c 3F"	"2"	"4d4.5s.(4D).5p"	"v 5D*"	"2"		"T5293"	"L10250"	
"535.3837"	""	"535.3837+"	"20"	"1.15e+06"	B	"30113.151"	"48791.344"	"4d5.(2H).5s"	"b 3H"	"6"	""	"25.1*"	"7"		"T5293"	"L10250,L3475"	
"535.6368"	""	"535.6369+"	"80"	"3.21e+06"	B+	"23516.476"	"42185.838"	"4d4.5s2"	"a 3F"	"4"	"4d5.(4G).5p"	"z 3H*"	"4"		"T5293"	"L10250,L3475"	
"535.7005"	""	"535.7009+"	"35"	"1.21e+07"	B	"32123.128"	"50790.261"	"4d4.5s.(6D).5p"	"z 7D*"	"4"	"4d4.5s.(6D).6s"	"f 7D"	"4"		"T5293"	"L10250,L3475"	
"535.7950"	""	"535.7950+"	"65"	"2.11e+07"	B	"32611.837"	"51275.691"	"4d4.5s.(6D).5p"	"z 7D*"	"5"	"4d4.5s.(6D).6s"	"f 7D"	"5"		"T5293"	"L10250,L3475"	
"536.2004"	""	"536.2005+"	"560hl"	"6.2e+07"	B	"26320.420"	"44970.159"	"4d5.(6S).5p"	"z 7P*"	"4"	"4d5.(6S).5d"	"e 7D"	"5"		"T5293"	"L10250,L3475"	
"536.5768"	""	"536.5769+"	"110hl"	"2.26e+07"	B	"26320.420"	"44957.079"	"4d5.(6S).5p"	"z 7P*"	"4"	"4d5.(6S).5d"	"e 7D"	"4"		"T5293"	"L10250,L3475"	
"536.8569"	""	"536.8569+"	"35hl"	"5.6e+06"	B	"26320.420"	"44947.356"	"4d5.(6S).5p"	"z 7P*"	"4"	"4d5.(6S).5d"	"e 7D"	"3"		"T5293"	"L10250,L3475"	
"537.3886"	""	"537.3886+"	"35"	"2.02e+06"	A	"22875.942"	"41484.450"	"4d4.5s2"	"a 3P"	"2"	"4d5.(4G).5p"	"y 3F*"	"2"		"T5293"	"L10250,L3475"	
"539.0163"	""	"539.0165+"	"26"	"1.11e+07"	B	"31299.876"	"49852.184"	"4d4.5s.(6D).5p"	"y 7P*"	"2"	"4d4.5s.(6D).6s"	"f 7D"	"2"		"T5293"	"L10250,L3475"	
"539.6006"	""	"539.6007+"	"65"	"2.36e+06"	B+	"20930.425"	"39462.647"	"4d5.(4D).5s"	"a 3D"	"1"	"4d4.5s.(4D).5p"	"x 5P*"	"2"		"T5293"	"L10250,L3475"	
"539.8869"	""	"539.8869+"	"35"	"2.9e+06"	B	"22875.942"	"41398.340"	"4d4.5s2"	"a 3P"	"2"	""	"3*"	"1"		"T5293"	"L10250,L3475"	
"540.1960"	""	"540.1962+"	"50"	"1.81e+06"	B+	"20950.853"	"39462.647"	"4d5.(4D).5s"	"a 3D"	"2"	"4d4.5s.(4D).5p"	"x 5P*"	"2"		"T5293"	"L10250,L3475"	
"540.7276"	""	"540.7276+"	"35"	"7.7e+05"	B	"27341.925"	"45835.526"	"4d4.5s2"	"b 3G"	"4"	"4d5.(2G).5p"	"x 3G*"	"5"		"T5293"	"L10250,L3475"	
"540.7879"	""	"540.7878+"	"35"	"6.4e+06"	B	"22244.375"	"40735.918"	"4d4.5s2"	"a 3P"	"1"	"4d5.(4P).5p"	"x 5D*"	"0"		"T5293"	"L10250,L3475"	
"541.8877"	""	"541.8877+"	"40"	"2.51e+06"	B+	"22244.375"	"40698.382"	"4d4.5s2"	"a 3P"	"1"	"4d5.(4P).5p"	"x 5D*"	"1"		"T5293"	"L10250,L3475"	
"542.8384"	""	"542.8384+"	"23"	"2.21e+05"	B+	"16747.720"	"35169.407"	"4d5.(4G).5s"	"a 5G"	"4"	"4d4.5s.(6D).5p"	"z 5F*"	"4"		"T5293"	"L10250,L3475"	
"543.7183"	""	"543.7182+"	"55"	"1.96e+06"	B+	"20130.313"	"38522.192"	"4d5.(4D).5s"	"b 5D"	"1"	"4d4.5s.(4D).5p"	"y 5D*"	"2"		"T5293"	"L10250,L3475"	
"543.9250"	""	"543.9251+"	"65"	"6.5e+05"	B+	"16784.522"	"35169.407"	"4d5.(4G).5s"	"a 5G"	"5"	"4d4.5s.(6D).5p"	"z 5F*"	"4"		"T5293"	"L10250,L3475"	
"545.2017"	""	"545.2016+"	"40"	"1.95e+06"	B+	"21618.630"	"39960.469"	"4d5.(4D).5s"	"a 3D"	"3"	"4d4.5s.(4D).5p"	"x 5P*"	"3"		"T5293"	"L10250,L3475"	
"545.7982"	""	"545.7981+"	"35"	"1.79e+06"	B	"22244.375"	"40566.167"	"4d4.5s2"	"a 3P"	"1"	"4d4.5s.(4D).5p"	"z 3D*"	"2"		"T5293"	"L10250,L3475"	
"546.2021"	""	"546.2023+"	"26"	"3.5e+07"	B	"31299.876"	"49608.111"	"4d4.5s.(6D).5p"	"y 7P*"	"2"	"4d4.5s.(6D).6s"	"f 7D"	"1"		"T5293"	"L10250,L3475"	
"546.7081"	""	"546.7081+"	"23"	"3.34e+05"	B+	"21153.884"	"39445.182"	"4d5.(4G).5s"	"a 3G"	"4"	"4d5.(4G).5p"	"z 5G*"	"5"		"T5293"	"L10250,L3475"	
"547.7413"	""	"547.7412+"	"35"	"8.1e+05"	B+	"21343.204"	"39600.000"	"4d5.(4G).5s"	"a 3G"	"5"	"4d5.(4G).5p"	"z 5G*"	"6"		"T5293"	"L10250,L3475"	
"549.1796"	""	"549.1797+"	"35"	"9.4e+05"	B+	"20950.853"	"39159.828"	"4d5.(4D).5s"	"a 3D"	"2"	"4d4.5s.(4D).5p"	"y 5D*"	"3"		"T5293"	"L10250,L3475"	
"549.3683"	""	"549.3683+"	"20"	"9.9e+05"	B	"21618.630"	"39821.354"	"4d5.(4D).5s"	"a 3D"	"3"	"4d4.5s.(4D).5p"	"z 3P*"	"2"		"T5293"	"L10250,L3475"	
"549.5289"	""	"549.5291+"	"26h"	"2.13e+07"	B	"31654.786"	"49852.184"	"4d4.5s.(6D).5p"	"z 7D*"	"3"	"4d4.5s.(6D).6s"	"f 7D"	"2"		"T5293"	"L10250,L3475"	
"550.0019"	""	"550.0018+"	"26"	"2.15e+06"	B+	"23668.079"	"41849.838"	"4d4.5s2"	"a 3F"	"3"	"4d5.(4G).5p"	"y 3F*"	"3"		"T5293"	"L10250,L3475"	
"550.3066"	""	"550.3067+"	"50"	"1.90e+06"	B+	"20350.507"	"38522.192"	"4d5.(4D).5s"	"b 5D"	"3"	"4d4.5s.(4D).5p"	"y 5D*"	"2"		"T5293"	"L10250,L3475"	
"550.3400"	""	"550.3400+"	"23"	"9.0e+05"	B+	"20950.853"	"39121.439"	"4d5.(4D).5s"	"a 3D"	"2"	"4d5.(4G).5p"	"z 5G*"	"3"		"T5293"	"L10250,L3475"	
"550.507"	""	""	"26h"	""		""	""	""	""	""	""	""	""		""	"L3475"	
"550.8023"	""	"550.8023+"	"7800"	"3.61e+07"	A+	"10768.332"	"28923.668"	"4d5.(6S).5s"	"a 5S"	"2"	"4d5.(6S).5p"	"z 5P*"	"3"		"T5293"	"L10250,L3475"	
"552.1567"	""	"552.1567+"	"23"	"9.7e+05"	B	"25455.636"	"43566.437"	"4d6"	"c 5D"	"4"	""	"3.4*"	"5"		"T5293"	"L10250,L3475"	
"552.2174"	""	"552.2173+"	"26"	"2.38e+06"	B	"27726.714"	"45835.526"	"4d4.5s2"	"b 3G"	"5"	"4d5.(2G).5p"	"x 3G*"	"5"		"T5293"	"L10250,L3475"	
"552.8054"	""	"552.8055+"	"40"	"1.96e+06"	B+	"24096.294"	"42185.838"	"4d4.5s2"	"a 3H"	"4"	"4d5.(4G).5p"	"z 3H*"	"4"		"T5293"	"L10250,L3475"	
"552.8497"	""	"552.8497+"	"40"	"1.57e+06"	B	"22875.942"	"40964.040"	"4d4.5s2"	"a 3P"	"2"	"4d4.5s.(4D).5p"	"z 3D*"	"3"		"T5293"	"L10250,L3475"	
"553.4568"	""	"553.4567+"	"5200"	"3.72e+07"	A+	"10768.332"	"28836.592"	"4d5.(6S).5s"	"a 5S"	"2"	"4d5.(6S).5p"	"z 5P*"	"2"		"T5293"	"L10250,L3475"	
"554.0941"	""	"554.0941+"	"40"	"2.95e+05"	B+	"16692.905"	"34740.380"	"4d5.(4G).5s"	"a 5G"	"3"	"4d4.5s.(6D).5p"	"z 5F*"	"3"		"T5293"	"L10250,L3475"	
"554.4653"	""	"554.4654+"	"50"	"1.78e+06"	B+	"20947.940"	"38983.332"	"4d5.(4G).5s"	"a 3G"	"3"	"4d5.(4G).5p"	"z 5G*"	"2"		"T5293"	"L10250,L3475"	
"554.6022"	""	"554.6022+"	"40"	"4.4e+06"	B	"27383.838"	"45414.779"	"4d4.5s2"	"b 3G"	"3"	"4d5.(2G).5p"	"x 3G*"	"3"		"T5293"	"L10250,L3475"	
"555.7823"	""	"555.7822+"	"55"	"7.9e+05"	B+	"16747.720"	"34740.380"	"4d5.(4G).5s"	"a 5G"	"4"	"4d4.5s.(6D).5p"	"z 5F*"	"3"		"T5293"	"L10250,L3475"	
"555.8262"	""	"555.8261+"	"26"	"1.89e+06"	B+	"24096.294"	"42087.533"	"4d4.5s2"	"a 3H"	"4"	"4d5.(4G).5p"	"y 3F*"	"4"		"T5293"	"L10250,L3475"	
"556.5587"	""	"556.5588+"	"20"	"5.22e+05"	B+	"21153.884"	"39121.439"	"4d5.(4G).5s"	"a 3G"	"4"	"4d5.(4G).5p"	"z 5G*"	"3"		"T5293"	"L10250,L3475"	
"557.0150"	""	"557.0150+"	"40"	"2.51e+06"	B+	"22875.942"	"40828.781"	"4d4.5s2"	"a 3P"	"2"	"4d5.(4P).5p"	"x 5D*"	"2"		"T5293"	"L10250,L3475"	
"557.1020"	""	"557.1017+"	"26"	"2.30e+06"	B+	"23534.407"	"41484.450"	"4d4.5s2"	"a 3F"	"2"	"4d5.(4G).5p"	"y 3F*"	"2"		"T5293"	"L10250,L3475"	
"557.1991"	""	"557.1990+"	"2500"	"3.30e+07"	A	"10768.332"	"28715.242"	"4d5.(6S).5s"	"a 5S"	"2"	"4d5.(6S).5p"	"z 5P*"	"1"		"T5293"	"L10250,L3475"	
"557.6726"	""	"557.6726+"	"35"	"2.07e+06"	B+	"19969.847"	"37901.516"	"4d5.(4D).5s"	"b 5D"	"0"	"4d4.5s.(4D).5p"	"y 5D*"	"1"		"T5293"	"L10250,L3475"	
"559.313"	""	"559.3139+"	"20"	""		"23516.476"	"41395.523"	"4d4.5s2"	"a 3F"	"4"	"4d5.(4G).5p"	"y 5F*"	"4"		""	"L3475"	
"560.4304"	""	"560.4306+"	"40"	"1.95e+06"	B	"25455.636"	"43299.059"	"4d6"	"c 5D"	"4"	"4d5.(4D).5p"	"x 5F*"	"5"		"T5293"	"L10250,L3475"	
"561.0172"	""	"561.0173+"	"23"	"2.02e+06"	B	"26635.820"	"44460.583"	"4d4.5s2"	"a 1G"	"4"	"4d4.5s.(4H).5p"	"y 3G*"	"4"		"T5293"	"L10250,L3475"	
"561.0786"	""	"561.0787+"	"23"	"1.78e+06"	C+	"25707.071"	"43529.884"	"4d6"	"c 5D"	"3"	"4d5.(4D).5p"	"x 5F*"	"4"		"T5293"	"L10250,L3475"	
"561.2489"	""	"561.2488+"	"100"	"4.7e+06"	B+	"24465.771"	"42283.180"	"4d4.5s2"	"a 3H"	"5"	"4d5.(4G).5p"	"z 3H*"	"5"		"T5293"	"L10250,L3475"	
"561.4629"	""	"561.4629+"	"23"	"6.5e+05"	B+	"20157.802"	"37968.418"	"4d5.(4D).5s"	"b 5D"	"4"	"4d4.5s.(6D).5p"	"z 5D*"	"3"		"T5293"	"L10250,L3475"	
"562.0006"	""	"562.0005+"	"20"	"2.69e+05"	B+	"16641.081"	"34434.660"	"4d5.(4G).5s"	"a 5G"	"2"	"4d4.5s.(6D).5p"	"z 5F*"	"2"		"T5293"	"L10250,L3475"	
"562.0932"	""	"562.0932+"	"23"	"2.58e+06"	B	"27765.594"	"45556.237"	"4d5.(2F).5s"	"b 3F"	"4"	"4d5.(2G).5p"	"x 3G*"	"4"		"T5293"	"L10250,L3475"	
"563.4026"	""	"563.4027+"	"330"	"3.40e+06"	A	"10965.947"	"28715.242"	"4d4.5s2"	"a 5D"	"0"	"4d5.(6S).5p"	"z 5P*"	"1"		"T5293"	"L10250,L3475"	
"563.6420"	""	"563.6421+"	"50"	"9.6e+05"	B+	"16692.905"	"34434.660"	"4d5.(4G).5s"	"a 5G"	"3"	"4d4.5s.(6D).5p"	"z 5F*"	"2"		"T5293"	"L10250,L3475"	
"565.1695"	""	"565.1695+"	"230"	"1.50e+06"	A	"11142.784"	"28836.592"	"4d4.5s2"	"a 5D"	"1"	"4d5.(6S).5p"	"z 5P*"	"2"		"T5293"	"L10250,L3475"	
"567.5193"	""	"567.5192+"	"23"	"1.69e+06"	B+	"20280.968"	"37901.516"	"4d5.(4D).5s"	"b 5D"	"2"	"4d4.5s.(4D).5p"	"y 5D*"	"1"		"T5293"	"L10250,L3475"	
"567.6044"	""	"567.6042+"	"55"	"1.68e+06"	B+	"20350.507"	"37968.418"	"4d5.(4D).5s"	"b 5D"	"3"	"4d4.5s.(6D).5p"	"z 5D*"	"3"		"T5293"	"L10250,L3475"	
"567.9471"	""	"567.9471+"	"40"	"1.37e+06"	B+	"16641.081"	"34248.354"	"4d5.(4G).5s"	"a 5G"	"2"	"4d4.5s.(6D).5p"	"z 5F*"	"1"		"T5293"	"L10250,L3475"	
"568.4478"	""	"568.4477+"	"35"	"1.13e+06"	B+	"20930.425"	"38522.192"	"4d5.(4D).5s"	"a 3D"	"1"	"4d4.5s.(4D).5p"	"y 5D*"	"2"		"T5293"	"L10250,L3475"	
"569.0725"	""	"569.0724+"	"460"	"6.84e+06"	A	"11142.784"	"28715.242"	"4d4.5s2"	"a 5D"	"1"	"4d5.(6S).5p"	"z 5P*"	"1"		"T5293"	"L10250,L3475"	
"570.0865"	""	"570.0865+"	"23"	"7.6e+05"	B+	"21618.630"	"39159.828"	"4d5.(4D).5s"	"a 3D"	"3"	"4d4.5s.(4D).5p"	"y 5D*"	"3"		"T5293"	"L10250,L3475"	
"570.7291"	""	"570.7291+"	"80"	"4.05e+06"	B+	"24823.482"	"42344.929"	"4d4.5s2"	"a 3H"	"6"	"4d5.(4G).5p"	"z 3H*"	"6"		"T5293"	"L10250,L3475"	
"571.3370"	""	"571.3369+"	"23"	"5.61e+05"	B+	"21618.630"	"39121.439"	"4d5.(4D).5s"	"a 3D"	"3"	"4d5.(4G).5p"	"z 5G*"	"3"		"T5293"	"L10250,L3475"	
"572.4326"	""	"572.4326+"	"210"	"9.2e+05"	A	"11454.362"	"28923.668"	"4d4.5s2"	"a 5D"	"2"	"4d5.(6S).5p"	"z 5P*"	"3"		"T5293"	"L10250,L3475"	
"573.0345"	""	"573.0344+"	"23"	"1.22e+06"	C+	"25794.608"	"43245.567"	"4d6"	"c 5D"	"2"	"4d5.(4D).5p"	"x 5F*"	"3"		"T5293"	"L10250,L3475"	
"573.1034"	""	"573.1033+"	"7"	"2.33e+05"	B+	"20130.313"	"37579.174"	"4d5.(4D).5s"	"b 5D"	"1"	"4d4.5s.(6D).5p"	"z 5D*"	"2"		"T5293"	"L10250"	
"573.1161"	""	"573.1162+"	"16"	"1.41e+06"	B	"30113.151"	"47561.619"	"4d5.(2H).5s"	"b 3H"	"6"	""	"18.1*"	"7"		"T5293"	"L10250"	
"575.3003"	""	"575.3002+"	"620"	"3.90e+06"	A	"11454.362"	"28836.592"	"4d4.5s2"	"a 5D"	"2"	"4d5.(6S).5p"	"z 5P*"	"2"		"T5293"	"L10250,L3475"	
"577.6134"	""	"577.6137+"	"23"	""		"11858.498"	"29171.107"	"4d4.5s2"	"a 5D"	"3"	"4d4.5s.(6D).5p"	"z 7F*"	"4"		""	"L10250,L3475"	
"578.0947"	""	"578.0946+"	"40"	"8.9e+05"	B+	"20280.968"	"37579.174"	"4d5.(4D).5s"	"b 5D"	"2"	"4d4.5s.(6D).5p"	"z 5D*"	"2"		"T5293"	"L10250,L3475"	
"578.493"	""	"578.4972+"	"23h"	""		"25455.636"	"42741.804"	"4d6"	"c 5D"	"4"	"4d5.(4D).5p"	"w 5D*"	"4"		""	"L3475"	
"579.3445"	""	"579.3447+"	"520"	"5.96e+06"	A	"11454.362"	"28715.242"	"4d4.5s2"	"a 5D"	"2"	"4d5.(6S).5p"	"z 5P*"	"1"		"T5293"	"L10250,L3475"	
"579.738"	""	"579.7236+"	"23h,i"	""		"30159.582"	"47409.183"	"4d5.(4F).5s"	"c 3F"	"3"	""	"17.1*"	"4"		""	"L3475"	
"580.2047"	""	"580.2047+"	"26"	"6.2e+06"	B+	"20130.313"	"37365.610"	"4d5.(4D).5s"	"b 5D"	"1"	"4d4.5s.(4D).5p"	"y 5D*"	"0"		"T5293"	"L10250,L3475"	
"580.4280"	""	"580.4280+"	"35"	"9.5e+05"	B+	"20350.507"	"37579.174"	"4d5.(4D).5s"	"b 5D"	"3"	"4d4.5s.(6D).5p"	"z 5D*"	"2"		"T5293"	"L10250,L3475"	
"582.6810"	""	"582.6810+"	"23"	"3.9e+06"	B	"27362.456"	"44524.504"	"4d5.(2D).5s"	"b 3D"	"1"	"4d5.(4D).5p"	"y 3D*"	"2"		"T5293"	"L10250,L3475"	
"583.7197"	""	"583.7198+"	"23"	""		"11142.784"	"28274.290"	"4d4.5s2"	"a 5D"	"1"	"4d4.5s.(6D).5p"	"z 7F*"	"1"		""	"L10250,L3475"	
"584.1580"	""	"584.1579+"	"20"	"1.04e+06"	B	"27341.925"	"44460.583"	"4d4.5s2"	"b 3G"	"4"	"4d4.5s.(4H).5p"	"y 3G*"	"4"		"T5293"	"L10250,L3475"	
"585.048"	""	"585.065+"	"20h"	""		"28715.242"	"45807.37?"	"4d5.(6S).5p"	"z 5P*"	"1"	"4d5.(6S).5d"	"e 5D"	"0"		""	"L3475"	
"585.1329"	""	"585.1329+"	"55h"	"3.02e+07"	B	"28715.242"	"45805.377"	"4d5.(6S).5p"	"z 5P*"	"1"	"4d5.(6S).5d"	"e 5D"	"1"		"T5293"	"L10250,L3475"	
"585.3125"	""	"585.3126+"	"50h"	"1.55e+07"	B	"28715.242"	"45800.131"	"4d5.(6S).5p"	"z 5P*"	"1"	"4d5.(6S).5d"	"e 5D"	"2"		"T5293"	"L10250,L3475"	
"585.9890"	""	"585.9889+"	"520"	"2.81e+06"	A	"11858.498"	"28923.668"	"4d4.5s2"	"a 5D"	"3"	"4d5.(6S).5p"	"z 5P*"	"3"		"T5293"	"L10250,L3475"	
"586.2998"	""	"586.2997+"	"20"	"1.32e+06"	C+	"26189.445"	"43245.567"	"4d5.(4F).5s"	"a 5F"	"3"	"4d5.(4D).5p"	"x 5F*"	"3"		"T5293"	"L10250,L3475"	
"587.0937"	""	"587.0937+"	"50"	"7.0e+06"	B	"27726.714"	"44759.769"	"4d4.5s2"	"b 3G"	"5"	"4d4.5s.(4H).5p"	"y 3G*"	"5"		"T5293"	"L10250,L3475"	
"587.8205"	""	"587.8205+"	"26"	"1.09e+06"	B+	"20280.968"	"37292.965"	"4d5.(4D).5s"	"b 5D"	"2"	"4d4.5s.(6D).5p"	"z 5D*"	"1"		"T5293"	"L10250,L3475"	
"588.9942"	""	"588.9943+"	"820"	"6.50e+06"	A	"11858.498"	"28836.592"	"4d4.5s2"	"a 5D"	"3"	"4d5.(6S).5p"	"z 5P*"	"2"		"T5293"	"L10250,L3475"	
"589.3904"	""	"589.3903+"	"23"	"1.22e+06"	C+	"25455.636"	"42422.323"	"4d6"	"c 5D"	"4"	"4d5.(4D).5p"	"w 5D*"	"3"		"T5293"	"L10250,L3475"	
"589.4996"	""	"589.4996+"	"50h"	"2.60e+07"	B	"28836.592"	"45800.131"	"4d5.(6S).5p"	"z 5P*"	"2"	"4d5.(6S).5d"	"e 5D"	"2"		"T5293"	"L10250,L3475"	
"589.7566"	""	"589.7567+"	"228"	"3.12e+07"	B	"28836.592"	"45792.737"	"4d5.(6S).5p"	"z 5P*"	"2"	"4d5.(6S).5d"	"e 5D"	"3"		"T5293"	"L10250"	
"590.0477"	""	"590.0476+"	"20"	"2.54e+06"	B	"27093.242"	"44041.026"	"4d5.(2F).5s"	"b 3F"	"2"	"4d5.(4D).5p"	"y 3D*"	"1"		"T5293"	"L10250,L3475"	
"590.3098"	""	"590.3099+"	"40"	"5.9e+05"	B+	"18229.152"	"35169.407"	"4d5.(4P).5s"	"a 5P"	"3"	"4d4.5s.(6D).5p"	"z 5F*"	"4"		"T5293"	"L10250,L3475"	
"592.8009"	""	"592.8009+"	"40h"	"1.63e+07"	B	"28923.668"	"45792.737"	"4d5.(6S).5p"	"z 5P*"	"3"	"4d5.(6S).5d"	"e 5D"	"3"		"T5293"	"L10250,L3475"	
"593.0521"	""	"593.0521+"	"160h"	"5.3e+07"	B	"28923.668"	"45785.593"	"4d5.(6S).5p"	"z 5P*"	"3"	"4d5.(6S).5d"	"e 5D"	"4"		"T5293"	"L10250,L3475"	
"598.9821"	""	"598.9821+"	"40"	"2.06e+06"	B	"27765.594"	"44460.583"	"4d5.(2F).5s"	"b 3F"	"4"	"4d4.5s.(4H).5p"	"y 3G*"	"4"		"T5293"	"L10250,L3475"	
"602.7145"	""	"602.7145+"	"35"	"3.6e+06"	B	"27383.838"	"43975.441"	"4d4.5s2"	"b 3G"	"3"	"4d4.5s.(4H).5p"	"y 3G*"	"3"		"T5293"	"L10250,L3475"	
"602.8925"	""	"602.8925+"	"16"	"8.3e+05"	B+	"22875.942"	"39462.647"	"4d4.5s2"	"a 3P"	"2"	"4d4.5s.(4D).5p"	"x 5P*"	"2"		"T5293"	"L10250,L3475"	
"603.2314"	""	"603.2313+"	"1300"	"7.86e+06"	A	"12346.280"	"28923.668"	"4d4.5s2"	"a 5D"	"4"	"4d5.(6S).5p"	"z 5P*"	"3"		"T5293"	"L10250,L3475"	
"604.9519"	""	"604.9518+"	"20"	"1.53e+06"	C+	"25707.071"	"42237.314"	"4d6"	"c 5D"	"3"	"4d5.(4D).5p"	"w 5D*"	"2"		"T5293"	"L10250,L3475"	
"605.6485"	""	"605.6485+"	"20"	"1.74e+05"	B+	"18229.152"	"34740.380"	"4d5.(4P).5s"	"a 5P"	"3"	"4d4.5s.(6D).5p"	"z 5F*"	"3"		"T5293"	"L10250,L3475"	
"608.1247"	""	"608.1248+"	"20"	"8.2e+05"	B+	"23516.476"	"39960.469"	"4d4.5s2"	"a 3F"	"4"	"4d4.5s.(4D).5p"	"x 5P*"	"3"		"T5293"	"L10250,L3475"	
"608.295"	""	"608.2933+"	"10"	""		"25905.490"	"42344.929"	"4d5.(4F).5s"	"a 5F"	"5"	"4d5.(4G).5p"	"z 3H*"	"6"		""	"L3475"	
"610.3558"	""	"610.3557+"	"40"	"4.6e+05"	B+	"18356.491"	"34740.380"	"4d5.(4P).5s"	"a 5P"	"2"	"4d4.5s.(6D).5p"	"z 5F*"	"3"		"T5293"	"L10250,L3475"	
"613.2315"	""	"613.2315+"	"10"	"3.6e+06"	B	"34810.153"	"51117.208"	"4d6"	"c 3H"	"6"	""	"39.1*"	"6"		"T5293"	"L10250,L3475"	
"619.9367"	""	"619.9366+"	"10"	"2.04e+06"	B	"32688.270"	"48818.952"	"4d5.(2G).5s"	"b 1G"	"4"	"4d5.(2G).5p"	"x 3H*"	"5"		"T5293"	"L10250,L3475"	
"621.9615"	""	"621.9614+"	"20"	"2.25e+05"	B+	"18356.491"	"34434.660"	"4d5.(4P).5s"	"a 5P"	"2"	"4d4.5s.(6D).5p"	"z 5F*"	"2"		"T5293"	"L10250,L3475"	
"626.600"	""	"626.6089+"	"10"	""		"33904.506"	"49863.424"	"4d5.(2H).5s"	"a 1H"	"5"	"4d4.5s.(4G).5p"	"w 3G*"	"4"		""	"L3475"	
"626.7598"	""	"626.7597+"	"16"	"1.84e+05"	B+	"18479.582"	"34434.660"	"4d5.(4P).5s"	"a 5P"	"1"	"4d4.5s.(6D).5p"	"z 5F*"	"2"		"T5293"	"L10250,L3475"	
"629.2464"	""	"629.2463+"	"11"	"4.0e+05"	B	"25455.636"	"41347.664"	"4d6"	"c 5D"	"4"	"4d5.(4G).5p"	"y 5F*"	"5"		"T5293"	"L10250"	
"629.2528"	""	"629.2528+"	"2"	"6.9e+04"	B+	"18356.491"	"34248.354"	"4d5.(4P).5s"	"a 5P"	"2"	"4d4.5s.(6D).5p"	"z 5F*"	"1"		"T5293"	"L10250"	
"630.3511"	""	"630.3511+"	"13"	"3.6e+05"	B+	"24096.294"	"39960.469"	"4d4.5s2"	"a 3H"	"4"	"4d4.5s.(4D).5p"	"x 5P*"	"3"		"T5293"	"L10250,L3475"	
"632.5275"	""	"632.5276+"	"11"	"8.6e+05"	B	"30159.582"	"45969.168"	"4d5.(4F).5s"	"c 3F"	"3"	"4d5.(4D).5p"	"x 3F*"	"4"		"T5293"	"L10250,L3475"	
"635.8955"	""	"635.8954+"	"40"	"4.62e+05"	B+	"18229.152"	"33955.010"	"4d5.(4P).5s"	"a 5P"	"3"	"4d4.5s.(6D).5p"	"y 5P*"	"3"		"T5293"	"L10250,L3475"	
"639.0856"	""	"639.0854+"	"16"	"6.1e+05"	B+	"26635.820"	"42283.180"	"4d4.5s2"	"a 1G"	"4"	"4d5.(4G).5p"	"z 3H*"	"5"		"T5293"	"L10250,L3475"	
"639.289"	""	""	"11"	""		""	""	""	""	""	""	""	""		""	"L3475"	
"640.284"	""	"640.3051+"	"35*"	""		"26189.445"	"41807.000"	"4d5.(4F).5s"	"a 5F"	"3"	""	"3.1*"	"2"		""	"L3475"	
"640.284"	""	"640.2602+"	"35*"	""		"39521.056"	"55139.706"	"4d6"	"c 1I"	"6"	""	"97*"	"6"		""	"L3475"	
"641.0867"	""	"641.0865+"	"26"	"2.43e+05"	B+	"18356.491"	"33955.010"	"4d5.(4P).5s"	"a 5P"	"2"	"4d4.5s.(6D).5p"	"y 5P*"	"3"		"T5293"	"L10250,L3475"	
"641.416"	""	""	"10"	""		""	""	""	""	""	""	""	""		""	"L3475"	
"642.6130"	""	"642.6129+"	"100"	"1.47e+06"	C+	"20157.802"	"35719.270"	"4d5.(4D).5s"	"b 5D"	"4"	"4d4.5s.(6D).5p"	"z 5F*"	"5"		"T5293"	"L10250,L3475"	
"644.8118"	""	"644.8117+"	"20"	"8.8e+05"	B	"25455.636"	"40964.040"	"4d6"	"c 5D"	"4"	"4d4.5s.(4D).5p"	"z 3D*"	"3"		"T5293"	"L10250,L3475"	
"647.2996"	""	"647.2998+"	"20"	"1.16e+06"	B+	"26638.742"	"42087.533"	"4d5.(2D).5s"	"b 3D"	"3"	"4d5.(4G).5p"	"y 3F*"	"4"		"T5293"	"L10250,L3475"	
"647.5776"	""	"647.5772+"	"20"	"6.7e+05"	C+	"25905.490"	"41347.664"	"4d5.(4F).5s"	"a 5F"	"5"	"4d5.(4G).5p"	"y 5F*"	"5"		"T5293"	"L10250,L3475"	
"649.4915"	""	"649.4917+"	"10"	"1.76e+06"	B	"30159.582"	"45556.237"	"4d5.(4F).5s"	"c 3F"	"3"	"4d5.(2G).5p"	"x 3G*"	"4"		"T5293"	"L10250,L3475"	
"652.1632"	""	"652.1633+"	"23"	"2.13e+06"	B	"30501.944"	"45835.526"	"4d5.(4F).5s"	"c 3F"	"4"	"4d5.(2G).5p"	"x 3G*"	"5"		"T5293"	"L10250,L3475"	
"661.3006"	""	"661.3009+"	"15h"	"1.31e+06"	B	"25707.071"	"40828.781"	"4d6"	"c 5D"	"3"	"4d5.(4P).5p"	"x 5D*"	"2"		"T5293"	"L10250,L3475"	
"662.0962"	""	"662.0958+"	"230"	"1.22e+06"	C+	"10768.332"	"25871.887"	"4d5.(6S).5s"	"a 5S"	"2"	"4d5.(6S).5p"	"z 7P*"	"3"		"T5293"	"L10250,L3475"	
"662.6389"	""	"662.6388+"	"10"	"7.1e+05"	B+	"26758.660"	"41849.838"	"4d5.(2D).5s"	"b 3D"	"2"	"4d5.(4G).5p"	"y 3F*"	"3"		"T5293"	"L10250,L3475"	
"665.2193"	""	"665.2191+"	"50"	"5.8e+06"	B	"25455.636"	"40488.277"	"4d6"	"c 5D"	"4"	"4d5.(4P).5p"	"x 5D*"	"3"		"T5293"	"L10250,L3475"	
"666.1513"	""	"666.1513+"	"13"	"1.35e+05"	B	"20157.802"	"35169.407"	"4d5.(4D).5s"	"b 5D"	"4"	"4d4.5s.(6D).5p"	"z 5F*"	"4"		"T5293"	"L10250,L3475"	
"669.2305"	""	"669.2304+"	"18"	"2.18e+05"	B+	"18356.491"	"33299.029"	"4d5.(4P).5s"	"a 5P"	"2"	"4d4.5s.(6D).5p"	"y 5P*"	"2"		"T5293"	"L10250,L3475"	
"673.5805"	""	"673.5805+"	"110"	"6.1e+05"	C+	"10768.332"	"25614.367"	"4d5.(6S).5s"	"a 5S"	"2"	"4d5.(6S).5p"	"z 7P*"	"2"		"T5293"	"L10250,L3475"	
"674.7891"	""	"674.7890+"	"21"	"3.03e+05"	B+	"18479.582"	"33299.029"	"4d5.(4P).5s"	"a 5P"	"1"	"4d4.5s.(6D).5p"	"y 5P*"	"2"		"T5293"	"L10250,L3475"	
"674.8137"	""	"674.8139+"	"50"	"9.1e+05"	B	"20350.507"	"35169.407"	"4d5.(4D).5s"	"b 5D"	"3"	"4d4.5s.(6D).5p"	"z 5F*"	"4"		"T5293"	"L10250,L3475"	
"675.5841"	""	"675.5844+"	"35"	"2.46e+06"	B+	"27383.838"	"42185.838"	"4d4.5s2"	"b 3G"	"3"	"4d5.(4G).5p"	"z 3H*"	"4"		"T5293"	"L10250,L3475"	
"676.5348"	""	"676.5348+"	"13"	"5.7e+05"	B	"25707.071"	"40488.277"	"4d6"	"c 5D"	"3"	"4d5.(4P).5p"	"x 5D*"	"3"		"T5293"	"L10250,L3475"	
"680.176"	""	""	"10h"	""		""	""	""	""	""	""	""	""		""	"L3475"	
"680.4500"	""	"680.4500+"	"10"	"6.1e+05"	C+	"26335.816"	"41031.974"	"4d5.(4F).5s"	"a 5F"	"2"	"4d5.(4G).5p"	"y 5F*"	"2"		"T5293"	"L10250,L3475"	
"681.3918"	""	"681.3916+"	"10"	"7.4e+05"	B	"26335.816"	"41011.664"	"4d5.(4F).5s"	"a 5F"	"2"	"4d5.(4G).5p"	"y 5F*"	"1"		"T5293"	"L10250,L3475"	
"682.7515"	""	"682.7515+"	"13"	"1.19e+06"	B	"30113.151"	"44759.769"	"4d5.(2H).5s"	"b 3H"	"6"	"4d4.5s.(4H).5p"	"y 3G*"	"5"		"T5293"	"L10250,L3475"	
"683.0752"	""	"683.0750+"	"5"	"7.8e+05"	B	"26758.660"	"41398.340"	"4d5.(2D).5s"	"b 3D"	"2"	""	"3*"	"1"		"T5293"	"L10250"	
"683.0911"	""	"683.0911+"	"16"	"1.27e+06"	B	"26189.445"	"40828.781"	"4d5.(4F).5s"	"a 5F"	"3"	"4d5.(4P).5p"	"x 5D*"	"2"		"T5293"	"L10250"	
"684.0780"	""	"684.0780+"	"40"	"2.97e+06"	B+	"27726.714"	"42344.929"	"4d4.5s2"	"b 3G"	"5"	"4d5.(4G).5p"	"z 3H*"	"6"		"T5293"	"L10250,L3475"	
"685.0791"	""	"685.0789+"	"16"	"2.49e+06"	B	"26414.806"	"41011.664"	"4d5.(4P).5s"	"b 3P"	"1"	"4d5.(4G).5p"	"y 5F*"	"1"		"T5293"	"L10250,L3475"	
"688.8198"	""	"688.8198+"	"21"	"1.71e+06"	B+	"27765.594"	"42283.180"	"4d5.(2F).5s"	"b 3F"	"4"	"4d5.(4G).5p"	"z 3H*"	"5"		"T5293"	"L10250,L3475"	
"689.4258"	""	"689.4254+"	"16"	"7.8e+05"	B+	"25455.636"	"39960.469"	"4d6"	"c 5D"	"4"	"4d4.5s.(4D).5p"	"x 5P*"	"3"		"T5293"	"L10250,L3475"	
"689.9899"	""	"689.9899+"	"10"	"1.06e+06"	B	"26335.816"	"40828.781"	"4d5.(4F).5s"	"a 5F"	"2"	"4d5.(4P).5p"	"x 5D*"	"2"		"T5293"	"L10250,L3475"	
"690.0866"	""	"690.0864+"	"10"	"5.3e+05"	B	"25997.337"	"40488.277"	"4d5.(4F).5s"	"a 5F"	"4"	"4d5.(4P).5p"	"x 5D*"	"3"		"T5293"	"L10250,L3475"	
"691.0098"	""	"691.0094+"	"13"	"3.1e+04"	C+	"11142.784"	"25614.367"	"4d4.5s2"	"a 5D"	"1"	"4d5.(6S).5p"	"z 7P*"	"2"		"T5293"	"L10250,L3475"	
"691.5909"	""	"691.5911+"	"35"	"7.1e+05"	B+	"20280.968"	"34740.380"	"4d5.(4D).5s"	"b 5D"	"2"	"4d4.5s.(6D).5p"	"z 5F*"	"3"		"T5293"	"L10250,L3475"	
"693.6003"	""	"693.6003+"	"13"	"5.1e+04"	C+	"11454.362"	"25871.887"	"4d4.5s2"	"a 5D"	"2"	"4d5.(6S).5p"	"z 7P*"	"3"		"T5293"	"L10250,L3475"	
"694.9330"	""	"694.9332+"	"10"	"2.08e+05"	B+	"20350.507"	"34740.380"	"4d5.(4D).5s"	"b 5D"	"3"	"4d4.5s.(6D).5p"	"z 5F*"	"3"		"T5293"	"L10250,L3475"	
"696.2545"	""	"696.2544+"	"10"	"1.36e+06"	B	"26335.816"	"40698.382"	"4d5.(4F).5s"	"a 5F"	"2"	"4d5.(4P).5p"	"x 5D*"	"1"		"T5293"	"L10250,L3475"	
"698.0659"	""	"698.0658+"	"16"	"1.23e+06"	B	"26638.742"	"40964.040"	"4d5.(2D).5s"	"b 3D"	"3"	"4d4.5s.(4D).5p"	"z 3D*"	"3"		"T5293"	"L10250,L3475"	
"699.0883"	""	"699.0882+"	"26"	"6.2e+05"	B+	"20130.313"	"34434.660"	"4d5.(4D).5s"	"b 5D"	"1"	"4d4.5s.(6D).5p"	"z 5F*"	"2"		"T5293"	"L10250,L3475"	
"700.1048"	""	"700.1048+"	"12"	"1.15e+06"	B	"26414.806"	"40698.382"	"4d5.(4P).5s"	"b 3P"	"1"	"4d5.(4P).5p"	"x 5D*"	"1"		"T5293"	"L10250,L3475"	
"700.3534"	""	"700.3533+"	"16"	"5.9e+05"	B+	"19969.847"	"34248.354"	"4d5.(4D).5s"	"b 5D"	"0"	"4d4.5s.(6D).5p"	"z 5F*"	"1"		"T5293"	"L10250,L3475"	
"703.9904"	""	"703.9904+"	"22"	"1.07e+06"	C+	"26638.742"	"40843.482"	"4d5.(2D).5s"	"b 3D"	"3"	"4d4.5s.(4D).5p"	"z 3F*"	"4"		"T5293"	"L10250,L3475"	
"706.2150"	""	"706.2144+"	"22"	"8.7e+04"	C+	"11454.362"	"25614.367"	"4d4.5s2"	"a 5D"	"2"	"4d5.(6S).5p"	"z 7P*"	"2"		"T5293"	"L10250,L3475"	
"706.5293"	""	"706.5294+"	"13"	"2.53e+05"	B+	"20280.968"	"34434.660"	"4d5.(4D).5s"	"b 5D"	"2"	"4d4.5s.(6D).5p"	"z 5F*"	"2"		"T5293"	"L10250,L3475"	
"708.3133"	""	"708.3136+"	"13"	"4.3e+05"	B+	"20130.313"	"34248.354"	"4d5.(4D).5s"	"b 5D"	"1"	"4d4.5s.(6D).5p"	"z 5F*"	"1"		"T5293"	"L10250,L3475"	
"711.183"	""	"711.1786+"	"110"	""		"25614.367"	"39675.532"	"4d5.(6S).5p"	"z 7P*"	"2"	"4d5.(6S).6s"	"e 7S"	"3"		""	"L3475"	
"713.6035"	""	"713.6033+"	"27"	"1.41e+05"	C+	"11858.498"	"25871.887"	"4d4.5s2"	"a 5D"	"3"	"4d5.(6S).5p"	"z 7P*"	"3"		"T5293"	"L10250,L3475"	
"715.6078"	""	"715.6075+"	"283"	"6.e+05"	D	"12346.280"	"26320.420"	"4d4.5s2"	"a 5D"	"4"	"4d5.(6S).5p"	"z 7P*"	"4"		"T5293"	"L10250"	
"724.450"	""	"724.4463+"	"150"	""		"25871.887"	"39675.532"	"4d5.(6S).5p"	"z 7P*"	"3"	"4d5.(6S).6s"	"e 7S"	"3"		""	"L3475"	
"724.7845"	""	"724.7843+"	"40"	"1.11e+06"	B+	"20157.802"	"33955.010"	"4d5.(4D).5s"	"b 5D"	"4"	"4d4.5s.(6D).5p"	"y 5P*"	"3"		"T5293"	"L10250,L3475"	
"726.9627"	""	"726.9624+"	"22"	"1.25e+05"	C+	"11858.498"	"25614.367"	"4d4.5s2"	"a 5D"	"3"	"4d5.(6S).5p"	"z 7P*"	"2"		"T5293"	"L10250,L3475"	
"730.2199"	""	"730.2196+"	"17"	"6.3e+05"	B	"25905.490"	"39600.000"	"4d5.(4F).5s"	"a 5F"	"5"	"4d5.(4G).5p"	"z 5G*"	"6"		"T5293"	"L10250,L3475"	
"735.0506"	""	"735.0507+"	"13"	"1.43e+05"	B+	"20350.507"	"33955.010"	"4d5.(4D).5s"	"b 5D"	"3"	"4d4.5s.(6D).5p"	"y 5P*"	"3"		"T5293"	"L10250,L3475"	
"736.3661"	""	"736.3661+"	"13"	"6.7e+05"	B	"27383.838"	"40964.040"	"4d4.5s2"	"b 3G"	"3"	"4d4.5s.(4D).5p"	"z 3D*"	"3"		"T5293"	"L10250,L3475"	
"736.644"	""	""	"10h"	""		""	""	""	""	""	""	""	""		""	"L3475"	
"739.3385"	""	"739.3384+"	"40"	"3.3e+05"	C+	"12346.280"	"25871.887"	"4d4.5s2"	"a 5D"	"4"	"4d5.(6S).5p"	"z 7P*"	"3"		"T5293"	"L10250,L3475"	
"743.6136"	""	"743.6136+"	"10"	"2.9e+05"	B	"25997.337"	"39445.182"	"4d5.(4F).5s"	"a 5F"	"4"	"4d5.(4G).5p"	"z 5G*"	"5"		"T5293"	"L10250,L3475"	
"744.9412"	""	"744.9415+"	"13"	"3.5e+06"	B	"31533.206"	"44957.079"	"4d4.5s.(6D).5p"	"y 7P*"	"3"	"4d5.(6S).5d"	"e 7D"	"4"		"T5293"	"L10250,L3475"	
"745.490"	""	"745.4855+"	"13h"	""		"26335.816"	"39749.894"	"4d5.(4F).5s"	"a 5F"	"2"	"4d5.(4G).5p"	"z 5H*"	"3"		""	"L3475"	
"748.780"	""	"748.7769+"	"140"	""		"26320.420"	"39675.532"	"4d5.(6S).5p"	"z 7P*"	"4"	"4d5.(6S).6s"	"e 7S"	"3"		""	"L3475"	
"750.654"	""	"750.6534+"	"13"	""		"26638.742"	"39960.469"	"4d5.(2D).5s"	"b 3D"	"3"	"4d4.5s.(4D).5p"	"x 5P*"	"3"		""	"L3475"	
"757.4722"	""	"757.4719+"	"11"	"6.3e+05"	B+	"26758.660"	"39960.469"	"4d5.(2D).5s"	"b 3D"	"2"	"4d4.5s.(4D).5p"	"x 5P*"	"3"		"T5293"	"L10250,L3475"	
"759.7217"	""	"759.7220+"	"11h"	"3.4e+05"	B	"25820.622"	"38983.332"	"4d6"	"c 5D"	"1"	"4d5.(4G).5p"	"z 5G*"	"2"		"T5293"	"L10250,L3475"	
"760.3918"	""	"760.3919+"	"11"	"6.3e+05"	B	"27415.053"	"40566.167"	"4d5.(4P).5s"	"b 3P"	"2"	"4d4.5s.(4D).5p"	"z 3D*"	"2"		"T5293"	"L10250,L3475"	
"765.8737"	""	"765.8734+"	"17h"	"6.4e+06"	B	"31913.171"	"44970.159"	"4d4.5s.(6D).5p"	"y 7P*"	"4"	"4d5.(6S).5d"	"e 7D"	"5"		"T5293"	"L10250,L3475"	
"768.1634"	""	"768.1636+"	"13"	"2.47e+05"	B+	"20280.968"	"33299.029"	"4d5.(4D).5s"	"b 5D"	"2"	"4d4.5s.(6D).5p"	"y 5P*"	"2"		"T5293"	"L10250,L3475"	
"772.2888"	""	"772.2889+"	"27"	"6.4e+05"	B+	"20350.507"	"33299.029"	"4d5.(4D).5s"	"b 5D"	"3"	"4d4.5s.(6D).5p"	"y 5P*"	"2"		"T5293"	"L10250,L3475"	
"783.1819"	""	"783.1817+"	"17"	"4.4e+05"	B+	"20130.313"	"32898.742"	"4d5.(4D).5s"	"b 5D"	"1"	"4d4.5s.(6D).5p"	"y 5P*"	"1"		"T5293"	"L10250,L3475"	
"785.6626"	""	"785.6625+"	"15"	"8.8e+05"	B	"27093.242"	"39821.354"	"4d5.(2F).5s"	"b 3F"	"2"	"4d4.5s.(4D).5p"	"z 3P*"	"2"		"T5293"	"L10250,L3475"	
"792.5328"	""	"792.5328+"	"11"	"3.8e+05"	B+	"20280.968"	"32898.742"	"4d5.(4D).5s"	"b 5D"	"2"	"4d4.5s.(6D).5p"	"y 5P*"	"1"		"T5293"	"L10250,L3475"	
"798.8794"	""	"798.8790+"	"15"	"5.7e+05"	B	"25905.490"	"38423.030"	"4d5.(4F).5s"	"a 5F"	"5"	"4d4.5s.(6D).5p"	"z 5D*"	"4"		"T5293"	"L10250,L3475"	
"824.733"	""	"824.7362+"	"22h"	""		"28715.242"	"40840.331"	"4d5.(6S).5p"	"z 5P*"	"1"	"4d5.(6S).6s"	"e 5S"	"2"		""	"L3475"	
"833.073"	""	"833.0738+"	"40h"	""		"28836.592"	"40840.331"	"4d5.(6S).5p"	"z 5P*"	"2"	"4d5.(6S).6s"	"e 5S"	"2"		""	"L3475"	
"839.163"	""	"839.1611+"	"45h"	""		"28923.668"	"40840.331"	"4d5.(6S).5p"	"z 5P*"	"3"	"4d5.(6S).6s"	"e 5S"	"2"		""	"L3475"	
"848.5677"	""	"848.5675+"	"45h"	"2.58e+05"	B	"25794.608"	"37579.174"	"4d6"	"c 5D"	"2"	"4d4.5s.(6D).5p"	"z 5D*"	"2"		"T5293"	"L10250,L3475"	
