obs_wl_vac(nm)	unc_obs_wl	ritz_wl_vac(nm)	unc_ritz_wl	intens	Aki(s^-1)	Acc	Ei(cm-1)	Ek(cm-1)	conf_i	term_i	J_i	conf_k	term_k	J_k	Type	tp_ref	line_ref	
"25.635"	"0.003"	"25.635"	"0.003"	"a"	""		"0.0000"	"390090"	"2s2.2p6"	"1S"	"0"	"2s.2p6.12p"	"1P*"	"1"		""	"L3359"	
"25.646"	"0.003"	"25.646"	"0.003"	"a"	""		"0.0000"	"389920"	"2s2.2p6"	"1S"	"0"	"2s.2p6.11p"	"1P*"	"1"		""	"L3359"	
"25.663"	"0.003"	"25.663"	"0.003"	"a"	""		"0.0000"	"389670"	"2s2.2p6"	"1S"	"0"	"2s.2p6.10p"	"1P*"	"1"		""	"L3359"	
"25.685"	"0.003"	"25.685"	"0.003"	"a"	""		"0.0000"	"389330"	"2s2.2p6"	"1S"	"0"	"2s.2p6.9p"	"1P*"	"1"		""	"L3359"	
"25.719"	"0.003"	"25.719"	"0.003"	"a"	""		"0.0000"	"388820"	"2s2.2p6"	"1S"	"0"	"2s.2p6.8p"	"1P*"	"1"		""	"L3359"	
"25.768"	"0.003"	"25.768"	"0.003"	"a"	""		"0.0000"	"388080"	"2s2.2p6"	"1S"	"0"	"2s.2p6.7p"	"1P*"	"1"		""	"L3359"	
"25.848"	"0.003"	"25.848"	"0.003"	"a"	""		"0.0000"	"386880"	"2s2.2p6"	"1S"	"0"	"2s.2p6.6p"	"1P*"	"1"		""	"L3359"	
"25.996"	"0.003"	"25.996"	"0.003"	"a"	""		"0.0000"	"384670"	"2s2.2p6"	"1S"	"0"	"2s.2p6.5p"	"1P*"	"1"		""	"L3359"	
"26.311"	"0.003"	"26.311"	"0.003"	"a"	""		"0.0000"	"380070"	"2s2.2p6"	"1S"	"0"	"2s.2p6.4p"	"1P*"	"1"		""	"L3359"	
"27.221"	"0.005"	"27.221"	"0.005"	"a"	""		"0.0000"	"367360"	"2s2.2p6"	"1S"	"0"	"2s.2p6.3p"	"1P*"	"1"		""	"L3359"	
"57.32775"	"0.00006"	"57.32775"	"0.00006"	"a"	""		"0.0000"	"174435.59"	"2s2.2p6"	"1S"	"0"	"2s2.2p5.(2P*<1/2>).20d"	"2[3/2]*"	"1"		""	"L10092"	
"57.33754"	"0.00006"	"57.33754"	"0.00006"	"a"	""		"0.0000"	"174405.81"	"2s2.2p6"	"1S"	"0"	"2s2.2p5.(2P*<1/2>).19d"	"2[3/2]*"	"1"		""	"L10092"	
"57.34056"	"0.00006"	"57.34056"	"0.00006"	"a"	""		"0.0000"	"174396.62"	"2s2.2p6"	"1S"	"0"	"2s2.2p5.(2P*<1/2>).20s"	"2[1/2]*"	"1"		""	"L10092"	
"57.34889"	"0.00006"	"57.34889"	"0.00006"	"a"	""		"0.0000"	"174371.29"	"2s2.2p6"	"1S"	"0"	"2s2.2p5.(2P*<1/2>).18d"	"2[3/2]*"	"1"		""	"L10092"	
"57.35257"	"0.00006"	"57.35257"	"0.00006"	"a"	""		"0.0000"	"174360.10"	"2s2.2p6"	"1S"	"0"	"2s2.2p5.(2P*<1/2>).19s"	"2[1/2]*"	"1"		""	"L10092"	
"57.36252"	"0.00006"	"57.36252"	"0.00006"	"a"	""		"0.0000"	"174329.86"	"2s2.2p6"	"1S"	"0"	"2s2.2p5.(2P*<1/2>).17d"	"2[3/2]*"	"1"		""	"L10092"	
"57.36679"	"0.00006"	"57.36679"	"0.00006"	"a"	""		"0.0000"	"174316.88"	"2s2.2p6"	"1S"	"0"	"2s2.2p5.(2P*<1/2>).18s"	"2[1/2]*"	"1"		""	"L10092"	
"57.37873"	"0.00006"	"57.37873"	"0.00006"	"a"	""		"0.0000"	"174280.61"	"2s2.2p6"	"1S"	"0"	"2s2.2p5.(2P*<1/2>).16d"	"2[3/2]*"	"1"		""	"L10092"	
"57.38383"	"0.00006"	"57.38383"	"0.00006"	"a"	""		"0.0000"	"174265.12"	"2s2.2p6"	"1S"	"0"	"2s2.2p5.(2P*<1/2>).17s"	"2[1/2]*"	"1"		""	"L10092"	
"57.39821"	"0.00006"	"57.39821"	"0.00006"	"a"	""		"0.0000"	"174221.46"	"2s2.2p6"	"1S"	"0"	"2s2.2p5.(2P*<1/2>).15d"	"2[3/2]*"	"1"		""	"L10092"	
"57.40447"	"0.00006"	"57.40447"	"0.00006"	"a"	""		"0.0000"	"174202.46"	"2s2.2p6"	"1S"	"0"	"2s2.2p5.(2P*<1/2>).16s"	"2[1/2]*"	"1"		""	"L10092"	
"57.42208"	"0.00006"	"57.42208"	"0.00006"	"a"	""		"0.0000"	"174149.04"	"2s2.2p6"	"1S"	"0"	"2s2.2p5.(2P*<1/2>).14d"	"2[3/2]*"	"1"		""	"L10092"	
"57.42982"	"0.00006"	"57.42982"	"0.00006"	"a"	""		"0.0000"	"174125.57"	"2s2.2p6"	"1S"	"0"	"2s2.2p5.(2P*<1/2>).15s"	"2[1/2]*"	"1"		""	"L10092"	
"57.45172"	"0.00006"	"57.45172"	"0.00006"	"a"	""		"0.0000"	"174059.19"	"2s2.2p6"	"1S"	"0"	"2s2.2p5.(2P*<1/2>).13d"	"2[3/2]*"	"1"		""	"L10092"	
"57.46144"	"0.00006"	"57.46144"	"0.00006"	"a"	""		"0.0000"	"174029.75"	"2s2.2p6"	"1S"	"0"	"2s2.2p5.(2P*<1/2>).14s"	"2[1/2]*"	"1"		""	"L10092"	
"57.48912"	"0.00006"	"57.48912"	"0.00006"	"a"	""		"0.0000"	"173945.96"	"2s2.2p6"	"1S"	"0"	"2s2.2p5.(2P*<1/2>).12d"	"2[3/2]*"	"1"		""	"L10092"	
"57.50158"	"0.00006"	"57.50158"	"0.00006"	"a"	""		"0.0000"	"173908.26"	"2s2.2p6"	"1S"	"0"	"2s2.2p5.(2P*<1/2>).13s"	"2[1/2]*"	"1"		""	"L10092"	
"57.53703"	"0.00006"	"57.53703"	"0.00006"	"a"	""		"0.0000"	"173801.12"	"2s2.2p6"	"1S"	"0"	"2s2.2p5.(2P*<1/2>).11d"	"2[3/2]*"	"1"		""	"L10092"	
"57.55347"	"0.00006"	"57.55347"	"0.00006"	"a"	""		"0.0000"	"173751.47"	"2s2.2p6"	"1S"	"0"	"2s2.2p5.(2P*<1/2>).12s"	"2[1/2]*"	"1"		""	"L10092"	
"57.58544"	"0.00006"	"57.58544"	"0.00006"	"a"	""		"0.0000"	"173655.01"	"2s2.2p6"	"1S"	"0"	"2s2.2p5.(2P*<3/2>).20d"	"2[3/2]*"	"1"		""	"L10092"	
"57.59530"	"0.00006"	"57.59530"	"0.00006"	"a"	""		"0.0000"	"173625.28"	"2s2.2p6"	"1S"	"0"	"2s2.2p5.(2P*<3/2>).19d"	"2[3/2]*"	"1"		""	"L10092"	
"57.59822"	"0.00006"	"57.59822"	"0.00006"	"a"	""		"0.0000"	"173616.48"	"2s2.2p6"	"1S"	"0"	"2s2.2p5.(2P*<3/2>).20s"	"2[3/2]*"	"1"		""	"L10092"	
"57.60045"	"0.00006"	"57.60050"	"0.00004"	"a"	""		"0.0000"	"173609.59"	"2s2.2p6"	"1S"	"0"	"2s2.2p5.(2P*<1/2>).10d"	"2[3/2]*"	"1"		""	"L10092"	
"57.60684"	"0.00006"	"57.60684"	"0.00006"	"a"	""		"0.0000"	"173590.50"	"2s2.2p6"	"1S"	"0"	"2s2.2p5.(2P*<3/2>).18d"	"2[3/2]*"	"1"		""	"L10092"	
"57.61032"	"0.00006"	"57.61032"	"0.00006"	"a"	""		"0.0000"	"173580.01"	"2s2.2p6"	"1S"	"0"	"2s2.2p5.(2P*<3/2>).19s"	"2[3/2]*"	"1"		""	"L10092"	
"57.62048"	"0.00006"	"57.62048"	"0.00006"	"a"	""		"0.0000"	"173549.40"	"2s2.2p6"	"1S"	"0"	"2s2.2p5.(2P*<3/2>).17d"	"2[3/2]*"	"1"		""	"L10092"	
"57.62255"	"0.00006"	"57.62255"	"0.00006"	"a"	""		"0.0000"	"173543.17"	"2s2.2p6"	"1S"	"0"	"2s2.2p5.(2P*<1/2>).11s"	"2[1/2]*"	"1"		""	"L10092"	
"57.62481"	"0.00006"	"57.62481"	"0.00006"	"a"	""		"0.0000"	"173536.36"	"2s2.2p6"	"1S"	"0"	"2s2.2p5.(2P*<3/2>).18s"	"2[3/2]*"	"1"		""	"L10092"	
"57.63685"	"0.00006"	"57.63685"	"0.00006"	"a"	""		"0.0000"	"173500.11"	"2s2.2p6"	"1S"	"0"	"2s2.2p5.(2P*<3/2>).16d"	"2[3/2]*"	"1"		""	"L10092"	
"57.64184"	"0.00006"	"57.64184"	"0.00006"	"a"	""		"0.0000"	"173485.09"	"2s2.2p6"	"1S"	"0"	"2s2.2p5.(2P*<3/2>).17s"	"2[3/2]*"	"1"		""	"L10092"	
"57.65645"	"0.00006"	"57.65645"	"0.00006"	"a"	""		"0.0000"	"173441.13"	"2s2.2p6"	"1S"	"0"	"2s2.2p5.(2P*<3/2>).15d"	"2[1/2]*"	"1"		""	"L10092"	
"57.65658"	"0.00006"	"57.65658"	"0.00006"	"a"	""		"0.0000"	"173440.74"	"2s2.2p6"	"1S"	"0"	"2s2.2p5.(2P*<3/2>).15d"	"2[3/2]*"	"1"		""	"L10092"	
"57.66262"	"0.00006"	"57.66262"	"0.00006"	"a"	""		"0.0000"	"173422.57"	"2s2.2p6"	"1S"	"0"	"2s2.2p5.(2P*<3/2>).16s"	"2[3/2]*"	"1"		""	"L10092"	
"57.68048"	"0.00006"	"57.68048"	"0.00006"	"a"	""		"0.0000"	"173368.88"	"2s2.2p6"	"1S"	"0"	"2s2.2p5.(2P*<3/2>).14d"	"2[3/2]*"	"1"		""	"L10092"	
"57.68083"	"0.00006"	"57.68083"	"0.00006"	"a"	""		"0.0000"	"173367.82"	"2s2.2p6"	"1S"	"0"	"2s2.2p5.(2P*<3/2>).14d"	"2[1/2]*"	"1"		""	"L10092"	
"57.68643"	"0.00006"	"57.68650"	"0.00003"	"a"	""		"0.0000"	"173350.78"	"2s2.2p6"	"1S"	"0"	"2s2.2p5.(2P*<1/2>).9d"	"2[3/2]*"	"1"		""	"L10092"	
"57.68816"	"0.00006"	"57.68816"	"0.00006"	"a"	""		"0.0000"	"173345.80"	"2s2.2p6"	"1S"	"0"	"2s2.2p5.(2P*<3/2>).15s"	"2[3/2]*"	"1"		""	"L10092"	
"57.71034"	"0.00006"	"57.71034"	"0.00006"	"a"	""		"0.0000"	"173279.17"	"2s2.2p6"	"1S"	"0"	"2s2.2p5.(2P*<3/2>).13d"	"2[3/2]*"	"1"		""	"L10092"	
"57.71080"	"0.00006"	"57.71087"	"0.00005"	"a"	""		"0.0000"	"173277.59"	"2s2.2p6"	"1S"	"0"	"2s2.2p5.(2P*<3/2>).13d"	"2[1/2]*"	"1"		""	"L10092"	
"57.71687"	"0.00006"	"57.716906"	"0.000024"	"a"	""		"0.0000"	"173259.46"	"2s2.2p6"	"1S"	"0"	"2s2.2p5.(2P*<1/2>).10s"	"2[1/2]*"	"1"		""	"L10092"	
"57.72024"	"0.00006"	"57.72024"	"0.00006"	"a"	""		"0.0000"	"173249.45"	"2s2.2p6"	"1S"	"0"	"2s2.2p5.(2P*<3/2>).14s"	"2[3/2]*"	"1"		""	"L10092"	
"57.74803"	"0.00006"	"57.74803"	"0.00006"	"a"	""		"0.0000"	"173166.08"	"2s2.2p6"	"1S"	"0"	"2s2.2p5.(2P*<3/2>).12d"	"2[3/2]*"	"1"		""	"L10092"	
"57.74872"	"0.00006"	"57.74882"	"0.00006"	"a"	""		"0.0000"	"173163.72"	"2s2.2p6"	"1S"	"0"	"2s2.2p5.(2P*<3/2>).12d"	"2[1/2]*"	"1"		""	"L10092"	
"57.76038"	"0.00006"	"57.76045"	"0.00004"	"a"	""		"0.0000"	"173128.85"	"2s2.2p6"	"1S"	"0"	"2s2.2p5.(2P*<3/2>).13s"	"2[3/2]*"	"1"		""	"L10092"	
"57.79649"	"0.00006"	"57.79649"	"0.00006"	"a"	""		"0.0000"	"173020.89"	"2s2.2p6"	"1S"	"0"	"2s2.2p5.(2P*<3/2>).11d"	"2[3/2]*"	"1"		""	"L10092"	
"57.79740"	"0.00006"	"57.79746"	"0.00005"	"a"	""		"0.0000"	"173017.98"	"2s2.2p6"	"1S"	"0"	"2s2.2p5.(2P*<3/2>).11d"	"2[1/2]*"	"1"		""	"L10092"	
"57.80710"	"0.00006"	"57.80715"	"0.00003"	"a"	""		"0.0000"	"172988.99"	"2s2.2p6"	"1S"	"0"	"2s2.2p5.(2P*<1/2>).8d"	"2[3/2]*"	"1"		""	"L10092"	
"57.81262"	"0.00006"	"57.812729"	"0.000013"	"a"	""		"0.0000"	"172972.289"	"2s2.2p6"	"1S"	"0"	"2s2.2p5.(2P*<3/2>).12s"	"2[3/2]*"	"1"		""	"L10092"	
"57.85123"	"0.00006"	"57.851287"	"0.000021"	"a"	""		"0.0000"	"172857.00"	"2s2.2p6"	"1S"	"0"	"2s2.2p5.(2P*<1/2>).9s"	"2[1/2]*"	"1"		""	"L10092"	
"57.86049"	"0.00006"	"57.86056"	"0.00003"	"a"	""		"0.0000"	"172829.30"	"2s2.2p6"	"1S"	"0"	"2s2.2p5.(2P*<3/2>).10d"	"2[3/2]*"	"1"		""	"L10092"	
"57.86175"	"0.00006"	"57.86182"	"0.00005"	"a"	""		"0.0000"	"172825.54"	"2s2.2p6"	"1S"	"0"	"2s2.2p5.(2P*<3/2>).10d"	"2[1/2]*"	"1"		""	"L10092"	
"57.88220"	"0.00006"	"57.882228"	"0.000021"	"a"	""		"0.0000"	"172764.60"	"2s2.2p6"	"1S"	"0"	"2s2.2p5.(2P*<3/2>).11s"	"2[3/2]*"	"1"		""	"L10092"	
"57.94712"	"0.00006"	"57.947221"	"0.000022"	"a"	""		"0.0000"	"172570.83"	"2s2.2p6"	"1S"	"0"	"2s2.2p5.(2P*<3/2>).9d"	"2[3/2]*"	"1"		""	"L10092"	
"57.94880"	"0.00006"	"57.948866"	"0.000022"	"a"	""		"0.0000"	"172565.93"	"2s2.2p6"	"1S"	"0"	"2s2.2p5.(2P*<3/2>).9d"	"2[1/2]*"	"1"		""	"L10092"	
"57.97704"	"0.00006"	"57.977119"	"0.000013"	"a"	""		"0.0000"	"172481.8376"	"2s2.2p6"	"1S"	"0"	"2s2.2p5.(2P*<3/2>).10s"	"2[3/2]*"	"1"		""	"L10092"	
"57.98406"	"0.00006"	"57.984135"	"0.000014"	"a"	""		"0.0000"	"172460.966"	"2s2.2p6"	"1S"	"0"	"2s2.2p5.(2P*<1/2>).7d"	"2[3/2]*"	"1"		""	"L10092"	
"58.05113"	"0.00006"	"58.051195"	"0.000014"	"a"	""		"0.0000"	"172261.741"	"2s2.2p6"	"1S"	"0"	"2s2.2p5.(2P*<1/2>).8s"	"2[1/2]*"	"1"		""	"L10092"	
"58.06887"	"0.00006"	"58.068924"	"0.000022"	"a"	""		"0.0000"	"172209.15"	"2s2.2p6"	"1S"	"0"	"2s2.2p5.(2P*<3/2>).8d"	"2[3/2]*"	"1"		""	"L10092"	
"58.07131"	"0.00006"	"58.071376"	"0.000014"	"a"	""		"0.0000"	"172201.878"	"2s2.2p6"	"1S"	"0"	"2s2.2p5.(2P*<3/2>).8d"	"2[1/2]*"	"1"		""	"L10092"	
"58.11215"	"0.00006"	"58.112197"	"0.000014"	"a"	""		"0.0000"	"172080.915"	"2s2.2p6"	"1S"	"0"	"2s2.2p5.(2P*<3/2>).9s"	"2[3/2]*"	"1"		""	"L10092"	
"58.24687"	"0.00006"	"58.246914"	"0.000014"	"a"	""		"0.0000"	"171682.914"	"2s2.2p6"	"1S"	"0"	"2s2.2p5.(2P*<3/2>).7d"	"2[3/2]*"	"1"		""	"L10092"	
"58.25059"	"0.00006"	"58.250642"	"0.000014"	"a"	""		"0.0000"	"171671.928"	"2s2.2p6"	"1S"	"0"	"2s2.2p5.(2P*<3/2>).7d"	"2[1/2]*"	"1"		""	"L10092"	
"58.25977"	"0.00006"	"58.259820"	"0.000014"	"a"	""		"0.0000"	"171644.882"	"2s2.2p6"	"1S"	"0"	"2s2.2p5.(2P*<1/2>).6d"	"2[3/2]*"	"1"		""	"L10092"	
"58.31257"	"0.00006"	"58.312613"	"0.000014"	"a"	""		"0.0000"	"171489.486"	"2s2.2p6"	"1S"	"0"	"2s2.2p5.(2P*<3/2>).8s"	"2[3/2]*"	"1"		""	"L10092"	
"58.36891"	"0.00006"	"58.368935"	"0.000014"	"a"	""		"0.0000"	"171324.0107"	"2s2.2p6"	"1S"	"0"	"2s2.2p5.(2P*<1/2>).7s"	"2[1/2]*"	"1"		""	"L10092"	
"58.52472"	"0.00006"	"58.524736"	"0.000014"	"a"	""		"0.0000"	"170867.923"	"2s2.2p6"	"1S"	"0"	"2s2.2p5.(2P*<3/2>).6d"	"2[3/2]*"	"1"		""	"L10092"	
"58.53040"	"0.00006"	"58.530426"	"0.000014"	"a"	""		"0.0000"	"170851.3105"	"2s2.2p6"	"1S"	"0"	"2s2.2p5.(2P*<3/2>).6d"	"2[1/2]*"	"1"		""	"L10092"	
"58.63138"	"0.00006"	"58.631409"	"0.000014"	"a"	""		"0.0000"	"170557.0484"	"2s2.2p6"	"1S"	"0"	"2s2.2p5.(2P*<3/2>).7s"	"2[3/2]*"	"1"		""	"L10092"	
"58.72127"	"0.00006"	"58.721282"	"0.000014"	"a"	"1.48e+07"	B	"0.0000"	"170296.0099"	"2s2.2p6"	"1S"	"0"	"2s2.2p5.(2P*<1/2>).5d"	"2[3/2]*"	"1"		"T5842"	"L10092"	
"58.91792"	"0.00006"	"58.917926"	"0.000014"	"a"	"9.99e+06"	C+	"0.0000"	"169727.6312"	"2s2.2p6"	"1S"	"0"	"2s2.2p5.(2P*<1/2>).6s"	"2[1/2]*"	"1"		"T5842"	"L10092"	
"58.99114"	"0.00006"	"58.991135"	"0.000014"	"a"	"2.62e+07"	C+	"0.0000"	"169516.9948"	"2s2.2p6"	"1S"	"0"	"2s2.2p5.(2P*<3/2>).5d"	"2[3/2]*"	"1"		"T5842n,T6976"	"L10092"	
"59.00109"	"0.00006"	"59.001081"	"0.000014"	"a"	"8.5e+06"	D+	"0.0000"	"169488.4193"	"2s2.2p6"	"1S"	"0"	"2s2.2p5.(2P*<3/2>).5d"	"2[1/2]*"	"1"		"T5842n,T6976"	"L10092"	
"59.18306"	"0.00006"	"59.183031"	"0.000014"	"a"	"2.06e+07"	B+	"0.0000"	"168967.3526"	"2s2.2p6"	"1S"	"0"	"2s2.2p5.(2P*<3/2>).6s"	"2[3/2]*"	"1"		"T6844"	"L10092"	
"59.59200"	"0.00040"	"59.591998"	"0.000014"	"30"	"2.80e+07"	A	"0.0000"	"167807.7649"	"2s2.2p6"	"1S"	"0"	"2s2.2p5.(2P*<1/2>).4d"	"2[3/2]*"	"1"		"T6844"	"L6178"	
"59.87056"	"0.00040"	"59.870563"	"0.000014"	"20"	"4.29e+07"	B	"0.0000"	"167026.9923"	"2s2.2p6"	"1S"	"0"	"2s2.2p5.(2P*<3/2>).4d"	"2[3/2]*"	"1"		"T6844n,T6976"	"L6178"	
"59.88897"	"0.00040"	"59.889082"	"0.000014"	"10"	"1.52e+07"	C	"0.0000"	"166975.3424"	"2s2.2p6"	"1S"	"0"	"2s2.2p5.(2P*<3/2>).4d"	"2[1/2]*"	"1"		"T6844n,T6976"	"L6178"	
"60.00365"	"0.00040"	"60.003656"	"0.000014"	"20"	"2.85e+07"	B+	"0.0000"	"166656.5114"	"2s2.2p6"	"1S"	"0"	"2s2.2p5.(2P*<1/2>).5s"	"2[1/2]*"	"1"		"T5842"	"L6178"	
"60.27263"	"0.00040"	"60.272630"	"0.000015"	"40"	"3.95e+07"	A	"0.0000"	"165912.7861"	"2s2.2p6"	"1S"	"0"	"2s2.2p5.(2P*<3/2>).5s"	"2[3/2]*"	"1"		"T6844"	"L6178"	
"61.56283"	"0.00040"	"61.562830"	"0.000015"	"50"	"4.03e+07"	B+	"0.0000"	"162435.6780"	"2s2.2p6"	"1S"	"0"	"2s2.2p5.(2P*<1/2>).3d"	"2[3/2]*"	"1"		"T6844"	"L6178"	
"61.86716"	"0.00040"	"61.867169"	"0.000015"	"50"	"8.0e+07"	B	"0.0000"	"161636.6175"	"2s2.2p6"	"1S"	"0"	"2s2.2p5.(2P*<3/2>).3d"	"2[3/2]*"	"1"		"T6844n,T6976"	"L6178"	
"61.91023"	"0.00040"	"61.910238"	"0.000015"	"40"	"2.66e+07"	C	"0.0000"	"161524.1739"	"2s2.2p6"	"1S"	"0"	"2s2.2p5.(2P*<3/2>).3d"	"2[1/2]*"	"1"		"T6844n,T6976"	"L6178"	
"62.68232"	"0.00040"	"62.682320"	"0.000016"	"60"	"9.45e+07"	B+	"0.0000"	"159534.6196"	"2s2.2p6"	"1S"	"0"	"2s2.2p5.(2P*<1/2>).4s"	"2[1/2]*"	"1"		"T6844"	"L6178"	
"62.97388"	"0.00040"	"62.973881"	"0.000016"	"60"	"7.23e+07"	B+	"0.0000"	"158795.9924"	"2s2.2p6"	"1S"	"0"	"2s2.2p5.(2P*<3/2>).4s"	"2[3/2]*"	"1"		"T5842"	"L6178"	
"73.58962"	"0.00040"	"73.589627"	"0.000022"	"300"	"5.88e+08"	A	"0.0000"	"135888.7173"	"2s2.2p6"	"1S"	"0"	"2s2.2p5.(2P*<1/2>).3s"	"2[1/2]*"	"1"		"T6496"	"L6178"	
"74.37195"	"0.00002"	"74.371955"	"0.000022"	"120"	"4.40e+07"	A	"0.0000"	"134459.2871"	"2s2.2p6"	"1S"	"0"	"2s2.2p5.(2P*<3/2>).3s"	"2[3/2]*"	"1"		"T6496"	"L1407"	
"256.256"	"0.002"	"256.2555"	"0.0013"	"80"	""		"134041.8400"	"173065.4"	"2s2.2p5.(2P*<3/2>).3s"	"2[3/2]*"	"2"	"2s2.2p5.(2P*<1/2>).9p"	"2[3/2]"	"2"		""	"L3469"	
"257.532"	"0.002"	"257.5324"	"0.0020"	"80*"	""		"134041.8400"	"172871.9"	"2s2.2p5.(2P*<3/2>).3s"	"2[3/2]*"	"2"	"2s2.2p5.(2P*<3/2>).11p"	"2[3/2]"	"1"		""	"L3469"	
"257.532"	"0.002"	"257.5324"	"0.0020"	"80*"	""		"134041.8400"	"172871.9"	"2s2.2p5.(2P*<3/2>).3s"	"2[3/2]*"	"2"	"2s2.2p5.(2P*<3/2>).11p"	"2[3/2]"	"2"		""	"L3469"	
"259.025"	"0.002"	"259.0263"	"0.0013"	"20"	""		"134459.2871"	"173065.4"	"2s2.2p5.(2P*<3/2>).3s"	"2[3/2]*"	"1"	"2s2.2p5.(2P*<1/2>).9p"	"2[3/2]"	"2"		""	"L3469"	
"259.144"	"0.002"	"259.1462"	"0.0020"	"100*"	""		"134041.8400"	"172630.1"	"2s2.2p5.(2P*<3/2>).3s"	"2[3/2]*"	"2"	"2s2.2p5.(2P*<3/2>).10p"	"2[3/2]"	"1"		""	"L3469"	
"259.144"	"0.002"	"259.1442"	"0.0020"	"100*"	""		"134041.8400"	"172630.4"	"2s2.2p5.(2P*<3/2>).3s"	"2[3/2]*"	"2"	"2s2.2p5.(2P*<3/2>).10p"	"2[3/2]"	"2"		""	"L3469"	
"259.193"	"0.002"	"259.1925"	"0.0020"	"30"	""		"134041.8400"	"172623.2"	"2s2.2p5.(2P*<3/2>).3s"	"2[3/2]*"	"2"	"2s2.2p5.(2P*<3/2>).10p"	"2[5/2]"	"3"		""	"L3469"	
"259.534"	"0.002"	"259.530"	"0.003"	"20"	""		"134041.8400"	"172573.1"	"2s2.2p5.(2P*<3/2>).3s"	"2[3/2]*"	"2"	"2s2.2p5.(2P*<1/2>).8p"	"2[3/2]"	"2"		""	"L3469"	
"259.599"	"0.002"	"259.5989"	"0.0020"	"500"	""		"134041.8400"	"172562.8"	"2s2.2p5.(2P*<3/2>).3s"	"2[3/2]*"	"2"	"2s2.2p5.(2P*<1/2>).8p"	"2[1/2]"	"1"		""	"L3469"	
"261.437"	"0.002"	"261.4368"	"0.0021"	"300*"	""		"134041.8400"	"172292.0"	"2s2.2p5.(2P*<3/2>).3s"	"2[3/2]*"	"2"	"2s2.2p5.(2P*<3/2>).9p"	"2[3/2]"	"2"		""	"L3469"	
"261.437"	"0.002"	"261.4423"	"0.0014"	"300*"	""		"134041.8400"	"172291.2"	"2s2.2p5.(2P*<3/2>).3s"	"2[3/2]*"	"2"	"2s2.2p5.(2P*<3/2>).9p"	"2[3/2]"	"1"		""	"L3469"	
"261.4705"	"0.0001"	"261.47054"	"0.00010"	"20"	""		"134041.8400"	"172287.066"	"2s2.2p5.(2P*<3/2>).3s"	"2[3/2]*"	"2"	"2s2.2p5.(2P*<3/2>).9p"	"2[5/2]"	"2"		""	"L2637"	
"261.504"	"0.002"	"261.5038"	"0.0021"	"50"	""		"134041.8400"	"172282.2"	"2s2.2p5.(2P*<3/2>).3s"	"2[3/2]*"	"2"	"2s2.2p5.(2P*<3/2>).9p"	"2[5/2]"	"3"		""	"L3469"	
"261.740"	"0.002"	"261.7403"	"0.0021"	"250"	""		"134459.2871"	"172665.1"	"2s2.2p5.(2P*<3/2>).3s"	"2[3/2]*"	"1"	"2s2.2p5.(2P*<3/2>).10p"	"2[1/2]"	"0"		""	"L3469"	
"261.980"	"0.002"	"261.9782"	"0.0021"	"50*"	""		"134459.2871"	"172630.4"	"2s2.2p5.(2P*<3/2>).3s"	"2[3/2]*"	"1"	"2s2.2p5.(2P*<3/2>).10p"	"2[3/2]"	"2"		""	"L3469"	
"261.980"	"0.002"	"261.9803"	"0.0021"	"50*"	""		"134459.2871"	"172630.1"	"2s2.2p5.(2P*<3/2>).3s"	"2[3/2]*"	"1"	"2s2.2p5.(2P*<3/2>).10p"	"2[3/2]"	"1"		""	"L3469"	
"262.055"	"0.002"	"262.0551"	"0.0021"	"30"	""		"134459.2871"	"172619.2"	"2s2.2p5.(2P*<3/2>).3s"	"2[3/2]*"	"1"	"2s2.2p5.(2P*<3/2>).10p"	"2[1/2]"	"1"		""	"L3469"	
"262.188"	"0.002"	"262.1884"	"0.0021"	"80"	""		"134459.2871"	"172599.8"	"2s2.2p5.(2P*<3/2>).3s"	"2[3/2]*"	"1"	"2s2.2p5.(2P*<1/2>).8p"	"2[1/2]"	"0"		""	"L3469"	
"262.368"	"0.002"	"262.372"	"0.003"	"150"	""		"134459.2871"	"172573.1"	"2s2.2p5.(2P*<3/2>).3s"	"2[3/2]*"	"1"	"2s2.2p5.(2P*<1/2>).8p"	"2[3/2]"	"2"		""	"L3469"	
"264.076"	"0.002"	"264.07471"	"0.00007"	"150"	""		"134459.2871"	"172327.358"	"2s2.2p5.(2P*<3/2>).3s"	"2[3/2]*"	"1"	"2s2.2p5.(2P*<3/2>).9p"	"2[1/2]"	"0"		""	"L3469"	
"264.326"	"0.002"	"264.3215"	"0.0021"	"80*"	""		"134459.2871"	"172292.0"	"2s2.2p5.(2P*<3/2>).3s"	"2[3/2]*"	"1"	"2s2.2p5.(2P*<3/2>).9p"	"2[3/2]"	"2"		""	"L3469"	
"264.326"	"0.002"	"264.3271"	"0.0014"	"80*"	""		"134459.2871"	"172291.2"	"2s2.2p5.(2P*<3/2>).3s"	"2[3/2]*"	"1"	"2s2.2p5.(2P*<3/2>).9p"	"2[3/2]"	"1"		""	"L3469"	
"264.630"	"0.002"	"264.6297"	"0.0021"	"500"	""		"134041.8400"	"171830.5"	"2s2.2p5.(2P*<3/2>).3s"	"2[3/2]*"	"2"	"2s2.2p5.(2P*<1/2>).7p"	"2[1/2]"	"1"		""	"L3469"	
"264.649"	"0.002"	"264.65054"	"0.00010"	"300"	""		"134041.8400"	"171827.517"	"2s2.2p5.(2P*<3/2>).3s"	"2[3/2]*"	"2"	"2s2.2p5.(2P*<1/2>).7p"	"2[3/2]"	"2"		""	"L3469"	
"264.821"	"0.002"	"264.8210"	"0.0014"	"2000"	""		"134041.8400"	"171803.2"	"2s2.2p5.(2P*<3/2>).3s"	"2[3/2]*"	"2"	"2s2.2p5.(2P*<3/2>).8p"	"2[3/2]"	"2"		""	"L3469"	
"264.855"	"0.002"	"264.85734"	"0.00010"	"80"	""		"134041.8400"	"171798.014"	"2s2.2p5.(2P*<3/2>).3s"	"2[3/2]*"	"2"	"2s2.2p5.(2P*<3/2>).8p"	"2[3/2]"	"1"		""	"L3469"	
"264.900"	"0.002"	"264.9023"	"0.0021"	"150"	""		"134041.8400"	"171791.6"	"2s2.2p5.(2P*<3/2>).3s"	"2[3/2]*"	"2"	"2s2.2p5.(2P*<3/2>).8p"	"2[5/2]"	"2"		""	"L3469"	
"264.935"	"0.002"	"264.9346"	"0.0021"	"250"	""		"134041.8400"	"171787.0"	"2s2.2p5.(2P*<3/2>).3s"	"2[3/2]*"	"2"	"2s2.2p5.(2P*<3/2>).8p"	"2[5/2]"	"3"		""	"L3469"	
"265.180"	"0.002"	"265.1788"	"0.0014"	"500"	""		"134041.8400"	"171752.24"	"2s2.2p5.(2P*<3/2>).3s"	"2[3/2]*"	"2"	"2s2.2p5.(2P*<3/2>).8p"	"2[1/2]"	"1"		""	"L3469"	
"265.831"	"0.002"	"265.830757"	"0.000011"	"150*"	""		"134041.8400"	"171659.7595"	"2s2.2p5.(2P*<3/2>).3s"	"2[3/2]*"	"2"	"2s2.2p5.(2P*<1/2>).6f"	"2[5/2]"	"2"		""	"L3469"	
"265.831"	"0.002"	"265.830833"	"0.000011"	"150*"	""		"134041.8400"	"171659.7487"	"2s2.2p5.(2P*<3/2>).3s"	"2[3/2]*"	"2"	"2s2.2p5.(2P*<1/2>).6f"	"2[5/2]"	"3"		""	"L3469"	
"266.863"	"0.002"	"266.8619"	"0.0014"	"20"	""		"134818.6405"	"172291.2"	"2s2.2p5.(2P*<1/2>).3s"	"2[1/2]*"	"0"	"2s2.2p5.(2P*<3/2>).9p"	"2[3/2]"	"1"		""	"L3469"	
"266.992"	"0.002"	"266.99302"	"0.00014"	"30"	""		"134459.2871"	"171913.45"	"2s2.2p5.(2P*<3/2>).3s"	"2[3/2]*"	"1"	"2s2.2p5.(2P*<1/2>).7p"	"2[1/2]"	"0"		""	"L3469"	
"267.6070"	"0.0001"	"267.60700"	"0.00010"	"2000"	""		"134459.2871"	"171827.517"	"2s2.2p5.(2P*<3/2>).3s"	"2[3/2]*"	"1"	"2s2.2p5.(2P*<1/2>).7p"	"2[3/2]"	"2"		""	"L2637"	
"267.644"	"0.002"	"267.64485"	"0.00010"	"2000"	""		"134459.2871"	"171822.233"	"2s2.2p5.(2P*<3/2>).3s"	"2[3/2]*"	"1"	"2s2.2p5.(2P*<1/2>).7p"	"2[3/2]"	"1"		""	"L3469"	
"267.7815"	"0.0020"	"267.7813"	"0.0014"	"10"	""		"134459.2871"	"171803.2"	"2s2.2p5.(2P*<3/2>).3s"	"2[3/2]*"	"1"	"2s2.2p5.(2P*<3/2>).8p"	"2[3/2]"	"2"		""	"L3469"	
"267.8185"	"0.0001"	"267.81845"	"0.00010"	"150"	""		"134459.2871"	"171798.014"	"2s2.2p5.(2P*<3/2>).3s"	"2[3/2]*"	"1"	"2s2.2p5.(2P*<3/2>).8p"	"2[3/2]"	"1"		""	"L2637"	
"267.867"	"0.002"	"267.8645"	"0.0022"	"20"	""		"134459.2871"	"171791.6"	"2s2.2p5.(2P*<3/2>).3s"	"2[3/2]*"	"1"	"2s2.2p5.(2P*<3/2>).8p"	"2[5/2]"	"2"		""	"L3469"	
"268.1481"	"0.0020"	"268.1472"	"0.0014"	"10"	""		"134459.2871"	"171752.24"	"2s2.2p5.(2P*<3/2>).3s"	"2[3/2]*"	"1"	"2s2.2p5.(2P*<3/2>).8p"	"2[1/2]"	"1"		""	"L3469"	
"268.7540"	"0.0001"	"268.75398"	"0.00010"	"150"	""		"135888.7173"	"173097.468"	"2s2.2p5.(2P*<1/2>).3s"	"2[1/2]*"	"1"	"2s2.2p5.(2P*<1/2>).9p"	"2[1/2]"	"0"		""	"L2637"	
"270.1356"	"0.0020"	"270.1363"	"0.0009"	"80"	""		"134041.8400"	"171060.19"	"2s2.2p5.(2P*<3/2>).3s"	"2[3/2]*"	"2"	"2s2.2p5.(2P*<3/2>).7p"	"2[3/2]"	"2"		""	"L3469"	
"270.1482"	"0.0020"	"270.1523"	"0.0015"	"20"	""		"134041.8400"	"171058.0"	"2s2.2p5.(2P*<3/2>).3s"	"2[3/2]*"	"2"	"2s2.2p5.(2P*<3/2>).7p"	"2[3/2]"	"1"		""	"L3469"	
"270.2440"	"0.0001"	"270.24403"	"0.00010"	"20"	""		"134818.6405"	"171822.233"	"2s2.2p5.(2P*<1/2>).3s"	"2[1/2]*"	"0"	"2s2.2p5.(2P*<1/2>).7p"	"2[3/2]"	"1"		""	"L2637"	
"270.2567"	"0.0020"	"270.2568"	"0.0012"	"20"	""		"134041.8400"	"171043.69"	"2s2.2p5.(2P*<3/2>).3s"	"2[3/2]*"	"2"	"2s2.2p5.(2P*<3/2>).7p"	"2[5/2]"	"2"		""	"L3469"	
"270.3362"	"0.0001"	"270.33617"	"0.00010"	"30"	""		"134041.8400"	"171032.821"	"2s2.2p5.(2P*<3/2>).3s"	"2[3/2]*"	"2"	"2s2.2p5.(2P*<3/2>).7p"	"2[5/2]"	"3"		""	"L2637"	
"270.512"	"0.002"	"270.5088"	"0.0013"	"20"	""		"134041.8400"	"171009.21"	"2s2.2p5.(2P*<3/2>).3s"	"2[3/2]*"	"2"	"2s2.2p5.(2P*<3/2>).7p"	"2[1/2]"	"1"		""	"L3469"	
"270.754"	"0.002"	"270.7562"	"0.0015"	"30"	""		"134818.6405"	"171752.24"	"2s2.2p5.(2P*<1/2>).3s"	"2[1/2]*"	"0"	"2s2.2p5.(2P*<3/2>).8p"	"2[1/2]"	"1"		""	"L3469"	
"272.5579"	"0.0002"	"272.55782"	"0.00009"	"30"	""		"134459.2871"	"171148.750"	"2s2.2p5.(2P*<3/2>).3s"	"2[3/2]*"	"1"	"2s2.2p5.(2P*<3/2>).7p"	"2[1/2]"	"0"		""	"L3456"	
"273.2167"	"0.0020"	"273.2173"	"0.0010"	"30"	""		"134459.2871"	"171060.19"	"2s2.2p5.(2P*<3/2>).3s"	"2[3/2]*"	"1"	"2s2.2p5.(2P*<3/2>).7p"	"2[3/2]"	"2"		""	"L3469"	
"273.2337"	"0.0020"	"273.2337"	"0.0015"	"30"	""		"134459.2871"	"171058.0"	"2s2.2p5.(2P*<3/2>).3s"	"2[3/2]*"	"1"	"2s2.2p5.(2P*<3/2>).7p"	"2[3/2]"	"1"		""	"L3469"	
"273.342"	"0.002"	"273.3405"	"0.0013"	"10"	""		"134459.2871"	"171043.69"	"2s2.2p5.(2P*<3/2>).3s"	"2[3/2]*"	"1"	"2s2.2p5.(2P*<3/2>).7p"	"2[5/2]"	"2"		""	"L3469"	
"273.5564"	"0.0020"	"273.557677"	"0.000011"	"20"	""		"134041.8400"	"170597.2023"	"2s2.2p5.(2P*<3/2>).3s"	"2[3/2]*"	"2"	"2s2.2p5.(2P*<1/2>).6p"	"2[3/2]"	"2"		""	"L3469"	
"273.5978"	"0.0020"	"273.5984"	"0.0013"	"30"	""		"134459.2871"	"171009.21"	"2s2.2p5.(2P*<3/2>).3s"	"2[3/2]*"	"1"	"2s2.2p5.(2P*<3/2>).7p"	"2[1/2]"	"1"		""	"L3469"	
"273.650"	"0.002"	"273.64827"	"0.00022"	"80"	""		"134041.8400"	"170585.10"	"2s2.2p5.(2P*<3/2>).3s"	"2[3/2]*"	"2"	"2s2.2p5.(2P*<1/2>).6p"	"2[3/2]"	"1"		""	"L3469"	
"273.6984"	"0.0002"	"273.698827"	"0.000011"	"50"	""		"134041.8400"	"170578.3503"	"2s2.2p5.(2P*<3/2>).3s"	"2[3/2]*"	"2"	"2s2.2p5.(2P*<1/2>).6p"	"2[1/2]"	"1"		""	"L3456"	
"274.434"	"0.002"	"274.43395"	"0.00008"	"150"	""		"135888.7173"	"172327.358"	"2s2.2p5.(2P*<1/2>).3s"	"2[1/2]*"	"1"	"2s2.2p5.(2P*<3/2>).9p"	"2[1/2]"	"0"		""	"L3469"	
"275.663"	"0.002"	"275.665062"	"0.000011"	"150*"	""		"134041.8400"	"170317.7465"	"2s2.2p5.(2P*<3/2>).3s"	"2[3/2]*"	"2"	"2s2.2p5.(2P*<1/2>).5f"	"2[5/2]"	"3"		""	"L3469"	
"275.663"	"0.002"	"275.664964"	"0.000011"	"150*"	""		"134041.8400"	"170317.7594"	"2s2.2p5.(2P*<3/2>).3s"	"2[3/2]*"	"2"	"2s2.2p5.(2P*<1/2>).5f"	"2[5/2]"	"2"		""	"L3469"	
"275.946"	"0.002"	"275.9431"	"0.0015"	"30"	""		"134818.6405"	"171058.0"	"2s2.2p5.(2P*<1/2>).3s"	"2[1/2]*"	"0"	"2s2.2p5.(2P*<3/2>).7p"	"2[3/2]"	"1"		""	"L3469"	
"276.0138"	"0.0020"	"276.013694"	"0.000014"	"20"	""		"134459.2871"	"170689.3736"	"2s2.2p5.(2P*<3/2>).3s"	"2[3/2]*"	"1"	"2s2.2p5.(2P*<1/2>).6p"	"2[1/2]"	"0"		""	"L3469"	
"276.3140"	"0.0020"	"276.3151"	"0.0014"	"30"	""		"134818.6405"	"171009.21"	"2s2.2p5.(2P*<1/2>).3s"	"2[1/2]*"	"0"	"2s2.2p5.(2P*<3/2>).7p"	"2[1/2]"	"1"		""	"L3469"	
"276.7181"	"0.0002"	"276.717679"	"0.000011"	"30"	""		"134459.2871"	"170597.2023"	"2s2.2p5.(2P*<3/2>).3s"	"2[3/2]*"	"1"	"2s2.2p5.(2P*<1/2>).6p"	"2[3/2]"	"2"		""	"L3456"	
"276.810"	"0.002"	"276.81038"	"0.00023"	"30"	""		"134459.2871"	"170585.10"	"2s2.2p5.(2P*<3/2>).3s"	"2[3/2]*"	"1"	"2s2.2p5.(2P*<1/2>).6p"	"2[3/2]"	"1"		""	"L3469"	
"276.859"	"0.002"	"276.862109"	"0.000011"	"20"	""		"134459.2871"	"170578.3503"	"2s2.2p5.(2P*<3/2>).3s"	"2[3/2]*"	"1"	"2s2.2p5.(2P*<1/2>).6p"	"2[1/2]"	"1"		""	"L3469"	
"277.58707"	"0.00020"	"277.58707"	"0.00015"	"50"	""		"135888.7173"	"171913.45"	"2s2.2p5.(2P*<1/2>).3s"	"2[1/2]*"	"1"	"2s2.2p5.(2P*<1/2>).7p"	"2[1/2]"	"0"		""	"L11529"	
"278.224"	"0.002"	"278.2238"	"0.0023"	"30*"	""		"135888.7173"	"171831.0"	"2s2.2p5.(2P*<1/2>).3s"	"2[1/2]*"	"1"	"2s2.2p5.(2P*<3/2>).8p"	"2[1/2]"	"0"		""	"L3469"	
"278.224"	"0.002"	"278.2277"	"0.0023"	"30*"	""		"135888.7173"	"171830.5"	"2s2.2p5.(2P*<1/2>).3s"	"2[1/2]*"	"1"	"2s2.2p5.(2P*<1/2>).7p"	"2[1/2]"	"1"		""	"L3469"	
"278.250"	"0.002"	"278.25081"	"0.00011"	"30"	""		"135888.7173"	"171827.517"	"2s2.2p5.(2P*<1/2>).3s"	"2[1/2]*"	"1"	"2s2.2p5.(2P*<1/2>).7p"	"2[3/2]"	"2"		""	"L3469"	
"278.289"	"0.002"	"278.29172"	"0.00011"	"20"	""		"135888.7173"	"171822.233"	"2s2.2p5.(2P*<1/2>).3s"	"2[1/2]*"	"1"	"2s2.2p5.(2P*<1/2>).7p"	"2[3/2]"	"1"		""	"L3469"	
"279.31442"	"0.00008"	"279.314338"	"0.000011"	"200"	""		"134041.8400"	"169843.7973"	"2s2.2p5.(2P*<3/2>).3s"	"2[3/2]*"	"2"	"2s2.2p5.(2P*<3/2>).6p"	"2[3/2]"	"2"		""	"L4498"	
"279.3483"	"0.0020"	"279.348195"	"0.000011"	"30"	""		"134041.8400"	"169839.4581"	"2s2.2p5.(2P*<3/2>).3s"	"2[3/2]*"	"2"	"2s2.2p5.(2P*<3/2>).6p"	"2[3/2]"	"1"		""	"L3469"	
"279.5421"	"0.0002"	"279.541983"	"0.000017"	"50"	""		"134041.8400"	"169814.642"	"2s2.2p5.(2P*<3/2>).3s"	"2[3/2]*"	"2"	"2s2.2p5.(2P*<3/2>).6p"	"2[5/2]"	"2"		""	"L3456"	
"279.5916"	"0.0002"	"279.59155"	"0.00023"	"350"	""		"134818.6405"	"170585.10"	"2s2.2p5.(2P*<1/2>).3s"	"2[1/2]*"	"0"	"2s2.2p5.(2P*<1/2>).6p"	"2[3/2]"	"1"		""	"L3456"	
"279.6437"	"0.0020"	"279.644328"	"0.000011"	"10"	""		"134818.6405"	"170578.3503"	"2s2.2p5.(2P*<1/2>).3s"	"2[1/2]*"	"0"	"2s2.2p5.(2P*<1/2>).6p"	"2[1/2]"	"1"		""	"L3469"	
"279.67862"	"0.00008"	"279.678434"	"0.000011"	"80"	""		"134041.8400"	"169797.1890"	"2s2.2p5.(2P*<3/2>).3s"	"2[3/2]*"	"2"	"2s2.2p5.(2P*<3/2>).6p"	"2[5/2]"	"3"		""	"L4498"	
"280.063"	"0.002"	"280.062604"	"0.000013"	"20"	""		"134041.8400"	"169748.1423"	"2s2.2p5.(2P*<3/2>).3s"	"2[3/2]*"	"2"	"2s2.2p5.(2P*<3/2>).6p"	"2[1/2]"	"1"		""	"L3469"	
"281.55210"	"0.00020"	"281.551959"	"0.000012"	"200"	""		"134459.2871"	"169976.7100"	"2s2.2p5.(2P*<3/2>).3s"	"2[3/2]*"	"1"	"2s2.2p5.(2P*<3/2>).6p"	"2[1/2]"	"0"		""	"L11529"	
"282.6090"	"0.0020"	"282.609536"	"0.000011"	"100"	""		"134459.2871"	"169843.7973"	"2s2.2p5.(2P*<3/2>).3s"	"2[3/2]*"	"1"	"2s2.2p5.(2P*<3/2>).6p"	"2[3/2]"	"2"		""	"L3469"	
"282.6445"	"0.0002"	"282.644196"	"0.000011"	"80"	""		"134459.2871"	"169839.4581"	"2s2.2p5.(2P*<3/2>).3s"	"2[3/2]*"	"1"	"2s2.2p5.(2P*<3/2>).6p"	"2[3/2]"	"1"		""	"L3456"	
"282.8421"	"0.0001"	"282.842586"	"0.000018"	"30"	""		"134459.2871"	"169814.642"	"2s2.2p5.(2P*<3/2>).3s"	"2[3/2]*"	"1"	"2s2.2p5.(2P*<3/2>).6p"	"2[5/2]"	"2"		""	"L2637"	
"283.37559"	"0.00008"	"283.375585"	"0.000013"	"80"	""		"134459.2871"	"169748.1423"	"2s2.2p5.(2P*<3/2>).3s"	"2[3/2]*"	"1"	"2s2.2p5.(2P*<3/2>).6p"	"2[1/2]"	"1"		""	"L4498"	
"283.60734"	"0.00008"	"283.60722"	"0.00010"	"150"	""		"135888.7173"	"171148.750"	"2s2.2p5.(2P*<1/2>).3s"	"2[1/2]*"	"1"	"2s2.2p5.(2P*<3/2>).7p"	"2[1/2]"	"0"		""	"L4498"	
"284.341"	"0.002"	"284.3390"	"0.0016"	"150"	""		"135888.7173"	"171058.0"	"2s2.2p5.(2P*<1/2>).3s"	"2[1/2]*"	"1"	"2s2.2p5.(2P*<3/2>).7p"	"2[3/2]"	"1"		""	"L3469"	
"284.45"	"0.01"	"284.4548"	"0.0014"	"10"	""		"135888.7173"	"171043.69"	"2s2.2p5.(2P*<1/2>).3s"	"2[1/2]*"	"1"	"2s2.2p5.(2P*<3/2>).7p"	"2[5/2]"	"2"		""	"L3469"	
"284.7327"	"0.0020"	"284.7340"	"0.0015"	"20"	""		"135888.7173"	"171009.21"	"2s2.2p5.(2P*<1/2>).3s"	"2[1/2]*"	"1"	"2s2.2p5.(2P*<3/2>).7p"	"2[1/2]"	"1"		""	"L3469"	
"285.5445"	"0.0020"	"285.544447"	"0.000012"	"10"	""		"134818.6405"	"169839.4581"	"2s2.2p5.(2P*<1/2>).3s"	"2[1/2]*"	"0"	"2s2.2p5.(2P*<3/2>).6p"	"2[3/2]"	"1"		""	"L3469"	
"286.2910"	"0.0020"	"286.290943"	"0.000013"	"80"	""		"134818.6405"	"169748.1423"	"2s2.2p5.(2P*<1/2>).3s"	"2[1/2]*"	"0"	"2s2.2p5.(2P*<3/2>).6p"	"2[1/2]"	"1"		""	"L3469"	
"287.35059"	"0.00012"	"287.350903"	"0.000015"	"350"	""		"135888.7173"	"170689.3736"	"2s2.2p5.(2P*<1/2>).3s"	"2[1/2]*"	"1"	"2s2.2p5.(2P*<1/2>).6p"	"2[1/2]"	"0"		""	"L5951"	
"288.1135"	"0.0020"	"288.113987"	"0.000012"	"30"	""		"135888.7173"	"170597.2023"	"2s2.2p5.(2P*<1/2>).3s"	"2[1/2]*"	"1"	"2s2.2p5.(2P*<1/2>).6p"	"2[3/2]"	"2"		""	"L3469"	
"288.2124"	"0.0020"	"288.21448"	"0.00025"	"10"	""		"135888.7173"	"170585.10"	"2s2.2p5.(2P*<1/2>).3s"	"2[1/2]*"	"1"	"2s2.2p5.(2P*<1/2>).6p"	"2[3/2]"	"1"		""	"L3469"	
"288.2697"	"0.0020"	"288.270562"	"0.000012"	"20"	""		"135888.7173"	"170578.3503"	"2s2.2p5.(2P*<1/2>).3s"	"2[1/2]*"	"1"	"2s2.2p5.(2P*<1/2>).6p"	"2[1/2]"	"1"		""	"L3469"	
"291.23232"	"0.00008"	"291.232125"	"0.000012"	"250"	""		"134041.8400"	"168378.7113"	"2s2.2p5.(2P*<3/2>).3s"	"2[3/2]*"	"2"	"2s2.2p5.(2P*<1/2>).5p"	"2[3/2]"	"2"		""	"L4498"	
"291.40266"	"0.00013"	"291.402630"	"0.000012"	"2000"	""		"134041.8400"	"168358.6202"	"2s2.2p5.(2P*<3/2>).3s"	"2[3/2]*"	"2"	"2s2.2p5.(2P*<1/2>).5p"	"2[1/2]"	"1"		""	"L5951"	
"291.4270"	"0.0020"	"291.429482"	"0.000012"	"20"	""		"134041.8400"	"168355.4583"	"2s2.2p5.(2P*<3/2>).3s"	"2[3/2]*"	"2"	"2s2.2p5.(2P*<1/2>).5p"	"2[3/2]"	"1"		""	"L3469"	
"293.01828"	"0.00020"	"293.018455"	"0.000012"	"150"	""		"134459.2871"	"168586.8304"	"2s2.2p5.(2P*<3/2>).3s"	"2[3/2]*"	"1"	"2s2.2p5.(2P*<1/2>).5p"	"2[1/2]"	"0"		""	"L11529"	
"293.35831"	"0.00013"	"293.358429"	"0.000013"	"1000"	""		"135888.7173"	"169976.7100"	"2s2.2p5.(2P*<1/2>).3s"	"2[1/2]*"	"1"	"2s2.2p5.(2P*<3/2>).6p"	"2[1/2]"	"0"		""	"L5951"	
"294.5436"	"0.0020"	"294.544383"	"0.000012"	"20"	""		"135888.7173"	"169839.4581"	"2s2.2p5.(2P*<1/2>).3s"	"2[1/2]*"	"1"	"2s2.2p5.(2P*<3/2>).6p"	"2[3/2]"	"1"		""	"L3469"	
"294.7593"	"0.0020"	"294.759836"	"0.000019"	"20"	""		"135888.7173"	"169814.642"	"2s2.2p5.(2P*<1/2>).3s"	"2[1/2]*"	"1"	"2s2.2p5.(2P*<3/2>).6p"	"2[5/2]"	"2"		""	"L3469"	
"294.81625"	"0.00013"	"294.816325"	"0.000012"	"2000"	"1.66e+05"	D+	"134459.2871"	"168378.7113"	"2s2.2p5.(2P*<3/2>).3s"	"2[3/2]*"	"1"	"2s2.2p5.(2P*<1/2>).5p"	"2[3/2]"	"2"		"T6976"	"L5951"	
"294.99117"	"0.00009"	"294.991054"	"0.000012"	"100"	""		"134459.2871"	"168358.6202"	"2s2.2p5.(2P*<3/2>).3s"	"2[3/2]*"	"1"	"2s2.2p5.(2P*<1/2>).5p"	"2[1/2]"	"1"		""	"L4498"	
"295.01838"	"0.00009"	"295.018571"	"0.000012"	"150"	""		"134459.2871"	"168355.4583"	"2s2.2p5.(2P*<3/2>).3s"	"2[3/2]*"	"1"	"2s2.2p5.(2P*<1/2>).5p"	"2[3/2]"	"1"		""	"L4498"	
"295.3390"	"0.0020"	"295.338742"	"0.000014"	"50"	""		"135888.7173"	"169748.1423"	"2s2.2p5.(2P*<1/2>).3s"	"2[1/2]*"	"1"	"2s2.2p5.(2P*<3/2>).6p"	"2[1/2]"	"1"		""	"L3469"	
"295.8157"	"0.0020"	"295.815582"	"0.000012"	"80*"	""		"134041.8400"	"167846.6854"	"2s2.2p5.(2P*<3/2>).3s"	"2[3/2]*"	"2"	"2s2.2p5.(2P*<1/2>).4f"	"2[5/2]"	"2"		""	"L3469"	
"295.8157"	"0.0020"	"295.815683"	"0.000012"	"80*"	""		"134041.8400"	"167846.6738"	"2s2.2p5.(2P*<3/2>).3s"	"2[3/2]*"	"2"	"2s2.2p5.(2P*<1/2>).4f"	"2[5/2]"	"3"		""	"L3469"	
"297.55872"	"0.00008"	"297.558843"	"0.000013"	"3000"	"4.75e+05"	C	"134041.8400"	"167648.6382"	"2s2.2p5.(2P*<3/2>).3s"	"2[3/2]*"	"2"	"2s2.2p5.(2P*<3/2>).5p"	"2[3/2]"	"2"		"T6976"	"L5951"	
"297.63918"	"0.00013"	"297.639159"	"0.000013"	"350"	""		"134041.8400"	"167639.5697"	"2s2.2p5.(2P*<3/2>).3s"	"2[3/2]*"	"2"	"2s2.2p5.(2P*<3/2>).5p"	"2[3/2]"	"1"		""	"L5951"	
"298.06782"	"0.00013"	"298.067981"	"0.000013"	"500"	""		"134041.8400"	"167591.2335"	"2s2.2p5.(2P*<3/2>).3s"	"2[3/2]*"	"2"	"2s2.2p5.(2P*<3/2>).5p"	"2[5/2]"	"2"		""	"L5951"	
"298.15151"	"0.00013"	"298.151641"	"0.000013"	"400"	""		"134818.6405"	"168358.6202"	"2s2.2p5.(2P*<1/2>).3s"	"2[1/2]*"	"0"	"2s2.2p5.(2P*<1/2>).5p"	"2[1/2]"	"1"		""	"L5951"	
"298.17951"	"0.00013"	"298.179752"	"0.000013"	"500"	""		"134818.6405"	"168355.4583"	"2s2.2p5.(2P*<1/2>).3s"	"2[1/2]*"	"0"	"2s2.2p5.(2P*<1/2>).5p"	"2[3/2]"	"1"		""	"L5951"	
"298.35399"	"0.00008"	"298.354070"	"0.000013"	"3000"	"2.63e+05"	C	"134041.8400"	"167559.0633"	"2s2.2p5.(2P*<3/2>).3s"	"2[3/2]*"	"2"	"2s2.2p5.(2P*<3/2>).5p"	"2[5/2]"	"3"		"T6976"	"L5951"	
"299.33023"	"0.00008"	"299.330335"	"0.000013"	"2000"	"8.3e+05"	D+	"134459.2871"	"167867.1941"	"2s2.2p5.(2P*<3/2>).3s"	"2[3/2]*"	"1"	"2s2.2p5.(2P*<3/2>).5p"	"2[1/2]"	"0"		"T6976"	"L5951"	
"299.5123"	"0.0020"	"299.514203"	"0.000013"	"30"	""		"134459.2871"	"167846.6854"	"2s2.2p5.(2P*<3/2>).3s"	"2[3/2]*"	"1"	"2s2.2p5.(2P*<1/2>).4f"	"2[5/2]"	"2"		""	"L3469"	
"301.30131"	"0.00014"	"301.301462"	"0.000013"	"500"	""		"134459.2871"	"167648.6382"	"2s2.2p5.(2P*<3/2>).3s"	"2[3/2]*"	"1"	"2s2.2p5.(2P*<3/2>).5p"	"2[3/2]"	"2"		""	"L5951"	
"301.38355"	"0.00014"	"301.383810"	"0.000013"	"500"	""		"134459.2871"	"167639.5697"	"2s2.2p5.(2P*<3/2>).3s"	"2[3/2]*"	"1"	"2s2.2p5.(2P*<3/2>).5p"	"2[3/2]"	"1"		""	"L5951"	
"301.82337"	"0.00014"	"301.823499"	"0.000013"	"500"	""		"134459.2871"	"167591.2335"	"2s2.2p5.(2P*<3/2>).3s"	"2[3/2]*"	"1"	"2s2.2p5.(2P*<3/2>).5p"	"2[5/2]"	"2"		""	"L5951"	
"302.7794"	"0.0020"	"302.780380"	"0.000013"	"150*"	""		"134041.8400"	"167069.0791"	"2s2.2p5.(2P*<3/2>).3s"	"2[3/2]*"	"2"	"2s2.2p5.(2P*<3/2>).4f"	"2[5/2]"	"2"		""	"L3469"	
"302.7794"	"0.0020"	"302.780510"	"0.000013"	"150*"	""		"134041.8400"	"167069.0649"	"2s2.2p5.(2P*<3/2>).3s"	"2[3/2]*"	"2"	"2s2.2p5.(2P*<3/2>).4f"	"2[5/2]"	"3"		""	"L3469"	
"302.9306"	"0.0020"	"302.930929"	"0.000013"	"30*"	""		"134041.8400"	"167052.6654"	"2s2.2p5.(2P*<3/2>).3s"	"2[3/2]*"	"2"	"2s2.2p5.(2P*<3/2>).4f"	"2[3/2]"	"2"		""	"L3469"	
"302.9306"	"0.0020"	"302.931148"	"0.000013"	"30*"	""		"134041.8400"	"167052.6415"	"2s2.2p5.(2P*<3/2>).3s"	"2[3/2]*"	"2"	"2s2.2p5.(2P*<3/2>).4f"	"2[3/2]"	"1"		""	"L3469"	
"303.12057"	"0.00009"	"303.120480"	"0.000013"	"500"	""		"134459.2871"	"167449.4698"	"2s2.2p5.(2P*<3/2>).3s"	"2[3/2]*"	"1"	"2s2.2p5.(2P*<3/2>).5p"	"2[1/2]"	"1"		""	"L4498"	
"304.68332"	"0.00009"	"304.683635"	"0.000013"	"70"	""		"134818.6405"	"167639.5697"	"2s2.2p5.(2P*<1/2>).3s"	"2[1/2]*"	"0"	"2s2.2p5.(2P*<3/2>).5p"	"2[3/2]"	"1"		""	"L4498"	
"305.82797"	"0.00008"	"305.828045"	"0.000013"	"3000"	"1.81e+06"	C	"135888.7173"	"168586.8304"	"2s2.2p5.(2P*<1/2>).3s"	"2[1/2]*"	"1"	"2s2.2p5.(2P*<1/2>).5p"	"2[1/2]"	"0"		"T6976"	"L5951"	
"306.45857"	"0.00009"	"306.458653"	"0.000013"	"2000"	""		"134818.6405"	"167449.4698"	"2s2.2p5.(2P*<1/2>).3s"	"2[1/2]*"	"0"	"2s2.2p5.(2P*<3/2>).5p"	"2[1/2]"	"1"		""	"L4498"	
"306.6559"	"0.0020"	"306.656356"	"0.000013"	"50"	""		"134459.2871"	"167069.0791"	"2s2.2p5.(2P*<3/2>).3s"	"2[3/2]*"	"1"	"2s2.2p5.(2P*<3/2>).4f"	"2[5/2]"	"2"		""	"L3469"	
"306.8105"	"0.0020"	"306.811011"	"0.000013"	"250*"	""		"134459.2871"	"167052.6415"	"2s2.2p5.(2P*<3/2>).3s"	"2[3/2]*"	"1"	"2s2.2p5.(2P*<3/2>).4f"	"2[3/2]"	"1"		""	"L3469"	
"306.8105"	"0.0020"	"306.810786"	"0.000013"	"250*"	""		"134459.2871"	"167052.6654"	"2s2.2p5.(2P*<3/2>).3s"	"2[3/2]*"	"1"	"2s2.2p5.(2P*<3/2>).4f"	"2[3/2]"	"2"		""	"L3469"	
"307.78700"	"0.00009"	"307.787068"	"0.000013"	"2000"	""		"135888.7173"	"168378.7113"	"2s2.2p5.(2P*<1/2>).3s"	"2[1/2]*"	"1"	"2s2.2p5.(2P*<1/2>).5p"	"2[3/2]"	"2"		""	"L5951"	
"307.97749"	"0.00009"	"307.977515"	"0.000013"	"1000"	""		"135888.7173"	"168358.6202"	"2s2.2p5.(2P*<1/2>).3s"	"2[1/2]*"	"1"	"2s2.2p5.(2P*<1/2>).5p"	"2[1/2]"	"1"		""	"L4498"	
"308.00752"	"0.00009"	"308.007508"	"0.000013"	"1000"	""		"135888.7173"	"168355.4583"	"2s2.2p5.(2P*<1/2>).3s"	"2[1/2]*"	"1"	"2s2.2p5.(2P*<1/2>).5p"	"2[3/2]"	"1"		""	"L4498"	
"310.2307"	"0.0020"	"310.231423"	"0.000014"	"70"	""		"134818.6405"	"167052.6415"	"2s2.2p5.(2P*<1/2>).3s"	"2[1/2]*"	"0"	"2s2.2p5.(2P*<3/2>).4f"	"2[3/2]"	"1"		""	"L3469"	
"312.71027"	"0.00009"	"312.710329"	"0.000014"	"2000"	"9.6e+05"	C	"135888.7173"	"167867.1941"	"2s2.2p5.(2P*<1/2>).3s"	"2[1/2]*"	"1"	"2s2.2p5.(2P*<3/2>).5p"	"2[1/2]"	"0"		"T6976"	"L5951"	
"314.86252"	"0.00010"	"314.862245"	"0.000014"	"250"	""		"135888.7173"	"167648.6382"	"2s2.2p5.(2P*<1/2>).3s"	"2[1/2]*"	"1"	"2s2.2p5.(2P*<3/2>).5p"	"2[3/2]"	"2"		""	"L4498"	
"314.95226"	"0.00004"	"314.952174"	"0.000014"	"1000"	""		"135888.7173"	"167639.5697"	"2s2.2p5.(2P*<1/2>).3s"	"2[1/2]*"	"1"	"2s2.2p5.(2P*<3/2>).5p"	"2[3/2]"	"1"		""	"L3451"	
"315.43238"	"0.00004"	"315.432376"	"0.000014"	"1000"	""		"135888.7173"	"167591.2335"	"2s2.2p5.(2P*<1/2>).3s"	"2[1/2]*"	"1"	"2s2.2p5.(2P*<3/2>).5p"	"2[5/2]"	"2"		""	"L3451"	
"316.84929"	"0.00004"	"316.849226"	"0.000014"	"500"	""		"135888.7173"	"167449.4698"	"2s2.2p5.(2P*<1/2>).3s"	"2[1/2]*"	"1"	"2s2.2p5.(2P*<3/2>).5p"	"2[1/2]"	"1"		""	"L3451"	
"320.7125"	"0.0020"	"320.714688"	"0.000015"	"10"	""		"135888.7173"	"167069.0791"	"2s2.2p5.(2P*<1/2>).3s"	"2[1/2]*"	"1"	"2s2.2p5.(2P*<3/2>).4f"	"2[5/2]"	"2"		""	"L3469"	
"320.8833"	"0.0020"	"320.883605"	"0.000015"	"100*"	""		"135888.7173"	"167052.6654"	"2s2.2p5.(2P*<1/2>).3s"	"2[1/2]*"	"1"	"2s2.2p5.(2P*<3/2>).4f"	"2[3/2]"	"2"		""	"L3469"	
"320.8833"	"0.0020"	"320.883851"	"0.000015"	"100*"	""		"135888.7173"	"167052.6415"	"2s2.2p5.(2P*<1/2>).3s"	"2[1/2]*"	"1"	"2s2.2p5.(2P*<3/2>).4f"	"2[3/2]"	"1"		""	"L3469"	
"335.27129"	"0.00010"	"335.271200"	"0.000016"	"250"	"1.08e+04"	D	"134459.2871"	"164285.8872"	"2s2.2p5.(2P*<3/2>).3s"	"2[3/2]*"	"1"	"2s2.2p5.(2P*<1/2>).4p"	"2[1/2]"	"0"		"T2427"	"L4498"	
"337.07756"	"0.00005"	"337.077558"	"0.000016"	"5000"	"1.32e+05"	C	"134041.8400"	"163708.6029"	"2s2.2p5.(2P*<3/2>).3s"	"2[3/2]*"	"2"	"2s2.2p5.(2P*<1/2>).4p"	"2[3/2]"	"2"		"T6976"	"L3451"	
"337.08749"	"0.00005"	"337.087521"	"0.000016"	"7000"	"7.1e+05"	C	"134041.8400"	"163707.7261"	"2s2.2p5.(2P*<3/2>).3s"	"2[3/2]*"	"2"	"2s2.2p5.(2P*<1/2>).4p"	"2[1/2]"	"1"		"T6976"	"L3451"	
"337.66184"	"0.00005"	"337.661791"	"0.000016"	"500"	"2.20e+05"	D+	"134041.8400"	"163657.2726"	"2s2.2p5.(2P*<3/2>).3s"	"2[3/2]*"	"2"	"2s2.2p5.(2P*<1/2>).4p"	"2[3/2]"	"1"		"T3163"	"L3451"	
"341.88834"	"0.00005"	"341.888339"	"0.000017"	"5000"	"8.7e+05"	C	"134459.2871"	"163708.6029"	"2s2.2p5.(2P*<3/2>).3s"	"2[3/2]*"	"1"	"2s2.2p5.(2P*<1/2>).4p"	"2[3/2]"	"2"		"T6976"	"L3451"	
"341.89855"	"0.00011"	"341.898588"	"0.000017"	"500"	"2.78e+05"	C	"134459.2871"	"163707.7261"	"2s2.2p5.(2P*<3/2>).3s"	"2[3/2]*"	"1"	"2s2.2p5.(2P*<1/2>).4p"	"2[1/2]"	"1"		"T6976"	"L5951"	
"342.48938"	"0.00005"	"342.489382"	"0.000017"	"500"	"1.00e+05"	D+	"134459.2871"	"163657.2726"	"2s2.2p5.(2P*<3/2>).3s"	"2[3/2]*"	"1"	"2s2.2p5.(2P*<1/2>).4p"	"2[3/2]"	"1"		"T3163"	"L3451"	
"344.86901"	"0.00005"	"344.869037"	"0.000017"	"2000"	"2.13e+06"	C+	"134041.8400"	"163038.3544"	"2s2.2p5.(2P*<3/2>).3s"	"2[3/2]*"	"2"	"2s2.2p5.(2P*<3/2>).4p"	"2[3/2]"	"2"		"T6976"	"L3451"	
"345.17528"	"0.00005"	"345.175324"	"0.000017"	"500"	"4.70e+05"	C	"134041.8400"	"163012.6247"	"2s2.2p5.(2P*<3/2>).3s"	"2[3/2]*"	"2"	"2s2.2p5.(2P*<3/2>).4p"	"2[3/2]"	"1"		"T6976"	"L3451"	
"345.51838"	"0.00005"	"345.518397"	"0.000017"	"1000"	"3.68e+06"	C	"134459.2871"	"163401.3061"	"2s2.2p5.(2P*<3/2>).3s"	"2[3/2]*"	"1"	"2s2.2p5.(2P*<3/2>).4p"	"2[1/2]"	"0"		"T6976"	"L3451"	
"346.15147"	"0.00005"	"346.151489"	"0.000017"	"1000"	"7.5e+05"	C	"134818.6405"	"163707.7261"	"2s2.2p5.(2P*<1/2>).3s"	"2[1/2]*"	"0"	"2s2.2p5.(2P*<1/2>).4p"	"2[1/2]"	"1"		"T6976"	"L3451"	
"346.53307"	"0.00005"	"346.533044"	"0.000017"	"1000"	"6.4e+05"	C	"134041.8400"	"162899.1169"	"2s2.2p5.(2P*<3/2>).3s"	"2[3/2]*"	"2"	"2s2.2p5.(2P*<3/2>).4p"	"2[5/2]"	"2"		"T6976"	"L3451"	
"346.75709"	"0.00005"	"346.757085"	"0.000017"	"2000"	"1.25e+06"	C	"134818.6405"	"163657.2726"	"2s2.2p5.(2P*<1/2>).3s"	"2[1/2]*"	"0"	"2s2.2p5.(2P*<1/2>).4p"	"2[3/2]"	"1"		"T6976"	"L3451"	
"347.35649"	"0.00005"	"347.356494"	"0.000017"	"5000"	"1.69e+06"	C+	"134041.8400"	"162830.7073"	"2s2.2p5.(2P*<3/2>).3s"	"2[3/2]*"	"2"	"2s2.2p5.(2P*<3/2>).4p"	"2[5/2]"	"3"		"T6976"	"L3451"	
"349.90640"	"0.00005"	"349.906451"	"0.000017"	"1000"	"4.84e+05"	C	"134459.2871"	"163038.3544"	"2s2.2p5.(2P*<3/2>).3s"	"2[3/2]*"	"1"	"2s2.2p5.(2P*<3/2>).4p"	"2[3/2]"	"2"		"T6976"	"L3451"	
"350.22171"	"0.00005"	"350.221755"	"0.000017"	"2000"	"1.20e+06"	C	"134459.2871"	"163012.6247"	"2s2.2p5.(2P*<3/2>).3s"	"2[3/2]*"	"1"	"2s2.2p5.(2P*<3/2>).4p"	"2[3/2]"	"1"		"T6976"	"L3451"	
"351.17248"	"0.00005"	"351.172480"	"0.000017"	"500"	"2.51e+05"	C	"134041.8400"	"162517.8755"	"2s2.2p5.(2P*<3/2>).3s"	"2[3/2]*"	"2"	"2s2.2p5.(2P*<3/2>).4p"	"2[1/2]"	"1"		"T6976"	"L3451"	
"351.61952"	"0.00005"	"351.619545"	"0.000017"	"2000"	"6.7e+05"	C	"134459.2871"	"162899.1169"	"2s2.2p5.(2P*<3/2>).3s"	"2[3/2]*"	"1"	"2s2.2p5.(2P*<3/2>).4p"	"2[5/2]"	"2"		"T6976"	"L3451"	
"352.14780"	"0.00005"	"352.147768"	"0.000018"	"10000"	"7.58e+06"	C+	"135888.7173"	"164285.8872"	"2s2.2p5.(2P*<1/2>).3s"	"2[1/2]*"	"1"	"2s2.2p5.(2P*<1/2>).4p"	"2[1/2]"	"0"		"T6976"	"L3451"	
"356.39726"	"0.00005"	"356.397117"	"0.000018"	"150"	""		"134459.2871"	"162517.8755"	"2s2.2p5.(2P*<3/2>).3s"	"2[3/2]*"	"1"	"2s2.2p5.(2P*<3/2>).4p"	"2[1/2]"	"1"		""	"L3451"	
"359.45517"	"0.00005"	"359.455109"	"0.000018"	"5000"	"8.87e+05"	C+	"135888.7173"	"163708.6029"	"2s2.2p5.(2P*<1/2>).3s"	"2[1/2]*"	"1"	"2s2.2p5.(2P*<1/2>).4p"	"2[3/2]"	"2"		"T6976"	"L3451"	
"359.46639"	"0.00004"	"359.466438"	"0.000018"	"3000"	"7.4e+05"	C	"135888.7173"	"163707.7261"	"2s2.2p5.(2P*<1/2>).3s"	"2[1/2]*"	"1"	"2s2.2p5.(2P*<1/2>).4p"	"2[1/2]"	"1"		"T6976"	"L5951"	
"360.11965"	"0.00005"	"360.119563"	"0.000018"	"1000"	"4.37e+05"	C	"135888.7173"	"163657.2726"	"2s2.2p5.(2P*<1/2>).3s"	"2[1/2]*"	"1"	"2s2.2p5.(2P*<1/2>).4p"	"2[3/2]"	"1"		"T6976"	"L3451"	
"361.02082"	"0.00005"	"361.020801"	"0.000018"	"500"	"5.0e+04"	D	"134818.6405"	"162517.8755"	"2s2.2p5.(2P*<1/2>).3s"	"2[1/2]*"	"0"	"2s2.2p5.(2P*<3/2>).4p"	"2[1/2]"	"1"		"T3163"	"L3451"	
"363.47001"	"0.00005"	"363.469976"	"0.000019"	"1000"	"8.2e+05"	C	"135888.7173"	"163401.3061"	"2s2.2p5.(2P*<1/2>).3s"	"2[1/2]*"	"1"	"2s2.2p5.(2P*<3/2>).4p"	"2[1/2]"	"0"		"T6976"	"L3451"	
"368.32904"	"0.00005"	"368.329048"	"0.000019"	"1000"	"1.35e+05"	C	"135888.7173"	"163038.3544"	"2s2.2p5.(2P*<1/2>).3s"	"2[1/2]*"	"1"	"2s2.2p5.(2P*<3/2>).4p"	"2[3/2]"	"2"		"T6976"	"L3451"	
"368.67843"	"0.00005"	"368.678445"	"0.000019"	"1000"	"3.96e+05"	C	"135888.7173"	"163012.6247"	"2s2.2p5.(2P*<1/2>).3s"	"2[1/2]*"	"1"	"2s2.2p5.(2P*<3/2>).4p"	"2[3/2]"	"1"		"T6976"	"L3451"	
"370.22779"	"0.00005"	"370.227770"	"0.000019"	"400"	"2.21e+05"	C	"135888.7173"	"162899.1169"	"2s2.2p5.(2P*<1/2>).3s"	"2[1/2]*"	"1"	"2s2.2p5.(2P*<3/2>).4p"	"2[5/2]"	"2"		"T6976"	"L3451"	
"375.52818"	"0.00005"	"375.528206"	"0.000020"	"500"	"8.0e+04"	D+	"135888.7173"	"162517.8755"	"2s2.2p5.(2P*<1/2>).3s"	"2[1/2]*"	"1"	"2s2.2p5.(2P*<3/2>).4p"	"2[1/2]"	"1"		"T3163"	"L3451"	
"376.6889"	"0.0020"	"376.690956"	"0.000020"	"50f"	""		"135888.7173"	"162435.6780"	"2s2.2p5.(2P*<1/2>).3s"	"2[1/2]*"	"1"	"2s2.2p5.(2P*<1/2>).3d"	"2[3/2]*"	"1"	UT	""	"L3469"	
"376.9118"	"0.0020"	"376.913810"	"0.000020"	"50f"	""		"135888.7173"	"162419.9818"	"2s2.2p5.(2P*<1/2>).3s"	"2[1/2]*"	"1"	"2s2.2p5.(2P*<1/2>).3d"	"2[3/2]*"	"2"	UT	""	"L3469"	
"377.0520"	"0.0020"	"377.053201"	"0.000020"	"70f"	""		"135888.7173"	"162410.1736"	"2s2.2p5.(2P*<1/2>).3s"	"2[1/2]*"	"1"	"2s2.2p5.(2P*<1/2>).3d"	"2[5/2]*"	"3"	UT	""	"L3469"	
"377.0725"	"0.0020"	"377.074814"	"0.000020"	"50f"	""		"135888.7173"	"162408.6535"	"2s2.2p5.(2P*<1/2>).3s"	"2[1/2]*"	"1"	"2s2.2p5.(2P*<1/2>).3d"	"2[5/2]*"	"2"	UT	""	"L3469"	
"388.3798"	"0.0020"	"388.381185"	"0.000021"	"20f"	""		"135888.7173"	"161636.6175"	"2s2.2p5.(2P*<1/2>).3s"	"2[1/2]*"	"1"	"2s2.2p5.(2P*<3/2>).3d"	"2[3/2]*"	"1"	UT	""	"L3469"	
"388.8236"	"0.0020"	"388.824506"	"0.000021"	"10f"	""		"135888.7173"	"161607.2609"	"2s2.2p5.(2P*<1/2>).3s"	"2[1/2]*"	"1"	"2s2.2p5.(2P*<3/2>).3d"	"2[3/2]*"	"2"	UT	""	"L3469"	
"389.0529"	"0.0020"	"389.053547"	"0.000021"	"50f"	""		"135888.7173"	"161592.1200"	"2s2.2p5.(2P*<1/2>).3s"	"2[1/2]*"	"1"	"2s2.2p5.(2P*<3/2>).3d"	"2[7/2]*"	"3"	UT	""	"L3469"	
"390.0828"	"0.0020"	"390.084724"	"0.000022"	"20f"	""		"135888.7173"	"161524.1739"	"2s2.2p5.(2P*<1/2>).3s"	"2[1/2]*"	"1"	"2s2.2p5.(2P*<3/2>).3d"	"2[1/2]*"	"1"	UT	""	"L3469"	
"394.4656"	"0.0020"	"394.4661"	"0.0012"	"20"	""		"148257.7898"	"173608.51"	"2s2.2p5.(2P*<3/2>).3p"	"2[1/2]"	"1"	"2s2.2p5.(2P*<1/2>).10d"	"2[3/2]*"	"2"		""	"L3469"	
"398.5192"	"0.0020"	"398.5177"	"0.0014"	"20"	""		"148257.7898"	"173350.78"	"2s2.2p5.(2P*<3/2>).3p"	"2[1/2]"	"1"	"2s2.2p5.(2P*<1/2>).9d"	"2[3/2]*"	"1"		""	"L3469"	
"398.5380"	"0.0020"	"398.5378"	"0.0013"	"70"	""		"148257.7898"	"173349.51"	"2s2.2p5.(2P*<3/2>).3p"	"2[1/2]"	"1"	"2s2.2p5.(2P*<1/2>).9d"	"2[3/2]*"	"2"		""	"L3469"	
"399.6428"	"0.0020"	"399.6427"	"0.0021"	"10"	""		"148257.7898"	"173280.14"	"2s2.2p5.(2P*<3/2>).3p"	"2[1/2]"	"1"	"2s2.2p5.(2P*<3/2>).13d"	"2[3/2]*"	"2"		""	"L3469"	
"399.6851"	"0.0020"	"399.6834"	"0.0022"	"10"	""		"148257.7898"	"173277.59"	"2s2.2p5.(2P*<3/2>).3p"	"2[1/2]"	"1"	"2s2.2p5.(2P*<3/2>).13d"	"2[1/2]*"	"1"		""	"L3469"	
"399.9725"	"0.0020"	"399.9733"	"0.0010"	"10"	""		"148257.7898"	"173259.46"	"2s2.2p5.(2P*<3/2>).3p"	"2[1/2]"	"1"	"2s2.2p5.(2P*<1/2>).10s"	"2[1/2]*"	"1"		""	"L3469"	
"400.0394"	"0.0020"	"400.0408"	"0.0010"	"10"	""		"148257.7898"	"173255.24"	"2s2.2p5.(2P*<3/2>).3p"	"2[1/2]"	"1"	"2s2.2p5.(2P*<1/2>).10s"	"2[1/2]*"	"0"		""	"L3469"	
"401.4887"	"0.0020"	"401.4887"	"0.0019"	"10"	""		"148257.7898"	"173165.09"	"2s2.2p5.(2P*<3/2>).3p"	"2[1/2]"	"1"	"2s2.2p5.(2P*<3/2>).12d"	"2[3/2]*"	"2"		""	"L3469"	
"401.5130"	"0.0020"	"401.511"	"0.003"	"20"	""		"148257.7898"	"173163.72"	"2s2.2p5.(2P*<3/2>).3p"	"2[1/2]"	"1"	"2s2.2p5.(2P*<3/2>).12d"	"2[1/2]*"	"1"		""	"L3469"	
"402.1151"	"0.0020"	"402.1179"	"0.0015"	"20"	""		"148257.7898"	"173126.12"	"2s2.2p5.(2P*<3/2>).3p"	"2[1/2]"	"1"	"2s2.2p5.(2P*<3/2>).13s"	"2[3/2]*"	"2"		""	"L3469"	
"403.8403"	"0.0020"	"403.8402"	"0.0020"	"50"	""		"148257.7898"	"173020.06"	"2s2.2p5.(2P*<3/2>).3p"	"2[1/2]"	"1"	"2s2.2p5.(2P*<3/2>).11d"	"2[3/2]*"	"2"		""	"L3469"	
"403.8756"	"0.0020"	"403.8741"	"0.0021"	"150"	""		"148257.7898"	"173017.98"	"2s2.2p5.(2P*<3/2>).3p"	"2[1/2]"	"1"	"2s2.2p5.(2P*<3/2>).11d"	"2[1/2]*"	"1"		""	"L3469"	
"403.8837"	"0.0020"	"403.8837"	"0.0020"	"50"	""		"148257.7898"	"173017.39"	"2s2.2p5.(2P*<3/2>).3p"	"2[1/2]"	"1"	"2s2.2p5.(2P*<3/2>).11d"	"2[1/2]*"	"0"		""	"L3469"	
"404.3469"	"0.0020"	"404.3475"	"0.0011"	"100"	""		"148257.7898"	"172988.99"	"2s2.2p5.(2P*<3/2>).3p"	"2[1/2]"	"1"	"2s2.2p5.(2P*<1/2>).8d"	"2[3/2]*"	"1"		""	"L3469"	
"404.3784"	"0.0020"	"404.3789"	"0.0013"	"500"	""		"148257.7898"	"172987.07"	"2s2.2p5.(2P*<3/2>).3p"	"2[1/2]"	"1"	"2s2.2p5.(2P*<1/2>).8d"	"2[3/2]*"	"2"		""	"L3469"	
"404.6805"	"0.0020"	"404.6827"	"0.0013"	"20"	""		"148257.7898"	"172968.51"	"2s2.2p5.(2P*<3/2>).3p"	"2[1/2]"	"1"	"2s2.2p5.(2P*<3/2>).12s"	"2[3/2]*"	"2"		""	"L3469"	
"406.5184"	"0.0020"	"406.5171"	"0.0008"	"500"	""		"148257.7898"	"172857.00"	"2s2.2p5.(2P*<3/2>).3p"	"2[1/2]"	"1"	"2s2.2p5.(2P*<1/2>).9s"	"2[1/2]*"	"1"		""	"L3469"	
"406.5977"	"0.0020"	"406.5976"	"0.0010"	"150"	""		"148257.7898"	"172852.13"	"2s2.2p5.(2P*<3/2>).3p"	"2[1/2]"	"1"	"2s2.2p5.(2P*<1/2>).9s"	"2[1/2]*"	"0"		""	"L3469"	
"406.9984"	"0.0020"	"406.9981"	"0.0013"	"300"	""		"148257.7898"	"172827.93"	"2s2.2p5.(2P*<3/2>).3p"	"2[1/2]"	"1"	"2s2.2p5.(2P*<3/2>).10d"	"2[3/2]*"	"2"		""	"L3469"	
"407.0392"	"0.0020"	"407.0377"	"0.0022"	"300"	""		"148257.7898"	"172825.54"	"2s2.2p5.(2P*<3/2>).3p"	"2[1/2]"	"1"	"2s2.2p5.(2P*<3/2>).10d"	"2[1/2]*"	"1"		""	"L3469"	
"407.0538"	"0.0020"	"407.0537"	"0.0020"	"50"	""		"148257.7898"	"172824.57"	"2s2.2p5.(2P*<3/2>).3p"	"2[1/2]"	"1"	"2s2.2p5.(2P*<3/2>).10d"	"2[1/2]*"	"0"		""	"L3469"	
"408.0511"	"0.0020"	"408.0498"	"0.0008"	"20"	""		"148257.7898"	"172764.60"	"2s2.2p5.(2P*<3/2>).3p"	"2[1/2]"	"1"	"2s2.2p5.(2P*<3/2>).11s"	"2[3/2]*"	"1"		""	"L3469"	
"408.1300"	"0.0020"	"408.1294"	"0.0010"	"500"	""		"148257.7898"	"172759.82"	"2s2.2p5.(2P*<3/2>).3p"	"2[1/2]"	"1"	"2s2.2p5.(2P*<3/2>).11s"	"2[3/2]*"	"2"		""	"L3469"	
"411.3042"	"0.0020"	"411.3019"	"0.0008"	"10"	""		"148257.7898"	"172570.83"	"2s2.2p5.(2P*<3/2>).3p"	"2[1/2]"	"1"	"2s2.2p5.(2P*<3/2>).9d"	"2[3/2]*"	"1"		""	"L3469"	
"411.3260"	"0.0020"	"411.3261"	"0.0007"	"150"	""		"148257.7898"	"172569.40"	"2s2.2p5.(2P*<3/2>).3p"	"2[1/2]"	"1"	"2s2.2p5.(2P*<3/2>).9d"	"2[3/2]*"	"2"		""	"L3469"	
"411.3854"	"0.0020"	"411.3848"	"0.0008"	"200"	""		"148257.7898"	"172565.93"	"2s2.2p5.(2P*<3/2>).3p"	"2[1/2]"	"1"	"2s2.2p5.(2P*<3/2>).9d"	"2[1/2]*"	"1"		""	"L3469"	
"411.4025"	"0.0020"	"411.4026"	"0.0020"	"100"	""		"148257.7898"	"172564.88"	"2s2.2p5.(2P*<3/2>).3p"	"2[1/2]"	"1"	"2s2.2p5.(2P*<3/2>).9d"	"2[1/2]*"	"0"		""	"L3469"	
"412.8105"	"0.0020"	"412.81292"	"0.00004"	"20"	""		"148257.7898"	"172481.8376"	"2s2.2p5.(2P*<3/2>).3p"	"2[1/2]"	"1"	"2s2.2p5.(2P*<3/2>).10s"	"2[3/2]*"	"1"		""	"L3469"	
"412.9236"	"0.0020"	"412.92401"	"0.00009"	"300"	""		"148257.7898"	"172475.321"	"2s2.2p5.(2P*<3/2>).3p"	"2[1/2]"	"1"	"2s2.2p5.(2P*<3/2>).10s"	"2[3/2]*"	"2"		""	"L3469"	
"413.1677"	"0.0020"	"413.16891"	"0.00019"	"200"	""		"148257.7898"	"172460.966"	"2s2.2p5.(2P*<3/2>).3p"	"2[1/2]"	"1"	"2s2.2p5.(2P*<1/2>).7d"	"2[3/2]*"	"1"		""	"L3469"	
"413.22266"	"0.00020"	"413.22257"	"0.00014"	"700"	""		"148257.7898"	"172457.823"	"2s2.2p5.(2P*<3/2>).3p"	"2[1/2]"	"1"	"2s2.2p5.(2P*<1/2>).7d"	"2[3/2]*"	"2"		""	"L4498"	
"416.59820"	"0.00020"	"416.59808"	"0.00007"	"500"	""		"148257.7898"	"172261.741"	"2s2.2p5.(2P*<3/2>).3p"	"2[1/2]"	"1"	"2s2.2p5.(2P*<1/2>).8s"	"2[1/2]*"	"1"		""	"L4498"	
"416.7265"	"0.0020"	"416.72735"	"0.00016"	"300"	""		"148257.7898"	"172254.295"	"2s2.2p5.(2P*<3/2>).3p"	"2[1/2]"	"1"	"2s2.2p5.(2P*<1/2>).8s"	"2[1/2]*"	"0"		""	"L3469"	
"417.5143"	"0.0020"	"417.5128"	"0.0009"	"20"	""		"148257.7898"	"172209.15"	"2s2.2p5.(2P*<3/2>).3p"	"2[1/2]"	"1"	"2s2.2p5.(2P*<3/2>).8d"	"2[3/2]*"	"1"		""	"L3469"	
"417.55433"	"0.00020"	"417.55431"	"0.00019"	"700"	""		"148257.7898"	"172206.770"	"2s2.2p5.(2P*<3/2>).3p"	"2[1/2]"	"1"	"2s2.2p5.(2P*<3/2>).8d"	"2[3/2]*"	"2"		""	"L4498"	
"417.63965"	"0.00020"	"417.63962"	"0.00019"	"600"	""		"148257.7898"	"172201.878"	"2s2.2p5.(2P*<3/2>).3p"	"2[1/2]"	"1"	"2s2.2p5.(2P*<3/2>).8d"	"2[1/2]*"	"1"		""	"L4498"	
"417.6665"	"0.0020"	"417.6666"	"0.0010"	"400"	""		"148257.7898"	"172200.33"	"2s2.2p5.(2P*<3/2>).3p"	"2[1/2]"	"1"	"2s2.2p5.(2P*<3/2>).8d"	"2[1/2]*"	"0"		""	"L3469"	
"419.7597"	"0.0020"	"419.76021"	"0.00009"	"150"	""		"148257.7898"	"172080.915"	"2s2.2p5.(2P*<3/2>).3p"	"2[1/2]"	"1"	"2s2.2p5.(2P*<3/2>).9s"	"2[3/2]*"	"1"		""	"L3469"	
"419.92846"	"0.00020"	"419.92812"	"0.00012"	"700"	""		"148257.7898"	"172071.389"	"2s2.2p5.(2P*<3/2>).3p"	"2[1/2]"	"1"	"2s2.2p5.(2P*<3/2>).9s"	"2[3/2]*"	"2"		""	"L4498"	
"420.4454"	"0.0020"	"420.4456"	"0.0009"	"20*"	""		"149824.2215"	"173608.51"	"2s2.2p5.(2P*<3/2>).3p"	"2[5/2]"	"2"	"2s2.2p5.(2P*<1/2>).10d"	"2[5/2]*"	"2"		""	"L3469"	
"420.4454"	"0.0020"	"420.4456"	"0.0014"	"20*"	""		"149824.2215"	"173608.51"	"2s2.2p5.(2P*<3/2>).3p"	"2[5/2]"	"2"	"2s2.2p5.(2P*<1/2>).10d"	"2[3/2]*"	"2"		""	"L3469"	
"420.4454"	"0.0020"	"420.4451"	"0.0012"	"20*"	""		"149824.2215"	"173608.54"	"2s2.2p5.(2P*<3/2>).3p"	"2[5/2]"	"2"	"2s2.2p5.(2P*<1/2>).10d"	"2[5/2]*"	"3"		""	"L3469"	
"423.3515"	"0.0020"	"423.3515"	"0.0020"	"10"	""		"149657.0392"	"173278.07"	"2s2.2p5.(2P*<3/2>).3p"	"2[5/2]"	"3"	"2s2.2p5.(2P*<3/2>).13d"	"2[7/2]*"	"4"		""	"L3469"	
"425.0734"	"0.0020"	"425.0743"	"0.0011"	"20"	""		"149824.2215"	"173349.52"	"2s2.2p5.(2P*<3/2>).3p"	"2[5/2]"	"2"	"2s2.2p5.(2P*<1/2>).9d"	"2[5/2]*"	"3"		""	"L3469"	
"425.3615"	"0.0020"	"425.3616"	"0.0020"	"20"	""		"149657.0392"	"173166.45"	"2s2.2p5.(2P*<3/2>).3p"	"2[5/2]"	"3"	"2s2.2p5.(2P*<3/2>).12d"	"2[5/2]*"	"3"		""	"L3469"	
"425.3972"	"0.0020"	"425.3972"	"0.0020"	"20"	""		"149657.0392"	"173164.48"	"2s2.2p5.(2P*<3/2>).3p"	"2[5/2]"	"3"	"2s2.2p5.(2P*<3/2>).12d"	"2[7/2]*"	"4"		""	"L3469"	
"425.7696"	"0.0020"	"425.7689"	"0.0009"	"20*"	""		"150121.5922"	"173608.51"	"2s2.2p5.(2P*<3/2>).3p"	"2[3/2]"	"1"	"2s2.2p5.(2P*<1/2>).10d"	"2[5/2]*"	"2"		""	"L3469"	
"425.7696"	"0.0020"	"425.7689"	"0.0015"	"20*"	""		"150121.5922"	"173608.51"	"2s2.2p5.(2P*<3/2>).3p"	"2[3/2]"	"1"	"2s2.2p5.(2P*<1/2>).10d"	"2[3/2]*"	"2"		""	"L3469"	
"426.0938"	"0.0020"	"426.0925"	"0.0016"	"10"	""		"149657.0392"	"173126.12"	"2s2.2p5.(2P*<3/2>).3p"	"2[5/2]"	"3"	"2s2.2p5.(2P*<3/2>).13s"	"2[3/2]*"	"2"		""	"L3469"	
"426.3679"	"0.0020"	"426.3678"	"0.0020"	"20"	""		"149824.2215"	"173278.15"	"2s2.2p5.(2P*<3/2>).3p"	"2[5/2]"	"2"	"2s2.2p5.(2P*<3/2>).13d"	"2[7/2]*"	"3"		""	"L3469"	
"426.8487"	"0.0020"	"426.84880"	"0.00006"	"10"	""		"148257.7898"	"171685.289"	"2s2.2p5.(2P*<3/2>).3p"	"2[1/2]"	"1"	"2s2.2p5.(2P*<3/2>).7d"	"2[5/2]*"	"2"		""	"L3469"	
"426.8925"	"0.0020"	"426.89208"	"0.00017"	"50"	""		"148257.7898"	"171682.914"	"2s2.2p5.(2P*<3/2>).3p"	"2[1/2]"	"1"	"2s2.2p5.(2P*<3/2>).7d"	"2[3/2]*"	"1"		""	"L3469"	
"426.92098"	"0.00020"	"426.92062"	"0.00011"	"700"	""		"148257.7898"	"171681.348"	"2s2.2p5.(2P*<3/2>).3p"	"2[1/2]"	"1"	"2s2.2p5.(2P*<3/2>).7d"	"2[3/2]*"	"2"		""	"L4498"	
"427.09240"	"0.00020"	"427.09238"	"0.00020"	"700"	""		"148257.7898"	"171671.928"	"2s2.2p5.(2P*<3/2>).3p"	"2[1/2]"	"1"	"2s2.2p5.(2P*<3/2>).7d"	"2[1/2]*"	"1"		""	"L4498"	
"427.14270"	"0.00020"	"427.14266"	"0.00020"	"500"	""		"148257.7898"	"171669.172"	"2s2.2p5.(2P*<3/2>).3p"	"2[1/2]"	"1"	"2s2.2p5.(2P*<3/2>).7d"	"2[1/2]*"	"0"		""	"L4498"	
"427.58647"	"0.00020"	"427.58629"	"0.00006"	"500"	""		"148257.7898"	"171644.882"	"2s2.2p5.(2P*<3/2>).3p"	"2[1/2]"	"1"	"2s2.2p5.(2P*<1/2>).6d"	"2[3/2]*"	"1"		""	"L4498"	
"427.6370"	"0.0020"	"427.63610"	"0.00003"	"10"	""		"148257.7898"	"171642.1580"	"2s2.2p5.(2P*<3/2>).3p"	"2[1/2]"	"1"	"2s2.2p5.(2P*<1/2>).6d"	"2[5/2]*"	"2"		""	"L3469"	
"427.67622"	"0.00020"	"427.67604"	"0.00003"	"700"	""		"148257.7898"	"171639.9741"	"2s2.2p5.(2P*<3/2>).3p"	"2[1/2]"	"1"	"2s2.2p5.(2P*<1/2>).6d"	"2[3/2]*"	"2"		""	"L4498"	
"428.0054"	"0.0020"	"428.0043"	"0.0016"	"50"	""		"149657.0392"	"173021.29"	"2s2.2p5.(2P*<3/2>).3p"	"2[5/2]"	"3"	"2s2.2p5.(2P*<3/2>).11d"	"2[5/2]*"	"3"		""	"L3469"	
"428.0483"	"0.0020"	"428.0483"	"0.0020"	"150"	""		"149657.0392"	"173018.89"	"2s2.2p5.(2P*<3/2>).3p"	"2[5/2]"	"3"	"2s2.2p5.(2P*<3/2>).11d"	"2[7/2]*"	"4"		""	"L3469"	
"428.4447"	"0.0020"	"428.4446"	"0.0020"	"100"	""		"149824.2215"	"173164.46"	"2s2.2p5.(2P*<3/2>).3p"	"2[5/2]"	"2"	"2s2.2p5.(2P*<3/2>).12d"	"2[7/2]*"	"3"		""	"L3469"	
"428.9748"	"0.0020"	"428.9734"	"0.0015"	"50"	""		"149657.0392"	"172968.51"	"2s2.2p5.(2P*<3/2>).3p"	"2[5/2]"	"3"	"2s2.2p5.(2P*<3/2>).12s"	"2[3/2]*"	"2"		""	"L3469"	
"429.1006"	"0.0020"	"429.0993"	"0.0022"	"20"	""		"149824.2215"	"173128.85"	"2s2.2p5.(2P*<3/2>).3p"	"2[5/2]"	"2"	"2s2.2p5.(2P*<3/2>).13s"	"2[3/2]*"	"1"		""	"L3469"	
"429.3184"	"0.0020"	"429.3200"	"0.0009"	"20*"	""		"150315.8612"	"173608.51"	"2s2.2p5.(2P*<3/2>).3p"	"2[3/2]"	"2"	"2s2.2p5.(2P*<1/2>).10d"	"2[5/2]*"	"2"		""	"L3469"	
"429.3184"	"0.0020"	"429.3200"	"0.0015"	"20*"	""		"150315.8612"	"173608.51"	"2s2.2p5.(2P*<3/2>).3p"	"2[3/2]"	"2"	"2s2.2p5.(2P*<1/2>).10d"	"2[3/2]*"	"2"		""	"L3469"	
"429.3184"	"0.0020"	"429.3194"	"0.0013"	"20*"	""		"150315.8612"	"173608.54"	"2s2.2p5.(2P*<3/2>).3p"	"2[3/2]"	"2"	"2s2.2p5.(2P*<1/2>).10d"	"2[5/2]*"	"3"		""	"L3469"	
"430.4458"	"0.0020"	"430.44640"	"0.00009"	"300"	""		"148257.7898"	"171489.486"	"2s2.2p5.(2P*<3/2>).3p"	"2[1/2]"	"1"	"2s2.2p5.(2P*<3/2>).8s"	"2[3/2]*"	"1"		""	"L3469"	
"430.4906"	"0.0020"	"430.4929"	"0.0017"	"10"	""		"150121.5922"	"173350.78"	"2s2.2p5.(2P*<3/2>).3p"	"2[3/2]"	"1"	"2s2.2p5.(2P*<1/2>).9d"	"2[3/2]*"	"1"		""	"L3469"	
"430.5166"	"0.0020"	"430.5173"	"0.0015"	"50"	""		"150121.5922"	"173349.46"	"2s2.2p5.(2P*<3/2>).3p"	"2[3/2]"	"1"	"2s2.2p5.(2P*<1/2>).9d"	"2[5/2]*"	"2"		""	"L3469"	
"430.74621"	"0.00020"	"430.74631"	"0.00008"	"700"	""		"148257.7898"	"171473.311"	"2s2.2p5.(2P*<3/2>).3p"	"2[1/2]"	"1"	"2s2.2p5.(2P*<3/2>).8s"	"2[3/2]*"	"2"		""	"L4498"	
"431.1342"	"0.0020"	"431.1343"	"0.0020"	"20"	""		"149824.2215"	"173018.85"	"2s2.2p5.(2P*<3/2>).3p"	"2[5/2]"	"2"	"2s2.2p5.(2P*<3/2>).11d"	"2[7/2]*"	"3"		""	"L3469"	
"431.5323"	"0.0020"	"431.5328"	"0.0015"	"10"	""		"149657.0392"	"172830.25"	"2s2.2p5.(2P*<3/2>).3p"	"2[5/2]"	"3"	"2s2.2p5.(2P*<3/2>).10d"	"2[5/2]*"	"3"		""	"L3469"	
"431.5908"	"0.0020"	"431.5909"	"0.0020"	"300"	""		"149657.0392"	"172827.13"	"2s2.2p5.(2P*<3/2>).3p"	"2[5/2]"	"3"	"2s2.2p5.(2P*<3/2>).10d"	"2[7/2]*"	"4"		""	"L3469"	
"431.7222"	"0.0020"	"431.72186"	"0.00010"	"150"	""		"149824.2215"	"172987.283"	"2s2.2p5.(2P*<3/2>).3p"	"2[5/2]"	"2"	"2s2.2p5.(2P*<1/2>).8d"	"2[5/2]*"	"3"		""	"L3469"	
"432.0049"	"0.0020"	"432.00151"	"0.00008"	"50"	""		"149824.2215"	"172972.289"	"2s2.2p5.(2P*<3/2>).3p"	"2[5/2]"	"2"	"2s2.2p5.(2P*<3/2>).12s"	"2[3/2]*"	"1"		""	"L3469"	
"432.0726"	"0.0020"	"432.0720"	"0.0015"	"10"	""		"149824.2215"	"172968.51"	"2s2.2p5.(2P*<3/2>).3p"	"2[5/2]"	"2"	"2s2.2p5.(2P*<3/2>).12s"	"2[3/2]*"	"2"		""	"L3469"	
"432.2707"	"0.0020"	"432.2708"	"0.0011"	"20"	""		"150121.5922"	"173255.24"	"2s2.2p5.(2P*<3/2>).3p"	"2[3/2]"	"1"	"2s2.2p5.(2P*<1/2>).10s"	"2[1/2]*"	"0"		""	"L3469"	
"432.8482"	"0.0020"	"432.8483"	"0.0011"	"100"	""		"149657.0392"	"172759.82"	"2s2.2p5.(2P*<3/2>).3p"	"2[5/2]"	"3"	"2s2.2p5.(2P*<3/2>).11s"	"2[3/2]*"	"2"		""	"L3469"	
"433.53453"	"0.00004"	"433.53439"	"0.00003"	"700"	""		"148257.7898"	"171324.0107"	"2s2.2p5.(2P*<3/2>).3p"	"2[1/2]"	"1"	"2s2.2p5.(2P*<1/2>).7s"	"2[1/2]*"	"1"		""	"L3451"	
"433.74459"	"0.00020"	"433.74442"	"0.00003"	"500"	""		"148257.7898"	"171312.8413"	"2s2.2p5.(2P*<3/2>).3p"	"2[1/2]"	"1"	"2s2.2p5.(2P*<1/2>).7s"	"2[1/2]*"	"0"		""	"L4498"	
"433.9420"	"0.0020"	"433.9419"	"0.0021"	"20"	""		"150121.5922"	"173166.15"	"2s2.2p5.(2P*<3/2>).3p"	"2[3/2]"	"1"	"2s2.2p5.(2P*<3/2>).12d"	"2[5/2]*"	"2"		""	"L3469"	
"434.1476"	"0.0020"	"434.1473"	"0.0011"	"20"	""		"150315.8612"	"173349.52"	"2s2.2p5.(2P*<3/2>).3p"	"2[3/2]"	"2"	"2s2.2p5.(2P*<1/2>).9d"	"2[5/2]*"	"3"		""	"L3469"	
"434.1640"	"0.0020"	"434.1639"	"0.0009"	"20"	""		"149824.2215"	"172857.00"	"2s2.2p5.(2P*<3/2>).3p"	"2[5/2]"	"2"	"2s2.2p5.(2P*<1/2>).9s"	"2[1/2]*"	"1"		""	"L3469"	
"434.6701"	"0.0020"	"434.6696"	"0.0015"	"20*"	""		"149824.2215"	"172830.20"	"2s2.2p5.(2P*<3/2>).3p"	"2[5/2]"	"2"	"2s2.2p5.(2P*<3/2>).10d"	"2[5/2]*"	"2"		""	"L3469"	
"434.6701"	"0.0020"	"434.6687"	"0.0015"	"20*"	""		"149824.2215"	"172830.25"	"2s2.2p5.(2P*<3/2>).3p"	"2[5/2]"	"2"	"2s2.2p5.(2P*<3/2>).10d"	"2[5/2]*"	"3"		""	"L3469"	
"434.6984"	"0.0020"	"434.6970"	"0.0017"	"10"	""		"150121.5922"	"173126.12"	"2s2.2p5.(2P*<3/2>).3p"	"2[3/2]"	"1"	"2s2.2p5.(2P*<3/2>).13s"	"2[3/2]*"	"2"		""	"L3469"	
"434.7258"	"0.0020"	"434.7235"	"0.0019"	"150"	""		"149824.2215"	"172827.35"	"2s2.2p5.(2P*<3/2>).3p"	"2[5/2]"	"2"	"2s2.2p5.(2P*<3/2>).10d"	"2[7/2]*"	"3"		""	"L3469"	
"435.8523"	"0.0020"	"435.8514"	"0.0011"	"20"	""		"150315.8612"	"173259.46"	"2s2.2p5.(2P*<3/2>).3p"	"2[3/2]"	"2"	"2s2.2p5.(2P*<1/2>).10s"	"2[1/2]*"	"1"		""	"L3469"	
"435.9143"	"0.0020"	"435.9126"	"0.0010"	"50"	""		"149824.2215"	"172764.60"	"2s2.2p5.(2P*<3/2>).3p"	"2[5/2]"	"2"	"2s2.2p5.(2P*<3/2>).11s"	"2[3/2]*"	"1"		""	"L3469"	
"436.0041"	"0.0020"	"436.0034"	"0.0011"	"20"	""		"149824.2215"	"172759.82"	"2s2.2p5.(2P*<3/2>).3p"	"2[5/2]"	"2"	"2s2.2p5.(2P*<3/2>).11s"	"2[3/2]*"	"2"		""	"L3469"	
"436.3916"	"0.0020"	"436.3919"	"0.0011"	"300"	""		"149657.0392"	"172572.22"	"2s2.2p5.(2P*<3/2>).3p"	"2[5/2]"	"3"	"2s2.2p5.(2P*<3/2>).9d"	"2[5/2]*"	"3"		""	"L3469"	
"436.4454"	"0.0020"	"436.4456"	"0.0008"	"20"	""		"149657.0392"	"172569.40"	"2s2.2p5.(2P*<3/2>).3p"	"2[5/2]"	"3"	"2s2.2p5.(2P*<3/2>).9d"	"2[3/2]*"	"2"		""	"L3469"	
"436.4750"	"0.0001"	"436.47503"	"0.00010"	"700"	""		"149657.0392"	"172567.857"	"2s2.2p5.(2P*<3/2>).3p"	"2[5/2]"	"3"	"2s2.2p5.(2P*<3/2>).9d"	"2[7/2]*"	"4"		""	"L7292"	
"436.6932"	"0.0020"	"436.6933"	"0.0019"	"10"	""		"150121.5922"	"173020.96"	"2s2.2p5.(2P*<3/2>).3p"	"2[3/2]"	"1"	"2s2.2p5.(2P*<3/2>).11d"	"2[5/2]*"	"2"		""	"L3469"	
"437.3025"	"0.0020"	"437.3038"	"0.0013"	"20"	""		"150121.5922"	"172988.99"	"2s2.2p5.(2P*<3/2>).3p"	"2[3/2]"	"1"	"2s2.2p5.(2P*<1/2>).8d"	"2[3/2]*"	"1"		""	"L3469"	
"437.3386"	"0.0020"	"437.33796"	"0.00010"	"300"	""		"150121.5922"	"172987.204"	"2s2.2p5.(2P*<3/2>).3p"	"2[3/2]"	"1"	"2s2.2p5.(2P*<1/2>).8d"	"2[5/2]*"	"2"		""	"L3469"	
"437.6226"	"0.0020"	"437.6255"	"0.0021"	"20*"	""		"150315.8612"	"173166.45"	"2s2.2p5.(2P*<3/2>).3p"	"2[3/2]"	"2"	"2s2.2p5.(2P*<3/2>).12d"	"2[5/2]*"	"3"		""	"L3469"	
"437.6226"	"0.0020"	"437.62342"	"0.00008"	"20*"	""		"150121.5922"	"172972.289"	"2s2.2p5.(2P*<3/2>).3p"	"2[3/2]"	"1"	"2s2.2p5.(2P*<3/2>).12s"	"2[3/2]*"	"1"		""	"L3469"	
"437.8984"	"0.0020"	"437.8974"	"0.0010"	"20"	""		"150772.1118"	"173608.51"	"2s2.2p5.(2P*<1/2>).3p"	"2[3/2]"	"1"	"2s2.2p5.(2P*<1/2>).10d"	"2[5/2]*"	"2"		""	"L3469"	
"437.8984"	"0.0020"	"437.8974"	"0.0015"	"20*"	""		"150772.1118"	"173608.51"	"2s2.2p5.(2P*<1/2>).3p"	"2[3/2]"	"1"	"2s2.2p5.(2P*<1/2>).10d"	"2[3/2]*"	"2"		""	"L3469"	
"438.2451"	"0.0001"	"438.24509"	"0.00010"	"300"	""		"149657.0392"	"172475.321"	"2s2.2p5.(2P*<3/2>).3p"	"2[5/2]"	"3"	"2s2.2p5.(2P*<3/2>).10s"	"2[3/2]*"	"2"		""	"L7292"	
"439.5604"	"0.0020"	"439.5604"	"0.0015"	"150*"	""		"150858.5079"	"173608.51"	"2s2.2p5.(2P*<1/2>).3p"	"2[3/2]"	"2"	"2s2.2p5.(2P*<1/2>).10d"	"2[3/2]*"	"2"		""	"L3469"	
"439.5604"	"0.0020"	"439.5604"	"0.0010"	"150*"	""		"150858.5079"	"173608.51"	"2s2.2p5.(2P*<1/2>).3p"	"2[3/2]"	"2"	"2s2.2p5.(2P*<1/2>).10d"	"2[5/2]*"	"2"		""	"L3469"	
"439.5604"	"0.0020"	"439.5598"	"0.0014"	"150*"	""		"150858.5079"	"173608.54"	"2s2.2p5.(2P*<1/2>).3p"	"2[3/2]"	"2"	"2s2.2p5.(2P*<1/2>).10d"	"2[5/2]*"	"3"		""	"L3469"	
"439.6008"	"0.0020"	"439.6010"	"0.0012"	"150"	""		"149824.2215"	"172572.12"	"2s2.2p5.(2P*<3/2>).3p"	"2[5/2]"	"2"	"2s2.2p5.(2P*<3/2>).9d"	"2[5/2]*"	"2"		""	"L3469"	
"439.6243"	"0.0020"	"439.6260"	"0.0010"	"10"	""		"149824.2215"	"172570.83"	"2s2.2p5.(2P*<3/2>).3p"	"2[5/2]"	"2"	"2s2.2p5.(2P*<3/2>).9d"	"2[3/2]*"	"1"		""	"L3469"	
"439.6541"	"0.0020"	"439.6536"	"0.0008"	"10"	""		"149824.2215"	"172569.40"	"2s2.2p5.(2P*<3/2>).3p"	"2[5/2]"	"2"	"2s2.2p5.(2P*<3/2>).9d"	"2[3/2]*"	"2"		""	"L3469"	
"439.6791"	"0.0001"	"439.67908"	"0.00010"	"500"	""		"149824.2215"	"172568.083"	"2s2.2p5.(2P*<3/2>).3p"	"2[5/2]"	"2"	"2s2.2p5.(2P*<3/2>).9d"	"2[7/2]*"	"3"		""	"L7292"	
"439.7204"	"0.0020"	"439.7207"	"0.0010"	"10"	""		"149824.2215"	"172565.93"	"2s2.2p5.(2P*<3/2>).3p"	"2[5/2]"	"2"	"2s2.2p5.(2P*<3/2>).9d"	"2[1/2]*"	"1"		""	"L3469"	
"439.8410"	"0.0020"	"439.8426"	"0.0010"	"10"	""		"150121.5922"	"172857.00"	"2s2.2p5.(2P*<3/2>).3p"	"2[3/2]"	"1"	"2s2.2p5.(2P*<1/2>).9s"	"2[1/2]*"	"1"		""	"L3469"	
"439.9371"	"0.0020"	"439.9368"	"0.0012"	"50"	""		"150121.5922"	"172852.13"	"2s2.2p5.(2P*<3/2>).3p"	"2[3/2]"	"1"	"2s2.2p5.(2P*<1/2>).9s"	"2[1/2]*"	"0"		""	"L3469"	
"440.3611"	"0.0020"	"440.3616"	"0.0016"	"20"	""		"150121.5922"	"172830.20"	"2s2.2p5.(2P*<3/2>).3p"	"2[3/2]"	"1"	"2s2.2p5.(2P*<3/2>).10d"	"2[5/2]*"	"2"		""	"L3469"	
"440.3817"	"0.0020"	"440.3791"	"0.0014"	"10"	""		"150121.5922"	"172829.30"	"2s2.2p5.(2P*<3/2>).3p"	"2[3/2]"	"1"	"2s2.2p5.(2P*<3/2>).10d"	"2[3/2]*"	"1"		""	"L3469"	
"440.4222"	"0.0020"	"440.4233"	"0.0017"	"10"	""		"150315.8612"	"173021.29"	"2s2.2p5.(2P*<3/2>).3p"	"2[3/2]"	"2"	"2s2.2p5.(2P*<3/2>).11d"	"2[5/2]*"	"3"		""	"L3469"	
"440.6819"	"0.0020"	"440.6808"	"0.0021"	"20"	""		"150917.4307"	"173609.59"	"2s2.2p5.(2P*<3/2>).3p"	"2[1/2]"	"0"	"2s2.2p5.(2P*<1/2>).10d"	"2[3/2]*"	"1"		""	"L3469"	
"441.0858"	"0.0020"	"441.08394"	"0.00010"	"200"	""		"150315.8612"	"172987.283"	"2s2.2p5.(2P*<3/2>).3p"	"2[3/2]"	"2"	"2s2.2p5.(2P*<1/2>).8d"	"2[5/2]*"	"3"		""	"L3469"	
"441.3524"	"0.0020"	"441.35270"	"0.00004"	"200"	""		"149824.2215"	"172481.8376"	"2s2.2p5.(2P*<3/2>).3p"	"2[5/2]"	"2"	"2s2.2p5.(2P*<3/2>).10s"	"2[3/2]*"	"1"		""	"L3469"	
"441.4801"	"0.0020"	"441.47967"	"0.00010"	"150"	""		"149824.2215"	"172475.321"	"2s2.2p5.(2P*<3/2>).3p"	"2[5/2]"	"2"	"2s2.2p5.(2P*<3/2>).10s"	"2[3/2]*"	"2"		""	"L3469"	
"441.6381"	"0.0020"	"441.6374"	"0.0010"	"50"	""		"150121.5922"	"172764.60"	"2s2.2p5.(2P*<3/2>).3p"	"2[3/2]"	"1"	"2s2.2p5.(2P*<3/2>).11s"	"2[3/2]*"	"1"		""	"L3469"	
"441.8057"	"0.0020"	"441.80556"	"0.00006"	"500"	""		"149824.2215"	"172458.613"	"2s2.2p5.(2P*<3/2>).3p"	"2[5/2]"	"2"	"2s2.2p5.(2P*<1/2>).7d"	"2[5/2]*"	"3"		""	"L3469"	
"442.1799"	"0.0020"	"442.18317"	"0.00003"	"10"	""		"148257.7898"	"170872.8524"	"2s2.2p5.(2P*<3/2>).3p"	"2[1/2]"	"1"	"2s2.2p5.(2P*<3/2>).6d"	"2[5/2]*"	"2"		""	"L3469"	
"442.27969"	"0.00020"	"442.27957"	"0.00004"	"500"	""		"148257.7898"	"170867.923"	"2s2.2p5.(2P*<3/2>).3p"	"2[1/2]"	"1"	"2s2.2p5.(2P*<3/2>).6d"	"2[3/2]*"	"1"		""	"L4498"	
"442.37624"	"0.00004"	"442.37610"	"0.00003"	"3000"	""		"148257.7898"	"170862.9893"	"2s2.2p5.(2P*<3/2>).3p"	"2[1/2]"	"1"	"2s2.2p5.(2P*<3/2>).6d"	"2[3/2]*"	"2"		""	"L3451"	
"442.60490"	"0.00020"	"442.60477"	"0.00003"	"3000"	""		"148257.7898"	"170851.3105"	"2s2.2p5.(2P*<3/2>).3p"	"2[1/2]"	"1"	"2s2.2p5.(2P*<3/2>).6d"	"2[1/2]*"	"1"		""	"L4498"	
"442.6643"	"0.0001"	"442.66426"	"0.00010"	"1500"	""		"148257.7898"	"170848.274"	"2s2.2p5.(2P*<3/2>).3p"	"2[1/2]"	"1"	"2s2.2p5.(2P*<3/2>).6d"	"2[1/2]*"	"0"		""	"L7292"	
"442.8998"	"0.0020"	"442.8959"	"0.0018"	"300"	""		"150772.1118"	"173350.78"	"2s2.2p5.(2P*<1/2>).3p"	"2[3/2]"	"1"	"2s2.2p5.(2P*<1/2>).9d"	"2[3/2]*"	"1"		""	"L3469"	
"442.9224"	"0.0020"	"442.9218"	"0.0016"	"150"	""		"150772.1118"	"173349.46"	"2s2.2p5.(2P*<1/2>).3p"	"2[3/2]"	"1"	"2s2.2p5.(2P*<1/2>).9d"	"2[5/2]*"	"2"		""	"L3469"	
"443.0654"	"0.0020"	"443.0649"	"0.0016"	"10"	""		"151038.4524"	"173608.51"	"2s2.2p5.(2P*<1/2>).3p"	"2[1/2]"	"1"	"2s2.2p5.(2P*<1/2>).10d"	"2[3/2]*"	"2"		""	"L3469"	
"443.37611"	"0.00020"	"443.37587"	"0.00012"	"200"	""		"149657.0392"	"172211.266"	"2s2.2p5.(2P*<3/2>).3p"	"2[5/2]"	"3"	"2s2.2p5.(2P*<3/2>).8d"	"2[5/2]*"	"3"		""	"L4498"	
"443.4643"	"0.0020"	"443.46427"	"0.00022"	"100"	""		"149657.0392"	"172206.770"	"2s2.2p5.(2P*<3/2>).3p"	"2[5/2]"	"3"	"2s2.2p5.(2P*<3/2>).8d"	"2[3/2]*"	"2"		""	"L3469"	
"443.49687"	"0.00004"	"443.49686"	"0.00004"	"700"	""		"149657.0392"	"172205.113"	"2s2.2p5.(2P*<3/2>).3p"	"2[5/2]"	"3"	"2s2.2p5.(2P*<3/2>).8d"	"2[7/2]*"	"4"		""	"L3451"	
"443.6339"	"0.0020"	"443.6333"	"0.0010"	"50"	""		"150315.8612"	"172857.00"	"2s2.2p5.(2P*<3/2>).3p"	"2[3/2]"	"2"	"2s2.2p5.(2P*<1/2>).9s"	"2[1/2]*"	"1"		""	"L3469"	
"444.1610"	"0.0020"	"444.1614"	"0.0016"	"150*"	""		"150315.8612"	"172830.20"	"2s2.2p5.(2P*<3/2>).3p"	"2[3/2]"	"2"	"2s2.2p5.(2P*<3/2>).10d"	"2[5/2]*"	"2"		""	"L3469"	
"444.1610"	"0.0020"	"444.1604"	"0.0016"	"150*"	""		"150315.8612"	"172830.25"	"2s2.2p5.(2P*<3/2>).3p"	"2[3/2]"	"2"	"2s2.2p5.(2P*<3/2>).10d"	"2[5/2]*"	"3"		""	"L3469"	
"444.2059"	"0.0020"	"444.2062"	"0.0016"	"20"	""		"150315.8612"	"172827.93"	"2s2.2p5.(2P*<3/2>).3p"	"2[3/2]"	"2"	"2s2.2p5.(2P*<3/2>).10d"	"2[3/2]*"	"2"		""	"L3469"	
"444.2137"	"0.0020"	"444.2176"	"0.0020"	"10"	""		"150315.8612"	"172827.35"	"2s2.2p5.(2P*<3/2>).3p"	"2[3/2]"	"2"	"2s2.2p5.(2P*<3/2>).10d"	"2[7/2]*"	"3"		""	"L3469"	
"444.6226"	"0.0020"	"444.6221"	"0.0012"	"300"	""		"150858.5079"	"173349.52"	"2s2.2p5.(2P*<1/2>).3p"	"2[3/2]"	"2"	"2s2.2p5.(2P*<1/2>).9d"	"2[5/2]*"	"3"		""	"L3469"	
"444.6919"	"0.0020"	"444.6945"	"0.0012"	"10"	""		"150772.1118"	"173259.46"	"2s2.2p5.(2P*<1/2>).3p"	"2[3/2]"	"1"	"2s2.2p5.(2P*<1/2>).10s"	"2[1/2]*"	"1"		""	"L3469"	
"444.7786"	"0.0020"	"444.7780"	"0.0012"	"10"	""		"150772.1118"	"173255.24"	"2s2.2p5.(2P*<1/2>).3p"	"2[3/2]"	"1"	"2s2.2p5.(2P*<1/2>).10s"	"2[1/2]*"	"0"		""	"L3469"	
"445.4233"	"0.0020"	"445.4238"	"0.0012"	"150"	""		"150121.5922"	"172572.12"	"2s2.2p5.(2P*<3/2>).3p"	"2[3/2]"	"1"	"2s2.2p5.(2P*<3/2>).9d"	"2[5/2]*"	"2"		""	"L3469"	
"445.4503"	"0.0020"	"445.4494"	"0.0010"	"50"	""		"150121.5922"	"172570.83"	"2s2.2p5.(2P*<3/2>).3p"	"2[3/2]"	"1"	"2s2.2p5.(2P*<3/2>).9d"	"2[3/2]*"	"1"		""	"L3469"	
"445.4574"	"0.0020"	"445.4593"	"0.0010"	"20"	""		"150315.8612"	"172764.60"	"2s2.2p5.(2P*<3/2>).3p"	"2[3/2]"	"2"	"2s2.2p5.(2P*<3/2>).11s"	"2[3/2]*"	"1"		""	"L3469"	
"445.4778"	"0.0020"	"445.4778"	"0.0008"	"10"	""		"150121.5922"	"172569.40"	"2s2.2p5.(2P*<3/2>).3p"	"2[3/2]"	"1"	"2s2.2p5.(2P*<3/2>).9d"	"2[3/2]*"	"2"		""	"L3469"	
"445.5535"	"0.0020"	"445.5542"	"0.0012"	"50"	""		"150315.8612"	"172759.82"	"2s2.2p5.(2P*<3/2>).3p"	"2[3/2]"	"2"	"2s2.2p5.(2P*<3/2>).11s"	"2[3/2]*"	"2"		""	"L3469"	
"445.6815"	"0.0020"	"445.68206"	"0.00008"	"150"	""		"149824.2215"	"172261.741"	"2s2.2p5.(2P*<3/2>).3p"	"2[5/2]"	"2"	"2s2.2p5.(2P*<1/2>).8s"	"2[1/2]*"	"1"		""	"L3469"	
"445.7631"	"0.0020"	"445.7649"	"0.0018"	"10"	""		"150917.4307"	"173350.78"	"2s2.2p5.(2P*<3/2>).3p"	"2[1/2]"	"0"	"2s2.2p5.(2P*<1/2>).9d"	"2[3/2]*"	"1"		""	"L3469"	
"446.1427"	"0.0001"	"446.14277"	"0.00014"	"1000"	""		"149657.0392"	"172071.389"	"2s2.2p5.(2P*<3/2>).3p"	"2[5/2]"	"3"	"2s2.2p5.(2P*<3/2>).9s"	"2[3/2]*"	"2"		""	"L7292"	
"446.4109"	"0.0020"	"446.4096"	"0.0012"	"20"	""		"150858.5079"	"173259.46"	"2s2.2p5.(2P*<1/2>).3p"	"2[3/2]"	"2"	"2s2.2p5.(2P*<1/2>).10s"	"2[1/2]*"	"1"		""	"L3469"	
"446.69077"	"0.00020"	"446.69009"	"0.00020"	"500"	""		"149824.2215"	"172211.107"	"2s2.2p5.(2P*<3/2>).3p"	"2[5/2]"	"2"	"2s2.2p5.(2P*<3/2>).8d"	"2[5/2]*"	"2"		""	"L4498"	
"446.7298"	"0.0020"	"446.7291"	"0.0010"	"50"	""		"149824.2215"	"172209.15"	"2s2.2p5.(2P*<3/2>).3p"	"2[5/2]"	"2"	"2s2.2p5.(2P*<3/2>).8d"	"2[3/2]*"	"1"		""	"L3469"	
"446.7756"	"0.0020"	"446.77665"	"0.00022"	"20"	""		"149824.2215"	"172206.770"	"2s2.2p5.(2P*<3/2>).3p"	"2[5/2]"	"2"	"2s2.2p5.(2P*<3/2>).8d"	"2[3/2]*"	"2"		""	"L3469"	
"446.80656"	"0.00004"	"446.80655"	"0.00004"	"700"	""		"149824.2215"	"172205.272"	"2s2.2p5.(2P*<3/2>).3p"	"2[5/2]"	"2"	"2s2.2p5.(2P*<3/2>).8d"	"2[7/2]*"	"3"		""	"L3451"	
"446.8745"	"0.0020"	"446.87432"	"0.00022"	"10"	""		"149824.2215"	"172201.878"	"2s2.2p5.(2P*<3/2>).3p"	"2[5/2]"	"2"	"2s2.2p5.(2P*<3/2>).8d"	"2[1/2]*"	"1"		""	"L3469"	
"447.2226"	"0.0020"	"447.224"	"0.003"	"50*"	""		"150917.4307"	"173277.59"	"2s2.2p5.(2P*<3/2>).3p"	"2[1/2]"	"0"	"2s2.2p5.(2P*<3/2>).13d"	"2[1/2]*"	"1"		""	"L3469"	
"447.2226"	"0.0020"	"447.22228"	"0.00004"	"50*"	""		"150121.5922"	"172481.8376"	"2s2.2p5.(2P*<3/2>).3p"	"2[3/2]"	"1"	"2s2.2p5.(2P*<3/2>).10s"	"2[3/2]*"	"1"		""	"L3469"	
"447.3501"	"0.0020"	"447.35266"	"0.00010"	"10*"	""		"150121.5922"	"172475.321"	"2s2.2p5.(2P*<3/2>).3p"	"2[3/2]"	"1"	"2s2.2p5.(2P*<3/2>).10s"	"2[3/2]*"	"2"		""	"L3469"	
"447.3501"	"0.0020"	"447.3471"	"0.0018"	"10*"	""		"150772.1118"	"173126.12"	"2s2.2p5.(2P*<1/2>).3p"	"2[3/2]"	"1"	"2s2.2p5.(2P*<3/2>).13s"	"2[3/2]*"	"2"		""	"L3469"	
"447.6387"	"0.0020"	"447.64012"	"0.00022"	"50"	""		"150121.5922"	"172460.966"	"2s2.2p5.(2P*<3/2>).3p"	"2[3/2]"	"1"	"2s2.2p5.(2P*<1/2>).7d"	"2[3/2]*"	"1"		""	"L3469"	
"447.6912"	"0.0001"	"447.69100"	"0.00014"	"1000"	""		"150121.5922"	"172458.427"	"2s2.2p5.(2P*<3/2>).3p"	"2[3/2]"	"1"	"2s2.2p5.(2P*<1/2>).7d"	"2[5/2]*"	"2"		""	"L7292"	
"448.2080"	"0.0020"	"448.2082"	"0.0016"	"150"	""		"151038.4524"	"173349.51"	"2s2.2p5.(2P*<1/2>).3p"	"2[1/2]"	"1"	"2s2.2p5.(2P*<1/2>).9d"	"2[3/2]*"	"2"		""	"L3469"	
"448.4448"	"0.0001"	"448.44540"	"0.00003"	"1500"	""		"148257.7898"	"170557.0484"	"2s2.2p5.(2P*<3/2>).3p"	"2[1/2]"	"1"	"2s2.2p5.(2P*<3/2>).7s"	"2[3/2]*"	"1"		""	"L7292"	
"448.93518"	"0.00004"	"448.93525"	"0.00003"	"3000"	""		"148257.7898"	"170532.7169"	"2s2.2p5.(2P*<3/2>).3p"	"2[1/2]"	"1"	"2s2.2p5.(2P*<3/2>).7s"	"2[3/2]*"	"2"		""	"L3451"	
"449.30317"	"0.00020"	"449.30304"	"0.00010"	"800"	""		"149824.2215"	"172080.915"	"2s2.2p5.(2P*<3/2>).3p"	"2[5/2]"	"2"	"2s2.2p5.(2P*<3/2>).9s"	"2[3/2]*"	"1"		""	"L4498"	
"449.3098"	"0.0020"	"449.3098"	"0.0012"	"500"	""		"150315.8612"	"172572.22"	"2s2.2p5.(2P*<3/2>).3p"	"2[3/2]"	"2"	"2s2.2p5.(2P*<3/2>).9d"	"2[5/2]*"	"3"		""	"L3469"	
"449.3392"	"0.0020"	"449.3379"	"0.0010"	"50"	""		"150315.8612"	"172570.83"	"2s2.2p5.(2P*<3/2>).3p"	"2[3/2]"	"2"	"2s2.2p5.(2P*<3/2>).9d"	"2[3/2]*"	"1"		""	"L3469"	
"449.3672"	"0.0020"	"449.3667"	"0.0008"	"300"	""		"150315.8612"	"172569.40"	"2s2.2p5.(2P*<3/2>).3p"	"2[3/2]"	"2"	"2s2.2p5.(2P*<3/2>).9d"	"2[3/2]*"	"2"		""	"L3469"	
"449.3949"	"0.0020"	"449.39333"	"0.00010"	"150"	""		"150315.8612"	"172568.083"	"2s2.2p5.(2P*<3/2>).3p"	"2[3/2]"	"2"	"2s2.2p5.(2P*<3/2>).9d"	"2[7/2]*"	"3"		""	"L3469"	
"449.4368"	"0.0020"	"449.4368"	"0.0010"	"50"	""		"150315.8612"	"172565.93"	"2s2.2p5.(2P*<3/2>).3p"	"2[3/2]"	"2"	"2s2.2p5.(2P*<3/2>).9d"	"2[1/2]*"	"1"		""	"L3469"	
"449.4960"	"0.0020"	"449.49542"	"0.00014"	"500"	""		"149824.2215"	"172071.389"	"2s2.2p5.(2P*<3/2>).3p"	"2[5/2]"	"2"	"2s2.2p5.(2P*<3/2>).9s"	"2[3/2]*"	"2"		""	"L3469"	
"450.0262"	"0.0020"	"450.0246"	"0.0012"	"20"	""		"151038.4524"	"173259.46"	"2s2.2p5.(2P*<1/2>).3p"	"2[1/2]"	"1"	"2s2.2p5.(2P*<1/2>).10s"	"2[1/2]*"	"1"		""	"L3469"	
"450.1105"	"0.0020"	"450.1101"	"0.0012"	"50*"	""		"151038.4524"	"173255.24"	"2s2.2p5.(2P*<1/2>).3p"	"2[1/2]"	"1"	"2s2.2p5.(2P*<1/2>).10s"	"2[1/2]*"	"0"		""	"L3469"	
"450.1105"	"0.0020"	"450.1082"	"0.0014"	"50*"	""		"150772.1118"	"172988.99"	"2s2.2p5.(2P*<1/2>).3p"	"2[3/2]"	"1"	"2s2.2p5.(2P*<1/2>).8d"	"2[3/2]*"	"1"		""	"L3469"	
"450.1444"	"0.0001"	"450.14443"	"0.00010"	"500"	""		"150772.1118"	"172987.204"	"2s2.2p5.(2P*<1/2>).3p"	"2[3/2]"	"1"	"2s2.2p5.(2P*<1/2>).8d"	"2[5/2]*"	"2"		""	"L7292"	
"451.1435"	"0.0020"	"451.14187"	"0.00004"	"150"	""		"150315.8612"	"172481.8376"	"2s2.2p5.(2P*<3/2>).3p"	"2[3/2]"	"2"	"2s2.2p5.(2P*<3/2>).10s"	"2[3/2]*"	"1"		""	"L3469"	
"451.2774"	"0.0020"	"451.274"	"0.003"	"200*"	""		"150858.5079"	"173017.98"	"2s2.2p5.(2P*<1/2>).3p"	"2[3/2]"	"2"	"2s2.2p5.(2P*<3/2>).11d"	"2[1/2]*"	"1"		""	"L3469"	
"451.2774"	"0.0020"	"451.27454"	"0.00010"	"200*"	""		"150315.8612"	"172475.321"	"2s2.2p5.(2P*<3/2>).3p"	"2[3/2]"	"2"	"2s2.2p5.(2P*<3/2>).10s"	"2[3/2]*"	"2"		""	"L3469"	
"451.6157"	"0.0020"	"451.61505"	"0.00006"	"700"	""		"150315.8612"	"172458.613"	"2s2.2p5.(2P*<3/2>).3p"	"2[3/2]"	"2"	"2s2.2p5.(2P*<1/2>).7d"	"2[5/2]*"	"3"		""	"L3469"	
"451.6288"	"0.0020"	"451.63116"	"0.00016"	"20"	""		"150315.8612"	"172457.823"	"2s2.2p5.(2P*<3/2>).3p"	"2[3/2]"	"2"	"2s2.2p5.(2P*<1/2>).7d"	"2[3/2]*"	"2"		""	"L3469"	
"451.6677"	"0.0020"	"451.66815"	"0.00008"	"300"	""		"150121.5922"	"172261.741"	"2s2.2p5.(2P*<3/2>).3p"	"2[3/2]"	"1"	"2s2.2p5.(2P*<1/2>).8s"	"2[1/2]*"	"1"		""	"L3469"	
"451.8203"	"0.0020"	"451.82010"	"0.00018"	"500"	""		"150121.5922"	"172254.295"	"2s2.2p5.(2P*<3/2>).3p"	"2[3/2]"	"1"	"2s2.2p5.(2P*<1/2>).8s"	"2[1/2]*"	"0"		""	"L3469"	
"451.9003"	"0.0001"	"451.90030"	"0.00010"	"1000"	""		"150858.5079"	"172987.283"	"2s2.2p5.(2P*<1/2>).3p"	"2[3/2]"	"2"	"2s2.2p5.(2P*<1/2>).8d"	"2[5/2]*"	"3"		""	"L7292"	
"452.7033"	"0.0001"	"452.70347"	"0.00021"	"700"	""		"150121.5922"	"172211.107"	"2s2.2p5.(2P*<3/2>).3p"	"2[3/2]"	"1"	"2s2.2p5.(2P*<3/2>).8d"	"2[5/2]*"	"2"		""	"L7292"	
"452.7446"	"0.0020"	"452.7436"	"0.0010"	"500"	""		"150121.5922"	"172209.15"	"2s2.2p5.(2P*<3/2>).3p"	"2[3/2]"	"1"	"2s2.2p5.(2P*<3/2>).8d"	"2[3/2]*"	"1"		""	"L3469"	
"452.7954"	"0.0020"	"452.7983"	"0.0010"	"150*"	""		"150772.1118"	"172857.00"	"2s2.2p5.(2P*<1/2>).3p"	"2[3/2]"	"1"	"2s2.2p5.(2P*<1/2>).9s"	"2[1/2]*"	"1"		""	"L3469"	
"452.7954"	"0.0020"	"452.79237"	"0.00023"	"150*"	""		"150121.5922"	"172206.770"	"2s2.2p5.(2P*<3/2>).3p"	"2[3/2]"	"1"	"2s2.2p5.(2P*<3/2>).8d"	"2[3/2]*"	"2"		""	"L3469"	
"452.8995"	"0.0020"	"452.8982"	"0.0012"	"150"	""		"150772.1118"	"172852.13"	"2s2.2p5.(2P*<1/2>).3p"	"2[3/2]"	"1"	"2s2.2p5.(2P*<1/2>).9s"	"2[1/2]*"	"0"		""	"L3469"	
"452.9243"	"0.0020"	"452.9244"	"0.0012"	"10"	""		"150121.5922"	"172200.33"	"2s2.2p5.(2P*<3/2>).3p"	"2[3/2]"	"1"	"2s2.2p5.(2P*<3/2>).8d"	"2[1/2]*"	"0"		""	"L3469"	
"453.0746"	"0.0020"	"453.0718"	"0.0014"	"300"	""		"150917.4307"	"172988.99"	"2s2.2p5.(2P*<3/2>).3p"	"2[1/2]"	"0"	"2s2.2p5.(2P*<1/2>).8d"	"2[3/2]*"	"1"		""	"L3469"	
"453.3666"	"0.0020"	"453.3669"	"0.0014"	"10"	""		"150772.1118"	"172829.30"	"2s2.2p5.(2P*<1/2>).3p"	"2[3/2]"	"1"	"2s2.2p5.(2P*<3/2>).10d"	"2[3/2]*"	"1"		""	"L3469"	
"453.75722"	"0.00020"	"453.75715"	"0.00003"	"1500"	"4.29e+05"	C	"148257.7898"	"170296.0099"	"2s2.2p5.(2P*<3/2>).3p"	"2[1/2]"	"1"	"2s2.2p5.(2P*<1/2>).5d"	"2[3/2]*"	"1"		"T6976"	"L4498"	
"453.89491"	"0.00020"	"453.89485"	"0.00003"	"3000"	"4.77e+05"	C+	"148257.7898"	"170289.3243"	"2s2.2p5.(2P*<3/2>).3p"	"2[1/2]"	"1"	"2s2.2p5.(2P*<1/2>).5d"	"2[5/2]*"	"2"		"T6976"	"L4498"	
"453.90268"	"0.00004"	"453.90273"	"0.00003"	"10000"	"8.16e+05"	C+	"148257.7898"	"170288.9415"	"2s2.2p5.(2P*<3/2>).3p"	"2[1/2]"	"1"	"2s2.2p5.(2P*<1/2>).5d"	"2[3/2]*"	"2"		"T6976"	"L3451"	
"453.95750"	"0.00020"	"453.95732"	"0.00008"	"3000"	""		"149657.0392"	"171685.542"	"2s2.2p5.(2P*<3/2>).3p"	"2[5/2]"	"3"	"2s2.2p5.(2P*<3/2>).7d"	"2[5/2]*"	"3"		""	"L4498"	
"454.0441"	"0.0020"	"454.04376"	"0.00013"	"500"	""		"149657.0392"	"171681.348"	"2s2.2p5.(2P*<3/2>).3p"	"2[5/2]"	"3"	"2s2.2p5.(2P*<3/2>).7d"	"2[3/2]*"	"2"		""	"L3469"	
"454.16531"	"0.00004"	"454.16520"	"0.00009"	"500"	""		"149657.0392"	"171675.459"	"2s2.2p5.(2P*<3/2>).3p"	"2[5/2]"	"3"	"2s2.2p5.(2P*<3/2>).7d"	"2[7/2]*"	"4"		""	"L3451"	
"454.5776"	"0.0020"	"454.5766"	"0.0010"	"500"	""		"150858.5079"	"172857.00"	"2s2.2p5.(2P*<1/2>).3p"	"2[3/2]"	"2"	"2s2.2p5.(2P*<1/2>).9s"	"2[1/2]*"	"1"		""	"L3469"	
"454.7003"	"0.0020"	"454.7007"	"0.0010"	"10"	""		"150772.1118"	"172764.60"	"2s2.2p5.(2P*<1/2>).3p"	"2[3/2]"	"1"	"2s2.2p5.(2P*<3/2>).11s"	"2[3/2]*"	"1"		""	"L3469"	
"454.8493"	"0.0020"	"454.84710"	"0.00004"	"100"	""		"149657.0392"	"171642.4494"	"2s2.2p5.(2P*<3/2>).3p"	"2[5/2]"	"3"	"2s2.2p5.(2P*<1/2>).6d"	"2[5/2]*"	"3"		""	"L3469"	
"454.9003"	"0.0020"	"454.89831"	"0.00003"	"150"	""		"149657.0392"	"171639.9741"	"2s2.2p5.(2P*<3/2>).3p"	"2[5/2]"	"3"	"2s2.2p5.(2P*<1/2>).6d"	"2[3/2]*"	"2"		""	"L3469"	
"455.1916"	"0.0020"	"455.1901"	"0.0021"	"10"	""		"150858.5079"	"172827.35"	"2s2.2p5.(2P*<1/2>).3p"	"2[3/2]"	"2"	"2s2.2p5.(2P*<3/2>).10d"	"2[7/2]*"	"3"		""	"L3469"	
"455.3874"	"0.0001"	"455.38745"	"0.00011"	"300"	""		"150121.5922"	"172080.915"	"2s2.2p5.(2P*<3/2>).3p"	"2[3/2]"	"1"	"2s2.2p5.(2P*<3/2>).9s"	"2[3/2]*"	"1"		""	"L7292"	
"455.5692"	"0.0020"	"455.5697"	"0.0015"	"100"	""		"151038.4524"	"172988.99"	"2s2.2p5.(2P*<1/2>).3p"	"2[1/2]"	"1"	"2s2.2p5.(2P*<1/2>).8d"	"2[3/2]*"	"1"		""	"L3469"	
"455.5838"	"0.0020"	"455.58508"	"0.00015"	"50"	""		"150121.5922"	"172071.389"	"2s2.2p5.(2P*<3/2>).3p"	"2[3/2]"	"1"	"2s2.2p5.(2P*<3/2>).9s"	"2[3/2]*"	"2"		""	"L3469"	
"455.6101"	"0.0020"	"455.6096"	"0.0017"	"400"	""		"151038.4524"	"172987.07"	"2s2.2p5.(2P*<1/2>).3p"	"2[1/2]"	"1"	"2s2.2p5.(2P*<1/2>).8d"	"2[3/2]*"	"2"		""	"L3469"	
"455.6669"	"0.0020"	"455.66640"	"0.00009"	"300"	""		"150315.8612"	"172261.741"	"2s2.2p5.(2P*<3/2>).3p"	"2[3/2]"	"2"	"2s2.2p5.(2P*<1/2>).8s"	"2[1/2]*"	"1"		""	"L3469"	
"455.7975"	"0.0020"	"455.7975"	"0.0010"	"20"	""		"150917.4307"	"172857.00"	"2s2.2p5.(2P*<3/2>).3p"	"2[1/2]"	"0"	"2s2.2p5.(2P*<1/2>).9s"	"2[1/2]*"	"1"		""	"L3469"	
"456.3728"	"0.0020"	"456.3737"	"0.0015"	"10"	""		"150917.4307"	"172829.30"	"2s2.2p5.(2P*<3/2>).3p"	"2[1/2]"	"0"	"2s2.2p5.(2P*<3/2>).10d"	"2[3/2]*"	"1"		""	"L3469"	
"456.7168"	"0.0001"	"456.71684"	"0.00013"	"600"	""		"150315.8612"	"172211.266"	"2s2.2p5.(2P*<3/2>).3p"	"2[3/2]"	"2"	"2s2.2p5.(2P*<3/2>).8d"	"2[5/2]*"	"3"		""	"L7292"	
"456.8110"	"0.0020"	"456.81064"	"0.00023"	"400"	""		"150315.8612"	"172206.770"	"2s2.2p5.(2P*<3/2>).3p"	"2[3/2]"	"2"	"2s2.2p5.(2P*<3/2>).8d"	"2[3/2]*"	"2"		""	"L3469"	
"456.8419"	"0.0020"	"456.84190"	"0.00005"	"150"	""		"150315.8612"	"172205.272"	"2s2.2p5.(2P*<3/2>).3p"	"2[3/2]"	"2"	"2s2.2p5.(2P*<3/2>).8d"	"2[7/2]*"	"3"		""	"L3469"	
"456.9125"	"0.0020"	"456.91274"	"0.00023"	"100"	""		"150315.8612"	"172201.878"	"2s2.2p5.(2P*<3/2>).3p"	"2[3/2]"	"2"	"2s2.2p5.(2P*<3/2>).8d"	"2[1/2]*"	"1"		""	"L3469"	
"457.43425"	"0.00020"	"457.43420"	"0.00007"	"50"	""		"149824.2215"	"171685.289"	"2s2.2p5.(2P*<3/2>).3p"	"2[5/2]"	"2"	"2s2.2p5.(2P*<3/2>).7d"	"2[5/2]*"	"2"		""	"L4498"	
"457.4839"	"0.0020"	"457.48390"	"0.00019"	"500"	""		"149824.2215"	"171682.914"	"2s2.2p5.(2P*<3/2>).3p"	"2[5/2]"	"2"	"2s2.2p5.(2P*<3/2>).7d"	"2[3/2]*"	"1"		""	"L3469"	
"457.5180"	"0.0020"	"457.51668"	"0.00013"	"300"	""		"149824.2215"	"171681.348"	"2s2.2p5.(2P*<3/2>).3p"	"2[5/2]"	"2"	"2s2.2p5.(2P*<3/2>).7d"	"2[3/2]*"	"2"		""	"L3469"	
"457.63441"	"0.00004"	"457.63435"	"0.00007"	"3000"	""		"149824.2215"	"171675.728"	"2s2.2p5.(2P*<3/2>).3p"	"2[5/2]"	"2"	"2s2.2p5.(2P*<3/2>).7d"	"2[7/2]*"	"3"		""	"L3451"	
"457.7140"	"0.0020"	"457.71395"	"0.00023"	"200"	""		"149824.2215"	"171671.928"	"2s2.2p5.(2P*<3/2>).3p"	"2[5/2]"	"2"	"2s2.2p5.(2P*<3/2>).7d"	"2[1/2]*"	"1"		""	"L3469"	
"458.3319"	"0.0001"	"458.33237"	"0.00004"	"1500"	""		"149824.2215"	"171642.4494"	"2s2.2p5.(2P*<3/2>).3p"	"2[5/2]"	"2"	"2s2.2p5.(2P*<1/2>).6d"	"2[5/2]*"	"3"		""	"L7292"	
"458.3389"	"0.0020"	"458.33849"	"0.00003"	"150"	""		"149824.2215"	"171642.1580"	"2s2.2p5.(2P*<3/2>).3p"	"2[5/2]"	"2"	"2s2.2p5.(2P*<1/2>).6d"	"2[5/2]*"	"2"		""	"L3469"	
"458.37362"	"0.00004"	"458.37346"	"0.00009"	"1500"	""		"149657.0392"	"171473.311"	"2s2.2p5.(2P*<3/2>).3p"	"2[5/2]"	"3"	"2s2.2p5.(2P*<3/2>).8s"	"2[3/2]*"	"2"		""	"L3451"	
"458.3840"	"0.0020"	"458.38437"	"0.00003"	"150"	""		"149824.2215"	"171639.9741"	"2s2.2p5.(2P*<3/2>).3p"	"2[5/2]"	"2"	"2s2.2p5.(2P*<1/2>).6d"	"2[3/2]*"	"2"		""	"L3469"	
"458.4264"	"0.0020"	"458.4280"	"0.0013"	"50"	""		"151038.4524"	"172852.13"	"2s2.2p5.(2P*<1/2>).3p"	"2[1/2]"	"1"	"2s2.2p5.(2P*<1/2>).9s"	"2[1/2]*"	"0"		""	"L3469"	
"458.7161"	"0.0020"	"458.7154"	"0.0013"	"100"	""		"150772.1118"	"172572.12"	"2s2.2p5.(2P*<1/2>).3p"	"2[3/2]"	"1"	"2s2.2p5.(2P*<3/2>).9d"	"2[5/2]*"	"2"		""	"L3469"	
"458.7430"	"0.0020"	"458.7426"	"0.0011"	"20"	""		"150772.1118"	"172570.83"	"2s2.2p5.(2P*<1/2>).3p"	"2[3/2]"	"1"	"2s2.2p5.(2P*<3/2>).9d"	"2[3/2]*"	"1"		""	"L3469"	
"459.4530"	"0.0020"	"459.45211"	"0.00011"	"500"	""		"150315.8612"	"172080.915"	"2s2.2p5.(2P*<3/2>).3p"	"2[3/2]"	"2"	"2s2.2p5.(2P*<3/2>).9s"	"2[3/2]*"	"1"		""	"L3469"	
"459.6536"	"0.0020"	"459.65329"	"0.00015"	"500"	""		"150315.8612"	"172071.389"	"2s2.2p5.(2P*<3/2>).3p"	"2[3/2]"	"2"	"2s2.2p5.(2P*<3/2>).9s"	"2[3/2]*"	"2"		""	"L3469"	
"460.5385"	"0.0020"	"460.5385"	"0.0013"	"150"	""		"150858.5079"	"172572.22"	"2s2.2p5.(2P*<1/2>).3p"	"2[3/2]"	"2"	"2s2.2p5.(2P*<3/2>).9d"	"2[5/2]*"	"3"		""	"L3469"	
"460.5970"	"0.0020"	"460.5983"	"0.0008"	"10"	""		"150858.5079"	"172569.40"	"2s2.2p5.(2P*<1/2>).3p"	"2[3/2]"	"2"	"2s2.2p5.(2P*<3/2>).9d"	"2[3/2]*"	"2"		""	"L3469"	
"460.6228"	"0.0020"	"460.62304"	"0.00005"	"50"	""		"150772.1118"	"172481.8376"	"2s2.2p5.(2P*<1/2>).3p"	"2[3/2]"	"1"	"2s2.2p5.(2P*<3/2>).10s"	"2[3/2]*"	"1"		""	"L3469"	
"461.0656"	"0.0020"	"461.06631"	"0.00023"	"300"	""		"150772.1118"	"172460.966"	"2s2.2p5.(2P*<1/2>).3p"	"2[3/2]"	"1"	"2s2.2p5.(2P*<1/2>).7d"	"2[3/2]*"	"1"		""	"L3469"	
"461.1201"	"0.0001"	"461.12029"	"0.00015"	"1500"	""		"150772.1118"	"172458.427"	"2s2.2p5.(2P*<1/2>).3p"	"2[3/2]"	"1"	"2s2.2p5.(2P*<1/2>).7d"	"2[5/2]*"	"2"		""	"L7292"	
"461.5684"	"0.0001"	"461.56833"	"0.00011"	"1000"	""		"149824.2215"	"171489.486"	"2s2.2p5.(2P*<3/2>).3p"	"2[5/2]"	"2"	"2s2.2p5.(2P*<3/2>).8s"	"2[3/2]*"	"1"		""	"L7292"	
"461.8204"	"0.0020"	"461.8213"	"0.0011"	"50"	""		"150917.4307"	"172570.83"	"2s2.2p5.(2P*<3/2>).3p"	"2[1/2]"	"0"	"2s2.2p5.(2P*<3/2>).9d"	"2[3/2]*"	"1"		""	"L3469"	
"461.9130"	"0.0001"	"461.91319"	"0.00009"	"700"	""		"149824.2215"	"171473.311"	"2s2.2p5.(2P*<3/2>).3p"	"2[5/2]"	"2"	"2s2.2p5.(2P*<3/2>).8s"	"2[3/2]*"	"2"		""	"L7292"	
"462.9095"	"0.0020"	"462.91028"	"0.00024"	"20"	""		"150858.5079"	"172460.966"	"2s2.2p5.(2P*<1/2>).3p"	"2[3/2]"	"2"	"2s2.2p5.(2P*<1/2>).7d"	"2[3/2]*"	"1"		""	"L3469"	
"462.96075"	"0.00004"	"462.96071"	"0.00007"	"1500"	""		"150858.5079"	"172458.613"	"2s2.2p5.(2P*<1/2>).3p"	"2[3/2]"	"2"	"2s2.2p5.(2P*<1/2>).7d"	"2[5/2]*"	"3"		""	"L3451"	
"462.9756"	"0.0020"	"462.97764"	"0.00017"	"300"	""		"150858.5079"	"172457.823"	"2s2.2p5.(2P*<1/2>).3p"	"2[3/2]"	"2"	"2s2.2p5.(2P*<1/2>).7d"	"2[3/2]*"	"2"		""	"L3469"	
"463.7423"	"0.0001"	"463.74238"	"0.00007"	"700"	""		"150121.5922"	"171685.289"	"2s2.2p5.(2P*<3/2>).3p"	"2[3/2]"	"1"	"2s2.2p5.(2P*<3/2>).7d"	"2[5/2]*"	"2"		""	"L7292"	
"463.79346"	"0.00020"	"463.79346"	"0.00019"	"700"	""		"150121.5922"	"171682.914"	"2s2.2p5.(2P*<3/2>).3p"	"2[3/2]"	"1"	"2s2.2p5.(2P*<3/2>).7d"	"2[3/2]*"	"1"		""	"L4498"	
"463.8273"	"0.0020"	"463.82715"	"0.00013"	"500"	""		"150121.5922"	"171681.348"	"2s2.2p5.(2P*<3/2>).3p"	"2[3/2]"	"1"	"2s2.2p5.(2P*<3/2>).7d"	"2[3/2]*"	"2"		""	"L3469"	
"464.0890"	"0.0020"	"464.08924"	"0.00024"	"300"	""		"150121.5922"	"171669.172"	"2s2.2p5.(2P*<3/2>).3p"	"2[3/2]"	"1"	"2s2.2p5.(2P*<3/2>).7d"	"2[1/2]*"	"0"		""	"L3469"	
"464.1742"	"0.0020"	"464.17637"	"0.00024"	"700"	""		"150917.4307"	"172460.966"	"2s2.2p5.(2P*<3/2>).3p"	"2[1/2]"	"0"	"2s2.2p5.(2P*<1/2>).7d"	"2[3/2]*"	"1"		""	"L3469"	
"464.4482"	"0.0020"	"464.4477"	"0.0009"	"50"	""		"151038.4524"	"172569.40"	"2s2.2p5.(2P*<1/2>).3p"	"2[1/2]"	"1"	"2s2.2p5.(2P*<3/2>).9d"	"2[3/2]*"	"2"		""	"L3469"	
"464.5231"	"0.0020"	"464.5226"	"0.0011"	"20"	""		"151038.4524"	"172565.93"	"2s2.2p5.(2P*<1/2>).3p"	"2[1/2]"	"1"	"2s2.2p5.(2P*<3/2>).9d"	"2[1/2]*"	"1"		""	"L3469"	
"464.6134"	"0.0020"	"464.61299"	"0.00007"	"400"	""		"150121.5922"	"171644.882"	"2s2.2p5.(2P*<3/2>).3p"	"2[3/2]"	"1"	"2s2.2p5.(2P*<1/2>).6d"	"2[3/2]*"	"1"		""	"L3469"	
"464.67187"	"0.00004"	"464.67180"	"0.00004"	"3000"	""		"150121.5922"	"171642.1580"	"2s2.2p5.(2P*<3/2>).3p"	"2[3/2]"	"1"	"2s2.2p5.(2P*<1/2>).6d"	"2[5/2]*"	"2"		""	"L3451"	
"464.7186"	"0.0020"	"464.71896"	"0.00003"	"10"	""		"150121.5922"	"171639.9741"	"2s2.2p5.(2P*<3/2>).3p"	"2[3/2]"	"1"	"2s2.2p5.(2P*<1/2>).6d"	"2[3/2]*"	"2"		""	"L3469"	
"465.1206"	"0.0001"	"465.12084"	"0.00003"	"700"	""		"149824.2215"	"171324.0107"	"2s2.2p5.(2P*<3/2>).3p"	"2[5/2]"	"2"	"2s2.2p5.(2P*<1/2>).7s"	"2[1/2]*"	"1"		""	"L7292"	
"465.3404"	"0.0020"	"465.34074"	"0.00009"	"300"	""		"150772.1118"	"172261.741"	"2s2.2p5.(2P*<1/2>).3p"	"2[3/2]"	"1"	"2s2.2p5.(2P*<1/2>).8s"	"2[1/2]*"	"1"		""	"L3469"	
"465.5002"	"0.0020"	"465.50204"	"0.00020"	"500"	""		"150772.1118"	"172254.295"	"2s2.2p5.(2P*<1/2>).3p"	"2[3/2]"	"1"	"2s2.2p5.(2P*<1/2>).8s"	"2[1/2]*"	"0"		""	"L3469"	
"465.76972"	"0.00004"	"465.76963"	"0.00003"	"3000"	""		"148257.7898"	"169727.6312"	"2s2.2p5.(2P*<3/2>).3p"	"2[1/2]"	"1"	"2s2.2p5.(2P*<1/2>).6s"	"2[1/2]*"	"1"		""	"L3451"	
"466.24103"	"0.00004"	"466.24095"	"0.00003"	"1500"	""		"148257.7898"	"169705.9275"	"2s2.2p5.(2P*<3/2>).3p"	"2[1/2]"	"1"	"2s2.2p5.(2P*<1/2>).6s"	"2[1/2]*"	"0"		""	"L3451"	
"466.4397"	"0.0020"	"466.43977"	"0.00022"	"400"	""		"150772.1118"	"172211.107"	"2s2.2p5.(2P*<1/2>).3p"	"2[3/2]"	"1"	"2s2.2p5.(2P*<3/2>).8d"	"2[5/2]*"	"2"		""	"L3469"	
"466.4824"	"0.0020"	"466.4824"	"0.0011"	"200"	""		"150772.1118"	"172209.15"	"2s2.2p5.(2P*<1/2>).3p"	"2[3/2]"	"1"	"2s2.2p5.(2P*<3/2>).8d"	"2[3/2]*"	"1"		""	"L3469"	
"466.7960"	"0.0020"	"466.79863"	"0.00024"	"500"	""		"151038.4524"	"172460.966"	"2s2.2p5.(2P*<1/2>).3p"	"2[1/2]"	"1"	"2s2.2p5.(2P*<1/2>).7d"	"2[3/2]*"	"1"		""	"L3469"	
"466.86709"	"0.00020"	"466.86713"	"0.00018"	"1000"	""		"151038.4524"	"172457.823"	"2s2.2p5.(2P*<1/2>).3p"	"2[1/2]"	"1"	"2s2.2p5.(2P*<1/2>).7d"	"2[3/2]*"	"2"		""	"L4498"	
"467.2191"	"0.0001"	"467.21913"	"0.00009"	"700"	""		"150858.5079"	"172261.741"	"2s2.2p5.(2P*<1/2>).3p"	"2[3/2]"	"2"	"2s2.2p5.(2P*<1/2>).8s"	"2[1/2]*"	"1"		""	"L7292"	
"467.9527"	"0.0001"	"467.95271"	"0.00009"	"3000"	""		"150315.8612"	"171685.542"	"2s2.2p5.(2P*<3/2>).3p"	"2[3/2]"	"2"	"2s2.2p5.(2P*<3/2>).7d"	"2[5/2]*"	"3"		""	"L7292"	
"467.99202"	"0.00020"	"467.99184"	"0.00011"	"500"	""		"150121.5922"	"171489.486"	"2s2.2p5.(2P*<3/2>).3p"	"2[3/2]"	"1"	"2s2.2p5.(2P*<3/2>).8s"	"2[3/2]*"	"1"		""	"L4498"	
"468.0445"	"0.0001"	"468.04457"	"0.00013"	"1500"	""		"150315.8612"	"171681.348"	"2s2.2p5.(2P*<3/2>).3p"	"2[3/2]"	"2"	"2s2.2p5.(2P*<3/2>).7d"	"2[3/2]*"	"2"		""	"L7292"	
"468.16770"	"0.00020"	"468.16771"	"0.00007"	"1000"	""		"150315.8612"	"171675.728"	"2s2.2p5.(2P*<3/2>).3p"	"2[3/2]"	"2"	"2s2.2p5.(2P*<3/2>).7d"	"2[7/2]*"	"3"		""	"L4498"	
"468.2510"	"0.0020"	"468.25102"	"0.00024"	"500"	""		"150315.8612"	"171671.928"	"2s2.2p5.(2P*<3/2>).3p"	"2[3/2]"	"2"	"2s2.2p5.(2P*<3/2>).7d"	"2[1/2]*"	"1"		""	"L3469"	
"468.3240"	"0.0020"	"468.32357"	"0.00013"	"200"	""		"150858.5079"	"172211.266"	"2s2.2p5.(2P*<1/2>).3p"	"2[3/2]"	"2"	"2s2.2p5.(2P*<3/2>).8d"	"2[5/2]*"	"3"		""	"L3469"	
"468.3456"	"0.0020"	"468.34637"	"0.00009"	"200"	""		"150121.5922"	"171473.311"	"2s2.2p5.(2P*<3/2>).3p"	"2[3/2]"	"1"	"2s2.2p5.(2P*<3/2>).8s"	"2[3/2]*"	"2"		""	"L3469"	
"468.4221"	"0.0020"	"468.42220"	"0.00024"	"100"	""		"150858.5079"	"172206.770"	"2s2.2p5.(2P*<1/2>).3p"	"2[3/2]"	"2"	"2s2.2p5.(2P*<3/2>).8d"	"2[3/2]*"	"2"		""	"L3469"	
"468.4549"	"0.0020"	"468.45508"	"0.00005"	"50"	""		"150858.5079"	"172205.272"	"2s2.2p5.(2P*<1/2>).3p"	"2[3/2]"	"2"	"2s2.2p5.(2P*<3/2>).8d"	"2[7/2]*"	"3"		""	"L3469"	
"468.5075"	"0.0020"	"468.50893"	"0.00009"	"300"	""		"150917.4307"	"172261.741"	"2s2.2p5.(2P*<3/2>).3p"	"2[1/2]"	"0"	"2s2.2p5.(2P*<1/2>).8s"	"2[1/2]*"	"1"		""	"L3469"	
"468.8983"	"0.0001"	"468.89826"	"0.00004"	"1000"	""		"150315.8612"	"171642.4494"	"2s2.2p5.(2P*<3/2>).3p"	"2[3/2]"	"2"	"2s2.2p5.(2P*<1/2>).6d"	"2[5/2]*"	"3"		""	"L7292"	
"468.9503"	"0.0020"	"468.95269"	"0.00003"	"20"	""		"150315.8612"	"171639.9741"	"2s2.2p5.(2P*<3/2>).3p"	"2[3/2]"	"2"	"2s2.2p5.(2P*<1/2>).6d"	"2[3/2]*"	"2"		""	"L3469"	
"469.2893"	"0.0020"	"469.28961"	"0.00011"	"150"	""		"150772.1118"	"172080.915"	"2s2.2p5.(2P*<1/2>).3p"	"2[3/2]"	"1"	"2s2.2p5.(2P*<3/2>).9s"	"2[3/2]*"	"1"		""	"L3469"	
"469.6677"	"0.0020"	"469.6662"	"0.0011"	"200"	""		"150917.4307"	"172209.15"	"2s2.2p5.(2P*<3/2>).3p"	"2[1/2]"	"0"	"2s2.2p5.(2P*<3/2>).8d"	"2[3/2]*"	"1"		""	"L3469"	
"469.8257"	"0.0020"	"469.82662"	"0.00024"	"50"	""		"150917.4307"	"172201.878"	"2s2.2p5.(2P*<3/2>).3p"	"2[1/2]"	"0"	"2s2.2p5.(2P*<3/2>).8d"	"2[1/2]*"	"1"		""	"L3469"	
"470.1784"	"0.0020"	"470.17932"	"0.00003"	"50"	""		"148257.7898"	"169526.2708"	"2s2.2p5.(2P*<3/2>).3p"	"2[1/2]"	"1"	"2s2.2p5.(2P*<3/2>).5d"	"2[5/2]*"	"2"		""	"L3469"	
"470.38464"	"0.00020"	"470.38448"	"0.00003"	"1500"	"1.62e+05"	C	"148257.7898"	"169516.9948"	"2s2.2p5.(2P*<3/2>).3p"	"2[1/2]"	"1"	"2s2.2p5.(2P*<3/2>).5d"	"2[3/2]*"	"1"		"T6976"	"L4498"	
"470.57113"	"0.00004"	"470.57112"	"0.00003"	"15000"	"2.10e+06"	C+	"148257.7898"	"169508.5627"	"2s2.2p5.(2P*<3/2>).3p"	"2[1/2]"	"1"	"2s2.2p5.(2P*<3/2>).5d"	"2[3/2]*"	"2"		"T6976"	"L3451"	
"471.01769"	"0.00020"	"471.01759"	"0.00003"	"12000"	"3.26e+06"	C+	"148257.7898"	"169488.4193"	"2s2.2p5.(2P*<3/2>).3p"	"2[1/2]"	"1"	"2s2.2p5.(2P*<3/2>).5d"	"2[1/2]*"	"1"		"T6976"	"L4498"	
"471.13829"	"0.00020"	"471.13816"	"0.00003"	"10000"	"4.09e+06"	C+	"148257.7898"	"169482.9862"	"2s2.2p5.(2P*<3/2>).3p"	"2[1/2]"	"1"	"2s2.2p5.(2P*<3/2>).5d"	"2[1/2]*"	"0"		"T6976"	"L4498"	
"471.18061"	"0.00020"	"471.18051"	"0.00009"	"300"	""		"151038.4524"	"172261.741"	"2s2.2p5.(2P*<1/2>).3p"	"2[1/2]"	"1"	"2s2.2p5.(2P*<1/2>).8s"	"2[1/2]*"	"1"		""	"L4498"	
"471.33817"	"0.00020"	"471.33808"	"0.00003"	"15000"	""		"149657.0392"	"170873.2327"	"2s2.2p5.(2P*<3/2>).3p"	"2[5/2]"	"3"	"2s2.2p5.(2P*<3/2>).6d"	"2[5/2]*"	"3"		""	"L4498"	
"471.34590"	"0.00020"	"471.34653"	"0.00003"	"150*"	""		"149657.0392"	"170872.8524"	"2s2.2p5.(2P*<3/2>).3p"	"2[5/2]"	"3"	"2s2.2p5.(2P*<3/2>).6d"	"2[5/2]*"	"2"		""	"L4498"	
"471.34590"	"0.00020"	"471.34588"	"0.00020"	"150*"	""		"151038.4524"	"172254.295"	"2s2.2p5.(2P*<1/2>).3p"	"2[1/2]"	"1"	"2s2.2p5.(2P*<1/2>).8s"	"2[1/2]*"	"0"		""	"L4498"	
"471.4119"	"0.0020"	"471.41168"	"0.00016"	"100"	""		"150858.5079"	"172071.389"	"2s2.2p5.(2P*<1/2>).3p"	"2[3/2]"	"2"	"2s2.2p5.(2P*<3/2>).9s"	"2[3/2]*"	"2"		""	"L3469"	
"471.56587"	"0.00020"	"471.56576"	"0.00003"	"700"	""		"149657.0392"	"170862.9893"	"2s2.2p5.(2P*<3/2>).3p"	"2[5/2]"	"3"	"2s2.2p5.(2P*<3/2>).6d"	"2[3/2]*"	"2"		""	"L4498"	
"471.64440"	"0.00020"	"471.64431"	"0.00003"	"300"	""		"150121.5922"	"171324.0107"	"2s2.2p5.(2P*<3/2>).3p"	"2[3/2]"	"1"	"2s2.2p5.(2P*<1/2>).7s"	"2[1/2]*"	"1"		""	"L4498"	
"471.65772"	"0.00020"	"471.65732"	"0.00004"	"300"	""		"149657.0392"	"170858.8729"	"2s2.2p5.(2P*<3/2>).3p"	"2[5/2]"	"3"	"2s2.2p5.(2P*<3/2>).6d"	"2[7/2]*"	"3"		""	"L4498"	
"471.6663"	"0.0001"	"471.66634"	"0.00003"	"15000"	""		"149657.0392"	"170858.4673"	"2s2.2p5.(2P*<3/2>).3p"	"2[5/2]"	"3"	"2s2.2p5.(2P*<3/2>).6d"	"2[7/2]*"	"4"		""	"L7292"	
"471.89284"	"0.00020"	"471.89290"	"0.00003"	"700"	""		"150121.5922"	"171312.8413"	"2s2.2p5.(2P*<3/2>).3p"	"2[3/2]"	"1"	"2s2.2p5.(2P*<1/2>).7s"	"2[1/2]*"	"0"		""	"L4498"	
"472.28546"	"0.00020"	"472.28569"	"0.00011"	"700"	""		"150315.8612"	"171489.486"	"2s2.2p5.(2P*<3/2>).3p"	"2[3/2]"	"2"	"2s2.2p5.(2P*<3/2>).8s"	"2[3/2]*"	"1"		""	"L4498"	
"472.3471"	"0.0020"	"472.3510"	"0.0011"	"50"	""		"151038.4524"	"172209.15"	"2s2.2p5.(2P*<1/2>).3p"	"2[1/2]"	"1"	"2s2.2p5.(2P*<3/2>).8d"	"2[3/2]*"	"1"		""	"L3469"	
"472.4035"	"0.0020"	"472.40410"	"0.00025"	"150"	""		"151038.4524"	"172206.770"	"2s2.2p5.(2P*<1/2>).3p"	"2[1/2]"	"1"	"2s2.2p5.(2P*<3/2>).8d"	"2[3/2]*"	"2"		""	"L3469"	
"472.5131"	"0.0020"	"472.51330"	"0.00025"	"700*"	""		"151038.4524"	"172201.878"	"2s2.2p5.(2P*<1/2>).3p"	"2[1/2]"	"1"	"2s2.2p5.(2P*<3/2>).8d"	"2[1/2]*"	"1"		""	"L3469"	
"472.5131"	"0.0020"	"472.51199"	"0.00011"	"700*"	""		"150917.4307"	"172080.915"	"2s2.2p5.(2P*<3/2>).3p"	"2[1/2]"	"0"	"2s2.2p5.(2P*<3/2>).9s"	"2[3/2]*"	"1"		""	"L3469"	
"472.5484"	"0.0020"	"472.5479"	"0.0013"	"50"	""		"151038.4524"	"172200.33"	"2s2.2p5.(2P*<1/2>).3p"	"2[1/2]"	"1"	"2s2.2p5.(2P*<3/2>).8d"	"2[1/2]*"	"0"		""	"L3469"	
"472.6467"	"0.0001"	"472.64676"	"0.00009"	"700"	""		"150315.8612"	"171473.311"	"2s2.2p5.(2P*<3/2>).3p"	"2[3/2]"	"2"	"2s2.2p5.(2P*<3/2>).8s"	"2[3/2]*"	"2"		""	"L7292"	
"475.09037"	"0.00004"	"475.09028"	"0.00003"	"3000"	""		"149824.2215"	"170872.8524"	"2s2.2p5.(2P*<3/2>).3p"	"2[5/2]"	"2"	"2s2.2p5.(2P*<3/2>).6d"	"2[5/2]*"	"2"		""	"L3451"	
"475.20112"	"0.00020"	"475.20157"	"0.00005"	"300"	""		"149824.2215"	"170867.923"	"2s2.2p5.(2P*<3/2>).3p"	"2[5/2]"	"2"	"2s2.2p5.(2P*<3/2>).6d"	"2[3/2]*"	"1"		""	"L4498"	
"475.3131"	"0.0020"	"475.31301"	"0.00003"	"300"	""		"149824.2215"	"170862.9893"	"2s2.2p5.(2P*<3/2>).3p"	"2[5/2]"	"2"	"2s2.2p5.(2P*<3/2>).6d"	"2[3/2]*"	"2"		""	"L3469"	
"475.40612"	"0.00004"	"475.40602"	"0.00004"	"5000"	""		"149824.2215"	"170858.8729"	"2s2.2p5.(2P*<3/2>).3p"	"2[5/2]"	"2"	"2s2.2p5.(2P*<3/2>).6d"	"2[7/2]*"	"3"		""	"L3451"	
"475.4452"	"0.0020"	"475.44478"	"0.00016"	"10"	""		"151038.4524"	"172071.389"	"2s2.2p5.(2P*<1/2>).3p"	"2[1/2]"	"1"	"2s2.2p5.(2P*<3/2>).9s"	"2[3/2]*"	"2"		""	"L3469"	
"475.5770"	"0.0020"	"475.57700"	"0.00004"	"1000"	""		"149824.2215"	"170851.3105"	"2s2.2p5.(2P*<3/2>).3p"	"2[5/2]"	"2"	"2s2.2p5.(2P*<3/2>).6d"	"2[1/2]*"	"1"		""	"L3469"	
"476.0059"	"0.0001"	"476.00575"	"0.00003"	"1500"	""		"150315.8612"	"171324.0107"	"2s2.2p5.(2P*<3/2>).3p"	"2[3/2]"	"2"	"2s2.2p5.(2P*<1/2>).7s"	"2[1/2]*"	"1"		""	"L7292"	
"478.1674"	"0.0001"	"478.16742"	"0.00007"	"3000"	""		"150772.1118"	"171685.289"	"2s2.2p5.(2P*<1/2>).3p"	"2[3/2]"	"1"	"2s2.2p5.(2P*<3/2>).7d"	"2[5/2]*"	"2"		""	"L7292"	
"478.2221"	"0.0020"	"478.22173"	"0.00021"	"300"	""		"150772.1118"	"171682.914"	"2s2.2p5.(2P*<1/2>).3p"	"2[3/2]"	"1"	"2s2.2p5.(2P*<3/2>).7d"	"2[3/2]*"	"1"		""	"L3469"	
"478.2576"	"0.0020"	"478.25755"	"0.00014"	"20"	""		"150772.1118"	"171681.348"	"2s2.2p5.(2P*<1/2>).3p"	"2[3/2]"	"1"	"2s2.2p5.(2P*<3/2>).7d"	"2[3/2]*"	"2"		""	"L3469"	
"478.5359"	"0.0020"	"478.5362"	"0.0003"	"20"	""		"150772.1118"	"171669.172"	"2s2.2p5.(2P*<1/2>).3p"	"2[3/2]"	"1"	"2s2.2p5.(2P*<3/2>).7d"	"2[1/2]*"	"0"		""	"L3469"	
"479.02645"	"0.00010"	"479.02636"	"0.00003"	"10000"	""		"149657.0392"	"170532.7169"	"2s2.2p5.(2P*<3/2>).3p"	"2[5/2]"	"3"	"2s2.2p5.(2P*<3/2>).7s"	"2[3/2]*"	"2"		""	"L7292"	
"479.09371"	"0.00020"	"479.09309"	"0.00007"	"1000"	""		"150772.1118"	"171644.882"	"2s2.2p5.(2P*<1/2>).3p"	"2[3/2]"	"1"	"2s2.2p5.(2P*<1/2>).6d"	"2[3/2]*"	"1"		""	"L4498"	
"479.15586"	"0.00020"	"479.15562"	"0.00004"	"5000"	""		"150772.1118"	"171642.1580"	"2s2.2p5.(2P*<1/2>).3p"	"2[3/2]"	"1"	"2s2.2p5.(2P*<1/2>).6d"	"2[5/2]*"	"2"		""	"L4498"	
"479.2067"	"0.0020"	"479.20577"	"0.00003"	"300"	""		"150772.1118"	"171639.9741"	"2s2.2p5.(2P*<1/2>).3p"	"2[3/2]"	"1"	"2s2.2p5.(2P*<1/2>).6d"	"2[3/2]*"	"2"		""	"L3469"	
"480.1453"	"0.0001"	"480.14518"	"0.00010"	"150"	""		"150858.5079"	"171685.542"	"2s2.2p5.(2P*<1/2>).3p"	"2[3/2]"	"2"	"2s2.2p5.(2P*<3/2>).7d"	"2[5/2]*"	"3"		""	"L7292"	
"480.2418"	"0.0020"	"480.24189"	"0.00014"	"20"	""		"150858.5079"	"171681.348"	"2s2.2p5.(2P*<1/2>).3p"	"2[3/2]"	"2"	"2s2.2p5.(2P*<3/2>).7d"	"2[3/2]*"	"2"		""	"L3469"	
"480.3705"	"0.0020"	"480.37154"	"0.00007"	"100"	""		"150858.5079"	"171675.728"	"2s2.2p5.(2P*<1/2>).3p"	"2[3/2]"	"2"	"2s2.2p5.(2P*<3/2>).7d"	"2[7/2]*"	"3"		""	"L3469"	
"480.4568"	"0.0020"	"480.4592"	"0.0003"	"10"	""		"150858.5079"	"171671.928"	"2s2.2p5.(2P*<1/2>).3p"	"2[3/2]"	"2"	"2s2.2p5.(2P*<3/2>).7d"	"2[1/2]*"	"1"		""	"L3469"	
"481.0844"	"0.0020"	"481.08438"	"0.00007"	"100"	""		"150858.5079"	"171644.882"	"2s2.2p5.(2P*<1/2>).3p"	"2[3/2]"	"2"	"2s2.2p5.(2P*<1/2>).6d"	"2[3/2]*"	"1"		""	"L3469"	
"481.14084"	"0.00004"	"481.14069"	"0.00004"	"1500"	""		"150858.5079"	"171642.4494"	"2s2.2p5.(2P*<1/2>).3p"	"2[3/2]"	"2"	"2s2.2p5.(2P*<1/2>).6d"	"2[5/2]*"	"3"		""	"L3451"	
"481.19837"	"0.00020"	"481.19800"	"0.00003"	"1000"	""		"150858.5079"	"171639.9741"	"2s2.2p5.(2P*<1/2>).3p"	"2[3/2]"	"2"	"2s2.2p5.(2P*<1/2>).6d"	"2[3/2]*"	"2"		""	"L4498"	
"481.5683"	"0.0020"	"481.56837"	"0.00021"	"500"	""		"150917.4307"	"171682.914"	"2s2.2p5.(2P*<3/2>).3p"	"2[1/2]"	"0"	"2s2.2p5.(2P*<3/2>).7d"	"2[3/2]*"	"1"		""	"L3469"	
"481.8246"	"0.0020"	"481.8233"	"0.0003"	"10"	""		"150917.4307"	"171671.928"	"2s2.2p5.(2P*<3/2>).3p"	"2[1/2]"	"0"	"2s2.2p5.(2P*<3/2>).7d"	"2[1/2]*"	"1"		""	"L3469"	
"481.89850"	"0.00004"	"481.89844"	"0.00003"	"3000"	""		"150121.5922"	"170872.8524"	"2s2.2p5.(2P*<3/2>).3p"	"2[3/2]"	"1"	"2s2.2p5.(2P*<3/2>).6d"	"2[5/2]*"	"2"		""	"L3451"	
"482.01314"	"0.00020"	"482.01294"	"0.00005"	"1500"	""		"150121.5922"	"170867.923"	"2s2.2p5.(2P*<3/2>).3p"	"2[3/2]"	"1"	"2s2.2p5.(2P*<3/2>).6d"	"2[3/2]*"	"1"		""	"L4498"	
"482.1284"	"0.0020"	"482.12760"	"0.00003"	"700"	""		"150121.5922"	"170862.9893"	"2s2.2p5.(2P*<3/2>).3p"	"2[3/2]"	"1"	"2s2.2p5.(2P*<3/2>).6d"	"2[3/2]*"	"2"		""	"L3469"	
"482.32693"	"0.00020"	"482.32689"	"0.00003"	"3000"	""		"149824.2215"	"170557.0484"	"2s2.2p5.(2P*<3/2>).3p"	"2[5/2]"	"2"	"2s2.2p5.(2P*<3/2>).7s"	"2[3/2]*"	"1"		""	"L4498"	
"482.45203"	"0.00020"	"482.45198"	"0.00007"	"1000"	""		"150917.4307"	"171644.882"	"2s2.2p5.(2P*<3/2>).3p"	"2[1/2]"	"0"	"2s2.2p5.(2P*<1/2>).6d"	"2[3/2]*"	"1"		""	"L4498"	
"482.4718"	"0.0020"	"482.46990"	"0.00012"	"500"	""		"150121.5922"	"170848.274"	"2s2.2p5.(2P*<3/2>).3p"	"2[3/2]"	"1"	"2s2.2p5.(2P*<3/2>).6d"	"2[1/2]*"	"0"		""	"L3469"	
"482.6877"	"0.0020"	"482.68665"	"0.00012"	"500"	""		"150772.1118"	"171489.486"	"2s2.2p5.(2P*<1/2>).3p"	"2[3/2]"	"1"	"2s2.2p5.(2P*<3/2>).8s"	"2[3/2]*"	"1"		""	"L3469"	
"482.8687"	"0.0001"	"482.86872"	"0.00003"	"10000"	""		"148257.7898"	"168967.3526"	"2s2.2p5.(2P*<3/2>).3p"	"2[1/2]"	"1"	"2s2.2p5.(2P*<3/2>).6s"	"2[3/2]*"	"1"		""	"L7292"	
"482.8936"	"0.0001"	"482.89361"	"0.00003"	"3000"	""		"149824.2215"	"170532.7169"	"2s2.2p5.(2P*<3/2>).3p"	"2[5/2]"	"2"	"2s2.2p5.(2P*<3/2>).7s"	"2[3/2]*"	"2"		""	"L7292"	
"483.0637"	"0.0020"	"483.06380"	"0.00010"	"50"	""		"150772.1118"	"171473.311"	"2s2.2p5.(2P*<1/2>).3p"	"2[3/2]"	"1"	"2s2.2p5.(2P*<3/2>).8s"	"2[3/2]*"	"2"		""	"L3469"	
"483.86655"	"0.00004"	"483.86644"	"0.00003"	"5000"	""		"148257.7898"	"168924.6500"	"2s2.2p5.(2P*<3/2>).3p"	"2[1/2]"	"1"	"2s2.2p5.(2P*<3/2>).6s"	"2[3/2]*"	"2"		""	"L3451"	
"484.3919"	"0.0020"	"484.39142"	"0.00021"	"100"	""		"151038.4524"	"171682.914"	"2s2.2p5.(2P*<1/2>).3p"	"2[1/2]"	"1"	"2s2.2p5.(2P*<3/2>).7d"	"2[3/2]*"	"1"		""	"L3469"	
"484.4294"	"0.0020"	"484.42816"	"0.00014"	"500"	""		"151038.4524"	"171681.348"	"2s2.2p5.(2P*<1/2>).3p"	"2[1/2]"	"1"	"2s2.2p5.(2P*<3/2>).7d"	"2[3/2]*"	"2"		""	"L3469"	
"484.6499"	"0.0020"	"484.6493"	"0.0003"	"150"	""		"151038.4524"	"171671.928"	"2s2.2p5.(2P*<1/2>).3p"	"2[1/2]"	"1"	"2s2.2p5.(2P*<3/2>).7d"	"2[1/2]*"	"1"		""	"L3469"	
"484.7121"	"0.0020"	"484.7141"	"0.0003"	"50"	""		"151038.4524"	"171669.172"	"2s2.2p5.(2P*<1/2>).3p"	"2[1/2]"	"1"	"2s2.2p5.(2P*<3/2>).7d"	"2[1/2]*"	"0"		""	"L3469"	
"485.0885"	"0.0020"	"485.08831"	"0.00010"	"300"	""		"150858.5079"	"171473.311"	"2s2.2p5.(2P*<1/2>).3p"	"2[3/2]"	"2"	"2s2.2p5.(2P*<3/2>).8s"	"2[3/2]*"	"2"		""	"L3469"	
"485.2856"	"0.0020"	"485.28543"	"0.00007"	"600"	""		"151038.4524"	"171644.882"	"2s2.2p5.(2P*<1/2>).3p"	"2[1/2]"	"1"	"2s2.2p5.(2P*<1/2>).6d"	"2[3/2]*"	"1"		""	"L3469"	
"485.4011"	"0.0001"	"485.40104"	"0.00003"	"1000"	""		"151038.4524"	"171639.9741"	"2s2.2p5.(2P*<1/2>).3p"	"2[1/2]"	"1"	"2s2.2p5.(2P*<1/2>).6d"	"2[3/2]*"	"2"		""	"L7292"	
"486.0961"	"0.0020"	"486.09630"	"0.00012"	"150"	""		"150917.4307"	"171489.486"	"2s2.2p5.(2P*<3/2>).3p"	"2[1/2]"	"0"	"2s2.2p5.(2P*<3/2>).8s"	"2[3/2]*"	"1"		""	"L3469"	
"486.44394"	"0.00020"	"486.44351"	"0.00003"	"1000"	""		"150315.8612"	"170873.2327"	"2s2.2p5.(2P*<3/2>).3p"	"2[3/2]"	"2"	"2s2.2p5.(2P*<3/2>).6d"	"2[5/2]*"	"3"		""	"L4498"	
"486.57317"	"0.00020"	"486.57304"	"0.00003"	"300"	""		"150772.1118"	"171324.0107"	"2s2.2p5.(2P*<1/2>).3p"	"2[3/2]"	"1"	"2s2.2p5.(2P*<1/2>).7s"	"2[1/2]*"	"1"		""	"L4498"	
"486.68656"	"0.00020"	"486.68602"	"0.00004"	"1000"	""		"150315.8612"	"170862.9893"	"2s2.2p5.(2P*<3/2>).3p"	"2[3/2]"	"2"	"2s2.2p5.(2P*<3/2>).6d"	"2[3/2]*"	"2"		""	"L4498"	
"486.7835"	"0.0001"	"486.78354"	"0.00004"	"800"	""		"150315.8612"	"170858.8729"	"2s2.2p5.(2P*<3/2>).3p"	"2[3/2]"	"2"	"2s2.2p5.(2P*<3/2>).6d"	"2[7/2]*"	"3"		""	"L7292"	
"486.83784"	"0.00020"	"486.83763"	"0.00003"	"700"	""		"150772.1118"	"171312.8413"	"2s2.2p5.(2P*<1/2>).3p"	"2[3/2]"	"1"	"2s2.2p5.(2P*<1/2>).7s"	"2[1/2]*"	"0"		""	"L4498"	
"486.96364"	"0.00020"	"486.96281"	"0.00004"	"700"	""		"150315.8612"	"170851.3105"	"2s2.2p5.(2P*<3/2>).3p"	"2[3/2]"	"2"	"2s2.2p5.(2P*<3/2>).6d"	"2[1/2]*"	"1"		""	"L4498"	
"488.4767"	"0.0020"	"488.47711"	"0.00003"	"150"	""		"149824.2215"	"170296.0099"	"2s2.2p5.(2P*<3/2>).3p"	"2[5/2]"	"2"	"2s2.2p5.(2P*<1/2>).5d"	"2[3/2]*"	"1"		""	"L3469"	
"488.62812"	"0.00004"	"488.62824"	"0.00004"	"10000"	"4.15e+05"	C+	"149824.2215"	"170289.6782"	"2s2.2p5.(2P*<3/2>).3p"	"2[5/2]"	"2"	"2s2.2p5.(2P*<1/2>).5d"	"2[5/2]*"	"3"		"T6976"	"L3451"	
"488.64614"	"0.00020"	"488.64583"	"0.00003"	"1000"	"1.02e+05"	C	"149824.2215"	"170288.9415"	"2s2.2p5.(2P*<3/2>).3p"	"2[5/2]"	"2"	"2s2.2p5.(2P*<1/2>).5d"	"2[3/2]*"	"2"		"T6976"	"L4498"	
"488.9730"	"0.0020"	"488.97284"	"0.00012"	"50"	""		"151038.4524"	"171489.486"	"2s2.2p5.(2P*<1/2>).3p"	"2[1/2]"	"1"	"2s2.2p5.(2P*<3/2>).8s"	"2[3/2]*"	"1"		""	"L3469"	
"489.3456"	"0.0001"	"489.34557"	"0.00003"	"5000"	""		"150121.5922"	"170557.0484"	"2s2.2p5.(2P*<3/2>).3p"	"2[3/2]"	"1"	"2s2.2p5.(2P*<3/2>).7s"	"2[3/2]*"	"1"		""	"L7292"	
"489.3594"	"0.0020"	"489.35988"	"0.00010"	"100"	""		"151038.4524"	"171473.311"	"2s2.2p5.(2P*<1/2>).3p"	"2[1/2]"	"1"	"2s2.2p5.(2P*<3/2>).8s"	"2[3/2]*"	"2"		""	"L3469"	
"489.9292"	"0.0020"	"489.92891"	"0.00003"	"700"	""		"150121.5922"	"170532.7169"	"2s2.2p5.(2P*<3/2>).3p"	"2[3/2]"	"1"	"2s2.2p5.(2P*<3/2>).7s"	"2[3/2]*"	"2"		""	"L3469"	
"490.0381"	"0.0020"	"490.03802"	"0.00003"	"500"	""		"150917.4307"	"171324.0107"	"2s2.2p5.(2P*<3/2>).3p"	"2[1/2]"	"0"	"2s2.2p5.(2P*<1/2>).7s"	"2[1/2]*"	"1"		""	"L3469"	
"492.9611"	"0.0001"	"492.96154"	"0.00003"	"700"	""		"151038.4524"	"171324.0107"	"2s2.2p5.(2P*<1/2>).3p"	"2[1/2]"	"1"	"2s2.2p5.(2P*<1/2>).7s"	"2[1/2]*"	"1"		""	"L7292"	
"493.2320"	"0.0020"	"493.23312"	"0.00003"	"500"	""		"151038.4524"	"171312.8413"	"2s2.2p5.(2P*<1/2>).3p"	"2[1/2]"	"1"	"2s2.2p5.(2P*<1/2>).7s"	"2[1/2]*"	"0"		""	"L3469"	
"494.0420"	"0.0001"	"494.04217"	"0.00003"	"1000"	""		"150315.8612"	"170557.0484"	"2s2.2p5.(2P*<3/2>).3p"	"2[3/2]"	"2"	"2s2.2p5.(2P*<3/2>).7s"	"2[3/2]*"	"1"		""	"L7292"	
"494.6367"	"0.0001"	"494.63676"	"0.00003"	"1000"	""		"150315.8612"	"170532.7169"	"2s2.2p5.(2P*<3/2>).3p"	"2[3/2]"	"2"	"2s2.2p5.(2P*<3/2>).7s"	"2[3/2]*"	"2"		""	"L7292"	
"495.67734"	"0.0002"	"495.67726"	"0.00003"	"1500"	"2.69e+05"	C	"150121.5922"	"170296.0099"	"2s2.2p5.(2P*<3/2>).3p"	"2[3/2]"	"1"	"2s2.2p5.(2P*<1/2>).5d"	"2[3/2]*"	"1"		"T6976"	"L4498"	
"495.84169"	"0.00004"	"495.84157"	"0.00004"	"10000"	"1.06e+06"	C+	"150121.5922"	"170289.3243"	"2s2.2p5.(2P*<3/2>).3p"	"2[3/2]"	"1"	"2s2.2p5.(2P*<1/2>).5d"	"2[5/2]*"	"2"		"T6976"	"L3451"	
"495.8505"	"0.0001"	"495.85098"	"0.00003"	"1500"	"3.41e+05"	C+	"150121.5922"	"170288.9415"	"2s2.2p5.(2P*<3/2>).3p"	"2[3/2]"	"1"	"2s2.2p5.(2P*<1/2>).5d"	"2[3/2]*"	"2"		"T6976"	"L7292"	
"497.49433"	"0.00020"	"497.49411"	"0.00004"	"1000"	""		"150772.1118"	"170872.8524"	"2s2.2p5.(2P*<1/2>).3p"	"2[3/2]"	"1"	"2s2.2p5.(2P*<3/2>).6d"	"2[5/2]*"	"2"		""	"L4498"	
"497.6148"	"0.0020"	"497.61614"	"0.00006"	"500"	""		"150772.1118"	"170867.923"	"2s2.2p5.(2P*<1/2>).3p"	"2[3/2]"	"1"	"2s2.2p5.(2P*<3/2>).6d"	"2[3/2]*"	"1"		""	"L3469"	
"497.7349"	"0.0020"	"497.73834"	"0.00004"	"100"	""		"150772.1118"	"170862.9893"	"2s2.2p5.(2P*<1/2>).3p"	"2[3/2]"	"1"	"2s2.2p5.(2P*<3/2>).6d"	"2[3/2]*"	"2"		""	"L3469"	
"498.1014"	"0.0020"	"498.10317"	"0.00013"	"50"	""		"150772.1118"	"170848.274"	"2s2.2p5.(2P*<1/2>).3p"	"2[3/2]"	"1"	"2s2.2p5.(2P*<3/2>).6d"	"2[1/2]*"	"0"		""	"L3469"	
"499.6323"	"0.0001"	"499.63215"	"0.00004"	"1500"	""		"150858.5079"	"170873.2327"	"2s2.2p5.(2P*<1/2>).3p"	"2[3/2]"	"2"	"2s2.2p5.(2P*<3/2>).6d"	"2[5/2]*"	"3"		""	"L7292"	
"499.7603"	"0.0020"	"499.76473"	"0.00006"	"20"	""		"150858.5079"	"170867.923"	"2s2.2p5.(2P*<1/2>).3p"	"2[3/2]"	"2"	"2s2.2p5.(2P*<3/2>).6d"	"2[3/2]*"	"1"		""	"L3469"	
"499.8876"	"0.0020"	"499.88799"	"0.00004"	"150"	""		"150858.5079"	"170862.9893"	"2s2.2p5.(2P*<1/2>).3p"	"2[3/2]"	"2"	"2s2.2p5.(2P*<3/2>).6d"	"2[3/2]*"	"2"		""	"L3469"	
"499.9896"	"0.0020"	"499.99088"	"0.00004"	"100"	""		"150858.5079"	"170858.8729"	"2s2.2p5.(2P*<1/2>).3p"	"2[3/2]"	"2"	"2s2.2p5.(2P*<3/2>).6d"	"2[7/2]*"	"3"		""	"L3469"	
"500.1790"	"0.0020"	"500.18000"	"0.00004"	"30"	""		"150858.5079"	"170851.3105"	"2s2.2p5.(2P*<1/2>).3p"	"2[3/2]"	"2"	"2s2.2p5.(2P*<3/2>).6d"	"2[1/2]*"	"1"		""	"L3469"	
"500.4957"	"0.0020"	"500.49678"	"0.00004"	"20"	""		"150315.8612"	"170296.0099"	"2s2.2p5.(2P*<3/2>).3p"	"2[3/2]"	"2"	"2s2.2p5.(2P*<1/2>).5d"	"2[3/2]*"	"1"		""	"L3469"	
"500.65548"	"0.00004"	"500.65543"	"0.00004"	"5000"	"4.37e+05"	C+	"150315.8612"	"170289.6782"	"2s2.2p5.(2P*<3/2>).3p"	"2[3/2]"	"2"	"2s2.2p5.(2P*<1/2>).5d"	"2[5/2]*"	"3"		"T6976"	"L3451"	
"500.67429"	"0.00030"	"500.67390"	"0.00004"	"500"	"1.53e+05"	C	"150315.8612"	"170288.9415"	"2s2.2p5.(2P*<3/2>).3p"	"2[3/2]"	"2"	"2s2.2p5.(2P*<1/2>).5d"	"2[3/2]*"	"2"		"T6976"	"L4498"	
"501.2401"	"0.0001"	"501.24076"	"0.00006"	"250"	""		"150917.4307"	"170867.923"	"2s2.2p5.(2P*<3/2>).3p"	"2[1/2]"	"0"	"2s2.2p5.(2P*<3/2>).6d"	"2[3/2]*"	"1"		""	"L7292"	
"501.6586"	"0.0020"	"501.65849"	"0.00004"	"50"	""		"150917.4307"	"170851.3105"	"2s2.2p5.(2P*<3/2>).3p"	"2[1/2]"	"0"	"2s2.2p5.(2P*<3/2>).6d"	"2[1/2]*"	"1"		""	"L3469"	
"502.4271"	"0.0001"	"502.42648"	"0.00004"	"250"	""		"149824.2215"	"169727.6312"	"2s2.2p5.(2P*<3/2>).3p"	"2[5/2]"	"2"	"2s2.2p5.(2P*<1/2>).6s"	"2[1/2]*"	"1"		""	"L7292"	
"503.27515"	"0.00010"	"503.27512"	"0.00004"	"2500"	"1.34e+06"	C+	"149657.0392"	"169526.8869"	"2s2.2p5.(2P*<3/2>).3p"	"2[5/2]"	"3"	"2s2.2p5.(2P*<3/2>).5d"	"2[5/2]*"	"3"		"T6976"	"L7292"	
"503.29119"	"0.00030"	"503.29073"	"0.00004"	"20"	"9.8e+04"	C	"149657.0392"	"169526.2708"	"2s2.2p5.(2P*<3/2>).3p"	"2[5/2]"	"3"	"2s2.2p5.(2P*<3/2>).5d"	"2[5/2]*"	"2"		"T6976"	"L4498"	
"503.74059"	"0.00030"	"503.73968"	"0.00004"	"350"	"2.08e+05"	C	"149657.0392"	"169508.5627"	"2s2.2p5.(2P*<3/2>).3p"	"2[5/2]"	"3"	"2s2.2p5.(2P*<3/2>).5d"	"2[3/2]*"	"2"		"T6976"	"L4498"	
"503.89975"	"0.00030"	"503.89892"	"0.00004"	"30"	"2.26e+05"	C	"149657.0392"	"169502.2893"	"2s2.2p5.(2P*<3/2>).3p"	"2[5/2]"	"3"	"2s2.2p5.(2P*<3/2>).5d"	"2[7/2]*"	"3"		"T6976"	"L4498"	
"503.91560"	"0.00004"	"503.91552"	"0.00004"	"5000"	"4.44e+06"	C+	"149657.0392"	"169501.6353"	"2s2.2p5.(2P*<3/2>).3p"	"2[5/2]"	"3"	"2s2.2p5.(2P*<3/2>).5d"	"2[7/2]*"	"4"		"T6976"	"L3451"	
"504.3004"	"0.0020"	"504.29990"	"0.00006"	"10"	""		"151038.4524"	"170867.923"	"2s2.2p5.(2P*<1/2>).3p"	"2[1/2]"	"1"	"2s2.2p5.(2P*<3/2>).6d"	"2[3/2]*"	"1"		""	"L3469"	
"504.4259"	"0.0020"	"504.42540"	"0.00004"	"150"	""		"151038.4524"	"170862.9893"	"2s2.2p5.(2P*<1/2>).3p"	"2[1/2]"	"1"	"2s2.2p5.(2P*<3/2>).6d"	"2[3/2]*"	"2"		""	"L3469"	
"504.7223"	"0.0020"	"504.72274"	"0.00004"	"150"	""		"151038.4524"	"170851.3105"	"2s2.2p5.(2P*<1/2>).3p"	"2[1/2]"	"1"	"2s2.2p5.(2P*<3/2>).6d"	"2[1/2]*"	"1"		""	"L3469"	
"504.8015"	"0.0020"	"504.80010"	"0.00013"	"30"	""		"151038.4524"	"170848.274"	"2s2.2p5.(2P*<1/2>).3p"	"2[1/2]"	"1"	"2s2.2p5.(2P*<3/2>).6d"	"2[1/2]*"	"0"		""	"L3469"	
"505.43532"	"0.00030"	"505.43503"	"0.00004"	"250"	""		"150772.1118"	"170557.0484"	"2s2.2p5.(2P*<1/2>).3p"	"2[3/2]"	"1"	"2s2.2p5.(2P*<3/2>).7s"	"2[3/2]*"	"1"		""	"L4498"	
"506.0561"	"0.0020"	"506.05738"	"0.00004"	"20"	""		"150772.1118"	"170532.7169"	"2s2.2p5.(2P*<1/2>).3p"	"2[3/2]"	"1"	"2s2.2p5.(2P*<3/2>).7s"	"2[3/2]*"	"2"		""	"L3469"	
"507.54604"	"0.00030"	"507.54554"	"0.00004"	"30"	"6.0e+04"	C	"149824.2215"	"169526.8869"	"2s2.2p5.(2P*<3/2>).3p"	"2[5/2]"	"2"	"2s2.2p5.(2P*<3/2>).5d"	"2[5/2]*"	"3"		"T6976"	"L4498"	
"507.56152"	"0.00004"	"507.56141"	"0.00004"	"350"	"1.42e+06"	C+	"149824.2215"	"169526.2708"	"2s2.2p5.(2P*<3/2>).3p"	"2[5/2]"	"2"	"2s2.2p5.(2P*<3/2>).5d"	"2[5/2]*"	"2"		"T6976"	"L3451"	
"507.80122"	"0.00030"	"507.80049"	"0.00004"	"350"	"2.86e+05"	C	"149824.2215"	"169516.9948"	"2s2.2p5.(2P*<3/2>).3p"	"2[5/2]"	"2"	"2s2.2p5.(2P*<3/2>).5d"	"2[3/2]*"	"1"		"T6976"	"L4498"	
"508.01850"	"0.00030"	"508.01802"	"0.00004"	"150"	"8.6e+04"	C	"149824.2215"	"169508.5627"	"2s2.2p5.(2P*<3/2>).3p"	"2[5/2]"	"2"	"2s2.2p5.(2P*<3/2>).5d"	"2[3/2]*"	"2"		"T6976"	"L4498"	
"508.1799"	"0.0001"	"508.17997"	"0.00004"	"1500"	"3.39e+06"	C+	"149824.2215"	"169502.2893"	"2s2.2p5.(2P*<3/2>).3p"	"2[5/2]"	"2"	"2s2.2p5.(2P*<3/2>).5d"	"2[7/2]*"	"3"		"T6976"	"L7292"	
"508.2776"	"0.0020"	"508.27965"	"0.00004"	"150"	""		"150858.5079"	"170532.7169"	"2s2.2p5.(2P*<1/2>).3p"	"2[3/2]"	"2"	"2s2.2p5.(2P*<3/2>).7s"	"2[3/2]*"	"2"		""	"L3469"	
"508.53944"	"0.00030"	"508.53842"	"0.00004"	"250"	"1.25e+05"	C	"149824.2215"	"169488.4193"	"2s2.2p5.(2P*<3/2>).3p"	"2[5/2]"	"2"	"2s2.2p5.(2P*<3/2>).5d"	"2[1/2]*"	"1"		"T6976"	"L4498"	
"509.1740"	"0.0020"	"509.17488"	"0.00004"	"80"	""		"150917.4307"	"170557.0484"	"2s2.2p5.(2P*<3/2>).3p"	"2[1/2]"	"0"	"2s2.2p5.(2P*<3/2>).7s"	"2[3/2]*"	"1"		""	"L3469"	
"510.04733"	"0.00030"	"510.04693"	"0.00004"	"250"	""		"150121.5922"	"169727.6312"	"2s2.2p5.(2P*<3/2>).3p"	"2[3/2]"	"1"	"2s2.2p5.(2P*<1/2>).6s"	"2[1/2]*"	"1"		""	"L4498"	
"510.61237"	"0.00004"	"510.61217"	"0.00004"	"350"	""		"150121.5922"	"169705.9275"	"2s2.2p5.(2P*<3/2>).3p"	"2[3/2]"	"1"	"2s2.2p5.(2P*<1/2>).6s"	"2[1/2]*"	"0"		""	"L3451"	
"511.50974"	"0.00004"	"511.50960"	"0.00004"	"750"	"8.67e+05"	C+	"148257.7898"	"167807.7649"	"2s2.2p5.(2P*<3/2>).3p"	"2[1/2]"	"1"	"2s2.2p5.(2P*<1/2>).4d"	"2[3/2]*"	"1"		"T6976"	"L3451"	
"511.79290"	"0.00004"	"511.79279"	"0.00004"	"1500"	"2.59e+06"	C+	"148257.7898"	"167796.9475"	"2s2.2p5.(2P*<3/2>).3p"	"2[1/2]"	"1"	"2s2.2p5.(2P*<1/2>).4d"	"2[3/2]*"	"2"		"T6976"	"L3451"	
"511.84505"	"0.00030"	"511.84457"	"0.00004"	"350"	"9.6e+04"	C	"148257.7898"	"167794.9709"	"2s2.2p5.(2P*<3/2>).3p"	"2[1/2]"	"1"	"2s2.2p5.(2P*<1/2>).4d"	"2[5/2]*"	"2"		"T6976"	"L4498"	
"512.19327"	"0.00030"	"512.19280"	"0.00004"	"250"	"3.47e+05"	C	"150772.1118"	"170296.0099"	"2s2.2p5.(2P*<1/2>).3p"	"2[3/2]"	"1"	"2s2.2p5.(2P*<1/2>).5d"	"2[3/2]*"	"1"		"T6976"	"L4498"	
"512.3293"	"0.0020"	"512.33193"	"0.00004"	"20"	""		"151038.4524"	"170557.0484"	"2s2.2p5.(2P*<1/2>).3p"	"2[1/2]"	"1"	"2s2.2p5.(2P*<3/2>).7s"	"2[3/2]*"	"1"		""	"L3469"	
"512.36838"	"0.00004"	"512.36825"	"0.00004"	"1500"	"1.96e+06"	C+	"150772.1118"	"170289.3243"	"2s2.2p5.(2P*<1/2>).3p"	"2[3/2]"	"1"	"2s2.2p5.(2P*<1/2>).5d"	"2[5/2]*"	"2"		"T6976"	"L3451"	
"512.37886"	"0.00030"	"512.37830"	"0.00004"	"1500"	"6.30e+05"	C+	"150772.1118"	"170288.9415"	"2s2.2p5.(2P*<1/2>).3p"	"2[3/2]"	"1"	"2s2.2p5.(2P*<1/2>).5d"	"2[3/2]*"	"2"		"T6976"	"L4498"	
"512.9709"	"0.0020"	"512.97139"	"0.00004"	"20"	""		"151038.4524"	"170532.7169"	"2s2.2p5.(2P*<1/2>).3p"	"2[1/2]"	"1"	"2s2.2p5.(2P*<3/2>).7s"	"2[3/2]*"	"2"		""	"L3469"	
"514.4698"	"0.0020"	"514.46940"	"0.00004"	"50"	""		"150858.5079"	"170296.0099"	"2s2.2p5.(2P*<1/2>).3p"	"2[3/2]"	"2"	"2s2.2p5.(2P*<1/2>).5d"	"2[3/2]*"	"1"		""	"L3469"	
"514.63717"	"0.00004"	"514.63704"	"0.00004"	"5000"	"3.29e+06"	C+	"150858.5079"	"170289.6782"	"2s2.2p5.(2P*<1/2>).3p"	"2[3/2]"	"2"	"2s2.2p5.(2P*<1/2>).5d"	"2[5/2]*"	"3"		"T6976"	"L3451"	
"514.6444"	"0.0020"	"514.64641"	"0.00004"	"5000"	""		"150858.5079"	"170289.3243"	"2s2.2p5.(2P*<1/2>).3p"	"2[3/2]"	"2"	"2s2.2p5.(2P*<1/2>).5d"	"2[5/2]*"	"2"		""	"L3469"	
"514.65685"	"0.00030"	"514.65655"	"0.00004"	"350"	"7.81e+05"	C+	"150858.5079"	"170288.9415"	"2s2.2p5.(2P*<1/2>).3p"	"2[3/2]"	"2"	"2s2.2p5.(2P*<1/2>).5d"	"2[3/2]*"	"2"		"T6976"	"L4498"	
"515.15189"	"0.00030"	"515.15137"	"0.00004"	"350"	""		"150315.8612"	"169727.6312"	"2s2.2p5.(2P*<3/2>).3p"	"2[3/2]"	"2"	"2s2.2p5.(2P*<1/2>).6s"	"2[1/2]*"	"1"		""	"L4498"	
"515.33962"	"0.00004"	"515.33964"	"0.00004"	"750"	"1.71e+06"	C+	"150121.5922"	"169526.2708"	"2s2.2p5.(2P*<3/2>).3p"	"2[3/2]"	"1"	"2s2.2p5.(2P*<3/2>).5d"	"2[5/2]*"	"2"		"T6976"	"L3451"	
"515.58630"	"0.00004"	"515.58610"	"0.00004"	"500"	"1.29e+06"	C+	"150121.5922"	"169516.9948"	"2s2.2p5.(2P*<3/2>).3p"	"2[3/2]"	"1"	"2s2.2p5.(2P*<3/2>).5d"	"2[3/2]*"	"1"		"T6976"	"L3451"	
"515.81037"	"0.00004"	"515.81035"	"0.00004"	"500"	"1.51e+05"	C	"150121.5922"	"169508.5627"	"2s2.2p5.(2P*<3/2>).3p"	"2[3/2]"	"1"	"2s2.2p5.(2P*<3/2>).5d"	"2[3/2]*"	"2"		"T6976"	"L3451"	
"516.03388"	"0.00004"	"516.03370"	"0.00004"	"500"	"1.12e+06"	C+	"150917.4307"	"170296.0099"	"2s2.2p5.(2P*<3/2>).3p"	"2[1/2]"	"0"	"2s2.2p5.(2P*<1/2>).5d"	"2[3/2]*"	"1"		"T6976"	"L3451"	
"516.49230"	"0.00030"	"516.49174"	"0.00004"	"100"	"4.08e+05"	C	"150121.5922"	"169482.9862"	"2s2.2p5.(2P*<3/2>).3p"	"2[3/2]"	"1"	"2s2.2p5.(2P*<3/2>).5d"	"2[1/2]*"	"0"		"T6976"	"L4498"	
"518.3763"	"0.0020"	"518.37622"	"0.00011"	"20"	""		"152970.7328"	"172261.741"	"2s2.2p5.(2P*<1/2>).3p"	"2[1/2]"	"0"	"2s2.2p5.(2P*<1/2>).8s"	"2[1/2]*"	"1"		""	"L3469"	
"519.00572"	"0.00004"	"519.00571"	"0.00004"	"1500"	""		"149657.0392"	"168924.6500"	"2s2.2p5.(2P*<3/2>).3p"	"2[5/2]"	"3"	"2s2.2p5.(2P*<3/2>).6s"	"2[3/2]*"	"2"		""	"L3451"	
"519.27680"	"0.00004"	"519.27665"	"0.00004"	"350"	"8.66e+05"	C+	"151038.4524"	"170296.0099"	"2s2.2p5.(2P*<1/2>).3p"	"2[1/2]"	"1"	"2s2.2p5.(2P*<1/2>).5d"	"2[3/2]*"	"1"		"T6976"	"L3451"	
"519.45713"	"0.00030"	"519.45699"	"0.00004"	"1500"	"9.15e+05"	C+	"151038.4524"	"170289.3243"	"2s2.2p5.(2P*<1/2>).3p"	"2[1/2]"	"1"	"2s2.2p5.(2P*<1/2>).5d"	"2[5/2]*"	"2"		"T6976"	"L4498"	
"519.4670"	"0.0001"	"519.46732"	"0.00004"	"1500"	"1.58e+06"	C+	"151038.4524"	"170288.9415"	"2s2.2p5.(2P*<1/2>).3p"	"2[1/2]"	"1"	"2s2.2p5.(2P*<1/2>).5d"	"2[3/2]*"	"2"		"T6976"	"L7292"	
"520.53452"	"0.00004"	"520.53441"	"0.00004"	"1500"	"2.31e+06"	C+	"150315.8612"	"169526.8869"	"2s2.2p5.(2P*<3/2>).3p"	"2[3/2]"	"2"	"2s2.2p5.(2P*<3/2>).5d"	"2[5/2]*"	"3"		"T6976"	"L3451"	
"520.8015"	"0.0020"	"520.80258"	"0.00004"	"30"	""		"150315.8612"	"169516.9948"	"2s2.2p5.(2P*<3/2>).3p"	"2[3/2]"	"2"	"2s2.2p5.(2P*<3/2>).5d"	"2[3/2]*"	"1"		""	"L3469"	
"521.03152"	"0.00004"	"521.03139"	"0.00004"	"700"	"1.43e+06"	C+	"150315.8612"	"169508.5627"	"2s2.2p5.(2P*<3/2>).3p"	"2[3/2]"	"2"	"2s2.2p5.(2P*<3/2>).5d"	"2[3/2]*"	"2"		"T6976"	"L3451"	
"521.20180"	"0.00004"	"521.20176"	"0.00004"	"500"	"4.38e+05"	C+	"150315.8612"	"169502.2893"	"2s2.2p5.(2P*<3/2>).3p"	"2[3/2]"	"2"	"2s2.2p5.(2P*<3/2>).5d"	"2[7/2]*"	"3"		"T6976"	"L3451"	
"521.57907"	"0.00004"	"521.57881"	"0.00004"	"350"	"4.39e+05"	C	"150315.8612"	"169488.4193"	"2s2.2p5.(2P*<3/2>).3p"	"2[3/2]"	"2"	"2s2.2p5.(2P*<3/2>).5d"	"2[1/2]*"	"1"		"T6976"	"L3451"	
"522.38056"	"0.00004"	"522.38058"	"0.00004"	"500"	""		"149824.2215"	"168967.3526"	"2s2.2p5.(2P*<3/2>).3p"	"2[5/2]"	"2"	"2s2.2p5.(2P*<3/2>).6s"	"2[3/2]*"	"1"		""	"L3451"	
"523.54842"	"0.00004"	"523.54846"	"0.00004"	"500"	""		"149824.2215"	"168924.6500"	"2s2.2p5.(2P*<3/2>).3p"	"2[5/2]"	"2"	"2s2.2p5.(2P*<3/2>).6s"	"2[3/2]*"	"2"		""	"L3451"	
"527.55070"	"0.00004"	"527.55083"	"0.00004"	"400"	""		"150772.1118"	"169727.6312"	"2s2.2p5.(2P*<1/2>).3p"	"2[3/2]"	"1"	"2s2.2p5.(2P*<1/2>).6s"	"2[1/2]*"	"1"		""	"L3451"	
"528.15546"	"0.00004"	"528.15556"	"0.00004"	"500"	""		"150772.1118"	"169705.9275"	"2s2.2p5.(2P*<1/2>).3p"	"2[3/2]"	"1"	"2s2.2p5.(2P*<1/2>).6s"	"2[1/2]*"	"0"		""	"L3451"	
"529.96633"	"0.00004"	"529.96633"	"0.00004"	"1500"	""		"150858.5079"	"169727.6312"	"2s2.2p5.(2P*<1/2>).3p"	"2[3/2]"	"2"	"2s2.2p5.(2P*<1/2>).6s"	"2[1/2]*"	"1"		""	"L3451"	
"530.62339"	"0.00004"	"530.62332"	"0.00004"	"700"	""		"150121.5922"	"168967.3526"	"2s2.2p5.(2P*<3/2>).3p"	"2[3/2]"	"1"	"2s2.2p5.(2P*<3/2>).6s"	"2[3/2]*"	"1"		""	"L3451"	
"531.62637"	"0.00030"	"531.62644"	"0.00004"	"300"	""		"150917.4307"	"169727.6312"	"2s2.2p5.(2P*<3/2>).3p"	"2[1/2]"	"0"	"2s2.2p5.(2P*<1/2>).6s"	"2[1/2]*"	"1"		""	"L4498"	
"531.82837"	"0.00030"	"531.82839"	"0.00004"	"250"	""		"150121.5922"	"168924.6500"	"2s2.2p5.(2P*<3/2>).3p"	"2[3/2]"	"1"	"2s2.2p5.(2P*<3/2>).6s"	"2[3/2]*"	"2"		""	"L4498"	
"532.2030"	"0.0020"	"532.20312"	"0.00004"	"20"	""		"148257.7898"	"167047.6082"	"2s2.2p5.(2P*<3/2>).3p"	"2[1/2]"	"1"	"2s2.2p5.(2P*<3/2>).4d"	"2[5/2]*"	"2"		""	"L3469"	
"532.7878"	"0.0001"	"532.78769"	"0.00004"	"750"	"5.49e+05"	C+	"148257.7898"	"167026.9923"	"2s2.2p5.(2P*<3/2>).3p"	"2[1/2]"	"1"	"2s2.2p5.(2P*<3/2>).4d"	"2[3/2]*"	"1"		"T6976"	"L7292"	
"533.21548"	"0.00030"	"533.21506"	"0.00004"	"5"	"6.94e+05"	C+	"150772.1118"	"169526.2708"	"2s2.2p5.(2P*<1/2>).3p"	"2[3/2]"	"1"	"2s2.2p5.(2P*<3/2>).5d"	"2[5/2]*"	"2"		"T6976"	"L4498"	
"533.22603"	"0.00004"	"533.22599"	"0.00004"	"6000"	"5.30e+06"	C+	"148257.7898"	"167011.5643"	"2s2.2p5.(2P*<3/2>).3p"	"2[1/2]"	"1"	"2s2.2p5.(2P*<3/2>).4d"	"2[3/2]*"	"2"		"T6976"	"L3451"	
"533.47918"	"0.00030"	"533.47892"	"0.00004"	"500"	"4.70e+05"	C+	"150772.1118"	"169516.9948"	"2s2.2p5.(2P*<1/2>).3p"	"2[3/2]"	"1"	"2s2.2p5.(2P*<3/2>).5d"	"2[3/2]*"	"1"		"T6976"	"L4498"	
"533.7194"	"0.0020"	"533.71901"	"0.00004"	"100"	"5.2e+04"	C	"150772.1118"	"169508.5627"	"2s2.2p5.(2P*<1/2>).3p"	"2[3/2]"	"1"	"2s2.2p5.(2P*<3/2>).5d"	"2[3/2]*"	"2"		"T6976"	"L3469"	
"534.25794"	"0.00004"	"534.25788"	"0.00004"	"10000"	"7.74e+06"	C+	"148257.7898"	"166975.3424"	"2s2.2p5.(2P*<3/2>).3p"	"2[1/2]"	"1"	"2s2.2p5.(2P*<3/2>).4d"	"2[1/2]*"	"1"		"T6976"	"L3451"	
"534.4186"	"0.0020"	"534.4112"	"0.0003"	"10"	""		"152970.7328"	"171682.914"	"2s2.2p5.(2P*<1/2>).3p"	"2[1/2]"	"0"	"2s2.2p5.(2P*<3/2>).7d"	"2[3/2]*"	"1"		""	"L3469"	
"534.44909"	"0.00030"	"534.44857"	"0.00004"	"100"	""		"150772.1118"	"169482.9862"	"2s2.2p5.(2P*<1/2>).3p"	"2[3/2]"	"1"	"2s2.2p5.(2P*<3/2>).5d"	"2[1/2]*"	"0"		""	"L4498"	
"534.47696"	"0.00004"	"534.47682"	"0.00004"	"6000"	"9.76e+06"	C+	"148257.7898"	"166967.6752"	"2s2.2p5.(2P*<3/2>).3p"	"2[1/2]"	"1"	"2s2.2p5.(2P*<3/2>).4d"	"2[1/2]*"	"0"		"T6976"	"L3451"	
"535.06916"	"0.00004"	"535.06899"	"0.00004"	"1500"	""		"151038.4524"	"169727.6312"	"2s2.2p5.(2P*<1/2>).3p"	"2[1/2]"	"1"	"2s2.2p5.(2P*<1/2>).6s"	"2[1/2]*"	"1"		""	"L3451"	
"535.5002"	"0.0020"	"535.49963"	"0.00009"	"50"	""		"152970.7328"	"171644.882"	"2s2.2p5.(2P*<1/2>).3p"	"2[1/2]"	"0"	"2s2.2p5.(2P*<1/2>).6d"	"2[3/2]*"	"1"		""	"L3469"	
"535.66534"	"0.00030"	"535.66515"	"0.00004"	"1500"	"3.35e+05"	C+	"150858.5079"	"169526.8869"	"2s2.2p5.(2P*<1/2>).3p"	"2[3/2]"	"2"	"2s2.2p5.(2P*<3/2>).5d"	"2[5/2]*"	"3"		"T6976"	"L4498"	
"535.68288"	"0.00030"	"535.68283"	"0.00004"	"50"	"1.18e+05"	C	"150858.5079"	"169526.2708"	"2s2.2p5.(2P*<1/2>).3p"	"2[3/2]"	"2"	"2s2.2p5.(2P*<3/2>).5d"	"2[5/2]*"	"2"		"T6976"	"L4498"	
"535.69130"	"0.00030"	"535.69109"	"0.00004"	"1500"	""		"151038.4524"	"169705.9275"	"2s2.2p5.(2P*<1/2>).3p"	"2[1/2]"	"1"	"2s2.2p5.(2P*<1/2>).6s"	"2[1/2]*"	"0"		""	"L4498"	
"535.9510"	"0.0020"	"535.94914"	"0.00004"	"100"	""		"150858.5079"	"169516.9948"	"2s2.2p5.(2P*<1/2>).3p"	"2[3/2]"	"2"	"2s2.2p5.(2P*<3/2>).5d"	"2[3/2]*"	"1"		""	"L3469"	
"536.15027"	"0.00004"	"536.15015"	"0.00004"	"1500"	""		"150315.8612"	"168967.3526"	"2s2.2p5.(2P*<3/2>).3p"	"2[3/2]"	"2"	"2s2.2p5.(2P*<3/2>).6s"	"2[3/2]*"	"1"		""	"L3451"	
"536.19179"	"0.00030"	"536.19145"	"0.00004"	"350"	"1.89e+05"	C	"150858.5079"	"169508.5627"	"2s2.2p5.(2P*<1/2>).3p"	"2[3/2]"	"2"	"2s2.2p5.(2P*<3/2>).5d"	"2[3/2]*"	"2"		"T6976"	"L4498"	
"536.37246"	"0.00030"	"536.37188"	"0.00004"	"250"	"6.9e+04"	C	"150858.5079"	"169502.2893"	"2s2.2p5.(2P*<1/2>).3p"	"2[3/2]"	"2"	"2s2.2p5.(2P*<3/2>).5d"	"2[7/2]*"	"3"		"T6976"	"L4498"	
"536.77092"	"0.00030"	"536.77121"	"0.00004"	"250"	"8.7e+04"	C	"150858.5079"	"169488.4193"	"2s2.2p5.(2P*<1/2>).3p"	"2[3/2]"	"2"	"2s2.2p5.(2P*<3/2>).5d"	"2[1/2]*"	"1"		"T6976"	"L4498"	
"537.38049"	"0.00004"	"537.38049"	"0.00004"	"750"	""		"150315.8612"	"168924.6500"	"2s2.2p5.(2P*<3/2>).3p"	"2[3/2]"	"2"	"2s2.2p5.(2P*<3/2>).6s"	"2[3/2]*"	"2"		""	"L3451"	
"537.6470"	"0.0001"	"537.64701"	"0.00004"	"500"	"6.44e+05"	C+	"150917.4307"	"169516.9948"	"2s2.2p5.(2P*<3/2>).3p"	"2[1/2]"	"0"	"2s2.2p5.(2P*<3/2>).5d"	"2[3/2]*"	"1"		"T6976"	"L7292"	
"538.47425"	"0.00030"	"538.47430"	"0.00004"	"250"	"1.80e+05"	C	"150917.4307"	"169488.4193"	"2s2.2p5.(2P*<3/2>).3p"	"2[1/2]"	"0"	"2s2.2p5.(2P*<3/2>).5d"	"2[1/2]*"	"1"		"T6976"	"L4498"	
"540.20631"	"0.00004"	"540.20632"	"0.00004"	"20000"	"9.00e+05"	B+	"134459.2871"	"152970.7328"	"2s2.2p5.(2P*<3/2>).3s"	"2[3/2]*"	"1"	"2s2.2p5.(2P*<1/2>).3p"	"2[1/2]"	"0"		"T2733"	"L3451"	
"541.162"	"0.002"	"541.16823"	"0.00004"	"50"	""		"151038.4524"	"169516.9948"	"2s2.2p5.(2P*<1/2>).3p"	"2[1/2]"	"1"	"2s2.2p5.(2P*<3/2>).5d"	"2[3/2]*"	"1"		""	"L3469"	
"541.41537"	"0.00004"	"541.41528"	"0.00004"	"2500"	"3.01e+05"	C+	"151038.4524"	"169508.5627"	"2s2.2p5.(2P*<1/2>).3p"	"2[1/2]"	"1"	"2s2.2p5.(2P*<3/2>).5d"	"2[3/2]*"	"2"		"T6976"	"L3451"	
"542.00647"	"0.00004"	"542.00639"	"0.00004"	"1500"	"3.78e+05"	C	"151038.4524"	"169488.4193"	"2s2.2p5.(2P*<1/2>).3p"	"2[1/2]"	"1"	"2s2.2p5.(2P*<3/2>).5d"	"2[1/2]*"	"1"		"T6976"	"L3451"	
"542.1662"	"0.0020"	"542.16605"	"0.00004"	"500"	"4.33e+05"	C	"151038.4524"	"169482.9862"	"2s2.2p5.(2P*<1/2>).3p"	"2[1/2]"	"1"	"2s2.2p5.(2P*<3/2>).5d"	"2[1/2]*"	"0"		"T6976"	"L3469"	
"543.51616"	"0.00004"	"543.51602"	"0.00004"	"2500"	"2.83e+05"	B+	"148257.7898"	"166656.5114"	"2s2.2p5.(2P*<3/2>).3p"	"2[1/2]"	"1"	"2s2.2p5.(2P*<1/2>).5s"	"2[1/2]*"	"1"		"T2318"	"L3451"	
"544.8634"	"0.0020"	"544.86180"	"0.00004"	"80"	""		"152970.7328"	"171324.0107"	"2s2.2p5.(2P*<1/2>).3p"	"2[1/2]"	"0"	"2s2.2p5.(2P*<1/2>).7s"	"2[1/2]*"	"1"		""	"L3469"	
"545.00234"	"0.00004"	"545.00228"	"0.00004"	"1500"	"4.65e+05"	B+	"148257.7898"	"166606.3370"	"2s2.2p5.(2P*<3/2>).3p"	"2[1/2]"	"1"	"2s2.2p5.(2P*<1/2>).5s"	"2[1/2]*"	"0"		"T2734"	"L3451"	
"549.59423"	"0.00004"	"549.59427"	"0.00004"	"500"	""		"150772.1118"	"168967.3526"	"2s2.2p5.(2P*<1/2>).3p"	"2[3/2]"	"1"	"2s2.2p5.(2P*<3/2>).6s"	"2[3/2]*"	"1"		""	"L3451"	
"550.88742"	"0.00030"	"550.88715"	"0.00004"	"250"	""		"150772.1118"	"168924.6500"	"2s2.2p5.(2P*<1/2>).3p"	"2[3/2]"	"1"	"2s2.2p5.(2P*<3/2>).6s"	"2[3/2]*"	"2"		""	"L4498"	
"551.2707"	"0.0020"	"551.27070"	"0.00004"	"30"	""		"149657.0392"	"167796.9475"	"2s2.2p5.(2P*<3/2>).3p"	"2[5/2]"	"3"	"2s2.2p5.(2P*<1/2>).4d"	"2[3/2]*"	"2"		""	"L3469"	
"551.3016"	"0.0020"	"551.30264"	"0.00004"	"150"	""		"149657.0392"	"167795.8966"	"2s2.2p5.(2P*<3/2>).3p"	"2[5/2]"	"3"	"2s2.2p5.(2P*<1/2>).4d"	"2[5/2]*"	"3"		""	"L3469"	
"552.216"	"0.002"	"552.21634"	"0.00004"	"30"	""		"150858.5079"	"168967.3526"	"2s2.2p5.(2P*<1/2>).3p"	"2[3/2]"	"2"	"2s2.2p5.(2P*<3/2>).6s"	"2[3/2]*"	"1"		""	"L7441"	
"553.52158"	"0.00004"	"553.52161"	"0.00004"	"750"	""		"150858.5079"	"168924.6500"	"2s2.2p5.(2P*<1/2>).3p"	"2[3/2]"	"2"	"2s2.2p5.(2P*<3/2>).6s"	"2[3/2]*"	"2"		""	"L3451"	
"554.01893"	"0.00004"	"554.01902"	"0.00004"	"500"	""		"150917.4307"	"168967.3526"	"2s2.2p5.(2P*<3/2>).3p"	"2[1/2]"	"0"	"2s2.2p5.(2P*<3/2>).6s"	"2[3/2]*"	"1"		""	"L3451"	
"556.06416"	"0.00030"	"556.06394"	"0.00004"	"350"	""		"149824.2215"	"167807.7649"	"2s2.2p5.(2P*<3/2>).3p"	"2[5/2]"	"2"	"2s2.2p5.(2P*<1/2>).4d"	"2[3/2]*"	"1"		""	"L4498"	
"556.39863"	"0.00030"	"556.39862"	"0.00004"	"1500"	"1.43e+05"	C	"149824.2215"	"167796.9475"	"2s2.2p5.(2P*<3/2>).3p"	"2[5/2]"	"2"	"2s2.2p5.(2P*<1/2>).4d"	"2[3/2]*"	"2"		"T6976"	"L4498"	
"556.43110"	"0.00004"	"556.43116"	"0.00004"	"5000"	"9.88e+05"	C+	"149824.2215"	"167795.8966"	"2s2.2p5.(2P*<3/2>).3p"	"2[5/2]"	"2"	"2s2.2p5.(2P*<1/2>).4d"	"2[5/2]*"	"3"		"T6976"	"L3451"	
"556.45980"	"0.00030"	"556.45982"	"0.00004"	"750"	"1.02e+05"	C	"149824.2215"	"167794.9709"	"2s2.2p5.(2P*<3/2>).3p"	"2[5/2]"	"2"	"2s2.2p5.(2P*<1/2>).4d"	"2[5/2]*"	"2"		"T6976"	"L4498"	
"557.75877"	"0.00030"	"557.75870"	"0.00004"	"350"	""		"151038.4524"	"168967.3526"	"2s2.2p5.(2P*<1/2>).3p"	"2[1/2]"	"1"	"2s2.2p5.(2P*<3/2>).6s"	"2[3/2]*"	"1"		""	"L4498"	
"558.7456"	"0.0020"	"558.74693"	"0.00007"	"50"	""		"152970.7328"	"170867.923"	"2s2.2p5.(2P*<1/2>).3p"	"2[1/2]"	"0"	"2s2.2p5.(2P*<3/2>).6d"	"2[3/2]*"	"1"		""	"L3469"	
"559.08991"	"0.00030"	"559.09032"	"0.00004"	"500"	""		"151038.4524"	"168924.6500"	"2s2.2p5.(2P*<1/2>).3p"	"2[1/2]"	"1"	"2s2.2p5.(2P*<3/2>).6s"	"2[3/2]*"	"2"		""	"L4498"	
"559.270"	"0.002"	"559.26605"	"0.00005"	"80"	""		"152970.7328"	"170851.3105"	"2s2.2p5.(2P*<1/2>).3p"	"2[1/2]"	"0"	"2s2.2p5.(2P*<3/2>).6d"	"2[1/2]*"	"1"		""	"L7441"	
"565.41352"	"0.00004"	"565.41345"	"0.00005"	"750"	"7.37e+05"	C+	"150121.5922"	"167807.7649"	"2s2.2p5.(2P*<3/2>).3p"	"2[3/2]"	"1"	"2s2.2p5.(2P*<1/2>).4d"	"2[3/2]*"	"1"		"T6976"	"L3451"	
"565.75955"	"0.00030"	"565.75949"	"0.00005"	"750"	"3.66e+05"	C+	"150121.5922"	"167796.9475"	"2s2.2p5.(2P*<3/2>).3p"	"2[3/2]"	"1"	"2s2.2p5.(2P*<1/2>).4d"	"2[3/2]*"	"2"		"T6976"	"L4498"	
"565.82287"	"0.00004"	"565.82276"	"0.00005"	"5000"	"2.95e+06"	C+	"150121.5922"	"167794.9709"	"2s2.2p5.(2P*<3/2>).3p"	"2[3/2]"	"1"	"2s2.2p5.(2P*<1/2>).4d"	"2[5/2]*"	"2"		"T6976"	"L3451"	
"566.41204"	"0.00004"	"566.41190"	"0.00005"	"750"	"5.31e+05"	B+	"148257.7898"	"165912.7861"	"2s2.2p5.(2P*<3/2>).3p"	"2[1/2]"	"1"	"2s2.2p5.(2P*<3/2>).5s"	"2[3/2]*"	"1"		"T2734"	"L3451"	
"568.6224"	"0.0020"	"568.62394"	"0.00005"	"250"	""		"152970.7328"	"170557.0484"	"2s2.2p5.(2P*<1/2>).3p"	"2[1/2]"	"0"	"2s2.2p5.(2P*<3/2>).7s"	"2[3/2]*"	"1"		""	"L3469"	
"569.13950"	"0.00004"	"569.13943"	"0.00005"	"1500"	"1.41e+06"	B+	"148257.7898"	"165828.1766"	"2s2.2p5.(2P*<3/2>).3p"	"2[1/2]"	"1"	"2s2.2p5.(2P*<3/2>).5s"	"2[3/2]*"	"2"		"T2734"	"L3451"	
"571.69265"	"0.00030"	"571.69306"	"0.00005"	"350"	""		"150315.8612"	"167807.7649"	"2s2.2p5.(2P*<3/2>).3p"	"2[3/2]"	"2"	"2s2.2p5.(2P*<1/2>).4d"	"2[3/2]*"	"1"		""	"L4498"	
"572.04663"	"0.00030"	"572.04683"	"0.00005"	"1500"	"2.54e+05"	C+	"150315.8612"	"167796.9475"	"2s2.2p5.(2P*<3/2>).3p"	"2[3/2]"	"2"	"2s2.2p5.(2P*<1/2>).4d"	"2[3/2]*"	"2"		"T6976"	"L4498"	
"572.08114"	"0.00004"	"572.08122"	"0.00005"	"5000"	"9.84e+05"	C+	"150315.8612"	"167795.8966"	"2s2.2p5.(2P*<3/2>).3p"	"2[3/2]"	"2"	"2s2.2p5.(2P*<1/2>).4d"	"2[5/2]*"	"3"		"T6976"	"L3451"	
"572.11167"	"0.00030"	"572.11152"	"0.00005"	"750"	"1.96e+05"	C	"150315.8612"	"167794.9709"	"2s2.2p5.(2P*<3/2>).3p"	"2[3/2]"	"2"	"2s2.2p5.(2P*<1/2>).4d"	"2[5/2]*"	"2"		"T6976"	"L4498"	
"574.98929"	"0.00004"	"574.98923"	"0.00005"	"5000"	"3.34e+06"	C+	"149657.0392"	"167048.6694"	"2s2.2p5.(2P*<3/2>).3p"	"2[5/2]"	"3"	"2s2.2p5.(2P*<3/2>).4d"	"2[5/2]*"	"3"		"T6976"	"L3451"	
"575.02391"	"0.00030"	"575.02431"	"0.00005"	"700"	"2.53e+05"	C+	"149657.0392"	"167047.6082"	"2s2.2p5.(2P*<3/2>).3p"	"2[5/2]"	"3"	"2s2.2p5.(2P*<3/2>).4d"	"2[5/2]*"	"2"		"T6976"	"L4498"	
"576.21862"	"0.00004"	"576.21859"	"0.00005"	"700"	"5.06e+05"	C+	"149657.0392"	"167011.5643"	"2s2.2p5.(2P*<3/2>).3p"	"2[5/2]"	"3"	"2s2.2p5.(2P*<3/2>).4d"	"2[3/2]*"	"2"		"T6976"	"L3451"	
"576.56511"	"0.00030"	"576.56516"	"0.00005"	"30"	"5.50e+05"	C+	"149657.0392"	"167001.1327"	"2s2.2p5.(2P*<3/2>).3p"	"2[5/2]"	"3"	"2s2.2p5.(2P*<3/2>).4d"	"2[7/2]*"	"3"		"T6976"	"L4498"	
"576.60175"	"0.00004"	"576.60176"	"0.00005"	"7000"	"1.12e+07"	B	"149657.0392"	"167000.0317"	"2s2.2p5.(2P*<3/2>).3p"	"2[5/2]"	"3"	"2s2.2p5.(2P*<3/2>).4d"	"2[7/2]*"	"4"		"T6976"	"L3451"	
"577.19070"	"0.00030"	"577.19135"	"0.00005"	"500"	"4.04e+05"	C+	"152970.7328"	"170296.0099"	"2s2.2p5.(2P*<1/2>).3p"	"2[1/2]"	"0"	"2s2.2p5.(2P*<1/2>).5d"	"2[3/2]*"	"1"		"T6976"	"L4498"	
"580.56993"	"0.00030"	"580.57013"	"0.00005"	"750"	"1.88e+05"	C+	"149824.2215"	"167048.6694"	"2s2.2p5.(2P*<3/2>).3p"	"2[5/2]"	"2"	"2s2.2p5.(2P*<3/2>).4d"	"2[5/2]*"	"3"		"T6976"	"L4498"	
"580.60590"	"0.00004"	"580.60590"	"0.00005"	"5000"	"3.60e+06"	C+	"149824.2215"	"167047.6082"	"2s2.2p5.(2P*<3/2>).3p"	"2[5/2]"	"2"	"2s2.2p5.(2P*<3/2>).4d"	"2[5/2]*"	"2"		"T6976"	"L3451"	
"581.30179"	"0.00004"	"581.30171"	"0.00005"	"3000"	"7.37e+05"	C+	"149824.2215"	"167026.9923"	"2s2.2p5.(2P*<3/2>).3p"	"2[5/2]"	"2"	"2s2.2p5.(2P*<3/2>).4d"	"2[3/2]*"	"1"		"T6976"	"L3451"	
"581.82346"	"0.00030"	"581.82350"	"0.00005"	"500"	"1.73e+05"	C	"149824.2215"	"167011.5643"	"2s2.2p5.(2P*<3/2>).3p"	"2[5/2]"	"2"	"2s2.2p5.(2P*<3/2>).4d"	"2[3/2]*"	"2"		"T6976"	"L4498"	
"582.17694"	"0.00004"	"582.17685"	"0.00005"	"5000"	"8.60e+06"	C+	"149824.2215"	"167001.1327"	"2s2.2p5.(2P*<3/2>).3p"	"2[5/2]"	"2"	"2s2.2p5.(2P*<3/2>).4d"	"2[7/2]*"	"3"		"T6976"	"L3451"	
"583.05223"	"0.00030"	"583.05227"	"0.00005"	"750"	"2.87e+05"	C	"149824.2215"	"166975.3424"	"2s2.2p5.(2P*<3/2>).3p"	"2[5/2]"	"2"	"2s2.2p5.(2P*<3/2>).4d"	"2[1/2]*"	"1"		"T6976"	"L4498"	
"585.41101"	"0.00005"	"585.41101"	"0.00005"	"20000"	"6.15e+07"	AA	"135888.7173"	"152970.7328"	"2s2.2p5.(2P*<1/2>).3s"	"2[1/2]*"	"1"	"2s2.2p5.(2P*<1/2>).3p"	"2[1/2]"	"0"		"T6389"	"L7292"	
"587.00430"	"0.00030"	"587.00420"	"0.00005"	"750"	"8.26e+05"	C+	"150772.1118"	"167807.7649"	"2s2.2p5.(2P*<1/2>).3p"	"2[3/2]"	"1"	"2s2.2p5.(2P*<1/2>).4d"	"2[3/2]*"	"1"		"T6976"	"L4498"	
"587.37725"	"0.00030"	"587.37718"	"0.00005"	"750"	"6.69e+05"	C+	"150772.1118"	"167796.9475"	"2s2.2p5.(2P*<1/2>).3p"	"2[3/2]"	"1"	"2s2.2p5.(2P*<1/2>).4d"	"2[3/2]*"	"2"		"T6976"	"L4498"	
"587.44552"	"0.00004"	"587.44538"	"0.00005"	"5000"	"6.07e+06"	C+	"150772.1118"	"167794.9709"	"2s2.2p5.(2P*<1/2>).3p"	"2[3/2]"	"1"	"2s2.2p5.(2P*<1/2>).4d"	"2[5/2]*"	"2"		"T6976"	"L3451"	
"588.35252"	"0.00005"	"588.35254"	"0.00005"	"10000"	"1.15e+07"	B+	"134041.8400"	"151038.4524"	"2s2.2p5.(2P*<3/2>).3s"	"2[3/2]*"	"2"	"2s2.2p5.(2P*<1/2>).3p"	"2[1/2]"	"1"		"T2733"	"L7292"	
"589.99633"	"0.00030"	"589.99636"	"0.00005"	"200"	"2.01e+05"	C	"150858.5079"	"167807.7649"	"2s2.2p5.(2P*<1/2>).3p"	"2[3/2]"	"2"	"2s2.2p5.(2P*<1/2>).4d"	"2[3/2]*"	"1"		"T6976"	"L4498"	
"590.37300"	"0.00030"	"590.37315"	"0.00005"	"30"	"7.35e+05"	C+	"150858.5079"	"167796.9475"	"2s2.2p5.(2P*<1/2>).3p"	"2[3/2]"	"2"	"2s2.2p5.(2P*<1/2>).4d"	"2[3/2]*"	"2"		"T6976"	"L4498"	
"590.40980"	"0.00004"	"590.40978"	"0.00005"	"500"	"8.56e+06"	C+	"150858.5079"	"167795.8966"	"2s2.2p5.(2P*<1/2>).3p"	"2[3/2]"	"2"	"2s2.2p5.(2P*<1/2>).4d"	"2[5/2]*"	"3"		"T6976"	"L3451"	
"590.44192"	"0.00004"	"590.44205"	"0.00005"	"50"	"1.25e+06"	C+	"150858.5079"	"167794.9709"	"2s2.2p5.(2P*<1/2>).3p"	"2[3/2]"	"2"	"2s2.2p5.(2P*<1/2>).4d"	"2[5/2]*"	"2"		"T6976"	"L3451"	
"590.80661"	"0.00004"	"590.80648"	"0.00005"	"500"	"4.51e+06"	C+	"150121.5922"	"167047.6082"	"2s2.2p5.(2P*<3/2>).3p"	"2[3/2]"	"1"	"2s2.2p5.(2P*<3/2>).4d"	"2[5/2]*"	"2"		"T6976"	"L3451"	
"591.5272"	"0.0001"	"591.52696"	"0.00005"	"2500"	"3.19e+06"	C+	"150121.5922"	"167026.9923"	"2s2.2p5.(2P*<3/2>).3p"	"2[3/2]"	"1"	"2s2.2p5.(2P*<3/2>).4d"	"2[3/2]*"	"1"		"T6976"	"L7292"	
"592.05469"	"0.00004"	"592.05460"	"0.00005"	"2500"	"2.97e+06"	C+	"150917.4307"	"167807.7649"	"2s2.2p5.(2P*<3/2>).3p"	"2[1/2]"	"0"	"2s2.2p5.(2P*<1/2>).4d"	"2[3/2]*"	"1"		"T6976"	"L3451"	
"592.06691"	"0.00040"	"592.06729"	"0.00005"	"80"	"4.15e+05"	C+	"150121.5922"	"167011.5643"	"2s2.2p5.(2P*<3/2>).3p"	"2[3/2]"	"1"	"2s2.2p5.(2P*<3/2>).4d"	"2[3/2]*"	"2"		"T6976"	"L4498"	
"593.60964"	"0.00040"	"593.60980"	"0.00005"	"750"	"1.08e+06"	C+	"150121.5922"	"166967.6752"	"2s2.2p5.(2P*<3/2>).3p"	"2[3/2]"	"1"	"2s2.2p5.(2P*<3/2>).4d"	"2[1/2]*"	"0"		"T6976"	"L4498"	
"594.09609"	"0.00040"	"594.09623"	"0.00005"	"500"	"2.00e+05"	B+	"149824.2215"	"166656.5114"	"2s2.2p5.(2P*<3/2>).3p"	"2[5/2]"	"2"	"2s2.2p5.(2P*<1/2>).5s"	"2[1/2]*"	"1"		"T2318"	"L4498"	
"594.64810"	"0.00005"	"594.64812"	"0.00005"	"5000"	"1.13e+07"	B+	"134041.8400"	"150858.5079"	"2s2.2p5.(2P*<3/2>).3s"	"2[3/2]*"	"2"	"2s2.2p5.(2P*<1/2>).3p"	"2[3/2]"	"2"		"T2733"	"L7292"	
"596.32743"	"0.00004"	"596.32737"	"0.00005"	"700"	"2.28e+06"	C+	"151038.4524"	"167807.7649"	"2s2.2p5.(2P*<1/2>).3p"	"2[1/2]"	"1"	"2s2.2p5.(2P*<1/2>).4d"	"2[3/2]*"	"1"		"T6976"	"L3451"	
"596.71235"	"0.00004"	"596.71229"	"0.00005"	"5000"	"6.41e+06"	C+	"151038.4524"	"167796.9475"	"2s2.2p5.(2P*<1/2>).3p"	"2[1/2]"	"1"	"2s2.2p5.(2P*<1/2>).4d"	"2[3/2]*"	"2"		"T6976"	"L3451"	
"596.78317"	"0.00040"	"596.78268"	"0.00005"	"350"	"2.42e+05"	C+	"151038.4524"	"167794.9709"	"2s2.2p5.(2P*<1/2>).3p"	"2[1/2]"	"1"	"2s2.2p5.(2P*<1/2>).4d"	"2[5/2]*"	"2"		"T6976"	"L4498"	
"597.62823"	"0.00004"	"597.62832"	"0.00005"	"5000"	"6.06e+06"	C+	"150315.8612"	"167048.6694"	"2s2.2p5.(2P*<3/2>).3p"	"2[3/2]"	"2"	"2s2.2p5.(2P*<3/2>).4d"	"2[5/2]*"	"3"		"T6976"	"L3451"	
"597.71895"	"0.00005"	"597.71892"	"0.00005"	"6000"	"3.51e+06"	B+	"134041.8400"	"150772.1118"	"2s2.2p5.(2P*<3/2>).3s"	"2[3/2]*"	"2"	"2s2.2p5.(2P*<1/2>).3p"	"2[3/2]"	"1"		"T2733"	"L7292"	
"598.40324"	"0.00040"	"598.40354"	"0.00005"	"80"	"9.9e+04"	C	"150315.8612"	"167026.9923"	"2s2.2p5.(2P*<3/2>).3p"	"2[3/2]"	"2"	"2s2.2p5.(2P*<3/2>).4d"	"2[3/2]*"	"1"		"T6976"	"L4498"	
"598.95660"	"0.00004"	"598.95651"	"0.00005"	"1500"	"3.63e+06"	C+	"150315.8612"	"167011.5643"	"2s2.2p5.(2P*<3/2>).3p"	"2[3/2]"	"2"	"2s2.2p5.(2P*<3/2>).4d"	"2[3/2]*"	"2"		"T6976"	"L3451"	
"599.33073"	"0.00040"	"599.33097"	"0.00005"	"750"	"1.18e+06"	C+	"150315.8612"	"167001.1327"	"2s2.2p5.(2P*<3/2>).3p"	"2[3/2]"	"2"	"2s2.2p5.(2P*<3/2>).4d"	"2[7/2]*"	"3"		"T6976"	"L4498"	
"600.25895"	"0.00004"	"600.25879"	"0.00005"	"1000"	"1.14e+06"	C+	"150315.8612"	"166975.3424"	"2s2.2p5.(2P*<3/2>).3p"	"2[3/2]"	"2"	"2s2.2p5.(2P*<3/2>).4d"	"2[1/2]*"	"1"		"T6976"	"L3451"	
"603.16666"	"0.00005"	"603.16667"	"0.00005"	"10000"	"5.61e+06"	B+	"134459.2871"	"151038.4524"	"2s2.2p5.(2P*<3/2>).3s"	"2[3/2]*"	"1"	"2s2.2p5.(2P*<1/2>).3p"	"2[1/2]"	"1"		"T2733"	"L7292"	
"604.3686"	"0.0020"	"604.36611"	"0.00005"	"150"	"1.56e+05"	C	"152970.7328"	"169516.9948"	"2s2.2p5.(2P*<1/2>).3p"	"2[1/2]"	"0"	"2s2.2p5.(2P*<3/2>).5d"	"2[3/2]*"	"1"		"T6976"	"L3469"	
"604.78090"	"0.00004"	"604.78070"	"0.00005"	"500"	"2.26e+05"	B+	"150121.5922"	"166656.5114"	"2s2.2p5.(2P*<3/2>).3p"	"2[3/2]"	"1"	"2s2.2p5.(2P*<1/2>).5s"	"2[1/2]*"	"1"		"T2318"	"L3451"	
"606.62150"	"0.00004"	"606.62146"	"0.00005"	"500"	"1.64e+06"	B+	"150121.5922"	"166606.3370"	"2s2.2p5.(2P*<3/2>).3p"	"2[3/2]"	"1"	"2s2.2p5.(2P*<1/2>).5s"	"2[1/2]*"	"0"		"T2734"	"L3451"	
"607.60193"	"0.00005"	"607.60194"	"0.00005"	"10000"	"6.03e+07"	B+	"134459.2871"	"150917.4307"	"2s2.2p5.(2P*<3/2>).3s"	"2[3/2]*"	"1"	"2s2.2p5.(2P*<3/2>).3p"	"2[1/2]"	"0"		"T2733"	"L7292"	
"609.78506"	"0.00005"	"609.78507"	"0.00005"	"3000"	"1.81e+07"	B+	"134459.2871"	"150858.5079"	"2s2.2p5.(2P*<3/2>).3s"	"2[3/2]*"	"1"	"2s2.2p5.(2P*<1/2>).3p"	"2[3/2]"	"2"		"T2733"	"L7292"	
"611.97121"	"0.00040"	"611.97075"	"0.00005"	"150"	"6.09e+05"	B+	"150315.8612"	"166656.5114"	"2s2.2p5.(2P*<3/2>).3p"	"2[3/2]"	"2"	"2s2.2p5.(2P*<1/2>).5s"	"2[1/2]*"	"1"		"T2318"	"L4498"	
"613.01460"	"0.00004"	"613.01462"	"0.00005"	"1000"	"6.70e+05"	B+	"134459.2871"	"150772.1118"	"2s2.2p5.(2P*<3/2>).3s"	"2[3/2]*"	"1"	"2s2.2p5.(2P*<1/2>).3p"	"2[3/2]"	"1"		"T2733"	"L3451"	
"614.4208"	"0.0020"	"614.42058"	"0.00005"	"1000"	"1.64e+06"	C+	"150772.1118"	"167047.6082"	"2s2.2p5.(2P*<1/2>).3p"	"2[3/2]"	"1"	"2s2.2p5.(2P*<3/2>).4d"	"2[5/2]*"	"2"		"T6976"	"L3469"	
"614.47629"	"0.00005"	"614.47628"	"0.00005"	"10000"	"2.82e+07"	B+	"134041.8400"	"150315.8612"	"2s2.2p5.(2P*<3/2>).3s"	"2[3/2]*"	"2"	"2s2.2p5.(2P*<3/2>).3p"	"2[3/2]"	"2"		"T2733"	"L7292"	
"615.20006"	"0.00040"	"615.19985"	"0.00005"	"1000"	"1.33e+06"	C+	"150772.1118"	"167026.9923"	"2s2.2p5.(2P*<1/2>).3p"	"2[3/2]"	"1"	"2s2.2p5.(2P*<3/2>).4d"	"2[3/2]*"	"1"		"T6976"	"L4498"	
"615.78417"	"0.00040"	"615.78431"	"0.00005"	"500"	"1.72e+05"	C	"150772.1118"	"167011.5643"	"2s2.2p5.(2P*<1/2>).3p"	"2[3/2]"	"1"	"2s2.2p5.(2P*<3/2>).4d"	"2[3/2]*"	"2"		"T6976"	"L4498"	
"616.52994"	"0.00005"	"616.52996"	"0.00005"	"10000"	"1.46e+07"	B+	"134818.6405"	"151038.4524"	"2s2.2p5.(2P*<1/2>).3s"	"2[1/2]*"	"0"	"2s2.2p5.(2P*<1/2>).3p"	"2[1/2]"	"1"		"T2733"	"L7292"	
"617.45237"	"0.00040"	"617.45305"	"0.00005"	"150"	"4.27e+05"	C	"150772.1118"	"166967.6752"	"2s2.2p5.(2P*<1/2>).3p"	"2[3/2]"	"1"	"2s2.2p5.(2P*<3/2>).4d"	"2[1/2]*"	"0"		"T6976"	"L4498"	
"617.65916"	"0.00004"	"617.65906"	"0.00005"	"700"	"7.52e+05"	C+	"150858.5079"	"167048.6694"	"2s2.2p5.(2P*<1/2>).3p"	"2[3/2]"	"2"	"2s2.2p5.(2P*<3/2>).4d"	"2[5/2]*"	"3"		"T6976"	"L3451"	
"617.69930"	"0.00040"	"617.69955"	"0.00005"	"500"	"3.00e+05"	C+	"150858.5079"	"167047.6082"	"2s2.2p5.(2P*<1/2>).3p"	"2[3/2]"	"2"	"2s2.2p5.(2P*<3/2>).4d"	"2[5/2]*"	"2"		"T6976"	"L4498"	
"618.38566"	"0.00004"	"618.38569"	"0.00005"	"1500"	"3.72e+06"	B+	"149657.0392"	"165828.1766"	"2s2.2p5.(2P*<3/2>).3p"	"2[5/2]"	"3"	"2s2.2p5.(2P*<3/2>).5s"	"2[3/2]*"	"2"		"T2734"	"L3451"	
"618.48684"	"0.00040"	"618.48716"	"0.00005"	"50"	"1.18e+05"	C	"150858.5079"	"167026.9923"	"2s2.2p5.(2P*<1/2>).3p"	"2[3/2]"	"2"	"2s2.2p5.(2P*<3/2>).4d"	"2[3/2]*"	"1"		"T6976"	"L4498"	
"619.07774"	"0.00004"	"619.07789"	"0.00005"	"700"	"5.88e+05"	C+	"150858.5079"	"167011.5643"	"2s2.2p5.(2P*<1/2>).3p"	"2[3/2]"	"2"	"2s2.2p5.(2P*<3/2>).4d"	"2[3/2]*"	"2"		"T6976"	"L3451"	
"619.47799"	"0.00004"	"619.47794"	"0.00005"	"500"	"1.80e+05"	C+	"150858.5079"	"167001.1327"	"2s2.2p5.(2P*<1/2>).3p"	"2[3/2]"	"2"	"2s2.2p5.(2P*<3/2>).4d"	"2[7/2]*"	"3"		"T6976"	"L3451"	
"620.46902"	"0.00040"	"620.46924"	"0.00005"	"150"	"2.44e+05"	C	"150858.5079"	"166975.3424"	"2s2.2p5.(2P*<1/2>).3p"	"2[3/2]"	"2"	"2s2.2p5.(2P*<3/2>).4d"	"2[1/2]*"	"1"		"T6976"	"L4498"	
"620.74945"	"0.00004"	"620.74936"	"0.00005"	"1000"	"1.52e+06"	C+	"150917.4307"	"167026.9923"	"2s2.2p5.(2P*<3/2>).3p"	"2[1/2]"	"0"	"2s2.2p5.(2P*<3/2>).4d"	"2[3/2]*"	"1"		"T6976"	"L3451"	
"621.55950"	"0.00004"	"621.55949"	"0.00005"	"1500"	"2.85e+06"	B+	"149824.2215"	"165912.7861"	"2s2.2p5.(2P*<3/2>).3p"	"2[5/2]"	"2"	"2s2.2p5.(2P*<3/2>).5s"	"2[3/2]*"	"1"		"T2734"	"L3451"	
"621.90013"	"0.00005"	"621.90013"	"0.00005"	"10000"	"6.37e+06"	B+	"134041.8400"	"150121.5922"	"2s2.2p5.(2P*<3/2>).3s"	"2[3/2]*"	"2"	"2s2.2p5.(2P*<3/2>).3p"	"2[3/2]"	"1"		"T2733"	"L7292"	
"622.74573"	"0.00040"	"622.74598"	"0.00005"	"500"	"6.19e+05"	C+	"150917.4307"	"166975.3424"	"2s2.2p5.(2P*<3/2>).3p"	"2[1/2]"	"0"	"2s2.2p5.(2P*<3/2>).4d"	"2[1/2]*"	"1"		"T6976"	"L4498"	
"624.84574"	"0.00004"	"624.84554"	"0.00006"	"1000"	"7.97e+05"	B+	"149824.2215"	"165828.1766"	"2s2.2p5.(2P*<3/2>).3p"	"2[5/2]"	"2"	"2s2.2p5.(2P*<3/2>).5s"	"2[3/2]*"	"2"		"T2734"	"L3451"	
"625.1322"	"0.0020"	"625.13207"	"0.00006"	"50"	""		"152970.7328"	"168967.3526"	"2s2.2p5.(2P*<1/2>).3p"	"2[1/2]"	"0"	"2s2.2p5.(2P*<3/2>).6s"	"2[3/2]*"	"1"		""	"L3469"	
"625.4462"	"0.0020"	"625.44798"	"0.00006"	"20"	""		"151038.4524"	"167026.9923"	"2s2.2p5.(2P*<1/2>).3p"	"2[1/2]"	"1"	"2s2.2p5.(2P*<3/2>).4d"	"2[3/2]*"	"1"		""	"L3469"	
"626.05196"	"0.00040"	"626.05208"	"0.00006"	"1000"	"6.06e+05"	C+	"151038.4524"	"167011.5643"	"2s2.2p5.(2P*<1/2>).3p"	"2[1/2]"	"1"	"2s2.2p5.(2P*<3/2>).4d"	"2[3/2]*"	"2"		"T6976"	"L4498"	
"626.82285"	"0.00005"	"626.82283"	"0.00006"	"10000"	"2.49e+07"	B+	"134818.6405"	"150772.1118"	"2s2.2p5.(2P*<1/2>).3s"	"2[1/2]*"	"0"	"2s2.2p5.(2P*<1/2>).3p"	"2[3/2]"	"1"		"T2733"	"L7292"	
"627.47491"	"0.00040"	"627.47500"	"0.00006"	"700"	"9.94e+05"	C+	"151038.4524"	"166975.3424"	"2s2.2p5.(2P*<1/2>).3p"	"2[1/2]"	"1"	"2s2.2p5.(2P*<3/2>).4d"	"2[1/2]*"	"1"		"T6976"	"L4498"	
"627.77685"	"0.00040"	"627.77702"	"0.00006"	"500"	"1.25e+06"	C+	"151038.4524"	"166967.6752"	"2s2.2p5.(2P*<1/2>).3p"	"2[1/2]"	"1"	"2s2.2p5.(2P*<3/2>).4d"	"2[1/2]*"	"0"		"T6976"	"L4498"	
"629.54853"	"0.00004"	"629.54850"	"0.00006"	"1000"	"6.39e+05"	B+	"150772.1118"	"166656.5114"	"2s2.2p5.(2P*<1/2>).3p"	"2[3/2]"	"1"	"2s2.2p5.(2P*<1/2>).5s"	"2[1/2]*"	"1"		"T2318"	"L3451"	
"630.65329"	"0.00005"	"630.65325"	"0.00006"	"1000"	"4.16e+06"	B+	"134459.2871"	"150315.8612"	"2s2.2p5.(2P*<3/2>).3s"	"2[3/2]*"	"1"	"2s2.2p5.(2P*<3/2>).3p"	"2[3/2]"	"2"		"T2733"	"L7292"	
"631.54314"	"0.00040"	"631.54337"	"0.00006"	"1500"	"3.40e+06"	B+	"150772.1118"	"166606.3370"	"2s2.2p5.(2P*<1/2>).3p"	"2[3/2]"	"1"	"2s2.2p5.(2P*<1/2>).5s"	"2[1/2]*"	"0"		"T2734"	"L4498"	
"632.99144"	"0.00004"	"632.99138"	"0.00006"	"3000"	"3.39e+06"	B+	"150858.5079"	"166656.5114"	"2s2.2p5.(2P*<1/2>).3p"	"2[3/2]"	"2"	"2s2.2p5.(2P*<1/2>).5s"	"2[1/2]*"	"1"		"T2318"	"L3451"	
"633.26400"	"0.00040"	"633.26434"	"0.00006"	"1500"	"1.46e+06"	B+	"150121.5922"	"165912.7861"	"2s2.2p5.(2P*<3/2>).3p"	"2[3/2]"	"1"	"2s2.2p5.(2P*<3/2>).5s"	"2[3/2]*"	"1"		"T2734"	"L4498"	
"633.61791"	"0.00005"	"633.61794"	"0.00006"	"10000"	"1.61e+07"	B+	"134041.8400"	"149824.2215"	"2s2.2p5.(2P*<3/2>).3s"	"2[3/2]*"	"2"	"2s2.2p5.(2P*<3/2>).3p"	"2[5/2]"	"2"		"T2733"	"L7292"	
"635.36094"	"0.00040"	"635.36112"	"0.00006"	"1000"	"3.45e+05"	B+	"150917.4307"	"166656.5114"	"2s2.2p5.(2P*<3/2>).3p"	"2[1/2]"	"0"	"2s2.2p5.(2P*<1/2>).5s"	"2[1/2]*"	"1"		"T2318"	"L4498"	
"636.67560"	"0.00040"	"636.67566"	"0.00006"	"1000"	"1.60e+05"	B+	"150121.5922"	"165828.1766"	"2s2.2p5.(2P*<3/2>).3p"	"2[3/2]"	"1"	"2s2.2p5.(2P*<3/2>).5s"	"2[3/2]*"	"2"		"T2734"	"L4498"	
"638.47560"	"0.00005"	"638.47562"	"0.00006"	"10000"	"3.21e+07"	B+	"134459.2871"	"150121.5922"	"2s2.2p5.(2P*<3/2>).3s"	"2[3/2]*"	"1"	"2s2.2p5.(2P*<3/2>).3p"	"2[3/2]"	"1"		"T2733"	"L7292"	
"640.2845"	"0.0020"	"640.28443"	"0.00006"	"1000"	"1.39e+06"	B+	"151038.4524"	"166656.5114"	"2s2.2p5.(2P*<1/2>).3p"	"2[1/2]"	"1"	"2s2.2p5.(2P*<1/2>).5s"	"2[1/2]*"	"1"		"T2318"	"L3469"	
"640.4018"	"0.0001"	"640.40169"	"0.00006"	"20000"	"5.149e+07"	AAA	"134041.8400"	"149657.0392"	"2s2.2p5.(2P*<3/2>).3s"	"2[3/2]*"	"2"	"2s2.2p5.(2P*<3/2>).3p"	"2[5/2]"	"3"		"T4273"	"L7292"	
"641.15186"	"0.00040"	"641.15203"	"0.00006"	"1500"	"1.41e+06"	B+	"150315.8612"	"165912.7861"	"2s2.2p5.(2P*<3/2>).3p"	"2[3/2]"	"2"	"2s2.2p5.(2P*<3/2>).5s"	"2[3/2]*"	"1"		"T2734"	"L4498"	
"642.34794"	"0.00040"	"642.34803"	"0.00006"	"1000"	"2.10e+06"	B+	"151038.4524"	"166606.3370"	"2s2.2p5.(2P*<1/2>).3p"	"2[1/2]"	"1"	"2s2.2p5.(2P*<1/2>).5s"	"2[1/2]*"	"0"		"T2734"	"L4498"	
"644.64929"	"0.00004"	"644.64909"	"0.00006"	"1500"	"1.16e+06"	B+	"150315.8612"	"165828.1766"	"2s2.2p5.(2P*<3/2>).3p"	"2[3/2]"	"2"	"2s2.2p5.(2P*<3/2>).5s"	"2[3/2]*"	"2"		"T2734"	"L3451"	
"650.83255"	"0.00005"	"650.83259"	"0.00006"	"15000"	"3.00e+07"	B+	"134459.2871"	"149824.2215"	"2s2.2p5.(2P*<3/2>).3s"	"2[3/2]*"	"1"	"2s2.2p5.(2P*<3/2>).3p"	"2[5/2]"	"2"		"T2733"	"L7292"	
"653.46872"	"0.00005"	"653.46870"	"0.00006"	"1000"	"1.08e+07"	B+	"134818.6405"	"150121.5922"	"2s2.2p5.(2P*<1/2>).3s"	"2[1/2]*"	"0"	"2s2.2p5.(2P*<3/2>).3p"	"2[3/2]"	"1"		"T2733"	"L7292"	
"660.07754"	"0.00005"	"660.07755"	"0.00006"	"10000"	"2.32e+07"	B+	"135888.7173"	"151038.4524"	"2s2.2p5.(2P*<1/2>).3s"	"2[1/2]*"	"1"	"2s2.2p5.(2P*<1/2>).3p"	"2[1/2]"	"1"		"T2733"	"L7292"	
"660.47244"	"0.00040"	"660.47257"	"0.00006"	"1000"	"4.76e+05"	B+	"150772.1118"	"165912.7861"	"2s2.2p5.(2P*<1/2>).3p"	"2[3/2]"	"1"	"2s2.2p5.(2P*<3/2>).5s"	"2[3/2]*"	"1"		"T2734"	"L4498"	
"664.18431"	"0.00040"	"664.18418"	"0.00006"	"100"	"6.21e+04"	B+	"150772.1118"	"165828.1766"	"2s2.2p5.(2P*<1/2>).3p"	"2[3/2]"	"1"	"2s2.2p5.(2P*<3/2>).5s"	"2[3/2]*"	"2"		"T2734"	"L4498"	
"664.263"	"0.002"	"664.26300"	"0.00006"	"50"	"3.80e+03"	C	"150858.5079"	"165912.7861"	"2s2.2p5.(2P*<1/2>).3p"	"2[3/2]"	"2"	"2s2.2p5.(2P*<3/2>).5s"	"2[3/2]*"	"1"		"T2734"	"L7441"	
"665.39294"	"0.00004"	"665.39295"	"0.00006"	"1500"	"2.90e+05"	B	"135888.7173"	"150917.4307"	"2s2.2p5.(2P*<1/2>).3s"	"2[1/2]*"	"1"	"2s2.2p5.(2P*<3/2>).3p"	"2[1/2]"	"0"		"T2733"	"L3451"	
"666.8733"	"0.0007"	"666.87316"	"0.00006"	"1000"	"3.57e+05"	B+	"150917.4307"	"165912.7861"	"2s2.2p5.(2P*<3/2>).3p"	"2[1/2]"	"0"	"2s2.2p5.(2P*<3/2>).5s"	"2[3/2]*"	"1"		"T2734"	"L5951"	
"668.01205"	"0.00005"	"668.01202"	"0.00006"	"5000"	"2.33e+07"	B+	"135888.7173"	"150858.5079"	"2s2.2p5.(2P*<1/2>).3s"	"2[1/2]*"	"1"	"2s2.2p5.(2P*<1/2>).3p"	"2[3/2]"	"2"		"T2733"	"L7292"	
""	""	"668.01746"	"0.00006"	""	"3.41e+05"	B	"150858.5079"	"165828.1766"	"2s2.2p5.(2P*<1/2>).3p"	"2[3/2]"	"2"	"2s2.2p5.(2P*<3/2>).5s"	"2[3/2]*"	"2"		"T2734"	""	
"671.88974"	"0.00005"	"671.88974"	"0.00006"	"700"	"2.17e+07"	B+	"135888.7173"	"150772.1118"	"2s2.2p5.(2P*<1/2>).3s"	"2[1/2]*"	"1"	"2s2.2p5.(2P*<1/2>).3p"	"2[3/2]"	"1"		"T2733"	"L7292"	
"672.29897"	"0.00050"	"672.29902"	"0.00006"	"20"	"5.15e+04"	B+	"151038.4524"	"165912.7861"	"2s2.2p5.(2P*<1/2>).3p"	"2[1/2]"	"1"	"2s2.2p5.(2P*<3/2>).5s"	"2[3/2]*"	"1"		"T2734"	"L4498"	
"673.98920"	"0.00050"	"673.98924"	"0.00006"	"700"	"1.25e+06"	C+	"152970.7328"	"167807.7649"	"2s2.2p5.(2P*<1/2>).3p"	"2[1/2]"	"0"	"2s2.2p5.(2P*<1/2>).4d"	"2[3/2]*"	"1"		"T6976"	"L4498"	
"676.14479"	"0.00050"	"676.14513"	"0.00006"	"150"	"1.60e+05"	B+	"151038.4524"	"165828.1766"	"2s2.2p5.(2P*<1/2>).3p"	"2[1/2]"	"1"	"2s2.2p5.(2P*<3/2>).5s"	"2[3/2]*"	"2"		"T2734"	"L4498"	
"693.13787"	"0.00004"	"693.13788"	"0.00007"	"100000"	"1.74e+07"	B+	"135888.7173"	"150315.8612"	"2s2.2p5.(2P*<1/2>).3s"	"2[1/2]*"	"1"	"2s2.2p5.(2P*<3/2>).3p"	"2[3/2]"	"2"		"T2733"	"L3451"	
"702.59870"	"0.00004"	"702.59874"	"0.00007"	"34000"	"1.89e+06"	B+	"135888.7173"	"150121.5922"	"2s2.2p5.(2P*<1/2>).3s"	"2[1/2]*"	"1"	"2s2.2p5.(2P*<3/2>).3p"	"2[3/2]"	"1"		"T2733"	"L3451"	
"703.43520"	"0.00004"	"703.43524"	"0.00007"	"85000"	"2.66e+07"	B+	"134041.8400"	"148257.7898"	"2s2.2p5.(2P*<3/2>).3s"	"2[3/2]*"	"2"	"2s2.2p5.(2P*<3/2>).3p"	"2[1/2]"	"1"		"T4701"	"L3451"	
"705.32365"	"0.00008"	"705.32366"	"0.00007"	"2200"	"2.38e+06"	C+	"148257.7898"	"162435.6780"	"2s2.2p5.(2P*<3/2>).3p"	"2[1/2]"	"1"	"2s2.2p5.(2P*<1/2>).3d"	"2[3/2]*"	"1"		"T6976"	"L9097"	
"706.10543"	"0.00004"	"706.10538"	"0.00007"	"10000"	"7.46e+06"	B+	"148257.7898"	"162419.9818"	"2s2.2p5.(2P*<3/2>).3p"	"2[1/2]"	"1"	"2s2.2p5.(2P*<1/2>).3d"	"2[3/2]*"	"2"		"T8378"	"L3451"	
"706.6710"	"0.0003"	"706.67065"	"0.00007"	"80"	"3.40e+04"	C	"148257.7898"	"162408.6535"	"2s2.2p5.(2P*<3/2>).3p"	"2[1/2]"	"1"	"2s2.2p5.(2P*<1/2>).3d"	"2[5/2]*"	"2"		"T8378"	"L9097"	
"711.42683"	"0.00008"	"711.42682"	"0.00007"	"110"	"6.28e+05"	C+	"152970.7328"	"167026.9923"	"2s2.2p5.(2P*<1/2>).3p"	"2[1/2]"	"0"	"2s2.2p5.(2P*<3/2>).4d"	"2[3/2]*"	"1"		"T6976"	"L9097"	
"714.05078"	"0.00011"	"714.05061"	"0.00007"	"55"	"2.20e+05"	C+	"152970.7328"	"166975.3424"	"2s2.2p5.(2P*<1/2>).3p"	"2[1/2]"	"0"	"2s2.2p5.(2P*<3/2>).4d"	"2[1/2]*"	"1"		"T6976"	"L9097"	
"717.59154"	"0.00004"	"717.59155"	"0.00007"	"77000"	"2.87e+06"	B+	"135888.7173"	"149824.2215"	"2s2.2p5.(2P*<1/2>).3s"	"2[1/2]*"	"1"	"2s2.2p5.(2P*<3/2>).3p"	"2[5/2]"	"2"		"T2733"	"L3451"	
"724.71631"	"0.00004"	"724.71631"	"0.00007"	"77000"	"1.01e+07"	B+	"134459.2871"	"148257.7898"	"2s2.2p5.(2P*<3/2>).3s"	"2[3/2]*"	"1"	"2s2.2p5.(2P*<3/2>).3p"	"2[1/2]"	"1"		"T4701"	"L3451"	
"730.68549"	"0.00008"	"730.68550"	"0.00008"	"89"	"2.55e+05"	B+	"152970.7328"	"166656.5114"	"2s2.2p5.(2P*<1/2>).3p"	"2[1/2]"	"0"	"2s2.2p5.(2P*<1/2>).5s"	"2[1/2]*"	"1"		"T2318"	"L9097"	
""	""	"743.94403"	"0.00008"	""	"7.4e+04"	C	"148257.7898"	"161699.6613"	"2s2.2p5.(2P*<3/2>).3p"	"2[1/2]"	"1"	"2s2.2p5.(2P*<3/2>).3d"	"2[5/2]*"	"2"		"T2384n,T8378"	""	
"744.09469"	"0.00004"	"744.09472"	"0.00008"	"60000"	"2.47e+06"	B+	"134818.6405"	"148257.7898"	"2s2.2p5.(2P*<1/2>).3s"	"2[1/2]*"	"0"	"2s2.2p5.(2P*<3/2>).3p"	"2[1/2]"	"1"		"T4701"	"L3451"	
"747.44962"	"0.00004"	"747.44964"	"0.00008"	"3100"	"2.96e+06"	C+	"148257.7898"	"161636.6175"	"2s2.2p5.(2P*<3/2>).3p"	"2[1/2]"	"1"	"2s2.2p5.(2P*<3/2>).3d"	"2[3/2]*"	"1"		"T6976"	"L3451"	
"749.09335"	"0.00004"	"749.09335"	"0.00008"	"32000"	"2.31e+07"	B+	"148257.7898"	"161607.2609"	"2s2.2p5.(2P*<3/2>).3p"	"2[1/2]"	"1"	"2s2.2p5.(2P*<3/2>).3d"	"2[3/2]*"	"2"		"T6976"	"L3451"	
"753.78488"	"0.00004"	"753.78490"	"0.00008"	"28000"	"3.06e+07"	B+	"148257.7898"	"161524.1739"	"2s2.2p5.(2P*<3/2>).3p"	"2[1/2]"	"1"	"2s2.2p5.(2P*<3/2>).3d"	"2[1/2]*"	"1"		"T6976"	"L3451"	
"754.61211"	"0.00004"	"754.61215"	"0.00008"	"13000"	"3.87e+07"	B	"148257.7898"	"161509.6305"	"2s2.2p5.(2P*<3/2>).3p"	"2[1/2]"	"1"	"2s2.2p5.(2P*<3/2>).3d"	"2[1/2]*"	"0"		"T6976"	"L3451"	
"762.343"	"0.002"	"762.3428"	"0.0012"	"50"	""		"158795.9924"	"171913.45"	"2s2.2p5.(2P*<3/2>).4s"	"2[3/2]*"	"1"	"2s2.2p5.(2P*<1/2>).7p"	"2[1/2]"	"0"		""	"L7441"	
"772.67492"	"0.00009"	"772.67492"	"0.00008"	"60"	"1.58e+05"	B+	"152970.7328"	"165912.7861"	"2s2.2p5.(2P*<1/2>).3p"	"2[1/2]"	"0"	"2s2.2p5.(2P*<3/2>).5s"	"2[3/2]*"	"1"		"T2734"	"L9097"	
"783.51833"	"0.00009"	"783.51837"	"0.00009"	"56"	"3.68e+04"	C	"149657.0392"	"162419.9818"	"2s2.2p5.(2P*<3/2>).3p"	"2[5/2]"	"3"	"2s2.2p5.(2P*<1/2>).3d"	"2[3/2]*"	"2"		"T8378"	"L9097"	
"784.12088"	"0.00009"	"784.12096"	"0.00009"	"230"	"1.04e+05"	C+	"149657.0392"	"162410.1736"	"2s2.2p5.(2P*<3/2>).3p"	"2[5/2]"	"3"	"2s2.2p5.(2P*<1/2>).3d"	"2[5/2]*"	"3"		"T6976"	"L9097"	
"784.21425"	"0.00018"	"784.21443"	"0.00009"	"7"	"6.6e+03"	C	"149657.0392"	"162408.6535"	"2s2.2p5.(2P*<3/2>).3p"	"2[5/2]"	"3"	"2s2.2p5.(2P*<1/2>).3d"	"2[5/2]*"	"2"		"T8378"	"L9097"	
"792.92978"	"0.00004"	"792.92983"	"0.00009"	"300"	"3.48e+05"	C+	"149824.2215"	"162435.6780"	"2s2.2p5.(2P*<3/2>).3p"	"2[5/2]"	"2"	"2s2.2p5.(2P*<1/2>).3d"	"2[3/2]*"	"1"		"T6976"	"L3451"	
"793.91789"	"0.00009"	"793.91793"	"0.00009"	"1300"	"8.46e+05"	B	"149824.2215"	"162419.9818"	"2s2.2p5.(2P*<3/2>).3p"	"2[5/2]"	"2"	"2s2.2p5.(2P*<1/2>).3d"	"2[3/2]*"	"2"		"T8378"	"L9097"	
"794.53654"	"0.00004"	"794.53663"	"0.00009"	"7900"	"3.82e+06"	C+	"149824.2215"	"162410.1736"	"2s2.2p5.(2P*<3/2>).3p"	"2[5/2]"	"2"	"2s2.2p5.(2P*<1/2>).3d"	"2[5/2]*"	"3"		"T6976"	"L3451"	
"794.63256"	"0.00009"	"794.63261"	"0.00009"	"200"	"1.37e+05"	C+	"149824.2215"	"162408.6535"	"2s2.2p5.(2P*<3/2>).3p"	"2[5/2]"	"2"	"2s2.2p5.(2P*<1/2>).3d"	"2[5/2]*"	"2"		"T6976"	"L9097"	
"802.632"	"0.010"	"802.628"	"0.008"	"3"	""		"158601.1152"	"171060.19"	"2s2.2p5.(2P*<3/2>).4s"	"2[3/2]*"	"2"	"2s2.2p5.(2P*<3/2>).7p"	"2[3/2]"	"2"		""	"L6099"	
"804.400"	"0.010"	"804.3948"	"0.0009"	"3"	""		"158601.1152"	"171032.821"	"2s2.2p5.(2P*<3/2>).4s"	"2[3/2]*"	"2"	"2s2.2p5.(2P*<3/2>).7p"	"2[5/2]"	"3"		""	"L6099"	
"807.828"	"0.010"	"807.8308"	"0.0013"	"1"	""		"159534.6196"	"171913.45"	"2s2.2p5.(2P*<1/2>).4s"	"2[1/2]*"	"1"	"2s2.2p5.(2P*<1/2>).7p"	"2[1/2]"	"0"		""	"L6099"	
"808.46801"	"0.00004"	"808.46806"	"0.00009"	"5700"	"1.30e+05"	B	"135888.7173"	"148257.7898"	"2s2.2p5.(2P*<1/2>).3s"	"2[1/2]*"	"1"	"2s2.2p5.(2P*<3/2>).3p"	"2[1/2]"	"1"		"T4701"	"L3451"	
"809.531"	"0.010"	"809.5358"	"0.0008"	"3"	""		"158795.9924"	"171148.750"	"2s2.2p5.(2P*<3/2>).4s"	"2[3/2]*"	"1"	"2s2.2p5.(2P*<3/2>).7p"	"2[1/2]"	"0"		""	"L6099"	
"812.07818"	"0.00004"	"812.07815"	"0.00009"	"3800"	"3.88e+06"	C+	"150121.5922"	"162435.6780"	"2s2.2p5.(2P*<3/2>).3p"	"2[3/2]"	"1"	"2s2.2p5.(2P*<1/2>).3d"	"2[3/2]*"	"1"		"T6976"	"L3451"	
"813.11461"	"0.00009"	"813.11459"	"0.00009"	"1200"	"7.96e+05"	B	"150121.5922"	"162419.9818"	"2s2.2p5.(2P*<3/2>).3p"	"2[3/2]"	"1"	"2s2.2p5.(2P*<1/2>).3d"	"2[3/2]*"	"2"		"T8378"	"L9097"	
"813.86432"	"0.00004"	"813.86426"	"0.00009"	"17000"	"1.18e+07"	B+	"150121.5922"	"162408.6535"	"2s2.2p5.(2P*<3/2>).3p"	"2[3/2]"	"1"	"2s2.2p5.(2P*<1/2>).3d"	"2[5/2]*"	"2"		"T6976"	"L3451"	
"825.09500"	"0.00009"	"825.09498"	"0.00010"	"310"	"3.14e+05"	C+	"150315.8612"	"162435.6780"	"2s2.2p5.(2P*<3/2>).3p"	"2[3/2]"	"2"	"2s2.2p5.(2P*<1/2>).3d"	"2[3/2]*"	"1"		"T6976"	"L9097"	
"826.16498"	"0.00004"	"826.16493"	"0.00010"	"3300"	"2.04e+06"	B	"150315.8612"	"162419.9818"	"2s2.2p5.(2P*<3/2>).3p"	"2[3/2]"	"2"	"2s2.2p5.(2P*<1/2>).3d"	"2[3/2]*"	"2"		"T8378"	"L3451"	
"826.83491"	"0.00009"	"826.83493"	"0.00010"	"7200"	"3.33e+06"	C+	"150315.8612"	"162410.1736"	"2s2.2p5.(2P*<3/2>).3p"	"2[3/2]"	"2"	"2s2.2p5.(2P*<1/2>).3d"	"2[5/2]*"	"3"		"T6976"	"L9097"	
"826.93890"	"0.00004"	"826.93887"	"0.00010"	"990"	"6.16e+05"	C+	"150315.8612"	"162408.6535"	"2s2.2p5.(2P*<3/2>).3p"	"2[3/2]"	"2"	"2s2.2p5.(2P*<1/2>).3d"	"2[5/2]*"	"2"		"T6976"	"L3451"	
"830.26062"	"0.00004"	"830.26072"	"0.00010"	"29000"	"1.40e+07"	B+	"149657.0392"	"161701.4486"	"2s2.2p5.(2P*<3/2>).3p"	"2[5/2]"	"3"	"2s2.2p5.(2P*<3/2>).3d"	"2[5/2]*"	"3"		"T6976"	"L3451"	
"830.38387"	"0.00009"	"830.38394"	"0.00010"	"1900"	"1.01e+06"	C+	"149657.0392"	"161699.6613"	"2s2.2p5.(2P*<3/2>).3p"	"2[5/2]"	"3"	"2s2.2p5.(2P*<3/2>).3d"	"2[5/2]*"	"2"		"T6976"	"L9097"	
"836.80455"	"0.00004"	"836.80456"	"0.00010"	"4600"	"2.25e+06"	C+	"149657.0392"	"161607.2609"	"2s2.2p5.(2P*<3/2>).3p"	"2[5/2]"	"3"	"2s2.2p5.(2P*<3/2>).3d"	"2[3/2]*"	"2"		"T6976"	"L3451"	
"837.86610"	"0.00009"	"837.86613"	"0.00010"	"6600"	"2.46e+06"	C+	"149657.0392"	"161592.1200"	"2s2.2p5.(2P*<3/2>).3p"	"2[5/2]"	"3"	"2s2.2p5.(2P*<3/2>).3d"	"2[7/2]*"	"3"		"T6976"	"L9097"	
"837.99093"	"0.00010"	"837.99103"	"0.00010"	"76000"	"4.99e+07"	B+	"149657.0392"	"161590.3412"	"2s2.2p5.(2P*<3/2>).3p"	"2[5/2]"	"3"	"2s2.2p5.(2P*<3/2>).3d"	"2[7/2]*"	"4"		"T6976"	"L7292"	
"841.94727"	"0.00009"	"841.94736"	"0.00010"	"2700"	"1.07e+06"	C+	"149824.2215"	"161701.4486"	"2s2.2p5.(2P*<3/2>).3p"	"2[5/2]"	"2"	"2s2.2p5.(2P*<3/2>).3d"	"2[5/2]*"	"3"		"T6976"	"L9097"	
"842.07398"	"0.00004"	"842.07408"	"0.00010"	"26000"	"1.56e+07"	B+	"149824.2215"	"161699.6613"	"2s2.2p5.(2P*<3/2>).3p"	"2[5/2]"	"2"	"2s2.2p5.(2P*<3/2>).3d"	"2[5/2]*"	"2"		"T6976"	"L3451"	
"846.56824"	"0.00004"	"846.56830"	"0.00010"	"3700"	"3.20e+06"	C+	"149824.2215"	"161636.6175"	"2s2.2p5.(2P*<3/2>).3p"	"2[5/2]"	"2"	"2s2.2p5.(2P*<3/2>).3d"	"2[3/2]*"	"1"		"T6976"	"L3451"	
"848.67736"	"0.00004"	"848.67746"	"0.00010"	"1300"	"7.15e+05"	C+	"149824.2215"	"161607.2609"	"2s2.2p5.(2P*<3/2>).3p"	"2[5/2]"	"2"	"2s2.2p5.(2P*<3/2>).3d"	"2[3/2]*"	"2"		"T6976"	"L3451"	
"849.76932"	"0.00004"	"849.76940"	"0.00010"	"69000"	"3.93e+07"	B+	"149824.2215"	"161592.1200"	"2s2.2p5.(2P*<3/2>).3p"	"2[5/2]"	"2"	"2s2.2p5.(2P*<3/2>).3d"	"2[7/2]*"	"3"		"T6976"	"L3451"	
"854.70427"	"0.00004"	"854.70433"	"0.00010"	"1600"	"1.22e+06"	C+	"149824.2215"	"161524.1739"	"2s2.2p5.(2P*<3/2>).3p"	"2[5/2]"	"2"	"2s2.2p5.(2P*<3/2>).3d"	"2[1/2]*"	"1"		"T6976"	"L3451"	
"857.37082"	"0.00004"	"857.37071"	"0.00010"	"2900"	"3.15e+06"	C+	"150772.1118"	"162435.6780"	"2s2.2p5.(2P*<1/2>).3p"	"2[3/2]"	"1"	"2s2.2p5.(2P*<1/2>).3d"	"2[3/2]*"	"1"		"T6976"	"L3451"	
"858.52609"	"0.00009"	"858.52607"	"0.00010"	"1600"	"1.04e+06"	B	"150772.1118"	"162419.9818"	"2s2.2p5.(2P*<1/2>).3p"	"2[3/2]"	"1"	"2s2.2p5.(2P*<1/2>).3d"	"2[3/2]*"	"2"		"T8378"	"L9097"	
"859.36184"	"0.00004"	"859.36185"	"0.00010"	"41000"	"3.11e+07"	B+	"150772.1118"	"162408.6535"	"2s2.2p5.(2P*<1/2>).3p"	"2[3/2]"	"1"	"2s2.2p5.(2P*<1/2>).3d"	"2[5/2]*"	"2"		"T6976"	"L3451"	
"863.70190"	"0.00004"	"863.70188"	"0.00011"	"35000"	"2.27e+07"	B+	"150121.5922"	"161699.6613"	"2s2.2p5.(2P*<3/2>).3p"	"2[3/2]"	"1"	"2s2.2p5.(2P*<3/2>).3d"	"2[5/2]*"	"2"		"T6976"	"L3451"	
"863.76897"	"0.00010"	"863.76894"	"0.00011"	"740"	"7.90e+05"	C+	"150858.5079"	"162435.6780"	"2s2.2p5.(2P*<1/2>).3p"	"2[3/2]"	"2"	"2s2.2p5.(2P*<1/2>).3d"	"2[3/2]*"	"1"		"T6976"	"L9097"	
"864.94164"	"0.00009"	"864.94162"	"0.00011"	"6000"	"3.99e+06"	B+	"150858.5079"	"162419.9818"	"2s2.2p5.(2P*<1/2>).3p"	"2[3/2]"	"2"	"2s2.2p5.(2P*<1/2>).3d"	"2[3/2]*"	"2"		"T8378"	"L9097"	
"865.67599"	"0.00009"	"865.67602"	"0.00011"	"64000"	"4.06e+07"	B+	"150858.5079"	"162410.1736"	"2s2.2p5.(2P*<1/2>).3p"	"2[3/2]"	"2"	"2s2.2p5.(2P*<1/2>).3d"	"2[5/2]*"	"3"		"T6976"	"L9097"	
"865.78995"	"0.00009"	"865.78995"	"0.00011"	"7600"	"4.81e+06"	B	"150858.5079"	"162408.6535"	"2s2.2p5.(2P*<1/2>).3p"	"2[3/2]"	"2"	"2s2.2p5.(2P*<1/2>).3d"	"2[5/2]*"	"2"		"T6976"	"L9097"	
"868.18775"	"0.00010"	"868.18765"	"0.00011"	"13000"	"1.45e+07"	B+	"150917.4307"	"162435.6780"	"2s2.2p5.(2P*<3/2>).3p"	"2[1/2]"	"0"	"2s2.2p5.(2P*<1/2>).3d"	"2[3/2]*"	"1"		"T6976"	"L9097"	
"868.43062"	"0.00004"	"868.43057"	"0.00011"	"15000"	"1.34e+07"	B	"150121.5922"	"161636.6175"	"2s2.2p5.(2P*<3/2>).3p"	"2[3/2]"	"1"	"2s2.2p5.(2P*<3/2>).3d"	"2[3/2]*"	"1"		"T6976"	"L3451"	
"870.65028"	"0.00010"	"870.65022"	"0.00011"	"2900"	"1.57e+06"	C+	"150121.5922"	"161607.2609"	"2s2.2p5.(2P*<3/2>).3p"	"2[3/2]"	"1"	"2s2.2p5.(2P*<3/2>).3d"	"2[3/2]*"	"2"		"T6976"	"L9097"	
"876.9944"	"0.0004"	"876.99437"	"0.00011"	"160"	"1.02e+05"	C	"150121.5922"	"161524.1739"	"2s2.2p5.(2P*<3/2>).3p"	"2[3/2]"	"1"	"2s2.2p5.(2P*<3/2>).3d"	"2[1/2]*"	"1"		"T8378"	"L9097"	
"877.40664"	"0.00010"	"877.40652"	"0.00011"	"10000"	"1.10e+07"	B	"151038.4524"	"162435.6780"	"2s2.2p5.(2P*<1/2>).3p"	"2[1/2]"	"1"	"2s2.2p5.(2P*<1/2>).3d"	"2[3/2]*"	"1"		"T6976"	"L9097"	
"878.11430"	"0.00010"	"878.11436"	"0.00011"	"2100"	"5.38e+06"	C+	"150121.5922"	"161509.6305"	"2s2.2p5.(2P*<3/2>).3p"	"2[3/2]"	"1"	"2s2.2p5.(2P*<3/2>).3d"	"2[1/2]*"	"0"		"T6976"	"L9097"	
"878.30336"	"0.00004"	"878.30339"	"0.00011"	"57000"	"2.93e+07"	B+	"150315.8612"	"161701.4486"	"2s2.2p5.(2P*<3/2>).3p"	"2[3/2]"	"2"	"2s2.2p5.(2P*<3/2>).3d"	"2[5/2]*"	"3"		"T6976"	"L3451"	
"878.44132"	"0.00010"	"878.44129"	"0.00011"	"230"	"1.13e+05"	C+	"150315.8612"	"161699.6613"	"2s2.2p5.(2P*<3/2>).3p"	"2[3/2]"	"2"	"2s2.2p5.(2P*<3/2>).3d"	"2[5/2]*"	"2"		"T6976"	"L9097"	
"878.61660"	"0.00004"	"878.61654"	"0.00011"	"43000"	"3.23e+07"	B+	"151038.4524"	"162419.9818"	"2s2.2p5.(2P*<1/2>).3p"	"2[1/2]"	"1"	"2s2.2p5.(2P*<1/2>).3d"	"2[3/2]*"	"2"		"T6976"	"L3451"	
"879.49201"	"0.00010"	"879.49192"	"0.00011"	"260"	"1.44e+05"	C+	"151038.4524"	"162408.6535"	"2s2.2p5.(2P*<1/2>).3p"	"2[1/2]"	"1"	"2s2.2p5.(2P*<1/2>).3d"	"2[5/2]*"	"2"		"T6976"	"L9097"	
"883.33316"	"0.00010"	"883.33321"	"0.00011"	"550"	"4.87e+05"	C+	"150315.8612"	"161636.6175"	"2s2.2p5.(2P*<3/2>).3p"	"2[3/2]"	"2"	"2s2.2p5.(2P*<3/2>).3d"	"2[3/2]*"	"1"		"T6976"	"L9097"	
"885.62980"	"0.00004"	"885.62979"	"0.00011"	"27000"	"1.64e+07"	B+	"150315.8612"	"161607.2609"	"2s2.2p5.(2P*<3/2>).3p"	"2[3/2]"	"2"	"2s2.2p5.(2P*<3/2>).3d"	"2[3/2]*"	"2"		"T6976"	"L3451"	
"886.77399"	"0.00004"	"886.77405"	"0.00011"	"2100"	"8.31e+05"	C+	"148257.7898"	"159534.6196"	"2s2.2p5.(2P*<3/2>).3p"	"2[1/2]"	"1"	"2s2.2p5.(2P*<1/2>).4s"	"2[1/2]*"	"1"		"T6976"	"L3451"	
"886.81905"	"0.00004"	"886.81895"	"0.00011"	"15000"	"5.77e+06"	B	"150315.8612"	"161592.1200"	"2s2.2p5.(2P*<3/2>).3p"	"2[3/2]"	"2"	"2s2.2p5.(2P*<3/2>).3d"	"2[7/2]*"	"3"		"T6976"	"L3451"	
"889.46730"	"0.00017"	"889.46747"	"0.00011"	"12"	""		"158601.1152"	"169843.7973"	"2s2.2p5.(2P*<3/2>).4s"	"2[3/2]*"	"2"	"2s2.2p5.(2P*<3/2>).6p"	"2[3/2]"	"2"		""	"L9097"	
"889.80"	"0.01"	"889.81090"	"0.00011"	"3"	""		"158601.1152"	"169839.4581"	"2s2.2p5.(2P*<3/2>).4s"	"2[3/2]*"	"2"	"2s2.2p5.(2P*<3/2>).6p"	"2[3/2]"	"1"		""	"L6099"	
"891.789"	"0.010"	"891.78010"	"0.00018"	"4"	""		"158601.1152"	"169814.642"	"2s2.2p5.(2P*<3/2>).4s"	"2[3/2]*"	"2"	"2s2.2p5.(2P*<3/2>).6p"	"2[5/2]"	"2"		""	"L6099"	
"892.19496"	"0.00010"	"892.19495"	"0.00011"	"6400"	"5.64e+06"	C+	"150315.8612"	"161524.1739"	"2s2.2p5.(2P*<3/2>).3p"	"2[3/2]"	"2"	"2s2.2p5.(2P*<3/2>).3d"	"2[1/2]*"	"1"		"T6976"	"L9097"	
"892.99"	"0.01"	"892.98816"	"0.00011"	"3"	""		"159379.9935"	"170578.3503"	"2s2.2p5.(2P*<1/2>).4s"	"2[1/2]*"	"0"	"2s2.2p5.(2P*<1/2>).6p"	"2[1/2]"	"1"		""	"L6099"	
"893.17018"	"0.00012"	"893.17025"	"0.00011"	"18"	""		"158601.1152"	"169797.1890"	"2s2.2p5.(2P*<3/2>).4s"	"2[3/2]*"	"2"	"2s2.2p5.(2P*<3/2>).6p"	"2[5/2]"	"3"		""	"L9097"	
"894.39681"	"0.00014"	"894.39698"	"0.00012"	"8"	""		"158795.9924"	"169976.7100"	"2s2.2p5.(2P*<3/2>).4s"	"2[3/2]*"	"1"	"2s2.2p5.(2P*<3/2>).6p"	"2[1/2]"	"0"		""	"L9097"	
"896.4788"	"0.0004"	"896.47876"	"0.00014"	"4"	""		"159534.6196"	"170689.3736"	"2s2.2p5.(2P*<1/2>).4s"	"2[1/2]*"	"1"	"2s2.2p5.(2P*<1/2>).6p"	"2[1/2]"	"0"		""	"L9097"	
"897.11"	"0.01"	"897.10018"	"0.00013"	"3"	""		"158601.1152"	"169748.1423"	"2s2.2p5.(2P*<3/2>).4s"	"2[3/2]*"	"2"	"2s2.2p5.(2P*<3/2>).6p"	"2[1/2]"	"1"		""	"L6099"	
"899.10240"	"0.00010"	"899.10240"	"0.00011"	"1800"	"2.14e+06"	C+	"148257.7898"	"159379.9935"	"2s2.2p5.(2P*<3/2>).3p"	"2[1/2]"	"1"	"2s2.2p5.(2P*<1/2>).4s"	"2[1/2]*"	"0"		"T6976"	"L9097"	
"903.94792"	"0.00016"	"903.94804"	"0.00012"	"9"	""		"159534.6196"	"170597.2023"	"2s2.2p5.(2P*<1/2>).4s"	"2[1/2]*"	"1"	"2s2.2p5.(2P*<1/2>).6p"	"2[3/2]"	"2"		""	"L9097"	
"904.93"	"0.01"	"904.924"	"0.010"	"1*"	""		"161524.1739"	"172574.82"	"2s2.2p5.(2P*<3/2>).3d"	"2[1/2]*"	"1"	"2s2.2p5.(2P*<3/2>).9f"	"2[5/2]"	"2"		""	"L6099"	
"904.93"	"0.01"	"904.9380"	"0.0025"	"1*"	""		"159534.6196"	"170585.10"	"2s2.2p5.(2P*<1/2>).4s"	"2[1/2]*"	"1"	"2s2.2p5.(2P*<1/2>).6p"	"2[3/2]"	"1"		""	"L6099"	
"905.1570"	"0.0004"	"905.15719"	"0.00012"	"4"	""		"158795.9924"	"169843.7973"	"2s2.2p5.(2P*<3/2>).4s"	"2[3/2]*"	"1"	"2s2.2p5.(2P*<3/2>).6p"	"2[3/2]"	"2"		""	"L9097"	
"905.4909"	"0.0008"	"905.49111"	"0.00012"	"3"	""		"159534.6196"	"170578.3503"	"2s2.2p5.(2P*<1/2>).4s"	"2[1/2]*"	"1"	"2s2.2p5.(2P*<1/2>).6p"	"2[1/2]"	"1"		""	"L9097"	
"905.5127"	"0.0002"	"905.51284"	"0.00012"	"7"	""		"158795.9924"	"169839.4581"	"2s2.2p5.(2P*<3/2>).4s"	"2[3/2]*"	"1"	"2s2.2p5.(2P*<3/2>).6p"	"2[3/2]"	"1"		""	"L9097"	
"907.5523"	"0.0002"	"907.55223"	"0.00018"	"5"	""		"158795.9924"	"169814.642"	"2s2.2p5.(2P*<3/2>).4s"	"2[3/2]*"	"1"	"2s2.2p5.(2P*<3/2>).6p"	"2[5/2]"	"2"		""	"L9097"	
"910.46"	"0.01"	"910.460"	"0.010"	"1"	""		"161590.3412"	"172573.80"	"2s2.2p5.(2P*<3/2>).3d"	"2[7/2]*"	"4"	"2s2.2p5.(2P*<3/2>).9f"	"2[9/2]"	"5"		""	"L6099"	
"910.603"	"0.010"	"910.603"	"0.010"	"4"	""		"161592.1200"	"172573.86"	"2s2.2p5.(2P*<3/2>).3d"	"2[7/2]*"	"3"	"2s2.2p5.(2P*<3/2>).9f"	"2[9/2]"	"4"		""	"L6099"	
"911.78"	"0.01"	"911.780"	"0.010"	"1*"	""		"161607.2609"	"172574.82"	"2s2.2p5.(2P*<3/2>).3d"	"2[3/2]*"	"2"	"2s2.2p5.(2P*<3/2>).9f"	"2[5/2]"	"3"		""	"L6099"	
"911.78"	"0.01"	"911.780"	"0.010"	"1*"	""		"161607.2609"	"172574.82"	"2s2.2p5.(2P*<3/2>).3d"	"2[3/2]*"	"2"	"2s2.2p5.(2P*<3/2>).9f"	"2[5/2]"	"2"		""	"L6099"	
"915.11829"	"0.00010"	"915.11825"	"0.00012"	"12000"	"6.02e+06"	B	"150772.1118"	"161699.6613"	"2s2.2p5.(2P*<1/2>).3p"	"2[3/2]"	"1"	"2s2.2p5.(2P*<3/2>).3d"	"2[5/2]*"	"2"		"T6976"	"L9097"	
"919.63"	"0.01"	"919.632"	"0.010"	"1*"	""		"161701.4486"	"172575.36"	"2s2.2p5.(2P*<3/2>).3d"	"2[5/2]*"	"3"	"2s2.2p5.(2P*<3/2>).9f"	"2[7/2]"	"4"		""	"L6099"	
"919.63"	"0.01"	"919.632"	"0.010"	"1*"	""		"161701.4486"	"172575.36"	"2s2.2p5.(2P*<3/2>).3d"	"2[5/2]*"	"3"	"2s2.2p5.(2P*<3/2>).9f"	"2[7/2]"	"3"		""	"L6099"	
"920.42841"	"0.00010"	"920.42844"	"0.00012"	"8900"	"7.77e+06"	B	"150772.1118"	"161636.6175"	"2s2.2p5.(2P*<1/2>).3p"	"2[3/2]"	"1"	"2s2.2p5.(2P*<3/2>).3d"	"2[3/2]*"	"1"		"T6976"	"L9097"	
"922.25900"	"0.00010"	"922.25903"	"0.00012"	"6000"	"2.18e+06"	C+	"150858.5079"	"161701.4486"	"2s2.2p5.(2P*<1/2>).3p"	"2[3/2]"	"2"	"2s2.2p5.(2P*<3/2>).3d"	"2[5/2]*"	"3"		"T6976"	"L9097"	
"922.41108"	"0.00010"	"922.41108"	"0.00012"	"2200"	"1.11e+06"	C+	"150858.5079"	"161699.6613"	"2s2.2p5.(2P*<1/2>).3p"	"2[3/2]"	"2"	"2s2.2p5.(2P*<3/2>).3d"	"2[5/2]*"	"2"		"T6976"	"L9097"	
"922.92230"	"0.00010"	"922.92223"	"0.00012"	"1800"	"9.69e+05"	C+	"150772.1118"	"161607.2609"	"2s2.2p5.(2P*<1/2>).3p"	"2[3/2]"	"1"	"2s2.2p5.(2P*<3/2>).3d"	"2[3/2]*"	"2"		"T6976"	"L9097"	
"927.80643"	"0.00010"	"927.80649"	"0.00012"	"910"	"8.14e+05"	C+	"150858.5079"	"161636.6175"	"2s2.2p5.(2P*<1/2>).3p"	"2[3/2]"	"2"	"2s2.2p5.(2P*<3/2>).3d"	"2[3/2]*"	"1"		"T6976"	"L9097"	
"930.34053"	"0.00010"	"930.34048"	"0.00012"	"7700"	"4.22e+06"	B	"150858.5079"	"161607.2609"	"2s2.2p5.(2P*<1/2>).3p"	"2[3/2]"	"2"	"2s2.2p5.(2P*<3/2>).3d"	"2[3/2]*"	"2"		"T6976"	"L9097"	
"931.31380"	"0.00010"	"931.31386"	"0.00012"	"830"	"2.38e+06"	C+	"150772.1118"	"161509.6305"	"2s2.2p5.(2P*<1/2>).3p"	"2[3/2]"	"1"	"2s2.2p5.(2P*<3/2>).3d"	"2[1/2]*"	"0"		"T6976"	"L9097"	
"931.65288"	"0.00010"	"931.65282"	"0.00012"	"2700"	"9.45e+05"	C+	"150858.5079"	"161592.1200"	"2s2.2p5.(2P*<1/2>).3p"	"2[3/2]"	"2"	"2s2.2p5.(2P*<3/2>).3d"	"2[7/2]*"	"3"		"T6976"	"L9097"	
"932.90663"	"0.00010"	"932.90659"	"0.00012"	"6900"	"5.80e+06"	C+	"150917.4307"	"161636.6175"	"2s2.2p5.(2P*<3/2>).3p"	"2[1/2]"	"0"	"2s2.2p5.(2P*<3/2>).3d"	"2[3/2]*"	"1"		"T6976"	"L9097"	
"934.31"	"0.01"	"934.306"	"0.010"	"3"	""		"161509.6305"	"172212.76"	"2s2.2p5.(2P*<3/2>).3d"	"2[1/2]*"	"0"	"2s2.2p5.(2P*<3/2>).8f"	"2[3/2]"	"1"		""	"L6099"	
"935.59"	"0.01"	"935.586"	"0.010"	"4*"	""		"161524.1739"	"172212.66"	"2s2.2p5.(2P*<3/2>).3d"	"2[1/2]*"	"1"	"2s2.2p5.(2P*<3/2>).8f"	"2[3/2]"	"2"		""	"L6099"	
"935.59"	"0.01"	"935.577"	"0.010"	"4*"	""		"161524.1739"	"172212.76"	"2s2.2p5.(2P*<3/2>).3d"	"2[1/2]*"	"1"	"2s2.2p5.(2P*<3/2>).8f"	"2[3/2]"	"1"		""	"L6099"	
"937.58796"	"0.00010"	"937.58796"	"0.00012"	"1500"	"1.40e+06"	C+	"150858.5079"	"161524.1739"	"2s2.2p5.(2P*<1/2>).3p"	"2[3/2]"	"2"	"2s2.2p5.(2P*<3/2>).3d"	"2[1/2]*"	"1"		"T6976"	"L9097"	
"937.98004"	"0.00013"	"937.97993"	"0.00012"	"7"	""		"151038.4524"	"161699.6613"	"2s2.2p5.(2P*<1/2>).3p"	"2[1/2]"	"1"	"2s2.2p5.(2P*<3/2>).3d"	"2[5/2]*"	"2"		""	"L9097"	
"941.333"	"0.010"	"941.333"	"0.010"	"9"	""		"161590.3412"	"172213.57"	"2s2.2p5.(2P*<3/2>).3d"	"2[7/2]*"	"4"	"2s2.2p5.(2P*<3/2>).8f"	"2[9/2]"	"5"		""	"L6099"	
"941.490"	"0.010"	"941.490"	"0.010"	"6"	""		"161592.1200"	"172213.58"	"2s2.2p5.(2P*<3/2>).3d"	"2[7/2]*"	"3"	"2s2.2p5.(2P*<3/2>).8f"	"2[9/2]"	"4"		""	"L6099"	
"942.79655"	"0.00010"	"942.79647"	"0.00013"	"4800"	"4.28e+06"	C+	"150917.4307"	"161524.1739"	"2s2.2p5.(2P*<3/2>).3p"	"2[1/2]"	"0"	"2s2.2p5.(2P*<3/2>).3d"	"2[1/2]*"	"1"		"T6976"	"L9097"	
"943.55961"	"0.00010"	"943.55956"	"0.00013"	"66"	"5.3e+04"	C	"151038.4524"	"161636.6175"	"2s2.2p5.(2P*<1/2>).3p"	"2[1/2]"	"1"	"2s2.2p5.(2P*<3/2>).3d"	"2[3/2]*"	"1"		"T8378"	"L9097"	
"944.64"	"0.01"	"944.639"	"0.010"	"3"	""		"162408.6535"	"172994.71"	"2s2.2p5.(2P*<1/2>).3d"	"2[5/2]*"	"2"	"2s2.2p5.(2P*<1/2>).8f"	"2[7/2]"	"3"		""	"L6099"	
"944.785"	"0.010"	"944.785"	"0.010"	"4"	""		"162410.1736"	"172994.59"	"2s2.2p5.(2P*<1/2>).3d"	"2[5/2]*"	"3"	"2s2.2p5.(2P*<1/2>).8f"	"2[7/2]"	"4"		""	"L6099"	
"945.66"	"0.01"	"945.660"	"0.010"	"1"	""		"162419.9818"	"172994.61"	"2s2.2p5.(2P*<1/2>).3d"	"2[3/2]*"	"2"	"2s2.2p5.(2P*<1/2>).8f"	"2[5/2]"	"3"		""	"L6099"	
"946.18060"	"0.00010"	"946.18045"	"0.00013"	"2800"	"1.31e+06"	C+	"151038.4524"	"161607.2609"	"2s2.2p5.(2P*<1/2>).3p"	"2[1/2]"	"1"	"2s2.2p5.(2P*<3/2>).3d"	"2[3/2]*"	"2"		"T6976"	"L9097"	
"948.92849"	"0.00010"	"948.92843"	"0.00013"	"5000"	"1.82e+06"	C+	"148257.7898"	"158795.9924"	"2s2.2p5.(2P*<3/2>).3p"	"2[1/2]"	"1"	"2s2.2p5.(2P*<3/2>).4s"	"2[3/2]*"	"1"		"T6976"	"L9097"	
"950.920"	"0.010"	"950.919"	"0.010"	"4"	""		"161699.6613"	"172215.80"	"2s2.2p5.(2P*<3/2>).3d"	"2[5/2]*"	"2"	"2s2.2p5.(2P*<3/2>).8f"	"2[7/2]"	"3"		""	"L6099"	
"951.10"	"0.01"	"951.101"	"0.010"	"7"	""		"161701.4486"	"172215.58"	"2s2.2p5.(2P*<3/2>).3d"	"2[5/2]*"	"3"	"2s2.2p5.(2P*<3/2>).8f"	"2[7/2]"	"4"		""	"L6099"	
"953.67793"	"0.00010"	"953.67782"	"0.00013"	"6100"	"5.18e+06"	C+	"151038.4524"	"161524.1739"	"2s2.2p5.(2P*<1/2>).3p"	"2[1/2]"	"1"	"2s2.2p5.(2P*<3/2>).3d"	"2[1/2]*"	"1"		"T6976"	"L9097"	
"955.00241"	"0.00010"	"955.00238"	"0.00013"	"2800"	"7.31e+06"	C+	"151038.4524"	"161509.6305"	"2s2.2p5.(2P*<1/2>).3p"	"2[1/2]"	"1"	"2s2.2p5.(2P*<3/2>).3d"	"2[1/2]*"	"0"		"T6976"	"L9097"	
"957.6628"	"0.0003"	"957.66265"	"0.00014"	"2"	""		"159534.6196"	"169976.7100"	"2s2.2p5.(2P*<1/2>).4s"	"2[1/2]*"	"1"	"2s2.2p5.(2P*<3/2>).6p"	"2[1/2]"	"0"		""	"L9097"	
"964.48"	"0.01"	"964.49233"	"0.00015"	"1"	""		"159379.9935"	"169748.1423"	"2s2.2p5.(2P*<1/2>).4s"	"2[1/2]*"	"0"	"2s2.2p5.(2P*<3/2>).6p"	"2[1/2]"	"1"		""	"L6099"	
"966.80709"	"0.00005"	"966.80706"	"0.00013"	"18000"	"3.74e+06"	B	"148257.7898"	"158601.1152"	"2s2.2p5.(2P*<3/2>).3p"	"2[1/2]"	"1"	"2s2.2p5.(2P*<3/2>).4s"	"2[3/2]*"	"2"		"T6976"	"L7433"	
"972.75"	"0.01"	"972.76053"	"0.00021"	"1"	""		"159534.6196"	"169814.642"	"2s2.2p5.(2P*<1/2>).4s"	"2[1/2]*"	"1"	"2s2.2p5.(2P*<3/2>).6p"	"2[5/2]"	"2"		""	"L6099"	
"979.08"	"0.01"	"979.09412"	"0.00016"	"3"	""		"159534.6196"	"169748.1423"	"2s2.2p5.(2P*<1/2>).4s"	"2[1/2]*"	"1"	"2s2.2p5.(2P*<3/2>).6p"	"2[1/2]"	"1"		""	"L6099"	
"982.6147"	"0.0009"	"982.6131"	"0.0004"	"3"	""		"161509.6305"	"171686.576"	"2s2.2p5.(2P*<3/2>).3d"	"2[1/2]*"	"0"	"2s2.2p5.(2P*<3/2>).7f"	"2[3/2]"	"1"		""	"L9097"	
"984.0204"	"0.0012"	"984.0202"	"0.0004"	"13*"	""		"161524.1739"	"171686.567"	"2s2.2p5.(2P*<3/2>).3d"	"2[1/2]*"	"1"	"2s2.2p5.(2P*<3/2>).7f"	"2[3/2]"	"2"		""	"L9097"	
"984.0204"	"0.0012"	"984.0193"	"0.0004"	"13*"	""		"161524.1739"	"171686.576"	"2s2.2p5.(2P*<3/2>).3d"	"2[1/2]*"	"1"	"2s2.2p5.(2P*<3/2>).7f"	"2[3/2]"	"1"		""	"L9097"	
"990.001"	"0.010"	"990.0020"	"0.0004"	"4"	""		"161590.3412"	"171691.331"	"2s2.2p5.(2P*<3/2>).3d"	"2[7/2]*"	"4"	"2s2.2p5.(2P*<3/2>).7f"	"2[7/2]"	"4"		""	"L6099"	
"990.177"	"0.010"	"990.1780"	"0.0006"	"3*"	""		"161592.1200"	"171691.314"	"2s2.2p5.(2P*<3/2>).3d"	"2[7/2]*"	"3"	"2s2.2p5.(2P*<3/2>).7f"	"2[7/2]"	"3"		""	"L6099"	
"990.177"	"0.010"	"990.1764"	"0.0004"	"3*"	""		"161592.1200"	"171691.331"	"2s2.2p5.(2P*<3/2>).3d"	"2[7/2]*"	"3"	"2s2.2p5.(2P*<3/2>).7f"	"2[7/2]"	"4"		""	"L6099"	
"990.3309"	"0.0010"	"990.3303"	"0.0003"	"30*"	""		"161590.3412"	"171687.982"	"2s2.2p5.(2P*<3/2>).3d"	"2[7/2]*"	"4"	"2s2.2p5.(2P*<3/2>).7f"	"2[9/2]"	"5"		""	"L9097"	
"990.3309"	"0.0010"	"990.3299"	"0.0003"	"30*"	""		"161590.3412"	"171687.986"	"2s2.2p5.(2P*<3/2>).3d"	"2[7/2]*"	"4"	"2s2.2p5.(2P*<3/2>).7f"	"2[9/2]"	"4"		""	"L9097"	
"990.5052"	"0.0010"	"990.5044"	"0.0003"	"25"	""		"161592.1200"	"171687.986"	"2s2.2p5.(2P*<3/2>).3d"	"2[7/2]*"	"3"	"2s2.2p5.(2P*<3/2>).7f"	"2[9/2]"	"4"		""	"L9097"	
"991.7914"	"0.0006"	"991.7912"	"0.0005"	"13"	""		"161607.2609"	"171690.028"	"2s2.2p5.(2P*<3/2>).3d"	"2[3/2]*"	"2"	"2s2.2p5.(2P*<3/2>).7f"	"2[5/2]"	"3"		""	"L9097"	
"992.1321"	"0.0008"	"992.1318"	"0.0004"	"6*"	""		"161607.2609"	"171686.567"	"2s2.2p5.(2P*<3/2>).3d"	"2[3/2]*"	"2"	"2s2.2p5.(2P*<3/2>).7f"	"2[3/2]"	"2"		""	"L9097"	
"992.1321"	"0.0008"	"992.1309"	"0.0004"	"6*"	""		"161607.2609"	"171686.576"	"2s2.2p5.(2P*<3/2>).3d"	"2[3/2]*"	"2"	"2s2.2p5.(2P*<3/2>).7f"	"2[3/2]"	"1"		""	"L9097"	
"993.9577"	"0.0003"	"993.9573"	"0.0004"	"10"	""		"162408.6535"	"172469.448"	"2s2.2p5.(2P*<1/2>).3d"	"2[5/2]*"	"2"	"2s2.2p5.(2P*<1/2>).7f"	"2[7/2]"	"3"		""	"L9097"	
"994.1077"	"0.0002"	"994.1073"	"0.0004"	"16"	""		"162410.1736"	"172469.450"	"2s2.2p5.(2P*<1/2>).3d"	"2[5/2]*"	"3"	"2s2.2p5.(2P*<1/2>).7f"	"2[7/2]"	"4"		""	"L9097"	
"994.6866"	"0.0007"	"994.6866"	"0.0007"	"9"	""		"161636.6175"	"171690.035"	"2s2.2p5.(2P*<3/2>).3d"	"2[3/2]*"	"1"	"2s2.2p5.(2P*<3/2>).7f"	"2[5/2]"	"2"		""	"L9097"	
"994.7785"	"0.0004"	"994.77863"	"0.00015"	"4*"	""		"161607.2609"	"171659.7487"	"2s2.2p5.(2P*<3/2>).3d"	"2[3/2]*"	"2"	"2s2.2p5.(2P*<1/2>).6f"	"2[5/2]"	"3"		""	"L9097"	
"994.7785"	"0.0004"	"994.77756"	"0.00015"	"4*"	""		"161607.2609"	"171659.7595"	"2s2.2p5.(2P*<3/2>).3d"	"2[3/2]*"	"2"	"2s2.2p5.(2P*<1/2>).6f"	"2[5/2]"	"2"		""	"L9097"	
"995.0788"	"0.0020"	"995.0773"	"0.0003"	"9"	""		"162419.9818"	"172469.452"	"2s2.2p5.(2P*<1/2>).3d"	"2[3/2]*"	"2"	"2s2.2p5.(2P*<1/2>).7f"	"2[5/2]"	"3"		""	"L9097"	
"996.6337"	"0.0006"	"996.6337"	"0.0006"	"7"	""		"162435.6780"	"172469.455"	"2s2.2p5.(2P*<1/2>).3d"	"2[3/2]*"	"1"	"2s2.2p5.(2P*<1/2>).7f"	"2[5/2]"	"2"		""	"L9097"	
"997.69"	"0.01"	"997.69114"	"0.00016"	"3"	""		"161636.6175"	"171659.7595"	"2s2.2p5.(2P*<3/2>).3d"	"2[3/2]*"	"1"	"2s2.2p5.(2P*<1/2>).6f"	"2[5/2]"	"2"		""	"L6099"	
"1000.8343"	"0.0004"	"1000.8354"	"0.0006"	"13"	""		"161699.6613"	"171691.314"	"2s2.2p5.(2P*<3/2>).3d"	"2[5/2]*"	"2"	"2s2.2p5.(2P*<3/2>).7f"	"2[7/2]"	"3"		""	"L9097"	
"1001.0129"	"0.0004"	"1001.0128"	"0.0004"	"20"	""		"161701.4486"	"171691.331"	"2s2.2p5.(2P*<3/2>).3d"	"2[5/2]*"	"3"	"2s2.2p5.(2P*<3/2>).7f"	"2[7/2]"	"4"		""	"L9097"	
"1001.1429"	"0.0011"	"1001.1434"	"0.0005"	"5"	""		"161701.4486"	"171690.028"	"2s2.2p5.(2P*<3/2>).3d"	"2[5/2]*"	"3"	"2s2.2p5.(2P*<3/2>).7f"	"2[5/2]"	"3"		""	"L9097"	
"1003.99"	"0.01"	"1003.98861"	"0.00015"	"3"	""		"161699.6613"	"171659.9337"	"2s2.2p5.(2P*<3/2>).3d"	"2[5/2]*"	"2"	"2s2.2p5.(2P*<1/2>).6f"	"2[7/2]"	"3"		""	"L6099"	
"1004.17"	"0.01"	"1004.16840"	"0.00015"	"3"	""		"161701.4486"	"171659.9376"	"2s2.2p5.(2P*<3/2>).3d"	"2[5/2]*"	"3"	"2s2.2p5.(2P*<1/2>).6f"	"2[7/2]"	"4"		""	"L6099"	
"1021.3634"	"0.0004"	"1021.36303"	"0.00015"	"2"	""		"158795.9924"	"168586.8304"	"2s2.2p5.(2P*<3/2>).4s"	"2[3/2]*"	"1"	"2s2.2p5.(2P*<1/2>).5p"	"2[1/2]"	"0"		""	"L9097"	
"1022.7461"	"0.0002"	"1022.74628"	"0.00015"	"4"	""		"158601.1152"	"168378.7113"	"2s2.2p5.(2P*<3/2>).4s"	"2[3/2]*"	"2"	"2s2.2p5.(2P*<1/2>).5p"	"2[3/2]"	"2"		""	"L9097"	
"1024.85213"	"0.00013"	"1024.85215"	"0.00015"	"16"	"8.55e+04"	C+	"158601.1152"	"168358.6202"	"2s2.2p5.(2P*<3/2>).4s"	"2[3/2]*"	"2"	"2s2.2p5.(2P*<1/2>).5p"	"2[1/2]"	"1"		"T6976"	"L9097"	
"1029.82378"	"0.00011"	"1029.82390"	"0.00015"	"420"	"1.46e+05"	C+	"149824.2215"	"159534.6196"	"2s2.2p5.(2P*<3/2>).3p"	"2[5/2]"	"2"	"2s2.2p5.(2P*<1/2>).4s"	"2[1/2]*"	"1"		"T6976"	"L9097"	
"1043.54497"	"0.00017"	"1043.54517"	"0.00015"	"13*"	"4.19e+04"	C+	"158795.9924"	"168378.7113"	"2s2.2p5.(2P*<3/2>).4s"	"2[3/2]*"	"1"	"2s2.2p5.(2P*<1/2>).5p"	"2[3/2]"	"2"		"T6976"	"L9097"	
"1043.54497"	"0.00017"	"1043.54497"	"0.00023"	"13*"	""		"162899.1169"	"172481.8376"	"2s2.2p5.(2P*<3/2>).4p"	"2[5/2]"	"2"	"2s2.2p5.(2P*<3/2>).10s"	"2[3/2]*"	"1"		""	"L9097"	
"1056.53029"	"0.00012"	"1056.53015"	"0.00016"	"8000"	"8.03e+06"	B+	"152970.7328"	"162435.6780"	"2s2.2p5.(2P*<1/2>).3p"	"2[1/2]"	"0"	"2s2.2p5.(2P*<1/2>).3d"	"2[3/2]*"	"1"		"T6976"	"L9097"	
"1062.35735"	"0.00015"	"1062.35747"	"0.00016"	"780"	"2.21e+05"	C+	"150121.5922"	"159534.6196"	"2s2.2p5.(2P*<3/2>).3p"	"2[3/2]"	"1"	"2s2.2p5.(2P*<1/2>).4s"	"2[1/2]*"	"1"		"T6976"	"L9097"	
"1067.6794"	"0.0003"	"1067.67920"	"0.00020"	"19"	""		"161509.6305"	"170875.7397"	"2s2.2p5.(2P*<3/2>).3d"	"2[1/2]*"	"0"	"2s2.2p5.(2P*<3/2>).6f"	"2[3/2]"	"1"		""	"L9097"	
"1069.3386"	"0.0005"	"1069.33964"	"0.00020"	"55*"	""		"161524.1739"	"170875.7397"	"2s2.2p5.(2P*<3/2>).3d"	"2[1/2]*"	"1"	"2s2.2p5.(2P*<3/2>).6f"	"2[3/2]"	"1"		""	"L9097"	
"1069.3386"	"0.0005"	"1069.33828"	"0.00016"	"55*"	""		"161524.1739"	"170875.7516"	"2s2.2p5.(2P*<3/2>).3d"	"2[1/2]*"	"1"	"2s2.2p5.(2P*<3/2>).6f"	"2[3/2]"	"2"		""	"L9097"	
"1076.1151"	"0.0013"	"1076.11562"	"0.00019"	"15"	""		"161590.3412"	"170883.0230"	"2s2.2p5.(2P*<3/2>).3d"	"2[7/2]*"	"4"	"2s2.2p5.(2P*<3/2>).6f"	"2[7/2]"	"4"		""	"L9097"	
"1076.3218"	"0.0004"	"1076.32199"	"0.00018"	"14*"	""		"161592.1200"	"170883.0200"	"2s2.2p5.(2P*<3/2>).3d"	"2[7/2]*"	"3"	"2s2.2p5.(2P*<3/2>).6f"	"2[7/2]"	"3"		""	"L9097"	
"1076.3218"	"0.0004"	"1076.32164"	"0.00019"	"14*"	""		"161592.1200"	"170883.0230"	"2s2.2p5.(2P*<3/2>).3d"	"2[7/2]*"	"3"	"2s2.2p5.(2P*<3/2>).6f"	"2[7/2]"	"4"		""	"L9097"	
"1076.6972"	"0.0003"	"1076.69706"	"0.00019"	"150"	""		"161590.3412"	"170878.0047"	"2s2.2p5.(2P*<3/2>).3d"	"2[7/2]*"	"4"	"2s2.2p5.(2P*<3/2>).6f"	"2[9/2]"	"5"		""	"L9097"	
"1076.9036"	"0.0003"	"1076.90361"	"0.00016"	"110"	""		"161592.1200"	"170878.0021"	"2s2.2p5.(2P*<3/2>).3d"	"2[7/2]*"	"3"	"2s2.2p5.(2P*<3/2>).6f"	"2[9/2]"	"4"		""	"L9097"	
"1078.3484"	"0.0004"	"1078.34834"	"0.00016"	"69"	""		"161607.2609"	"170880.7022"	"2s2.2p5.(2P*<3/2>).3d"	"2[3/2]*"	"2"	"2s2.2p5.(2P*<3/2>).6f"	"2[5/2]"	"3"		""	"L9097"	
"1078.9241"	"0.0003"	"1078.92570"	"0.00020"	"16*"	""		"161607.2609"	"170875.7397"	"2s2.2p5.(2P*<3/2>).3d"	"2[3/2]*"	"2"	"2s2.2p5.(2P*<3/2>).6f"	"2[3/2]"	"1"		""	"L9097"	
"1078.9241"	"0.0003"	"1078.92432"	"0.00016"	"16*"	""		"161607.2609"	"170875.7516"	"2s2.2p5.(2P*<3/2>).3d"	"2[3/2]*"	"2"	"2s2.2p5.(2P*<3/2>).6f"	"2[3/2]"	"2"		""	"L9097"	
"1079.3818"	"0.0004"	"1079.3817"	"0.0005"	"2"	""		"163707.7261"	"172972.289"	"2s2.2p5.(2P*<1/2>).4p"	"2[1/2]"	"1"	"2s2.2p5.(2P*<3/2>).12s"	"2[3/2]*"	"1"		""	"L9097"	
"1080.10009"	"0.00005"	"1080.10008"	"0.00016"	"6100"	"5.59e+06"	C+	"150121.5922"	"159379.9935"	"2s2.2p5.(2P*<3/2>).3p"	"2[3/2]"	"1"	"2s2.2p5.(2P*<1/2>).4s"	"2[1/2]*"	"0"		"T6976"	"L7433"	
"1080.9318"	"0.0006"	"1080.93148"	"0.00017"	"54"	""		"162408.6535"	"171659.9337"	"2s2.2p5.(2P*<1/2>).3d"	"2[5/2]*"	"2"	"2s2.2p5.(2P*<1/2>).6f"	"2[7/2]"	"3"		""	"L9097"	
"1081.1089"	"0.0005"	"1081.10866"	"0.00017"	"74"	""		"162410.1736"	"171659.9376"	"2s2.2p5.(2P*<1/2>).3d"	"2[5/2]*"	"3"	"2s2.2p5.(2P*<1/2>).6f"	"2[7/2]"	"4"		""	"L9097"	
"1081.7717"	"0.0007"	"1081.77179"	"0.00017"	"40"	""		"161636.6175"	"170880.7114"	"2s2.2p5.(2P*<3/2>).3d"	"2[3/2]*"	"1"	"2s2.2p5.(2P*<3/2>).6f"	"2[5/2]"	"2"		""	"L9097"	
"1082.2783"	"0.0006"	"1082.27839"	"0.00017"	"92"	""		"162419.9818"	"171659.7487"	"2s2.2p5.(2P*<1/2>).3d"	"2[3/2]*"	"2"	"2s2.2p5.(2P*<1/2>).6f"	"2[5/2]"	"3"		""	"L9097"	
"1084.11868"	"0.00014"	"1084.11878"	"0.00018"	"37"	""		"162435.6780"	"171659.7595"	"2s2.2p5.(2P*<1/2>).3d"	"2[3/2]*"	"1"	"2s2.2p5.(2P*<1/2>).6f"	"2[5/2]"	"2"		""	"L9097"	
"1084.74479"	"0.00005"	"1084.74477"	"0.00017"	"9400"	"2.99e+06"	C+	"150315.8612"	"159534.6196"	"2s2.2p5.(2P*<3/2>).3p"	"2[3/2]"	"2"	"2s2.2p5.(2P*<1/2>).4s"	"2[1/2]*"	"1"		"T6976"	"L7433"	
"1088.9259"	"0.0008"	"1088.92621"	"0.00019"	"58"	""		"161699.6613"	"170883.0200"	"2s2.2p5.(2P*<3/2>).3d"	"2[5/2]*"	"2"	"2s2.2p5.(2P*<3/2>).6f"	"2[7/2]"	"3"		""	"L9097"	
"1089.1374"	"0.0008"	"1089.13783"	"0.00019"	"85"	""		"161701.4486"	"170883.0230"	"2s2.2p5.(2P*<3/2>).3d"	"2[5/2]*"	"3"	"2s2.2p5.(2P*<3/2>).6f"	"2[7/2]"	"4"		""	"L9097"	
"1089.4134"	"0.0006"	"1089.41320"	"0.00017"	"25"	""		"161701.4486"	"170880.7022"	"2s2.2p5.(2P*<3/2>).3d"	"2[5/2]*"	"3"	"2s2.2p5.(2P*<3/2>).6f"	"2[5/2]"	"3"		""	"L9097"	
"1102.38978"	"0.00015"	"1102.38977"	"0.00017"	"78"	"1.19e+06"	C+	"158795.9924"	"167867.1941"	"2s2.2p5.(2P*<3/2>).4s"	"2[3/2]*"	"1"	"2s2.2p5.(2P*<3/2>).5p"	"2[1/2]"	"0"		"T6976"	"L9097"	
"1104.70248"	"0.00015"	"1104.70251"	"0.00017"	"64"	"1.23e+06"	C+	"159534.6196"	"168586.8304"	"2s2.2p5.(2P*<1/2>).4s"	"2[1/2]*"	"1"	"2s2.2p5.(2P*<1/2>).5p"	"2[1/2]"	"0"		"T6976"	"L9097"	
"1105.27483"	"0.00014"	"1105.27489"	"0.00017"	"200"	"5.30e+05"	C+	"158601.1152"	"167648.6382"	"2s2.2p5.(2P*<3/2>).4s"	"2[3/2]*"	"2"	"2s2.2p5.(2P*<3/2>).5p"	"2[3/2]"	"2"		"T6976"	"L9097"	
"1106.3837"	"0.0002"	"1106.38384"	"0.00017"	"29"	"1.19e+05"	C+	"158601.1152"	"167639.5697"	"2s2.2p5.(2P*<3/2>).4s"	"2[3/2]*"	"2"	"2s2.2p5.(2P*<3/2>).5p"	"2[3/2]"	"1"		"T6976"	"L9097"	
"1112.33233"	"0.00016"	"1112.33242"	"0.00017"	"73"	"1.87e+05"	C+	"158601.1152"	"167591.2335"	"2s2.2p5.(2P*<3/2>).4s"	"2[3/2]*"	"2"	"2s2.2p5.(2P*<3/2>).5p"	"2[5/2]"	"2"		"T6976"	"L9097"	
"1113.75587"	"0.00019"	"1113.75607"	"0.00018"	"49"	"2.55e+05"	C+	"159379.9935"	"168358.6202"	"2s2.2p5.(2P*<1/2>).4s"	"2[1/2]*"	"0"	"2s2.2p5.(2P*<1/2>).5p"	"2[1/2]"	"1"		"T6976"	"L9097"	
"1114.14832"	"0.00015"	"1114.14843"	"0.00018"	"55"	"2.97e+05"	C+	"159379.9935"	"168355.4583"	"2s2.2p5.(2P*<1/2>).4s"	"2[1/2]*"	"0"	"2s2.2p5.(2P*<1/2>).5p"	"2[3/2]"	"1"		"T6976"	"L9097"	
"1114.60715"	"0.00005"	"1114.60715"	"0.00018"	"26000"	"9.61e+06"	B+	"149824.2215"	"158795.9924"	"2s2.2p5.(2P*<3/2>).3p"	"2[5/2]"	"2"	"2s2.2p5.(2P*<3/2>).4s"	"2[3/2]*"	"1"		"T6976"	"L7433"	
"1116.32695"	"0.00014"	"1116.32707"	"0.00018"	"270"	"5.12e+05"	C+	"158601.1152"	"167559.0633"	"2s2.2p5.(2P*<3/2>).4s"	"2[3/2]*"	"2"	"2s2.2p5.(2P*<3/2>).5p"	"2[5/2]"	"3"		"T6976"	"L9097"	
"1118.05855"	"0.00005"	"1118.05848"	"0.00018"	"49000"	"1.20e+07"	B+	"149657.0392"	"158601.1152"	"2s2.2p5.(2P*<3/2>).3p"	"2[5/2]"	"3"	"2s2.2p5.(2P*<3/2>).4s"	"2[3/2]*"	"2"		"T6976"	"L7433"	
"1129.60569"	"0.00015"	"1129.60580"	"0.00018"	"65"	"1.80e+05"	C+	"158795.9924"	"167648.6382"	"2s2.2p5.(2P*<3/2>).4s"	"2[3/2]*"	"1"	"2s2.2p5.(2P*<3/2>).5p"	"2[3/2]"	"2"		"T6976"	"L9097"	
"1130.15353"	"0.00016"	"1130.15362"	"0.00018"	"46"	"2.11e+05"	C+	"158601.1152"	"167449.4698"	"2s2.2p5.(2P*<3/2>).4s"	"2[3/2]*"	"2"	"2s2.2p5.(2P*<3/2>).5p"	"2[1/2]"	"1"		"T6976"	"L9097"	
"1130.69830"	"0.00014"	"1130.69836"	"0.00018"	"140"	"4.81e+05"	C+	"159534.6196"	"168378.7113"	"2s2.2p5.(2P*<1/2>).4s"	"2[1/2]*"	"1"	"2s2.2p5.(2P*<1/2>).5p"	"2[3/2]"	"2"		"T6976"	"L9097"	
"1130.76410"	"0.00014"	"1130.76413"	"0.00018"	"100"	"4.54e+05"	C+	"158795.9924"	"167639.5697"	"2s2.2p5.(2P*<3/2>).4s"	"2[3/2]*"	"1"	"2s2.2p5.(2P*<3/2>).5p"	"2[3/2]"	"1"		"T6976"	"L9097"	
"1133.27280"	"0.00019"	"1133.27282"	"0.00018"	"41"	"2.39e+05"	C+	"159534.6196"	"168358.6202"	"2s2.2p5.(2P*<1/2>).4s"	"2[1/2]*"	"1"	"2s2.2p5.(2P*<1/2>).5p"	"2[1/2]"	"1"		"T6976"	"L9097"	
"1133.67905"	"0.00018"	"1133.67905"	"0.00018"	"37"	"2.11e+05"	C+	"159534.6196"	"168355.4583"	"2s2.2p5.(2P*<1/2>).4s"	"2[1/2]*"	"1"	"2s2.2p5.(2P*<1/2>).5p"	"2[3/2]"	"1"		"T6976"	"L9097"	
"1136.97838"	"0.00014"	"1136.97850"	"0.00018"	"110"	"2.86e+05"	C+	"158795.9924"	"167591.2335"	"2s2.2p5.(2P*<3/2>).4s"	"2[3/2]*"	"1"	"2s2.2p5.(2P*<3/2>).5p"	"2[5/2]"	"2"		"T6976"	"L9097"	
"1139.35519"	"0.00005"	"1139.35526"	"0.00018"	"15000"	"2.63e+06"	B	"149824.2215"	"158601.1152"	"2s2.2p5.(2P*<3/2>).3p"	"2[5/2]"	"2"	"2s2.2p5.(2P*<3/2>).4s"	"2[3/2]*"	"2"		"T6976"	"L7433"	
"1141.22575"	"0.00005"	"1141.22580"	"0.00018"	"8800"	"2.71e+06"	C+	"150772.1118"	"159534.6196"	"2s2.2p5.(2P*<1/2>).3p"	"2[3/2]"	"1"	"2s2.2p5.(2P*<1/2>).4s"	"2[1/2]*"	"1"		"T6976"	"L7433"	
"1152.58996"	"0.00014"	"1152.59005"	"0.00019"	"33000"	"1.07e+07"	B+	"150858.5079"	"159534.6196"	"2s2.2p5.(2P*<1/2>).3p"	"2[3/2]"	"2"	"2s2.2p5.(2P*<1/2>).4s"	"2[1/2]*"	"1"		"T6976"	"L9097"	
"1152.81755"	"0.00014"	"1152.81746"	"0.00019"	"17000"	"5.37e+06"	B	"150121.5922"	"158795.9924"	"2s2.2p5.(2P*<3/2>).3p"	"2[3/2]"	"1"	"2s2.2p5.(2P*<3/2>).4s"	"2[3/2]*"	"1"		"T6976"	"L9097"	
"1153.95028"	"0.00014"	"1153.95027"	"0.00019"	"9100"	"7.10e+06"	B+	"152970.7328"	"161636.6175"	"2s2.2p5.(2P*<1/2>).3p"	"2[1/2]"	"0"	"2s2.2p5.(2P*<3/2>).3d"	"2[3/2]*"	"1"		"T6976"	"L9097"	
"1160.47128"	"0.00014"	"1160.47125"	"0.00019"	"2600"	"7.51e+05"	C+	"150917.4307"	"159534.6196"	"2s2.2p5.(2P*<3/2>).3p"	"2[1/2]"	"0"	"2s2.2p5.(2P*<1/2>).4s"	"2[1/2]*"	"1"		"T6976"	"L9097"	
"1161.72599"	"0.00005"	"1161.72600"	"0.00019"	"13000"	"1.13e+07"	B	"150772.1118"	"159379.9935"	"2s2.2p5.(2P*<1/2>).3p"	"2[3/2]"	"1"	"2s2.2p5.(2P*<1/2>).4s"	"2[1/2]*"	"0"		"T6976"	"L7433"	
"1169.12022"	"0.00014"	"1169.12011"	"0.00019"	"2800"	"2.08e+06"	C+	"152970.7328"	"161524.1739"	"2s2.2p5.(2P*<1/2>).3p"	"2[1/2]"	"0"	"2s2.2p5.(2P*<3/2>).3d"	"2[1/2]*"	"1"		"T6976"	"L9097"	
"1177.00137"	"0.00005"	"1177.00132"	"0.00020"	"15000"	"4.54e+06"	B	"151038.4524"	"159534.6196"	"2s2.2p5.(2P*<1/2>).3p"	"2[1/2]"	"1"	"2s2.2p5.(2P*<1/2>).4s"	"2[1/2]*"	"1"		"T6976"	"L7433"	
"1179.22712"	"0.00014"	"1179.22704"	"0.00020"	"13000"	"3.84e+06"	B	"150315.8612"	"158795.9924"	"2s2.2p5.(2P*<3/2>).3p"	"2[3/2]"	"2"	"2s2.2p5.(2P*<3/2>).4s"	"2[3/2]*"	"1"		"T6976"	"L9097"	
"1179.31165"	"0.00014"	"1179.31162"	"0.00020"	"3200"	"5.52e+05"	C+	"150121.5922"	"158601.1152"	"2s2.2p5.(2P*<3/2>).3p"	"2[3/2]"	"1"	"2s2.2p5.(2P*<3/2>).4s"	"2[3/2]*"	"2"		"T6976"	"L9097"	
"1198.3060"	"0.0003"	"1198.30601"	"0.00021"	"20"	""		"162517.8755"	"170862.9893"	"2s2.2p5.(2P*<3/2>).4p"	"2[1/2]"	"1"	"2s2.2p5.(2P*<3/2>).6d"	"2[3/2]*"	"2"		""	"L9097"	
"1198.81939"	"0.00014"	"1198.81924"	"0.00020"	"7400"	"6.13e+06"	C+	"151038.4524"	"159379.9935"	"2s2.2p5.(2P*<1/2>).3p"	"2[1/2]"	"1"	"2s2.2p5.(2P*<1/2>).4s"	"2[1/2]*"	"0"		"T6976"	"L9097"	
"1199.9852"	"0.0002"	"1199.98536"	"0.00022"	"18"	""		"162517.8755"	"170851.3105"	"2s2.2p5.(2P*<3/2>).4p"	"2[1/2]"	"1"	"2s2.2p5.(2P*<3/2>).6d"	"2[1/2]*"	"1"		""	"L9097"	
"1200.1097"	"0.0005"	"1200.10928"	"0.00020"	"5"	"6.3e+04"	C	"159534.6196"	"167867.1941"	"2s2.2p5.(2P*<1/2>).4s"	"2[1/2]*"	"1"	"2s2.2p5.(2P*<3/2>).5p"	"2[1/2]"	"0"		"T6976"	"L9097"	
"1206.96364"	"0.00005"	"1206.96360"	"0.00021"	"23000"	"3.97e+06"	B+	"150315.8612"	"158601.1152"	"2s2.2p5.(2P*<3/2>).3p"	"2[3/2]"	"2"	"2s2.2p5.(2P*<3/2>).4s"	"2[3/2]*"	"2"		"T6976"	"L7433"	
"1239.2373"	"0.0005"	"1239.23779"	"0.00022"	"3"	""		"159379.9935"	"167449.4698"	"2s2.2p5.(2P*<1/2>).4s"	"2[1/2]*"	"0"	"2s2.2p5.(2P*<3/2>).5p"	"2[1/2]"	"1"		""	"L9097"	
"1241.2164"	"0.0005"	"1241.21624"	"0.00022"	"4"	""		"159534.6196"	"167591.2335"	"2s2.2p5.(2P*<1/2>).4s"	"2[1/2]*"	"1"	"2s2.2p5.(2P*<3/2>).5p"	"2[5/2]"	"2"		""	"L9097"	
"1243.3906"	"0.0003"	"1243.39054"	"0.00022"	"18"	""		"162830.7073"	"170873.2327"	"2s2.2p5.(2P*<3/2>).4p"	"2[5/2]"	"3"	"2s2.2p5.(2P*<3/2>).6d"	"2[5/2]*"	"3"		""	"L9097"	
"1245.67756"	"0.00014"	"1245.67750"	"0.00022"	"75"	""		"162830.7073"	"170858.4673"	"2s2.2p5.(2P*<3/2>).4p"	"2[5/2]"	"3"	"2s2.2p5.(2P*<3/2>).6d"	"2[7/2]*"	"4"		""	"L9097"	
"1246.27992"	"0.00016"	"1246.27976"	"0.00022"	"4300"	"1.20e+06"	C+	"150772.1118"	"158795.9924"	"2s2.2p5.(2P*<1/2>).3p"	"2[3/2]"	"1"	"2s2.2p5.(2P*<3/2>).4s"	"2[3/2]*"	"1"		"T6976"	"L9097"	
"1246.75265"	"0.00014"	"1246.75271"	"0.00022"	"160"	""		"161509.6305"	"169530.4673"	"2s2.2p5.(2P*<3/2>).3d"	"2[1/2]*"	"0"	"2s2.2p5.(2P*<3/2>).5f"	"2[3/2]"	"1"		""	"L9097"	
"1247.6881"	"0.0003"	"1247.69091"	"0.00022"	"23*"	""		"161524.1739"	"169538.9794"	"2s2.2p5.(2P*<3/2>).3d"	"2[1/2]*"	"1"	"2s2.2p5.(2P*<3/2>).5f"	"2[5/2]"	"2"		""	"L9097"	
"1247.6881"	"0.0003"	"1247.68533"	"0.00022"	"23*"	""		"162517.8755"	"170532.7169"	"2s2.2p5.(2P*<3/2>).4p"	"2[1/2]"	"1"	"2s2.2p5.(2P*<3/2>).7s"	"2[3/2]*"	"2"		""	"L9097"	
"1249.01478"	"0.00014"	"1249.01743"	"0.00022"	"450*"	""		"161524.1739"	"169530.4673"	"2s2.2p5.(2P*<3/2>).3d"	"2[1/2]*"	"1"	"2s2.2p5.(2P*<3/2>).5f"	"2[3/2]"	"1"		""	"L9097"	
"1249.01478"	"0.00014"	"1249.01448"	"0.00022"	"450*"	""		"161524.1739"	"169530.4862"	"2s2.2p5.(2P*<3/2>).3d"	"2[1/2]*"	"1"	"2s2.2p5.(2P*<3/2>).5f"	"2[3/2]"	"2"		""	"L9097"	
"1252.36597"	"0.00018"	"1252.3661"	"0.0003"	"21"	""		"163657.2726"	"171642.1580"	"2s2.2p5.(2P*<1/2>).4p"	"2[3/2]"	"1"	"2s2.2p5.(2P*<1/2>).6d"	"2[5/2]*"	"2"		""	"L9097"	
"1254.1172"	"0.0003"	"1254.11735"	"0.00022"	"15"	""		"162899.1169"	"170872.8524"	"2s2.2p5.(2P*<3/2>).4p"	"2[5/2]"	"2"	"2s2.2p5.(2P*<3/2>).6d"	"2[5/2]*"	"2"		""	"L9097"	
"1256.31982"	"0.00015"	"1256.3199"	"0.0003"	"48"	""		"162899.1169"	"170858.8729"	"2s2.2p5.(2P*<3/2>).4p"	"2[5/2]"	"2"	"2s2.2p5.(2P*<3/2>).6d"	"2[7/2]*"	"3"		""	"L9097"	
"1257.44446"	"0.00016"	"1257.44470"	"0.00022"	"130"	""		"161590.3412"	"169542.9772"	"2s2.2p5.(2P*<3/2>).3d"	"2[7/2]*"	"4"	"2s2.2p5.(2P*<3/2>).5f"	"2[7/2]"	"4"		""	"L9097"	
"1257.72631"	"0.00015"	"1257.72650"	"0.00022"	"96*"	""		"161592.1200"	"169542.9742"	"2s2.2p5.(2P*<3/2>).3d"	"2[7/2]*"	"3"	"2s2.2p5.(2P*<3/2>).5f"	"2[7/2]"	"3"		""	"L9097"	
"1257.72631"	"0.00015"	"1257.72602"	"0.00022"	"96*"	""		"161592.1200"	"169542.9772"	"2s2.2p5.(2P*<3/2>).3d"	"2[7/2]*"	"3"	"2s2.2p5.(2P*<3/2>).5f"	"2[7/2]"	"4"		""	"L9097"	
"1258.0790"	"0.0005"	"1258.07913"	"0.00022"	"8"	""		"161590.3412"	"169538.9668"	"2s2.2p5.(2P*<3/2>).3d"	"2[7/2]*"	"4"	"2s2.2p5.(2P*<3/2>).5f"	"2[5/2]"	"3"		""	"L9097"	
"1258.3586"	"0.0004"	"1258.35874"	"0.00022"	"6"	""		"161592.1200"	"169538.9794"	"2s2.2p5.(2P*<3/2>).3d"	"2[7/2]*"	"3"	"2s2.2p5.(2P*<3/2>).5f"	"2[5/2]"	"2"		""	"L9097"	
"1258.80450"	"0.00014"	"1258.80450"	"0.00022"	"1200"	""		"161590.3412"	"169534.3865"	"2s2.2p5.(2P*<3/2>).3d"	"2[7/2]*"	"4"	"2s2.2p5.(2P*<3/2>).5f"	"2[9/2]"	"5"		""	"L9097"	
"1259.08693"	"0.00014"	"1259.08705"	"0.00022"	"850"	""		"161592.1200"	"169534.3826"	"2s2.2p5.(2P*<3/2>).3d"	"2[7/2]*"	"3"	"2s2.2p5.(2P*<3/2>).5f"	"2[9/2]"	"4"		""	"L9097"	
"1259.84506"	"0.00014"	"1259.84498"	"0.00022"	"1600"	"4.50e+05"	C+	"150858.5079"	"158795.9924"	"2s2.2p5.(2P*<1/2>).3p"	"2[3/2]"	"2"	"2s2.2p5.(2P*<3/2>).4s"	"2[3/2]*"	"1"		"T6976"	"L9097"	
"1260.42251"	"0.00019"	"1260.4227"	"0.0003"	"32"	""		"163708.6029"	"171642.4494"	"2s2.2p5.(2P*<1/2>).4p"	"2[3/2]"	"2"	"2s2.2p5.(2P*<1/2>).6d"	"2[5/2]*"	"3"		""	"L9097"	
"1260.4740"	"0.0016"	"1260.4690"	"0.0003"	"13"	""		"163708.6029"	"171642.1580"	"2s2.2p5.(2P*<1/2>).4p"	"2[3/2]"	"2"	"2s2.2p5.(2P*<1/2>).6d"	"2[5/2]*"	"2"		""	"L9760"	
"1260.67659"	"0.00020"	"1260.67667"	"0.00022"	"18"	""		"163707.7261"	"171639.9741"	"2s2.2p5.(2P*<1/2>).4p"	"2[1/2]"	"1"	"2s2.2p5.(2P*<1/2>).6d"	"2[3/2]*"	"2"		""	"L9097"	
"1260.76255"	"0.00014"	"1260.76283"	"0.00022"	"550"	""		"161607.2609"	"169538.9668"	"2s2.2p5.(2P*<3/2>).3d"	"2[3/2]*"	"2"	"2s2.2p5.(2P*<3/2>).5f"	"2[5/2]"	"3"		""	"L9097"	
"1262.11211"	"0.00014"	"1262.11229"	"0.00023"	"150"	""		"161607.2609"	"169530.4862"	"2s2.2p5.(2P*<3/2>).3d"	"2[3/2]*"	"2"	"2s2.2p5.(2P*<3/2>).5f"	"2[3/2]"	"2"		""	"L9097"	
"1263.4479"	"0.0005"	"1263.44779"	"0.00023"	"6"	"2.06e+04"	C	"159534.6196"	"167449.4698"	"2s2.2p5.(2P*<1/2>).4s"	"2[1/2]*"	"1"	"2s2.2p5.(2P*<3/2>).5p"	"2[1/2]"	"1"		"T6976"	"L9097"	
"1264.37754"	"0.00014"	"1264.37765"	"0.00023"	"500"	""		"162408.6535"	"170317.6829"	"2s2.2p5.(2P*<1/2>).3d"	"2[5/2]*"	"2"	"2s2.2p5.(2P*<1/2>).5f"	"2[7/2]"	"3"		""	"L9097"	
"1264.61981"	"0.00014"	"1264.61983"	"0.00023"	"710"	""		"162410.1736"	"170317.6884"	"2s2.2p5.(2P*<1/2>).3d"	"2[5/2]*"	"3"	"2s2.2p5.(2P*<1/2>).5f"	"2[7/2]"	"4"		""	"L9097"	
"1265.44433"	"0.00014"	"1265.44445"	"0.00023"	"330"	""		"161636.6175"	"169538.9794"	"2s2.2p5.(2P*<3/2>).3d"	"2[3/2]*"	"1"	"2s2.2p5.(2P*<3/2>).5f"	"2[5/2]"	"2"		""	"L9097"	
"1266.18089"	"0.00014"	"1266.18105"	"0.00023"	"470"	""		"162419.9818"	"170317.7465"	"2s2.2p5.(2P*<1/2>).3d"	"2[3/2]*"	"2"	"2s2.2p5.(2P*<1/2>).5f"	"2[5/2]"	"3"		""	"L9097"	
"1266.80709"	"0.00014"	"1266.80900"	"0.00023"	"98*"	""		"161636.6175"	"169530.4673"	"2s2.2p5.(2P*<3/2>).3d"	"2[3/2]*"	"1"	"2s2.2p5.(2P*<3/2>).5f"	"2[3/2]"	"1"		""	"L9097"	
"1266.80709"	"0.00014"	"1266.80597"	"0.00023"	"98*"	""		"161636.6175"	"169530.4862"	"2s2.2p5.(2P*<3/2>).3d"	"2[3/2]*"	"1"	"2s2.2p5.(2P*<3/2>).5f"	"2[3/2]"	"2"		""	"L9097"	
"1268.70027"	"0.00014"	"1268.70042"	"0.00023"	"300"	""		"162435.6780"	"170317.7594"	"2s2.2p5.(2P*<1/2>).3d"	"2[3/2]*"	"1"	"2s2.2p5.(2P*<1/2>).5f"	"2[5/2]"	"2"		""	"L9097"	
"1269.26745"	"0.00014"	"1269.26721"	"0.00023"	"6500"	"1.79e+06"	C+	"150917.4307"	"158795.9924"	"2s2.2p5.(2P*<3/2>).3p"	"2[1/2]"	"0"	"2s2.2p5.(2P*<3/2>).4s"	"2[3/2]*"	"1"		"T6976"	"L9097"	
"1272.2276"	"0.0002"	"1272.22778"	"0.00023"	"23"	""		"163012.6247"	"170872.8524"	"2s2.2p5.(2P*<3/2>).4p"	"2[3/2]"	"1"	"2s2.2p5.(2P*<3/2>).6d"	"2[5/2]*"	"2"		""	"L9097"	
"1273.0267"	"0.0004"	"1273.0261"	"0.0004"	"11"	""		"163012.6247"	"170867.923"	"2s2.2p5.(2P*<3/2>).4p"	"2[3/2]"	"1"	"2s2.2p5.(2P*<3/2>).6d"	"2[3/2]*"	"1"		""	"L9097"	
"1274.97132"	"0.00015"	"1274.97145"	"0.00023"	"540"	""		"161699.6613"	"169542.9742"	"2s2.2p5.(2P*<3/2>).3d"	"2[5/2]*"	"2"	"2s2.2p5.(2P*<3/2>).5f"	"2[7/2]"	"3"		""	"L9097"	
"1275.26124"	"0.00015"	"1275.26156"	"0.00023"	"710"	""		"161701.4486"	"169542.9772"	"2s2.2p5.(2P*<3/2>).3d"	"2[5/2]*"	"3"	"2s2.2p5.(2P*<3/2>).5f"	"2[7/2]"	"4"		""	"L9097"	
"1275.62108"	"0.00014"	"1275.62320"	"0.00023"	"120*"	""		"161699.6613"	"169538.9668"	"2s2.2p5.(2P*<3/2>).3d"	"2[5/2]*"	"2"	"2s2.2p5.(2P*<3/2>).5f"	"2[5/2]"	"3"		""	"L9097"	
"1275.62108"	"0.00014"	"1275.62115"	"0.00023"	"120*"	""		"161699.6613"	"169538.9794"	"2s2.2p5.(2P*<3/2>).3d"	"2[5/2]*"	"2"	"2s2.2p5.(2P*<3/2>).5f"	"2[5/2]"	"2"		""	"L9097"	
"1275.91401"	"0.00014"	"1275.91410"	"0.00023"	"170"	""		"161701.4486"	"169538.9668"	"2s2.2p5.(2P*<3/2>).3d"	"2[5/2]*"	"3"	"2s2.2p5.(2P*<3/2>).5f"	"2[5/2]"	"3"		""	"L9097"	
"1276.34399"	"0.00016"	"1276.34401"	"0.00023"	"37"	""		"163038.3544"	"170873.2327"	"2s2.2p5.(2P*<3/2>).4p"	"2[3/2]"	"2"	"2s2.2p5.(2P*<3/2>).6d"	"2[5/2]*"	"3"		""	"L9097"	
"1277.0074"	"0.0003"	"1277.00776"	"0.00023"	"6*"	""		"161699.6613"	"169530.4673"	"2s2.2p5.(2P*<3/2>).3d"	"2[5/2]*"	"2"	"2s2.2p5.(2P*<3/2>).5f"	"2[3/2]"	"1"		""	"L9097"	
"1277.0074"	"0.0003"	"1277.00467"	"0.00023"	"6*"	""		"161699.6613"	"169530.4862"	"2s2.2p5.(2P*<3/2>).3d"	"2[5/2]*"	"2"	"2s2.2p5.(2P*<3/2>).5f"	"2[3/2]"	"2"		""	"L9097"	
"1277.30181"	"0.00014"	"1277.30178"	"0.00023"	"1600"	"2.44e+05"	C+	"150772.1118"	"158601.1152"	"2s2.2p5.(2P*<1/2>).3p"	"2[3/2]"	"1"	"2s2.2p5.(2P*<3/2>).4s"	"2[3/2]*"	"2"		"T6976"	"L9097"	
"1278.0147"	"0.0003"	"1278.01490"	"0.00024"	"16"	""		"163038.3544"	"170862.9893"	"2s2.2p5.(2P*<3/2>).4p"	"2[3/2]"	"2"	"2s2.2p5.(2P*<3/2>).6d"	"2[3/2]*"	"2"		""	"L9097"	
"1285.6550"	"0.0004"	"1285.65534"	"0.00023"	"5"	"7.34e+04"	C+	"162517.8755"	"170296.0099"	"2s2.2p5.(2P*<3/2>).4p"	"2[1/2]"	"1"	"2s2.2p5.(2P*<1/2>).5d"	"2[3/2]*"	"1"		"T6976"	"L9097"	
"1286.7610"	"0.0003"	"1286.7614"	"0.0003"	"7"	"8.30e+04"	C+	"162517.8755"	"170289.3243"	"2s2.2p5.(2P*<3/2>).4p"	"2[1/2]"	"1"	"2s2.2p5.(2P*<1/2>).5d"	"2[5/2]*"	"2"		"T6976"	"L9097"	
"1286.8249"	"0.0002"	"1286.82474"	"0.00023"	"11"	"1.41e+05"	C+	"162517.8755"	"170288.9415"	"2s2.2p5.(2P*<3/2>).4p"	"2[1/2]"	"1"	"2s2.2p5.(2P*<1/2>).5d"	"2[3/2]*"	"2"		"T6976"	"L9097"	
"1289.06881"	"0.00017"	"1289.06844"	"0.00023"	"14"	""		"151038.4524"	"158795.9924"	"2s2.2p5.(2P*<1/2>).3p"	"2[1/2]"	"1"	"2s2.2p5.(2P*<3/2>).4s"	"2[3/2]*"	"1"		""	"L9097"	
"1291.55459"	"0.00014"	"1291.55459"	"0.00024"	"8400"	"1.32e+06"	C+	"150858.5079"	"158601.1152"	"2s2.2p5.(2P*<1/2>).3p"	"2[3/2]"	"2"	"2s2.2p5.(2P*<3/2>).4s"	"2[3/2]*"	"2"		"T6976"	"L9097"	
"1298.36239"	"0.00015"	"1298.36244"	"0.00024"	"25"	""		"162830.7073"	"170532.7169"	"2s2.2p5.(2P*<3/2>).4p"	"2[5/2]"	"3"	"2s2.2p5.(2P*<3/2>).7s"	"2[3/2]*"	"2"		""	"L9097"	
"1305.8359"	"0.0003"	"1305.83566"	"0.00024"	"12"	""		"162899.1169"	"170557.0484"	"2s2.2p5.(2P*<3/2>).4p"	"2[5/2]"	"2"	"2s2.2p5.(2P*<3/2>).7s"	"2[3/2]*"	"1"		""	"L9097"	
"1306.2387"	"0.0003"	"1306.23869"	"0.00024"	"6"	""		"163657.2726"	"171312.8413"	"2s2.2p5.(2P*<1/2>).4p"	"2[3/2]"	"1"	"2s2.2p5.(2P*<1/2>).7s"	"2[1/2]*"	"0"		""	"L9097"	
"1309.9978"	"0.0004"	"1309.99790"	"0.00024"	"6"	""		"162899.1169"	"170532.7169"	"2s2.2p5.(2P*<3/2>).4p"	"2[5/2]"	"2"	"2s2.2p5.(2P*<3/2>).7s"	"2[3/2]*"	"2"		""	"L9097"	
"1312.9761"	"0.0005"	"1312.97615"	"0.00024"	"6"	""		"163707.7261"	"171324.0107"	"2s2.2p5.(2P*<1/2>).4p"	"2[1/2]"	"1"	"2s2.2p5.(2P*<1/2>).7s"	"2[1/2]*"	"1"		""	"L9097"	
"1313.1271"	"0.0002"	"1313.12732"	"0.00024"	"12"	""		"163708.6029"	"171324.0107"	"2s2.2p5.(2P*<1/2>).4p"	"2[3/2]"	"2"	"2s2.2p5.(2P*<1/2>).7s"	"2[1/2]*"	"1"		""	"L9097"	
"1314.9041"	"0.0005"	"1314.90447"	"0.00024"	"5"	""		"163707.7261"	"171312.8413"	"2s2.2p5.(2P*<1/2>).4p"	"2[1/2]"	"1"	"2s2.2p5.(2P*<1/2>).7s"	"2[1/2]*"	"0"		""	"L9097"	
"1322.28579"	"0.00014"	"1322.28558"	"0.00025"	"4500"	"7.52e+05"	C+	"151038.4524"	"158601.1152"	"2s2.2p5.(2P*<1/2>).3p"	"2[1/2]"	"1"	"2s2.2p5.(2P*<3/2>).4s"	"2[3/2]*"	"2"		"T6976"	"L9097"	
"1325.4823"	"0.0002"	"1325.48229"	"0.00025"	"8"	""		"163012.6247"	"170557.0484"	"2s2.2p5.(2P*<3/2>).4p"	"2[3/2]"	"1"	"2s2.2p5.(2P*<3/2>).7s"	"2[3/2]*"	"1"		""	"L9097"	
"1330.0183"	"0.0004"	"1330.0182"	"0.0003"	"6"	""		"163038.3544"	"170557.0484"	"2s2.2p5.(2P*<3/2>).4p"	"2[3/2]"	"2"	"2s2.2p5.(2P*<3/2>).7s"	"2[3/2]*"	"1"		""	"L9097"	
"1334.3362"	"0.0003"	"1334.3363"	"0.0003"	"10"	""		"163038.3544"	"170532.7169"	"2s2.2p5.(2P*<3/2>).4p"	"2[3/2]"	"2"	"2s2.2p5.(2P*<3/2>).7s"	"2[3/2]*"	"2"		""	"L9097"	
"1339.2952"	"0.0005"	"1339.2946"	"0.0004"	"7"	""		"163401.3061"	"170867.923"	"2s2.2p5.(2P*<3/2>).4p"	"2[1/2]"	"0"	"2s2.2p5.(2P*<3/2>).6d"	"2[3/2]*"	"1"		""	"L9097"	
"1353.0772"	"0.0004"	"1353.0772"	"0.0003"	"5"	"3.15e+04"	C+	"162899.1169"	"170289.6782"	"2s2.2p5.(2P*<3/2>).4p"	"2[5/2]"	"2"	"2s2.2p5.(2P*<1/2>).5d"	"2[5/2]*"	"3"		"T6976"	"L9097"	
"1358.8803"	"0.0007"	"1358.8812"	"0.0006"	"5"	""		"164285.8872"	"171644.882"	"2s2.2p5.(2P*<1/2>).4p"	"2[1/2]"	"0"	"2s2.2p5.(2P*<1/2>).6d"	"2[3/2]*"	"1"		""	"L9097"	
"1374.2491"	"0.0004"	"1374.2494"	"0.0003"	"4"	"3.70e+04"	C+	"163012.6247"	"170289.3243"	"2s2.2p5.(2P*<3/2>).4p"	"2[3/2]"	"1"	"2s2.2p5.(2P*<1/2>).5d"	"2[5/2]*"	"2"		"T6976"	"L9097"	
"1387.0096"	"0.0002"	"1387.0095"	"0.0003"	"9"	""		"162517.8755"	"169727.6312"	"2s2.2p5.(2P*<3/2>).4p"	"2[1/2]"	"1"	"2s2.2p5.(2P*<1/2>).6s"	"2[1/2]*"	"1"		""	"L9097"	
"1391.1976"	"0.0003"	"1391.1975"	"0.0003"	"5"	""		"162517.8755"	"169705.9275"	"2s2.2p5.(2P*<3/2>).4p"	"2[1/2]"	"1"	"2s2.2p5.(2P*<1/2>).6s"	"2[1/2]*"	"0"		""	"L9097"	
"1397.4792"	"0.0005"	"1397.4791"	"0.0003"	"3"	""		"163401.3061"	"170557.0484"	"2s2.2p5.(2P*<3/2>).4p"	"2[1/2]"	"0"	"2s2.2p5.(2P*<3/2>).7s"	"2[3/2]*"	"1"		""	"L9097"	
"1401.6752"	"0.0005"	"1401.6751"	"0.0003"	"4"	""		"162408.6535"	"169542.9742"	"2s2.2p5.(2P*<1/2>).3d"	"2[5/2]*"	"2"	"2s2.2p5.(2P*<3/2>).5f"	"2[7/2]"	"3"		""	"L9097"	
"1401.9732"	"0.0006"	"1401.9733"	"0.0003"	"6"	""		"162410.1736"	"169542.9772"	"2s2.2p5.(2P*<1/2>).3d"	"2[5/2]*"	"3"	"2s2.2p5.(2P*<3/2>).5f"	"2[7/2]"	"4"		""	"L9097"	
"1404.6946"	"0.0003"	"1404.6946"	"0.0003"	"9"	""		"162419.9818"	"169538.9668"	"2s2.2p5.(2P*<1/2>).3d"	"2[3/2]*"	"2"	"2s2.2p5.(2P*<3/2>).5f"	"2[5/2]"	"3"		""	"L9097"	
"1407.7958"	"0.0004"	"1407.7961"	"0.0003"	"5"	""		"162435.6780"	"169538.9794"	"2s2.2p5.(2P*<1/2>).3d"	"2[3/2]*"	"1"	"2s2.2p5.(2P*<3/2>).5f"	"2[5/2]"	"2"		""	"L9097"	
"1428.7508"	"0.0011"	"1428.7512"	"0.0003"	"7"	"8.51e+04"	C+	"162517.8755"	"169516.9948"	"2s2.2p5.(2P*<3/2>).4p"	"2[1/2]"	"1"	"2s2.2p5.(2P*<3/2>).5d"	"2[3/2]*"	"1"		"T6976"	"L9097"	
"1430.47431"	"0.00016"	"1430.4745"	"0.0003"	"130"	"1.10e+06"	B	"162517.8755"	"169508.5627"	"2s2.2p5.(2P*<3/2>).4p"	"2[1/2]"	"1"	"2s2.2p5.(2P*<3/2>).5d"	"2[3/2]*"	"2"		"T6976"	"L9097"	
"1434.60814"	"0.00016"	"1434.6083"	"0.0003"	"120"	"1.71e+06"	C+	"162517.8755"	"169488.4193"	"2s2.2p5.(2P*<3/2>).4p"	"2[1/2]"	"1"	"2s2.2p5.(2P*<3/2>).5d"	"2[1/2]*"	"1"		"T6976"	"L9097"	
"1435.72729"	"0.00016"	"1435.7274"	"0.0003"	"51"	"2.13e+06"	C+	"162517.8755"	"169482.9862"	"2s2.2p5.(2P*<3/2>).4p"	"2[1/2]"	"1"	"2s2.2p5.(2P*<3/2>).5d"	"2[1/2]*"	"0"		"T6976"	"L9097"	
"1438.8045"	"0.0005"	"1438.8048"	"0.0003"	"5"	"5.8e+04"	C	"161636.6175"	"168586.8304"	"2s2.2p5.(2P*<3/2>).3d"	"2[3/2]*"	"1"	"2s2.2p5.(2P*<1/2>).5p"	"2[1/2]"	"0"		"T6976"	"L9097"	
"1450.38851"	"0.00018"	"1450.3886"	"0.0003"	"18"	"3.55e+05"	C+	"163401.3061"	"170296.0099"	"2s2.2p5.(2P*<3/2>).4p"	"2[1/2]"	"0"	"2s2.2p5.(2P*<1/2>).5d"	"2[3/2]*"	"1"		"T6976"	"L9097"	
"1493.38864"	"0.00017"	"1493.3889"	"0.0003"	"110"	"7.14e+05"	B	"162830.7073"	"169526.8869"	"2s2.2p5.(2P*<3/2>).4p"	"2[5/2]"	"3"	"2s2.2p5.(2P*<3/2>).5d"	"2[5/2]*"	"3"		"T6976"	"L9097"	
"1493.5264"	"0.0003"	"1493.5263"	"0.0003"	"7"	"5.22e+04"	C+	"162830.7073"	"169526.2708"	"2s2.2p5.(2P*<3/2>).4p"	"2[5/2]"	"3"	"2s2.2p5.(2P*<3/2>).5d"	"2[5/2]*"	"2"		"T6976"	"L9097"	
"1497.4865"	"0.0002"	"1497.4868"	"0.0003"	"15"	"1.14e+05"	C+	"162830.7073"	"169508.5627"	"2s2.2p5.(2P*<3/2>).4p"	"2[5/2]"	"3"	"2s2.2p5.(2P*<3/2>).5d"	"2[3/2]*"	"2"		"T6976"	"L9097"	
"1498.8949"	"0.0002"	"1498.8949"	"0.0003"	"22"	"1.25e+05"	C+	"162830.7073"	"169502.2893"	"2s2.2p5.(2P*<3/2>).4p"	"2[5/2]"	"3"	"2s2.2p5.(2P*<3/2>).5d"	"2[7/2]*"	"3"		"T6976"	"L9097"	
"1499.04149"	"0.00016"	"1499.0418"	"0.0003"	"530"	"2.46e+06"	B+	"162830.7073"	"169501.6353"	"2s2.2p5.(2P*<3/2>).4p"	"2[5/2]"	"3"	"2s2.2p5.(2P*<3/2>).5d"	"2[7/2]*"	"4"		"T6976"	"L9097"	
"1506.31048"	"0.00020"	"1506.3105"	"0.0003"	"19"	"3.48e+05"	C+	"163657.2726"	"170296.0099"	"2s2.2p5.(2P*<1/2>).4p"	"2[3/2]"	"1"	"2s2.2p5.(2P*<1/2>).5d"	"2[3/2]*"	"1"		"T6976"	"L9097"	
"1507.82883"	"0.00017"	"1507.8290"	"0.0004"	"140"	"1.60e+06"	B	"163657.2726"	"170289.3243"	"2s2.2p5.(2P*<1/2>).4p"	"2[3/2]"	"1"	"2s2.2p5.(2P*<1/2>).5d"	"2[5/2]*"	"2"		"T6976"	"L9097"	
"1507.91629"	"0.00017"	"1507.9161"	"0.0003"	"48"	"5.73e+05"	C+	"163657.2726"	"170288.9415"	"2s2.2p5.(2P*<1/2>).4p"	"2[3/2]"	"1"	"2s2.2p5.(2P*<1/2>).5d"	"2[3/2]*"	"2"		"T6976"	"L9097"	
"1508.8034"	"0.0009"	"1508.8031"	"0.0003"	"4"	"2.12e+04"	C+	"162899.1169"	"169526.8869"	"2s2.2p5.(2P*<3/2>).4p"	"2[5/2]"	"2"	"2s2.2p5.(2P*<3/2>).5d"	"2[5/2]*"	"3"		"T6976"	"L9097"	
"1508.94329"	"0.00017"	"1508.9434"	"0.0003"	"94"	"8.20e+05"	C+	"162899.1169"	"169526.2708"	"2s2.2p5.(2P*<3/2>).4p"	"2[5/2]"	"2"	"2s2.2p5.(2P*<3/2>).5d"	"2[5/2]*"	"2"		"T6976"	"L9097"	
"1511.0582"	"0.0002"	"1511.0584"	"0.0003"	"13"	"1.63e+05"	C+	"162899.1169"	"169516.9948"	"2s2.2p5.(2P*<3/2>).4p"	"2[5/2]"	"2"	"2s2.2p5.(2P*<3/2>).5d"	"2[3/2]*"	"1"		"T6976"	"L9097"	
"1512.9862"	"0.0005"	"1512.9862"	"0.0003"	"5"	"3.42e+04"	C+	"162899.1169"	"169508.5627"	"2s2.2p5.(2P*<3/2>).4p"	"2[5/2]"	"2"	"2s2.2p5.(2P*<3/2>).5d"	"2[3/2]*"	"2"		"T6976"	"L9097"	
"1514.42356"	"0.00017"	"1514.4236"	"0.0003"	"350"	"2.09e+06"	B+	"162899.1169"	"169502.2893"	"2s2.2p5.(2P*<3/2>).4p"	"2[5/2]"	"2"	"2s2.2p5.(2P*<3/2>).5d"	"2[7/2]*"	"3"		"T6976"	"L9097"	
"1517.6111"	"0.0004"	"1517.6113"	"0.0003"	"6"	"6.52e+04"	C+	"162899.1169"	"169488.4193"	"2s2.2p5.(2P*<3/2>).4p"	"2[5/2]"	"2"	"2s2.2p5.(2P*<3/2>).5d"	"2[1/2]*"	"1"		"T6976"	"L9097"	
"1517.84581"	"0.00019"	"1517.8460"	"0.0003"	"32"	"5.95e+05"	C+	"163707.7261"	"170296.0099"	"2s2.2p5.(2P*<1/2>).4p"	"2[1/2]"	"1"	"2s2.2p5.(2P*<1/2>).5d"	"2[3/2]*"	"1"		"T6976"	"L9097"	
"1518.0482"	"0.0007"	"1518.0480"	"0.0003"	"4"	"6.39e+04"	C+	"163708.6029"	"170296.0099"	"2s2.2p5.(2P*<1/2>).4p"	"2[3/2]"	"2"	"2s2.2p5.(2P*<1/2>).5d"	"2[3/2]*"	"1"		"T6976"	"L9097"	
"1519.38747"	"0.00018"	"1519.3878"	"0.0004"	"63"	"7.17e+05"	C+	"163707.7261"	"170289.3243"	"2s2.2p5.(2P*<1/2>).4p"	"2[1/2]"	"1"	"2s2.2p5.(2P*<1/2>).5d"	"2[5/2]*"	"2"		"T6976"	"L9097"	
"1519.47634"	"0.00017"	"1519.4762"	"0.0003"	"99"	"1.12e+06"	B	"163707.7261"	"170288.9415"	"2s2.2p5.(2P*<1/2>).4p"	"2[1/2]"	"1"	"2s2.2p5.(2P*<1/2>).5d"	"2[3/2]*"	"2"		"T6976"	"L9097"	
"1519.50832"	"0.00017"	"1519.5085"	"0.0004"	"270"	"2.33e+06"	B+	"163708.6029"	"170289.6782"	"2s2.2p5.(2P*<1/2>).4p"	"2[3/2]"	"2"	"2s2.2p5.(2P*<1/2>).5d"	"2[5/2]*"	"3"		"T6976"	"L9097"	
"1519.67882"	"0.00018"	"1519.6786"	"0.0003"	"48"	"5.76e+05"	C+	"163708.6029"	"170288.9415"	"2s2.2p5.(2P*<1/2>).4p"	"2[3/2]"	"2"	"2s2.2p5.(2P*<1/2>).5d"	"2[3/2]*"	"2"		"T6976"	"L9097"	
"1523.48765"	"0.00017"	"1523.4876"	"0.0003"	"5300"	"1.40e+06"	C+	"152970.7328"	"159534.6196"	"2s2.2p5.(2P*<1/2>).3p"	"2[1/2]"	"0"	"2s2.2p5.(2P*<1/2>).4s"	"2[1/2]*"	"1"		"T6976"	"L9097"	
"1535.23836"	"0.00017"	"1535.2385"	"0.0003"	"160"	"1.42e+06"	B	"163012.6247"	"169526.2708"	"2s2.2p5.(2P*<3/2>).4p"	"2[3/2]"	"1"	"2s2.2p5.(2P*<3/2>).5d"	"2[5/2]*"	"2"		"T6976"	"L9097"	
"1537.42789"	"0.00017"	"1537.4279"	"0.0003"	"74"	"1.05e+06"	C+	"163012.6247"	"169516.9948"	"2s2.2p5.(2P*<3/2>).4p"	"2[3/2]"	"1"	"2s2.2p5.(2P*<3/2>).5d"	"2[3/2]*"	"1"		"T6976"	"L9097"	
"1539.4233"	"0.0002"	"1539.4236"	"0.0003"	"17"	"1.28e+05"	C+	"163012.6247"	"169508.5627"	"2s2.2p5.(2P*<3/2>).4p"	"2[3/2]"	"1"	"2s2.2p5.(2P*<3/2>).5d"	"2[3/2]*"	"2"		"T6976"	"L9097"	
"1541.18032"	"0.00017"	"1541.1805"	"0.0003"	"250"	"1.60e+06"	B+	"163038.3544"	"169526.8869"	"2s2.2p5.(2P*<3/2>).4p"	"2[3/2]"	"2"	"2s2.2p5.(2P*<3/2>).5d"	"2[5/2]*"	"3"		"T6976"	"L9097"	
"1541.3269"	"0.0006"	"1541.3269"	"0.0003"	"6"	"3.21e+04"	C+	"163038.3544"	"169526.2708"	"2s2.2p5.(2P*<3/2>).4p"	"2[3/2]"	"2"	"2s2.2p5.(2P*<3/2>).5d"	"2[5/2]*"	"2"		"T6976"	"L9097"	
"1543.5339"	"0.0007"	"1543.5337"	"0.0003"	"4"	"3.78e+04"	C+	"163038.3544"	"169516.9948"	"2s2.2p5.(2P*<3/2>).4p"	"2[3/2]"	"2"	"2s2.2p5.(2P*<3/2>).5d"	"2[3/2]*"	"1"		"T6976"	"L9097"	
"1545.5085"	"0.0003"	"1545.5087"	"0.0003"	"11"	"3.49e+05"	C+	"163012.6247"	"169482.9862"	"2s2.2p5.(2P*<3/2>).4p"	"2[3/2]"	"1"	"2s2.2p5.(2P*<3/2>).5d"	"2[1/2]*"	"0"		"T6976"	"L9097"	
"1545.54506"	"0.00017"	"1545.5453"	"0.0003"	"110"	"1.02e+06"	B	"163038.3544"	"169508.5627"	"2s2.2p5.(2P*<3/2>).4p"	"2[3/2]"	"2"	"2s2.2p5.(2P*<3/2>).5d"	"2[3/2]*"	"2"		"T6976"	"L9097"	
"1547.04528"	"0.00019"	"1547.0453"	"0.0003"	"25"	"1.40e+05"	C+	"163038.3544"	"169502.2893"	"2s2.2p5.(2P*<3/2>).4p"	"2[3/2]"	"2"	"2s2.2p5.(2P*<3/2>).5d"	"2[7/2]*"	"3"		"T6976"	"L9097"	
"1550.3719"	"0.0002"	"1550.3720"	"0.0003"	"23"	"3.49e+05"	C+	"163038.3544"	"169488.4193"	"2s2.2p5.(2P*<3/2>).4p"	"2[3/2]"	"2"	"2s2.2p5.(2P*<3/2>).5d"	"2[1/2]*"	"1"		"T6976"	"L9097"	
"1550.5133"	"0.0003"	"1550.5133"	"0.0003"	"13"	""		"162517.8755"	"168967.3526"	"2s2.2p5.(2P*<3/2>).4p"	"2[1/2]"	"1"	"2s2.2p5.(2P*<3/2>).6s"	"2[3/2]*"	"1"		""	"L9097"	
"1560.84777"	"0.00017"	"1560.8478"	"0.0003"	"65"	""		"162517.8755"	"168924.6500"	"2s2.2p5.(2P*<3/2>).4p"	"2[1/2]"	"1"	"2s2.2p5.(2P*<3/2>).6s"	"2[3/2]*"	"2"		""	"L9097"	
"1576.5356"	"0.0004"	"1576.5360"	"0.0004"	"4"	"3.19e+04"	C	"161524.1739"	"167867.1941"	"2s2.2p5.(2P*<3/2>).3d"	"2[1/2]*"	"1"	"2s2.2p5.(2P*<3/2>).5p"	"2[1/2]"	"0"		"T6976"	"L9097"	
"1580.6965"	"0.0005"	"1580.6965"	"0.0004"	"4"	""		"163401.3061"	"169727.6312"	"2s2.2p5.(2P*<3/2>).4p"	"2[1/2]"	"0"	"2s2.2p5.(2P*<1/2>).6s"	"2[1/2]*"	"1"		""	"L9097"	
"1581.6501"	"0.0004"	"1581.6500"	"0.0004"	"7"	""		"161524.1739"	"167846.6854"	"2s2.2p5.(2P*<3/2>).3d"	"2[1/2]*"	"1"	"2s2.2p5.(2P*<1/2>).4f"	"2[5/2]"	"2"		""	"L9097"	
"1602.71469"	"0.00018"	"1602.7149"	"0.0004"	"130"	""		"161607.2609"	"167846.6738"	"2s2.2p5.(2P*<3/2>).3d"	"2[3/2]*"	"2"	"2s2.2p5.(2P*<1/2>).4f"	"2[5/2]"	"3"		""	"L9097"	
"1604.9882"	"0.0003"	"1604.9879"	"0.0004"	"5"	"5.85e+04"	C+	"161636.6175"	"167867.1941"	"2s2.2p5.(2P*<3/2>).3d"	"2[3/2]*"	"1"	"2s2.2p5.(2P*<3/2>).5p"	"2[1/2]"	"0"		"T6976"	"L9097"	
"1610.28840"	"0.00018"	"1610.2884"	"0.0004"	"47"	""		"161636.6175"	"167846.6854"	"2s2.2p5.(2P*<3/2>).3d"	"2[3/2]*"	"1"	"2s2.2p5.(2P*<1/2>).4f"	"2[5/2]"	"2"		""	"L9097"	
"1625.7112"	"0.0007"	"1625.7116"	"0.0004"	"5"	"4.04e+04"	C	"162435.6780"	"168586.8304"	"2s2.2p5.(2P*<1/2>).3d"	"2[3/2]*"	"1"	"2s2.2p5.(2P*<1/2>).5p"	"2[1/2]"	"0"		"T6976"	"L9097"	
"1626.8035"	"0.0005"	"1626.8034"	"0.0004"	"7"	""		"161699.6613"	"167846.6854"	"2s2.2p5.(2P*<3/2>).3d"	"2[5/2]*"	"2"	"2s2.2p5.(2P*<1/2>).4f"	"2[5/2]"	"2"		""	"L9097"	
"1626.86908"	"0.00019"	"1626.8692"	"0.0004"	"44"	""		"161699.6613"	"167846.4371"	"2s2.2p5.(2P*<3/2>).3d"	"2[5/2]*"	"2"	"2s2.2p5.(2P*<1/2>).4f"	"2[7/2]"	"3"		""	"L9097"	
"1627.2797"	"0.0003"	"1627.2797"	"0.0004"	"8"	""		"161701.4486"	"167846.6738"	"2s2.2p5.(2P*<3/2>).3d"	"2[5/2]*"	"3"	"2s2.2p5.(2P*<1/2>).4f"	"2[5/2]"	"3"		""	"L9097"	
"1627.34004"	"0.00018"	"1627.3401"	"0.0004"	"63"	""		"161701.4486"	"167846.4456"	"2s2.2p5.(2P*<3/2>).3d"	"2[5/2]*"	"3"	"2s2.2p5.(2P*<1/2>).4f"	"2[7/2]"	"4"		""	"L9097"	
"1635.13887"	"0.00019"	"1635.1388"	"0.0004"	"40"	"5.57e+05"	C+	"163401.3061"	"169516.9948"	"2s2.2p5.(2P*<3/2>).4p"	"2[1/2]"	"0"	"2s2.2p5.(2P*<3/2>).5d"	"2[3/2]*"	"1"		"T6976"	"L9097"	
"1640.97373"	"0.00018"	"1640.9737"	"0.0004"	"150"	""		"162830.7073"	"168924.6500"	"2s2.2p5.(2P*<3/2>).4p"	"2[5/2]"	"3"	"2s2.2p5.(2P*<3/2>).6s"	"2[3/2]*"	"2"		""	"L9097"	
"1642.8149"	"0.0003"	"1642.8149"	"0.0004"	"15"	"1.85e+05"	C+	"163401.3061"	"169488.4193"	"2s2.2p5.(2P*<3/2>).4p"	"2[1/2]"	"0"	"2s2.2p5.(2P*<3/2>).5d"	"2[1/2]*"	"1"		"T6976"	"L9097"	
"1647.3492"	"0.0002"	"1647.3491"	"0.0004"	"19"	""		"163657.2726"	"169727.6312"	"2s2.2p5.(2P*<1/2>).4p"	"2[3/2]"	"1"	"2s2.2p5.(2P*<1/2>).6s"	"2[1/2]*"	"1"		""	"L9097"	
"1647.92536"	"0.00018"	"1647.9254"	"0.0004"	"81"	""		"162899.1169"	"168967.3526"	"2s2.2p5.(2P*<3/2>).4p"	"2[5/2]"	"2"	"2s2.2p5.(2P*<3/2>).6s"	"2[3/2]*"	"1"		""	"L9097"	
"1653.26019"	"0.00019"	"1653.2601"	"0.0004"	"34"	""		"163657.2726"	"169705.9275"	"2s2.2p5.(2P*<1/2>).4p"	"2[3/2]"	"1"	"2s2.2p5.(2P*<1/2>).6s"	"2[1/2]*"	"0"		""	"L9097"	
"1659.60411"	"0.00019"	"1659.6042"	"0.0004"	"34"	""		"162899.1169"	"168924.6500"	"2s2.2p5.(2P*<3/2>).4p"	"2[5/2]"	"2"	"2s2.2p5.(2P*<3/2>).6s"	"2[3/2]*"	"2"		""	"L9097"	
"1661.1556"	"0.0002"	"1661.1558"	"0.0004"	"30"	""		"163707.7261"	"169727.6312"	"2s2.2p5.(2P*<1/2>).4p"	"2[1/2]"	"1"	"2s2.2p5.(2P*<1/2>).6s"	"2[1/2]*"	"1"		""	"L9097"	
"1661.39757"	"0.00018"	"1661.3977"	"0.0004"	"89"	""		"163708.6029"	"169727.6312"	"2s2.2p5.(2P*<1/2>).4p"	"2[3/2]"	"2"	"2s2.2p5.(2P*<1/2>).6s"	"2[1/2]*"	"1"		""	"L9097"	
"1663.85935"	"0.00019"	"1663.8595"	"0.0004"	"35"	"6.75e+05"	C+	"164285.8872"	"170296.0099"	"2s2.2p5.(2P*<1/2>).4p"	"2[1/2]"	"0"	"2s2.2p5.(2P*<1/2>).5d"	"2[3/2]*"	"1"		"T6976"	"L9097"	
"1667.1664"	"0.0002"	"1667.1664"	"0.0004"	"16"	""		"163707.7261"	"169705.9275"	"2s2.2p5.(2P*<1/2>).4p"	"2[1/2]"	"1"	"2s2.2p5.(2P*<1/2>).6s"	"2[1/2]*"	"0"		""	"L9097"	
"1679.33780"	"0.00019"	"1679.3379"	"0.0004"	"54"	""		"163012.6247"	"168967.3526"	"2s2.2p5.(2P*<3/2>).4p"	"2[3/2]"	"1"	"2s2.2p5.(2P*<3/2>).6s"	"2[3/2]*"	"1"		""	"L9097"	
"1686.62554"	"0.00020"	"1686.6256"	"0.0004"	"37"	""		"163038.3544"	"168967.3526"	"2s2.2p5.(2P*<3/2>).4p"	"2[3/2]"	"2"	"2s2.2p5.(2P*<3/2>).6s"	"2[3/2]*"	"1"		""	"L9097"	
"1691.4677"	"0.0002"	"1691.4677"	"0.0004"	"11"	""		"163012.6247"	"168924.6500"	"2s2.2p5.(2P*<3/2>).4p"	"2[3/2]"	"1"	"2s2.2p5.(2P*<3/2>).6s"	"2[3/2]*"	"2"		""	"L9097"	
"1698.86133"	"0.00019"	"1698.8613"	"0.0004"	"67"	""		"163038.3544"	"168924.6500"	"2s2.2p5.(2P*<3/2>).4p"	"2[3/2]"	"2"	"2s2.2p5.(2P*<3/2>).6s"	"2[3/2]*"	"2"		""	"L9097"	
"1711.6810"	"0.0006"	"1711.6813"	"0.0004"	"5"	"1.09e+04"	C	"161607.2609"	"167449.4698"	"2s2.2p5.(2P*<3/2>).3d"	"2[3/2]*"	"2"	"2s2.2p5.(2P*<3/2>).5p"	"2[1/2]"	"1"		"T6976"	"L9097"	
"1716.66222"	"0.00019"	"1716.6617"	"0.0004"	"1800"	"4.37e+05"	C+	"152970.7328"	"158795.9924"	"2s2.2p5.(2P*<1/2>).3p"	"2[1/2]"	"0"	"2s2.2p5.(2P*<3/2>).4s"	"2[3/2]*"	"1"		"T6976"	"L9097"	
"1723.8892"	"0.0005"	"1723.8893"	"0.0004"	"7"	"4.76e+04"	C+	"163707.7261"	"169508.5627"	"2s2.2p5.(2P*<1/2>).4p"	"2[1/2]"	"1"	"2s2.2p5.(2P*<3/2>).5d"	"2[3/2]*"	"2"		"T6976"	"L9097"	
"1729.8963"	"0.0006"	"1729.8963"	"0.0004"	"7"	"7.00e+04"	C+	"163707.7261"	"169488.4193"	"2s2.2p5.(2P*<1/2>).4p"	"2[1/2]"	"1"	"2s2.2p5.(2P*<3/2>).5d"	"2[1/2]*"	"1"		"T6976"	"L9097"	
"1731.5238"	"0.0006"	"1731.5237"	"0.0004"	"4"	"8.59e+04"	C+	"163707.7261"	"169482.9862"	"2s2.2p5.(2P*<1/2>).4p"	"2[1/2]"	"1"	"2s2.2p5.(2P*<3/2>).5d"	"2[1/2]*"	"0"		"T6976"	"L9097"	
"1796.6073"	"0.0002"	"1796.6073"	"0.0005"	"13"	""		"163401.3061"	"168967.3526"	"2s2.2p5.(2P*<3/2>).4p"	"2[1/2]"	"0"	"2s2.2p5.(2P*<3/2>).6s"	"2[3/2]*"	"1"		""	"L9097"	
"1803.45708"	"0.00020"	"1803.4573"	"0.0005"	"160"	""		"161524.1739"	"167069.0791"	"2s2.2p5.(2P*<3/2>).3d"	"2[1/2]*"	"1"	"2s2.2p5.(2P*<3/2>).4f"	"2[5/2]"	"2"		""	"L9097"	
"1804.07373"	"0.00020"	"1804.0736"	"0.0005"	"1900"	""		"161509.6305"	"167052.6415"	"2s2.2p5.(2P*<3/2>).3d"	"2[1/2]*"	"0"	"2s2.2p5.(2P*<3/2>).4f"	"2[3/2]"	"1"		""	"L9097"	
"1808.8119"	"0.0003"	"1808.8117"	"0.0005"	"4500"	""		"161524.1739"	"167052.6654"	"2s2.2p5.(2P*<3/2>).3d"	"2[1/2]*"	"1"	"2s2.2p5.(2P*<3/2>).4f"	"2[3/2]"	"2"		""	"L9097"	
"1808.8201"	"0.0004"	"1808.8195"	"0.0005"	"910"	""		"161524.1739"	"167052.6415"	"2s2.2p5.(2P*<3/2>).3d"	"2[1/2]*"	"1"	"2s2.2p5.(2P*<3/2>).4f"	"2[3/2]"	"1"		""	"L9097"	
"1821.52793"	"0.00020"	"1821.5285"	"0.0005"	"250"	"5.85e+05"	C+	"158795.9924"	"164285.8872"	"2s2.2p5.(2P*<3/2>).4s"	"2[3/2]*"	"1"	"2s2.2p5.(2P*<1/2>).4p"	"2[1/2]"	"0"		"T6976"	"L9097"	
"1822.60624"	"0.00020"	"1822.6063"	"0.0005"	"1600"	""		"161590.3412"	"167076.9896"	"2s2.2p5.(2P*<3/2>).3d"	"2[7/2]*"	"4"	"2s2.2p5.(2P*<3/2>).4f"	"2[7/2]"	"4"		""	"L9097"	
"1823.19929"	"0.00020"	"1823.1994"	"0.0005"	"1300"	""		"161592.1200"	"167076.9837"	"2s2.2p5.(2P*<3/2>).3d"	"2[7/2]*"	"3"	"2s2.2p5.(2P*<3/2>).4f"	"2[7/2]"	"3"		""	"L9097"	
"1825.24309"	"0.00020"	"1825.2426"	"0.0005"	"87"	""		"161590.3412"	"167069.0649"	"2s2.2p5.(2P*<3/2>).3d"	"2[7/2]*"	"4"	"2s2.2p5.(2P*<3/2>).4f"	"2[5/2]"	"3"		""	"L9097"	
"1825.83042"	"0.00020"	"1825.8307"	"0.0005"	"64"	""		"161592.1200"	"167069.0791"	"2s2.2p5.(2P*<3/2>).3d"	"2[7/2]*"	"3"	"2s2.2p5.(2P*<3/2>).4f"	"2[5/2]"	"2"		""	"L9097"	
"1828.16322"	"0.00020"	"1828.1635"	"0.0005"	"14000"	""		"161590.3412"	"167060.3115"	"2s2.2p5.(2P*<3/2>).3d"	"2[7/2]*"	"4"	"2s2.2p5.(2P*<3/2>).4f"	"2[9/2]"	"5"		""	"L9097"	
"1828.76064"	"0.00020"	"1828.7606"	"0.0005"	"10000"	""		"161592.1200"	"167060.3044"	"2s2.2p5.(2P*<3/2>).3d"	"2[7/2]*"	"3"	"2s2.2p5.(2P*<3/2>).4f"	"2[9/2]"	"4"		""	"L9097"	
"1830.89656"	"0.00020"	"1830.8969"	"0.0005"	"6800"	""		"161607.2609"	"167069.0649"	"2s2.2p5.(2P*<3/2>).3d"	"2[3/2]*"	"2"	"2s2.2p5.(2P*<3/2>).4f"	"2[5/2]"	"3"		""	"L9097"	
"1836.41077"	"0.00020"	"1836.4109"	"0.0005"	"1900"	""		"161607.2609"	"167052.6654"	"2s2.2p5.(2P*<3/2>).3d"	"2[3/2]*"	"2"	"2s2.2p5.(2P*<3/2>).4f"	"2[3/2]"	"2"		""	"L9097"	
"1837.6458"	"0.0003"	"1837.6462"	"0.0005"	"9"	""		"164285.8872"	"169727.6312"	"2s2.2p5.(2P*<1/2>).4p"	"2[1/2]"	"0"	"2s2.2p5.(2P*<1/2>).6s"	"2[1/2]*"	"1"		""	"L9097"	
"1838.90058"	"0.00020"	"1838.9006"	"0.0005"	"360"	""		"162408.6535"	"167846.6854"	"2s2.2p5.(2P*<1/2>).3d"	"2[5/2]*"	"2"	"2s2.2p5.(2P*<1/2>).4f"	"2[5/2]"	"2"		""	"L9097"	
"1838.98458"	"0.00020"	"1838.9845"	"0.0005"	"6400"	""		"162408.6535"	"167846.4371"	"2s2.2p5.(2P*<1/2>).3d"	"2[5/2]*"	"2"	"2s2.2p5.(2P*<1/2>).4f"	"2[7/2]"	"3"		""	"L9097"	
"1839.41888"	"0.00020"	"1839.4187"	"0.0005"	"480"	""		"162410.1736"	"167846.6738"	"2s2.2p5.(2P*<1/2>).3d"	"2[5/2]*"	"3"	"2s2.2p5.(2P*<1/2>).4f"	"2[5/2]"	"3"		""	"L9097"	
"1839.49582"	"0.00020"	"1839.4959"	"0.0005"	"8600"	""		"162410.1736"	"167846.4456"	"2s2.2p5.(2P*<1/2>).3d"	"2[5/2]*"	"3"	"2s2.2p5.(2P*<1/2>).4f"	"2[7/2]"	"4"		""	"L9097"	
"1840.78607"	"0.00020"	"1840.7861"	"0.0005"	"3900"	""		"161636.6175"	"167069.0791"	"2s2.2p5.(2P*<3/2>).3d"	"2[3/2]*"	"1"	"2s2.2p5.(2P*<3/2>).4f"	"2[5/2]"	"2"		""	"L9097"	
"1842.74320"	"0.00020"	"1842.7432"	"0.0005"	"6300"	""		"162419.9818"	"167846.6738"	"2s2.2p5.(2P*<1/2>).3d"	"2[3/2]*"	"2"	"2s2.2p5.(2P*<1/2>).4f"	"2[5/2]"	"3"		""	"L9097"	
"1842.8231"	"0.0007"	"1842.8236"	"0.0005"	"26"	""		"162419.9818"	"167846.4371"	"2s2.2p5.(2P*<1/2>).3d"	"2[3/2]*"	"2"	"2s2.2p5.(2P*<1/2>).4f"	"2[7/2]"	"3"		""	"L9097"	
"1846.36807"	"0.00020"	"1846.3729"	"0.0005"	"1300*"	""		"161636.6175"	"167052.6415"	"2s2.2p5.(2P*<3/2>).3d"	"2[3/2]*"	"1"	"2s2.2p5.(2P*<3/2>).4f"	"2[3/2]"	"1"		""	"L9097"	
"1846.36807"	"0.00020"	"1846.3648"	"0.0005"	"1300*"	""		"161636.6175"	"167052.6654"	"2s2.2p5.(2P*<3/2>).3d"	"2[3/2]*"	"1"	"2s2.2p5.(2P*<3/2>).4f"	"2[3/2]"	"2"		""	"L9097"	
"1848.08447"	"0.00020"	"1848.0847"	"0.0005"	"4100"	""		"162435.6780"	"167846.6854"	"2s2.2p5.(2P*<1/2>).3d"	"2[3/2]*"	"1"	"2s2.2p5.(2P*<1/2>).4f"	"2[5/2]"	"2"		""	"L9097"	
"1859.6617"	"0.0002"	"1859.6616"	"0.0005"	"6900"	""		"161699.6613"	"167076.9837"	"2s2.2p5.(2P*<3/2>).3d"	"2[5/2]*"	"2"	"2s2.2p5.(2P*<3/2>).4f"	"2[7/2]"	"3"		""	"L9097"	
"1860.2776"	"0.0002"	"1860.2779"	"0.0005"	"9500"	""		"161701.4486"	"167076.9896"	"2s2.2p5.(2P*<3/2>).3d"	"2[5/2]*"	"3"	"2s2.2p5.(2P*<3/2>).4f"	"2[7/2]"	"4"		""	"L9097"	
"1862.3992"	"0.0002"	"1862.3993"	"0.0005"	"1600"	""		"161699.6613"	"167069.0791"	"2s2.2p5.(2P*<3/2>).3d"	"2[5/2]*"	"2"	"2s2.2p5.(2P*<3/2>).4f"	"2[5/2]"	"2"		""	"L9097"	
"1863.0245"	"0.0002"	"1863.0244"	"0.0005"	"2000"	""		"161701.4486"	"167069.0649"	"2s2.2p5.(2P*<3/2>).3d"	"2[5/2]*"	"3"	"2s2.2p5.(2P*<3/2>).4f"	"2[5/2]"	"3"		""	"L9097"	
"1866.0699"	"0.0010"	"1866.0700"	"0.0005"	"9"	""		"161701.4486"	"167060.3044"	"2s2.2p5.(2P*<3/2>).3d"	"2[5/2]*"	"3"	"2s2.2p5.(2P*<3/2>).4f"	"2[9/2]"	"4"		""	"L11262"	
"1868.1179"	"0.0002"	"1868.1182"	"0.0005"	"87"	""		"161699.6613"	"167052.6415"	"2s2.2p5.(2P*<3/2>).3d"	"2[5/2]*"	"2"	"2s2.2p5.(2P*<3/2>).4f"	"2[3/2]"	"1"		""	"L9097"	
"1868.455"	"0.003"	"1868.455"	"0.004"	"14"	""		"166975.3424"	"172327.358"	"2s2.2p5.(2P*<3/2>).4d"	"2[1/2]*"	"1"	"2s2.2p5.(2P*<3/2>).9p"	"2[1/2]"	"0"		""	"L9760"	
"1868.7339"	"0.0002"	"1868.7339"	"0.0005"	"130"	""		"161701.4486"	"167052.6654"	"2s2.2p5.(2P*<3/2>).3d"	"2[5/2]*"	"3"	"2s2.2p5.(2P*<3/2>).4f"	"2[3/2]"	"2"		""	"L9097"	
"1890.3986"	"0.0002"	"1890.3987"	"0.0005"	"30"	"1.28e+05"	C+	"162517.8755"	"167807.7649"	"2s2.2p5.(2P*<3/2>).4p"	"2[1/2]"	"1"	"2s2.2p5.(2P*<1/2>).4d"	"2[3/2]*"	"1"		"T6976"	"L9097"	
"1894.2723"	"0.0002"	"1894.2723"	"0.0005"	"150"	"3.90e+05"	C+	"162517.8755"	"167796.9475"	"2s2.2p5.(2P*<3/2>).4p"	"2[1/2]"	"1"	"2s2.2p5.(2P*<1/2>).4d"	"2[3/2]*"	"2"		"T6976"	"L9097"	
"1894.9817"	"0.0003"	"1894.9818"	"0.0005"	"6"	"1.43e+04"	C+	"162517.8755"	"167794.9709"	"2s2.2p5.(2P*<3/2>).4p"	"2[1/2]"	"1"	"2s2.2p5.(2P*<1/2>).4d"	"2[5/2]*"	"2"		"T6976"	"L9097"	
"1911.6409"	"0.0004"	"1911.6410"	"0.0005"	"5"	"5.18e+04"	C+	"164285.8872"	"169516.9948"	"2s2.2p5.(2P*<1/2>).4p"	"2[1/2]"	"0"	"2s2.2p5.(2P*<3/2>).5d"	"2[3/2]*"	"1"		"T6976"	"L9097"	
"1957.9094"	"0.0002"	"1957.9098"	"0.0005"	"260"	"1.09e+05"	C+	"158601.1152"	"163708.6029"	"2s2.2p5.(2P*<3/2>).4s"	"2[3/2]*"	"2"	"2s2.2p5.(2P*<1/2>).4p"	"2[3/2]"	"2"		"T6976"	"L9097"	
"1958.2455"	"0.0002"	"1958.2459"	"0.0005"	"790"	"5.86e+05"	C+	"158601.1152"	"163707.7261"	"2s2.2p5.(2P*<3/2>).4s"	"2[3/2]*"	"2"	"2s2.2p5.(2P*<1/2>).4p"	"2[1/2]"	"1"		"T6976"	"L9097"	
"1977.7860"	"0.0002"	"1977.7865"	"0.0006"	"32"	"2.05e+04"	C+	"158601.1152"	"163657.2726"	"2s2.2p5.(2P*<3/2>).4s"	"2[3/2]*"	"2"	"2s2.2p5.(2P*<1/2>).4p"	"2[3/2]"	"1"		"T6976"	"L9097"	
"1988.2735"	"0.0006"	"1988.2740"	"0.0006"	"5"	"9.34e+03"	C+	"162419.9818"	"167449.4698"	"2s2.2p5.(2P*<1/2>).3d"	"2[3/2]*"	"2"	"2s2.2p5.(2P*<3/2>).5p"	"2[1/2]"	"1"		"T6976"	"L9097"	
