obs_wl_vac(nm)	unc_obs_wl	ritz_wl_vac(nm)	unc_ritz_wl	intens	Aki(s^-1)	Acc	Ei(cm-1)	Ek(cm-1)	conf_i	term_i	J_i	conf_k	term_k	J_k	Type	tp_ref	line_ref	
"147.41931"	"0.00020"	"147.41922"	"0.00009"	"760"	""		"823.6608"	"68657.42"	"5d8.6s2"	"3F"	"4"	""	"w*"	"3"		""	"L11529"	
"148.1049"	"0.0010"	"148.1048"	"0.0011"	"70"	""		"823.6608"	"68343.4"	"5d8.6s2"	"3F"	"4"	"5d8.6s.7p"	"u*"	"3 or 4"		""	"L11529"	
"148.27280"	"0.00020"	"148.27287"	"0.00009"	"260"	""		"823.6608"	"68266.88"	"5d8.6s2"	"3F"	"4"	"5d8.6s.7p"	"t*"	"5"		""	"L11529"	
"148.9829"	"0.0010"	"148.98340"	"0.00007"	"52"	""		"0.0000"	"67121.57"	"5d9.6s"	"3D"	"3"	"5d9.7p"	"(3/2,3/2)*"	"3"		""	"L11529"	
"150.17275"	"0.00020"	"150.172783"	"0.000009"	"800"	""		"823.6608"	"67413.6232"	"5d8.6s2"	"3F"	"4"	"5d8.6s.7p"	"s*"	"5 or 4"		""	"L11529"	
"150.7259"	"0.0010"	"150.72568"	"0.00007"	"86"	""		"775.8761"	"67121.57"	"5d9.6s"	"a 1D"	"2"	"5d9.7p"	"(3/2,3/2)*"	"3"		""	"L11529"	
"150.83427"	"0.00020"	"150.83432"	"0.00007"	"340"	""		"823.6608"	"67121.57"	"5d8.6s2"	"3F"	"4"	"5d9.7p"	"(3/2,3/2)*"	"3"		""	"L11529"	
"151.85424"	"0.00020"	"151.854485"	"0.000007"	"390"	""		"0.0000"	"65852.5167"	"5d9.6s"	"3D"	"3"	""	"o*"	"4"		""	"L11529"	
"152.30737"	"0.00020"	"152.30749"	"0.00007"	"390"	""		"775.8761"	"66432.53"	"5d9.6s"	"a 1D"	"2"	""	"q*"	"1"		""	"L11529"	
"152.64791"	"0.00020"	"152.64798"	"0.00012"	"620"	""		"0.0000"	"65510.20"	"5d9.6s"	"3D"	"3"	""	"l*"	"3"		""	"L11529"	
"152.85153"	"0.00020"	"152.851540"	"0.000009"	"340"	""		"775.8761"	"66198.835"	"5d9.6s"	"a 1D"	"2"	""	"p*"	"2"		""	"L11529"	
"153.67059"	"0.00020"	"153.670650"	"0.000014"	"440"	""		"775.8761"	"65850.111"	"5d9.6s"	"a 1D"	"2"	""	"n*"	"1"		""	"L11529"	
"153.77781"	"0.00020"	"153.777886"	"0.000007"	"890"	""		"823.6608"	"65852.5167"	"5d8.6s2"	"3F"	"4"	""	"o*"	"4"		""	"L11529"	
"154.0730"	"0.0010"	"154.073168"	"0.000012"	"94"	""		"0.0000"	"64904.228"	"5d9.6s"	"3D"	"3"	"5d8.(3F<4>).6s.7p.(3P*<2>)"	"(4,2)*"	"3"		""	"L11529"	
"154.47755"	"0.00020"	"154.47755"	"0.00012"	"230"	""		"775.8761"	"65510.20"	"5d9.6s"	"a 1D"	"2"	""	"l*"	"3"		""	"L11529"	
"154.59171"	"0.00020"	"154.59167"	"0.00012"	"88"	""		"823.6608"	"65510.20"	"5d8.6s2"	"3F"	"4"	""	"l*"	"3"		""	"L11529"	
"154.61695"	"0.00020"	"154.61709"	"0.00005"	"270"	""		"0.0000"	"64675.903"	"5d9.6s"	"3D"	"3"	"5d7.(4P).6s2.6p"	"5D*"	"3"		""	"L11529"	
"155.00109"	"0.00020"	"155.001175"	"0.000014"	"660"	""		"0.0000"	"64515.640"	"5d9.6s"	"3D"	"3"	"5d7.(4F).6s2.6p"	"c 5G*"	"2"		""	"L11529"	
"155.47412"	"0.00020"	"155.47414"	"0.00015"	"1200"	""		"0.0000"	"64319.38"	"5d9.6s"	"3D"	"3"	"5d8.(3F<4>).6s.7p.(3P*<2>)"	"(4,2)*"	"4"		""	"L11529"	
"155.6449"	"0.0010"	"155.644579"	"0.000017"	"82"	""		"0.0000"	"64248.945"	"5d9.6s"	"3D"	"3"	"5d8.6s.(2D).6p"	"3D*"	"2"		""	"L11529"	
"156.05351"	"0.00020"	"156.053550"	"0.000012"	"3300"	""		"823.6608"	"64904.228"	"5d8.6s2"	"3F"	"4"	"5d8.(3F<4>).6s.7p.(3P*<2>)"	"(4,2)*"	"3"		""	"L11529"	
"156.61156"	"0.00020"	"156.61157"	"0.00006"	"970"	""		"823.6608"	"64675.903"	"5d8.6s2"	"3F"	"4"	"5d7.(4P).6s2.6p"	"5D*"	"3"		""	"L11529"	
"156.67475"	"0.00020"	"156.67521"	"0.00005"	"3100p"	""		"0.0000"	"63826.306"	"5d9.6s"	"3D"	"3"	"5d7.(4F).6s2.6p"	"b 5G*"	"2"		""	"L11529"	
"157.49089"	"0.00020"	"157.49093"	"0.00015"	"1900"	""		"823.6608"	"64319.38"	"5d8.6s2"	"3F"	"4"	"5d8.(3F<4>).6s.7p.(3P*<2>)"	"(4,2)*"	"4"		""	"L11529"	
"157.54706"	"0.00020"	"157.547133"	"0.000017"	"260"	""		"775.8761"	"64248.945"	"5d9.6s"	"a 1D"	"2"	"5d8.6s.(2D).6p"	"3D*"	"2"		""	"L11529"	
"158.30953"	"0.00020"	"158.309687"	"0.000006"	"590"	""		"0.0000"	"63167.3284"	"5d9.6s"	"3D"	"3"	"5d8.(3F<4>).6s.7p.(3P*<1>)"	"(4,1)*"	"3"		""	"L11529"	
"158.42474"	"0.00020"	"158.42473"	"0.00020"	"1000"	""		"823.6608"	"63945.12"	"5d8.6s2"	"3F"	"4"	"5d8.(3F<4>).6s.7p.(3P*<2>)"	"(4,2)*"	"5"		""	"L11529"	
"158.60312"	"0.00020"	"158.60320"	"0.00006"	"300"	""		"775.8761"	"63826.306"	"5d9.6s"	"a 1D"	"2"	"5d7.(4F).6s2.6p"	"b 5G*"	"2"		""	"L11529"	
"159.51388"	"0.00020"	"159.514052"	"0.000020"	"240"	""		"775.8761"	"63466.278"	"5d9.6s"	"a 1D"	"2"	"5d8.6s.(2P).6p"	"3P*"	"1"		""	"L11529"	
"159.97339"	"0.00020"	"159.97338"	"0.00020"	"230"	""		"0.0000"	"62510.40"	"5d9.6s"	"3D"	"3"	"5d8.(3F<4>).6s.7p.(3P*<1>)"	"(4,1)*"	"4"		""	"L11529"	
"160.27837"	"0.00020"	"160.278366"	"0.000006"	"5000"	""		"775.8761"	"63167.3284"	"5d9.6s"	"a 1D"	"2"	"5d8.(3F<4>).6s.7p.(3P*<1>)"	"(4,1)*"	"3"		""	"L11529"	
"160.40102"	"0.00020"	"160.401215"	"0.000006"	"7300bl"	""		"823.6608"	"63167.3284"	"5d8.6s2"	"3F"	"4"	"5d8.(3F<4>).6s.7p.(3P*<1>)"	"(4,1)*"	"3"		""	"L11529"	
"160.45702"	"0.00020"	"160.457211"	"0.000008"	"570"	""		"0.0000"	"62321.9108"	"5d9.6s"	"3D"	"3"	"5d8.6s.(2D).6p"	"3F*"	"3"		""	"L11529"	
"160.53536"	"0.00020"	"160.53534"	"0.00006"	"4600"	""		"775.8761"	"63067.457"	"5d9.6s"	"a 1D"	"2"	"5d8.6s.(2D).6p"	"b 3D*"	"1"		""	"L11529"	
"161.01405"	"0.00020"	"161.014147"	"0.000008"	"2500"	""		"0.0000"	"62106.344"	"5d9.6s"	"3D"	"3"	"5d8.6s.(4P).6p"	"b 3D*"	"3"		""	"L11529"	
"161.05649"	"0.00020"	"161.05661"	"0.00010"	"270"	""		"6567.4517"	"68657.42"	"5d9.6s"	"3D"	"2"	""	"w*"	"3"		""	"L11529"	
"161.12844"	"0.00020"	"161.128451"	"0.000010"	"310"	""		"0.0000"	"62062.286"	"5d9.6s"	"3D"	"3"	"5d7.(4F).6s2.6p"	"a 5G*"	"2"		""	"L11529"	
"161.18840"	"0.00020"	"161.18852"	"0.00010"	"150"	""		"6567.4517"	"68606.61"	"5d9.6s"	"3D"	"2"	""	"v*"	"2"		""	"L11529"	
"161.25934"	"0.00020"	"161.25935"	"0.00018"	"170"	""		"823.6608"	"62835.57"	"5d8.6s2"	"3F"	"4"	"5d8.(3F<4>).6s.7p.(3P*<1>)"	"(4,1)*"	"5"		""	"L11529"	
"161.44078"	"0.00020"	"161.44080"	"0.00013"	"2700"	""		"0.0000"	"61942.21"	"5d9.6s"	"3D"	"3"	"5d8.(3F<4>).6s.7p.(3P*<0>)"	"(4,0)*"	"4"		""	"L11529"	
"161.59441"	"0.00020"	"161.594280"	"0.000006"	"210"	""		"775.8761"	"62659.2545"	"5d9.6s"	"a 1D"	"2"	"5d8.6s.(4P).6p"	"3D*"	"2"		""	"L11529"	
"162.21824"	"0.00020"	"162.218238"	"0.000006"	"1000"	""		"0.0000"	"61645.3497"	"5d9.6s"	"3D"	"3"	"5d8.6s.(2G).6p"	"b 3F*"	"2"		""	"L11529"	
"162.47988"	"0.00020"	"162.480005"	"0.000008"	"610"	""		"775.8761"	"62321.9108"	"5d9.6s"	"a 1D"	"2"	"5d8.6s.(2D).6p"	"3F*"	"3"		""	"L11529"	
"162.60619"	"0.00020"	"162.606253"	"0.000008"	"150"	""		"823.6608"	"62321.9108"	"5d8.6s2"	"3F"	"4"	"5d8.6s.(2D).6p"	"3F*"	"3"		""	"L11529"	
"163.05063"	"0.00020"	"163.051096"	"0.000008"	"2300p"	""		"775.8761"	"62106.344"	"5d9.6s"	"a 1D"	"2"	"5d8.6s.(4P).6p"	"b 3D*"	"3"		""	"L11529"	
"163.16826"	"0.00020"	"163.168311"	"0.000011"	"100"	""		"775.8761"	"62062.286"	"5d9.6s"	"a 1D"	"2"	"5d7.(4F).6s2.6p"	"a 5G*"	"2"		""	"L11529"	
"163.17814"	"0.00020"	"163.178234"	"0.000008"	"380"	""		"823.6608"	"62106.344"	"5d8.6s2"	"3F"	"4"	"5d8.6s.(4P).6p"	"b 3D*"	"3"		""	"L11529"	
"163.61647"	"0.00020"	"163.61645"	"0.00013"	"17000"	""		"823.6608"	"61942.21"	"5d8.6s2"	"3F"	"4"	"5d8.(3F<4>).6s.7p.(3P*<0>)"	"(4,0)*"	"4"		""	"L11529"	
"163.67302"	"0.00020"	"163.672906"	"0.000008"	"430"	""		"0.0000"	"61097.467"	"5d9.6s"	"3D"	"3"	"5d8.6s.(2G).6p"	"a 3F*"	"2"		""	"L11529"	
"164.28597"	"0.00020"	"164.285962"	"0.000005"	"230"	""		"775.8761"	"61645.3497"	"5d9.6s"	"a 1D"	"2"	"5d8.6s.(2G).6p"	"b 3F*"	"2"		""	"L11529"	
"164.44634"	"0.00020"	"164.44631"	"0.00008"	"6000"	""		"823.6608"	"61633.78"	"5d8.6s2"	"3F"	"4"	"5d8.6s.(2G).6p"	"3G*"	"5"		""	"L11529"	
"165.21112"	"0.00020"	"165.211163"	"0.000005"	"1300"	""		"823.6608"	"61352.2585"	"5d8.6s2"	"3F"	"4"	"5d8.6s.(2G).6p"	"b 3F*"	"3"		""	"L11529"	
"165.49743"	"0.00020"	"165.497365"	"0.000005"	"250"	""		"0.0000"	"60423.9226"	"5d9.6s"	"3D"	"3"	"5d8.6s.(2G).6p"	"3G*"	"4"		""	"L11529"	
"165.6740"	"0.0010"	"165.67176"	"0.00016"	"30"	""		"6567.4517"	"66927.77"	"5d9.6s"	"3D"	"2"	"5d9.7p"	"(3/2,1/2)*"	"2"		""	"L11529"	
"165.76053"	"0.00020"	"165.760432"	"0.000006"	"1500"	""		"0.0000"	"60328.0281"	"5d9.6s"	"3D"	"3"	"5d8.6s.(4F).6p"	"3F*"	"3"		""	"L11529"	
"166.8901"	"0.0004"	"166.88910"	"0.00008"	"1700bl(Pt II)"	""		"0.0000"	"59920.03"	"5d9.6s"	"3D"	"3"	"5d9.7p"	"3D*"	"3"		""	"L11529c153"	
"166.89782"	"0.00020"	"166.897709"	"0.000008"	"3900"	""		"0.0000"	"59916.940"	"5d9.6s"	"3D"	"3"	"5d9.7p"	"b 1D*"	"2"		""	"L11529"	
"167.04235"	"0.00020"	"167.04229"	"0.00008"	"690"	""		"6567.4517"	"66432.53"	"5d9.6s"	"3D"	"2"	""	"q*"	"1"		""	"L11529"	
"167.4770"	"0.0010"	"167.476300"	"0.000022"	"20"	""		"6140.170"	"65850.111"	"5d10"	"1S"	"0"	""	"n*"	"1"		""	"L11529"	
"167.60154"	"0.00020"	"167.601343"	"0.000017"	"3300"	""		"775.8761"	"60441.269"	"5d9.6s"	"a 1D"	"2"	"5d9.7p"	"b 1P*"	"1"		""	"L11529"	
"167.78443"	"0.00020"	"167.784498"	"0.000005"	"14000"	""		"823.6608"	"60423.9226"	"5d8.6s2"	"3F"	"4"	"5d8.6s.(2G).6p"	"3G*"	"4"		""	"L11529"	
"167.92007"	"0.00020"	"167.920044"	"0.000006"	"1100"	""		"775.8761"	"60328.0281"	"5d9.6s"	"a 1D"	"2"	"5d8.6s.(4F).6p"	"3F*"	"3"		""	"L11529"	
"168.08886"	"0.00020"	"168.08878"	"0.00011"	"4800"	""		"0.0000"	"59492.37"	"5d9.6s"	"3D"	"3"	"5d9.7p"	"b 3F*"	"4"		""	"L11529"	
"169.07825"	"0.00020"	"169.07842"	"0.00009"	"5300"	""		"775.8761"	"59920.03"	"5d9.6s"	"a 1D"	"2"	"5d9.7p"	"3D*"	"3"		""	"L11529"	
"169.08699"	"0.00020"	"169.087252"	"0.000009"	"1600"	""		"775.8761"	"59916.940"	"5d9.6s"	"a 1D"	"2"	"5d9.7p"	"b 1D*"	"2"		""	"L11529"	
"169.11787"	"0.00020"	"169.11814"	"0.00007"	"530"	""		"6567.4517"	"65697.713"	"5d9.6s"	"3D"	"2"	""	"m*"	"2 or 1"		""	"L11529"	
"169.21497"	"0.00020"	"169.21513"	"0.00009"	"1500"	""		"823.6608"	"59920.03"	"5d8.6s2"	"3F"	"4"	"5d9.7p"	"3D*"	"3"		""	"L11529"	
"169.44440"	"0.00020"	"169.44462"	"0.00006"	"140"	""		"775.8761"	"59792.208"	"5d9.6s"	"a 1D"	"2"	"5d8.6s.(4P).6p"	"3S*"	"1"		""	"L11529"	
"169.88732"	"0.00020"	"169.887372"	"0.000007"	"910"	""		"823.6608"	"59686.1878"	"5d8.6s2"	"3F"	"4"	"5d7.(4F).6s2.6p"	"5G*"	"3"		""	"L11529"	
"170.39703"	"0.00020"	"170.397198"	"0.000012"	"130"	""		"775.8761"	"59462.287"	"5d9.6s"	"a 1D"	"2"	"5d9.7p"	"a 1D*"	"2"		""	"L11529"	
"170.4489"	"0.0010"	"170.44861"	"0.00012"	"86"	""		"823.6608"	"59492.37"	"5d8.6s2"	"3F"	"4"	"5d9.7p"	"b 3F*"	"4"		""	"L11529"	
"170.82132"	"0.00020"	"170.82131"	"0.00012"	"1500"	""		"10116.7158"	"68657.42"	"5d8.6s2"	"3F"	"3"	""	"w*"	"3"		""	"L11529"	
"170.87393"	"0.00020"	"170.873981"	"0.000006"	"450"	""		"823.6608"	"59346.3215"	"5d8.6s2"	"3F"	"4"	"5d9.7p"	"a 3F*"	"4"		""	"L11529"	
"170.96984"	"0.00020"	"170.96971"	"0.00012"	"220"	""		"10116.7158"	"68606.61"	"5d8.6s2"	"3F"	"3"	""	"v*"	"2"		""	"L11529"	
"170.9931"	"0.0010"	"170.992336"	"0.000006"	"47"	""		"0.0000"	"58482.1533"	"5d9.6s"	"3D"	"3"	"5d9.7p"	"1F*"	"3"		""	"L11529"	
"171.01391"	"0.00020"	"171.01401"	"0.00012"	"130"	""		"10131.8684"	"68606.61"	"5d9.6s"	"3D"	"1"	""	"v*"	"2"		""	"L11529"	
"171.26670"	"0.00020"	"171.266723"	"0.000005"	"3400"	""		"0.0000"	"58388.4588"	"5d9.6s"	"3D"	"3"	"5d7.(4F).6s2.6p"	"5G*"	"4"		""	"L11529"	
"171.37421"	"0.00020"	"171.374246"	"0.000009"	"190"	""		"775.8761"	"59127.701"	"5d9.6s"	"a 1D"	"2"	"5d8.6s.(2D).6p"	"b 3F*"	"2"		""	"L11529"	
"171.41842"	"0.00020"	"171.418454"	"0.000015"	"990"	""		"6567.4517"	"64904.228"	"5d9.6s"	"3D"	"2"	"5d8.(3F<4>).6s.7p.(3P*<2>)"	"(4,2)*"	"3"		""	"L11529"	
"171.44801"	"0.00020"	"171.44801"	"0.00009"	"4700"	""		"0.0000"	"58326.72"	"5d9.6s"	"3D"	"3"	"5d8.6s.(2P).6p"	"3D*"	"2"		""	"L11529"	
"172.09199"	"0.00020"	"172.09201"	"0.00007"	"320"	""		"6567.4517"	"64675.903"	"5d9.6s"	"3D"	"2"	"5d7.(4P).6s2.6p"	"5D*"	"3"		""	"L11529"	
"172.2600"	"0.0010"	"172.258810"	"0.000018"	"100"	""		"6567.4517"	"64619.635"	"5d9.6s"	"3D"	"2"	"5d8.6s.(4P).6p"	"3D*"	"1"		""	"L11529"	
"172.39935"	"0.00020"	"172.399191"	"0.000009"	"1600"	""		"775.8761"	"58780.7888"	"5d9.6s"	"a 1D"	"2"	"5d9.7p"	"a 1P*"	"1"		""	"L11529"	
"172.5691"	"0.0010"	"172.567949"	"0.000018"	"79"	""		"6567.4517"	"64515.640"	"5d9.6s"	"3D"	"2"	"5d7.(4F).6s2.6p"	"c 5G*"	"2"		""	"L11529"	
"173.2931"	"0.0010"	"173.291373"	"0.000006"	"37"	""		"775.8761"	"58482.1533"	"5d9.6s"	"a 1D"	"2"	"5d9.7p"	"1F*"	"3"		""	"L11529"	
"173.717266"	"0.000009"	"173.717278"	"0.000005"	"9700"	""		"823.6608"	"58388.4588"	"5d8.6s2"	"3F"	"4"	"5d7.(4F).6s2.6p"	"5G*"	"4"		""	"L9083,L11529"	
"173.75956"	"0.00020"	"173.75940"	"0.00009"	"1700"	"2.8e+07"	E	"775.8761"	"58326.72"	"5d9.6s"	"a 1D"	"2"	"5d8.6s.(2P).6p"	"3D*"	"2"		"T2202"	"L11529"	
"173.89433"	"0.00020"	"173.894208"	"0.000005"	"780"	"4.e+06"	E	"0.0000"	"57506.2281"	"5d9.6s"	"3D"	"3"	"5d8.6s.(2G).6p"	"a 3F*"	"3"		"T2202"	"L11529"	
"174.443063"	"0.000020"	"174.443081"	"0.000009"	"6900"	""		"775.8761"	"58101.165"	"5d9.6s"	"a 1D"	"2"	"5d9.7p"	"3F*"	"3"		""	"L9083,L11529"	
"174.58874"	"0.00020"	"174.588613"	"0.000009"	"1400"	"1.6e+07"	E	"823.6608"	"58101.165"	"5d8.6s2"	"3F"	"4"	"5d9.7p"	"3F*"	"3"		"T2202"	"L11529"	
"174.64563"	"0.00020"	"174.64548"	"0.00007"	"2600"	""		"6567.4517"	"63826.306"	"5d9.6s"	"3D"	"2"	"5d7.(4F).6s2.6p"	"b 5G*"	"2"		""	"L11529"	
"174.79003"	"0.00020"	"174.79002"	"0.00003"	"37"	""		"775.8761"	"57987.379"	"5d9.6s"	"a 1D"	"2"	"5d9.7p"	"3P*"	"2"		""	"L11529"	
"175.66264"	"0.00020"	"175.66268"	"0.00007"	"500"	""		"6140.170"	"63067.457"	"5d10"	"1S"	"0"	"5d8.6s.(2D).6p"	"b 3D*"	"1"		""	"L11529"	
"175.75047"	"0.00020"	"175.750550"	"0.000025"	"540"	""		"6567.4517"	"63466.278"	"5d9.6s"	"3D"	"2"	"5d8.6s.(2P).6p"	"3P*"	"1"		""	"L11529"	
"176.06896"	"0.00020"	"176.06904"	"0.00019"	"430bl"	""		"10131.8684"	"66927.77"	"5d9.6s"	"3D"	"1"	"5d9.7p"	"(3/2,1/2)*"	"2"		""	"L11529"	
"176.27266"	"0.00020"	"176.272483"	"0.000005"	"450"	""		"775.8761"	"57506.2281"	"5d9.6s"	"a 1D"	"2"	"5d8.6s.(2G).6p"	"a 3F*"	"3"		""	"L11529"	
"176.42127"	"0.00020"	"176.421085"	"0.000005"	"990"	""		"823.6608"	"57506.2281"	"5d8.6s2"	"3F"	"4"	"5d8.6s.(2G).6p"	"a 3F*"	"3"		""	"L11529"	
"176.459666"	"0.000010"	"176.459651"	"0.000006"	"9400"	""		"0.0000"	"56670.1789"	"5d9.6s"	"3D"	"3"	"5d8.6s.(4P).6p"	"3P*"	"2"		""	"L9083,L11529"	
"176.67883"	"0.00020"	"176.678830"	"0.000007"	"760"	""		"6567.4517"	"63167.3284"	"5d9.6s"	"3D"	"2"	"5d8.(3F<4>).6s.7p.(3P*<1>)"	"(4,1)*"	"3"		""	"L11529"	
"176.99101"	"0.00020"	"176.99113"	"0.00007"	"330"	""		"6567.4517"	"63067.457"	"5d9.6s"	"3D"	"2"	"5d8.6s.(2D).6p"	"b 3D*"	"1"		""	"L11529"	
"177.61777"	"0.00020"	"177.61781"	"0.00009"	"850"	""		"10131.8684"	"66432.53"	"5d9.6s"	"3D"	"1"	""	"q*"	"1"		""	"L11529"	
"177.65563"	"0.00004"	"177.655664"	"0.000006"	"24000"	""		"0.0000"	"56288.6642"	"5d9.6s"	"3D"	"3"	"5d8.6s.(2G).6p"	"3F*"	"4"		""	"L9083,L11529"	
"177.727682"	"0.000005"	"177.727682"	"0.000005"	"12000"	""		"775.8761"	"57041.7312"	"5d9.6s"	"a 1D"	"2"	"5d8.6s.(4P).6p"	"3P*"	"1"		""	"L9083,L11529"	
"178.31027"	"0.00020"	"178.309952"	"0.000013"	"150"	""		"10116.7158"	"66198.835"	"5d8.6s2"	"3F"	"3"	""	"p*"	"2"		""	"L11529"	
"178.664663"	"0.000005"	"178.664663"	"0.000004"	"16000"	""		"823.6608"	"56794.4378"	"5d8.6s2"	"3F"	"4"	"5d7.(4F).6s2.6p"	"b 3G*"	"5"		""	"L9083,L11529"	
"178.90920"	"0.00003"	"178.909111"	"0.000006"	"2600"	""		"775.8761"	"56670.1789"	"5d9.6s"	"a 1D"	"2"	"5d8.6s.(4P).6p"	"3P*"	"2"		""	"L9083,L11529"	
"179.417894"	"0.000008"	"179.417894"	"0.000006"	"3100"	""		"10116.7158"	"65852.5167"	"5d8.6s2"	"3F"	"3"	""	"o*"	"4"		""	"L9083,L11529"	
"179.4749"	"0.0010"	"179.474433"	"0.000019"	"88"	""		"10131.8684"	"65850.111"	"5d9.6s"	"3D"	"1"	""	"n*"	"1"		""	"L11529"	
"179.96692"	"0.00020"	"179.96667"	"0.00008"	"480"	""		"10131.8684"	"65697.713"	"5d9.6s"	"3D"	"1"	""	"m*"	"2 or 1"		""	"L11529"	
"180.05413"	"0.00020"	"180.054005"	"0.000010"	"830"	""		"6567.4517"	"62106.344"	"5d9.6s"	"3D"	"2"	"5d8.6s.(4P).6p"	"b 3D*"	"3"		""	"L11529"	
"180.06249"	"0.00020"	"180.062530"	"0.000013"	"87"	""		"0.0000"	"55536.263"	"5d9.6s"	"3D"	"3"	"5d8.6s.(2P).6p"	"3D*"	"3"		""	"L11529"	
"180.196952"	"0.000012"	"180.196952"	"0.000013"	"1000"	""		"6567.4517"	"62062.286"	"5d9.6s"	"3D"	"2"	"5d7.(4F).6s2.6p"	"a 5G*"	"2"		""	"L9083,L11529"	
"180.293868"	"0.000006"	"180.293868"	"0.000006"	"13000"	""		"823.6608"	"56288.6642"	"5d8.6s2"	"3F"	"4"	"5d8.6s.(2G).6p"	"3F*"	"4"		""	"L9083,L11529"	
"181.287941"	"0.000004"	"181.287941"	"0.000004"	"14000"	""		"823.6608"	"55984.5279"	"5d8.6s2"	"3F"	"4"	"5d8.6s.(2G).6p"	"3H*"	"5"		""	"L9083,L11529"	
"181.561044"	"0.000008"	"181.561032"	"0.000006"	"2200"	""		"6567.4517"	"61645.3497"	"5d9.6s"	"3D"	"2"	"5d8.6s.(2G).6p"	"b 3F*"	"2"		""	"L9083,L11529"	
"181.78736"	"0.00020"	"181.78724"	"0.00006"	"10000"	""		"0.0000"	"55009.362"	"5d9.6s"	"3D"	"3"	"5d8.6s.(2G).6p"	"3H*"	"4"		""	"L11529"	
"182.35129"	"0.00020"	"182.351353"	"0.000006"	"1100"	""		"0.0000"	"54839.1873"	"5d9.6s"	"3D"	"3"	"5d8.6s.(4P).6p"	"a 3D*"	"3"		""	"L11529"	
"182.532358"	"0.000004"	"182.532359"	"0.000004"	"5100"	""		"6567.4517"	"61352.2585"	"5d9.6s"	"3D"	"2"	"5d8.6s.(2G).6p"	"b 3F*"	"3"		""	"L9083,L11529"	
"182.61377"	"0.00020"	"182.613757"	"0.000013"	"8500"	""		"775.8761"	"55536.263"	"5d9.6s"	"a 1D"	"2"	"5d8.6s.(2P).6p"	"3D*"	"3"		""	"L11529"	
"182.773248"	"0.000018"	"182.773248"	"0.000013"	"1100"	""		"823.6608"	"55536.263"	"5d8.6s2"	"3F"	"4"	"5d8.6s.(2P).6p"	"3D*"	"3"		""	"L9083,L11529"	
"183.28733"	"0.00020"	"183.28719"	"0.00008"	"510"	""		"10116.7158"	"64675.903"	"5d8.6s2"	"3F"	"3"	"5d7.(4P).6s2.6p"	"5D*"	"3"		""	"L11529"	
"183.38527"	"0.00020"	"183.385241"	"0.000010"	"1400"	""		"6567.4517"	"61097.467"	"5d9.6s"	"3D"	"2"	"5d8.6s.(2G).6p"	"a 3F*"	"2"		""	"L11529"	
"183.52748"	"0.00020"	"183.527434"	"0.000020"	"550"	""		"10131.8684"	"64619.635"	"5d9.6s"	"3D"	"1"	"5d8.6s.(4P).6p"	"3D*"	"1"		""	"L11529"	
"183.68531"	"0.00020"	"183.685296"	"0.000024"	"1300"	""		"775.8761"	"55216.815"	"5d9.6s"	"a 1D"	"2"	"5d9.6p"	"b 3D*"	"1"		""	"L11529"	
"183.82682"	"0.00020"	"183.827165"	"0.000020"	"330"	""		"10116.7158"	"64515.640"	"5d8.6s2"	"3F"	"3"	"5d7.(4F).6s2.6p"	"c 5G*"	"2"		""	"L11529"	
"183.87836"	"0.00020"	"183.878383"	"0.000020"	"500"	""		"10131.8684"	"64515.640"	"5d9.6s"	"3D"	"1"	"5d7.(4F).6s2.6p"	"c 5G*"	"2"		""	"L11529"	
"184.55046"	"0.00020"	"184.55053"	"0.00006"	"460"	""		"823.6608"	"55009.362"	"5d8.6s2"	"3F"	"4"	"5d8.6s.(2G).6p"	"3H*"	"4"		""	"L11529"	
"184.575031"	"0.000004"	"184.575031"	"0.000004"	"14000"	"2.1e+08"	E	"0.0000"	"54178.5090"	"5d9.6s"	"3D"	"3"	"5d8.6s.(4P).6p"	"b 5D*"	"4"		"T2202"	"L9083,L11529"	
"184.7340"	"0.0010"	"184.732832"	"0.000024"	"83"	""		"10116.7158"	"64248.945"	"5d8.6s2"	"3F"	"3"	"5d8.6s.(2D).6p"	"3D*"	"2"		""	"L11529"	
"184.784554"	"0.000022"	"184.784557"	"0.000020"	"540"	""		"10131.8684"	"64248.945"	"5d9.6s"	"3D"	"1"	"5d8.6s.(2D).6p"	"3D*"	"2"		""	"L9083,L11529"	
"184.968325"	"0.000005"	"184.968323"	"0.000005"	"8300"	""		"775.8761"	"54839.1873"	"5d9.6s"	"a 1D"	"2"	"5d8.6s.(4P).6p"	"a 3D*"	"3"		""	"L9083,L11529"	
"185.13195"	"0.00020"	"185.131955"	"0.000006"	"200"	""		"823.6608"	"54839.1873"	"5d8.6s2"	"3F"	"4"	"5d8.6s.(4P).6p"	"a 3D*"	"3"		""	"L11529"	
"185.146996"	"0.000019"	"185.146997"	"0.000014"	"910"	""		"0.0000"	"54011.138"	"5d9.6s"	"3D"	"3"	"5d8.6s.(4P).6p"	"c 5P*"	"3"		""	"L9083,L11529"	
"185.34522"	"0.00020"	"185.345285"	"0.000008"	"5800bl"	""		"0.0000"	"53953.3553"	"5d9.6s"	"3D"	"3"	"5d8.6s.(2P).6p"	"3P*"	"2"		""	"L11529"	
"185.618928"	"0.000020"	"185.618924"	"0.000021"	"830"	""		"6567.4517"	"60441.269"	"5d9.6s"	"3D"	"2"	"5d9.7p"	"b 1P*"	"1"		""	"L9083,L11529"	
"186.00984"	"0.00020"	"186.009910"	"0.000007"	"540"	""		"6567.4517"	"60328.0281"	"5d9.6s"	"3D"	"2"	"5d8.6s.(4F).6p"	"3F*"	"3"		""	"L11529"	
"186.38611"	"0.00020"	"186.38621"	"0.00007"	"450"	""		"6140.170"	"59792.208"	"5d10"	"1S"	"0"	"5d8.6s.(4P).6p"	"3S*"	"1"		""	"L11529"	
"186.47909"	"0.00020"	"186.47911"	"0.00010"	"320"	""		"13496.2595"	"67121.57"	"5d9.6s"	"b 1D"	"2"	"5d9.7p"	"(3/2,3/2)*"	"3"		""	"L11529"	
"187.41554"	"0.00020"	"187.415519"	"0.000007"	"410"	""		"775.8761"	"54133.2504"	"5d9.6s"	"a 1D"	"2"	"5d8.6s.(4P).6p"	"5S*"	"2"		""	"L11529"	
"187.42481"	"0.00020"	"187.424392"	"0.000005"	"650"	""		"823.6608"	"54178.5090"	"5d8.6s2"	"3F"	"4"	"5d8.6s.(4P).6p"	"b 5D*"	"4"		""	"L11529"	
"187.443215"	"0.000010"	"187.443222"	"0.000011"	"2100"	""		"6567.4517"	"59916.940"	"5d9.6s"	"3D"	"2"	"5d9.7p"	"b 1D*"	"2"		""	"L9083,L11529"	
"187.49622"	"0.00003"	"187.49622"	"0.00003"	"690"	""		"10131.8684"	"63466.278"	"5d9.6s"	"3D"	"1"	"5d8.6s.(2P).6p"	"3P*"	"1"		""	"L9083,L11529"	
"187.84543"	"0.00020"	"187.845418"	"0.000014"	"530"	""		"775.8761"	"54011.138"	"5d9.6s"	"a 1D"	"2"	"5d8.6s.(4P).6p"	"c 5P*"	"3"		""	"L11529"	
"188.01420"	"0.00020"	"188.014182"	"0.000014"	"81"	""		"823.6608"	"54011.138"	"5d8.6s2"	"3F"	"4"	"5d8.6s.(4P).6p"	"c 5P*"	"3"		""	"L11529"	
"188.04950"	"0.00020"	"188.049531"	"0.000008"	"210"	""		"775.8761"	"53953.3553"	"5d9.6s"	"a 1D"	"2"	"5d8.6s.(2P).6p"	"3P*"	"2"		""	"L11529"	
"188.12704"	"0.00020"	"188.12698"	"0.00014"	"210"	""		"15501.8344"	"68657.42"	"5d8.6s2"	"3F"	"2"	""	"w*"	"3"		""	"L11529"	
"188.499237"	"0.000007"	"188.499237"	"0.000007"	"3100"	""		"10116.7158"	"63167.3284"	"5d8.6s2"	"3F"	"3"	"5d8.(3F<4>).6s.7p.(3P*<1>)"	"(4,1)*"	"3"		""	"L9083,L11529"	
"188.90888"	"0.00020"	"188.90883"	"0.00008"	"600"	""		"10131.8684"	"63067.457"	"5d9.6s"	"3D"	"1"	"5d8.6s.(2D).6p"	"b 3D*"	"1"		""	"L11529"	
"189.0741"	"0.0010"	"189.073939"	"0.000014"	"150"	""		"775.8761"	"53665.238"	"5d9.6s"	"a 1D"	"2"	"5d8.6s.(2P).6p"	"3D*"	"1"		""	"L11529"	
"189.723231"	"0.000005"	"189.723232"	"0.000005"	"3600"	""		"0.0000"	"52708.3577"	"5d9.6s"	"3D"	"3"	"5d8.6s.(4P).6p"	"b 5D*"	"2"		""	"L9083,L11529"	
"189.74417"	"0.00020"	"189.744048"	"0.000014"	"280"	""		"13496.2595"	"66198.835"	"5d9.6s"	"b 1D"	"2"	""	"p*"	"2"		""	"L11529"	
"189.96717"	"0.00020"	"189.967372"	"0.000018"	"180"	""		"6140.170"	"58780.7888"	"5d10"	"1S"	"0"	"5d9.7p"	"a 1P*"	"1"		""	"L11529"	
"190.2591"	"0.0010"	"190.257849"	"0.000011"	"100"	""		"6567.4517"	"59127.701"	"5d9.6s"	"3D"	"2"	"5d8.6s.(2D).6p"	"b 3F*"	"2"		""	"L11529"	
"190.322008"	"0.000010"	"190.321980"	"0.000007"	"9900"	""		"10116.7158"	"62659.2545"	"5d8.6s2"	"3F"	"3"	"5d8.6s.(4P).6p"	"3D*"	"2"		""	"L9083,L11529"	
"190.376865"	"0.000009"	"190.376882"	"0.000007"	"2000"	""		"10131.8684"	"62659.2545"	"5d9.6s"	"3D"	"1"	"5d8.6s.(4P).6p"	"3D*"	"2"		""	"L9083,L11529"	
"190.40316"	"0.00020"	"190.403221"	"0.000005"	"1500"	""		"0.0000"	"52520.1199"	"5d9.6s"	"3D"	"3"	"5d8.6s.(2F).6p"	"b 3F*"	"4"		""	"L11529"	
"191.41170"	"0.00020"	"191.411665"	"0.000011"	"670"	""		"775.8761"	"53019.296"	"5d9.6s"	"a 1D"	"2"	"5d8.6s.(2F).6p"	"3D*"	"1"		""	"L11529"	
"191.521947"	"0.000008"	"191.521947"	"0.000008"	"2700"	""		"6567.4517"	"58780.7888"	"5d9.6s"	"3D"	"2"	"5d9.7p"	"a 1P*"	"1"		""	"L9083,L11529"	
"191.56543"	"0.00020"	"191.56555"	"0.00009"	"430"	""		"13496.2595"	"65697.713"	"5d9.6s"	"b 1D"	"2"	""	"m*"	"2 or 1"		""	"L11529"	
"192.2570"	"0.0010"	"192.25615"	"0.00018"	"47"	""		"13496.2595"	"65510.20"	"5d9.6s"	"b 1D"	"2"	""	"l*"	"3"		""	"L11529"	
"192.346048"	"0.000011"	"192.346057"	"0.000011"	"1800"	""		"10116.7158"	"62106.344"	"5d8.6s2"	"3F"	"3"	"5d8.6s.(4P).6p"	"b 3D*"	"3"		""	"L9083,L11529"	
"192.50910"	"0.00020"	"192.509197"	"0.000015"	"430"	""		"10116.7158"	"62062.286"	"5d8.6s2"	"3F"	"3"	"5d7.(4F).6s2.6p"	"a 5G*"	"2"		""	"L11529"	
"192.55775"	"0.00020"	"192.557715"	"0.000006"	"320"	""		"775.8761"	"52708.3577"	"5d9.6s"	"a 1D"	"2"	"5d8.6s.(4P).6p"	"b 5D*"	"2"		""	"L11529"	
"192.5662"	"0.0010"	"192.565368"	"0.000015"	"120"	""		"10131.8684"	"62062.286"	"5d9.6s"	"3D"	"1"	"5d7.(4F).6s2.6p"	"a 5G*"	"2"		""	"L11529"	
"192.623684"	"0.000009"	"192.623663"	"0.000007"	"2500"	""		"6567.4517"	"58482.1533"	"5d9.6s"	"3D"	"2"	"5d9.7p"	"1F*"	"3"		""	"L9083,L11529"	
"192.9255"	"0.0010"	"192.9235"	"0.0008"	"9700bl(Pt II)"	""		"13496.2595"	"65330.27"	"5d9.6s"	"b 1D"	"2"	"5d9.5f"	"e*"	"3"		""	"L16313c164"	
"193.2031"	"0.0010"	"193.20211"	"0.00011"	"42"	""		"6567.4517"	"58326.72"	"5d9.6s"	"3D"	"2"	"5d8.6s.(2P).6p"	"3D*"	"2"		""	"L11529"	
"193.224406"	"0.000006"	"193.224405"	"0.000006"	"3200"	""		"0.0000"	"51753.2970"	"5d9.6s"	"3D"	"3"	"5d8.6s.(2F).6p"	"3F*"	"2"		""	"L9083,L11529"	
"193.436846"	"0.000004"	"193.436846"	"0.000004"	"27000"	""		"823.6608"	"52520.1199"	"5d8.6s2"	"3F"	"4"	"5d8.6s.(2F).6p"	"b 3F*"	"4"		""	"L9083,L11529"	
"193.7241"	"0.0010"	"193.72436"	"0.00011"	"160"	""		"15501.8344"	"67121.57"	"5d8.6s2"	"3F"	"2"	"5d9.7p"	"(3/2,3/2)*"	"3"		""	"L11529"	
"193.742404"	"0.000004"	"193.742404"	"0.000004"	"58000"	"6.e+08"	E	"823.6608"	"52438.5877"	"5d8.6s2"	"3F"	"4"	"5d8.6s.(2F).6p"	"3G*"	"5"		"T2202"	"L9083,L11529"	
"194.003283"	"0.000005"	"194.003275"	"0.000003"	"12000"	"2.8e+08"	E	"0.0000"	"51545.5216"	"5d9.6s"	"3D"	"3"	"5d8.6s.(4F).6p"	"b 3D*"	"3"		"T2202"	"L9083,L11529"	
"194.04766"	"0.00020"	"194.047728"	"0.000011"	"800"	"1.0e+07"	E	"6567.4517"	"58101.165"	"5d9.6s"	"3D"	"2"	"5d9.7p"	"3F*"	"3"		"T2202"	"L11529"	
"194.06664"	"0.00020"	"194.066856"	"0.000008"	"610"	""		"10116.7158"	"61645.3497"	"5d8.6s2"	"3F"	"3"	"5d8.6s.(2G).6p"	"b 3F*"	"2"		""	"L11529"	
"194.123933"	"0.000007"	"194.123941"	"0.000006"	"3400l"	"2.0e+08"	E	"10131.8684"	"61645.3497"	"5d9.6s"	"3D"	"1"	"5d8.6s.(2G).6p"	"b 3F*"	"2"		"T2202"	"L9083,L11529"	
"194.47712"	"0.00020"	"194.47713"	"0.00003"	"500"	"6.e+06"	E	"6567.4517"	"57987.379"	"5d9.6s"	"3D"	"2"	"5d9.7p"	"3P*"	"2"		"T2202"	"L11529"	
"194.5221"	"0.0004"	"194.522373"	"0.000019"	"610"	""		"13496.2595"	"64904.228"	"5d9.6s"	"b 1D"	"2"	"5d8.(3F<4>).6s.7p.(3P*<2>)"	"(4,2)*"	"3"		""	"L11529"	
"194.981421"	"0.000008"	"194.981433"	"0.000004"	"3700"	""		"0.0000"	"51286.9345"	"5d9.6s"	"3D"	"3"	"5d8.6s.(2F).6p"	"1D*"	"2"		""	"L9083,L11529"	
"195.17703"	"0.00003"	"195.177009"	"0.000007"	"910"	""		"10116.7158"	"61352.2585"	"5d8.6s2"	"3F"	"3"	"5d8.6s.(2G).6p"	"b 3F*"	"3"		""	"L9083,L11529"	
"195.6059"	"0.0010"	"195.605237"	"0.000023"	"75"	""		"13496.2595"	"64619.635"	"5d9.6s"	"b 1D"	"2"	"5d8.6s.(4P).6p"	"3D*"	"1"		""	"L11529"	
"195.70418"	"0.00020"	"195.704257"	"0.000005"	"260"	""		"0.0000"	"51097.5087"	"5d9.6s"	"3D"	"3"	"5d8.6s.(4P).6p"	"5D*"	"3"		""	"L11529"	
"196.00384"	"0.00020"	"196.003948"	"0.000023"	"490"	""		"13496.2595"	"64515.640"	"5d9.6s"	"b 1D"	"2"	"5d7.(4F).6s2.6p"	"c 5G*"	"2"		""	"L11529"	
"196.152464"	"0.000010"	"196.152465"	"0.000012"	"1700"	""		"10116.7158"	"61097.467"	"5d8.6s2"	"3F"	"3"	"5d8.6s.(2G).6p"	"a 3F*"	"2"		""	"L9083,L11529"	
"196.16527"	"0.00020"	"196.165279"	"0.000007"	"600"	""		"775.8761"	"51753.2970"	"5d9.6s"	"a 1D"	"2"	"5d8.6s.(2F).6p"	"3F*"	"2"		""	"L11529"	
"196.21105"	"0.00020"	"196.210783"	"0.000012"	"1000"	""		"10131.8684"	"61097.467"	"5d9.6s"	"3D"	"1"	"5d8.6s.(2G).6p"	"a 3F*"	"2"		""	"L11529"	
"196.314101"	"0.000005"	"196.314099"	"0.000005"	"6400"	""		"6567.4517"	"57506.2281"	"5d9.6s"	"3D"	"2"	"5d8.6s.(2G).6p"	"a 3F*"	"3"		""	"L9083,L11529"	
"196.45758"	"0.00020"	"196.457628"	"0.000019"	"750"	""		"6140.170"	"57041.7312"	"5d10"	"1S"	"0"	"5d8.6s.(4P).6p"	"3P*"	"1"		""	"L11529"	
"196.968093"	"0.000007"	"196.968088"	"0.000004"	"7400"	""		"775.8761"	"51545.5216"	"5d9.6s"	"a 1D"	"2"	"5d8.6s.(4F).6p"	"b 3D*"	"3"		""	"L9083,L11529"	
"197.0331"	"0.0010"	"197.03391"	"0.00003"	"130"	""		"13496.2595"	"64248.945"	"5d9.6s"	"b 1D"	"2"	"5d8.6s.(2D).6p"	"3D*"	"2"		""	"L11529"	
"197.153643"	"0.000005"	"197.153650"	"0.000003"	"19000"	""		"823.6608"	"51545.5216"	"5d8.6s2"	"3F"	"4"	"5d8.6s.(4F).6p"	"b 3D*"	"3"		""	"L9083,L11529"	
"197.976452"	"0.000004"	"197.976449"	"0.000004"	"14000"	""		"775.8761"	"51286.9345"	"5d9.6s"	"a 1D"	"2"	"5d8.6s.(2F).6p"	"1D*"	"2"		""	"L9083,L11529"	
"198.12072"	"0.00020"	"198.120708"	"0.000008"	"140"	""		"6567.4517"	"57041.7312"	"5d9.6s"	"3D"	"2"	"5d8.6s.(4P).6p"	"3P*"	"1"		""	"L11529"	
"198.68846"	"0.00020"	"198.68847"	"0.00009"	"360"	""		"13496.2595"	"63826.306"	"5d9.6s"	"b 1D"	"2"	"5d7.(4F).6s2.6p"	"b 5G*"	"2"		""	"L11529"	
"198.72168"	"0.00020"	"198.721693"	"0.000006"	"62"	""		"775.8761"	"51097.5087"	"5d9.6s"	"a 1D"	"2"	"5d8.6s.(4P).6p"	"5D*"	"3"		""	"L11529"	
"198.76987"	"0.00020"	"198.770009"	"0.000024"	"550"	""		"10131.8684"	"60441.269"	"5d9.6s"	"3D"	"1"	"5d9.7p"	"b 1P*"	"1"		""	"L11529"	
"198.778677"	"0.000005"	"198.778677"	"0.000005"	"4800"	""		"10116.7158"	"60423.9226"	"5d8.6s2"	"3F"	"3"	"5d8.6s.(2G).6p"	"3G*"	"4"		""	"L9083,L11529"	
"198.910577"	"0.000005"	"198.910575"	"0.000005"	"8400"	""		"823.6608"	"51097.5087"	"5d8.6s2"	"3F"	"4"	"5d8.6s.(4P).6p"	"5D*"	"3"		""	"L9083,L11529"	
"199.158308"	"0.000006"	"199.158308"	"0.000006"	"4400"	""		"10116.7158"	"60328.0281"	"5d8.6s2"	"3F"	"3"	"5d8.6s.(4F).6p"	"3F*"	"3"		""	"L9083,L11529"	
"199.2194"	"0.0004"	"199.21954"	"0.00010"	"470bl(Pt II)"	""		"15501.8344"	"65697.713"	"5d8.6s2"	"3F"	"2"	""	"m*"	"2 or 1"		""	"L11529"	
"199.589923"	"0.000007"	"199.589934"	"0.000006"	"6200"	""		"6567.4517"	"56670.1789"	"5d9.6s"	"3D"	"2"	"5d8.6s.(4P).6p"	"3P*"	"2"		""	"L9083,L11529"	
"199.8409"	"0.0010"	"199.83987"	"0.00016"	"51"	""		"18566.5450"	"68606.61"	"5d8.6s2"	"3P"	"1"	""	"v*"	"2"		""	"L11529"	
"199.95947"	"0.00020"	"199.959409"	"0.000005"	"100"	""		"0.0000"	"50010.1497"	"5d9.6s"	"3D"	"3"	"5d8.6s.(2F).6p"	"a 3F*"	"4"		""	"L11529"	
"200.47761"	"0.00020"	"200.477671"	"0.000007"	"3400"	""		"0.0000"	"49880.8667"	"5d9.6s"	"3D"	"3"	"5d9.6p"	"3D*"	"2"		""	"L11529"	
"200.7899"	"0.0010"	"200.78985"	"0.00012"	"40"	""		"10116.7158"	"59920.03"	"5d8.6s2"	"3F"	"3"	"5d9.7p"	"3D*"	"3"		""	"L11529"	
"200.80218"	"0.00020"	"200.802309"	"0.000012"	"250"	""		"10116.7158"	"59916.940"	"5d8.6s2"	"3F"	"3"	"5d9.7p"	"b 1D*"	"2"		""	"L11529"	
"201.32442"	"0.00020"	"201.324437"	"0.000012"	"970"	""		"13496.2595"	"63167.3284"	"5d9.6s"	"b 1D"	"2"	"5d8.(3F<4>).6s.7p.(3P*<1>)"	"(4,1)*"	"3"		""	"L11529"	
"201.36793"	"0.00020"	"201.36793"	"0.00009"	"130"	""		"10131.8684"	"59792.208"	"5d9.6s"	"3D"	"1"	"5d8.6s.(4P).6p"	"3S*"	"1"		""	"L11529"	
"201.72993"	"0.00020"	"201.73005"	"0.00009"	"89"	""		"13496.2595"	"63067.457"	"5d9.6s"	"b 1D"	"2"	"5d8.6s.(2D).6p"	"b 3D*"	"1"		""	"L11529"	
"201.737071"	"0.000008"	"201.737069"	"0.000008"	"1300"	""		"10116.7158"	"59686.1878"	"5d8.6s2"	"3F"	"3"	"5d7.(4F).6s2.6p"	"5G*"	"3"		""	"L9083,L11529"	
"202.119466"	"0.000006"	"202.119464"	"0.000006"	"5000"	""		"823.6608"	"50299.3510"	"5d8.6s2"	"3F"	"4"	"5d7.(4F).6s2.6p"	"a 3G*"	"5"		""	"L9083,L11529"	
"202.22822"	"0.00020"	"202.22817"	"0.00012"	"150"	""		"16983.435"	"66432.53"	"5d8.6s2"	"3P"	"0"	""	"q*"	"1"		""	"L11529"	
"202.419348"	"0.000019"	"202.419342"	"0.000020"	"960"	""		"15501.8344"	"64904.228"	"5d8.6s2"	"3F"	"2"	"5d8.(3F<4>).6s.7p.(3P*<2>)"	"(4,2)*"	"3"		""	"L9083,L11529"	
"202.52887"	"0.00020"	"202.52896"	"0.00016"	"600"	""		"10116.7158"	"59492.37"	"5d8.6s2"	"3F"	"3"	"5d9.7p"	"b 3F*"	"4"		""	"L11529"	
"202.652434"	"0.000016"	"202.652432"	"0.000016"	"1200"	""		"10116.7158"	"59462.287"	"5d8.6s2"	"3F"	"3"	"5d9.7p"	"a 1D*"	"2"		""	"L9083,L11529"	
"202.7152"	"0.0010"	"202.714680"	"0.000016"	"100"	""		"10131.8684"	"59462.287"	"5d9.6s"	"3D"	"1"	"5d9.7p"	"a 1D*"	"2"		""	"L11529"	
"202.89690"	"0.00020"	"202.896942"	"0.000005"	"240"	""		"0.0000"	"49286.1051"	"5d9.6s"	"3D"	"3"	"5d8.6s.(4P).6p"	"b 5P*"	"3"		""	"L11529"	
"202.92447"	"0.00003"	"202.924467"	"0.000016"	"740"	""		"775.8761"	"50055.296"	"5d9.6s"	"a 1D"	"2"	"5d8.6s.(4F).6p"	"5F*"	"1"		""	"L9083,L11529"	
"203.129802"	"0.000005"	"203.129801"	"0.000005"	"11000"	""		"10116.7158"	"59346.3215"	"5d8.6s2"	"3F"	"3"	"5d9.7p"	"a 3F*"	"4"		""	"L9083,L11529"	
"203.307866"	"0.000004"	"203.307864"	"0.000004"	"16000"	""		"823.6608"	"50010.1497"	"5d8.6s2"	"3F"	"4"	"5d8.6s.(2F).6p"	"a 3F*"	"4"		""	"L9083,L11529"	
"203.35931"	"0.00020"	"203.35922"	"0.00010"	"290"	""		"15501.8344"	"64675.903"	"5d8.6s2"	"3F"	"2"	"5d7.(4P).6s2.6p"	"5D*"	"3"		""	"L11529"	
"203.592176"	"0.000024"	"203.592178"	"0.000025"	"700"	""		"15501.8344"	"64619.635"	"5d8.6s2"	"3F"	"2"	"5d8.6s.(4P).6p"	"3D*"	"1"		""	"L9083,L11529"	
"203.645293"	"0.000007"	"203.645289"	"0.000007"	"3500"	""		"775.8761"	"49880.8667"	"5d9.6s"	"a 1D"	"2"	"5d9.6p"	"3D*"	"2"		""	"L9083,L11529"	
"203.76289"	"0.00020"	"203.76291"	"0.00003"	"160"	""		"6140.170"	"55216.815"	"5d10"	"1S"	"0"	"5d9.6p"	"b 3D*"	"1"		""	"L11529"	
"204.024154"	"0.000022"	"204.024149"	"0.000021"	"560"	""		"15501.8344"	"64515.640"	"5d8.6s2"	"3F"	"2"	"5d7.(4F).6s2.6p"	"c 5G*"	"2"		""	"L9083,L11529"	
"204.035892"	"0.000011"	"204.035890"	"0.000012"	"1200"	""		"10116.7158"	"59127.701"	"5d8.6s2"	"3F"	"3"	"5d8.6s.(2D).6p"	"b 3F*"	"2"		""	"L9083,L11529"	
"204.09899"	"0.00020"	"204.098991"	"0.000012"	"1800"	""		"10131.8684"	"59127.701"	"5d9.6s"	"3D"	"1"	"5d8.6s.(2D).6p"	"b 3F*"	"2"		""	"L11529"	
"204.21160"	"0.00020"	"204.211614"	"0.000017"	"1000"	""		"6567.4517"	"55536.263"	"5d9.6s"	"3D"	"2"	"5d8.6s.(2P).6p"	"3D*"	"3"		""	"L11529"	
"204.81043"	"0.00020"	"204.810376"	"0.000013"	"240"	""		"13496.2595"	"62321.9108"	"5d9.6s"	"b 1D"	"2"	"5d8.6s.(2D).6p"	"3F*"	"3"		""	"L11529"	
"205.004890"	"0.000004"	"205.004887"	"0.000003"	"32000"	"2.33e+08"	B	"0.0000"	"48779.3250"	"5d9.6s"	"3D"	"3"	"5d8.6s.(4F).6p"	"a 3D*"	"3"		"T4200n,T3313"	"L9083,L11529"	
"205.049656"	"0.000015"	"205.049652"	"0.000013"	"1900"	""		"775.8761"	"49544.552"	"5d9.6s"	"a 1D"	"2"	"5d9.6p"	"a 3D*"	"1"		""	"L9083,L11529"	
"205.1396"	"0.0020"	"205.14036"	"0.00003"	"66"	""		"15501.8344"	"64248.945"	"5d8.6s2"	"3F"	"2"	"5d8.6s.(2D).6p"	"3D*"	"2"		""	"L11529"	
"205.55258"	"0.00020"	"205.55254"	"0.00003"	"170"	""		"6567.4517"	"55216.815"	"5d9.6s"	"3D"	"2"	"5d9.6p"	"b 3D*"	"1"		""	"L11529"	
""	""	"205.554407"	"0.000013"	"m"	""		"10131.8684"	"58780.7888"	"5d9.6s"	"3D"	"1"	"5d9.7p"	"a 1P*"	"1"		""	"L11529c153"	
"205.90528"	"0.00020"	"205.905254"	"0.000017"	"620"	""		"13496.2595"	"62062.286"	"5d9.6s"	"b 1D"	"2"	"5d7.(4F).6s2.6p"	"a 5G*"	"2"		""	"L11529"	
"206.03436"	"0.00020"	"206.034389"	"0.000021"	"1500"	""		"0.0000"	"48535.587"	"5d9.6s"	"3D"	"3"	"5d8.6s.(4F).6p"	"5G*"	"2"		""	"L11529"	
"206.142080"	"0.000007"	"206.142090"	"0.000005"	"4800"	""		"775.8761"	"49286.1051"	"5d9.6s"	"a 1D"	"2"	"5d8.6s.(4P).6p"	"b 5P*"	"3"		""	"L9083,L11529"	
"206.345355"	"0.000005"	"206.345349"	"0.000004"	"7500"	""		"823.6608"	"49286.1051"	"5d8.6s2"	"3F"	"4"	"5d8.6s.(4P).6p"	"b 5P*"	"3"		""	"L9083,L11529"	
"206.759196"	"0.000010"	"206.759217"	"0.000008"	"2900"	""		"10116.7158"	"58482.1533"	"5d8.6s2"	"3F"	"3"	"5d9.7p"	"1F*"	"3"		""	"L9083,L11529"	
"206.817034"	"0.000005"	"206.817040"	"0.000004"	"11000"	"4.20e+07"	B+	"0.0000"	"48351.9153"	"5d9.6s"	"3D"	"3"	"5d8.6s.(4F).6p"	"3F*"	"4"		"T3313"	"L9083,L11529"	
"206.93460"	"0.00020"	"206.93449"	"0.00009"	"410"	""		"15501.8344"	"63826.306"	"5d8.6s2"	"3F"	"2"	"5d7.(4F).6s2.6p"	"b 5G*"	"2"		""	"L11529"	
"207.160538"	"0.000006"	"207.160533"	"0.000006"	"4100"	""		"10116.7158"	"58388.4588"	"5d8.6s2"	"3F"	"3"	"5d7.(4F).6s2.6p"	"5G*"	"4"		""	"L9083,L11529"	
""	""	"207.160565"	"0.000009"	"m"	""		"6567.4517"	"54839.1873"	"5d9.6s"	"3D"	"2"	"5d8.6s.(4P).6p"	"a 3D*"	"3"		""	"L9083,L11529"	
"207.42577"	"0.00020"	"207.42583"	"0.00013"	"1000"	""		"10116.7158"	"58326.72"	"5d8.6s2"	"3F"	"3"	"5d8.6s.(2P).6p"	"3D*"	"2"		""	"L11529"	
"207.49089"	"0.00020"	"207.49104"	"0.00013"	"140"	""		"10131.8684"	"58326.72"	"5d9.6s"	"3D"	"1"	"5d8.6s.(2P).6p"	"3D*"	"2"		""	"L11529"	
"207.68839"	"0.00020"	"207.688244"	"0.000013"	"440"	""		"13496.2595"	"61645.3497"	"5d9.6s"	"b 1D"	"2"	"5d8.6s.(2G).6p"	"b 3F*"	"2"		""	"L11529"	
"208.31839"	"0.00020"	"208.318365"	"0.000005"	"970"	""		"775.8761"	"48779.3250"	"5d9.6s"	"a 1D"	"2"	"5d8.6s.(4F).6p"	"a 3D*"	"3"		""	"L11529"	
"208.400855"	"0.000013"	"208.400850"	"0.000013"	"2300"	""		"10116.7158"	"58101.165"	"5d8.6s2"	"3F"	"3"	"5d9.7p"	"3F*"	"3"		""	"L9083,L11529"	
"208.525939"	"0.000006"	"208.525941"	"0.000004"	"23000"	"9.51e+07"	B	"823.6608"	"48779.3250"	"5d8.6s2"	"3F"	"4"	"5d8.6s.(4F).6p"	"a 3D*"	"3"		"T4200n,T3313"	"L9083,L11529"	
"208.89621"	"0.00020"	"208.89621"	"0.00004"	"1900"	""		"10116.7158"	"57987.379"	"5d8.6s2"	"3F"	"3"	"5d9.7p"	"3P*"	"2"		""	"L11529"	
"208.9144"	"0.0020"	"208.91662"	"0.00013"	"50"	""		"18566.5450"	"66432.53"	"5d8.6s2"	"3P"	"1"	""	"q*"	"1"		""	"L11529"	
"208.959787"	"0.000005"	"208.960218"	"0.000010"	"1100p*"	""		"13496.2595"	"61352.2585"	"5d9.6s"	"b 1D"	"2"	"5d8.6s.(2G).6p"	"b 3F*"	"3"		""	"L9083,L11529,c153"	
"208.9620"	"0.0010"	"208.96235"	"0.00004"	"1100p*"	""		"10131.8684"	"57987.379"	"5d9.6s"	"3D"	"1"	"5d9.7p"	"3P*"	"2"		""	"L16313c164"	
"209.79542"	"0.00020"	"209.795371"	"0.000013"	"1100"	""		"15501.8344"	"63167.3284"	"5d8.6s2"	"3F"	"2"	"5d8.(3F<4>).6s.7p.(3P*<1>)"	"(4,1)*"	"3"		""	"L11529"	
"209.941619"	"0.000013"	"209.941617"	"0.000013"	"1300"	""		"18566.5450"	"66198.835"	"5d8.6s2"	"3P"	"1"	""	"p*"	"2"		""	"L9083,L11529"	
"210.07862"	"0.00020"	"210.078704"	"0.000013"	"110"	""		"13496.2595"	"61097.467"	"5d9.6s"	"b 1D"	"2"	"5d8.6s.(2G).6p"	"a 3F*"	"2"		""	"L11529"	
"210.235092"	"0.000006"	"210.235091"	"0.000006"	"4900p"	""		"6567.4517"	"54133.2504"	"5d9.6s"	"3D"	"2"	"5d8.6s.(4P).6p"	"5S*"	"2"		""	"L9083,L11529"	
""	""	"210.23587"	"0.00010"	"m"	""		"15501.8344"	"63067.457"	"5d8.6s2"	"3F"	"2"	"5d8.6s.(2D).6p"	"b 3D*"	"1"		""	"L9083,L11529"	
"210.401170"	"0.000005"	"210.401163"	"0.000004"	"36000"	"1.19e+08"	B+	"823.6608"	"48351.9153"	"5d8.6s2"	"3F"	"4"	"5d8.6s.(4F).6p"	"3F*"	"4"		"T3313"	"L9083,L11529"	
"210.41525"	"0.00020"	"210.41527"	"0.00003"	"590"	""		"6140.170"	"53665.238"	"5d10"	"1S"	"0"	"5d8.6s.(2P).6p"	"3D*"	"1"		""	"L11529"	
"211.017148"	"0.000011"	"211.017154"	"0.000007"	"2800"	""		"10116.7158"	"57506.2281"	"5d8.6s2"	"3F"	"3"	"5d8.6s.(2G).6p"	"a 3F*"	"3"		""	"L9083,L11529"	
"211.033227"	"0.000008"	"211.033224"	"0.000008"	"3900"	""		"6567.4517"	"53953.3553"	"5d9.6s"	"3D"	"2"	"5d8.6s.(2P).6p"	"3P*"	"2"		""	"L9083,L11529"	
"211.48998"	"0.00003"	"211.48997"	"0.00003"	"720"	""		"18566.5450"	"65850.111"	"5d8.6s2"	"3P"	"1"	""	"n*"	"1"		""	"L9083,L11529"	
"212.055684"	"0.000023"	"212.055706"	"0.000009"	"1200"	""		"15501.8344"	"62659.2545"	"5d8.6s2"	"3F"	"2"	"5d8.6s.(4P).6p"	"3D*"	"2"		""	"L9083,L11529"	
"212.17407"	"0.00020"	"212.17382"	"0.00011"	"87"	""		"18566.5450"	"65697.713"	"5d8.6s2"	"3P"	"1"	""	"m*"	"2 or 1"		""	"L11529"	
"212.324201"	"0.000016"	"212.324204"	"0.000014"	"1300"	""		"6567.4517"	"53665.238"	"5d9.6s"	"3D"	"2"	"5d8.6s.(2P).6p"	"3D*"	"1"		""	"L9083,L11529"	
"212.925908"	"0.000007"	"212.925915"	"0.000007"	"13000p"	"1.69e+08"	B	"775.8761"	"47740.5680"	"5d9.6s"	"a 1D"	"2"	"5d9.6p"	"1P*"	"1"		"T4200n,T3313"	"L9083,L11529"	
"212.930568"	"0.000004"	"212.930567"	"0.000004"	"42000"	"8.82e+07"	B+	"0.0000"	"46963.6658"	"5d9.6s"	"3D"	"3"	"5d8.6s.(4P).6p"	"a 5D*"	"4"		"T3313n"	"L9083,L11529"	
"213.0143"	"0.0020"	"213.01519"	"0.00003"	"130"	""		"13496.2595"	"60441.269"	"5d9.6s"	"b 1D"	"2"	"5d9.7p"	"b 1P*"	"1"		""	"L11529"	
"213.17476"	"0.00020"	"213.174787"	"0.000011"	"150"	""		"10131.8684"	"57041.7312"	"5d9.6s"	"3D"	"1"	"5d8.6s.(4P).6p"	"3P*"	"1"		""	"L11529"	
"213.31457"	"0.00020"	"213.314557"	"0.000023"	"170"	""		"6140.170"	"53019.296"	"5d10"	"1S"	"0"	"5d8.6s.(2F).6p"	"3D*"	"1"		""	"L11529"	
"213.53042"	"0.00020"	"213.530266"	"0.000014"	"830"	""		"13496.2595"	"60328.0281"	"5d9.6s"	"b 1D"	"2"	"5d8.6s.(4F).6p"	"3F*"	"3"		""	"L11529"	
"213.583591"	"0.000008"	"213.583590"	"0.000008"	"3200"	""		"15501.8344"	"62321.9108"	"5d8.6s2"	"3F"	"2"	"5d8.6s.(2D).6p"	"3F*"	"3"		""	"L9083,L11529"	
"214.48877"	"0.00020"	"214.488759"	"0.000010"	"63000p"	"1.03e+08"	B	"0.0000"	"46622.4900"	"5d9.6s"	"3D"	"3"	"5d8.6s.(2F).6p"	"b 3D*"	"3"		"T4200n,T3313"	"L11529"	
"214.57155"	"0.00003"	"214.571510"	"0.000014"	"1600"	""		"15501.8344"	"62106.344"	"5d8.6s2"	"3F"	"2"	"5d8.6s.(4P).6p"	"b 3D*"	"3"		""	"L9083,L11529"	
"214.77466"	"0.00020"	"214.774549"	"0.000018"	"760"	""		"15501.8344"	"62062.286"	"5d8.6s2"	"3F"	"2"	"5d7.(4F).6s2.6p"	"a 5G*"	"2"		""	"L11529"	
"214.80669"	"0.00020"	"214.806791"	"0.000009"	"180"	""		"10116.7158"	"56670.1789"	"5d8.6s2"	"3F"	"3"	"5d8.6s.(4P).6p"	"3P*"	"2"		""	"L11529"	
"214.8767"	"0.0020"	"214.876730"	"0.000011"	"28"	""		"10131.8684"	"56670.1789"	"5d9.6s"	"3D"	"1"	"5d8.6s.(4P).6p"	"3P*"	"2"		""	"L11529"	
"215.13334"	"0.00020"	"215.13314"	"0.00006"	"1300p"	""		"16983.435"	"63466.278"	"5d8.6s2"	"3P"	"0"	"5d8.6s.(2P).6p"	"3P*"	"1"		""	"L11529"	
"215.276690"	"0.000014"	"215.276705"	"0.000014"	"2400"	""		"6567.4517"	"53019.296"	"5d9.6s"	"3D"	"2"	"5d8.6s.(2F).6p"	"3D*"	"1"		""	"L9083,L11529"	
"215.40705"	"0.00020"	"215.40689"	"0.00014"	"500"	""		"13496.2595"	"59920.03"	"5d9.6s"	"b 1D"	"2"	"5d9.7p"	"3D*"	"3"		""	"L11529"	
"215.42129"	"0.00003"	"215.421228"	"0.000014"	"2400p"	""		"13496.2595"	"59916.940"	"5d9.6s"	"b 1D"	"2"	"5d9.7p"	"b 1D*"	"2"		""	"L9083,L11529"	
"215.42457"	"0.00020"	"215.424609"	"0.000019"	"2000p"	"1.21e+07"	C+	"0.0000"	"46419.952"	"5d9.6s"	"3D"	"3"	"5d8.6s.(4P).6p"	"a 5D*"	"2"		"T3313"	"L11529"	
"215.98379"	"0.00020"	"215.98375"	"0.00019"	"160"	""		"21967.101"	"68266.88"	"5d8.6s2"	"1G"	"4"	"5d8.6s.7p"	"t*"	"5"		""	"L11529"	
"216.49744"	"0.00020"	"216.497413"	"0.000014"	"400"	""		"13496.2595"	"59686.1878"	"5d9.6s"	"b 1D"	"2"	"5d7.(4F).6s2.6p"	"5G*"	"3"		""	"L11529"	
"216.58203"	"0.00020"	"216.581720"	"0.000011"	"2500p"	""		"10116.7158"	"56288.6642"	"5d8.6s2"	"3F"	"3"	"5d8.6s.(2G).6p"	"3F*"	"4"		""	"L11529"	
"216.589099"	"0.000006"	"216.589097"	"0.000005"	"9300p"	"3.14e+07"	B+	"0.0000"	"46170.3757"	"5d9.6s"	"3D"	"3"	"5d9.6p"	"3F*"	"2"		"T3313"	"L9083,L11529"	
"216.73175"	"0.00020"	"216.731663"	"0.000006"	"2000"	"3.47e+06"	B+	"823.6608"	"46963.6658"	"5d8.6s2"	"3F"	"4"	"5d8.6s.(4P).6p"	"a 5D*"	"4"		"T3313n"	"L11529"	
"216.99516"	"0.00020"	"216.99495"	"0.00011"	"1000"	""		"16983.435"	"63067.457"	"5d8.6s2"	"3P"	"0"	"5d8.6s.(2D).6p"	"b 3D*"	"1"		""	"L11529"	
"217.14075"	"0.00020"	"217.14070"	"0.00003"	"340"	""		"18566.5450"	"64619.635"	"5d8.6s2"	"3P"	"1"	"5d8.6s.(4P).6p"	"3D*"	"1"		""	"L11529"	
"217.536585"	"0.000005"	"217.536584"	"0.000005"	"89000"	"1.92e+08"	B+	"823.6608"	"46792.9402"	"5d8.6s2"	"3F"	"4"	"5d8.6s.(4F).6p"	"3G*"	"5"		"T3313"	"L9083,L11529"	
"217.55208"	"0.00020"	"217.551974"	"0.000019"	"310"	""		"13496.2595"	"59462.287"	"5d9.6s"	"b 1D"	"2"	"5d9.7p"	"a 1D*"	"2"		""	"L11529"	
"217.71550"	"0.00020"	"217.71552"	"0.00003"	"250"	""		"6140.170"	"52071.669"	"5d10"	"1S"	"0"	"5d8.6s.(4P).6p"	"5D*"	"1"		""	"L11529"	
"218.10057"	"0.00020"	"218.100491"	"0.000011"	"1500"	""		"15501.8344"	"61352.2585"	"5d8.6s2"	"3F"	"2"	"5d8.6s.(2G).6p"	"b 3F*"	"3"		""	"L11529"	
"218.118595"	"0.000011"	"218.118617"	"0.000010"	"5200"	""		"775.8761"	"46622.4900"	"5d9.6s"	"a 1D"	"2"	"5d8.6s.(2F).6p"	"b 3D*"	"3"		""	"L9083,L11529"	
"218.34625"	"0.00003"	"218.346193"	"0.000010"	"2200"	""		"823.6608"	"46622.4900"	"5d8.6s2"	"3F"	"4"	"5d8.6s.(2F).6p"	"b 3D*"	"3"		""	"L9083,L11529"	
"218.90281"	"0.00020"	"218.90268"	"0.00003"	"260"	""		"18566.5450"	"64248.945"	"5d8.6s2"	"3P"	"1"	"5d8.6s.(2D).6p"	"3D*"	"2"		""	"L11529"	
"219.08651"	"0.00020"	"219.086482"	"0.000019"	"1600"	"1.45e+07"	C+	"775.8761"	"46419.952"	"5d9.6s"	"a 1D"	"2"	"5d8.6s.(4P).6p"	"a 5D*"	"2"		"T3313"	"L11529"	
"219.14708"	"0.00020"	"219.147142"	"0.000014"	"300"	""		"13496.2595"	"59127.701"	"5d9.6s"	"b 1D"	"2"	"5d8.6s.(2D).6p"	"b 3F*"	"2"		""	"L11529"	
"219.31917"	"0.00020"	"219.319251"	"0.000014"	"330"	""		"15501.8344"	"61097.467"	"5d8.6s2"	"3F"	"2"	"5d8.6s.(2G).6p"	"a 3F*"	"2"		""	"L11529"	
"219.75982"	"0.00020"	"219.75985"	"0.00003"	"300"	""		"6567.4517"	"52071.669"	"5d9.6s"	"3D"	"2"	"5d8.6s.(4P).6p"	"5D*"	"1"		""	"L11529"	
"220.038838"	"0.000011"	"220.038839"	"0.000011"	"2400"	""		"21967.101"	"67413.6232"	"5d8.6s2"	"1G"	"4"	"5d8.6s.7p"	"s*"	"5 or 4"		""	"L9083,L11529"	
"220.16953"	"0.00005"	"220.169522"	"0.000019"	"2600"	""		"10116.7158"	"55536.263"	"5d8.6s2"	"3F"	"3"	"5d8.6s.(2P).6p"	"3D*"	"3"		""	"L11529"	
"220.291004"	"0.000007"	"220.291006"	"0.000005"	"13000"	"3.10e+07"	B+	"775.8761"	"46170.3757"	"5d9.6s"	"a 1D"	"2"	"5d9.6p"	"3F*"	"2"		"T3313"	"L9083,L11529"	
"220.94688"	"0.00020"	"220.94681"	"0.00011"	"270"	""		"18566.5450"	"63826.306"	"5d8.6s2"	"3P"	"1"	"5d7.(4F).6s2.6p"	"b 5G*"	"2"		""	"L11529"	
"221.46212"	"0.00020"	"221.46202"	"0.00015"	"480"	""		"21967.101"	"67121.57"	"5d8.6s2"	"1G"	"4"	"5d9.7p"	"(3/2,3/2)*"	"3"		""	"L11529"	
"221.80355"	"0.00020"	"221.80352"	"0.00003"	"2200"	""		"10131.8684"	"55216.815"	"5d9.6s"	"3D"	"1"	"5d9.6p"	"b 3D*"	"1"		""	"L11529"	
"222.330547"	"0.000023"	"222.330572"	"0.000007"	"5600"	""		"6567.4517"	"51545.5216"	"5d9.6s"	"3D"	"2"	"5d8.6s.(4F).6p"	"b 3D*"	"3"		""	"L9083,L11529"	
"222.52167"	"0.00020"	"222.52171"	"0.00003"	"470"	""		"15501.8344"	"60441.269"	"5d8.6s2"	"3F"	"2"	"5d9.7p"	"b 1P*"	"1"		""	"L11529"	
"222.75367"	"0.00020"	"222.75363"	"0.00009"	"290"	""		"10116.7158"	"55009.362"	"5d8.6s2"	"3F"	"3"	"5d8.6s.(2G).6p"	"3H*"	"4"		""	"L11529"	
"223.0634"	"0.0020"	"223.06262"	"0.00015"	"23"	""		"13496.2595"	"58326.72"	"5d9.6s"	"b 1D"	"2"	"5d8.6s.(2P).6p"	"3D*"	"2"		""	"L11529"	
"223.0843"	"0.0020"	"223.083853"	"0.000015"	"29"	""		"15501.8344"	"60328.0281"	"5d8.6s2"	"3F"	"2"	"5d8.6s.(4F).6p"	"3F*"	"3"		""	"L11529"	
"223.56204"	"0.00005"	"223.562073"	"0.000010"	"5200"	"8.00e+06"	B	"0.0000"	"44730.3062"	"5d9.6s"	"3D"	"3"	"5d8.6s.(2F).6p"	"a 3D*"	"3"		"T3313"	"L11529"	
"223.61618"	"0.00020"	"223.616182"	"0.000008"	"180"	""		"6567.4517"	"51286.9345"	"5d9.6s"	"3D"	"2"	"5d8.6s.(2F).6p"	"1D*"	"2"		""	"L11529"	
"224.10176"	"0.00020"	"224.10174"	"0.00003"	"380"	""		"775.8761"	"45398.466"	"5d9.6s"	"a 1D"	"2"	"5d8.6s.(4P).6p"	"5P*"	"1"		""	"L11529"	
"224.1911"	"0.0010"	"224.190588"	"0.000015"	"560bl(Pt II)"	""		"13496.2595"	"58101.165"	"5d9.6s"	"b 1D"	"2"	"5d9.7p"	"3F*"	"3"		""	"L16313c164"	
"224.56737"	"0.00005"	"224.567420"	"0.000009"	"6100"	""		"6567.4517"	"51097.5087"	"5d9.6s"	"3D"	"2"	"5d8.6s.(4P).6p"	"5D*"	"3"		""	"L11529"	
"224.71597"	"0.00020"	"224.71450"	"0.00012"	"170p"	""		"18566.5450"	"63067.457"	"5d8.6s2"	"3P"	"1"	"5d8.6s.(2D).6p"	"b 3D*"	"1"		""	"L11529c153"	
"224.76395"	"0.00020"	"224.76396"	"0.00005"	"170"	""		"13496.2595"	"57987.379"	"5d9.6s"	"b 1D"	"2"	"5d9.7p"	"3P*"	"2"		""	"L11529"	
"225.0005"	"0.0004"	"225.000498"	"0.000020"	"6900bl(Pt II)"	"1.28e+07"	B+	"0.0000"	"44444.346"	"5d9.6s"	"3D"	"3"	"5d8.6s.(4F).6p"	"5F*"	"2"		"T3313"	"L11529"	
"225.05968"	"0.00005"	"225.059720"	"0.000015"	"4600"	"2.81e+06"	B+	"0.0000"	"44432.651"	"5d9.6s"	"3D"	"3"	"5d8.6s.(4F).6p"	"b 5G*"	"4"		"T3313n"	"L11529"	
"225.14859"	"0.00020"	"225.148626"	"0.000015"	"120"	""		"15501.8344"	"59916.940"	"5d8.6s2"	"3F"	"2"	"5d9.7p"	"b 1D*"	"2"		""	"L11529"	
"225.78273"	"0.00020"	"225.78270"	"0.00011"	"1000p"	""		"15501.8344"	"59792.208"	"5d8.6s2"	"3F"	"2"	"5d8.6s.(4P).6p"	"3S*"	"1"		""	"L11529"	
"226.32439"	"0.00020"	"226.324462"	"0.000015"	"110"	""		"15501.8344"	"59686.1878"	"5d8.6s2"	"3F"	"2"	"5d7.(4F).6s2.6p"	"5G*"	"3"		""	"L11529"	
"226.79457"	"0.00020"	"226.794863"	"0.000015"	"210"	""		"18566.5450"	"62659.2545"	"5d8.6s2"	"3P"	"1"	"5d8.6s.(4P).6p"	"3D*"	"2"		""	"L11529"	
"226.95399"	"0.00020"	"226.953995"	"0.000010"	"7100"	""		"10116.7158"	"54178.5090"	"5d8.6s2"	"3F"	"3"	"5d8.6s.(4P).6p"	"b 5D*"	"4"		""	"L11529"	
"227.18714"	"0.00020"	"227.187353"	"0.000010"	"48"	""		"10116.7158"	"54133.2504"	"5d8.6s2"	"3F"	"3"	"5d8.6s.(4P).6p"	"5S*"	"2"		""	"L11529"	
"227.22088"	"0.00020"	"227.221248"	"0.000012"	"140"	""		"13496.2595"	"57506.2281"	"5d9.6s"	"b 1D"	"2"	"5d8.6s.(2G).6p"	"a 3F*"	"3"		""	"L11529"	
"227.47709"	"0.00020"	"227.477185"	"0.000021"	"700"	""		"15501.8344"	"59462.287"	"5d8.6s2"	"3F"	"2"	"5d9.7p"	"a 1D*"	"2"		""	"L11529"	
"227.508359"	"0.000017"	"227.508353"	"0.000012"	"22000"	"2.88e+07"	B+	"775.8761"	"44730.3062"	"5d9.6s"	"a 1D"	"2"	"5d8.6s.(2F).6p"	"a 3D*"	"3"		"T3313"	"L9083,L11529"	
"227.55437"	"0.00005"	"227.554409"	"0.000021"	"5100"	"3.15e+06"	B+	"0.0000"	"43945.534"	"5d9.6s"	"3D"	"3"	"5d8.6s.(4P).6p"	"a 5P*"	"3"		"T3313n"	"L11529"	
"227.71261"	"0.00005"	"227.71197"	"0.00003"	"1600"	""		"6140.170"	"50055.296"	"5d10"	"1S"	"0"	"5d8.6s.(4F).6p"	"5F*"	"1"		""	"L11529c153"	
"227.75586"	"0.00005"	"227.755956"	"0.000016"	"1300"	""		"823.6608"	"44730.3062"	"5d8.6s2"	"3F"	"4"	"5d8.6s.(2F).6p"	"a 3D*"	"3"		""	"L11529"	
"227.86609"	"0.00020"	"227.866134"	"0.000021"	"180"	""		"21967.101"	"65852.5167"	"5d8.6s2"	"1G"	"4"	""	"o*"	"4"		""	"L11529"	
"228.11957"	"0.00005"	"228.119676"	"0.000011"	"1300"	""		"10116.7158"	"53953.3553"	"5d8.6s2"	"3F"	"3"	"5d8.6s.(2P).6p"	"3P*"	"2"		""	"L11529"	
"228.19840"	"0.00020"	"228.198555"	"0.000010"	"110"	""		"10131.8684"	"53953.3553"	"5d9.6s"	"3D"	"1"	"5d8.6s.(2P).6p"	"3P*"	"2"		""	"L11529"	
"228.99825"	"0.00005"	"228.998177"	"0.000021"	"6900"	"1.52e+07"	B+	"775.8761"	"44444.346"	"5d9.6s"	"a 1D"	"2"	"5d8.6s.(4F).6p"	"5F*"	"2"		"T3313"	"L11529"	
"229.22209"	"0.00020"	"229.221808"	"0.000016"	"69"	""		"15501.8344"	"59127.701"	"5d8.6s2"	"3F"	"2"	"5d8.6s.(2D).6p"	"b 3F*"	"2"		""	"L11529"	
"229.310519"	"0.000019"	"229.310515"	"0.000016"	"25000"	"1.76e+07"	B+	"823.6608"	"44432.651"	"5d8.6s2"	"3F"	"4"	"5d8.6s.(4F).6p"	"b 5G*"	"4"		"T3313n"	"L9083,L11529"	
"229.64509"	"0.00020"	"229.645003"	"0.000016"	"1700"	""		"13496.2595"	"57041.7312"	"5d9.6s"	"b 1D"	"2"	"5d8.6s.(4P).6p"	"3P*"	"1"		""	"L11529"	
"229.70872"	"0.00020"	"229.708844"	"0.000021"	"58"	""		"10131.8684"	"53665.238"	"5d9.6s"	"3D"	"1"	"5d8.6s.(2P).6p"	"3D*"	"1"		""	"L11529"	
"229.90760"	"0.00020"	"229.90757"	"0.00003"	"800"	""		"18566.5450"	"62062.286"	"5d8.6s2"	"3P"	"1"	"5d7.(4F).6s2.6p"	"a 5G*"	"2"		""	"L11529"	
"229.94940"	"0.00020"	"229.949315"	"0.000021"	"710"	""		"6567.4517"	"50055.296"	"5d9.6s"	"3D"	"2"	"5d8.6s.(4F).6p"	"5F*"	"1"		""	"L11529"	
"230.1088"	"0.0020"	"230.10811"	"0.00006"	"120bl(Pt II)"	""		"16983.435"	"60441.269"	"5d8.6s2"	"3P"	"0"	"5d9.7p"	"b 1P*"	"1"		""	"L11529"	
"230.39155"	"0.00005"	"230.39148"	"0.00003"	"2100"	""		"6140.170"	"49544.552"	"5d10"	"1S"	"0"	"5d9.6p"	"a 3D*"	"1"		""	"L11529"	
"230.6049"	"0.0020"	"230.6105"	"0.0012"	"30"	""		"21967.101"	"65330.27"	"5d8.6s2"	"1G"	"4"	"5d9.5f"	"e*"	"3"		""	"L11529"	
"230.87538"	"0.00005"	"230.875354"	"0.000011"	"9500"	""		"6567.4517"	"49880.8667"	"5d9.6s"	"3D"	"2"	"5d9.6p"	"3D*"	"2"		""	"L11529"	
"231.62141"	"0.00020"	"231.621315"	"0.000016"	"3800"	""		"13496.2595"	"56670.1789"	"5d9.6s"	"b 1D"	"2"	"5d8.6s.(4P).6p"	"3P*"	"2"		""	"L11529"	
"231.90087"	"0.00003"	"231.900872"	"0.000022"	"15000"	"9.03e+06"	B+	"823.6608"	"43945.534"	"5d8.6s2"	"3F"	"4"	"5d8.6s.(4P).6p"	"a 5P*"	"3"		"T3313n"	"L9083,L11529"	
"232.13262"	"0.00020"	"232.132717"	"0.000016"	"67"	""		"18566.5450"	"61645.3497"	"5d8.6s2"	"3P"	"1"	"5d8.6s.(2G).6p"	"b 3F*"	"2"		""	"L11529"	
"232.68194"	"0.00005"	"232.682055"	"0.000016"	"2300"	""		"6567.4517"	"49544.552"	"5d9.6s"	"3D"	"2"	"5d9.6p"	"a 3D*"	"1"		""	"L11529"	
"233.16856"	"0.00005"	"233.168566"	"0.000016"	"850"	""		"10131.8684"	"53019.296"	"5d9.6s"	"3D"	"1"	"5d8.6s.(2F).6p"	"3D*"	"1"		""	"L11529"	
"233.59716"	"0.00020"	"233.59698"	"0.00012"	"270"	""		"16983.435"	"59792.208"	"5d8.6s2"	"3P"	"0"	"5d8.6s.(4P).6p"	"3S*"	"1"		""	"L11529"	
"234.08977"	"0.00005"	"234.089776"	"0.000009"	"5600"	""		"6567.4517"	"49286.1051"	"5d9.6s"	"3D"	"2"	"5d8.6s.(4P).6p"	"b 5P*"	"3"		""	"L11529"	
"234.14368"	"0.00020"	"234.14377"	"0.00013"	"100"	""		"21967.101"	"64675.903"	"5d8.6s2"	"1G"	"4"	"5d7.(4P).6s2.6p"	"5D*"	"3"		""	"L11529"	
"234.41131"	"0.00005"	"234.411363"	"0.000016"	"2500"	"8.3e+05"	C+	"0.0000"	"42660.048"	"5d9.6s"	"3D"	"3"	"5d8.6s.(4F).6p"	"b 5D*"	"3"		"T3313"	"L11529"	
"234.74555"	"0.00020"	"234.745473"	"0.000017"	"210"	""		"15501.8344"	"58101.165"	"5d8.6s2"	"3F"	"2"	"5d9.7p"	"3F*"	"3"		""	"L11529"	
"234.78788"	"0.00020"	"234.787849"	"0.000011"	"950"	""		"10116.7158"	"52708.3577"	"5d8.6s2"	"3F"	"3"	"5d8.6s.(4P).6p"	"b 5D*"	"2"		""	"L11529"	
"235.37414"	"0.00020"	"235.37417"	"0.00005"	"99"	""		"15501.8344"	"57987.379"	"5d8.6s2"	"3F"	"2"	"5d9.7p"	"3P*"	"2"		""	"L11529"	
"235.78257"	"0.00006"	"235.782588"	"0.000022"	"17000"	"7.20e+07"	B+	"775.8761"	"43187.829"	"5d9.6s"	"a 1D"	"2"	"5d8.6s.(4F).6p"	"5D*"	"1"		"T3313"	"L11529"	
"235.83015"	"0.00020"	"235.830123"	"0.000010"	"990"	""		"10116.7158"	"52520.1199"	"5d8.6s2"	"3F"	"3"	"5d8.6s.(2F).6p"	"b 3F*"	"4"		""	"L11529"	
"236.1170"	"0.0020"	"236.1148"	"0.0003"	"18"	""		"21967.101"	"64319.38"	"5d8.6s2"	"1G"	"4"	"5d8.(3F<4>).6s.7p.(3P*<2>)"	"(4,2)*"	"4"		""	"L11529"	
"236.90016"	"0.00006"	"236.900171"	"0.000008"	"5400"	"2.6e+07"	C	"6567.4517"	"48779.3250"	"5d9.6s"	"3D"	"2"	"5d8.6s.(4F).6p"	"a 3D*"	"3"		"T4200n,T3313"	"L11529"	
"237.86863"	"0.00006"	"237.868677"	"0.000023"	"1200"	""		"13496.2595"	"55536.263"	"5d9.6s"	"b 1D"	"2"	"5d8.6s.(2P).6p"	"3D*"	"3"		""	"L11529"	
"238.07019"	"0.00020"	"238.070333"	"0.000013"	"94bl"	""		"15501.8344"	"57506.2281"	"5d8.6s2"	"3F"	"2"	"5d8.6s.(2G).6p"	"a 3F*"	"3"		""	"L11529"	
"238.27596"	"0.00020"	"238.27601"	"0.00003"	"1700"	""		"6567.4517"	"48535.587"	"5d9.6s"	"3D"	"2"	"5d8.6s.(4F).6p"	"5G*"	"2"		""	"L11529"	
""	""	"238.27659"	"0.00023"	"m"	""		"26638.576"	"68606.61"	"5d8.6s2"	"1D"	"2"	""	"v*"	"2"		""	"L11529"	
"238.43701"	"0.00006"	"238.43699"	"0.00003"	"3000"	""		"10131.8684"	"52071.669"	"5d9.6s"	"3D"	"1"	"5d8.6s.(4P).6p"	"5D*"	"1"		""	"L11529"	
"238.75365"	"0.00006"	"238.753676"	"0.000017"	"2800"	"1.33e+06"	B+	"775.8761"	"42660.048"	"5d9.6s"	"a 1D"	"2"	"5d8.6s.(4F).6p"	"b 5D*"	"3"		"T3313"	"L11529"	
"238.80734"	"0.00020"	"238.80754"	"0.00003"	"63"	""		"18566.5450"	"60441.269"	"5d8.6s2"	"3P"	"1"	"5d9.7p"	"b 1P*"	"1"		""	"L11529"	
"239.02637"	"0.00003"	"239.026376"	"0.000017"	"9100"	"3.54e+06"	B+	"823.6608"	"42660.048"	"5d8.6s2"	"3F"	"4"	"5d8.6s.(4F).6p"	"b 5D*"	"3"		"T3313"	"L9083,L11529"	
"239.2488"	"0.0020"	"239.24960"	"0.00006"	"66"	""		"16983.435"	"58780.7888"	"5d8.6s2"	"3P"	"0"	"5d9.7p"	"a 1P*"	"1"		""	"L11529"	
"239.69003"	"0.00006"	"239.69000"	"0.00004"	"1500"	""		"13496.2595"	"55216.815"	"5d9.6s"	"b 1D"	"2"	"5d9.6p"	"b 3D*"	"1"		""	"L11529"	
"240.17342"	"0.00006"	"240.173418"	"0.000012"	"1200"	""		"10116.7158"	"51753.2970"	"5d8.6s2"	"3F"	"3"	"5d8.6s.(2F).6p"	"3F*"	"2"		""	"L11529"	
"240.26084"	"0.00006"	"240.260854"	"0.000014"	"2100"	""		"10131.8684"	"51753.2970"	"5d9.6s"	"3D"	"1"	"5d8.6s.(2F).6p"	"3F*"	"2"		""	"L11529"	
"240.38231"	"0.00006"	"240.38232"	"0.00003"	"4200"	"2.06e+07"	B	"6140.170"	"47740.5680"	"5d10"	"1S"	"0"	"5d9.6p"	"1P*"	"1"		"T4200n,T3313"	"L11529"	
"240.73247"	"0.00020"	"240.732423"	"0.000012"	"180"	""		"15501.8344"	"57041.7312"	"5d8.6s2"	"3F"	"2"	"5d8.6s.(4P).6p"	"3P*"	"1"		""	"L11529"	
"241.3780"	"0.0004"	"241.377945"	"0.000009"	"210bl(Pt II)"	""		"10116.7158"	"51545.5216"	"5d8.6s2"	"3F"	"3"	"5d8.6s.(4F).6p"	"b 3D*"	"3"		""	"L11529"	
"241.87930"	"0.00006"	"241.879338"	"0.000014"	"3700"	""		"13496.2595"	"54839.1873"	"5d9.6s"	"b 1D"	"2"	"5d8.6s.(4P).6p"	"a 3D*"	"3"		""	"L11529"	
"242.71718"	"0.00020"	"242.717107"	"0.000024"	"230"	""		"21967.101"	"63167.3284"	"5d8.6s2"	"1G"	"4"	"5d8.(3F<4>).6s.7p.(3P*<1>)"	"(4,1)*"	"3"		""	"L11529"	
"242.87703"	"0.00006"	"242.876928"	"0.000012"	"1600"	""		"6567.4517"	"47740.5680"	"5d9.6s"	"3D"	"2"	"5d9.6p"	"1P*"	"1"		""	"L11529"	
"242.89402"	"0.00006"	"242.894022"	"0.000010"	"2300"	""		"10116.7158"	"51286.9345"	"5d8.6s2"	"3F"	"3"	"5d8.6s.(2F).6p"	"1D*"	"2"		""	"L11529"	
"242.90493"	"0.00020"	"242.905080"	"0.000018"	"110"	""		"15501.8344"	"56670.1789"	"5d8.6s2"	"3F"	"2"	"5d8.6s.(4P).6p"	"3P*"	"2"		""	"L11529"	
"242.98342"	"0.00006"	"242.983451"	"0.000012"	"900"	""		"10131.8684"	"51286.9345"	"5d9.6s"	"3D"	"1"	"5d8.6s.(2F).6p"	"1D*"	"2"		""	"L11529"	
"243.74277"	"0.00006"	"243.742776"	"0.000024"	"8500"	"1.99e+07"	B+	"775.8761"	"41802.733"	"5d9.6s"	"a 1D"	"2"	"5d8.6s.(2D).6p"	"a 3D*"	"1"		"T3313"	"L11529"	
"244.0161"	"0.0020"	"244.016753"	"0.000011"	"36"	""		"10116.7158"	"51097.5087"	"5d8.6s2"	"3F"	"3"	"5d8.6s.(4P).6p"	"5D*"	"3"		""	"L11529"	
"244.080096"	"0.000014"	"244.080101"	"0.000012"	"41000"	""		"0.0000"	"40970.1568"	"5d9.6s"	"3D"	"3"	"5d8.6s.(4F).6p"	"5G*"	"3"		""	"L9083,L11529"	
"244.5240"	"0.0020"	"244.52423"	"0.00003"	"26"	""		"18566.5450"	"59462.287"	"5d8.6s2"	"3P"	"1"	"5d9.7p"	"a 1D*"	"2"		""	"L11529"	
"244.6872"	"0.0020"	"244.6874"	"0.0005"	"34"	""		"21967.101"	"62835.57"	"5d8.6s2"	"1G"	"4"	"5d8.(3F<4>).6s.7p.(3P*<1>)"	"(4,1)*"	"5"		""	"L11529"	
"245.17093"	"0.00006"	"245.171100"	"0.000013"	"2600c"	"2.29e+06"	B+	"0.0000"	"40787.8417"	"5d9.6s"	"3D"	"3"	"5d8.6s.(4P).6p"	"5P*"	"2"		"T3313n"	"L11529"	
"246.0793"	"0.0020"	"246.081213"	"0.000018"	"38"	""		"13496.2595"	"54133.2504"	"5d9.6s"	"b 1D"	"2"	"5d8.6s.(4P).6p"	"5S*"	"2"		""	"L11529"	
"246.81472"	"0.00003"	"246.814678"	"0.000018"	"19000p"	"2.18e+07"	B+	"0.0000"	"40516.229"	"5d9.6s"	"3D"	"3"	"5d8.6s.(4F).6p"	"5D*"	"2"		"T3313n"	"L9083,L11529"	
"246.82285"	"0.00006"	"246.822905"	"0.000024"	"3500p"	""		"13496.2595"	"54011.138"	"5d9.6s"	"b 1D"	"2"	"5d8.6s.(4P).6p"	"c 5P*"	"3"		""	"L11529"	
"247.0155"	"0.0020"	"247.01730"	"0.00018"	"28"	""		"26638.576"	"67121.57"	"5d8.6s2"	"1D"	"2"	"5d9.7p"	"(3/2,3/2)*"	"3"		""	"L11529"	
"247.17542"	"0.00006"	"247.175429"	"0.000018"	"1500"	""		"13496.2595"	"53953.3553"	"5d9.6s"	"b 1D"	"2"	"5d8.6s.(2P).6p"	"3P*"	"2"		""	"L11529"	
"247.80217"	"0.00020"	"247.801936"	"0.000025"	"42"	""		"21967.101"	"62321.9108"	"5d8.6s2"	"1G"	"4"	"5d8.6s.(2D).6p"	"3F*"	"3"		""	"L11529"	
"248.41172"	"0.00020"	"248.41147"	"0.00010"	"1100"	"4.96e+07"	B+	"10131.8684"	"50387.658"	"5d9.6s"	"3D"	"1"	"5d9.6p"	"3P*"	"0"		"T3313"	"L11529"	
"248.66815"	"0.00020"	"248.668110"	"0.000025"	"67"	""		"18566.5450"	"58780.7888"	"5d8.6s2"	"3P"	"1"	"5d9.7p"	"a 1P*"	"1"		""	"L11529"	
"248.791983"	"0.000010"	"248.791989"	"0.000009"	"65000"	""		"0.0000"	"40194.2203"	"5d9.6s"	"3D"	"3"	"5d8.6s.(4F).6p"	"5F*"	"4"		""	"L9083,L11529"	
""	""	"248.791615"	"0.000013"	"m"	""		"775.8761"	"40970.1568"	"5d9.6s"	"a 1D"	"2"	"5d8.6s.(4F).6p"	"5G*"	"3"		""	"L9083,L11529"	
"248.94831"	"0.00020"	"248.948327"	"0.000025"	"920"	""		"13496.2595"	"53665.238"	"5d9.6s"	"b 1D"	"2"	"5d8.6s.(2P).6p"	"3D*"	"1"		""	"L11529"	
"249.08778"	"0.00006"	"249.087741"	"0.000013"	"9200"	""		"823.6608"	"40970.1568"	"5d8.6s2"	"3F"	"4"	"5d8.6s.(4F).6p"	"5G*"	"3"		""	"L11529"	
"249.6381"	"0.0020"	"249.63618"	"0.00006"	"37"	""		"16983.435"	"57041.7312"	"5d8.6s2"	"3P"	"0"	"5d8.6s.(4P).6p"	"3P*"	"1"		""	"L11529"	
"249.65652"	"0.00006"	"249.656483"	"0.000014"	"7100"	"6.7e+06"	C	"6567.4517"	"46622.4900"	"5d9.6s"	"3D"	"2"	"5d8.6s.(2F).6p"	"b 3D*"	"3"		"T4200n,T3313"	"L11529"	
"249.78497"	"0.00020"	"249.785006"	"0.000025"	"64"	""		"15501.8344"	"55536.263"	"5d8.6s2"	"3F"	"2"	"5d8.6s.(2P).6p"	"3D*"	"3"		""	"L11529"	
"249.925245"	"0.000014"	"249.925237"	"0.000012"	"20000"	"1.35e+07"	B+	"775.8761"	"40787.8417"	"5d9.6s"	"a 1D"	"2"	"5d8.6s.(4P).6p"	"5P*"	"2"		"T3313n"	"L9083,L11529"	
"250.1564"	"0.0020"	"250.1557"	"0.0003"	"34"	""		"21967.101"	"61942.21"	"5d8.6s2"	"1G"	"4"	"5d8.(3F<4>).6s.7p.(3P*<0>)"	"(4,0)*"	"4"		""	"L11529"	
"250.47949"	"0.00006"	"250.47950"	"0.00003"	"390"	""		"10131.8684"	"50055.296"	"5d9.6s"	"3D"	"1"	"5d8.6s.(4F).6p"	"5F*"	"1"		""	"L11529"	
"250.66775"	"0.00020"	"250.667817"	"0.000011"	"1100"	""		"10116.7158"	"50010.1497"	"5d8.6s2"	"3F"	"3"	"5d8.6s.(2F).6p"	"a 3F*"	"4"		""	"L11529"	
"250.92529"	"0.00006"	"250.92529"	"0.00003"	"2500"	"1.50e+07"	B+	"6567.4517"	"46419.952"	"5d9.6s"	"3D"	"2"	"5d8.6s.(4P).6p"	"a 5D*"	"2"		"T3313"	"L11529"	
"251.48274"	"0.00006"	"251.482800"	"0.000013"	"1100"	""		"10116.7158"	"49880.8667"	"5d8.6s2"	"3F"	"3"	"5d9.6p"	"3D*"	"2"		""	"L11529"	
"251.57876"	"0.00006"	"251.578667"	"0.000015"	"1600"	""		"10131.8684"	"49880.8667"	"5d9.6s"	"3D"	"1"	"5d9.6p"	"3D*"	"2"		""	"L11529"	
"251.63342"	"0.00006"	"251.633397"	"0.000019"	"13000"	"1.11e+07"	B+	"775.8761"	"40516.229"	"5d9.6s"	"a 1D"	"2"	"5d8.6s.(4F).6p"	"5D*"	"2"		"T3313n"	"L11529"	
"251.79419"	"0.00020"	"251.79416"	"0.00004"	"100"	""		"15501.8344"	"55216.815"	"5d8.6s2"	"3F"	"2"	"5d9.6p"	"b 3D*"	"1"		""	"L11529"	
"252.10077"	"0.00020"	"252.10076"	"0.00019"	"140"	""		"21967.101"	"61633.78"	"5d8.6s2"	"1G"	"4"	"5d8.6s.(2G).6p"	"3G*"	"5"		""	"L11529"	
"252.50658"	"0.00006"	"252.506608"	"0.000010"	"2900"	"1.57e+07"	B+	"6567.4517"	"46170.3757"	"5d9.6s"	"3D"	"2"	"5d9.6p"	"3F*"	"2"		"T3313"	"L11529"	
"253.01705"	"0.00006"	"253.016997"	"0.000019"	"550"	""		"13496.2595"	"53019.296"	"5d9.6s"	"b 1D"	"2"	"5d8.6s.(2F).6p"	"3D*"	"1"		""	"L11529"	
"253.67297"	"0.00006"	"253.67297"	"0.00005"	"220"	""		"18566.5450"	"57987.379"	"5d8.6s2"	"3P"	"1"	"5d9.7p"	"3P*"	"2"		""	"L11529"	
"253.72553"	"0.00006"	"253.725428"	"0.000019"	"990"	""		"10131.8684"	"49544.552"	"5d9.6s"	"3D"	"1"	"5d9.6p"	"a 3D*"	"1"		""	"L11529"	
"253.9013"	"0.0020"	"253.902755"	"0.000019"	"40"	""		"21967.101"	"61352.2585"	"5d8.6s2"	"1G"	"4"	"5d8.6s.(2G).6p"	"b 3F*"	"3"		""	"L11529"	
"253.99695"	"0.00006"	"253.996898"	"0.000011"	"10000"	"9.e+06"	E	"823.6608"	"40194.2203"	"5d8.6s2"	"3F"	"4"	"5d8.6s.(4F).6p"	"5F*"	"4"		"T2202"	"L11529"	
"254.21127"	"0.00020"	"254.211310"	"0.000016"	"110"	""		"15501.8344"	"54839.1873"	"5d8.6s2"	"3F"	"2"	"5d8.6s.(4P).6p"	"a 3D*"	"3"		""	"L11529"	
"254.72319"	"0.00020"	"254.72323"	"0.00005"	"44"	""		"6140.170"	"45398.466"	"5d10"	"1S"	"0"	"5d8.6s.(4P).6p"	"5P*"	"1"		""	"L11529"	
"255.02340"	"0.00020"	"255.023334"	"0.000016"	"760"	""		"13496.2595"	"52708.3577"	"5d9.6s"	"b 1D"	"2"	"5d8.6s.(4P).6p"	"b 5D*"	"2"		""	"L11529"	
""	""	"255.02700"	"0.00005"	"m"	""		"26638.576"	"65850.111"	"5d8.6s2"	"1D"	"2"	""	"n*"	"1"		""	"L11529"	
"255.30146"	"0.00007"	"255.301402"	"0.000010"	"1100"	""		"10116.7158"	"49286.1051"	"5d8.6s2"	"3F"	"3"	"5d8.6s.(4P).6p"	"b 5P*"	"3"		""	"L11529"	
"256.0217"	"0.0020"	"256.02204"	"0.00016"	"11"	""		"26638.576"	"65697.713"	"5d8.6s2"	"1D"	"2"	""	"m*"	"2 or 1"		""	"L11529"	
"257.52615"	"0.00007"	"257.52611"	"0.00003"	"140"	""		"6567.4517"	"45398.466"	"5d9.6s"	"3D"	"2"	"5d8.6s.(4P).6p"	"5P*"	"1"		""	"L11529"	
"257.6243"	"0.0020"	"257.626425"	"0.000010"	"13"	""		"0.0000"	"38815.8940"	"5d9.6s"	"3D"	"3"	"5d8.6s.(2D).6p"	"a 3F*"	"2"		""	"L11529"	
"258.85678"	"0.00020"	"258.856678"	"0.000013"	"48"	""		"15501.8344"	"54133.2504"	"5d8.6s2"	"3F"	"2"	"5d8.6s.(4P).6p"	"5S*"	"2"		""	"L11529"	
"259.67747"	"0.00007"	"259.67751"	"0.00003"	"1000"	""		"15501.8344"	"54011.138"	"5d8.6s2"	"3F"	"2"	"5d8.6s.(4P).6p"	"c 5P*"	"3"		""	"L11529"	
"259.90787"	"0.00020"	"259.907774"	"0.000020"	"54"	""		"18566.5450"	"57041.7312"	"5d8.6s2"	"3P"	"1"	"5d8.6s.(4P).6p"	"3P*"	"1"		""	"L11529"	
"260.03193"	"0.00020"	"260.031890"	"0.000020"	"55"	""		"21967.101"	"60423.9226"	"5d8.6s2"	"1G"	"4"	"5d8.6s.(2G).6p"	"3G*"	"4"		""	"L11529"	
"260.06814"	"0.00020"	"260.067736"	"0.000020"	"44"	""		"15501.8344"	"53953.3553"	"5d8.6s2"	"3F"	"2"	"5d8.6s.(2P).6p"	"3P*"	"2"		""	"L11529"	
"260.2866"	"0.0020"	"260.28875"	"0.00003"	"15"	""		"10116.7158"	"48535.587"	"5d8.6s2"	"3F"	"3"	"5d8.6s.(4F).6p"	"5G*"	"2"		""	"L11529"	
"260.39152"	"0.00007"	"260.39145"	"0.00003"	"2900"	""		"10131.8684"	"48535.587"	"5d9.6s"	"3D"	"1"	"5d8.6s.(4F).6p"	"5G*"	"2"		""	"L11529"	
"260.6800"	"0.0020"	"260.68192"	"0.00003"	"53"	""		"21967.101"	"60328.0281"	"5d8.6s2"	"1G"	"4"	"5d8.6s.(4F).6p"	"3F*"	"3"		""	"L11529"	
"261.3279"	"0.0020"	"261.33097"	"0.00004"	"9"	""		"26638.576"	"64904.228"	"5d8.6s2"	"1D"	"2"	"5d8.(3F<4>).6s.7p.(3P*<2>)"	"(4,2)*"	"3"		""	"L11529"	
"261.3872"	"0.0020"	"261.389816"	"0.000020"	"15"	""		"13496.2595"	"51753.2970"	"5d9.6s"	"b 1D"	"2"	"5d8.6s.(2F).6p"	"3F*"	"2"		""	"L11529"	
"261.5379"	"0.0020"	"261.539109"	"0.000011"	"55"	""		"10116.7158"	"48351.9153"	"5d8.6s2"	"3F"	"3"	"5d8.6s.(4F).6p"	"3F*"	"4"		""	"L11529"	
"261.5509"	"0.0020"	"261.55156"	"0.00008"	"13"	""		"16983.435"	"55216.815"	"5d8.6s2"	"3P"	"0"	"5d9.6p"	"b 3D*"	"1"		""	"L11529"	
"262.0317"	"0.0004"	"262.03114"	"0.00003"	"130bl(Pt II)"	""		"15501.8344"	"53665.238"	"5d8.6s2"	"3F"	"2"	"5d8.6s.(2P).6p"	"3D*"	"1"		""	"L11529"	
"262.03491"	"0.00007"	"262.034906"	"0.000021"	"1500"	"3.70e+06"	B	"6567.4517"	"44730.3062"	"5d9.6s"	"3D"	"2"	"5d8.6s.(2F).6p"	"a 3D*"	"3"		"T3313"	"L11529"	
"262.81719"	"0.00007"	"262.817186"	"0.000015"	"340"	""		"13496.2595"	"51545.5216"	"5d9.6s"	"b 1D"	"2"	"5d8.6s.(4F).6p"	"b 3D*"	"3"		""	"L11529"	
"262.881057"	"0.000009"	"262.881054"	"0.000008"	"58000"	"5.94e+07"	B+	"775.8761"	"38815.8940"	"5d9.6s"	"a 1D"	"2"	"5d8.6s.(2D).6p"	"a 3F*"	"2"		"T3313n"	"L9083,L11529"	
"263.2895"	"0.0020"	"263.28913"	"0.00005"	"9"	""		"26638.576"	"64619.635"	"5d8.6s2"	"1D"	"2"	"5d8.6s.(4P).6p"	"3D*"	"1"		""	"L11529"	
"264.01319"	"0.00020"	"264.01320"	"0.00003"	"5500"	"1.46e+07"	B	"6567.4517"	"44444.346"	"5d9.6s"	"3D"	"2"	"5d8.6s.(4F).6p"	"5F*"	"2"		"T3313"	"L11529"	
""	""	"264.01202"	"0.00004"	"m"	""		"26638.576"	"64515.640"	"5d8.6s2"	"1D"	"2"	"5d7.(4F).6s2.6p"	"c 5G*"	"2"		""	"L11529"	
"264.61561"	"0.00007"	"264.615543"	"0.000015"	"400"	""		"13496.2595"	"51286.9345"	"5d9.6s"	"b 1D"	"2"	"5d8.6s.(2F).6p"	"1D*"	"2"		""	"L11529"	
"264.76687"	"0.00007"	"264.766930"	"0.000012"	"27000"	"2.21e+07"	B+	"0.0000"	"37769.0673"	"5d9.6s"	"3D"	"3"	"5d9.6p"	"3D*"	"3"		"T3313n"	"L11529"	
"265.164190"	"0.000011"	"265.164189"	"0.000011"	"90000"	"9.60e+06"	B+	"823.6608"	"38536.1439"	"5d8.6s2"	"3F"	"4"	"5d8.6s.(4F).6p"	"b 5F*"	"5"		"T3313"	"L9083,L11529"	
"265.89604"	"0.00007"	"265.895926"	"0.000016"	"460"	"4.9e+06"	C	"10131.8684"	"47740.5680"	"5d9.6s"	"3D"	"1"	"5d9.6p"	"1P*"	"1"		"T4200n,T3313"	"L11529"	
"265.94854"	"0.00007"	"265.948611"	"0.000016"	"600"	""		"13496.2595"	"51097.5087"	"5d9.6s"	"b 1D"	"2"	"5d8.6s.(4P).6p"	"5D*"	"3"		""	"L11529"	
"266.024202"	"0.000010"	"266.024203"	"0.000009"	"160000"	"9.90e+07"	B+	"0.0000"	"37590.5647"	"5d9.6s"	"3D"	"3"	"5d9.6p"	"3F*"	"4"		"T3313"	"L9083,L11529"	
"266.4890"	"0.0020"	"266.4871"	"0.0003"	"12"	""		"21967.101"	"59492.37"	"5d8.6s2"	"1G"	"4"	"5d9.7p"	"b 3F*"	"4"		""	"L11529"	
"266.54271"	"0.00007"	"266.542553"	"0.000021"	"180"	""		"15501.8344"	"53019.296"	"5d8.6s2"	"3F"	"2"	"5d8.6s.(2F).6p"	"3D*"	"1"		""	"L11529"	
"267.53649"	"0.00007"	"267.53646"	"0.00003"	"2600"	"2.91e+06"	B	"6567.4517"	"43945.534"	"5d9.6s"	"3D"	"2"	"5d8.6s.(4P).6p"	"a 5P*"	"3"		"T3313n"	"L11529"	
"267.79432"	"0.00007"	"267.794338"	"0.000022"	"15000"	"1.16e+07"	B+	"0.0000"	"37342.089"	"5d9.6s"	"3D"	"3"	"5d9.6p"	"b 3P*"	"2"		"T3313n"	"L11529"	
"268.7709"	"0.0020"	"268.770073"	"0.000017"	"16"	""		"15501.8344"	"52708.3577"	"5d8.6s2"	"3F"	"2"	"5d8.6s.(4P).6p"	"b 5D*"	"2"		""	"L11529"	
"268.9076"	"0.0020"	"268.90590"	"0.00017"	"58"	""		"26638.576"	"63826.306"	"5d8.6s2"	"1D"	"2"	"5d7.(4F).6s2.6p"	"b 5G*"	"2"		""	"L11529"	
"269.92254"	"0.00007"	"269.92259"	"0.00004"	"5900"	"3.17e+07"	B+	"6140.170"	"43187.829"	"5d10"	"1S"	"0"	"5d8.6s.(4F).6p"	"5D*"	"1"		"T3313"	"L11529"	
"270.320045"	"0.000021"	"270.320015"	"0.000012"	"65000"	"6.04e+07"	B+	"775.8761"	"37769.0673"	"5d9.6s"	"a 1D"	"2"	"5d9.6p"	"3D*"	"3"		"T3313n"	"L9083,L11529"	
"270.669585"	"0.000022"	"270.669643"	"0.000012"	"47000"	"4.18e+07"	B+	"823.6608"	"37769.0673"	"5d8.6s2"	"3F"	"4"	"5d9.6p"	"3D*"	"3"		"T3313n"	"L9083,L11529"	
"271.39296"	"0.00020"	"271.392883"	"0.000013"	"1500"	""		"10116.7158"	"46963.6658"	"5d8.6s2"	"3F"	"3"	"5d8.6s.(4P).6p"	"a 5D*"	"4"		""	"L11529"	
"271.5334"	"0.0020"	"271.53473"	"0.00006"	"25"	""		"26638.576"	"63466.278"	"5d8.6s2"	"1D"	"2"	"5d8.6s.(2P).6p"	"3P*"	"1"		""	"L11529"	
"271.65731"	"0.00020"	"271.65721"	"0.00008"	"150p"	""		"30156.846"	"66967.944"	"5d8.6s.(4F).6p"	"5D*"	"4"	"5d8.(3F<4>).6s.8s.(3S<1>)"	"(4,1)"	"5"		""	"L11529"	
"271.98364"	"0.00004"	"271.983739"	"0.000011"	"37000"	"1.82e+07"	B+	"823.6608"	"37590.5647"	"5d8.6s2"	"3F"	"4"	"5d9.6p"	"3F*"	"4"		"T3313"	"L9083,L11529"	
"272.6177"	"0.0020"	"272.61473"	"0.00007"	"65"	""		"16983.435"	"53665.238"	"5d8.6s2"	"3P"	"0"	"5d8.6s.(2P).6p"	"3D*"	"1"		""	"L11529"	
"273.07205"	"0.00007"	"273.07201"	"0.00003"	"3600"	"1.79e+07"	B	"6567.4517"	"43187.829"	"5d9.6s"	"3D"	"2"	"5d8.6s.(4F).6p"	"5D*"	"1"		"T3313"	"L11529"	
"273.44946"	"0.00007"	"273.44942"	"0.00004"	"770"	""		"15501.8344"	"52071.669"	"5d8.6s2"	"3F"	"2"	"5d8.6s.(4P).6p"	"5D*"	"1"		""	"L11529"	
"273.47659"	"0.00007"	"273.476502"	"0.000022"	"79000"	"7.13e+07"	B+	"775.8761"	"37342.089"	"5d9.6s"	"a 1D"	"2"	"5d9.6p"	"b 3P*"	"2"		"T3313n"	"L11529"	
"273.53023"	"0.00007"	"273.53018"	"0.00003"	"940"	""		"13496.2595"	"50055.296"	"5d9.6s"	"b 1D"	"2"	"5d8.6s.(4F).6p"	"5F*"	"1"		""	"L11529"	
"273.7559"	"0.0020"	"273.75695"	"0.00003"	"17"	""		"26638.576"	"63167.3284"	"5d8.6s2"	"1D"	"2"	"5d8.(3F<4>).6s.7p.(3P*<1>)"	"(4,1)*"	"3"		""	"L11529"	
"273.8592"	"0.0020"	"273.85967"	"0.00003"	"21"	""		"21967.101"	"58482.1533"	"5d8.6s2"	"1G"	"4"	"5d9.7p"	"1F*"	"3"		""	"L11529"	
"273.92934"	"0.00008"	"273.929268"	"0.000018"	"1600"	"1.50e+06"	C	"10116.7158"	"46622.4900"	"5d8.6s2"	"3F"	"3"	"5d8.6s.(2F).6p"	"b 3D*"	"3"		"T4200n,T3313"	"L11529"	
"274.5051"	"0.0020"	"274.50747"	"0.00017"	"17"	""		"26638.576"	"63067.457"	"5d8.6s2"	"1D"	"2"	"5d8.6s.(2D).6p"	"b 3D*"	"1"		""	"L11529"	
"274.56403"	"0.00020"	"274.564173"	"0.000023"	"190"	""		"21967.101"	"58388.4588"	"5d8.6s2"	"1G"	"4"	"5d7.(4F).6s2.6p"	"5G*"	"4"		""	"L11529"	
"274.84148"	"0.00008"	"274.841499"	"0.000018"	"1400"	""		"13496.2595"	"49880.8667"	"5d9.6s"	"b 1D"	"2"	"5d9.6p"	"3D*"	"2"		""	"L11529"	
"275.45753"	"0.00008"	"275.45754"	"0.00003"	"330"	"1.15e+06"	C+	"10116.7158"	"46419.952"	"5d8.6s2"	"3F"	"3"	"5d8.6s.(4P).6p"	"a 5D*"	"2"		"T3313"	"L11529"	
"275.46671"	"0.00008"	"275.46669"	"0.00005"	"2200"	"4.26e+07"	B+	"10131.8684"	"46433.898"	"5d9.6s"	"3D"	"1"	"5d8.6s.(4P).6p"	"5D*"	"0"		"T3313"	"L11529"	
"275.57265"	"0.00008"	"275.57256"	"0.00003"	"8200"	"3.44e+07"	B+	"10131.8684"	"46419.952"	"5d9.6s"	"3D"	"1"	"5d8.6s.(4P).6p"	"a 5D*"	"2"		"T3313"	"L11529"	
"275.8506"	"0.0020"	"275.850939"	"0.000018"	"53"	""		"15501.8344"	"51753.2970"	"5d8.6s2"	"3F"	"2"	"5d8.6s.(2F).6p"	"3F*"	"2"		""	"L11529"	
"276.74705"	"0.00020"	"276.74717"	"0.00003"	"340"	""		"21967.101"	"58101.165"	"5d8.6s2"	"1G"	"4"	"5d9.7p"	"3F*"	"3"		""	"L11529"	
"277.06511"	"0.00008"	"277.065133"	"0.000023"	"2000"	"6.70e+05"	B	"6567.4517"	"42660.048"	"5d9.6s"	"3D"	"2"	"5d8.6s.(4F).6p"	"b 5D*"	"3"		"T3313"	"L11529"	
"277.247800"	"0.000024"	"277.247781"	"0.000018"	"27000"	"2.41e+07"	B+	"775.8761"	"36844.695"	"5d9.6s"	"a 1D"	"2"	"5d9.6p"	"3P*"	"1"		"T3313"	"L9083,L11529"	
"277.36440"	"0.00008"	"277.364352"	"0.000012"	"480"	"1.48e+06"	C+	"10116.7158"	"46170.3757"	"5d8.6s2"	"3F"	"3"	"5d9.6p"	"3F*"	"2"		"T3313"	"L11529"	
"277.40560"	"0.00008"	"277.405650"	"0.000023"	"1400"	""		"13496.2595"	"49544.552"	"5d9.6s"	"b 1D"	"2"	"5d9.6p"	"a 3D*"	"1"		""	"L11529"	
"277.44091"	"0.00008"	"277.441094"	"0.000015"	"180"	""		"15501.8344"	"51545.5216"	"5d8.6s2"	"3F"	"2"	"5d8.6s.(4F).6p"	"b 3D*"	"3"		""	"L11529"	
"277.48107"	"0.00008"	"277.480971"	"0.000015"	"1200"	"3.30e+06"	C+	"10131.8684"	"46170.3757"	"5d9.6s"	"3D"	"1"	"5d9.6p"	"3F*"	"2"		"T3313"	"L11529"	
"277.50149"	"0.00020"	"277.50135"	"0.00008"	"150"	""		"16983.435"	"53019.296"	"5d8.6s2"	"3P"	"0"	"5d8.6s.(2F).6p"	"3D*"	"1"		""	"L11529"	
"279.40883"	"0.00008"	"279.408861"	"0.000016"	"1500"	""		"13496.2595"	"49286.1051"	"5d9.6s"	"b 1D"	"2"	"5d8.6s.(4P).6p"	"b 5P*"	"3"		""	"L11529"	
"279.44584"	"0.00008"	"279.445914"	"0.000016"	"160"	""		"15501.8344"	"51286.9345"	"5d8.6s2"	"3F"	"2"	"5d8.6s.(2F).6p"	"1D*"	"2"		""	"L11529"	
"280.40618"	"0.00008"	"280.40609"	"0.00004"	"4800"	"1.19e+07"	B	"6140.170"	"41802.733"	"5d10"	"1S"	"0"	"5d8.6s.(2D).6p"	"a 3D*"	"1"		"T3313"	"L11529"	
"280.93300"	"0.00008"	"280.933012"	"0.000018"	"340"	""		"15501.8344"	"51097.5087"	"5d8.6s2"	"3F"	"2"	"5d8.6s.(4P).6p"	"5D*"	"3"		""	"L11529"	
"281.3807"	"0.0006"	"281.380012"	"0.000024"	"1000bl(Pt II)"	""		"21967.101"	"57506.2281"	"5d8.6s2"	"1G"	"4"	"5d8.6s.(2G).6p"	"a 3F*"	"3"		""	"L11529"	
"281.90747"	"0.00008"	"281.90746"	"0.00003"	"8500"	"3.37e+05"	B	"823.6608"	"36296.294"	"5d8.6s2"	"3F"	"4"	"5d8.6s.(4F).6p"	"a 5G*"	"4"		"T3313"	"L11529"	
"281.94639"	"0.00020"	"281.94613"	"0.00003"	"100"	""		"26638.576"	"62106.344"	"5d8.6s2"	"1D"	"2"	"5d8.6s.(4P).6p"	"b 3D*"	"3"		""	"L11529"	
"283.112591"	"0.000011"	"283.112586"	"0.000010"	"85000c"	"2.37e+07"	B+	"0.0000"	"35321.6370"	"5d9.6s"	"3D"	"3"	"5d8.6s.(4F).6p"	"a 5D*"	"3"		"T3313n"	"L9083,L11529"	
"283.4202"	"0.0020"	"283.422085"	"0.000017"	"80"	""		"13496.2595"	"48779.3250"	"5d9.6s"	"b 1D"	"2"	"5d8.6s.(4F).6p"	"a 3D*"	"3"		""	"L11529"	
"283.55445"	"0.00008"	"283.55443"	"0.00004"	"4200"	"9.46e+06"	B+	"10131.8684"	"45398.466"	"5d9.6s"	"3D"	"1"	"5d8.6s.(4P).6p"	"5P*"	"1"		"T3313n"	"L11529"	
"283.80628"	"0.00020"	"283.80645"	"0.00003"	"99"	""		"6567.4517"	"41802.733"	"5d9.6s"	"3D"	"2"	"5d8.6s.(2D).6p"	"a 3D*"	"1"		""	"L11529"	
"284.4886"	"0.0020"	"284.48915"	"0.00014"	"22"	""		"33680.390"	"68831.116"	"5d8.6s.(4F).6p"	"a 5F*"	"5"	""	""	"5"		""	"L11529"	
"284.9986"	"0.0020"	"284.99582"	"0.00009"	"24"	""		"16983.435"	"52071.669"	"5d8.6s2"	"3P"	"0"	"5d8.6s.(4P).6p"	"5D*"	"1"		""	"L11529"	
"285.39355"	"0.00008"	"285.39361"	"0.00004"	"600"	""		"13496.2595"	"48535.587"	"5d9.6s"	"b 1D"	"2"	"5d8.6s.(4F).6p"	"5G*"	"2"		""	"L11529"	
"285.42112"	"0.00020"	"285.42131"	"0.00012"	"130"	""		"33680.390"	"68716.316"	"5d8.6s.(4F).6p"	"a 5F*"	"5"	"5d8.(3F<4>).6s.6d.(1D<2>)"	"(4,2)"	"6"		""	"L11529"	
"287.13076"	"0.00020"	"287.130769"	"0.000025"	"460"	""		"21967.101"	"56794.4378"	"5d8.6s2"	"1G"	"4"	"5d7.(4F).6s2.6p"	"b 3G*"	"5"		""	"L11529"	
"287.4391"	"0.0020"	"287.43846"	"0.00007"	"11"	""		"34122.1452"	"68912.201"	"5d9.6p"	"3F*"	"3"	""	"z"	"4"		""	"L11529"	
"288.7127"	"0.0020"	"288.70985"	"0.00009"	"10"	""		"34122.1452"	"68758.996"	"5d9.6p"	"3F*"	"3"	""	"y"	"4"		""	"L11529"	
"288.90393"	"0.00008"	"288.90386"	"0.00003"	"580"	"1.32e+06"	C+	"10116.7158"	"44730.3062"	"5d8.6s2"	"3F"	"3"	"5d8.6s.(2F).6p"	"a 3D*"	"3"		"T3313"	"L11529"	
"289.1719"	"0.0020"	"289.17366"	"0.00008"	"27"	""		"34122.1452"	"68703.442"	"5d9.6p"	"3F*"	"3"	""	"x"	"4"		""	"L11529"	
"289.40657"	"0.00008"	"289.40660"	"0.00003"	"820"	""		"15501.8344"	"50055.296"	"5d8.6s2"	"3F"	"2"	"5d8.6s.(4F).6p"	"5F*"	"1"		""	"L11529"	
"289.47109"	"0.00003"	"289.471117"	"0.000012"	"29000"	"7.60e+06"	B+	"775.8761"	"35321.6370"	"5d9.6s"	"a 1D"	"2"	"5d8.6s.(4F).6p"	"a 5D*"	"3"		"T3313n"	"L9083,L11529"	
"289.87208"	"0.00008"	"289.872077"	"0.000012"	"13000"	"3.13e+06"	B+	"823.6608"	"35321.6370"	"5d8.6s2"	"3F"	"4"	"5d8.6s.(4F).6p"	"a 5D*"	"3"		"T3313n"	"L11529"	
"290.1991"	"0.0020"	"290.20087"	"0.00003"	"38"	""		"26638.576"	"61097.467"	"5d8.6s2"	"1D"	"2"	"5d8.6s.(2G).6p"	"a 3F*"	"2"		""	"L11529"	
"290.2548"	"0.0020"	"290.25258"	"0.00003"	"9"	""		"18566.5450"	"53019.296"	"5d8.6s2"	"3P"	"1"	"5d8.6s.(2F).6p"	"3D*"	"1"		""	"L11529"	
"290.67487"	"0.00020"	"290.674817"	"0.000020"	"1700bl"	""		"6567.4517"	"40970.1568"	"5d9.6s"	"3D"	"2"	"5d8.6s.(4F).6p"	"5G*"	"3"		""	"L11529"	
"290.87478"	"0.00008"	"290.874970"	"0.000020"	"190"	""		"15501.8344"	"49880.8667"	"5d8.6s2"	"3F"	"2"	"5d9.6p"	"3D*"	"2"		""	"L11529"	
"291.12942"	"0.00008"	"291.12945"	"0.00004"	"20"	""		"30156.846"	"64505.827"	"5d8.6s.(4F).6p"	"5D*"	"4"	"5d8.(3F<3>).6s.7s.(3S<1>)"	"(3,1)"	"3"		""	"L6581"	
"291.31044"	"0.00008"	"291.31053"	"0.00003"	"3300"	"9.4e+06"	C+	"10116.7158"	"44444.346"	"5d8.6s2"	"3F"	"3"	"5d8.6s.(4F).6p"	"5F*"	"2"		"T3313"	"L11529"	
"291.36222"	"0.00020"	"291.36202"	"0.00003"	"85"	""		"21967.101"	"56288.6642"	"5d8.6s2"	"1G"	"4"	"5d8.6s.(2G).6p"	"3F*"	"4"		""	"L11529"	
"291.40976"	"0.00008"	"291.40981"	"0.00003"	"510"	""		"10116.7158"	"44432.651"	"5d8.6s2"	"3F"	"3"	"5d8.6s.(4F).6p"	"b 5G*"	"4"		""	"L11529"	
"291.43918"	"0.00008"	"291.43917"	"0.00003"	"3400"	"9.5e+06"	C+	"10131.8684"	"44444.346"	"5d9.6s"	"3D"	"1"	"5d8.6s.(4F).6p"	"5F*"	"2"		"T3313"	"L11529"	
"292.01948"	"0.00009"	"292.019329"	"0.000020"	"1200"	"9.0e+06"	C	"13496.2595"	"47740.5680"	"5d9.6s"	"b 1D"	"2"	"5d9.6p"	"1P*"	"1"		"T4200n,T3313"	"L11529"	
"292.20754"	"0.00020"	"292.20709"	"0.00007"	"110"	""		"30156.846"	"64379.150"	"5d8.6s.(4F).6p"	"5D*"	"4"	"5d8.(3F<4>).6s.6d"	"b (4,?)"	"5"		""	"L11529"	
"292.22343"	"0.00009"	"292.223438"	"0.000020"	"1400"	"8.9e+05"	C+	"6567.4517"	"40787.8417"	"5d9.6s"	"3D"	"2"	"5d8.6s.(4P).6p"	"5P*"	"2"		"T3313n"	"L11529"	
"292.7767"	"0.0020"	"292.77498"	"0.00009"	"51"	""		"30156.846"	"64312.770"	"5d8.6s.(4F).6p"	"5D*"	"4"	"5d8.(3F<4>).6s.6d.(3D<?>)"	"a (4,?)"	"4"		""	"L11529"	
"292.89612"	"0.00009"	"292.89599"	"0.00003"	"250"	""		"18566.5450"	"52708.3577"	"5d8.6s2"	"3P"	"1"	"5d8.6s.(4P).6p"	"b 5D*"	"2"		""	"L11529"	
"293.064850"	"0.000016"	"293.064810"	"0.000013"	"84000"	"2.18e+07"	B+	"0.0000"	"34122.1452"	"5d9.6s"	"3D"	"3"	"5d9.6p"	"3F*"	"3"		"T3313"	"L9083,L11529"	
"293.16421"	"0.00020"	"293.16411"	"0.00008"	"600"	""		"30156.846"	"64267.433"	"5d8.6s.(4F).6p"	"5D*"	"4"	"5d8.(3F<4>).6s.6d.(3D<?>)"	"a (4,?)"	"5"		""	"L11529"	
"293.7470"	"0.0020"	"293.74858"	"0.00003"	"67"	""		"15501.8344"	"49544.552"	"5d8.6s2"	"3F"	"2"	"5d9.6p"	"a 3D*"	"1"		""	"L11529"	
"293.96695"	"0.00020"	"293.96697"	"0.00003"	"810"	""		"21967.101"	"55984.5279"	"5d8.6s2"	"1G"	"4"	"5d8.6s.(2G).6p"	"3H*"	"5"		""	"L11529"	
"294.1248"	"0.0020"	"294.12264"	"0.00011"	"18"	""		"34122.1452"	"68121.568"	"5d9.6p"	"3F*"	"3"	"5d9.6d"	"b 3G"	"4"		""	"L11529"	
"294.36118"	"0.00009"	"294.36125"	"0.00005"	"1100"	""		"30156.846"	"64128.709"	"5d8.6s.(4F).6p"	"5D*"	"4"	""	""	"5 or 4"		""	"L11529"	
"294.56134"	"0.00009"	"294.56142"	"0.00003"	"950"	"4.09e+05"	C+	"6567.4517"	"40516.229"	"5d9.6s"	"3D"	"2"	"5d8.6s.(4F).6p"	"5D*"	"2"		"T3313n"	"L11529"	
"295.1183"	"0.0020"	"295.11765"	"0.00008"	"7"	""		"34122.1452"	"68006.936"	"5d9.6p"	"3F*"	"3"	"5d9.6d"	"3G"	"3"		""	"L11529"	
"295.99581"	"0.00009"	"295.995734"	"0.000018"	"530"	""		"15501.8344"	"49286.1051"	"5d8.6s2"	"3F"	"2"	"5d8.6s.(4P).6p"	"b 5P*"	"3"		""	"L11529"	
"296.16143"	"0.00020"	"296.16136"	"0.00019"	"1400"	""		"30156.846"	"63922.223"	"5d8.6s.(4F).6p"	"5D*"	"4"	""	""	"3"		""	"L11529"	
"297.8920"	"0.0020"	"297.89245"	"0.00004"	"41"	""		"21967.101"	"55536.263"	"5d8.6s2"	"1G"	"4"	"5d8.6s.(2P).6p"	"3D*"	"3"		""	"L11529"	
"298.46171"	"0.00009"	"298.46181"	"0.00005"	"110"	""		"18566.5450"	"52071.669"	"5d8.6s2"	"3P"	"1"	"5d8.6s.(4P).6p"	"5D*"	"1"		""	"L11529"	
"299.06661"	"0.00020"	"299.06668"	"0.00010"	"130"	""		"35321.6370"	"68758.996"	"5d8.6s.(4F).6p"	"a 5D*"	"3"	""	"y"	"4"		""	"L11529"	
"299.56455"	"0.00020"	"299.56439"	"0.00009"	"100"	""		"35321.6370"	"68703.442"	"5d8.6s.(4F).6p"	"a 5D*"	"3"	""	"x"	"4"		""	"L11529"	
"299.88363"	"0.00009"	"299.883623"	"0.000015"	"100000c"	"3.25e+07"	B+	"775.8761"	"34122.1452"	"5d9.6s"	"a 1D"	"2"	"5d9.6p"	"3F*"	"3"		"T3313n"	"L11529"	
"300.31393"	"0.00009"	"300.313969"	"0.000014"	"7500"	"1.72e+06"	B+	"823.6608"	"34122.1452"	"5d8.6s2"	"3F"	"4"	"5d9.6p"	"3F*"	"3"		"T3313"	"L11529"	
"300.41242"	"0.00020"	"300.41258"	"0.00010"	"87"	""		"33680.390"	"66967.944"	"5d8.6s.(4F).6p"	"a 5F*"	"5"	"5d8.(3F<4>).6s.8s.(3S<1>)"	"(4,1)"	"5"		""	"L11529"	
"300.4964"	"0.0020"	"300.49554"	"0.00004"	"15"	""		"26638.576"	"59916.940"	"5d8.6s2"	"1D"	"2"	"5d9.7p"	"b 1D*"	"2"		""	"L11529"	
"300.5044"	"0.0020"	"300.503428"	"0.000018"	"35"	""		"15501.8344"	"48779.3250"	"5d8.6s2"	"3F"	"2"	"5d8.6s.(4F).6p"	"a 3D*"	"3"		""	"L11529"	
"301.3257"	"0.0020"	"301.32506"	"0.00003"	"67"	""		"18566.5450"	"51753.2970"	"5d8.6s2"	"3P"	"1"	"5d8.6s.(2F).6p"	"3F*"	"2"		""	"L11529"	
"301.6246"	"0.0020"	"301.62608"	"0.00019"	"37"	""		"26638.576"	"59792.208"	"5d8.6s2"	"1D"	"2"	"5d8.6s.(4P).6p"	"3S*"	"1"		""	"L11529"	
"301.87505"	"0.00009"	"301.87558"	"0.00003"	"1000"	"4.2e+06"	C	"13496.2595"	"46622.4900"	"5d9.6s"	"b 1D"	"2"	"5d8.6s.(2F).6p"	"b 3D*"	"3"		"T4200n,T3313"	"L11529c153"	
"302.37204"	"0.00020"	"302.37186"	"0.00009"	"170"	""		"16983.435"	"50055.296"	"5d8.6s2"	"3P"	"0"	"5d8.6s.(4F).6p"	"5F*"	"1"		""	"L11529"	
"302.51736"	"0.00009"	"302.51730"	"0.00004"	"55"	""		"10131.8684"	"43187.829"	"5d9.6s"	"3D"	"1"	"5d8.6s.(4F).6p"	"5D*"	"1"		""	"L11529"	
"302.5930"	"0.0020"	"302.59373"	"0.00004"	"49"	""		"26638.576"	"59686.1878"	"5d8.6s2"	"1D"	"2"	"5d7.(4F).6s2.6p"	"5G*"	"3"		""	"L11529"	
"302.64268"	"0.00020"	"302.64273"	"0.00016"	"90"	""		"21967.101"	"55009.362"	"5d8.6s2"	"1G"	"4"	"5d8.6s.(2G).6p"	"3H*"	"4"		""	"L11529"	
"302.72078"	"0.00009"	"302.72068"	"0.00005"	"81"	""		"15501.8344"	"48535.587"	"5d8.6s2"	"3F"	"2"	"5d8.6s.(4F).6p"	"5G*"	"2"		""	"L11529"	
"303.73262"	"0.00009"	"303.73264"	"0.00004"	"3300"	"1.55e+07"	B+	"13496.2595"	"46419.952"	"5d9.6s"	"b 1D"	"2"	"5d8.6s.(4P).6p"	"a 5D*"	"2"		"T3313"	"L11529"	
"304.20934"	"0.00009"	"304.20947"	"0.00003"	"92"	""		"21967.101"	"54839.1873"	"5d8.6s2"	"1G"	"4"	"5d8.6s.(4P).6p"	"a 3D*"	"3"		""	"L11529"	
"304.35171"	"0.00009"	"304.35166"	"0.00005"	"130000c"	"7.70e+06"	B+	"823.6608"	"33680.390"	"5d8.6s2"	"3F"	"4"	"5d8.6s.(4F).6p"	"a 5F*"	"5"		"T3313"	"L11529"	
"305.1859"	"0.0020"	"305.18488"	"0.00008"	"22"	""		"32620.0047"	"65387.028"	"5d9.6p"	"a 3P*"	"2"	"5d9.7d"	"3D"	"3"		""	"L11529"	
"305.61999"	"0.00009"	"305.61983"	"0.00003"	"120"	""		"18566.5450"	"51286.9345"	"5d8.6s2"	"3P"	"1"	"5d8.6s.(2F).6p"	"1D*"	"2"		""	"L11529"	
"306.05261"	"0.00009"	"306.052655"	"0.000020"	"530"	"1.66e+06"	C+	"13496.2595"	"46170.3757"	"5d9.6s"	"b 1D"	"2"	"5d9.6p"	"3F*"	"2"		"T3313"	"L11529"	
"306.2711"	"0.0020"	"306.26779"	"0.00009"	"31bl"	""		"36296.294"	"68947.458"	"5d8.6s.(4F).6p"	"a 5G*"	"4"	""	""	"3"		""	"L11529"	
"306.560343"	"0.000016"	"306.560348"	"0.000014"	"160000c"	"6.59e+07"	B+	"0.0000"	"32620.0047"	"5d9.6s"	"3D"	"3"	"5d9.6p"	"a 3P*"	"2"		"T3313n"	"L9083,L11529"	
"307.1121"	"0.0020"	"307.11477"	"0.00009"	"68"	""		"16983.435"	"49544.552"	"5d8.6s2"	"3P"	"0"	"5d9.6p"	"a 3D*"	"1"		""	"L11529"	
"307.28262"	"0.00009"	"307.28261"	"0.00003"	"3400"	"1.17e+06"	C+	"10116.7158"	"42660.048"	"5d8.6s2"	"3F"	"3"	"5d8.6s.(4F).6p"	"b 5D*"	"3"		"T3313"	"L11529"	
"307.5692"	"0.0020"	"307.57040"	"0.00013"	"62"	""		"32620.0047"	"65132.886"	"5d9.6p"	"a 3P*"	"2"	"5d9.7d"	"3P"	"2"		""	"L11529"	
"308.04595"	"0.00020"	"308.04583"	"0.00010"	"240"	""		"36296.294"	"68758.996"	"5d8.6s.(4F).6p"	"a 5G*"	"4"	""	"y"	"4"		""	"L11529"	
"308.5335"	"0.0020"	"308.53592"	"0.00008"	"8"	""		"30156.846"	"62567.983"	"5d8.6s.(4F).6p"	"5D*"	"4"	"5d9.8s"	"3D"	"3"		""	"L11529"	
"308.5706"	"0.0020"	"308.57390"	"0.00010"	"51"	""		"36296.294"	"68703.442"	"5d8.6s.(4F).6p"	"a 5G*"	"4"	""	"x"	"4"		""	"L11529"	
"310.09249"	"0.00010"	"310.092497"	"0.000017"	"3300"	"5.33e+06"	B	"6567.4517"	"38815.8940"	"5d9.6s"	"3D"	"2"	"5d8.6s.(2D).6p"	"a 3F*"	"2"		"T3313n"	"L11529"	
"310.18597"	"0.00010"	"310.185881"	"0.000022"	"220"	""		"15501.8344"	"47740.5680"	"5d8.6s2"	"3F"	"2"	"5d9.6p"	"1P*"	"1"		""	"L11529"	
"310.4501"	"0.0020"	"310.44902"	"0.00003"	"25"	""		"21967.101"	"54178.5090"	"5d8.6s2"	"1G"	"4"	"5d8.6s.(4P).6p"	"b 5D*"	"4"		""	"L11529"	
"311.1203"	"0.0020"	"311.11735"	"0.00004"	"5bl(Pt II)"	""		"26638.576"	"58780.7888"	"5d8.6s2"	"1D"	"2"	"5d9.7p"	"a 1P*"	"1"		""	"L11529"	
"312.07047"	"0.00010"	"312.07054"	"0.00005"	"190"	""		"21967.101"	"54011.138"	"5d8.6s2"	"1G"	"4"	"5d8.6s.(4P).6p"	"c 5P*"	"3"		""	"L11529"	
"313.45795"	"0.00010"	"313.45794"	"0.00005"	"23"	""		"13496.2595"	"45398.466"	"5d9.6s"	"b 1D"	"2"	"5d8.6s.(4P).6p"	"5P*"	"1"		""	"L11529"	
"313.6211"	"0.0020"	"313.61901"	"0.00004"	"9"	""		"32620.0047"	"64505.827"	"5d9.6p"	"a 3P*"	"2"	"5d8.(3F<3>).6s.7s.(3S<1>)"	"(3,1)"	"3"		""	"L11529"	
"314.02966"	"0.00010"	"314.029632"	"0.000017"	"12000"	"3.47e+06"	B+	"775.8761"	"32620.0047"	"5d9.6s"	"a 1D"	"2"	"5d9.6p"	"a 3P*"	"2"		"T3313n"	"L11529"	
"314.25660"	"0.00020"	"314.25676"	"0.00017"	"190"	"4.80e+06"	C+	"18566.5450"	"50387.658"	"5d8.6s2"	"3P"	"1"	"5d9.6p"	"3P*"	"0"		"T3313"	"L11529"	
"315.3481"	"0.0020"	"315.35155"	"0.00010"	"5"	""		"36296.294"	"68006.936"	"5d8.6s.(4F).6p"	"a 5G*"	"4"	"5d9.6d"	"3G"	"3"		""	"L11529"	
"315.74764"	"0.00010"	"315.74762"	"0.00004"	"4500"	"1.21e+07"	B	"10131.8684"	"41802.733"	"5d9.6s"	"3D"	"1"	"5d8.6s.(2D).6p"	"a 3D*"	"1"		"T3313"	"L11529"	
"316.4016"	"0.0020"	"316.40194"	"0.00009"	"4"	""		"37342.089"	"68947.458"	"5d9.6p"	"b 3P*"	"2"	""	""	"3"		""	"L11529"	
"317.5741"	"0.0004"	"317.57373"	"0.00005"	"54"	""		"18566.5450"	"50055.296"	"5d8.6s2"	"3P"	"1"	"5d8.6s.(4F).6p"	"5F*"	"1"		""	"L11529"	
"319.2351"	"0.0020"	"319.23658"	"0.00014"	"27bl(Pt II)"	""		"36844.695"	"68169.426"	"5d9.6p"	"3P*"	"1"	"5d9.6d"	"b 1D"	"2"		""	"L11529"	
"319.2674"	"0.0020"	"319.26812"	"0.00009"	"7"	""		"37590.5647"	"68912.201"	"5d9.6p"	"3F*"	"4"	""	"z"	"4"		""	"L11529"	
"319.34261"	"0.00010"	"319.34270"	"0.00003"	"100"	""		"18566.5450"	"49880.8667"	"5d8.6s2"	"3P"	"1"	"5d9.6p"	"3D*"	"2"		""	"L11529"	
"319.9983"	"0.0020"	"319.99960"	"0.00011"	"75bl(Pt II)"	""		"36844.695"	"68094.734"	"5d9.6p"	"3P*"	"1"	"5d9.6d"	"3F"	"2"		""	"L11529"	
"320.0934"	"0.0020"	"320.09678"	"0.00016"	"12"	""		"37590.5647"	"68831.116"	"5d9.6p"	"3F*"	"4"	""	""	"5"		""	"L11529"	
"320.16347"	"0.00010"	"320.16345"	"0.00003"	"5100"	"1.44e+07"	C+	"13496.2595"	"44730.3062"	"5d9.6s"	"b 1D"	"2"	"5d8.6s.(2F).6p"	"a 3D*"	"3"		"T3313"	"L11529"	
"320.49623"	"0.00010"	"320.496225"	"0.000021"	"9100"	"1.04e+07"	B	"6567.4517"	"37769.0673"	"5d9.6s"	"3D"	"2"	"5d9.6p"	"3D*"	"3"		"T3313n"	"L11529"	
"320.65286"	"0.00020"	"320.65278"	"0.00010"	"210"	""		"34122.1452"	"65308.527"	"5d9.6p"	"3F*"	"3"	"5d9.7d"	"3G"	"4"		""	"L11529"	
"320.7367"	"0.0020"	"320.73496"	"0.00009"	"5"	""		"37769.0673"	"68947.458"	"5d9.6p"	"3D*"	"3"	""	""	"3"		""	"L11529"	
"320.8357"	"0.0020"	"320.83745"	"0.00011"	"12"	""		"37590.5647"	"68758.996"	"5d9.6p"	"3F*"	"4"	""	"y"	"4"		""	"L11529"	
"321.33055"	"0.00010"	"321.32999"	"0.00003"	"160"	""		"15501.8344"	"46622.4900"	"5d8.6s2"	"3F"	"2"	"5d8.6s.(2F).6p"	"b 3D*"	"3"		""	"L11529c153"	
"322.4682"	"0.0020"	"322.46892"	"0.00015"	"12"	""		"34122.1452"	"65132.886"	"5d9.6p"	"3F*"	"3"	"5d9.7d"	"3P"	"2"		""	"L11529"	
"322.6859"	"0.0020"	"322.68548"	"0.00011"	"12"	""		"37769.0673"	"68758.996"	"5d9.6p"	"3D*"	"3"	""	"y"	"4"		""	"L11529"	
"322.80962"	"0.00010"	"322.80966"	"0.00004"	"100"	""		"18566.5450"	"49544.552"	"5d8.6s2"	"3P"	"1"	"5d9.6p"	"a 3D*"	"1"		""	"L11529"	
"323.12162"	"0.00010"	"323.12175"	"0.00005"	"1300"	"3.70e+06"	C+	"13496.2595"	"44444.346"	"5d9.6s"	"b 1D"	"2"	"5d8.6s.(4F).6p"	"5F*"	"2"		"T3313"	"L11529"	
"323.43500"	"0.00010"	"323.43496"	"0.00004"	"780"	"3.50e+06"	B	"15501.8344"	"46419.952"	"5d8.6s2"	"3F"	"2"	"5d8.6s.(4P).6p"	"a 5D*"	"2"		"T3313"	"L11529"	
"324.11307"	"0.00011"	"324.11296"	"0.00003"	"490"	""		"10116.7158"	"40970.1568"	"5d8.6s2"	"3F"	"3"	"5d8.6s.(4F).6p"	"5G*"	"3"		""	"L11529"	
"324.3898"	"0.0020"	"324.38741"	"0.00015"	"4"	""		"37342.089"	"68169.426"	"5d9.6p"	"b 3P*"	"2"	"5d9.6d"	"b 1D"	"2"		""	"L11529"	
"324.94278"	"0.00011"	"324.94290"	"0.00003"	"19"	""		"6567.4517"	"37342.089"	"5d9.6s"	"3D"	"2"	"5d9.6p"	"b 3P*"	"2"		""	"L6581"	
"325.1758"	"0.0020"	"325.17528"	"0.00012"	"14"	""		"37342.089"	"68094.734"	"5d9.6p"	"b 3P*"	"2"	"5d9.6d"	"3F"	"2"		""	"L11529"	
"325.29167"	"0.00011"	"325.29167"	"0.00011"	"3200"	"1.47e+07"	B+	"10131.8684"	"40873.510"	"5d9.6s"	"3D"	"1"	"5d8.6s.(2D).6p"	"3P*"	"0"		"T3313"	"L11529"	
"325.4118"	"0.0020"	"325.41338"	"0.00018"	"13"	""		"37342.089"	"68072.233"	"5d9.6p"	"b 3P*"	"2"	"5d9.6d"	"3F"	"3"		""	"L11529"	
"325.68478"	"0.00011"	"325.68489"	"0.00005"	"4800"	"5.30e+06"	B	"6140.170"	"36844.695"	"5d10"	"1S"	"0"	"5d9.6p"	"3P*"	"1"		"T3313"	"L11529"	
"325.7468"	"0.0020"	"325.74606"	"0.00010"	"62"	""		"33680.390"	"64379.150"	"5d8.6s.(4F).6p"	"a 5F*"	"5"	"5d8.(3F<4>).6s.6d"	"b (4,?)"	"5"		""	"L11529"	
"326.06708"	"0.00011"	"326.067024"	"0.000022"	"540"	"1.90e+06"	C+	"15501.8344"	"46170.3757"	"5d8.6s2"	"3F"	"2"	"5d9.6p"	"3F*"	"2"		"T3313"	"L11529"	
"326.1079"	"0.0020"	"326.10631"	"0.00010"	"23"	""		"37342.089"	"68006.936"	"5d9.6p"	"b 3P*"	"2"	"5d9.6d"	"3G"	"3"		""	"L11529"	
"326.20086"	"0.00011"	"326.20070"	"0.00003"	"86"	"5.1e+04"	C	"10131.8684"	"40787.8417"	"5d9.6s"	"3D"	"1"	"5d8.6s.(4P).6p"	"5P*"	"2"		"T3313n"	"L11529"	
"326.26292"	"0.00020"	"326.26293"	"0.00010"	"540"	""		"33680.390"	"64330.516"	"5d8.6s.(4F).6p"	"a 5F*"	"5"	"5d8.(3F<4>).6s.6d"	"b (4,?)"	"6"		""	"L11529"	
"326.4519"	"0.0020"	"326.45194"	"0.00013"	"60"	""		"33680.390"	"64312.770"	"5d8.6s.(4F).6p"	"a 5F*"	"5"	"5d8.(3F<4>).6s.6d.(3D<?>)"	"a (4,?)"	"4"		""	"L11529"	
"326.93592"	"0.00020"	"326.93582"	"0.00010"	"970"	""		"33680.390"	"64267.433"	"5d8.6s.(4F).6p"	"a 5F*"	"5"	"5d8.(3F<4>).6s.6d.(3D<?>)"	"a (4,?)"	"5"		""	"L11529"	
"327.3721"	"0.0020"	"327.37185"	"0.00009"	"100"	""		"34122.1452"	"64668.449"	"5d9.6p"	"3F*"	"3"	"5d8.(3F<4>).6s.6d.(3D<?>)"	"b (4,?)"	"4"		""	"L11529"	
"328.1776"	"0.0020"	"328.17565"	"0.00003"	"8"	""		"21967.101"	"52438.5877"	"5d8.6s2"	"1G"	"4"	"5d8.6s.(2F).6p"	"3G*"	"5"		""	"L11529"	
"328.29126"	"0.00011"	"328.29129"	"0.00008"	"1100"	""		"33680.390"	"64141.143"	"5d8.6s.(4F).6p"	"a 5F*"	"5"	"5d8.(3F<4>).6s.6d.(3D<?>)"	"a (4,?)"	"6"		""	"L11529"	
"328.41505"	"0.00011"	"328.41505"	"0.00004"	"330"	"2.41e+05"	C+	"13496.2595"	"43945.534"	"5d9.6s"	"b 1D"	"2"	"5d8.6s.(4P).6p"	"a 5P*"	"3"		"T3313n"	"L11529"	
"328.42546"	"0.00011"	"328.42536"	"0.00006"	"440"	""		"33680.390"	"64128.709"	"5d8.6s.(4F).6p"	"a 5F*"	"5"	""	""	"5 or 4"		""	"L11529"	
"329.11673"	"0.00011"	"329.11668"	"0.00003"	"2200"	"1.63e+06"	C+	"10131.8684"	"40516.229"	"5d9.6s"	"3D"	"1"	"5d8.6s.(4F).6p"	"5D*"	"2"		"T3313n"	"L11529"	
"329.12425"	"0.00011"	"329.12404"	"0.00003"	"16"	""		"34122.1452"	"64505.827"	"5d9.6p"	"3F*"	"3"	"5d8.(3F<3>).6s.7s.(3S<1>)"	"(3,1)"	"3"		""	"L6581"	
"329.4589"	"0.0020"	"329.46215"	"0.00014"	"13"	""		"37769.0673"	"68121.568"	"5d9.6p"	"3D*"	"3"	"5d9.6d"	"b 3G"	"4"		""	"L11529"	
"330.0862"	"0.0020"	"330.08778"	"0.00017"	"47"	""		"38536.1439"	"68831.116"	"5d8.6s.(4F).6p"	"b 5F*"	"5"	""	""	"5"		""	"L11529"	
"330.28103"	"0.00011"	"330.28106"	"0.00003"	"22000"	"2.53e+07"	B+	"6567.4517"	"36844.695"	"5d9.6s"	"3D"	"2"	"5d9.6p"	"3P*"	"1"		"T3313"	"L11529"	
"330.7094"	"0.0020"	"330.71114"	"0.00010"	"5"	""		"37769.0673"	"68006.936"	"5d9.6p"	"3D*"	"3"	"5d9.6d"	"3G"	"3"		""	"L11529"	
"330.8724"	"0.0020"	"330.87546"	"0.00012"	"13"	""		"38536.1439"	"68758.996"	"5d8.6s.(4F).6p"	"b 5F*"	"5"	""	"y"	"4"		""	"L11529"	
"331.27518"	"0.00020"	"331.27502"	"0.00012"	"87"	""		"36781.545"	"66967.944"	"5d8.6s.(4F).6p"	"5G*"	"6"	"5d8.(3F<4>).6s.8s.(3S<1>)"	"(4,1)"	"5"		""	"L11529"	
"331.3435"	"0.0004"	"331.34337"	"0.00016"	"220bl(Pt II)"	""		"38536.1439"	"68716.316"	"5d8.6s.(4F).6p"	"b 5F*"	"5"	"5d8.(3F<4>).6s.6d.(1D<2>)"	"(4,2)"	"6"		""	"L11529"	
"331.59959"	"0.00011"	"331.59966"	"0.00004"	"13000"	"1.85e+05"	B+	"0.0000"	"30156.846"	"5d9.6s"	"3D"	"3"	"5d8.6s.(4F).6p"	"5D*"	"4"		"T3313"	"L11529"	
"332.47444"	"0.00011"	"332.474391"	"0.000022"	"1000"	""		"10116.7158"	"40194.2203"	"5d8.6s2"	"3F"	"3"	"5d8.6s.(4F).6p"	"5F*"	"4"		""	"L6581"	
"332.6657"	"0.0020"	"332.66667"	"0.00013"	"140"	""		"34122.1452"	"64182.265"	"5d9.6p"	"3F*"	"3"	""	""	"2"		""	"L11529"	
"333.67756"	"0.00011"	"333.67767"	"0.00006"	"60"	""		"18566.5450"	"48535.587"	"5d8.6s2"	"3P"	"1"	"5d8.6s.(4F).6p"	"5G*"	"2"		""	"L11529"	
"333.9100"	"0.0020"	"333.91236"	"0.00008"	"140"	""		"32620.0047"	"62567.983"	"5d9.6p"	"a 3P*"	"2"	"5d9.8s"	"3D"	"3"		""	"L11529"	
"334.48575"	"0.00011"	"334.48584"	"0.00006"	"750"	"1.89e+06"	B	"15501.8344"	"45398.466"	"5d8.6s2"	"3F"	"2"	"5d8.6s.(4P).6p"	"5P*"	"1"		"T3313n"	"L11529"	
"336.79576"	"0.00020"	"336.79594"	"0.00005"	"450bl"	"1.85e+06"	C+	"13496.2595"	"43187.829"	"5d9.6s"	"b 1D"	"2"	"5d8.6s.(4F).6p"	"5D*"	"1"		"T3313"	"L11529"	
"340.7495"	"0.0020"	"340.75252"	"0.00009"	"110"	""		"35321.6370"	"64668.449"	"5d8.6s.(4F).6p"	"a 5D*"	"3"	"5d8.(3F<4>).6s.6d.(3D<?>)"	"b (4,?)"	"4"		""	"L11529"	
"340.91086"	"0.00012"	"340.91081"	"0.00005"	"59000c"	"1.37e+06"	B+	"823.6608"	"30156.846"	"5d8.6s2"	"3F"	"4"	"5d8.6s.(4F).6p"	"5D*"	"4"		"T3313"	"L11529"	
"341.54358"	"0.00020"	"341.54359"	"0.00013"	"45"	""		"38815.8940"	"68094.734"	"5d8.6s.(2D).6p"	"a 3F*"	"2"	"5d9.6d"	"3F"	"2"		""	"L11529"	
"341.80629"	"0.00020"	"341.80627"	"0.00020"	"130"	""		"38815.8940"	"68072.233"	"5d8.6s.(2D).6p"	"a 3F*"	"2"	"5d9.6d"	"3F"	"3"		""	"L11529"	
"342.13216"	"0.00020"	"342.13215"	"0.00004"	"9"	""		"15501.8344"	"44730.3062"	"5d8.6s2"	"3F"	"2"	"5d8.6s.(2F).6p"	"a 3D*"	"3"		""	"L11529"	
"342.57103"	"0.00020"	"342.57085"	"0.00011"	"57"	""		"38815.8940"	"68006.936"	"5d8.6s.(2D).6p"	"a 3F*"	"2"	"5d9.6d"	"3G"	"3"		""	"L11529"	
"342.65121"	"0.00012"	"342.65128"	"0.00004"	"21"	""		"35321.6370"	"64505.827"	"5d8.6s.(4F).6p"	"a 5D*"	"3"	"5d8.(3F<3>).6s.7s.(3S<1>)"	"(3,1)"	"3"		""	"L11529"	
"342.77089"	"0.00012"	"342.77069"	"0.00004"	"70l"	""		"18566.5450"	"47740.5680"	"5d8.6s2"	"3P"	"1"	"5d9.6p"	"1P*"	"1"		""	"L11529"	
"342.89097"	"0.00012"	"342.89098"	"0.00004"	"1700"	"1.02e+06"	C+	"13496.2595"	"42660.048"	"5d9.6s"	"b 1D"	"2"	"5d8.6s.(4F).6p"	"b 5D*"	"3"		"T3313"	"L11529"	
"343.28390"	"0.00012"	"343.28390"	"0.00004"	"100"	""		"21967.101"	"51097.5087"	"5d8.6s2"	"1G"	"4"	"5d8.6s.(4P).6p"	"5D*"	"3"		""	"L11529"	
"343.7525"	"0.0020"	"343.75207"	"0.00012"	"3"	""		"36296.294"	"65387.028"	"5d8.6s.(4F).6p"	"a 5G*"	"4"	"5d9.7d"	"3D"	"3"		""	"L11529"	
"344.9332"	"0.0003"	"344.93305"	"0.00013"	"140hfs"	""		"35321.6370"	"64312.770"	"5d8.6s.(4F).6p"	"a 5D*"	"3"	"5d8.(3F<4>).6s.6d.(3D<?>)"	"a (4,?)"	"4"		""	"L11529"	
""	""	"345.51252"	"0.00006"	"m(Ne I)"	"3.9e+05"	D+	"15501.8344"	"44444.346"	"5d8.6s2"	"3F"	"2"	"5d8.6s.(4F).6p"	"5F*"	"2"		"T3313"	"L11529"	
"346.04856"	"0.00012"	"346.04846"	"0.00006"	"33"	""		"26638.576"	"55536.263"	"5d8.6s2"	"1D"	"2"	"5d8.6s.(2P).6p"	"3D*"	"3"		""	"L11529"	
"346.4930"	"0.0003"	"346.49281"	"0.00014"	"230hfs"	""		"35321.6370"	"64182.265"	"5d8.6s.(4F).6p"	"a 5D*"	"3"	""	""	"2"		""	"L11529"	
"347.77554"	"0.00020"	"347.775459"	"0.000022"	"340"	"1.21e+05"	C+	"6567.4517"	"35321.6370"	"5d9.6s"	"3D"	"2"	"5d8.6s.(4F).6p"	"a 5D*"	"3"		"T3313n"	"L11529"	
"348.21394"	"0.00020"	"348.21390"	"0.00011"	"96bl"	""		"40194.2203"	"68912.201"	"5d8.6s.(4F).6p"	"5F*"	"4"	""	"z"	"4"		""	"L11529"	
"348.44202"	"0.00012"	"348.442033"	"0.000022"	"690"	"1.47e+06"	C+	"10116.7158"	"38815.8940"	"5d8.6s2"	"3F"	"3"	"5d8.6s.(2D).6p"	"a 3F*"	"2"		"T3313n"	"L11529"	
"348.62617"	"0.00012"	"348.62610"	"0.00003"	"3500"	"8.0e+06"	C+	"10131.8684"	"38815.8940"	"5d9.6s"	"3D"	"1"	"5d8.6s.(2D).6p"	"a 3F*"	"2"		"T3313n"	"L11529"	
"349.19988"	"0.00020"	"349.19986"	"0.00020"	"180c"	""		"40194.2203"	"68831.116"	"5d8.6s.(4F).6p"	"5F*"	"4"	""	""	"5"		""	"L11529"	
"349.85631"	"0.00020"	"349.85623"	"0.00007"	"36"	""		"34122.1452"	"62705.315"	"5d9.6p"	"3F*"	"3"	"5d9.8s"	"1D"	"2"		""	"L11529"	
"349.91655"	"0.00012"	"349.91659"	"0.00009"	"85p"	""		"26638.576"	"55216.815"	"5d8.6s2"	"1D"	"2"	"5d9.6p"	"b 3D*"	"1"		""	"L11529"	
"350.24985"	"0.00020"	"350.25009"	"0.00013"	"36"	""		"36844.695"	"65395.723"	"5d9.6p"	"3P*"	"1"	"5d9.7d"	"1D"	"2"		""	"L11529"	
"350.66902"	"0.00020"	"350.66902"	"0.00020"	"83c"	""		"36844.695"	"65361.614"	"5d9.6p"	"3P*"	"1"	"5d9.7d"	"1P"	"1"		""	"L11529"	
"350.76366"	"0.00020"	"350.76370"	"0.00012"	"21"	""		"40194.2203"	"68703.442"	"5d8.6s.(4F).6p"	"5F*"	"4"	""	"x"	"4"		""	"L11529"	
"351.54531"	"0.00020"	"351.54528"	"0.00009"	"92"	""		"34122.1452"	"62567.983"	"5d9.6p"	"3F*"	"3"	"5d9.8s"	"3D"	"3"		""	"L11529"	
"351.57185"	"0.00012"	"351.57171"	"0.00005"	"530"	"6.0e+05"	C+	"15501.8344"	"43945.534"	"5d8.6s2"	"3F"	"2"	"5d8.6s.(4P).6p"	"a 5P*"	"3"		"T3313n"	"L11529"	
"351.71875"	"0.00020"	"351.71885"	"0.00012"	"17"	""		"38536.1439"	"66967.944"	"5d8.6s.(4F).6p"	"b 5F*"	"5"	"5d8.(3F<4>).6s.8s.(3S<1>)"	"(4,1)"	"5"		""	"L11529"	
"352.45826"	"0.00021"	"352.45825"	"0.00010"	"95hfs"	""		"36296.294"	"64668.449"	"5d8.6s.(4F).6p"	"a 5G*"	"4"	"5d8.(3F<4>).6s.6d.(3D<?>)"	"b (4,?)"	"4"		""	"L11529"	
"352.95435"	"0.00020"	"352.95467"	"0.00004"	"480"	""		"21967.101"	"50299.3510"	"5d8.6s2"	"1G"	"4"	"5d7.(4F).6s2.6p"	"a 3G*"	"5"		""	"L11529"	
"353.27611"	"0.00012"	"353.27608"	"0.00005"	"44l"	"1.2e+05"	C	"13496.2595"	"41802.733"	"5d9.6s"	"b 1D"	"2"	"5d8.6s.(2D).6p"	"a 3D*"	"1"		"T3313"	"L11529"	
"354.48999"	"0.00013"	"354.49009"	"0.00006"	"20"	""		"36296.294"	"64505.827"	"5d8.6s.(4F).6p"	"a 5G*"	"4"	"5d8.(3F<3>).6s.7s.(3S<1>)"	"(3,1)"	"3"		""	"L6581"	
"354.60223"	"0.00013"	"354.60224"	"0.00004"	"21"	""		"26638.576"	"54839.1873"	"5d8.6s2"	"1D"	"2"	"5d8.6s.(4P).6p"	"a 3D*"	"3"		""	"L11529"	
"354.98282"	"0.00013"	"354.98285"	"0.00005"	"24"	""		"32620.0047"	"60790.380"	"5d9.6p"	"a 3P*"	"2"	"5d8.(3F<4>).6s.7s.(3S<1>)"	"(4,1)"	"3"		""	"L11529"	
"355.11838"	"0.00020"	"355.11848"	"0.00011"	"31"	""		"40787.8417"	"68947.458"	"5d8.6s.(4P).6p"	"5P*"	"2"	""	""	"3"		""	"L11529"	
"356.0888"	"0.0003"	"356.08914"	"0.00010"	"220hfs"	""		"36296.294"	"64379.150"	"5d8.6s.(4F).6p"	"a 5G*"	"4"	"5d8.(3F<4>).6s.6d"	"b (4,?)"	"5"		""	"L11529"	
"356.46028"	"0.00020"	"356.46006"	"0.00014"	"21"	""		"37342.089"	"65395.723"	"5d9.6p"	"b 3P*"	"2"	"5d9.7d"	"1D"	"2"		""	"L11529"	
"356.57061"	"0.00020"	"356.57057"	"0.00011"	"60"	""		"37342.089"	"65387.028"	"5d9.6p"	"b 3P*"	"2"	"5d9.7d"	"3D"	"3"		""	"L11529"	
"356.59444"	"0.00020"	"356.59461"	"0.00004"	"24"	""		"21967.101"	"50010.1497"	"5d8.6s2"	"1G"	"4"	"5d8.6s.(2F).6p"	"a 3F*"	"4"		""	"L11529"	
"356.9335"	"0.0004"	"356.93283"	"0.00014"	"330hfs"	""		"36296.294"	"64312.770"	"5d8.6s.(4F).6p"	"a 5G*"	"4"	"5d8.(3F<4>).6s.6d.(3D<?>)"	"a (4,?)"	"4"		""	"L11529"	
"357.43270"	"0.00020"	"357.43262"	"0.00011"	"37"	""		"40970.1568"	"68947.458"	"5d8.6s.(4F).6p"	"5G*"	"3"	""	""	"3"		""	"L11529"	
"357.88365"	"0.00020"	"357.88362"	"0.00012"	"46"	""		"40970.1568"	"68912.201"	"5d8.6s.(4F).6p"	"5G*"	"3"	""	"z"	"4"		""	"L11529"	
"358.84283"	"0.00013"	"358.84284"	"0.00009"	"190"	"5.00e+06"	B	"18566.5450"	"46433.898"	"5d8.6s2"	"3P"	"1"	"5d8.6s.(4P).6p"	"5D*"	"0"		"T3313"	"L11529"	
"359.02224"	"0.00020"	"359.02251"	"0.00006"	"24"	""		"18566.5450"	"46419.952"	"5d8.6s2"	"3P"	"1"	"5d8.6s.(4P).6p"	"a 5D*"	"2"		""	"L11529"	
"359.29327"	"0.00013"	"359.29329"	"0.00008"	"9"	""		"36296.294"	"64128.709"	"5d8.6s.(4F).6p"	"a 5G*"	"4"	""	""	"5 or 4"		""	"L11529"	
"359.75793"	"0.00020"	"359.75800"	"0.00012"	"10"	""		"37590.5647"	"65387.028"	"5d9.6p"	"3F*"	"4"	"5d9.7d"	"3D"	"3"		""	"L11529"	
"359.83122"	"0.00020"	"359.83135"	"0.00017"	"71"	""		"37342.089"	"65132.886"	"5d9.6p"	"b 3P*"	"2"	"5d9.7d"	"3P"	"2"		""	"L11529"	
"359.85668"	"0.00020"	"359.85670"	"0.00014"	"15"	""		"40970.1568"	"68758.996"	"5d8.6s.(4F).6p"	"5G*"	"3"	""	"y"	"4"		""	"L11529"	
"360.24280"	"0.00020"	"360.24278"	"0.00012"	"7"	""		"40516.229"	"68275.286"	"5d8.6s.(4F).6p"	"5D*"	"2"	""	""	"2"		""	"L11529"	
"360.51923"	"0.00013"	"360.51905"	"0.00006"	"10"	""		"32620.0047"	"60357.790"	"5d9.6p"	"a 3P*"	"2"	"5d9.7s"	"3D"	"1"		""	"L11529"	
"360.5787"	"0.0020"	"360.57755"	"0.00013"	"4"	""		"40970.1568"	"68703.442"	"5d8.6s.(4F).6p"	"5G*"	"3"	""	"x"	"4"		""	"L11529"	
"360.77683"	"0.00020"	"360.77688"	"0.00012"	"24"	""		"37590.5647"	"65308.527"	"5d9.6p"	"3F*"	"4"	"5d9.7d"	"3G"	"4"		""	"L11529"	
"361.19362"	"0.00013"	"361.19345"	"0.00005"	"66"	"4.8e+05"	C	"15501.8344"	"43187.829"	"5d8.6s2"	"3F"	"2"	"5d8.6s.(4F).6p"	"5D*"	"1"		"T3313"	"L11529"	
"361.6202"	"0.0020"	"361.62184"	"0.00020"	"3"	""		"40516.229"	"68169.426"	"5d8.6s.(4F).6p"	"5D*"	"2"	"5d9.6d"	"b 1D"	"2"		""	"L11529"	
"361.6310"	"0.0020"	"361.63290"	"0.00003"	"10"	""		"10116.7158"	"37769.0673"	"5d8.6s2"	"3F"	"3"	"5d9.6p"	"3D*"	"3"		""	"L11529"	
"362.08329"	"0.00020"	"362.08321"	"0.00012"	"42"	""		"37769.0673"	"65387.028"	"5d9.6p"	"3D*"	"3"	"5d9.7d"	"3D"	"3"		""	"L11529"	
"362.26873"	"0.00013"	"362.26856"	"0.00004"	"79"	"4.1e+05"	C	"18566.5450"	"46170.3757"	"5d8.6s2"	"3P"	"1"	"5d9.6p"	"3F*"	"2"		"T3313"	"L11529"	
"362.35038"	"0.00020"	"362.35028"	"0.00012"	"62"	""		"36781.545"	"64379.150"	"5d8.6s.(4F).6p"	"5G*"	"6"	"5d8.(3F<4>).6s.6d"	"b (4,?)"	"5"		""	"L11529"	
"362.91450"	"0.00013"	"362.91458"	"0.00003"	"2500"	"1.04e+06"	B	"6567.4517"	"34122.1452"	"5d9.6s"	"3D"	"2"	"5d9.6p"	"3F*"	"3"		"T3313"	"L11529"	
"362.99005"	"0.00020"	"362.98996"	"0.00013"	"550"	""		"36781.545"	"64330.516"	"5d8.6s.(4F).6p"	"5G*"	"6"	"5d8.(3F<4>).6s.6d"	"b (4,?)"	"6"		""	"L11529"	
"363.11529"	"0.00020"	"363.11533"	"0.00012"	"42"	""		"37769.0673"	"65308.527"	"5d9.6p"	"3D*"	"3"	"5d9.7d"	"3G"	"4"		""	"L11529"	
"363.7048"	"0.0020"	"363.70680"	"0.00004"	"6"	""		"26638.576"	"54133.2504"	"5d8.6s2"	"1D"	"2"	"5d8.6s.(4P).6p"	"5S*"	"2"		""	"L11529"	
"363.75924"	"0.00020"	"363.75929"	"0.00012"	"21"	""		"40516.229"	"68006.936"	"5d8.6s.(4F).6p"	"5D*"	"2"	"5d9.6d"	"3G"	"3"		""	"L11529"	
"363.80241"	"0.00020"	"363.80247"	"0.00012"	"7"	""		"40787.8417"	"68275.286"	"5d8.6s.(4P).6p"	"5P*"	"2"	""	""	"2"		""	"L11529"	
"363.82300"	"0.00020"	"363.82306"	"0.00012"	"110"	""		"36781.545"	"64267.433"	"5d8.6s.(4F).6p"	"5G*"	"6"	"5d8.(3F<4>).6s.6d.(3D<?>)"	"a (4,?)"	"5"		""	"L11529"	
"363.98250"	"0.00013"	"363.98249"	"0.00003"	"930"	""		"10116.7158"	"37590.5647"	"5d8.6s2"	"3F"	"3"	"5d9.6p"	"3F*"	"4"		""	"L11529"	
""	""	"363.98185"	"0.00004"	"m"	""		"13496.2595"	"40970.1568"	"5d9.6s"	"b 1D"	"2"	"5d8.6s.(4F).6p"	"5G*"	"3"		""	"L11529"	
"364.42049"	"0.00020"	"364.42050"	"0.00020"	"1400"	""		"36781.545"	"64222.372"	"5d8.6s.(4F).6p"	"5G*"	"6"	"5d8.(3F<4>).6s.6d.(3D<3>)"	"(4,3)"	"7"		""	"L11529"	
"365.18082"	"0.00020"	"365.18104"	"0.00008"	"16"	""		"35321.6370"	"62705.315"	"5d8.6s.(4F).6p"	"a 5D*"	"3"	"5d9.8s"	"1D"	"2"		""	"L11529"	
"365.32958"	"0.00013"	"365.32934"	"0.00007"	"45"	""		"26638.576"	"54011.138"	"5d8.6s2"	"1D"	"2"	"5d8.6s.(4P).6p"	"c 5P*"	"3"		""	"L11529"	
"365.50238"	"0.00013"	"365.50245"	"0.00009"	"95"	""		"36781.545"	"64141.143"	"5d8.6s.(4F).6p"	"5G*"	"6"	"5d8.(3F<4>).6s.6d.(3D<?>)"	"a (4,?)"	"6"		""	"L11529"	
"366.04555"	"0.00013"	"366.04555"	"0.00004"	"81"	""		"21967.101"	"49286.1051"	"5d8.6s2"	"1G"	"4"	"5d8.6s.(4P).6p"	"b 5P*"	"3"		""	"L11529"	
"366.2293"	"0.0020"	"366.23156"	"0.00012"	"4"	""		"40970.1568"	"68275.286"	"5d8.6s.(4F).6p"	"5G*"	"3"	""	""	"2"		""	"L11529"	
"366.4135"	"0.0003"	"366.41335"	"0.00004"	"310hfs"	"2.57e+05"	C+	"13496.2595"	"40787.8417"	"5d9.6s"	"b 1D"	"2"	"5d8.6s.(4P).6p"	"5P*"	"2"		"T3313n"	"L11529"	
"366.45927"	"0.00013"	"366.45942"	"0.00007"	"29"	""		"32620.0047"	"59908.156"	"5d9.6p"	"a 3P*"	"2"	"5d9.6d"	"a 1D"	"2"		""	"L11529"	
"366.94387"	"0.00013"	"366.94389"	"0.00005"	"110"	""		"32620.0047"	"59872.128"	"5d9.6p"	"a 3P*"	"2"	"5d9.6d"	"1F"	"3"		""	"L11529"	
"367.30447"	"0.00013"	"367.30442"	"0.00004"	"590"	"9.0e+05"	C+	"10116.7158"	"37342.089"	"5d8.6s2"	"3F"	"3"	"5d9.6p"	"b 3P*"	"2"		"T3313n"	"L11529"	
"367.38909"	"0.00020"	"367.38915"	"0.00012"	"19"	""		"40787.8417"	"68006.936"	"5d8.6s.(4P).6p"	"5P*"	"2"	"5d9.6d"	"3G"	"3"		""	"L11529"	
"367.50911"	"0.00014"	"367.50896"	"0.00004"	"460p"	"5.6e+05"	C+	"10131.8684"	"37342.089"	"5d9.6s"	"3D"	"1"	"5d9.6p"	"b 3P*"	"2"		"T3313n"	"L11529"	
"367.5984"	"0.0003"	"367.59847"	"0.00008"	"95hfs"	""		"33680.390"	"60883.985"	"5d8.6s.(4F).6p"	"a 5F*"	"5"	"5d8.(3F<4>).6s.7s.(1S<0>)"	"(4,0)"	"4"		""	"L11529"	
"367.6570"	"0.0004"	"367.65694"	"0.00019"	"84bl(Pt II)"	""		"40970.1568"	"68169.426"	"5d8.6s.(4F).6p"	"5G*"	"3"	"5d9.6d"	"b 1D"	"2"		""	"L11529"	
"368.13797"	"0.00020"	"368.13785"	"0.00005"	"15"	""		"37342.089"	"64505.827"	"5d9.6p"	"b 3P*"	"2"	"5d8.(3F<3>).6s.7s.(3S<1>)"	"(3,1)"	"3"		""	"L11529"	
"368.14999"	"0.00014"	"368.15008"	"0.00007"	"56"	""		"32620.0047"	"59782.840"	"5d9.6p"	"a 3P*"	"2"	"5d9.6d"	"1P"	"1"		""	"L11529"	
"368.21278"	"0.00014"	"368.21273"	"0.00004"	"190p"	"9.1e+04"	C+	"15501.8344"	"42660.048"	"5d8.6s2"	"3F"	"2"	"5d8.6s.(4F).6p"	"b 5D*"	"3"		"T3313"	"L11529"	
"368.40212"	"0.00014"	"368.40217"	"0.00005"	"380"	""		"32620.0047"	"59764.253"	"5d9.6p"	"a 3P*"	"2"	"5d9.6d"	"3D"	"3"		""	"L11529"	
"368.84649"	"0.00014"	"368.84643"	"0.00007"	"700"	""		"32620.0047"	"59731.559"	"5d9.6p"	"a 3P*"	"2"	"5d9.6d"	"3P"	"2"		""	"L11529"	
"369.3032"	"0.0020"	"369.30507"	"0.00011"	"5"	""		"37590.5647"	"64668.449"	"5d9.6p"	"3F*"	"4"	"5d8.(3F<4>).6s.6d.(3D<?>)"	"b (4,?)"	"4"		""	"L11529"	
"370.00487"	"0.00020"	"370.00500"	"0.00005"	"23"	""		"26638.576"	"53665.238"	"5d8.6s2"	"1D"	"2"	"5d8.6s.(2P).6p"	"3D*"	"1"		""	"L11529"	
"370.09655"	"0.00020"	"370.09664"	"0.00004"	"530hfs"	"5.4e+05"	C+	"13496.2595"	"40516.229"	"5d9.6s"	"b 1D"	"2"	"5d8.6s.(4F).6p"	"5D*"	"2"		"T3313n"	"L11529"	
"370.75763"	"0.00020"	"370.75763"	"0.00021"	"540"	""		"32620.0047"	"59591.803"	"5d9.6p"	"a 3P*"	"2"	"5d9.6d"	"3S"	"1"		""	"L11529"	
"371.75578"	"0.00020"	"371.75576"	"0.00011"	"36c"	""		"37769.0673"	"64668.449"	"5d9.6p"	"3D*"	"3"	"5d8.(3F<4>).6s.6d.(3D<?>)"	"b (4,?)"	"4"		""	"L11529"	
"372.5780"	"0.0020"	"372.57580"	"0.00017"	"4"	""		"37342.089"	"64182.265"	"5d9.6p"	"b 3P*"	"2"	""	""	"2"		""	"L11529"	
"372.6909"	"0.0020"	"372.69042"	"0.00008"	"7"	""		"18566.5450"	"45398.466"	"5d8.6s2"	"3P"	"1"	"5d8.6s.(4P).6p"	"5P*"	"1"		""	"L11529"	
"373.29333"	"0.00020"	"373.29332"	"0.00010"	"21s"	""		"37590.5647"	"64379.150"	"5d9.6p"	"3F*"	"4"	"5d8.(3F<4>).6s.6d"	"b (4,?)"	"5"		""	"L11529"	
"373.66634"	"0.00022"	"373.66639"	"0.00007"	"140hfs"	""		"34122.1452"	"60883.985"	"5d9.6p"	"3F*"	"3"	"5d8.(3F<4>).6s.7s.(1S<0>)"	"(4,0)"	"4"		""	"L11529"	
"374.01668"	"0.00014"	"374.01690"	"0.00006"	"26s"	""		"37769.0673"	"64505.827"	"5d9.6p"	"3D*"	"3"	"5d8.(3F<3>).6s.7s.(3S<1>)"	"(3,1)"	"3"		""	"L11529"	
"374.22028"	"0.00020"	"374.22061"	"0.00015"	"19"	""		"37590.5647"	"64312.770"	"5d9.6p"	"3F*"	"4"	"5d8.(3F<4>).6s.6d.(3D<?>)"	"a (4,?)"	"4"		""	"L11529"	
"374.3515"	"0.0005"	"374.35200"	"0.00004"	"4"	""		"10131.8684"	"36844.695"	"5d9.6s"	"3D"	"1"	"5d9.6p"	"3P*"	"1"		""	"L11529"	
"374.8593"	"0.0020"	"374.85659"	"0.00011"	"8"	""		"37590.5647"	"64267.433"	"5d9.6p"	"3F*"	"4"	"5d8.(3F<4>).6s.6d.(3D<?>)"	"a (4,?)"	"5"		""	"L11529"	
"374.97812"	"0.00014"	"374.97795"	"0.00006"	"39"	""		"34122.1452"	"60790.380"	"5d9.6p"	"3F*"	"3"	"5d8.(3F<4>).6s.7s.(3S<1>)"	"(4,1)"	"3"		""	"L11529"	
"375.55197"	"0.00014"	"375.55204"	"0.00007"	"78"	""		"30156.846"	"56784.314"	"5d8.6s.(4F).6p"	"5D*"	"4"	"5d8.(3F<4>).6s.7s.(3S<1>)"	"(4,1)"	"4"		""	"L11529"	
"376.3470"	"0.0020"	"376.34826"	"0.00013"	"11"	""		"38815.8940"	"65387.028"	"5d8.6s.(2D).6p"	"a 3F*"	"2"	"5d9.7d"	"3D"	"3"		""	"L11529"	
"377.09516"	"0.00014"	"377.09504"	"0.00006"	"20"	""		"34122.1452"	"60640.659"	"5d9.6p"	"3F*"	"3"	"5d9.7s"	"3D"	"2"		""	"L11529"	
"377.74978"	"0.00020"	"377.74974"	"0.00013"	"56"	""		"41802.733"	"68275.286"	"5d8.6s.(2D).6p"	"a 3D*"	"1"	""	""	"2"		""	"L11529"	
"378.59855"	"0.00020"	"378.59861"	"0.00017"	"40s"	""		"37769.0673"	"64182.265"	"5d9.6p"	"3D*"	"3"	""	""	"2"		""	"L11529"	
"379.06467"	"0.00014"	"379.06471"	"0.00006"	"14"	""		"26638.576"	"53019.296"	"5d8.6s2"	"1D"	"2"	"5d8.6s.(2F).6p"	"3D*"	"1"		""	"L11529"	
"379.2666"	"0.0020"	"379.26637"	"0.00022"	"13"	""		"41802.733"	"68169.426"	"5d8.6s.(2D).6p"	"a 3D*"	"1"	"5d9.6d"	"b 1D"	"2"		""	"L11529"	
"379.9821"	"0.0020"	"379.98264"	"0.00020"	"4"	""		"38815.8940"	"65132.886"	"5d8.6s.(2D).6p"	"a 3F*"	"2"	"5d9.7d"	"3P"	"2"		""	"L11529"	
"380.21514"	"0.00014"	"380.21515"	"0.00006"	"440D"	"1.80e+06"	C+	"15501.8344"	"41802.733"	"5d8.6s2"	"3F"	"2"	"5d8.6s.(2D).6p"	"a 3D*"	"1"		"T3313"	"L11529"	
"380.34384"	"0.00020"	"380.34382"	"0.00016"	"31"	""		"41802.733"	"68094.734"	"5d8.6s.(2D).6p"	"a 3D*"	"1"	"5d9.6d"	"3F"	"2"		""	"L11529"	
"380.41023"	"0.00020"	"380.41024"	"0.00013"	"35"	""		"42660.048"	"68947.458"	"5d8.6s.(4F).6p"	"b 5D*"	"3"	""	""	"3"		""	"L11529"	
"380.63775"	"0.00020"	"380.63788"	"0.00010"	"11"	""		"36296.294"	"62567.983"	"5d8.6s.(4F).6p"	"a 5G*"	"4"	"5d9.8s"	"3D"	"3"		""	"L11529"	
"380.92108"	"0.00020"	"380.92114"	"0.00013"	"57"	""		"42660.048"	"68912.201"	"5d8.6s.(4F).6p"	"b 5D*"	"3"	""	"z"	"4"		""	"L11529"	
"381.61501"	"0.00020"	"381.61539"	"0.00015"	"59l"	"4.3e+05"	C	"16983.435"	"43187.829"	"5d8.6s2"	"3P"	"0"	"5d8.6s.(4F).6p"	"5D*"	"1"		"T3313"	"L11529"	
"381.97711"	"0.00015"	"381.97712"	"0.00006"	"8300"	"6.60e+05"	B+	"10116.7158"	"36296.294"	"5d8.6s2"	"3F"	"3"	"5d8.6s.(4F).6p"	"a 5G*"	"4"		"T3313"	"L11529"	
"383.8377"	"0.0020"	"383.83954"	"0.00003"	"8"	""		"6567.4517"	"32620.0047"	"5d9.6s"	"3D"	"2"	"5d9.6p"	"a 3P*"	"2"		""	"L11529"	
"383.97450"	"0.00020"	"383.97453"	"0.00015"	"14"	""		"42660.048"	"68703.442"	"5d8.6s.(4F).6p"	"b 5D*"	"3"	""	"x"	"4"		""	"L11529"	
"386.43176"	"0.00015"	"386.43160"	"0.00007"	"84"	"3.1e+05"	C	"18566.5450"	"44444.346"	"5d8.6s2"	"3P"	"1"	"5d8.6s.(4F).6p"	"5F*"	"2"		"T3313"	"L11529"	
"386.68835"	"0.00020"	"386.68833"	"0.00009"	"11"	""		"36844.695"	"62705.315"	"5d9.6p"	"3P*"	"1"	"5d9.8s"	"1D"	"2"		""	"L11529"	
"386.95176"	"0.00020"	"386.95189"	"0.00010"	"470"	""		"38536.1439"	"64379.150"	"5d8.6s.(4F).6p"	"b 5F*"	"5"	"5d8.(3F<4>).6s.6d"	"b (4,?)"	"5"		""	"L11529"	
"387.68136"	"0.00020"	"387.68147"	"0.00014"	"470"	""		"38536.1439"	"64330.516"	"5d8.6s.(4F).6p"	"b 5F*"	"5"	"5d8.(3F<4>).6s.6d"	"b (4,?)"	"6"		""	"L11529"	
"387.80738"	"0.00015"	"387.80717"	"0.00008"	"21"	""		"34122.1452"	"59908.156"	"5d9.6p"	"3F*"	"3"	"5d9.6d"	"a 1D"	"2"		""	"L11529"	
"388.19487"	"0.00015"	"388.19477"	"0.00008"	"32"	""		"34122.1452"	"59882.410"	"5d9.6p"	"3F*"	"3"	"5d9.6d"	"3F"	"4"		""	"L11529"	
"388.34979"	"0.00015"	"388.34977"	"0.00006"	"45"	""		"34122.1452"	"59872.128"	"5d9.6p"	"3F*"	"3"	"5d9.6d"	"1F"	"3"		""	"L11529"	
"388.63182"	"0.00020"	"388.63191"	"0.00012"	"26"	""		"38536.1439"	"64267.433"	"5d8.6s.(4F).6p"	"b 5F*"	"5"	"5d8.(3F<4>).6s.6d.(3D<?>)"	"a (4,?)"	"5"		""	"L11529"	
"389.98362"	"0.00015"	"389.98354"	"0.00006"	"500s"	""		"34122.1452"	"59764.253"	"5d9.6p"	"3F*"	"3"	"5d9.6d"	"3D"	"3"		""	"L11529"	
"390.18279"	"0.00015"	"390.18266"	"0.00008"	"1100s"	""		"34122.1452"	"59751.167"	"5d9.6p"	"3F*"	"3"	"5d9.6d"	"a 3G"	"4"		""	"L11529"	
"390.48143"	"0.00015"	"390.48141"	"0.00008"	"150"	""		"34122.1452"	"59731.559"	"5d9.6p"	"3F*"	"3"	"5d9.6d"	"3P"	"2"		""	"L11529"	
"390.54883"	"0.00015"	"390.54873"	"0.00009"	"390"	""		"38536.1439"	"64141.143"	"5d8.6s.(4F).6p"	"b 5F*"	"5"	"5d8.(3F<4>).6s.6d.(3D<?>)"	"a (4,?)"	"6"		""	"L11529"	
"390.73853"	"0.00015"	"390.73848"	"0.00008"	"120"	""		"38536.1439"	"64128.709"	"5d8.6s.(4F).6p"	"b 5F*"	"5"	""	""	"5 or 4"		""	"L11529"	
"391.20032"	"0.00015"	"391.20037"	"0.00008"	"430"	""		"35321.6370"	"60883.985"	"5d8.6s.(4F).6p"	"a 5D*"	"3"	"5d8.(3F<4>).6s.7s.(1S<0>)"	"(4,0)"	"4"		""	"L11529"	
"392.40668"	"0.00015"	"392.40668"	"0.00009"	"1900c"	""		"30156.846"	"55640.612"	"5d8.6s.(4F).6p"	"5D*"	"4"	"5d8.(3F<4>).6s.7s.(3S<1>)"	"(4,1)"	"5"		""	"L11529"	
"392.63833"	"0.00015"	"392.63814"	"0.00005"	"77"	""		"35321.6370"	"60790.380"	"5d8.6s.(4F).6p"	"a 5D*"	"3"	"5d8.(3F<4>).6s.7s.(3S<1>)"	"(4,1)"	"3"		""	"L11529"	
"392.64474"	"0.00015"	"392.64463"	"0.00005"	"480"	""		"15501.8344"	"40970.1568"	"5d8.6s2"	"3F"	"2"	"5d8.6s.(4F).6p"	"5G*"	"3"		""	"L11529"	
"392.74949"	"0.00020"	"392.74953"	"0.00020"	"37"	""		"42660.048"	"68121.568"	"5d8.6s.(4F).6p"	"b 5D*"	"3"	"5d9.6d"	"b 3G"	"4"		""	"L11529"	
"394.27155"	"0.00020"	"394.27161"	"0.00009"	"47"	""		"37342.089"	"62705.315"	"5d9.6p"	"b 3P*"	"2"	"5d9.8s"	"1D"	"2"		""	"L11529"	
"394.5225"	"0.0020"	"394.52575"	"0.00014"	"4"	""		"42660.048"	"68006.936"	"5d8.6s.(4F).6p"	"b 5D*"	"3"	"5d9.6d"	"3G"	"3"		""	"L11529"	
"394.9502"	"0.0003"	"394.95041"	"0.00004"	"470hfs"	"8.3e+05"	C+	"13496.2595"	"38815.8940"	"5d9.6s"	"b 1D"	"2"	"5d8.6s.(2D).6p"	"a 3F*"	"2"		"T3313n"	"L11529"	
"395.47564"	"0.00016"	"395.47564"	"0.00005"	"40"	"2.8e+04"	C	"15501.8344"	"40787.8417"	"5d8.6s2"	"3F"	"2"	"5d8.6s.(4P).6p"	"5P*"	"2"		"T3313n"	"L11529"	
"396.4162"	"0.0020"	"396.41806"	"0.00011"	"4"	""		"37342.089"	"62567.983"	"5d9.6p"	"b 3P*"	"2"	"5d9.8s"	"3D"	"3"		""	"L11529"	
"396.74792"	"0.00016"	"396.74792"	"0.00003"	"3400"	"1.38e+06"	C+	"10116.7158"	"35321.6370"	"5d8.6s2"	"3F"	"3"	"5d8.6s.(4F).6p"	"a 5D*"	"3"		"T3313n"	"L11529"	
"398.17269"	"0.00016"	"398.17285"	"0.00005"	"33"	""		"26638.576"	"51753.2970"	"5d8.6s2"	"1D"	"2"	"5d8.6s.(2F).6p"	"3F*"	"2"		""	"L11529"	
"398.6066"	"0.0020"	"398.60557"	"0.00014"	"7"	""		"43187.829"	"68275.286"	"5d8.6s.(4F).6p"	"5D*"	"1"	""	""	"2"		""	"L11529"	
"399.76975"	"0.00016"	"399.76982"	"0.00005"	"410"	"2.39e+05"	C+	"15501.8344"	"40516.229"	"5d8.6s2"	"3F"	"2"	"5d8.6s.(4F).6p"	"5D*"	"2"		"T3313n"	"L11529"	
"400.2931"	"0.0020"	"400.29466"	"0.00024"	"5"	""		"43187.829"	"68169.426"	"5d8.6s.(4F).6p"	"5D*"	"1"	"5d9.6d"	"b 1D"	"2"		""	"L11529"	
"400.36150"	"0.00020"	"400.36163"	"0.00011"	"150"	""		"37590.5647"	"62567.983"	"5d9.6p"	"3F*"	"4"	"5d9.8s"	"3D"	"3"		""	"L11529"	
"401.02283"	"0.00020"	"401.02264"	"0.00010"	"66"	""		"37769.0673"	"62705.315"	"5d9.6p"	"3D*"	"3"	"5d9.8s"	"1D"	"2"		""	"L11529"	
"401.9345"	"0.0020"	"401.93743"	"0.00019"	"12"	""		"40516.229"	"65395.723"	"5d8.6s.(4F).6p"	"5D*"	"2"	"5d9.7d"	"1D"	"2"		""	"L11529"	
"402.0746"	"0.0020"	"402.07795"	"0.00015"	"11"	""		"40516.229"	"65387.028"	"5d8.6s.(4F).6p"	"5D*"	"2"	"5d9.7d"	"3D"	"3"		""	"L11529"	
"402.9088"	"0.0020"	"402.91228"	"0.00018"	"12"	""		"16983.435"	"41802.733"	"5d8.6s2"	"3P"	"0"	"5d8.6s.(2D).6p"	"a 3D*"	"1"		""	"L11529"	
"403.24372"	"0.00020"	"403.24344"	"0.00011"	"56"	""		"37769.0673"	"62567.983"	"5d9.6p"	"3D*"	"3"	"5d9.8s"	"3D"	"3"		""	"L11529"	
"405.59111"	"0.00016"	"405.59084"	"0.00007"	"120"	""		"21967.101"	"46622.4900"	"5d8.6s2"	"1G"	"4"	"5d8.6s.(2F).6p"	"b 3D*"	"3"		""	"L11529"	
"406.1507"	"0.0020"	"406.15266"	"0.00008"	"17"	""		"18566.5450"	"43187.829"	"5d8.6s2"	"3P"	"1"	"5d8.6s.(4F).6p"	"5D*"	"1"		""	"L11529"	
"406.2305"	"0.0020"	"406.22900"	"0.00023"	"5"	""		"40516.229"	"65132.886"	"5d8.6s.(4F).6p"	"5D*"	"2"	"5d9.7d"	"3P"	"2"		""	"L11529"	
"406.7066"	"0.0007"	"406.70757"	"0.00010"	"620hfs"	""		"36296.294"	"60883.985"	"5d8.6s.(4F).6p"	"a 5G*"	"4"	"5d8.(3F<4>).6s.7s.(1S<0>)"	"(4,0)"	"4"		""	"L11529"	
"406.724"	"0.003"	"406.72695"	"0.00008"	"13"	""		"35321.6370"	"59908.156"	"5d8.6s.(4F).6p"	"a 5D*"	"3"	"5d9.6d"	"a 1D"	"2"		""	"L11529"	
"407.15338"	"0.00017"	"407.15331"	"0.00007"	"54"	""		"35321.6370"	"59882.410"	"5d8.6s.(4F).6p"	"a 5D*"	"3"	"5d9.6d"	"3F"	"4"		""	"L11529"	
"407.32500"	"0.00020"	"407.32383"	"0.00007"	"6"	""		"35321.6370"	"59872.128"	"5d8.6s.(4F).6p"	"a 5D*"	"3"	"5d9.6d"	"1F"	"3"		""	"L11529c153"	
"408.26192"	"0.00017"	"408.26181"	"0.00008"	"410c"	""		"36296.294"	"60790.380"	"5d8.6s.(4F).6p"	"a 5G*"	"4"	"5d8.(3F<4>).6s.7s.(3S<1>)"	"(4,1)"	"3"		""	"L11529"	
"408.59306"	"0.00020"	"408.59306"	"0.00013"	"87"	""		"40194.2203"	"64668.449"	"5d8.6s.(4F).6p"	"5F*"	"4"	"5d8.(3F<4>).6s.6d.(3D<?>)"	"b (4,?)"	"4"		""	"L11529"	
"408.84851"	"0.00017"	"408.84858"	"0.00005"	"84"	""		"26638.576"	"51097.5087"	"5d8.6s2"	"1D"	"2"	"5d8.6s.(4P).6p"	"5D*"	"3"		""	"L11529"	
"409.12173"	"0.00017"	"409.12151"	"0.00007"	"160"	""		"35321.6370"	"59764.253"	"5d8.6s.(4F).6p"	"a 5D*"	"3"	"5d9.6d"	"3D"	"3"		""	"L11529"	
"409.34073"	"0.00017"	"409.34066"	"0.00008"	"580"	""		"35321.6370"	"59751.167"	"5d8.6s.(4F).6p"	"a 5D*"	"3"	"5d9.6d"	"a 3G"	"4"		""	"L11529"	
"409.4077"	"0.0020"	"409.40709"	"0.00018"	"12"	""		"40970.1568"	"65395.723"	"5d8.6s.(4F).6p"	"5G*"	"3"	"5d9.7d"	"1D"	"2"		""	"L11529"	
"409.5518"	"0.0020"	"409.55288"	"0.00015"	"15"	""		"40970.1568"	"65387.028"	"5d8.6s.(4F).6p"	"5G*"	"3"	"5d9.7d"	"3D"	"3"		""	"L11529"	
"409.66930"	"0.00017"	"409.66948"	"0.00008"	"87"	""		"35321.6370"	"59731.559"	"5d8.6s.(4F).6p"	"a 5D*"	"3"	"5d9.6d"	"3P"	"2"		""	"L11529"	
"409.8634"	"0.0020"	"409.8618"	"0.0003"	"53"	""		"44432.651"	"68831.116"	"5d8.6s.(4F).6p"	"b 5G*"	"4"	""	""	"5"		""	"L11529"	
"410.8761"	"0.0020"	"410.87386"	"0.00017"	"5"	""		"40970.1568"	"65308.527"	"5d8.6s.(4F).6p"	"5G*"	"3"	"5d9.7d"	"3G"	"4"		""	"L11529"	
"411.0207"	"0.0020"	"411.01940"	"0.00015"	"18"	""		"43945.534"	"68275.286"	"5d8.6s.(4P).6p"	"a 5P*"	"3"	""	""	"2"		""	"L11529"	
"411.0772"	"0.0020"	"411.07696"	"0.00019"	"15"	""		"44432.651"	"68758.996"	"5d8.6s.(4F).6p"	"b 5G*"	"4"	""	"y"	"4"		""	"L11529"	
"411.3280"	"0.0020"	"411.32617"	"0.00007"	"10"	""		"40194.2203"	"64505.827"	"5d8.6s.(4F).6p"	"5F*"	"4"	"5d8.(3F<3>).6s.7s.(3S<1>)"	"(3,1)"	"3"		""	"L11529"	
"411.98365"	"0.00017"	"411.98365"	"0.00003"	"3000"	"2.87e+06"	C+	"13496.2595"	"37769.0673"	"5d9.6s"	"b 1D"	"2"	"5d9.6p"	"3D*"	"3"		"T3313n"	"L11529"	
"412.8166"	"0.0020"	"412.8156"	"0.0003"	"5"	""		"43945.534"	"68169.426"	"5d8.6s.(4P).6p"	"a 5P*"	"3"	"5d9.6d"	"b 1D"	"2"		""	"L11529"	
"413.6347"	"0.0020"	"413.63277"	"0.00022"	"26"	""		"43945.534"	"68121.568"	"5d8.6s.(4P).6p"	"a 5P*"	"3"	"5d9.6d"	"b 3G"	"4"		""	"L11529"	
"413.8639"	"0.0020"	"413.86053"	"0.00024"	"99"	""		"40970.1568"	"65132.886"	"5d8.6s.(4F).6p"	"5G*"	"3"	"5d9.7d"	"3P"	"2"		""	"L11529"	
"414.0920"	"0.0020"	"414.09239"	"0.00019"	"9"	""		"43945.534"	"68094.734"	"5d8.6s.(4P).6p"	"a 5P*"	"3"	"5d9.6d"	"3F"	"2"		""	"L11529"	
"414.4781"	"0.0020"	"414.4786"	"0.0003"	"32"	""		"43945.534"	"68072.233"	"5d8.6s.(4P).6p"	"a 5P*"	"3"	"5d9.6d"	"3F"	"3"		""	"L11529"	
"414.6198"	"0.0020"	"414.61863"	"0.00019"	"240"	""		"40194.2203"	"64312.770"	"5d8.6s.(4F).6p"	"5F*"	"4"	"5d8.(3F<4>).6s.6d.(3D<?>)"	"a (4,?)"	"4"		""	"L11529"	
"415.4012"	"0.0020"	"415.39948"	"0.00014"	"36"	""		"40194.2203"	"64267.433"	"5d8.6s.(4F).6p"	"5F*"	"4"	"5d8.(3F<4>).6s.6d.(3D<?>)"	"a (4,?)"	"5"		""	"L11529"	
"415.6012"	"0.0020"	"415.60338"	"0.00017"	"11"	""		"43945.534"	"68006.936"	"5d8.6s.(4P).6p"	"a 5P*"	"3"	"5d9.6d"	"3G"	"3"		""	"L11529"	
"416.57231"	"0.00017"	"416.57243"	"0.00003"	"3300"	"6.0e+05"	C+	"10116.7158"	"34122.1452"	"5d8.6s2"	"3F"	"3"	"5d9.6p"	"3F*"	"3"		"T3313n"	"L11529"	
"416.8475"	"0.0020"	"416.84734"	"0.00007"	"220"	""		"40516.229"	"64505.827"	"5d8.6s.(4F).6p"	"5D*"	"2"	"5d8.(3F<3>).6s.7s.(3S<1>)"	"(3,1)"	"3"		""	"L11529"	
"418.5927"	"0.0020"	"418.59533"	"0.00011"	"36"	""		"38815.8940"	"62705.315"	"5d8.6s.(2D).6p"	"a 3F*"	"2"	"5d9.8s"	"1D"	"2"		""	"L11529"	
"419.36045"	"0.00018"	"419.36054"	"0.00005"	"1700"	"7.1e+05"	C+	"13496.2595"	"37342.089"	"5d9.6s"	"b 1D"	"2"	"5d9.6p"	"b 3P*"	"2"		"T3313n"	"L11529"	
"420.23939"	"0.00018"	"420.23933"	"0.00007"	"470"	""		"36844.695"	"60640.659"	"5d9.6p"	"3P*"	"1"	"5d9.7s"	"3D"	"2"		""	"L11529"	
"421.4275"	"0.0020"	"421.4255"	"0.0007"	"280"	""		"36844.695"	"60573.68"	"5d9.6p"	"3P*"	"1"	"5d9.6d"	"1S"	"0"		""	"L11529"	
"421.4958"	"0.0020"	"421.4949"	"0.0003"	"140"	""		"44444.346"	"68169.426"	"5d8.6s.(4F).6p"	"5F*"	"2"	"5d9.6d"	"b 1D"	"2"		""	"L11529"	
"421.6207"	"0.0020"	"421.62097"	"0.00007"	"54"	""		"40787.8417"	"64505.827"	"5d8.6s.(4P).6p"	"5P*"	"2"	"5d8.(3F<3>).6s.7s.(3S<1>)"	"(3,1)"	"3"		""	"L11529"	
"421.9709"	"0.0020"	"421.97134"	"0.00014"	"63"	""		"40970.1568"	"64668.449"	"5d8.6s.(4F).6p"	"5G*"	"3"	"5d8.(3F<4>).6s.6d.(3D<?>)"	"b (4,?)"	"4"		""	"L11529"	
"423.2283"	"0.0020"	"423.2287"	"0.0003"	"110"	""		"44444.346"	"68072.233"	"5d8.6s.(4F).6p"	"5F*"	"2"	"5d9.6d"	"3F"	"3"		""	"L11529"	
"423.8563"	"0.0020"	"423.85471"	"0.00022"	"12"	""		"41802.733"	"65395.723"	"5d8.6s.(2D).6p"	"a 3D*"	"1"	"5d9.7d"	"1D"	"2"		""	"L11529"	
"424.1912"	"0.0020"	"424.19102"	"0.00016"	"13"	""		"44432.651"	"68006.936"	"5d8.6s.(4F).6p"	"b 5G*"	"4"	"5d9.6d"	"3G"	"3"		""	"L11529"	
"424.4054"	"0.0020"	"424.40156"	"0.00018"	"12"	""		"44444.346"	"68006.936"	"5d8.6s.(4F).6p"	"5F*"	"2"	"5d9.6d"	"3G"	"3"		""	"L11529"	
"424.7185"	"0.0020"	"424.71899"	"0.00016"	"34"	""		"44730.3062"	"68275.286"	"5d8.6s.(2F).6p"	"a 3D*"	"3"	""	""	"2"		""	"L11529"	
"424.88694"	"0.00018"	"424.88699"	"0.00007"	"220"	""		"40970.1568"	"64505.827"	"5d8.6s.(4F).6p"	"5G*"	"3"	"5d8.(3F<3>).6s.7s.(3S<1>)"	"(3,1)"	"3"		""	"L11529"	
"425.2368"	"0.0020"	"425.2344"	"0.0005"	"360"	""		"36296.294"	"59812.737"	"5d8.6s.(4F).6p"	"a 5G*"	"4"	"5d9.6d"	"3G"	"5"		""	"L11529"	
"426.11301"	"0.00018"	"426.11290"	"0.00009"	"290"	""		"36296.294"	"59764.253"	"5d8.6s.(4F).6p"	"a 5G*"	"4"	"5d9.6d"	"3D"	"3"		""	"L11529"	
"426.47022"	"0.00018"	"426.47031"	"0.00007"	"360"	""		"37342.089"	"60790.380"	"5d9.6p"	"b 3P*"	"2"	"5d8.(3F<4>).6s.7s.(3S<1>)"	"(4,1)"	"3"		""	"L11529"	
"426.6359"	"0.0020"	"426.6372"	"0.0003"	"60bl"	""		"44730.3062"	"68169.426"	"5d8.6s.(2F).6p"	"a 3D*"	"3"	"5d9.6d"	"b 1D"	"2"		""	"L11529"	
"427.04505"	"0.00018"	"427.04529"	"0.00009"	"160"	""		"26638.576"	"50055.296"	"5d8.6s2"	"1D"	"2"	"5d8.6s.(4F).6p"	"5F*"	"1"		""	"L11529"	
"427.2404"	"0.0020"	"427.2410"	"0.0004"	"130"	""		"40516.229"	"63922.223"	"5d8.6s.(4F).6p"	"5D*"	"2"	""	""	"3"		""	"L11529"	
"427.5125"	"0.0020"	"427.51007"	"0.00024"	"490"	""		"44730.3062"	"68121.568"	"5d8.6s.(2F).6p"	"a 3D*"	"3"	"5d9.6d"	"b 3G"	"4"		""	"L11529"	
"428.29441"	"0.00018"	"428.29422"	"0.00006"	"64"	""		"13496.2595"	"36844.695"	"5d9.6s"	"b 1D"	"2"	"5d9.6p"	"3P*"	"1"		""	"L11529"	
"428.92572"	"0.00018"	"428.92573"	"0.00004"	"680"	"2.2e+05"	C	"15501.8344"	"38815.8940"	"5d8.6s2"	"3F"	"2"	"5d8.6s.(2D).6p"	"a 3F*"	"2"		"T3313n"	"L11529"	
"429.21063"	"0.00018"	"429.21089"	"0.00007"	"460"	""		"37342.089"	"60640.659"	"5d9.6p"	"b 3P*"	"2"	"5d9.7s"	"3D"	"2"		""	"L11529"	
"429.6127"	"0.0020"	"429.61546"	"0.00017"	"68"	""		"44730.3062"	"68006.936"	"5d8.6s.(2F).6p"	"a 3D*"	"3"	"5d9.6d"	"3G"	"3"		""	"L11529"	
"430.2480"	"0.0020"	"430.25019"	"0.00006"	"43"	""		"26638.576"	"49880.8667"	"5d8.6s2"	"1D"	"2"	"5d9.6p"	"3D*"	"2"		""	"L11529"	
"430.36310"	"0.00019"	"430.36319"	"0.00007"	"46"	"5.2e+05"	C	"18566.5450"	"41802.733"	"5d8.6s2"	"3P"	"1"	"5d8.6s.(2D).6p"	"a 3D*"	"1"		"T3313"	"L11529"	
"431.0388"	"0.0019"	"431.03791"	"0.00007"	"410"	""		"37590.5647"	"60790.380"	"5d9.6p"	"3F*"	"4"	"5d8.(3F<4>).6s.7s.(3S<1>)"	"(4,1)"	"3"		""	"L11529"	
"432.2546"	"0.0020"	"432.2571"	"0.0004"	"32"	""		"40787.8417"	"63922.223"	"5d8.6s.(4P).6p"	"5P*"	"2"	""	""	"3"		""	"L11529"	
"432.6208"	"0.0020"	"432.62105"	"0.00009"	"74"	""		"37769.0673"	"60883.985"	"5d9.6p"	"3D*"	"3"	"5d8.(3F<4>).6s.7s.(1S<0>)"	"(4,0)"	"4"		""	"L11529"	
"432.82700"	"0.00019"	"432.82691"	"0.00011"	"2300"	""		"33680.390"	"56784.314"	"5d8.6s.(4F).6p"	"a 5F*"	"5"	"5d8.(3F<4>).6s.7s.(3S<1>)"	"(4,1)"	"4"		""	"L11529"	
"433.58638"	"0.00019"	"433.58627"	"0.00009"	"140"	""		"36844.695"	"59908.156"	"5d9.6p"	"3P*"	"1"	"5d9.6d"	"a 1D"	"2"		""	"L6581"	
"434.37965"	"0.00019"	"434.38010"	"0.00008"	"24"	""		"37769.0673"	"60790.380"	"5d9.6p"	"3D*"	"3"	"5d8.(3F<4>).6s.7s.(3S<1>)"	"(4,1)"	"3"		""	"L6581"	
"434.48584"	"0.00019"	"434.48601"	"0.00009"	"24"	""		"37342.089"	"60357.790"	"5d9.6p"	"b 3P*"	"2"	"5d9.7s"	"3D"	"1"		""	"L6581"	
"435.95526"	"0.00019"	"435.95504"	"0.00010"	"250"	""		"36844.695"	"59782.840"	"5d9.6p"	"3P*"	"1"	"5d9.6d"	"1P"	"1"		""	"L6581"	
"436.56734"	"0.00019"	"436.56730"	"0.00008"	"27"	""		"26638.576"	"49544.552"	"5d8.6s2"	"1D"	"2"	"5d9.6p"	"a 3D*"	"1"		""	"L6581"	
"437.22353"	"0.00019"	"437.22361"	"0.00008"	"25"	""		"37769.0673"	"60640.659"	"5d9.6p"	"3D*"	"3"	"5d9.7s"	"3D"	"2"		""	"L6581"	
"439.30559"	"0.00019"	"439.30545"	"0.00008"	"490"	"1.7e+06"	C	"21967.101"	"44730.3062"	"5d8.6s2"	"1G"	"4"	"5d8.6s.(2F).6p"	"a 3D*"	"3"		"T3313"	"L6581"	
"441.26412"	"0.00019"	"441.26403"	"0.00010"	"220"	""		"34122.1452"	"56784.314"	"5d9.6p"	"3F*"	"3"	"5d8.(3F<4>).6s.7s.(3S<1>)"	"(4,1)"	"4"		""	"L6581"	
"441.54906"	"0.00019"	"441.54927"	"0.00006"	"29"	""		"26638.576"	"49286.1051"	"5d8.6s2"	"1D"	"2"	"5d8.6s.(4P).6p"	"b 5P*"	"3"		""	"L6581"	
"443.1432"	"0.0020"	"443.14324"	"0.00010"	"5500bl"	""		"37342.089"	"59908.156"	"5d9.6p"	"b 3P*"	"2"	"5d9.6d"	"a 1D"	"2"		""	"L6581"	
"443.85190"	"0.00020"	"443.85187"	"0.00008"	"450"	""		"37342.089"	"59872.128"	"5d9.6p"	"b 3P*"	"2"	"5d9.6d"	"1F"	"3"		""	"L6581"	
"444.37951"	"0.00020"	"444.37949"	"0.00004"	"2400"	"8.8e+05"	C+	"10116.7158"	"32620.0047"	"5d8.6s2"	"3F"	"3"	"5d9.6p"	"a 3P*"	"2"		"T3313n"	"L6581"	
"444.67909"	"0.00020"	"444.67891"	"0.00005"	"300"	"8.8e+04"	C+	"10131.8684"	"32620.0047"	"5d9.6s"	"3D"	"1"	"5d9.6p"	"a 3P*"	"2"		"T3313n"	"L6581"	
"445.61798"	"0.00020"	"445.61789"	"0.00010"	"28"	""		"37342.089"	"59782.840"	"5d9.6p"	"b 3P*"	"2"	"5d9.6d"	"1P"	"1"		""	"L6581"	
"445.98722"	"0.00020"	"445.98728"	"0.00008"	"110"	""		"37342.089"	"59764.253"	"5d9.6p"	"b 3P*"	"2"	"5d9.6d"	"3D"	"3"		""	"L6581"	
"446.63881"	"0.00020"	"446.63853"	"0.00010"	"28"	""		"37342.089"	"59731.559"	"5d9.6p"	"b 3P*"	"2"	"5d9.6d"	"3P"	"2"		""	"L6581"	
"447.47052"	"0.00020"	"447.47052"	"0.00010"	"230"	""		"38536.1439"	"60883.985"	"5d8.6s.(4F).6p"	"b 5F*"	"5"	"5d8.(3F<4>).6s.7s.(1S<0>)"	"(4,0)"	"4"		""	"L6581"	
"448.59450"	"0.00020"	"448.59454"	"0.00010"	"520"	""		"37590.5647"	"59882.410"	"5d9.6p"	"3F*"	"4"	"5d9.6d"	"3F"	"4"		""	"L6581"	
"448.80139"	"0.00020"	"448.80154"	"0.00008"	"59"	""		"37590.5647"	"59872.128"	"5d9.6p"	"3F*"	"4"	"5d9.6d"	"1F"	"3"		""	"L6581"	
"449.9926"	"0.0020"	"449.99395"	"0.00012"	"32bl"	""		"30156.846"	"52379.367"	"5d8.6s.(4F).6p"	"5D*"	"4"	"5d9.7s"	"3D"	"3"		""	"L6581"	
"450.001"	"0.005"	"450.0010"	"0.0006"	"1100"	""		"37590.5647"	"59812.737"	"5d9.6p"	"3F*"	"4"	"5d9.6d"	"3G"	"5"		""	"L16313,L7596"	
"450.01853"	"0.00020"	"450.01874"	"0.00006"	"35"	"4.8e+04"	C	"18566.5450"	"40787.8417"	"5d8.6s2"	"3P"	"1"	"5d8.6s.(4P).6p"	"5P*"	"2"		"T3313n"	"L6581"	
"450.98481"	"0.00020"	"450.98496"	"0.00008"	"30"	""		"37590.5647"	"59764.253"	"5d9.6p"	"3F*"	"4"	"5d9.6d"	"3D"	"3"		""	"L6581"	
"451.25112"	"0.00020"	"451.25127"	"0.00010"	"170"	""		"37590.5647"	"59751.167"	"5d9.6p"	"3F*"	"4"	"5d9.6d"	"a 3G"	"4"		""	"L6581"	
"451.68956"	"0.00020"	"451.68978"	"0.00010"	"30"	""		"37769.0673"	"59908.156"	"5d9.6p"	"3D*"	"3"	"5d9.6d"	"a 1D"	"2"		""	"L6581"	
"452.21574"	"0.00020"	"452.21567"	"0.00010"	"420"	"5.e+07"	D	"37769.0673"	"59882.410"	"5d9.6p"	"3D*"	"3"	"5d9.6d"	"3F"	"4"		"T686"	"L6581"	
"452.42607"	"0.00020"	"452.42603"	"0.00008"	"550"	""		"37769.0673"	"59872.128"	"5d9.6p"	"3D*"	"3"	"5d9.6d"	"1F"	"3"		""	"L6581"	
"454.91562"	"0.00021"	"454.91560"	"0.00010"	"260"	""		"37769.0673"	"59751.167"	"5d9.6p"	"3D*"	"3"	"5d9.6d"	"a 3G"	"4"		""	"L6581"	
"455.32169"	"0.00021"	"455.32174"	"0.00010"	"64"	""		"37769.0673"	"59731.559"	"5d9.6p"	"3D*"	"3"	"5d9.6d"	"3P"	"2"		""	"L6581"	
"455.36883"	"0.00021"	"455.36880"	"0.00012"	"730"	""		"33680.390"	"55640.612"	"5d8.6s.(4F).6p"	"a 5F*"	"5"	"5d8.(3F<4>).6s.7s.(3S<1>)"	"(4,1)"	"5"		""	"L6581"	
"455.58734"	"0.00021"	"455.58742"	"0.00008"	"150"	"1.08e+05"	C	"18566.5450"	"40516.229"	"5d8.6s2"	"3P"	"1"	"5d8.6s.(4F).6p"	"5D*"	"2"		"T3313n"	"L6581"	
"457.75432"	"0.00021"	"457.75433"	"0.00008"	"32"	""		"42660.048"	"64505.827"	"5d8.6s.(4F).6p"	"b 5D*"	"3"	"5d8.(3F<3>).6s.7s.(3S<1>)"	"(3,1)"	"3"		""	"L6581"	
"457.86963"	"0.00021"	"457.87012"	"0.00006"	"39"	""		"15501.8344"	"37342.089"	"5d8.6s2"	"3F"	"2"	"5d9.6p"	"b 3P*"	"2"		""	"L6581"	
"458.1821"	"0.0006"	"458.18222"	"0.00005"	"400bl"	""		"13496.2595"	"35321.6370"	"5d9.6s"	"b 1D"	"2"	"5d8.6s.(4F).6p"	"a 5D*"	"3"		""	"L6581"	
"458.19506"	"0.00021"	"458.19508"	"0.00008"	"67"	""		"38815.8940"	"60640.659"	"5d8.6s.(2D).6p"	"a 3F*"	"2"	"5d9.7s"	"3D"	"2"		""	"L6581"	
"464.21156"	"0.00022"	"464.21169"	"0.00011"	"140"	""		"38815.8940"	"60357.790"	"5d8.6s.(2D).6p"	"a 3F*"	"2"	"5d9.7s"	"3D"	"1"		""	"L6581"	
"468.54044"	"0.00022"	"468.54075"	"0.00007"	"45"	"1.02e+05"	C+	"15501.8344"	"36844.695"	"5d8.6s2"	"3F"	"2"	"5d9.6p"	"3P*"	"1"		"T3313"	"L6581"	
"473.8897"	"0.0007"	"473.88891"	"0.00007"	"44"	""		"26638.576"	"47740.5680"	"5d8.6s2"	"1D"	"2"	"5d9.6p"	"1P*"	"1"		""	"L6581"	
"474.10756"	"0.00022"	"474.10752"	"0.00011"	"82"	""		"38815.8940"	"59908.156"	"5d8.6s.(2D).6p"	"a 3F*"	"2"	"5d9.6d"	"a 1D"	"2"		""	"L6581"	
"474.91883"	"0.00023"	"474.91873"	"0.00009"	"160"	""		"38815.8940"	"59872.128"	"5d8.6s.(2D).6p"	"a 3F*"	"2"	"5d9.6d"	"1F"	"3"		""	"L6581"	
"476.94136"	"0.00023"	"476.94118"	"0.00011"	"85"	""		"38815.8940"	"59782.840"	"5d8.6s.(2D).6p"	"a 3F*"	"2"	"5d9.6d"	"1P"	"1"		""	"L6581"	
"477.36433"	"0.00023"	"477.36436"	"0.00009"	"85"	""		"38815.8940"	"59764.253"	"5d8.6s.(2D).6p"	"a 3F*"	"2"	"5d9.6d"	"3D"	"3"		""	"L6581"	
"483.25659"	"0.00023"	"483.25644"	"0.00009"	"100"	"4.7e+04"	C	"21967.101"	"42660.048"	"5d8.6s2"	"1G"	"4"	"5d8.6s.(4F).6p"	"b 5D*"	"3"		"T3313"	"L6581"	
"483.33077"	"0.00023"	"483.33077"	"0.00012"	"91"	""		"40194.2203"	"60883.985"	"5d8.6s.(4F).6p"	"5F*"	"4"	"5d8.(3F<4>).6s.7s.(1S<0>)"	"(4,0)"	"4"		""	"L6581"	
"485.52742"	"0.00024"	"485.52741"	"0.00009"	"380"	""		"40194.2203"	"60790.380"	"5d8.6s.(4F).6p"	"5F*"	"4"	"5d8.(3F<4>).6s.7s.(3S<1>)"	"(4,1)"	"3"		""	"L6581"	
"486.37465"	"0.00024"	"486.37439"	"0.00012"	"91"	""		"43945.534"	"64505.827"	"5d8.6s.(4P).6p"	"a 5P*"	"3"	"5d8.(3F<3>).6s.7s.(3S<1>)"	"(3,1)"	"3"		""	"L6581"	
"488.0906"	"0.0024"	"488.09011"	"0.00014"	"430bl"	""		"36296.294"	"56784.314"	"5d8.6s.(4F).6p"	"a 5G*"	"4"	"5d8.(3F<4>).6s.7s.(3S<1>)"	"(4,1)"	"4"		""	"L6581"	
"496.9087"	"0.0003"	"496.90848"	"0.00010"	"53"	""		"40516.229"	"60640.659"	"5d8.6s.(4F).6p"	"5D*"	"2"	"5d9.7s"	"3D"	"2"		""	"L6581"	
"498.1773"	"0.0003"	"498.17727"	"0.00010"	"210"	""		"44432.651"	"64505.827"	"5d8.6s.(4F).6p"	"b 5G*"	"4"	"5d8.(3F<3>).6s.7s.(3S<1>)"	"(3,1)"	"3"		""	"L6581"	
"498.8228"	"0.0003"	"498.82299"	"0.00010"	"120"	""		"32620.0047"	"52667.196"	"5d9.6p"	"a 3P*"	"2"	"5d9.7s"	"1D"	"2"		""	"L6581"	
"499.9367"	"0.0003"	"499.93655"	"0.00010"	"220"	""		"40787.8417"	"60790.380"	"5d8.6s.(4P).6p"	"5P*"	"2"	"5d8.(3F<4>).6s.7s.(3S<1>)"	"(4,1)"	"3"		""	"L6581"	
"500.4029"	"0.0003"	"500.40247"	"0.00008"	"130"	""		"26638.576"	"46622.4900"	"5d8.6s2"	"1D"	"2"	"5d8.6s.(2F).6p"	"b 3D*"	"3"		""	"L6581"	
"503.494"	"0.005"	"503.4927"	"0.0003"	"110"	"1.60e+05"	C+	"16983.435"	"36844.695"	"5d8.6s2"	"3P"	"0"	"5d9.6p"	"3P*"	"1"		"T3313"	"L7596"	
"503.9927"	"0.0003"	"503.99260"	"0.00013"	"58"	""		"40516.229"	"60357.790"	"5d8.6s.(4F).6p"	"5D*"	"2"	"5d9.7s"	"3D"	"1"		""	"L6581"	
"504.5352"	"0.0005"	"504.53519"	"0.00010"	"230bl"	""		"40970.1568"	"60790.380"	"5d8.6s.(4F).6p"	"5G*"	"3"	"5d8.(3F<4>).6s.7s.(3S<1>)"	"(4,1)"	"3"		""	"L6581"	
"504.5460"	"0.0005"	"504.54589"	"0.00006"	"420bl"	"9.4e+04"	C+	"15501.8344"	"35321.6370"	"5d8.6s2"	"3F"	"2"	"5d8.6s.(4F).6p"	"a 5D*"	"3"		"T3313n"	"L6581"	
"505.6756"	"0.0003"	"505.67568"	"0.00010"	"58"	""		"44730.3062"	"64505.827"	"5d8.6s.(2F).6p"	"a 3D*"	"3"	"5d8.(3F<3>).6s.7s.(3S<1>)"	"(3,1)"	"3"		""	"L6581"	
"506.0892"	"0.0003"	"506.08921"	"0.00010"	"1900"	""		"32620.0047"	"52379.367"	"5d9.6p"	"a 3P*"	"2"	"5d9.7s"	"3D"	"3"		""	"L6581"	
"507.7150"	"0.0008"	"507.71581"	"0.00015"	"59"	""		"44432.651"	"64128.709"	"5d8.6s.(4F).6p"	"b 5G*"	"4"	""	""	"5 or 4"		""	"L6581"	
"507.9183"	"0.0003"	"507.91871"	"0.00013"	"61"	""		"40194.2203"	"59882.410"	"5d8.6s.(4F).6p"	"5F*"	"4"	"5d9.6d"	"3F"	"4"		""	"L6581"	
"508.3755"	"0.0003"	"508.37543"	"0.00010"	"61"	""		"40970.1568"	"60640.659"	"5d8.6s.(4F).6p"	"5G*"	"3"	"5d9.7s"	"3D"	"2"		""	"L6581"	
"516.6384"	"0.0003"	"516.63836"	"0.00011"	"68"	""		"40516.229"	"59872.128"	"5d8.6s.(4F).6p"	"5D*"	"2"	"5d9.6d"	"1F"	"3"		""	"L6581"	
"519.5338"	"0.0003"	"519.53385"	"0.00011"	"70"	""		"40516.229"	"59764.253"	"5d8.6s.(4F).6p"	"5D*"	"2"	"5d9.6d"	"3D"	"3"		""	"L6581"	
"522.9101"	"0.0003"	"522.91013"	"0.00007"	"2100"	"4.0e+05"	C+	"13496.2595"	"32620.0047"	"5d9.6s"	"b 1D"	"2"	"5d9.6p"	"a 3P*"	"2"		"T3313n"	"L6581"	
"526.2309"	"0.0003"	"526.23115"	"0.00011"	"180"	""		"21967.101"	"40970.1568"	"5d8.6s2"	"1G"	"4"	"5d8.6s.(4F).6p"	"5G*"	"3"		""	"L6581"	
"528.7568"	"0.0008"	"528.75773"	"0.00014"	"320bl"	""		"40970.1568"	"59882.410"	"5d8.6s.(4F).6p"	"5G*"	"3"	"5d9.6d"	"3F"	"4"		""	"L6581"	
"530.2488"	"0.0003"	"530.24892"	"0.00020"	"3900"	"1.2e+08"	D	"36781.545"	"55640.612"	"5d8.6s.(4F).6p"	"5G*"	"6"	"5d8.(3F<4>).6s.7s.(3S<1>)"	"(4,1)"	"5"		"T686"	"L6581"	
"533.008"	"0.005"	"533.00920"	"0.00014"	"140"	""		"40970.1568"	"59731.559"	"5d8.6s.(4F).6p"	"5G*"	"3"	"5d9.6d"	"3P"	"2"		""	"L16313,L7596"	
"537.0476"	"0.0003"	"537.04796"	"0.00007"	"960"	"4.6e+05"	C	"15501.8344"	"34122.1452"	"5d8.6s2"	"3F"	"2"	"5d9.6p"	"3F*"	"3"		"T4200n,T3313"	"L6581"	
"538.9364"	"0.0003"	"538.93664"	"0.00015"	"370"	""		"41802.733"	"60357.790"	"5d8.6s.(2D).6p"	"a 3D*"	"1"	"5d9.7s"	"3D"	"1"		""	"L6581"	
"539.2277"	"0.0003"	"539.22743"	"0.00012"	"1100"	"6.e+07"	E	"34122.1452"	"52667.196"	"5d9.6p"	"3F*"	"3"	"5d9.7s"	"1D"	"2"		"T686"	"L6581"	
"547.7287"	"0.0003"	"547.72846"	"0.00012"	"1900"	""		"34122.1452"	"52379.367"	"5d9.6p"	"3F*"	"3"	"5d9.7s"	"3D"	"3"		""	"L6581"	
"548.0002"	"0.0003"	"548.00015"	"0.00015"	"1500"	"6.e+07"	D	"38536.1439"	"56784.314"	"5d8.6s.(4F).6p"	"b 5F*"	"5"	"5d8.(3F<4>).6s.7s.(3S<1>)"	"(4,1)"	"4"		"T686"	"L6581"	
"551.5616"	"0.0003"	"551.56188"	"0.00012"	"220bl"	""		"42660.048"	"60790.380"	"5d8.6s.(4F).6p"	"b 5D*"	"3"	"5d8.(3F<4>).6s.7s.(3S<1>)"	"(4,1)"	"3"		""	"L6581"	
"576.5162"	"0.0003"	"576.51644"	"0.00013"	"510"	"3.1e+07"	D	"35321.6370"	"52667.196"	"5d8.6s.(4F).6p"	"a 5D*"	"3"	"5d9.7s"	"1D"	"2"		"T686"	"L6581"	
"584.1736"	"0.0010"	"584.17458"	"0.00008"	"1800"	"8.0e+05"	C	"15501.8344"	"32620.0047"	"5d8.6s2"	"3F"	"2"	"5d9.6p"	"a 3P*"	"2"		"T4200n,T3313"	"L6581"	
"584.6427"	"0.0003"	"584.64256"	"0.00021"	"1000"	"2.7e+07"	D	"38536.1439"	"55640.612"	"5d8.6s.(4F).6p"	"b 5F*"	"5"	"5d8.(3F<4>).6s.7s.(3S<1>)"	"(4,1)"	"5"		"T686"	"L6581"	
"586.2456"	"0.0010"	"586.24448"	"0.00014"	"350"	""		"35321.6370"	"52379.367"	"5d8.6s.(4F).6p"	"a 5D*"	"3"	"5d9.7s"	"3D"	"3"		""	"L6581"	
"602.5900"	"0.0004"	"602.59074"	"0.00018"	"410"	""		"43187.829"	"59782.840"	"5d8.6s.(4F).6p"	"5D*"	"1"	"5d9.6d"	"1P"	"1"		""	"L6581"	
"602.7689"	"0.0004"	"602.76935"	"0.00018"	"860"	"2.8e+07"	E	"40194.2203"	"56784.314"	"5d8.6s.(4F).6p"	"5F*"	"4"	"5d8.(3F<4>).6s.7s.(3S<1>)"	"(4,1)"	"4"		"T686"	"L6581"	
"628.5221"	"0.0004"	"628.52157"	"0.00016"	"570"	""		"44730.3062"	"60640.659"	"5d8.6s.(2F).6p"	"a 3D*"	"3"	"5d9.7s"	"3D"	"2"		""	"L6581"	
"632.0108"	"0.0004"	"632.01134"	"0.00016"	"930"	"4.02e+07"	D	"36844.695"	"52667.196"	"5d9.6p"	"3P*"	"1"	"5d9.7s"	"1D"	"2"		"T686"	"L6581"	
"632.8331"	"0.0004"	"632.83264"	"0.00012"	"1100"	""		"21967.101"	"37769.0673"	"5d8.6s2"	"1G"	"4"	"5d9.6p"	"3D*"	"3"		""	"L6581"	
"633.463"	"0.005"	"633.47169"	"0.00024"	"210"	""		"43945.534"	"59731.559"	"5d8.6s.(4P).6p"	"a 5P*"	"3"	"5d9.6d"	"3P"	"2"		""	"L16313,L7596"	
"652.5235"	"0.0004"	"652.52399"	"0.00017"	"3000"	"5.e+07"	E	"37342.089"	"52667.196"	"5d9.6p"	"b 3P*"	"2"	"5d9.7s"	"1D"	"2"		"T686"	"L6581"	
"665.0141"	"0.0004"	"665.01397"	"0.00022"	"550"	""		"37342.089"	"52379.367"	"5d9.6p"	"b 3P*"	"2"	"5d9.7s"	"3D"	"3"		""	"L6581"	
"665.7377"	"0.0015"	"665.74081"	"0.00022"	"160"	""		"44730.3062"	"59751.167"	"5d8.6s.(2F).6p"	"a 3D*"	"3"	"5d9.6d"	"a 3G"	"4"		""	"L17515c164"	
"671.2254"	"0.0005"	"671.22524"	"0.00018"	"2200"	"6.0e+07"	D	"37769.0673"	"52667.196"	"5d9.6p"	"3D*"	"3"	"5d9.7s"	"1D"	"2"		"T686"	"L6581"	
"676.1869"	"0.0005"	"676.18728"	"0.00018"	"6500"	"8.e+07"	E	"37590.5647"	"52379.367"	"5d9.6p"	"3F*"	"4"	"5d9.7s"	"3D"	"3"		"T686"	"L6581"	
"682.2079"	"0.0015"	"682.2074"	"0.0004"	"440"	""		"50010.1497"	"64668.449"	"5d8.6s.(2F).6p"	"a 3F*"	"4"	"5d8.(3F<4>).6s.6d.(3D<?>)"	"b (4,?)"	"4"		""	"L17515c164"	
"683.9952"	"0.0015"	"683.99433"	"0.00014"	"560"	""		"46170.3757"	"60790.380"	"5d9.6p"	"3F*"	"2"	"5d8.(3F<4>).6s.7s.(3S<1>)"	"(4,1)"	"3"		""	"L17515c164"	
"684.4484"	"0.0005"	"684.44866"	"0.00023"	"1500"	""		"37769.0673"	"52379.367"	"5d9.6p"	"3D*"	"3"	"5d9.7s"	"3D"	"3"		""	"L6581"	
"689.8618"	"0.0015"	"689.86083"	"0.00014"	"590"	""		"50010.1497"	"64505.827"	"5d8.6s.(2F).6p"	"a 3F*"	"4"	"5d8.(3F<3>).6s.7s.(3S<1>)"	"(3,1)"	"3"		""	"L17515c164"	
"691.0712"	"0.0015"	"691.07147"	"0.00019"	"430"	""		"46170.3757"	"60640.659"	"5d9.6p"	"3F*"	"2"	"5d9.7s"	"3D"	"2"		""	"L17515c164"	
"695.8753"	"0.0015"	"695.87350"	"0.00024"	"340"	""		"46419.952"	"60790.380"	"5d8.6s.(4P).6p"	"a 5D*"	"2"	"5d8.(3F<4>).6s.7s.(3S<1>)"	"(4,1)"	"3"		""	"L17515c164"	
"695.9416"	"0.0015"	"695.9426"	"0.0003"	"800"	""		"50010.1497"	"64379.150"	"5d8.6s.(2F).6p"	"a 3F*"	"4"	"5d8.(3F<4>).6s.6d"	"b (4,?)"	"5"		""	"L17515c164"	
"697.7608"	"0.0015"	"697.75973"	"0.00019"	"250"	""		"26638.576"	"40970.1568"	"5d8.6s2"	"1D"	"2"	"5d8.6s.(4F).6p"	"5G*"	"3"		""	"L17515c164"	
"699.174"	"0.003"	"699.1726"	"0.0005"	"680h"	""		"50010.1497"	"64312.770"	"5d8.6s.(2F).6p"	"a 3F*"	"4"	"5d8.(3F<4>).6s.6d.(3D<?>)"	"a (4,?)"	"4"		""	"L17515c164"	
"701.3950"	"0.0015"	"701.3959"	"0.0004"	"400"	""		"50010.1497"	"64267.433"	"5d8.6s.(2F).6p"	"a 3F*"	"4"	"5d8.(3F<4>).6s.6d.(3D<?>)"	"a (4,?)"	"5"		""	"L17515c164"	
"703.2002"	"0.0015"	"703.19992"	"0.00025"	"540"	""		"46419.952"	"60640.659"	"5d8.6s.(4P).6p"	"a 5D*"	"2"	"5d9.7s"	"3D"	"2"		""	"L17515c164"	
"705.8209"	"0.0015"	"705.82140"	"0.00020"	"400"	""		"46622.4900"	"60790.380"	"5d8.6s.(2F).6p"	"b 3D*"	"3"	"5d8.(3F<4>).6s.7s.(3S<1>)"	"(4,1)"	"3"		""	"L17515c164"	
"706.7501"	"0.0015"	"706.75046"	"0.00020"	"320"	""		"26638.576"	"40787.8417"	"5d8.6s2"	"1D"	"2"	"5d8.6s.(4P).6p"	"5P*"	"2"		""	"L17515c164"	
"708.0026"	"0.0015"	"708.0014"	"0.0003"	"580"	""		"42660.048"	"56784.314"	"5d8.6s.(4F).6p"	"b 5D*"	"3"	"5d8.(3F<4>).6s.7s.(3S<1>)"	"(4,1)"	"4"		""	"L17515c164"	
"709.6722"	"0.0015"	"709.6706"	"0.0003"	"2300"	""		"46792.9402"	"60883.985"	"5d8.6s.(4F).6p"	"3G*"	"5"	"5d8.(3F<4>).6s.7s.(1S<0>)"	"(4,0)"	"4"		""	"L17515c164"	
"711.5683"	"0.0005"	"711.56855"	"0.00015"	"2300"	"9.4e+05"	C	"18566.5450"	"32620.0047"	"5d8.6s2"	"3P"	"1"	"5d9.6p"	"a 3P*"	"2"		"T4200n,T3313"	"L6581"	
"712.4866"	"0.0015"	"712.4853"	"0.0007"	"480"	""		"51097.5087"	"65132.886"	"5d8.6s.(4P).6p"	"5D*"	"3"	"5d9.7d"	"3P"	"2"		""	"L17515c164"	
"712.6998"	"0.0015"	"712.6992"	"0.0005"	"500"	""		"50299.3510"	"64330.516"	"5d7.(4F).6s2.6p"	"a 3G*"	"5"	"5d8.(3F<4>).6s.6d"	"b (4,?)"	"6"		""	"L17515c164"	
"713.3587"	"0.0015"	"713.35993"	"0.00020"	"650"	""		"46622.4900"	"60640.659"	"5d8.6s.(2F).6p"	"b 3D*"	"3"	"5d9.7s"	"3D"	"2"		""	"L17515c164"	
"718.1910"	"0.0015"	"718.1900"	"0.0004"	"430"	""		"46433.898"	"60357.790"	"5d8.6s.(4P).6p"	"5D*"	"0"	"5d9.7s"	"3D"	"1"		""	"L17515c164"	
"721.9541"	"0.0005"	"721.95379"	"0.00021"	"1600bl"	""		"38815.8940"	"52667.196"	"5d8.6s.(2D).6p"	"a 3F*"	"2"	"5d9.7s"	"1D"	"2"		""	"L6581"	
"740.9463"	"0.0015"	"740.94604"	"0.00011"	"73"	"1.56e+01"		"0.0000"	"13496.2595"	"5d9.6s"	"3D"	"3"	"5d9.6s"	"b 1D"	"2"	M1	"T5415"	"L17515c164"	
"748.8072"	"0.0015"	"748.80924"	"0.00017"	"520"	""		"21967.101"	"35321.6370"	"5d8.6s2"	"1G"	"4"	"5d8.6s.(4F).6p"	"a 5D*"	"3"		""	"L17515c164"	
"760.9324"	"0.0015"	"760.93291"	"0.00023"	"510"	""		"46622.4900"	"59764.253"	"5d8.6s.(2F).6p"	"b 3D*"	"3"	"5d9.6d"	"3D"	"3"		""	"L17515c164"	
"761.6909"	"0.0015"	"761.6914"	"0.0003"	"490"	""		"46622.4900"	"59751.167"	"5d8.6s.(2F).6p"	"b 3D*"	"3"	"5d9.6d"	"a 3G"	"4"		""	"L17515c164"	
"762.025"	"0.003"	"762.0251"	"0.0005"	"990h"	""		"51545.5216"	"64668.449"	"5d8.6s.(4F).6p"	"b 3D*"	"3"	"5d8.(3F<4>).6s.6d.(3D<?>)"	"b (4,?)"	"4"		""	"L17515c164"	
"762.828"	"0.003"	"762.8307"	"0.0003"	"450h"	""		"46622.4900"	"59731.559"	"5d8.6s.(2F).6p"	"b 3D*"	"3"	"5d9.6d"	"3P"	"2"		""	"L17515c164"	
"763.973"	"0.003"	"763.9729"	"0.0003"	"530h"	""		"46792.9402"	"59882.410"	"5d8.6s.(4F).6p"	"3G*"	"5"	"5d9.6d"	"3F"	"4"		""	"L17515c164"	
"774.071"	"0.003"	"774.06905"	"0.00024"	"430h"	""		"46963.6658"	"59882.410"	"5d8.6s.(4P).6p"	"a 5D*"	"4"	"5d9.6d"	"3F"	"4"		""	"L17515c164"	
"775.1877"	"0.0015"	"775.18833"	"0.00024"	"890"	""		"47740.5680"	"60640.659"	"5d9.6p"	"1P*"	"1"	"5d9.7s"	"3D"	"2"		""	"L17515c164"	
"778.265"	"0.003"	"778.2664"	"0.0012"	"1000h"	""		"46963.6658"	"59812.737"	"5d8.6s.(4P).6p"	"a 5D*"	"4"	"5d9.6d"	"3G"	"5"		""	"L17515c164"	
"778.8896"	"0.0015"	"778.8902"	"0.0004"	"1100"	""		"43945.534"	"56784.314"	"5d8.6s.(4P).6p"	"a 5P*"	"3"	"5d8.(3F<4>).6s.7s.(3S<1>)"	"(4,1)"	"4"		""	"L17515c164"	
"779.233"	"0.003"	"779.2342"	"0.0024"	"460h"	""		"47740.5680"	"60573.68"	"5d9.6p"	"1P*"	"1"	"5d9.6d"	"1S"	"0"		""	"L17515c164"	
"783.255"	"0.003"	"783.2541"	"0.0007"	"540h"	""		"51545.5216"	"64312.770"	"5d8.6s.(4F).6p"	"b 3D*"	"3"	"5d8.(3F<4>).6s.6d.(3D<?>)"	"a (4,?)"	"4"		""	"L17515c164"	
"791.343"	"0.003"	"791.3431"	"0.0008"	"660h"	""		"51545.5216"	"64182.265"	"5d8.6s.(4F).6p"	"b 3D*"	"3"	""	""	"2"		""	"L17515c164"	
"797.9529"	"0.0015"	"797.9528"	"0.0003"	"980"	""		"48351.9153"	"60883.985"	"5d8.6s.(4F).6p"	"3F*"	"4"	"5d8.(3F<4>).6s.7s.(1S<0>)"	"(4,0)"	"4"		""	"L17515c164"	
"809.6068"	"0.0015"	"809.6076"	"0.0003"	"410"	""		"44432.651"	"56784.314"	"5d8.6s.(4F).6p"	"b 5G*"	"4"	"5d8.(3F<4>).6s.7s.(3S<1>)"	"(4,1)"	"4"		""	"L17515c164"	
"820.6708"	"0.0015"	"820.6713"	"0.0003"	"1000"	""		"40194.2203"	"52379.367"	"5d8.6s.(4F).6p"	"5F*"	"4"	"5d9.7s"	"3D"	"3"		""	"L17515c164"	
"822.7024"	"0.0015"	"822.70371"	"0.00020"	"1900"	""		"21967.101"	"34122.1452"	"5d8.6s2"	"1G"	"4"	"5d9.6p"	"3F*"	"3"		""	"L17515c164"	
"822.9794"	"0.0015"	"822.9798"	"0.0003"	"790"	""		"40516.229"	"52667.196"	"5d8.6s.(4F).6p"	"5D*"	"2"	"5d9.7s"	"1D"	"2"		""	"L17515c164"	
"826.1286"	"0.0015"	"826.1281"	"0.0003"	"520"	""		"48779.3250"	"60883.985"	"5d8.6s.(4F).6p"	"a 3D*"	"3"	"5d8.(3F<4>).6s.7s.(1S<0>)"	"(4,0)"	"4"		""	"L17515c164"	
"830.4096"	"0.0015"	"830.4081"	"0.0003"	"620"	""		"47740.5680"	"59782.840"	"5d9.6p"	"1P*"	"1"	"5d9.6d"	"1P"	"1"		""	"L17515c164"	
"843.0772"	"0.0015"	"843.07549"	"0.00021"	"420"	""		"48779.3250"	"60640.659"	"5d8.6s.(4F).6p"	"a 3D*"	"3"	"5d9.7s"	"3D"	"2"		""	"L17515c164"	
"845.867"	"0.003"	"845.8660"	"0.0005"	"400h"	""		"48535.587"	"60357.790"	"5d8.6s.(4F).6p"	"5G*"	"2"	"5d9.7s"	"3D"	"1"		""	"L17515c164"	
"862.228"	"0.003"	"862.2266"	"0.0004"	"430h"	""		"49286.1051"	"60883.985"	"5d8.6s.(4P).6p"	"b 5P*"	"3"	"5d8.(3F<4>).6s.7s.(1S<0>)"	"(4,0)"	"4"		""	"L17515c164"	
"872.538"	"0.003"	"872.5378"	"0.0015"	"450h"	""		"48351.9153"	"59812.737"	"5d8.6s.(4F).6p"	"3F*"	"4"	"5d9.6d"	"3G"	"5"		""	"L17515c164"	
"876.4868"	"0.0015"	"876.4849"	"0.0004"	"1200"	""		"40970.1568"	"52379.367"	"5d8.6s.(4F).6p"	"5G*"	"3"	"5d9.7s"	"3D"	"3"		""	"L17515c164"	
"880.7018"	"0.0015"	"880.7039"	"0.0003"	"380"	""		"49286.1051"	"60640.659"	"5d8.6s.(4P).6p"	"b 5P*"	"3"	"5d9.7s"	"3D"	"2"		""	"L17515c164"	
"898.4331"	"0.0015"	"898.43294"	"0.00024"	"220"	""		"26638.576"	"37769.0673"	"5d8.6s2"	"1D"	"2"	"5d9.6p"	"3D*"	"3"		""	"L17515c164"	
"900.653"	"0.003"	"900.6506"	"0.0003"	"470h"	""		"48779.3250"	"59882.410"	"5d8.6s.(4F).6p"	"a 3D*"	"3"	"5d9.6d"	"3F"	"4"		""	"L17515c164"	
"901.486"	"0.003"	"901.4854"	"0.0003"	"390h"	""		"48779.3250"	"59872.128"	"5d8.6s.(4F).6p"	"a 3D*"	"3"	"5d9.6d"	"1F"	"3"		""	"L17515c164"	
"910.3366"	"0.0015"	"910.3382"	"0.0003"	"370"	""		"48779.3250"	"59764.253"	"5d8.6s.(4F).6p"	"a 3D*"	"3"	"5d9.6d"	"3D"	"3"		""	"L17515c164"	
"913.054"	"0.003"	"913.0557"	"0.0004"	"370h"	""		"48779.3250"	"59731.559"	"5d8.6s.(4F).6p"	"a 3D*"	"3"	"5d9.6d"	"3P"	"2"		""	"L17515c164"	
"920.4334"	"0.0015"	"920.4321"	"0.0004"	"530"	""		"41802.733"	"52667.196"	"5d8.6s.(2D).6p"	"a 3D*"	"1"	"5d9.7s"	"1D"	"2"		""	"L17515c164"	
"929.385"	"0.003"	"929.3860"	"0.0003"	"400h"	""		"49880.8667"	"60640.659"	"5d9.6p"	"3D*"	"2"	"5d9.7s"	"3D"	"2"		""	"L17515c164"	
"934.2720"	"0.0015"	"934.2727"	"0.0003"	"180"	""		"26638.576"	"37342.089"	"5d8.6s2"	"1D"	"2"	"5d9.6p"	"b 3P*"	"2"		""	"L17515c164"	
"1000.869"	"0.003"	"1000.8634"	"0.0005"	"470h*"	""		"46792.9402"	"56784.314"	"5d8.6s.(4F).6p"	"3G*"	"5"	"5d8.(3F<4>).6s.7s.(3S<1>)"	"(4,1)"	"4"		""	"L17515c164"	
"1000.869"	"0.003"	"1000.8746"	"0.0004"	"470h*"	""		"49880.8667"	"59872.128"	"5d9.6p"	"3D*"	"2"	"5d9.6d"	"1F"	"3"		""	"L17515c164"	
"1054.9254"	"0.0015"	"1054.9228"	"0.0006"	"530"	""		"43187.829"	"52667.196"	"5d8.6s.(4F).6p"	"5D*"	"1"	"5d9.7s"	"1D"	"2"		""	"L17515c164"	
"1068.829"	"0.003"	"1068.83371"	"0.00021"	"44"	"1.33e+01"		"775.8761"	"10131.8684"	"5d9.6s"	"a 1D"	"2"	"5d9.6s"	"3D"	"1"	M1	"T5415"	"L17515c164"	
"1070.841"	"0.003"	"1070.8400"	"0.0006"	"430h"	""		"51545.5216"	"60883.985"	"5d8.6s.(4F).6p"	"b 3D*"	"3"	"5d8.(3F<4>).6s.7s.(1S<0>)"	"(4,0)"	"4"		""	"L17515c164"	
"1076.0740"	"0.0015"	"1076.07240"	"0.00017"	"59"	"2.40e+01"		"823.6608"	"10116.7158"	"5d8.6s2"	"3F"	"4"	"5d8.6s2"	"3F"	"3"	M1	"T5415"	"L17515c164"	
"1522.6585"	"0.0023"	"1522.6606"	"0.0003"	"12"	"2.60e+00"		"0.0000"	"6567.4517"	"5d9.6s"	"3D"	"3"	"5d9.6s"	"3D"	"2"	M1	"T5415"	"L10058"	
