obs_wl_vac(nm)	unc_obs_wl	ritz_wl_vac(nm)	unc_ritz_wl	intens	Aki(s^-1)	Acc	Ei(cm-1)	Ek(cm-1)	conf_i	term_i	J_i	conf_k	term_k	J_k	Type	tp_ref	line_ref	
"155.332"	"0.002"	"155.3321"	"0.0020"	"g,a"	""		"0.0000"	"64378.2"	"3d.4s2"	"2D"	"3/2"	"4s2.20f"	"2F*"	"5/2"		""	"L2110"	
"155.405"	"0.002"	"155.4052"	"0.0016"	"g,a"	""		"0.0000"	"64347.9"	"3d.4s2"	"2D"	"3/2"	"4s2.19f"	"2F*"	"5/2"		""	"L2110"	
"155.491"	"0.002"	"155.4910"	"0.0016"	"g,a"	""		"0.0000"	"64312.4"	"3d.4s2"	"2D"	"3/2"	"4s2.18f"	"2F*"	"5/2"		""	"L2110"	
"155.576"	"0.002"	"155.576"	"0.003"	"g,a*"	""		"168.3371"	"64445.6"	"3d.4s2"	"2D"	"5/2"	"4s2.23f"	"2F*"	"7/2"		""	"L2110"	
"155.576"	"0.002"	"155.576"	"0.003"	"g,a*"	""		"168.3371"	"64445.6"	"3d.4s2"	"2D"	"5/2"	"4s2.23f"	"2F*"	"5/2"		""	"L2110"	
"155.590"	"0.002"	"155.5904"	"0.0016"	"g,a"	""		"0.0000"	"64271.3"	"3d.4s2"	"2D"	"3/2"	"4s2.17f"	"2F*"	"5/2"		""	"L2110"	
"155.622"	"0.002"	"155.622"	"0.003"	"g,a*"	""		"168.3371"	"64426.6"	"3d.4s2"	"2D"	"5/2"	"4s2.22f"	"2F*"	"7/2"		""	"L2110"	
"155.622"	"0.002"	"155.622"	"0.003"	"g,a*"	""		"168.3371"	"64426.6"	"3d.4s2"	"2D"	"5/2"	"4s2.22f"	"2F*"	"5/2"		""	"L2110"	
"155.675"	"0.002"	"155.675"	"0.003"	"g,a*"	""		"168.3371"	"64404.7"	"3d.4s2"	"2D"	"5/2"	"4s2.21f"	"2F*"	"7/2"		""	"L2110"	
"155.675"	"0.002"	"155.675"	"0.003"	"g,a*"	""		"168.3371"	"64404.7"	"3d.4s2"	"2D"	"5/2"	"4s2.21f"	"2F*"	"5/2"		""	"L2110"	
"155.813"	"0.002"	"155.8128"	"0.0016"	"g,a*"	""		"168.3371"	"64347.9"	"3d.4s2"	"2D"	"5/2"	"4s2.19f"	"2F*"	"5/2"		""	"L2110"	
"155.813"	"0.002"	"155.813"	"0.003"	"g,a*"	""		"168.3371"	"64347.8"	"3d.4s2"	"2D"	"5/2"	"4s2.19f"	"2F*"	"7/2"		""	"L2110"	
"155.862"	"0.002"	"155.8608"	"0.0017"	"g,a"	""		"0.0000"	"64159.8"	"3d.4s2"	"2D"	"3/2"	"4s2.15f"	"2F*"	"5/2"		""	"L2110"	
"155.899"	"0.002"	"155.899"	"0.003"	"g,a*"	""		"168.3371"	"64312.4"	"3d.4s2"	"2D"	"5/2"	"4s2.18f"	"2F*"	"7/2"		""	"L2110"	
"155.899"	"0.002"	"155.8991"	"0.0016"	"g,a*"	""		"168.3371"	"64312.4"	"3d.4s2"	"2D"	"5/2"	"4s2.18f"	"2F*"	"5/2"		""	"L2110"	
"156.000"	"0.002"	"155.9990"	"0.0016"	"g,a*"	""		"168.3371"	"64271.3"	"3d.4s2"	"2D"	"5/2"	"4s2.17f"	"2F*"	"5/2"		""	"L2110"	
"156.000"	"0.002"	"156.000"	"0.003"	"g,a*"	""		"168.3371"	"64270.9"	"3d.4s2"	"2D"	"5/2"	"4s2.17f"	"2F*"	"7/2"		""	"L2110"	
"156.039"	"0.002"	"156.0396"	"0.0016"	"g,a"	""		"0.0000"	"64086.3"	"3d.4s2"	"2D"	"3/2"	"4s2.14f"	"2F*"	"5/2"		""	"L2110"	
"156.267"	"0.002"	"156.2644"	"0.0022"	"g,a*"	""		"0.0000"	"63994.1"	"3d.4s2"	"2D"	"3/2"	"4s2.13f"	"2F*"	"5/2"		""	"L2110"	
"156.267"	"0.002"	"156.267"	"0.003"	"g,a*"	""		"168.3371"	"64161.4"	"3d.4s2"	"2D"	"5/2"	"4s2.15f"	"2F*"	"7/2"		""	"L2110"	
"156.267"	"0.002"	"156.2708"	"0.0017"	"g,a*"	""		"168.3371"	"64159.8"	"3d.4s2"	"2D"	"5/2"	"4s2.15f"	"2F*"	"5/2"		""	"L2110"	
"156.452"	"0.002"	"156.4505"	"0.0016"	"g,a*"	""		"168.3371"	"64086.3"	"3d.4s2"	"2D"	"5/2"	"4s2.14f"	"2F*"	"5/2"		""	"L2110"	
"156.452"	"0.002"	"156.452"	"0.003"	"g,a*"	""		"168.3371"	"64085.7"	"3d.4s2"	"2D"	"5/2"	"4s2.14f"	"2F*"	"7/2"		""	"L2110"	
"156.547"	"0.002"	"156.5472"	"0.0016"	"g,a"	""		"0.0000"	"63878.5"	"3d.4s2"	"2D"	"3/2"	"4s2.12f"	"2F*"	"5/2"		""	"L2110"	
"156.675"	"0.002"	"156.675"	"0.003"	"g,a*"	""		"168.3371"	"63994.7"	"3d.4s2"	"2D"	"5/2"	"4s2.13f"	"2F*"	"7/2"		""	"L2110"	
"156.675"	"0.002"	"156.6765"	"0.0022"	"g,a*"	""		"168.3371"	"63994.1"	"3d.4s2"	"2D"	"5/2"	"4s2.13f"	"2F*"	"5/2"		""	"L2110"	
"156.913"	"0.002"	"156.9127"	"0.0016"	"g,a"	""		"0.0000"	"63729.7"	"3d.4s2"	"2D"	"3/2"	"4s2.11f"	"2F*"	"5/2"		""	"L2110"	
"156.961"	"0.002"	"156.9608"	"0.0016"	"g,a*"	""		"168.3371"	"63878.5"	"3d.4s2"	"2D"	"5/2"	"4s2.12f"	"2F*"	"5/2"		""	"L2110"	
"156.961"	"0.002"	"156.961"	"0.003"	"g,a*"	""		"168.3371"	"63878.4"	"3d.4s2"	"2D"	"5/2"	"4s2.12f"	"2F*"	"7/2"		""	"L2110"	
"157.328"	"0.002"	"157.328"	"0.003"	"g,a*"	""		"168.3371"	"63729.8"	"3d.4s2"	"2D"	"5/2"	"4s2.11f"	"2F*"	"7/2"		""	"L2110"	
"157.328"	"0.002"	"157.3283"	"0.0016"	"g,a*"	""		"168.3371"	"63729.7"	"3d.4s2"	"2D"	"5/2"	"4s2.11f"	"2F*"	"5/2"		""	"L2110"	
"157.398"	"0.002"	"157.3980"	"0.0016"	"g,a"	""		"0.0000"	"63533.2"	"3d.4s2"	"2D"	"3/2"	"4s2.10f"	"2F*"	"5/2"		""	"L2110"	
"157.816"	"0.002"	"157.816"	"0.003"	"g,a*"	""		"168.3371"	"63533.3"	"3d.4s2"	"2D"	"5/2"	"4s2.10f"	"2F*"	"7/2"		""	"L2110"	
"157.816"	"0.002"	"157.8162"	"0.0016"	"g,a*"	""		"168.3371"	"63533.2"	"3d.4s2"	"2D"	"5/2"	"4s2.10f"	"2F*"	"5/2"		""	"L2110"	
"158.061"	"0.002"	"158.0605"	"0.0016"	"g,a"	""		"0.0000"	"63266.9"	"3d.4s2"	"2D"	"3/2"	"4s2.9f"	"2F*"	"5/2"		""	"L2110"	
"158.481"	"0.002"	"158.481"	"0.003"	"g,a*"	""		"168.3371"	"63267.4"	"3d.4s2"	"2D"	"5/2"	"4s2.9f"	"2F*"	"7/2"		""	"L2110"	
"158.481"	"0.002"	"158.4822"	"0.0016"	"g,a*"	""		"168.3371"	"63266.9"	"3d.4s2"	"2D"	"5/2"	"4s2.9f"	"2F*"	"5/2"		""	"L2110"	
"159.016"	"0.002"	"159.0166"	"0.0016"	"g,a"	""		"0.0000"	"62886.5"	"3d.4s2"	"2D"	"3/2"	"4s2.8f"	"2F*"	"5/2"		""	"L2110"	
"159.445"	"0.002"	"159.4434"	"0.0016"	"g,a*"	""		"168.3371"	"62886.5"	"3d.4s2"	"2D"	"5/2"	"4s2.8f"	"2F*"	"5/2"		""	"L2110"	
"159.445"	"0.002"	"159.445"	"0.003"	"g,a*"	""		"168.3371"	"62885.9"	"3d.4s2"	"2D"	"5/2"	"4s2.8f"	"2F*"	"7/2"		""	"L2110"	
"160.402"	"0.002"	"160.4011"	"0.0016"	"g,a"	""		"0.0000"	"62343.7"	"3d.4s2"	"2D"	"3/2"	"4s2.7f"	"2F*"	"5/2"		""	"L2110"	
"160.834"	"0.002"	"160.834"	"0.003"	"g,a*"	""		"168.3371"	"62344.2"	"3d.4s2"	"2D"	"5/2"	"4s2.7f"	"2F*"	"7/2"		""	"L2110"	
"160.834"	"0.002"	"160.8354"	"0.0016"	"g,a*"	""		"168.3371"	"62343.7"	"3d.4s2"	"2D"	"5/2"	"4s2.7f"	"2F*"	"5/2"		""	"L2110"	
"162.608"	"0.002"	"162.6072"	"0.0016"	"g,a"	""		"0.0000"	"61497.9"	"3d.4s2"	"2D"	"3/2"	"4s2.6f"	"2F*"	"5/2"		""	"L2110"	
"163.052"	"0.002"	"163.052"	"0.003"	"g,a*"	""		"168.3371"	"61498.5"	"3d.4s2"	"2D"	"5/2"	"4s2.6f"	"2F*"	"7/2"		""	"L2110"	
"163.052"	"0.002"	"163.0535"	"0.0016"	"g,a*"	""		"168.3371"	"61497.9"	"3d.4s2"	"2D"	"5/2"	"4s2.6f"	"2F*"	"5/2"		""	"L2110"	
"166.416"	"0.002"	"166.4159"	"0.0016"	"g,a"	""		"0.0000"	"60090.4"	"3d.4s2"	"2D"	"3/2"	"4s2.5f"	"2F*"	"5/2"		""	"L2110"	
"166.883"	"0.002"	"166.883"	"0.003"	"g,a*"	""		"168.3371"	"60090.6"	"3d.4s2"	"2D"	"5/2"	"4s2.5f"	"2F*"	"7/2"		""	"L2110"	
"166.883"	"0.002"	"166.8834"	"0.0016"	"g,a*"	""		"168.3371"	"60090.4"	"3d.4s2"	"2D"	"5/2"	"4s2.5f"	"2F*"	"5/2"		""	"L2110"	
"173.6083"	"0.0004"	"173.6086"	"0.0003"	"g,a"	""		"0.0000"	"57600.83"	"3d.4s2"	"2D"	"3/2"	""	""	"3/2 or 5/2"		""	"L2110"	
"173.6661"	"0.0004"	"173.6659"	"0.0003"	"g,a"	""		"0.0000"	"57581.83"	"3d.4s2"	"2D"	"3/2"	""	""	"3/2 or 5/2"		""	"L2110"	
"173.6811"	"0.0004"	"173.6805"	"0.0003"	"g,a"	""		"0.0000"	"57576.98"	"3d.4s2"	"2D"	"3/2"	""	""	"3/2 or 5/2"		""	"L2110"	
"173.901"	"0.002"	"173.9012"	"0.0014"	"g,a"	""		"0.0000"	"57503.9"	"3d.4s2"	"2D"	"3/2"	"4s2.4f"	"2F*"	"5/2"		""	"L2110"	
"173.9786"	"0.0004"	"173.9780"	"0.0003"	"g,a"	""		"0.0000"	"57478.54"	"3d.4s2"	"2D"	"3/2"	""	""	"3/2 or 5/2"		""	"L2110"	
"173.9992"	"0.0004"	""	""	"a"	""		""	""	""	""	""	""	""	""		""	"L2110"	
"174.0515"	"0.0004"	"174.0516"	"0.0003"	"g,a"	""		"0.0000"	"57454.24"	"3d.4s2"	"2D"	"3/2"	""	""	"3/2 or 5/2"		""	"L2110"	
"174.1178"	"0.0004"	"174.1175"	"0.0003"	"g,a"	""		"168.3371"	"57600.83"	"3d.4s2"	"2D"	"5/2"	""	""	"3/2 or 5/2"		""	"L2110"	
"174.1391"	"0.0004"	"174.1391"	"0.0003"	"g,a"	""		"0.0000"	"57425.35"	"3d.4s2"	"2D"	"3/2"	""	""	"3/2 or 5/2"		""	"L2110"	
"174.1749"	"0.0004"	"174.1751"	"0.0003"	"g,a"	""		"168.3371"	"57581.83"	"3d.4s2"	"2D"	"5/2"	""	""	"3/2 or 5/2"		""	"L2110"	
"174.1892"	"0.0004"	"174.1898"	"0.0003"	"g,a"	""		"168.3371"	"57576.98"	"3d.4s2"	"2D"	"5/2"	""	""	"3/2 or 5/2"		""	"L2110"	
"174.2408"	"0.0004"	"174.2412"	"0.0003"	"g,a"	""		"0.0000"	"57391.72"	"3d.4s2"	"2D"	"3/2"	""	""	"3/2 or 5/2"		""	"L2110"	
"174.412"	"0.002"	"174.4118"	"0.0014"	"g,a"	""		"168.3371"	"57503.9"	"3d.4s2"	"2D"	"5/2"	"4s2.4f"	"2F*"	"5/2"		""	"L2110"	
"174.463"	"0.002"	""	""	"a"	""		""	""	""	""	""	""	""	""		""	"L2110"	
"174.467"	"0.002"	"174.4669"	"0.0020"	"g,a"	""		"168.3371"	"57485.8"	"3d.4s2"	"2D"	"5/2"	"4s2.4f"	"2F*"	"7/2"		""	"L2110"	
"174.4884"	"0.0004"	"174.4890"	"0.0003"	"g,a"	""		"168.3371"	"57478.54"	"3d.4s2"	"2D"	"5/2"	""	""	"3/2 or 5/2"		""	"L2110"	
"174.5631"	"0.0004"	"174.5630"	"0.0003"	"g,a"	""		"168.3371"	"57454.24"	"3d.4s2"	"2D"	"5/2"	""	""	"3/2 or 5/2"		""	"L2110"	
"174.628"	"0.002"	""	""	"a"	""		""	""	""	""	""	""	""	""		""	"L2110"	
"174.6511"	"0.0004"	"174.6511"	"0.0003"	"g,a"	""		"168.3371"	"57425.35"	"3d.4s2"	"2D"	"5/2"	""	""	"3/2 or 5/2"		""	"L2110"	
"174.7541"	"0.0004"	"174.7537"	"0.0003"	"g,a"	""		"168.3371"	"57391.72"	"3d.4s2"	"2D"	"5/2"	""	""	"3/2 or 5/2"		""	"L2110"	
"174.780"	"0.002"	""	""	"a"	""		""	""	""	""	""	""	""	""		""	"L2110"	
"174.842"	"0.002"	""	""	"a"	""		""	""	""	""	""	""	""	""		""	"L2110"	
"174.8774"	"0.0004"	""	""	"a"	""		""	""	""	""	""	""	""	""		""	"L2110"	
"174.9160"	"0.0004"	"174.9158"	"0.0003"	"g,a"	""		"0.0000"	"57170.37"	"3d.4s2"	"2D"	"3/2"	""	""	"3/2 or 5/2"		""	"L2110"	
"174.9290"	"0.0004"	"174.9288"	"0.0003"	"g,a"	""		"0.0000"	"57166.12"	"3d.4s2"	"2D"	"3/2"	""	""	"3/2 or 5/2"		""	"L2110"	
"174.9470"	"0.0004"	"174.9473"	"0.0003"	"g,a"	""		"0.0000"	"57160.06"	"3d.4s2"	"2D"	"3/2"	""	""	"3/2 or 5/2"		""	"L2110"	
"175.1705"	"0.0004"	"175.1706"	"0.0003"	"g,a"	""		"0.0000"	"57087.22"	"3d.4s2"	"2D"	"3/2"	""	""	"3/2 or 5/2"		""	"L2110"	
"175.2500"	"0.0004"	""	""	"a"	""		""	""	""	""	""	""	""	""		""	"L2110"	
"175.3443"	"0.0004"	"175.3450"	"0.0003"	"g,a"	""		"0.0000"	"57030.41"	"3d.4s2"	"2D"	"3/2"	""	""	"3/2 or 5/2"		""	"L2110"	
"175.4321"	"0.0004"	"175.4323"	"0.0003"	"g,a"	""		"168.3371"	"57170.37"	"3d.4s2"	"2D"	"5/2"	""	""	"3/2 or 5/2"		""	"L2110"	
"175.4411"	"0.0009"	"175.4412"	"0.0012"	"g,a*"	""		"168.3371"	"57167.5"	"3d.4s2"	"2D"	"5/2"	"3d2.(3F).15p"	"2F*?"	"5/2"		""	"L2110"	
"175.4411"	"0.0009"	"175.4412"	"0.0012"	"g,a*"	""		"168.3371"	"57167.5"	"3d.4s2"	"2D"	"5/2"	"3d2.(3F).15p"	"2F*?"	"7/2"		""	"L2110"	
"175.4452"	"0.0004"	"175.4454"	"0.0003"	"g,a"	""		"168.3371"	"57166.12"	"3d.4s2"	"2D"	"5/2"	""	""	"3/2 or 5/2"		""	"L2110"	
"175.4547"	"0.0004"	""	""	"a"	""		""	""	""	""	""	""	""	""		""	"L2110"	
"175.4644"	"0.0004"	"175.4641"	"0.0003"	"g,a"	""		"168.3371"	"57160.06"	"3d.4s2"	"2D"	"5/2"	""	""	"3/2 or 5/2"		""	"L2110"	
"175.4898"	"0.0004"	""	""	"a"	""		""	""	""	""	""	""	""	""		""	"L2110"	
"175.5060"	"0.0004"	""	""	"a"	""		""	""	""	""	""	""	""	""		""	"L2110"	
"175.666"	"0.002"	""	""	"a"	""		""	""	""	""	""	""	""	""		""	"L2110"	
"175.6887"	"0.0004"	"175.6886"	"0.0003"	"g,a"	""		"168.3371"	"57087.22"	"3d.4s2"	"2D"	"5/2"	""	""	"3/2 or 5/2"		""	"L2110"	
"175.7468"	"0.0004"	"175.7458"	"0.0003"	"g,a"	""		"0.0000"	"56900.35"	"3d.4s2"	"2D"	"3/2"	""	""	"3/2 or 5/2"		""	"L2110"	
"175.7710"	"0.0004"	""	""	"a"	""		""	""	""	""	""	""	""	""		""	"L2110"	
"175.7812"	"0.0009"	"175.7813"	"0.0012"	"g,a*"	""		"168.3371"	"57057.2"	"3d.4s2"	"2D"	"5/2"	"3d2.(3F).14p"	"2F*?"	"5/2"		""	"L2110"	
"175.7812"	"0.0009"	"175.7813"	"0.0012"	"g,a*"	""		"168.3371"	"57057.2"	"3d.4s2"	"2D"	"5/2"	"3d2.(3F).14p"	"2F*?"	"7/2"		""	"L2110"	
"175.8649"	"0.0004"	"175.8641"	"0.0003"	"g,a"	""		"168.3371"	"57030.41"	"3d.4s2"	"2D"	"5/2"	""	""	"3/2 or 5/2"		""	"L2110"	
"175.8830"	"0.0004"	""	""	"a"	""		""	""	""	""	""	""	""	""		""	"L2110"	
"175.8932"	"0.0004"	""	""	"a"	""		""	""	""	""	""	""	""	""		""	"L2110"	
"175.9250"	"0.0004"	"175.9247"	"0.0003"	"g,a"	""		"0.0000"	"56842.51"	"3d.4s2"	"2D"	"3/2"	""	""	"3/2 or 5/2"		""	"L2110"	
"175.933"	"0.002"	""	""	"a"	""		""	""	""	""	""	""	""	""		""	"L2110"	
"176.1952"	"0.0004"	""	""	"a"	""		""	""	""	""	""	""	""	""		""	"L2110"	
"176.2176"	"0.0009"	"176.2175"	"0.0012"	"g,a*"	""		"168.3371"	"56916.4"	"3d.4s2"	"2D"	"5/2"	"3d2.(3F).13p"	"2F*?"	"5/2"		""	"L2110"	
"176.2176"	"0.0009"	"176.2175"	"0.0012"	"g,a*"	""		"168.3371"	"56916.4"	"3d.4s2"	"2D"	"5/2"	"3d2.(3F).13p"	"2F*?"	"7/2"		""	"L2110"	
"176.247"	"0.002"	""	""	"a"	""		""	""	""	""	""	""	""	""		""	"L2110"	
"176.2664"	"0.0004"	"176.2673"	"0.0003"	"g,a"	""		"168.3371"	"56900.35"	"3d.4s2"	"2D"	"5/2"	""	""	"3/2 or 5/2"		""	"L2110"	
"176.4469"	"0.0004"	"176.4472"	"0.0003"	"g,a"	""		"168.3371"	"56842.51"	"3d.4s2"	"2D"	"5/2"	""	""	"3/2 or 5/2"		""	"L2110"	
"176.463"	"0.002"	""	""	"a"	""		""	""	""	""	""	""	""	""		""	"L2110"	
"176.493"	"0.002"	""	""	"a"	""		""	""	""	""	""	""	""	""		""	"L2110"	
"176.506"	"0.002"	""	""	"a"	""		""	""	""	""	""	""	""	""		""	"L2110"	
"176.6152"	"0.0004"	"176.6149"	"0.0003"	"g,a"	""		"0.0000"	"56620.36"	"3d.4s2"	"2D"	"3/2"	""	""	"3/2 or 5/2"		""	"L2110"	
"176.7882"	"0.0009"	"176.7882"	"0.0012"	"g,a*"	""		"168.3371"	"56733.2"	"3d.4s2"	"2D"	"5/2"	"3d2.(3F).12p"	"2F*?"	"5/2"		""	"L2110"	
"176.7882"	"0.0009"	"176.7882"	"0.0012"	"g,a*"	""		"168.3371"	"56733.2"	"3d.4s2"	"2D"	"5/2"	"3d2.(3F).12p"	"2F*?"	"7/2"		""	"L2110"	
"176.8506"	"0.0004"	"176.8505"	"0.0003"	"g,a"	""		"0.0000"	"56544.93"	"3d.4s2"	"2D"	"3/2"	""	""	"3/2 or 5/2"		""	"L2110"	
"177.007"	"0.002"	""	""	"a"	""		""	""	""	""	""	""	""	""		""	"L2110"	
"177.1413"	"0.0004"	"177.1416"	"0.0003"	"g,a"	""		"168.3371"	"56620.36"	"3d.4s2"	"2D"	"5/2"	""	""	"3/2 or 5/2"		""	"L2110"	
"177.1782"	"0.0004"	"177.1784"	"0.0003"	"g,a"	""		"0.0000"	"56440.29"	"3d.4s2"	"2D"	"3/2"	""	""	"3/2 or 5/2"		""	"L2110"	
"177.20"	"0.02"	""	""	"a"	""		""	""	""	""	""	""	""	""		""	"L2110"	
"177.26"	"0.02"	""	""	"a"	""		""	""	""	""	""	""	""	""		""	"L2110"	
"177.3785"	"0.0004"	"177.3786"	"0.0003"	"g,a"	""		"168.3371"	"56544.93"	"3d.4s2"	"2D"	"5/2"	""	""	"3/2 or 5/2"		""	"L2110"	
"177.4315"	"0.0004"	"177.4310"	"0.0003"	"g,a"	""		"0.0000"	"56359.93"	"3d.4s2"	"2D"	"3/2"	""	""	"3/2 or 5/2"		""	"L2110"	
"177.5613"	"0.0009"	"177.5613"	"0.0012"	"g,a*"	""		"168.3371"	"56486.9"	"3d.4s2"	"2D"	"5/2"	"3d2.(3F).11p"	"2F*?"	"5/2"		""	"L2110"	
"177.5613"	"0.0009"	"177.5613"	"0.0012"	"g,a*"	""		"168.3371"	"56486.9"	"3d.4s2"	"2D"	"5/2"	"3d2.(3F).11p"	"2F*?"	"7/2"		""	"L2110"	
"177.7086"	"0.0004"	"177.7084"	"0.0003"	"g,a"	""		"168.3371"	"56440.29"	"3d.4s2"	"2D"	"5/2"	""	""	"3/2 or 5/2"		""	"L2110"	
"177.8039"	"0.0004"	"177.8041"	"0.0003"	"g,a"	""		"0.0000"	"56241.67"	"3d.4s2"	"2D"	"3/2"	""	""	"3/2 or 5/2"		""	"L2110"	
"177.9621"	"0.0004"	"177.9626"	"0.0003"	"g,a"	""		"168.3371"	"56359.93"	"3d.4s2"	"2D"	"5/2"	""	""	"3/2 or 5/2"		""	"L2110"	
"177.9991"	"0.0004"	"177.9993"	"0.0003"	"g,a"	""		"0.0000"	"56179.99"	"3d.4s2"	"2D"	"3/2"	""	""	"3/2 or 5/2"		""	"L2110"	
"178.06"	"0.02"	""	""	"a"	""		""	""	""	""	""	""	""	""		""	"L2110"	
"178.25"	"0.02"	""	""	"a"	""		""	""	""	""	""	""	""	""		""	"L2110"	
"178.3381"	"0.0004"	"178.3379"	"0.0003"	"g,a"	""		"168.3371"	"56241.67"	"3d.4s2"	"2D"	"5/2"	""	""	"3/2 or 5/2"		""	"L2110"	
"178.5"	"0.2"	""	""	"a"	""		""	""	""	""	""	""	""	""		""	"L2110"	
"178.5345"	"0.0004"	"178.5343"	"0.0003"	"g,a"	""		"168.3371"	"56179.99"	"3d.4s2"	"2D"	"5/2"	""	""	"3/2 or 5/2"		""	"L2110"	
"178.6392"	"0.0009"	"178.6392"	"0.0012"	"g,a*"	""		"168.3371"	"56147.1"	"3d.4s2"	"2D"	"5/2"	"3d2.(3F).10p"	"2F*?"	"5/2"		""	"L2110"	
"178.6392"	"0.0009"	"178.6392"	"0.0012"	"g,a*"	""		"168.3371"	"56147.1"	"3d.4s2"	"2D"	"5/2"	"3d2.(3F).10p"	"2F*?"	"7/2"		""	"L2110"	
"178.869"	"0.002"	""	""	"a"	""		""	""	""	""	""	""	""	""		""	"L2110"	
"179.13"	"0.02"	""	""	"a"	""		""	""	""	""	""	""	""	""		""	"L2110"	
"179.61"	"0.02"	""	""	"a"	""		""	""	""	""	""	""	""	""		""	"L2110"	
"179.80"	"0.02"	""	""	"a"	""		""	""	""	""	""	""	""	""		""	"L2110"	
"179.907"	"0.002"	""	""	"a"	""		""	""	""	""	""	""	""	""		""	"L2110"	
"180.2161"	"0.0009"	"180.2160"	"0.0012"	"g,a*"	""		"168.3371"	"55657.3"	"3d.4s2"	"2D"	"5/2"	"3d2.(3F).9p"	"2F*?"	"5/2"		""	"L2110"	
"180.2161"	"0.0009"	"180.2160"	"0.0012"	"g,a*"	""		"168.3371"	"55657.3"	"3d.4s2"	"2D"	"5/2"	"3d2.(3F).9p"	"2F*?"	"7/2"		""	"L2110"	
"180.2547"	"0.0004"	""	""	"a"	""		""	""	""	""	""	""	""	""		""	"L2110"	
"180.6065"	"0.0002"	"180.60651"	"0.00020"	"g,a"	""		"0.0000"	"55368.99"	"3d.4s2"	"2D"	"3/2"	"3d.4s.(1D).36p"	"2P*"	"3/2"		""	"L2110"	
"180.626"	"0.002"	"180.6267"	"0.0014"	"g,a"	""		"0.0000"	"55362.8"	"3d.4s2"	"2D"	"3/2"	"3d.4s.(1D).35p"	"2P*"	"3/2"		""	"L2110"	
"180.648"	"0.002"	"180.6466"	"0.0014"	"g,a"	""		"0.0000"	"55356.7"	"3d.4s2"	"2D"	"3/2"	"3d.4s.(1D).34p"	"2P*"	"3/2"		""	"L2110"	
"180.671"	"0.002"	"180.6714"	"0.0014"	"g,a"	""		"0.0000"	"55349.1"	"3d.4s2"	"2D"	"3/2"	"3d.4s.(1D).33p"	"2P*"	"3/2"		""	"L2110"	
"180.6965"	"0.0002"	"180.69652"	"0.00020"	"g,a"	""		"0.0000"	"55341.41"	"3d.4s2"	"2D"	"3/2"	"3d.4s.(1D).32p"	"2P*"	"3/2"		""	"L2110"	
"180.7245"	"0.0002"	"180.72450"	"0.00020"	"g,a"	""		"0.0000"	"55332.84"	"3d.4s2"	"2D"	"3/2"	"3d.4s.(1D).31p"	"2P*"	"3/2"		""	"L2110"	
"180.756"	"0.002"	"180.7557"	"0.0014"	"g,a"	""		"0.0000"	"55323.3"	"3d.4s2"	"2D"	"3/2"	"3d.4s.(1D).30p"	"2P*"	"3/2"		""	"L2110"	
"180.791"	"0.002"	"180.7906"	"0.0014"	"g,a"	""		"0.0000"	"55312.6"	"3d.4s2"	"2D"	"3/2"	"3d.4s.(1D).29p"	"2P*"	"3/2"		""	"L2110"	
"180.828"	"0.002"	"180.8279"	"0.0014"	"g,a"	""		"0.0000"	"55301.2"	"3d.4s2"	"2D"	"3/2"	"3d.4s.(1D).28p"	"2P*"	"3/2"		""	"L2110"	
"180.8705"	"0.0002"	"180.87052"	"0.00020"	"g,a"	""		"0.0000"	"55288.17"	"3d.4s2"	"2D"	"3/2"	"3d.4s.(1D).27p"	"2P*"	"3/2"		""	"L2110"	
"180.873"	"0.002"	"180.8730"	"0.0020"	"g,a"	""		"0.0000"	"55287.4"	"3d.4s2"	"2D"	"3/2"	"3d.4s.(1D).27p"	"2P*"	"1/2"		""	"L2110"	
"180.919"	"0.002"	"180.9195"	"0.0014"	"g,a"	""		"0.0000"	"55273.2"	"3d.4s2"	"2D"	"3/2"	"3d.4s.(1D).26p"	"2P*"	"3/2"		""	"L2110"	
"180.9215"	"0.0002"	"180.92150"	"0.00020"	"g,a"	""		"0.0000"	"55272.59"	"3d.4s2"	"2D"	"3/2"	"3d.4s.(1D).26p"	"2P*"	"1/2"		""	"L2110"	
"180.974"	"0.002"	"180.9748"	"0.0014"	"g,a"	""		"0.0000"	"55256.3"	"3d.4s2"	"2D"	"3/2"	"3d.4s.(1D).25p"	"2P*"	"3/2"		""	"L2110"	
"180.977"	"0.002"	"180.9771"	"0.0020"	"g,a"	""		"0.0000"	"55255.6"	"3d.4s2"	"2D"	"3/2"	"3d.4s.(1D).25p"	"2P*"	"1/2"		""	"L2110"	
"181.036"	"0.002"	"181.0368"	"0.0014"	"g,a"	""		"0.0000"	"55237.4"	"3d.4s2"	"2D"	"3/2"	"3d.4s.(1D).24p"	"2P*"	"3/2"		""	"L2110"	
"181.0405"	"0.0002"	"181.04050"	"0.00020"	"g,a"	""		"0.0000"	"55236.26"	"3d.4s2"	"2D"	"3/2"	"3d.4s.(1D).24p"	"2P*"	"1/2"		""	"L2110"	
"181.109"	"0.002"	"181.1092"	"0.0014"	"g,a"	""		"0.0000"	"55215.3"	"3d.4s2"	"2D"	"3/2"	"3d.4s.(1D).23p"	"2P*"	"3/2"		""	"L2110"	
"181.1125"	"0.0002"	"181.11250"	"0.00020"	"g,a"	""		"0.0000"	"55214.30"	"3d.4s2"	"2D"	"3/2"	"3d.4s.(1D).23p"	"2P*"	"1/2"		""	"L2110"	
"181.127"	"0.002"	"181.1271"	"0.0020"	"g,a"	""		"168.3371"	"55378.2"	"3d.4s2"	"2D"	"5/2"	"3d.4s.(1D).38p"	"2P*"	"3/2"		""	"L2110"	
"181.142"	"0.002"	"181.1418"	"0.0020"	"g,a"	""		"168.3371"	"55373.7"	"3d.4s2"	"2D"	"5/2"	"3d.4s.(1D).37p"	"2P*"	"3/2"		""	"L2110"	
"181.159"	"0.002"	"181.15728"	"0.00020"	"g,a"	""		"168.3371"	"55368.99"	"3d.4s2"	"2D"	"5/2"	"3d.4s.(1D).36p"	"2P*"	"3/2"		""	"L2110"	
"181.178"	"0.002"	"181.1776"	"0.0014"	"g,a"	""		"168.3371"	"55362.8"	"3d.4s2"	"2D"	"5/2"	"3d.4s.(1D).35p"	"2P*"	"3/2"		""	"L2110"	
"181.1915"	"0.0002"	"181.19159"	"0.00014"	"g,a"	""		"0.0000"	"55190.20"	"3d.4s2"	"2D"	"3/2"	"3d.4s.(1D).22p"	"2P*"	"3/2"		""	"L2110"	
"181.196"	"0.002"	"181.1976"	"0.0014"	"g,a"	""		"168.3371"	"55356.7"	"3d.4s2"	"2D"	"5/2"	"3d.4s.(1D).34p"	"2P*"	"3/2"		""	"L2110"	
"181.223"	"0.002"	"181.2226"	"0.0014"	"g,a"	""		"168.3371"	"55349.1"	"3d.4s2"	"2D"	"5/2"	"3d.4s.(1D).33p"	"2P*"	"3/2"		""	"L2110"	
"181.248"	"0.002"	"181.24783"	"0.00020"	"g,a"	""		"168.3371"	"55341.41"	"3d.4s2"	"2D"	"5/2"	"3d.4s.(1D).32p"	"2P*"	"3/2"		""	"L2110"	
"181.276"	"0.002"	"181.27599"	"0.00020"	"g,a"	""		"168.3371"	"55332.84"	"3d.4s2"	"2D"	"5/2"	"3d.4s.(1D).31p"	"2P*"	"3/2"		""	"L2110"	
"181.288"	"0.002"	"181.2882"	"0.0014"	"g,a"	""		"0.0000"	"55160.8"	"3d.4s2"	"2D"	"3/2"	"3d.4s.(1D).21p"	"2P*"	"3/2"		""	"L2110"	
"181.2935"	"0.0002"	"181.29349"	"0.00020"	"g,a"	""		"0.0000"	"55159.18"	"3d.4s2"	"2D"	"3/2"	"3d.4s.(1D).21p"	"2P*"	"1/2"		""	"L2110"	
"181.307"	"0.002"	"181.3073"	"0.0014"	"g,a"	""		"168.3371"	"55323.3"	"3d.4s2"	"2D"	"5/2"	"3d.4s.(1D).30p"	"2P*"	"3/2"		""	"L2110"	
"181.342"	"0.002"	"181.3425"	"0.0014"	"g,a"	""		"168.3371"	"55312.6"	"3d.4s2"	"2D"	"5/2"	"3d.4s.(1D).29p"	"2P*"	"3/2"		""	"L2110"	
"181.380"	"0.002"	"181.3800"	"0.0014"	"g,a"	""		"168.3371"	"55301.2"	"3d.4s2"	"2D"	"5/2"	"3d.4s.(1D).28p"	"2P*"	"3/2"		""	"L2110"	
"181.4005"	"0.0002"	"181.40050"	"0.00020"	"g,a"	""		"0.0000"	"55126.64"	"3d.4s2"	"2D"	"3/2"	"3d.4s.(1D).20p"	"2P*"	"3/2"		""	"L2110"	
"181.406"	"0.002"	"181.4059"	"0.0020"	"g,a"	""		"0.0000"	"55125.0"	"3d.4s2"	"2D"	"3/2"	"3d.4s.(1D).20p"	"2P*"	"1/2"		""	"L2110"	
"181.424"	"0.002"	"181.42290"	"0.00020"	"g,a"	""		"168.3371"	"55288.17"	"3d.4s2"	"2D"	"5/2"	"3d.4s.(1D).27p"	"2P*"	"3/2"		""	"L2110"	
"181.473"	"0.002"	"181.4722"	"0.0014"	"g,a"	""		"168.3371"	"55273.2"	"3d.4s2"	"2D"	"5/2"	"3d.4s.(1D).26p"	"2P*"	"3/2"		""	"L2110"	
"181.529"	"0.002"	"181.5279"	"0.0014"	"g,a"	""		"168.3371"	"55256.3"	"3d.4s2"	"2D"	"5/2"	"3d.4s.(1D).25p"	"2P*"	"3/2"		""	"L2110"	
"181.5345"	"0.0002"	"181.53449"	"0.00020"	"g,a"	""		"0.0000"	"55085.95"	"3d.4s2"	"2D"	"3/2"	"3d.4s.(1D).19p"	"2P*"	"3/2"		""	"L2110"	
"181.540"	"0.002"	"181.5399"	"0.0020"	"g,a"	""		"0.0000"	"55084.3"	"3d.4s2"	"2D"	"3/2"	"3d.4s.(1D).19p"	"2P*"	"1/2"		""	"L2110"	
"181.591"	"0.002"	"181.5902"	"0.0014"	"g,a"	""		"168.3371"	"55237.4"	"3d.4s2"	"2D"	"5/2"	"3d.4s.(1D).24p"	"2P*"	"3/2"		""	"L2110"	
"181.663"	"0.002"	"181.6631"	"0.0014"	"g,a"	""		"168.3371"	"55215.3"	"3d.4s2"	"2D"	"5/2"	"3d.4s.(1D).23p"	"2P*"	"3/2"		""	"L2110"	
"181.691"	"0.002"	"181.6917"	"0.0014"	"g,a"	""		"0.0000"	"55038.3"	"3d.4s2"	"2D"	"3/2"	"3d.4s.(1D).18p"	"2P*"	"3/2"		""	"L2110"	
"181.698"	"0.002"	"181.6979"	"0.0020"	"g,a"	""		"0.0000"	"55036.4"	"3d.4s2"	"2D"	"3/2"	"3d.4s.(1D).18p"	"2P*"	"1/2"		""	"L2110"	
"181.7167"	"0.0009"	"181.7168"	"0.0012"	"g,a*"	""		"0.0000"	"55030.7"	"3d.4s2"	"2D"	"3/2"	"3d.4s.(1D).18p"	"2D*"	"3/2"		""	"L2110"	
"181.7167"	"0.0009"	"181.7168"	"0.0012"	"g,a*"	""		"0.0000"	"55030.7"	"3d.4s2"	"2D"	"3/2"	"3d.4s.(1D).18p"	"2D*"	"5/2"		""	"L2110"	
"181.7460"	"0.0002"	"181.74594"	"0.00014"	"g,a"	""		"168.3371"	"55190.20"	"3d.4s2"	"2D"	"5/2"	"3d.4s.(1D).22p"	"2P*"	"3/2"		""	"L2110"	
"181.843"	"0.002"	"181.8431"	"0.0014"	"g,a"	""		"168.3371"	"55160.8"	"3d.4s2"	"2D"	"5/2"	"3d.4s.(1D).21p"	"2P*"	"3/2"		""	"L2110"	
"181.9147"	"0.0009"	"181.9134"	"0.0010"	"g,a*"	""		"0.0000"	"54971.2"	"3d.4s2"	"2D"	"3/2"	"3d.4s.(1D).17p"	"2D*"	"3/2"		""	"L2110"	
"181.9147"	"0.0009"	"181.9134"	"0.0010"	"g,a*"	""		"0.0000"	"54971.2"	"3d.4s2"	"2D"	"3/2"	"3d.4s.(1D).17p"	"2D*"	"5/2"		""	"L2110"	
"181.956"	"0.002"	"181.95613"	"0.00020"	"g,a"	""		"168.3371"	"55126.64"	"3d.4s2"	"2D"	"5/2"	"3d.4s.(1D).20p"	"2P*"	"3/2"		""	"L2110"	
"182.090"	"0.002"	"182.09094"	"0.00020"	"g,a"	""		"168.3371"	"55085.95"	"3d.4s2"	"2D"	"5/2"	"3d.4s.(1D).19p"	"2P*"	"3/2"		""	"L2110"	
"182.122"	"0.002"	"182.1215"	"0.0014"	"g,a"	""		"0.0000"	"54908.4"	"3d.4s2"	"2D"	"3/2"	"3d.4s.(1D).16p"	"2P*"	"3/2"		""	"L2110"	
"182.129"	"0.002"	"182.1291"	"0.0020"	"g,a"	""		"0.0000"	"54906.1"	"3d.4s2"	"2D"	"3/2"	"3d.4s.(1D).16p"	"2P*"	"1/2"		""	"L2110"	
"182.1648"	"0.0009"	"182.1660"	"0.0009"	"g,a*"	""		"0.0000"	"54895.0"	"3d.4s2"	"2D"	"3/2"	"3d.4s.(1D).16p"	"2D*"	"3/2"		""	"L2110"	
"182.1648"	"0.0009"	"182.1660"	"0.0009"	"g,a*"	""		"0.0000"	"54895.0"	"3d.4s2"	"2D"	"3/2"	"3d.4s.(1D).16p"	"2D*"	"5/2"		""	"L2110"	
"182.250"	"0.002"	"182.2491"	"0.0014"	"g,a"	""		"168.3371"	"55038.3"	"3d.4s2"	"2D"	"5/2"	"3d.4s.(1D).18p"	"2P*"	"3/2"		""	"L2110"	
"182.408"	"0.002"	"182.40945"	"0.00020"	"g,a"	""		"0.0000"	"54821.72"	"3d.4s2"	"2D"	"3/2"	"3d.4s.(1D).15p"	"2P*"	"3/2"		""	"L2110"	
"182.4696"	"0.0009"	"182.4711"	"0.0010"	"g,a*"	""		"0.0000"	"54803.2"	"3d.4s2"	"2D"	"3/2"	"3d.4s.(1D).15p"	"2D*"	"3/2"		""	"L2110"	
"182.4696"	"0.0009"	"182.4711"	"0.0010"	"g,a*"	""		"0.0000"	"54803.2"	"3d.4s2"	"2D"	"3/2"	"3d.4s.(1D).15p"	"2D*"	"5/2"		""	"L2110"	
"182.4696"	"0.0009"	"182.4722"	"0.0010"	"g,a*"	""		"168.3371"	"54971.2"	"3d.4s2"	"2D"	"5/2"	"3d.4s.(1D).17p"	"2D*"	"3/2"		""	"L2110"	
"182.4696"	"0.0009"	"182.4722"	"0.0010"	"g,a*"	""		"168.3371"	"54971.2"	"3d.4s2"	"2D"	"5/2"	"3d.4s.(1D).17p"	"2D*"	"5/2"		""	"L2110"	
"182.681"	"0.002"	"182.6816"	"0.0014"	"g,a"	""		"168.3371"	"54908.4"	"3d.4s2"	"2D"	"5/2"	"3d.4s.(1D).16p"	"2P*"	"3/2"		""	"L2110"	
"182.6977"	"0.0009"	"182.6976"	"0.0012"	"g,a*"	""		"168.3371"	"54903.6"	"3d.4s2"	"2D"	"5/2"	"3d2.(3F<3>).8p"	"2F*"	"5/2"		""	"L2110"	
"182.6977"	"0.0009"	"182.6976"	"0.0012"	"g,a*"	""		"168.3371"	"54903.6"	"3d.4s2"	"2D"	"5/2"	"3d2.(3F<3>).8p"	"2F*"	"7/2"		""	"L2110"	
"182.7273"	"0.0009"	"182.7263"	"0.0009"	"g,a*"	""		"168.3371"	"54895.0"	"3d.4s2"	"2D"	"5/2"	"3d.4s.(1D).16p"	"2D*"	"3/2"		""	"L2110"	
"182.7273"	"0.0009"	"182.7263"	"0.0009"	"g,a*"	""		"168.3371"	"54895.0"	"3d.4s2"	"2D"	"5/2"	"3d.4s.(1D).16p"	"2D*"	"5/2"		""	"L2110"	
"182.776"	"0.002"	"182.7749"	"0.0014"	"g,a"	""		"0.0000"	"54712.1"	"3d.4s2"	"2D"	"3/2"	"3d.4s.(1D).14p"	"2P*"	"3/2"		""	"L2110"	
"182.8572"	"0.0009"	"182.8565"	"0.0009"	"g,a*"	""		"0.0000"	"54687.7"	"3d.4s2"	"2D"	"3/2"	"3d.4s.(1D).14p"	"2D*"	"5/2"		""	"L2110"	
"182.8572"	"0.0009"	"182.8565"	"0.0009"	"g,a*"	""		"0.0000"	"54687.7"	"3d.4s2"	"2D"	"3/2"	"3d.4s.(1D).14p"	"2D*"	"3/2"		""	"L2110"	
"182.9713"	"0.0002"	"182.97129"	"0.00020"	"0g,a"	""		"168.3371"	"54821.72"	"3d.4s2"	"2D"	"5/2"	"3d.4s.(1D).15p"	"2P*"	"3/2"		""	"L2110"	
"183.0341"	"0.0009"	"183.0333"	"0.0010"	"g,a*"	""		"168.3371"	"54803.2"	"3d.4s2"	"2D"	"5/2"	"3d.4s.(1D).15p"	"2D*"	"3/2"		""	"L2110"	
"183.0341"	"0.0009"	"183.0333"	"0.0010"	"g,a*"	""		"168.3371"	"54803.2"	"3d.4s2"	"2D"	"5/2"	"3d.4s.(1D).15p"	"2D*"	"5/2"		""	"L2110"	
"183.297"	"0.002"	"183.2959"	"0.0014"	"g,a"	""		"0.0000"	"54556.6"	"3d.4s2"	"2D"	"3/2"	"3d.4s.(1D).13p"	"2P*"	"3/2"		""	"L2110"	
"183.3065"	"0.0002"	"183.30650"	"0.00020"	"g,a"	""		"0.0000"	"54553.44"	"3d.4s2"	"2D"	"3/2"	"3d.4s.(1D).13p"	"2P*"	"1/2"		""	"L2110"	
"183.338"	"0.002"	"183.3390"	"0.0014"	"g,a"	""		"168.3371"	"54712.1"	"3d.4s2"	"2D"	"5/2"	"3d.4s.(1D).14p"	"2P*"	"3/2"		""	"L2110"	
"183.3540"	"0.0009"	"183.3540"	"0.0009"	"g,a*"	""		"0.0000"	"54539.3"	"3d.4s2"	"2D"	"3/2"	"3d.4s.(1D).13p"	"2D*"	"3/2"		""	"L2110"	
"183.3540"	"0.0009"	"183.3540"	"0.0009"	"g,a*"	""		"0.0000"	"54539.3"	"3d.4s2"	"2D"	"3/2"	"3d.4s.(1D).13p"	"2D*"	"5/2"		""	"L2110"	
"183.4206"	"0.0009"	"183.4211"	"0.0009"	"g,a*"	""		"168.3371"	"54687.7"	"3d.4s2"	"2D"	"5/2"	"3d.4s.(1D).14p"	"2D*"	"3/2"		""	"L2110"	
"183.4206"	"0.0009"	"183.4211"	"0.0009"	"g,a*"	""		"168.3371"	"54687.7"	"3d.4s2"	"2D"	"5/2"	"3d.4s.(1D).14p"	"2D*"	"5/2"		""	"L2110"	
"183.862"	"0.002"	"183.8632"	"0.0014"	"g,a"	""		"168.3371"	"54556.6"	"3d.4s2"	"2D"	"5/2"	"3d.4s.(1D).13p"	"2P*"	"3/2"		""	"L2110"	
"183.9214"	"0.0009"	"183.9217"	"0.0009"	"g,a*"	""		"168.3371"	"54539.3"	"3d.4s2"	"2D"	"5/2"	"3d.4s.(1D).13p"	"2D*"	"3/2"		""	"L2110"	
"183.9214"	"0.0009"	"183.9217"	"0.0009"	"g,a*"	""		"168.3371"	"54539.3"	"3d.4s2"	"2D"	"5/2"	"3d.4s.(1D).13p"	"2D*"	"5/2"		""	"L2110"	
"183.940"	"0.004"	"183.936"	"0.003"	"g,a"	""		"0.0000"	"54366.6"	"3d.4s2"	"2D"	"3/2"	"3d.4s.(1D).12p"	"2P*"	"3/2"		""	"L2110"	
"184.0142"	"0.0009"	"184.0140"	"0.0009"	"g,a*"	""		"0.0000"	"54343.7"	"3d.4s2"	"2D"	"3/2"	"3d.4s.(1D).12p"	"2D*"	"3/2"		""	"L2110"	
"184.0142"	"0.0009"	"184.0140"	"0.0009"	"g,a*"	""		"0.0000"	"54343.7"	"3d.4s2"	"2D"	"3/2"	"3d.4s.(1D).12p"	"2D*"	"5/2"		""	"L2110"	
"184.504"	"0.004"	"184.508"	"0.003"	"g,a"	""		"168.3371"	"54366.6"	"3d.4s2"	"2D"	"5/2"	"3d.4s.(1D).12p"	"2P*"	"3/2"		""	"L2110"	
"184.5858"	"0.0009"	"184.5858"	"0.0009"	"g,a*"	""		"168.3371"	"54343.7"	"3d.4s2"	"2D"	"5/2"	"3d.4s.(1D).12p"	"2D*"	"3/2"		""	"L2110"	
"184.5858"	"0.0009"	"184.5858"	"0.0009"	"g,a*"	""		"168.3371"	"54343.7"	"3d.4s2"	"2D"	"5/2"	"3d.4s.(1D).12p"	"2D*"	"5/2"		""	"L2110"	
"184.9129"	"0.0009"	"184.9109"	"0.0009"	"g,a*"	""		"0.0000"	"54080.1"	"3d.4s2"	"2D"	"3/2"	"3d.4s.(1D).11p"	"2D*"	"3/2"		""	"L2110"	
"184.9129"	"0.0009"	"184.9109"	"0.0009"	"g,a*"	""		"0.0000"	"54080.1"	"3d.4s2"	"2D"	"3/2"	"3d.4s.(1D).11p"	"2D*"	"5/2"		""	"L2110"	
"185.379"	"0.002"	"185.3789"	"0.0020"	"g,a"	""		"168.3371"	"54111.9"	"3d.4s2"	"2D"	"5/2"	"3d.4s.(1D).11p"	"2P*"	"3/2"		""	"L2110"	
"185.4866"	"0.0009"	"185.4883"	"0.0009"	"g,a*"	""		"168.3371"	"54080.1"	"3d.4s2"	"2D"	"5/2"	"3d.4s.(1D).11p"	"2D*"	"3/2"		""	"L2110"	
"185.4866"	"0.0009"	"185.4883"	"0.0009"	"g,a*"	""		"168.3371"	"54080.1"	"3d.4s2"	"2D"	"5/2"	"3d.4s.(1D).11p"	"2D*"	"5/2"		""	"L2110"	
"186.1952"	"0.0009"	"186.1975"	"0.0009"	"g,a*"	""		"0.0000"	"53706.4"	"3d.4s2"	"2D"	"3/2"	"3d.4s.(1D).10p"	"2D*"	"3/2"		""	"L2110"	
"186.1952"	"0.0009"	"186.1975"	"0.0009"	"g,a*"	""		"0.0000"	"53706.4"	"3d.4s2"	"2D"	"3/2"	"3d.4s.(1D).10p"	"2D*"	"5/2"		""	"L2110"	
"186.511"	"0.010"	"186.513"	"0.010"	"g,a"	""		"168.3371"	"53784"	"3d.4s2"	"2D"	"5/2"	"3d.4s.(1D).10p"	"2P*"	"3/2"		""	"L2110"	
"186.7852"	"0.0009"	"186.7830"	"0.0009"	"g,a*"	""		"168.3371"	"53706.4"	"3d.4s2"	"2D"	"5/2"	"3d.4s.(1D).10p"	"2D*"	"3/2"		""	"L2110"	
"186.7852"	"0.0009"	"186.7830"	"0.0009"	"g,a*"	""		"168.3371"	"53706.4"	"3d.4s2"	"2D"	"5/2"	"3d.4s.(1D).10p"	"2D*"	"5/2"		""	"L2110"	
"186.8309"	"0.0009"	"186.8308"	"0.0012"	"g,a*"	""		"168.3371"	"53692.7"	"3d.4s2"	"2D"	"5/2"	"3d2.(3F<3>).7p"	"2F*"	"5/2"		""	"L2110"	
"186.8309"	"0.0009"	"186.8308"	"0.0012"	"g,a*"	""		"168.3371"	"53692.7"	"3d.4s2"	"2D"	"5/2"	"3d2.(3F<3>).7p"	"2F*"	"7/2"		""	"L2110"	
"188.1018"	"0.0009"	"188.1015"	"0.0009"	"g,a*"	""		"0.0000"	"53162.8"	"3d.4s2"	"2D"	"3/2"	"3d.4s.(1D).9p"	"2D*"	"3/2"		""	"L2110"	
"188.1018"	"0.0009"	"188.1015"	"0.0009"	"g,a*"	""		"0.0000"	"53162.8"	"3d.4s2"	"2D"	"3/2"	"3d.4s.(1D).9p"	"2D*"	"5/2"		""	"L2110"	
"188.485"	"0.002"	"188.4848"	"0.0020"	"g,a"	""		"168.3371"	"53223.0"	"3d.4s2"	"2D"	"5/2"	"3d.4s.(1D).9p"	"2P*"	"3/2"		""	"L2110"	
"188.6989"	"0.0009"	"188.6990"	"0.0009"	"g,a*"	""		"168.3371"	"53162.8"	"3d.4s2"	"2D"	"5/2"	"3d.4s.(1D).9p"	"2D*"	"3/2"		""	"L2110"	
"188.6989"	"0.0009"	"188.6990"	"0.0009"	"g,a*"	""		"168.3371"	"53162.8"	"3d.4s2"	"2D"	"5/2"	"3d.4s.(1D).9p"	"2D*"	"5/2"		""	"L2110"	
"189.19239"	"0.00007"	"189.19240"	"0.00005"	"0g,a"	""		"0.0000"	"52856.247"	"3d.4s2"	"2D"	"3/2"	""	"*"	"3/2 or 5/2"		""	"L2110"	
"189.36381"	"0.00007"	"189.36385"	"0.00005"	"0g,a"	""		"0.0000"	"52808.390"	"3d.4s2"	"2D"	"3/2"	""	"*"	"3/2 or 5/2"		""	"L2110"	
"189.44920"	"0.00007"	"189.44918"	"0.00005"	"1g,a"	""		"0.0000"	"52784.603"	"3d.4s2"	"2D"	"3/2"	""	"*"	"3/2 or 5/2"		""	"L2110"	
"189.58180"	"0.00007"	"189.58178"	"0.00005"	"1g,a"	""		"0.0000"	"52747.684"	"3d.4s2"	"2D"	"3/2"	""	"*"	"3/2 or 5/2"		""	"L2110"	
"189.75253"	"0.00007"	"189.75254"	"0.00004"	"1g,a"	""		"0.0000"	"52700.218"	"3d.4s2"	"2D"	"3/2"	""	"*"	"3/2 or 5/2"		""	"L2110"	
"189.79687"	"0.00007"	"189.79686"	"0.00005"	"3g,a"	""		"168.3371"	"52856.247"	"3d.4s2"	"2D"	"5/2"	""	"*"	"3/2 or 5/2"		""	"L2110"	
"189.96945"	"0.00007"	"189.96941"	"0.00005"	"1g,a"	""		"168.3371"	"52808.390"	"3d.4s2"	"2D"	"5/2"	""	"*"	"3/2 or 5/2"		""	"L2110"	
"190.05528"	"0.00007"	"190.05530"	"0.00005"	"2g,a"	""		"168.3371"	"52784.603"	"3d.4s2"	"2D"	"5/2"	""	"*"	"3/2 or 5/2"		""	"L2110"	
"190.13753"	"0.00007"	"190.13749"	"0.00005"	"1g,a"	""		"0.0000"	"52593.521"	"3d.4s2"	"2D"	"3/2"	""	"*"	"5/2"		""	"L2110"	
"190.18873"	"0.00007"	"190.18875"	"0.00005"	"3g,a"	""		"168.3371"	"52747.684"	"3d.4s2"	"2D"	"5/2"	""	"*"	"3/2 or 5/2"		""	"L2110"	
"190.36060"	"0.00007"	"190.36059"	"0.00004"	"3g,a"	""		"168.3371"	"52700.218"	"3d.4s2"	"2D"	"5/2"	""	"*"	"3/2 or 5/2"		""	"L2110"	
"190.44340"	"0.00007"	"190.44337"	"0.00005"	"1g,a"	""		"0.0000"	"52509.048"	"3d.4s2"	"2D"	"3/2"	""	"*"	"5/2"		""	"L2110"	
"190.52431"	"0.00007"	"190.52435"	"0.00005"	"0g,a"	""		"0.0000"	"52486.730"	"3d.4s2"	"2D"	"3/2"	""	"*"	"3/2 or 5/2"		""	"L2110"	
"190.72937"	"0.00007"	"190.72937"	"0.00005"	"0g,a"	""		"0.0000"	"52430.309"	"3d.4s2"	"2D"	"3/2"	""	"*"	"3/2 or 5/2"		""	"L2110"	
"190.74803"	"0.00007"	"190.74802"	"0.00005"	"3g,a"	""		"168.3371"	"52593.521"	"3d.4s2"	"2D"	"5/2"	""	"*"	"5/2"		""	"L2110"	
"190.78184"	"0.00007"	"190.78185"	"0.00005"	"3g,a"	""		"0.0000"	"52415.887"	"3d.4s2"	"2D"	"3/2"	""	"*"	"5/2"		""	"L2110"	
"191.05591"	"0.00007"	"191.05587"	"0.00005"	"3g,a"	""		"168.3371"	"52509.048"	"3d.4s2"	"2D"	"5/2"	""	"*"	"5/2"		""	"L2110"	
"191.13741"	"0.00007"	"191.13737"	"0.00005"	"3g,a"	""		"168.3371"	"52486.730"	"3d.4s2"	"2D"	"5/2"	""	"*"	"3/2 or 5/2"		""	"L2110"	
"191.34372"	"0.00007"	"191.34372"	"0.00005"	"1g,a"	""		"168.3371"	"52430.309"	"3d.4s2"	"2D"	"5/2"	""	"*"	"3/2 or 5/2"		""	"L2110"	
"191.39661"	"0.00007"	"191.39653"	"0.00005"	"3g,a"	""		"168.3371"	"52415.887"	"3d.4s2"	"2D"	"5/2"	""	"*"	"5/2"		""	"L2110"	
"191.88944"	"0.00007"	"191.88945"	"0.00005"	"2g,a"	""		"0.0000"	"52113.339"	"3d.4s2"	"2D"	"3/2"	""	"*"	"3/2 or 5/2"		""	"L2110"	
"191.97992"	"0.00007"	"191.97993"	"0.00005"	"3g,a"	""		"0.0000"	"52088.778"	"3d.4s2"	"2D"	"3/2"	""	"*"	"3/2 or 5/2"		""	"L2110"	
"192.51131"	"0.00007"	"192.51130"	"0.00005"	"2g,a"	""		"168.3371"	"52113.339"	"3d.4s2"	"2D"	"5/2"	""	"*"	"3/2 or 5/2"		""	"L2110"	
"192.60238"	"0.00007"	"192.60237"	"0.00005"	"0g,a"	""		"168.3371"	"52088.778"	"3d.4s2"	"2D"	"5/2"	""	"*"	"3/2 or 5/2"		""	"L2110"	
"192.78713"	"0.00007"	"192.78713"	"0.00004"	"0g,a"	""		"0.0000"	"51870.682"	"3d.4s2"	"2D"	"3/2"	""	"*"	"3/2 or 5/2"		""	"L2110"	
"192.95717"	"0.00007"	"192.95718"	"0.00005"	"2g,a"	""		"0.0000"	"51824.970"	"3d.4s2"	"2D"	"3/2"	""	"*"	"3/2 or 5/2"		""	"L2110"	
"193.09940"	"0.00007"	"193.09943"	"0.00005"	"2g,a"	""		"0.0000"	"51786.792"	"3d.4s2"	"2D"	"3/2"	""	"*"	"5/2"		""	"L2110"	
"193.20909"	"0.00007"	"193.20913"	"0.00005"	"0g,a"	""		"0.0000"	"51757.388"	"3d.4s2"	"2D"	"3/2"	""	"*"	"3/2 or 5/2"		""	"L2110"	
"193.41488"	"0.00007"	"193.41483"	"0.00005"	"0g,a"	""		"168.3371"	"51870.682"	"3d.4s2"	"2D"	"5/2"	""	"*"	"3/2 or 5/2"		""	"L2110"	
"193.57528"	"0.00007"	"193.57525"	"0.00005"	"2g,a"	""		"0.0000"	"51659.497"	"3d.4s2"	"2D"	"3/2"	""	"*"	"3/2 or 5/2"		""	"L2110"	
"193.58314"	"0.00007"	"193.58307"	"0.00005"	"3g,a"	""		"0.0000"	"51657.409"	"3d.4s2"	"2D"	"3/2"	""	"*"	"3/2 or 5/2"		""	"L2110"	
"193.58599"	"0.00007"	"193.58598"	"0.00005"	"2g,a"	""		"168.3371"	"51824.970"	"3d.4s2"	"2D"	"5/2"	""	"*"	"3/2 or 5/2"		""	"L2110"	
"193.62351"	"0.00007"	"193.62346"	"0.00005"	"2g,a"	""		"0.0000"	"51646.634"	"3d.4s2"	"2D"	"3/2"	""	"*"	"3/2 or 5/2"		""	"L2110"	
"193.64116"	"0.00007"	"193.64117"	"0.00005"	"2g,a"	""		"0.0000"	"51641.910"	"3d.4s2"	"2D"	"3/2"	""	"*"	"3/2 or 5/2"		""	"L2110"	
"193.72925"	"0.00007"	"193.72916"	"0.00005"	"3g,a"	""		"168.3371"	"51786.792"	"3d.4s2"	"2D"	"5/2"	""	"*"	"5/2"		""	"L2110"	
"193.76000"	"0.00007"	"193.75998"	"0.00005"	"1g,a"	""		"0.0000"	"51610.244"	"3d.4s2"	"2D"	"3/2"	""	"*"	"3/2 or 5/2"		""	"L2110"	
"193.83962"	"0.00007"	"193.83958"	"0.00005"	"3g,a"	""		"168.3371"	"51757.388"	"3d.4s2"	"2D"	"5/2"	""	"*"	"3/2 or 5/2"		""	"L2110"	
"193.84924"	"0.00007"	"193.84920"	"0.00005"	"2g,a"	""		"0.0000"	"51586.490"	"3d.4s2"	"2D"	"3/2"	""	"*"	"3/2 or 5/2"		""	"L2110"	
"193.86660"	"0.00007"	"193.86657"	"0.00005"	"3g,a"	""		"0.0000"	"51581.869"	"3d.4s2"	"2D"	"3/2"	""	"*"	"3/2 or 5/2"		""	"L2110"	
"193.93424"	"0.00007"	"193.93421"	"0.00005"	"0g,a"	""		"0.0000"	"51563.878"	"3d.4s2"	"2D"	"3/2"	""	"*"	"3/2 or 5/2"		""	"L2110"	
"194.02387"	"0.00007"	"194.02384"	"0.00005"	"2g,a"	""		"0.0000"	"51540.059"	"3d.4s2"	"2D"	"3/2"	""	"*"	"3/2 or 5/2"		""	"L2110"	
"194.04823"	"0.00007"	"194.04821"	"0.00005"	"0g,a"	""		"0.0000"	"51533.585"	"3d.4s2"	"2D"	"3/2"	""	"*"	"3/2 or 5/2"		""	"L2110"	
"194.20806"	"0.00007"	"194.20809"	"0.00005"	"3g,a"	""		"168.3371"	"51659.497"	"3d.4s2"	"2D"	"5/2"	""	"*"	"3/2 or 5/2"		""	"L2110"	
"194.21590"	"0.00007"	"194.21597"	"0.00005"	"2g,a"	""		"168.3371"	"51657.409"	"3d.4s2"	"2D"	"5/2"	""	"*"	"3/2 or 5/2"		""	"L2110"	
"194.25657"	"0.00007"	"194.25662"	"0.00005"	"3g,a"	""		"168.3371"	"51646.634"	"3d.4s2"	"2D"	"5/2"	""	"*"	"3/2 or 5/2"		""	"L2110"	
"194.27446"	"0.00007"	"194.27445"	"0.00005"	"4g,a"	""		"168.3371"	"51641.910"	"3d.4s2"	"2D"	"5/2"	""	"*"	"3/2 or 5/2"		""	"L2110"	
"194.39402"	"0.00007"	"194.39404"	"0.00005"	"2g,a"	""		"168.3371"	"51610.244"	"3d.4s2"	"2D"	"5/2"	""	"*"	"3/2 or 5/2"		""	"L2110"	
"194.48381"	"0.00007"	"194.48384"	"0.00005"	"3g,a"	""		"168.3371"	"51586.490"	"3d.4s2"	"2D"	"5/2"	""	"*"	"3/2 or 5/2"		""	"L2110"	
"194.50129"	"0.00007"	"194.50132"	"0.00005"	"2g,a"	""		"168.3371"	"51581.869"	"3d.4s2"	"2D"	"5/2"	""	"*"	"3/2 or 5/2"		""	"L2110"	
"194.56938"	"0.00007"	"194.56941"	"0.00005"	"3g,a"	""		"168.3371"	"51563.878"	"3d.4s2"	"2D"	"5/2"	""	"*"	"3/2 or 5/2"		""	"L2110"	
"194.65959"	"0.00007"	"194.65962"	"0.00005"	"1g,a"	""		"168.3371"	"51540.059"	"3d.4s2"	"2D"	"5/2"	""	"*"	"3/2 or 5/2"		""	"L2110"	
"194.68414"	"0.00007"	"194.68416"	"0.00005"	"3g,a"	""		"168.3371"	"51533.585"	"3d.4s2"	"2D"	"5/2"	""	"*"	"3/2 or 5/2"		""	"L2110"	
"194.76533"	"0.00007"	"194.76528"	"0.00005"	"1g,a"	""		"0.0000"	"51343.854"	"3d.4s2"	"2D"	"3/2"	""	"*"	"3/2 or 5/2"		""	"L2110"	
"194.83238"	"0.00007"	"194.83243"	"0.00005"	"2g,a"	""		"0.0000"	"51326.158"	"3d.4s2"	"2D"	"3/2"	""	"*"	"3/2 or 5/2"		""	"L2110"	
"194.87020"	"0.00007"	"194.87017"	"0.00005"	"1g,a"	""		"0.0000"	"51316.218"	"3d.4s2"	"2D"	"3/2"	""	"*"	"3/2 or 5/2"		""	"L2110"	
"195.08689"	"0.00007"	"195.08686"	"0.00005"	"2g,a"	""		"0.0000"	"51259.219"	"3d.4s2"	"2D"	"3/2"	""	"*"	"3/2 or 5/2"		""	"L2110"	
"195.11479"	"0.00007"	"195.11474"	"0.00005"	"1g,a"	""		"0.0000"	"51251.894"	"3d.4s2"	"2D"	"3/2"	""	"*"	"3/2 or 5/2"		""	"L2110"	
"195.17865"	"0.00007"	"195.17865"	"0.00005"	"2g,a"	""		"0.0000"	"51235.113"	"3d.4s2"	"2D"	"3/2"	""	"*"	"3/2 or 5/2"		""	"L2110"	
"195.28774"	"0.00007"	"195.28776"	"0.00005"	"2g,a"	""		"0.0000"	"51206.485"	"3d.4s2"	"2D"	"3/2"	""	"*"	"3/2 or 5/2"		""	"L2110"	
"195.31325"	"0.00007"	"195.31326"	"0.00005"	"0g,a"	""		"0.0000"	"51199.801"	"3d.4s2"	"2D"	"3/2"	""	"*"	"3/2 or 5/2"		""	"L2110"	
"195.40589"	"0.00007"	"195.40594"	"0.00005"	"3g,a"	""		"168.3371"	"51343.854"	"3d.4s2"	"2D"	"5/2"	""	"*"	"3/2 or 5/2"		""	"L2110"	
"195.41093"	"0.00007"	"195.41092"	"0.00005"	"2g,a"	""		"0.0000"	"51174.213"	"3d.4s2"	"2D"	"3/2"	""	"*"	"3/2"		""	"L2110"	
"195.47350"	"0.00007"	"195.47353"	"0.00005"	"3g,a"	""		"168.3371"	"51326.158"	"3d.4s2"	"2D"	"5/2"	""	"*"	"3/2 or 5/2"		""	"L2110"	
"195.51149"	"0.00007"	"195.51152"	"0.00005"	"2g,a"	""		"168.3371"	"51316.218"	"3d.4s2"	"2D"	"5/2"	""	"*"	"3/2 or 5/2"		""	"L2110"	
"195.65409"	"0.00007"	"195.65409"	"0.00005"	"2g,a"	""		"0.0000"	"51110.610"	"3d.4s2"	"2D"	"3/2"	"3d.4s.(1D).7p"	"2P*"	"3/2"		""	"L2110"	
"195.72961"	"0.00007"	"195.72964"	"0.00005"	"0g,a"	""		"168.3371"	"51259.219"	"3d.4s2"	"2D"	"5/2"	""	"*"	"3/2 or 5/2"		""	"L2110"	
"195.75766"	"0.00007"	"195.75771"	"0.00005"	"2g,a"	""		"168.3371"	"51251.894"	"3d.4s2"	"2D"	"5/2"	""	"*"	"3/2 or 5/2"		""	"L2110"	
"195.82202"	"0.00007"	"195.82204"	"0.00005"	"2g,a"	""		"168.3371"	"51235.113"	"3d.4s2"	"2D"	"5/2"	""	"*"	"3/2 or 5/2"		""	"L2110"	
"195.93190"	"0.00007"	"195.93187"	"0.00005"	"0g,a"	""		"168.3371"	"51206.485"	"3d.4s2"	"2D"	"5/2"	""	"*"	"3/2 or 5/2"		""	"L2110"	
"195.95755"	"0.00007"	"195.95754"	"0.00005"	"2g,a"	""		"168.3371"	"51199.801"	"3d.4s2"	"2D"	"5/2"	""	"*"	"3/2 or 5/2"		""	"L2110"	
"196.05590"	"0.00007"	"196.05584"	"0.00005"	"2g,a"	""		"168.3371"	"51174.213"	"3d.4s2"	"2D"	"5/2"	""	"*"	"3/2"		""	"L2110"	
"196.11961"	"0.00007"	"196.11960"	"0.00004"	"1g,a"	""		"0.0000"	"50989.295"	"3d.4s2"	"2D"	"3/2"	""	"*"	"3/2 or 5/2"		""	"L2110"	
"196.13650"	"0.00007"	"196.13653"	"0.00005"	"1g,a"	""		"0.0000"	"50984.893"	"3d.4s2"	"2D"	"3/2"	""	"*"	"3/2 or 5/2"		""	"L2110"	
"196.19858"	"0.00007"	"196.19862"	"0.00005"	"1g,a"	""		"0.0000"	"50968.758"	"3d.4s2"	"2D"	"3/2"	""	"*"	"3/2"		""	"L2110"	
"196.23834"	"0.00007"	"196.23835"	"0.00005"	"1g,a"	""		"0.0000"	"50958.439"	"3d.4s2"	"2D"	"3/2"	""	"*"	"3/2 or 5/2"		""	"L2110"	
"196.30063"	"0.00007"	"196.30062"	"0.00005"	"g,a"	""		"168.3371"	"51110.610"	"3d.4s2"	"2D"	"5/2"	"3d.4s.(1D).7p"	"2P*"	"3/2"		""	"L2110"	
"196.44852"	"0.00007"	"196.44851"	"0.00005"	"2g,a"	""		"0.0000"	"50903.924"	"3d.4s2"	"2D"	"3/2"	""	"*"	"3/2 or 5/2"		""	"L2110"	
"196.67381"	"0.00007"	"196.67381"	"0.00005"	"0g,a"	""		"0.0000"	"50845.610"	"3d.4s2"	"2D"	"3/2"	""	"*"	"3/2 or 5/2"		""	"L2110"	
"196.68394"	"0.00007"	"196.68393"	"0.00005"	"1g,a"	""		"0.0000"	"50842.994"	"3d.4s2"	"2D"	"3/2"	""	"*"	"3/2 or 5/2"		""	"L2110"	
"196.76932"	"0.00007"	"196.76922"	"0.00004"	"2g,a"	""		"168.3371"	"50989.295"	"3d.4s2"	"2D"	"5/2"	""	"*"	"3/2 or 5/2"		""	"L2110"	
"196.78629"	"0.00007"	"196.78626"	"0.00005"	"1g,a"	""		"168.3371"	"50984.893"	"3d.4s2"	"2D"	"5/2"	""	"*"	"3/2 or 5/2"		""	"L2110"	
"196.84880"	"0.00007"	"196.84876"	"0.00005"	"2g,a"	""		"168.3371"	"50968.758"	"3d.4s2"	"2D"	"5/2"	""	"*"	"3/2"		""	"L2110"	
"196.88877"	"0.00007"	"196.88876"	"0.00005"	"2g,a"	""		"168.3371"	"50958.439"	"3d.4s2"	"2D"	"5/2"	""	"*"	"3/2 or 5/2"		""	"L2110"	
"196.89651"	"0.00007"	"196.89646"	"0.00005"	"0g,a"	""		"0.0000"	"50788.114"	"3d.4s2"	"2D"	"3/2"	""	"*"	"3/2 or 5/2"		""	"L2110"	
"196.95643"	"0.00007"	"196.95649"	"0.00005"	"1g,a"	""		"0.0000"	"50772.634"	"3d.4s2"	"2D"	"3/2"	""	"*"	"3/2 or 5/2"		""	"L2110"	
"197.10030"	"0.00007"	"197.10031"	"0.00005"	"1g,a"	""		"168.3371"	"50903.924"	"3d.4s2"	"2D"	"5/2"	""	"*"	"3/2 or 5/2"		""	"L2110"	
"197.32712"	"0.00007"	"197.32711"	"0.00005"	"2g,a"	""		"168.3371"	"50845.610"	"3d.4s2"	"2D"	"5/2"	""	"*"	"3/2 or 5/2"		""	"L2110"	
"197.33729"	"0.00007"	"197.33730"	"0.00005"	"2g,a"	""		"168.3371"	"50842.994"	"3d.4s2"	"2D"	"5/2"	""	"*"	"3/2 or 5/2"		""	"L2110"	
"197.50831"	"0.00007"	"197.50826"	"0.00005"	"1g,a"	""		"0.0000"	"50630.793"	"3d.4s2"	"2D"	"3/2"	""	"*"	"3/2 or 5/2"		""	"L2110"	
"197.55120"	"0.00007"	"197.55125"	"0.00005"	"2g,a"	""		"168.3371"	"50788.114"	"3d.4s2"	"2D"	"5/2"	""	"*"	"3/2 or 5/2"		""	"L2110"	
"197.61174"	"0.00007"	"197.61168"	"0.00005"	"1g,a"	""		"168.3371"	"50772.634"	"3d.4s2"	"2D"	"5/2"	""	"*"	"3/2 or 5/2"		""	"L2110"	
"198.16708"	"0.00007"	"198.16713"	"0.00005"	"2g,a"	""		"168.3371"	"50630.793"	"3d.4s2"	"2D"	"5/2"	""	"*"	"3/2 or 5/2"		""	"L2110"	
"199.72056"	"0.00007"	"199.72054"	"0.00005"	"3g,a"	""		"0.0000"	"50069.963"	"3d.4s2"	"2D"	"3/2"	""	"*"	"3/2 or 5/2"		""	"L2110"	
"199.82927"	"0.00007"	"199.82921"	"0.00005"	"3g,a"	""		"0.0000"	"50042.734"	"3d.4s2"	"2D"	"3/2"	""	"*"	"3/2 or 5/2"		""	"L2110"	
"199.96184"	"0.00007"	"199.96183"	"0.00005"	"3g,a"	""		"0.0000"	"50009.545"	"3d.4s2"	"2D"	"3/2"	""	"*"	"3/2 or 5/2"		""	"L2110"	
"200.01901"	"0.00007"	"200.01899"	"0.00005"	"0g,a"	""		"0.0000"	"49995.253"	"3d.4s2"	"2D"	"3/2"	""	"*"	"3/2 or 5/2"		""	"L2110"	
"200.07983"	"0.00007"	"200.07984"	"0.00005"	"0g,a"	""		"0.0000"	"49980.047"	"3d.4s2"	"2D"	"3/2"	""	"*"	"3/2 or 5/2"		""	"L2110"	
"200.20681"	"0.00007"	"200.20685"	"0.00005"	"2g,a"	""		"0.0000"	"49948.340"	"3d.4s2"	"2D"	"3/2"	""	"*"	"3/2 or 5/2"		""	"L2110"	
"200.24708"	"0.00007"	"200.24711"	"0.00005"	"2g,a"	""		"0.0000"	"49938.299"	"3d.4s2"	"2D"	"3/2"	""	"*"	"3/2 or 5/2"		""	"L2110"	
"200.39425"	"0.00007"	"200.39427"	"0.00005"	"3g,a"	""		"168.3371"	"50069.963"	"3d.4s2"	"2D"	"5/2"	""	"*"	"3/2 or 5/2"		""	"L2110"	
"200.48212"	"0.00007"	"200.48218"	"0.00005"	"0g,a"	""		"0.0000"	"49879.745"	"3d.4s2"	"2D"	"3/2"	""	"*"	"3/2 or 5/2"		""	"L2110"	
"200.50362"	"0.00007"	"200.50368"	"0.00005"	"1g,a"	""		"168.3371"	"50042.734"	"3d.4s2"	"2D"	"5/2"	""	"*"	"3/2 or 5/2"		""	"L2110"	
"200.63718"	"0.00007"	"200.63719"	"0.00005"	"2g,a"	""		"168.3371"	"50009.545"	"3d.4s2"	"2D"	"5/2"	""	"*"	"3/2 or 5/2"		""	"L2110"	
"200.66879"	"0.00007"	"200.66876"	"0.00005"	"0g,a"	""		"0.0000"	"49833.368"	"3d.4s2"	"2D"	"3/2"	""	"*"	"3/2 or 5/2"		""	"L2110"	
"200.69472"	"0.00007"	"200.69474"	"0.00005"	"2g,a"	""		"168.3371"	"49995.253"	"3d.4s2"	"2D"	"5/2"	""	"*"	"3/2 or 5/2"		""	"L2110"	
"200.75600"	"0.00007"	"200.75601"	"0.00005"	"0g,a"	""		"168.3371"	"49980.047"	"3d.4s2"	"2D"	"5/2"	""	"*"	"3/2 or 5/2"		""	"L2110"	
"200.88393"	"0.00007"	"200.88388"	"0.00005"	"0g,a"	""		"168.3371"	"49948.340"	"3d.4s2"	"2D"	"5/2"	""	"*"	"3/2 or 5/2"		""	"L2110"	
"200.92444"	"0.00007"	"200.92441"	"0.00005"	"0g,a"	""		"168.3371"	"49938.299"	"3d.4s2"	"2D"	"5/2"	""	"*"	"3/2 or 5/2"		""	"L2110"	
"201.16114"	"0.00007"	"201.16107"	"0.00005"	"2g,a"	""		"168.3371"	"49879.745"	"3d.4s2"	"2D"	"5/2"	""	"*"	"3/2 or 5/2"		""	"L2110"	
"201.34888"	"0.00007"	"201.34891"	"0.00005"	"0g,a"	""		"168.3371"	"49833.368"	"3d.4s2"	"2D"	"5/2"	""	"*"	"3/2 or 5/2"		""	"L2110"	
"203.33365"	"0.00007"	"203.33365"	"0.00005"	"2g,a"	""		"0.0000"	"49180.251"	"3d.4s2"	"2D"	"3/2"	""	"*"	"3/2 or 5/2"		""	"L2110"	
"204.03203"	"0.00007"	"204.03202"	"0.00005"	"2g,a"	""		"168.3371"	"49180.251"	"3d.4s2"	"2D"	"5/2"	""	"*"	"3/2 or 5/2"		""	"L2110"	
"204.32420"	"0.00007"	"204.32417"	"0.00005"	"2g,a"	""		"0.0000"	"48941.837"	"3d.4s2"	"2D"	"3/2"	""	"*"	"5/2"		""	"L2110"	
"204.48510"	"0.00007"	"204.48508"	"0.00005"	"3g,a"	""		"0.0000"	"48903.323"	"3d.4s2"	"2D"	"3/2"	""	"*"	"3/2 or 5/2"		""	"L2110"	
"204.70800"	"0.00007"	"204.70795"	"0.00005"	"9g"	""		"0.0000"	"48850.081"	"3d.4s2"	"2D"	"3/2"	""	"*"	"3/2 or 5/2"		""	"L2110,L4189c12"	
"204.8280"	"0.0002"	""	""	"9"	""		""	""	""	""	""	""	""	""		""	"L4189c12"	
"204.8916"	"0.0002"	""	""	"4"	""		""	""	""	""	""	""	""	""		""	"L4189c12"	
"205.02933"	"0.00007"	"205.02937"	"0.00005"	"4g,a"	""		"168.3371"	"48941.837"	"3d.4s2"	"2D"	"5/2"	""	"*"	"5/2"		""	"L2110"	
"205.0311"	"0.0002"	""	""	"9"	""		""	""	""	""	""	""	""	""		""	"L4189c12"	
"205.0682"	"0.0002"	""	""	"9"	""		""	""	""	""	""	""	""	""		""	"L4189c12"	
"205.19139"	"0.00007"	"205.19140"	"0.00005"	"4g,a"	""		"168.3371"	"48903.323"	"3d.4s2"	"2D"	"5/2"	""	"*"	"3/2 or 5/2"		""	"L2110"	
"205.1985"	"0.0002"	""	""	"4"	""		""	""	""	""	""	""	""	""		""	"L4189c12"	
"205.41583"	"0.00007"	"205.41581"	"0.00005"	"3g,a"	""		"168.3371"	"48850.081"	"3d.4s2"	"2D"	"5/2"	""	"*"	"3/2 or 5/2"		""	"L2110"	
"205.76956"	"0.00006"	"205.76952"	"0.00004"	"3g,a"	""		"0.0000"	"48598.062"	"3d.4s2"	"2D"	"3/2"	""	"*"	"3/2 or 5/2"		""	"L2110"	
"205.83700"	"0.00007"	"205.83696"	"0.00004"	"2g,a"	""		"0.0000"	"48582.141"	"3d.4s2"	"2D"	"3/2"	""	"*"	"3/2 or 5/2"		""	"L2110"	
"205.8806"	"0.0002"	""	""	"4"	""		""	""	""	""	""	""	""	""		""	"L4189c12"	
"205.91625"	"0.00006"	"205.91627"	"0.00004"	"2g,a"	""		"0.0000"	"48563.429"	"3d.4s2"	"2D"	"3/2"	""	"*"	"3/2 or 5/2"		""	"L2110"	
"205.92405"	"0.00006"	"205.92399"	"0.00004"	"2g,a"	""		"0.0000"	"48561.607"	"3d.4s2"	"2D"	"3/2"	""	"*"	"3/2 or 5/2"		""	"L2110"	
"205.96529"	"0.00007"	"205.96526"	"0.00005"	"3g,a"	""		"0.0000"	"48551.877"	"3d.4s2"	"2D"	"3/2"	""	"*"	"3/2 or 5/2"		""	"L2110"	
"206.2322"	"0.0002"	"206.23223"	"0.00007"	"9"	""		"0.0000"	"48489.027"	"3d.4s2"	"2D"	"3/2"	""	"*"	"3/2 or 5/2"		""	"L2110,L4189c12"	
"206.33403"	"0.00007"	"206.33410"	"0.00004"	"0g,a"	""		"0.0000"	"48465.087"	"3d.4s2"	"2D"	"3/2"	""	"*"	"3/2"		""	"L2110"	
"206.36283"	"0.00007"	"206.36274"	"0.00005"	"0g,a"	""		"0.0000"	"48458.360"	"3d.4s2"	"2D"	"3/2"	""	"*"	"3/2 or 5/2"		""	"L2110"	
"206.47310"	"0.00007"	"206.47312"	"0.00005"	"1g,a"	""		"0.0000"	"48432.454"	"3d.4s2"	"2D"	"3/2"	""	"*"	"3/2"		""	"L2110"	
"206.48473"	"0.00007"	"206.48476"	"0.00005"	"0g,a"	""		"168.3371"	"48598.062"	"3d.4s2"	"2D"	"5/2"	""	"*"	"3/2 or 5/2"		""	"L2110"	
"206.55265"	"0.00006"	"206.55266"	"0.00004"	"1g,a"	""		"168.3371"	"48582.141"	"3d.4s2"	"2D"	"5/2"	""	"*"	"3/2 or 5/2"		""	"L2110"	
"206.60725"	"0.00006"	"206.60724"	"0.00005"	"0g,a"	""		"0.0000"	"48401.014"	"3d.4s2"	"2D"	"3/2"	""	"*"	"3/2 or 5/2"		""	"L2110"	
"206.62515"	"0.00006"	"206.62517"	"0.00005"	"2g,a"	""		"0.0000"	"48396.815"	"3d.4s2"	"2D"	"3/2"	""	"*"	"3/2 or 5/2"		""	"L2110"	
"206.63255"	"0.00006"	"206.63252"	"0.00004"	"2g,a"	""		"168.3371"	"48563.429"	"3d.4s2"	"2D"	"5/2"	""	"*"	"3/2 or 5/2"		""	"L2110"	
"206.64025"	"0.00006"	"206.64030"	"0.00004"	"2g,a"	""		"168.3371"	"48561.607"	"3d.4s2"	"2D"	"5/2"	""	"*"	"3/2 or 5/2"		""	"L2110"	
"206.68182"	"0.00007"	"206.68186"	"0.00005"	"2g,a"	""		"168.3371"	"48551.877"	"3d.4s2"	"2D"	"5/2"	""	"*"	"3/2 or 5/2"		""	"L2110"	
"206.69415"	"0.00006"	"206.69415"	"0.00004"	"2g,a"	""		"0.0000"	"48380.662"	"3d.4s2"	"2D"	"3/2"	""	"*"	"3/2 or 5/2"		""	"L2110"	
"206.77224"	"0.00007"	"206.77227"	"0.00005"	"0g,a"	""		"0.0000"	"48362.385"	"3d.4s2"	"2D"	"3/2"	""	"*"	"3/2 or 5/2"		""	"L2110"	
"206.84290"	"0.00007"	"206.84284"	"0.00005"	"0g,a"	""		"0.0000"	"48345.884"	"3d.4s2"	"2D"	"3/2"	""	"*"	"3/2 or 5/2"		""	"L2110"	
"206.95069"	"0.00007"	"206.95069"	"0.00007"	"1g,a"	""		"168.3371"	"48489.027"	"3d.4s2"	"2D"	"5/2"	""	"*"	"3/2 or 5/2"		""	"L2110"	
"207.05323"	"0.00007"	"207.05327"	"0.00004"	"1g,a"	""		"168.3371"	"48465.087"	"3d.4s2"	"2D"	"5/2"	""	"*"	"3/2"		""	"L2110"	
"207.08205"	"0.00006"	"207.08211"	"0.00005"	"1g,a"	""		"168.3371"	"48458.360"	"3d.4s2"	"2D"	"5/2"	""	"*"	"3/2 or 5/2"		""	"L2110"	
"207.19334"	"0.00007"	"207.19327"	"0.00005"	"3g,a"	""		"168.3371"	"48432.454"	"3d.4s2"	"2D"	"5/2"	""	"*"	"3/2"		""	"L2110"	
"207.32831"	"0.00007"	"207.32832"	"0.00005"	"1g,a"	""		"168.3371"	"48401.014"	"3d.4s2"	"2D"	"5/2"	""	"*"	"3/2 or 5/2"		""	"L2110"	
"207.34640"	"0.00007"	"207.34637"	"0.00005"	"1g,a"	""		"168.3371"	"48396.815"	"3d.4s2"	"2D"	"5/2"	""	"*"	"3/2 or 5/2"		""	"L2110"	
"207.41585"	"0.00006"	"207.41584"	"0.00004"	"2g,a"	""		"168.3371"	"48380.662"	"3d.4s2"	"2D"	"5/2"	""	"*"	"3/2 or 5/2"		""	"L2110"	
"207.49453"	"0.00007"	"207.49450"	"0.00005"	"3g,a"	""		"168.3371"	"48362.385"	"3d.4s2"	"2D"	"5/2"	""	"*"	"3/2 or 5/2"		""	"L2110"	
"207.56561"	"0.00007"	"207.56557"	"0.00005"	"3g,a"	""		"168.3371"	"48345.884"	"3d.4s2"	"2D"	"5/2"	""	"*"	"3/2 or 5/2"		""	"L2110"	
"211.35155"	"0.00006"	"211.35158"	"0.00004"	"7g"	"3.2e+06"	C	"0.0000"	"47314.526"	"3d.4s2"	"2D"	"3/2"	"3d2.(3F).5p"	"2D*"	"5/2"		"T3038"	"L2110,L4189c12"	
"211.73205"	"0.00006"	"211.73203"	"0.00004"	"9g"	"2.0e+07"	C	"0.0000"	"47229.509"	"3d.4s2"	"2D"	"3/2"	"3d2.(3F).5p"	"2D*"	"3/2"		"T3038"	"L2110,L4189c12"	
"212.10625"	"0.00006"	"212.10622"	"0.00004"	"9g"	"2.0e+07"	C	"168.3371"	"47314.526"	"3d.4s2"	"2D"	"5/2"	"3d2.(3F).5p"	"2D*"	"5/2"		"T3038"	"L2110,L4189c12"	
"212.48941"	"0.00007"	"212.48940"	"0.00005"	"5g"	""		"168.3371"	"47229.509"	"3d.4s2"	"2D"	"5/2"	"3d2.(3F).5p"	"2D*"	"3/2"		""	"L2110,L4189c12"	
"212.58441"	"0.00007"	"212.58444"	"0.00006"	"4g,a"	""		"0.0000"	"47040.131"	"3d.4s2"	"2D"	"3/2"	""	"*"	"5/2"		""	"L2110"	
"212.5878"	"0.0002"	""	""	"9"	""		""	""	""	""	""	""	""	""		""	"L4189c12"	
"212.9553"	"0.0002"	""	""	"9"	""		""	""	""	""	""	""	""	""		""	"L4189c12"	
"213.3478"	"0.0002"	"213.34793"	"0.00006"	"5"	""		"168.3371"	"47040.131"	"3d.4s2"	"2D"	"5/2"	""	"*"	"5/2"		""	"L2110,L4189c12"	
"213.91045"	"0.00006"	"213.91044"	"0.00004"	"2g"	""		"0.0000"	"46748.537"	"3d.4s2"	"2D"	"3/2"	""	"*"	"3/2 or 5/2"		""	"L2110,L4189c12"	
"214.68346"	"0.00006"	"214.68349"	"0.00004"	"2g"	""		"168.3371"	"46748.537"	"3d.4s2"	"2D"	"5/2"	""	"*"	"3/2 or 5/2"		""	"L2110,L4189c12"	
"216.19107"	"0.00007"	"216.19108"	"0.00005"	"2g,a"	""		"0.0000"	"46255.377"	"3d.4s2"	"2D"	"3/2"	"3d2.(3F).5p"	"4F*"	"5/2"		""	"L2110"	
"216.98070"	"0.00007"	"216.98074"	"0.00005"	"1g,a"	""		"168.3371"	"46255.377"	"3d.4s2"	"2D"	"5/2"	"3d2.(3F).5p"	"4F*"	"5/2"		""	"L2110"	
"217.29739"	"0.00007"	"217.29744"	"0.00005"	"1g,a"	""		"0.0000"	"46019.870"	"3d.4s2"	"2D"	"3/2"	""	"*"	"3/2 or 5/2"		""	"L2110"	
"217.35241"	"0.00007"	"217.35237"	"0.00005"	"2g,a"	""		"0.0000"	"46008.239"	"3d.4s2"	"2D"	"3/2"	""	"*"	"3/2 or 5/2"		""	"L2110"	
"217.52036"	"0.00006"	"217.52041"	"0.00004"	"1g,a"	""		"0.0000"	"45972.698"	"3d.4s2"	"2D"	"3/2"	""	"*"	"3/2 or 5/2"		""	"L2110"	
"217.68888"	"0.00007"	"217.68883"	"0.00005"	"2g"	""		"0.0000"	"45937.130"	"3d.4s2"	"2D"	"3/2"	""	"*"	"3/2 or 5/2"		""	"L2110,L4189c12"	
"217.84195"	"0.00006"	"217.84191"	"0.00004"	"1g,a"	""		"0.0000"	"45904.850"	"3d.4s2"	"2D"	"3/2"	""	"*"	"3/2 or 5/2"		""	"L2110"	
"217.87161"	"0.00007"	"217.87155"	"0.00005"	"2g"	""		"0.0000"	"45898.604"	"3d.4s2"	"2D"	"3/2"	""	"*"	"3/2"		""	"L2110,L4189c12"	
"218.09526"	"0.00006"	"218.09522"	"0.00005"	"1g,a"	""		"168.3371"	"46019.870"	"3d.4s2"	"2D"	"5/2"	""	"*"	"3/2 or 5/2"		""	"L2110"	
"218.13275"	"0.00006"	"218.13272"	"0.00004"	"2g,a"	""		"0.0000"	"45843.649"	"3d.4s2"	"2D"	"3/2"	""	"*"	"3/2 or 5/2"		""	"L2110"	
"218.15052"	"0.00007"	"218.15055"	"0.00005"	"2g,a"	""		"168.3371"	"46008.239"	"3d.4s2"	"2D"	"5/2"	""	"*"	"3/2 or 5/2"		""	"L2110"	
"218.31985"	"0.00006"	"218.31982"	"0.00004"	"1g,a"	""		"168.3371"	"45972.698"	"3d.4s2"	"2D"	"5/2"	""	"*"	"3/2 or 5/2"		""	"L2110"	
"218.48945"	"0.00006"	"218.48949"	"0.00005"	"0g,a"	""		"168.3371"	"45937.130"	"3d.4s2"	"2D"	"5/2"	""	"*"	"3/2 or 5/2"		""	"L2110"	
"218.64365"	"0.00006"	"218.64369"	"0.00004"	"2g,a"	""		"168.3371"	"45904.850"	"3d.4s2"	"2D"	"5/2"	""	"*"	"3/2 or 5/2"		""	"L2110"	
"218.67350"	"0.00007"	"218.67355"	"0.00005"	"2g,a"	""		"168.3371"	"45898.604"	"3d.4s2"	"2D"	"5/2"	""	"*"	"3/2"		""	"L2110"	
"218.93665"	"0.00006"	"218.93665"	"0.00004"	"0g,a"	""		"168.3371"	"45843.649"	"3d.4s2"	"2D"	"5/2"	""	"*"	"3/2 or 5/2"		""	"L2110"	
"226.2992"	"0.0002"	"226.29921"	"0.00009"	"6g"	"5.8e+06"	C	"0.0000"	"44189.284"	"3d.4s2"	"2D"	"3/2"	"3d2.(3P).4p"	"2P*"	"3/2"		"T3038"	"L4189c12"	
"226.7295"	"0.0002"	"226.72945"	"0.00010"	"9g"	"4.8e+07"	C	"0.0000"	"44105.430"	"3d.4s2"	"2D"	"3/2"	"3d2.(3P).4p"	"2P*"	"1/2"		"T3038"	"L4189c12"	
"227.1646"	"0.0002"	"227.16458"	"0.00009"	"9g"	"4.6e+07"	C	"168.3371"	"44189.284"	"3d.4s2"	"2D"	"5/2"	"3d2.(3P).4p"	"2P*"	"3/2"		"T3038"	"L4189c12"	
"228.1537"	"0.0002"	"228.15362"	"0.00009"	"9g"	"2.8e+07"	C	"0.0000"	"43830.118"	"3d.4s2"	"2D"	"3/2"	"3d2.(1G).4p"	"2F*"	"5/2"		"T3038"	"L4189c12"	
"228.8765"	"0.0003"	"228.87604"	"0.00008"	"9g,bl"	""		"168.3371"	"43860.111"	"3d.4s2"	"2D"	"5/2"	"3d2.(1G).4p"	"2F*"	"7/2"		""	"L4189c12"	
"229.0334"	"0.0003"	"229.03326"	"0.00009"	"2g"	"4.1e+06"	C	"168.3371"	"43830.118"	"3d.4s2"	"2D"	"5/2"	"3d2.(1G).4p"	"2F*"	"5/2"		"T3038"	"L4189c12"	
"230.2656"	"0.0003"	""	""	"4"	""		""	""	""	""	""	""	""	""		""	"L4189c12"	
"230.6537"	"0.0003"	""	""	"2"	""		""	""	""	""	""	""	""	""		""	"L4189c12"	
"230.7596"	"0.0003"	""	""	"2"	""		""	""	""	""	""	""	""	""		""	"L4189c12"	
"231.2002"	"0.0003"	"231.20020"	"0.00008"	"4g"	"4.1e+06"	C	"0.0000"	"43252.557"	"3d.4s2"	"2D"	"3/2"	"3d.4s.(1D).5p"	"2D*"	"5/2"		"T3038"	"L4189c12"	
"231.4761"	"0.0003"	""	""	"4"	""		""	""	""	""	""	""	""	""		""	"L4189c12"	
"231.5293"	"0.0003"	""	""	"2"	""		""	""	""	""	""	""	""	""		""	"L4189c12"	
"231.6399"	"0.0003"	"231.63999"	"0.00010"	"5g"	"2.5e+07"	C	"0.0000"	"43170.439"	"3d.4s2"	"2D"	"3/2"	"3d.4s.(1D).5p"	"2D*"	"3/2"		"T3038"	"L4189c12"	
"231.9194"	"0.0003"	""	""	"4"	""		""	""	""	""	""	""	""	""		""	"L4189c12"	
"232.0427"	"0.0003"	""	""	"4"	""		""	""	""	""	""	""	""	""		""	"L4189c12"	
"232.0613"	"0.0003"	""	""	"2"	""		""	""	""	""	""	""	""	""		""	"L4189c12"	
"232.0939"	"0.0003"	""	""	"2"	""		""	""	""	""	""	""	""	""		""	"L4189c12"	
"232.1034"	"0.0003"	"232.10354"	"0.00008"	"5g"	"2.4e+07"	C	"168.3371"	"43252.557"	"3d.4s2"	"2D"	"5/2"	"3d.4s.(1D).5p"	"2D*"	"5/2"		"T3038"	"L4189c12"	
"232.5467"	"0.0003"	"232.54677"	"0.00010"	"4g"	"4.1e+06"	C	"168.3371"	"43170.439"	"3d.4s2"	"2D"	"5/2"	"3d.4s.(1D).5p"	"2D*"	"3/2"		"T3038"	"L4189c12"	
"232.7960"	"0.0003"	""	""	"4"	""		""	""	""	""	""	""	""	""		""	"L4189c12"	
"232.8464"	"0.0003"	""	""	"3"	""		""	""	""	""	""	""	""	""		""	"L4189c12"	
"232.8901"	"0.0003"	"232.88971"	"0.00013"	"5g"	"4.6e+06"	C	"0.0000"	"42938.78"	"3d.4s2"	"2D"	"3/2"	"3d.4s.(1D).5p"	"2F*"	"5/2"		"T3038"	"L4189c12"	
"233.1541"	"0.0003"	""	""	"3"	""		""	""	""	""	""	""	""	""		""	"L4189c12"	
"233.1651"	"0.0003"	""	""	"3"	""		""	""	""	""	""	""	""	""		""	"L4189c12"	
"233.2845"	"0.0003"	""	""	"4"	""		""	""	""	""	""	""	""	""		""	"L4189c12"	
"233.5387"	"0.0003"	"233.53869"	"0.00010"	"5g"	"1.7e+07"	C	"0.0000"	"42819.458"	"3d.4s2"	"2D"	"3/2"	"3d.4s.(1D).5p"	"2P*"	"1/2"		"T3038"	"L4189c12"	
"233.5881"	"0.0003"	"233.58776"	"0.00008"	"5g"	"3.6e+06"	C	"168.3371"	"42978.799"	"3d.4s2"	"2D"	"5/2"	"3d.4s.(1D).5p"	"2F*"	"7/2"		"T3038"	"L4189c12"	
"233.6478"	"0.0003"	""	""	"4"	""		""	""	""	""	""	""	""	""		""	"L4189c12"	
"233.7351"	"0.0003"	""	""	"3"	""		""	""	""	""	""	""	""	""		""	"L4189c12"	
"233.7423"	"0.0003"	""	""	"2"	""		""	""	""	""	""	""	""	""		""	"L4189c12"	
"233.7522"	"0.0003"	"233.75192"	"0.00009"	"4g"	"3.7e+06"	C	"0.0000"	"42780.397"	"3d.4s2"	"2D"	"3/2"	"3d.4s.(1D).5p"	"2P*"	"3/2"		"T3038"	"L4189c12"	
"233.8059"	"0.0003"	"233.80632"	"0.00013"	"2g"	""		"168.3371"	"42938.78"	"3d.4s2"	"2D"	"5/2"	"3d.4s.(1D).5p"	"2F*"	"5/2"		""	"L4189c12"	
"234.0919"	"0.0003"	""	""	"3"	""		""	""	""	""	""	""	""	""		""	"L4189c12"	
"234.4199"	"0.0003"	""	""	"2"	""		""	""	""	""	""	""	""	""		""	"L4189c12"	
"234.5203"	"0.0003"	""	""	"3"	""		""	""	""	""	""	""	""	""		""	"L4189c12"	
"234.6752"	"0.0003"	"234.67535"	"0.00009"	"5g"	"1.3e+07"	C	"168.3371"	"42780.397"	"3d.4s2"	"2D"	"5/2"	"3d.4s.(1D).5p"	"2P*"	"3/2"		"T3038"	"L4189c12"	
"234.7813"	"0.0003"	""	""	"3"	""		""	""	""	""	""	""	""	""		""	"L4189c12"	
"235.6931"	"0.0003"	""	""	"3"	""		""	""	""	""	""	""	""	""		""	"L4189c12"	
"235.8839"	"0.0003"	""	""	"4"	""		""	""	""	""	""	""	""	""		""	"L4189c12"	
"236.0734"	"0.0003"	""	""	"3"	""		""	""	""	""	""	""	""	""		""	"L4189c12"	
"236.8548"	"0.0003"	""	""	"2"	""		""	""	""	""	""	""	""	""		""	"L4189c12"	
"236.8871"	"0.0003"	""	""	"2"	""		""	""	""	""	""	""	""	""		""	"L4189c12"	
"237.3472"	"0.0003"	""	""	"4"	""		""	""	""	""	""	""	""	""		""	"L4189c12"	
"237.4362"	"0.0003"	""	""	"2"	""		""	""	""	""	""	""	""	""		""	"L4189c12"	
"237.7134"	"0.0003"	""	""	"4"	""		""	""	""	""	""	""	""	""		""	"L4189c12"	
"237.9476"	"0.0003"	""	""	"4"	""		""	""	""	""	""	""	""	""		""	"L4189c12"	
"239.8667"	"0.0003"	""	""	"3"	""		""	""	""	""	""	""	""	""		""	"L4189c12"	
"240.6688"	"0.0003"	""	""	"4"	""		""	""	""	""	""	""	""	""		""	"L4189c12"	
"241.2941"	"0.0003"	""	""	"3"	""		""	""	""	""	""	""	""	""		""	"L4189c12"	
"241.2981"	"0.0003"	""	""	"3"	""		""	""	""	""	""	""	""	""		""	"L4189c12"	
"241.4911"	"0.0003"	""	""	"3"	""		""	""	""	""	""	""	""	""		""	"L4189c12"	
"241.4949"	"0.0003"	""	""	"3"	""		""	""	""	""	""	""	""	""		""	"L4189c12"	
"242.5189"	"0.0003"	""	""	"3"	""		""	""	""	""	""	""	""	""		""	"L4189c12"	
"242.5465"	"0.0003"	""	""	"4"	""		""	""	""	""	""	""	""	""		""	"L4189c12"	
"242.9291"	"0.0003"	""	""	"4"	""		""	""	""	""	""	""	""	""		""	"L4189c12"	
"242.93945"	"0.00020"	"242.93953"	"0.00008"	"5g"	"2.07e+06"	C	"0.0000"	"41162.506"	"3d.4s2"	"2D"	"3/2"	"3d2.(3P).4p"	"2D*"	"5/2"		"T7574"	"L2110,L4189c12"	
"242.99316"	"0.00020"	"242.99321"	"0.00008"	"5g"	"2.82e+07"	C	"0.0000"	"41153.414"	"3d.4s2"	"2D"	"3/2"	"3d2.(3P).4p"	"2D*"	"3/2"		"T7574"	"L2110,L4189c12"	
"243.2966"	"0.0003"	""	""	"4"	""		""	""	""	""	""	""	""	""		""	"L4189c12"	
"243.3460"	"0.0003"	""	""	"4"	""		""	""	""	""	""	""	""	""		""	"L4189c12"	
"243.5762"	"0.0003"	""	""	"2"	""		""	""	""	""	""	""	""	""		""	"L4189c12"	
"243.93706"	"0.00020"	"243.93713"	"0.00008"	"5g"	"2.10e+07"	C	"168.3371"	"41162.506"	"3d.4s2"	"2D"	"5/2"	"3d2.(3P).4p"	"2D*"	"5/2"		"T7574"	"L2110,L4189c12"	
"243.99101"	"0.00015"	"243.99125"	"0.00008"	"5g"	"2.17e+06"	C	"168.3371"	"41153.414"	"3d.4s2"	"2D"	"5/2"	"3d2.(3P).4p"	"2D*"	"3/2"		"T7574"	"L2110,L4189c12"	
"244.4104"	"0.0003"	""	""	"2"	""		""	""	""	""	""	""	""	""		""	"L4189c12"	
"245.0150"	"0.0003"	""	""	"4"	""		""	""	""	""	""	""	""	""		""	"L4189c12"	
"245.2863"	"0.0003"	""	""	"2"	""		""	""	""	""	""	""	""	""		""	"L4189c12"	
"245.60732"	"0.00020"	"245.60722"	"0.00009"	"2g,a"	""		"0.0000"	"40715.416"	"3d.4s2"	"2D"	"3/2"	"3d.4s.(3D).5p"	"4P*"	"5/2"		""	"L2110"	
"246.03465"	"0.00020"	"246.03488"	"0.00008"	"3g,a"	""		"0.0000"	"40644.644"	"3d.4s2"	"2D"	"3/2"	"3d.4s.(3D).5p"	"4P*"	"3/2"		""	"L2110"	
"246.34165"	"0.00015"	"246.34171"	"0.00009"	"4g"	"2.08e+06"	C	"0.0000"	"40594.018"	"3d.4s2"	"2D"	"3/2"	"3d.4s.(3D).5p"	"2P*"	"3/2"		"T7574"	"L2110,L4189c12"	
"246.62676"	"0.00020"	"246.62689"	"0.00009"	"3g"	""		"168.3371"	"40715.416"	"3d.4s2"	"2D"	"5/2"	"3d.4s.(3D).5p"	"4P*"	"5/2"		""	"L2110,L4189c12"	
"246.9149"	"0.0003"	"246.91542"	"0.00012"	"5g"	"4.88e+06"	C	"0.0000"	"40499.698"	"3d.4s2"	"2D"	"3/2"	"3d.4s.(3D).5p"	"2P*"	"1/2"		"T7574"	"L4189c12"	
"247.05790"	"0.00020"	"247.05811"	"0.00008"	"4g"	""		"168.3371"	"40644.644"	"3d.4s2"	"2D"	"5/2"	"3d.4s.(3D).5p"	"4P*"	"3/2"		""	"L2110,L4189c12"	
"247.36756"	"0.00020"	"247.36751"	"0.00009"	"5g"	"2.92e+06"	C	"168.3371"	"40594.018"	"3d.4s2"	"2D"	"5/2"	"3d.4s.(3D).5p"	"2P*"	"3/2"		"T7574"	"L2110,L4189c12"	
"247.84799"	"0.00015"	"247.84792"	"0.00008"	"4g"	""		"0.0000"	"40347.323"	"3d.4s2"	"2D"	"3/2"	"3d.4s.(3D).5p"	"2D*"	"3/2"		""	"L2110,L4189c12"	
"248.86193"	"0.00023"	"248.86164"	"0.00009"	"4g*"	""		"168.3371"	"40351.308"	"3d.4s2"	"2D"	"5/2"	"3d.4s.(3D).5p"	"2D*"	"5/2"		""	"L2110,L4189c12"	
"248.86193"	"0.00023"	"248.86188"	"0.00012"	"4g*"	""		"0.0000"	"40182.932"	"3d.4s2"	"2D"	"3/2"	""	"*"	"3/2 or 5/2"		""	"L2110,L4189c12"	
"248.88636"	"0.00020"	"248.88632"	"0.00008"	"2g,a"	""		"168.3371"	"40347.323"	"3d.4s2"	"2D"	"5/2"	"3d.4s.(3D).5p"	"2D*"	"3/2"		""	"L2110"	
"249.20144"	"0.00020"	"249.20171"	"0.00008"	"3g,a"	""		"0.0000"	"40128.136"	"3d.4s2"	"2D"	"3/2"	"3d.4s.(3D).5p"	"4D*"	"5/2"		""	"L2110"	
"249.2148"	"0.0003"	""	""	"2"	""		""	""	""	""	""	""	""	""		""	"L4189c12"	
"249.35081"	"0.00020"	"249.35080"	"0.00008"	"4g"	""		"0.0000"	"40104.143"	"3d.4s2"	"2D"	"3/2"	"3d.4s.(3D).5p"	"2F*"	"5/2"		""	"L2110,L4189c12"	
"249.54127"	"0.00020"	"249.54152"	"0.00008"	"3g,a"	""		"0.0000"	"40073.492"	"3d.4s2"	"2D"	"3/2"	"3d.4s.(3D).5p"	"4D*"	"3/2"		""	"L2110"	
"249.90887"	"0.00015"	"249.90882"	"0.00013"	"0g,a"	""		"168.3371"	"40182.932"	"3d.4s2"	"2D"	"5/2"	""	"*"	"3/2 or 5/2"		""	"L2110"	
"250.06515"	"0.00020"	"250.06517"	"0.00008"	"2g,a"	""		"0.0000"	"39989.575"	"3d.4s2"	"2D"	"3/2"	"3d.4s.(3D).5p"	"4F*"	"5/2"		""	"L2110"	
"250.25119"	"0.00020"	"250.25151"	"0.00008"	"3g"	""		"168.3371"	"40128.136"	"3d.4s2"	"2D"	"5/2"	"3d.4s.(3D).5p"	"4D*"	"5/2"		""	"L2110,L4189c12"	
"250.40188"	"0.00020"	"250.40186"	"0.00008"	"3g,a"	""		"168.3371"	"40104.143"	"3d.4s2"	"2D"	"5/2"	"3d.4s.(3D).5p"	"2F*"	"5/2"		""	"L2110"	
"250.59397"	"0.00020"	"250.59419"	"0.00008"	"2g,a"	""		"168.3371"	"40073.492"	"3d.4s2"	"2D"	"5/2"	"3d.4s.(3D).5p"	"4D*"	"3/2"		""	"L2110"	
"251.12220"	"0.00020"	"251.12228"	"0.00008"	"1g,a"	""		"168.3371"	"39989.575"	"3d.4s2"	"2D"	"5/2"	"3d.4s.(3D).5p"	"4F*"	"5/2"		""	"L2110"	
"253.5882"	"0.0003"	""	""	"4"	""		""	""	""	""	""	""	""	""		""	"L4189c12"	
"254.8849"	"0.0003"	""	""	"4"	""		""	""	""	""	""	""	""	""		""	"L4189c12"	
"255.0346"	"0.0003"	""	""	"4"	""		""	""	""	""	""	""	""	""		""	"L4189c12"	
"255.0385"	"0.0003"	""	""	"2"	""		""	""	""	""	""	""	""	""		""	"L4189c12"	
"257.2169"	"0.0003"	""	""	"2"	""		""	""	""	""	""	""	""	""		""	"L4189c12"	
"258.9218"	"0.0003"	""	""	"3"	""		""	""	""	""	""	""	""	""		""	"L4189c12"	
"259.3213"	"0.0003"	""	""	"3"	""		""	""	""	""	""	""	""	""		""	"L4189c12"	
"259.5775"	"0.0003"	""	""	"2"	""		""	""	""	""	""	""	""	""		""	"L4189c12"	
"263.40145"	"0.00015"	"263.40142"	"0.00008"	"3g"	""		"0.0000"	"37964.868"	"3d.4s2"	"2D"	"3/2"	"3d2.(3P).4p"	"4P*"	"5/2"		""	"L2110,L4189c12"	
"263.79324"	"0.00015"	"263.79319"	"0.00008"	"3g"	""		"0.0000"	"37908.484"	"3d.4s2"	"2D"	"3/2"	"3d2.(3P).4p"	"4P*"	"3/2"		""	"L2110,L4189c12"	
"264.0066"	"0.0003"	"264.00705"	"0.00014"	"3g"	""		"0.0000"	"37877.776"	"3d.4s2"	"2D"	"3/2"	"3d2.(3P).4p"	"4P*"	"1/2"		""	"L4189c12"	
"264.2942"	"0.0003"	""	""	"1"	""		""	""	""	""	""	""	""	""		""	"L4189c12"	
"264.3646"	"0.0003"	""	""	"2"	""		""	""	""	""	""	""	""	""		""	"L4189c12"	
"264.57453"	"0.00015"	"264.57455"	"0.00008"	"3g"	""		"168.3371"	"37964.868"	"3d.4s2"	"2D"	"5/2"	"3d2.(3P).4p"	"4P*"	"5/2"		""	"L2110,L4189c12"	
"264.96966"	"0.00020"	"264.96982"	"0.00009"	"3g"	""		"168.3371"	"37908.484"	"3d.4s2"	"2D"	"5/2"	"3d2.(3P).4p"	"4P*"	"3/2"		""	"L2110,L4189c12"	
"266.7595"	"0.0002"	"266.75965"	"0.00012"	"0g,a"	""		"0.0000"	"37486.929"	"3d.4s2"	"2D"	"3/2"	"3d2.(3P).4p"	"4S*"	"3/2"		""	"L2110"	
"267.2270"	"0.0003"	""	""	"2"	""		""	""	""	""	""	""	""	""		""	"L4189c12"	
"267.5441"	"0.0003"	""	""	"4"	""		""	""	""	""	""	""	""	""		""	"L4189c12"	
"267.5652"	"0.0003"	"267.56579"	"0.00011"	"4"	""		"15041.902"	"52415.887"	"3d2.(3F).4s"	"2F"	"7/2"	""	"*"	"5/2"		""	"L4189c12"	
"267.8834"	"0.0003"	""	""	"4"	""		""	""	""	""	""	""	""	""		""	"L4189c12"	
"267.9630"	"0.0002"	"267.96295"	"0.00012"	"4g"	""		"168.3371"	"37486.929"	"3d.4s2"	"2D"	"5/2"	"3d2.(3P).4p"	"4S*"	"3/2"		""	"L2110,L4189c12"	
"268.9049"	"0.0003"	""	""	"3"	""		""	""	""	""	""	""	""	""		""	"L4189c12"	
"269.35728"	"0.00015"	"269.35723"	"0.00012"	"6g"	"1.61e+07"	C+	"0.0000"	"37125.419"	"3d.4s2"	"2D"	"3/2"	"3d2.(1D).4p"	"2P*"	"1/2"		"T5448"	"L2110,L4189c12"	
"269.64345"	"0.00015"	"269.64339"	"0.00009"	"5g"	"6.0e+05"	C+	"0.0000"	"37086.020"	"3d.4s2"	"2D"	"3/2"	"3d2.(1D).4p"	"2P*"	"3/2"		"T5448"	"L2110,L4189c12"	
"269.6829"	"0.0003"	""	""	"4"	""		""	""	""	""	""	""	""	""		""	"L4189c12"	
"269.9817"	"0.0002"	"269.98162"	"0.00010"	"6g"	"2.4e+06"	B	"0.0000"	"37039.559"	"3d.4s2"	"2D"	"3/2"	"3d2.(1D).4p"	"2D*"	"5/2"		"T5448"	"L2110,L4189c12"	
"270.5375"	"0.0004"	""	""	"2"	""		""	""	""	""	""	""	""	""		""	"L4189c12"	
"270.5877"	"0.0004"	""	""	"1"	""		""	""	""	""	""	""	""	""		""	"L4189c12"	
"270.6592"	"0.0004"	""	""	"2"	""		""	""	""	""	""	""	""	""		""	"L4189c12"	
"270.6890"	"0.0004"	""	""	"2"	""		""	""	""	""	""	""	""	""		""	"L4189c12"	
"270.75391"	"0.00015"	"270.75398"	"0.00008"	"6g"	"3.1e+07"	B	"0.0000"	"36933.899"	"3d.4s2"	"2D"	"3/2"	"3d2.(1D).4p"	"2D*"	"3/2"		"T5448"	"L2110,L4189c12"	
"270.87284"	"0.00015"	"270.87290"	"0.00009"	"6g"	"1.49e+07"	C+	"168.3371"	"37086.020"	"3d.4s2"	"2D"	"5/2"	"3d2.(1D).4p"	"2P*"	"3/2"		"T5448"	"L2110,L4189c12"	
"271.0306"	"0.0004"	""	""	"3"	""		""	""	""	""	""	""	""	""		""	"L4189c12"	
"271.0848"	"0.0004"	""	""	"5"	""		""	""	""	""	""	""	""	""		""	"L4189c12"	
"271.1513"	"0.0004"	""	""	"3"	""		""	""	""	""	""	""	""	""		""	"L4189c12"	
"271.2142"	"0.0002"	"271.21423"	"0.00010"	"6g"	"3.2e+07"	B	"168.3371"	"37039.559"	"3d.4s2"	"2D"	"5/2"	"3d2.(1D).4p"	"2D*"	"5/2"		"T5448"	"L2110,L4189c12"	
"271.2705"	"0.0004"	""	""	"2"	""		""	""	""	""	""	""	""	""		""	"L4189c12"	
"271.2952"	"0.0004"	"271.29526"	"0.00010"	"3g"	""		"0.0000"	"36860.209"	"3d.4s2"	"2D"	"3/2"	"3d2.(3P).4p"	"4D*"	"5/2"		""	"L4189c12"	
"271.3880"	"0.0004"	""	""	"2"	""		""	""	""	""	""	""	""	""		""	"L4189c12"	
"271.3975"	"0.0004"	""	""	"2"	""		""	""	""	""	""	""	""	""		""	"L4189c12"	
"271.5335"	"0.0004"	""	""	"3"	""		""	""	""	""	""	""	""	""		""	"L4189c12"	
"271.7858"	"0.0004"	"271.78607"	"0.00012"	"5g"	"3.58e+06"	C	"0.0000"	"36793.645"	"3d.4s2"	"2D"	"3/2"	"3d2.(3P).4p"	"4D*"	"3/2"		"T7574"	"L4189c12"	
"271.8072"	"0.0004"	"271.80790"	"0.00013"	"4g"	""		"168.3371"	"36959.027"	"3d.4s2"	"2D"	"5/2"	"3d2.(3P).4p"	"4D*"	"7/2"		""	"L4189c12"	
"271.9935"	"0.0002"	"271.99367"	"0.00009"	"5g"	"3.9e+05"	C+	"168.3371"	"36933.899"	"3d.4s2"	"2D"	"5/2"	"3d2.(1D).4p"	"2D*"	"3/2"		"T5448"	"L2110,L4189c12"	
"272.0037"	"0.0004"	"272.00378"	"0.00016"	"3g"	""		"0.0000"	"36764.195"	"3d.4s2"	"2D"	"3/2"	"3d2.(3P).4p"	"4D*"	"1/2"		""	"L4189c12"	
"272.3902"	"0.0004"	""	""	"2"	""		""	""	""	""	""	""	""	""		""	"L4189c12"	
"272.5401"	"0.0004"	"272.53992"	"0.00010"	"5g"	"1.57e+06"	C	"168.3371"	"36860.209"	"3d.4s2"	"2D"	"5/2"	"3d2.(3P).4p"	"4D*"	"5/2"		"T7574"	"L4189c12"	
"272.7288"	"0.0004"	"272.72914"	"0.00012"	"5g"	"1.21e+06"	C	"0.0000"	"36666.416"	"3d.4s2"	"2D"	"3/2"	"3d2.(1D).4p"	"2F*"	"5/2"		"T7574"	"L4189c12"	
"273.5096"	"0.0004"	"273.50971"	"0.00012"	"5g"	"9.1e+05"	C	"168.3371"	"36730.110"	"3d.4s2"	"2D"	"5/2"	"3d2.(1D).4p"	"2F*"	"7/2"		"T3038"	"L4189c12"	
"273.9867"	"0.0004"	"273.98702"	"0.00012"	"5g"	"5.6e+05"	C	"168.3371"	"36666.416"	"3d.4s2"	"2D"	"5/2"	"3d2.(1D).4p"	"2F*"	"5/2"		"T3038"	"L4189c12"	
"274.1805"	"0.0004"	""	""	"4"	""		""	""	""	""	""	""	""	""		""	"L4189c12"	
"276.1060"	"0.0004"	""	""	"4"	""		""	""	""	""	""	""	""	""		""	"L4189c12"	
"276.4213"	"0.0004"	""	""	"3"	""		""	""	""	""	""	""	""	""		""	"L4189c12"	
"278.7571"	"0.0004"	""	""	"2"	""		""	""	""	""	""	""	""	""		""	"L4189c12"	
"280.1542"	"0.0004"	""	""	"3"	""		""	""	""	""	""	""	""	""		""	"L4189c12"	
"282.9151"	"0.0004"	"282.91488"	"0.00023"	"1g"	""		"0.0000"	"35346.32"	"3d.4s2"	"2D"	"3/2"	"3d2.(3P).4p"	"2S*"	"1/2"		""	"L4189c12"	
"283.3013"	"0.0004"	""	""	"4"	""		""	""	""	""	""	""	""	""		""	"L4189c12"	
"283.6731"	"0.0004"	""	""	"4"	""		""	""	""	""	""	""	""	""		""	"L4189c12"	
"284.4247"	"0.0004"	""	""	"4"	""		""	""	""	""	""	""	""	""		""	"L4189c12"	
"285.0300"	"0.0004"	"285.03064"	"0.00020"	"2"	""		"11557.6556"	"46641.603"	"3d2.(3F).4s"	"4F"	"5/2"	"3d2.(3F).5p"	"4D*"	"7/2"		""	"L4189c12"	
"285.0905"	"0.0004"	""	""	"3"	""		""	""	""	""	""	""	""	""		""	"L4189c12"	
"285.4588"	"0.0004"	"285.45846"	"0.00020"	"3"	""		"11610.2357"	"46641.603"	"3d2.(3F).4s"	"4F"	"7/2"	"3d2.(3F).5p"	"4D*"	"7/2"		""	"L4189c12"	
"285.6100"	"0.0004"	"285.6108"	"0.0003"	"4"	""		"11557.6556"	"46570.34"	"3d2.(3F).4s"	"4F"	"5/2"	"3d2.(3F).5p"	"4D*"	"5/2"		""	"L4189c12"	
"285.6709"	"0.0004"	""	""	"4"	""		""	""	""	""	""	""	""	""		""	"L4189c12"	
"285.7346"	"0.0004"	"285.73397"	"0.00022"	"4"	""		"11519.9611"	"46517.55"	"3d2.(3F).4s"	"4F"	"3/2"	"3d2.(3F).5p"	"4D*"	"3/2"		""	"L4189c12"	
"285.9967"	"0.0004"	"285.9967"	"0.0004"	"4"	""		"11519.9611"	"46485.40"	"3d2.(3F).4s"	"4F"	"3/2"	"3d2.(3F).5p"	"4D*"	"1/2"		""	"L4189c12"	
"286.0068"	"0.0004"	"286.00609"	"0.00020"	"5"	""		"11677.3121"	"46641.603"	"3d2.(3F).4s"	"4F"	"9/2"	"3d2.(3F).5p"	"4D*"	"7/2"		""	"L4189c12"	
"286.0419"	"0.0004"	"286.0403"	"0.0003"	"5*"	""		"11610.2357"	"46570.34"	"3d2.(3F).4s"	"4F"	"7/2"	"3d2.(3F).5p"	"4D*"	"5/2"		""	"L4189c12"	
"286.0419"	"0.0004"	"286.04205"	"0.00022"	"5*"	""		"11557.6556"	"46517.55"	"3d2.(3F).4s"	"4F"	"5/2"	"3d2.(3F).5p"	"4D*"	"3/2"		""	"L4189c12"	
"286.8077"	"0.0004"	""	""	"1"	""		""	""	""	""	""	""	""	""		""	"L4189c12"	
"287.6093"	"0.0004"	""	""	"2"	""		""	""	""	""	""	""	""	""		""	"L4189c12"	
"287.6961"	"0.0004"	"287.6958"	"0.0003"	"2"	""		"11610.2357"	"46369.17"	"3d2.(3F).4s"	"4F"	"7/2"	"3d2.(3F).5p"	"4F*"	"9/2"		""	"L4189c12"	
"287.8908"	"0.0004"	"287.89061"	"0.00008"	"2"	""		"11519.9611"	"46255.377"	"3d2.(3F).4s"	"4F"	"3/2"	"3d2.(3F).5p"	"4F*"	"5/2"		""	"L4189c12"	
"288.0058"	"0.0004"	""	""	"3"	""		""	""	""	""	""	""	""	""		""	"L4189c12"	
"288.0446"	"0.0004"	""	""	"4"	""		""	""	""	""	""	""	""	""		""	"L4189c12"	
"288.1144"	"0.0004"	"288.11408"	"0.00023"	"3"	""		"11557.6556"	"46266.13"	"3d2.(3F).4s"	"4F"	"5/2"	"3d2.(3F).5p"	"4F*"	"7/2"		""	"L4189c12"	
"288.2033"	"0.0004"	"288.20336"	"0.00008"	"5"	""		"11557.6556"	"46255.377"	"3d2.(3F).4s"	"4F"	"5/2"	"3d2.(3F).5p"	"4F*"	"5/2"		""	"L4189c12"	
"288.2517"	"0.0004"	"288.2521"	"0.0003"	"3"	""		"11677.3121"	"46369.17"	"3d2.(3F).4s"	"4F"	"9/2"	"3d2.(3F).5p"	"4F*"	"9/2"		""	"L4189c12"	
"288.2940"	"0.0004"	"288.2941"	"0.0003"	"5"	""		"11519.9611"	"46206.76"	"3d2.(3F).4s"	"4F"	"3/2"	"3d2.(3F).5p"	"4F*"	"3/2"		""	"L4189c12"	
"288.5505"	"0.0004"	"288.55120"	"0.00023"	"4"	""		"11610.2357"	"46266.13"	"3d2.(3F).4s"	"4F"	"7/2"	"3d2.(3F).5p"	"4F*"	"7/2"		""	"L4189c12"	
"288.6078"	"0.0004"	"288.6077"	"0.0003"	"2"	""		"11557.6556"	"46206.76"	"3d2.(3F).4s"	"4F"	"5/2"	"3d2.(3F).5p"	"4F*"	"3/2"		""	"L4189c12"	
"288.6409"	"0.0004"	"288.64076"	"0.00008"	"3"	""		"11610.2357"	"46255.377"	"3d2.(3F).4s"	"4F"	"7/2"	"3d2.(3F).5p"	"4F*"	"5/2"		""	"L4189c12"	
"288.8953"	"0.0004"	""	""	"1"	""		""	""	""	""	""	""	""	""		""	"L4189c12"	
"289.1110"	"0.0004"	"289.11078"	"0.00023"	"2"	""		"11677.3121"	"46266.13"	"3d2.(3F).4s"	"4F"	"9/2"	"3d2.(3F).5p"	"4F*"	"7/2"		""	"L4189c12"	
"289.3349"	"0.0004"	""	""	"2"	""		""	""	""	""	""	""	""	""		""	"L4189c12"	
"289.5717"	"0.0004"	""	""	"5"	""		""	""	""	""	""	""	""	""		""	"L4189c12"	
"289.5993"	"0.0004"	""	""	"5"	""		""	""	""	""	""	""	""	""		""	"L4189c12"	
"289.7633"	"0.0004"	""	""	"3"	""		""	""	""	""	""	""	""	""		""	"L4189c12"	
"289.9169"	"0.0004"	""	""	"3"	""		""	""	""	""	""	""	""	""		""	"L4189c12"	
"290.0112"	"0.0004"	""	""	"3"	""		""	""	""	""	""	""	""	""		""	"L4189c12"	
"290.1365"	"0.0004"	""	""	"3"	""		""	""	""	""	""	""	""	""		""	"L4189c12"	
"291.1981"	"0.0004"	"291.19755"	"0.00008"	"1"	""		"11557.6556"	"45898.604"	"3d2.(3F).4s"	"4F"	"5/2"	""	"*"	"3/2"		""	"L4189c12"	
"291.3331"	"0.0004"	""	""	"2"	""		""	""	""	""	""	""	""	""		""	"L4189c12"	
"291.8601"	"0.0004"	""	""	"4"	""		""	""	""	""	""	""	""	""		""	"L4189c12"	
"291.8980"	"0.0004"	""	""	"1"	""		""	""	""	""	""	""	""	""		""	"L4189c12"	
"291.9262"	"0.0004"	""	""	"1"	""		""	""	""	""	""	""	""	""		""	"L4189c12"	
"292.0719"	"0.0004"	""	""	"4"	""		""	""	""	""	""	""	""	""		""	"L4189c12"	
"292.1378"	"0.0004"	""	""	"4"	""		""	""	""	""	""	""	""	""		""	"L4189c12"	
"292.1953"	"0.0004"	""	""	"4"	""		""	""	""	""	""	""	""	""		""	"L4189c12"	
"292.5023"	"0.0004"	""	""	"5"	""		""	""	""	""	""	""	""	""		""	"L4189c12"	
"292.5165"	"0.0004"	""	""	"4"	""		""	""	""	""	""	""	""	""		""	"L4189c12"	
"292.8009"	"0.0004"	""	""	"1"	""		""	""	""	""	""	""	""	""		""	"L4189c12"	
"293.0319"	"0.0004"	""	""	"1"	""		""	""	""	""	""	""	""	""		""	"L4189c12"	
"293.0968"	"0.0004"	""	""	"1"	""		""	""	""	""	""	""	""	""		""	"L4189c12"	
"293.1663"	"0.0004"	""	""	"1"	""		""	""	""	""	""	""	""	""		""	"L4189c12"	
"293.3366"	"0.0004"	"293.3367"	"0.0003"	"5"	""		"11519.9611"	"45610.48"	"3d2.(3F).4s"	"4F"	"3/2"	"3d2.(3F).5p"	"4G*"	"5/2"		""	"L4189c12"	
"293.3636"	"0.0004"	"293.3640"	"0.0003"	"5"	""		"11557.6556"	"45645.00"	"3d2.(3F).4s"	"4F"	"5/2"	"3d2.(3F).5p"	"4G*"	"7/2"		""	"L4189c12"	
"293.3946"	"0.0004"	"293.3946"	"0.0004"	"5"	""		"11677.3121"	"45761.10"	"3d2.(3F).4s"	"4F"	"9/2"	"3d2.(3F).5p"	"4G*"	"11/2"		""	"L4189c12"	
"293.4188"	"0.0004"	"293.4189"	"0.0003"	"5"	""		"11610.2357"	"45691.20"	"3d2.(3F).4s"	"4F"	"7/2"	"3d2.(3F).5p"	"4G*"	"9/2"		""	"L4189c12"	
"293.5021"	"0.0004"	"293.50403"	"0.00014"	"2i"	""		"17255.076"	"51326.158"	"3d2.(3P).4s"	"4P"	"3/2"	""	"*"	"3/2 or 5/2"		""	"L4189c12,c153"	
"293.6616"	"0.0004"	"293.6614"	"0.0003"	"3"	""		"11557.6556"	"45610.48"	"3d2.(3F).4s"	"4F"	"5/2"	"3d2.(3F).5p"	"4G*"	"5/2"		""	"L4189c12"	
"293.8176"	"0.0004"	"293.8172"	"0.0003"	"2"	""		"11610.2357"	"45645.00"	"3d2.(3F).4s"	"4F"	"7/2"	"3d2.(3F).5p"	"4G*"	"7/2"		""	"L4189c12"	
"293.9978"	"0.0004"	"293.9976"	"0.0003"	"2"	""		"11677.3121"	"45691.20"	"3d2.(3F).4s"	"4F"	"9/2"	"3d2.(3F).5p"	"4G*"	"9/2"		""	"L4189c12"	
"294.2142"	"0.0004"	""	""	"1"	""		""	""	""	""	""	""	""	""		""	"L4189c12"	
"294.3940"	"0.0004"	""	""	"3"	""		""	""	""	""	""	""	""	""		""	"L4189c12"	
"294.6107"	"0.0004"	""	""	"3"	""		""	""	""	""	""	""	""	""		""	"L4189c12"	
"294.6225"	"0.0004"	""	""	"2"	""		""	""	""	""	""	""	""	""		""	"L4189c12"	
"294.7753"	"0.0004"	"294.77639"	"0.00011"	"2"	""		"14926.061"	"48850.081"	"3d2.(3F).4s"	"2F"	"5/2"	""	"*"	"3/2 or 5/2"		""	"L4189c12"	
"294.8577"	"0.0004"	""	""	"1"	""		""	""	""	""	""	""	""	""		""	"L4189c12"	
"294.9853"	"0.0004"	"294.98582"	"0.00011"	"2"	""		"15041.902"	"48941.837"	"3d2.(3F).4s"	"2F"	"7/2"	""	"*"	"5/2"		""	"L4189c12"	
"295.8062"	"0.0004"	""	""	"1"	""		""	""	""	""	""	""	""	""		""	"L4189c12"	
"296.6099"	"0.0004"	""	""	"3"	""		""	""	""	""	""	""	""	""		""	"L4189c12"	
"296.67406"	"0.00015"	"296.67398"	"0.00008"	"6g"	"7.5e+06"	B	"0.0000"	"33707.034"	"3d.4s2"	"2D"	"3/2"	"3d2.(3F).4p"	"2D*"	"5/2"		"T5448"	"L2110,L4189c12"	
"297.0231"	"0.0004"	""	""	"1"	""		""	""	""	""	""	""	""	""		""	"L4189c12"	
"297.0471"	"0.0004"	""	""	"2"	""		""	""	""	""	""	""	""	""		""	"L4189c12"	
"297.48737"	"0.00015"	"297.48740"	"0.00009"	"6g"	"5.5e+07"	C+	"0.0000"	"33614.869"	"3d.4s2"	"2D"	"3/2"	"3d2.(3F).4p"	"2D*"	"3/2"		"T5448"	"L2110,L4189c12"	
"297.9350"	"0.0004"	""	""	"2"	""		""	""	""	""	""	""	""	""		""	"L4189c12"	
"297.9812"	"0.0004"	""	""	"1"	""		""	""	""	""	""	""	""	""		""	"L4189c12"	
"298.16293"	"0.00015"	"298.16305"	"0.00008"	"6g"	"5.4e+07"	C+	"168.3371"	"33707.034"	"3d.4s2"	"2D"	"5/2"	"3d2.(3F).4p"	"2D*"	"5/2"		"T5448"	"L2110,L4189c12"	
"298.2228"	"0.0004"	""	""	"2"	""		""	""	""	""	""	""	""	""		""	"L4189c12"	
"298.2335"	"0.0004"	""	""	"3"	""		""	""	""	""	""	""	""	""		""	"L4189c12"	
"298.2860"	"0.0004"	""	""	"3"	""		""	""	""	""	""	""	""	""		""	"L4189c12"	
"298.6338"	"0.0004"	""	""	"2"	""		""	""	""	""	""	""	""	""		""	"L4189c12"	
"298.6537"	"0.0004"	""	""	"3"	""		""	""	""	""	""	""	""	""		""	"L4189c12"	
"298.7864"	"0.0004"	""	""	"1"	""		""	""	""	""	""	""	""	""		""	"L4189c12"	
"298.8686"	"0.0004"	""	""	"3"	""		""	""	""	""	""	""	""	""		""	"L4189c12"	
"298.8768"	"0.0004"	""	""	"3"	""		""	""	""	""	""	""	""	""		""	"L4189c12"	
"298.9846"	"0.0002"	"298.98466"	"0.00009"	"6g"	"6.9e+06"	C+	"168.3371"	"33614.869"	"3d.4s2"	"2D"	"5/2"	"3d2.(3F).4p"	"2D*"	"3/2"		"T5448"	"L2110,L4189c12"	
"299.0833"	"0.0004"	""	""	"5"	""		""	""	""	""	""	""	""	""		""	"L4189c12"	
"299.1983"	"0.0004"	""	""	"5"	""		""	""	""	""	""	""	""	""		""	"L4189c12"	
"299.3128"	"0.0004"	""	""	"3"	""		""	""	""	""	""	""	""	""		""	"L4189c12"	
"299.3665"	"0.0004"	""	""	"5"	""		""	""	""	""	""	""	""	""		""	"L4189c12"	
"299.7576"	"0.0004"	""	""	"1"	""		""	""	""	""	""	""	""	""		""	"L4189c12"	
"300.1993"	"0.0004"	""	""	"5"	""		""	""	""	""	""	""	""	""		""	"L4189c12"	
"300.3516"	"0.0004"	""	""	"3"	""		""	""	""	""	""	""	""	""		""	"L4189c12"	
"300.3602"	"0.0004"	""	""	"2"	""		""	""	""	""	""	""	""	""		""	"L4189c12"	
"300.7293"	"0.0004"	""	""	"1"	""		""	""	""	""	""	""	""	""		""	"L4189c12"	
"300.7356"	"0.0004"	""	""	"3"	""		""	""	""	""	""	""	""	""		""	"L4189c12"	
"300.9800"	"0.0004"	""	""	"3"	""		""	""	""	""	""	""	""	""		""	"L4189c12"	
"301.6248"	"0.0002"	"301.62474"	"0.00007"	"6g"	"7.8e+07"	B+	"0.0000"	"33153.779"	"3d.4s2"	"2D"	"3/2"	"3d2.(3F).4p"	"2F*"	"5/2"		"T5448"	"L2110,L4189c12"	
"301.8795"	"0.0004"	""	""	"3"	""		""	""	""	""	""	""	""	""		""	"L4189c12"	
"301.9234"	"0.0004"	""	""	"3"	""		""	""	""	""	""	""	""	""		""	"L4189c12"	
"302.02370"	"0.00020"	"302.02326"	"0.00010"	"6g"	"8.7e+07"	B+	"168.3371"	"33278.370"	"3d.4s2"	"2D"	"5/2"	"3d2.(3F).4p"	"2F*"	"7/2"		"T5448"	"L2110,L4189c12"	
"302.4588"	"0.0004"	""	""	"2"	""		""	""	""	""	""	""	""	""		""	"L4189c12"	
"302.9624"	"0.0004"	""	""	"2"	""		""	""	""	""	""	""	""	""		""	"L4189c12"	
"303.16398"	"0.00015"	"303.16405"	"0.00007"	"6g"	"1.00e+07"	B+	"168.3371"	"33153.779"	"3d.4s2"	"2D"	"5/2"	"3d2.(3F).4p"	"2F*"	"5/2"		"T5448"	"L2110,L4189c12"	
"303.4653"	"0.0004"	""	""	"2"	""		""	""	""	""	""	""	""	""		""	"L4189c12"	
"303.5812"	"0.0004"	""	""	"3"	""		""	""	""	""	""	""	""	""		""	"L4189c12"	
"303.6043"	"0.0004"	""	""	"3"	""		""	""	""	""	""	""	""	""		""	"L4189c12"	
"303.6104"	"0.0004"	""	""	"3"	""		""	""	""	""	""	""	""	""		""	"L4189c12"	
"303.9621"	"0.0004"	"303.96261"	"0.00020"	"2"	""		"16021.7788"	"48920.562"	"3d.4s.(3D).4p"	"4D*"	"3/2"	""	"4P"	"5/2"		""	"L4189c12"	
"303.9710"	"0.0004"	"303.97132"	"0.00020"	"4"	""		"16022.7219"	"48920.562"	"3d.4s.(1D).4p"	"2D*"	"5/2"	""	"4P"	"5/2"		""	"L4189c12"	
"304.06581"	"0.00015"	"304.06579"	"0.00009"	"5g"	"5.31e+05"	C	"168.3371"	"33055.957"	"3d.4s2"	"2D"	"5/2"	"3d2.(3F).4p"	"2G*"	"7/2"		"T7574"	"L2110,L4189c12"	
"304.3231"	"0.0004"	"304.32337"	"0.00018"	"3"	""		"16009.7432"	"48869.527"	"3d.4s.(3D).4p"	"4D*"	"1/2"	""	"4P"	"3/2"		""	"L4189c12"	
"304.3312"	"0.0004"	""	""	"3"	""		""	""	""	""	""	""	""	""		""	"L4189c12"	
"304.3426"	"0.0004"	""	""	"2"	""		""	""	""	""	""	""	""	""		""	"L4189c12"	
"304.4348"	"0.0004"	"304.43487"	"0.00018"	"5"	""		"16021.7788"	"48869.527"	"3d.4s.(3D).4p"	"4D*"	"3/2"	""	"4P"	"3/2"		""	"L4189c12"	
"304.4437"	"0.0004"	"304.44361"	"0.00018"	"5"	""		"16022.7219"	"48869.527"	"3d.4s.(1D).4p"	"2D*"	"5/2"	""	"4P"	"3/2"		""	"L4189c12"	
"304.4898"	"0.0004"	""	""	"3"	""		""	""	""	""	""	""	""	""		""	"L4189c12"	
"304.5590"	"0.0004"	""	""	"4"	""		""	""	""	""	""	""	""	""		""	"L4189c12"	
"304.6722"	"0.0004"	""	""	"1"	""		""	""	""	""	""	""	""	""		""	"L4189c12"	
"304.6895"	"0.0004"	"304.68904"	"0.00023"	"5"	""		"16009.7432"	"48830.09"	"3d.4s.(3D).4p"	"4D*"	"1/2"	""	"4P"	"1/2"		""	"L4189c12"	
"304.8007"	"0.0004"	"304.80082"	"0.00023"	"5"	""		"16021.7788"	"48830.09"	"3d.4s.(3D).4p"	"4D*"	"3/2"	""	"4P"	"1/2"		""	"L4189c12"	
"305.0684"	"0.0004"	"305.06815"	"0.00020"	"5"	""		"16141.0012"	"48920.562"	"3d.4s.(3D).4p"	"4D*"	"5/2"	""	"4P"	"5/2"		""	"L4189c12"	
"305.1325"	"0.0004"	"305.13254"	"0.00018"	"5"	""		"16096.8834"	"48869.527"	"3d.4s.(1D).4p"	"2D*"	"3/2"	""	"4P"	"3/2"		""	"L4189c12"	
"305.1445"	"0.0004"	""	""	"4"	""		""	""	""	""	""	""	""	""		""	"L4189c12"	
"305.2080"	"0.0004"	""	""	"4"	""		""	""	""	""	""	""	""	""		""	"L4189c12"	
"305.2634"	"0.0004"	""	""	"4"	""		""	""	""	""	""	""	""	""		""	"L4189c12"	
"305.3937"	"0.0004"	""	""	"5"	""		""	""	""	""	""	""	""	""		""	"L4189c12"	
"305.4999"	"0.0004"	"305.50016"	"0.00023"	"4"	""		"16096.8834"	"48830.09"	"3d.4s.(1D).4p"	"2D*"	"3/2"	""	"4P"	"1/2"		""	"L4189c12"	
"305.5441"	"0.0004"	"305.54386"	"0.00018"	"5"	""		"16141.0012"	"48869.527"	"3d.4s.(3D).4p"	"4D*"	"5/2"	""	"4P"	"3/2"		""	"L4189c12"	
"305.6133"	"0.0004"	""	""	"4"	""		""	""	""	""	""	""	""	""		""	"L4189c12"	
"305.7198"	"0.0004"	"305.71926"	"0.00020"	"5"	""		"16210.8140"	"48920.562"	"3d.4s.(3D).4p"	"4D*"	"7/2"	""	"4P"	"5/2"		""	"L4189c12"	
"305.84035"	"0.00015"	"305.84025"	"0.00009"	"5g"	""		"0.0000"	"32696.808"	"3d.4s2"	"2D"	"3/2"	"3d2.(3F).4p"	"4D*"	"5/2"		""	"L2110,L4189c12"	
"306.0754"	"0.0004"	""	""	"3"	""		""	""	""	""	""	""	""	""		""	"L4189c12"	
"306.19184"	"0.00015"	"306.19164"	"0.00011"	"5g"	"8.7e+05"	C	"0.0000"	"32659.285"	"3d.4s2"	"2D"	"3/2"	"3d2.(3F).4p"	"4D*"	"3/2"		"T7574"	"L2110,L4189c12"	
"306.2973"	"0.0005"	""	""	"5"	""		""	""	""	""	""	""	""	""		""	"L4189c12"	
"306.3274"	"0.0005"	""	""	"3"	""		""	""	""	""	""	""	""	""		""	"L4189c12"	
"306.3970"	"0.0005"	"306.39687"	"0.00018"	"4g"	""		"0.0000"	"32637.409"	"3d.4s2"	"2D"	"3/2"	"3d2.(3F).4p"	"4D*"	"1/2"		""	"L4189c12"	
"306.4398"	"0.0005"	""	""	"1"	""		""	""	""	""	""	""	""	""		""	"L4189c12"	
"306.7516"	"0.0005"	""	""	"4"	""		""	""	""	""	""	""	""	""		""	"L4189c12"	
"306.7811"	"0.0005"	""	""	"2"	""		""	""	""	""	""	""	""	""		""	"L4189c12"	
"306.9075"	"0.0002"	"306.90722"	"0.00011"	"5g"	"5.6e+05"	C	"168.3371"	"32751.474"	"3d.4s2"	"2D"	"5/2"	"3d2.(3F).4p"	"4D*"	"7/2"		"T7574"	"L2110,L4189c12"	
"306.9633"	"0.0005"	""	""	"5"	""		""	""	""	""	""	""	""	""		""	"L4189c12"	
"306.9894"	"0.0005"	""	""	"5"	""		""	""	""	""	""	""	""	""		""	"L4189c12"	
"307.1473"	"0.0005"	""	""	"1"	""		""	""	""	""	""	""	""	""		""	"L4189c12"	
"307.1958"	"0.0005"	""	""	"2"	""		""	""	""	""	""	""	""	""		""	"L4189c12"	
"307.4232"	"0.0002"	"307.42300"	"0.00009"	"5g"	"7.4e+05"	C	"168.3371"	"32696.808"	"3d.4s2"	"2D"	"5/2"	"3d2.(3F).4p"	"4D*"	"5/2"		"T7574"	"L2110,L4189c12"	
"307.4655"	"0.0005"	""	""	"2"	""		""	""	""	""	""	""	""	""		""	"L4189c12"	
"308.1198"	"0.0005"	""	""	"2"	""		""	""	""	""	""	""	""	""		""	"L4189c12"	
"308.2118"	"0.0005"	""	""	"1"	""		""	""	""	""	""	""	""	""		""	"L4189c12"	
"308.2242"	"0.0005"	""	""	"2"	""		""	""	""	""	""	""	""	""		""	"L4189c12"	
"308.2613"	"0.0005"	""	""	"1"	""		""	""	""	""	""	""	""	""		""	"L4189c12"	
"308.3202"	"0.0005"	""	""	"1"	""		""	""	""	""	""	""	""	""		""	"L4189c12"	
"308.3572"	"0.0005"	""	""	"5"	""		""	""	""	""	""	""	""	""		""	"L4189c12"	
"308.4310"	"0.0005"	""	""	"3"	""		""	""	""	""	""	""	""	""		""	"L4189c12"	
"308.5718"	"0.0005"	""	""	"2"	""		""	""	""	""	""	""	""	""		""	"L4189c12"	
"308.6606"	"0.0005"	""	""	"2"	""		""	""	""	""	""	""	""	""		""	"L4189c12"	
"308.6777"	"0.0005"	""	""	"3"	""		""	""	""	""	""	""	""	""		""	"L4189c12"	
"308.7053"	"0.0005"	""	""	"2"	""		""	""	""	""	""	""	""	""		""	"L4189c12"	
"308.7522"	"0.0005"	"308.75190"	"0.00011"	"1"	""		"14926.061"	"47314.526"	"3d2.(3F).4s"	"2F"	"5/2"	"3d2.(3F).5p"	"2D*"	"5/2"		""	"L4189c12"	
"308.8464"	"0.0005"	""	""	"4"	""		""	""	""	""	""	""	""	""		""	"L4189c12"	
"309.0810"	"0.0005"	"309.08203"	"0.00015"	"3"	""		"20239.650"	"52593.521"	"3d2.(1G).4s"	"2G"	"7/2"	""	"*"	"5/2"		""	"L4189c12"	
"309.1030"	"0.0005"	""	""	"3"	""		""	""	""	""	""	""	""	""		""	"L4189c12"	
"309.1153"	"0.0005"	"309.11504"	"0.00021"	"1"	""		"16022.7219"	"48373.137"	"3d.4s.(1D).4p"	"2D*"	"5/2"	""	"4P"	"5/2"		""	"L4189c12"	
"309.1264"	"0.0005"	""	""	"3"	""		""	""	""	""	""	""	""	""		""	"L4189c12"	
"309.1466"	"0.0005"	""	""	"3"	""		""	""	""	""	""	""	""	""		""	"L4189c12"	
"309.3781"	"0.0005"	""	""	"1"	""		""	""	""	""	""	""	""	""		""	"L4189c12"	
"309.4544"	"0.0005"	"309.45485"	"0.00021"	"4"	""		"16009.7432"	"48324.635"	"3d.4s.(3D).4p"	"4D*"	"1/2"	""	"4P"	"3/2"		""	"L4189c12"	
"309.4851"	"0.0005"	""	""	"2"	""		""	""	""	""	""	""	""	""		""	"L4189c12"	
"309.5638"	"0.0005"	"309.56448"	"0.00011"	"5"	""		"14926.061"	"47229.509"	"3d2.(3F).4s"	"2F"	"5/2"	"3d2.(3F).5p"	"2D*"	"3/2"		""	"L4189c12"	
"309.5706"	"0.0005"	"309.57015"	"0.00021"	"3"	""		"16021.7788"	"48324.635"	"3d.4s.(3D).4p"	"4D*"	"3/2"	""	"4P"	"3/2"		""	"L4189c12"	
"309.7949"	"0.0005"	""	""	"1"	""		""	""	""	""	""	""	""	""		""	"L4189c12"	
"309.8600"	"0.0005"	"309.86015"	"0.00011"	"5"	""		"15041.902"	"47314.526"	"3d2.(3F).4s"	"2F"	"7/2"	"3d2.(3F).5p"	"2D*"	"5/2"		""	"L4189c12"	
"310.1742"	"0.0005"	""	""	"3"	""		""	""	""	""	""	""	""	""		""	"L4189c12"	
"310.2229"	"0.0005"	""	""	"2"	""		""	""	""	""	""	""	""	""		""	"L4189c12"	
"310.2489"	"0.0005"	"310.24938"	"0.00021"	"4"	""		"16141.0012"	"48373.137"	"3d.4s.(3D).4p"	"4D*"	"5/2"	""	"4P"	"5/2"		""	"L4189c12"	
"310.2924"	"0.0005"	"310.29158"	"0.00021"	"4"	""		"16096.8834"	"48324.635"	"3d.4s.(1D).4p"	"2D*"	"3/2"	""	"4P"	"3/2"		""	"L4189c12"	
"310.7276"	"0.0005"	"310.72499"	"0.00015"	"2"	""		"11677.3121"	"43860.111"	"3d2.(3F).4s"	"4F"	"9/2"	"3d2.(1G).4p"	"2F*"	"7/2"		""	"L4189c12,c153"	
"310.7325"	"0.0005"	""	""	"2"	""		""	""	""	""	""	""	""	""		""	"L4189c12"	
"310.9226"	"0.0005"	"310.92281"	"0.00021"	"5"	""		"16210.8140"	"48373.137"	"3d.4s.(3D).4p"	"4D*"	"7/2"	""	"4P"	"5/2"		""	"L4189c12"	
"311.6671"	"0.0005"	""	""	"4"	""		""	""	""	""	""	""	""	""		""	"L4189c12"	
"311.8363"	"0.0005"	""	""	"3"	""		""	""	""	""	""	""	""	""		""	"L4189c12"	
"311.8807"	"0.0005"	""	""	"3"	""		""	""	""	""	""	""	""	""		""	"L4189c12"	
"311.9016"	"0.0005"	""	""	"3"	""		""	""	""	""	""	""	""	""		""	"L4189c12"	
"312.4677"	"0.0005"	""	""	"2"	""		""	""	""	""	""	""	""	""		""	"L4189c12"	
"312.6888"	"0.0005"	""	""	"2"	""		""	""	""	""	""	""	""	""		""	"L4189c12"	
"312.9539"	"0.0005"	""	""	"1"	""		""	""	""	""	""	""	""	""		""	"L4189c12"	
"314.3987"	"0.0005"	"314.39873"	"0.00020"	"3"	""		"15756.5295"	"47563.274"	"3d.4s.(3D).4p"	"4F*"	"5/2"	"3d.4s.(3D).7s"	"4D"	"5/2"		""	"L4189c12"	
"314.4244"	"0.0005"	""	""	"3"	""		""	""	""	""	""	""	""	""		""	"L4189c12"	
"314.4330"	"0.0005"	"314.4327"	"0.0003"	"3"	""		"15672.5595"	"47475.87"	"3d.4s.(3D).4p"	"4F*"	"3/2"	"3d.4s.(3D).7s"	"4D"	"1/2"		""	"L4189c12"	
"314.7540"	"0.0005"	"314.7539"	"0.0003"	"1"	""		"15881.7082"	"47652.56"	"3d.4s.(3D).4p"	"4F*"	"7/2"	"3d.4s.(3D).7s"	"4D"	"7/2"		""	"L4189c12"	
"314.8168"	"0.0005"	""	""	"1"	""		""	""	""	""	""	""	""	""		""	"L4189c12"	
"314.8504"	"0.0005"	""	""	"4"	""		""	""	""	""	""	""	""	""		""	"L4189c12"	
"314.9519"	"0.0005"	"314.95239"	"0.00020"	"3"	""		"15756.5295"	"47507.36"	"3d.4s.(3D).4p"	"4F*"	"5/2"	"3d.4s.(3D).7s"	"4D"	"3/2"		""	"L4189c12"	
"315.4369"	"0.0005"	""	""	"3"	""		""	""	""	""	""	""	""	""		""	"L4189c12"	
"315.4513"	"0.0005"	""	""	"1"	""		""	""	""	""	""	""	""	""		""	"L4189c12"	
"315.6411"	"0.0005"	"315.64096"	"0.00020"	"3"	""		"15881.7082"	"47563.274"	"3d.4s.(3D).4p"	"4F*"	"7/2"	"3d.4s.(3D).7s"	"4D"	"5/2"		""	"L4189c12"	
"315.8569"	"0.0005"	""	""	"1"	""		""	""	""	""	""	""	""	""		""	"L4189c12"	
"315.9217"	"0.0005"	""	""	"1"	""		""	""	""	""	""	""	""	""		""	"L4189c12"	
"316.0274"	"0.0005"	""	""	"4"	""		""	""	""	""	""	""	""	""		""	"L4189c12"	
"316.1863"	"0.0005"	""	""	"4"	""		""	""	""	""	""	""	""	""		""	"L4189c12"	
"316.1962"	"0.0005"	"316.1955"	"0.0003"	"4"	""		"16026.5528"	"47652.56"	"3d.4s.(3D).4p"	"4F*"	"9/2"	"3d.4s.(3D).7s"	"4D"	"7/2"		""	"L4189c12"	
"317.0428"	"0.0005"	"317.04267"	"0.00021"	"1"	""		"16021.7788"	"47563.274"	"3d.4s.(3D).4p"	"4D*"	"3/2"	"3d.4s.(3D).7s"	"4D"	"5/2"		""	"L4189c12"	
"317.0521"	"0.0005"	"317.05215"	"0.00021"	"5"	""		"16022.7219"	"47563.274"	"3d.4s.(1D).4p"	"2D*"	"5/2"	"3d.4s.(3D).7s"	"4D"	"5/2"		""	"L4189c12"	
"317.0746"	"0.0005"	"317.07477"	"0.00014"	"1"	""		"17025.127"	"48563.429"	"3d2.(1D).4s"	"2D"	"3/2"	""	"*"	"3/2 or 5/2"		""	"L4189c12"	
"317.1833"	"0.0005"	""	""	"3"	""		""	""	""	""	""	""	""	""		""	"L4189c12"	
"317.1975"	"0.0005"	"317.19821"	"0.00023"	"3"	""		"16009.7432"	"47535.772"	"3d.4s.(3D).4p"	"4D*"	"1/2"	""	"4P"	"3/2"		""	"L4189c12"	
"317.3189"	"0.0005"	"317.31936"	"0.00023"	"2"	""		"16021.7788"	"47535.772"	"3d.4s.(3D).4p"	"4D*"	"3/2"	""	"4P"	"3/2"		""	"L4189c12"	
"317.3433"	"0.0005"	"317.3439"	"0.0003"	"2"	""		"16141.0012"	"47652.56"	"3d.4s.(3D).4p"	"4D*"	"5/2"	"3d.4s.(3D).7s"	"4D"	"7/2"		""	"L4189c12"	
"317.3635"	"0.0005"	""	""	"2"	""		""	""	""	""	""	""	""	""		""	"L4189c12"	
"317.4852"	"0.0005"	"317.4843"	"0.0003"	"2"	""		"16009.7432"	"47507.36"	"3d.4s.(3D).4p"	"4D*"	"1/2"	"3d.4s.(3D).7s"	"4D"	"3/2"		""	"L4189c12"	
"317.5460"	"0.0005"	"317.5461"	"0.0003"	"2"	""		"16022.7219"	"47514.21"	"3d.4s.(1D).4p"	"2D*"	"5/2"	""	"2G"	"7/2"		""	"L4189c12"	
"317.6054"	"0.0005"	"317.6057"	"0.0003"	"3"	""		"16021.7788"	"47507.36"	"3d.4s.(3D).4p"	"4D*"	"3/2"	"3d.4s.(3D).7s"	"4D"	"3/2"		""	"L4189c12"	
"317.6153"	"0.0005"	"317.6152"	"0.0003"	"3"	""		"16022.7219"	"47507.36"	"3d.4s.(1D).4p"	"2D*"	"5/2"	"3d.4s.(3D).7s"	"4D"	"3/2"		""	"L4189c12"	
"317.6711"	"0.0005"	"317.6716"	"0.0004"	"2"	""		"16009.7432"	"47488.79"	"3d.4s.(3D).4p"	"4D*"	"1/2"	""	"4P"	"1/2"		""	"L4189c12"	
"317.8018"	"0.0005"	"317.8021"	"0.0003"	"2"	""		"16009.7432"	"47475.87"	"3d.4s.(3D).4p"	"4D*"	"1/2"	"3d.4s.(3D).7s"	"4D"	"1/2"		""	"L4189c12"	
"317.8277"	"0.0005"	"317.8281"	"0.0003"	"1"	""		"16141.0012"	"47604.55"	"3d.4s.(3D).4p"	"4D*"	"5/2"	""	"4P"	"5/2"		""	"L4189c12"	
"317.9235"	"0.0005"	"317.9237"	"0.0003"	"2"	""		"16021.7788"	"47475.87"	"3d.4s.(3D).4p"	"4D*"	"3/2"	"3d.4s.(3D).7s"	"4D"	"1/2"		""	"L4189c12"	
"318.0481"	"0.0005"	"318.0485"	"0.0003"	"5"	""		"16210.8140"	"47652.56"	"3d.4s.(3D).4p"	"4D*"	"7/2"	"3d.4s.(3D).7s"	"4D"	"7/2"		""	"L4189c12"	
"318.2456"	"0.0005"	"318.24560"	"0.00021"	"3"	""		"16141.0012"	"47563.274"	"3d.4s.(3D).4p"	"4D*"	"5/2"	"3d.4s.(3D).7s"	"4D"	"5/2"		""	"L4189c12"	
"318.3060"	"0.0005"	""	""	"2"	""		""	""	""	""	""	""	""	""		""	"L4189c12"	
"318.3218"	"0.0005"	""	""	"1"	""		""	""	""	""	""	""	""	""		""	"L4189c12"	
"318.4436"	"0.0005"	"318.44355"	"0.00020"	"3"	""		"16022.7219"	"47425.462"	"3d.4s.(1D).4p"	"2D*"	"5/2"	""	"2D"	"5/2"		""	"L4189c12"	
"318.5241"	"0.0005"	"318.52438"	"0.00023"	"2"	""		"16141.0012"	"47535.772"	"3d.4s.(3D).4p"	"4D*"	"5/2"	""	"4P"	"3/2"		""	"L4189c12"	
"318.5348"	"0.0005"	"318.5349"	"0.0003"	"2"	""		"16210.8140"	"47604.55"	"3d.4s.(3D).4p"	"4D*"	"7/2"	""	"4P"	"5/2"		""	"L4189c12"	
"318.6958"	"0.0005"	""	""	"5"	""		""	""	""	""	""	""	""	""		""	"L4189c12"	
"318.9397"	"0.0005"	"318.93999"	"0.00021"	"2"	""		"16021.7788"	"47375.639"	"3d.4s.(3D).4p"	"4D*"	"3/2"	""	"2D"	"3/2"		""	"L4189c12"	
"318.9540"	"0.0005"	"318.95424"	"0.00021"	"2"	""		"16210.8140"	"47563.274"	"3d.4s.(3D).4p"	"4D*"	"7/2"	"3d.4s.(3D).7s"	"4D"	"5/2"		""	"L4189c12"	
"318.9831"	"0.0005"	"318.98301"	"0.00014"	"2"	""		"17012.753"	"48362.385"	"3d2.(1D).4s"	"2D"	"5/2"	""	"*"	"3/2 or 5/2"		""	"L4189c12"	
"319.3797"	"0.0005"	""	""	"3"	""		""	""	""	""	""	""	""	""		""	"L4189c12"	
"319.4119"	"0.0005"	""	""	"4"	""		""	""	""	""	""	""	""	""		""	"L4189c12"	
"319.4754"	"0.0010"	"319.47364"	"0.00015"	"4"	""		"11677.3121"	"42978.799"	"3d2.(3F).4s"	"4F"	"9/2"	"3d.4s.(1D).5p"	"2F*"	"7/2"		""	"L4189c12"	
"319.4975"	"0.0005"	""	""	"1"	""		""	""	""	""	""	""	""	""		""	"L4189c12"	
"319.5216"	"0.0005"	"319.52147"	"0.00016"	"1"	""		"17255.076"	"48551.877"	"3d2.(3P).4s"	"4P"	"3/2"	""	"*"	"3/2 or 5/2"		""	"L4189c12"	
"319.5805"	"0.0005"	"319.58078"	"0.00014"	"2"	""		"17307.069"	"48598.062"	"3d2.(3P).4s"	"4P"	"5/2"	""	"*"	"3/2 or 5/2"		""	"L4189c12"	
"319.6477"	"0.0005"	"319.64751"	"0.00021"	"3"	""		"16141.0012"	"47425.462"	"3d.4s.(3D).4p"	"4D*"	"5/2"	""	"2D"	"5/2"		""	"L4189c12"	
"319.7058"	"0.0005"	"319.70581"	"0.00021"	"3"	""		"16096.8834"	"47375.639"	"3d.4s.(1D).4p"	"2D*"	"3/2"	""	"2D"	"3/2"		""	"L4189c12"	
"319.7427"	"0.0005"	"319.74347"	"0.00014"	"2"	""		"17307.069"	"48582.141"	"3d2.(3P).4s"	"4P"	"5/2"	""	"*"	"3/2 or 5/2"		""	"L4189c12"	
"319.8296"	"0.0005"	""	""	"2"	""		""	""	""	""	""	""	""	""		""	"L4189c12"	
"320.1747"	"0.0005"	"320.17455"	"0.00019"	"4"	""		"15756.5295"	"46989.493"	"3d.4s.(3D).4p"	"4F*"	"5/2"	""	"2D"	"5/2"		""	"L4189c12"	
"320.2512"	"0.0005"	""	""	"2"	""		""	""	""	""	""	""	""	""		""	"L4189c12"	
"320.3506"	"0.0005"	"320.35080"	"0.00013"	"5g"	""		"0.0000"	"31215.780"	"3d.4s2"	"2D"	"3/2"	"3d2.(3F).4p"	"4F*"	"5/2"		""	"L4189c12"	
"320.3609"	"0.0005"	"320.36241"	"0.00021"	"2"	""		"16210.8140"	"47425.462"	"3d.4s.(3D).4p"	"4D*"	"7/2"	""	"2D"	"5/2"		""	"L4189c12"	
"320.3801"	"0.0005"	""	""	"2"	""		""	""	""	""	""	""	""	""		""	"L4189c12"	
"320.4098"	"0.0005"	"320.41001"	"0.00015"	"2"	""		"17255.076"	"48465.087"	"3d2.(3P).4s"	"4P"	"3/2"	""	"*"	"3/2"		""	"L4189c12"	
"320.4458"	"0.0005"	"320.44679"	"0.00020"	"5"	""		"17226.025"	"48432.454"	"3d2.(3P).4s"	"4P"	"1/2"	""	"*"	"3/2"		""	"L4189c12"	
"320.6088"	"0.0005"	""	""	"2"	""		""	""	""	""	""	""	""	""		""	"L4189c12"	
"320.6770"	"0.0005"	""	""	"3"	""		""	""	""	""	""	""	""	""		""	"L4189c12"	
"320.7942"	"0.0005"	"320.79433"	"0.00017"	"5g"	""		"0.0000"	"31172.621"	"3d.4s2"	"2D"	"3/2"	"3d2.(3F).4p"	"4F*"	"3/2"		""	"L4189c12"	
"320.8243"	"0.0005"	""	""	"2"	""		""	""	""	""	""	""	""	""		""	"L4189c12"	
"321.0184"	"0.0005"	"321.01854"	"0.00013"	"2"	""		"20719.833"	"51870.682"	"3d2.(3P).4s"	"2P"	"3/2"	""	"*"	"3/2 or 5/2"		""	"L4189c12"	
"321.0670"	"0.0005"	""	""	"2"	""		""	""	""	""	""	""	""	""		""	"L4189c12"	
"321.1858"	"0.0005"	""	""	"2"	""		""	""	""	""	""	""	""	""		""	"L4189c12"	
"321.4702"	"0.0005"	"321.47040"	"0.00014"	"5g"	""		"168.3371"	"31275.400"	"3d.4s2"	"2D"	"5/2"	"3d2.(3F).4p"	"4F*"	"7/2"		""	"L4189c12"	
"321.6200"	"0.0005"	""	""	"3"	""		""	""	""	""	""	""	""	""		""	"L4189c12"	
"321.7127"	"0.0005"	""	""	"1"	""		""	""	""	""	""	""	""	""		""	"L4189c12"	
"321.9638"	"0.0005"	""	""	"3"	""		""	""	""	""	""	""	""	""		""	"L4189c12"	
"322.0873"	"0.0005"	"322.08772"	"0.00013"	"5g"	""		"168.3371"	"31215.780"	"3d.4s2"	"2D"	"5/2"	"3d2.(3F).4p"	"4F*"	"5/2"		""	"L4189c12"	
"322.3671"	"0.0005"	""	""	"3"	""		""	""	""	""	""	""	""	""		""	"L4189c12"	
"322.5355"	"0.0005"	"322.53607"	"0.00017"	"4g"	""		"168.3371"	"31172.621"	"3d.4s2"	"2D"	"5/2"	"3d2.(3F).4p"	"4F*"	"3/2"		""	"L4189c12"	
"322.7694"	"0.0005"	""	""	"2"	""		""	""	""	""	""	""	""	""		""	"L4189c12"	
"322.9269"	"0.0005"	"322.92679"	"0.00019"	"5"	""		"16022.7219"	"46989.493"	"3d.4s.(1D).4p"	"2D*"	"5/2"	""	"2D"	"5/2"		""	"L4189c12"	
"323.1598"	"0.0005"	""	""	"3"	""		""	""	""	""	""	""	""	""		""	"L4189c12"	
"323.2082"	"0.0005"	"323.20972"	"0.00014"	"3i"	""		"20719.833"	"51659.497"	"3d2.(3P).4s"	"2P"	"3/2"	""	"*"	"3/2 or 5/2"		""	"L4189c12,c153"	
"323.2504"	"0.0005"	""	""	"4"	""		""	""	""	""	""	""	""	""		""	"L4189c12"	
"323.4397"	"0.0005"	"323.44050"	"0.00012"	"3"	""		"14926.061"	"45843.649"	"3d2.(3F).4s"	"2F"	"5/2"	""	"*"	"3/2 or 5/2"		""	"L4189c12"	
"323.6019"	"0.0005"	""	""	"4"	""		""	""	""	""	""	""	""	""		""	"L4189c12"	
"323.7004"	"0.0005"	"323.70035"	"0.00017"	"5"	""		"16021.7788"	"46914.547"	"3d.4s.(3D).4p"	"4D*"	"3/2"	""	"2D"	"3/2"		""	"L4189c12"	
"323.7222"	"0.0005"	""	""	"2"	""		""	""	""	""	""	""	""	""		""	"L4189c12"	
"323.9364"	"0.0005"	""	""	"4"	""		""	""	""	""	""	""	""	""		""	"L4189c12"	
"323.9833"	"0.0005"	""	""	"3"	""		""	""	""	""	""	""	""	""		""	"L4189c12"	
"324.1646"	"0.0005"	"324.16496"	"0.00020"	"5"	""		"16141.0012"	"46989.493"	"3d.4s.(3D).4p"	"4D*"	"5/2"	""	"2D"	"5/2"		""	"L4189c12"	
"324.4319"	"0.0005"	""	""	"3"	""		""	""	""	""	""	""	""	""		""	"L4189c12"	
"324.4728"	"0.0005"	""	""	"3"	""		""	""	""	""	""	""	""	""		""	"L4189c12"	
"324.4896"	"0.0005"	"324.48923"	"0.00017"	"5"	""		"16096.8834"	"46914.547"	"3d.4s.(1D).4p"	"2D*"	"3/2"	""	"2D"	"3/2"		""	"L4189c12"	
"324.6394"	"0.0005"	""	""	"2"	""		""	""	""	""	""	""	""	""		""	"L4189c12"	
"324.8452"	"0.0005"	""	""	"2"	""		""	""	""	""	""	""	""	""		""	"L4189c12"	
"325.3382"	"0.0005"	""	""	"3"	""		""	""	""	""	""	""	""	""		""	"L4189c12"	
"325.4331"	"0.0005"	""	""	"3"	""		""	""	""	""	""	""	""	""		""	"L4189c12"	
"325.6615"	"0.0005"	"325.66187"	"0.00013"	"6g"	"3.2e+07"	B+	"0.0000"	"30706.696"	"3d.4s2"	"2D"	"3/2"	"3d.4s.(3D).4p"	"2P*"	"3/2"		"T5448"	"L4189c12"	
"326.1197"	"0.0005"	""	""	"1"	""		""	""	""	""	""	""	""	""		""	"L4189c12"	
"326.1937"	"0.0005"	"326.19359"	"0.00020"	"5"	""		"15672.5595"	"46329.201"	"3d.4s.(3D).4p"	"4F*"	"3/2"	"3d.4s.(3D).5d"	"4F"	"3/2"		""	"L4189c12"	
"326.5589"	"0.0005"	"326.55958"	"0.00019"	"4"	""		"15756.5295"	"46378.813"	"3d.4s.(3D).4p"	"4F*"	"5/2"	""	"2F"	"5/2"		""	"L4189c12"	
"326.8202"	"0.0005"	"326.8204"	"0.0003"	"5"	""		"15756.5295"	"46354.372"	"3d.4s.(3D).4p"	"4F*"	"5/2"	"3d.4s.(3D).5d"	"4F"	"5/2"		""	"L4189c12"	
"326.8608"	"0.0005"	""	""	"3"	""		""	""	""	""	""	""	""	""		""	"L4189c12"	
"327.0840"	"0.0005"	"327.08425"	"0.00013"	"6g"	"3.13e+08"	B+	"0.0000"	"30573.163"	"3d.4s2"	"2D"	"3/2"	"3d.4s.(3D).4p"	"2P*"	"1/2"		"T5448"	"L4189c12"	
"327.4572"	"0.0005"	"327.45702"	"0.00013"	"6g"	"2.81e+08"	B+	"168.3371"	"30706.696"	"3d.4s2"	"2D"	"5/2"	"3d.4s.(3D).4p"	"2P*"	"3/2"		"T5448"	"L4189c12"	
"327.6373"	"0.0005"	"327.6373"	"0.0003"	"5"	""		"15881.7082"	"46403.267"	"3d.4s.(3D).4p"	"4F*"	"7/2"	"3d.4s.(3D).5d"	"4F"	"7/2"		""	"L4189c12"	
"327.7712"	"0.0005"	""	""	"1"	""		""	""	""	""	""	""	""	""		""	"L4189c12"	
"327.8996"	"0.0005"	"327.89998"	"0.00019"	"3"	""		"15881.7082"	"46378.813"	"3d.4s.(3D).4p"	"4F*"	"7/2"	""	"2F"	"5/2"		""	"L4189c12"	
"327.9450"	"0.0005"	"327.94624"	"0.00014"	"3"	""		"20681.410"	"51174.213"	"3d2.(3P).4s"	"2P"	"1/2"	""	"*"	"3/2"		""	"L4189c12"	
"328.1117"	"0.0005"	""	""	"5"	""		""	""	""	""	""	""	""	""		""	"L4189c12"	
"328.1722"	"0.0005"	""	""	"3"	""		""	""	""	""	""	""	""	""		""	"L4189c12"	
"328.2986"	"0.0005"	""	""	"3"	""		""	""	""	""	""	""	""	""		""	"L4189c12"	
"328.3379"	"0.0005"	""	""	"4"	""		""	""	""	""	""	""	""	""		""	"L4189c12"	
"328.5487"	"0.0005"	"328.54855"	"0.00021"	"5"	""		"16022.7219"	"46459.624"	"3d.4s.(1D).4p"	"2D*"	"5/2"	""	"2F"	"7/2"		""	"L4189c12"	
"328.5901"	"0.0005"	"328.58991"	"0.00021"	"2"	""		"16026.5528"	"46459.624"	"3d.4s.(3D).4p"	"4F*"	"9/2"	""	"2F"	"7/2"		""	"L4189c12"	
"328.6010"	"0.0005"	"328.6011"	"0.0004"	"5"	""		"16026.5528"	"46458.59"	"3d.4s.(3D).4p"	"4F*"	"9/2"	"3d.4s.(3D).5d"	"4F"	"9/2"		""	"L4189c12"	
"328.7549"	"0.0005"	""	""	"2"	""		""	""	""	""	""	""	""	""		""	"L4189c12"	
"328.8096"	"0.0005"	"328.81036"	"0.00021"	"5"	""		"16210.8140"	"46623.481"	"3d.4s.(3D).4p"	"4D*"	"7/2"	""	"4P"	"5/2"		""	"L4189c12"	
"328.9095"	"0.0005"	""	""	"2"	""		""	""	""	""	""	""	""	""		""	"L4189c12"	
"329.1100"	"0.0005"	""	""	"4"	""		""	""	""	""	""	""	""	""		""	"L4189c12"	
"329.1580"	"0.0005"	"329.1580"	"0.0003"	"5"	""		"16022.7219"	"46403.267"	"3d.4s.(1D).4p"	"2D*"	"5/2"	"3d.4s.(3D).5d"	"4F"	"7/2"		""	"L4189c12"	
"329.3904"	"0.0005"	""	""	"3"	""		""	""	""	""	""	""	""	""		""	"L4189c12"	
"329.6785"	"0.0005"	"329.6784"	"0.0003"	"5"	""		"16021.7788"	"46354.372"	"3d.4s.(3D).4p"	"4D*"	"3/2"	"3d.4s.(3D).5d"	"4F"	"5/2"		""	"L4189c12"	
"329.8217"	"0.0005"	"329.8212"	"0.0003"	"5"	""		"16009.7432"	"46329.201"	"3d.4s.(3D).4p"	"4D*"	"1/2"	"3d.4s.(3D).5d"	"4F"	"3/2"		""	"L4189c12"	
"329.8310"	"0.0005"	"329.83029"	"0.00021"	"5"	""		"16141.0012"	"46459.624"	"3d.4s.(3D).4p"	"4D*"	"5/2"	""	"2F"	"7/2"		""	"L4189c12"	
"329.9520"	"0.0005"	"329.9522"	"0.0003"	"3"	""		"16021.7788"	"46329.201"	"3d.4s.(3D).4p"	"4D*"	"3/2"	"3d.4s.(3D).5d"	"4F"	"3/2"		""	"L4189c12"	
"330.2303"	"0.0005"	"330.22995"	"0.00020"	"5"	""		"16096.8834"	"46378.813"	"3d.4s.(1D).4p"	"2D*"	"3/2"	""	"2F"	"5/2"		""	"L4189c12"	
"330.3326"	"0.0005"	"330.33290"	"0.00023"	"3"	""		"15672.5595"	"45945.051"	"3d.4s.(3D).4p"	"4F*"	"3/2"	"3d.4s.(3D).5d"	"4D"	"5/2"		""	"L4189c12"	
"330.4447"	"0.0005"	"330.4445"	"0.0003"	"5"	""		"16141.0012"	"46403.267"	"3d.4s.(3D).4p"	"4D*"	"5/2"	"3d.4s.(3D).5d"	"4F"	"7/2"		""	"L4189c12"	
"330.4684"	"0.0005"	"330.46932"	"0.00020"	"3"	""		"15756.5295"	"46016.525"	"3d.4s.(3D).4p"	"4F*"	"5/2"	"3d.4s.(3D).5d"	"4D"	"7/2"		""	"L4189c12"	
"330.5185"	"0.0005"	"330.52126"	"0.00023"	"5"	""		"15672.5595"	"45927.799"	"3d.4s.(3D).4p"	"4F*"	"3/2"	"3d2.(3F).4d"	"4D"	"1/2"		""	"L4189c12,c153"	
"330.6029"	"0.0005"	"330.6028"	"0.0004"	"5"	""		"16210.8140"	"46458.59"	"3d.4s.(3D).4p"	"4D*"	"7/2"	"3d.4s.(3D).5d"	"4F"	"9/2"		""	"L4189c12"	
"330.7114"	"0.0005"	"330.71176"	"0.00020"	"4"	""		"16141.0012"	"46378.813"	"3d.4s.(3D).4p"	"4D*"	"5/2"	""	"2F"	"5/2"		""	"L4189c12"	
"330.7715"	"0.0005"	"330.7719"	"0.0003"	"4"	""		"16096.8834"	"46329.201"	"3d.4s.(1D).4p"	"2D*"	"3/2"	"3d.4s.(3D).5d"	"4F"	"3/2"		""	"L4189c12"	
"330.8251"	"0.0005"	"330.82500"	"0.00021"	"5"	""		"15672.5595"	"45900.021"	"3d.4s.(3D).4p"	"4F*"	"3/2"	"3d.4s.(3D).5d"	"4D"	"3/2"		""	"L4189c12"	
"330.9710"	"0.0005"	"330.97235"	"0.00018"	"5"	""		"15672.5595"	"45886.564"	"3d.4s.(3D).4p"	"4F*"	"3/2"	"3d.4s.(3D).5d"	"4G"	"5/2"		""	"L4189c12"	
"331.0974"	"0.0005"	"331.0973"	"0.0003"	"5"	""		"15672.5595"	"45875.16"	"3d.4s.(3D).4p"	"4F*"	"3/2"	"3d.4s.(3D).5d"	"4D"	"1/2"		""	"L4189c12"	
"331.2084"	"0.0005"	"331.2086"	"0.0003"	"4"	""		"16210.8140"	"46403.267"	"3d.4s.(3D).4p"	"4D*"	"7/2"	"3d.4s.(3D).5d"	"4F"	"7/2"		""	"L4189c12"	
"331.2516"	"0.0005"	"331.25173"	"0.00023"	"5"	""		"15756.5295"	"45945.051"	"3d.4s.(3D).4p"	"4F*"	"5/2"	"3d.4s.(3D).5d"	"4D"	"5/2"		""	"L4189c12"	
"331.4050"	"0.0005"	"331.4045"	"0.0003"	"5"	""		"15756.5295"	"45931.136"	"3d.4s.(3D).4p"	"4F*"	"5/2"	"3d.4s.(3D).5d"	"4G"	"7/2"		""	"L4189c12"	
"331.5547"	"0.0005"	"331.55462"	"0.00020"	"3"	""		"15881.7082"	"46042.651"	"3d.4s.(3D).4p"	"4F*"	"7/2"	"3d2.(3F).4d"	"4D"	"7/2"		""	"L4189c12"	
"331.6185"	"0.0005"	""	""	"1"	""		""	""	""	""	""	""	""	""		""	"L4189c12"	
"331.6591"	"0.0005"	""	""	"3"	""		""	""	""	""	""	""	""	""		""	"L4189c12"	
"331.7468"	"0.0005"	"331.74657"	"0.00021"	"5"	""		"15756.5295"	"45900.021"	"3d.4s.(3D).4p"	"4F*"	"5/2"	"3d.4s.(3D).5d"	"4D"	"3/2"		""	"L4189c12"	
"331.8413"	"0.0005"	"331.84207"	"0.00020"	"5"	""		"15881.7082"	"46016.525"	"3d.4s.(3D).4p"	"4F*"	"7/2"	"3d.4s.(3D).5d"	"4D"	"7/2"		""	"L4189c12"	
"331.8945"	"0.0005"	"331.89474"	"0.00018"	"5"	""		"15756.5295"	"45886.564"	"3d.4s.(3D).4p"	"4F*"	"5/2"	"3d.4s.(3D).5d"	"4G"	"5/2"		""	"L4189c12"	
"331.9882"	"0.0005"	"331.9886"	"0.0003"	"4"	""		"15756.5295"	"45878.05"	"3d.4s.(3D).4p"	"4F*"	"5/2"	"3d2.(3F).4d"	"4H"	"7/2"		""	"L4189c12"	
"332.1119"	"0.0005"	""	""	"2"	""		""	""	""	""	""	""	""	""		""	"L4189c12"	
"332.1467"	"0.0005"	"332.1464"	"0.0003"	"5"	""		"15881.7082"	"45988.912"	"3d.4s.(3D).4p"	"4F*"	"7/2"	"3d.4s.(3D).5d"	"4G"	"9/2"		""	"L4189c12"	
"332.2099"	"0.0005"	"332.20942"	"0.00017"	"4"	""		"15881.7082"	"45983.203"	"3d.4s.(3D).4p"	"4F*"	"7/2"	"3d2.(3F).4d"	"4D"	"5/2"		""	"L4189c12"	
"332.2535"	"0.0005"	""	""	"4"	""		""	""	""	""	""	""	""	""		""	"L4189c12"	
"332.5041"	"0.0005"	""	""	"4"	""		""	""	""	""	""	""	""	""		""	"L4189c12"	
"332.6313"	"0.0005"	"332.63101"	"0.00023"	"5"	""		"15881.7082"	"45945.051"	"3d.4s.(3D).4p"	"4F*"	"7/2"	"3d.4s.(3D).5d"	"4D"	"5/2"		""	"L4189c12"	
"332.7852"	"0.0005"	"332.7850"	"0.0003"	"5"	""		"15881.7082"	"45931.136"	"3d.4s.(3D).4p"	"4F*"	"7/2"	"3d.4s.(3D).5d"	"4G"	"7/2"		""	"L4189c12"	
"332.8534"	"0.0005"	"332.8539"	"0.0003"	"5"	""		"15672.5595"	"45715.771"	"3d.4s.(3D).4p"	"4F*"	"3/2"	"3d2.(3F).4d"	"4G"	"5/2"		""	"L4189c12"	
"333.0335"	"0.0005"	"333.0341"	"0.0003"	"5"	""		"16026.5528"	"46053.51"	"3d.4s.(3D).4p"	"4F*"	"9/2"	"3d.4s.(3D).5d"	"4G"	"11/2"		""	"L4189c12"	
"333.1115"	"0.0005"	"333.11205"	"0.00021"	"1"	""		"16022.7219"	"46042.651"	"3d.4s.(1D).4p"	"2D*"	"5/2"	"3d2.(3F).4d"	"4D"	"7/2"		""	"L4189c12"	
"333.1220"	"0.0005"	""	""	"1"	""		""	""	""	""	""	""	""	""		""	"L4189c12"	
"333.1549"	"0.0005"	"333.15456"	"0.00021"	"5"	""		"16026.5528"	"46042.651"	"3d.4s.(3D).4p"	"4F*"	"9/2"	"3d2.(3F).4d"	"4D"	"7/2"		""	"L4189c12"	
"333.1663"	"0.0005"	"333.16671"	"0.00018"	"1"	""		"17025.127"	"47040.131"	"3d2.(1D).4s"	"2D"	"3/2"	""	"*"	"5/2"		""	"L4189c12"	
"333.2458"	"0.0005"	""	""	"3"	""		""	""	""	""	""	""	""	""		""	"L4189c12"	
"333.3381"	"0.0005"	""	""	"3"	""		""	""	""	""	""	""	""	""		""	"L4189c12"	
"333.3809"	"0.0005"	"333.38068"	"0.00023"	"5"	""		"15756.5295"	"45752.269"	"3d.4s.(3D).4p"	"4F*"	"5/2"	"3d2.(3F).4d"	"4G"	"7/2"		""	"L4189c12"	
"333.4446"	"0.0005"	"333.44479"	"0.00020"	"5"	""		"16026.5528"	"46016.525"	"3d.4s.(3D).4p"	"4F*"	"9/2"	"3d.4s.(3D).5d"	"4D"	"7/2"		""	"L4189c12"	
"333.4826"	"0.0005"	"333.48321"	"0.00016"	"2"	""		"15672.5595"	"45659.077"	"3d.4s.(3D).4p"	"4F*"	"3/2"	"3d.(2D).4p2.(3P)"	"4D"	"5/2"		""	"L4189c12"	
"333.5482"	"0.0005"	"333.54880"	"0.00016"	"2"	""		"15756.5295"	"45737.150"	"3d.4s.(3D).4p"	"4F*"	"5/2"	"3d.(2D).4p2.(3P)"	"4D"	"7/2"		""	"L4189c12"	
"333.7117"	"0.0005"	""	""	"3"	""		""	""	""	""	""	""	""	""		""	"L4189c12"	
"333.7516"	"0.0005"	"333.7521"	"0.0003"	"3"	""		"16026.5528"	"45988.912"	"3d.4s.(3D).4p"	"4F*"	"9/2"	"3d.4s.(3D).5d"	"4G"	"9/2"		""	"L4189c12"	
"333.7623"	"0.0005"	"333.76251"	"0.00016"	"3"	""		"16021.7788"	"45983.203"	"3d.4s.(3D).4p"	"4D*"	"3/2"	"3d2.(3F).4d"	"4D"	"5/2"		""	"L4189c12"	
"333.7728"	"0.0005"	"333.77301"	"0.00016"	"3"	""		"16022.7219"	"45983.203"	"3d.4s.(1D).4p"	"2D*"	"5/2"	"3d2.(3F).4d"	"4D"	"5/2"		""	"L4189c12"	
"333.7859"	"0.0005"	"333.7868"	"0.0003"	"5"	""		"15756.5295"	"45715.771"	"3d.4s.(3D).4p"	"4F*"	"5/2"	"3d2.(3F).4d"	"4G"	"5/2"		""	"L4189c12"	
"334.0275"	"0.0005"	"334.02814"	"0.00022"	"4"	""		"16009.7432"	"45947.341"	"3d.4s.(3D).4p"	"4D*"	"1/2"	"3d2.(3F).4d"	"4D"	"3/2"		""	"L4189c12"	
"334.0765"	"0.0005"	"334.07699"	"0.00020"	"5"	""		"15672.5595"	"45605.779"	"3d.4s.(3D).4p"	"4F*"	"3/2"	"3d.(2D).4p2.(3P)"	"4D"	"3/2"		""	"L4189c12"	
"334.1128"	"0.0005"	""	""	"3"	""		""	""	""	""	""	""	""	""		""	"L4189c12"	
"334.1621"	"0.0005"	"334.16248"	"0.00022"	"4"	""		"16021.7788"	"45947.341"	"3d.4s.(3D).4p"	"4D*"	"3/2"	"3d2.(3F).4d"	"4D"	"3/2"		""	"L4189c12"	
"334.1975"	"0.0005"	"334.19746"	"0.00022"	"5"	""		"15881.7082"	"45804.138"	"3d.4s.(3D).4p"	"4F*"	"7/2"	"3d2.(3F).4d"	"4G"	"9/2"		""	"L4189c12"	
"334.2463"	"0.0005"	"334.24632"	"0.00023"	"4"	""		"16009.7432"	"45927.799"	"3d.4s.(3D).4p"	"4D*"	"1/2"	"3d2.(3F).4d"	"4D"	"1/2"		""	"L4189c12"	
"334.3534"	"0.0005"	"334.3541"	"0.0003"	"4"	""		"16022.7219"	"45931.136"	"3d.4s.(1D).4p"	"2D*"	"5/2"	"3d.4s.(3D).5d"	"4G"	"7/2"		""	"L4189c12"	
"334.3661"	"0.0005"	""	""	"2"	""		""	""	""	""	""	""	""	""		""	"L4189c12"	
"334.3805"	"0.0005"	"334.38083"	"0.00023"	"2"	""		"16021.7788"	"45927.799"	"3d.4s.(3D).4p"	"4D*"	"3/2"	"3d2.(3F).4d"	"4D"	"1/2"		""	"L4189c12"	
"334.4194"	"0.0005"	"334.41967"	"0.00016"	"10bl"	""		"15756.5295"	"45659.077"	"3d.4s.(3D).4p"	"4F*"	"5/2"	"3d.(2D).4p2.(3P)"	"4D"	"5/2"		""	"L4189c12"	
"334.4251"	"0.0005"	"334.4250"	"0.0003"	"5"	""		"15672.5595"	"45574.626"	"3d.4s.(3D).4p"	"4F*"	"3/2"	"3d.(2D).4p2.(3P)"	"4D"	"1/2"		""	"L4189c12"	
"334.6011"	"0.0005"	"334.60125"	"0.00016"	"4"	""		"16096.8834"	"45983.203"	"3d.4s.(1D).4p"	"2D*"	"3/2"	"3d2.(3F).4d"	"4D"	"5/2"		""	"L4189c12"	
"334.6419"	"0.0005"	""	""	"3"	""		""	""	""	""	""	""	""	""		""	"L4189c12"	
"334.6911"	"0.0005"	"334.69171"	"0.00021"	"3"	""		"16021.7788"	"45900.021"	"3d.4s.(3D).4p"	"4D*"	"3/2"	"3d.4s.(3D).5d"	"4D"	"3/2"		""	"L4189c12"	
"334.7770"	"0.0005"	"334.77778"	"0.00024"	"3"	""		"15881.7082"	"45752.269"	"3d.4s.(3D).4p"	"4F*"	"7/2"	"3d2.(3F).4d"	"4G"	"7/2"		""	"L4189c12"	
"334.9244"	"0.0005"	"334.9245"	"0.0003"	"3"	""		"18515.665"	"48373.137"	"3d.4s.(3D).4p"	"4P*"	"3/2"	""	"4P"	"5/2"		""	"L4189c12"	
"334.9480"	"0.0005"	"334.94731"	"0.00016"	"5"	""		"15881.7082"	"45737.150"	"3d.4s.(3D).4p"	"4F*"	"7/2"	"3d.(2D).4p2.(3P)"	"4D"	"7/2"		""	"L4189c12"	
"334.9804"	"0.0005"	""	""	"1"	""		""	""	""	""	""	""	""	""		""	"L4189c12"	
"335.0166"	"0.0005"	"335.01680"	"0.00020"	"5"	""		"15756.5295"	"45605.779"	"3d.4s.(3D).4p"	"4F*"	"5/2"	"3d.(2D).4p2.(3P)"	"4D"	"3/2"		""	"L4189c12"	
"335.0727"	"0.0005"	"335.0723"	"0.0003"	"5"	""		"16026.5528"	"45870.86"	"3d.4s.(3D).4p"	"4F*"	"9/2"	"3d2.(3F).4d"	"4G"	"11/2"		""	"L4189c12"	
"335.0958"	"0.0005"	"335.09592"	"0.00016"	"5"	""		"16141.0012"	"45983.203"	"3d.4s.(3D).4p"	"4D*"	"5/2"	"3d2.(3F).4d"	"4D"	"5/2"		""	"L4189c12"	
"335.2125"	"0.0005"	"335.21234"	"0.00021"	"5"	""		"16210.8140"	"46042.651"	"3d.4s.(3D).4p"	"4D*"	"7/2"	"3d2.(3F).4d"	"4D"	"7/2"		""	"L4189c12"	
"335.3389"	"0.0005"	"335.3389"	"0.0003"	"3"	""		"18504.058"	"48324.635"	"3d.4s.(3D).4p"	"4P*"	"1/2"	""	"4P"	"3/2"		""	"L4189c12"	
"335.4010"	"0.0005"	""	""	"4"	""		""	""	""	""	""	""	""	""		""	"L4189c12"	
"335.4688"	"0.0005"	"335.4695"	"0.0003"	"13bl"	""		"18515.665"	"48324.635"	"3d.4s.(3D).4p"	"4P*"	"3/2"	""	"4P"	"3/2"		""	"L4189c12"	
"335.4927"	"0.0005"	""	""	"4"	""		""	""	""	""	""	""	""	""		""	"L4189c12"	
"335.8257"	"0.0005"	"335.82551"	"0.00016"	"5"	""		"15881.7082"	"45659.077"	"3d.4s.(3D).4p"	"4F*"	"7/2"	"3d.(2D).4p2.(3P)"	"4D"	"5/2"		""	"L4189c12"	
"335.8817"	"0.0005"	"335.88168"	"0.00017"	"4"	""		"16210.8140"	"45983.203"	"3d.4s.(3D).4p"	"4D*"	"7/2"	"3d2.(3F).4d"	"4D"	"5/2"		""	"L4189c12"	
"335.9890"	"0.0005"	""	""	"1"	""		""	""	""	""	""	""	""	""		""	"L4189c12"	
"336.3921"	"0.0005"	""	""	"4"	""		""	""	""	""	""	""	""	""		""	"L4189c12"	
"336.5360"	"0.0005"	"336.53685"	"0.00016"	"3"	""		"16022.7219"	"45737.150"	"3d.4s.(1D).4p"	"2D*"	"5/2"	"3d.(2D).4p2.(3P)"	"4D"	"7/2"		""	"L4189c12"	
"336.5808"	"0.0005"	"336.58024"	"0.00016"	"5"	""		"16026.5528"	"45737.150"	"3d.4s.(3D).4p"	"4F*"	"9/2"	"3d.(2D).4p2.(3P)"	"4D"	"7/2"		""	"L4189c12"	
"337.4129"	"0.0005"	"337.41267"	"0.00016"	"4"	""		"16021.7788"	"45659.077"	"3d.4s.(3D).4p"	"4D*"	"3/2"	"3d.(2D).4p2.(3P)"	"4D"	"5/2"		""	"L4189c12"	
"337.4240"	"0.0005"	"337.42341"	"0.00016"	"4"	""		"16022.7219"	"45659.077"	"3d.4s.(1D).4p"	"2D*"	"5/2"	"3d.(2D).4p2.(3P)"	"4D"	"5/2"		""	"L4189c12"	
"337.5715"	"0.0005"	""	""	"4"	""		""	""	""	""	""	""	""	""		""	"L4189c12"	
"337.8826"	"0.0005"	"337.88180"	"0.00017"	"5*"	""		"16141.0012"	"45737.150"	"3d.4s.(3D).4p"	"4D*"	"5/2"	"3d.(2D).4p2.(3P)"	"4D"	"7/2"		""	"L4189c12"	
"337.8826"	"0.0005"	"337.88309"	"0.00021"	"5*"	""		"16009.7432"	"45605.779"	"3d.4s.(3D).4p"	"4D*"	"1/2"	"3d.(2D).4p2.(3P)"	"4D"	"3/2"		""	"L4189c12"	
"338.0204"	"0.0005"	"338.02055"	"0.00021"	"4"	""		"16021.7788"	"45605.779"	"3d.4s.(3D).4p"	"4D*"	"3/2"	"3d.(2D).4p2.(3P)"	"4D"	"3/2"		""	"L4189c12"	
"338.1577"	"0.0005"	""	""	"4"	""		""	""	""	""	""	""	""	""		""	"L4189c12"	
"338.2389"	"0.0005"	"338.2391"	"0.0003"	"4"	""		"16009.7432"	"45574.626"	"3d.4s.(3D).4p"	"4D*"	"1/2"	"3d.(2D).4p2.(3P)"	"4D"	"1/2"		""	"L4189c12"	
"338.2693"	"0.0005"	"338.26989"	"0.00016"	"4"	""		"16096.8834"	"45659.077"	"3d.4s.(1D).4p"	"2D*"	"3/2"	"3d.(2D).4p2.(3P)"	"4D"	"5/2"		""	"L4189c12"	
"338.6813"	"0.0006"	"338.68070"	"0.00017"	"5"	""		"16210.8140"	"45737.150"	"3d.4s.(3D).4p"	"4D*"	"7/2"	"3d.(2D).4p2.(3P)"	"4D"	"7/2"		""	"L4189c12"	
"338.7757"	"0.0006"	"338.77547"	"0.00016"	"5"	""		"16141.0012"	"45659.077"	"3d.4s.(3D).4p"	"4D*"	"5/2"	"3d.(2D).4p2.(3P)"	"4D"	"5/2"		""	"L4189c12"	
"338.9497"	"0.0006"	""	""	"1"	""		""	""	""	""	""	""	""	""		""	"L4189c12"	
"339.0283"	"0.0006"	""	""	"4"	""		""	""	""	""	""	""	""	""		""	"L4189c12"	
"339.2393"	"0.0006"	"339.2390"	"0.0003"	"4"	""		"16096.8834"	"45574.626"	"3d.4s.(1D).4p"	"2D*"	"3/2"	"3d.(2D).4p2.(3P)"	"4D"	"1/2"		""	"L4189c12"	
"339.3885"	"0.0006"	"339.38827"	"0.00020"	"4"	""		"16141.0012"	"45605.779"	"3d.4s.(3D).4p"	"4D*"	"5/2"	"3d.(2D).4p2.(3P)"	"4D"	"3/2"		""	"L4189c12"	
"339.5777"	"0.0006"	"339.57860"	"0.00017"	"4"	""		"16210.8140"	"45659.077"	"3d.4s.(3D).4p"	"4D*"	"7/2"	"3d.(2D).4p2.(3P)"	"4D"	"5/2"		""	"L4189c12"	
"339.9598"	"0.0006"	""	""	"1"	""		""	""	""	""	""	""	""	""		""	"L4189c12"	
"340.2853"	"0.0006"	""	""	"3"	""		""	""	""	""	""	""	""	""		""	"L4189c12"	
"341.0649"	"0.0006"	""	""	"1"	""		""	""	""	""	""	""	""	""		""	"L4189c12"	
"341.1134"	"0.0006"	""	""	"1"	""		""	""	""	""	""	""	""	""		""	"L4189c12"	
"341.1929"	"0.0006"	""	""	"1"	""		""	""	""	""	""	""	""	""		""	"L4189c12"	
"341.7650"	"0.0006"	"341.76484"	"0.00019"	"4"	""		"15756.5295"	"45016.415"	"3d.4s.(3D).4p"	"4F*"	"5/2"	"3d.(2D).4p2.(3P)"	"4F"	"7/2"		""	"L4189c12"	
"341.7946"	"0.0006"	""	""	"1"	""		""	""	""	""	""	""	""	""		""	"L4189c12"	
"341.9509"	"0.0006"	"341.9509"	"0.0003"	"4"	""		"15881.7082"	"45125.673"	"3d.4s.(3D).4p"	"4F*"	"7/2"	"3d.(2D).4p2.(3P)"	"4F"	"9/2"		""	"L4189c12"	
"342.0331"	"0.0006"	"342.03282"	"0.00015"	"4"	""		"15672.5595"	"44909.520"	"3d.4s.(3D).4p"	"4F*"	"3/2"	"3d.(2D).4p2.(3P)"	"4F"	"5/2"		""	"L4189c12"	
"342.6387"	"0.0006"	"342.63884"	"0.00020"	"4"	""		"15756.5295"	"44941.779"	"3d.4s.(3D).4p"	"4F*"	"5/2"	"3d.(2D).4p2.(3P)"	"2F"	"7/2"		""	"L4189c12"	
"342.8652"	"0.0006"	"342.86502"	"0.00020"	"3"	""		"15672.5595"	"44838.556"	"3d.4s.(3D).4p"	"4F*"	"3/2"	"3d.(2D).4p2.(3P)"	"2F"	"5/2"		""	"L4189c12"	
"343.0182"	"0.0006"	"343.01798"	"0.00015"	"5"	""		"15756.5295"	"44909.520"	"3d.4s.(3D).4p"	"4F*"	"5/2"	"3d.(2D).4p2.(3P)"	"4F"	"5/2"		""	"L4189c12"	
"343.0462"	"0.0006"	"343.04579"	"0.00021"	"5"	""		"15672.5595"	"44823.187"	"3d.4s.(3D).4p"	"4F*"	"3/2"	"3d.(2D).4p2.(3P)"	"4F"	"3/2"		""	"L4189c12"	
"343.2335"	"0.0006"	"343.23325"	"0.00019"	"5"	""		"15881.7082"	"45016.415"	"3d.4s.(3D).4p"	"4F*"	"7/2"	"3d.(2D).4p2.(3P)"	"4F"	"7/2"		""	"L4189c12"	
"343.4119"	"0.0006"	""	""	"4"	""		""	""	""	""	""	""	""	""		""	"L4189c12"	
"343.4383"	"0.0006"	""	""	"2"	""		""	""	""	""	""	""	""	""		""	"L4189c12"	
"343.6526"	"0.0006"	"343.6530"	"0.0003"	"5"	""		"16026.5528"	"45125.673"	"3d.4s.(3D).4p"	"4F*"	"9/2"	"3d.(2D).4p2.(3P)"	"4F"	"9/2"		""	"L4189c12"	
"343.8548"	"0.0006"	"343.85499"	"0.00020"	"4"	""		"15756.5295"	"44838.556"	"3d.4s.(3D).4p"	"4F*"	"5/2"	"3d.(2D).4p2.(3P)"	"2F"	"5/2"		""	"L4189c12"	
"344.0368"	"0.0006"	"344.03681"	"0.00021"	"4"	""		"15756.5295"	"44823.187"	"3d.4s.(3D).4p"	"4F*"	"5/2"	"3d.(2D).4p2.(3P)"	"4F"	"3/2"		""	"L4189c12"	
"344.1144"	"0.0006"	"344.11478"	"0.00020"	"4"	""		"15881.7082"	"44941.779"	"3d.4s.(3D).4p"	"4F*"	"7/2"	"3d.(2D).4p2.(3P)"	"2F"	"7/2"		""	"L4189c12"	
"344.4973"	"0.0006"	"344.49720"	"0.00015"	"4"	""		"15881.7082"	"44909.520"	"3d.4s.(3D).4p"	"4F*"	"7/2"	"3d.(2D).4p2.(3P)"	"4F"	"5/2"		""	"L4189c12"	
"344.5564"	"0.0006"	"344.55593"	"0.00006"	"4g"	""		"0.0000"	"29022.864"	"3d.4s2"	"2D"	"3/2"	"3d2.(3F).4p"	"4G*"	"5/2"		""	"L4189c12"	
"344.6128"	"0.0006"	"344.61277"	"0.00023"	"3"	""		"15672.5595"	"44690.637"	"3d.4s.(3D).4p"	"4F*"	"3/2"	"3d.(2D).4p2.(3P)"	"2P"	"1/2"		""	"L4189c12"	
"344.9019"	"0.0006"	"344.90260"	"0.00019"	"1"	""		"16022.7219"	"45016.415"	"3d.4s.(1D).4p"	"2D*"	"5/2"	"3d.(2D).4p2.(3P)"	"4F"	"7/2"		""	"L4189c12"	
"344.9488"	"0.0006"	"344.94817"	"0.00019"	"4"	""		"16026.5528"	"45016.415"	"3d.4s.(3D).4p"	"4F*"	"9/2"	"3d.(2D).4p2.(3P)"	"4F"	"7/2"		""	"L4189c12"	
"345.0197"	"0.0006"	""	""	"4"	""		""	""	""	""	""	""	""	""		""	"L4189c12"	
"345.3054"	"0.0006"	"345.30452"	"0.00014"	"1"	""		"17012.753"	"45972.698"	"3d2.(1D).4s"	"2D"	"5/2"	""	"*"	"3/2 or 5/2"		""	"L4189c12"	
"345.3432"	"0.0006"	"345.34146"	"0.00020"	"2"	""		"15881.7082"	"44838.556"	"3d.4s.(3D).4p"	"4F*"	"7/2"	"3d.(2D).4p2.(3P)"	"2F"	"5/2"		""	"L4189c12"	
"345.6882"	"0.0006"	"345.68774"	"0.00006"	"3g"	""		"168.3371"	"29096.178"	"3d.4s2"	"2D"	"5/2"	"3d2.(3F).4p"	"4G*"	"7/2"		""	"L4189c12"	
"345.7844"	"0.0006"	""	""	"1"	""		""	""	""	""	""	""	""	""		""	"L4189c12"	
"345.7928"	"0.0006"	"345.79274"	"0.00020"	"1"	""		"16022.7219"	"44941.779"	"3d.4s.(1D).4p"	"2D*"	"5/2"	"3d.(2D).4p2.(3P)"	"2F"	"7/2"		""	"L4189c12"	
"345.8432"	"0.0006"	"345.8429"	"0.0003"	"5"	""		"16210.8140"	"45125.673"	"3d.4s.(3D).4p"	"4D*"	"7/2"	"3d.(2D).4p2.(3P)"	"4F"	"9/2"		""	"L4189c12"	
"345.9716"	"0.0006"	"345.97219"	"0.00022"	"1"	""		"14926.061"	"43830.118"	"3d2.(3F).4s"	"2F"	"5/2"	"3d2.(1G).4p"	"2F*"	"5/2"		""	"L4189c12"	
"346.1655"	"0.0006"	"346.16760"	"0.00016"	"4"	""		"16021.7788"	"44909.520"	"3d.4s.(3D).4p"	"4D*"	"3/2"	"3d.(2D).4p2.(3P)"	"4F"	"5/2"		""	"L4189c12"	
"346.1793"	"0.0006"	"346.17890"	"0.00016"	""	""		"16022.7219"	"44909.520"	"3d.4s.(1D).4p"	"2D*"	"5/2"	"3d.(2D).4p2.(3P)"	"4F"	"5/2"		""	"L4189c12"	
"346.3158"	"0.0006"	"346.31538"	"0.00019"	"4"	""		"16141.0012"	"45016.415"	"3d.4s.(3D).4p"	"4D*"	"5/2"	"3d.(2D).4p2.(3P)"	"4F"	"7/2"		""	"L4189c12"	
"346.4038"	"0.0006"	""	""	"1"	""		""	""	""	""	""	""	""	""		""	"L4189c12"	
"346.5659"	"0.0006"	"346.56607"	"0.00006"	"1g"	""		"168.3371"	"29022.864"	"3d.4s2"	"2D"	"5/2"	"3d2.(3F).4p"	"4G*"	"5/2"		""	"L4189c12"	
"346.7597"	"0.0006"	"346.75957"	"0.00019"	"3"	""		"15756.5295"	"44594.955"	"3d.4s.(3D).4p"	"4F*"	"5/2"	"3d.(2D).4p2.(3P)"	"2P"	"3/2"		""	"L4189c12"	
"347.0014"	"0.0006"	"347.00283"	"0.00019"	"3"	""		"15041.902"	"43860.111"	"3d2.(3F).4s"	"2F"	"7/2"	"3d2.(1G).4p"	"2F*"	"7/2"		""	"L4189c12"	
"347.0202"	"0.0006"	"347.02007"	"0.00020"	"3"	""		"16021.7788"	"44838.556"	"3d.4s.(3D).4p"	"4D*"	"3/2"	"3d.(2D).4p2.(3P)"	"2F"	"5/2"		""	"L4189c12"	
"347.0319"	"0.0006"	"347.03143"	"0.00020"	"2"	""		"16022.7219"	"44838.556"	"3d.4s.(1D).4p"	"2D*"	"5/2"	"3d.(2D).4p2.(3P)"	"2F"	"5/2"		""	"L4189c12"	
"347.0603"	"0.0006"	"347.06021"	"0.00022"	"4"	""		"16009.7432"	"44823.187"	"3d.4s.(3D).4p"	"4D*"	"1/2"	"3d.(2D).4p2.(3P)"	"4F"	"3/2"		""	"L4189c12"	
"347.0699"	"0.0006"	"347.06994"	"0.00016"	"4"	""		"16096.8834"	"44909.520"	"3d.4s.(1D).4p"	"2D*"	"3/2"	"3d.(2D).4p2.(3P)"	"4F"	"5/2"		""	"L4189c12"	
"347.1550"	"0.0006"	"347.15471"	"0.00019"	"3"	""		"16210.8140"	"45016.415"	"3d.4s.(3D).4p"	"4D*"	"7/2"	"3d.(2D).4p2.(3P)"	"4F"	"7/2"		""	"L4189c12"	
"347.2050"	"0.0006"	"347.20525"	"0.00022"	"4"	""		"16021.7788"	"44823.187"	"3d.4s.(3D).4p"	"4D*"	"3/2"	"3d.(2D).4p2.(3P)"	"4F"	"3/2"		""	"L4189c12"	
"347.2127"	"0.0006"	"347.21285"	"0.00020"	"3"	""		"16141.0012"	"44941.779"	"3d.4s.(3D).4p"	"4D*"	"5/2"	"3d.(2D).4p2.(3P)"	"2F"	"7/2"		""	"L4189c12"	
"347.6020"	"0.0006"	"347.60219"	"0.00016"	"3"	""		"16141.0012"	"44909.520"	"3d.4s.(3D).4p"	"4D*"	"5/2"	"3d.(2D).4p2.(3P)"	"4F"	"5/2"		""	"L4189c12"	
"347.9263"	"0.0006"	"347.92686"	"0.00021"	"1"	""		"16096.8834"	"44838.556"	"3d.4s.(1D).4p"	"2D*"	"3/2"	"3d.(2D).4p2.(3P)"	"2F"	"5/2"		""	"L4189c12"	
"347.9900"	"0.0006"	""	""	"1"	""		""	""	""	""	""	""	""	""		""	"L4189c12"	
"348.0562"	"0.0006"	"348.05653"	"0.00021"	"2"	""		"16210.8140"	"44941.779"	"3d.4s.(3D).4p"	"4D*"	"7/2"	"3d.(2D).4p2.(3P)"	"2F"	"7/2"		""	"L4189c12"	
"348.1121"	"0.0006"	"348.11301"	"0.00022"	"1"	""		"16096.8834"	"44823.187"	"3d.4s.(1D).4p"	"2D*"	"3/2"	"3d.(2D).4p2.(3P)"	"4F"	"3/2"		""	"L4189c12"	
"348.4178"	"0.0006"	"348.41785"	"0.00017"	"1"	""		"17307.069"	"46008.239"	"3d2.(3P).4s"	"4P"	"5/2"	""	"*"	"3/2 or 5/2"		""	"L4189c12"	
"348.4617"	"0.0006"	"348.46174"	"0.00019"	"1"	""		"16141.0012"	"44838.556"	"3d.4s.(3D).4p"	"4D*"	"5/2"	"3d.(2D).4p2.(3P)"	"2F"	"5/2"		""	"L4189c12"	
"348.6492"	"0.0006"	"348.64846"	"0.00022"	"1"	""		"16141.0012"	"44823.187"	"3d.4s.(3D).4p"	"4D*"	"5/2"	"3d.(2D).4p2.(3P)"	"4F"	"3/2"		""	"L4189c12"	
"348.7645"	"0.0006"	"348.76528"	"0.00023"	"1"	""		"17226.025"	"45898.604"	"3d2.(3P).4s"	"4P"	"1/2"	""	"*"	"3/2"		""	"L4189c12"	
"348.8100"	"0.0006"	"348.81054"	"0.00023"	"4"	""		"16021.7788"	"44690.637"	"3d.4s.(3D).4p"	"4D*"	"3/2"	"3d.(2D).4p2.(3P)"	"2P"	"1/2"		""	"L4189c12"	
"348.8621"	"0.0006"	"348.8622"	"0.0003"	"1"	""		"18711.029"	"47375.639"	"4s2.4p"	"2P*"	"1/2"	""	"2D"	"3/2"		""	"L4189c12"	
"349.1190"	"0.0006"	"349.11901"	"0.00017"	"1"	""		"17255.076"	"45898.604"	"3d2.(3P).4s"	"4P"	"3/2"	""	"*"	"3/2"		""	"L4189c12"	
"349.6421"	"0.0006"	"349.64262"	"0.00018"	"1"	""		"11610.2357"	"40210.868"	"3d2.(3F).4s"	"4F"	"7/2"	"3d.4s.(3D).5p"	"4D*"	"7/2"		""	"L4189c12"	
"349.7265"	"0.0006"	"349.72673"	"0.00023"	"4"	""		"16096.8834"	"44690.637"	"3d.4s.(1D).4p"	"2D*"	"3/2"	"3d.(2D).4p2.(3P)"	"2P"	"1/2"		""	"L4189c12"	
"349.9789"	"0.0006"	"349.97859"	"0.00020"	"2"	""		"16021.7788"	"44594.955"	"3d.4s.(3D).4p"	"4D*"	"3/2"	"3d.(2D).4p2.(3P)"	"2P"	"3/2"		""	"L4189c12"	
"349.9900"	"0.0006"	"349.99014"	"0.00020"	"4"	""		"16022.7219"	"44594.955"	"3d.4s.(1D).4p"	"2D*"	"5/2"	"3d.(2D).4p2.(3P)"	"2P"	"3/2"		""	"L4189c12"	
"350.0213"	"0.0006"	"350.0208"	"0.0003"	"2"	""		"18855.734"	"47425.462"	"4s2.4p"	"2P*"	"3/2"	""	"2D"	"5/2"		""	"L4189c12"	
"350.1331"	"0.0006"	""	""	"1"	""		""	""	""	""	""	""	""	""		""	"L4189c12"	
"350.2195"	"0.0006"	"350.21938"	"0.00015"	"1"	""		"11519.9611"	"40073.492"	"3d2.(3F).4s"	"4F"	"3/2"	"3d.4s.(3D).5p"	"4D*"	"3/2"		""	"L4189c12"	
"350.3042"	"0.0006"	"350.30580"	"0.00016"	"1"	""		"11557.6556"	"40104.143"	"3d2.(3F).4s"	"4F"	"5/2"	"3d.4s.(3D).5p"	"2F*"	"5/2"		""	"L4189c12"	
"350.4643"	"0.0006"	"350.46456"	"0.00018"	"4"	""		"11677.3121"	"40210.868"	"3d2.(3F).4s"	"4F"	"9/2"	"3d.4s.(3D).5p"	"4D*"	"7/2"		""	"L4189c12"	
"350.5732"	"0.0006"	"350.57388"	"0.00023"	"2"	""		"11519.9611"	"40044.619"	"3d2.(3F).4s"	"4F"	"3/2"	"3d.4s.(3D).5p"	"4D*"	"1/2"		""	"L4189c12"	
"350.6567"	"0.0006"	"350.65695"	"0.00015"	"3"	""		"11610.2357"	"40128.136"	"3d2.(3F).4s"	"4F"	"7/2"	"3d.4s.(3D).5p"	"4D*"	"5/2"		""	"L4189c12"	
"350.6818"	"0.0006"	"350.68233"	"0.00015"	"3"	""		"11557.6556"	"40073.492"	"3d2.(3F).4s"	"4F"	"5/2"	"3d.4s.(3D).5p"	"4D*"	"3/2"		""	"L4189c12"	
"350.9009"	"0.0006"	"350.90094"	"0.00020"	"2"	""		"16096.8834"	"44594.955"	"3d.4s.(1D).4p"	"2D*"	"3/2"	"3d.(2D).4p2.(3P)"	"2P"	"3/2"		""	"L4189c12"	
"351.2648"	"0.0006"	"351.2647"	"0.0003"	"3"	""		"11677.3121"	"40145.869"	"3d2.(3F).4s"	"4F"	"9/2"	"3d.4s.(3D).5p"	"4F*"	"9/2"		""	"L4189c12"	
"351.4447"	"0.0006"	"351.44501"	"0.00020"	"3"	""		"16141.0012"	"44594.955"	"3d.4s.(3D).4p"	"4D*"	"5/2"	"3d.(2D).4p2.(3P)"	"2P"	"3/2"		""	"L4189c12"	
"351.6362"	"0.0006"	"351.63598"	"0.00019"	"1"	""		"11610.2357"	"40048.736"	"3d2.(3F).4s"	"4F"	"7/2"	"3d.4s.(3D).5p"	"4F*"	"7/2"		""	"L4189c12"	
"351.7186"	"0.0006"	"351.71737"	"0.00016"	"1"	""		"11557.6556"	"39989.575"	"3d2.(3F).4s"	"4F"	"5/2"	"3d.4s.(3D).5p"	"4F*"	"5/2"		""	"L4189c12"	
"351.7415"	"0.0012"	"351.74364"	"0.00024"	"1"	""		"11519.9611"	"39949.757"	"3d2.(3F).4s"	"4F"	"3/2"	"3d.4s.(3D).5p"	"4F*"	"3/2"		""	"L4189c12"	
"352.1640"	"0.0006"	""	""	"1"	""		""	""	""	""	""	""	""	""		""	"L4189c12"	
"352.2432"	"0.0006"	""	""	"4"	""		""	""	""	""	""	""	""	""		""	"L4189c12"	
"352.3119"	"0.0006"	""	""	"1"	""		""	""	""	""	""	""	""	""		""	"L4189c12"	
"352.3702"	"0.0006"	"352.36902"	"0.00016"	"1"	""		"11610.2357"	"39989.575"	"3d2.(3F).4s"	"4F"	"7/2"	"3d.4s.(3D).5p"	"4F*"	"5/2"		""	"L4189c12"	
"352.8679"	"0.0006"	""	""	"1"	""		""	""	""	""	""	""	""	""		""	"L4189c12"	
"353.0349"	"0.0006"	""	""	"1"	""		""	""	""	""	""	""	""	""		""	"L4189c12"	
"353.1051"	"0.0006"	""	""	"1"	""		""	""	""	""	""	""	""	""		""	"L4189c12"	
"353.8406"	"0.0006"	""	""	"2"	""		""	""	""	""	""	""	""	""		""	"L4189c12"	
"354.0523"	"0.0006"	"354.05276"	"0.00020"	"3"	""		"14926.061"	"43170.439"	"3d2.(3F).4s"	"2F"	"5/2"	"3d.4s.(1D).5p"	"2D*"	"3/2"		""	"L4189c12"	
"354.1773"	"0.0006"	""	""	"3"	""		""	""	""	""	""	""	""	""		""	"L4189c12"	
"354.4757"	"0.0006"	"354.47599"	"0.00020"	"4"	""		"15041.902"	"43252.557"	"3d2.(3F).4s"	"2F"	"7/2"	"3d.4s.(1D).5p"	"2D*"	"5/2"		""	"L4189c12"	
"355.3429"	"0.0006"	"355.3419"	"0.0003"	"1"	""		"15672.5595"	"43814.472"	"3d.4s.(3D).4p"	"4F*"	"3/2"	"3d.4s.(3D).6s"	"4D"	"3/2"		""	"L4189c12"	
"355.4024"	"0.0006"	"355.4019"	"0.0005"	"2"	""		"15672.5595"	"43809.72"	"3d.4s.(3D).4p"	"4F*"	"3/2"	"3d.4s.(3D).6s"	"4D"	"1/2"		""	"L4189c12"	
"355.7727"	"0.0006"	"355.7729"	"0.0003"	"1"	""		"18515.665"	"46623.481"	"3d.4s.(3D).4p"	"4P*"	"3/2"	""	"4P"	"5/2"		""	"L4189c12"	
"355.7902"	"0.0006"	"355.7902"	"0.0003"	"1"	""		"15881.7082"	"43988.16"	"3d.4s.(3D).4p"	"4F*"	"7/2"	"3d.4s.(3D).6s"	"4D"	"7/2"		""	"L4189c12"	
"356.0279"	"0.0006"	""	""	"1"	""		""	""	""	""	""	""	""	""		""	"L4189c12"	
"356.0638"	"0.0006"	""	""	"3"	""		""	""	""	""	""	""	""	""		""	"L4189c12"	
"356.4794"	"0.0006"	"356.4796"	"0.0003"	"3"	""		"18571.386"	"46623.481"	"3d.4s.(3D).4p"	"4P*"	"5/2"	""	"4P"	"5/2"		""	"L4189c12"	
"356.5327"	"0.0006"	""	""	"1"	""		""	""	""	""	""	""	""	""		""	"L4189c12"	
"356.7943"	"0.0006"	"356.7939"	"0.0003"	"4"	""		"16210.8140"	"44238.20"	"3d.4s.(3D).4p"	"4D*"	"7/2"	"3d.(2D).4p2.(3P)"	"4P"	"5/2"		""	"L4189c12"	
"356.9312"	"0.0006"	"356.9317"	"0.0003"	"3"	""		"15881.7082"	"43898.27"	"3d.4s.(3D).4p"	"4F*"	"7/2"	"3d.4s.(3D).6s"	"4D"	"5/2"		""	"L4189c12"	
"357.5748"	"0.0006"	"357.5742"	"0.0003"	"3"	""		"16141.0012"	"44107.228"	"3d.4s.(3D).4p"	"4D*"	"5/2"	"3d.(2D).4p2.(3P)"	"4P"	"3/2"		""	"L4189c12"	
"357.6331"	"0.0006"	"357.6332"	"0.0003"	"4"	""		"16026.5528"	"43988.16"	"3d.4s.(3D).4p"	"4F*"	"9/2"	"3d.4s.(3D).6s"	"4D"	"7/2"		""	"L4189c12"	
"357.9496"	"0.0006"	"357.94956"	"0.00021"	"3"	""		"15041.902"	"42978.799"	"3d2.(3F).4s"	"2F"	"7/2"	"3d.4s.(1D).5p"	"2F*"	"7/2"		""	"L4189c12"	
"358.2984"	"0.0006"	""	""	"1"	""		""	""	""	""	""	""	""	""		""	"L4189c12"	
"358.3973"	"0.0006"	"358.39760"	"0.00021"	"1"	""		"15756.5295"	"43658.502"	"3d.4s.(3D).4p"	"4F*"	"5/2"	"4s2.4d"	"2D"	"5/2"		""	"L4189c12"	
"359.9444"	"0.0006"	""	""	"3"	""		""	""	""	""	""	""	""	""		""	"L4189c12"	
"360.0058"	"0.0006"	"360.0056"	"0.0004"	"2"	""		"16210.8140"	"43988.16"	"3d.4s.(3D).4p"	"4D*"	"7/2"	"3d.4s.(3D).6s"	"4D"	"7/2"		""	"L4189c12"	
"360.2424"	"0.0006"	""	""	"1"	""		""	""	""	""	""	""	""	""		""	"L4189c12"	
"360.2668"	"0.0006"	"360.2660"	"0.0003"	"1"	""		"16141.0012"	"43898.27"	"3d.4s.(3D).4p"	"4D*"	"5/2"	"3d.4s.(3D).6s"	"4D"	"5/2"		""	"L4189c12"	
"360.7821"	"0.0006"	"360.7817"	"0.0003"	"1"	""		"16096.8834"	"43814.472"	"3d.4s.(1D).4p"	"2D*"	"3/2"	"3d.4s.(3D).6s"	"4D"	"3/2"		""	"L4189c12"	
"361.8487"	"0.0006"	"361.84975"	"0.00021"	"4"	""		"16022.7219"	"43658.502"	"3d.4s.(1D).4p"	"2D*"	"5/2"	"4s2.4d"	"2D"	"5/2"		""	"L4189c12"	
"362.2338"	"0.0006"	""	""	"1"	""		""	""	""	""	""	""	""	""		""	"L4189c12"	
"362.4132"	"0.0006"	""	""	"3"	""		""	""	""	""	""	""	""	""		""	"L4189c12"	
"362.6422"	"0.0006"	"362.64267"	"0.00024"	"3"	""		"16021.7788"	"43597.133"	"3d.4s.(3D).4p"	"4D*"	"3/2"	"4s2.4d"	"2D"	"3/2"		""	"L4189c12"	
"363.4058"	"0.0006"	"363.40510"	"0.00022"	"3"	""		"16141.0012"	"43658.502"	"3d.4s.(3D).4p"	"4D*"	"5/2"	"4s2.4d"	"2D"	"5/2"		""	"L4189c12"	
"363.6324"	"0.0006"	"363.63306"	"0.00024"	"3"	""		"16096.8834"	"43597.133"	"3d.4s.(1D).4p"	"2D*"	"3/2"	"4s2.4d"	"2D"	"3/2"		""	"L4189c12"	
"363.7462"	"0.0006"	""	""	"1"	""		""	""	""	""	""	""	""	""		""	"L4189c12"	
"364.3638"	"0.0006"	"364.3632"	"0.0003"	"5"	""		"18571.386"	"46016.525"	"3d.4s.(3D).4p"	"4P*"	"5/2"	"3d.4s.(3D).5d"	"4D"	"7/2"		""	"L4189c12"	
"364.5726"	"0.0006"	"364.5725"	"0.0003"	"4"	""		"18515.665"	"45945.051"	"3d.4s.(3D).4p"	"4P*"	"3/2"	"3d.4s.(3D).5d"	"4D"	"5/2"		""	"L4189c12"	
"364.7949"	"0.0006"	"364.79484"	"0.00024"	"4"	""		"16022.7219"	"43435.390"	"3d.4s.(1D).4p"	"2D*"	"5/2"	"3d.4s.(1D).4d"	"2P"	"3/2"		""	"L4189c12"	
"364.8591"	"0.0006"	"364.8591"	"0.0004"	"2"	""		"16021.7788"	"43429.62"	"3d.4s.(3D).4p"	"4D*"	"3/2"	"3d.4s.(1D).4d"	"2P"	"1/2"		""	"L4189c12"	
"365.0176"	"0.0006"	"365.0173"	"0.0003"	"2"	""		"18504.058"	"45900.021"	"3d.4s.(3D).4p"	"4P*"	"1/2"	"3d.4s.(3D).5d"	"4D"	"3/2"		""	"L4189c12"	
"365.1720"	"0.0006"	"365.1720"	"0.0003"	"2"	""		"18515.665"	"45900.021"	"3d.4s.(3D).4p"	"4P*"	"3/2"	"3d.4s.(3D).5d"	"4D"	"3/2"		""	"L4189c12"	
"365.2838"	"0.0006"	"365.2841"	"0.0003"	"11bl"	""		"18571.386"	"45947.341"	"3d.4s.(3D).4p"	"4P*"	"5/2"	"3d2.(3F).4d"	"4D"	"3/2"		""	"L4189c12"	
"365.7845"	"0.0006"	"365.78443"	"0.00024"	"1"	""		"16096.8834"	"43435.390"	"3d.4s.(1D).4p"	"2D*"	"3/2"	"3d.4s.(1D).4d"	"2P"	"3/2"		""	"L4189c12"	
"365.8616"	"0.0006"	"365.8616"	"0.0004"	"3"	""		"16096.8834"	"43429.62"	"3d.4s.(1D).4p"	"2D*"	"3/2"	"3d.4s.(1D).4d"	"2P"	"1/2"		""	"L4189c12"	
"366.3752"	"0.0006"	"366.37567"	"0.00024"	"2"	""		"16141.0012"	"43435.390"	"3d.4s.(3D).4p"	"4D*"	"5/2"	"3d.4s.(1D).4d"	"2P"	"3/2"		""	"L4189c12"	
"368.1114"	"0.0007"	"368.11039"	"0.00024"	"2"	""		"18571.386"	"45737.150"	"3d.4s.(3D).4p"	"4P*"	"5/2"	"3d.(2D).4p2.(3P)"	"4D"	"7/2"		""	"L4189c12"	
"368.4145"	"0.0007"	"368.41352"	"0.00020"	"1"	""		"18515.665"	"45659.077"	"3d.4s.(3D).4p"	"4P*"	"3/2"	"3d.(2D).4p2.(3P)"	"4D"	"5/2"		""	"L4189c12"	
"368.9816"	"0.0007"	"368.9803"	"0.0003"	"1"	""		"18504.058"	"45605.779"	"3d.4s.(3D).4p"	"4P*"	"1/2"	"3d.(2D).4p2.(3P)"	"4D"	"3/2"		""	"L4189c12"	
"369.0154"	"0.0007"	""	""	"1"	""		""	""	""	""	""	""	""	""		""	"L4189c12"	
"369.1382"	"0.0007"	"369.1384"	"0.0003"	"1"	""		"18515.665"	"45605.779"	"3d.4s.(3D).4p"	"4P*"	"3/2"	"3d.(2D).4p2.(3P)"	"4D"	"3/2"		""	"L4189c12"	
"369.1710"	"0.0007"	"369.17137"	"0.00025"	"1"	""		"18571.386"	"45659.077"	"3d.4s.(3D).4p"	"4P*"	"5/2"	"3d.(2D).4p2.(3P)"	"4D"	"5/2"		""	"L4189c12"	
"369.4048"	"0.0007"	"369.4049"	"0.0003"	"1"	""		"18504.058"	"45574.626"	"3d.4s.(3D).4p"	"4P*"	"1/2"	"3d.(2D).4p2.(3P)"	"4D"	"1/2"		""	"L4189c12"	
"371.3167"	"0.0007"	""	""	"3"	""		""	""	""	""	""	""	""	""		""	"L4189c12"	
"371.3568"	"0.0007"	""	""	"2"	""		""	""	""	""	""	""	""	""		""	"L4189c12"	
"371.5301"	"0.0007"	"371.52972"	"0.00019"	"2"	""		"16021.7788"	"42937.526"	"3d.4s.(3D).4p"	"4D*"	"3/2"	"3d3"	"2D1"	"3/2"		""	"L4189c12"	
"371.7278"	"0.0007"	""	""	"3"	""		""	""	""	""	""	""	""	""		""	"L4189c12"	
"371.8143"	"0.0007"	"371.8147"	"0.0003"	"3"	""		"16022.7219"	"42917.840"	"3d.4s.(1D).4p"	"2D*"	"5/2"	"3d3"	"2D1"	"5/2"		""	"L4189c12"	
"371.8800"	"0.0007"	""	""	"4"	""		""	""	""	""	""	""	""	""		""	"L4189c12"	
"372.5697"	"0.0007"	"372.56932"	"0.00019"	"3"	""		"16096.8834"	"42937.526"	"3d.4s.(1D).4p"	"2D*"	"3/2"	"3d3"	"2D1"	"3/2"		""	"L4189c12"	
"373.0801"	"0.0007"	"373.0793"	"0.0004"	"4"	""		"18711.029"	"45514.98"	"4s2.4p"	"2P*"	"1/2"	"3d.4s.(1D).4d"	"2S"	"1/2"		""	"L4189c12"	
"373.1299"	"0.0007"	"373.12763"	"0.00022"	"3"	""		"20239.650"	"47040.131"	"3d2.(1G).4s"	"2G"	"7/2"	""	"*"	"5/2"		""	"L4189c12"	
"373.4565"	"0.0007"	"373.4571"	"0.0003"	"2"	""		"16141.0012"	"42917.840"	"3d.4s.(3D).4p"	"4D*"	"5/2"	"3d3"	"2D1"	"5/2"		""	"L4189c12"	
"373.7529"	"0.0007"	""	""	"1"	""		""	""	""	""	""	""	""	""		""	"L4189c12"	
"373.7762"	"0.0007"	""	""	"1"	""		""	""	""	""	""	""	""	""		""	"L4189c12"	
"374.7157"	"0.0007"	""	""	"1"	""		""	""	""	""	""	""	""	""		""	"L4189c12"	
"375.1029"	"0.0007"	"375.1044"	"0.0004"	"1"	""		"18855.734"	"45514.98"	"4s2.4p"	"2P*"	"3/2"	"3d.4s.(1D).4d"	"2S"	"1/2"		""	"L4189c12"	
"375.2225"	"0.0007"	""	""	"3"	""		""	""	""	""	""	""	""	""		""	"L4189c12"	
"375.6229"	"0.0007"	""	""	"2"	""		""	""	""	""	""	""	""	""		""	"L4189c12"	
"376.1041"	"0.0007"	""	""	"2"	""		""	""	""	""	""	""	""	""		""	"L4189c12"	
"377.0136"	"0.0007"	""	""	"2"	""		""	""	""	""	""	""	""	""		""	"L4189c12"	
"378.1486"	"0.0007"	"378.1492"	"0.0003"	"2"	""		"16021.7788"	"42466.369"	"3d.4s.(3D).4p"	"4D*"	"3/2"	"3d.4s.(1D).4d"	"2D"	"3/2"		""	"L4189c12"	
"378.4599"	"0.0007"	"378.4612"	"0.0003"	"3"	""		"16022.7219"	"42445.509"	"3d.4s.(1D).4p"	"2D*"	"5/2"	"3d.4s.(1D).4d"	"2D"	"5/2"		""	"L4189c12"	
"379.2266"	"0.0007"	"379.2262"	"0.0003"	"3"	""		"16096.8834"	"42466.369"	"3d.4s.(1D).4p"	"2D*"	"3/2"	"3d.4s.(1D).4d"	"2D"	"3/2"		""	"L4189c12"	
"379.5610"	"0.0007"	""	""	"3"	""		""	""	""	""	""	""	""	""		""	"L4189c12"	
"380.1622"	"0.0007"	"380.1630"	"0.0003"	"1"	""		"16141.0012"	"42445.509"	"3d.4s.(3D).4p"	"4D*"	"5/2"	"3d.4s.(1D).4d"	"2D"	"5/2"		""	"L4189c12"	
"380.9614"	"0.0007"	"380.9619"	"0.0003"	"1"	""		"15672.5595"	"41921.904"	"3d.4s.(3D).4p"	"4F*"	"3/2"	"3d2.(3F).5s"	"4F"	"3/2"		""	"L4189c12"	
"381.2811"	"0.0007"	"381.28021"	"0.00020"	"3*"	""		"17025.127"	"43252.557"	"3d2.(1D).4s"	"2D"	"3/2"	"3d.4s.(1D).5p"	"2D*"	"5/2"		""	"L4189c12"	
"381.2811"	"0.0007"	"381.28133"	"0.00020"	"3*"	""		"14926.061"	"41153.414"	"3d2.(3F).4s"	"2F"	"5/2"	"3d2.(3P).4p"	"2D*"	"3/2"		""	"L4189c12"	
"381.3375"	"0.0007"	""	""	"3"	""		""	""	""	""	""	""	""	""		""	"L4189c12"	
"381.6136"	"0.0007"	"381.61502"	"0.00020"	"1"	""		"15756.5295"	"41960.949"	"3d.4s.(3D).4p"	"4F*"	"5/2"	"3d2.(3F).5s"	"4F"	"5/2"		""	"L4189c12"	
"381.8898"	"0.0007"	""	""	"3"	""		""	""	""	""	""	""	""	""		""	"L4189c12"	
"382.0276"	"0.0007"	"382.02784"	"0.00018"	"2"	""		"16022.7219"	"42198.825"	"3d.4s.(1D).4p"	"2D*"	"5/2"	"3d.4s.(1D).4d"	"2F"	"7/2"		""	"L4189c12"	
"382.0452"	"0.0007"	"382.0443"	"0.0003"	"2"	""		"18515.665"	"44690.637"	"3d.4s.(3D).4p"	"4P*"	"3/2"	"3d.(2D).4p2.(3P)"	"2P"	"1/2"		""	"L4189c12"	
"382.3487"	"0.0007"	""	""	"2"	""		""	""	""	""	""	""	""	""		""	"L4189c12"	
"382.3574"	"0.0007"	""	""	"2"	""		""	""	""	""	""	""	""	""		""	"L4189c12"	
"382.6011"	"0.0007"	""	""	"1"	""		""	""	""	""	""	""	""	""		""	"L4189c12"	
"382.6449"	"0.0007"	"382.64551"	"0.00022"	"3"	""		"15881.7082"	"42015.557"	"3d.4s.(3D).4p"	"4F*"	"7/2"	"3d2.(3F).5s"	"4F"	"7/2"		""	"L4189c12"	
"382.8393"	"0.0007"	"382.83954"	"0.00022"	"3"	""		"15041.902"	"41162.506"	"3d2.(3F).4s"	"2F"	"7/2"	"3d2.(3P).4p"	"2D*"	"5/2"		""	"L4189c12"	
"383.4458"	"0.0007"	"383.4460"	"0.0003"	"3*"	""		"18515.665"	"44594.955"	"3d.4s.(3D).4p"	"4P*"	"3/2"	"3d.(2D).4p2.(3P)"	"2P"	"3/2"		""	"L4189c12"	
"383.4458"	"0.0007"	"383.44675"	"0.00021"	"3*"	""		"15881.7082"	"41960.949"	"3d.4s.(3D).4p"	"4F*"	"7/2"	"3d2.(3F).5s"	"4F"	"5/2"		""	"L4189c12"	
"383.5485"	"0.0007"	""	""	"3"	""		""	""	""	""	""	""	""	""		""	"L4189c12"	
"383.7506"	"0.0007"	"383.7508"	"0.0003"	"5"	""		"16026.5528"	"42085.132"	"3d.4s.(3D).4p"	"4F*"	"9/2"	"3d2.(3F).5s"	"4F"	"9/2"		""	"L4189c12"	
"383.7606"	"0.0007"	"383.76190"	"0.00018"	"3"	""		"16141.0012"	"42198.825"	"3d.4s.(3D).4p"	"4D*"	"5/2"	"3d.4s.(1D).4d"	"2F"	"7/2"		""	"L4189c12"	
"383.8359"	"0.0007"	"383.83653"	"0.00019"	"4"	""		"16096.8834"	"42149.641"	"3d.4s.(1D).4p"	"2D*"	"3/2"	"3d.4s.(1D).4d"	"2F"	"5/2"		""	"L4189c12"	
"384.5957"	"0.0007"	""	""	"6"	""		""	""	""	""	""	""	""	""		""	"L4189c12"	
"384.6500"	"0.0014"	"384.6527"	"0.0003"	"3"	""		"17255.076"	"43252.557"	"3d2.(3P).4s"	"4P"	"3/2"	"3d.4s.(1D).5p"	"2D*"	"5/2"		""	"L4189c12"	
"384.7779"	"0.0007"	"384.77811"	"0.00022"	"2"	""		"16026.5528"	"42015.557"	"3d.4s.(3D).4p"	"4F*"	"9/2"	"3d2.(3F).5s"	"4F"	"7/2"		""	"L4189c12"	
"384.9166"	"0.0007"	"384.9173"	"0.0003"	"4"	""		"18711.029"	"44690.637"	"4s2.4p"	"2P*"	"1/2"	"3d.(2D).4p2.(3P)"	"2P"	"1/2"		""	"L4189c12"	
"385.2906"	"0.0007"	""	""	"3"	""		""	""	""	""	""	""	""	""		""	"L4189c12"	
"385.5174"	"0.0007"	"385.51734"	"0.00019"	"5"	""		"16021.7788"	"41960.949"	"3d.4s.(3D).4p"	"4D*"	"3/2"	"3d2.(3F).5s"	"4F"	"5/2"		""	"L4189c12"	
"385.6153"	"0.0007"	""	""	"1"	""		""	""	""	""	""	""	""	""		""	"L4189c12"	
"385.9195"	"0.0007"	"385.9192"	"0.0003"	"5"	""		"16009.7432"	"41921.904"	"3d.4s.(3D).4p"	"4D*"	"1/2"	"3d2.(3F).5s"	"4F"	"3/2"		""	"L4189c12"	
"386.0468"	"0.0007"	"386.0458"	"0.0003"	"5bl"	""		"21085.829"	"46989.493"	"3d.4s.(1D).4p"	"2F*"	"7/2"	""	"2D"	"5/2"		""	"L4189c12"	
"386.1005"	"0.0007"	"386.0985"	"0.0003"	"4"	""		"16021.7788"	"41921.904"	"3d.4s.(3D).4p"	"4D*"	"3/2"	"3d2.(3F).5s"	"4F"	"3/2"		""	"L4189c12"	
"386.3401"	"0.0007"	"386.3402"	"0.0003"	"3"	""		"18711.029"	"44594.955"	"4s2.4p"	"2P*"	"1/2"	"3d.(2D).4p2.(3P)"	"2P"	"3/2"		""	"L4189c12"	
"386.3726"	"0.0007"	"386.3717"	"0.0003"	"4"	""		"21032.732"	"46914.547"	"3d.4s.(1D).4p"	"2F*"	"5/2"	""	"2D"	"3/2"		""	"L4189c12"	
"386.4820"	"0.0007"	"386.48006"	"0.00022"	"6*"	""		"16141.0012"	"42015.557"	"3d.4s.(3D).4p"	"4D*"	"5/2"	"3d2.(3F).5s"	"4F"	"7/2"		""	"L4189c12"	
"386.4820"	"0.0007"	"386.4836"	"0.0003"	"6*"	""		"16210.8140"	"42085.132"	"3d.4s.(3D).4p"	"4D*"	"7/2"	"3d2.(3F).5s"	"4F"	"9/2"		""	"L4189c12"	
"386.6367"	"0.0007"	"386.63682"	"0.00019"	"4"	""		"16096.8834"	"41960.949"	"3d.4s.(1D).4p"	"2D*"	"3/2"	"3d2.(3F).5s"	"4F"	"5/2"		""	"L4189c12"	
"387.0734"	"0.0007"	"387.0733"	"0.0003"	"3"	""		"18855.734"	"44690.637"	"4s2.4p"	"2P*"	"3/2"	"3d.(2D).4p2.(3P)"	"2P"	"1/2"		""	"L4189c12"	
"387.2978"	"0.0007"	"387.29745"	"0.00019"	"4"	""		"16141.0012"	"41960.949"	"3d.4s.(3D).4p"	"4D*"	"5/2"	"3d2.(3F).5s"	"4F"	"5/2"		""	"L4189c12"	
"387.5255"	"0.0007"	"387.52566"	"0.00023"	"4"	""		"16210.8140"	"42015.557"	"3d.4s.(3D).4p"	"4D*"	"7/2"	"3d2.(3F).5s"	"4F"	"7/2"		""	"L4189c12"	
"387.5432"	"0.0007"	""	""	"5"	""		""	""	""	""	""	""	""	""		""	"L4189c12"	
"387.6817"	"0.0007"	"387.6821"	"0.0003"	"4"	""		"17025.127"	"42819.458"	"3d2.(1D).4s"	"2D"	"3/2"	"3d.4s.(1D).5p"	"2P*"	"1/2"		""	"L4189c12"	
"387.9352"	"0.0007"	""	""	"1"	""		""	""	""	""	""	""	""	""		""	"L4189c12"	
"387.9394"	"0.0007"	""	""	"1"	""		""	""	""	""	""	""	""	""		""	"L4189c12"	
"388.0837"	"0.0007"	"388.0836"	"0.0003"	"5"	""		"17012.753"	"42780.397"	"3d2.(1D).4s"	"2D"	"5/2"	"3d.4s.(1D).5p"	"2P*"	"3/2"		""	"L4189c12"	
"388.4895"	"0.0007"	""	""	"2"	""		""	""	""	""	""	""	""	""		""	"L4189c12"	
"388.5123"	"0.0007"	"388.5121"	"0.0003"	"5"	""		"18855.734"	"44594.955"	"4s2.4p"	"2P*"	"3/2"	"3d.(2D).4p2.(3P)"	"2P"	"3/2"		""	"L4189c12"	
"388.5321"	"0.0007"	""	""	"3"	""		""	""	""	""	""	""	""	""		""	"L4189c12"	
"388.6535"	"0.0007"	""	""	"3"	""		""	""	""	""	""	""	""	""		""	"L4189c12"	
"388.7642"	"0.0007"	"388.7642"	"0.0004"	"5"	""		"18515.665"	"44238.20"	"3d.4s.(3D).4p"	"4P*"	"3/2"	"3d.(2D).4p2.(3P)"	"4P"	"5/2"		""	"L4189c12"	
"389.1209"	"0.0007"	""	""	"2"	""		""	""	""	""	""	""	""	""		""	"L4189c12"	
"389.1970"	"0.0007"	""	""	"1"	""		""	""	""	""	""	""	""	""		""	"L4189c12"	
"389.5906"	"0.0007"	"389.5908"	"0.0003"	"1"	""		"14926.061"	"40594.018"	"3d2.(3F).4s"	"2F"	"5/2"	"3d.4s.(3D).5p"	"2P*"	"3/2"		""	"L4189c12"	
"389.6075"	"0.0007"	"389.6082"	"0.0004"	"5"	""		"18571.386"	"44238.20"	"3d.4s.(3D).4p"	"4P*"	"5/2"	"3d.(2D).4p2.(3P)"	"4P"	"5/2"		""	"L4189c12"	
"390.0079"	"0.0007"	""	""	"2"	""		""	""	""	""	""	""	""	""		""	"L4189c12"	
"390.0791"	"0.0007"	""	""	"1"	""		""	""	""	""	""	""	""	""		""	"L4189c12"	
"390.1306"	"0.0007"	""	""	"4"	""		""	""	""	""	""	""	""	""		""	"L4189c12"	
"390.5766"	"0.0007"	"390.5766"	"0.0003"	"5"	""		"18504.058"	"44107.228"	"3d.4s.(3D).4p"	"4P*"	"1/2"	"3d.(2D).4p2.(3P)"	"4P"	"3/2"		""	"L4189c12"	
"390.7534"	"0.0007"	"390.7538"	"0.0003"	"4"	""		"18515.665"	"44107.228"	"3d.4s.(3D).4p"	"4P*"	"3/2"	"3d.(2D).4p2.(3P)"	"4P"	"3/2"		""	"L4189c12"	
"390.8591"	"0.0007"	"390.85971"	"0.00014"	"7g"	"1.66e+08"	B+	"0.0000"	"25584.627"	"3d.4s2"	"2D"	"3/2"	"3d.4s.(3D).4p"	"2F*"	"5/2"		"T5448"	"L4189c12"	
"391.2920"	"0.0007"	"391.29263"	"0.00012"	"7g"	"1.79e+08"	B+	"168.3371"	"25724.658"	"3d.4s2"	"2D"	"5/2"	"3d.4s.(3D).4p"	"2F*"	"7/2"		"T5448"	"L4189c12"	
"391.6063"	"0.0007"	"391.6064"	"0.0003"	"5"	""		"18571.386"	"44107.228"	"3d.4s.(3D).4p"	"4P*"	"5/2"	"3d.(2D).4p2.(3P)"	"4P"	"3/2"		""	"L4189c12"	
"391.9313"	"0.0007"	"391.9319"	"0.0005"	"5"	""		"18515.665"	"44030.30"	"3d.4s.(3D).4p"	"4P*"	"3/2"	"3d.(2D).4p2.(3P)"	"4P"	"1/2"		""	"L4189c12"	
"392.4205"	"0.0007"	"392.4206"	"0.0003"	"3"	""		"16022.7219"	"41505.582"	"3d.4s.(1D).4p"	"2D*"	"5/2"	"3d.4s.(3D).4d"	"4P"	"5/2"		""	"L4189c12"	
"392.8799"	"0.0007"	"392.8798"	"0.0003"	"3"	""		"16021.7788"	"41474.854"	"3d.4s.(3D).4p"	"4D*"	"3/2"	"3d.4s.(3D).4d"	"4P"	"3/2"		""	"L4189c12"	
"392.8941"	"0.0007"	"392.8944"	"0.0003"	"2"	""		"16022.7219"	"41474.854"	"3d.4s.(1D).4p"	"2D*"	"5/2"	"3d.4s.(3D).4d"	"4P"	"3/2"		""	"L4189c12"	
"393.1263"	"0.0007"	"393.1266"	"0.0003"	"4"	""		"16009.7432"	"41446.839"	"3d.4s.(3D).4p"	"4D*"	"1/2"	"3d.4s.(3D).4d"	"4P"	"1/2"		""	"L4189c12"	
"393.3121"	"0.0007"	"393.30985"	"0.00025"	"4*"	""		"14926.061"	"40351.308"	"3d2.(3F).4s"	"2F"	"5/2"	"3d.4s.(3D).5p"	"2D*"	"5/2"		""	"L4189c12"	
"393.3121"	"0.0007"	"393.3127"	"0.0003"	"4*"	""		"16021.7788"	"41446.839"	"3d.4s.(3D).4p"	"4D*"	"3/2"	"3d.4s.(3D).4d"	"4P"	"1/2"		""	"L4189c12"	
"393.3707"	"0.0007"	"393.37150"	"0.00022"	"4"	""		"14926.061"	"40347.323"	"3d2.(3F).4s"	"2F"	"5/2"	"3d.4s.(3D).5p"	"2D*"	"3/2"		""	"L4189c12"	
"393.4489"	"0.0007"	"393.44846"	"0.00014"	"7g"	"1.62e+07"	B+	"168.3371"	"25584.627"	"3d.4s2"	"2D"	"5/2"	"3d.4s.(3D).4p"	"2F*"	"5/2"		"T5448"	"L4189c12"	
"393.9704"	"0.0007"	"393.9706"	"0.0004"	"2"	""		"18515.665"	"43898.27"	"3d.4s.(3D).4p"	"4P*"	"3/2"	"3d.4s.(3D).6s"	"4D"	"5/2"		""	"L4189c12"	
"394.0126"	"0.0007"	""	""	"1"	""		""	""	""	""	""	""	""	""		""	"L4189c12"	
"394.0422"	"0.0007"	"394.0425"	"0.0003"	"1"	""		"16096.8834"	"41474.854"	"3d.4s.(1D).4p"	"2D*"	"3/2"	"3d.4s.(3D).4d"	"4P"	"3/2"		""	"L4189c12"	
"394.2082"	"0.0007"	""	""	"3"	""		""	""	""	""	""	""	""	""		""	"L4189c12"	
"394.2504"	"0.0007"	"394.2506"	"0.0003"	"2"	""		"16141.0012"	"41505.582"	"3d.4s.(3D).4p"	"4D*"	"5/2"	"3d.4s.(3D).4d"	"4P"	"5/2"		""	"L4189c12"	
"394.4779"	"0.0007"	"394.4780"	"0.0003"	"2"	""		"16096.8834"	"41446.839"	"3d.4s.(1D).4p"	"2D*"	"3/2"	"3d.4s.(3D).4d"	"4P"	"1/2"		""	"L4189c12"	
"394.7289"	"0.0007"	"394.7287"	"0.0003"	"5"	""		"16141.0012"	"41474.854"	"3d.4s.(3D).4p"	"4D*"	"5/2"	"3d.4s.(3D).4d"	"4P"	"3/2"		""	"L4189c12"	
"395.1108"	"0.0007"	"395.11002"	"0.00023"	"3"	""		"15041.902"	"40351.308"	"3d2.(3F).4s"	"2F"	"7/2"	"3d.4s.(3D).5p"	"2D*"	"5/2"		""	"L4189c12"	
"395.3388"	"0.0007"	"395.3387"	"0.0003"	"5"	""		"16210.8140"	"41505.582"	"3d.4s.(3D).4p"	"4D*"	"7/2"	"3d.4s.(3D).4d"	"4P"	"5/2"		""	"L4189c12"	
"395.9311"	"0.0008"	"395.9319"	"0.0003"	"3"	""		"14926.061"	"40182.932"	"3d2.(3F).4s"	"2F"	"5/2"	""	"*"	"3/2 or 5/2"		""	"L4189c12"	
"396.9316"	"0.0008"	""	""	"3"	""		""	""	""	""	""	""	""	""		""	"L4189c12"	
"397.6339"	"0.0008"	""	""	"3"	""		""	""	""	""	""	""	""	""		""	"L4189c12"	
"397.9277"	"0.0008"	"397.92793"	"0.00024"	"5"	""		"15672.5595"	"40802.738"	"3d.4s.(3D).4p"	"4F*"	"3/2"	"3d3"	"2F"	"5/2"		""	"L4189c12"	
"398.8955"	"0.0008"	"398.8955"	"0.0003"	"5"	""		"15756.5295"	"40825.755"	"3d.4s.(3D).4p"	"4F*"	"5/2"	"3d3"	"2F"	"7/2"		""	"L4189c12"	
"399.4943"	"0.0008"	""	""	"2"	""		""	""	""	""	""	""	""	""		""	"L4189c12"	
"399.7731"	"0.0008"	"399.77309"	"0.00016"	"7g"	"1.65e+07"	B+	"0.0000"	"25014.190"	"3d.4s2"	"2D"	"3/2"	"3d.4s.(3D).4p"	"2D*"	"5/2"		"T5448"	"L4189c12"	
"400.8182"	"0.0008"	""	""	"2"	""		""	""	""	""	""	""	""	""		""	"L4189c12"	
"400.8970"	"0.0008"	"400.8973"	"0.0003"	"4"	""		"15881.7082"	"40825.755"	"3d.4s.(3D).4p"	"4F*"	"7/2"	"3d3"	"2F"	"7/2"		""	"L4189c12"	
"401.8897"	"0.0008"	"401.89048"	"0.00023"	"4"	"1.1e+06"	C+	"15672.5595"	"40554.960"	"3d.4s.(3D).4p"	"4F*"	"3/2"	"3d.4s.(3D).4d"	"4F"	"5/2"		"T5448"	"L4189c12"	
"402.1523"	"0.0008"	"402.15277"	"0.00016"	"7g"	"1.63e+08"	B+	"0.0000"	"24866.172"	"3d.4s2"	"2D"	"3/2"	"3d.4s.(3D).4p"	"2D*"	"3/2"		"T5448"	"L4189c12"	
"402.4352"	"0.0008"	"402.4355"	"0.0003"	"5"	"3.0e+07"	B	"15672.5595"	"40521.261"	"3d.4s.(3D).4p"	"4F*"	"3/2"	"3d.4s.(3D).4d"	"4F"	"3/2"		"T5448"	"L4189c12"	
"402.4815"	"0.0008"	"402.48166"	"0.00016"	"7g"	"1.65e+08"	B+	"168.3371"	"25014.190"	"3d.4s2"	"2D"	"5/2"	"3d.4s.(3D).4p"	"2D*"	"5/2"		"T5448"	"L4189c12"	
"403.1761"	"0.0008"	"403.1765"	"0.0003"	"6"	""		"16022.7219"	"40825.755"	"3d.4s.(1D).4p"	"2D*"	"5/2"	"3d3"	"2F"	"7/2"		""	"L4189c12"	
"403.2515"	"0.0008"	"403.25133"	"0.00023"	"5"	"2.9e+07"	B+	"15756.5295"	"40554.960"	"3d.4s.(3D).4p"	"4F*"	"5/2"	"3d.4s.(3D).4d"	"4F"	"5/2"		"T5448"	"L4189c12"	
"403.3094"	"0.0008"	""	""	"3"	""		""	""	""	""	""	""	""	""		""	"L4189c12"	
"403.4022"	"0.0008"	"403.4029"	"0.0003"	"1"	""		"15881.7082"	"40670.822"	"3d.4s.(3D).4p"	"4F*"	"7/2"	"3d.4s.(3D).4d"	"4F"	"9/2"		""	"L4189c12"	
"403.5351"	"0.0008"	"403.53563"	"0.00024"	"5"	""		"16021.7788"	"40802.738"	"3d.4s.(3D).4p"	"4D*"	"3/2"	"3d3"	"2F"	"5/2"		""	"L4189c12"	
"403.5503"	"0.0008"	"403.55099"	"0.00024"	"4"	""		"16022.7219"	"40802.738"	"3d.4s.(1D).4p"	"2D*"	"5/2"	"3d3"	"2F"	"5/2"		""	"L4189c12"	
"403.7999"	"0.0008"	"403.8001"	"0.0003"	"5"	"7.9e+06"	B+	"15756.5295"	"40521.261"	"3d.4s.(3D).4p"	"4F*"	"5/2"	"3d.4s.(3D).4d"	"4F"	"3/2"		"T5448"	"L4189c12"	
"404.0298"	"0.0008"	""	""	"3"	""		""	""	""	""	""	""	""	""		""	"L4189c12"	
"404.4945"	"0.0008"	"404.4943"	"0.0003"	"5"	"3.11e+07"	B+	"15881.7082"	"40603.933"	"3d.4s.(3D).4p"	"4F*"	"7/2"	"3d.4s.(3D).4d"	"4F"	"7/2"		"T5448"	"L4189c12"	
"404.7622"	"0.0008"	"404.76236"	"0.00025"	"5"	""		"16096.8834"	"40802.738"	"3d.4s.(1D).4p"	"2D*"	"3/2"	"3d3"	"2F"	"5/2"		""	"L4189c12"	
"404.8940"	"0.0008"	"404.89379"	"0.00016"	"7g"	"1.54e+07"	B+	"168.3371"	"24866.172"	"3d.4s2"	"2D"	"5/2"	"3d.4s.(3D).4p"	"2D*"	"3/2"		"T5448"	"L4189c12"	
"405.1081"	"0.0008"	"405.1084"	"0.0003"	"5"	""		"16141.0012"	"40825.755"	"3d.4s.(3D).4p"	"4D*"	"5/2"	"3d3"	"2F"	"7/2"		""	"L4189c12"	
"405.2971"	"0.0008"	"405.29721"	"0.00021"	"5"	"7.7e+06"	B+	"15881.7082"	"40554.960"	"3d.4s.(3D).4p"	"4F*"	"7/2"	"3d.4s.(3D).4d"	"4F"	"5/2"		"T5448"	"L4189c12"	
"405.3745"	"0.0008"	""	""	"5"	""		""	""	""	""	""	""	""	""		""	"L4189c12"	
"405.5689"	"0.0008"	"405.56908"	"0.00021"	"7g"	"4.46e+07"	C	"0.0000"	"24656.712"	"3d.4s2"	"2D"	"3/2"	"3d.4s.(1D).4p"	"2P*"	"1/2"		"T2877"	"L4189c12"	
"405.7739"	"0.0008"	"405.7739"	"0.0003"	"5"	""		"16026.5528"	"40670.822"	"3d.4s.(3D).4p"	"4F*"	"9/2"	"3d.4s.(3D).4d"	"4F"	"9/2"		""	"L4189c12"	
"406.1250"	"0.0008"	""	""	"4"	""		""	""	""	""	""	""	""	""		""	"L4189c12"	
"406.3035"	"0.0008"	""	""	"3"	""		""	""	""	""	""	""	""	""		""	"L4189c12"	
"406.3773"	"0.0008"	""	""	"3"	""		""	""	""	""	""	""	""	""		""	"L4189c12"	
"406.8149"	"0.0008"	"406.8148"	"0.0003"	"5"	"1.91e+07"	B+	"16022.7219"	"40603.933"	"3d.4s.(1D).4p"	"2D*"	"5/2"	"3d.4s.(3D).4d"	"4F"	"7/2"		"T5448"	"L4189c12"	
"406.8408"	"0.0008"	"406.8405"	"0.0003"	"3"	""		"18855.734"	"43435.390"	"4s2.4p"	"2P*"	"3/2"	"3d.4s.(1D).4d"	"2P"	"3/2"		""	"L4189c12"	
"406.8781"	"0.0008"	"406.8782"	"0.0003"	"5"	"4.1e+06"	B	"16026.5528"	"40603.933"	"3d.4s.(3D).4p"	"4F*"	"9/2"	"3d.4s.(3D).4d"	"4F"	"7/2"		"T5448"	"L4189c12"	
"407.6113"	"0.0008"	"407.61122"	"0.00023"	"6"	"3.7e+07"	B+	"16021.7788"	"40554.960"	"3d.4s.(3D).4p"	"4D*"	"3/2"	"3d.4s.(3D).4d"	"4F"	"5/2"		"T5448"	"L4189c12"	
"407.6262"	"0.0008"	"407.62689"	"0.00023"	"2"	""		"16022.7219"	"40554.960"	"3d.4s.(1D).4p"	"2D*"	"5/2"	"3d.4s.(3D).4d"	"4F"	"5/2"		""	"L4189c12"	
"407.9716"	"0.0008"	"407.9715"	"0.0003"	"5"	"4.3e+07"	B+	"16009.7432"	"40521.261"	"3d.4s.(3D).4p"	"4D*"	"1/2"	"3d.4s.(3D).4d"	"4F"	"3/2"		"T5448"	"L4189c12"	
"408.1719"	"0.0008"	"408.1719"	"0.0003"	"4"	"6.6e+06"	B	"16021.7788"	"40521.261"	"3d.4s.(3D).4p"	"4D*"	"3/2"	"3d.4s.(3D).4d"	"4F"	"3/2"		"T5448"	"L4189c12"	
"408.3540"	"0.0008"	"408.35446"	"0.00017"	"7g"	"2.73e+07"	B+	"168.3371"	"24656.866"	"3d.4s2"	"2D"	"5/2"	"3d.4s.(1D).4p"	"2P*"	"3/2"		"T5448"	"L4189c12"	
"408.6184"	"0.0008"	""	""	"1"	""		""	""	""	""	""	""	""	""		""	"L4189c12"	
"408.7172"	"0.0008"	"408.7181"	"0.0005"	"5"	""		"14926.061"	"39392.80"	"3d2.(3F).4s"	"2F"	"5/2"	"3d2.(1G).4p"	"2G*"	"7/2"		""	"L4189c12"	
"408.7818"	"0.0008"	"408.7817"	"0.0003"	"5"	"3.7e+07"	B+	"16141.0012"	"40603.933"	"3d.4s.(3D).4p"	"4D*"	"5/2"	"3d.4s.(3D).4d"	"4F"	"7/2"		"T5448"	"L4189c12"	
"408.8304"	"0.0008"	"408.8306"	"0.0003"	"6"	""		"16210.8140"	"40670.822"	"3d.4s.(3D).4p"	"4D*"	"7/2"	"3d.4s.(3D).4d"	"4F"	"9/2"		""	"L4189c12"	
"408.8628"	"0.0008"	"408.86289"	"0.00023"	"5"	"1.12e+07"	B+	"16096.8834"	"40554.960"	"3d.4s.(1D).4p"	"2D*"	"3/2"	"3d.4s.(3D).4d"	"4F"	"5/2"		"T5448"	"L4189c12"	
"409.4274"	"0.0008"	"409.4270"	"0.0003"	"5"	"1.23e+07"	B+	"16096.8834"	"40521.261"	"3d.4s.(1D).4p"	"2D*"	"3/2"	"3d.4s.(3D).4d"	"4F"	"3/2"		"T5448"	"L4189c12"	
"409.6017"	"0.0008"	"409.60174"	"0.00023"	"5"	"1.44e+07"	B+	"16141.0012"	"40554.960"	"3d.4s.(3D).4p"	"4D*"	"5/2"	"3d.4s.(3D).4d"	"4F"	"5/2"		"T5448"	"L4189c12"	
"409.7999"	"0.0008"	"409.7995"	"0.0004"	"2"	""		"18515.665"	"42917.840"	"3d.4s.(3D).4p"	"4P*"	"3/2"	"3d3"	"2D1"	"5/2"		""	"L4189c12"	
"409.9517"	"0.0008"	"409.9517"	"0.0003"	"5"	"8.7e+06"	B+	"16210.8140"	"40603.933"	"3d.4s.(3D).4p"	"4D*"	"7/2"	"3d.4s.(3D).4d"	"4F"	"7/2"		"T5448"	"L4189c12"	
"410.1470"	"0.0008"	"410.1477"	"0.0005"	"5"	""		"15041.902"	"39423.36"	"3d2.(3F).4s"	"2F"	"7/2"	"3d2.(1G).4p"	"2G*"	"9/2"		""	"L4189c12"	
"410.1682"	"0.0008"	"410.1679"	"0.0003"	"5"	""		"16141.0012"	"40521.261"	"3d.4s.(3D).4p"	"4D*"	"5/2"	"3d.4s.(3D).4d"	"4F"	"3/2"		""	"L4189c12"	
"410.3989"	"0.0008"	""	""	"1"	""		""	""	""	""	""	""	""	""		""	"L4189c12"	
"410.5852"	"0.0008"	""	""	"1"	""		""	""	""	""	""	""	""	""		""	"L4189c12"	
"410.8534"	"0.0008"	""	""	"1"	""		""	""	""	""	""	""	""	""		""	"L4189c12"	
"410.8610"	"0.0008"	""	""	"1"	""		""	""	""	""	""	""	""	""		""	"L4189c12"	
"412.7711"	"0.0008"	"412.7712"	"0.0003"	"5"	""		"18711.029"	"42937.526"	"4s2.4p"	"2P*"	"1/2"	"3d3"	"2D1"	"3/2"		""	"L4189c12"	
"413.1210"	"0.0008"	""	""	"2"	""		""	""	""	""	""	""	""	""		""	"L4189c12"	
"413.4150"	"0.0008"	"413.4147"	"0.0004"	"6"	"1.19e+08"	B+	"15672.5595"	"39861.348"	"3d.4s.(3D).4p"	"4F*"	"3/2"	"3d.4s.(3D).4d"	""	"5/2"		"T5448"	"L4189c12"	
"413.7908"	"0.0008"	""	""	"1"	""		""	""	""	""	""	""	""	""		""	"L4189c12"	
"413.7961"	"0.0008"	"413.7951"	"0.0006"	"1"	""		"18711.029"	"42877.58"	"4s2.4p"	"2P*"	"1/2"	"3d.4s.(3D).4d"	"2S"	"1/2"		""	"L4189c12"	
"414.1440"	"0.0008"	"414.1444"	"0.0003"	"6"	"1.17e+08"	B+	"15756.5295"	"39902.698"	"3d.4s.(3D).4p"	"4F*"	"5/2"	"3d.4s.(3D).4d"	"4G"	"7/2"		"T5448"	"L4189c12"	
"414.7441"	"0.0008"	"414.7444"	"0.0005"	"1"	""		"15041.902"	"39153.14"	"3d2.(3F).4s"	"2F"	"7/2"	"3d2.(1G).4p"	"2H*"	"9/2"		""	"L4189c12"	
"414.8548"	"0.0008"	"414.8548"	"0.0004"	"5"	"1.74e+07"	B+	"15756.5295"	"39861.348"	"3d.4s.(3D).4p"	"4F*"	"5/2"	"3d.4s.(3D).4d"	""	"5/2"		"T5448"	"L4189c12"	
"415.2526"	"0.0008"	"415.2515"	"0.0003"	"1"	""		"18855.734"	"42937.526"	"4s2.4p"	"2P*"	"3/2"	"3d3"	"2D1"	"3/2"		""	"L4189c12"	
"415.3512"	"0.0008"	"415.3507"	"0.0005"	"6"	""		"15881.7082"	"39957.75"	"3d.4s.(3D).4p"	"4F*"	"7/2"	"3d.4s.(3D).4d"	"4G"	"9/2"		""	"L4189c12"	
"415.5907"	"0.0008"	"415.5912"	"0.0004"	"5"	""		"18855.734"	"42917.840"	"4s2.4p"	"2P*"	"3/2"	"3d3"	"2D1"	"5/2"		""	"L4189c12"	
"415.6910"	"0.0008"	""	""	"1"	""		""	""	""	""	""	""	""	""		""	"L4189c12"	
"415.8142"	"0.0008"	"415.8143"	"0.0003"	"3"	""		"15672.5595"	"39721.755"	"3d.4s.(3D).4p"	"4F*"	"3/2"	"3d.4s.(3D).4d"	"4D"	"3/2"		""	"L4189c12"	
"415.9531"	"0.0008"	"415.9534"	"0.0003"	"4"	""		"16022.7219"	"40063.875"	"3d.4s.(1D).4p"	"2D*"	"5/2"	"3d.4s.(3D).4d"	"2P"	"3/2"		""	"L4189c12"	
"416.2868"	"0.0008"	"416.2877"	"0.0006"	"5"	""		"18855.734"	"42877.58"	"4s2.4p"	"2P*"	"3/2"	"3d.4s.(3D).4d"	"2S"	"1/2"		""	"L4189c12"	
"416.3020"	"0.0008"	"416.3026"	"0.0004"	"5"	"1.77e+07"	B+	"15881.7082"	"39902.698"	"3d.4s.(3D).4p"	"4F*"	"7/2"	"3d.4s.(3D).4d"	"4G"	"7/2"		"T5448"	"L4189c12"	
"416.6361"	"0.0008"	"416.6362"	"0.0008"	"6"	""		"16026.5528"	"40028.31"	"3d.4s.(3D).4p"	"4F*"	"9/2"	"3d.4s.(3D).4d"	"4G"	"11/2"		""	"L4189c12"	
"417.1288"	"0.0008"	"417.1289"	"0.0004"	"3"	""		"16096.8834"	"40070.288"	"3d.4s.(1D).4p"	"2D*"	"3/2"	"3d.4s.(3D).4d"	"2P"	"1/2"		""	"L4189c12"	
"417.2710"	"0.0008"	"417.2713"	"0.0003"	"5"	"1.36e+07"	B+	"15756.5295"	"39721.755"	"3d.4s.(3D).4p"	"4F*"	"5/2"	"3d.4s.(3D).4d"	"4D"	"3/2"		"T5448"	"L4189c12"	
"417.8643"	"0.0008"	"417.8646"	"0.0005"	"5"	""		"16026.5528"	"39957.75"	"3d.4s.(3D).4p"	"4F*"	"9/2"	"3d.4s.(3D).4d"	"4G"	"9/2"		""	"L4189c12"	
"417.8734"	"0.0008"	"417.8753"	"0.0003"	"2"	""		"21085.829"	"45016.415"	"3d.4s.(1D).4p"	"2F*"	"7/2"	"3d.(2D).4p2.(3P)"	"4F"	"7/2"		""	"L4189c12"	
"418.0097"	"0.0008"	"418.0100"	"0.0003"	"3"	""		"16141.0012"	"40063.875"	"3d.4s.(3D).4p"	"4D*"	"5/2"	"3d.4s.(3D).4d"	"2P"	"3/2"		""	"L4189c12"	
"418.0901"	"0.0008"	"418.0908"	"0.0003"	"1"	""		"15881.7082"	"39799.959"	"3d.4s.(3D).4p"	"4F*"	"7/2"	"3d.4s.(3D).4d"	"4D"	"7/2"		""	"L4189c12"	
"418.5908"	"0.0008"	""	""	"2"	""		""	""	""	""	""	""	""	""		""	"L4189c12"	
"418.7601"	"0.0008"	"418.7609"	"0.0004"	"5"	"8.4e+06"	B	"16022.7219"	"39902.698"	"3d.4s.(1D).4p"	"2D*"	"5/2"	"3d.4s.(3D).4d"	"4G"	"7/2"		"T5448"	"L4189c12"	
"418.8166"	"0.0008"	"418.8168"	"0.0003"	"1"	""		"21032.732"	"44909.520"	"3d.4s.(1D).4p"	"2F*"	"5/2"	"3d.(2D).4p2.(3P)"	"4F"	"5/2"		""	"L4189c12"	
"418.8785"	"0.0008"	"418.8784"	"0.0003"	"5"	"1.28e+07"	B+	"15881.7082"	"39754.983"	"3d.4s.(3D).4p"	"4F*"	"7/2"	"3d.4s.(3D).4d"	"4D"	"5/2"		"T5448"	"L4189c12"	
"419.1819"	"0.0008"	"419.1826"	"0.0003"	"4"	""		"21085.829"	"44941.779"	"3d.4s.(1D).4p"	"2F*"	"7/2"	"3d.(2D).4p2.(3P)"	"2F"	"7/2"		""	"L4189c12"	
"419.4710"	"0.0008"	"419.4707"	"0.0004"	"5"	"6.1e+06"	B	"16021.7788"	"39861.348"	"3d.4s.(3D).4p"	"4D*"	"3/2"	"3d.4s.(3D).4d"	""	"5/2"		"T5448"	"L4189c12"	
"419.4865"	"0.0008"	"419.4873"	"0.0004"	"1"	""		"16022.7219"	"39861.348"	"3d.4s.(1D).4p"	"2D*"	"5/2"	"3d.4s.(3D).4d"	""	"5/2"		""	"L4189c12"	
"419.6282"	"0.0008"	""	""	"2"	""		""	""	""	""	""	""	""	""		""	"L4189c12"	
"419.6912"	"0.0008"	""	""	"2"	""		""	""	""	""	""	""	""	""		""	"L4189c12"	
"419.7633"	"0.0008"	""	""	"1"	""		""	""	""	""	""	""	""	""		""	"L4189c12"	
"420.0653"	"0.0008"	"420.0653"	"0.0003"	"4"	""		"21032.732"	"44838.556"	"3d.4s.(1D).4p"	"2F*"	"5/2"	"3d.(2D).4p2.(3P)"	"2F"	"5/2"		""	"L4189c12"	
"420.5703"	"0.0008"	"420.5703"	"0.0003"	"5"	"3.5e+06"	C+	"16022.7219"	"39799.959"	"3d.4s.(1D).4p"	"2D*"	"5/2"	"3d.4s.(3D).4d"	"4D"	"7/2"		"T5448"	"L4189c12"	
"420.6382"	"0.0008"	"420.6381"	"0.0003"	"5"	"1.12e+07"	B+	"16026.5528"	"39799.959"	"3d.4s.(3D).4p"	"4F*"	"9/2"	"3d.4s.(3D).4d"	"4D"	"7/2"		"T5448"	"L4189c12"	
"420.7966"	"0.0008"	"420.7964"	"0.0004"	"3"	""		"16096.8834"	"39861.348"	"3d.4s.(1D).4p"	"2D*"	"3/2"	"3d.4s.(3D).4d"	""	"5/2"		""	"L4189c12"	
"421.1065"	"0.0009"	"421.1070"	"0.0005"	"4"	""		"16210.8140"	"39957.75"	"3d.4s.(3D).4p"	"4D*"	"7/2"	"3d.4s.(3D).4d"	"4G"	"9/2"		""	"L4189c12"	
"421.2108"	"0.0009"	""	""	"1"	""		""	""	""	""	""	""	""	""		""	"L4189c12"	
"421.3505"	"0.0009"	"421.3506"	"0.0003"	"5"	"1.58e+07"	B+	"16021.7788"	"39754.983"	"3d.4s.(3D).4p"	"4D*"	"3/2"	"3d.4s.(3D).4d"	"4D"	"5/2"		"T5448"	"L4189c12"	
"421.3668"	"0.0009"	"421.3674"	"0.0003"	"5"	"8.6e+06"	B	"16022.7219"	"39754.983"	"3d.4s.(1D).4p"	"2D*"	"5/2"	"3d.4s.(3D).4d"	"4D"	"5/2"		"T5448"	"L4189c12"	
"421.7271"	"0.0009"	"421.7272"	"0.0003"	"5"	"2.36e+07"	B+	"16009.7432"	"39721.755"	"3d.4s.(3D).4p"	"4D*"	"1/2"	"3d.4s.(3D).4d"	"4D"	"3/2"		"T5448"	"L4189c12"	
"421.9413"	"0.0009"	"421.9414"	"0.0003"	"5"	"2.26e+07"	B+	"16021.7788"	"39721.755"	"3d.4s.(3D).4p"	"4D*"	"3/2"	"3d.4s.(3D).4d"	"4D"	"3/2"		"T5448"	"L4189c12"	
"421.9584"	"0.0009"	"421.9581"	"0.0003"	"3"	""		"16022.7219"	"39721.755"	"3d.4s.(1D).4p"	"2D*"	"5/2"	"3d.4s.(3D).4d"	"4D"	"3/2"		""	"L4189c12"	
"422.0892"	"0.0009"	"422.0890"	"0.0004"	"5"	""		"16009.7432"	"39701.428"	"3d.4s.(3D).4p"	"4D*"	"1/2"	"3d.4s.(3D).4d"	"4D"	"1/2"		""	"L4189c12"	
"422.2572"	"0.0009"	""	""	"1"	""		""	""	""	""	""	""	""	""		""	"L4189c12"	
"422.2652"	"0.0009"	""	""	"1"	""		""	""	""	""	""	""	""	""		""	"L4189c12"	
"422.3037"	"0.0009"	"422.3036"	"0.0004"	"5"	""		"16021.7788"	"39701.428"	"3d.4s.(3D).4p"	"4D*"	"3/2"	"3d.4s.(3D).4d"	"4D"	"1/2"		""	"L4189c12"	
"422.5393"	"0.0009"	""	""	"1"	""		""	""	""	""	""	""	""	""		""	"L4189c12"	
"422.6037"	"0.0009"	""	""	"2"	""		""	""	""	""	""	""	""	""		""	"L4189c12"	
"422.6092"	"0.0009"	""	""	"1"	""		""	""	""	""	""	""	""	""		""	"L4189c12"	
"422.6730"	"0.0009"	"422.6729"	"0.0003"	"5"	"9.5e+06"	B+	"16141.0012"	"39799.959"	"3d.4s.(3D).4p"	"4D*"	"5/2"	"3d.4s.(3D).4d"	"4D"	"7/2"		"T5448"	"L4189c12"	
"422.6882"	"0.0009"	"422.6882"	"0.0003"	"5"	"7.6e+06"	B+	"16096.8834"	"39754.983"	"3d.4s.(1D).4p"	"2D*"	"3/2"	"3d.4s.(3D).4d"	"4D"	"5/2"		"T5448"	"L4189c12"	
"422.8650"	"0.0009"	""	""	"2"	""		""	""	""	""	""	""	""	""		""	"L4189c12"	
"423.2828"	"0.0009"	"423.2827"	"0.0003"	"5"	"1.31e+07"	B	"16096.8834"	"39721.755"	"3d.4s.(1D).4p"	"2D*"	"3/2"	"3d.4s.(3D).4d"	"4D"	"3/2"		"T5448"	"L4189c12"	
"423.3107"	"0.0009"	"423.3121"	"0.0003"	"5"	""		"20236.877"	"43860.111"	"3d2.(1G).4s"	"2G"	"9/2"	"3d2.(1G).4p"	"2F*"	"7/2"		""	"L4189c12"	
"423.3614"	"0.0009"	"423.3618"	"0.0003"	"1"	""		"20239.650"	"43860.111"	"3d2.(1G).4s"	"2G"	"7/2"	"3d2.(1G).4p"	"2F*"	"7/2"		""	"L4189c12"	
"423.4783"	"0.0009"	"423.4779"	"0.0003"	"5"	"4.0e+07"	B+	"16141.0012"	"39754.983"	"3d.4s.(3D).4p"	"4D*"	"5/2"	"3d.4s.(3D).4d"	"4D"	"5/2"		"T5448"	"L4189c12"	
"423.6473"	"0.0009"	"423.6472"	"0.0004"	"4"	""		"16096.8834"	"39701.428"	"3d.4s.(1D).4p"	"2D*"	"3/2"	"3d.4s.(3D).4d"	"4D"	"1/2"		""	"L4189c12"	
"423.8992"	"0.0009"	"423.9000"	"0.0003"	"5"	""		"20239.650"	"43830.118"	"3d2.(1G).4s"	"2G"	"7/2"	"3d2.(1G).4p"	"2F*"	"5/2"		""	"L4189c12"	
"423.9246"	"0.0009"	"423.9238"	"0.0004"	"6"	"7.1e+07"	B+	"16210.8140"	"39799.959"	"3d.4s.(3D).4p"	"4D*"	"7/2"	"3d.4s.(3D).4d"	"4D"	"7/2"		"T5448"	"L4189c12"	
"424.0746"	"0.0009"	"424.0747"	"0.0003"	"5"	"2.27e+07"	B+	"16141.0012"	"39721.755"	"3d.4s.(3D).4p"	"4D*"	"5/2"	"3d.4s.(3D).4d"	"4D"	"3/2"		"T5448"	"L4189c12"	
"424.7334"	"0.0009"	"424.7336"	"0.0003"	"4"	"1.15e+07"	B+	"16210.8140"	"39754.983"	"3d.4s.(3D).4p"	"4D*"	"7/2"	"3d.4s.(3D).4d"	"4D"	"5/2"		"T5448"	"L4189c12"	
"425.3887"	"0.0009"	"425.3894"	"0.0003"	"1"	""		"20681.410"	"44189.284"	"3d2.(3P).4s"	"2P"	"1/2"	"3d2.(3P).4p"	"2P*"	"3/2"		""	"L4189c12"	
"425.8485"	"0.0009"	""	""	"2"	""		""	""	""	""	""	""	""	""		""	"L4189c12"	
"426.0847"	"0.0009"	"426.0858"	"0.0003"	"4"	""		"20719.833"	"44189.284"	"3d2.(3P).4s"	"2P"	"3/2"	"3d2.(3P).4p"	"2P*"	"3/2"		""	"L4189c12"	
"426.1503"	"0.0009"	""	""	"2"	""		""	""	""	""	""	""	""	""		""	"L4189c12"	
"426.2511"	"0.0009"	"426.2513"	"0.0003"	"5"	""		"17255.076"	"40715.416"	"3d2.(3P).4s"	"4P"	"3/2"	"3d.4s.(3D).5p"	"4P*"	"5/2"		""	"L4189c12"	
"426.9115"	"0.0009"	"426.9122"	"0.0004"	"2"	""		"20681.410"	"44105.430"	"3d2.(3P).4s"	"2P"	"1/2"	"3d2.(3P).4p"	"2P*"	"1/2"		""	"L4189c12"	
"427.0102"	"0.0009"	"427.0107"	"0.0004"	"2"	""		"17226.025"	"40644.644"	"3d2.(3P).4s"	"4P"	"1/2"	"3d.4s.(3D).5p"	"4P*"	"3/2"		""	"L4189c12"	
"427.1606"	"0.0009"	""	""	"2"	""		""	""	""	""	""	""	""	""		""	"L4189c12"	
"427.1976"	"0.0009"	"427.1980"	"0.0003"	"4"	""		"17307.069"	"40715.416"	"3d2.(3P).4s"	"4P"	"5/2"	"3d.4s.(3D).5p"	"4P*"	"5/2"		""	"L4189c12"	
"427.5413"	"0.0009"	"427.5410"	"0.0003"	"2*"	""		"17255.076"	"40644.644"	"3d2.(3P).4s"	"4P"	"3/2"	"3d.4s.(3D).5p"	"4P*"	"3/2"		""	"L4189c12"	
"427.5413"	"0.0009"	"427.5411"	"0.0003"	"2*"	""		"18571.386"	"41960.949"	"3d.4s.(3D).4p"	"4P*"	"5/2"	"3d2.(3F).5s"	"4F"	"5/2"		""	"L4189c12"	
"427.6125"	"0.0009"	"427.6136"	"0.0004"	"1"	""		"20719.833"	"44105.430"	"3d2.(3P).4s"	"2P"	"3/2"	"3d2.(3P).4p"	"2P*"	"1/2"		""	"L4189c12"	
"428.3242"	"0.0009"	""	""	"4"	""		""	""	""	""	""	""	""	""		""	"L4189c12"	
"428.4440"	"0.0009"	"428.4452"	"0.0004"	"3"	""		"17255.076"	"40595.283"	"3d2.(3P).4s"	"4P"	"3/2"	"3d.4s.(3D).5p"	"4P*"	"1/2"		""	"L4189c12"	
"428.4754"	"0.0009"	"428.4755"	"0.0003"	"5"	""		"17012.753"	"40351.308"	"3d2.(1D).4s"	"2D"	"5/2"	"3d.4s.(3D).5p"	"2D*"	"5/2"		""	"L4189c12"	
"428.4929"	"0.0009"	"428.4935"	"0.0003"	"2"	""		"17307.069"	"40644.644"	"3d2.(3P).4s"	"4P"	"5/2"	"3d.4s.(3D).5p"	"4P*"	"3/2"		""	"L4189c12"	
"428.5479"	"0.0009"	"428.5487"	"0.0003"	"1"	""		"17012.753"	"40347.323"	"3d2.(1D).4s"	"2D"	"5/2"	"3d.4s.(3D).5p"	"2D*"	"3/2"		""	"L4189c12"	
"428.7030"	"0.0009"	"428.7028"	"0.0003"	"1"	""		"17025.127"	"40351.308"	"3d2.(1D).4s"	"2D"	"3/2"	"3d.4s.(3D).5p"	"2D*"	"5/2"		""	"L4189c12"	
"428.7760"	"0.0009"	"428.7761"	"0.0003"	"5"	""		"17025.127"	"40347.323"	"3d2.(1D).4s"	"2D"	"3/2"	"3d.4s.(3D).5p"	"2D*"	"3/2"		""	"L4189c12"	
"430.9853"	"0.0009"	"430.9862"	"0.0003"	"3"	""		"15756.5295"	"38959.131"	"3d.4s.(3D).4p"	"4F*"	"5/2"	"3d.4s.(3D).4d"	"2F"	"7/2"		""	"L4189c12"	
"431.0512"	"0.0009"	"431.0518"	"0.0003"	"2"	""		"15672.5595"	"38871.628"	"3d.4s.(3D).4p"	"4F*"	"3/2"	"3d.4s.(3D).4d"	"2F"	"5/2"		""	"L4189c12"	
"431.0685"	"0.0009"	"431.0695"	"0.0003"	"2"	""		"17012.753"	"40210.868"	"3d2.(1D).4s"	"2D"	"5/2"	"3d.4s.(3D).5p"	"4D*"	"7/2"		""	"L4189c12"	
"432.3588"	"0.0009"	""	""	"4"	""		""	""	""	""	""	""	""	""		""	"L4189c12"	
"433.0464"	"0.0009"	"433.0458"	"0.0003"	"1"	""		"17255.076"	"40347.323"	"3d2.(3P).4s"	"4P"	"3/2"	"3d.4s.(3D).5p"	"2D*"	"3/2"		""	"L4189c12"	
"433.0622"	"0.0009"	"433.0618"	"0.0003"	"1"	""		"17012.753"	"40104.143"	"3d2.(1D).4s"	"2D"	"5/2"	"3d.4s.(3D).5p"	"2F*"	"5/2"		""	"L4189c12"	
"433.2947"	"0.0009"	"433.2940"	"0.0003"	"4"	""		"17025.127"	"40104.143"	"3d2.(1D).4s"	"2D"	"3/2"	"3d.4s.(3D).5p"	"2F*"	"5/2"		""	"L4189c12"	
"433.9489"	"0.0009"	"433.9479"	"0.0003"	"3"	""		"17307.069"	"40351.308"	"3d2.(3P).4s"	"4P"	"5/2"	"3d.4s.(3D).5p"	"2D*"	"5/2"		""	"L4189c12"	
"434.1844"	"0.0009"	""	""	"1"	""		""	""	""	""	""	""	""	""		""	"L4189c12"	
"434.9742"	"0.0009"	"434.9732"	"0.0003"	"4*"	""		"15881.7082"	"38871.628"	"3d.4s.(3D).4p"	"4F*"	"7/2"	"3d.4s.(3D).4d"	"2F"	"5/2"		""	"L4189c12"	
"434.9742"	"0.0009"	"434.9733"	"0.0004"	"4*"	""		"18515.665"	"41505.582"	"3d.4s.(3D).4p"	"4P*"	"3/2"	"3d.4s.(3D).4d"	"4P"	"5/2"		""	"L4189c12"	
"435.3350"	"0.0009"	"435.3354"	"0.0004"	"3"	""		"18504.058"	"41474.854"	"3d.4s.(3D).4p"	"4P*"	"1/2"	"3d.4s.(3D).4d"	"4P"	"3/2"		""	"L4189c12"	
"435.5562"	"0.0009"	"435.5555"	"0.0003"	"1"	""		"18515.665"	"41474.854"	"3d.4s.(3D).4p"	"4P*"	"3/2"	"3d.4s.(3D).4d"	"4P"	"3/2"		""	"L4189c12"	
"435.8079"	"0.0009"	""	""	"1"	""		""	""	""	""	""	""	""	""		""	"L4189c12"	
"435.8681"	"0.0009"	"435.8670"	"0.0004"	"3"	""		"18504.058"	"41446.839"	"3d.4s.(3D).4p"	"4P*"	"1/2"	"3d.4s.(3D).4d"	"4P"	"1/2"		""	"L4189c12"	
"435.9874"	"0.0009"	"435.9880"	"0.0003"	"5"	""		"16022.7219"	"38959.131"	"3d.4s.(1D).4p"	"2D*"	"5/2"	"3d.4s.(3D).4d"	"2F"	"7/2"		""	"L4189c12"	
"436.0304"	"0.0009"	"436.0301"	"0.0004"	"5"	""		"18571.386"	"41505.582"	"3d.4s.(3D).4p"	"4P*"	"5/2"	"3d.4s.(3D).4d"	"4P"	"5/2"		""	"L4189c12"	
"436.0874"	"0.0009"	"436.0876"	"0.0004"	"3"	""		"18515.665"	"41446.839"	"3d.4s.(3D).4p"	"4P*"	"3/2"	"3d.4s.(3D).4d"	"4P"	"1/2"		""	"L4189c12"	
"436.6149"	"0.0009"	"436.6151"	"0.0004"	"4"	""		"18571.386"	"41474.854"	"3d.4s.(3D).4p"	"4P*"	"5/2"	"3d.4s.(3D).4d"	"4P"	"3/2"		""	"L4189c12"	
"437.6396"	"0.0009"	"437.6396"	"0.0003"	"4"	""		"16021.7788"	"38871.628"	"3d.4s.(3D).4p"	"4D*"	"3/2"	"3d.4s.(3D).4d"	"2F"	"5/2"		""	"L4189c12"	
"437.6543"	"0.0009"	"437.6546"	"0.0003"	"3"	""		"17255.076"	"40104.143"	"3d2.(3P).4s"	"4P"	"3/2"	"3d.4s.(3D).5p"	"2F*"	"5/2"		""	"L4189c12"	
"437.7519"	"0.0009"	"437.7516"	"0.0003"	"2"	""		"17307.069"	"40151.072"	"3d2.(3P).4s"	"4P"	"5/2"	"3d.4s.(3D).5p"	"2F*"	"7/2"		""	"L4189c12"	
"438.2474"	"0.0009"	"438.2480"	"0.0003"	"3"	""		"16141.0012"	"38959.131"	"3d.4s.(3D).4p"	"4D*"	"5/2"	"3d.4s.(3D).4d"	"2F"	"7/2"		""	"L4189c12"	
"439.0823"	"0.0009"	"439.0829"	"0.0003"	"5"	""		"16096.8834"	"38871.628"	"3d.4s.(1D).4p"	"2D*"	"3/2"	"3d.4s.(3D).4d"	"2F"	"5/2"		""	"L4189c12"	
"439.2938"	"0.0009"	"439.2935"	"0.0004"	"2"	""		"18711.029"	"41474.854"	"4s2.4p"	"2P*"	"1/2"	"3d.4s.(3D).4d"	"4P"	"3/2"		""	"L4189c12"	
"439.5935"	"0.0009"	"439.5930"	"0.0003"	"1"	""		"16210.8140"	"38959.131"	"3d.4s.(3D).4p"	"4D*"	"7/2"	"3d.4s.(3D).4d"	"2F"	"7/2"		""	"L4189c12"	
"439.7170"	"0.0009"	"439.7166"	"0.0003"	"2"	""		"20236.877"	"42978.799"	"3d2.(1G).4s"	"2G"	"9/2"	"3d.4s.(1D).5p"	"2F*"	"7/2"		""	"L4189c12"	
"439.9354"	"0.0009"	"439.9351"	"0.0003"	"3"	""		"16141.0012"	"38871.628"	"3d.4s.(3D).4p"	"4D*"	"5/2"	"3d.4s.(3D).4d"	"2F"	"5/2"		""	"L4189c12"	
"440.1633"	"0.0009"	"440.1616"	"0.0005"	"6*"	""		"24656.712"	"47375.639"	"3d.4s.(1D).4p"	"2P*"	"1/2"	""	"2D"	"3/2"		""	"L4189c12"	
"440.1633"	"0.0009"	"440.1646"	"0.0004"	"6*"	""		"24656.866"	"47375.639"	"3d.4s.(1D).4p"	"2P*"	"3/2"	""	"2D"	"3/2"		""	"L4189c12"	
"440.5663"	"0.0009"	""	""	"3"	""		""	""	""	""	""	""	""	""		""	"L4189c12"	
"441.5037"	"0.0009"	"441.5041"	"0.0004"	"2"	""		"18855.734"	"41505.582"	"4s2.4p"	"2P*"	"3/2"	"3d.4s.(3D).4d"	"4P"	"5/2"		""	"L4189c12"	
"441.9731"	"0.0009"	"441.9739"	"0.0004"	"1"	""		"21032.732"	"43658.502"	"3d.4s.(1D).4p"	"2F*"	"5/2"	"4s2.4d"	"2D"	"5/2"		""	"L4189c12"	
"442.6518"	"0.0009"	"442.6521"	"0.0004"	"2"	""		"18855.734"	"41446.839"	"4s2.4p"	"2P*"	"3/2"	"3d.4s.(3D).4d"	"4P"	"1/2"		""	"L4189c12"	
"443.0135"	"0.0009"	"443.0136"	"0.0004"	"4"	""		"21085.829"	"43658.502"	"3d.4s.(1D).4p"	"2F*"	"7/2"	"4s2.4d"	"2D"	"5/2"		""	"L4189c12"	
"443.1764"	"0.0009"	"443.1760"	"0.0004"	"4"	""		"21032.732"	"43597.133"	"3d.4s.(1D).4p"	"2F*"	"5/2"	"4s2.4d"	"2D"	"3/2"		""	"L4189c12"	
"449.7474"	"0.0010"	""	""	"3"	""		""	""	""	""	""	""	""	""		""	"L4189c12"	
"451.2637"	"0.0010"	"451.2644"	"0.0003"	"4"	"1.1e+06"	D+	"14926.061"	"37086.020"	"3d2.(3F).4s"	"2F"	"5/2"	"3d2.(1D).4p"	"2P*"	"3/2"		"T5448"	"L4189c12"	
"451.7095"	"0.0010"	"451.7110"	"0.0004"	"4"	""		"20681.410"	"42819.458"	"3d2.(3P).4s"	"2P"	"1/2"	"3d.4s.(1D).5p"	"2P*"	"1/2"		""	"L4189c12"	
"452.2114"	"0.0010"	"452.2125"	"0.0003"	"3"	""		"14926.061"	"37039.559"	"3d2.(3F).4s"	"2F"	"5/2"	"3d2.(1D).4p"	"2D*"	"5/2"		""	"L4189c12"	
"452.3184"	"0.0010"	"452.31884"	"0.00023"	"3"	""		"15672.5595"	"37780.858"	"3d.4s.(3D).4p"	"4F*"	"3/2"	"3d.4s.(1D).5s"	"2D"	"3/2"		""	"L4189c12"	
"452.5084"	"0.0010"	"452.50766"	"0.00020"	"3*"	""		"15756.5295"	"37855.603"	"3d.4s.(3D).4p"	"4F*"	"5/2"	"3d.4s.(1D).5s"	"2D"	"5/2"		""	"L4189c12"	
"452.5084"	"0.0010"	"452.5094"	"0.0004"	"3*"	""		"20681.410"	"42780.397"	"3d2.(3P).4s"	"2P"	"1/2"	"3d.4s.(1D).5p"	"2P*"	"3/2"		""	"L4189c12"	
"453.2962"	"0.0010"	"453.2976"	"0.0004"	"3"	""		"20719.833"	"42780.397"	"3d2.(3P).4s"	"2P"	"3/2"	"3d.4s.(1D).5p"	"2P*"	"3/2"		""	"L4189c12"	
"453.3663"	"0.0010"	"453.36643"	"0.00021"	"3"	""		"11557.6556"	"33614.869"	"3d2.(3F).4s"	"4F"	"5/2"	"3d2.(3F).4p"	"2D*"	"3/2"		""	"L4189c12"	
"453.5493"	"0.0010"	"453.5482"	"0.0004"	"4"	""		"24866.172"	"46914.547"	"3d.4s.(3D).4p"	"2D*"	"3/2"	""	"2D"	"3/2"		""	"L4189c12"	
"454.3825"	"0.0010"	"454.3836"	"0.0003"	"5"	"1.28e+07"	B	"14926.061"	"36933.899"	"3d2.(3F).4s"	"2F"	"5/2"	"3d2.(1D).4p"	"2D*"	"3/2"		"T5448"	"L4189c12"	
"454.4259"	"0.0010"	"454.4299"	"0.0004"	"4i"	""		"18515.665"	"40521.261"	"3d.4s.(3D).4p"	"4P*"	"3/2"	"3d.4s.(3D).4d"	"4F"	"3/2"		""	"L4189c12,c153"	
"454.60"	""	"454.5939"	"0.0003"	"9:"	"1.33e+07"	B	"15041.902"	"37039.559"	"3d2.(3F).4s"	"2F"	"7/2"	"3d2.(1D).4p"	"2D*"	"5/2"		"T5448"	"L18215"	
"455.0551"	"0.0010"	"455.0563"	"0.0004"	"4"	""		"25014.190"	"46989.493"	"3d.4s.(3D).4p"	"2D*"	"5/2"	""	"2D"	"5/2"		""	"L4189c12"	
"455.3941"	"0.0010"	""	""	"2"	""		""	""	""	""	""	""	""	""		""	"L4189c12"	
"455.8498"	"0.0010"	"455.8503"	"0.0007"	"5"	""		"21032.732"	"42969.76"	"3d.4s.(1D).4p"	"2F*"	"5/2"	"3d.4s.(1D).4d"	"2G"	"7/2"		""	"L4189c12"	
"455.9076"	"0.0010"	"455.9101"	"0.0003"	"2"	""		"14926.061"	"36860.209"	"3d2.(3F).4s"	"2F"	"5/2"	"3d2.(3P).4p"	"4D*"	"5/2"		""	"L4189c12"	
"456.3987"	"0.0010"	""	""	"3"	""		""	""	""	""	""	""	""	""		""	"L4189c12"	
"456.9565"	"0.0010"	"456.9563"	"0.0007"	"4"	""		"21085.829"	"42969.76"	"3d.4s.(1D).4p"	"2F*"	"7/2"	"3d.4s.(1D).4d"	"2G"	"7/2"		""	"L4189c12"	
"457.2963"	"0.0010"	"457.2979"	"0.0003"	"4"	""		"14926.061"	"36793.645"	"3d2.(3F).4s"	"2F"	"5/2"	"3d2.(3P).4p"	"4D*"	"3/2"		""	"L4189c12"	
"457.5264"	"0.0010"	"457.5264"	"0.0010"	"5"	""		"21085.829"	"42942.49"	"3d.4s.(1D).4p"	"2F*"	"7/2"	"3d.4s.(1D).4d"	"2G"	"9/2"		""	"L4189c12"	
"458.0063"	"0.0010"	"458.00497"	"0.00021"	"2"	""		"16021.7788"	"37855.603"	"3d.4s.(3D).4p"	"4D*"	"3/2"	"3d.4s.(1D).5s"	"2D"	"5/2"		""	"L4189c12"	
"458.0247"	"0.0010"	"458.02475"	"0.00021"	"5"	""		"16022.7219"	"37855.603"	"3d.4s.(1D).4p"	"2D*"	"5/2"	"3d.4s.(1D).5s"	"2D"	"5/2"		""	"L4189c12"	
"458.3313"	"0.0010"	"458.3307"	"0.0003"	"4"	""		"15041.902"	"36860.209"	"3d2.(3F).4s"	"2F"	"7/2"	"3d2.(3P).4p"	"4D*"	"5/2"		""	"L4189c12"	
"458.6302"	"0.0010"	"458.6304"	"0.0004"	"4"	""		"14926.061"	"36730.110"	"3d2.(3F).4s"	"2F"	"5/2"	"3d2.(1D).4p"	"2F*"	"7/2"		""	"L4189c12"	
"458.9054"	"0.0010"	"458.9048"	"0.0005"	"1"	""		"25584.627"	"47375.639"	"3d.4s.(3D).4p"	"2F*"	"5/2"	""	"2D"	"3/2"		""	"L4189c12"	
"459.1762"	"0.0010"	"459.1769"	"0.0004"	"4"	""		"18504.058"	"40282.159"	"3d.4s.(3D).4p"	"4P*"	"1/2"	"3d.4s.(3D).4d"	"4S"	"3/2"		""	"L4189c12"	
"459.4214"	"0.0010"	"459.4217"	"0.0003"	"5"	""		"18515.665"	"40282.159"	"3d.4s.(3D).4p"	"4P*"	"3/2"	"3d.4s.(3D).4d"	"4S"	"3/2"		""	"L4189c12"	
"459.5801"	"0.0010"	"459.57827"	"0.00023"	"4"	""		"16021.7788"	"37780.858"	"3d.4s.(3D).4p"	"4D*"	"3/2"	"3d.4s.(1D).5s"	"2D"	"3/2"		""	"L4189c12"	
"459.5981"	"0.0010"	"459.59819"	"0.00023"	"4"	""		"16022.7219"	"37780.858"	"3d.4s.(1D).4p"	"2D*"	"5/2"	"3d.4s.(1D).5s"	"2D"	"3/2"		""	"L4189c12"	
"459.6966"	"0.0010"	"459.6970"	"0.0004"	"4"	""		"18504.058"	"40257.516"	"3d.4s.(3D).4p"	"4P*"	"1/2"	"3d.4s.(3D).4d"	"2D"	"3/2"		""	"L4189c12"	
"459.9433"	"0.0010"	"459.9424"	"0.0004"	"5"	""		"18515.665"	"40257.516"	"3d.4s.(3D).4p"	"4P*"	"3/2"	"3d.4s.(3D).4d"	"2D"	"3/2"		""	"L4189c12"	
"459.9744"	"0.0010"	"459.9741"	"0.0004"	"5"	""		"14926.061"	"36666.416"	"3d2.(3F).4s"	"2F"	"5/2"	"3d2.(1D).4p"	"2F*"	"5/2"		""	"L4189c12"	
"460.5199"	"0.0010"	"460.51961"	"0.00021"	"4"	""		"16141.0012"	"37855.603"	"3d.4s.(3D).4p"	"4D*"	"5/2"	"3d.4s.(1D).5s"	"2D"	"5/2"		""	"L4189c12"	
"460.6013"	"0.0010"	"460.6008"	"0.0004"	"5"	""		"18571.386"	"40282.159"	"3d.4s.(3D).4p"	"4P*"	"5/2"	"3d.4s.(3D).4d"	"4S"	"3/2"		""	"L4189c12"	
"460.8149"	"0.0010"	"460.8124"	"0.0005"	"2"	""		"25724.658"	"47425.462"	"3d.4s.(3D).4p"	"2F*"	"7/2"	""	"2D"	"5/2"		""	"L4189c12"	
"461.0819"	"0.0010"	"461.0800"	"0.0004"	"5"	""		"15041.902"	"36730.110"	"3d2.(3F).4s"	"2F"	"7/2"	"3d2.(1D).4p"	"2F*"	"7/2"		""	"L4189c12"	
"461.1240"	"0.0010"	"461.1242"	"0.0004"	"5"	""		"18571.386"	"40257.516"	"3d.4s.(3D).4p"	"4P*"	"5/2"	"3d.4s.(3D).4d"	"2D"	"3/2"		""	"L4189c12"	
"461.1699"	"0.0010"	"461.17007"	"0.00023"	"5"	""		"16096.8834"	"37780.858"	"3d.4s.(1D).4p"	"2D*"	"3/2"	"3d.4s.(1D).5s"	"2D"	"3/2"		""	"L4189c12"	
"461.5077"	"0.0010"	"461.50720"	"0.00023"	"3"	""		"11610.2357"	"33278.370"	"3d2.(3F).4s"	"4F"	"7/2"	"3d2.(3F).4p"	"2F*"	"7/2"		""	"L4189c12"	
"462.1112"	"0.0010"	"462.11027"	"0.00023"	"2"	""		"16141.0012"	"37780.858"	"3d.4s.(3D).4p"	"4D*"	"5/2"	"3d.4s.(1D).5s"	"2D"	"3/2"		""	"L4189c12"	
"462.9415"	"0.0010"	"462.94029"	"0.00024"	"4"	""		"11677.3121"	"33278.370"	"3d2.(3F).4s"	"4F"	"9/2"	"3d2.(3F).4p"	"2F*"	"7/2"		""	"L4189c12"	
"463.0482"	"0.0010"	"463.04607"	"0.00015"	"2"	""		"11557.6556"	"33153.779"	"3d2.(3F).4s"	"4F"	"5/2"	"3d2.(3F).4p"	"2F*"	"5/2"		""	"L4189c12"	
"463.5845"	"0.0010"	"463.5826"	"0.0004"	"1"	""		"18711.029"	"40282.159"	"4s2.4p"	"2P*"	"1/2"	"3d.4s.(3D).4d"	"4S"	"3/2"		""	"L4189c12"	
"463.8282"	"0.0010"	"463.8258"	"0.0004"	"4"	""		"18504.058"	"40063.875"	"3d.4s.(3D).4p"	"4P*"	"1/2"	"3d.4s.(3D).4d"	"2P"	"3/2"		""	"L4189c12"	
"464.0726"	"0.0010"	"464.0757"	"0.0003"	"3"	""		"18515.665"	"40063.875"	"3d.4s.(3D).4p"	"4P*"	"3/2"	"3d.4s.(3D).4d"	"2P"	"3/2"		""	"L4189c12"	
"464.1135"	"0.0010"	"464.1128"	"0.0005"	"3"	""		"18711.029"	"40257.516"	"4s2.4p"	"2P*"	"1/2"	"3d.4s.(3D).4d"	"2D"	"3/2"		""	"L4189c12"	
"464.1779"	"0.0010"	"464.17620"	"0.00015"	"3"	""		"11610.2357"	"33153.779"	"3d2.(3F).4s"	"4F"	"7/2"	"3d2.(3F).4p"	"2F*"	"5/2"		""	"L4189c12"	
"464.8432"	"0.0010"	"464.8430"	"0.0004"	"2"	""		"24866.172"	"46378.813"	"3d.4s.(3D).4p"	"2D*"	"3/2"	""	"2F"	"5/2"		""	"L4189c12"	
"465.2787"	"0.0010"	"465.2788"	"0.0004"	"3"	""		"18571.386"	"40063.875"	"3d.4s.(3D).4p"	"4P*"	"5/2"	"3d.4s.(3D).4d"	"2P"	"3/2"		""	"L4189c12"	
"465.3726"	"0.0010"	"465.3717"	"0.0005"	"1"	""		"24866.172"	"46354.372"	"3d.4s.(3D).4p"	"2D*"	"3/2"	"3d.4s.(3D).5d"	"4F"	"5/2"		""	"L4189c12"	
"465.5807"	"0.0010"	"465.5807"	"0.0005"	"3"	""		"18855.734"	"40334.288"	"4s2.4p"	"2P*"	"3/2"	"3d.4s.(3D).4d"	"2D"	"5/2"		""	"L4189c12"	
"465.6469"	"0.0010"	"465.6439"	"0.0003"	"1"	""		"15672.5595"	"37148.196"	"3d.4s.(3D).4p"	"4F*"	"3/2"	"3d3"	"2P"	"3/2"		""	"L4189c12"	
"465.6839"	"0.0010"	"465.68218"	"0.00015"	"3"	""		"11677.3121"	"33151.185"	"3d2.(3F).4s"	"4F"	"9/2"	"3d2.(3F).4p"	"2G*"	"9/2"		""	"L4189c12"	
"466.2978"	"0.0010"	"466.2997"	"0.0004"	"3"	""		"25014.190"	"46459.624"	"3d.4s.(3D).4p"	"2D*"	"5/2"	""	"2F"	"7/2"		""	"L4189c12"	
"466.5555"	"0.0010"	"466.5564"	"0.0005"	"3"	""		"21032.732"	"42466.369"	"3d.4s.(1D).4p"	"2F*"	"5/2"	"3d.4s.(1D).4d"	"2D"	"3/2"		""	"L4189c12"	
"466.7116"	"0.0010"	"466.7134"	"0.0003"	"4"	""		"18855.734"	"40282.159"	"4s2.4p"	"2P*"	"3/2"	"3d.4s.(3D).4d"	"4S"	"3/2"		""	"L4189c12"	
"466.9997"	"0.0010"	"467.0008"	"0.0003"	"3"	""		"15672.5595"	"37085.800"	"3d.4s.(3D).4p"	"4F*"	"3/2"	"3d3"	"2P"	"1/2"		""	"L4189c12"	
"467.4704"	"0.0010"	"467.4718"	"0.0003"	"4"	""		"15756.5295"	"37148.196"	"3d.4s.(3D).4p"	"4F*"	"5/2"	"3d3"	"2P"	"3/2"		""	"L4189c12"	
"468.1738"	"0.0011"	"468.1718"	"0.0005"	"4"	""		"21085.829"	"42445.509"	"3d.4s.(1D).4p"	"2F*"	"7/2"	"3d.4s.(1D).4d"	"2D"	"5/2"		""	"L4189c12"	
"468.8250"	"0.0011"	"468.8250"	"0.0004"	"1"	""		"25584.627"	"46914.547"	"3d.4s.(3D).4p"	"2F*"	"5/2"	""	"2D"	"3/2"		""	"L4189c12"	
"470.2599"	"0.0011"	"470.2599"	"0.0004"	"3"	""		"25724.658"	"46989.493"	"3d.4s.(3D).4p"	"2F*"	"7/2"	""	"2D"	"5/2"		""	"L4189c12"	
"470.8255"	"0.0011"	"470.8249"	"0.0004"	"5"	"2.81e+07"	B+	"18515.665"	"39754.983"	"3d.4s.(3D).4p"	"4P*"	"3/2"	"3d.4s.(3D).4d"	"4D"	"5/2"		"T5448"	"L4189c12"	
"471.0631"	"0.0011"	"471.0632"	"0.0005"	"5"	"4.0e+07"	B+	"18571.386"	"39799.959"	"3d.4s.(3D).4p"	"4P*"	"5/2"	"3d.4s.(3D).4d"	"4D"	"7/2"		"T5448"	"L4189c12"	
"471.3039"	"0.0011"	"471.3047"	"0.0004"	"4"	"1.81e+07"	B+	"18504.058"	"39721.755"	"3d.4s.(3D).4p"	"4P*"	"1/2"	"3d.4s.(3D).4d"	"4D"	"3/2"		"T5448"	"L4189c12"	
"471.5164"	"0.0011"	"471.5170"	"0.0003"	"5"	""		"18855.734"	"40063.875"	"4s2.4p"	"2P*"	"3/2"	"3d.4s.(3D).4d"	"2P"	"3/2"		""	"L4189c12"	
"471.5622"	"0.0011"	"471.5627"	"0.0004"	"4"	"2.14e+07"	B+	"18515.665"	"39721.755"	"3d.4s.(3D).4p"	"4P*"	"3/2"	"3d.4s.(3D).4d"	"4D"	"3/2"		"T5448"	"L4189c12"	
"471.7564"	"0.0011"	"471.7566"	"0.0005"	"4"	""		"18504.058"	"39701.428"	"3d.4s.(3D).4p"	"4P*"	"1/2"	"3d.4s.(3D).4d"	"4D"	"1/2"		""	"L4189c12"	
"471.8343"	"0.0011"	"471.8357"	"0.0003"	"4"	"5.6e+05"	C+	"11557.6556"	"32751.474"	"3d2.(3F).4s"	"4F"	"5/2"	"3d2.(3F).4p"	"4D*"	"7/2"		"T5448"	"L4189c12"	
"472.0149"	"0.0011"	"472.0151"	"0.0005"	"3"	""		"18515.665"	"39701.428"	"3d.4s.(3D).4p"	"4P*"	"3/2"	"3d.4s.(3D).4d"	"4D"	"1/2"		""	"L4189c12"	
"472.0628"	"0.0011"	"472.0634"	"0.0004"	"4"	"1.04e+07"	B+	"18571.386"	"39754.983"	"3d.4s.(3D).4p"	"4P*"	"5/2"	"3d.4s.(3D).4d"	"4D"	"5/2"		"T5448"	"L4189c12"	
"472.2131"	"0.0011"	"472.21383"	"0.00020"	"4"	"1.19e+06"	C+	"11519.9611"	"32696.808"	"3d2.(3F).4s"	"4F"	"3/2"	"3d2.(3F).4p"	"4D*"	"5/2"		"T5448"	"L4189c12"	
"473.0089"	"0.0011"	"473.0092"	"0.0003"	"6"	"1.16e+07"	B+	"11610.2357"	"32751.474"	"3d2.(3F).4s"	"4F"	"7/2"	"3d2.(3F).4p"	"4D*"	"7/2"		"T5448"	"L4189c12"	
"473.0532"	"0.0011"	"473.0520"	"0.0003"	"6*"	"2.20e+07"	B+	"11519.9611"	"32659.285"	"3d2.(3F).4s"	"4F"	"3/2"	"3d2.(3F).4p"	"4D*"	"3/2"		"T5448"	"L4189c12"	
"473.0532"	"0.0011"	"473.05586"	"0.00020"	"6*"	"1.93e+07"	B+	"11557.6556"	"32696.808"	"3d2.(3F).4s"	"4F"	"5/2"	"3d2.(3F).4p"	"4D*"	"5/2"		"T5448"	"L4189c12"	
"473.3407"	"0.0011"	"473.3410"	"0.0003"	"3"	""		"16021.7788"	"37148.196"	"3d.4s.(3D).4p"	"4D*"	"3/2"	"3d3"	"2P"	"3/2"		""	"L4189c12"	
"473.3618"	"0.0011"	"473.3622"	"0.0003"	"5"	""		"16022.7219"	"37148.196"	"3d.4s.(1D).4p"	"2D*"	"5/2"	"3d3"	"2P"	"3/2"		""	"L4189c12"	
"473.5433"	"0.0011"	"473.5421"	"0.0004"	"6"	"1.10e+08"	B+	"11519.9611"	"32637.409"	"3d2.(3F).4s"	"4F"	"3/2"	"3d2.(3F).4p"	"4D*"	"1/2"		"T5448"	"L4189c12"	
"473.6400"	"0.0011"	"473.6419"	"0.0003"	"5"	""		"21085.829"	"42198.825"	"3d.4s.(1D).4p"	"2F*"	"7/2"	"3d.4s.(1D).4d"	"2F"	"7/2"		""	"L4189c12"	
"473.8972"	"0.0011"	"473.8971"	"0.0003"	"5"	"8.8e+07"	B+	"11557.6556"	"32659.285"	"3d2.(3F).4s"	"4F"	"5/2"	"3d2.(3F).4p"	"4D*"	"3/2"		"T5448"	"L4189c12"	
"474.2350"	"0.0011"	"474.23545"	"0.00020"	"6"	"9.1e+07"	B+	"11610.2357"	"32696.808"	"3d2.(3F).4s"	"4F"	"7/2"	"3d2.(3F).4p"	"4D*"	"5/2"		"T5448"	"L4189c12"	
"474.5148"	"0.0011"	"474.5147"	"0.0003"	"6"	"9.8e+07"	B+	"11677.3121"	"32751.474"	"3d2.(3F).4s"	"4F"	"9/2"	"3d2.(3F).4p"	"4D*"	"7/2"		"T5448"	"L4189c12"	
"474.7427"	"0.0011"	"474.7432"	"0.0004"	"4"	""		"16021.7788"	"37085.800"	"3d.4s.(3D).4p"	"4D*"	"3/2"	"3d3"	"2P"	"1/2"		""	"L4189c12"	
"475.0289"	"0.0011"	"475.0298"	"0.0003"	"4"	""		"16096.8834"	"37148.196"	"3d.4s.(1D).4p"	"2D*"	"3/2"	"3d3"	"2P"	"3/2"		""	"L4189c12"	
"475.4494"	"0.0011"	"475.44941"	"0.00020"	"6g"	"1.08e+06"	B+	"0.0000"	"21032.732"	"3d.4s2"	"2D"	"3/2"	"3d.4s.(1D).4p"	"2F*"	"5/2"		"T5448"	"L4189c12"	
"476.0257"	"0.0011"	"476.0274"	"0.0003"	"4"	""		"16141.0012"	"37148.196"	"3d.4s.(3D).4p"	"4D*"	"5/2"	"3d3"	"2P"	"3/2"		""	"L4189c12"	
"476.4405"	"0.0011"	"476.4419"	"0.0004"	"4"	""		"16096.8834"	"37085.800"	"3d.4s.(1D).4p"	"2D*"	"3/2"	"3d3"	"2P"	"1/2"		""	"L4189c12"	
"477.2787"	"0.0011"	"477.2788"	"0.0003"	"4"	""		"17012.753"	"37964.868"	"3d2.(1D).4s"	"2D"	"5/2"	"3d2.(3P).4p"	"4P*"	"5/2"		""	"L4189c12"	
"478.0690"	"0.0011"	"478.06879"	"0.00023"	"6g"	"8.9e+05"	B+	"168.3371"	"21085.829"	"3d.4s2"	"2D"	"5/2"	"3d.4s.(1D).4p"	"2F*"	"7/2"		"T5448"	"L4189c12"	
"478.5660"	"0.0011"	"478.5667"	"0.0003"	"3"	""		"17012.753"	"37908.484"	"3d2.(1D).4s"	"2D"	"5/2"	"3d2.(3P).4p"	"4P*"	"3/2"		""	"L4189c12"	
"479.2859"	"0.0011"	"479.28541"	"0.00021"	"5g"	"1.97e+05"	B+	"168.3371"	"21032.732"	"3d.4s2"	"2D"	"5/2"	"3d.4s.(1D).4p"	"2F*"	"5/2"		"T5448"	"L4189c12"	
"479.4264"	"0.0011"	"479.4262"	"0.0006"	"1"	""		"24656.712"	"45514.98"	"3d.4s.(1D).4p"	"2P*"	"1/2"	"3d.4s.(1D).4d"	"2S"	"1/2"		""	"L4189c12"	
"482.8632"	"0.0011"	"482.8634"	"0.0004"	"5"	""		"17255.076"	"37964.868"	"3d2.(3P).4s"	"4P"	"3/2"	"3d2.(3P).4p"	"4P*"	"5/2"		""	"L4189c12"	
"483.5015"	"0.0011"	"483.5015"	"0.0005"	"5"	""		"17226.025"	"37908.484"	"3d2.(3P).4s"	"4P"	"1/2"	"3d2.(3P).4p"	"4P*"	"3/2"		""	"L4189c12"	
"484.0786"	"0.0011"	"484.0787"	"0.0003"	"5"	""		"17307.069"	"37964.868"	"3d2.(3P).4s"	"4P"	"5/2"	"3d2.(3P).4p"	"4P*"	"5/2"		""	"L4189c12"	
"484.1808"	"0.0011"	"484.1816"	"0.0004"	"4"	""		"17255.076"	"37908.484"	"3d2.(3P).4s"	"4P"	"3/2"	"3d2.(3P).4p"	"4P*"	"3/2"		""	"L4189c12"	
"484.2217"	"0.0011"	"484.2204"	"0.0006"	"4"	""		"17226.025"	"37877.776"	"3d2.(3P).4s"	"4P"	"1/2"	"3d2.(3P).4p"	"4P*"	"1/2"		""	"L4189c12"	
"484.9027"	"0.0011"	"484.9026"	"0.0005"	"5"	""		"17255.076"	"37877.776"	"3d2.(3P).4s"	"4P"	"3/2"	"3d2.(3P).4p"	"4P*"	"1/2"		""	"L4189c12"	
"485.3426"	"0.0011"	"485.3415"	"0.0003"	"3"	""		"15672.5595"	"36276.607"	"3d.4s.(3D).4p"	"4F*"	"3/2"	"3d3"	"2D2"	"3/2"		""	"L4189c12"	
"485.4035"	"0.0011"	"485.4036"	"0.0004"	"5"	""		"17307.069"	"37908.484"	"3d2.(3P).4s"	"4P"	"5/2"	"3d2.(3P).4p"	"4P*"	"3/2"		""	"L4189c12"	
"486.0503"	"0.0011"	"486.0502"	"0.0003"	"3"	""		"15756.5295"	"36330.537"	"3d.4s.(3D).4p"	"4F*"	"5/2"	"3d3"	"2D2"	"5/2"		""	"L4189c12"	
"486.5958"	"0.0011"	"486.5952"	"0.0004"	"1"	""		"16021.7788"	"36572.741"	"3d.4s.(3D).4p"	"4D*"	"3/2"	"3d3"	"4P"	"5/2"		""	"L4189c12"	
"486.6173"	"0.0011"	"486.6176"	"0.0004"	"3"	""		"16022.7219"	"36572.741"	"3d.4s.(1D).4p"	"2D*"	"5/2"	"3d3"	"4P"	"5/2"		""	"L4189c12"	
"487.6629"	"0.0011"	"487.6624"	"0.0004"	"3"	""		"16009.7432"	"36515.732"	"3d.4s.(3D).4p"	"4D*"	"1/2"	"3d3"	"4P"	"3/2"		""	"L4189c12"	
"487.9491"	"0.0011"	"487.9488"	"0.0004"	"4"	""		"16021.7788"	"36515.732"	"3d.4s.(3D).4p"	"4D*"	"3/2"	"3d3"	"4P"	"3/2"		""	"L4189c12"	
"487.9705"	"0.0011"	"487.9713"	"0.0004"	"4"	""		"16022.7219"	"36515.732"	"3d.4s.(1D).4p"	"2D*"	"5/2"	"3d3"	"4P"	"3/2"		""	"L4189c12"	
"488.2121"	"0.0011"	"488.2125"	"0.0005"	"4"	""		"16009.7432"	"36492.628"	"3d.4s.(3D).4p"	"4D*"	"1/2"	"3d3"	"4P"	"1/2"		""	"L4189c12"	
"488.4738"	"0.0011"	"488.4720"	"0.0003"	"3"	""		"20681.410"	"41153.414"	"3d2.(3P).4s"	"2P"	"1/2"	"3d2.(3P).4p"	"2D*"	"3/2"		""	"L4189c12"	
"488.4995"	"0.0011"	"488.4995"	"0.0005"	"4"	""		"16021.7788"	"36492.628"	"3d.4s.(3D).4p"	"4D*"	"3/2"	"3d3"	"4P"	"1/2"		""	"L4189c12"	
"489.1739"	"0.0011"	"489.1728"	"0.0003"	"4"	""		"20719.833"	"41162.506"	"3d2.(3P).4s"	"2P"	"3/2"	"3d2.(3P).4p"	"2D*"	"5/2"		""	"L4189c12"	
"489.3912"	"0.0011"	"489.3905"	"0.0003"	"1"	""		"20719.833"	"41153.414"	"3d2.(3P).4s"	"2P"	"3/2"	"3d2.(3P).4p"	"2D*"	"3/2"		""	"L4189c12"	
"489.4350"	"0.0011"	"489.4346"	"0.0004"	"4"	""		"16141.0012"	"36572.741"	"3d.4s.(3D).4p"	"4D*"	"5/2"	"3d3"	"4P"	"5/2"		""	"L4189c12"	
"489.7435"	"0.0012"	"489.7436"	"0.0004"	"3"	""		"16096.8834"	"36515.732"	"3d.4s.(1D).4p"	"2D*"	"3/2"	"3d3"	"4P"	"3/2"		""	"L4189c12"	
"490.3002"	"0.0012"	"490.2984"	"0.0005"	"3"	""		"16096.8834"	"36492.628"	"3d.4s.(1D).4p"	"2D*"	"3/2"	"3d3"	"4P"	"1/2"		""	"L4189c12"	
"490.8031"	"0.0012"	"490.8040"	"0.0004"	"4"	""		"16141.0012"	"36515.732"	"3d.4s.(3D).4p"	"4D*"	"5/2"	"3d3"	"4P"	"3/2"		""	"L4189c12"	
"491.1119"	"0.0012"	"491.1127"	"0.0004"	"5"	""		"16210.8140"	"36572.741"	"3d.4s.(3D).4p"	"4D*"	"7/2"	"3d3"	"4P"	"5/2"		""	"L4189c12"	
"492.4007"	"0.0012"	"492.3984"	"0.0003"	"1"	""		"16021.7788"	"36330.537"	"3d.4s.(3D).4p"	"4D*"	"3/2"	"3d3"	"2D2"	"5/2"		""	"L4189c12"	
"492.4211"	"0.0012"	"492.4213"	"0.0003"	"5"	""		"16022.7219"	"36330.537"	"3d.4s.(1D).4p"	"2D*"	"5/2"	"3d3"	"2D2"	"5/2"		""	"L4189c12"	
"493.5634"	"0.0012"	"493.5614"	"0.0005"	"4"	""		"17226.025"	"37486.929"	"3d2.(3P).4s"	"4P"	"1/2"	"3d2.(3P).4p"	"4S*"	"3/2"		""	"L4189c12"	
"493.7097"	"0.0012"	"493.7094"	"0.0003"	"4"	""		"16021.7788"	"36276.607"	"3d.4s.(3D).4p"	"4D*"	"3/2"	"3d3"	"2D2"	"3/2"		""	"L4189c12"	
"493.7318"	"0.0012"	"493.7324"	"0.0003"	"3"	""		"16022.7219"	"36276.607"	"3d.4s.(1D).4p"	"2D*"	"5/2"	"3d3"	"2D2"	"3/2"		""	"L4189c12"	
"494.2264"	"0.0012"	"494.2261"	"0.0003"	"2"	""		"16096.8834"	"36330.537"	"3d.4s.(1D).4p"	"2D*"	"3/2"	"3d3"	"2D2"	"5/2"		""	"L4189c12"	
"494.2689"	"0.0012"	"494.2701"	"0.0005"	"4"	""		"17255.076"	"37486.929"	"3d2.(3P).4s"	"4P"	"3/2"	"3d2.(3P).4p"	"4S*"	"3/2"		""	"L4189c12"	
"495.3055"	"0.0012"	"495.3061"	"0.0003"	"4"	""		"16141.0012"	"36330.537"	"3d.4s.(3D).4p"	"4D*"	"5/2"	"3d3"	"2D2"	"5/2"		""	"L4189c12"	
"495.5441"	"0.0012"	"495.5436"	"0.0005"	"5*"	""		"17307.069"	"37486.929"	"3d2.(3P).4s"	"4P"	"5/2"	"3d2.(3P).4p"	"4S*"	"3/2"		""	"L4189c12"	
"495.5441"	"0.0012"	"495.5469"	"0.0003"	"5*"	""		"16096.8834"	"36276.607"	"3d.4s.(1D).4p"	"2D*"	"3/2"	"3d3"	"2D2"	"3/2"		""	"L4189c12"	
"497.5053"	"0.0012"	"497.5052"	"0.0005"	"5"	"8.4e+07"	B+	"17025.127"	"37125.419"	"3d2.(1D).4s"	"2D"	"3/2"	"3d2.(1D).4p"	"2P*"	"1/2"		"T5448"	"L4189c12"	
"498.1750"	"0.0012"	"498.1750"	"0.0004"	"5"	"5.6e+07"	B+	"17012.753"	"37086.020"	"3d2.(1D).4s"	"2D"	"5/2"	"3d2.(1D).4p"	"2P*"	"3/2"		"T5448"	"L4189c12"	
"498.4816"	"0.0012"	"498.4823"	"0.0004"	"5"	"2.58e+07"	B+	"17025.127"	"37086.020"	"3d2.(1D).4s"	"2D"	"3/2"	"3d2.(1D).4p"	"2P*"	"3/2"		"T5448"	"L4189c12"	
"499.1541"	"0.0012"	"499.1533"	"0.0005"	"1"	""		"24656.712"	"44690.637"	"3d.4s.(1D).4p"	"2P*"	"1/2"	"3d.(2D).4p2.(3P)"	"2P"	"1/2"		""	"L4189c12"	
"499.33"	""	"499.3307"	"0.0004"	"25:"	"3.8e+07"	B+	"17012.753"	"37039.559"	"3d2.(1D).4s"	"2D"	"5/2"	"3d2.(1D).4p"	"2D*"	"5/2"		"T5448"	"L18215"	
"499.6390"	"0.0012"	"499.6395"	"0.0004"	"4"	"5.9e+06"	B+	"17025.127"	"37039.559"	"3d2.(1D).4s"	"2D"	"3/2"	"3d2.(1D).4p"	"2D*"	"5/2"		"T5448"	"L4189c12"	
"500.6498"	"0.0012"	"500.6511"	"0.0004"	"1"	""		"20236.877"	"40210.868"	"3d2.(1G).4s"	"2G"	"9/2"	"3d.4s.(3D).5p"	"4D*"	"7/2"		""	"L4189c12"	
"501.8183"	"0.0012"	"501.8169"	"0.0005"	"2"	""		"25014.190"	"44941.779"	"3d.4s.(3D).4p"	"2D*"	"5/2"	"3d.(2D).4p2.(3P)"	"2F"	"7/2"		""	"L4189c12"	
"501.8885"	"0.0012"	"501.8868"	"0.0003"	"2"	""		"20719.833"	"40644.644"	"3d2.(3P).4s"	"2P"	"3/2"	"3d.4s.(3D).5p"	"4P*"	"3/2"		""	"L4189c12"	
"501.9808"	"0.0012"	"501.9792"	"0.0003"	"5"	"2.09e+07"	B+	"17012.753"	"36933.899"	"3d2.(1D).4s"	"2D"	"5/2"	"3d2.(1D).4p"	"2D*"	"3/2"		"T5448"	"L4189c12"	
"502.1532"	"0.0012"	"502.1544"	"0.0004"	"5"	""		"20236.877"	"40151.072"	"3d2.(1G).4s"	"2G"	"9/2"	"3d.4s.(3D).5p"	"2F*"	"7/2"		""	"L4189c12"	
"502.1948"	"0.0012"	"502.1944"	"0.0004"	"3"	""		"20681.410"	"40594.018"	"3d2.(3P).4s"	"2P"	"1/2"	"3d.4s.(3D).5p"	"2P*"	"3/2"		""	"L4189c12"	
"502.2248"	"0.0012"	"502.2243"	"0.0004"	"2"	""		"20239.650"	"40151.072"	"3d2.(1G).4s"	"2G"	"7/2"	"3d.4s.(3D).5p"	"2F*"	"7/2"		""	"L4189c12"	
"502.2921"	"0.0012"	"502.2912"	"0.0004"	"5"	"2.30e+07"	B+	"17025.127"	"36933.899"	"3d2.(1D).4s"	"2D"	"3/2"	"3d2.(1D).4p"	"2D*"	"3/2"		"T5448"	"L4189c12"	
"502.8011"	"0.0012"	"502.8035"	"0.0004"	"3"	""		"20239.650"	"40128.136"	"3d2.(1G).4s"	"2G"	"7/2"	"3d.4s.(3D).5p"	"4D*"	"5/2"		""	"L4189c12"	
"503.1654"	"0.0012"	"503.1653"	"0.0004"	"4"	""		"20719.833"	"40594.018"	"3d2.(3P).4s"	"2P"	"3/2"	"3d.4s.(3D).5p"	"2P*"	"3/2"		""	"L4189c12"	
"503.4111"	"0.0012"	"503.4108"	"0.0004"	"5"	""		"20239.650"	"40104.143"	"3d2.(1G).4s"	"2G"	"7/2"	"3d.4s.(3D).5p"	"2F*"	"5/2"		""	"L4189c12"	
"503.8439"	"0.0012"	"503.8429"	"0.0004"	"4"	""		"17012.753"	"36860.209"	"3d2.(1D).4s"	"2D"	"5/2"	"3d2.(3P).4p"	"4D*"	"5/2"		""	"L4189c12"	
"504.1562"	"0.0012"	"504.1572"	"0.0004"	"2"	""		"17025.127"	"36860.209"	"3d2.(1D).4s"	"2D"	"3/2"	"3d2.(3P).4p"	"4D*"	"5/2"		""	"L4189c12"	
"504.5860"	"0.0012"	"504.5845"	"0.0005"	"3"	""		"20681.410"	"40499.698"	"3d2.(3P).4s"	"2P"	"1/2"	"3d.4s.(3D).5p"	"2P*"	"1/2"		""	"L4189c12"	
"504.7491"	"0.0012"	"504.7482"	"0.0004"	"2"	""		"20236.877"	"40048.736"	"3d2.(1G).4s"	"2G"	"9/2"	"3d.4s.(3D).5p"	"4F*"	"7/2"		""	"L4189c12"	
"505.4485"	"0.0012"	"505.4466"	"0.0004"	"3"	"1.4e+06"	B+	"17255.076"	"37039.559"	"3d2.(3P).4s"	"4P"	"3/2"	"3d2.(1D).4p"	"2D*"	"5/2"		"T5448"	"L4189c12"	
"505.5392"	"0.0012"	"505.5384"	"0.0004"	"3"	""		"17012.753"	"36793.645"	"3d2.(1D).4s"	"2D"	"5/2"	"3d2.(3P).4p"	"4D*"	"3/2"		""	"L4189c12"	
"505.5660"	"0.0012"	"505.5646"	"0.0005"	"2"	""		"20719.833"	"40499.698"	"3d2.(3P).4s"	"2P"	"3/2"	"3d.4s.(3D).5p"	"2P*"	"1/2"		""	"L4189c12"	
"505.5898"	"0.0012"	"505.5880"	"0.0004"	"2"	"1.2e+06"	C	"17307.069"	"37086.020"	"3d2.(3P).4s"	"4P"	"5/2"	"3d2.(1D).4p"	"2P*"	"3/2"		"T5448"	"L4189c12"	
"505.8189"	"0.0012"	"505.8167"	"0.0004"	"2"	""		"21032.732"	"40802.738"	"3d.4s.(1D).4p"	"2F*"	"5/2"	"3d3"	"2F"	"5/2"		""	"L4189c12"	
"505.8553"	"0.0012"	"505.8548"	"0.0005"	"3"	""		"17025.127"	"36793.645"	"3d2.(1D).4s"	"2D"	"3/2"	"3d2.(3P).4p"	"4D*"	"3/2"		""	"L4189c12"	
"506.3327"	"0.0012"	"506.3310"	"0.0004"	"1"	""		"20239.650"	"39989.575"	"3d2.(1G).4s"	"2G"	"7/2"	"3d.4s.(3D).5p"	"4F*"	"5/2"		""	"L4189c12"	
"506.5718"	"0.0012"	"506.5714"	"0.0004"	"5"	"7.3e+06"	B+	"11610.2357"	"31350.789"	"3d2.(3F).4s"	"4F"	"7/2"	"3d2.(3F).4p"	"4F*"	"9/2"		"T5448"	"L4189c12"	
"506.7796"	"0.0012"	"506.7784"	"0.0004"	"4"	"3.6e+06"	B	"17307.069"	"37039.559"	"3d2.(3P).4s"	"4P"	"5/2"	"3d2.(1D).4p"	"2D*"	"5/2"		"T5448"	"L4189c12"	
"507.0048"	"0.0025"	"507.0002"	"0.0003"	"1"	""		"16021.7788"	"35745.635"	"3d.4s.(3D).4p"	"4D*"	"3/2"	"3d.4s.(3D).5s"	"2D"	"5/2"		""	"L4189c12"	
"507.0258"	"0.0012"	"507.0245"	"0.0003"	"5"	""		"16022.7219"	"35745.635"	"3d.4s.(1D).4p"	"2D*"	"5/2"	"3d.4s.(3D).5s"	"2D"	"5/2"		""	"L4189c12"	
"507.1580"	"0.0012"	"507.1574"	"0.0004"	"5"	"1.16e+07"	B+	"11557.6556"	"31275.400"	"3d2.(3F).4s"	"4F"	"5/2"	"3d2.(3F).4p"	"4F*"	"7/2"		"T5448"	"L4189c12"	
"507.1670"	"0.0012"	"507.1674"	"0.0004"	"5"	""		"17012.753"	"36730.110"	"3d2.(1D).4s"	"2D"	"5/2"	"3d2.(1D).4p"	"2F*"	"7/2"		""	"L4189c12"	
"507.4128"	"0.0012"	"507.4114"	"0.0005"	"3"	"2.0e+06"	B	"17226.025"	"36933.899"	"3d2.(3P).4s"	"4P"	"1/2"	"3d2.(1D).4p"	"2D*"	"3/2"		"T5448"	"L4189c12"	
"507.7235"	"0.0012"	"507.7220"	"0.0003"	"3"	"1.15e+07"	B+	"11519.9611"	"31215.780"	"3d2.(3F).4s"	"4F"	"3/2"	"3d2.(3F).4p"	"4F*"	"5/2"		"T5448"	"L4189c12"	
"508.1631"	"0.0012"	"508.1605"	"0.0004"	"4"	"4.1e+06"	B	"17255.076"	"36933.899"	"3d2.(3P).4s"	"4P"	"3/2"	"3d2.(1D).4p"	"2D*"	"3/2"		"T5448"	"L4189c12"	
"508.2496"	"0.0012"	""	""	"4"	""		""	""	""	""	""	""	""	""		""	"L4189c12"	
"508.2977"	"0.0012"	"508.2986"	"0.0005"	"7"	"7.6e+07"	B+	"11677.3121"	"31350.789"	"3d2.(3F).4s"	"4F"	"9/2"	"3d2.(3F).4p"	"4F*"	"9/2"		"T5448"	"L4189c12"	
"508.5138"	"0.0012"	"508.5134"	"0.0004"	"7"	"6.2e+07"	B+	"11610.2357"	"31275.400"	"3d2.(3F).4s"	"4F"	"7/2"	"3d2.(3F).4p"	"4F*"	"7/2"		"T5448"	"L4189c12"	
"508.6967"	"0.0012"	"508.6955"	"0.0003"	"7"	"5.7e+07"	B+	"11557.6556"	"31215.780"	"3d2.(3F).4s"	"4F"	"5/2"	"3d2.(3F).4p"	"4F*"	"5/2"		"T5448"	"L4189c12"	
"508.8106"	"0.0012"	"508.8110"	"0.0004"	"4"	""		"17012.753"	"36666.416"	"3d2.(1D).4s"	"2D"	"5/2"	"3d2.(1D).4p"	"2F*"	"5/2"		""	"L4189c12"	
"508.83"	""	"508.8370"	"0.0004"	"23:"	"6.6e+07"	B+	"11519.9611"	"31172.621"	"3d2.(3F).4s"	"4F"	"3/2"	"3d2.(3F).4p"	"4F*"	"3/2"		"T5448"	"L18215"	
"508.8541"	"0.0012"	"508.8551"	"0.0005"	"5"	""		"17307.069"	"36959.027"	"3d2.(3P).4s"	"4P"	"5/2"	"3d2.(3P).4p"	"4D*"	"7/2"		""	"L4189c12"	
"508.9252"	"0.0012"	"508.9252"	"0.0003"	"4"	""		"16021.7788"	"35671.033"	"3d.4s.(3D).4p"	"4D*"	"3/2"	"3d.4s.(3D).5s"	"2D"	"3/2"		""	"L4189c12"	
"509.1349"	"0.0012"	"509.1316"	"0.0005"	"6"	""		"17025.127"	"36666.416"	"3d2.(1D).4s"	"2D"	"3/2"	"3d2.(1D).4p"	"2F*"	"5/2"		""	"L4189c12"	
"509.3877"	"0.0012"	"509.3861"	"0.0004"	"5"	""		"20719.833"	"40351.308"	"3d2.(3P).4s"	"2P"	"3/2"	"3d.4s.(3D).5p"	"2D*"	"5/2"		""	"L4189c12"	
"509.4921"	"0.0012"	"509.4895"	"0.0004"	"2"	""		"20719.833"	"40347.323"	"3d2.(3P).4s"	"2P"	"3/2"	"3d.4s.(3D).5p"	"2D*"	"3/2"		""	"L4189c12"	
"509.5074"	"0.0012"	"509.5066"	"0.0004"	"3"	"1.7e+06"	C+	"17307.069"	"36933.899"	"3d2.(3P).4s"	"4P"	"5/2"	"3d2.(1D).4p"	"2D*"	"3/2"		"T5448"	"L4189c12"	
"509.7645"	"0.0012"	""	""	"2"	""		""	""	""	""	""	""	""	""		""	"L4189c12"	
"509.8141"	"0.0012"	"509.8148"	"0.0004"	"6"	"1.69e+07"	B+	"11557.6556"	"31172.621"	"3d2.(3F).4s"	"4F"	"5/2"	"3d2.(3F).4p"	"4F*"	"3/2"		"T5448"	"L4189c12"	
"509.8831"	"0.0012"	""	""	"1"	""		""	""	""	""	""	""	""	""		""	"L4189c12"	
"510.0607"	"0.0012"	"510.0598"	"0.0003"	"5"	"1.50e+07"	B+	"11610.2357"	"31215.780"	"3d2.(3F).4s"	"4F"	"7/2"	"3d2.(3F).4p"	"4F*"	"5/2"		"T5448"	"L4189c12"	
"510.0695"	"0.0012"	"510.0705"	"0.0004"	"5"	""		"17255.076"	"36860.209"	"3d2.(3P).4s"	"4P"	"3/2"	"3d2.(3P).4p"	"4D*"	"5/2"		""	"L4189c12"	
"510.2541"	"0.0012"	"510.2539"	"0.0004"	"6"	"8.8e+06"	B+	"11677.3121"	"31275.400"	"3d2.(3F).4s"	"4F"	"9/2"	"3d2.(3F).4p"	"4F*"	"7/2"		"T5448"	"L4189c12"	
"510.7067"	"0.0013"	"510.7053"	"0.0005"	"2"	""		"25014.190"	"44594.955"	"3d.4s.(3D).4p"	"2D*"	"5/2"	"3d.(2D).4p2.(3P)"	"2P"	"3/2"		""	"L4189c12"	
"510.8794"	"0.0013"	"510.8779"	"0.0003"	"4"	""		"16096.8834"	"35671.033"	"3d.4s.(1D).4p"	"2D*"	"3/2"	"3d.4s.(3D).5s"	"2D"	"3/2"		""	"L4189c12"	
"511.0494"	"0.0013"	"511.0484"	"0.0006"	"5"	""		"17226.025"	"36793.645"	"3d2.(3P).4s"	"4P"	"1/2"	"3d2.(3P).4p"	"4D*"	"3/2"		""	"L4189c12"	
"511.4289"	"0.0013"	"511.4268"	"0.0004"	"5"	""		"17307.069"	"36860.209"	"3d2.(3P).4s"	"4P"	"5/2"	"3d2.(3P).4p"	"4D*"	"5/2"		""	"L4189c12"	
"511.8074"	"0.0013"	"511.8082"	"0.0005"	"5"	""		"17255.076"	"36793.645"	"3d2.(3P).4s"	"4P"	"3/2"	"3d2.(3P).4p"	"4D*"	"3/2"		""	"L4189c12"	
"511.8174"	"0.0013"	"511.8187"	"0.0007"	"5"	""		"17226.025"	"36764.195"	"3d2.(3P).4s"	"4P"	"1/2"	"3d2.(3P).4p"	"4D*"	"1/2"		""	"L4189c12"	
"512.0338"	"0.0013"	"512.0319"	"0.0003"	"1"	""		"16141.0012"	"35671.033"	"3d.4s.(3D).4p"	"4D*"	"5/2"	"3d.4s.(3D).5s"	"2D"	"3/2"		""	"L4189c12"	
"512.5816"	"0.0013"	"512.5808"	"0.0006"	"3"	""		"17255.076"	"36764.195"	"3d2.(3P).4s"	"4P"	"3/2"	"3d2.(3P).4p"	"4D*"	"1/2"		""	"L4189c12"	
"513.1752"	"0.0013"	"513.1738"	"0.0005"	"3"	""		"17307.069"	"36793.645"	"3d2.(3P).4s"	"4P"	"5/2"	"3d2.(3P).4p"	"4D*"	"3/2"		""	"L4189c12"	
"513.3004"	"0.0013"	""	""	"1"	""		""	""	""	""	""	""	""	""		""	"L4189c12"	
"513.4224"	"0.0013"	""	""	"1"	""		""	""	""	""	""	""	""	""		""	"L4189c12"	
"514.8503"	"0.0013"	"514.8524"	"0.0005"	"3"	""		"17307.069"	"36730.110"	"3d2.(3P).4s"	"4P"	"5/2"	"3d2.(1D).4p"	"2F*"	"7/2"		""	"L4189c12"	
"515.8423"	"0.0013"	"515.8413"	"0.0005"	"1"	""		"21032.732"	"40418.538"	"3d.4s.(1D).4p"	"2F*"	"5/2"	"3d.4s.(3D).4d"	"2G"	"7/2"		""	"L4189c12"	
"519.5239"	"0.0013"	"519.5221"	"0.0006"	"1"	""		"21085.829"	"40334.288"	"3d.4s.(1D).4p"	"2F*"	"7/2"	"3d.4s.(3D).4d"	"2D"	"5/2"		""	"L4189c12"	
"520.3699"	"0.0013"	"520.3693"	"0.0005"	"1"	""		"25724.658"	"44941.779"	"3d.4s.(3D).4p"	"2F*"	"7/2"	"3d.(2D).4p2.(3P)"	"2F"	"7/2"		""	"L4189c12"	
"521.1998"	"0.0013"	"521.2003"	"0.0009"	"6"	""		"20236.877"	"39423.36"	"3d2.(1G).4s"	"2G"	"9/2"	"3d2.(1G).4p"	"2G*"	"9/2"		""	"L4189c12"	
"521.2821"	"0.0026"	"521.2756"	"0.0009"	"4"	""		"20239.650"	"39423.36"	"3d2.(1G).4s"	"2G"	"7/2"	"3d2.(1G).4p"	"2G*"	"9/2"		""	"L4189c12"	
"521.6628"	"0.0013"	""	""	"1"	""		""	""	""	""	""	""	""	""		""	"L4189c12"	
"521.9700"	"0.0013"	"521.9859"	"0.0007"	"1"	""		"24656.866"	"43814.472"	"3d.4s.(1D).4p"	"2P*"	"3/2"	"3d.4s.(3D).6s"	"4D"	"3/2"		""	"L4189c12,c153"	
"522.0327"	"0.0013"	"522.0317"	"0.0008"	"3"	""		"20236.877"	"39392.80"	"3d2.(1G).4s"	"2G"	"9/2"	"3d2.(1G).4p"	"2G*"	"7/2"		""	"L4189c12"	
"522.1087"	"0.0013"	"522.1073"	"0.0008"	"5*"	""		"20239.650"	"39392.80"	"3d2.(1G).4s"	"2G"	"7/2"	"3d2.(1G).4p"	"2G*"	"7/2"		""	"L4189c12"	
"522.1087"	"0.0013"	"522.1112"	"0.0011"	"5*"	""		"24656.712"	"43809.72"	"3d.4s.(1D).4p"	"2P*"	"1/2"	"3d.4s.(3D).6s"	"4D"	"1/2"		""	"L4189c12"	
"525.9828"	"0.0013"	"525.9827"	"0.0013"	"6"	""		"20236.877"	"39248.91"	"3d2.(1G).4s"	"2G"	"9/2"	"3d2.(1G).4p"	"2H*"	"11/2"		""	"L4189c12"	
"528.6452"	"0.0013"	"528.6456"	"0.0008"	"4"	""		"20236.877"	"39153.14"	"3d2.(1G).4s"	"2G"	"9/2"	"3d2.(1G).4p"	"2H*"	"9/2"		""	"L4189c12"	
"528.7242"	"0.0013"	"528.7231"	"0.0008"	"5"	""		"20239.650"	"39153.14"	"3d2.(1G).4s"	"2G"	"7/2"	"3d2.(1G).4p"	"2H*"	"9/2"		""	"L4189c12"	
"530.34262"	"0.00023"	"530.34265"	"0.00014"	"5g"	"1.05e+05"	B+	"0.0000"	"18855.734"	"3d.4s2"	"2D"	"3/2"	"4s2.4p"	"2P*"	"3/2"		"T9506"	"L19272,L4189c12"	
"531.6163"	"0.0014"	"531.6137"	"0.0003"	"3"	"5.0e+05"	C+	"15756.5295"	"34567.180"	"3d.4s.(3D).4p"	"4F*"	"5/2"	"3d.4s.(3D).5s"	"4D"	"7/2"		"T5448"	"L4189c12"	
"531.7067"	"0.0014"	"531.70474"	"0.00023"	"3"	"6.5e+05"	C+	"15672.5595"	"34479.990"	"3d.4s.(3D).4p"	"4F*"	"3/2"	"3d.4s.(3D).5s"	"4D"	"5/2"		"T5448"	"L4189c12"	
"532.4550"	"0.0014"	"532.4538"	"0.0003"	"4"	"1.00e+06"	B	"14926.061"	"33707.034"	"3d2.(3F).4s"	"2F"	"5/2"	"3d2.(3F).4p"	"2D*"	"5/2"		"T5448"	"L4189c12"	
"532.5256"	"0.0014"	"532.5232"	"0.0006"	"3"	""		"24656.866"	"43435.390"	"3d.4s.(1D).4p"	"2P*"	"3/2"	"3d.4s.(1D).4d"	"2P"	"3/2"		""	"L4189c12"	
"532.6867"	"0.0014"	"532.6869"	"0.0008"	"2"	""		"24656.866"	"43429.62"	"3d.4s.(1D).4p"	"2P*"	"3/2"	"3d.4s.(1D).4d"	"2P"	"1/2"		""	"L4189c12"	
"532.7231"	"0.0014"	""	""	"1"	""		""	""	""	""	""	""	""	""		""	"L4189c12"	
"533.3271"	"0.0014"	"533.3257"	"0.0003"	"5"	"1.11e+07"	B+	"15672.5595"	"34422.829"	"3d.4s.(3D).4p"	"4F*"	"3/2"	"3d.4s.(3D).5s"	"4D"	"3/2"		"T5448"	"L4189c12"	
"534.0916"	"0.0014"	"534.08930"	"0.00023"	"5"	"1.06e+07"	B+	"15756.5295"	"34479.990"	"3d.4s.(3D).4p"	"4F*"	"5/2"	"3d.4s.(3D).5s"	"4D"	"5/2"		"T5448"	"L4189c12"	
"534.2560"	"0.0014"	"534.2539"	"0.0003"	"5"	"3.8e+07"	B+	"15672.5595"	"34390.253"	"3d.4s.(3D).4p"	"4F*"	"3/2"	"3d.4s.(3D).5s"	"4D"	"1/2"		"T5448"	"L4189c12"	
"534.4478"	"0.0014"	"534.4442"	"0.0004"	"6g"	"6.2e+05"	B+	"0.0000"	"18711.029"	"3d.4s2"	"2D"	"3/2"	"4s2.4p"	"2P*"	"1/2"		"T5448"	"L4189c12"	
"535.0830"	"0.0014"	"535.0796"	"0.0003"	"5"	"5.9e+07"	C+	"14926.061"	"33614.869"	"3d2.(3F).4s"	"2F"	"5/2"	"3d2.(3F).4p"	"2D*"	"3/2"		"T5448"	"L4189c12"	
"535.11994"	"0.00023"	"535.12001"	"0.00014"	"5g"	"4.01e+05"	B+	"168.3371"	"18855.734"	"3d.4s2"	"2D"	"5/2"	"4s2.4p"	"2P*"	"3/2"		"T9506"	"L19272,L4189c12"	
"535.1766"	"0.0014"	"535.1751"	"0.0003"	"5"	"6.8e+06"	B+	"15881.7082"	"34567.180"	"3d.4s.(3D).4p"	"4F*"	"7/2"	"3d.4s.(3D).5s"	"4D"	"7/2"		"T5448"	"L4189c12"	
"535.7283"	"0.0014"	"535.7248"	"0.0003"	"5"	"3.0e+07"	B+	"15756.5295"	"34422.829"	"3d.4s.(3D).4p"	"4F*"	"5/2"	"3d.4s.(3D).5s"	"4D"	"3/2"		"T5448"	"L4189c12"	
"535.7587"	"0.0014"	"535.7583"	"0.0003"	"5"	"5.7e+07"	C+	"15041.902"	"33707.034"	"3d2.(3F).4s"	"2F"	"7/2"	"3d2.(3F).4p"	"2D*"	"5/2"		"T5448"	"L4189c12"	
"535.8310"	"0.0014"	"535.8345"	"0.0005"	"1"	""		"33846.568"	"52509.048"	"3d3"	"4F"	"7/2"	""	"*"	"5/2"		""	"L4189c12"	
"537.6868"	"0.0014"	"537.68408"	"0.00020"	"5"	"3.4e+07"	B	"15881.7082"	"34479.990"	"3d.4s.(3D).4p"	"4F*"	"7/2"	"3d.4s.(3D).5s"	"4D"	"5/2"		"T5448"	"L4189c12"	
"539.2411"	"0.0014"	"539.2447"	"0.0003"	"2"	"5.0e+05"	C+	"16022.7219"	"34567.180"	"3d.4s.(1D).4p"	"2D*"	"5/2"	"3d.4s.(3D).5s"	"4D"	"7/2"		"T5448"	"L4189c12"	
"539.3557"	"0.0014"	"539.3561"	"0.0003"	"5"	"4.2e+07"	B+	"16026.5528"	"34567.180"	"3d.4s.(3D).4p"	"4F*"	"9/2"	"3d.4s.(3D).5s"	"4D"	"7/2"		"T5448"	"L4189c12"	
"540.0831"	"0.0014"	"540.08322"	"0.00020"	"2g"	""		"0.0000"	"18515.665"	"3d.4s2"	"2D"	"3/2"	"3d.4s.(3D).4p"	"4P*"	"3/2"		""	"L4189c12"	
"540.4237"	"0.0014"	"540.4220"	"0.0003"	"4g"	""		"0.0000"	"18504.058"	"3d.4s2"	"2D"	"3/2"	"3d.4s.(3D).4p"	"4P*"	"1/2"		""	"L4189c12"	
"541.7667"	"0.0014"	"541.7643"	"0.0003"	"4"	"4.4e+06"	B	"16021.7788"	"34479.990"	"3d.4s.(3D).4p"	"4D*"	"3/2"	"3d.4s.(3D).5s"	"4D"	"5/2"		"T5448"	"L4189c12"	
"541.7920"	"0.0014"	"541.7920"	"0.0003"	"3"	"2.0e+06"	B	"16022.7219"	"34479.990"	"3d.4s.(1D).4p"	"2D*"	"5/2"	"3d.4s.(3D).5s"	"4D"	"5/2"		"T5448"	"L4189c12"	
"542.3842"	"0.0014"	"542.3827"	"0.0005"	"6bl"	""		"18711.029"	"37148.196"	"4s2.4p"	"2P*"	"1/2"	"3d3"	"2P"	"3/2"		""	"L4189c12"	
"542.7058"	"0.0014"	"542.7061"	"0.0003"	"4"	"4.5e+06"	B	"16141.0012"	"34567.180"	"3d.4s.(3D).4p"	"4D*"	"5/2"	"3d.4s.(3D).5s"	"4D"	"7/2"		"T5448"	"L4189c12"	
"543.0930"	"0.0014"	"543.0920"	"0.0003"	"4"	"9.0e+06"	B+	"16009.7432"	"34422.829"	"3d.4s.(3D).4p"	"4D*"	"1/2"	"3d.4s.(3D).5s"	"4D"	"3/2"		"T5448"	"L4189c12"	
"543.4487"	"0.0014"	"543.4472"	"0.0003"	"4"	"5.4e+06"	B	"16021.7788"	"34422.829"	"3d.4s.(3D).4p"	"4D*"	"3/2"	"3d.4s.(3D).5s"	"4D"	"3/2"		"T5448"	"L4189c12"	
"543.4756"	"0.0014"	"543.4751"	"0.0003"	"4"	"9.7e+06"	B+	"16022.7219"	"34422.829"	"3d.4s.(1D).4p"	"2D*"	"5/2"	"3d.4s.(3D).5s"	"4D"	"3/2"		"T5448"	"L4189c12"	
"543.9791"	"0.0014"	"543.9777"	"0.0003"	"4"	"3.4e+06"	B	"16096.8834"	"34479.990"	"3d.4s.(1D).4p"	"2D*"	"3/2"	"3d.4s.(3D).5s"	"4D"	"5/2"		"T5448"	"L4189c12"	
"544.0554"	"0.0014"	"544.0546"	"0.0004"	"4"	"1.74e+07"	B+	"16009.7432"	"34390.253"	"3d.4s.(3D).4p"	"4D*"	"1/2"	"3d.4s.(3D).5s"	"4D"	"1/2"		"T5448"	"L4189c12"	
"544.2241"	"0.0014"	"544.2245"	"0.0006"	"3"	""		"18711.029"	"37085.800"	"4s2.4p"	"2P*"	"1/2"	"3d3"	"2P"	"1/2"		""	"L4189c12"	
"544.4130"	"0.0014"	"544.4110"	"0.0003"	"4"	"2.15e+07"	B+	"16021.7788"	"34390.253"	"3d.4s.(3D).4p"	"4D*"	"3/2"	"3d.4s.(3D).5s"	"4D"	"1/2"		"T5448"	"L4189c12"	
"544.5297"	"0.0014"	""	""	"1"	""		""	""	""	""	""	""	""	""		""	"L4189c12"	
"544.7709"	"0.0014"	"544.7701"	"0.0003"	"6"	"2.8e+07"	B+	"16210.8140"	"34567.180"	"3d.4s.(3D).4p"	"4D*"	"7/2"	"3d.4s.(3D).5s"	"4D"	"7/2"		"T5448"	"L4189c12"	
"544.8911"	"0.0014"	"544.8906"	"0.0004"	"4"	"1.14e+06"	C+	"14926.061"	"33278.370"	"3d2.(3F).4s"	"2F"	"5/2"	"3d2.(3F).4p"	"2F*"	"7/2"		"T5448"	"L4189c12"	
"545.0399"	"0.0014"	"545.03850"	"0.00021"	"4g"	""		"168.3371"	"18515.665"	"3d.4s2"	"2D"	"5/2"	"3d.4s.(3D).4p"	"4P*"	"3/2"		""	"L4189c12"	
"545.2884"	"0.0014"	"545.2863"	"0.0003"	"5"	"1.50e+07"	B+	"16141.0012"	"34479.990"	"3d.4s.(3D).4p"	"4D*"	"5/2"	"3d.4s.(3D).5s"	"4D"	"5/2"		"T5448"	"L4189c12"	
"545.3806"	"0.0014"	""	""	"1"	""		""	""	""	""	""	""	""	""		""	"L4189c12"	
"545.6752"	"0.0014"	"545.6744"	"0.0003"	"4"	"6.6e+06"	B+	"16096.8834"	"34422.829"	"3d.4s.(1D).4p"	"2D*"	"3/2"	"3d.4s.(3D).5s"	"4D"	"3/2"		"T5448"	"L4189c12"	
"546.6471"	"0.0014"	"546.6461"	"0.0004"	"2"	"3.2e+06"	C+	"16096.8834"	"34390.253"	"3d.4s.(1D).4p"	"2D*"	"3/2"	"3d.4s.(3D).5s"	"4D"	"1/2"		"T5448"	"L4189c12"	
"546.6748"	"0.0014"	"546.6733"	"0.0004"	"3"	""		"18855.734"	"37148.196"	"4s2.4p"	"2P*"	"3/2"	"3d3"	"2P"	"3/2"		""	"L4189c12"	
"546.9921"	"0.0014"	"546.9913"	"0.0003"	"4"	"9.7e+06"	B+	"16141.0012"	"34422.829"	"3d.4s.(3D).4p"	"4D*"	"5/2"	"3d.4s.(3D).5s"	"4D"	"3/2"		"T5448"	"L4189c12"	
"547.0235"	"0.0014"	"547.0216"	"0.0006"	"2"	""		"24656.712"	"42937.526"	"3d.4s.(1D).4p"	"2P*"	"1/2"	"3d3"	"2D1"	"3/2"		""	"L4189c12"	
"547.3715"	"0.0014"	"547.3701"	"0.0003"	"4"	"9.7e+06"	B+	"16210.8140"	"34479.990"	"3d.4s.(3D).4p"	"4D*"	"7/2"	"3d.4s.(3D).5s"	"4D"	"5/2"		"T5448"	"L4189c12"	
"547.6175"	"0.0014"	"547.6159"	"0.0007"	"3"	""		"24656.866"	"42917.840"	"3d.4s.(1D).4p"	"2P*"	"3/2"	"3d3"	"2D1"	"5/2"		""	"L4189c12"	
"548.3535"	"0.0014"	"548.3518"	"0.0004"	"6"	"5.2e+07"	B	"15041.902"	"33278.370"	"3d2.(3F).4s"	"2F"	"7/2"	"3d2.(3F).4p"	"2F*"	"7/2"		"T5448"	"L4189c12"	
"548.5521"	"0.0014"	"548.5510"	"0.0007"	"2"	""		"25584.627"	"43814.472"	"3d.4s.(3D).4p"	"2F*"	"5/2"	"3d.4s.(3D).6s"	"4D"	"3/2"		""	"L4189c12"	
"548.6152"	"0.0014"	"548.6150"	"0.0003"	"6"	"5.2e+07"	B	"14926.061"	"33153.779"	"3d2.(3F).4s"	"2F"	"5/2"	"3d2.(3F).4p"	"2F*"	"5/2"		"T5448"	"L4189c12"	
"551.5762"	"0.0015"	"551.5751"	"0.0003"	"6"	"4.1e+07"	B+	"14926.061"	"33055.957"	"3d2.(3F).4s"	"2F"	"5/2"	"3d2.(3F).4p"	"2G*"	"7/2"		"T5448"	"L4189c12"	
"551.6495"	"0.0015"	""	""	"1"	""		""	""	""	""	""	""	""	""		""	"L4189c12"	
"551.6912"	"0.0015"	"551.6915"	"0.0004"	"3"	"1.57e+06"	B+	"15672.5595"	"33798.633"	"3d.4s.(3D).4p"	"4F*"	"3/2"	"3d3"	"4F"	"5/2"		"T5448"	"L4189c12"	
"552.1262"	"0.0015"	"552.1239"	"0.0003"	"3"	"8.8e+05"	C+	"15041.902"	"33153.779"	"3d2.(3F).4s"	"2F"	"7/2"	"3d2.(3F).4p"	"2F*"	"5/2"		"T5448"	"L4189c12"	
"552.20304"	"0.00025"	"552.20298"	"0.00021"	"6"	"4.16e+07"	B+	"15041.902"	"33151.185"	"3d2.(3F).4s"	"2F"	"7/2"	"3d2.(3F).4p"	"2G*"	"9/2"		"T9506"	"L19272,L4189c12"	
"552.7638"	"0.0015"	"552.7618"	"0.0005"	"4"	"7.1e+06"	B+	"15672.5595"	"33763.534"	"3d.4s.(3D).4p"	"4F*"	"3/2"	"3d3"	"4F"	"3/2"		"T5448"	"L4189c12"	
"552.7919"	"0.0015"	"552.7904"	"0.0004"	"4"	""		"15756.5295"	"33846.568"	"3d.4s.(3D).4p"	"4F*"	"5/2"	"3d3"	"4F"	"7/2"		""	"L4189c12"	
"553.8016"	"0.0015"	"553.7995"	"0.0005"	"3"	""		"18515.665"	"36572.741"	"3d.4s.(3D).4p"	"4P*"	"3/2"	"3d3"	"4P"	"5/2"		""	"L4189c12"	
"554.2607"	"0.0015"	"554.2591"	"0.0004"	"4"	"5.5e+06"	B+	"15756.5295"	"33798.633"	"3d.4s.(3D).4p"	"4F*"	"5/2"	"3d3"	"4F"	"5/2"		"T5448"	"L4189c12"	
"554.7973"	"0.0015"	"554.7957"	"0.0006"	"3"	""		"15881.7082"	"33906.361"	"3d.4s.(3D).4p"	"4F*"	"7/2"	"3d3"	"4F"	"9/2"		""	"L4189c12"	
"555.1234"	"0.0015"	"555.1221"	"0.0003"	"3"	"7.5e+05"	B+	"15041.902"	"33055.957"	"3d2.(3F).4s"	"2F"	"7/2"	"3d2.(3F).4p"	"2G*"	"7/2"		"T5448"	"L4189c12"	
"555.1961"	"0.0015"	"555.1955"	"0.0006"	"3"	""		"18504.058"	"36515.732"	"3d.4s.(3D).4p"	"4P*"	"1/2"	"3d3"	"4P"	"3/2"		""	"L4189c12"	
"555.3396"	"0.0015"	"555.3395"	"0.0005"	"3"	"1.64e+06"	B+	"15756.5295"	"33763.534"	"3d.4s.(3D).4p"	"4F*"	"5/2"	"3d3"	"4F"	"3/2"		"T5448"	"L4189c12"	
"555.5147"	"0.0015"	"555.5137"	"0.0006"	"3"	""		"18571.386"	"36572.741"	"3d.4s.(3D).4p"	"4P*"	"5/2"	"3d3"	"4P"	"5/2"		""	"L4189c12"	
"555.5542"	"0.0015"	"555.5535"	"0.0005"	"2"	""		"18515.665"	"36515.732"	"3d.4s.(3D).4p"	"4P*"	"3/2"	"3d3"	"4P"	"3/2"		""	"L4189c12"	
"555.9066"	"0.0015"	"555.9086"	"0.0007"	"1"	""		"18504.058"	"36492.628"	"3d.4s.(3D).4p"	"4P*"	"1/2"	"3d3"	"4P"	"1/2"		""	"L4189c12"	
"556.2678"	"0.0015"	"556.2675"	"0.0007"	"3"	""		"18515.665"	"36492.628"	"3d.4s.(3D).4p"	"4P*"	"3/2"	"3d3"	"4P"	"1/2"		""	"L4189c12"	
"556.6441"	"0.0015"	"556.6423"	"0.0004"	"4"	""		"15881.7082"	"33846.568"	"3d.4s.(3D).4p"	"4F*"	"7/2"	"3d3"	"4F"	"7/2"		""	"L4189c12"	
"557.2797"	"0.0015"	"557.2786"	"0.0006"	"3"	""		"18571.386"	"36515.732"	"3d.4s.(3D).4p"	"4P*"	"5/2"	"3d3"	"4P"	"3/2"		""	"L4189c12"	
"558.1313"	"0.0015"	"558.1315"	"0.0004"	"3"	"1.52e+06"	B+	"15881.7082"	"33798.633"	"3d.4s.(3D).4p"	"4F*"	"7/2"	"3d3"	"4F"	"5/2"		"T5448"	"L4189c12"	
"559.2916"	"0.0015"	"559.2901"	"0.0006"	"5"	""		"16026.5528"	"33906.361"	"3d.4s.(3D).4p"	"4F*"	"9/2"	"3d3"	"4F"	"9/2"		""	"L4189c12"	
"559.4934"	"0.0015"	"559.4937"	"0.0005"	"3"	""		"21085.829"	"38959.131"	"3d.4s.(1D).4p"	"2F*"	"7/2"	"3d.4s.(3D).4d"	"2F"	"7/2"		""	"L4189c12"	
"560.5752"	"0.0015"	"560.5728"	"0.0005"	"3"	""		"21032.732"	"38871.628"	"3d.4s.(1D).4p"	"2F*"	"5/2"	"3d.4s.(3D).4d"	"2F"	"5/2"		""	"L4189c12"	
"561.0482"	"0.0015"	"561.0461"	"0.0004"	"1"	""		"16022.7219"	"33846.568"	"3d.4s.(1D).4p"	"2D*"	"5/2"	"3d3"	"4F"	"7/2"		""	"L4189c12"	
"561.1684"	"0.0015"	"561.1667"	"0.0004"	"3"	""		"16026.5528"	"33846.568"	"3d.4s.(3D).4p"	"4F*"	"9/2"	"3d3"	"4F"	"7/2"		""	"L4189c12"	
"562.1597"	"0.0015"	"562.1564"	"0.0007"	"1"	""		"24656.866"	"42445.509"	"3d.4s.(1D).4p"	"2P*"	"3/2"	"3d.4s.(1D).4d"	"2D"	"5/2"		""	"L4189c12"	
"562.5293"	"0.0015"	"562.5292"	"0.0004"	"2"	"1.28e+06"	B+	"16021.7788"	"33798.633"	"3d.4s.(3D).4p"	"4D*"	"3/2"	"3d3"	"4F"	"5/2"		"T5448"	"L4189c12"	
"562.5597"	"0.0015"	"562.5591"	"0.0004"	"2"	"1.11e+06"	B+	"16022.7219"	"33798.633"	"3d.4s.(1D).4p"	"2D*"	"5/2"	"3d3"	"4F"	"5/2"		"T5448"	"L4189c12"	
"563.2606"	"0.0015"	"563.2600"	"0.0005"	"3"	"3.0e+06"	B+	"16009.7432"	"33763.534"	"3d.4s.(3D).4p"	"4D*"	"1/2"	"3d3"	"4F"	"3/2"		"T5448"	"L4189c12"	
"563.6419"	"0.0015"	"563.6421"	"0.0005"	"3"	"1.92e+06"	B+	"16021.7788"	"33763.534"	"3d.4s.(3D).4p"	"4D*"	"3/2"	"3d3"	"4F"	"3/2"		"T5448"	"L4189c12"	
"564.6633"	"0.0015"	"564.6664"	"0.0004"	"1"	""		"15041.902"	"32751.474"	"3d2.(3F).4s"	"2F"	"7/2"	"3d2.(3F).4p"	"4D*"	"7/2"		""	"L4189c12"	
"564.7924"	"0.0015"	"564.7941"	"0.0004"	"4"	""		"16141.0012"	"33846.568"	"3d.4s.(3D).4p"	"4D*"	"5/2"	"3d3"	"4F"	"7/2"		""	"L4189c12"	
"564.9133"	"0.0015"	"564.9159"	"0.0004"	"4"	"1.61e+06"	B+	"16096.8834"	"33798.633"	"3d.4s.(1D).4p"	"2D*"	"3/2"	"3d3"	"4F"	"5/2"		"T5448"	"L4189c12"	
"565.1129"	"0.0015"	"565.1139"	"0.0006"	"5"	""		"16210.8140"	"33906.361"	"3d.4s.(3D).4p"	"4D*"	"7/2"	"3d3"	"4F"	"9/2"		""	"L4189c12"	
"566.3283"	"0.0015"	"566.3274"	"0.0004"	"3"	"7.9e+05"	B+	"16141.0012"	"33798.633"	"3d.4s.(3D).4p"	"4D*"	"5/2"	"3d3"	"4F"	"5/2"		"T5448"	"L4189c12"	
"567.0323"	"0.0015"	"567.0299"	"0.0004"	"3"	""		"16210.8140"	"33846.568"	"3d.4s.(3D).4p"	"4D*"	"7/2"	"3d3"	"4F"	"7/2"		""	"L4189c12"	
"567.3402"	"0.0015"	"567.3381"	"0.0006"	"7"	"5.4e+07"	B+	"11677.3121"	"29303.485"	"3d2.(3F).4s"	"4F"	"9/2"	"3d2.(3F).4p"	"4G*"	"11/2"		"T5448"	"L4189c12"	
"568.1773"	"0.0015"	"568.1755"	"0.0008"	"2"	""		"24866.172"	"42466.369"	"3d.4s.(3D).4p"	"2D*"	"3/2"	"3d.4s.(1D).4d"	"2D"	"3/2"		""	"L4189c12"	
"568.5791"	"0.0016"	"568.5753"	"0.0004"	"15bl"	""		"16210.8140"	"33798.633"	"3d.4s.(3D).4p"	"4D*"	"7/2"	"3d3"	"4F"	"5/2"		""	"L4189c12"	
"568.84099"	"0.00027"	"568.84095"	"0.00019"	"7*"	"4.86e+07"	B+	"11610.2357"	"29189.842"	"3d2.(3F).4s"	"4F"	"7/2"	"3d2.(3F).4p"	"4G*"	"9/2"		"T9506"	"L19272,L4189c12"	
"568.8434"	"0.0031"	"568.8497"	"0.0007"	"7*"	""		"24866.172"	"42445.509"	"3d.4s.(3D).4p"	"2D*"	"3/2"	"3d.4s.(1D).4d"	"2D"	"5/2"		""	"L4189c12"	
"569.2954"	"0.0016"	"569.2952"	"0.0005"	"2"	""		"18711.029"	"36276.607"	"4s2.4p"	"2P*"	"1/2"	"3d3"	"2D2"	"3/2"		""	"L4189c12"	
"570.17323"	"0.00027"	"570.17346"	"0.00013"	"7"	"4.72e+07"	B+	"11557.6556"	"29096.178"	"3d2.(3F).4s"	"4F"	"5/2"	"3d2.(3F).4p"	"4G*"	"7/2"		"T9506"	"L19272,L4189c12"	
"571.01976"	"0.00027"	"571.01972"	"0.00020"	"6"	"5.16e+06"	B+	"11677.3121"	"29189.842"	"3d2.(3F).4s"	"4F"	"9/2"	"3d2.(3F).4p"	"4G*"	"9/2"		"T9506"	"L19272,L4189c12"	
"571.33371"	"0.00027"	"571.33380"	"0.00016"	"7"	"4.66e+07"	B+	"11519.9611"	"29022.864"	"3d2.(3F).4s"	"4F"	"3/2"	"3d2.(3F).4p"	"4G*"	"5/2"		"T9506"	"L19272,L4189c12"	
"571.88773"	"0.00027"	"571.88797"	"0.00013"	"6"	"6.03e+06"	B	"11610.2357"	"29096.178"	"3d2.(3F).4s"	"4F"	"7/2"	"3d2.(3F).4p"	"4G*"	"7/2"		"T9506"	"L19272,L4189c12"	
"572.2542"	"0.0016"	"572.2525"	"0.0004"	"3"	""		"18855.734"	"36330.537"	"4s2.4p"	"2P*"	"3/2"	"3d3"	"2D2"	"5/2"		""	"L4189c12"	
"572.56678"	"0.00027"	"572.56689"	"0.00016"	"6"	"5.71e+06"	B+	"11557.6556"	"29022.864"	"3d2.(3F).4s"	"4F"	"5/2"	"3d2.(3F).4p"	"4G*"	"5/2"		"T9506"	"L19272,L4189c12"	
"573.6823"	"0.0016"	"573.6801"	"0.0007"	"2"	""		"25014.190"	"42445.509"	"3d.4s.(3D).4p"	"2D*"	"5/2"	"3d.4s.(1D).4d"	"2D"	"5/2"		""	"L4189c12"	
"574.0258"	"0.0016"	"574.0240"	"0.0004"	"1"	""		"18855.734"	"36276.607"	"4s2.4p"	"2P*"	"3/2"	"3d3"	"2D2"	"3/2"		""	"L4189c12"	
"574.09001"	"0.00027"	"574.09019"	"0.00016"	"4"	"1.50e+05"	C+	"11677.3121"	"29096.178"	"3d2.(3F).4s"	"4F"	"9/2"	"3d2.(3F).4p"	"4G*"	"7/2"		"T9506"	"L19272,L4189c12"	
"574.29592"	"0.00027"	"574.29584"	"0.00016"	"4"	"2.33e+05"	B+	"11610.2357"	"29022.864"	"3d2.(3F).4s"	"4F"	"7/2"	"3d2.(3F).4p"	"4G*"	"5/2"		"T9506"	"L19272,L4189c12"	
"580.3851"	"0.0016"	"580.3841"	"0.0004"	"1"	""		"18515.665"	"35745.635"	"3d.4s.(3D).4p"	"4P*"	"3/2"	"3d.4s.(3D).5s"	"2D"	"5/2"		""	"L4189c12"	
"582.5147"	"0.0016"	"582.5138"	"0.0005"	"4"	""		"18504.058"	"35671.033"	"3d.4s.(3D).4p"	"4P*"	"1/2"	"3d.4s.(3D).5s"	"2D"	"3/2"		""	"L4189c12"	
"589.6192"	"0.0017"	"589.6225"	"0.0005"	"5"	""		"18711.029"	"35671.033"	"4s2.4p"	"2P*"	"1/2"	"3d.4s.(3D).5s"	"2D"	"3/2"		""	"L4189c12"	
"592.0708"	"0.0017"	"592.0698"	"0.0004"	"5"	""		"18855.734"	"35745.635"	"4s2.4p"	"2P*"	"3/2"	"3d.4s.(3D).5s"	"2D"	"5/2"		""	"L4189c12"	
"593.2893"	"0.0017"	"593.2892"	"0.0011"	"3"	""		"29022.864"	"45878.05"	"3d2.(3F).4p"	"4G*"	"5/2"	"3d2.(3F).4d"	"4H"	"7/2"		""	"L4189c12"	
"594.2145"	"0.0017"	"594.2144"	"0.0017"	"3"	""		"29096.178"	"45925.12"	"3d2.(3F).4p"	"4G*"	"7/2"	"3d2.(3F).4d"	"4H"	"9/2"		""	"L4189c12"	
"594.4292"	"0.0017"	"594.4289"	"0.0005"	"1"	""		"21032.732"	"37855.603"	"3d.4s.(1D).4p"	"2F*"	"5/2"	"3d.4s.(1D).5s"	"2D"	"5/2"		""	"L4189c12"	
"594.6968"	"0.0017"	"594.6965"	"0.0004"	"2"	""		"18855.734"	"35671.033"	"4s2.4p"	"2P*"	"3/2"	"3d.4s.(3D).5s"	"2D"	"3/2"		""	"L4189c12"	
"595.2718"	"0.0017"	"595.2710"	"0.0009"	"1"	""		"29189.842"	"45988.912"	"3d2.(3F).4p"	"4G*"	"9/2"	"3d.4s.(3D).5d"	"4G"	"9/2"		""	"L4189c12"	
"595.3788"	"0.0017"	"595.3789"	"0.0017"	"4"	""		"29189.842"	"45985.87"	"3d2.(3F).4p"	"4G*"	"9/2"	"3d2.(3F).4d"	"4H"	"11/2"		""	"L4189c12"	
"596.3121"	"0.0017"	"596.3110"	"0.0005"	"4"	""		"21085.829"	"37855.603"	"3d.4s.(1D).4p"	"2F*"	"7/2"	"3d.4s.(1D).5s"	"2D"	"5/2"		""	"L4189c12"	
"596.9857"	"0.0017"	"596.9859"	"0.0017"	"4"	""		"29303.485"	"46054.30"	"3d2.(3F).4p"	"4G*"	"11/2"	"3d2.(3F).4d"	"4H"	"13/2"		""	"L4189c12"	
"597.0134"	"0.0017"	"597.0140"	"0.0011"	"1"	""		"29303.485"	"46053.51"	"3d2.(3F).4p"	"4G*"	"11/2"	"3d.4s.(3D).5d"	"4G"	"11/2"		""	"L4189c12"	
"597.0823"	"0.0017"	"597.0817"	"0.0005"	"4"	""		"21032.732"	"37780.858"	"3d.4s.(1D).4p"	"2F*"	"5/2"	"3d.4s.(1D).5s"	"2D"	"3/2"		""	"L4189c12"	
"598.0535"	"0.0017"	"598.0557"	"0.0007"	"1"	""		"25724.658"	"42445.509"	"3d.4s.(3D).4p"	"2F*"	"7/2"	"3d.4s.(1D).4d"	"2D"	"5/2"		""	"L4189c12"	
"598.5167"	"0.0017"	"598.5171"	"0.0007"	"1"	""		"29096.178"	"45804.138"	"3d2.(3F).4p"	"4G*"	"7/2"	"3d2.(3F).4d"	"4G"	"9/2"		""	"L4189c12"	
"599.0090"	"0.0017"	"599.0075"	"0.0004"	"1"	"6.6e+06"	C+	"17012.753"	"33707.034"	"3d2.(1D).4s"	"2D"	"5/2"	"3d2.(3F).4p"	"2D*"	"5/2"		"T5448"	"L4189c12"	
"599.0582"	"0.0017"	"599.0568"	"0.0009"	"1"	""		"29022.864"	"45715.771"	"3d2.(3F).4p"	"4G*"	"5/2"	"3d2.(3F).4d"	"4G"	"5/2"		""	"L4189c12"	
"599.4510"	"0.0017"	"599.4518"	"0.0005"	"3"	""		"17025.127"	"33707.034"	"3d2.(1D).4s"	"2D"	"3/2"	"3d2.(3F).4p"	"2D*"	"5/2"		""	"L4189c12"	
"600.380"	"0.002"	"600.3810"	"0.0007"	"1"	""		"29096.178"	"45752.269"	"3d2.(3F).4p"	"4G*"	"7/2"	"3d2.(3F).4d"	"4G"	"7/2"		""	"L4189c12"	
"601.891"	"0.002"	"601.8913"	"0.0007"	"1*"	""		"29189.842"	"45804.138"	"3d2.(3F).4p"	"4G*"	"9/2"	"3d2.(3F).4d"	"4G"	"9/2"		""	"L4189c12"	
"601.891"	"0.002"	"601.8948"	"0.0005"	"1*"	""		"25584.627"	"42198.825"	"3d.4s.(3D).4p"	"2F*"	"5/2"	"3d.4s.(1D).4d"	"2F"	"7/2"		""	"L4189c12"	
"602.332"	"0.002"	"602.3329"	"0.0004"	"3"	""		"17012.753"	"33614.869"	"3d2.(1D).4s"	"2D"	"5/2"	"3d2.(3F).4p"	"2D*"	"3/2"		""	"L4189c12"	
"602.783"	"0.002"	"602.7821"	"0.0005"	"5"	"7.2e+06"	C+	"17025.127"	"33614.869"	"3d2.(1D).4s"	"2D"	"3/2"	"3d2.(3F).4p"	"2D*"	"3/2"		"T5448"	"L4189c12"	
"603.191"	"0.002"	"603.1907"	"0.0006"	"4"	""		"34390.253"	"50968.758"	"3d.4s.(3D).5s"	"4D"	"1/2"	""	"*"	"3/2"		""	"L4189c12"	
"603.595"	"0.002"	"603.5959"	"0.0011"	"2"	""		"29303.485"	"45870.86"	"3d2.(3F).4p"	"4G*"	"11/2"	"3d2.(3F).4d"	"4G"	"11/2"		""	"L4189c12"	
"603.701"	"0.015"	"603.6820"	"0.0006"	"3"	""		"25584.627"	"42149.641"	"3d.4s.(3D).4p"	"2F*"	"5/2"	"3d.4s.(1D).4d"	"2F"	"5/2"		""	"L4189c12"	
"604.314"	"0.015"	"604.3279"	"0.0006"	"1"	""		"29189.842"	"45737.150"	"3d2.(3F).4p"	"4G*"	"9/2"	"3d.(2D).4p2.(3P)"	"4D"	"7/2"		""	"L4189c12"	
"605.056"	"0.002"	""	""	"3"	""		""	""	""	""	""	""	""	""		""	"L4189c12"	
"606.311"	"0.002"	"606.3093"	"0.0006"	"2"	""		"20236.877"	"36730.110"	"3d2.(1G).4s"	"2G"	"9/2"	"3d2.(1D).4p"	"2F*"	"7/2"		""	"L4189c12"	
"607.011"	"0.002"	"607.0110"	"0.0005"	"4"	""		"25724.658"	"42198.825"	"3d.4s.(3D).4p"	"2F*"	"7/2"	"3d.4s.(1D).4d"	"2F"	"7/2"		""	"L4189c12"	
"608.124"	"0.002"	"608.1242"	"0.0006"	"4"	""		"20681.410"	"37125.419"	"3d2.(3P).4s"	"2P"	"1/2"	"3d2.(1D).4p"	"2P*"	"1/2"		""	"L4189c12"	
"608.762"	"0.002"	"608.7626"	"0.0007"	"2"	""		"20239.650"	"36666.416"	"3d2.(1G).4s"	"2G"	"7/2"	"3d2.(1D).4p"	"2F*"	"5/2"		""	"L4189c12"	
"609.547"	"0.002"	"609.5485"	"0.0006"	"2"	""		"20719.833"	"37125.419"	"3d2.(3P).4s"	"2P"	"3/2"	"3d2.(1D).4p"	"2P*"	"1/2"		""	"L4189c12"	
"609.758"	"0.002"	"609.7574"	"0.0005"	"3"	""		"17307.069"	"33707.034"	"3d2.(3P).4s"	"4P"	"5/2"	"3d2.(3F).4p"	"2D*"	"5/2"		""	"L4189c12"	
"611.015"	"0.002"	"611.0159"	"0.0005"	"3"	""		"20719.833"	"37086.020"	"3d2.(3P).4s"	"2P"	"3/2"	"3d2.(1D).4p"	"2P*"	"3/2"		""	"L4189c12"	
"611.251"	"0.002"	"611.2547"	"0.0005"	"3"	""		"17255.076"	"33614.869"	"3d2.(3P).4s"	"4P"	"3/2"	"3d2.(3F).4p"	"2D*"	"3/2"		""	"L4189c12"	
"611.445"	"0.002"	""	""	"4"	""		""	""	""	""	""	""	""	""		""	"L4189c12"	
"612.758"	"0.002"	"612.7554"	"0.0005"	"4"	""		"20719.833"	"37039.559"	"3d2.(3P).4s"	"2P"	"3/2"	"3d2.(1D).4p"	"2D*"	"5/2"		""	"L4189c12"	
"614.790"	"0.002"	"614.7938"	"0.0005"	"6"	"4.2e+06"	C+	"17012.753"	"33278.370"	"3d2.(1D).4s"	"2D"	"5/2"	"3d2.(3F).4p"	"2F*"	"7/2"		"T5448"	"L4189c12"	
"615.289"	"0.002"	"615.2904"	"0.0005"	"3"	""		"20681.410"	"36933.899"	"3d2.(3P).4s"	"2P"	"1/2"	"3d2.(1D).4p"	"2D*"	"3/2"		""	"L4189c12"	
"617.995"	"0.002"	"617.9930"	"0.0006"	"1"	""		"33798.633"	"49980.047"	"3d3"	"4F"	"5/2"	""	"*"	"3/2 or 5/2"		""	"L4189c12"	
"619.53918"	"0.00031"	"619.5393"	"0.0003"	"6g*"	""		"17012.753"	"33153.779"	"3d2.(1D).4s"	"2D"	"5/2"	"3d2.(3F).4p"	"2F*"	"5/2"		""	"L19272,L4189c12"	
"619.53918"	"0.00031"	"619.54026"	"0.00012"	"6g*"	"2.24e+04"	D	"0.0000"	"16141.0012"	"3d.4s2"	"2D"	"3/2"	"3d.4s.(3D).4p"	"4D*"	"5/2"		"T9506"	"L19272,L4189c12"	
"620.015"	"0.002"	"620.0146"	"0.0005"	"6"	"3.5e+06"	B	"17025.127"	"33153.779"	"3d2.(1D).4s"	"2D"	"3/2"	"3d2.(3F).4p"	"2F*"	"5/2"		"T5448"	"L4189c12"	
"621.23820"	"0.00032"	"621.23827"	"0.00012"	"7g"	"1.58e+06"	B+	"0.0000"	"16096.8834"	"3d.4s2"	"2D"	"3/2"	"3d.4s.(1D).4p"	"2D*"	"3/2"		"T9506"	"L19272,L4189c12"	
"623.34537"	"0.00032"	"623.34514"	"0.00012"	"3g"	"3.55e+02"	C	"168.3371"	"16210.8140"	"3d.4s2"	"2D"	"5/2"	"3d.4s.(3D).4p"	"4D*"	"7/2"		"T9506"	"L19272,L4189c12"	
"624.11355"	"0.00032"	"624.11368"	"0.00012"	"6g"	"1.78e+05"	B	"0.0000"	"16022.7219"	"3d.4s2"	"2D"	"3/2"	"3d.4s.(1D).4p"	"2D*"	"5/2"		"T9506"	"L19272,L4189c12"	
"624.15051"	"0.00032"	"624.15042"	"0.00012"	"6g"	"8.50e+05"	B+	"0.0000"	"16021.7788"	"3d.4s2"	"2D"	"3/2"	"3d.4s.(3D).4p"	"4D*"	"3/2"		"T9506"	"L19272,L4189c12"	
"624.61885"	"0.00032"	"624.61964"	"0.00012"	"2g"	"7.8e+02"	C	"0.0000"	"16009.7432"	"3d.4s2"	"2D"	"3/2"	"3d.4s.(3D).4p"	"4D*"	"1/2"		"T9506"	"L19272,L4189c12"	
"625.169"	"0.002"	"625.1643"	"0.0006"	"6"	"1.32e+07"	B	"18571.386"	"34567.180"	"3d.4s.(3D).4p"	"4P*"	"5/2"	"3d.4s.(3D).5s"	"4D"	"7/2"		"T5448"	"L4189c12"	
"626.06969"	"0.00032"	"626.06964"	"0.00012"	"7g"	"4.53e+05"	B+	"168.3371"	"16141.0012"	"3d.4s2"	"2D"	"5/2"	"3d.4s.(3D).4p"	"4D*"	"5/2"		"T9506"	"L19272,L4189c12"	
"626.225"	"0.002"	"626.2270"	"0.0007"	"2"	""		"21085.829"	"37054.479"	"3d.4s.(1D).4p"	"2F*"	"7/2"	"3d3"	"2G"	"9/2"		""	"L4189c12"	
"626.395"	"0.002"	"626.3967"	"0.0004"	"5"	"8.4e+06"	B	"18515.665"	"34479.990"	"3d.4s.(3D).4p"	"4P*"	"3/2"	"3d.4s.(3D).5s"	"4D"	"5/2"		"T5448"	"L4189c12"	
"627.165"	"0.002"	"627.1653"	"0.0007"	"1"	""		"21032.732"	"36977.491"	"3d.4s.(1D).4p"	"2F*"	"5/2"	"3d3"	"2G"	"7/2"		""	"L4189c12"	
"627.488"	"0.002"	"627.4878"	"0.0007"	"4"	""		"24866.172"	"40802.738"	"3d.4s.(3D).4p"	"2D*"	"3/2"	"3d3"	"2F"	"5/2"		""	"L4189c12"	
"627.80376"	"0.00032"	"627.80368"	"0.00012"	"6g"	"1.01e+05"	B+	"168.3371"	"16096.8834"	"3d.4s2"	"2D"	"5/2"	"3d.4s.(1D).4p"	"2D*"	"3/2"		"T9506"	"L19272,L4189c12"	
"628.148"	"0.016"	"628.1314"	"0.0006"	"5"	""		"29096.178"	"45016.415"	"3d2.(3F).4p"	"4G*"	"7/2"	"3d.(2D).4p2.(3P)"	"4F"	"7/2"		""	"L4189c12"	
"628.187"	"0.002"	"628.1835"	"0.0007"	"5*"	""		"29022.864"	"44941.779"	"3d2.(3F).4p"	"4G*"	"5/2"	"3d.(2D).4p2.(3P)"	"2F"	"7/2"		""	"L4189c12"	
"628.187"	"0.002"	"628.1892"	"0.0005"	"5*"	"4.0e+06"	B+	"18504.058"	"34422.829"	"3d.4s.(3D).4p"	"4P*"	"1/2"	"3d.4s.(3D).5s"	"4D"	"3/2"		"T5448"	"L4189c12"	
"628.590"	"0.002"	"628.5907"	"0.0005"	"5"	"3.9e+06"	B+	"18571.386"	"34479.990"	"3d.4s.(3D).4p"	"4P*"	"5/2"	"3d.4s.(3D).5s"	"4D"	"5/2"		"T5448"	"L4189c12"	
"628.647"	"0.002"	"628.6476"	"0.0004"	"5"	"7.1e+06"	B	"18515.665"	"34422.829"	"3d.4s.(3D).4p"	"4P*"	"3/2"	"3d.4s.(3D).5s"	"4D"	"3/2"		"T5448"	"L4189c12"	
"628.981"	"0.002"	"628.9821"	"0.0005"	"1"	""		"17255.076"	"33153.779"	"3d2.(3P).4s"	"4P"	"3/2"	"3d2.(3F).4p"	"2F*"	"5/2"		""	"L4189c12"	
"629.476"	"0.002"	"629.4774"	"0.0006"	"5"	"1.04e+07"	B	"18504.058"	"34390.253"	"3d.4s.(3D).4p"	"4P*"	"1/2"	"3d.4s.(3D).5s"	"4D"	"1/2"		"T5448"	"L4189c12"	
"629.938"	"0.002"	"629.9376"	"0.0005"	"4"	""		"18515.665"	"34390.253"	"3d.4s.(3D).4p"	"4P*"	"3/2"	"3d.4s.(3D).5s"	"4D"	"1/2"		""	"L4189c12"	
"630.74043"	"0.00033"	"630.74034"	"0.00012"	"7g"	"1.93e+06"	B+	"168.3371"	"16022.7219"	"3d.4s2"	"2D"	"5/2"	"3d.4s.(1D).4p"	"2D*"	"5/2"		"T9506"	"L19272,L4189c12"	
"630.77745"	"0.00033"	"630.77786"	"0.00012"	"6g"	"1.15e+05"	B+	"168.3371"	"16021.7788"	"3d.4s2"	"2D"	"5/2"	"3d.4s.(3D).4p"	"4D*"	"3/2"		"T9506"	"L19272,L4189c12"	
"630.858"	"0.002"	"630.8574"	"0.0005"	"4"	""		"18571.386"	"34422.829"	"3d.4s.(3D).4p"	"4P*"	"5/2"	"3d.4s.(3D).5s"	"4D"	"3/2"		""	"L4189c12"	
"631.162"	"0.016"	"631.1766"	"0.0007"	"5"	""		"26936.971"	"42780.397"	"3d2.(1S).4s"	"2S"	"1/2"	"3d.4s.(1D).5p"	"2P*"	"3/2"		""	"L4189c12"	
"631.850"	"0.002"	"631.8487"	"0.0007"	"1"	""		"29189.842"	"45016.415"	"3d2.(3F).4p"	"4G*"	"9/2"	"3d.(2D).4p2.(3P)"	"4F"	"7/2"		""	"L4189c12"	
"632.025"	"0.002"	"632.0238"	"0.0011"	"2"	""		"29303.485"	"45125.673"	"3d2.(3F).4p"	"4G*"	"11/2"	"3d.(2D).4p2.(3P)"	"4F"	"9/2"		""	"L4189c12"	
"632.379"	"0.002"	"632.3774"	"0.0005"	"1"	""		"29096.178"	"44909.520"	"3d2.(3F).4p"	"4G*"	"7/2"	"3d.(2D).4p2.(3P)"	"4F"	"5/2"		""	"L4189c12"	
"632.449"	"0.002"	"632.4485"	"0.0007"	"4"	""		"25014.190"	"40825.755"	"3d.4s.(3D).4p"	"2D*"	"5/2"	"3d3"	"2F"	"7/2"		""	"L4189c12"	
"632.896"	"0.002"	"632.8985"	"0.0007"	"4"	""		"29022.864"	"44823.187"	"3d2.(3F).4p"	"4G*"	"5/2"	"3d.(2D).4p2.(3P)"	"4F"	"3/2"		""	"L4189c12"	
"633.371"	"0.002"	"633.3705"	"0.0007"	"1"	""		"25014.190"	"40802.738"	"3d.4s.(3D).4p"	"2D*"	"5/2"	"3d3"	"2F"	"5/2"		""	"L4189c12"	
"634.65751"	"0.00033"	"634.65752"	"0.00010"	"5g"	"9.9e+03"	C	"0.0000"	"15756.5295"	"3d.4s2"	"2D"	"3/2"	"3d.4s.(3D).4p"	"4F*"	"5/2"		"T9506"	"L19272,L4189c12"	
"636.40149"	"0.00033"	"636.40068"	"0.00010"	"4g"	"8.9e+02"	C	"168.3371"	"15881.7082"	"3d.4s2"	"2D"	"5/2"	"3d.4s.(3D).4p"	"4F*"	"7/2"		"T9506"	"L19272,L4189c12"	
"636.464"	"0.002"	"636.4643"	"0.0006"	"2"	""		"18711.029"	"34422.829"	"4s2.4p"	"2P*"	"1/2"	"3d.4s.(3D).5s"	"4D"	"3/2"		""	"L4189c12"	
"637.786"	"0.002"	"637.7867"	"0.0007"	"1"	""		"18711.029"	"34390.253"	"4s2.4p"	"2P*"	"1/2"	"3d.4s.(3D).5s"	"4D"	"1/2"		""	"L4189c12"	
"637.860"	"0.002"	"637.8600"	"0.0009"	"2"	""		"24656.866"	"40334.288"	"3d.4s.(1D).4p"	"2P*"	"3/2"	"3d.4s.(3D).4d"	"2D"	"5/2"		""	"L4189c12"	
"638.05795"	"0.00033"	"638.05787"	"0.00010"	"6g"	"1.10e+05"	C	"0.0000"	"15672.5595"	"3d.4s2"	"2D"	"3/2"	"3d.4s.(3D).4p"	"4F*"	"3/2"		"T9506"	"L19272,L4189c12"	
"640.031"	"0.002"	"640.0305"	"0.0004"	"3"	""		"18855.734"	"34479.990"	"4s2.4p"	"2P*"	"3/2"	"3d.4s.(3D).5s"	"4D"	"5/2"		""	"L4189c12"	
"640.992"	"0.002"	"640.9926"	"0.0009"	"1"	""		"24656.712"	"40257.516"	"3d.4s.(1D).4p"	"2P*"	"1/2"	"3d.4s.(3D).4d"	"2D"	"3/2"		""	"L4189c12"	
"641.51121"	"0.00034"	"641.51120"	"0.00010"	"6g"	"6.9e+04"	C	"168.3371"	"15756.5295"	"3d.4s2"	"2D"	"5/2"	"3d.4s.(3D).4p"	"4F*"	"5/2"		"T9506"	"L19272,L4189c12"	
"642.381"	"0.002"	"642.3806"	"0.0004"	"1"	""		"18855.734"	"34422.829"	"4s2.4p"	"2P*"	"3/2"	"3d.4s.(3D).5s"	"4D"	"3/2"		""	"L4189c12"	
"642.416"	"0.002"	""	""	"3"	""		""	""	""	""	""	""	""	""		""	"L4189c12"	
"643.574"	"0.002"	""	""	"4"	""		""	""	""	""	""	""	""	""		""	"L4189c12"	
"643.596"	"0.002"	""	""	"4"	""		""	""	""	""	""	""	""	""		""	"L4189c12"	
"643.950"	"0.002"	""	""	"3"	""		""	""	""	""	""	""	""	""		""	"L4189c12"	
"644.012"	"0.002"	""	""	"4"	""		""	""	""	""	""	""	""	""		""	"L4189c12"	
"644.435"	"0.002"	""	""	"4"	""		""	""	""	""	""	""	""	""		""	"L4189c12"	
"644.850"	"0.002"	""	""	"3"	""		""	""	""	""	""	""	""	""		""	"L4189c12"	
"644.98591"	"0.00034"	"644.98559"	"0.00012"	"5g"	"1.07e+04"	C	"168.3371"	"15672.5595"	"3d.4s2"	"2D"	"5/2"	"3d.4s.(3D).4p"	"4F*"	"3/2"		"T9506"	"L19272,L4189c12"	
"645.264"	"0.002"	""	""	"1"	""		""	""	""	""	""	""	""	""		""	"L4189c12"	
"645.371"	"0.002"	""	""	"1"	""		""	""	""	""	""	""	""	""		""	"L4189c12"	
"646.331"	"0.002"	""	""	"3"	""		""	""	""	""	""	""	""	""		""	"L4189c12"	
"646.490"	"0.002"	"646.4911"	"0.0010"	"2"	""		"24866.172"	"40334.288"	"3d.4s.(3D).4p"	"2D*"	"3/2"	"3d.4s.(3D).4d"	"2D"	"5/2"		""	"L4189c12"	
"648.677"	"0.002"	"648.6772"	"0.0007"	"3"	""		"24866.172"	"40282.159"	"3d.4s.(3D).4p"	"2D*"	"3/2"	"3d.4s.(3D).4d"	"4S"	"3/2"		""	"L4189c12"	
"649.068"	"0.017"	"649.0552"	"0.0007"	"2"	""		"24656.866"	"40063.875"	"3d.4s.(1D).4p"	"2P*"	"3/2"	"3d.4s.(3D).4d"	"2P"	"3/2"		""	"L4189c12"	
"649.109"	"0.002"	""	""	"1"	""		""	""	""	""	""	""	""	""		""	"L4189c12"	
"649.715"	"0.002"	"649.7158"	"0.0009"	"9"	""		"24866.172"	"40257.516"	"3d.4s.(3D).4p"	"2D*"	"3/2"	"3d.4s.(3D).4d"	"2D"	"3/2"		""	"L4189c12"	
"652.735"	"0.002"	"652.7373"	"0.0010"	"40"	""		"25014.190"	"40334.288"	"3d.4s.(3D).4p"	"2D*"	"5/2"	"3d.4s.(3D).4d"	"2D"	"5/2"		""	"L4189c12"	
"654.969"	"0.002"	"654.9660"	"0.0008"	"4"	""		"25014.190"	"40282.159"	"3d.4s.(3D).4p"	"2D*"	"5/2"	"3d.4s.(3D).4d"	"4S"	"3/2"		""	"L4189c12"	
"655.965"	"0.002"	"655.9653"	"0.0006"	"35"	""		"21085.829"	"36330.537"	"3d.4s.(1D).4p"	"2F*"	"7/2"	"3d3"	"2D2"	"5/2"		""	"L4189c12"	
"656.001"	"0.002"	"656.0012"	"0.0006"	"30*"	""		"21032.732"	"36276.607"	"3d.4s.(1D).4p"	"2F*"	"5/2"	"3d3"	"2D2"	"3/2"		""	"L4189c12"	
"656.001"	"0.002"	"656.0025"	"0.0010"	"30*"	""		"31215.780"	"46459.624"	"3d2.(3F).4p"	"4F*"	"5/2"	""	"2F"	"7/2"		""	"L4189c12"	
"656.023"	"0.002"	"656.0248"	"0.0009"	"1"	""		"25014.190"	"40257.516"	"3d.4s.(3D).4p"	"2D*"	"5/2"	"3d.4s.(3D).4d"	"2D"	"3/2"		""	"L4189c12"	
"657.111"	"0.002"	"657.1118"	"0.0007"	"7"	""		"25584.627"	"40802.738"	"3d.4s.(3D).4p"	"2F*"	"5/2"	"3d3"	"2F"	"5/2"		""	"L4189c12"	
"657.717"	"0.002"	"657.7166"	"0.0010"	"7"	""		"24866.172"	"40070.288"	"3d.4s.(3D).4p"	"2D*"	"3/2"	"3d.4s.(3D).4d"	"2P"	"1/2"		""	"L4189c12"	
"657.992"	"0.002"	"657.9942"	"0.0007"	"10"	""		"24866.172"	"40063.875"	"3d.4s.(3D).4p"	"2D*"	"3/2"	"3d.4s.(3D).4d"	"2P"	"3/2"		""	"L4189c12"	
"660.198"	"0.002"	""	""	"1"	""		""	""	""	""	""	""	""	""		""	"L4189c12"	
"662.204"	"0.002"	"662.2035"	"0.0008"	"21"	""		"25724.658"	"40825.755"	"3d.4s.(3D).4p"	"2F*"	"7/2"	"3d3"	"2F"	"7/2"		""	"L4189c12"	
"664.466"	"0.002"	"664.4657"	"0.0007"	"8"	""		"25014.190"	"40063.875"	"3d.4s.(3D).4p"	"2D*"	"5/2"	"3d.4s.(3D).4d"	"2P"	"3/2"		""	"L4189c12"	
"670.794"	"0.002"	"670.7924"	"0.0012"	"7"	""		"32696.808"	"47604.55"	"3d2.(3F).4p"	"4D*"	"5/2"	""	"4P"	"5/2"		""	"L4189c12"	
"670.936"	"0.002"	"670.9349"	"0.0007"	"4"	""		"36330.537"	"51235.113"	"3d3"	"2D2"	"5/2"	""	"*"	"3/2 or 5/2"		""	"L4189c12"	
"671.610"	"0.002"	""	""	"2"	""		""	""	""	""	""	""	""	""		""	"L4189c12"	
"671.646"	"0.002"	"671.6453"	"0.0008"	"40"	""		"24866.172"	"39754.983"	"3d.4s.(3D).4p"	"2D*"	"3/2"	"3d.4s.(3D).4d"	"4D"	"5/2"		""	"L4189c12"	
"671.953"	"0.002"	""	""	"32"	""		""	""	""	""	""	""	""	""		""	"L4189c12"	
"672.206"	"0.002"	"672.2017"	"0.0011"	"6"	""		"32659.285"	"47535.772"	"3d2.(3F).4p"	"4D*"	"3/2"	""	"4P"	"3/2"		""	"L4189c12"	
"673.262"	"0.002"	"673.2612"	"0.0012"	"18"	""		"32751.474"	"47604.55"	"3d2.(3F).4p"	"4D*"	"7/2"	""	"4P"	"5/2"		""	"L4189c12"	
"673.341"	"0.002"	"673.3381"	"0.0017"	"7"	""		"32637.409"	"47488.79"	"3d2.(3F).4p"	"4D*"	"1/2"	""	"4P"	"1/2"		""	"L4189c12"	
"673.905"	"0.002"	"673.9015"	"0.0011"	"11"	""		"32696.808"	"47535.772"	"3d2.(3F).4p"	"4D*"	"5/2"	""	"4P"	"3/2"		""	"L4189c12"	
"673.974"	"0.002"	"673.9732"	"0.0008"	"465"	""		"25724.658"	"40562.044"	"3d.4s.(3D).4p"	"2F*"	"7/2"	"3d.4s.(3D).4d"	"2G"	"9/2"		""	"L4189c12"	
"674.131"	"0.002"	"674.1311"	"0.0008"	"360"	""		"25584.627"	"40418.538"	"3d.4s.(3D).4p"	"2F*"	"5/2"	"3d.4s.(3D).4d"	"2G"	"7/2"		""	"L4189c12"	
"675.299"	"0.002"	"675.2977"	"0.0012"	"6"	""		"30706.696"	"45514.98"	"3d.4s.(3D).4p"	"2P*"	"3/2"	"3d.4s.(1D).4d"	"2S"	"1/2"		""	"L4189c12"	
"677.101"	"0.002"	""	""	"5"	""		""	""	""	""	""	""	""	""		""	"L4189c12"	
"677.170"	"0.002"	"677.1662"	"0.0009"	"4*"	""		"31215.780"	"45983.203"	"3d2.(3F).4p"	"4F*"	"5/2"	"3d2.(3F).4d"	"4D"	"5/2"		""	"L4189c12"	
"677.170"	"0.002"	"677.1741"	"0.0010"	"4*"	""		"31275.400"	"46042.651"	"3d2.(3F).4p"	"4F*"	"7/2"	"3d2.(3F).4d"	"4D"	"7/2"		""	"L4189c12"	
"678.818"	"0.002"	"678.8147"	"0.0010"	"1"	""		"31215.780"	"45947.341"	"3d2.(3F).4p"	"4F*"	"5/2"	"3d2.(3F).4d"	"4D"	"3/2"		""	"L4189c12"	
"679.562"	"0.002"	"679.5622"	"0.0012"	"6"	""		"31215.780"	"45931.136"	"3d2.(3F).4p"	"4F*"	"5/2"	"3d.4s.(3D).5d"	"4G"	"7/2"		""	"L4189c12"	
"679.625"	"0.002"	"679.6275"	"0.0010"	"1"	""		"31172.621"	"45886.564"	"3d2.(3F).4p"	"4F*"	"3/2"	"3d.4s.(3D).5d"	"4G"	"5/2"		""	"L4189c12"	
"679.648"	"0.002"	"679.6474"	"0.0012"	"5"	""		"31275.400"	"45988.912"	"3d2.(3F).4p"	"4F*"	"7/2"	"3d.4s.(3D).5d"	"4G"	"9/2"		""	"L4189c12"	
"679.674"	"0.002"	"679.6755"	"0.0006"	"8"	""		"21032.732"	"35745.635"	"3d.4s.(1D).4p"	"2F*"	"5/2"	"3d.4s.(3D).5s"	"2D"	"5/2"		""	"L4189c12"	
"679.684"	"0.002"	"679.6855"	"0.0007"	"2"	""		"36276.607"	"50989.295"	"3d3"	"2D2"	"3/2"	""	"*"	"3/2 or 5/2"		""	"L4189c12"	
"679.914"	"0.002"	"679.9112"	"0.0009"	"7"	""		"31275.400"	"45983.203"	"3d2.(3F).4p"	"4F*"	"7/2"	"3d2.(3F).4d"	"4D"	"5/2"		""	"L4189c12"	
"680.150"	"0.002"	"680.1462"	"0.0014"	"10"	""		"31350.789"	"46053.51"	"3d2.(3F).4p"	"4F*"	"9/2"	"3d.4s.(3D).5d"	"4G"	"11/2"		""	"L4189c12"	
"680.556"	"0.002"	"680.5554"	"0.0008"	"14"	""		"25724.658"	"40418.538"	"3d.4s.(3D).4p"	"2F*"	"7/2"	"3d.4s.(3D).4d"	"2G"	"7/2"		""	"L4189c12"	
"680.649"	"0.002"	"680.6489"	"0.0011"	"17"	""		"31350.789"	"46042.651"	"3d2.(3F).4p"	"4F*"	"9/2"	"3d2.(3F).4d"	"4D"	"7/2"		""	"L4189c12"	
"681.899"	"0.002"	"681.8999"	"0.0013"	"345"	""		"20681.410"	"35346.32"	"3d2.(3P).4s"	"2P"	"1/2"	"3d2.(3P).4p"	"2S*"	"1/2"		""	"L4189c12"	
"682.137"	"0.002"	"682.1373"	"0.0006"	"485"	""		"21085.829"	"35745.635"	"3d.4s.(1D).4p"	"2F*"	"7/2"	"3d.4s.(3D).5s"	"2D"	"5/2"		""	"L4189c12"	
"683.139"	"0.002"	"683.1394"	"0.0006"	"335"	""		"21032.732"	"35671.033"	"3d.4s.(1D).4p"	"2F*"	"5/2"	"3d.4s.(3D).5s"	"2D"	"3/2"		""	"L4189c12"	
"683.691"	"0.002"	"683.6912"	"0.0013"	"640"	""		"20719.833"	"35346.32"	"3d2.(3P).4s"	"2P"	"3/2"	"3d2.(3P).4p"	"2S*"	"1/2"		""	"L4189c12"	
"687.615"	"0.002"	"687.6089"	"0.0013"	"13"	""		"31172.621"	"45715.771"	"3d2.(3F).4p"	"4F*"	"3/2"	"3d2.(3F).4d"	"4G"	"5/2"		""	"L4189c12"	
"687.927"	"0.002"	"687.9240"	"0.0011"	"18"	""		"31215.780"	"45752.269"	"3d2.(3F).4p"	"4F*"	"5/2"	"3d2.(3F).4d"	"4G"	"7/2"		""	"L4189c12"	
"688.292"	"0.002"	"688.2910"	"0.0011"	"26"	""		"31275.400"	"45804.138"	"3d2.(3F).4p"	"4F*"	"7/2"	"3d2.(3F).4d"	"4G"	"9/2"		""	"L4189c12"	
"688.700"	"0.002"	"688.7019"	"0.0014"	"27"	""		"31350.789"	"45870.86"	"3d2.(3F).4p"	"4F*"	"9/2"	"3d2.(3F).4d"	"4G"	"11/2"		""	"L4189c12"	
"691.647"	"0.002"	"691.6465"	"0.0014"	"1"	""		"33055.957"	"47514.21"	"3d2.(3F).4p"	"2G*"	"7/2"	""	"2G"	"7/2"		""	"L4189c12"	
"692.591"	"0.002"	"692.5911"	"0.0012"	"6"	""		"33151.185"	"47589.719"	"3d2.(3F).4p"	"2G*"	"9/2"	""	"2G"	"9/2"		""	"L4189c12"	
"694.928"	"0.002"	"694.9271"	"0.0010"	"1"	""		"31215.780"	"45605.779"	"3d2.(3F).4p"	"4F*"	"5/2"	"3d.(2D).4p2.(3P)"	"4D"	"3/2"		""	"L4189c12"	
"695.104"	"0.002"	"695.1028"	"0.0010"	"4"	""		"31350.789"	"45737.150"	"3d2.(3F).4p"	"4F*"	"9/2"	"3d.(2D).4p2.(3P)"	"4D"	"7/2"		""	"L4189c12"	
"695.236"	"0.002"	"695.2325"	"0.0009"	"6"	""		"31275.400"	"45659.077"	"3d2.(3F).4p"	"4F*"	"7/2"	"3d.(2D).4p2.(3P)"	"4D"	"5/2"		""	"L4189c12"	
"696.358"	"0.002"	"696.3579"	"0.0014"	"11"	""		"33153.779"	"47514.21"	"3d2.(3F).4p"	"2F*"	"5/2"	""	"2G"	"7/2"		""	"L4189c12"	
"698.748"	"0.002"	"698.7461"	"0.0012"	"8"	""		"33278.370"	"47589.719"	"3d2.(3F).4p"	"2F*"	"7/2"	""	"2G"	"9/2"		""	"L4189c12"	
"701.213"	"0.002"	""	""	"6"	""		""	""	""	""	""	""	""	""		""	"L4189c12"	
"705.71137"	"0.00041"	"705.7105"	"0.0003"	""	"7.15e+03"	C+	"14926.061"	"29096.178"	"3d2.(3F).4s"	"2F"	"5/2"	"3d2.(3F).4p"	"4G*"	"7/2"		"T9506"	"L19272"	
"705.866"	"0.002"	"705.8656"	"0.0004"	"1"	""		"11557.6556"	"25724.658"	"3d2.(3F).4s"	"4F"	"5/2"	"3d.4s.(3D).4p"	"2F*"	"7/2"		""	"L4189c12"	
"707.570"	"0.003"	""	""	"1"	""		""	""	""	""	""	""	""	""		""	"L4189c12"	
"707.660"	"0.003"	""	""	"1"	""		""	""	""	""	""	""	""	""		""	"L4189c12"	
"708.496"	"0.003"	"708.4952"	"0.0004"	"1"	""		"11610.2357"	"25724.658"	"3d2.(3F).4s"	"4F"	"7/2"	"3d.4s.(3D).4p"	"2F*"	"7/2"		""	"L4189c12"	
"709.969"	"0.003"	""	""	"9"	""		""	""	""	""	""	""	""	""		""	"L4189c12"	
"710.487"	"0.003"	"710.4880"	"0.0008"	"5"	""		"34390.253"	"48465.087"	"3d.4s.(3D).5s"	"4D"	"1/2"	""	"*"	"3/2"		""	"L4189c12"	
"711.003"	"0.003"	"711.0016"	"0.0005"	"1"	""		"11519.9611"	"25584.627"	"3d2.(3F).4s"	"4F"	"3/2"	"3d.4s.(3D).4p"	"2F*"	"5/2"		""	"L4189c12"	
"712.912"	"0.003"	"712.9123"	"0.0005"	"4"	""		"11557.6556"	"25584.627"	"3d2.(3F).4s"	"4F"	"5/2"	"3d.4s.(3D).4p"	"2F*"	"5/2"		""	"L4189c12"	
"712.972"	"0.003"	"712.9608"	"0.0009"	"2i"	""		"37148.196"	"51174.213"	"3d3"	"2P"	"3/2"	""	"*"	"3/2"		""	"L4189c12,c153"	
"714.007"	"0.003"	"714.0075"	"0.0008"	"19"	""		"24866.172"	"38871.628"	"3d.4s.(3D).4p"	"2D*"	"3/2"	"3d.4s.(3D).4d"	"2F"	"5/2"		""	"L4189c12"	
"717.107"	"0.003"	"717.1059"	"0.0009"	"27"	""		"25014.190"	"38959.131"	"3d.4s.(3D).4p"	"2D*"	"5/2"	"3d.4s.(3D).4d"	"2F"	"7/2"		""	"L4189c12"	
"720.030"	"0.003"	"720.0327"	"0.0010"	"2"	""		"30706.696"	"44594.955"	"3d.4s.(3D).4p"	"2P*"	"3/2"	"3d.(2D).4p2.(3P)"	"2P"	"3/2"		""	"L4189c12"	
"721.140"	"0.003"	""	""	"3"	""		""	""	""	""	""	""	""	""		""	"L4189c12"	
"721.814"	"0.003"	""	""	"1"	""		""	""	""	""	""	""	""	""		""	"L4189c12"	
"721.829"	"0.003"	""	""	"1"	""		""	""	""	""	""	""	""	""		""	"L4189c12"	
"722.630"	"0.003"	""	""	"1"	""		""	""	""	""	""	""	""	""		""	"L4189c12"	
"724.603"	"0.003"	"724.6043"	"0.0010"	"1"	""		"31215.780"	"45016.415"	"3d2.(3F).4p"	"4F*"	"5/2"	"3d.(2D).4p2.(3P)"	"4F"	"7/2"		""	"L4189c12"	
"724.681"	"0.003"	""	""	"2"	""		""	""	""	""	""	""	""	""		""	"L4189c12"	
"725.367"	"0.003"	"725.3574"	"0.0009"	"2i"	""		"37855.603"	"51641.910"	"3d.4s.(1D).5s"	"2D"	"5/2"	""	"*"	"3/2 or 5/2"		""	"L4189c12,c153"	
"725.958"	"0.003"	"725.9589"	"0.0014"	"14"	""		"31350.789"	"45125.673"	"3d2.(3F).4p"	"4F*"	"9/2"	"3d.(2D).4p2.(3P)"	"4F"	"9/2"		""	"L4189c12"	
"726.703"	"0.003"	"726.7035"	"0.0012"	"1"	""		"33614.869"	"47375.639"	"3d2.(3F).4p"	"2D*"	"3/2"	""	"2D"	"3/2"		""	"L4189c12"	
"726.703"	"0.003"	"726.7036"	"0.0009"	"1"	""		"33153.779"	"46914.547"	"3d2.(3F).4p"	"2F*"	"5/2"	""	"2D"	"3/2"		""	"L4189c12"	
"727.750"	"0.003"	"727.7483"	"0.0011"	"7"	""		"31275.400"	"45016.415"	"3d2.(3F).4p"	"4F*"	"7/2"	"3d.(2D).4p2.(3P)"	"4F"	"7/2"		""	"L4189c12"	
"727.963"	"0.003"	"727.9663"	"0.0010"	"1"	""		"31172.621"	"44909.520"	"3d2.(3F).4p"	"4F*"	"3/2"	"3d.(2D).4p2.(3P)"	"4F"	"5/2"		""	"L4189c12"	
"728.945"	"0.003"	"728.9465"	"0.0011"	"2"	""		"33707.034"	"47425.462"	"3d2.(3F).4p"	"2D*"	"5/2"	""	"2D"	"5/2"		""	"L4189c12"	
"730.262"	"0.003"	"730.2607"	"0.0009"	"4"	""		"31215.780"	"44909.520"	"3d2.(3F).4p"	"4F*"	"5/2"	"3d.(2D).4p2.(3P)"	"4F"	"5/2"		""	"L4189c12"	
"732.224"	"0.003"	"732.2227"	"0.0009"	"1"	""		"26936.971"	"40594.018"	"3d2.(1S).4s"	"2S"	"1/2"	"3d.4s.(3D).5p"	"2P*"	"3/2"		""	"L4189c12"	
"732.574"	"0.003"	"732.5704"	"0.0012"	"7"	""		"31172.621"	"44823.187"	"3d2.(3F).4p"	"4F*"	"3/2"	"3d.(2D).4p2.(3P)"	"4F"	"3/2"		""	"L4189c12"	
"733.451"	"0.003"	"733.4540"	"0.0010"	"1"	""		"31275.400"	"44909.520"	"3d2.(3F).4p"	"4F*"	"7/2"	"3d.(2D).4p2.(3P)"	"4F"	"5/2"		""	"L4189c12"	
"734.056"	"0.003"	"734.0648"	"0.0011"	"1"	""		"31215.780"	"44838.556"	"3d2.(3F).4p"	"4F*"	"5/2"	"3d.(2D).4p2.(3P)"	"2F"	"5/2"		""	"L4189c12"	
"735.984"	"0.003"	""	""	"1"	""		""	""	""	""	""	""	""	""		""	"L4189c12"	
"736.622"	"0.003"	""	""	"1"	""		""	""	""	""	""	""	""	""		""	"L4189c12"	
"738.117"	"0.003"	"738.1144"	"0.0008"	"1"	""		"17025.127"	"30573.163"	"3d2.(1D).4s"	"2D"	"3/2"	"3d.4s.(3D).4p"	"2P*"	"1/2"		""	"L4189c12"	
"745.518"	"0.003"	""	""	"3"	""		""	""	""	""	""	""	""	""		""	"L4189c12"	
"746.048"	"0.003"	"746.0485"	"0.0006"	"3"	""		"11610.2357"	"25014.190"	"3d2.(3F).4s"	"4F"	"7/2"	"3d.4s.(3D).4p"	"2D*"	"5/2"		""	"L4189c12"	
"746.591"	"0.003"	"746.5940"	"0.0007"	"2"	""		"21085.829"	"34479.990"	"3d.4s.(1D).4p"	"2F*"	"7/2"	"3d.4s.(3D).5s"	"4D"	"5/2"		""	"L4189c12"	
"747.691"	"0.003"	"747.6913"	"0.0009"	"3"	""		"25584.627"	"38959.131"	"3d.4s.(3D).4p"	"2F*"	"5/2"	"3d.4s.(3D).4d"	"2F"	"7/2"		""	"L4189c12"	
"749.781"	"0.003"	""	""	"1"	""		""	""	""	""	""	""	""	""		""	"L4189c12"	
"750.533"	"0.003"	"750.5300"	"0.0010"	"2"	""		"32659.285"	"45983.203"	"3d2.(3F).4p"	"4D*"	"3/2"	"3d2.(3F).4d"	"4D"	"5/2"		""	"L4189c12"	
"750.597"	"0.003"	"750.5898"	"0.0011"	"2"	""		"33055.957"	"46378.813"	"3d2.(3F).4p"	"2G*"	"7/2"	""	"2F"	"5/2"		""	"L4189c12"	
"751.321"	"0.003"	"751.3186"	"0.0014"	"2"	""		"32637.409"	"45947.341"	"3d2.(3F).4p"	"4D*"	"1/2"	"3d2.(3F).4d"	"4D"	"3/2"		""	"L4189c12"	
"751.398"	"0.003"	"751.3986"	"0.0006"	"3*"	""		"11557.6556"	"24866.172"	"3d2.(3F).4s"	"4F"	"5/2"	"3d.4s.(3D).4p"	"2D*"	"3/2"		""	"L4189c12"	
"751.398"	"0.003"	"751.4029"	"0.0011"	"3*"	""		"33151.185"	"46459.624"	"3d2.(3F).4p"	"2G*"	"9/2"	""	"2F"	"7/2"		""	"L4189c12"	
"751.897"	"0.003"	"751.8979"	"0.0010"	"2"	""		"33614.869"	"46914.547"	"3d2.(3F).4p"	"2D*"	"3/2"	""	"2D"	"3/2"		""	"L4189c12"	
"752.381"	"0.003"	"752.3788"	"0.0012"	"7"	""		"32751.474"	"46042.651"	"3d2.(3F).4p"	"4D*"	"7/2"	"3d2.(3F).4d"	"4D"	"7/2"		""	"L4189c12"	
"752.611"	"0.003"	"752.6153"	"0.0009"	"8"	""		"25584.627"	"38871.628"	"3d.4s.(3D).4p"	"2F*"	"5/2"	"3d.4s.(3D).4d"	"2F"	"5/2"		""	"L4189c12"	
"752.643"	"0.003"	"752.6496"	"0.0010"	"3"	""		"32696.808"	"45983.203"	"3d2.(3F).4p"	"4D*"	"5/2"	"3d2.(3F).4d"	"4D"	"5/2"		""	"L4189c12"	
"752.872"	"0.003"	"752.8726"	"0.0011"	"1"	""		"33707.034"	"46989.493"	"3d2.(3F).4p"	"2D*"	"5/2"	""	"2D"	"5/2"		""	"L4189c12"	
"753.667"	"0.003"	"753.6639"	"0.0013"	"1"	""		"32659.285"	"45927.799"	"3d2.(3F).4p"	"4D*"	"3/2"	"3d2.(3F).4d"	"4D"	"1/2"		""	"L4189c12"	
"754.688"	"0.003"	"754.6866"	"0.0012"	"2"	""		"32696.808"	"45947.341"	"3d2.(3F).4p"	"4D*"	"5/2"	"3d2.(3F).4d"	"4D"	"3/2"		""	"L4189c12"	
"754.818"	"0.003"	"754.8171"	"0.0013"	"1"	""		"32696.808"	"45945.051"	"3d2.(3F).4p"	"4D*"	"5/2"	"3d.4s.(3D).5d"	"4D"	"5/2"		""	"L4189c12"	
"755.245"	"0.003"	"755.2450"	"0.0012"	"1"	""		"32659.285"	"45900.021"	"3d2.(3F).4p"	"4D*"	"3/2"	"3d.4s.(3D).5d"	"4D"	"3/2"		""	"L4189c12"	
"755.416"	"0.003"	"755.4153"	"0.0018"	"1"	""		"32637.409"	"45875.16"	"3d2.(3F).4p"	"4D*"	"1/2"	"3d.4s.(3D).5d"	"4D"	"1/2"		""	"L4189c12"	
"755.603"	"0.003"	"755.6024"	"0.0009"	"8"	""		"25724.658"	"38959.131"	"3d.4s.(3D).4p"	"2F*"	"7/2"	"3d.4s.(3D).4d"	"2F"	"7/2"		""	"L4189c12"	
"755.760"	"0.003"	"755.7591"	"0.0010"	"2"	""		"32751.474"	"45983.203"	"3d2.(3F).4p"	"4D*"	"7/2"	"3d2.(3F).4d"	"4D"	"5/2"		""	"L4189c12"	
"756.141"	"0.003"	"756.1417"	"0.0011"	"3"	""		"33153.779"	"46378.813"	"3d2.(3F).4p"	"2F*"	"5/2"	""	"2F"	"5/2"		""	"L4189c12"	
"756.555"	"0.003"	""	""	"7"	""		""	""	""	""	""	""	""	""		""	"L4189c12"	
"756.664"	"0.003"	"756.6658"	"0.0017"	"1"	""		"32659.285"	"45875.16"	"3d2.(3F).4p"	"4D*"	"3/2"	"3d.4s.(3D).5d"	"4D"	"1/2"		""	"L4189c12"	
"757.540"	"0.003"	"757.5417"	"0.0014"	"2"	""		"33153.779"	"46354.372"	"3d2.(3F).4p"	"2F*"	"5/2"	"3d.4s.(3D).5d"	"4F"	"5/2"		""	"L4189c12"	
"757.650"	"0.003"	"757.6483"	"0.0008"	"18"	""		"24656.866"	"37855.603"	"3d.4s.(1D).4p"	"2P*"	"3/2"	"3d.4s.(1D).5s"	"2D"	"5/2"		""	"L4189c12"	
"758.444"	"0.003"	""	""	"2"	""		""	""	""	""	""	""	""	""		""	"L4189c12"	
"758.657"	"0.003"	"758.6532"	"0.0012"	"4*"	""		"33278.370"	"46459.624"	"3d2.(3F).4p"	"2F*"	"7/2"	""	"2F"	"7/2"		""	"L4189c12"	
"758.657"	"0.003"	"758.6539"	"0.0018"	"4*"	""		"32696.808"	"45878.05"	"3d2.(3F).4p"	"4D*"	"5/2"	"3d2.(3F).4d"	"4H"	"7/2"		""	"L4189c12"	
"759.843"	"0.003"	""	""	"2"	""		""	""	""	""	""	""	""	""		""	"L4189c12"	
"760.627"	"0.003"	"760.6315"	"0.0009"	"2"	""		"25724.658"	"38871.628"	"3d.4s.(3D).4p"	"2F*"	"7/2"	"3d.4s.(3D).4d"	"2F"	"5/2"		""	"L4189c12"	
"761.954"	"0.003"	"761.9543"	"0.0009"	"9"	""		"24656.712"	"37780.858"	"3d.4s.(1D).4p"	"2P*"	"1/2"	"3d.4s.(1D).5s"	"2D"	"3/2"		""	"L4189c12"	
"762.604"	"0.003"	"762.5930"	"0.0009"	"1i"	""		"37855.603"	"50968.758"	"3d.4s.(1D).5s"	"2D"	"5/2"	""	"*"	"3/2"		""	"L4189c12,c153"	
"762.983"	"0.003"	""	""	"1"	""		""	""	""	""	""	""	""	""		""	"L4189c12"	
"766.467"	"0.003"	""	""	"2"	""		""	""	""	""	""	""	""	""		""	"L4189c12"	
"766.779"	"0.003"	"766.7834"	"0.0008"	"7"	""		"20236.877"	"33278.370"	"3d2.(1G).4s"	"2G"	"9/2"	"3d2.(3F).4p"	"2F*"	"7/2"		""	"L4189c12"	
"766.942"	"0.003"	"766.9464"	"0.0007"	"3"	""		"20239.650"	"33278.370"	"3d2.(1G).4s"	"2G"	"7/2"	"3d2.(3F).4p"	"2F*"	"7/2"		""	"L4189c12"	
"769.754"	"0.003"	""	""	"2"	""		""	""	""	""	""	""	""	""		""	"L4189c12"	
"769.852"	"0.003"	"769.8567"	"0.0008"	"3"	""		"24866.172"	"37855.603"	"3d.4s.(3D).4p"	"2D*"	"3/2"	"3d.4s.(1D).5s"	"2D"	"5/2"		""	"L4189c12"	
"769.988"	"0.003"	"769.9889"	"0.0006"	"45"	""		"20719.833"	"33707.034"	"3d2.(3P).4s"	"2P"	"3/2"	"3d2.(3F).4p"	"2D*"	"5/2"		""	"L4189c12"	
"770.077"	"0.003"	"770.0793"	"0.0011"	"2"	""		"32751.474"	"45737.150"	"3d2.(3F).4p"	"4D*"	"7/2"	"3d.(2D).4p2.(3P)"	"4D"	"7/2"		""	"L4189c12"	
"772.911"	"0.003"	"772.9119"	"0.0008"	"3"	""		"29022.864"	"41960.949"	"3d2.(3F).4p"	"4G*"	"5/2"	"3d2.(3F).5s"	"4F"	"5/2"		""	"L4189c12"	
"773.189"	"0.003"	"773.1884"	"0.0007"	"29"	""		"20681.410"	"33614.869"	"3d2.(3P).4s"	"2P"	"1/2"	"3d2.(3F).4p"	"2D*"	"3/2"		""	"L4189c12"	
"774.029"	"0.003"	"774.0310"	"0.0009"	"3"	""		"29096.178"	"42015.557"	"3d2.(3F).4p"	"4G*"	"7/2"	"3d2.(3F).5s"	"4F"	"7/2"		""	"L4189c12"	
"774.33527"	"0.00049"	"774.3349"	"0.0004"	"24"	"5.43e+06"	B+	"20236.877"	"33151.185"	"3d2.(1G).4s"	"2G"	"9/2"	"3d2.(3F).4p"	"2G*"	"9/2"		"T9506"	"L19272,L4189c12"	
"774.341"	"0.003"	"774.3457"	"0.0006"	"30"	""		"20239.650"	"33153.779"	"3d2.(1G).4s"	"2G"	"7/2"	"3d2.(3F).4p"	"2F*"	"5/2"		""	"L4189c12"	
"774.50087"	"0.00049"	"774.5013"	"0.0004"	"3"	"1.15e+05"	B+	"20239.650"	"33151.185"	"3d2.(1G).4s"	"2G"	"7/2"	"3d2.(3F).4p"	"2G*"	"9/2"		"T9506"	"L19272,L4189c12"	
"775.248"	"0.003"	"775.2515"	"0.0012"	"4"	""		"29022.864"	"41921.904"	"3d2.(3F).4p"	"4G*"	"5/2"	"3d2.(3F).5s"	"4F"	"3/2"		""	"L4189c12"	
"775.494"	"0.003"	"775.4922"	"0.0006"	"3"	""		"20719.833"	"33614.869"	"3d2.(3P).4s"	"2P"	"3/2"	"3d2.(3F).4p"	"2D*"	"3/2"		""	"L4189c12"	
"777.320"	"0.003"	"777.3166"	"0.0009"	"6"	""		"29096.178"	"41960.949"	"3d2.(3F).4p"	"4G*"	"7/2"	"3d2.(3F).5s"	"4F"	"5/2"		""	"L4189c12"	
"778.632"	"0.003"	"778.6361"	"0.0016"	"2"	""		"33798.633"	"46641.603"	"3d3"	"4F"	"5/2"	"3d2.(3F).5p"	"4D*"	"7/2"		""	"L4189c12"	
"778.731"	"0.003"	"778.7305"	"0.0008"	"17"	""		"25014.190"	"37855.603"	"3d.4s.(3D).4p"	"2D*"	"5/2"	"3d.4s.(1D).5s"	"2D"	"5/2"		""	"L4189c12"	
"779.686"	"0.003"	"779.6836"	"0.0010"	"6"	""		"29189.842"	"42015.557"	"3d2.(3F).4p"	"4G*"	"9/2"	"3d2.(3F).5s"	"4F"	"7/2"		""	"L4189c12"	
"780.086"	"0.003"	"780.0872"	"0.0007"	"4"	""		"20236.877"	"33055.957"	"3d2.(1G).4s"	"2G"	"9/2"	"3d2.(3F).4p"	"2G*"	"7/2"		""	"L4189c12"	
"780.257"	"0.003"	"780.2560"	"0.0007"	"28"	"5.1e+06"	D+	"20239.650"	"33055.957"	"3d2.(1G).4s"	"2G"	"7/2"	"3d2.(3F).4p"	"2G*"	"7/2"		"T5448"	"L4189c12"	
"781.321"	"0.003"	""	""	"1"	""		""	""	""	""	""	""	""	""		""	"L4189c12"	
"782.371"	"0.003"	"782.3718"	"0.0015"	"7"	""		"29303.485"	"42085.132"	"3d2.(3F).4p"	"4G*"	"11/2"	"3d2.(3F).5s"	"4F"	"9/2"		""	"L4189c12"	
"783.290"	"0.003"	"783.2897"	"0.0009"	"4"	""		"25014.190"	"37780.858"	"3d.4s.(3D).4p"	"2D*"	"5/2"	"3d.4s.(1D).5s"	"2D"	"3/2"		""	"L4189c12"	
"786.432"	"0.003"	""	""	"4"	""		""	""	""	""	""	""	""	""		""	"L4189c12"	
"786.734"	"0.025"	"786.7485"	"0.0016"	"4"	""		"33278.370"	"45988.912"	"3d2.(3F).4p"	"2F*"	"7/2"	"3d.4s.(3D).5d"	"4G"	"9/2"		""	"L4189c12"	
"787.086"	"0.025"	"787.1020"	"0.0011"	"4"	""		"33278.370"	"45983.203"	"3d2.(3F).4p"	"2F*"	"7/2"	"3d2.(3F).4d"	"4D"	"5/2"		""	"L4189c12"	
"789.675"	"0.003"	""	""	"2"	""		""	""	""	""	""	""	""	""		""	"L4189c12"	
"790.161"	"0.003"	""	""	"3"	""		""	""	""	""	""	""	""	""		""	"L4189c12"	
"790.225"	"0.003"	""	""	"3"	""		""	""	""	""	""	""	""	""		""	"L4189c12"	
"791.014"	"0.003"	"791.0234"	"0.0017"	"3"	""		"31172.621"	"43814.472"	"3d2.(3F).4p"	"4F*"	"3/2"	"3d.4s.(3D).6s"	"4D"	"3/2"		""	"L4189c12"	
"791.794"	"0.003"	""	""	"3"	""		""	""	""	""	""	""	""	""		""	"L4189c12"	
"792.777"	"0.003"	""	""	"3"	""		""	""	""	""	""	""	""	""		""	"L4189c12"	
"792.874"	"0.003"	""	""	"3"	""		""	""	""	""	""	""	""	""		""	"L4189c12"	
"793.480"	"0.003"	""	""	"3"	""		""	""	""	""	""	""	""	""		""	"L4189c12"	
"794.168"	"0.003"	""	""	"3"	""		""	""	""	""	""	""	""	""		""	"L4189c12"	
"797.391"	"0.003"	""	""	"3"	""		""	""	""	""	""	""	""	""		""	"L4189c12"	
"797.997"	"0.003"	""	""	"3"	""		""	""	""	""	""	""	""	""		""	"L4189c12"	
"798.601"	"0.003"	""	""	"3"	""		""	""	""	""	""	""	""	""		""	"L4189c12"	
"798.652"	"0.003"	""	""	"1"	""		""	""	""	""	""	""	""	""		""	"L4189c12"	
"799.212"	"0.003"	""	""	"3"	""		""	""	""	""	""	""	""	""		""	"L4189c12"	
"799.834"	"0.003"	""	""	"2"	""		""	""	""	""	""	""	""	""		""	"L4189c12"	
"800.365"	"0.002"	""	""	"1"	""		""	""	""	""	""	""	""	""		""	"L4189c12"	
"800.466"	"0.002"	""	""	"1"	""		""	""	""	""	""	""	""	""		""	"L4189c12"	
"801.319"	"0.002"	""	""	"2"	""		""	""	""	""	""	""	""	""		""	"L4189c12"	
"804.576"	"0.002"	"804.5742"	"0.0011"	"5"	""		"24656.866"	"37085.800"	"3d.4s.(1D).4p"	"2P*"	"3/2"	"3d3"	"2P"	"1/2"		""	"L4189c12"	
"804.604"	"0.002"	""	""	"8"	""		""	""	""	""	""	""	""	""		""	"L4189c12"	
"805.281"	"0.002"	"805.2788"	"0.0011"	"3"	""		"40282.159"	"52700.218"	"3d.4s.(3D).4d"	"4S"	"3/2"	""	"*"	"3/2 or 5/2"		""	"L4189c12"	
"810.104"	"0.002"	""	""	"4"	""		""	""	""	""	""	""	""	""		""	"L4189c12"	
"810.833"	"0.002"	""	""	"3"	""		""	""	""	""	""	""	""	""		""	"L4189c12"	
"811.314"	"0.002"	"811.3124"	"0.0008"	"2"	""		"34422.829"	"46748.537"	"3d.4s.(3D).5s"	"4D"	"3/2"	""	"*"	"3/2 or 5/2"		""	"L4189c12"	
"814.197"	"0.002"	"814.1981"	"0.0010"	"1"	""		"24866.172"	"37148.196"	"3d.4s.(3D).4p"	"2D*"	"3/2"	"3d3"	"2P"	"3/2"		""	"L4189c12"	
"814.931"	"0.002"	"814.9311"	"0.0008"	"3"	""		"25584.627"	"37855.603"	"3d.4s.(3D).4p"	"2F*"	"5/2"	"3d.4s.(1D).5s"	"2D"	"5/2"		""	"L4189c12"	
"816.799"	"0.002"	""	""	"1"	""		""	""	""	""	""	""	""	""		""	"L4189c12"	
"817.175"	"0.002"	""	""	"3"	""		""	""	""	""	""	""	""	""		""	"L4189c12"	
"818.357"	"0.002"	"818.3555"	"0.0011"	"3"	""		"24866.172"	"37085.800"	"3d.4s.(3D).4p"	"2D*"	"3/2"	"3d3"	"2P"	"1/2"		""	"L4189c12"	
"818.551"	"0.002"	""	""	"1"	""		""	""	""	""	""	""	""	""		""	"L4189c12"	
"819.705"	"0.002"	""	""	"2"	""		""	""	""	""	""	""	""	""		""	"L4189c12"	
"819.924"	"0.002"	"819.9254"	"0.0009"	"12"	""		"25584.627"	"37780.858"	"3d.4s.(3D).4p"	"2F*"	"5/2"	"3d.4s.(1D).5s"	"2D"	"3/2"		""	"L4189c12"	
"821.049"	"0.002"	"821.0497"	"0.0012"	"2"	""		"33707.034"	"45886.564"	"3d2.(3F).4p"	"2D*"	"5/2"	"3d.4s.(3D).5d"	"4G"	"5/2"		""	"L4189c12"	
"823.116"	"0.002"	"823.1180"	"0.0011"	"2"	""		"39721.755"	"51870.682"	"3d.4s.(3D).4d"	"4D"	"3/2"	""	"*"	"3/2 or 5/2"		""	"L4189c12"	
"824.130"	"0.002"	"824.1301"	"0.0010"	"2"	""		"25014.190"	"37148.196"	"3d.4s.(3D).4p"	"2D*"	"5/2"	"3d3"	"2P"	"3/2"		""	"L4189c12"	
"824.339"	"0.002"	"824.3381"	"0.0008"	"14"	""		"25724.658"	"37855.603"	"3d.4s.(3D).4p"	"2F*"	"7/2"	"3d.4s.(1D).5s"	"2D"	"5/2"		""	"L4189c12"	
"828.546"	"0.002"	"828.5500"	"0.0010"	"1"	""		"36276.607"	"48345.884"	"3d3"	"2D2"	"3/2"	""	"*"	"3/2 or 5/2"		""	"L4189c12"	
"831.884"	"0.002"	""	""	"1"	""		""	""	""	""	""	""	""	""		""	"L4189c12"	
"832.703"	"0.002"	""	""	"1"	""		""	""	""	""	""	""	""	""		""	"L4189c12"	
"836.647"	"0.002"	""	""	"2"	""		""	""	""	""	""	""	""	""		""	"L4189c12"	
"838.011"	"0.002"	""	""	"2"	""		""	""	""	""	""	""	""	""		""	"L4189c12"	
"838.486"	"0.002"	""	""	"2"	""		""	""	""	""	""	""	""	""		""	"L4189c12"	
"839.914"	"0.002"	""	""	"1"	""		""	""	""	""	""	""	""	""		""	"L4189c12"	
"841.458"	"0.002"	"841.4609"	"0.0015"	"2"	""		"39902.698"	"51786.792"	"3d.4s.(3D).4d"	"4G"	"7/2"	""	"*"	"5/2"		""	"L4189c12"	
"842.873"	"0.002"	""	""	"4"	""		""	""	""	""	""	""	""	""		""	"L4189c12"	
"843.722"	"0.002"	""	""	"4"	""		""	""	""	""	""	""	""	""		""	"L4189c12"	
"843.789"	"0.002"	""	""	"4"	""		""	""	""	""	""	""	""	""		""	"L4189c12"	
"856.628"	"0.002"	"856.6286"	"0.0010"	"6"	""		"24656.866"	"36330.537"	"3d.4s.(1D).4p"	"2P*"	"3/2"	"3d3"	"2D2"	"5/2"		""	"L4189c12"	
"860.600"	"0.002"	"860.6044"	"0.0010"	"2"	""		"24656.866"	"36276.607"	"3d.4s.(1D).4p"	"2P*"	"3/2"	"3d3"	"2D2"	"3/2"		""	"L4189c12"	
"869.364"	"0.002"	""	""	"2"	""		""	""	""	""	""	""	""	""		""	"L4189c12"	
"869.686"	"0.002"	"869.6864"	"0.0012"	"3"	""		"29022.864"	"40521.261"	"3d2.(3F).4p"	"4G*"	"5/2"	"3d.4s.(3D).4d"	"4F"	"3/2"		""	"L4189c12"	
"872.694"	"0.002"	"872.6931"	"0.0011"	"7"	""		"29096.178"	"40554.960"	"3d2.(3F).4p"	"4G*"	"7/2"	"3d.4s.(3D).4d"	"4F"	"5/2"		""	"L4189c12"	
"876.112"	"0.002"	"876.1086"	"0.0019"	"7*"	""		"36959.027"	"48373.137"	"3d2.(3P).4p"	"4D*"	"7/2"	""	"4P"	"5/2"		""	"L4189c12"	
"876.112"	"0.002"	"876.1101"	"0.0013"	"7*"	""		"29189.842"	"40603.933"	"3d2.(3F).4p"	"4G*"	"9/2"	"3d.4s.(3D).4d"	"4F"	"7/2"		""	"L4189c12"	
"876.392"	"0.002"	"876.3908"	"0.0011"	"14*"	""		"24866.172"	"36276.607"	"3d.4s.(3D).4p"	"2D*"	"3/2"	"3d3"	"2D2"	"3/2"		""	"L4189c12"	
"876.392"	"0.002"	"876.3919"	"0.0016"	"14*"	""		"32696.808"	"44107.228"	"3d2.(3F).4p"	"4D*"	"5/2"	"3d.(2D).4p2.(3P)"	"4P"	"3/2"		""	"L4189c12"	
"877.743"	"0.002"	"877.7403"	"0.0024"	"14*"	""		"32637.409"	"44030.30"	"3d2.(3F).4p"	"4D*"	"1/2"	"3d.(2D).4p2.(3P)"	"4P"	"1/2"		""	"L4189c12"	
"877.743"	"0.002"	"877.7424"	"0.0014"	"14*"	""		"25584.627"	"36977.491"	"3d.4s.(3D).4p"	"2F*"	"5/2"	"3d3"	"2G"	"7/2"		""	"L4189c12"	
"879.717"	"0.002"	"879.7135"	"0.0016"	"5"	""		"29303.485"	"40670.822"	"3d2.(3F).4p"	"4G*"	"11/2"	"3d.4s.(3D).4d"	"4F"	"9/2"		""	"L4189c12"	
"882.628"	"0.002"	"882.6265"	"0.0013"	"14"	""		"25724.658"	"37054.479"	"3d.4s.(3D).4p"	"2F*"	"7/2"	"3d3"	"2G"	"9/2"		""	"L4189c12"	
"883.677"	"0.002"	"883.6774"	"0.0010"	"12"	""		"25014.190"	"36330.537"	"3d.4s.(3D).4p"	"2D*"	"5/2"	"3d3"	"2D2"	"5/2"		""	"L4189c12"	
"938.209"	"0.002"	"938.2125"	"0.0009"	"3"	""		"14926.061"	"25584.627"	"3d2.(3F).4s"	"2F"	"5/2"	"3d.4s.(3D).4p"	"2F*"	"5/2"		""	"L4189c12"	
"971.996"	"0.002"	""	""	"1"	""		""	""	""	""	""	""	""	""		""	"L4189c12"	
"972.323"	"0.002"	""	""	"1"	""		""	""	""	""	""	""	""	""		""	"L4189c12"	
"978.070"	"0.002"	""	""	"1"	""		""	""	""	""	""	""	""	""		""	"L4189c12"	
"991.430"	"0.002"	"991.4334"	"0.0012"	"1"	""		"25584.627"	"35671.033"	"3d.4s.(3D).4p"	"2F*"	"5/2"	"3d.4s.(3D).5s"	"2D"	"3/2"		""	"L4189c12"	
"994.974"	"0.002"	""	""	"1"	""		""	""	""	""	""	""	""	""		""	"L4189c12"	
"997.905"	"0.002"	"997.9067"	"0.0012"	"1"	""		"25724.658"	"35745.635"	"3d.4s.(3D).4p"	"2F*"	"7/2"	"3d.4s.(3D).5s"	"2D"	"5/2"		""	"L4189c12"	
"1002.781"	"0.002"	"1002.7789"	"0.0012"	"1"	""		"15041.902"	"25014.190"	"3d2.(3F).4s"	"2F"	"7/2"	"3d.4s.(3D).4p"	"2D*"	"5/2"		""	"L4189c12"	
"1006.025"	"0.002"	"1006.0250"	"0.0011"	"2"	""		"14926.061"	"24866.172"	"3d2.(3F).4s"	"2F"	"5/2"	"3d.4s.(3D).4p"	"2D*"	"3/2"		""	"L4189c12"	
"1015.823"	"0.002"	""	""	"1"	""		""	""	""	""	""	""	""	""		""	"L4189c12"	
"1023.627"	"0.014"	"1023.6159"	"0.0016"	"1"	""		"29189.842"	"38959.131"	"3d2.(3F).4p"	"4G*"	"9/2"	"3d.4s.(3D).4d"	"2F"	"7/2"		""	"L4189c12"	
"1052.950"	"0.003"	"1052.9502"	"0.0022"	"1"	""		"30573.163"	"40070.288"	"3d.4s.(3D).4p"	"2P*"	"1/2"	"3d.4s.(3D).4d"	"2P"	"1/2"		""	"L4189c12"	
"1068.702"	"0.003"	"1068.6982"	"0.0018"	"2"	""		"30706.696"	"40063.875"	"3d.4s.(3D).4p"	"2P*"	"3/2"	"3d.4s.(3D).4d"	"2P"	"3/2"		""	"L4189c12"	
"1070.760"	"0.003"	"1070.7578"	"0.0018"	"1"	""		"31215.780"	"40554.960"	"3d2.(3F).4p"	"4F*"	"5/2"	"3d.4s.(3D).4d"	"4F"	"5/2"		""	"L4189c12"	
"1071.393"	"0.003"	"1071.3913"	"0.0023"	"3"	""		"32751.474"	"42085.132"	"3d2.(3F).4p"	"4D*"	"7/2"	"3d2.(3F).5s"	"4F"	"9/2"		""	"L4189c12"	
"1071.979"	"0.003"	"1071.9799"	"0.0020"	"1"	""		"31275.400"	"40603.933"	"3d2.(3F).4p"	"4F*"	"7/2"	"3d.4s.(3D).4d"	"4F"	"7/2"		""	"L4189c12"	
"1072.956"	"0.003"	"1072.9576"	"0.0021"	"1"	""		"31350.789"	"40670.822"	"3d2.(3F).4p"	"4F*"	"9/2"	"3d.4s.(3D).4d"	"4F"	"9/2"		""	"L4189c12"	
"1073.106"	"0.003"	"1073.1054"	"0.0018"	"3"	""		"32696.808"	"42015.557"	"3d2.(3F).4p"	"4D*"	"5/2"	"3d2.(3F).5s"	"4F"	"7/2"		""	"L4189c12"	
"1075.078"	"0.003"	"1075.0765"	"0.0018"	"2"	""		"32659.285"	"41960.949"	"3d2.(3F).4p"	"4D*"	"3/2"	"3d2.(3F).5s"	"4F"	"5/2"		""	"L4189c12"	
"1077.062"	"0.003"	"1077.0645"	"0.0023"	"1"	""		"32637.409"	"41921.904"	"3d2.(3F).4p"	"4D*"	"1/2"	"3d2.(3F).5s"	"4F"	"3/2"		""	"L4189c12"	
"1079.436"	"0.003"	"1079.4309"	"0.0017"	"1*"	""		"32696.808"	"41960.949"	"3d2.(3F).4p"	"4D*"	"5/2"	"3d2.(3F).5s"	"4F"	"5/2"		""	"L4189c12"	
"1079.436"	"0.003"	"1079.4377"	"0.0020"	"1*"	""		"32751.474"	"42015.557"	"3d2.(3F).4p"	"4D*"	"7/2"	"3d2.(3F).5s"	"4F"	"7/2"		""	"L4189c12"	
"1092.204"	"0.003"	""	""	"1"	""		""	""	""	""	""	""	""	""		""	"L4189c12"	
"1099.663"	"0.003"	"1099.6643"	"0.0017"	"2"	""		"33055.957"	"42149.641"	"3d2.(3F).4p"	"2G*"	"7/2"	"3d.4s.(1D).4d"	"2F"	"5/2"		""	"L4189c12"	
"1103.548"	"0.003"	""	""	"2"	""		""	""	""	""	""	""	""	""		""	"L4189c12"	
"1105.261"	"0.003"	"1105.2606"	"0.0015"	"3"	""		"33151.185"	"42198.825"	"3d2.(3F).4p"	"2G*"	"9/2"	"3d.4s.(1D).4d"	"2F"	"7/2"		""	"L4189c12"	
"1107.420"	"0.003"	""	""	"1"	""		""	""	""	""	""	""	""	""		""	"L4189c12"	
"1111.622"	"0.003"	"1111.6222"	"0.0017"	"3"	""		"33153.779"	"42149.641"	"3d2.(3F).4p"	"2F*"	"5/2"	"3d.4s.(1D).4d"	"2F"	"5/2"		""	"L4189c12"	
"1121.022"	"0.003"	"1121.0191"	"0.0018"	"4"	""		"33278.370"	"42198.825"	"3d2.(3F).4p"	"2F*"	"7/2"	"3d.4s.(1D).4d"	"2F"	"7/2"		""	"L4189c12"	
"1147.855"	"0.003"	"1147.8546"	"0.0014"	"8"	""		"17012.753"	"25724.658"	"3d2.(1D).4s"	"2D"	"5/2"	"3d.4s.(3D).4p"	"2F*"	"7/2"		""	"L4189c12"	
"1159.708"	"0.003"	""	""	"1"	""		""	""	""	""	""	""	""	""		""	"L4189c12"	
"1168.287"	"0.003"	"1168.2925"	"0.0016"	"6"	""		"17025.127"	"25584.627"	"3d2.(1D).4s"	"2D"	"3/2"	"3d.4s.(3D).4p"	"2F*"	"5/2"		""	"L4189c12"	
"1171.678"	"0.003"	"1171.6775"	"0.0021"	"1"	""		"33614.869"	"42149.641"	"3d2.(3F).4p"	"2D*"	"3/2"	"3d.4s.(1D).4d"	"2F"	"5/2"		""	"L4189c12"	
"1177.612"	"0.003"	"1177.6079"	"0.0018"	"1"	""		"33707.034"	"42198.825"	"3d2.(3F).4p"	"2D*"	"5/2"	"3d.4s.(1D).4d"	"2F"	"7/2"		""	"L4189c12"	
"1180.285"	"0.003"	""	""	"1"	""		""	""	""	""	""	""	""	""		""	"L4189c12"	
"1185.828"	"0.003"	"1185.8299"	"0.0017"	"1"	""		"18504.058"	"26936.971"	"3d.4s.(3D).4p"	"4P*"	"1/2"	"3d2.(1S).4s"	"2S"	"1/2"		""	"L4189c12"	
"1187.4656"	"0.0012"	"1187.4643"	"0.0010"	"2"	"2.67e+04"	C	"18515.665"	"26936.971"	"3d.4s.(3D).4p"	"4P*"	"3/2"	"3d2.(1S).4s"	"2S"	"1/2"		"T9506"	"L19272,L4189c12"	
"1187.985"	"0.003"	"1187.9886"	"0.0017"	"1"	""		"17307.069"	"25724.658"	"3d2.(3P).4s"	"4P"	"5/2"	"3d.4s.(3D).4p"	"2F*"	"7/2"		""	"L4189c12"	
"1215.6896"	"0.0012"	"1215.6662"	"0.0021"	"13"	"7.9e+04"	C	"18711.029"	"26936.971"	"4s2.4p"	"2P*"	"1/2"	"3d2.(1S).4s"	"2S"	"1/2"		"T9506"	"L19272,L4189c12,c153"	
"1225.629"	"0.004"	"1225.628"	"0.003"	"1"	""		"35671.033"	"43830.118"	"3d.4s.(3D).5s"	"2D"	"3/2"	"3d2.(1G).4p"	"2F*"	"5/2"		""	"L4189c12"	
"1232.366"	"0.004"	"1232.3655"	"0.0024"	"1"	""		"35745.635"	"43860.111"	"3d.4s.(3D).5s"	"2D"	"5/2"	"3d2.(1G).4p"	"2F*"	"7/2"		""	"L4189c12"	
"1237.4336"	"0.0013"	"1237.4343"	"0.0011"	"13"	"3.62e+05"	C	"18855.734"	"26936.971"	"4s2.4p"	"2P*"	"3/2"	"3d2.(1S).4s"	"2S"	"1/2"		"T9506"	"L19272,L4189c12"	
"1290.859"	"0.004"	"1290.859"	"0.003"	"4"	""		"33055.957"	"40802.738"	"3d2.(3F).4p"	"2G*"	"7/2"	"3d3"	"2F"	"5/2"		""	"L4189c12"	
"1303.006"	"0.004"	"1303.005"	"0.003"	"6"	""		"33151.185"	"40825.755"	"3d2.(3F).4p"	"2G*"	"9/2"	"3d3"	"2F"	"7/2"		""	"L4189c12"	
"1308.199"	"0.004"	"1308.1963"	"0.0021"	"80"	""		"17012.753"	"24656.866"	"3d2.(1D).4s"	"2D"	"5/2"	"3d.4s.(1D).4p"	"2P*"	"3/2"		""	"L4189c12"	
"1310.344"	"0.004"	"1310.344"	"0.003"	"50"	""		"17025.127"	"24656.712"	"3d2.(1D).4s"	"2D"	"3/2"	"3d.4s.(1D).4p"	"2P*"	"1/2"		""	"L4189c12"	
"1349.371"	"0.004"	"1349.371"	"0.003"	"2"	""		"33151.185"	"40562.044"	"3d2.(3F).4p"	"2G*"	"9/2"	"3d.4s.(3D).4d"	"2G"	"9/2"		""	"L4189c12"	
"1351.059"	"0.004"	"1351.053"	"0.003"	"1"	""		"17255.076"	"24656.712"	"3d2.(3P).4s"	"4P"	"3/2"	"3d.4s.(1D).4p"	"2P*"	"1/2"		""	"L4189c12"	
"1358.217"	"0.004"	"1358.219"	"0.003"	"2"	""		"33055.957"	"40418.538"	"3d2.(3F).4p"	"2G*"	"7/2"	"3d.4s.(3D).4d"	"2G"	"7/2"		""	"L4189c12"	
"1360.585"	"0.004"	"1360.5818"	"0.0022"	"5"	""		"17307.069"	"24656.866"	"3d2.(3P).4s"	"4P"	"5/2"	"3d.4s.(1D).4p"	"2P*"	"3/2"		""	"L4189c12"	
"1372.936"	"0.005"	"1372.933"	"0.003"	"3"	""		"33278.370"	"40562.044"	"3d2.(3F).4p"	"2F*"	"7/2"	"3d.4s.(3D).4d"	"2G"	"9/2"		""	"L4189c12"	
"1376.508"	"0.005"	"1376.508"	"0.003"	"2"	""		"33153.779"	"40418.538"	"3d2.(3F).4p"	"2F*"	"5/2"	"3d.4s.(3D).4d"	"2G"	"7/2"		""	"L4189c12"	
"1387.405"	"0.005"	"1387.406"	"0.003"	"2"	""		"30573.163"	"37780.858"	"3d.4s.(3D).4p"	"2P*"	"1/2"	"3d.4s.(1D).5s"	"2D"	"3/2"		""	"L4189c12"	
"1391.000"	"0.005"	""	""	"1"	""		""	""	""	""	""	""	""	""		""	"L4189c12"	
"1398.806"	"0.005"	"1398.815"	"0.003"	"3"	""		"30706.696"	"37855.603"	"3d.4s.(3D).4p"	"2P*"	"3/2"	"3d.4s.(1D).5s"	"2D"	"5/2"		""	"L4189c12"	
"1398.914"	"0.005"	"1398.910"	"0.004"	"1"	""		"35671.033"	"42819.458"	"3d.4s.(3D).5s"	"2D"	"3/2"	"3d.4s.(1D).5p"	"2P*"	"1/2"		""	"L4189c12"	
"1421.514"	"0.005"	"1421.512"	"0.003"	"2"	""		"35745.635"	"42780.397"	"3d.4s.(3D).5s"	"2D"	"5/2"	"3d.4s.(1D).5p"	"2P*"	"3/2"		""	"L4189c12"	
"1425.212"	"0.005"	""	""	"1"	""		""	""	""	""	""	""	""	""		""	"L4189c12"	
"1436.553"	"0.005"	"1436.5442"	"0.0023"	"1"	""		"11610.2357"	"18571.386"	"3d2.(3F).4s"	"4F"	"7/2"	"3d.4s.(3D).4p"	"4P*"	"5/2"		""	"L4189c12"	
"1437.205"	"0.005"	"1437.1927"	"0.0014"	"1"	""		"11557.6556"	"18515.665"	"3d2.(3F).4s"	"4F"	"5/2"	"3d.4s.(3D).4p"	"4P*"	"3/2"		""	"L4189c12"	
"1444.542"	"0.005"	""	""	"1"	""		""	""	""	""	""	""	""	""		""	"L4189c12"	
"1444.669"	"0.005"	"1444.665"	"0.003"	"1"	""		"36330.537"	"43252.557"	"3d3"	"2D2"	"5/2"	"3d.4s.(1D).5p"	"2D*"	"5/2"		""	"L4189c12"	
"1448.485"	"0.005"	""	""	"1"	""		""	""	""	""	""	""	""	""		""	"L4189c12"	
"1500.776"	"0.005"	"1500.773"	"0.004"	"1"	""		"36933.899"	"43597.133"	"3d2.(1D).4p"	"2D*"	"3/2"	"4s2.4d"	"2D"	"3/2"		""	"L4189c12"	
"1504.155"	"0.005"	"1504.153"	"0.004"	"1"	""		"36330.537"	"42978.799"	"3d3"	"2D2"	"5/2"	"3d.4s.(1D).5p"	"2F*"	"7/2"		""	"L4189c12"	
"1510.821"	"0.005"	"1510.815"	"0.004"	"2"	""		"37039.559"	"43658.502"	"3d2.(1D).4p"	"2D*"	"5/2"	"4s2.4d"	"2D"	"5/2"		""	"L4189c12"	
"1578.866"	"0.006"	"1578.861"	"0.004"	"2"	""		"37855.603"	"44189.284"	"3d.4s.(1D).5s"	"2D"	"5/2"	"3d2.(3P).4p"	"2P*"	"3/2"		""	"L4189c12"	
"1581.140"	"0.006"	"1581.135"	"0.005"	"1"	""		"37780.858"	"44105.430"	"3d.4s.(1D).5s"	"2D"	"3/2"	"3d2.(3P).4p"	"2P*"	"1/2"		""	"L4189c12"	
"1603.741"	"0.006"	"1603.740"	"0.004"	"2*"	""		"34479.990"	"40715.416"	"3d.4s.(3D).5s"	"4D"	"5/2"	"3d.4s.(3D).5p"	"4P*"	"5/2"		""	"L4189c12"	
"1603.741"	"0.006"	"1603.749"	"0.007"	"2*"	""		"40282.159"	"46517.55"	"3d.4s.(3D).4d"	"4S"	"3/2"	"3d2.(3F).5p"	"4D*"	"3/2"		""	"L4189c12"	
"1607.252"	"0.006"	"1607.248"	"0.003"	"2"	""		"34422.829"	"40644.644"	"3d.4s.(3D).5s"	"4D"	"3/2"	"3d.4s.(3D).5p"	"4P*"	"3/2"		""	"L4189c12"	
"1611.598"	"0.006"	"1611.596"	"0.004"	"2"	""		"34390.253"	"40595.283"	"3d.4s.(3D).5s"	"4D"	"1/2"	"3d.4s.(3D).5p"	"4P*"	"1/2"		""	"L4189c12"	
"1620.102"	"0.006"	"1620.101"	"0.004"	"2"	""		"34422.829"	"40595.283"	"3d.4s.(3D).5s"	"4D"	"3/2"	"3d.4s.(3D).5p"	"4P*"	"1/2"		""	"L4189c12"	
"1622.155"	"0.006"	"1622.151"	"0.004"	"5"	""		"34479.990"	"40644.644"	"3d.4s.(3D).5s"	"4D"	"5/2"	"3d.4s.(3D).5p"	"4P*"	"3/2"		""	"L4189c12"	
"1623.439"	"0.006"	"1623.438"	"0.003"	"2"	""		"14926.061"	"21085.829"	"3d2.(3F).4s"	"2F"	"5/2"	"3d.4s.(1D).4p"	"2F*"	"7/2"		""	"L4189c12"	
"1626.484"	"0.006"	"1626.483"	"0.004"	"10"	""		"34567.180"	"40715.416"	"3d.4s.(3D).5s"	"4D"	"7/2"	"3d.4s.(3D).5p"	"4P*"	"5/2"		""	"L4189c12"	
"1637.159"	"0.006"	"1637.161"	"0.005"	"20"	""		"33055.957"	"39164.092"	"3d2.(3F).4p"	"2G*"	"7/2"	"3d3"	"2H"	"9/2"		""	"L4189c12"	
"1637.556"	"0.006"	"1637.553"	"0.003"	"3"	""		"14926.061"	"21032.732"	"3d2.(3F).4s"	"2F"	"5/2"	"3d.4s.(1D).4p"	"2F*"	"5/2"		""	"L4189c12"	
"1641.647"	"0.006"	""	""	"1"	""		""	""	""	""	""	""	""	""		""	"L4189c12"	
"1644.785"	"0.006"	"1644.798"	"0.004"	"1"	""		"44909.520"	"50989.295"	"3d.(2D).4p2.(3P)"	"4F"	"5/2"	""	"*"	"3/2 or 5/2"		""	"L4189c12"	
"1645.469"	"0.006"	"1645.463"	"0.004"	"1"	""		"36860.209"	"42937.526"	"3d2.(3P).4p"	"4D*"	"5/2"	"3d3"	"2D1"	"3/2"		""	"L4189c12"	
"1645.612"	"0.006"	"1645.620"	"0.005"	"1"	""		"46623.481"	"52700.218"	""	"4P"	"5/2"	""	"*"	"3/2 or 5/2"		""	"L4189c12"	
"1646.327"	"0.007"	"1646.328"	"0.007"	"27"	""		"33151.185"	"39225.31"	"3d2.(3F).4p"	"2G*"	"9/2"	"3d3"	"2H"	"11/2"		""	"L4189c12"	
"1649.264"	"0.007"	""	""	"1"	""		""	""	""	""	""	""	""	""		""	"L4189c12"	
"1654.550"	"0.007"	"1654.553"	"0.003"	"6"	""		"15041.902"	"21085.829"	"3d2.(3F).4s"	"2F"	"7/2"	"3d.4s.(1D).4p"	"2F*"	"7/2"		""	"L4189c12"	
"1663.091"	"0.007"	"1663.089"	"0.005"	"1"	""		"33151.185"	"39164.092"	"3d2.(3F).4p"	"2G*"	"9/2"	"3d3"	"2H"	"9/2"		""	"L4189c12"	
"1665.916"	"0.007"	""	""	"1"	""		""	""	""	""	""	""	""	""		""	"L4189c12"	
"1669.221"	"0.007"	"1669.218"	"0.003"	"1"	""		"15041.902"	"21032.732"	"3d2.(3F).4s"	"2F"	"7/2"	"3d.4s.(1D).4p"	"2F*"	"5/2"		""	"L4189c12"	
"1671.167"	"0.036"	"1671.139"	"0.007"	"2"	""		"36933.899"	"42917.840"	"3d2.(1D).4p"	"2D*"	"3/2"	"3d3"	"2D1"	"5/2"		""	"L4189c12"	
"1672.787"	"0.007"	"1672.789"	"0.006"	"2"	""		"39949.757"	"45927.799"	"3d.4s.(3D).5p"	"4F*"	"3/2"	"3d2.(3F).4d"	"4D"	"1/2"		""	"L4189c12"	
"1675.673"	"0.007"	"1675.662"	"0.005"	"2"	""		"40048.736"	"46016.525"	"3d.4s.(3D).5p"	"4F*"	"7/2"	"3d.4s.(3D).5d"	"4D"	"7/2"		""	"L4189c12"	
"1719.499"	"0.007"	"1719.492"	"0.004"	"3"	""		"33055.957"	"38871.628"	"3d2.(3F).4p"	"2G*"	"7/2"	"3d.4s.(3D).4d"	"2F"	"5/2"		""	"L4189c12"	
"1721.784"	"0.007"	"1721.779"	"0.004"	"4"	""		"33151.185"	"38959.131"	"3d2.(3F).4p"	"2G*"	"9/2"	"3d.4s.(3D).4d"	"2F"	"7/2"		""	"L4189c12"	
"1737.498"	"0.007"	"1737.498"	"0.006"	"2"	""		"40048.736"	"45804.138"	"3d.4s.(3D).5p"	"4F*"	"7/2"	"3d2.(3F).4d"	"4G"	"9/2"		""	"L4189c12"	
"1744.944"	"0.007"	"1744.933"	"0.005"	"2"	""		"34479.990"	"40210.868"	"3d.4s.(3D).5s"	"4D"	"5/2"	"3d.4s.(3D).5p"	"4D*"	"7/2"		""	"L4189c12"	
"1752.763"	"0.007"	"1752.754"	"0.004"	"3"	""		"34422.829"	"40128.136"	"3d.4s.(3D).5s"	"4D"	"3/2"	"3d.4s.(3D).5p"	"4D*"	"5/2"		""	"L4189c12"	
"1753.322"	"0.007"	"1753.327"	"0.004"	"2"	""		"30573.163"	"36276.607"	"3d.4s.(3D).4p"	"2P*"	"1/2"	"3d3"	"2D2"	"3/2"		""	"L4189c12"	
"1759.565"	"0.007"	"1759.560"	"0.004"	"2"	""		"34390.253"	"40073.492"	"3d.4s.(3D).5s"	"4D"	"1/2"	"3d.4s.(3D).5p"	"4D*"	"3/2"		""	"L4189c12"	
"1763.335"	"0.007"	"1763.332"	"0.004"	"1"	""		"34479.990"	"40151.072"	"3d.4s.(3D).5s"	"4D"	"5/2"	"3d.4s.(3D).5p"	"2F*"	"7/2"		""	"L4189c12"	
"1768.547"	"0.008"	"1768.545"	"0.006"	"2"	""		"34390.253"	"40044.619"	"3d.4s.(3D).5s"	"4D"	"1/2"	"3d.4s.(3D).5p"	"4D*"	"1/2"		""	"L4189c12"	
"1769.711"	"0.008"	"1769.704"	"0.004"	"5"	""		"34422.829"	"40073.492"	"3d.4s.(3D).5s"	"4D"	"3/2"	"3d.4s.(3D).5p"	"4D*"	"3/2"		""	"L4189c12"	
"1770.503"	"0.008"	"1770.492"	"0.004"	"7*"	""		"34479.990"	"40128.136"	"3d.4s.(3D).5s"	"4D"	"5/2"	"3d.4s.(3D).5p"	"4D*"	"5/2"		""	"L4189c12"	
"1770.503"	"0.008"	"1770.499"	"0.007"	"7*"	""		"40104.143"	"45752.269"	"3d.4s.(3D).5p"	"2F*"	"5/2"	"3d2.(3F).4d"	"4G"	"7/2"		""	"L4189c12"	
"1771.891"	"0.008"	"1771.891"	"0.005"	"15"	""		"34567.180"	"40210.868"	"3d.4s.(3D).5s"	"4D"	"7/2"	"3d.4s.(3D).5p"	"4D*"	"7/2"		""	"L4189c12"	
"1778.093"	"0.041"	"1778.144"	"0.005"	"3"	""		"30706.696"	"36330.537"	"3d.4s.(3D).4p"	"2P*"	"3/2"	"3d3"	"2D2"	"5/2"		""	"L4189c12"	
"1778.796"	"0.008"	"1778.793"	"0.006"	"2"	""		"34422.829"	"40044.619"	"3d.4s.(3D).5s"	"4D"	"3/2"	"3d.4s.(3D).5p"	"4D*"	"1/2"		""	"L4189c12"	
"1787.792"	"0.008"	"1787.789"	"0.004"	"3"	""		"34479.990"	"40073.492"	"3d.4s.(3D).5s"	"4D"	"5/2"	"3d.4s.(3D).5p"	"4D*"	"3/2"		""	"L4189c12"	
"1790.863"	"0.008"	"1790.866"	"0.005"	"3"	""		"34567.180"	"40151.072"	"3d.4s.(3D).5s"	"4D"	"7/2"	"3d.4s.(3D).5p"	"2F*"	"7/2"		""	"L4189c12"	
"1792.535"	"0.008"	"1792.536"	"0.007"	"15"	""		"34567.180"	"40145.869"	"3d.4s.(3D).5s"	"4D"	"7/2"	"3d.4s.(3D).5p"	"4F*"	"9/2"		""	"L4189c12"	
"1795.744"	"0.008"	"1795.736"	"0.005"	"11"	""		"34479.990"	"40048.736"	"3d.4s.(3D).5s"	"4D"	"5/2"	"3d.4s.(3D).5p"	"4F*"	"7/2"		""	"L4189c12"	
"1796.373"	"0.008"	"1796.382"	"0.005"	"7"	""		"34422.829"	"39989.575"	"3d.4s.(3D).5s"	"4D"	"3/2"	"3d.4s.(3D).5p"	"4F*"	"5/2"		""	"L4189c12"	
"1798.264"	"0.008"	"1798.252"	"0.005"	"2"	""		"34567.180"	"40128.136"	"3d.4s.(3D).5s"	"4D"	"7/2"	"3d.4s.(3D).5p"	"4D*"	"5/2"		""	"L4189c12"	
"1798.726"	"0.008"	"1798.722"	"0.006"	"4"	""		"34390.253"	"39949.757"	"3d.4s.(3D).5s"	"4D"	"1/2"	"3d.4s.(3D).5p"	"4F*"	"3/2"		""	"L4189c12"	
"1805.595"	"0.008"	""	""	"2"	""		""	""	""	""	""	""	""	""		""	"L4189c12"	
"1806.013"	"0.042"	"1806.044"	"0.005"	"3"	""		"34567.180"	"40104.143"	"3d.4s.(3D).5s"	"4D"	"7/2"	"3d.4s.(3D).5p"	"2F*"	"5/2"		""	"L4189c12"	
"1806.622"	"0.008"	"1806.601"	"0.006"	"3"	""		"40351.308"	"45886.564"	"3d.4s.(3D).5p"	"2D*"	"5/2"	"3d.4s.(3D).5d"	"4G"	"5/2"		""	"L4189c12"	
"1809.139"	"0.008"	"1809.116"	"0.005"	"1"	""		"42937.526"	"48465.087"	"3d3"	"2D1"	"3/2"	""	"*"	"3/2"		""	"L4189c12"	
"1809.319"	"0.008"	"1809.323"	"0.006"	"2*"	""		"34422.829"	"39949.757"	"3d.4s.(3D).5s"	"4D"	"3/2"	"3d.4s.(3D).5p"	"4F*"	"3/2"		""	"L4189c12"	
"1809.319"	"0.008"	"1809.331"	"0.007"	"2*"	""		"37908.484"	"43435.390"	"3d2.(3P).4p"	"4P*"	"3/2"	"3d.4s.(1D).4d"	"2P"	"3/2"		""	"L4189c12"	
"1815.007"	"0.008"	"1815.019"	"0.005"	"2"	""		"34479.990"	"39989.575"	"3d.4s.(3D).5s"	"4D"	"5/2"	"3d.4s.(3D).5p"	"4F*"	"5/2"		""	"L4189c12"	
"1822.230"	"0.008"	"1822.230"	"0.004"	"26"	""		"20236.877"	"25724.658"	"3d2.(1G).4s"	"2G"	"9/2"	"3d.4s.(3D).4p"	"2F*"	"7/2"		""	"L4189c12"	
"1823.164"	"0.008"	"1823.151"	"0.004"	"2"	""		"20239.650"	"25724.658"	"3d2.(1G).4s"	"2G"	"7/2"	"3d.4s.(3D).4p"	"2F*"	"7/2"		""	"L4189c12"	
"1823.749"	"0.008"	"1823.744"	"0.006"	"1"	""		"36666.416"	"42149.641"	"3d2.(1D).4p"	"2F*"	"5/2"	"3d.4s.(1D).4d"	"2F"	"5/2"		""	"L4189c12"	
"1824.025"	"0.008"	"1824.025"	"0.005"	"4"	""		"35671.033"	"41153.414"	"3d.4s.(3D).5s"	"2D"	"3/2"	"3d2.(3P).4p"	"2D*"	"3/2"		""	"L4189c12"	
"1828.585"	"0.008"	"1828.583"	"0.006"	"1"	""		"36730.110"	"42198.825"	"3d2.(1D).4p"	"2F*"	"7/2"	"3d.4s.(1D).4d"	"2F"	"7/2"		""	"L4189c12"	
"1846.091"	"0.008"	"1846.084"	"0.005"	"6"	""		"35745.635"	"41162.506"	"3d.4s.(3D).5s"	"2D"	"5/2"	"3d2.(3P).4p"	"2D*"	"5/2"		""	"L4189c12"	
"1852.899"	"0.008"	"1852.897"	"0.005"	"4"	""		"37855.603"	"43252.557"	"3d.4s.(1D).5s"	"2D"	"5/2"	"3d.4s.(1D).5p"	"2D*"	"5/2"		""	"L4189c12"	
"1855.438"	"0.008"	"1855.432"	"0.006"	"3"	""		"37780.858"	"43170.439"	"3d.4s.(1D).5s"	"2D"	"3/2"	"3d.4s.(1D).5p"	"2D*"	"3/2"		""	"L4189c12"	
"1870.921"	"0.008"	"1870.915"	"0.004"	"40"	""		"20239.650"	"25584.627"	"3d2.(1G).4s"	"2G"	"7/2"	"3d.4s.(3D).4p"	"2F*"	"5/2"		""	"L4189c12"	
"1938.770"	"0.009"	"1938.765"	"0.009"	"2*"	""		"37780.858"	"42938.78"	"3d.4s.(1D).5s"	"2D"	"3/2"	"3d.4s.(1D).5p"	"2F*"	"5/2"		""	"L4189c12"	
"1938.770"	"0.009"	"1938.768"	"0.007"	"2*"	""		"31172.621"	"36330.537"	"3d2.(3F).4p"	"4F*"	"3/2"	"3d3"	"2D2"	"5/2"		""	"L4189c12"	
"1951.890"	"0.009"	"1951.907"	"0.006"	"3"	""		"37855.603"	"42978.799"	"3d.4s.(1D).5s"	"2D"	"5/2"	"3d.4s.(1D).5p"	"2F*"	"7/2"		""	"L4189c12"	
"1961.619"	"0.009"	"1961.604"	"0.005"	"3"	""		"30573.163"	"35671.033"	"3d.4s.(3D).4p"	"2P*"	"1/2"	"3d.4s.(3D).5s"	"2D"	"3/2"		""	"L4189c12"	
"1981.2727"	"0.0032"	"1981.2677"	"0.0016"	"2"	"9.3e+02"	C	"15672.5595"	"20719.833"	"3d.4s.(3D).4p"	"4F*"	"3/2"	"3d2.(3P).4s"	"2P"	"3/2"		"T9506"	"L19272,L4189c12"	
"1984.552"	"0.009"	"1984.545"	"0.005"	"3"	""		"30706.696"	"35745.635"	"3d.4s.(3D).4p"	"2P*"	"3/2"	"3d.4s.(3D).5s"	"2D"	"5/2"		""	"L4189c12"	
"1986.082"	"0.009"	""	""	"2"	""		""	""	""	""	""	""	""	""		""	"L4189c12"	
"1996.4717"	"0.0033"	"1996.4661"	"0.0020"	"4"	"4.98e+03"	C	"15672.5595"	"20681.410"	"3d.4s.(3D).4p"	"4F*"	"3/2"	"3d2.(3P).4s"	"2P"	"1/2"		"T9506"	"L19272,L4189c12"	
