obs_wl_vac(nm)	unc_obs_wl	ritz_wl_vac(nm)	unc_ritz_wl	intens	Aki(s^-1)	Acc	Ei(cm-1)	Ek(cm-1)	conf_i	term_i	J_i	conf_k	term_k	J_k	Type	tp_ref	line_ref	
"2000.3566"	"0.0003"	"2000.356708"	"0.000020"	"15"	""		"12847.96912"	"17847.07751"	"6d3.(4P).7s"	"5P"	"3"	"5f.6d.7s2"	"3P*"	"2"		""	"L9974"	
"2003.1349"	"0.0003"	"2003.13532"	"0.00010"	"11"	""		"23355.37327"	"28347.54723"	"6d4"	"5D"	"3"	""	"*"	"2"		""	"L9974"	
"2003.15738"	"0.00020"	"2003.15736"	"0.00006"	"59"	""		"26723.66908"	"31715.78811"	"5f.6d2.7s"	"5G*"	"6"	""	""	"6"		""	"L9974"	
"2005.34107"	"0.00020"	"2005.34108"	"0.00004"	"57"	""		"24769.71573"	"29756.39860"	""	"*"	"3"	""	""	"4"		""	"L9974"	
"2008.1056"	"0.0004"	"2008.10512"	"0.00009"	"3"	""		"27061.41472"	"32041.23370"	""	"*"	"2"	""	""	"2"		""	"L9974"	
"2008.28679"	"0.00020"	"2008.286860"	"0.000016"	"61"	""		"18053.617845"	"23032.986182"	"6d.7s2.7p"	"3F*"	"4"	"5f.7s2.7p"	"3G"	"4"		""	"L14361"	
"2008.84628"	"0.00024"	"2008.84622"	"0.00009"	"17"	""		"26232.29174"	"31210.27358"	"5f.6d2.7s"	"3H*"	"6"	"6d4"	"1I"	"6"		""	"L9974"	
"2011.40709"	"0.00024"	"2011.40717"	"0.00004"	"23"	""		"18549.40528"	"23521.04909"	"6d3.(4P).7s"	""	"2"	""	"*"	"3"		""	"L9974"	
"2012.41961"	"0.00024"	"2012.41970"	"0.00004"	"19"	""		"23481.37399"	"28450.51635"	""	"*"	"1"	""	""	"1"		""	"L9974"	
"2012.7716"	"0.0003"	"2012.77190"	"0.00003"	"5"	""		"20922.12244"	"25890.39529"	""	"*"	"2"	""	""	"2"		""	"L9974"	
"2013.41952"	"0.00020"	"2013.419431"	"0.000020"	"73"	""		"10526.544406"	"15493.21943"	"5f.6d.7s2"	"3G*"	"3"	"6d3.(2H).7s"	"3H"	"4"		""	"L9974"	
"2014.2703"	"0.0003"	"2014.27067"	"0.00020"	"7"	""		"33390.76362"	"38355.3397"	""	""	"1"	""	"*"	"2"		""	"L9974"	
"2014.5376"	"0.0003"	"2014.536649"	"0.000016"	"15*"	""		"18069.065569"	"23032.986182"	"6d.7s2.7p"	"1F*"	"3"	"5f.7s2.7p"	"3G"	"4"		""	"L9974"	
"2016.35559"	"0.00024"	"2016.35547"	"0.00005"	"31"	""		"12114.36618"	"17073.80916"	"5f.6d.7s2"	"1D*"	"2"	"6d3.(4P).7s"	""	"1"		""	"L9974"	
"2018.5618"	"0.0003"	"2018.5620"	"0.0003"	"5"	""		"33721.32901"	"38675.3508"	""	""	"2"	""	"*"	"3"		""	"L9974"	
"2018.7767"	"0.0003"	"2018.77579"	"0.00004"	"5"	""		"23609.16775"	"28562.66485"	""	"*"	"5"	""	""	"4"		""	"L9974"	
"2018.8749"	"0.0003"	"2018.87524"	"0.00009"	"5"	""		"27087.98061"	"32041.23370"	""	"*"	"1"	""	""	"2"		""	"L9974"	
"2019.68865"	"0.00016"	"2019.688633"	"0.000020"	"110"	""		"19039.153374"	"23990.41162"	"6d.7s2.7p"	"3P*"	"2"	"5f.6d.7s.7p"	"5F"	"2"		""	"L14361"	
"2021.1166"	"0.0003"	"2021.11694"	"0.00006"	"5"	""		"25703.40095"	"30651.16019"	""	"*"	"2"	"6d4"	""	"3"		""	"L9974"	
"2021.3998"	"0.0004"	"2021.39970"	"0.00009"	"3"	""		"24210.80979"	"29157.87692"	"6d4"	"5D"	"4"	""	"*"	"3"		""	"L9974"	
"2023.3155"	"0.0004"	"2023.31584"	"0.00004"	"3"	""		"22669.88918"	"27612.27129"	""	"*"	"3"	"6d4"	"3G"	"3"		""	"L9974"	
"2024.0460"	"0.0003"	"2024.04583"	"0.00003"	"5"	""		"17398.39526"	"22338.99484"	"6d3.(4F).7s"	""	"3"	"5f.6d2.7s"	"5G*"	"3"		""	"L9974"	
"2026.8650"	"0.0003"	"2026.86506"	"0.00007"	"11"	""		"26995.77389"	"31929.50145"	""	"*"	"3"	""	""	"3"		""	"L9974"	
"2026.9988"	"0.0012"	"2027.00021"	"0.00025"	"0"	""		"36047.3034"	"40980.7020"	""	""	"2"	""	"*"	"3"		""	"L2351"	
"2032.32998"	"0.00012"	"2032.33010"	"0.00004"	"140"	""		"23113.54761"	"28034.00813"	"5f.6d2.7s"	"5G*"	"4"	""	""	"5"		""	"L14361"	
"2032.7445"	"0.0003"	"2032.744530"	"0.000025"	"9"	""		"18069.065569"	"22988.52291"	"6d.7s2.7p"	"1F*"	"3"	"5f.6d.7s.7p"	"5G"	"2"		""	"L9974"	
"2033.4760"	"0.0004"	"2033.47579"	"0.00003"	"3"	""		"17959.89498"	"22877.58322"	"6d3.(4F).7s"	"3F"	"4"	""	"*"	"5"		""	"L9974"	
"2037.6860"	"0.0003"	"2037.68659"	"0.00003"	"9"	""		"23655.13881"	"28562.66485"	""	"*"	"4"	""	""	"4"		""	"L9974"	
"2038.0038"	"0.0003"	"2038.00313"	"0.00006"	"11"	""		"18574.61019"	"23481.37399"	"6d3.(2P).7s"	""	"1"	""	"*"	"1"		""	"L9974"	
"2038.34431"	"0.00025"	"2038.34428"	"0.00003"	"31"	""		"21890.13254"	"26796.07511"	""	"*"	"3"	""	""	"3"		""	"L9974"	
"2038.68623"	"0.00017"	"2038.68605"	"0.00004"	"86"	""		"21143.42198"	"26048.54211"	"6d3.(2H).7s"	"1H"	"5"	""	"*"	"4"		""	"L14361"	
"2039.7267"	"0.0003"	"2039.726908"	"0.000025"	"9"	""		"22141.60454"	"27044.22163"	""	"*"	"3"	""	""	"3"		""	"L9974"	
"2039.7621"	"0.0003"	"2039.76137"	"0.00005"	"5"	""		"26363.10178"	"31265.63604"	""	"*"	"2"	""	""	"3"		""	"L9974"	
"2039.90948"	"0.00025"	"2039.90919"	"0.00008"	"23"	""		"27260.16801"	"32162.34702"	""	"*"	"3"	""	""	"2"		""	"L9974"	
"2042.4951"	"0.0003"	"2042.495278"	"0.000021"	"9"	""		"19503.143490"	"24399.11564"	"6d2.7s.7p"	"5F*"	"3"	"5f.6d.7s.7p"	"5H"	"3"		""	"L9974"	
"2042.73224"	"0.00021"	"2042.73220"	"0.00003"	"69"	""		"17959.89498"	"22855.29928"	"6d3.(4F).7s"	"3F"	"4"	""	"*"	"3"		""	"L9974"	
"2043.3996"	"0.0003"	"2043.39964"	"0.00004"	"17"	""		"21902.26981"	"26796.07511"	"5f.6d2.7s"	"3H*"	"4"	""	""	"3"		""	"L9974"	
"2045.5578"	"0.0003"	"2045.55778"	"0.00005"	"21"	""		"19532.41646"	"24421.05861"	"6d3.(2F).7s"	"3F"	"4"	""	"*"	"3"		""	"L9974"	
"2045.8807"	"0.0003"	"2045.880676"	"0.000021"	"5"	""		"15166.900593"	"20054.77119"	"6d2.7s.7p"	"5G*"	"3"	"6d3.(2F).7s"	"3F"	"2"		""	"L9974"	
"2046.8016"	"0.0003"	"2046.80213"	"0.00008"	"13"	""		"26255.58209"	"31141.25221"	""	""	"4"	""	"*"	"5"		""	"L9974"	
"2047.3897"	"0.0013"	"2047.38663"	"0.00006"	"0"	""		"27852.74095"	"32737.01627"	""	"*"	"5"	""	""	"5"		""	"L2351"	
"2048.2839"	"0.0004"	"2048.28412"	"0.00003"	"3"	""		"19516.98043"	"24399.11564"	"6d2.7s.7p"	"5D*"	"2"	"5f.6d.7s.7p"	"5H"	"3"		""	"L9974"	
"2048.4433"	"0.0003"	"2048.44341"	"0.00003"	"21"	""		"24259.77463"	"29141.53019"	""	"*"	"4"	""	""	"5"		""	"L9974"	
"2048.6586"	"0.0004"	"2048.65880"	"0.00005"	"3"	""		"24769.71573"	"29650.95804"	""	"*"	"3"	""	""	"2"		""	"L9974"	
"2048.8815"	"0.0003"	"2048.88203"	"0.00006"	"7"	""		"26384.92556"	"31265.63604"	""	"*"	"4"	""	""	"3"		""	"L9974"	
"2049.4078"	"0.0003"	"2049.40757"	"0.00021"	"9"	""		"35117.9541"	"39997.4130"	""	"*"	"5 or 6"	""	""	"6"		""	"L9974"	
"2049.4599"	"0.0004"	"2049.459840"	"0.000017"	"3"	""		"6362.395980"	"11241.73043"	"6d3.(4F).7s"	"5F"	"2"	"5f.6d.7s2"	"3F*"	"3"		""	"L9974"	
"2051.9569"	"0.0003"	"2051.95612"	"0.00003"	"5"	""		"15863.88829"	"20737.28686"	"6d3.(2D2).7s"	""	"2"	""	"*"	"1"		""	"L9974"	
"2054.73025"	"0.00021"	"2054.73029"	"0.00004"	"39"	""		"24274.71139"	"29141.53019"	""	"*"	"5"	""	""	"5"		""	"L9974"	
"2055.3104"	"0.0003"	"2055.31065"	"0.00008"	"5"	""		"23481.37399"	"28346.81854"	""	"*"	"1"	""	""	"1"		""	"L9974"	
"2055.5962"	"0.0003"	"2055.59648"	"0.00013"	"15"	""		"27297.5790"	"32162.34702"	""	"*"	"1"	""	""	"2"		""	"L9974"	
"2056.6947"	"0.0003"	"2056.69463"	"0.00005"	"33"	""		"21645.85769"	"26508.02820"	"6d3.(2G).7s"	""	"4"	""	"*"	"3"		""	"L9974"	
"2056.7622"	"0.0003"	"2056.76227"	"0.00004"	"11"	""		"16783.84708"	"21645.85769"	"5f.6d2.7s"	"5I*"	"4"	"6d3.(2G).7s"	""	"4"		""	"L9974"	
"2058.0636"	"0.0003"	"2058.06374"	"0.00003"	"5"	""		"21252.60286"	"26111.53886"	""	"*"	"2"	""	""	"1"		""	"L9974"	
"2058.9951"	"0.0005"	"2058.99487"	"0.00005"	"1"	""		"24561.65178"	"29418.39044"	""	"*"	"3"	""	""	"2"		""	"L9974"	
"2059.7011"	"0.0003"	"2059.70089"	"0.00005"	"7"	""		"22098.18793"	"26953.26182"	"5f.6d.7s.7p"	"5I"	"4"	""	"*"	"5"		""	"L9974"	
"2059.8536"	"0.0005"	"2059.85362"	"0.00005"	"1"	""		"19817.18191"	"24671.89582"	"6d2.7s.7p"	"5P*"	"1"	"6d3.(2D1).7s"	"3D"	"2"		""	"L9974"	
"2060.4256"	"0.0005"	"2060.42635"	"0.00013"	"1"	""		"30255.45106"	"35108.8155"	""	"*"	"3"	""	""	"2"		""	"L9974"	
"2061.1594"	"0.0003"	"2061.159402"	"0.000021"	"37"	""		"22669.88918"	"27521.52753"	""	"*"	"3"	""	""	"4"		""	"L9974"	
"2061.2286"	"0.0003"	"2061.22853"	"0.00004"	"5"	""		"24701.04375"	"29552.51939"	""	"*"	"5"	"5f.6d.7s.7p"	"5H"	"6"		""	"L9974"	
"2061.6201"	"0.0003"	"2061.62007"	"0.00003"	"21"	""		"17398.39526"	"22248.94952"	"6d3.(4F).7s"	""	"3"	""	"*"	"2"		""	"L9974"	
"2061.7480"	"0.0003"	"2061.7482"	"0.0003"	"9"	""		"38216.9462"	"43067.1989"	""	"*"	"3"	""	""	"4"		""	"L9974"	
"2062.4423"	"0.0003"	"2062.44222"	"0.00004"	"5"	""		"19713.03109"	"24561.65178"	"6d3.(2F).7s"	"3F"	"3"	""	"*"	"3"		""	"L9974"	
"2064.00100"	"0.00005"	"2064.000929"	"0.000017"	"650"	""		"8243.602091"	"13088.56115"	"5f.6d.7s2"	"3F*"	"2"	"6d3.(2G).7s"	"3G"	"3"		""	"L14361"	
"2065.6192"	"0.0003"	"2065.61908"	"0.00006"	"7"	""		"25703.40095"	"30544.56459"	""	"*"	"2"	""	""	"2"		""	"L9974"	
"2065.7105"	"0.0003"	"2065.71051"	"0.00003"	"11"	""		"21539.59257"	"26380.54194"	""	"*"	"4"	"5f.6d.7s.7p"	"5H"	"5"		""	"L9974"	
"2065.9292"	"0.0005"	"2065.92930"	"0.00007"	"1"	""		"26953.26182"	"31793.69851"	""	"*"	"5"	""	""	"4"		""	"L9974"	
"2066.7397"	"0.0003"	"2066.73976"	"0.00003"	"33"	""		"20566.62381"	"25405.16237"	"6d2.7s.7p"	"5D*"	"4"	"5f.6d.7s.7p"	"5H"	"4"		""	"L9974"	
"2067.6656"	"0.0003"	"2067.66551"	"0.00008"	"7"	""		"28884.95681"	"33721.32901"	""	"*"	"3"	""	""	"2"		""	"L9974"	
"2068.0005"	"0.0003"	"2068.00055"	"0.00006"	"19"	""		"18574.61019"	"23410.19884"	"6d3.(2P).7s"	""	"1"	""	"*"	"0"		""	"L9974"	
"2068.1251"	"0.0004"	"2068.12511"	"0.00009"	"3"	""		"21668.957072"	"26504.25448"	"6d2.7s.7p"	"5P*"	"1"	"6d3.(2D1).7s"	"1D"	"2"		""	"L9974"	
"2068.57621"	"0.00006"	"2068.576215"	"0.000017"	"290"	""		"7280.123222"	"12114.36618"	"6d2.7s2"	""	"2"	"5f.6d.7s2"	"1D*"	"2"		""	"L14361"	
"2068.7263"	"0.0003"	"2068.72618"	"0.00005"	"15"	""		"24850.30814"	"29684.20065"	""	"3I*"	"6"	"5f.6d.7s.7p"	"5H"	"5"		""	"L9974"	
"2069.0265"	"0.0003"	"2069.0262"	"0.0003"	"5"	""		"37404.6616"	"42237.8531"	""	""	"3"	""	"*"	"3"		""	"L9974"	
"2070.4538"	"0.0004"	"2070.45400"	"0.00003"	"3"	""		"22141.60454"	"26971.46312"	""	"*"	"3"	""	""	"4"		""	"L9974"	
"2070.8026"	"0.0003"	"2070.80227"	"0.00003"	"7"	""		"15493.21943"	"20322.26571"	"6d3.(2H).7s"	"3H"	"4"	"5f.6d.7s2"	"1H*"	"5"		""	"L9974"	
"2070.9028"	"0.0004"	"2070.90309"	"0.00013"	"3"	""		"28589.30942"	"33418.1206"	""	"*"	"3"	"6d4"	""	"4"		""	"L9974"	
"2071.9657"	"0.0003"	"2071.96589"	"0.00013"	"5"	""		"27087.98061"	"31914.3149"	""	"*"	"1"	""	""	"1"		""	"L9974"	
"2072.1590"	"0.0003"	"2072.15891"	"0.00006"	"11"	""		"25306.76154"	"30132.64625"	""	"*"	"2"	""	""	"2"		""	"L9974"	
"2072.23822"	"0.00021"	"2072.23825"	"0.00003"	"39"	""		"22669.88918"	"27495.58911"	""	"*"	"3"	"5f2.7s2"	"3H"	"4"		""	"L9974"	
"2072.3460"	"0.0003"	"2072.34585"	"0.00006"	"5"	""		"20054.77119"	"24880.22058"	"6d3.(2F).7s"	"3F"	"2"	""	"*"	"1"		""	"L9974"	
"2073.6010"	"0.0003"	"2073.60100"	"0.00006"	"7"	""		"28140.86799"	"32963.39652"	""	"*"	"4"	""	""	"5"		""	"L9974"	
"2074.0755"	"0.0003"	"2074.075322"	"0.000022"	"7"	""		"18699.62342"	"23521.04909"	"5f.7s2.7p"	"3F"	"2"	""	"*"	"3"		""	"L9974"	
"2076.7839"	"0.0004"	"2076.78359"	"0.00022"	"3"	""		"33273.8588"	"38088.9970"	""	""	"1"	""	"*"	"2"		""	"L9974"	
"2079.7245"	"0.0005"	"2079.72435"	"0.00003"	"1"	""		"22163.13360"	"26971.46312"	""	"*"	"4"	""	""	"4"		""	"L9974"	
"2079.8418"	"0.0003"	"2079.841484"	"0.000022"	"13"	""		"14465.221873"	"19273.28060"	"6d2.7s.7p"	"5G*"	"2"	"6d3.(2P).7s"	""	"2"		""	"L9974"	
"2080.4816"	"0.0004"	"2080.48167"	"0.00013"	"3"	""		"31283.11407"	"36089.6933"	""	"*"	"3"	""	""	"4"		""	"L9974"	
"2083.9557"	"0.0003"	"2083.95566"	"0.00004"	"21"	""		"25753.93805"	"30552.50463"	""	"*"	"5"	""	""	"4"		""	"L9974"	
"2084.0186"	"0.0003"	"2084.01819"	"0.00022"	"5"	""		"35089.38959"	"39887.8122"	""	""	"3"	""	"*"	"2"		""	"L9974"	
"2086.82585"	"0.00022"	"2086.82590"	"0.00003"	"43"	""		"22399.39666"	"27191.36326"	"5f.6d2.7s"	"3I*"	"5"	"5f.6d.7s.7p"	"5G"	"5"		""	"L9974"	
"2086.8790"	"0.0003"	"2086.87910"	"0.00004"	"11"	""		"23481.37399"	"28273.21842"	""	"*"	"1"	""	""	"2"		""	"L9974"	
"2087.51450"	"0.00006"	"2087.514407"	"0.000022"	"410"	""		"17847.07751"	"22637.46361"	"5f.6d.7s2"	"3P*"	"2"	"5f.7s2.7p"	"3F"	"3"		""	"L14361"	
"2088.5266"	"0.0003"	"2088.52652"	"0.00006"	"29"	""		"21575.03713"	"26363.10178"	"6d3.(2P).7s"	""	"2"	""	"*"	"2"		""	"L9974"	
"2089.9596"	"0.0003"	"2089.95953"	"0.00003"	"7"	""		"13175.113345"	"17959.89498"	"5f.6d.7s2"	"3G*"	"4"	"6d3.(4F).7s"	"3F"	"4"		""	"L9974"	
"2090.0879"	"0.0003"	"2090.08809"	"0.00009"	"5"	""		"21578.61445"	"26363.10178"	"6d4"	"5D"	"1"	""	"*"	"2"		""	"L9974"	
"2091.5472"	"0.0004"	"2091.54695"	"0.00008"	"3"	""		"29050.73523"	"33831.88538"	""	"*"	"5"	""	""	"4"		""	"L9974"	
"2091.5838"	"0.0005"	"2091.58390"	"0.00008"	"1"	""		"27260.16801"	"32041.23370"	""	"*"	"3"	""	""	"2"		""	"L9974"	
"2092.6228"	"0.0003"	"2092.62257"	"0.00006"	"17"	""		"26363.10178"	"31141.79438"	""	"*"	"2"	"6d4"	"3D"	"3"		""	"L9974"	
"2092.7656"	"0.0004"	"2092.76586"	"0.00005"	"5"	""		"23752.68579"	"28531.05121"	""	"*"	"2"	"6d4"	""	"2"		""	"L9974"	
"2094.0635"	"0.0004"	"2094.06309"	"0.00022"	"9*"	""		"33591.1722"	"38366.5775"	"6d3.7p"	"5G*"	"3"	"6d4"	""	"4"		""	"L9974"	
"2094.1145"	"0.0004"	"2094.11436"	"0.00004"	"9"	""		"24981.11021"	"29756.39860"	""	"*"	"3"	""	""	"4"		""	"L9974"	
"2094.2184"	"0.0003"	"2094.21845"	"0.00013"	"31"	""		"28188.34547"	"32963.39652"	""	"*"	"6"	""	""	"5"		""	"L9974"	
"2095.7187"	"0.0003"	"2095.718853"	"0.000018"	"15"	""		"13297.43316"	"18069.065569"	"6d3.(2G).7s"	"3G"	"4"	"6d.7s2.7p"	"1F*"	"3"		""	"L9974"	
"2097.1270"	"0.0003"	"2097.12697"	"0.00004"	"19"	""		"21594.67329"	"26363.10178"	"6d3.(2F).7s"	"1F"	"3"	""	"*"	"2"		""	"L9974"	
"2097.9456"	"0.0003"	"2097.94564"	"0.00003"	"21"	""		"13847.77037"	"18614.33811"	"6d3.(4F).7s"	"3F"	"2"	"6d2.7s.7p"	"5D*"	"1"		""	"L9974"	
"2098.7513"	"0.0004"	"2098.75114"	"0.00004"	"9"	""		"17398.39526"	"22163.13360"	"6d3.(4F).7s"	""	"3"	""	"*"	"4"		""	"L9974"	
"2101.4955"	"0.0003"	"2101.495349"	"0.000022"	"13"	""		"13088.56115"	"17847.07751"	"6d3.(2G).7s"	"3G"	"3"	"5f.6d.7s2"	"3P*"	"2"		""	"L9974"	
"2101.75632"	"0.00022"	"2101.75633"	"0.00003"	"45"	""		"21165.098037"	"25923.02352"	"5f.6d.7s2"	"3D*"	"3"	"6d4"	"3H"	"4"		""	"L9974"	
"2101.8959"	"0.0005"	"2101.89665"	"0.00007"	"1"	""		"26508.02820"	"31265.63604"	""	"*"	"3"	""	""	"3"		""	"L9974"	
"2102.1777"	"0.0004"	"2102.17760"	"0.00004"	"3"	""		"22855.29928"	"27612.27129"	""	"*"	"3"	"6d4"	"3G"	"3"		""	"L9974"	
"2102.52563"	"0.00022"	"2102.525588"	"0.000022"	"63"	""		"13297.43316"	"18053.617845"	"6d3.(2G).7s"	"3G"	"4"	"6d.7s2.7p"	"3F*"	"4"		""	"L14361"	
"2104.4361"	"0.0004"	"2104.43642"	"0.00009"	"3"	""		"28347.54723"	"33099.41329"	""	"*"	"2"	""	""	"3"		""	"L9974"	
"2105.4584"	"0.0005"	"2105.45832"	"0.00022"	"1"	""		"34013.9166"	"38763.4763"	""	"*"	"5 or 6"	""	""	"5"		""	"L9974"	
"2106.5596"	"0.0005"	"2106.55952"	"0.00007"	"1"	""		"28321.00884"	"33068.08573"	""	"*"	"5"	""	""	"6"		""	"L9974"	
"2106.6237"	"0.0005"	"2106.62417"	"0.00006"	"1"	""		"27266.02670"	"32012.95790"	""	"*"	"4"	""	""	"4"		""	"L9974"	
"2106.6751"	"0.0005"	"2106.67569"	"0.00006"	"1"	""		"26790.42715"	"31537.24226"	""	"*"	"4"	""	""	"3"		""	"L9974"	
"2107.0914"	"0.0005"	"2107.0918"	"0.0003"	"1"	""		"33721.32901"	"38467.2068"	""	""	"2"	""	"*"	"2"		""	"L9974"	
"2107.4236"	"0.0005"	"2107.42420"	"0.00008"	"1"	""		"26971.46312"	"31716.59227"	""	""	"4"	""	"*"	"5"		""	"L9974"	
"2107.7996"	"0.0004"	"2107.79963"	"0.00009"	"3"	""		"22515.88404"	"27260.16801"	"6d4"	"5D"	"2"	""	"*"	"3"		""	"L9974"	
"2108.1827"	"0.0005"	"2108.18278"	"0.00008"	"1"	""		"23769.87615"	"28513.29787"	"5f.6d.7s.7p"	"5F"	"1"	""	"*"	"2"		""	"L9974"	
"2108.2771"	"0.0005"	"2108.27720"	"0.00004"	"1"	""		"17398.39526"	"22141.60454"	"6d3.(4F).7s"	""	"3"	""	"*"	"3"		""	"L9974"	
"2110.1191"	"0.0013"	"2110.11960"	"0.00005"	"200"	""		"21645.85769"	"26384.92556"	"6d3.(2G).7s"	""	"4"	""	"*"	"4"		""	"L3552"	
"2111.4128"	"0.0003"	"2111.41289"	"0.00004"	"21"	""		"17166.10472"	"21902.26981"	"6d3.(2H).7s"	"3H"	"5"	"5f.6d2.7s"	"3H*"	"4"		""	"L9974"	
"2112.3432"	"0.0003"	"2112.34315"	"0.00006"	"11"	""		"21143.42198"	"25877.50128"	"6d3.(2H).7s"	"1H"	"5"	""	"*"	"4"		""	"L9974"	
"2113.8418"	"0.0003"	"2113.84190"	"0.00003"	"33"	""		"19039.153374"	"23769.87615"	"6d.7s2.7p"	"3P*"	"2"	"5f.6d.7s.7p"	"5F"	"1"		""	"L9974"	
"2114.89586"	"0.00013"	"2114.89577"	"0.00003"	"150"	""		"11241.73043"	"15970.09583"	"5f.6d.7s2"	"3F*"	"3"	"6d3.(2D2).7s"	""	"3"		""	"L14361"	
"2115.0903"	"0.0004"	"2115.09087"	"0.00011"	"3"	""		"28680.73627"	"33408.66553"	""	"*"	"4"	""	""	"3"		""	"L9974"	
"2115.42620"	"0.00018"	"2115.42597"	"0.00004"	"85"	""		"23306.82782"	"28034.00813"	"5f.6d2.7s"	"3I*"	"6"	""	""	"5"		""	"L14361"	
"2116.2155"	"0.0004"	"2116.21573"	"0.00009"	"3"	""		"32023.58511"	"36749.00126"	""	"*"	"5"	""	""	"6"		""	"L9974"	
"2116.2685"	"0.0005"	"2116.26898"	"0.00003"	"1"	""		"21165.098037"	"25890.39529"	"5f.6d.7s2"	"3D*"	"3"	""	""	"2"		""	"L9974"	
"2117.8765"	"0.0004"	"2117.876544"	"0.000022"	"9"	""		"15493.21943"	"20214.92997"	"6d3.(2H).7s"	"3H"	"4"	"6d2.7s.7p"	"5D*"	"3"		""	"L9974"	
"2120.4459"	"0.0004"	"2120.44576"	"0.00003"	"5"	""		"21539.59257"	"26255.58209"	""	"*"	"4"	""	""	"4"		""	"L9974"	
"2120.9159"	"0.0004"	"2120.91572"	"0.00003"	"9"	""		"20054.77119"	"24769.71573"	"6d3.(2F).7s"	"3F"	"2"	""	"*"	"3"		""	"L9974"	
"2123.3935"	"0.0005"	"2123.39396"	"0.00005"	"1"	""		"23741.07467"	"28450.51635"	""	"*"	"1"	""	""	"1"		""	"L9974"	
"2124.4351"	"0.0005"	"2124.4357"	"0.0004"	"1"	""		"37558.5142"	"42265.6466"	""	""	"4"	""	"*"	"4"		""	"L9974"	
"2124.5466"	"0.0003"	"2124.54691"	"0.00003"	"21"	""		"23521.04909"	"28227.93504"	""	"*"	"3"	"5f.7s2.7p"	"3F"	"4"		""	"L9974"	
"2125.2961"	"0.0003"	"2125.29607"	"0.00003"	"11"	""		"22338.99484"	"27044.22163"	"5f.6d2.7s"	"5G*"	"3"	""	""	"3"		""	"L9974"	
"2125.5852"	"0.0004"	"2125.58522"	"0.00006"	"9"	""		"25306.76154"	"30011.34827"	""	"*"	"2"	""	""	"3"		""	"L9974"	
"2126.1862"	"0.0003"	"2126.18629"	"0.00004"	"15"	""		"23655.13881"	"28358.39555"	""	"*"	"4"	""	""	"3"		""	"L9974"	
"2126.6590"	"0.0003"	"2126.65903"	"0.00005"	"11"	""		"24850.30814"	"29552.51939"	""	"3I*"	"6"	"5f.6d.7s.7p"	"5H"	"6"		""	"L9974"	
"2127.6467"	"0.0005"	"2127.64665"	"0.00006"	"1"	""		"24182.42887"	"28882.45742"	""	"*"	"2"	""	""	"2"		""	"L9974"	
"2128.4594"	"0.0004"	"2128.45961"	"0.00018"	"9"	""		"33390.76362"	"38088.9970"	""	""	"1"	""	"*"	"2"		""	"L9974"	
"2128.4982"	"0.0005"	"2128.49787"	"0.00009"	"1"	""		"26232.29174"	"30930.44068"	"5f.6d2.7s"	"3H*"	"6"	"5f.6d.7s.7p"	"5H"	"6"		""	"L9974"	
"2128.6421"	"0.0003"	"2128.64212"	"0.00005"	"37"	""		"23752.68579"	"28450.51635"	""	"*"	"2"	""	""	"1"		""	"L9974"	
"2129.2854"	"0.0004"	"2129.28576"	"0.00018"	"7"	""		"33273.8588"	"37970.2693"	""	""	"1"	""	"*"	"2"		""	"L9974"	
"2131.1011"	"0.0005"	"2131.10113"	"0.00007"	"1"	""		"25321.91918"	"30014.32907"	""	"*"	"3"	"6d4"	""	"4"		""	"L9974"	
"2132.2134"	"0.0005"	"2132.21402"	"0.00005"	"1"	""		"25442.68552"	"30132.64625"	""	"*"	"3"	""	""	"2"		""	"L9974"	
"2132.4562"	"0.0004"	"2132.45574"	"0.00005"	"5"	""		"25321.91918"	"30011.34827"	""	"*"	"3"	""	""	"3"		""	"L9974"	
"2132.4979"	"0.0003"	"2132.49801"	"0.00004"	"19"	""		"22877.51748"	"27566.85363"	""	"*"	"1"	""	""	"2"		""	"L9974"	
"2133.3950"	"0.0004"	"2133.39501"	"0.00003"	"5"	""		"23655.13881"	"28342.50330"	""	"*"	"4"	"5f.7s2.7p"	"3G"	"5"		""	"L9974"	
"2135.3723"	"0.0005"	"2135.3720"	"0.0005"	"1*"	""		"36178.0396"	"40861.0644"	""	"*"	"4"	""	""	"4"		""	"L9974"	
"2135.3723"	"0.0005"	"2135.37291"	"0.00009"	"1*"	""		"23990.41162"	"28673.43441"	"5f.6d.7s.7p"	"5F"	"2"	""	"*"	"2"		""	"L9974"	
"2135.90289"	"0.00018"	"2135.90280"	"0.00005"	"85"	""		"18431.686609"	"23113.54761"	"5f.7s2.7p"	"3G"	"3"	"5f.6d2.7s"	"5G*"	"4"		""	"L9974"	
"2138.09411"	"0.00018"	"2138.09388"	"0.00003"	"95"	""		"9804.806547"	"14481.86965"	"6d3.(4F).7s"	"5F"	"5"	"5f.6d.7s2"	"3H*"	"6"		""	"L14361"	
"2139.3804"	"0.0005"	"2139.38167"	"0.00008"	"1"	""		"29733.32304"	"34407.57081"	""	"*"	"5"	""	""	"6"		""	"L9974"	
"2139.5629"	"0.0005"	"2139.56291"	"0.00003"	"1"	""		"22669.88918"	"27343.74101"	""	"*"	"3"	"5f.6d.7s.7p"	"5H"	"3"		""	"L9974"	
"2141.25967"	"0.00023"	"2141.25969"	"0.00005"	"39"	""		"19532.41646"	"24202.56462"	"6d3.(2F).7s"	"3F"	"4"	""	"*"	"4"		""	"L9974"	
"2141.3974"	"0.0004"	"2141.39740"	"0.00006"	"9"	""		"24981.11021"	"29650.95804"	""	"*"	"3"	""	""	"2"		""	"L9974"	
"2141.8758"	"0.0004"	"2141.87500"	"0.00008"	"7*"	""		"17847.07751"	"22515.88404"	"5f.6d.7s2"	"3P*"	"2"	"6d4"	"5D"	"2"		""	"L9974"	
"2141.8758"	"0.0004"	"2141.87687"	"0.00014"	"7*"	""		"29419.23183"	"34088.0343"	""	"*"	"2"	""	""	"2"		""	"L9974"	
"2142.1064"	"0.0003"	"2142.10636"	"0.00005"	"29"	""		"19713.03109"	"24381.33337"	"6d3.(2F).7s"	"3F"	"3"	""	"*"	"2"		""	"L9974"	
"2142.4571"	"0.0004"	"2142.457077"	"0.000018"	"5"	""		"14032.085336"	"18699.62342"	"6d.7s2.7p"	"3D*"	"2"	"5f.7s2.7p"	"3F"	"2"		""	"L9974"	
"2143.0582"	"0.0004"	"2143.058476"	"0.000023"	"9"	""		"22855.29928"	"27521.52753"	""	"*"	"3"	""	""	"4"		""	"L9974"	
"2143.6963"	"0.0004"	"2143.69582"	"0.00007"	"3"	""		"23306.82782"	"27971.66875"	"5f.6d2.7s"	"3I*"	"6"	"6d4"	"3H"	"6"		""	"L9974"	
"2144.8666"	"0.0003"	"2144.866482"	"0.000014"	"11"	""		"18431.686609"	"23093.98148"	"5f.7s2.7p"	"3G"	"3"	""	"*"	"2"		""	"L9974"	
"2146.2805"	"0.0004"	"2146.2803"	"0.0003"	"3"	""		"35440.9008"	"40100.1245"	"6d4"	""	"3"	""	"*"	"3"		""	"L9974"	
"2147.8709"	"0.0003"	"2147.87083"	"0.00006"	"29"	""		"25355.57481"	"30011.34827"	""	"*"	"4"	""	""	"3"		""	"L9974"	
"2149.3041"	"0.0004"	"2149.30419"	"0.00011"	"5"	""		"28034.00813"	"32686.67668"	""	""	"5"	"5f.6d3"	"5I*"	"5"		""	"L9974"	
"2151.1507"	"0.0004"	"2151.15073"	"0.00006"	"5"	""		"24769.71573"	"29418.39044"	""	"*"	"3"	""	""	"2"		""	"L9974"	
"2152.4714"	"0.0004"	"2152.47189"	"0.00019"	"3"	""		"32686.67668"	"37332.4981"	"5f.6d3"	"5I*"	"5"	"5f.6d2.7p "	"5K "	"6"		""	"L9974"	
"2152.4968"	"0.0003"	"2152.49693"	"0.00004"	"11"	""		"23916.89747"	"28562.66485"	""	"*"	"4"	""	""	"4"		""	"L9974"	
"2153.3004"	"0.0004"	"2153.30045"	"0.00012"	"3"	""		"30572.95496"	"35216.98873"	""	"*"	"6"	""	""	"5"		""	"L9974"	
"2153.3419"	"0.0003"	"2153.34193"	"0.00003"	"11"	""		"22877.58322"	"27521.52753"	""	"*"	"5"	""	""	"4"		""	"L9974"	
"2155.0374"	"0.0004"	"2155.03780"	"0.00003"	"3"	""		"22855.29928"	"27495.58911"	""	"*"	"3"	"5f2.7s2"	"3H"	"4"		""	"L9974"	
"2156.1133"	"0.0005"	"2156.11311"	"0.00004"	"1"	""		"23032.986182"	"27670.96178"	"5f.7s2.7p"	"3G"	"4"	""	"*"	"3"		""	"L9974"	
"2156.1981"	"0.0004"	"2156.19827"	"0.00003"	"9"	""		"21252.60286"	"25890.39529"	""	"*"	"2"	""	""	"2"		""	"L9974"	
"2157.9583"	"0.0004"	"2157.95790"	"0.00023"	"3"	""		"33721.32901"	"38355.3397"	""	""	"2"	""	"*"	"2"		""	"L9974"	
"2158.4565"	"0.0004"	"2158.45591"	"0.00003"	"3"	""		"22163.13360"	"26796.07511"	""	"*"	"4"	""	""	"3"		""	"L9974"	
"2158.6764"	"0.0003"	"2158.67641"	"0.00003"	"17"	""		"22338.99484"	"26971.46312"	"5f.6d2.7s"	"5G*"	"3"	""	""	"4"		""	"L9974"	
"2159.2141"	"0.0004"	"2159.21381"	"0.00008"	"3"	""		"27084.47278"	"31715.78811"	""	"*"	"6"	""	""	"6"		""	"L9974"	
"2160.4979"	"0.0003"	"2160.49772"	"0.00003"	"23"	""		"22637.46361"	"27266.02670"	"5f.7s2.7p"	"3F"	"3"	""	"*"	"4"		""	"L9974"	
"2161.15228"	"0.00023"	"2161.15234"	"0.00004"	"49"	""		"24307.74711"	"28934.90819"	""	"*"	"2"	""	""	"3"		""	"L9974"	
"2163.49177"	"0.00008"	"2163.49166"	"0.00004"	"210"	""		"11241.73043"	"15863.88829"	"5f.6d.7s2"	"3F*"	"3"	"6d3.(2D2).7s"	""	"2"		""	"L14361"	
"2164.3185"	"0.0014"	"2164.3226"	"0.0004"	"100"	""		"39525.1752"	"44145.5585"	""	""	"5"	""	"*"	"6"		""	"L2351"	
"2166.1268"	"0.0007"	"2166.12859"	"0.00023"	"23"	""		"29157.0908"	"33773.6219"	""	"*"	"1"	""	""	"1"		""	"L14361"	
"2166.16589"	"0.00014"	"2166.165851"	"0.000023"	"54"	""		"11601.03035"	"16217.482038"	"6d3.(4P).7s"	"5P"	"1"	"6d.7s2.7p"	"1D*"	"2"		""	"L14361"	
"2167.4065"	"0.0004"	"2167.40698"	"0.00008"	"3"	""		"26651.82788"	"31265.63604"	""	"*"	"2"	""	""	"3"		""	"L9974"	
"2168.2200"	"0.0005"	"2168.219796"	"0.000019"	"1"	""		"7502.287636"	"12114.36618"	"6d3.(4F).7s"	"5F"	"3"	"5f.6d.7s2"	"1D*"	"2"		""	"L9974"	
"2168.9546"	"0.0003"	"2168.95459"	"0.00005"	"15"	""		"21143.42198"	"25753.93805"	"6d3.(2H).7s"	"1H"	"5"	""	"*"	"5"		""	"L9974"	
"2170.9227"	"0.0005"	"2170.92293"	"0.00008"	"1"	""		"25526.31045"	"30132.64625"	""	"*"	"1"	""	""	"2"		""	"L9974"	
"2171.2180"	"0.0003"	"2171.21801"	"0.00005"	"25"	""		"23752.68579"	"28358.39555"	""	"*"	"2"	""	""	"3"		""	"L9974"	
"2171.2594"	"0.0003"	"2171.25960"	"0.00003"	"17"	""		"14204.26476"	"18809.88631"	"6d3.(2G).7s"	""	"5"	"6d2.7s.7p"	"5G*"	"4"		""	"L9974"	
"2171.3462"	"0.0006"	"2171.34584"	"0.00006"	"0"	""		"27852.74095"	"32458.17957"	""	"*"	"5"	""	""	"4"		""	"L9974"	
"2171.85115"	"0.00008"	"2171.851188"	"0.000019"	"230"	""		"8243.602091"	"12847.96912"	"5f.6d.7s2"	"3F*"	"2"	"6d3.(4P).7s"	"5P"	"3"		""	"L14361"	
"2171.9785"	"0.0005"	"2171.97815"	"0.00004"	"1"	""		"13945.307389"	"18549.40528"	"6d.7s2.7p"	"3F*"	"3"	"6d3.(4P).7s"	""	"2"		""	"L9974"	
"2174.9281"	"0.0004"	"2174.92911"	"0.00004"	"9"	""		"22399.39666"	"26997.24767"	"5f.6d2.7s"	"3I*"	"5"	"5f.6d.7s.7p"	"5I"	"6"		""	"L9974"	
"2174.99305"	"0.00005"	"2174.993017"	"0.000014"	"510"	""		"7280.123222"	"11877.839132"	"6d2.7s2"	""	"2"	"6d.7s2.7p"	"3D*"	"1"		""	"L14361"	
"2175.3260"	"0.0003"	"2175.326055"	"0.000024"	"37"	""		"17501.17592"	"22098.18793"	"5f.6d2.7s"	"5I*"	"5"	"5f.6d.7s.7p"	"5I"	"4"		""	"L9974"	
"2175.5551"	"0.0003"	"2175.55512"	"0.00003"	"17"	""		"15970.09583"	"20566.62381"	"6d3.(2D2).7s"	""	"3"	"6d2.7s.7p"	"5D*"	"4"		""	"L9974"	
"2176.2089"	"0.0014"	"2176.20851"	"0.00005"	"210"	""		"17073.80916"	"21668.957072"	"6d3.(4P).7s"	""	"1"	"6d2.7s.7p"	"5P*"	"1"		""	"L3552"	
"2176.7108"	"0.0004"	"2176.7101"	"0.0003"	"3"	""		"35046.0213"	"39640.1103"	""	"5F"	"1"	""	"*"	"2"		""	"L9974"	
"2177.1152"	"0.0004"	"2177.11517"	"0.00010"	"5"	""		"23355.37327"	"27948.60753"	"6d4"	"5D"	"3"	""	"*"	"4"		""	"L9974"	
"2178.8110"	"0.0006"	"2178.81134"	"0.00019"	"0"	""		"30651.16019"	"35240.8187"	"6d4"	""	"3"	""	"*"	"3"		""	"L9974"	
"2180.4018"	"0.0005"	"2180.40166"	"0.00006"	"1"	""		"26384.92556"	"30971.23650"	""	"*"	"4"	""	""	"4"		""	"L9974"	
"2181.5741"	"0.0004"	"2181.574275"	"0.000019"	"5"	""		"18053.617845"	"22637.46361"	"6d.7s2.7p"	"3F*"	"4"	"5f.7s2.7p"	"3F"	"3"		""	"L9974"	
"2181.7391"	"0.0004"	"2181.73922"	"0.00009"	"5"	""		"25703.40095"	"30286.90016"	""	"*"	"2"	""	""	"1"		""	"L9974"	
"2183.1420"	"0.0005"	"2183.14223"	"0.00019"	"1"	""		"30208.5794"	"34789.1330"	""	"*"	"2"	""	""	"2"		""	"L9974"	
"2183.5361"	"0.0006"	"2183.53560"	"0.00007"	"0"	""		"26384.92556"	"30964.65395"	""	"*"	"4"	""	""	"3"		""	"L9974"	
"2183.6419"	"0.0003"	"2183.64179"	"0.00019"	"19"	""		"33390.76362"	"37970.2693"	""	""	"1"	""	"*"	"2"		""	"L9974"	
"2183.6591"	"0.0004"	"2183.65939"	"0.00006"	"7*"	""		"24838.92167"	"29418.39044"	""	"*"	"1"	""	""	"2"		""	"L9974"	
"2183.6591"	"0.0004"	"2183.6596"	"0.0005"	"7*"	""		"37307.1417"	"41886.6101"	"6d4"	""	"3"	""	"*"	"3"		""	"L9974"	
"2185.1351"	"0.0005"	"2185.13538"	"0.00024"	"1"	""		"35117.9541"	"39694.3296"	""	"*"	"5 or 6"	"5f.6d2.7p "	"5I"	"5"		""	"L9974"	
"2185.9313"	"0.0004"	"2185.93076"	"0.00006"	"3"	""		"24307.74711"	"28882.45742"	""	"*"	"2"	""	""	"2"		""	"L9974"	
"2186.8457"	"0.0003"	"2186.84575"	"0.00004"	"23"	""		"23655.13881"	"28227.93504"	""	"*"	"4"	"5f.7s2.7p"	"3F"	"4"		""	"L9974"	
"2188.9510"	"0.0004"	"2188.951118"	"0.000019"	"7"	""		"18069.065569"	"22637.46361"	"6d.7s2.7p"	"1F*"	"3"	"5f.7s2.7p"	"3F"	"3"		""	"L9974"	
"2190.6439"	"0.0004"	"2190.64409"	"0.00010"	"5"	""		"26645.40609"	"31210.27358"	""	"*"	"5"	"6d4"	"1I"	"6"		""	"L9974"	
"2193.1720"	"0.0003"	"2193.17199"	"0.00003"	"37"	""		"15863.88829"	"20423.494218"	"6d3.(2D2).7s"	""	"2"	"6d.7s2.7p"	"3P*"	"1"		""	"L9974"	
"2194.1633"	"0.0005"	"2194.1631"	"0.0003"	"1"	""		"33721.32901"	"38278.8753"	""	""	"2"	""	"*"	"1"		""	"L9974"	
"2194.2317"	"0.0005"	"2194.23171"	"0.00014"	"1"	""		"31019.11347"	"35576.5173"	""	"*"	"4"	""	""	"3"		""	"L9974"	
"2194.3862"	"0.0005"	"2194.38623"	"0.00007"	"1"	""		"24032.22651"	"28589.30942"	"5f.6d.7s.7p"	"5G"	"4"	""	"*"	"3"		""	"L9974"	
"2195.09340"	"0.00010"	"2195.093355"	"0.000014"	"150"	""		"3687.987189"	"8243.602091"	"6d2.7s2"	""	"2"	"5f.6d.7s2"	"3F*"	"2"		""	"L14361"	
"2195.8089"	"0.0003"	"2195.80888"	"0.00011"	"15"	""		"17847.07751"	"22401.20793"	"5f.6d.7s2"	"3P*"	"2"	"6d3.(2P).7s"	""	"1"		""	"L9974"	
"2196.5380"	"0.0003"	"2196.53802"	"0.00004"	"23"	""		"15970.09583"	"20522.71449"	"6d3.(2D2).7s"	""	"3"	"6d2.7s.7p"	"3F*"	"2"		""	"L9974"	
"2196.6053"	"0.0005"	"2196.60566"	"0.00019"	"1"	""		"32023.58511"	"36576.0636"	""	"*"	"5"	""	""	"4"		""	"L9974"	
"2197.90731"	"0.00024"	"2197.90735"	"0.00010"	"73"	""		"28518.30342"	"33068.08573"	""	"*"	"7"	""	""	"6"		""	"L9974"	
"2198.4445"	"0.0003"	"2198.44443"	"0.00014"	"15"	""		"28188.34547"	"32737.01627"	""	"*"	"6"	""	""	"5"		""	"L9974"	
"2199.1910"	"0.0004"	"2199.19151"	"0.00003"	"3"	""		"22248.94952"	"26796.07511"	""	"*"	"2"	""	""	"3"		""	"L9974"	
"2199.2273"	"0.0004"	"2199.22736"	"0.00005"	"7"	""		"21143.42198"	"25690.47345"	"6d3.(2H).7s"	"1H"	"5"	""	"*"	"5"		""	"L9974"	
"2199.3765"	"0.0004"	"2199.37630"	"0.00005"	"5"	""		"19713.03109"	"24259.77463"	"6d3.(2F).7s"	"3F"	"3"	""	"*"	"4"		""	"L9974"	
"2199.6729"	"0.0003"	"2199.67289"	"0.00004"	"37"	""		"15166.900593"	"19713.03109"	"6d2.7s.7p"	"5G*"	"3"	"6d3.(2F).7s"	"3F"	"3"		""	"L9974"	
"2200.4248"	"0.0004"	"2200.42520"	"0.00004"	"3"	""		"18549.40528"	"23093.98148"	"6d3.(4P).7s"	""	"2"	""	"*"	"2"		""	"L9974"	
"2201.5023"	"0.0004"	"2201.50196"	"0.00009"	"5*"	""		"27084.47278"	"31626.82622"	""	"*"	"6"	""	""	"5"		""	"L9974"	
"2201.5023"	"0.0004"	"2201.50261"	"0.00006"	"5*"	""		"24561.65178"	"29104.00388"	""	"*"	"3"	"6d4"	"3G"	"4"		""	"L9974"	
"2201.7386"	"0.0005"	"2201.73910"	"0.00012"	"1"	""		"24880.22058"	"29422.08479"	""	"*"	"1"	"6d4"	""	"1"		""	"L9974"	
"2201.9314"	"0.0005"	"2201.93100"	"0.00008"	"1"	""		"26995.77389"	"31537.24226"	""	"*"	"3"	""	""	"3"		""	"L9974"	
"2203.5017"	"0.0004"	"2203.50137"	"0.00008"	"3"	""		"21575.03713"	"26113.26894"	"6d3.(2P).7s"	""	"2"	""	"*"	"2"		""	"L9974"	
"2203.5317"	"0.0005"	"2203.53145"	"0.00008"	"1"	""		"24880.22058"	"29418.39044"	""	"*"	"1"	""	""	"2"		""	"L9974"	
"2204.5008"	"0.0005"	"2204.50046"	"0.00003"	"1"	""		"22508.04658"	"27044.22163"	"6d2.7s.7p"	"5P*"	"2"	""	""	"3"		""	"L9974"	
"2205.7130"	"0.0005"	"2205.71274"	"0.00019"	"1"	""		"30255.45106"	"34789.1330"	""	"*"	"3"	""	""	"2"		""	"L9974"	
"2205.7847"	"0.0006"	"2205.78377"	"0.00005"	"0"	""		"24399.11564"	"28932.65158"	"5f.6d.7s.7p"	"5H"	"3"	""	"*"	"4"		""	"L9974"	
"2206.4616"	"0.0006"	"2206.46135"	"0.00005"	"0"	""		"23741.07467"	"28273.21842"	""	"*"	"1"	""	""	"2"		""	"L9974"	
"2207.9523"	"0.0003"	"2207.952461"	"0.000020"	"35"	""		"19503.143490"	"24032.22651"	"6d2.7s.7p"	"5F*"	"3"	"5f.6d.7s.7p"	"5G"	"4"		""	"L9974"	
"2208.8496"	"0.0003"	"2208.84966"	"0.00005"	"19"	""		"25321.91918"	"29849.16255"	""	"*"	"3"	""	""	"4"		""	"L9974"	
"2208.9542"	"0.0003"	"2208.95436"	"0.00024"	"29"	""		"38097.0931"	"42624.1219"	""	""	"2"	""	"*"	"1"		""	"L9974"	
"2209.8333"	"0.0004"	"2209.83291"	"0.00009"	"3"	""		"27191.36326"	"31716.59227"	"5f.6d.7s.7p"	"5G"	"5"	""	"*"	"5"		""	"L9974"	
"2209.9386"	"0.0005"	"2209.93834"	"0.00020"	"1"	""		"32686.67668"	"37211.6898"	"5f.6d3"	"5I*"	"5"	""	""	"5"		""	"L9974"	
"2210.4311"	"0.0005"	"2210.43127"	"0.00015"	"1"	""		"29197.32496"	"33721.32901"	""	"*"	"1"	""	""	"2"		""	"L9974"	
"2210.96615"	"0.00007"	"2210.96631"	"0.00003"	"290"	""		"16554.24283"	"21077.152101"	"6d3.(2H).7s"	"3H"	"6"	"6d2.7s.7p"	"5F*"	"5"		""	"L14361"	
"2211.3459"	"0.0004"	"2211.3457"	"0.0003"	"3"	""		"35089.38959"	"39611.5229"	""	""	"3"	""	"*"	"3"		""	"L9974"	
"2213.0768"	"0.0005"	"2213.07698"	"0.00007"	"1"	""		"21594.67329"	"26113.26894"	"6d3.(2F).7s"	"1F"	"3"	""	"*"	"2"		""	"L9974"	
"2214.1349"	"0.0005"	"2214.13535"	"0.00015"	"1"	""		"31780.86008"	"36297.2958"	""	"*"	"3"	""	""	"4"		""	"L9974"	
"2214.2729"	"0.0005"	"2214.27282"	"0.00006"	"1"	""		"26036.34930"	"30552.50463"	""	"*"	"3"	""	""	"4"		""	"L9974"	
"2217.5045"	"0.0003"	"2217.50532"	"0.00007"	"11"	""		"27948.60753"	"32458.17957"	""	"*"	"4"	""	""	"4"		""	"L9974"	
"2219.0781"	"0.0004"	"2219.07798"	"0.00003"	"3"	""		"23015.15141"	"27521.52753"	""	"*"	"5"	""	""	"4"		""	"L9974"	
"2219.4136"	"0.0004"	"2219.41373"	"0.00025"	"7"	""		"35794.3768"	"40300.0712"	"6d4"	"3F1"	"4"	""	"*"	"4"		""	"L9974"	
"2220.2669"	"0.0004"	"2220.26714"	"0.00005"	"5"	""		"26048.54211"	"30552.50463"	""	"*"	"4"	""	""	"4"		""	"L9974"	
"2220.3108"	"0.0004"	"2220.31051"	"0.00005"	"3"	""		"17398.39526"	"21902.26981"	"6d3.(4F).7s"	""	"3"	"5f.6d2.7s"	"3H*"	"4"		""	"L9974"	
"2221.2062"	"0.0005"	"2221.20660"	"0.00005"	"1"	""		"27521.52753"	"32023.58511"	""	""	"4"	""	"*"	"5"		""	"L9974"	
"2222.1958"	"0.0003"	"2222.19584"	"0.00004"	"15"	""		"18549.40528"	"23049.45870"	"6d3.(4P).7s"	""	"2"	""	"*"	"1"		""	"L9974"	
"2227.4036"	"0.0005"	"2227.40290"	"0.00005"	"1*"	""		"19713.03109"	"24202.56462"	"6d3.(2F).7s"	"3F"	"3"	""	"*"	"4"		""	"L9974"	
"2227.4036"	"0.0005"	"2227.4045"	"0.0003"	"1*"	""		"32551.61408"	"37041.1444"	""	""	"3"	""	"*"	"4"		""	"L9974"	
"2228.1530"	"0.0005"	"2228.15317"	"0.00011"	"1"	""		"27674.32522"	"32162.34702"	""	"*"	"2"	""	""	"2"		""	"L9974"	
"2228.9689"	"0.0004"	"2228.968955"	"0.000015"	"9"	""		"13945.307389"	"18431.686609"	"6d.7s2.7p"	"3F*"	"3"	"5f.7s2.7p"	"3G"	"3"		""	"L9974"	
"2232.4046"	"0.0004"	"2232.40481"	"0.00006"	"3"	""		"25355.57481"	"29835.04913"	""	"*"	"4"	""	""	"3"		""	"L9974"	
"2232.4392"	"0.0003"	"2232.43926"	"0.00004"	"15"	""		"19273.28060"	"23752.68579"	"6d3.(2P).7s"	""	"2"	""	"*"	"2"		""	"L9974"	
"2233.7256"	"0.0005"	"2233.72623"	"0.00010"	"1"	""		"29050.73523"	"33527.55959"	""	"*"	"5"	""	""	"4"		""	"L9974"	
"2234.5325"	"0.0005"	"2234.53257"	"0.00006"	"1"	""		"26790.42715"	"31265.63604"	""	"*"	"4"	""	""	"3"		""	"L9974"	
"2234.7123"	"0.0004"	"2234.71252"	"0.00007"	"3"	""		"18574.61019"	"23049.45870"	"6d3.(2P).7s"	""	"1"	""	"*"	"1"		""	"L9974"	
"2235.08624"	"0.00025"	"2235.08645"	"0.00010"	"65"	""		"11877.839132"	"16351.93901"	"6d.7s2.7p"	"3D*"	"1"	"6d2.7s2"	""	"0"		""	"L14361"	
"2235.6995"	"0.0004"	"2235.69994"	"0.00004"	"7"	""		"23093.98148"	"27566.85363"	""	"*"	"2"	""	""	"2"		""	"L9974"	
"2237.1735"	"0.0004"	"2237.17326"	"0.00008"	"5"	""		"24210.80979"	"28680.73627"	"6d4"	"5D"	"4"	""	"*"	"4"		""	"L9974"	
"2238.3875"	"0.0003"	"2238.387644"	"0.000020"	"37"	""		"18809.88631"	"23277.38774"	"6d2.7s.7p"	"5G*"	"4"	"5f.6d.7s.7p"	"5I"	"5"		""	"L9974"	
"2241.7386"	"0.0006"	"2241.73832"	"0.00011"	"1"	""		"24838.92167"	"29299.74563"	""	"*"	"1"	""	""	"0"		""	"L9974"	
"2241.7873"	"0.0006"	"2241.7878"	"0.0003"	"1"	""		"35046.0213"	"39506.7468"	""	"5F"	"1"	""	"*"	"1 or 2"		""	"L9974"	
"2241.8545"	"0.0005"	"2241.85497"	"0.00010"	"3"	""		"28321.00884"	"32781.60068"	""	"*"	"5"	""	""	"4"		""	"L9974"	
"2242.3352"	"0.0004"	"2242.33509"	"0.00004"	"5"	""		"23521.04909"	"27980.68586"	""	"*"	"3"	""	""	"3"		""	"L9974"	
"2242.4218"	"0.0005"	"2242.42290"	"0.00004"	"3"	""		"26048.54211"	"30508.00424"	""	"*"	"4"	""	""	"5"		""	"L9974"	
"2243.6211"	"0.0004"	"2243.62125"	"0.00004"	"5"	""		"22338.99484"	"26796.07511"	"5f.6d2.7s"	"5G*"	"3"	""	""	"3"		""	"L9974"	
"2243.6786"	"0.0005"	"2243.67885"	"0.00006"	"3"	""		"20214.92997"	"24671.89582"	"6d2.7s.7p"	"5D*"	"3"	"6d3.(2D1).7s"	"3D"	"2"		""	"L9974"	
"2244.3517"	"0.0004"	"2244.351694"	"0.000020"	"15"	""		"14243.993748"	"18699.62342"	"5f.6d.7s2"	"3P*"	"1"	"5f.7s2.7p"	"3F"	"2"		""	"L9974"	
"2244.4076"	"0.0006"	"2244.40708"	"0.00006"	"1"	""		"26096.98491"	"30552.50463"	""	"*"	"3"	""	""	"4"		""	"L9974"	
"2244.5802"	"0.0004"	"2244.58037"	"0.00003"	"11"	""		"15493.21943"	"19948.395175"	"6d3.(2H).7s"	"3H"	"4"	"6d2.7s.7p"	"5F*"	"4"		""	"L9974"	
"2245.2388"	"0.0004"	"2245.23901"	"0.00005"	"9"	""		"21594.67329"	"26048.54211"	"6d3.(2F).7s"	"1F"	"3"	""	"*"	"4"		""	"L9974"	
"2245.5973"	"0.0005"	"2245.59800"	"0.00020"	"3"	""		"35015.5227"	"39468.6795"	""	""	"2"	""	"*"	"3"		""	"L9974"	
"2246.8268"	"0.0006"	"2246.82724"	"0.00003"	"1"	""		"19948.395175"	"24399.11564"	"6d2.7s.7p"	"5F*"	"4"	"5f.6d.7s.7p"	"5H"	"3"		""	"L9974"	
"2248.7986"	"0.0004"	"2248.79879"	"0.00009"	"5"	""		"18069.065569"	"22515.88404"	"6d.7s2.7p"	"1F*"	"3"	"6d4"	"5D"	"2"		""	"L9974"	
"2250.29379"	"0.00015"	"2250.29375"	"0.00003"	"92"	""		"19588.36224"	"24032.22651"	"6d2.7s.7p"	"5G*"	"5"	"5f.6d.7s.7p"	"5G"	"4"		""	"L14361"	
"2251.4926"	"0.0007"	"2251.49259"	"0.00005"	"0"	""		"23916.89747"	"28358.39555"	""	"*"	"4"	""	""	"3"		""	"L9974"	
"2251.6524"	"0.0007"	"2251.65218"	"0.00007"	"0"	""		"27852.74095"	"32293.92422"	""	"*"	"5"	""	""	"5"		""	"L9974"	
"2252.0054"	"0.0003"	"2252.00553"	"0.00005"	"19"	""		"24701.04375"	"29141.53019"	""	"*"	"5"	""	""	"5"		""	"L9974"	
"2252.5051"	"0.0004"	"2252.50506"	"0.00005"	"7"	""		"17959.89498"	"22399.39666"	"6d3.(4F).7s"	"3F"	"4"	"5f.6d2.7s"	"3I*"	"5"		""	"L9974"	
"2253.6328"	"0.0004"	"2253.63274"	"0.00006"	"5"	""		"24981.11021"	"29418.39044"	""	"*"	"3"	""	""	"2"		""	"L9974"	
"2253.7228"	"0.0006"	"2253.7232"	"0.0003"	"1"	""		"23769.87615"	"28206.9782"	"5f.6d.7s.7p"	"5F"	"1"	""	"*"	"0"		""	"L9974"	
"2254.1289"	"0.0005"	"2254.12911"	"0.00006"	"3"	""		"25575.04516"	"30011.34827"	""	"*"	"4"	""	""	"3"		""	"L9974"	
"2254.39164"	"0.00015"	"2254.39160"	"0.00003"	"130"	""		"15618.98461"	"20054.77119"	"5f.6d2.7s"	"5H*"	"3"	"6d3.(2F).7s"	"3F"	"2"		""	"L14361"	
"2255.0560"	"0.0003"	"2255.05613"	"0.00006"	"35"	""		"25321.91918"	"29756.39860"	""	"*"	"3"	""	""	"4"		""	"L9974"	
"2257.7215"	"0.0005"	"2257.72097"	"0.00007"	"3"	""		"25703.40095"	"30132.64625"	""	"*"	"2"	""	""	"2"		""	"L9974"	
"2259.1935"	"0.0007"	"2259.19295"	"0.00009"	"0"	""		"30517.10597"	"34943.46540"	""	"*"	"5"	""	""	"6"		""	"L9974"	
"2259.5775"	"0.0006"	"2259.57765"	"0.00003"	"1"	""		"23916.89747"	"28342.50330"	""	"*"	"4"	"5f.7s2.7p"	"3G"	"5"		""	"L9974"	
"2260.1384"	"0.0004"	"2260.13906"	"0.00005"	"5"	""		"24421.05861"	"28845.56513"	""	"*"	"3"	"5f.6d.7s.7p"	"5H"	"4"		""	"L9974"	
"2262.05493"	"0.00009"	"2262.05481"	"0.00003"	"200"	""		"6362.395980"	"10783.15535"	"6d3.(4F).7s"	"5F"	"2"	"6d.7s2.7p"	"3F*"	"2"		""	"L14361"	
"2262.2863"	"0.0003"	"2262.28641"	"0.00005"	"17"	""		"13962.51989"	"18382.82669"	"6d3.(2D2).7s"	""	"1"	"6d2.7s.7p"	"5D*"	"0"		""	"L9974"	
"2262.6859"	"0.0006"	"2262.68658"	"0.00012"	"1"	""		"24880.22058"	"29299.74563"	""	"*"	"1"	""	""	"0"		""	"L9974"	
"2264.4889"	"0.0006"	"2264.48894"	"0.00010"	"1"	""		"28321.00884"	"32737.01627"	""	"*"	"5"	""	""	"5"		""	"L9974"	
"2265.23680"	"0.00015"	"2265.23672"	"0.00003"	"120"	""		"11802.93238"	"16217.482038"	"6d3.(4P).7s"	"5P"	"2"	"6d.7s2.7p"	"1D*"	"2"		""	"L14361"	
"2267.6552"	"0.0006"	"2267.65583"	"0.00005"	"1"	""		"22098.18793"	"26508.02820"	"5f.6d.7s.7p"	"5I"	"4"	""	"*"	"3"		""	"L9974"	
"2268.1007"	"0.0005"	"2268.10078"	"0.00015"	"3"	""		"29197.32496"	"33606.30012"	""	"*"	"1"	""	""	"2"		""	"L9974"	
"2268.3988"	"0.0006"	"2268.39972"	"0.00013"	"1"	""		"29197.90600"	"33606.30012"	""	"*"	"2"	""	""	"2"		""	"L9974"	
"2268.6127"	"0.0007"	"2268.61288"	"0.00005"	"0"	""		"23113.54761"	"27521.52753"	"5f.6d2.7s"	"5G*"	"4"	""	""	"4"		""	"L9974"	
"2271.63766"	"0.00015"	"2271.63772"	"0.00003"	"84"	""		"9804.806547"	"14206.91694"	"6d3.(4F).7s"	"5F"	"5"	"5f.6d.7s2"	"3F*"	"4"		""	"L14361"	
"2272.3015"	"0.0006"	"2272.30184"	"0.00006"	"1"	""		"25355.57481"	"29756.39860"	""	"*"	"4"	""	""	"4"		""	"L9974"	
"2272.9322"	"0.0004"	"2272.933245"	"0.000015"	"5"	""		"14032.085336"	"18431.686609"	"6d.7s2.7p"	"3D*"	"2"	"5f.7s2.7p"	"3G"	"3"		""	"L9974"	
"2273.4364"	"0.0005"	"2273.43641"	"0.00009"	"3"	""		"26796.07511"	"31194.70265"	""	""	"3"	"5f.6d3"	"5I*"	"4"		""	"L9974"	
"2273.4851"	"0.0006"	"2273.4861"	"0.0003"	"1"	""		"28206.9782"	"32605.50954"	""	"*"	"0"	""	""	"1"		""	"L9974"	
"2275.6452"	"0.0003"	"2275.645240"	"0.000021"	"17"	""		"18699.62342"	"23093.98148"	"5f.7s2.7p"	"3F"	"2"	""	"*"	"2"		""	"L9974"	
"2276.6783"	"0.0006"	"2276.67855"	"0.00005"	"1"	""		"25442.68552"	"29835.04913"	""	"*"	"3"	""	""	"3"		""	"L9974"	
"2276.7092"	"0.0004"	"2276.70942"	"0.00005"	"9"	""		"20522.71449"	"24915.01853"	"6d2.7s.7p"	"3F*"	"2"	"6d3.(2D1).7s"	"3D"	"3"		""	"L9974"	
"2276.8131"	"0.0006"	"2276.81329"	"0.00003"	"1"	""		"18809.88631"	"23201.98997"	"6d2.7s.7p"	"5G*"	"4"	"5f.6d.7s.7p"	"5G"	"3"		""	"L9974"	
"2279.1932"	"0.0003"	"2279.19311"	"0.00006"	"19"	""		"14226.82045"	"18614.33811"	"6d3.(2P).7s"	""	"0"	"6d2.7s.7p"	"5D*"	"1"		""	"L9974"	
"2280.3206"	"0.0005"	"2280.32082"	"0.00010"	"3"	""		"16351.93901"	"20737.28686"	"6d2.7s2"	""	"0"	""	"*"	"1"		""	"L9974"	
"2280.7717"	"0.0004"	"2280.77165"	"0.00005"	"5"	""		"19532.41646"	"23916.89747"	"6d3.(2F).7s"	"3F"	"4"	""	"*"	"4"		""	"L9974"	
"2282.0413"	"0.0005"	"2282.04137"	"0.00006"	"3"	""		"23113.54761"	"27495.58911"	"5f.6d2.7s"	"5G*"	"4"	"5f2.7s2"	"3H"	"4"		""	"L9974"	
"2283.4754"	"0.0004"	"2283.47522"	"0.00016"	"7"	""		"35089.38959"	"39468.6795"	""	""	"3"	""	"*"	"3"		""	"L9974"	
"2283.5744"	"0.0003"	"2283.57432"	"0.00005"	"37"	""		"17959.89498"	"22338.99484"	"6d3.(4F).7s"	"3F"	"4"	"5f.6d2.7s"	"5G*"	"3"		""	"L9974"	
"2283.6946"	"0.0006"	"2283.69455"	"0.00004"	"1"	""		"23655.13881"	"28034.00813"	""	"*"	"4"	""	""	"5"		""	"L9974"	
"2284.0810"	"0.0003"	"2284.081066"	"0.000016"	"27"	""		"3865.473772"	"8243.602091"	"6d2.7s2"	"3P"	"1"	"5f.6d.7s2"	"3F*"	"2"		""	"L9974"	
"2285.0178"	"0.0003"	"2285.017958"	"0.000021"	"23"	""		"12847.96912"	"17224.302340"	"6d3.(4P).7s"	"5P"	"3"	"6d2.7s.7p"	"5F*"	"2"		""	"L9974"	
"2285.78581"	"0.00021"	"2285.785538"	"0.000016"	"56"	""		"8800.249723"	"13175.113345"	"6d3.(4F).7s"	"5F"	"4"	"5f.6d.7s2"	"3G*"	"4"		""	"L14361"	
"2286.1400"	"0.0003"	"2286.14027"	"0.00003"	"57"	""		"18614.33811"	"22988.52291"	"6d2.7s.7p"	"5D*"	"1"	"5f.6d.7s.7p"	"5G"	"2"		""	"L9974"	
"2286.5050"	"0.0006"	"2286.50412"	"0.00005"	"1*"	""		"21738.05013"	"26111.53886"	"5f.6d2.7s"	"5G*"	"2"	""	""	"1"		""	"L9974"	
"2286.5050"	"0.0006"	"2286.50458"	"0.00004"	"1*"	""		"17166.10472"	"21539.59257"	"6d3.(2H).7s"	"3H"	"5"	""	"*"	"4"		""	"L9974"	
"2286.6254"	"0.0004"	"2286.62559"	"0.00004"	"7"	""		"24561.65178"	"28934.90819"	""	"*"	"3"	""	""	"3"		""	"L9974"	
"2286.7072"	"0.0004"	"2286.70683"	"0.00016"	"5"	""		"31716.59227"	"36089.6933"	""	"*"	"5"	""	""	"4"		""	"L9974"	
"2287.03434"	"0.00010"	"2287.03426"	"0.00006"	"140"	""		"25180.04445"	"29552.51939"	"5f.6d2.7s"	"*"	"7"	"5f.6d.7s.7p"	"5H"	"6"		""	"L14361"	
"2287.5373"	"0.0005"	"2287.53780"	"0.00006"	"3"	""		"24307.74711"	"28679.25957"	""	"*"	"2"	""	""	"2"		""	"L9974"	
"2288.0618"	"0.0007"	"2288.06226"	"0.00010"	"0"	""		"30572.95496"	"34943.46540"	""	"*"	"6"	""	""	"6"		""	"L9974"	
"2288.1352"	"0.0004"	"2288.13529"	"0.00005"	"13"	""		"17224.302340"	"21594.67329"	"6d2.7s.7p"	"5F*"	"2"	"6d3.(2F).7s"	"1F"	"3"		""	"L9974"	
"2288.1861"	"0.0006"	"2288.18714"	"0.00010"	"1"	""		"27670.96178"	"32041.23370"	""	"*"	"3"	""	""	"2"		""	"L9974"	
"2289.5519"	"0.0006"	"2289.55132"	"0.00021"	"1"	""		"33721.32901"	"38088.9970"	""	""	"2"	""	"*"	"2"		""	"L9974"	
"2289.9494"	"0.0006"	"2289.94953"	"0.00012"	"1"	""		"27674.32522"	"32041.23370"	""	"*"	"2"	""	""	"2"		""	"L9974"	
"2290.6810"	"0.0004"	"2290.68003"	"0.00005"	"7"	""		"15166.900593"	"19532.41646"	"6d2.7s.7p"	"5G*"	"3"	"6d3.(2F).7s"	"3F"	"4"		""	"L9974"	
"2290.7147"	"0.0003"	"2290.71482"	"0.00005"	"71"	""		"21890.13254"	"26255.58209"	""	"*"	"3"	""	""	"4"		""	"L9974"	
"2291.4923"	"0.0005"	"2291.49189"	"0.00021"	"3"	""		"33606.30012"	"37970.2693"	""	""	"2"	""	"*"	"2"		""	"L9974"	
"2292.1852"	"0.0004"	"2292.18483"	"0.00011"	"5"	""		"22141.60454"	"26504.25448"	""	"*"	"3"	"6d3.(2D1).7s"	"1D"	"2"		""	"L9974"	
"2292.2629"	"0.0004"	"2292.26308"	"0.00008"	"11"	""		"23609.16775"	"27971.66875"	""	"*"	"5"	"6d4"	"3H"	"6"		""	"L9974"	
"2296.5740"	"0.0004"	"2296.57400"	"0.00010"	"13"	""		"17224.302340"	"21578.61445"	"6d2.7s.7p"	"5F*"	"2"	"6d4"	"5D"	"1"		""	"L9974"	
"2297.1013"	"0.0003"	"2297.10146"	"0.00005"	"41"	""		"21902.26981"	"26255.58209"	"5f.6d2.7s"	"3H*"	"4"	""	""	"4"		""	"L9974"	
"2298.4621"	"0.0004"	"2298.46232"	"0.00006"	"11"	""		"17224.302340"	"21575.03713"	"6d2.7s.7p"	"5F*"	"2"	"6d3.(2P).7s"	""	"2"		""	"L9974"	
"2299.1552"	"0.0004"	"2299.1549"	"0.0004"	"5"	""		"39804.1450"	"44153.5692"	""	""	"2"	""	"*"	"2"		""	"L9974"	
"2299.2438"	"0.0006"	"2299.24361"	"0.00006"	"1"	""		"27852.74095"	"32201.99736"	""	"*"	"5"	""	""	"5"		""	"L9974"	
"2300.8433"	"0.0005"	"2300.84343"	"0.00021"	"3"	""		"33390.76362"	"37736.9959"	""	""	"1"	""	"*"	"2"		""	"L9974"	
"2301.3281"	"0.0003"	"2301.32824"	"0.00007"	"29"	""		"27948.60753"	"32293.92422"	""	"*"	"4"	""	""	"5"		""	"L9974"	
"2304.3311"	"0.0004"	"2304.33071"	"0.00005"	"9"	""		"17398.39526"	"21738.05013"	"6d3.(4F).7s"	""	"3"	"5f.6d2.7s"	"5G*"	"2"		""	"L9974"	
"2304.4888"	"0.0006"	"2304.48857"	"0.00008"	"1"	""		"25405.16237"	"29744.51997"	"5f.6d.7s.7p"	"5H"	"4"	""	"*"	"3"		""	"L9974"	
"2308.5781"	"0.0007"	"2308.57852"	"0.00016"	"0"	""		"30517.38856"	"34849.05842"	""	"*"	"4"	""	""	"5"		""	"L9974"	
"2308.8284"	"0.0005"	"2308.82849"	"0.00008"	"3"	""		"26995.77389"	"31326.97478"	""	"*"	"3"	""	""	"4"		""	"L9974"	
"2309.1403"	"0.0004"	"2309.14008"	"0.00007"	"5"	""		"14243.993748"	"18574.61019"	"5f.6d.7s2"	"3P*"	"1"	"6d3.(2P).7s"	""	"1"		""	"L9974"	
"2309.9820"	"0.0006"	"2309.98157"	"0.00007"	"1"	""		"25321.91918"	"29650.95804"	""	"*"	"3"	""	""	"2"		""	"L9974"	
"2310.2021"	"0.0004"	"2310.20198"	"0.00005"	"5"	""		"25355.57481"	"29684.20065"	""	"*"	"4"	"5f.6d.7s.7p"	"5H"	"5"		""	"L9974"	
"2310.4497"	"0.0006"	"2310.45027"	"0.00005"	"1"	""		"25405.16237"	"29733.32304"	"5f.6d.7s.7p"	"5H"	"4"	""	"*"	"5"		""	"L9974"	
"2310.4764"	"0.0006"	"2310.47615"	"0.00005"	"1"	""		"18549.40528"	"22877.51748"	"6d3.(4P).7s"	""	"2"	""	"*"	"1"		""	"L9974"	
"2311.6814"	"0.0007"	"2311.68157"	"0.00021"	"0"	""		"32885.83448"	"37211.6898"	""	"*"	"6"	""	""	"5"		""	"L9974"	
"2311.8462"	"0.0006"	"2311.84631"	"0.00005"	"1"	""		"23655.13881"	"27980.68586"	""	"*"	"4"	""	""	"3"		""	"L9974"	
"2312.3051"	"0.0007"	"2312.30487"	"0.00009"	"0"	""		"27670.96178"	"31995.65103"	""	"*"	"3"	""	""	"4"		""	"L9974"	
"2312.7507"	"0.0004"	"2312.75067"	"0.00008"	"9"	""		"25690.47345"	"30014.32907"	""	"*"	"5"	"6d4"	""	"4"		""	"L9974"	
"2313.3887"	"0.0003"	"2313.388619"	"0.000021"	"17"	""		"13088.56115"	"17411.224415"	"6d3.(2G).7s"	"3G"	"3"	"6d.7s2.7p"	"3D*"	"3"		""	"L9974"	
"2314.3830"	"0.0007"	"2314.38320"	"0.00006"	"0"	""		"24561.65178"	"28882.45742"	""	"*"	"3"	""	""	"2"		""	"L9974"	
"2315.3930"	"0.0006"	"2315.39372"	"0.00021"	"1"	""		"35149.75961"	"39468.6795"	""	""	"2"	""	"*"	"3"		""	"L9974"	
"2315.99258"	"0.00006"	"2315.99257"	"0.00003"	"380"	""		"15736.968041"	"20054.77119"	"6d2.7s.7p"	"5F*"	"1"	"6d3.(2F).7s"	"3F"	"2"		""	"L14361"	
"2317.1811"	"0.0006"	"2317.18107"	"0.00011"	"1"	""		"23355.37327"	"27670.96178"	"6d4"	"5D"	"3"	""	"*"	"3"		""	"L9974"	
"2318.17789"	"0.00021"	"2318.17791"	"0.00005"	"87"	""		"16554.24283"	"20867.97560"	"6d3.(2H).7s"	"3H"	"6"	"5f.6d2.7s"	"5I*"	"7"		""	"L14361"	
"2322.3983"	"0.0003"	"2322.39809"	"0.00005"	"19"	""		"18549.40528"	"22855.29928"	"6d3.(4P).7s"	""	"2"	""	"*"	"3"		""	"L9974"	
"2324.6886"	"0.0007"	"2324.6880"	"0.0003"	"0"	""		"33591.1722"	"37892.8248"	"6d3.7p"	"5G*"	"3"	"5f.6d2.7p "	"5I"	"4"		""	"L9974"	
"2324.7305"	"0.0006"	"2324.73047"	"0.00003"	"1"	""		"22669.88918"	"26971.46312"	""	"*"	"3"	""	""	"4"		""	"L9974"	
"2324.8022"	"0.0005"	"2324.80310"	"0.00012"	"3"	""		"28480.16113"	"32781.60068"	""	"*"	"4"	""	""	"4"		""	"L9974"	
"2326.7035"	"0.0007"	"2326.70352"	"0.00006"	"0"	""		"24381.33337"	"28679.25957"	""	"*"	"2"	""	""	"2"		""	"L9974"	
"2327.6449"	"0.0003"	"2327.64479"	"0.00003"	"31"	""		"11197.031257"	"15493.21943"	"5f.6d.7s2"	"3H*"	"5"	"6d3.(2H).7s"	"3H"	"4"		""	"L9974"	
"2330.3384"	"0.0004"	"2330.33851"	"0.00006"	"9"	""		"24850.30814"	"29141.53019"	""	"3I*"	"6"	""	""	"5"		""	"L9974"	
"2332.0739"	"0.0003"	"2332.07404"	"0.00003"	"17"	""		"22508.04658"	"26796.07511"	"6d2.7s.7p"	"5P*"	"2"	""	""	"3"		""	"L9974"	
"2332.1147"	"0.0005"	"2332.11486"	"0.00005"	"3"	""		"24274.71139"	"28562.66485"	""	"*"	"5"	""	""	"4"		""	"L9974"	
"2332.7764"	"0.0005"	"2332.77631"	"0.00005"	"3"	""		"22098.18793"	"26384.92556"	"5f.6d.7s.7p"	"5I"	"4"	""	"*"	"4"		""	"L9974"	
"2333.70333"	"0.00022"	"2333.70345"	"0.00009"	"89"	""		"26645.40609"	"30930.44068"	""	"*"	"5"	"5f.6d.7s.7p"	"5H"	"6"		""	"L9974"	
"2333.7363"	"0.0005"	"2333.73628"	"0.00007"	"3"	""		"23306.82782"	"27591.80212"	"5f.6d2.7s"	"3I*"	"6"	"6d4"	"3H"	"5"		""	"L9974"	
"2334.9061"	"0.0007"	"2334.90532"	"0.00014"	"0*"	""		"28513.29787"	"32796.12677"	""	"*"	"2"	""	""	"3"		""	"L9974"	
"2334.9061"	"0.0007"	"2334.90582"	"0.00007"	"0*"	""		"21594.67329"	"25877.50128"	"6d3.(2F).7s"	"1F"	"3"	""	"*"	"4"		""	"L9974"	
"2334.9970"	"0.0004"	"2334.99727"	"0.00008"	"5"	""		"28680.73627"	"32963.39652"	""	"*"	"4"	""	""	"5"		""	"L9974"	
"2338.7917"	"0.0004"	"2338.79149"	"0.00010"	"15"	""		"26232.29174"	"30508.00424"	"5f.6d2.7s"	"3H*"	"6"	""	""	"5"		""	"L9974"	
"2339.6645"	"0.0004"	"2339.66433"	"0.00007"	"5"	""		"25575.04516"	"29849.16255"	""	"*"	"4"	""	""	"4"		""	"L9974"	
"2339.8862"	"0.0006"	"2339.88698"	"0.00016"	"1"	""		"32023.58511"	"36297.2958"	""	"*"	"5"	""	""	"4"		""	"L9974"	
"2340.9900"	"0.0004"	"2340.99021"	"0.00003"	"9"	""		"18930.29333"	"23201.98997"	"6d2.7s.7p"	"3G*"	"3"	"5f.6d.7s.7p"	"5G"	"3"		""	"L9974"	
"2341.9962"	"0.0005"	"2341.99598"	"0.00009"	"3"	""		"26995.77389"	"31265.63604"	""	"*"	"3"	""	""	"3"		""	"L9974"	
"2342.0818"	"0.0004"	"2342.0826"	"0.0004"	"5"	""		"34324.0836"	"38593.7878"	""	"*"	"2"	""	""	"1"		""	"L9974"	
"2342.2769"	"0.0006"	"2342.27619"	"0.00012"	"1"	""		"24210.80979"	"28480.16113"	"6d4"	"5D"	"4"	""	"*"	"4"		""	"L9974"	
"2342.9694"	"0.0005"	"2342.96978"	"0.00007"	"3"	""		"24182.42887"	"28450.51635"	""	"*"	"2"	""	""	"1"		""	"L9974"	
"2343.0619"	"0.0007"	"2343.06069"	"0.00006"	"0"	""		"24664.72970"	"28932.65158"	"5f.6d.7s.7p"	"5F"	"3"	""	"*"	"4"		""	"L9974"	
"2346.0879"	"0.0004"	"2346.08805"	"0.00008"	"7"	""		"19948.395175"	"24210.80979"	"6d2.7s.7p"	"5F*"	"4"	"6d4"	"5D"	"4"		""	"L9974"	
"2348.3049"	"0.0006"	"2348.30587"	"0.00017"	"1"	""		"32201.99736"	"36460.3864"	""	""	"5"	""	"*"	"6"		""	"L9974"	
"2348.4098"	"0.0004"	"2348.40960"	"0.00007"	"9"	""		"24421.05861"	"28679.25957"	""	"*"	"3"	""	""	"2"		""	"L9974"	
"2349.0658"	"0.0003"	"2349.06563"	"0.00010"	"35"	""		"26953.26182"	"31210.27358"	""	"*"	"5"	"6d4"	"1I"	"6"		""	"L9974"	
"2349.1518"	"0.0006"	"2349.15206"	"0.00012"	"1"	""		"28480.16113"	"32737.01627"	""	"*"	"4"	""	""	"5"		""	"L9974"	
"2350.2665"	"0.0006"	"2350.26650"	"0.00012"	"1"	""		"29310.01688"	"33564.85352"	""	"*"	"4"	""	""	"3"		""	"L9974"	
"2351.0659"	"0.0004"	"2351.06595"	"0.00007"	"7"	""		"27948.60753"	"32201.99736"	""	"*"	"4"	""	""	"5"		""	"L9974"	
"2351.2946"	"0.0006"	"2351.29476"	"0.00004"	"1"	""		"20054.77119"	"24307.74711"	"6d3.(2F).7s"	"3F"	"2"	""	"*"	"2"		""	"L9974"	
"2351.3394"	"0.0005"	"2351.33910"	"0.00004"	"3"	""		"19516.98043"	"23769.87615"	"6d2.7s.7p"	"5D*"	"2"	"5f.6d.7s.7p"	"5F"	"1"		""	"L9974"	
"2352.11717"	"0.00007"	"2352.11711"	"0.00003"	"350"	""		"11241.73043"	"15493.21943"	"5f.6d.7s2"	"3F*"	"3"	"6d3.(2H).7s"	"3H"	"4"		""	"L14361"	
"2353.5284"	"0.0004"	"2353.52801"	"0.00022"	"13"	""		"33721.32901"	"37970.2693"	""	""	"2"	""	"*"	"2"		""	"L9974"	
"2355.8046"	"0.0003"	"2355.80465"	"0.00004"	"29"	""		"15970.09583"	"20214.92997"	"6d3.(2D2).7s"	""	"3"	"6d2.7s.7p"	"5D*"	"3"		""	"L9974"	
"2358.4545"	"0.0004"	"2358.45478"	"0.00003"	"7"	""		"21165.098037"	"25405.16237"	"5f.6d.7s2"	"3D*"	"3"	"5f.6d.7s.7p"	"5H"	"4"		""	"L9974"	
"2359.4908"	"0.0003"	"2359.490806"	"0.000022"	"19"	""		"18431.686609"	"22669.88918"	"5f.7s2.7p"	"3G"	"3"	""	"*"	"3"		""	"L9974"	
"2361.4795"	"0.0004"	"2361.47958"	"0.00006"	"15"	""		"17411.224415"	"21645.85769"	"6d.7s2.7p"	"3D*"	"3"	"6d3.(2G).7s"	""	"4"		""	"L9974"	
"2362.3681"	"0.0005"	"2362.36813"	"0.00003"	"3"	""		"23032.986182"	"27266.02670"	"5f.7s2.7p"	"3G"	"4"	""	"*"	"4"		""	"L9974"	
"2363.1480"	"0.0004"	"2363.14798"	"0.00008"	"5"	""		"21645.85769"	"25877.50128"	"6d3.(2G).7s"	""	"4"	""	"*"	"4"		""	"L9974"	
"2363.6816"	"0.0005"	"2363.68123"	"0.00012"	"3"	""		"21578.61445"	"25809.30337"	"6d4"	"5D"	"1"	""	"*"	"1"		""	"L9974"	
"2365.1843"	"0.0004"	"2365.18445"	"0.00006"	"5"	""		"23752.68579"	"27980.68586"	""	"*"	"2"	""	""	"3"		""	"L9974"	
"2366.9928"	"0.0003"	"2366.99294"	"0.00003"	"42"	""		"14206.91694"	"18431.686609"	"5f.6d.7s2"	"3F*"	"4"	"5f.7s2.7p"	"3G"	"3"		""	"L14361"	
"2367.8268"	"0.0003"	"2367.82678"	"0.00004"	"27"	""		"13175.113345"	"17398.39526"	"5f.6d.7s2"	"3G*"	"4"	"6d3.(4F).7s"	""	"3"		""	"L9974"	
"2367.9288"	"0.0003"	"2367.928844"	"0.000022"	"29"	""		"18809.88631"	"23032.986182"	"6d2.7s.7p"	"5G*"	"4"	"5f.7s2.7p"	"3G"	"4"		""	"L9974"	
"2368.7077"	"0.0007"	"2368.7066"	"0.0003"	"0"	""		"30553.29269"	"34775.0059"	""	"*"	"2"	""	""	"1"		""	"L9974"	
"2368.8609"	"0.0006"	"2368.86092"	"0.00003"	"1"	""		"21668.957072"	"25890.39529"	"6d2.7s.7p"	"5P*"	"1"	""	""	"2"		""	"L9974"	
"2368.9414"	"0.0006"	"2368.94117"	"0.00003"	"1"	""		"13847.77037"	"18069.065569"	"6d3.(4F).7s"	"3F"	"2"	"6d.7s2.7p"	"1F*"	"3"		""	"L9974"	
"2369.4443"	"0.0004"	"2369.44447"	"0.00007"	"7"	""		"17354.638583"	"21575.03713"	"5f.6d.7s2"	"3D*"	"1"	"6d3.(2P).7s"	""	"2"		""	"L9974"	
"2371.0483"	"0.0005"	"2371.04890"	"0.00012"	"3"	""		"29310.01688"	"33527.55959"	""	"*"	"4"	""	""	"4"		""	"L9974"	
"2371.1245"	"0.0003"	"2371.12444"	"0.00004"	"29"	""		"22163.13360"	"26380.54194"	""	"*"	"4"	"5f.6d.7s.7p"	"5H"	"5"		""	"L9974"	
"2371.9044"	"0.0003"	"2371.90446"	"0.00009"	"29"	""		"25336.49797"	"29552.51939"	""	"*"	"6"	"5f.6d.7s.7p"	"5H"	"6"		""	"L9974"	
"2374.0829"	"0.0006"	"2374.08290"	"0.00007"	"1"	""		"21143.42198"	"25355.57481"	"6d3.(2H).7s"	"1H"	"5"	""	"*"	"4"		""	"L9974"	
"2376.3720"	"0.0006"	"2376.37312"	"0.00004"	"1"	""		"19273.28060"	"23481.37399"	"6d3.(2P).7s"	""	"2"	""	"*"	"1"		""	"L9974"	
"2377.1197"	"0.0005"	"2377.11978"	"0.00008"	"5"	""		"26723.66908"	"30930.44068"	"5f.6d2.7s"	"5G*"	"6"	"5f.6d.7s.7p"	"5H"	"6"		""	"L9974"	
"2377.3600"	"0.0005"	"2377.36028"	"0.00017"	"7"	""		"29397.1521"	"33603.49814"	""	"*"	"5 or 6 or 7"	""	""	"6"		""	"L9974"	
"2378.83254"	"0.00007"	"2378.83252"	"0.00003"	"270"	""		"13297.43316"	"17501.17592"	"6d3.(2G).7s"	"3G"	"4"	"5f.6d2.7s"	"5I*"	"5"		""	"L14361"	
"2384.8841"	"0.0005"	"2384.88404"	"0.00010"	"7"	""		"21143.42198"	"25336.49797"	"6d3.(2H).7s"	"1H"	"5"	""	"*"	"6"		""	"L9974"	
"2387.1216"	"0.0007"	"2387.12062"	"0.00017"	"0"	""		"30255.45106"	"34444.5984"	""	"*"	"3"	""	""	"2"		""	"L9974"	
"2387.2487"	"0.0004"	"2387.24884"	"0.00003"	"11"	""		"22855.29928"	"27044.22163"	""	"*"	"3"	""	""	"3"		""	"L9974"	
"2391.3665"	"0.0003"	"2391.36646"	"0.00005"	"27"	""		"17959.89498"	"22141.60454"	"6d3.(4F).7s"	"3F"	"4"	""	"*"	"3"		""	"L9974"	
"2391.8813"	"0.0005"	"2391.88137"	"0.00006"	"7"	""		"26790.42715"	"30971.23650"	""	"*"	"4"	""	""	"4"		""	"L9974"	
"2393.0347"	"0.0005"	"2393.03510"	"0.00007"	"3"	""		"17073.80916"	"21252.60286"	"6d3.(4P).7s"	""	"1"	""	"*"	"2"		""	"L9974"	
"2393.9554"	"0.0007"	"2393.9555"	"0.0003"	"0"	""		"36460.3864"	"40637.5735"	""	"*"	"6"	""	""	"6"		""	"L9974"	
"2394.6551"	"0.0005"	"2394.65512"	"0.00006"	"5"	""		"24182.42887"	"28358.39555"	""	"*"	"2"	""	""	"3"		""	"L9974"	
"2395.6533"	"0.0006"	"2395.65325"	"0.00007"	"1"	""		"26790.42715"	"30964.65395"	""	"*"	"4"	""	""	"3"		""	"L9974"	
"2399.4746"	"0.0007"	"2399.47457"	"0.00007"	"0"	""		"26384.92556"	"30552.50463"	""	"*"	"4"	""	""	"4"		""	"L9974"	
"2400.57180"	"0.00023"	"2400.5723"	"0.0008"	"110*"	""		"39321.8086"	"43487.4820"	""	""	"3"	""	"*"	"4"		""	"L9974"	
"2401.45151"	"0.00012"	"2401.451384"	"0.000017"	"130"	""		"6362.395980"	"10526.544406"	"6d3.(4F).7s"	"5F"	"2"	"5f.6d.7s2"	"3G*"	"3"		""	"L14361"	
"2402.2081"	"0.0005"	"2402.208150"	"0.000023"	"5"	""		"19039.153374"	"23201.98997"	"6d.7s2.7p"	"3P*"	"2"	"5f.6d.7s.7p"	"5G"	"3"		""	"L9974"	
"2404.6039"	"0.0006"	"2404.60389"	"0.00006"	"1"	""		"25690.47345"	"29849.16255"	""	"*"	"5"	""	""	"4"		""	"L9974"	
"2405.0563"	"0.0006"	"2405.05610"	"0.00013"	"1"	""		"27087.98061"	"31245.88778"	""	"*"	"1"	""	""	"2"		""	"L9974"	
"2406.3477"	"0.0005"	"2406.347448"	"0.000023"	"3"	""		"18699.62342"	"22855.29928"	"5f.7s2.7p"	"3F"	"2"	""	"*"	"3"		""	"L9974"	
"2406.5718"	"0.0005"	"2406.57191"	"0.00012"	"7"	""		"30788.17715"	"34943.46540"	""	"*"	"5"	""	""	"6"		""	"L9974"	
"2406.6591"	"0.0004"	"2406.6595"	"0.0003"	"13*"	""		"36336.2027"	"40491.3398"	""	""	"3"	""	"*"	"3"		""	"L9974"	
"2408.2778"	"0.0005"	"2408.27764"	"0.00005"	"5"	""		"21738.05013"	"25890.39529"	"5f.6d2.7s"	"5G*"	"2"	""	""	"2"		""	"L9974"	
"2409.8580"	"0.0006"	"2409.85720"	"0.00017"	"1"	""		"27521.52753"	"31671.1510"	""	""	"4"	""	"*"	"4"		""	"L9974"	
"2412.4658"	"0.0006"	"2412.46615"	"0.00011"	"1"	""		"27784.36557"	"31929.50145"	""	"*"	"2"	""	""	"3"		""	"L9974"	
"2412.7304"	"0.0003"	"2412.73047"	"0.00006"	"19"	""		"17501.17592"	"21645.85769"	"5f.6d2.7s"	"5I*"	"5"	"6d3.(2G).7s"	""	"4"		""	"L9974"	
"2412.8241"	"0.0006"	"2412.82384"	"0.00006"	"1"	""		"24701.04375"	"28845.56513"	""	"*"	"5"	"5f.6d.7s.7p"	"5H"	"4"		""	"L9974"	
"2413.1254"	"0.0008"	"2413.12477"	"0.00011"	"0"	""		"26997.24767"	"31141.25221"	"5f.6d.7s.7p"	"5I"	"6"	""	"*"	"5"		""	"L9974"	
"2414.28393"	"0.00023"	"2414.28375"	"0.00003"	"95"	""		"20522.71449"	"24664.72970"	"6d2.7s.7p"	"3F*"	"2"	"5f.6d.7s.7p"	"5F"	"3"		""	"L14361"	
"2414.5221"	"0.0003"	"2414.52215"	"0.00006"	"21"	""		"24421.05861"	"28562.66485"	""	"*"	"3"	""	""	"4"		""	"L9974"	
"2415.2127"	"0.0006"	"2415.21187"	"0.00011"	"1"	""		"26232.29174"	"30372.71524"	"5f.6d2.7s"	"3H*"	"6"	""	""	"6"		""	"L9974"	
"2415.4944"	"0.0006"	"2415.49471"	"0.00004"	"1"	""		"24202.56462"	"28342.50330"	""	"*"	"4"	"5f.7s2.7p"	"3G"	"5"		""	"L9974"	
"2417.8308"	"0.0004"	"2417.83140"	"0.00003"	"9"	""		"11601.03035"	"15736.968041"	"6d3.(4P).7s"	"5P"	"1"	"6d2.7s.7p"	"5F*"	"1"		""	"L9974"	
"2417.94615"	"0.00023"	"2417.946274"	"0.000023"	"64"	""		"13088.56115"	"17224.302340"	"6d3.(2G).7s"	"3G"	"3"	"6d2.7s.7p"	"5F*"	"2"		""	"L14361"	
"2419.2556"	"0.0004"	"2419.25551"	"0.00018"	"13"	""		"31083.4857"	"35216.98873"	""	"*"	"6"	""	""	"5"		""	"L9974"	
"2420.8995"	"0.0006"	"2420.89966"	"0.00023"	"1"	""		"33606.30012"	"37736.9959"	""	""	"2"	""	"*"	"2"		""	"L9974"	
"2422.1358"	"0.0003"	"2422.1355"	"0.0003"	"39"	""		"40024.9810"	"44153.5692"	""	""	"2"	""	"*"	"2"		""	"L9974"	
"2422.2672"	"0.0005"	"2422.26713"	"0.00008"	"5"	""		"21575.03713"	"25703.40095"	"6d3.(2P).7s"	""	"2"	""	"*"	"2"		""	"L9974"	
"2422.6807"	"0.0008"	"2422.68152"	"0.00005"	"0"	""		"20054.77119"	"24182.42887"	"6d3.(2F).7s"	"3F"	"2"	""	"*"	"2"		""	"L9974"	
"2423.7717"	"0.0005"	"2423.77189"	"0.00012"	"7"	""		"27084.47278"	"31210.27358"	""	"*"	"6"	"6d4"	"1I"	"6"		""	"L9974"	
"2424.3664"	"0.0006"	"2424.36576"	"0.00012"	"1*"	""		"27591.80212"	"31716.59227"	"6d4"	"3H"	"5"	""	"*"	"5"		""	"L9974"	
"2424.3664"	"0.0006"	"2424.36790"	"0.00012"	"1*"	""		"21578.61445"	"25703.40095"	"6d4"	"5D"	"1"	""	"*"	"2"		""	"L9974"	
"2425.3723"	"0.0005"	"2425.3717"	"0.0003"	"3*"	""		"33831.88538"	"37954.9647"	""	""	"4"	""	"*"	"3"		""	"L9974"	
"2425.3723"	"0.0005"	"2425.37210"	"0.00006"	"3*"	""		"26384.92556"	"30508.00424"	""	"*"	"4"	""	""	"5"		""	"L9974"	
"2426.8994"	"0.0004"	"2426.89942"	"0.00005"	"17"	""		"18549.40528"	"22669.88918"	"6d3.(4P).7s"	""	"2"	""	"*"	"3"		""	"L9974"	
"2427.3824"	"0.0005"	"2427.38216"	"0.00004"	"7"	""		"22877.58322"	"26997.24767"	""	"*"	"5"	"5f.6d.7s.7p"	"5I"	"6"		""	"L9974"	
"2428.5942"	"0.0006"	"2428.59459"	"0.00006"	"1"	""		"24561.65178"	"28679.25957"	""	"*"	"3"	""	""	"2"		""	"L9974"	
"2428.8877"	"0.0008"	"2428.88784"	"0.00004"	"0"	""		"23916.89747"	"28034.00813"	""	"*"	"4"	""	""	"5"		""	"L9974"	
"2430.7375"	"0.0005"	"2430.73762"	"0.00004"	"5"	""		"22141.60454"	"26255.58209"	""	"*"	"3"	""	""	"4"		""	"L9974"	
"2430.8476"	"0.0004"	"2430.84770"	"0.00003"	"21"	""		"13297.43316"	"17411.224415"	"6d3.(2G).7s"	"3G"	"4"	"6d.7s2.7p"	"3D*"	"3"		""	"L9974"	
"2431.4680"	"0.0005"	"2431.46805"	"0.00007"	"3"	""		"24769.71573"	"28882.45742"	""	"*"	"3"	""	""	"2"		""	"L9974"	
"2432.1272"	"0.0007"	"2432.12611"	"0.00008"	"1"	""		"25306.76154"	"29418.39044"	""	"*"	"2"	""	""	"2"		""	"L9974"	
"2432.9732"	"0.0008"	"2432.97219"	"0.00012"	"0"	""		"24210.80979"	"28321.00884"	"6d4"	"5D"	"4"	""	"*"	"5"		""	"L9974"	
"2433.4518"	"0.0008"	"2433.45219"	"0.00008"	"0"	""		"14465.221873"	"18574.61019"	"6d2.7s.7p"	"5G*"	"2"	"6d3.(2P).7s"	""	"1"		""	"L9974"	
"2433.5897"	"0.0004"	"2433.59007"	"0.00006"	"11"	""		"25575.04516"	"29684.20065"	""	"*"	"4"	"5f.6d.7s.7p"	"5H"	"5"		""	"L9974"	
"2435.3346"	"0.0005"	"2435.33459"	"0.00018"	"3"	""		"31194.70265"	"35300.9146"	"5f.6d3"	"5I*"	"4"	"5f.6d2.7p"	"5K"	"5"		""	"L9974"	
"2435.3516"	"0.0008"	"2435.35120"	"0.00009"	"0"	""		"26651.82788"	"30758.01183"	""	"*"	"2"	""	""	"2"		""	"L9974"	
"2437.4234"	"0.0007"	"2437.423507"	"0.000024"	"1"	""		"18930.29333"	"23032.986182"	"6d2.7s.7p"	"3G*"	"3"	"5f.7s2.7p"	"3G"	"4"		""	"L9974"	
"2442.5545"	"0.0005"	"2442.55522"	"0.00011"	"5"	""		"25923.02352"	"30017.09677"	"6d4"	"3H"	"4"	""	"*"	"3"		""	"L9974"	
"2442.6705"	"0.0004"	"2442.67058"	"0.00004"	"29"	""		"22877.58322"	"26971.46312"	""	"*"	"5"	""	""	"4"		""	"L9974"	
"2443.5249"	"0.0004"	"2443.52495"	"0.00005"	"29"	""		"22163.13360"	"26255.58209"	""	"*"	"4"	""	""	"4"		""	"L9974"	
"2444.2577"	"0.0008"	"2444.25737"	"0.00005"	"0"	""		"23521.04909"	"27612.27129"	""	"*"	"3"	"6d4"	"3G"	"3"		""	"L9974"	
"2444.5757"	"0.0004"	"2444.57562"	"0.00018"	"27"	""		"29123.8479"	"33214.53748"	""	"*"	"6 or 5"	"5f.6d.7s.7p"	"3I"	"5"		""	"L9974"	
"2445.2889"	"0.0008"	"2445.28743"	"0.00014"	"0*"	""		"27447.74347"	"31537.24226"	""	"*"	"2"	""	""	"3"		""	"L9974"	
"2445.2889"	"0.0008"	"2445.2881"	"0.0004"	"0*"	""		"30208.5794"	"34298.0771"	""	"*"	"2"	""	""	"1"		""	"L9974"	
"2446.5634"	"0.0007"	"2446.56374"	"0.00013"	"1*"	""		"29744.51997"	"33831.88538"	""	"*"	"3"	""	""	"4"		""	"L9974"	
"2446.5634"	"0.0007"	"2446.5650"	"0.0003"	"1*"	""		"31030.59080"	"35117.9541"	"6d4"	"3G"	"5"	""	"*"	"5 or 6"		""	"L9974"	
"2446.8979"	"0.0005"	"2446.89765"	"0.00003"	"3"	""		"18011.38030"	"22098.18793"	"5f.6d2.7s"	"5H*"	"5"	"5f.6d.7s.7p"	"5I"	"4"		""	"L9974"	
"2447.6922"	"0.0018"	"2447.69302"	"0.00005"	"200"	""		"23481.37399"	"27566.85363"	""	"*"	"1"	""	""	"2"		""	"L3552"	
"2448.5630"	"0.0005"	"2448.56274"	"0.00008"	"3"	""		"20543.84624"	"24627.87473"	"6d.7s2.7p"	"3P*"	"0"	"6d3.(2D1).7s"	"3D"	"1"		""	"L9974"	
"2448.6808"	"0.0004"	"2448.680952"	"0.000024"	"9"	""		"19948.395175"	"24032.22651"	"6d2.7s.7p"	"5F*"	"4"	"5f.6d.7s.7p"	"5G"	"4"		""	"L9974"	
"2449.3422"	"0.0004"	"2449.34229"	"0.00004"	"19"	""		"24259.77463"	"28342.50330"	""	"*"	"4"	"5f.7s2.7p"	"3G"	"5"		""	"L9974"	
"2452.2933"	"0.0004"	"2452.29330"	"0.00006"	"31"	""		"23113.54761"	"27191.36326"	"5f.6d2.7s"	"5G*"	"4"	"5f.6d.7s.7p"	"5G"	"5"		""	"L9974"	
"2455.2585"	"0.0008"	"2455.25795"	"0.00009"	"0"	""		"22988.52291"	"27061.41472"	"5f.6d.7s.7p"	"5G"	"2"	""	"*"	"2"		""	"L9974"	
"2457.4957"	"0.0005"	"2457.49578"	"0.00007"	"3"	""		"24381.33337"	"28450.51635"	""	"*"	"2"	""	""	"1"		""	"L9974"	
"2458.9318"	"0.0007"	"2458.93168"	"0.00008"	"1"	""		"27260.16801"	"31326.97478"	""	"*"	"3"	""	""	"4"		""	"L9974"	
"2459.4647"	"0.0004"	"2459.46485"	"0.00005"	"9"	""		"25690.47345"	"29756.39860"	""	"*"	"5"	""	""	"4"		""	"L9974"	
"2460.6073"	"0.0008"	"2460.60768"	"0.00004"	"0"	""		"23201.98997"	"27266.02670"	"5f.6d.7s.7p"	"5G"	"3"	""	"*"	"4"		""	"L9974"	
"2467.9692"	"0.0008"	"2467.96802"	"0.00010"	"0"	""		"27971.66875"	"32023.58511"	"6d4"	"3H"	"6"	""	"*"	"5"		""	"L9974"	
"2469.1046"	"0.0004"	"2469.10466"	"0.00003"	"11"	""		"19227.33665"	"23277.38774"	"5f.6d2.7s"	"5I*"	"6"	"5f.6d.7s.7p"	"5I"	"5"		""	"L9974"	
"2472.4512"	"0.0007"	"2472.450666"	"0.000024"	"1"	""		"18053.617845"	"22098.18793"	"6d.7s2.7p"	"3F*"	"4"	"5f.6d.7s.7p"	"5I"	"4"		""	"L9974"	
"2472.5077"	"0.0005"	"2472.50792"	"0.00007"	"5"	""		"26508.02820"	"30552.50463"	""	"*"	"3"	""	""	"4"		""	"L9974"	
"2473.0830"	"0.0006"	"2473.08312"	"0.00008"	"3"	""		"24838.92167"	"28882.45742"	""	"*"	"1"	""	""	"2"		""	"L9974"	
"2473.8155"	"0.0006"	"2473.81551"	"0.00006"	"3"	""		"15490.077832"	"19532.41646"	"5f.6d.7s2"	"3G*"	"5"	"6d3.(2F).7s"	"3F"	"4"		""	"L9974"	
"2479.6109"	"0.0003"	"2479.6106"	"0.0003"	"47*"	""		"33270.5454"	"37303.4367"	""	"*"	"4"	""	""	"4"		""	"L9974"	
"2479.6109"	"0.0003"	"2479.61079"	"0.00006"	"47*"	""		"21890.13254"	"25923.02352"	""	"*"	"3"	"6d4"	"3H"	"4"		""	"L9974"	
"2484.2433"	"0.0006"	"2484.24343"	"0.00004"	"3"	""		"24202.56462"	"28227.93504"	""	"*"	"4"	"5f.7s2.7p"	"3F"	"4"		""	"L9974"	
"2487.0965"	"0.0006"	"2487.09588"	"0.00006"	"3"	""		"21902.26981"	"25923.02352"	"5f.6d2.7s"	"3H*"	"4"	"6d4"	"3H"	"4"		""	"L9974"	
"2488.5639"	"0.0008"	"2488.56428"	"0.00014"	"0"	""		"18382.82669"	"22401.20793"	"6d2.7s.7p"	"5D*"	"0"	"6d3.(2P).7s"	""	"1"		""	"L9974"	
"2488.8166"	"0.0006"	"2488.81608"	"0.00009"	"3"	""		"26953.26182"	"30971.23650"	""	"*"	"5"	""	""	"4"		""	"L9974"	
"2489.2024"	"0.0007"	"2489.20277"	"0.00009"	"1"	""		"29050.73523"	"33068.08573"	""	"*"	"5"	""	""	"6"		""	"L9974"	
"2490.2466"	"0.0005"	"2490.24640"	"0.00025"	"5"	""		"33721.32901"	"37736.9959"	""	""	"2"	""	"*"	"2"		""	"L9974"	
"2490.9159"	"0.0004"	"2490.91588"	"0.00005"	"25"	""		"13945.307389"	"17959.89498"	"6d.7s2.7p"	"3F*"	"3"	"6d3.(4F).7s"	"3F"	"4"		""	"L9974"	
"2492.8254"	"0.0007"	"2492.82544"	"0.00012"	"1"	""		"24664.72970"	"28676.24203"	"5f.6d.7s.7p"	"5F"	"3"	""	"*"	"3"		""	"L9974"	
"2493.8129"	"0.0003"	"2493.81281"	"0.00003"	"41"	""		"15493.21943"	"19503.143490"	"6d3.(2H).7s"	"3H"	"4"	"6d2.7s.7p"	"5F*"	"3"		""	"L9974"	
"2498.0525"	"0.0004"	"2498.05249"	"0.00008"	"29"	""		"26723.66908"	"30726.78752"	"5f.6d2.7s"	"5G*"	"6"	"5f.6d.7s.7p"	"5I"	"7"		""	"L9974"	
"2498.4626"	"0.0006"	"2498.46310"	"0.00006"	"3"	""		"25753.93805"	"29756.39860"	""	"*"	"5"	""	""	"4"		""	"L9974"	
"2499.3672"	"0.0007"	"2499.36699"	"0.00004"	"1"	""		"24561.65178"	"28562.66485"	""	"*"	"3"	""	""	"4"		""	"L9974"	
"2499.8361"	"0.0006"	"2499.83579"	"0.00006"	"3"	""		"21890.13254"	"25890.39529"	""	"*"	"3"	""	""	"2"		""	"L9974"	
"2500.4331"	"0.0004"	"2500.43311"	"0.00004"	"25"	""		"13847.77037"	"17847.07751"	"6d3.(4F).7s"	"3F"	"2"	"5f.6d.7s2"	"3P*"	"2"		""	"L9974"	
"2500.7524"	"0.0005"	"2500.75211"	"0.00004"	"7"	""		"22098.18793"	"26096.98491"	"5f.6d.7s.7p"	"5I"	"4"	""	"*"	"3"		""	"L9974"	
"2503.9267"	"0.0004"	"2503.92666"	"0.00005"	"15"	""		"25690.47345"	"29684.20065"	""	"*"	"5"	"5f.6d.7s.7p"	"5H"	"5"		""	"L9974"	
"2504.9195"	"0.0007"	"2504.91956"	"0.00012"	"1"	""		"22515.88404"	"26508.02820"	"6d4"	"5D"	"2"	""	"*"	"3"		""	"L9974"	
"2505.6432"	"0.0003"	"2505.64310"	"0.00004"	"61"	""		"13175.113345"	"17166.10472"	"5f.6d.7s2"	"3G*"	"4"	"6d3.(2H).7s"	"3H"	"5"		""	"L9974"	
"2506.6209"	"0.0007"	"2506.62143"	"0.00019"	"1"	""		"29419.23183"	"33408.66553"	""	"*"	"2"	""	""	"3"		""	"L9974"	
"2508.7502"	"0.0003"	"2508.74979"	"0.00004"	"70"	""		"11877.839132"	"15863.88829"	"6d.7s2.7p"	"3D*"	"1"	"6d3.(2D2).7s"	""	"2"		""	"L14361"	
"2511.2402"	"0.0005"	"2511.24015"	"0.00004"	"7"	""		"23015.15141"	"26997.24767"	""	"*"	"5"	"5f.6d.7s.7p"	"5I"	"6"		""	"L9974"	
"2511.8401"	"0.0004"	"2511.84001"	"0.00005"	"31"	""		"22399.39666"	"26380.54194"	"5f.6d2.7s"	"3I*"	"5"	"5f.6d.7s.7p"	"5H"	"5"		""	"L9974"	
"2514.3452"	"0.0006"	"2514.34506"	"0.00009"	"3"	""		"26953.26182"	"30930.44068"	""	"*"	"5"	"5f.6d.7s.7p"	"5H"	"6"		""	"L9974"	
"2515.4303"	"0.0005"	"2515.43052"	"0.00009"	"5"	""		"26995.77389"	"30971.23650"	""	"*"	"3"	""	""	"4"		""	"L9974"	
"2518.7238"	"0.0007"	"2518.72308"	"0.00003"	"1"	""		"18699.62342"	"22669.88918"	"5f.7s2.7p"	"3F"	"2"	""	"*"	"3"		""	"L9974"	
"2519.2727"	"0.0005"	"2519.27280"	"0.00006"	"5"	""		"24561.65178"	"28531.05121"	""	"*"	"3"	"6d4"	""	"2"		""	"L9974"	
"2519.6028"	"0.0005"	"2519.60247"	"0.00010"	"5"	""		"26995.77389"	"30964.65395"	""	"*"	"3"	""	""	"3"		""	"L9974"	
"2520.0598"	"0.0006"	"2520.05941"	"0.00005"	"3"	""		"24259.77463"	"28227.93504"	""	"*"	"4"	"5f.7s2.7p"	"3F"	"4"		""	"L9974"	
"2523.4648"	"0.0005"	"2523.46433"	"0.00006"	"5"	""		"26048.54211"	"30011.34827"	""	"*"	"4"	""	""	"3"		""	"L9974"	
"2524.2280"	"0.0004"	"2524.22804"	"0.00003"	"23"	""		"7280.123222"	"11241.73043"	"6d2.7s2"	""	"2"	"5f.6d.7s2"	"3F*"	"3"		""	"L9974"	
"2526.1189"	"0.0005"	"2526.11925"	"0.00006"	"5"	""		"18549.40528"	"22508.04658"	"6d3.(4P).7s"	""	"2"	"6d2.7s.7p"	"5P*"	"2"		""	"L9974"	
"2527.6068"	"0.0003"	"2527.60670"	"0.00004"	"39"	""		"23015.15141"	"26971.46312"	""	"*"	"5"	""	""	"4"		""	"L9974"	
"2529.5356"	"0.0007"	"2529.53637"	"0.00005"	"1"	""		"15863.88829"	"19817.18191"	"6d3.(2D2).7s"	""	"2"	"6d2.7s.7p"	"5P*"	"1"		""	"L9974"	
"2529.5813"	"0.0005"	"2529.58114"	"0.00006"	"5"	""		"24274.71139"	"28227.93504"	""	"*"	"5"	"5f.7s2.7p"	"3F"	"4"		""	"L9974"	
"2531.4918"	"0.0006"	"2531.49166"	"0.00004"	"3"	""		"23093.98148"	"27044.22163"	""	"*"	"2"	""	""	"3"		""	"L9974"	
"2532.0495"	"0.0005"	"2532.04971"	"0.00004"	"5"	""		"19039.153374"	"22988.52291"	"6d.7s2.7p"	"3P*"	"2"	"5f.6d.7s.7p"	"5G"	"2"		""	"L9974"	
"2534.1362"	"0.0005"	"2534.13607"	"0.00013"	"5"	""		"27084.47278"	"31030.59080"	""	"*"	"6"	"6d4"	"3G"	"5"		""	"L9974"	
"2535.8256"	"0.0005"	"2535.82582"	"0.00014"	"7"	""		"30517.38856"	"34460.87707"	""	"*"	"4"	""	""	"5"		""	"L9974"	
"2536.5420"	"0.0005"	"2536.54217"	"0.00007"	"7"	""		"17959.89498"	"21902.26981"	"6d3.(4F).7s"	"3F"	"4"	"5f.6d2.7s"	"3H*"	"4"		""	"L9974"	
"2536.7141"	"0.0005"	"2536.71404"	"0.00006"	"7"	""		"19713.03109"	"23655.13881"	"6d3.(2F).7s"	"3F"	"3"	""	"*"	"4"		""	"L9974"	
"2537.4553"	"0.0007"	"2537.45437"	"0.00007"	"1"	""		"27852.74095"	"31793.69851"	""	"*"	"5"	""	""	"4"		""	"L9974"	
"2537.5708"	"0.0005"	"2537.57139"	"0.00004"	"7"	""		"22855.29928"	"26796.07511"	""	"*"	"3"	""	""	"3"		""	"L9974"	
"2539.7876"	"0.0005"	"2539.78772"	"0.00007"	"5"	""		"24421.05861"	"28358.39555"	""	"*"	"3"	""	""	"3"		""	"L9974"	
"2541.5483"	"0.0006"	"2541.5481"	"0.0006"	"3*"	""		"36762.8018"	"40697.4116"	""	"*"	"3"	""	""	"2 or 3"		""	"L9974"	
"2541.5483"	"0.0006"	"2541.54863"	"0.00007"	"3*"	""		"20737.28686"	"24671.89582"	""	"*"	"1"	"6d3.(2D1).7s"	"3D"	"2"		""	"L9974"	
"2544.0928"	"0.0005"	"2544.09293"	"0.00007"	"7"	""		"23113.54761"	"27044.22163"	"5f.6d2.7s"	"5G*"	"4"	""	""	"3"		""	"L9974"	
"2544.3592"	"0.0006"	"2544.35925"	"0.00005"	"3"	""		"25753.93805"	"29684.20065"	""	"*"	"5"	"5f.6d.7s.7p"	"5H"	"5"		""	"L9974"	
"2544.4918"	"0.0004"	"2544.49158"	"0.00010"	"17"	""		"24210.80979"	"28140.86799"	"6d4"	"5D"	"4"	""	"*"	"4"		""	"L9974"	
"2545.0556"	"0.0005"	"2545.05545"	"0.00008"	"13"	""		"21645.85769"	"25575.04516"	"6d3.(2G).7s"	""	"4"	""	"*"	"4"		""	"L9974"	
"2545.5028"	"0.0007"	"2545.50263"	"0.00014"	"1"	""		"27317.39056"	"31245.88778"	""	"*"	"3"	""	""	"2"		""	"L9974"	
"2550.8411"	"0.0004"	"2550.84104"	"0.00008"	"21"	""		"23032.986182"	"26953.26182"	"5f.7s2.7p"	"3G"	"4"	""	"*"	"5"		""	"L9974"	
"2553.2430"	"0.0005"	"2553.24326"	"0.00005"	"13"	""		"22338.99484"	"26255.58209"	"5f.6d2.7s"	"5G*"	"3"	""	""	"4"		""	"L9974"	
"2555.3031"	"0.0006"	"2555.30194"	"0.00007"	"3"	""		"15618.98461"	"19532.41646"	"5f.6d2.7s"	"5H*"	"3"	"6d3.(2F).7s"	"3F"	"4"		""	"L9974"	
"2556.0024"	"0.0006"	"2556.00215"	"0.00007"	"3"	""		"23609.16775"	"27521.52753"	""	"*"	"5"	""	""	"4"		""	"L9974"	
"2556.8598"	"0.0003"	"2556.85984"	"0.00005"	"61"	""		"17166.10472"	"21077.152101"	"6d3.(2H).7s"	"3H"	"5"	"6d2.7s.7p"	"5F*"	"5"		""	"L14361"	
"2557.1177"	"0.0006"	"2557.11742"	"0.00013"	"3"	""		"23355.37327"	"27266.02670"	"6d4"	"5D"	"3"	""	"*"	"4"		""	"L9974"	
"2557.8427"	"0.0007"	"2557.84317"	"0.00008"	"1"	""		"24769.71573"	"28679.25957"	""	"*"	"3"	""	""	"2"		""	"L9974"	
"2559.3072"	"0.0007"	"2559.30667"	"0.00003"	"1"	""		"18431.686609"	"22338.99484"	"5f.7s2.7p"	"3G"	"3"	"5f.6d2.7s"	"5G*"	"3"		""	"L9974"	
"2561.1326"	"0.0007"	"2561.13388"	"0.00012"	"1"	""		"29310.01688"	"33214.53748"	""	"*"	"4"	"5f.6d.7s.7p"	"3I"	"5"		""	"L9974"	
"2569.2921"	"0.0005"	"2569.29224"	"0.00020"	"7"	""		"27191.36326"	"31083.4857"	"5f.6d.7s.7p"	"5G"	"5"	""	"*"	"6"		""	"L9974"	
"2569.4541"	"0.0009"	"2569.45384"	"0.00015"	"0"	""		"29711.62048"	"33603.49814"	""	"*"	"5"	""	""	"6"		""	"L9974"	
"2570.3712"	"0.0006"	"2570.37060"	"0.00007"	"3"	""		"19713.03109"	"23603.52066"	"6d3.(2F).7s"	"3F"	"3"	""	"*"	"2"		""	"L9974"	
"2571.6570"	"0.0005"	"2571.65659"	"0.00010"	"5"	""		"20322.26571"	"24210.80979"	"5f.6d.7s2"	"1H*"	"5"	"6d4"	"5D"	"4"		""	"L9974"	
"2572.0681"	"0.0007"	"2572.06799"	"0.00015"	"1"	""		"30572.95496"	"34460.87707"	""	"*"	"6"	""	""	"5"		""	"L9974"	
"2572.8607"	"0.0007"	"2572.85950"	"0.00009"	"1"	""		"24084.94271"	"27971.66875"	"6d2.7s.7p"	"5G*"	"6"	"6d4"	"3H"	"6"		""	"L9974"	
"2573.0610"	"0.0004"	"2573.06120"	"0.00007"	"17"	""		"23609.16775"	"27495.58911"	""	"*"	"5"	"5f2.7s2"	"3H"	"4"		""	"L9974"	
"2574.29598"	"0.00020"	"2574.29571"	"0.00005"	"100"	""		"13962.51989"	"17847.07751"	"6d3.(2D2).7s"	""	"1"	"5f.6d.7s2"	"3P*"	"2"		""	"L14361"	
"2574.3107"	"0.0005"	"2574.31040"	"0.00006"	"30"	""		"23306.82782"	"27191.36326"	"5f.6d2.7s"	"3I*"	"6"	"5f.6d.7s.7p"	"5G"	"5"		""	"L14361"	
"2576.2390"	"0.0007"	"2576.23971"	"0.00011"	"1"	""		"27260.16801"	"31141.79438"	""	"*"	"3"	"6d4"	"3D"	"3"		""	"L9974"	
"2578.0527"	"0.0005"	"2578.05226"	"0.00008"	"5"	""		"25877.50128"	"29756.39860"	""	"*"	"4"	""	""	"4"		""	"L9974"	
"2578.3255"	"0.0007"	"2578.32595"	"0.00016"	"1"	""		"29686.36795"	"33564.85352"	""	"*"	"3"	""	""	"3"		""	"L9974"	
"2579.7123"	"0.0003"	"2579.71237"	"0.00004"	"55"	""		"20522.71449"	"24399.11564"	"6d2.7s.7p"	"3F*"	"2"	"5f.6d.7s.7p"	"5H"	"3"		""	"L9974"	
"2580.1343"	"0.0007"	"2580.13401"	"0.00009"	"1"	""		"27266.02670"	"31141.79438"	""	"*"	"4"	"6d4"	"3D"	"3"		""	"L9974"	
"2582.5853"	"0.0007"	"2582.58466"	"0.00009"	"1"	""		"28140.86799"	"32012.95790"	""	"*"	"4"	""	""	"4"		""	"L9974"	
"2585.5504"	"0.0006"	"2585.55044"	"0.00009"	"3"	""		"21575.03713"	"25442.68552"	"6d3.(2P).7s"	""	"2"	""	"*"	"3"		""	"L9974"	
"2587.6867"	"0.0007"	"2587.68706"	"0.00005"	"1"	""		"24981.11021"	"28845.56513"	""	"*"	"3"	"5f.6d.7s.7p"	"5H"	"4"		""	"L9974"	
"2588.6301"	"0.0004"	"2588.63006"	"0.00007"	"17"	""		"27852.74095"	"31715.78811"	""	"*"	"5"	""	""	"6"		""	"L9974"	
"2588.9316"	"0.0006"	"2588.93098"	"0.00011"	"3"	""		"26645.40609"	"30508.00424"	""	"*"	"5"	""	""	"5"		""	"L9974"	
"2589.3011"	"0.0004"	"2589.30115"	"0.00006"	"31"	""		"25690.47345"	"29552.51939"	""	"*"	"5"	"5f.6d.7s.7p"	"5H"	"6"		""	"L9974"	
"2592.0734"	"0.0004"	"2592.07336"	"0.00007"	"25"	""		"23113.54761"	"26971.46312"	"5f.6d2.7s"	"5G*"	"4"	""	""	"4"		""	"L9974"	
"2593.2355"	"0.0007"	"2593.23629"	"0.00006"	"1"	""		"22399.39666"	"26255.58209"	"5f.6d2.7s"	"3I*"	"5"	""	""	"4"		""	"L9974"	
"2593.5419"	"0.0006"	"2593.54283"	"0.00005"	"3"	""		"12114.36618"	"15970.09583"	"5f.6d.7s2"	"1D*"	"2"	"6d3.(2D2).7s"	""	"3"		""	"L9974"	
"2595.8997"	"0.0007"	"2595.89915"	"0.00013"	"1"	""		"19503.143490"	"23355.37327"	"6d2.7s.7p"	"5F*"	"3"	"6d4"	"5D"	"3"		""	"L9974"	
"2596.7546"	"0.0007"	"2596.75399"	"0.00012"	"1"	""		"27343.74101"	"31194.70265"	"5f.6d.7s.7p"	"5H"	"3"	"5f.6d3"	"5I*"	"4"		""	"L9974"	
"2597.0150"	"0.0005"	"2597.0166"	"0.0007"	"15*"	""		"37159.5540"	"41010.1262"	""	"*"	"3"	""	""	"3"		""	"L9974"	
"2597.83918"	"0.00013"	"2597.83911"	"0.00003"	"140"	""		"14204.26476"	"18053.617845"	"6d3.(2G).7s"	""	"5"	"6d.7s2.7p"	"3F*"	"4"		""	"L14361"	
"2599.1445"	"0.0003"	"2599.14455"	"0.00006"	"49"	""		"18549.40528"	"22396.82500"	"6d3.(4P).7s"	""	"2"	""	"*"	"1"		""	"L9974"	
"2600.1247"	"0.0005"	"2600.12571"	"0.00011"	"5"	""		"27084.47278"	"30930.44068"	""	"*"	"6"	"5f.6d.7s.7p"	"5H"	"6"		""	"L9974"	
"2607.9940"	"0.0007"	"2607.99356"	"0.00014"	"1"	""		"22669.88918"	"26504.25448"	""	"*"	"3"	"6d3.(2D1).7s"	"1D"	"2"		""	"L9974"	
"2613.8452"	"0.0008"	"2613.84678"	"0.00007"	"1"	""		"23741.07467"	"27566.85363"	""	"*"	"1"	""	""	"2"		""	"L9974"	
"2614.2522"	"0.0008"	"2614.25190"	"0.00021"	"1"	""		"28884.95681"	"32710.14290"	""	"*"	"3"	""	""	"2"		""	"L9974"	
"2616.2842"	"0.0006"	"2616.28414"	"0.00010"	"3"	""		"18574.61019"	"22396.82500"	"6d3.(2P).7s"	""	"1"	""	"*"	"1"		""	"L9974"	
"2616.8643"	"0.0006"	"2616.86424"	"0.00021"	"3"	""		"17354.638583"	"21176.0061"	"5f.6d.7s2"	"3D*"	"1"	"6d4"	"5D"	"0"		""	"L9974"	
"2622.7355"	"0.0005"	"2622.73533"	"0.00009"	"11"	""		"26036.34930"	"29849.16255"	""	"*"	"3"	""	""	"4"		""	"L9974"	
"2625.7592"	"0.0006"	"2625.75864"	"0.00003"	"5"	""		"18699.62342"	"22508.04658"	"5f.7s2.7p"	"3F"	"2"	"6d2.7s.7p"	"5P*"	"2"		""	"L9974"	
"2626.9478"	"0.0004"	"2626.94766"	"0.00008"	"17"	""		"25877.50128"	"29684.20065"	""	"*"	"4"	"5f.6d.7s.7p"	"5H"	"5"		""	"L9974"	
"2627.2412"	"0.0009"	"2627.24018"	"0.00021"	"0"	""		"31283.11407"	"35089.38959"	""	"*"	"3"	""	""	"3"		""	"L9974"	
"2628.0986"	"0.0005"	"2628.09864"	"0.00010"	"15"	""		"25336.49797"	"29141.53019"	""	"*"	"6"	""	""	"5"		""	"L9974"	
"2632.2448"	"0.0008"	"2632.24464"	"0.00012"	"1"	""		"24880.22058"	"28679.25957"	""	"*"	"1"	""	""	"2"		""	"L9974"	
"2632.5617"	"0.0005"	"2632.56177"	"0.00006"	"11"	""		"25753.93805"	"29552.51939"	""	"*"	"5"	"5f.6d.7s.7p"	"5H"	"6"		""	"L9974"	
"2632.7863"	"0.0009"	"2632.78657"	"0.00007"	"0"	""		"24182.42887"	"27980.68586"	""	"*"	"2"	""	""	"3"		""	"L9974"	
"2633.7777"	"0.0008"	"2633.77758"	"0.00007"	"1"	""		"21645.85769"	"25442.68552"	"6d3.(2G).7s"	""	"4"	""	"*"	"3"		""	"L9974"	
"2635.5766"	"0.0008"	"2635.57632"	"0.00014"	"1"	""		"29733.32304"	"33527.55959"	""	"*"	"5"	""	""	"4"		""	"L9974"	
"2636.4708"	"0.0006"	"2636.47091"	"0.00006"	"3"	""		"24769.71573"	"28562.66485"	""	"*"	"3"	""	""	"4"		""	"L9974"	
"2638.43346"	"0.00014"	"2638.43349"	"0.00004"	"120"	""		"10414.13700"	"14204.26476"	"5f.6d.7s2"	"1G*"	"4"	"6d3.(2G).7s"	""	"5"		""	"L14361"	
"2642.4715"	"0.0008"	"2642.47123"	"0.00014"	"1*"	""		"30517.10597"	"34301.44234"	""	"*"	"5"	""	""	"4"		""	"L9974"	
"2642.4715"	"0.0008"	"2642.47208"	"0.00010"	"1*"	""		"26723.66908"	"30508.00424"	"5f.6d2.7s"	"5G*"	"6"	""	""	"5"		""	"L9974"	
"2644.5100"	"0.0006"	"2644.50992"	"0.00005"	"3"	""		"22141.60454"	"25923.02352"	""	"*"	"3"	"6d4"	"3H"	"4"		""	"L9974"	
"2648.1721"	"0.0006"	"2648.17165"	"0.00015"	"5"	""		"28518.30342"	"32294.49368"	""	"*"	"7"	"5f.6d.7s.7p"	"5H"	"7"		""	"L9974"	
"2649.5451"	"0.0006"	"2649.54460"	"0.00005"	"5"	""		"24259.77463"	"28034.00813"	""	"*"	"4"	""	""	"5"		""	"L9974"	
"2650.1858"	"0.0006"	"2650.1858"	"0.0004"	"3"	""		"35015.5227"	"38788.8430"	""	""	"2"	""	"*"	"3"		""	"L9974"	
"2653.9117"	"0.0004"	"2653.91170"	"0.00005"	"21"	""		"16554.24283"	"20322.26571"	"6d3.(2H).7s"	"3H"	"6"	"5f.6d.7s2"	"1H*"	"5"		""	"L9974"	
"2654.8406"	"0.0008"	"2654.84181"	"0.00005"	"1"	""		"17398.39526"	"21165.098037"	"6d3.(4F).7s"	""	"3"	"5f.6d.7s2"	"3D*"	"3"		""	"L9974"	
"2655.6392"	"0.0008"	"2655.63853"	"0.00021"	"1"	""		"31083.4857"	"34849.05842"	""	"*"	"6"	""	""	"5"		""	"L9974"	
"2658.6302"	"0.0006"	"2658.63017"	"0.00007"	"3"	""		"24769.71573"	"28531.05121"	""	"*"	"3"	"6d4"	""	"2"		""	"L9974"	
"2658.9371"	"0.0006"	"2658.93695"	"0.00008"	"7"	""		"21594.67329"	"25355.57481"	"6d3.(2F).7s"	"1F"	"3"	""	"*"	"4"		""	"L9974"	
"2659.6524"	"0.0008"	"2659.65233"	"0.00006"	"1"	""		"22163.13360"	"25923.02352"	""	"*"	"4"	"6d4"	"3H"	"4"		""	"L9974"	
"2660.0715"	"0.0006"	"2660.07200"	"0.00006"	"3"	""		"24274.71139"	"28034.00813"	""	"*"	"5"	""	""	"5"		""	"L9974"	
"2661.3875"	"0.0008"	"2661.38579"	"0.00004"	"1"	""		"23032.986182"	"26790.42715"	"5f.7s2.7p"	"3G"	"4"	""	"*"	"4"		""	"L9974"	
"2664.5505"	"0.0004"	"2664.55063"	"0.00006"	"54"	""		"14206.91694"	"17959.89498"	"5f.6d.7s2"	"3F*"	"4"	"6d3.(4F).7s"	"3F"	"4"		""	"L14361"	
"2666.8291"	"0.0009"	"2666.82783"	"0.00008"	"0"	""		"20922.12244"	"24671.89582"	""	"*"	"2"	"6d3.(2D1).7s"	"3D"	"2"		""	"L9974"	
"2667.0061"	"0.0009"	"2667.00654"	"0.00006"	"0"	""		"12114.36618"	"15863.88829"	"5f.6d.7s2"	"1D*"	"2"	"6d3.(2D2).7s"	""	"2"		""	"L9974"	
"2667.5270"	"0.0004"	"2667.52686"	"0.00005"	"25"	""		"22141.60454"	"25890.39529"	""	"*"	"3"	""	""	"2"		""	"L9974"	
"2668.3776"	"0.0004"	"2668.37743"	"0.00006"	"33"	""		"17847.07751"	"21594.67329"	"5f.6d.7s2"	"3P*"	"2"	"6d3.(2F).7s"	"1F"	"3"		""	"L9974"	
"2668.4744"	"0.0008"	"2668.47272"	"0.00006"	"1"	""		"22637.46361"	"26384.92556"	"5f.7s2.7p"	"3F"	"3"	""	"*"	"4"		""	"L9974"	
"2668.8862"	"0.0008"	"2668.88572"	"0.00010"	"1"	""		"21575.03713"	"25321.91918"	"6d3.(2P).7s"	""	"2"	""	"*"	"3"		""	"L9974"	
"2670.2817"	"0.0008"	"2670.28150"	"0.00016"	"1"	""		"27971.66875"	"31716.59227"	"6d4"	"3H"	"6"	""	"*"	"5"		""	"L9974"	
"2670.7240"	"0.0008"	"2670.72311"	"0.00013"	"1"	""		"29141.53019"	"32885.83448"	""	""	"5"	""	"*"	"6"		""	"L9974"	
"2672.5454"	"0.0009"	"2672.54459"	"0.00005"	"0"	""		"24399.11564"	"28140.86799"	"5f.6d.7s.7p"	"5H"	"3"	""	"*"	"4"		""	"L9974"	
"2672.6503"	"0.0009"	"2672.64963"	"0.00017"	"0"	""		"26111.53886"	"29853.14415"	""	""	"1"	""	"*"	"2"		""	"L9974"	
"2674.1951"	"0.0004"	"2674.19521"	"0.00003"	"47"	""		"7502.287636"	"11241.73043"	"6d3.(4F).7s"	"5F"	"3"	"5f.6d.7s2"	"3F*"	"3"		""	"L14361"	
"2679.92572"	"0.00022"	"2679.92552"	"0.00004"	"83"	""		"18431.686609"	"22163.13360"	"5f.7s2.7p"	"3G"	"3"	""	"*"	"4"		""	"L14361"	
"2682.4321"	"0.0006"	"2682.43249"	"0.00009"	"3"	""		"17847.07751"	"21575.03713"	"5f.6d.7s2"	"3P*"	"2"	"6d3.(2P).7s"	""	"2"		""	"L9974"	
"2682.9004"	"0.0006"	"2682.90061"	"0.00012"	"3*"	""		"26645.40609"	"30372.71524"	""	"*"	"5"	""	""	"6"		""	"L9974"	
"2682.9461"	"0.0008"	"2682.94615"	"0.00009"	"1"	""		"21594.67329"	"25321.91918"	"6d3.(2F).7s"	"1F"	"3"	""	"*"	"3"		""	"L9974"	
"2684.1035"	"0.0008"	"2684.1037"	"0.0009"	"1*"	""		"37234.0035"	"40959.6419"	""	"*"	"2"	""	""	"2"		""	"L9974"	
"2684.1035"	"0.0008"	"2684.10392"	"0.00005"	"1*"	""		"22637.46361"	"26363.10178"	"5f.7s2.7p"	"3F"	"3"	""	"*"	"2"		""	"L9974"	
"2687.5135"	"0.0009"	"2687.51372"	"0.00006"	"0"	""		"24259.77463"	"27980.68586"	""	"*"	"4"	""	""	"3"		""	"L9974"	
"2691.9968"	"0.0007"	"2691.99739"	"0.00005"	"3"	""		"22396.82500"	"26111.53886"	""	"*"	"1"	""	""	"1"		""	"L9974"	
"2695.44638"	"0.00012"	"2695.44627"	"0.00004"	"230"	""		"20322.26571"	"24032.22651"	"5f.6d.7s2"	"1H*"	"5"	"5f.6d.7s.7p"	"5G"	"4"		""	"L14361"	
"2695.6247"	"0.0008"	"2695.62333"	"0.00009"	"1"	""		"21645.85769"	"25355.57481"	"6d3.(2G).7s"	""	"4"	""	"*"	"4"		""	"L9974"	
"2696.9761"	"0.0005"	"2696.97601"	"0.00007"	"15"	""		"26048.54211"	"29756.39860"	""	"*"	"4"	""	""	"4"		""	"L9974"	
"2697.4752"	"0.0005"	"2697.47523"	"0.00004"	"15"	""		"18930.29333"	"22637.46361"	"6d2.7s.7p"	"3G*"	"3"	"5f.7s2.7p"	"3F"	"3"		""	"L9974"	
"2697.6817"	"0.0009"	"2697.68198"	"0.00009"	"0"	""		"21143.42198"	"24850.30814"	"6d3.(2H).7s"	"1H"	"5"	""	"3I*"	"6"		""	"L9974"	
"2698.5078"	"0.0007"	"2698.50741"	"0.00009"	"3"	""		"20922.12244"	"24627.87473"	""	"*"	"2"	"6d3.(2D1).7s"	"3D"	"1"		""	"L9974"	
"2704.2276"	"0.0008"	"2704.22686"	"0.00007"	"1"	""		"20054.77119"	"23752.68579"	"6d3.(2F).7s"	"3F"	"2"	""	"*"	"2"		""	"L9974"	
"2706.0868"	"0.0008"	"2706.08617"	"0.00007"	"1"	""		"23916.89747"	"27612.27129"	""	"*"	"4"	"6d4"	"3G"	"3"		""	"L9974"	
"2706.1506"	"0.0007"	"2706.15054"	"0.00004"	"3"	""		"13088.56115"	"16783.84708"	"6d3.(2G).7s"	"3G"	"3"	"5f.6d2.7s"	"5I*"	"4"		""	"L9974"	
"2710.7437"	"0.0008"	"2710.74299"	"0.00003"	"1"	""		"19588.36224"	"23277.38774"	"6d2.7s.7p"	"5G*"	"5"	"5f.6d.7s.7p"	"5I"	"5"		""	"L9974"	
"2712.7449"	"0.0006"	"2712.74464"	"0.00005"	"7"	""		"20054.77119"	"23741.07467"	"6d3.(2F).7s"	"3F"	"2"	""	"*"	"1"		""	"L9974"	
"2714.5036"	"0.0008"	"2714.50449"	"0.00013"	"1"	""		"23990.41162"	"27674.32522"	"5f.6d.7s.7p"	"5F"	"2"	""	"*"	"2"		""	"L9974"	
"2717.2572"	"0.0006"	"2717.25732"	"0.00015"	"7"	""		"29419.23183"	"33099.41329"	""	"*"	"2"	""	""	"3"		""	"L9974"	
"2722.6153"	"0.0007"	"2722.61551"	"0.00007"	"3"	""		"24307.74711"	"27980.68586"	""	"*"	"2"	""	""	"3"		""	"L9974"	
"2724.1025"	"0.0005"	"2724.10264"	"0.00022"	"15"	""		"29397.1521"	"33068.08573"	""	"*"	"5 or 6 or 7"	""	""	"6"		""	"L9974"	
"2727.5577"	"0.0008"	"2727.55794"	"0.00005"	"1"	""		"24561.65178"	"28227.93504"	""	"*"	"3"	"5f.7s2.7p"	"3F"	"4"		""	"L9974"	
"2731.2562"	"0.0008"	"2731.25662"	"0.00010"	"1"	""		"25442.68552"	"29104.00388"	""	"*"	"3"	"6d4"	"3G"	"4"		""	"L9974"	
"2732.2087"	"0.0008"	"2732.2100"	"0.0003"	"1"	""		"31780.86008"	"35440.9008"	""	"*"	"3"	"6d4"	""	"3"		""	"L9974"	
"2732.6786"	"0.0008"	"2732.67820"	"0.00007"	"1"	""		"26096.98491"	"29756.39860"	""	"*"	"3"	""	""	"4"		""	"L9974"	
"2736.5054"	"0.0005"	"2736.50521"	"0.00004"	"9"	""		"15618.98461"	"19273.28060"	"5f.6d2.7s"	"5H*"	"3"	"6d3.(2P).7s"	""	"2"		""	"L9974"	
"2737.4064"	"0.0008"	"2737.40700"	"0.00006"	"1"	""		"15863.88829"	"19516.98043"	"6d3.(2D2).7s"	""	"2"	"6d2.7s.7p"	"5D*"	"2"		""	"L9974"	
"2739.2850"	"0.0007"	"2739.28562"	"0.00009"	"3"	""		"17073.80916"	"20724.39599"	"6d3.(4P).7s"	""	"1"	""	"*"	"0"		""	"L9974"	
"2740.4417"	"0.0007"	"2740.43993"	"0.00019"	"3*"	""		"28513.29787"	"32162.34702"	""	"*"	"2"	""	""	"2"		""	"L9974"	
"2740.4417"	"0.0007"	"2740.44218"	"0.00011"	"3*"	""		"26723.66908"	"30372.71524"	"5f.6d2.7s"	"5G*"	"6"	""	""	"6"		""	"L9974"	
"2742.7556"	"0.0010"	"2742.75492"	"0.00007"	"0"	""		"22465.56965"	"26111.53886"	""	"*"	"0"	""	""	"1"		""	"L9974"	
"2742.9866"	"0.0008"	"2742.98522"	"0.00015"	"1"	""		"27495.58911"	"31141.25221"	"5f2.7s2"	"3H"	"4"	""	"*"	"5"		""	"L9974"	
"2743.0901"	"0.0010"	"2743.0912"	"0.0005"	"0"	""		"35117.9541"	"38763.4763"	""	"*"	"5 or 6"	""	""	"5"		""	"L9974"	
"2744.0968"	"0.0006"	"2744.09705"	"0.00011"	"5"	""		"20566.62381"	"24210.80979"	"6d2.7s.7p"	"5D*"	"4"	"6d4"	"5D"	"4"		""	"L9974"	
"2745.5587"	"0.0006"	"2745.55860"	"0.00008"	"5*"	""		"17501.17592"	"21143.42198"	"5f.6d2.7s"	"5I*"	"5"	"6d3.(2H).7s"	"1H"	"5"		""	"L9974"	
"2745.7963"	"0.0005"	"2745.79600"	"0.00012"	"11"	""		"24210.80979"	"27852.74095"	"6d4"	"5D"	"4"	""	"*"	"5"		""	"L9974"	
"2746.3471"	"0.0006"	"2746.34633"	"0.00023"	"5"	""		"30372.71524"	"34013.9166"	""	""	"6"	""	"*"	"5 or 6"		""	"L9974"	
"2747.7283"	"0.0008"	"2747.72724"	"0.00005"	"1"	""		"18699.62342"	"22338.99484"	"5f.7s2.7p"	"3F"	"2"	"5f.6d2.7s"	"5G*"	"3"		""	"L9974"	
"2747.8156"	"0.0008"	"2747.81499"	"0.00005"	"1"	""		"15863.88829"	"19503.143490"	"6d3.(2D2).7s"	""	"2"	"6d2.7s.7p"	"5F*"	"3"		""	"L9974"	
"2747.9435"	"0.0008"	"2747.9447"	"0.0004"	"1"	""		"35149.75961"	"38788.8430"	""	""	"2"	""	"*"	"3"		""	"L9974"	
"2748.3111"	"0.0006"	"2748.3103"	"0.0004"	"5"	""		"38106.8449"	"41745.4442"	""	""	"5"	""	"*"	"4"		""	"L9974"	
"2751.9961"	"0.0008"	"2751.99586"	"0.00011"	"1"	""		"28140.86799"	"31774.59439"	""	"*"	"4"	""	""	"3"		""	"L9974"	
"2756.2281"	"0.0006"	"2756.22817"	"0.00009"	"5"	""		"25306.76154"	"28934.90819"	""	"*"	"2"	""	""	"3"		""	"L9974"	
"2757.5389"	"0.0008"	"2757.53843"	"0.00009"	"1"	""		"26384.92556"	"30011.34827"	""	"*"	"4"	""	""	"3"		""	"L9974"	
"2768.2276"	"0.0008"	"2768.22746"	"0.00011"	"1"	""		"23032.986182"	"26645.40609"	"5f.7s2.7p"	"3G"	"4"	""	"*"	"5"		""	"L9974"	
"2778.2773"	"0.0008"	"2778.27749"	"0.00006"	"1"	""		"24381.33337"	"27980.68586"	""	"*"	"2"	""	""	"3"		""	"L9974"	
"2778.3623"	"0.0008"	"2778.36215"	"0.00012"	"1"	""		"26953.26182"	"30552.50463"	""	"*"	"5"	""	""	"4"		""	"L9974"	
"2779.08256"	"0.00015"	"2779.08222"	"0.00003"	"83"	""		"19039.153374"	"22637.46361"	"6d.7s2.7p"	"3P*"	"2"	"5f.7s2.7p"	"3F"	"3"		""	"L14361"	
"2786.5405"	"0.0005"	"2786.54004"	"0.00007"	"11"	""		"24769.71573"	"28358.39555"	""	"*"	"3"	""	""	"3"		""	"L9974"	
"2786.7289"	"0.0006"	"2786.72846"	"0.00005"	"5"	""		"23201.98997"	"26790.42715"	"5f.6d.7s.7p"	"5G"	"3"	""	"*"	"4"		""	"L9974"	
"2788.8613"	"0.0005"	"2788.86125"	"0.00005"	"23"	""		"22669.88918"	"26255.58209"	""	"*"	"3"	""	""	"4"		""	"L9974"	
"2790.1565"	"0.0005"	"2790.15624"	"0.00006"	"23"	""		"22338.99484"	"25923.02352"	"5f.6d2.7s"	"5G*"	"3"	"6d4"	"3H"	"4"		""	"L9974"	
"2791.5841"	"0.0009"	"2791.58409"	"0.00008"	"1"	""		"23609.16775"	"27191.36326"	""	"*"	"5"	"5f.6d.7s.7p"	"5G"	"5"		""	"L9974"	
"2791.7221"	"0.0006"	"2791.72190"	"0.00004"	"5"	""		"19273.28060"	"22855.29928"	"6d3.(2P).7s"	""	"2"	""	"*"	"3"		""	"L9974"	
"2791.7723"	"0.0007"	"2791.77214"	"0.00016"	"3"	""		"28347.54723"	"31929.50145"	""	"*"	"2"	""	""	"3"		""	"L9974"	
"2792.0837"	"0.0005"	"2792.08361"	"0.00006"	"9"	""		"24981.11021"	"28562.66485"	""	"*"	"3"	""	""	"4"		""	"L9974"	
"2792.4116"	"0.0009"	"2792.41379"	"0.00010"	"1"	""		"19532.41646"	"23113.54761"	"6d3.(2F).7s"	"3F"	"4"	"5f.6d2.7s"	"5G*"	"4"		""	"L9974"	
"2792.4374"	"0.0009"	"2792.43740"	"0.00014"	"1"	""		"22515.88404"	"26096.98491"	"6d4"	"5D"	"2"	""	"*"	"3"		""	"L9974"	
"2793.5336"	"0.0010"	"2793.53206"	"0.00006"	"0"	""		"17959.89498"	"21539.59257"	"6d3.(4F).7s"	"3F"	"4"	""	"*"	"4"		""	"L9974"	
"2793.8168"	"0.0007"	"2793.81632"	"0.00009"	"3"	""		"25355.57481"	"28934.90819"	""	"*"	"4"	""	""	"3"		""	"L9974"	
"2795.8004"	"0.0007"	"2795.80128"	"0.00008"	"3"	""		"18069.065569"	"21645.85769"	"6d.7s2.7p"	"1F*"	"3"	"6d3.(2G).7s"	""	"4"		""	"L9974"	
"2803.5414"	"0.0005"	"2803.54123"	"0.00004"	"21"	""		"20423.494218"	"23990.41162"	"6d.7s2.7p"	"3P*"	"1"	"5f.6d.7s.7p"	"5F"	"2"		""	"L9974"	
"2806.2668"	"0.0009"	"2806.26602"	"0.00005"	"1"	""		"13847.77037"	"17411.224415"	"6d3.(4F).7s"	"3F"	"2"	"6d.7s2.7p"	"3D*"	"3"		""	"L9974"	
"2816.9489"	"0.0009"	"2816.94823"	"0.00008"	"1"	""		"24981.11021"	"28531.05121"	""	"*"	"3"	"6d4"	""	"2"		""	"L9974"	
"2817.4366"	"0.0009"	"2817.43625"	"0.00003"	"1"	""		"18699.62342"	"22248.94952"	"5f.7s2.7p"	"3F"	"2"	""	"*"	"2"		""	"L9974"	
"2827.8744"	"0.0006"	"2827.87480"	"0.00005"	"5"	""		"23655.13881"	"27191.36326"	""	"*"	"4"	"5f.6d.7s.7p"	"5G"	"5"		""	"L9974"	
"2830.4177"	"0.0007"	"2830.41752"	"0.00006"	"3"	""		"15970.09583"	"19503.143490"	"6d3.(2D2).7s"	""	"3"	"6d2.7s.7p"	"5F*"	"3"		""	"L9974"	
"2830.6780"	"0.0009"	"2830.67778"	"0.00003"	"1"	""		"15166.900593"	"18699.62342"	"6d2.7s.7p"	"5G*"	"3"	"5f.7s2.7p"	"3F"	"2"		""	"L9974"	
"2835.3582"	"0.0006"	"2835.35816"	"0.00008"	"9"	""		"24701.04375"	"28227.93504"	""	"*"	"5"	"5f.7s2.7p"	"3F"	"4"		""	"L9974"	
"2837.9041"	"0.0007"	"2837.90415"	"0.00006"	"3"	""		"17398.39526"	"20922.12244"	"6d3.(4F).7s"	""	"3"	""	"*"	"2"		""	"L9974"	
"2837.9848"	"0.0005"	"2837.98495"	"0.00007"	"23*"	""		"22399.39666"	"25923.02352"	"5f.6d2.7s"	"3I*"	"5"	"6d4"	"3H"	"4"		""	"L9974"	
"2837.9848"	"0.0005"	"2837.9858"	"0.0004"	"23*"	""		"34431.3389"	"37954.9647"	""	""	"3"	""	"*"	"3"		""	"L9974"	
"2839.8923"	"0.0009"	"2839.89166"	"0.00010"	"1"	""		"28680.73627"	"32201.99736"	""	"*"	"4"	""	""	"5"		""	"L9974"	
"2844.9263"	"0.0006"	"2844.92607"	"0.00007"	"13"	""		"21890.13254"	"25405.16237"	""	"*"	"3"	"5f.6d.7s.7p"	"5H"	"4"		""	"L9974"	
"2846.5385"	"0.0009"	"2846.53795"	"0.00005"	"1"	""		"23277.38774"	"26790.42715"	"5f.6d.7s.7p"	"5I"	"5"	""	"*"	"4"		""	"L9974"	
"2851.5484"	"0.0007"	"2851.54713"	"0.00005"	"3"	""		"13847.77037"	"17354.638583"	"6d3.(4F).7s"	"3F"	"2"	"5f.6d.7s2"	"3D*"	"1"		""	"L9974"	
"2854.2870"	"0.0009"	"2854.28638"	"0.00007"	"1"	""		"24769.71573"	"28273.21842"	""	"*"	"3"	""	""	"2"		""	"L9974"	
"2854.6696"	"0.0003"	"2854.66979"	"0.00005"	"60"	""		"7280.123222"	"10783.15535"	"6d2.7s2"	""	"2"	"6d.7s2.7p"	"3F*"	"2"		""	"L14361"	
"2854.7299"	"0.0006"	"2854.72962"	"0.00005"	"9"	""		"22877.58322"	"26380.54194"	""	"*"	"5"	"5f.6d.7s.7p"	"5H"	"5"		""	"L9974"	
"2854.7833"	"0.0007"	"2854.78353"	"0.00007"	"7"	""		"21902.26981"	"25405.16237"	"5f.6d2.7s"	"3H*"	"4"	"5f.6d.7s.7p"	"5H"	"4"		""	"L9974"	
"2856.8198"	"0.0009"	"2856.81925"	"0.00024"	"1"	""		"31716.59227"	"35216.98873"	""	"*"	"5"	""	""	"5"		""	"L9974"	
"2857.4432"	"0.0009"	"2857.44357"	"0.00004"	"1"	""		"21165.098037"	"24664.72970"	"5f.6d.7s2"	"3D*"	"3"	"5f.6d.7s.7p"	"5F"	"3"		""	"L9974"	
"2858.22016"	"0.00025"	"2858.22041"	"0.00004"	"100"	""		"12847.96912"	"16346.64962"	"6d3.(4P).7s"	"5P"	"3"	"5f.6d2.7s"	"5H*"	"4"		""	"L14361"	
"2860.7811"	"0.0006"	"2860.78091"	"0.00007"	"13"	""		"16217.482038"	"19713.03109"	"6d.7s2.7p"	"1D*"	"2"	"6d3.(2F).7s"	"3F"	"3"		""	"L9974"	
"2863.5285"	"0.0009"	"2863.52839"	"0.00009"	"1"	""		"24850.30814"	"28342.50330"	""	"3I*"	"6"	"5f.7s2.7p"	"3G"	"5"		""	"L9974"	
"2868.2776"	"0.0009"	"2868.27675"	"0.00004"	"1"	""		"13297.43316"	"16783.84708"	"6d3.(2G).7s"	"3G"	"4"	"5f.6d2.7s"	"5I*"	"4"		""	"L9974"	
"2876.0482"	"0.0004"	"2876.04819"	"0.00004"	"37"	""		"20922.12244"	"24399.11564"	""	"*"	"2"	"5f.6d.7s.7p"	"5H"	"3"		""	"L9974"	
"2877.6625"	"0.0007"	"2877.66305"	"0.00007"	"3"	""		"23032.986182"	"26508.02820"	"5f.7s2.7p"	"3G"	"4"	""	"*"	"3"		""	"L9974"	
"2880.2275"	"0.0007"	"2880.22801"	"0.00009"	"3"	""		"26363.10178"	"29835.04913"	""	"*"	"2"	""	""	"3"		""	"L9974"	
"2883.7590"	"0.0007"	"2883.75819"	"0.00005"	"7"	""		"20522.71449"	"23990.41162"	"6d2.7s.7p"	"3F*"	"2"	"5f.6d.7s.7p"	"5F"	"2"		""	"L9974"	
"2885.8010"	"0.0009"	"2885.7999"	"0.0004"	"1*"	""		"29961.79723"	"33427.0409"	""	""	"1"	""	"*"	"2"		""	"L9974"	
"2885.8010"	"0.0009"	"2885.80059"	"0.00017"	"1*"	""		"16351.93901"	"19817.18191"	"6d2.7s2"	""	"0"	"6d2.7s.7p"	"5P*"	"1"		""	"L9974"	
"2895.9591"	"0.0005"	"2895.95874"	"0.00006"	"19"	""		"13945.307389"	"17398.39526"	"6d.7s2.7p"	"3F*"	"3"	"6d3.(4F).7s"	""	"3"		""	"L9974"	
"2903.0743"	"0.0006"	"2903.07452"	"0.00003"	"11"	""		"19588.36224"	"23032.986182"	"6d2.7s.7p"	"5G*"	"5"	"5f.7s2.7p"	"3G"	"4"		""	"L9974"	
"2906.3846"	"0.0009"	"2906.38451"	"0.00006"	"1"	""		"23603.52066"	"27044.22163"	""	"*"	"2"	""	""	"3"		""	"L9974"	
"2909.4516"	"0.0004"	"2909.45155"	"0.00004"	"53"	""		"15493.21943"	"18930.29333"	"6d3.(2H).7s"	"3H"	"4"	"6d2.7s.7p"	"3G*"	"3"		""	"L9974"	
"2911.1626"	"0.0006"	"2911.16249"	"0.00017"	"13"	""		"23355.37327"	"26790.42715"	"6d4"	"5D"	"3"	""	"*"	"4"		""	"L9974"	
"2913.8166"	"0.0006"	"2913.81712"	"0.00007"	"9"	""		"16554.24283"	"19986.16721"	"6d3.(2H).7s"	"3H"	"6"	"5f.6d2.7s"	"5H*"	"6"		""	"L9974"	
"2918.3426"	"0.0006"	"2918.34233"	"0.00006"	"15"	""		"20054.77119"	"23481.37399"	"6d3.(2F).7s"	"3F"	"2"	""	"*"	"1"		""	"L9974"	
"2924.5815"	"0.0009"	"2924.58123"	"0.00009"	"1"	""		"21252.60286"	"24671.89582"	""	"*"	"2"	"6d3.(2D1).7s"	"3D"	"2"		""	"L9974"	
"2925.4629"	"0.0009"	"2925.4641"	"0.0008"	"1*"	""		"35395.9849"	"38814.2460"	""	""	"2"	""	"*"	"2"		""	"L9974"	
"2925.4629"	"0.0009"	"2925.46433"	"0.00010"	"1*"	""		"27852.74095"	"31271.00174"	""	"*"	"5"	""	""	"5"		""	"L9974"	
"2930.7241"	"0.0008"	"2930.72341"	"0.00004"	"3"	""		"21252.60286"	"24664.72970"	""	"*"	"2"	"5f.6d.7s.7p"	"5F"	"3"		""	"L9974"	
"2940.7279"	"0.0006"	"2940.72750"	"0.00006"	"9*"	""		"17166.10472"	"20566.62381"	"6d3.(2H).7s"	"3H"	"5"	"6d2.7s.7p"	"5D*"	"4"		""	"L9974"	
"2940.7279"	"0.0006"	"2940.72972"	"0.00011"	"9*"	""		"19713.03109"	"23113.54761"	"6d3.(2F).7s"	"3F"	"3"	"5f.6d2.7s"	"5G*"	"4"		""	"L9974"	
"2940.9319"	"0.0006"	"2940.93185"	"0.00005"	"13"	""		"22855.29928"	"26255.58209"	""	"*"	"3"	""	""	"4"		""	"L9974"	
"2948.0102"	"0.0006"	"2948.01005"	"0.00005"	"9"	""		"13962.51989"	"17354.638583"	"6d3.(2D2).7s"	""	"1"	"5f.6d.7s2"	"3D*"	"1"		""	"L9974"	
"2950.6509"	"0.0007"	"2950.65082"	"0.00006"	"5"	""		"23655.13881"	"27044.22163"	""	"*"	"4"	""	""	"3"		""	"L9974"	
"2951.9493"	"0.0010"	"2951.94923"	"0.00006"	"1"	""		"25753.93805"	"29141.53019"	""	"*"	"5"	""	""	"5"		""	"L9974"	
"2956.7944"	"0.0008"	"2956.79431"	"0.00012"	"3"	""		"26036.34930"	"29418.39044"	""	"*"	"3"	""	""	"2"		""	"L9974"	
"2960.3318"	"0.0010"	"2960.33255"	"0.00006"	"1"	""		"22877.58322"	"26255.58209"	""	"*"	"5"	""	""	"4"		""	"L9974"	
"2960.9584"	"0.0007"	"2960.95799"	"0.00008"	"7"	""		"24981.11021"	"28358.39555"	""	"*"	"3"	""	""	"3"		""	"L9974"	
"2961.6186"	"0.0006"	"2961.61863"	"0.00005"	"9"	""		"13847.77037"	"17224.302340"	"6d3.(4F).7s"	"3F"	"2"	"6d2.7s.7p"	"5F*"	"2"		""	"L9974"	
"2962.5890"	"0.0008"	"2962.58905"	"0.00007"	"3"	""		"21539.59257"	"24915.01853"	""	"*"	"4"	"6d3.(2D1).7s"	"3D"	"3"		""	"L9974"	
"2962.7245"	"0.0007"	"2962.72430"	"0.00011"	"5"	""		"21252.60286"	"24627.87473"	""	"*"	"2"	"6d3.(2D1).7s"	"3D"	"1"		""	"L9974"	
"2963.3334"	"0.0008"	"2963.33273"	"0.00007"	"3"	""		"22988.52291"	"26363.10178"	"5f.6d.7s.7p"	"5G"	"2"	""	"*"	"2"		""	"L9974"	
"2967.08893"	"0.00010"	"2967.08893"	"0.00003"	"270"	""		"9804.806547"	"13175.113345"	"6d3.(4F).7s"	"5F"	"5"	"5f.6d.7s2"	"3G*"	"4"		""	"L14361"	
"2967.7880"	"0.0005"	"2967.78800"	"0.00004"	"33"	""		"12847.96912"	"16217.482038"	"6d3.(4P).7s"	"5P"	"3"	"6d.7s2.7p"	"1D*"	"2"		""	"L9974"	
"2968.3093"	"0.0010"	"2968.30769"	"0.00018"	"1"	""		"26645.40609"	"30014.32907"	""	"*"	"5"	"6d4"	""	"4"		""	"L9974"	
"2970.5491"	"0.0008"	"2970.54867"	"0.00009"	"3"	""		"16346.64962"	"19713.03109"	"5f.6d2.7s"	"5H*"	"4"	"6d3.(2F).7s"	"3F"	"3"		""	"L9974"	
"2970.6119"	"0.0007"	"2970.61181"	"0.00006"	"7"	""		"14032.085336"	"17398.39526"	"6d.7s2.7p"	"3D*"	"2"	"6d3.(4F).7s"	""	"3"		""	"L9974"	
"2971.4237"	"0.0008"	"2971.42335"	"0.00006"	"3"	""		"23015.15141"	"26380.54194"	""	"*"	"5"	"5f.6d.7s.7p"	"5H"	"5"		""	"L9974"	
"2972.6806"	"0.0008"	"2972.67969"	"0.00004"	"3"	""		"11802.93238"	"15166.900593"	"6d3.(4P).7s"	"5P"	"2"	"6d2.7s.7p"	"5G*"	"3"		""	"L9974"	
"2978.3780"	"0.0008"	"2978.37761"	"0.00014"	"3"	""		"27852.74095"	"31210.27358"	""	"*"	"5"	"6d4"	"1I"	"6"		""	"L9974"	
"2978.4701"	"0.0008"	"2978.46971"	"0.00015"	"3*"	""		"27784.36557"	"31141.79438"	""	"*"	"2"	"6d4"	"3D"	"3"		""	"L9974"	
"2978.4701"	"0.0008"	"2978.47019"	"0.00004"	"3*"	""		"8243.602091"	"11601.03035"	"5f.6d.7s2"	"3F*"	"2"	"6d3.(4P).7s"	"5P"	"1"		""	"L9974"	
"2979.3243"	"0.0008"	"2979.32475"	"0.00016"	"3"	""		"29711.62048"	"33068.08573"	""	"*"	"5"	""	""	"6"		""	"L9974"	
"2983.3477"	"0.0008"	"2983.34751"	"0.00008"	"3"	""		"23032.986182"	"26384.92556"	"5f.7s2.7p"	"3G"	"4"	""	"*"	"4"		""	"L9974"	
"2988.3018"	"0.0005"	"2988.30205"	"0.00005"	"17"	""		"20423.494218"	"23769.87615"	"6d.7s2.7p"	"3P*"	"1"	"5f.6d.7s.7p"	"5F"	"1"		""	"L9974"	
"2989.3886"	"0.0007"	"2989.38759"	"0.00009"	"5"	""		"19532.41646"	"22877.58322"	"6d3.(2F).7s"	"3F"	"4"	""	"*"	"5"		""	"L9974"	
"2992.9963"	"0.0010"	"2992.99548"	"0.00011"	"1"	""		"26508.02820"	"29849.16255"	""	"*"	"3"	""	""	"4"		""	"L9974"	
"3003.9121"	"0.0006"	"3003.91179"	"0.00004"	"9"	""		"19948.395175"	"23277.38774"	"6d2.7s.7p"	"5F*"	"4"	"5f.6d.7s.7p"	"5I"	"5"		""	"L9974"	
"3010.7744"	"0.0008"	"3010.77357"	"0.00011"	"3"	""		"26096.98491"	"29418.39044"	""	"*"	"3"	""	""	"2"		""	"L9974"	
"3012.9899"	"0.0010"	"3012.98938"	"0.00005"	"1"	""		"24202.56462"	"27521.52753"	""	"*"	"4"	""	""	"4"		""	"L9974"	
"3015.0756"	"0.0010"	"3015.07518"	"0.00005"	"1"	""		"15493.21943"	"18809.88631"	"6d3.(2H).7s"	"3H"	"4"	"6d2.7s.7p"	"5G*"	"4"		""	"L9974"	
"3015.3873"	"0.0010"	"3015.38663"	"0.00005"	"1"	""		"23655.13881"	"26971.46312"	""	"*"	"4"	""	""	"4"		""	"L9974"	
"3024.4713"	"0.0005"	"3024.47082"	"0.00007"	"21"	""		"18431.686609"	"21738.05013"	"5f.7s2.7p"	"3G"	"3"	"5f.6d2.7s"	"5G*"	"2"		""	"L9974"	
"3036.3590"	"0.0010"	"3036.35796"	"0.00019"	"1"	""		"22515.88404"	"25809.30337"	"6d4"	"5D"	"2"	""	"*"	"1"		""	"L9974"	
"3036.7227"	"0.0007"	"3036.72203"	"0.00006"	"7"	""		"24202.56462"	"27495.58911"	""	"*"	"4"	"5f2.7s2"	"3H"	"4"		""	"L9974"	
"3037.1242"	"0.0012"	"3037.12456"	"0.00014"	"0"	""		"27495.58911"	"30788.17715"	"5f2.7s2"	"3H"	"4"	""	"*"	"5"		""	"L9974"	
"3037.3560"	"0.0010"	"3037.35649"	"0.00012"	"1"	""		"27260.16801"	"30552.50463"	""	"*"	"3"	""	""	"4"		""	"L9974"	
"3038.3868"	"0.0007"	"3038.38649"	"0.00006"	"5"	""		"19986.16721"	"23277.38774"	"5f.6d2.7s"	"5H*"	"6"	"5f.6d.7s.7p"	"5I"	"5"		""	"L9974"	
"3038.5386"	"0.0010"	"3038.5386"	"0.0004"	"1"	""		"25806.5369"	"29097.59262"	""	"*"	"1 or 2"	""	""	"1"		""	"L9974"	
"3042.7708"	"0.0007"	"3042.77108"	"0.00009"	"7"	""		"27266.02670"	"30552.50463"	""	"*"	"4"	""	""	"4"		""	"L9974"	
"3043.9883"	"0.0008"	"3043.98802"	"0.00013"	"3"	""		"24032.22651"	"27317.39056"	"5f.6d.7s.7p"	"5G"	"4"	""	"*"	"3"		""	"L9974"	
"3057.5193"	"0.0007"	"3057.51959"	"0.00014"	"13"	""		"24701.04375"	"27971.66875"	""	"*"	"5"	"6d4"	"3H"	"6"		""	"L9974"	
"3058.7160"	"0.0007"	"3058.71592"	"0.00013"	"7"	""		"28932.65158"	"32201.99736"	""	"*"	"4"	""	""	"5"		""	"L9974"	
"3060.9168"	"0.0007"	"3060.91746"	"0.00009"	"5"	""		"23113.54761"	"26380.54194"	"5f.6d2.7s"	"5G*"	"4"	"5f.6d.7s.7p"	"5H"	"5"		""	"L9974"	
"3062.9877"	"0.0003"	"3062.98788"	"0.00003"	"81*"	""		"15166.900593"	"18431.686609"	"6d2.7s.7p"	"5G*"	"3"	"5f.7s2.7p"	"3G"	"3"		""	"L14361"	
"3062.9877"	"0.0003"	"3062.9879"	"0.0007"	"81*"	""		"36297.2958"	"39562.0818"	""	""	"4"	""	"*"	"4"		""	"L14361"	
"3063.6981"	"0.0010"	"3063.69835"	"0.00010"	"1"	""		"25877.50128"	"29141.53019"	""	"*"	"4"	""	""	"5"		""	"L9974"	
"3064.1407"	"0.0008"	"3064.14059"	"0.00006"	"3"	""		"22141.60454"	"25405.16237"	""	"*"	"3"	"5f.6d.7s.7p"	"5H"	"4"		""	"L9974"	
"3065.8083"	"0.0007"	"3065.80839"	"0.00006"	"11"	""		"13962.51989"	"17224.302340"	"6d3.(2D2).7s"	""	"1"	"6d2.7s.7p"	"5F*"	"2"		""	"L9974"	
"3069.2846"	"0.0005"	"3069.28436"	"0.00005"	"49"	""		"13088.56115"	"16346.64962"	"6d3.(2G).7s"	"3G"	"3"	"5f.6d2.7s"	"5H*"	"4"		""	"L9974"	
"3071.1911"	"0.0008"	"3071.18984"	"0.00022"	"5"	""		"28673.43441"	"31929.50145"	""	"*"	"2"	""	""	"3"		""	"L9974"	
"3073.5237"	"0.0007"	"3073.52348"	"0.00004"	"11"	""		"19948.395175"	"23201.98997"	"6d2.7s.7p"	"5F*"	"4"	"5f.6d.7s.7p"	"5G"	"3"		""	"L9974"	
"3073.9649"	"0.0008"	"3073.96757"	"0.00006"	"7"	""		"20737.28686"	"23990.41162"	""	"*"	"1"	"5f.6d.7s.7p"	"5F"	"2"		""	"L9974"	
"3078.4669"	"0.0009"	"3078.46667"	"0.00010"	"3"	""		"26508.02820"	"29756.39860"	""	"*"	"3"	""	""	"4"		""	"L9974"	
"3079.9326"	"0.0007"	"3079.93209"	"0.00008"	"15"	""		"24981.11021"	"28227.93504"	""	"*"	"3"	"5f.7s2.7p"	"3F"	"4"		""	"L9974"	
"3080.3151"	"0.0006"	"3080.31504"	"0.00003"	"19"	""		"7280.123222"	"10526.544406"	"6d2.7s2"	""	"2"	"5f.6d.7s2"	"3G*"	"3"		""	"L9974"	
"3084.4887"	"0.0008"	"3084.48836"	"0.00008"	"5"	""		"22163.13360"	"25405.16237"	""	"*"	"4"	"5f.6d.7s.7p"	"5H"	"4"		""	"L9974"	
"3086.0099"	"0.0006"	"3086.00954"	"0.00007"	"23"	""		"23015.15141"	"26255.58209"	""	"*"	"5"	""	""	"4"		""	"L9974"	
"3101.4579"	"0.0011"	"3101.45831"	"0.00013"	"1"	""		"25306.76154"	"28531.05121"	""	"*"	"2"	"6d4"	""	"2"		""	"L9974"	
"3104.7019"	"0.0009"	"3104.70192"	"0.00010"	"3"	""		"26790.42715"	"30011.34827"	""	"*"	"4"	""	""	"3"		""	"L9974"	
"3118.0917"	"0.0013"	"3118.09144"	"0.00011"	"0"	""		"25355.57481"	"28562.66485"	""	"*"	"4"	""	""	"4"		""	"L9974"	
"3127.4588"	"0.0007"	"3127.45829"	"0.00020"	"11"	""		"28518.30342"	"31715.78811"	""	"*"	"7"	""	""	"6"		""	"L9974"	
"3133.3442"	"0.0003"	"3133.34417"	"0.00008"	"88"	""		"14206.91694"	"17398.39526"	"5f.6d.7s2"	"3F*"	"4"	"6d3.(4F).7s"	""	"3"		""	"L14361"	
"3133.6048"	"0.0008"	"3133.60500"	"0.00011"	"5"	""		"24421.05861"	"27612.27129"	""	"*"	"3"	"6d4"	"3G"	"3"		""	"L9974"	
"3136.1283"	"0.0011"	"3136.12850"	"0.00011"	"1"	""		"18549.40528"	"21738.05013"	"6d3.(4P).7s"	""	"2"	"5f.6d2.7s"	"5G*"	"2"		""	"L9974"	
"3138.9617"	"0.0011"	"3138.96167"	"0.00010"	"1"	""		"16346.64962"	"19532.41646"	"5f.6d2.7s"	"5H*"	"4"	"6d3.(2F).7s"	"3F"	"4"		""	"L9974"	
"3139.2051"	"0.0009"	"3139.20465"	"0.00009"	"3"	""		"24381.33337"	"27566.85363"	""	"*"	"2"	""	""	"2"		""	"L9974"	
"3145.2827"	"0.0006"	"3145.28261"	"0.00008"	"19"	""		"10783.15535"	"13962.51989"	"6d.7s2.7p"	"3F*"	"2"	"6d3.(2D2).7s"	""	"1"		""	"L9974"	
"3147.6552"	"0.0007"	"3147.65485"	"0.00011"	"9"	""		"21738.05013"	"24915.01853"	"5f.6d2.7s"	"5G*"	"2"	"6d3.(2D1).7s"	"3D"	"3"		""	"L9974"	
"3153.2401"	"0.0007"	"3153.24022"	"0.00006"	"11"	""		"19817.18191"	"22988.52291"	"6d2.7s.7p"	"5P*"	"1"	"5f.6d.7s.7p"	"5G"	"2"		""	"L9974"	
"3154.9896"	"0.0008"	"3154.98870"	"0.00022"	"5"	""		"27971.66875"	"31141.25221"	"6d4"	"3H"	"6"	""	"*"	"5"		""	"L9974"	
"3156.6697"	"0.0008"	"3156.67068"	"0.00004"	"7"	""		"18930.29333"	"22098.18793"	"6d2.7s.7p"	"3G*"	"3"	"5f.6d.7s.7p"	"5I"	"4"		""	"L9974"	
"3178.1223"	"0.0011"	"3178.12153"	"0.00005"	"1"	""		"21252.60286"	"24399.11564"	""	"*"	"2"	"5f.6d.7s.7p"	"5H"	"3"		""	"L9974"	
"3180.9099"	"0.0011"	"3180.90965"	"0.00014"	"1"	""		"25306.76154"	"28450.51635"	""	"*"	"2"	""	""	"1"		""	"L9974"	
"3187.2791"	"0.0011"	"3187.27871"	"0.00010"	"1*"	""		"19532.41646"	"22669.88918"	"6d3.(2F).7s"	"3F"	"4"	""	"*"	"3"		""	"L9974"	
"3187.2791"	"0.0011"	"3187.2808"	"0.0004"	"1*"	""		"32439.0466"	"35576.5173"	""	"*"	"4"	""	""	"3"		""	"L9974"	
"3191.1599"	"0.0011"	"3191.15902"	"0.00015"	"1"	""		"21077.152101"	"24210.80979"	"6d2.7s.7p"	"5F*"	"5"	"6d4"	"5D"	"4"		""	"L9974"	
"3194.1478"	"0.0003"	"3194.14742"	"0.00004"	"50"	""		"8111.004545"	"11241.73043"	"6d2.7s2"	"1G"	"4"	"5f.6d.7s2"	"3F*"	"3"		""	"L14361"	
"3195.9902"	"0.0007"	"3195.99004"	"0.00004"	"13"	""		"13088.56115"	"16217.482038"	"6d3.(2G).7s"	"3G"	"3"	"6d.7s2.7p"	"1D*"	"2"		""	"L9974"	
"3197.1170"	"0.0006"	"3197.11683"	"0.00012"	"33"	""		"14226.82045"	"17354.638583"	"6d3.(2P).7s"	""	"0"	"5f.6d.7s2"	"3D*"	"1"		""	"L9974"	
"3201.4915"	"0.0008"	"3201.49123"	"0.00006"	"5"	""		"19273.28060"	"22396.82500"	"6d3.(2P).7s"	""	"2"	""	"*"	"1"		""	"L9974"	
"3203.7316"	"0.0007"	"3203.73108"	"0.00016"	"11"	""		"24850.30814"	"27971.66875"	""	"3I*"	"6"	"6d4"	"3H"	"6"		""	"L9974"	
"3204.6318"	"0.0007"	"3204.63192"	"0.00006"	"11"	""		"19516.98043"	"22637.46361"	"6d2.7s.7p"	"5D*"	"2"	"5f.7s2.7p"	"3F"	"3"		""	"L9974"	
"3205.5886"	"0.0007"	"3205.58871"	"0.00009"	"11"	""		"18549.40528"	"21668.957072"	"6d3.(4P).7s"	""	"2"	"6d2.7s.7p"	"5P*"	"1"		""	"L9974"	
"3206.6744"	"0.0008"	"3206.67445"	"0.00010"	"7"	""		"27852.74095"	"30971.23650"	""	"*"	"5"	""	""	"4"		""	"L9974"	
"3207.9485"	"0.0011"	"3207.94840"	"0.00008"	"1"	""		"17959.89498"	"21077.152101"	"6d3.(4F).7s"	"3F"	"4"	"6d2.7s.7p"	"5F*"	"5"		""	"L9974"	
"3208.8797"	"0.0008"	"3208.87946"	"0.00010"	"7"	""		"21143.42198"	"24259.77463"	"6d3.(2H).7s"	"1H"	"5"	""	"*"	"4"		""	"L9974"	
"3213.5570"	"0.0008"	"3213.5566"	"0.0003"	"5"	""		"27971.66875"	"31083.4857"	"6d4"	"3H"	"6"	""	"*"	"6"		""	"L9974"	
"3217.6009"	"0.0006"	"3217.60057"	"0.00004"	"19"	""		"18431.686609"	"21539.59257"	"5f.7s2.7p"	"3G"	"3"	""	"*"	"4"		""	"L9974"	
"3217.9820"	"0.0009"	"3217.98175"	"0.00009"	"3"	""		"23277.38774"	"26384.92556"	"5f.6d.7s.7p"	"5I"	"5"	""	"*"	"4"		""	"L9974"	
"3219.1393"	"0.0007"	"3219.13915"	"0.00006"	"9"	""		"24084.94271"	"27191.36326"	"6d2.7s.7p"	"5G*"	"6"	"5f.6d.7s.7p"	"5G"	"5"		""	"L9974"	
"3220.0248"	"0.0011"	"3220.02212"	"0.00022"	"1"	""		"27784.36557"	"30889.93430"	""	"*"	"2"	""	""	"1"		""	"L9974"	
"3225.3191"	"0.0007"	"3225.31858"	"0.00009"	"13"	""		"24421.05861"	"27521.52753"	""	"*"	"3"	""	""	"4"		""	"L9974"	
"3233.1198"	"0.0008"	"3233.11948"	"0.00007"	"7"	""		"26048.54211"	"29141.53019"	""	"*"	"4"	""	""	"5"		""	"L9974"	
"3237.9599"	"0.0009"	"3237.95852"	"0.00010"	"3"	""		"25442.68552"	"28531.05121"	""	"*"	"3"	"6d4"	""	"2"		""	"L9974"	
"3240.4128"	"0.0008"	"3240.41265"	"0.00004"	"7"	""		"8111.004545"	"11197.031257"	"6d2.7s2"	"1G"	"4"	"5f.6d.7s2"	"3H*"	"5"		""	"L9974"	
"3243.9540"	"0.0008"	"3243.9556"	"0.0003"	"5"	""		"28188.34547"	"31271.00174"	""	"*"	"6"	""	""	"5"		""	"L9974"	
"3246.0803"	"0.0006"	"3246.07999"	"0.00005"	"27"	""		"15618.98461"	"18699.62342"	"5f.6d2.7s"	"5H*"	"3"	"5f.7s2.7p"	"3F"	"2"		""	"L9974"	
"3249.1801"	"0.0010"	"3249.17987"	"0.00008"	"3"	""		"27852.74095"	"30930.44068"	""	"*"	"5"	"5f.6d.7s.7p"	"5H"	"6"		""	"L9974"	
"3252.5297"	"0.0012"	"3252.52913"	"0.00010"	"1"	""		"24421.05861"	"27495.58911"	""	"*"	"3"	"5f2.7s2"	"3H"	"4"		""	"L9974"	
"3253.3926"	"0.0008"	"3253.39300"	"0.00011"	"5"	""		"23306.82782"	"26380.54194"	"5f.6d2.7s"	"3I*"	"6"	"5f.6d.7s.7p"	"5H"	"5"		""	"L9974"	
"3258.3298"	"0.0010"	"3258.32926"	"0.00007"	"3"	""		"15970.09583"	"19039.153374"	"6d3.(2D2).7s"	""	"3"	"6d.7s2.7p"	"3P*"	"2"		""	"L9974"	
"3261.1480"	"0.0012"	"3261.14778"	"0.00009"	"1"	""		"15863.88829"	"18930.29333"	"6d3.(2D2).7s"	""	"2"	"6d2.7s.7p"	"3G*"	"3"		""	"L9974"	
"3261.3998"	"0.0009"	"3261.40040"	"0.00007"	"5"	""		"22338.99484"	"25405.16237"	"5f.6d2.7s"	"5G*"	"3"	"5f.6d.7s.7p"	"5H"	"4"		""	"L9974"	
"3263.0529"	"0.0006"	"3263.05260"	"0.00009"	"17"	""		"10783.15535"	"13847.77037"	"6d.7s2.7p"	"3F*"	"2"	"6d3.(4F).7s"	"3F"	"2"		""	"L9974"	
"3268.8903"	"0.0009"	"3268.88974"	"0.00010"	"7"	""		"21143.42198"	"24202.56462"	"6d3.(2H).7s"	"1H"	"5"	""	"*"	"4"		""	"L9974"	
"3270.7459"	"0.0010"	"3270.74554"	"0.00013"	"3"	""		"25877.50128"	"28934.90819"	""	"*"	"4"	""	""	"3"		""	"L9974"	
"3272.4678"	"0.0012"	"3272.46702"	"0.00005"	"1"	""		"16217.482038"	"19273.28060"	"6d.7s2.7p"	"1D*"	"2"	"6d3.(2P).7s"	""	"2"		""	"L9974"	
"3278.0220"	"0.0010"	"3278.02270"	"0.00010"	"3"	""		"24561.65178"	"27612.27129"	""	"*"	"3"	"6d4"	"3G"	"3"		""	"L9974"	
"3279.2505"	"0.0012"	"3279.2502"	"0.0003"	"1"	""		"28034.00813"	"31083.4857"	""	""	"5"	""	"*"	"6"		""	"L9974"	
"3283.3051"	"0.0009"	"3283.30479"	"0.00016"	"5"	""		"21165.098037"	"24210.80979"	"5f.6d.7s2"	"3D*"	"3"	"6d4"	"5D"	"4"		""	"L9974"	
"3287.6099"	"0.0006"	"3287.60945"	"0.00012"	"19"	""		"14032.085336"	"17073.80916"	"6d.7s2.7p"	"3D*"	"2"	"6d3.(4P).7s"	""	"1"		""	"L9974"	
"3291.1780"	"0.0010"	"3291.17599"	"0.00024"	"3*"	""		"27980.68586"	"31019.11347"	""	""	"3"	""	"*"	"4"		""	"L9974"	
"3291.1780"	"0.0010"	"3291.17697"	"0.00009"	"3*"	""		"18699.62342"	"21738.05013"	"5f.7s2.7p"	"3F"	"2"	"5f.6d2.7s"	"5G*"	"2"		""	"L9974"	
"3294.7875"	"0.0012"	"3294.78869"	"0.00007"	"1"	""		"22855.29928"	"25890.39529"	""	"*"	"3"	""	""	"2"		""	"L9974"	
"3305.9094"	"0.0010"	"3305.90972"	"0.00011"	"3"	""		"21890.13254"	"24915.01853"	""	"*"	"3"	"6d3.(2D1).7s"	"3D"	"3"		""	"L9974"	
"3319.0864"	"0.0009"	"3319.08581"	"0.00008"	"7"	""		"22877.51748"	"25890.39529"	""	"*"	"1"	""	""	"2"		""	"L9974"	
"3325.3160"	"0.0008"	"3325.31544"	"0.00006"	"9"	""		"11197.031257"	"14204.26476"	"5f.6d.7s2"	"3H*"	"5"	"6d3.(2G).7s"	""	"5"		""	"L9974"	
"3333.8064"	"0.0010"	"3333.80490"	"0.00009"	"3"	""		"24981.11021"	"27980.68586"	""	"*"	"3"	""	""	"3"		""	"L9974"	
"3347.7754"	"0.0012"	"3347.77340"	"0.00006"	"1"	""		"20214.92997"	"23201.98997"	"6d2.7s.7p"	"5D*"	"3"	"5f.6d.7s.7p"	"5G"	"3"		""	"L9974"	
"3347.9212"	"0.0009"	"3347.92079"	"0.00011"	"5"	""		"25355.57481"	"28342.50330"	""	"*"	"4"	"5f.7s2.7p"	"3G"	"5"		""	"L9974"	
"3354.4076"	"0.0010"	"3354.40702"	"0.00018"	"3"	""		"27591.80212"	"30572.95496"	"6d4"	"3H"	"5"	""	"*"	"6"		""	"L9974"	
"3371.5768"	"0.0013"	"3371.57662"	"0.00010"	"1"	""		"26790.42715"	"29756.39860"	""	"*"	"4"	""	""	"4"		""	"L9974"	
"3374.3353"	"0.0013"	"3374.33444"	"0.00014"	"1"	""		"24032.22651"	"26995.77389"	"5f.6d.7s.7p"	"5G"	"4"	""	"*"	"3"		""	"L9974"	
"3375.35105"	"0.00023"	"3375.35039"	"0.00005"	"100"	""		"15736.968041"	"18699.62342"	"6d2.7s.7p"	"5F*"	"1"	"5f.7s2.7p"	"3F"	"2"		""	"L14361"	
"3377.5810"	"0.0009"	"3377.58074"	"0.00015"	"7"	""		"18614.33811"	"21575.03713"	"6d2.7s.7p"	"5D*"	"1"	"6d3.(2P).7s"	""	"2"		""	"L9974"	
"3378.1535"	"0.0009"	"3378.15298"	"0.00008"	"7"	""		"15970.09583"	"18930.29333"	"6d3.(2D2).7s"	""	"3"	"6d2.7s.7p"	"3G*"	"3"		""	"L9974"	
"3379.30570"	"0.00018"	"3379.30566"	"0.00009"	"120"	""		"14206.91694"	"17166.10472"	"5f.6d.7s2"	"3F*"	"4"	"6d3.(2H).7s"	"3H"	"5"		""	"L14361"	
"3408.4936"	"0.0013"	"3408.49556"	"0.00015"	"1"	""		"21738.05013"	"24671.89582"	"5f.6d2.7s"	"5G*"	"2"	"6d3.(2D1).7s"	"3D"	"2"		""	"L9974"	
"3409.2776"	"0.0008"	"3409.27681"	"0.00008"	"9"	""		"14465.221873"	"17398.39526"	"6d2.7s.7p"	"5G*"	"2"	"6d3.(4F).7s"	""	"3"		""	"L9974"	
"3411.1199"	"0.0007"	"3411.11979"	"0.00007"	"17"	""		"24259.77463"	"27191.36326"	""	"*"	"4"	"5f.6d.7s.7p"	"5G"	"5"		""	"L9974"	
"3416.8419"	"0.0008"	"3416.84143"	"0.00009"	"11"	""		"21738.05013"	"24664.72970"	"5f.6d2.7s"	"5G*"	"2"	"5f.6d.7s.7p"	"5F"	"3"		""	"L9974"	
"3429.6967"	"0.0009"	"3429.69633"	"0.00011"	"5"	""		"25442.68552"	"28358.39555"	""	"*"	"3"	""	""	"3"		""	"L9974"	
"3433.7084"	"0.0011"	"3433.70634"	"0.00007"	"3"	""		"24084.94271"	"26997.24767"	"6d2.7s.7p"	"5G*"	"6"	"5f.6d.7s.7p"	"5I"	"6"		""	"L9974"	
"3434.2441"	"0.0013"	"3434.24359"	"0.00005"	"1"	""		"7502.287636"	"10414.13700"	"6d3.(4F).7s"	"5F"	"3"	"5f.6d.7s2"	"1G*"	"4"		""	"L9974"	
"3457.8374"	"0.0013"	"3457.83800"	"0.00019"	"1"	""		"29310.01688"	"32201.99736"	""	"*"	"4"	""	""	"5"		""	"L9974"	
"3461.0883"	"0.0010"	"3461.08817"	"0.00023"	"7"	""		"28321.00884"	"31210.27358"	""	"*"	"5"	"6d4"	"1I"	"6"		""	"L9974"	
"3474.3498"	"0.0011"	"3474.34928"	"0.00013"	"3"	""		"26878.16179"	"29756.39860"	"6d2.7s.7p"	"3G*"	"3"	""	""	"4"		""	"L9974"	
"3487.8104"	"0.0009"	"3487.81022"	"0.00005"	"13"	""		"21165.098037"	"24032.22651"	"5f.6d.7s2"	"3D*"	"3"	"5f.6d.7s.7p"	"5G"	"4"		""	"L9974"	
"3488.0722"	"0.0011"	"3488.07472"	"0.00007"	"3"	""		"24399.11564"	"27266.02670"	"5f.6d.7s.7p"	"5H"	"3"	""	"*"	"4"		""	"L9974"	
"3494.3132"	"0.0009"	"3494.31312"	"0.00011"	"11"	""		"24182.42887"	"27044.22163"	""	"*"	"2"	""	""	"3"		""	"L9974"	
"3497.0858"	"0.0013"	"3497.08667"	"0.00006"	"1"	""		"21539.59257"	"24399.11564"	""	"*"	"4"	"5f.6d.7s.7p"	"5H"	"3"		""	"L9974"	
"3511.5398"	"0.0014"	"3511.53963"	"0.00009"	"1"	""		"20922.12244"	"23769.87615"	""	"*"	"2"	"5f.6d.7s.7p"	"5F"	"1"		""	"L9974"	
"3513.0207"	"0.0016"	"3513.02190"	"0.00007"	"0"	""		"23201.98997"	"26048.54211"	"5f.6d.7s.7p"	"5G"	"3"	""	"*"	"4"		""	"L9974"	
"3515.5374"	"0.0011"	"3515.53768"	"0.00012"	"3"	""		"23032.986182"	"25877.50128"	"5f.7s2.7p"	"3G"	"4"	""	"*"	"4"		""	"L9974"	
"3521.3871"	"0.0010"	"3521.38655"	"0.00009"	"5"	""		"15970.09583"	"18809.88631"	"6d3.(2D2).7s"	""	"3"	"6d2.7s.7p"	"5G*"	"4"		""	"L9974"	
"3522.0254"	"0.0014"	"3522.02557"	"0.00017"	"1"	""		"26995.77389"	"29835.04913"	""	"*"	"3"	""	""	"3"		""	"L9974"	
"3529.0597"	"0.0014"	"3529.05912"	"0.00004"	"1"	""		"4961.658832"	"7795.275291"	"6d2.7s2"	"3F"	"4"	"5f.6d.7s2"	"3H*"	"4"		""	"L9974"	
"3537.9441"	"0.0014"	"3537.94228"	"0.00015"	"1"	""		"14247.30742"	"17073.80916"	"5f.6d.7s2"	"3P*"	"0"	"6d3.(4P).7s"	""	"1"		""	"L9974"	
"3539.4302"	"0.0010"	"3539.43012"	"0.00006"	"5"	""		"21165.098037"	"23990.41162"	"5f.6d.7s2"	"3D*"	"3"	"5f.6d.7s.7p"	"5F"	"2"		""	"L9974"	
"3542.6499"	"0.0014"	"3542.64924"	"0.00009"	"1"	""		"20054.77119"	"22877.51748"	"6d3.(2F).7s"	"3F"	"2"	""	"*"	"1"		""	"L9974"	
"3544.9467"	"0.0014"	"3544.94750"	"0.00005"	"1"	""		"18431.686609"	"21252.60286"	"5f.7s2.7p"	"3G"	"3"	""	"*"	"2"		""	"L9974"	
"3546.0213"	"0.0010"	"3546.02071"	"0.00011"	"7"	""		"17166.10472"	"19986.16721"	"6d3.(2H).7s"	"3H"	"5"	"5f.6d2.7s"	"5H*"	"6"		""	"L9974"	
"3555.3008"	"0.0004"	"3555.30021"	"0.00006"	"70"	""		"15618.98461"	"18431.686609"	"5f.6d2.7s"	"5H*"	"3"	"5f.7s2.7p"	"3G"	"3"		""	"L14361"	
"3563.0583"	"0.0009"	"3563.05745"	"0.00013"	"9"	""		"19532.41646"	"22338.99484"	"6d3.(2F).7s"	"3F"	"4"	"5f.6d2.7s"	"5G*"	"3"		""	"L9974"	
"3577.8407"	"0.0009"	"3577.83995"	"0.00009"	"13"	""		"13175.113345"	"15970.09583"	"5f.6d.7s2"	"3G*"	"4"	"6d3.(2D2).7s"	""	"3"		""	"L9974"	
"3578.4015"	"0.0012"	"3578.39960"	"0.00012"	"3"	""		"24701.04375"	"27495.58911"	""	"*"	"5"	"5f2.7s2"	"3H"	"4"		""	"L9974"	
"3588.5276"	"0.0014"	"3588.52523"	"0.00013"	"1*"	""		"21594.67329"	"24381.33337"	"6d3.(2F).7s"	"1F"	"3"	""	"*"	"2"		""	"L9974"	
"3588.5276"	"0.0014"	"3588.5309"	"0.0014"	"1*"	""		"38385.1984"	"41171.8541"	""	"*"	"5"	""	""	"5"		""	"L9974"	
"3593.7111"	"0.0009"	"3593.7107"	"0.0005"	"9*"	""		"32458.17957"	"35240.8187"	""	""	"4"	""	"*"	"3"		""	"L9974"	
"3594.1616"	"0.0012"	"3594.16106"	"0.00009"	"3"	""		"17166.10472"	"19948.395175"	"6d3.(2H).7s"	"3H"	"5"	"6d2.7s.7p"	"5F*"	"4"		""	"L9974"	
"3603.3433"	"0.0009"	"3603.34271"	"0.00016"	"9"	""		"21645.85769"	"24421.05861"	"6d3.(2G).7s"	""	"4"	""	"*"	"3"		""	"L9974"	
"3604.1279"	"0.0010"	"3604.12681"	"0.00010"	"5"	""		"21890.13254"	"24664.72970"	""	"*"	"3"	"5f.6d.7s.7p"	"5F"	"3"		""	"L9974"	
"3608.95116"	"0.00010"	"3608.95037"	"0.00005"	"350bl"	""		"10526.544406"	"13297.43316"	"5f.6d.7s2"	"3G*"	"3"	"6d3.(2G).7s"	"3G"	"4"		""	"L14361"	
"3611.5455"	"0.0014"	"3611.54445"	"0.00008"	"1"	""		"24202.56462"	"26971.46312"	""	"*"	"4"	""	""	"4"		""	"L9974"	
"3625.5547"	"0.0014"	"3625.55206"	"0.00008"	"1"	""		"24032.22651"	"26790.42715"	"5f.6d.7s.7p"	"5G"	"4"	""	"*"	"4"		""	"L9974"	
"3635.7691"	"0.0009"	"3635.76893"	"0.00011"	"13"	""		"15863.88829"	"18614.33811"	"6d3.(2D2).7s"	""	"2"	"6d2.7s.7p"	"5D*"	"1"		""	"L9974"	
"3646.8467"	"0.0015"	"3646.8464"	"0.0004"	"1"	""		"28188.34547"	"30930.44068"	""	"*"	"6"	"5f.6d.7s.7p"	"5H"	"6"		""	"L9974"	
"3652.5555"	"0.0009"	"3652.55607"	"0.00008"	"9"	""		"21252.60286"	"23990.41162"	""	"*"	"2"	"5f.6d.7s.7p"	"5F"	"2"		""	"L9974"	
"3654.3366"	"0.0011"	"3654.33697"	"0.00009"	"5"	""		"24307.74711"	"27044.22163"	""	"*"	"2"	""	""	"3"		""	"L9974"	
"3656.9324"	"0.0015"	"3656.93155"	"0.00009"	"1"	""		"23521.04909"	"26255.58209"	""	"*"	"3"	""	""	"4"		""	"L9974"	
"3669.1803"	"0.0015"	"3669.18196"	"0.00009"	"1"	""		"23655.13881"	"26380.54194"	""	"*"	"4"	"5f.6d.7s.7p"	"5H"	"5"		""	"L9974"	
"3673.0460"	"0.0011"	"3673.04564"	"0.00012"	"5"	""		"24274.71139"	"26997.24767"	""	"*"	"5"	"5f.6d.7s.7p"	"5I"	"6"		""	"L9974"	
"3689.0564"	"0.0010"	"3689.05614"	"0.00005"	"15"	""		"20322.26571"	"23032.986182"	"5f.6d.7s2"	"1H*"	"5"	"5f.7s2.7p"	"3G"	"4"		""	"L9974"	
"3703.5222"	"0.0008"	"3703.52181"	"0.00007"	"31"	""		"17354.638583"	"20054.77119"	"5f.6d.7s2"	"3D*"	"1"	"6d3.(2F).7s"	"3F"	"2"		""	"L9974"	
"3713.0981"	"0.0012"	"3713.0981"	"0.0003"	"3"	""		"23355.37327"	"26048.54211"	"6d4"	"5D"	"3"	""	"*"	"4"		""	"L9974"	
"3718.7618"	"0.0012"	"3718.75995"	"0.00006"	"3"	""		"19948.395175"	"22637.46361"	"6d2.7s.7p"	"5F*"	"4"	"5f.7s2.7p"	"3F"	"3"		""	"L9974"	
"3722.1317"	"0.0012"	"3722.13094"	"0.00021"	"3"	""		"24880.22058"	"27566.85363"	""	"*"	"1"	""	""	"2"		""	"L9974"	
"3725.4564"	"0.0011"	"3725.45613"	"0.00012"	"7"	""		"14481.86965"	"17166.10472"	"5f.6d.7s2"	"3H*"	"6"	"6d3.(2H).7s"	"3H"	"5"		""	"L9974"	
"3730.7032"	"0.0006"	"3730.70214"	"0.00004"	"61"	""		"5563.141519"	"8243.602091"	"6d3.(4F).7s"	"5F"	"1"	"5f.6d.7s2"	"3F*"	"2"		""	"L14361"	
"3732.3521"	"0.0011"	"3732.35230"	"0.00008"	"7"	""		"20522.71449"	"23201.98997"	"6d2.7s.7p"	"3F*"	"2"	"5f.6d.7s.7p"	"5G"	"3"		""	"L9974"	
"3733.5257"	"0.0010"	"3733.52584"	"0.00014"	"11"	""		"25355.57481"	"28034.00813"	""	"*"	"4"	""	""	"5"		""	"L9974"	
"3737.6035"	"0.0011"	"3737.60334"	"0.00014"	"5"	""		"23201.98997"	"25877.50128"	"5f.6d.7s.7p"	"5G"	"3"	""	"*"	"4"		""	"L9974"	
"3739.1232"	"0.0006"	"3739.12268"	"0.00007"	"51"	""		"10414.13700"	"13088.56115"	"5f.6d.7s2"	"1G*"	"4"	"6d3.(2G).7s"	"3G"	"3"		""	"L14361"	
"3739.8205"	"0.0015"	"3739.82163"	"0.00017"	"1"	""		"25306.76154"	"27980.68586"	""	"*"	"2"	""	""	"3"		""	"L9974"	
"3750.5385"	"0.0015"	"3750.53553"	"0.00023"	"1"	""		"25923.02352"	"28589.30942"	"6d4"	"3H"	"4"	""	"*"	"3"		""	"L9974"	
"3756.1662"	"0.0007"	"3756.16552"	"0.00007"	"42"	""		"11802.93238"	"14465.221873"	"6d3.(4P).7s"	"5P"	"2"	"6d2.7s.7p"	"5G*"	"2"		""	"L14361"	
"3757.8934"	"0.0008"	"3757.89321"	"0.00011"	"17"	""		"21738.05013"	"24399.11564"	"5f.6d2.7s"	"5G*"	"2"	"5f.6d.7s.7p"	"5H"	"3"		""	"L9974"	
"3762.9546"	"0.0013"	"3762.95312"	"0.00010"	"3"	""		"23032.986182"	"25690.47345"	"5f.7s2.7p"	"3G"	"4"	""	"*"	"5"		""	"L9974"	
"3766.1056"	"0.0013"	"3766.10487"	"0.00011"	"3"	""		"27852.74095"	"30508.00424"	""	"*"	"5"	""	""	"5"		""	"L9974"	
"3770.6964"	"0.0016"	"3770.69662"	"0.00011"	"1"	""		"25690.47345"	"28342.50330"	""	"*"	"5"	"5f.7s2.7p"	"3G"	"5"		""	"L9974"	
"3778.6996"	"0.0013"	"3778.69778"	"0.00016"	"3"	""		"23609.16775"	"26255.58209"	""	"*"	"5"	""	""	"4"		""	"L9974"	
"3782.7989"	"0.0016"	"3782.79669"	"0.00007"	"1*"	""		"17411.224415"	"20054.77119"	"6d.7s2.7p"	"3D*"	"3"	"6d3.(2F).7s"	"3F"	"2"		""	"L9974"	
"3782.7989"	"0.0016"	"3782.8007"	"0.0006"	"1*"	""		"31523.9340"	"34167.4780"	""	"*"	"3"	""	""	"3"		""	"L9974"	
"3800.6048"	"0.0016"	"3800.60350"	"0.00013"	"1"	""		"24981.11021"	"27612.27129"	""	"*"	"3"	"6d4"	"3G"	"3"		""	"L9974"	
"3803.9403"	"0.0013"	"3803.93934"	"0.00017"	"3"	""		"21645.85769"	"24274.71139"	"6d3.(2G).7s"	""	"4"	""	"*"	"5"		""	"L9974"	
"3808.1234"	"0.0016"	"3808.12568"	"0.00015"	"1"	""		"19713.03109"	"22338.99484"	"6d3.(2F).7s"	"3F"	"3"	"5f.6d2.7s"	"5G*"	"3"		""	"L9974"	
"3826.0752"	"0.0007"	"3826.07250"	"0.00013"	"39*"	""		"24182.42887"	"26796.07511"	""	"*"	"2"	""	""	"3"		""	"L9974"	
"3826.7568"	"0.0016"	"3826.75576"	"0.00022"	"1"	""		"24032.22651"	"26645.40609"	"5f.6d.7s.7p"	"5G"	"4"	""	"*"	"5"		""	"L9974"	
"3832.2513"	"0.0013"	"3832.25185"	"0.00022"	"3"	""		"28321.00884"	"30930.44068"	""	"*"	"5"	"5f.6d.7s.7p"	"5H"	"6"		""	"L9974"	
"3836.2264"	"0.0010"	"3836.22565"	"0.00012"	"11"	""		"17959.89498"	"20566.62381"	"6d3.(4F).7s"	"3F"	"4"	"6d2.7s.7p"	"5D*"	"4"		""	"L9974"	
"3845.9889"	"0.0019"	"3845.98589"	"0.00015"	"0"	""		"23277.38774"	"25877.50128"	"5f.6d.7s.7p"	"5I"	"5"	""	"*"	"4"		""	"L9974"	
"3903.1759"	"0.0006"	"3903.17512"	"0.00006"	"45"	""		"10526.544406"	"13088.56115"	"5f.6d.7s2"	"3G*"	"3"	"6d3.(2G).7s"	"3G"	"3"		""	"L14361"	
"3905.3353"	"0.0017"	"3905.33289"	"0.00023"	"1"	""		"29733.32304"	"32293.92422"	""	"*"	"5"	""	""	"5"		""	"L9974"	
"3905.6433"	"0.0008"	"3905.64216"	"0.00008"	"38"	""		"15493.21943"	"18053.617845"	"6d3.(2H).7s"	"3H"	"4"	"6d.7s2.7p"	"3F*"	"4"		""	"L14361"	
"3913.0984"	"0.0014"	"3913.09805"	"0.00014"	"3"	""		"19039.153374"	"21594.67329"	"6d.7s2.7p"	"3P*"	"2"	"6d3.(2F).7s"	"1F"	"3"		""	"L9974"	
"3921.5697"	"0.0012"	"3921.56876"	"0.00011"	"5"	""		"17398.39526"	"19948.395175"	"6d3.(4F).7s"	""	"3"	"6d2.7s.7p"	"5F*"	"4"		""	"L9974"	
"3951.9081"	"0.0014"	"3951.90772"	"0.00008"	"3"	""		"13088.56115"	"15618.98461"	"6d3.(2G).7s"	"3G"	"3"	"5f.6d2.7s"	"5H*"	"3"		""	"L9974"	
"3956.3548"	"0.0014"	"3956.35484"	"0.00011"	"3"	""		"22877.58322"	"25405.16237"	""	"*"	"5"	"5f.6d.7s.7p"	"5H"	"4"		""	"L9974"	
"3971.1529"	"0.0013"	"3971.15217"	"0.00009"	"5"	""		"15493.21943"	"18011.38030"	"6d3.(2H).7s"	"3H"	"4"	"5f.6d2.7s"	"5H*"	"5"		""	"L9974"	
"4005.0517"	"0.0014"	"4005.05305"	"0.00014"	"3"	""		"21902.26981"	"24399.11564"	"5f.6d2.7s"	"3H*"	"4"	"5f.6d.7s.7p"	"5H"	"3"		""	"L9974"	
"4018.1164"	"0.0011"	"4018.11567"	"0.00015"	"11"	""		"17224.302340"	"19713.03109"	"6d2.7s.7p"	"5F*"	"2"	"6d3.(2F).7s"	"3F"	"3"		""	"L9974"	
"4028.0835"	"0.0015"	"4028.08404"	"0.00010"	"3"	""		"24561.65178"	"27044.22163"	""	"*"	"3"	""	""	"3"		""	"L9974"	
"4028.7806"	"0.0018"	"4028.77937"	"0.00006"	"1"	""		"16217.482038"	"18699.62342"	"6d.7s2.7p"	"1D*"	"2"	"5f.7s2.7p"	"3F"	"2"		""	"L9974"	
"4030.8058"	"0.0021"	"4030.80459"	"0.00019"	"0"	""		"25877.50128"	"28358.39555"	""	"*"	"4"	""	""	"3"		""	"L9974"	
"4036.3670"	"0.0013"	"4036.3663"	"0.0005"	"5"	""		"17354.638583"	"19832.1144"	"5f.6d.7s2"	"3D*"	"1"	""	""	"1"		""	"L9974"	
"4037.8746"	"0.0015"	"4037.87476"	"0.00010"	"3"	""		"23277.38774"	"25753.93805"	"5f.6d.7s.7p"	"5I"	"5"	""	"*"	"5"		""	"L9974"	
"4051.7851"	"0.0018"	"4051.7873"	"0.0003"	"1"	""		"27084.47278"	"29552.51939"	""	"*"	"6"	"5f.6d.7s.7p"	"5H"	"6"		""	"L9974"	
"4055.4661"	"0.0013"	"4055.46510"	"0.00012"	"5"	""		"20522.71449"	"22988.52291"	"6d2.7s.7p"	"3F*"	"2"	"5f.6d.7s.7p"	"5G"	"2"		""	"L9974"	
"4055.6776"	"0.0015"	"4055.67642"	"0.00015"	"3"	""		"26096.98491"	"28562.66485"	""	"*"	"3"	""	""	"4"		""	"L9974"	
"4056.0149"	"0.0012"	"4056.01418"	"0.00007"	"9"	""		"18699.62342"	"21165.098037"	"5f.7s2.7p"	"3F"	"2"	"5f.6d.7s2"	"3D*"	"3"		""	"L9974"	
"4093.0384"	"0.0018"	"4093.04093"	"0.00020"	"1"	""		"17073.80916"	"19516.98043"	"6d3.(4P).7s"	""	"1"	"6d2.7s.7p"	"5D*"	"2"		""	"L9974"	
"4095.8756"	"0.0013"	"4095.87509"	"0.00007"	"5"	""		"8800.249723"	"11241.73043"	"6d3.(4F).7s"	"5F"	"4"	"5f.6d.7s2"	"3F*"	"3"		""	"L9974"	
"4096.5815"	"0.0022"	"4096.57870"	"0.00008"	"0"	""		"11802.93238"	"14243.993748"	"6d3.(4P).7s"	"5P"	"2"	"5f.6d.7s2"	"3P*"	"1"		""	"L9974"	
"4108.7472"	"0.0012"	"4108.74683"	"0.00008"	"9"	""		"10414.13700"	"12847.96912"	"5f.6d.7s2"	"1G*"	"4"	"6d3.(4P).7s"	"5P"	"3"		""	"L9974"	
"4113.4405"	"0.0014"	"4113.44048"	"0.00008"	"5"	""		"11601.03035"	"14032.085336"	"6d3.(4P).7s"	"5P"	"1"	"6d.7s2.7p"	"3D*"	"2"		""	"L9974"	
"4128.3809"	"0.0014"	"4128.38021"	"0.00012"	"7"	""		"17166.10472"	"19588.36224"	"6d3.(2H).7s"	"3H"	"5"	"6d2.7s.7p"	"5G*"	"5"		""	"L9974"	
"4139.8616"	"0.0010"	"4139.86130"	"0.00005"	"29"	""		"8111.004545"	"10526.544406"	"6d2.7s2"	"1G"	"4"	"5f.6d.7s2"	"3G*"	"3"		""	"L9974"	
"4144.0734"	"0.0019"	"4144.07162"	"0.00012"	"1"	""		"23277.38774"	"25690.47345"	"5f.6d.7s.7p"	"5I"	"5"	""	"*"	"5"		""	"L9974"	
"4151.0649"	"0.0022"	"4151.06334"	"0.00014"	"0"	""		"23481.37399"	"25890.39529"	""	"*"	"1"	""	""	"2"		""	"L9974"	
"4163.2424"	"0.0019"	"4163.24165"	"0.00012"	"1"	""		"23521.04909"	"25923.02352"	""	"*"	"3"	"6d4"	"3H"	"4"		""	"L9974"	
"4166.8309"	"0.0019"	"4166.8326"	"0.0005"	"1"	""		"26997.24767"	"29397.1521"	"5f.6d.7s.7p"	"5I"	"6"	""	"*"	"5 or 6 or 7"		""	"L9974"	
"4172.2624"	"0.0016"	"4172.26178"	"0.00005"	"3"	""		"8800.249723"	"11197.031257"	"6d3.(4F).7s"	"5F"	"4"	"5f.6d.7s2"	"3H*"	"5"		""	"L9974"	
"4184.0820"	"0.0014"	"4184.08123"	"0.00012"	"7"	""		"23015.15141"	"25405.16237"	""	"*"	"5"	"5f.6d.7s.7p"	"5H"	"4"		""	"L9974"	
"4210.4983"	"0.0016"	"4210.49706"	"0.00016"	"3"	""		"24421.05861"	"26796.07511"	""	"*"	"3"	""	""	"3"		""	"L9974"	
"4220.5707"	"0.0020"	"4220.57359"	"0.00012"	"1"	""		"23521.04909"	"25890.39529"	""	"*"	"3"	""	""	"2"		""	"L9974"	
"4233.0366"	"0.0014"	"4233.03585"	"0.00014"	"5"	""		"17959.89498"	"20322.26571"	"6d3.(4F).7s"	"3F"	"4"	"5f.6d.7s2"	"1H*"	"5"		""	"L9974"	
"4242.4519"	"0.0020"	"4242.4507"	"0.0003"	"1"	""		"16217.482038"	"18574.61019"	"6d.7s2.7p"	"1D*"	"2"	"6d3.(2P).7s"	""	"1"		""	"L9974"	
"4253.3235"	"0.0020"	"4253.32273"	"0.00013"	"1"	""		"26790.42715"	"29141.53019"	""	"*"	"4"	""	""	"5"		""	"L9974"	
"4267.0594"	"0.0020"	"4267.05868"	"0.00015"	"1"	""		"25690.47345"	"28034.00813"	""	"*"	"5"	""	""	"5"		""	"L9974"	
"4299.7186"	"0.0020"	"4299.71626"	"0.00011"	"1"	""		"22338.99484"	"24664.72970"	"5f.6d2.7s"	"5G*"	"3"	"5f.6d.7s.7p"	"5F"	"3"		""	"L9974"	
"4307.7008"	"0.0013"	"4307.69947"	"0.00007"	"15"	""		"10526.544406"	"12847.96912"	"5f.6d.7s2"	"3G*"	"3"	"6d3.(4P).7s"	"5P"	"3"		""	"L9974"	
"4312.3311"	"0.0013"	"4312.33097"	"0.00007"	"9"	""		"12847.96912"	"15166.900593"	"6d3.(4P).7s"	"5P"	"3"	"6d2.7s.7p"	"5G*"	"3"		""	"L9974"	
"4313.8677"	"0.0011"	"4313.86642"	"0.00009"	"25"	""		"13175.113345"	"15493.21943"	"5f.6d.7s2"	"3G*"	"4"	"6d3.(2H).7s"	"3H"	"4"		""	"L9974"	
"4337.6349"	"0.0021"	"4337.63115"	"0.00011"	"1"	""		"10783.15535"	"13088.56115"	"6d.7s2.7p"	"3F*"	"2"	"6d3.(2G).7s"	"3G"	"3"		""	"L9974"	
"4337.7036"	"0.0024"	"4337.7025"	"0.0006"	"0"	""		"21176.0061"	"23481.37399"	"6d4"	"5D"	"0"	""	"*"	"1"		""	"L9974"	
"4341.9128"	"0.0015"	"4341.91268"	"0.00008"	"7"	""		"8111.004545"	"10414.13700"	"6d2.7s2"	"1G"	"4"	"5f.6d.7s2"	"1G*"	"4"		""	"L9974"	
"4344.4152"	"0.0017"	"4344.41350"	"0.00017"	"3"	""		"17411.224415"	"19713.03109"	"6d.7s2.7p"	"3D*"	"3"	"6d3.(2F).7s"	"3F"	"3"		""	"L9974"	
"4404.474"	"0.003"	"4404.47264"	"0.00017"	"0*"	""		"24701.04375"	"26971.46312"	""	"*"	"5"	""	""	"4"		""	"L9974"	
"4404.474"	"0.003"	"4404.4753"	"0.0008"	"0*"	""		"35300.9146"	"37571.3326"	"5f.6d2.7p"	"5K"	"5"	""	"*"	"5"		""	"L9974"	
"4434.6663"	"0.0016"	"4434.66424"	"0.00012"	"5"	""		"13962.51989"	"16217.482038"	"6d3.(2D2).7s"	""	"1"	"6d.7s2.7p"	"1D*"	"2"		""	"L9974"	
"4436.8917"	"0.0018"	"4436.8885"	"0.0004"	"3"	""		"22515.88404"	"24769.71573"	"6d4"	"5D"	"2"	""	"*"	"3"		""	"L9974"	
"4439.7856"	"0.0016"	"4439.78466"	"0.00016"	"7"	""		"21738.05013"	"23990.41162"	"5f.6d2.7s"	"5G*"	"2"	"5f.6d.7s.7p"	"5F"	"2"		""	"L9974"	
"4475.4267"	"0.0022"	"4475.42767"	"0.00012"	"1"	""		"24561.65178"	"26796.07511"	""	"*"	"3"	""	""	"3"		""	"L9974"	
"4486.0092"	"0.0016"	"4486.00890"	"0.00010"	"5"	""		"11802.93238"	"14032.085336"	"6d3.(4P).7s"	"5P"	"2"	"6d.7s2.7p"	"3D*"	"2"		""	"L9974"	
"4516.2955"	"0.0022"	"4516.29453"	"0.00006"	"1"	""		"16217.482038"	"18431.686609"	"6d.7s2.7p"	"1D*"	"2"	"5f.7s2.7p"	"3G"	"3"		""	"L9974"	
"4529.6145"	"0.0014"	"4529.61391"	"0.00012"	"13"	""		"17847.07751"	"20054.77119"	"5f.6d.7s2"	"3P*"	"2"	"6d3.(2F).7s"	"3F"	"2"		""	"L9974"	
"4544.9651"	"0.0014"	"4544.96774"	"0.00008"	"9"	""		"21077.152101"	"23277.38774"	"6d2.7s.7p"	"5F*"	"5"	"5f.6d.7s.7p"	"5I"	"5"		""	"L9974"	
"4560.7033"	"0.0017"	"4560.70248"	"0.00010"	"7"	""		"13297.43316"	"15490.077832"	"6d3.(2G).7s"	"3G"	"4"	"5f.6d.7s2"	"3G*"	"5"		""	"L9974"	
"4599.6658"	"0.0017"	"4599.6651"	"0.0004"	"7"	""		"21578.61445"	"23752.68579"	"6d4"	"5D"	"1"	""	"*"	"2"		""	"L9974"	
"4622.3432"	"0.0019"	"4622.3412"	"0.0003"	"3"	""		"21143.42198"	"23306.82782"	"6d3.(2H).7s"	"1H"	"5"	"5f.6d2.7s"	"3I*"	"6"		""	"L9974"	
"4626.2317"	"0.0024"	"4626.2282"	"0.0003"	"1*"	""		"27852.74095"	"30014.32907"	""	"*"	"5"	"6d4"	""	"4"		""	"L9974"	
"4626.2317"	"0.0024"	"4626.23128"	"0.00011"	"1*"	""		"22098.18793"	"24259.77463"	"5f.6d.7s.7p"	"5I"	"4"	""	"*"	"4"		""	"L9974"	
"4651.6230"	"0.0024"	"4651.6262"	"0.0003"	"1"	""		"18574.61019"	"20724.39599"	"6d3.(2P).7s"	""	"1"	""	"*"	"0"		""	"L9974"	
"4667.7165"	"0.0020"	"4667.71688"	"0.00011"	"3"	""		"11802.93238"	"13945.307389"	"6d3.(4P).7s"	"5P"	"2"	"6d.7s2.7p"	"3F*"	"3"		""	"L9974"	
"4668.3292"	"0.0017"	"4668.32928"	"0.00017"	"5"	""		"21890.13254"	"24032.22651"	""	"*"	"3"	"5f.6d.7s.7p"	"5G"	"4"		""	"L9974"	
"4677.9065"	"0.0020"	"4677.90408"	"0.00020"	"3"	""		"23752.68579"	"25890.39529"	""	"*"	"2"	""	""	"2"		""	"L9974"	
"4684.2813"	"0.0018"	"4684.2758"	"0.0011"	"7*"	""		"32954.5879"	"35089.38959"	""	"*"	"2"	""	""	"3"		""	"L9974"	
"4714.3311"	"0.0018"	"4714.33033"	"0.00020"	"7"	""		"17411.224415"	"19532.41646"	"6d.7s2.7p"	"3D*"	"3"	"6d3.(2F).7s"	"3F"	"4"		""	"L9974"	
"4715.2727"	"0.0018"	"4715.27449"	"0.00013"	"7"	""		"24259.77463"	"26380.54194"	""	"*"	"4"	"5f.6d.7s.7p"	"5H"	"5"		""	"L9974"	
"4720.1312"	"0.0025"	"4720.13122"	"0.00018"	"1"	""		"17398.39526"	"19516.98043"	"6d3.(4F).7s"	""	"3"	"6d2.7s.7p"	"5D*"	"2"		""	"L9974"	
"4728.6938"	"0.0018"	"4728.69330"	"0.00013"	"5"	""		"20522.71449"	"22637.46361"	"6d2.7s.7p"	"3F*"	"2"	"5f.7s2.7p"	"3F"	"3"		""	"L9974"	
"4760.9947"	"0.0011"	"4760.99359"	"0.00011"	"49"	""		"11197.031257"	"13297.43316"	"5f.6d.7s2"	"3H*"	"5"	"6d3.(2G).7s"	"3G"	"4"		""	"L9974"	
"4764.2406"	"0.0025"	"4764.24210"	"0.00016"	"1"	""		"15970.09583"	"18069.065569"	"6d3.(2D2).7s"	""	"3"	"6d.7s2.7p"	"1F*"	"3"		""	"L9974"	
"4796.0784"	"0.0009"	"4796.07798"	"0.00009"	"61"	""		"16346.64962"	"18431.686609"	"5f.6d2.7s"	"5H*"	"4"	"5f.7s2.7p"	"3G"	"3"		""	"L14361"	
"4796.8988"	"0.0014"	"4796.89754"	"0.00014"	"31"	""		"11877.839132"	"13962.51989"	"6d.7s2.7p"	"3D*"	"1"	"6d3.(2D2).7s"	""	"1"		""	"L9974"	
"4810.375"	"0.003"	"4810.37037"	"0.00014"	"1"	""		"25442.68552"	"27521.52753"	""	"*"	"3"	""	""	"4"		""	"L9974"	
"4811.5353"	"0.0019"	"4811.53357"	"0.00009"	"5"	""		"13088.56115"	"15166.900593"	"6d3.(2G).7s"	"3G"	"3"	"6d2.7s.7p"	"5G*"	"3"		""	"L9974"	
"4811.8877"	"0.0019"	"4811.88635"	"0.00021"	"5"	""		"23277.38774"	"25355.57481"	"5f.6d.7s.7p"	"5I"	"5"	""	"*"	"4"		""	"L9974"	
"4825.3866"	"0.0014"	"4825.38574"	"0.00019"	"17"	""		"14481.86965"	"16554.24283"	"5f.6d.7s2"	"3H*"	"6"	"6d3.(2H).7s"	"3H"	"6"		""	"L9974"	
"4828.959"	"0.003"	"4828.95876"	"0.00012"	"1"	""		"20566.62381"	"22637.46361"	"6d2.7s.7p"	"5D*"	"4"	"5f.7s2.7p"	"3F"	"3"		""	"L9974"	
"4851.4686"	"0.0021"	"4851.46764"	"0.00019"	"3"	""		"17166.10472"	"19227.33665"	"6d3.(2H).7s"	"3H"	"5"	"5f.6d2.7s"	"5I*"	"6"		""	"L9974"	
"4854.083"	"0.003"	"4854.08428"	"0.00014"	"1"	""		"22338.99484"	"24399.11564"	"5f.6d2.7s"	"5G*"	"3"	"5f.6d.7s.7p"	"5H"	"3"		""	"L9974"	
"4856.4683"	"0.0014"	"4856.4666"	"0.0004"	"25"	""		"23277.38774"	"25336.49797"	"5f.6d.7s.7p"	"5I"	"5"	""	"*"	"6"		""	"L9974"	
"4858.9517"	"0.0021"	"4858.9526"	"0.0003"	"3"	""		"19516.98043"	"21575.03713"	"6d2.7s.7p"	"5D*"	"2"	"6d3.(2P).7s"	""	"2"		""	"L9974"	
"4860.279"	"0.003"	"4860.27806"	"0.00024"	"1"	""		"19588.36224"	"21645.85769"	"6d2.7s.7p"	"5G*"	"5"	"6d3.(2G).7s"	""	"4"		""	"L9974"	
"4864.5178"	"0.0019"	"4864.51657"	"0.00012"	"5"	""		"11241.73043"	"13297.43316"	"5f.6d.7s2"	"3F*"	"3"	"6d3.(2G).7s"	"3G"	"4"		""	"L9974"	
"4888.1393"	"0.0019"	"4888.1404"	"0.0004"	"7"	""		"22515.88404"	"24561.65178"	"6d4"	"5D"	"2"	""	"*"	"3"		""	"L9974"	
"4907.580"	"0.003"	"4907.58179"	"0.00012"	"1"	""		"18699.62342"	"20737.28686"	"5f.7s2.7p"	"3F"	"2"	""	"*"	"1"		""	"L9974"	
"4976.2870"	"0.0022"	"4976.28488"	"0.00007"	"3"	""		"7795.275291"	"9804.806547"	"5f.6d.7s2"	"3H*"	"4"	"6d3.(4F).7s"	"5F"	"5"		""	"L9974"	
"4989.603"	"0.003"	"4989.6026"	"0.0004"	"1"	""		"29711.62048"	"31715.78811"	""	"*"	"5"	""	""	"6"		""	"L9974"	
"5010.5045"	"0.0020"	"5010.50337"	"0.00018"	"5"	""		"24259.77463"	"26255.58209"	""	"*"	"4"	""	""	"4"		""	"L9974"	
"5075.8177"	"0.0023"	"5075.8184"	"0.0003"	"3"	""		"21143.42198"	"23113.54761"	"6d3.(2H).7s"	"1H"	"5"	"5f.6d2.7s"	"5G*"	"4"		""	"L9974"	
"5212.0184"	"0.0022"	"5212.01971"	"0.00014"	"5"	""		"17354.638583"	"19273.28060"	"5f.6d.7s2"	"3D*"	"1"	"6d3.(2P).7s"	""	"2"		""	"L9974"	
"5223.4195"	"0.0022"	"5223.4192"	"0.0022"	"7*"	""		"37605.7352"	"39520.1900"	""	"*"	"4"	""	""	"4"		""	"L9974"	
"5260.240"	"0.003"	"5260.23572"	"0.00017"	"1"	""		"25442.68552"	"27343.74101"	""	"*"	"3"	"5f.6d.7s.7p"	"5H"	"3"		""	"L9974"	
"5293.2528"	"0.0020"	"5293.25234"	"0.00017"	"13"	""		"13847.77037"	"15736.968041"	"6d3.(4F).7s"	"3F"	"2"	"6d2.7s.7p"	"5F*"	"1"		""	"L9974"	
"5327.7013"	"0.0020"	"5327.70251"	"0.00023"	"15"	""		"15970.09583"	"17847.07751"	"6d3.(2D2).7s"	""	"3"	"5f.6d.7s2"	"3P*"	"2"		""	"L9974"	
"5410.8066"	"0.0023"	"5410.80536"	"0.00020"	"7"	""		"12114.36618"	"13962.51989"	"5f.6d.7s2"	"1D*"	"2"	"6d3.(2D2).7s"	""	"1"		""	"L9974"	
"5414.6824"	"0.0023"	"5414.68143"	"0.00015"	"7"	""		"11241.73043"	"13088.56115"	"5f.6d.7s2"	"3F*"	"3"	"6d3.(2G).7s"	"3G"	"3"		""	"L9974"	
