obs_wl_vac(nm)	unc_obs_wl	ritz_wl_vac(nm)	unc_ritz_wl	intens	Aki(s^-1)	Acc	Ei(cm-1)	Ek(cm-1)	conf_i	term_i	J_i	conf_k	term_k	J_k	Type	tp_ref	line_ref	
"198.337"	"0.003"	"198.34248"	"0.00009"	"1900"	""		"137.383"	"50555.225"	"3d3.4s2"	"a 4F"	"5/2"	"50555o"	"r 2F*"	"7/2"		""	"L3353"	
"198.3961"	"0.0015"	"198.39743"	"0.00005"	"a,i"	""		"0.000"	"50403.878"	"3d3.4s2"	"a 4F"	"3/2"	"50403o"	"r 2F*"	"5/2"		""	"L8121"	
"199.6778"	"0.0010"	"199.67873"	"0.00005"	"a,i"	""		"323.432"	"50403.878"	"3d3.4s2"	"a 4F"	"7/2"	"50403o"	"r 2F*"	"5/2"		""	"L8121"	
"201.113"	"0.003"	"201.11535"	"0.00005"	"2700"	""		"0.000"	"49722.709"	"3d3.4s2"	"a 4F"	"3/2"	"3d3.(2P).4s.4p.(1P*)"	"t 2D*"	"3/2"		""	"L3353"	
"201.248"	"0.003"	"201.25247"	"0.00007"	"420"	""		"0.000"	"49688.831"	"3d3.4s2"	"a 4F"	"3/2"	"3d3.(2P).4s.4p.(1P*)"	"t 2D*"	"5/2"		""	"L3353"	
"202.237"	"0.003"	"202.23895"	"0.00005"	"89"	""		"137.383"	"49583.843"	"3d3.4s2"	"a 4F"	"5/2"	"3d2.(3F).4s2.4p"	"n 4D*"	"7/2"		""	"L3353"	
"202.263"	"0.003"	"202.26552"	"0.00009"	"220"	""		"0.000"	"49439.963&dagger;"	"3d3.4s2"	"a 4F"	"3/2"	"3d2.(3F).4s2.4p"	"n 4D*"	"5/2"		""	"L3353"	
"202.569"	"0.003"	"202.57104"	"0.00007"	"790"	""		"323.432"	"49688.831"	"3d3.4s2"	"a 4F"	"7/2"	"3d3.(2P).4s.4p.(1P*)"	"t 2D*"	"5/2"		""	"L3353"	
"202.82920"	"0.00018"	"202.82914"	"0.00008"	"17000"	""		"137.383"	"49439.963&dagger;"	"3d3.4s2"	"a 4F"	"5/2"	"3d2.(3F).4s2.4p"	"n 4D*"	"5/2"		""	"L15916"	
"202.9065"	"0.0002"	"202.90642"	"0.00006"	"17000"	""		"0.000"	"49283.804&dagger;"	"3d3.4s2"	"a 4F"	"3/2"	"3d2.(3F).4s2.4p"	"n 4D*"	"3/2"		""	"L15916"	
"203.0029"	"0.0003"	"203.00277"	"0.00005"	"19000"	""		"323.432"	"49583.843"	"3d3.4s2"	"a 4F"	"7/2"	"3d2.(3F).4s2.4p"	"n 4D*"	"7/2"		""	"L15916"	
"203.29339"	"0.00015"	"203.29336"	"0.00008"	"47000"	""		"0.000"	"49189.999&dagger;"	"3d3.4s2"	"a 4F"	"3/2"	"3d2.(3F).4s2.4p"	"n 4D*"	"1/2"		""	"L15916"	
"203.471"	"0.002"	"203.4655"	"0.0009"	"67000"	""		"8413.009"	"57561.39"	"3d4.(5D).4s"	"a 4D"	"1/2"	""	"s 2P*?"	"3/2"		""	"L3353"	
"203.47361"	"0.00009"	"203.47362"	"0.00006"	"82000"	""		"137.383"	"49283.804&dagger;"	"3d3.4s2"	"a 4F"	"5/2"	"3d2.(3F).4s2.4p"	"n 4D*"	"3/2"		""	"L15916"	
"203.59744"	"0.00009"	"203.59744"	"0.00009"	"85000"	""		"323.432"	"49439.963&dagger;"	"3d3.4s2"	"a 4F"	"7/2"	"3d2.(3F).4s2.4p"	"n 4D*"	"5/2"		""	"L15916"	
"203.95306"	"0.00006"	"203.95307"	"0.00005"	"150000"	""		"552.955"	"49583.843"	"3d3.4s2"	"a 4F"	"9/2"	"3d2.(3F).4s2.4p"	"n 4D*"	"7/2"		""	"L15916"	
"204.166"	"0.002"	"204.1531"	"0.0009"	"62000i"	""		"8578.542"	"57561.39"	"3d4.(5D).4s"	"a 4D"	"5/2"	""	"s 2P*?"	"3/2"		""	"L3353"	
"207.282"	"0.003"	"207.28028"	"0.00010"	"1100"	""		"2311.369"	"50555.225"	"3d4.(5D).4s"	"a 6D"	"7/2"	"50555o"	"r 2F*"	"7/2"		""	"L3353"	
"207.766"	"0.003"	"207.76883"	"0.00010"	"17000"	""		"2424.809"	"50555.225"	"3d4.(5D).4s"	"a 6D"	"9/2"	"50555o"	"r 2F*"	"7/2"		""	"L3353"	
"208.31164"	"0.00015"	"208.31161"	"0.00006"	"58000"	""		"323.432"	"48328.438"	"3d3.4s2"	"a 4F"	"7/2"	"3d2.(3F).4s2.4p"	"o 4F*"	"9/2"		""	"L15916"	
"208.32098"	"0.00009"	"208.32093"	"0.00005"	"81000"	""		"137.383"	"48140.242"	"3d3.4s2"	"a 4F"	"5/2"	"3d2.(3F).4s2.4p"	"o 4F*"	"7/2"		""	"L15916"	
"208.657"	"0.002"	"208.6622"	"0.0010"	"170000"	""		"9637.039"	"57561.39"	"3d3.4s2"	"a 4P"	"3/2"	""	"s 2P*?"	"3/2"		""	"L3353"	
"208.69729"	"0.00012"	"208.69731"	"0.00005"	"43000"	""		"0.000"	"47916.285&dagger;"	"3d3.4s2"	"a 4F"	"3/2"	"3d2.(3F).4s2.4p"	"o 4F*"	"5/2"		""	"L15916"	
"209.060"	"0.003"	"209.05538"	"0.00005"	"100000"	""		"323.432"	"48157.648"	"3d3.4s2"	"a 4F"	"7/2"	"3d3.(2F).4s.4p.(3P*)"	"q 2G*"	"9/2"		""	"L3353"	
"209.13146"	"0.00006"	"209.13147"	"0.00005"	"300000"	""		"323.432"	"48140.242"	"3d3.4s2"	"a 4F"	"7/2"	"3d2.(3F).4s2.4p"	"o 4F*"	"7/2"		""	"L15916"	
"209.19584"	"0.00009"	"209.19584"	"0.00008"	"180000"	""		"0.000"	"47802.098"	"3d3.4s2"	"a 4F"	"3/2"	"3d2.(3F).4s2.4p"	"o 4F*"	"3/2"		""	"L15916"	
"209.29741"	"0.00006"	"209.29740"	"0.00005"	"240000"	""		"137.383"	"47916.285&dagger;"	"3d3.4s2"	"a 4F"	"5/2"	"3d2.(3F).4s2.4p"	"o 4F*"	"5/2"		""	"L15916"	
"209.31238"	"0.00006"	"209.31238"	"0.00006"	"6100000"	""		"552.955"	"48328.438"	"3d3.4s2"	"a 4F"	"9/2"	"3d2.(3F).4s2.4p"	"o 4F*"	"9/2"		""	"L15916"	
"209.482"	"0.002"	"209.4822"	"0.0010"	"100000"	""		"9824.626"	"57561.39"	"3d3.4s2"	"a 4P"	"5/2"	""	"s 2P*?"	"3/2"		""	"L3353"	
"209.79884"	"0.00012"	"209.79880"	"0.00008"	"45000"	""		"137.383"	"47802.098"	"3d3.4s2"	"a 4F"	"5/2"	"3d2.(3F).4s2.4p"	"o 4F*"	"3/2"		""	"L15916"	
"209.917"	"0.003"	"209.92335"	"0.00003"	"300000"	""		"323.432"	"47959.868"	"3d3.4s2"	"a 4F"	"7/2"	"3d3.(2F).4s.4p.(3P*)"	"q 2G*"	"7/2"		""	"L3353"	
"210.11551"	"0.00009"	"210.11558"	"0.00005"	"57000"	""		"323.432"	"47916.285&dagger;"	"3d3.4s2"	"a 4F"	"7/2"	"3d2.(3F).4s2.4p"	"o 4F*"	"5/2"		""	"L15916"	
"210.14015"	"0.00012"	"210.14016"	"0.00005"	"37000"	""		"552.955"	"48140.242"	"3d3.4s2"	"a 4F"	"9/2"	"3d2.(3F).4s2.4p"	"o 4F*"	"7/2"		""	"L15916"	
"210.218"	"0.003"	"210.21879"	"0.00006"	"5.2"	""		"2153.221"	"49722.709"	"3d4.(5D).4s"	"a 6D"	"3/2"	"3d3.(2P).4s.4p.(1P*)"	"t 2D*"	"3/2"		""	"L3353"	
"210.290"	"0.003"	"210.29004"	"0.00005"	"4000"	""		"2424.809"	"49978.178"	"3d4.(5D).4s"	"a 6D"	"9/2"	"3d3.(2H).4s.4p.(1P*)"	"x 2I*"	"11/2"		""	"L3353"	
"210.371"	"0.003"	"210.36861"	"0.00007"	"2100"	""		"2153.221"	"49688.831"	"3d4.(5D).4s"	"a 6D"	"3/2"	"3d3.(2P).4s.4p.(1P*)"	"t 2D*"	"5/2"		""	"L3353"	
"212.482"	"0.003"	"212.47822"	"0.00007"	"4300"	""		"2220.156"	"49283.804&dagger;"	"3d4.(5D).4s"	"a 6D"	"5/2"	"3d2.(3F).4s2.4p"	"n 4D*"	"3/2"		""	"L3353"	
"212.741"	"0.003"	"212.73965"	"0.00004"	"1600"	""		"137.383"	"47143.195&dagger;"	"3d3.4s2"	"a 4F"	"5/2"	"3d3.(2F).4s.4p.(3P*)"	"s 2F*"	"7/2"		""	"L3353"	
"212.784"	"0.004"	"212.78023"	"0.00009"	"1600D"	""		"0.000"	"46996.848&dagger;"	"3d3.4s2"	"a 4F"	"3/2"	"3d3.(2F).4s.4p.(3P*)"	"s 2F*"	"5/2"		""	"L3353"	
"213.358"	"0.003"	"213.36484"	"0.00004"	"2700"	""		"0.000"	"46868.079"	"3d3.4s2"	"a 4F"	"3/2"	"3d4.(3D).4p"	"t 4P*"	"5/2"		""	"L3353"	
"213.585"	"0.003"	"213.58502"	"0.00004"	"140"	""		"323.432"	"47143.195&dagger;"	"3d3.4s2"	"a 4F"	"7/2"	"3d3.(2F).4s.4p.(3P*)"	"s 2F*"	"7/2"		""	"L3353"	
"214.012"	"0.003"	"214.01635"	"0.00005"	"150"	""		"137.383"	"46862.786"	"3d3.4s2"	"a 4F"	"5/2"	"3d4.(3D).4p"	"t 4P*"	"3/2"		""	"L3353"	
"214.100"	"0.003"	"214.09829"	"0.00004"	"380"	""		"0.000"	"46707.519"	"3d3.4s2"	"a 4F"	"3/2"	"3d3.(2F).4s.4p.(3P*)"	"4D*"	"3/2"		""	"L3353"	
"214.72993"	"0.00012"	"214.72989"	"0.00004"	"19000"	""		"137.383"	"46707.519"	"3d3.4s2"	"a 4F"	"5/2"	"3d3.(2F).4s.4p.(3P*)"	"4D*"	"3/2"		""	"L15916"	
"215.87882"	"0.00018"	"215.87879"	"0.00004"	"32000"	""		"323.432"	"46645.723"	"3d3.4s2"	"a 4F"	"7/2"	"3d3.(2F).4s.4p.(3P*)"	"4D*"	"5/2"		""	"L15916"	
"217.14253"	"0.00009"	"217.142520"	"0.000011"	"300000"	""		"0.000"	"46052.703"	"3d3.4s2"	"a 4F"	"3/2"	"3d3.(2F).4s.4p.(3P*)"	"r 4G*"	"5/2"		""	"L15916"	
"217.3434"	"0.0003"	"217.34350"	"0.00005"	"34000"	""		"552.955"	"46563.073"	"3d3.4s2"	"a 4F"	"9/2"	"3d3.(2F).4s.4p.(3P*)"	"4D*"	"7/2"		""	"L15916"	
"217.38323"	"0.00006"	"217.383223"	"0.000019"	"300000"	""		"137.383"	"46139.093&dagger;"	"3d3.4s2"	"a 4F"	"5/2"	"3d3.(2F).4s.4p.(3P*)"	"r 4G*"	"7/2"		""	"L15916"	
"217.76858"	"0.00006"	"217.768588"	"0.000019"	"430000"	""		"323.432"	"46243.737&dagger;"	"3d3.4s2"	"a 4F"	"7/2"	"3d3.(2F).4s.4p.(3P*)"	"r 4G*"	"9/2"		""	"L15916"	
"217.7923"	"0.0002"	"217.792231"	"0.000014"	"40000"	""		"137.383"	"46052.703"	"3d3.4s2"	"a 4F"	"5/2"	"3d3.(2F).4s.4p.(3P*)"	"r 4G*"	"5/2"		""	"L15916"	
"218.26602"	"0.00012"	"218.265977"	"0.000019"	"42000"	""		"323.432"	"46139.093&dagger;"	"3d3.4s2"	"a 4F"	"7/2"	"3d3.(2F).4s.4p.(3P*)"	"r 4G*"	"7/2"		""	"L15916"	
"218.29054"	"0.00009"	"218.29055"	"0.00003"	"510000"	""		"552.955"	"46363.459&dagger;"	"3d3.4s2"	"a 4F"	"9/2"	"3d3.(2F).4s.4p.(3P*)"	"r 4G*"	"11/2"		""	"L15916"	
"218.521"	"0.002"	"218.520442"	"0.000014"	"3400"	""		"0.000"	"45762.309"	"3d3.4s2"	"a 4F"	"3/2"	"3d3.4s.(5F).5p"	"o 4D*"	"3/2"		""	"L14162"	
"218.8072"	"0.0003"	"218.807105"	"0.000019"	"22000"	""		"0.000"	"45702.355"	"3d3.4s2"	"a 4F"	"3/2"	"3d3.4s.(5F).5p"	"o 4D*"	"1/2"		""	"L15916"	
"218.8625"	"0.0003"	"218.862527"	"0.000019"	"26000"	""		"552.955"	"46243.737&dagger;"	"3d3.4s2"	"a 4F"	"9/2"	"3d3.(2F).4s.4p.(3P*)"	"r 4G*"	"9/2"		""	"L15916"	
"218.874"	"0.002"	"218.874373"	"0.000011"	"690?"	""		"0.000"	"45688.309"	"3d3.4s2"	"a 4F"	"3/2"	"3d3.(2F).4s.4p.(3P*)"	"p 4F*"	"5/2"		""	"L14162"	
"219.036"	"0.002"	"219.03709"	"0.00003"	"690?"	""		"0.000"	"45654.368"	"3d3.4s2"	"a 4F"	"3/2"	"45654o"	"2D*"	"5/2"		""	"L14162"	
"219.0631"	"0.0003"	"219.063079"	"0.000019"	"20000"	""		"0.000"	"45648.952"	"3d3.4s2"	"a 4F"	"3/2"	"3d3.(2F).4s.4p.(3P*)"	"p 4F*"	"3/2"		""	"L15916"	
"219.17844"	"0.00012"	"219.178438"	"0.000019"	"37000"	""		"137.383"	"45762.309"	"3d3.4s2"	"a 4F"	"5/2"	"3d3.4s.(5F).5p"	"o 4D*"	"3/2"		""	"L15916"	
"219.1894"	"0.0002"	"219.189309"	"0.000008"	"11000"	""		"137.383"	"45760.046"	"3d3.4s2"	"a 4F"	"5/2"	"3d3.(2F).4s.4p.(3P*)"	"p 4F*"	"7/2"		""	"L15916"	
"219.234"	"0.002"	"219.232726"	"0.000014"	"5200"	""		"323.432"	"45937.060"	"3d3.4s2"	"a 4F"	"7/2"	"3d3.4s.(5F).5p"	"o 4D*"	"7/2"		""	"L14162"	
"219.4163"	"0.0003"	"219.41616"	"0.00004"	"8700"	""		"0.000"	"45575.494"	"3d3.4s2"	"a 4F"	"3/2"	"45575o"	"2D*"	"3/2"		""	"L15916"	
"219.451"	"0.002"	"219.451520"	"0.000014"	"8700"	""		"323.432"	"45891.583"	"3d3.4s2"	"a 4F"	"7/2"	"3d3.(2F).4s.4p.(3P*)"	"p 4F*"	"9/2"		""	"L14162"	
"219.53460"	"0.00018"	"219.534505"	"0.000014"	"20000"	""		"137.383"	"45688.309"	"3d3.4s2"	"a 4F"	"5/2"	"3d3.(2F).4s.4p.(3P*)"	"p 4F*"	"5/2"		""	"L15916"	
"219.6982"	"0.0003"	"219.69821"	"0.00003"	"11000"	""		"137.383"	"45654.368"	"3d3.4s2"	"a 4F"	"5/2"	"45654o"	"2D*"	"5/2"		""	"L15916"	
"219.70950"	"0.00009"	"219.70948"	"0.00004"	"69000"	""		"323.432"	"45838.082"	"3d3.4s2"	"a 4F"	"7/2"	"3d3.4s.(5F).5p"	"o 4D*"	"5/2"		""	"L15916"	
"219.725"	"0.003"	"219.724352"	"0.000014"	"1500bl"	""		"137.383"	"45648.952"	"3d3.4s2"	"a 4F"	"5/2"	"3d3.(2F).4s.4p.(3P*)"	"p 4F*"	"3/2"		""	"L3353"	
"220.08689"	"0.00015"	"220.086822"	"0.000010"	"32000"	""		"323.432"	"45760.046"	"3d3.4s2"	"a 4F"	"7/2"	"3d3.(2F).4s.4p.(3P*)"	"p 4F*"	"7/2"		""	"L15916"	
"220.34145"	"0.00009"	"220.341461"	"0.000019"	"84000"	""		"552.955"	"45937.060"	"3d3.4s2"	"a 4F"	"9/2"	"3d3.4s.(5F).5p"	"o 4D*"	"7/2"		""	"L15916"	
"220.435"	"0.002"	"220.434853"	"0.000012"	"7200"	""		"323.432"	"45688.309"	"3d3.4s2"	"a 4F"	"7/2"	"3d3.(2F).4s.4p.(3P*)"	"p 4F*"	"5/2"		""	"L14162"	
"220.56243"	"0.00015"	"220.562475"	"0.000015"	"24000"	""		"552.955"	"45891.583"	"3d3.4s2"	"a 4F"	"9/2"	"3d3.(2F).4s.4p.(3P*)"	"p 4F*"	"9/2"		""	"L15916"	
"220.867"	"0.002"	"220.86270"	"0.00004"	"5100"	""		"2424.809"	"47701.807"	"3d4.(5D).4s"	"a 6D"	"9/2"	"3d3.(2G).4s.4p.(1P*)"	"2H*"	"11/2"		""	"L14162"	
"221.2043"	"0.0002"	"221.204235"	"0.000011"	"6400"	""		"552.955"	"45760.046"	"3d3.4s2"	"a 4F"	"9/2"	"3d3.(2F).4s.4p.(3P*)"	"p 4F*"	"7/2"		""	"L15916"	
"221.438"	"0.002"	"221.43882"	"0.00008"	"19000"	""		"0.000"	"45159.200"	"3d3.4s2"	"a 4F"	"3/2"	"45159o"	"2P*"	"1/2"		""	"L14162"	
"221.674"	"0.002"	"221.67727"	"0.00006"	"5700"	""		"137.383"	"45248.008"	"3d3.4s2"	"a 4F"	"5/2"	"45248o"	"2P*"	"3/2"		""	"L14162"	
"221.694"	"0.002"	"221.69403"	"0.00004"	"7600"	""		"0.000"	"45107.214"	"3d3.4s2"	"a 4F"	"3/2"	"3d3.(4F).4s.5p"	"q 4F*"	"5/2"		""	"L14162"	
"221.89437"	"0.00012"	"221.89438"	"0.00009"	"78000"	""		"0.000"	"45066.487"	"3d3.4s2"	"a 4F"	"3/2"	"3d3.4s.(5F).5p"	"q 4F*"	"3/2"		""	"L15916"	
"222.034"	"0.002"	"222.03490"	"0.00003"	"5700"	""		"323.432"	"45361.396"	"3d3.4s2"	"a 4F"	"7/2"	"45361o"	"r 2G*"	"9/2"		""	"L14162"	
"222.114"	"0.002"	"222.121606"	"0.000011"	"5800"	""		"137.383"	"45157.767"	"3d3.4s2"	"a 4F"	"5/2"	"3d3.(4F).4s.5p"	"q 4F*"	"7/2"		""	"L14162"	
"222.35335"	"0.00012"	"222.353297"	"0.000010"	"48000"	""		"0.000"	"44973.473"	"3d3.4s2"	"a 4F"	"3/2"	"3d3.4s.(5F).5p"	"4G*"	"5/2"		""	"L15916"	
"222.37133"	"0.00009"	"222.37130"	"0.00004"	"100000"	""		"137.383"	"45107.214"	"3d3.4s2"	"a 4F"	"5/2"	"3d3.(4F).4s.5p"	"q 4F*"	"5/2"		""	"L15916"	
"222.5728"	"0.0002"	"222.57288"	"0.00009"	"17000"	""		"137.383"	"45066.487"	"3d3.4s2"	"a 4F"	"5/2"	"3d3.4s.(5F).5p"	"q 4F*"	"3/2"		""	"L15916"	
"222.61229"	"0.00009"	"222.612259"	"0.000020"	"67000"	""		"137.383"	"45058.539"	"3d3.4s2"	"a 4F"	"5/2"	"3d3.4s.(5F).5p"	"4G*"	"7/2"		""	"L15916"	
"222.648"	"0.002"	"222.649031"	"0.000015"	"19000"	""		"323.432"	"45237.169"	"3d3.4s2"	"a 4F"	"7/2"	"3d3.(4F).4s.5p"	"q 4F*"	"9/2"		""	"L14162"	
"222.809"	"0.002"	"222.81012"	"0.00003"	"5900"	""		"323.432"	"45204.697"	"3d3.4s2"	"a 4F"	"7/2"	"45204o"	"2D*"	"5/2"		""	"L14162"	
"222.9540"	"0.0002"	"222.953510"	"0.000015"	"29000"	""		"323.432"	"45175.832"	"3d3.4s2"	"a 4F"	"7/2"	"45175o"	"r 2G*"	"7/2"		""	"L10030"	
"223.04333"	"0.00009"	"223.043344"	"0.000012"	"110000"	""		"323.432"	"45157.767"	"3d3.4s2"	"a 4F"	"7/2"	"3d3.(4F).4s.5p"	"q 4F*"	"7/2"		""	"L15916"	
"223.1063"	"0.0003"	"223.106393"	"0.000009"	"52000"	""		"323.432"	"45145.097"	"3d3.4s2"	"a 4F"	"7/2"	"3d3.4s.(5F).5p"	"4G*"	"9/2"		""	"L15916"	
"223.2112"	"0.0002"	"223.21125"	"0.00004"	"66000"	""		"552.955"	"45353.564"	"3d3.4s2"	"a 4F"	"9/2"	"3d3.4s.(5F).5p"	"4G*"	"11/2"		""	"L15916"	
"223.2952"	"0.0002"	"223.29512"	"0.00004"	"19000"	""		"323.432"	"45107.214"	"3d3.4s2"	"a 4F"	"7/2"	"3d3.(4F).4s.5p"	"q 4F*"	"5/2"		""	"L15916"	
"223.5381"	"0.0002"	"223.538082"	"0.000020"	"19000"	""		"323.432"	"45058.539"	"3d3.4s2"	"a 4F"	"7/2"	"3d3.4s.(5F).5p"	"4G*"	"7/2"		""	"L15916"	
"223.79269"	"0.00012"	"223.792680"	"0.000015"	"92000"	""		"552.955"	"45237.169"	"3d3.4s2"	"a 4F"	"9/2"	"3d3.(4F).4s.5p"	"q 4F*"	"9/2"		""	"L15916"	
"224.100"	"0.002"	"224.100297"	"0.000015"	"4000"	""		"552.955"	"45175.832"	"3d3.4s2"	"a 4F"	"9/2"	"45175o"	"r 2G*"	"7/2"		""	"L14162"	
"224.1911"	"0.0003"	"224.191058"	"0.000012"	"8200"	""		"552.955"	"45157.767"	"3d3.4s2"	"a 4F"	"9/2"	"3d3.(4F).4s.5p"	"q 4F*"	"7/2"		""	"L15916"	
"224.25475"	"0.00015"	"224.254758"	"0.000010"	"120000"	""		"552.955"	"45145.097"	"3d3.4s2"	"a 4F"	"9/2"	"3d3.4s.(5F).5p"	"4G*"	"9/2"		""	"L15916"	
"224.396"	"0.002"	"224.39763"	"0.00004"	"12000"	""		"137.383"	"44701.133"	"3d3.4s2"	"a 4F"	"5/2"	"3d4.(3D).4p"	"p 4D*"	"7/2"		""	"L14162"	
"224.64564"	"0.00015"	"224.645609"	"0.000020"	"33000"	""		"0.000"	"44514.558"	"3d3.4s2"	"a 4F"	"3/2"	"3d4.(3D).4p"	"p 4D*"	"1/2"		""	"L15916"	
"224.690"	"0.002"	"224.690906"	"0.000020"	"2100"	""		"552.955"	"45058.539"	"3d3.4s2"	"a 4F"	"9/2"	"3d3.4s.(5F).5p"	"4G*"	"7/2"		""	"L14162"	
"224.8224"	"0.0002"	"224.822353"	"0.000015"	"12000"	""		"137.383"	"44616.946"	"3d3.4s2"	"a 4F"	"5/2"	"3d4.(3D).4p"	"p 4D*"	"5/2"		""	"L15916"	
"225.13789"	"0.00012"	"225.137888"	"0.000015"	"36000"	""		"137.383"	"44554.607"	"3d3.4s2"	"a 4F"	"5/2"	"3d4.(3D).4p"	"p 4D*"	"3/2"		""	"L15916"	
"225.338"	"0.002"	"225.33840"	"0.00004"	"11000"	""		"323.432"	"44701.133"	"3d3.4s2"	"a 4F"	"7/2"	"3d4.(3D).4p"	"p 4D*"	"7/2"		""	"L14162"	
"225.76669"	"0.00009"	"225.766689"	"0.000012"	"70000"	""		"323.432"	"44616.946"	"3d3.4s2"	"a 4F"	"7/2"	"3d4.(3D).4p"	"p 4D*"	"5/2"		""	"L15916"	
"226.387"	"0.002"	"226.38712"	"0.00003"	"2200"	""		"323.432"	"44495.557"	"3d3.4s2"	"a 4F"	"7/2"	"3d4.(1G2).4p"	"s 2G*"	"7/2"		""	"L14162"	
"226.50993"	"0.00012"	"226.50991"	"0.00004"	"52000"	""		"552.955"	"44701.133"	"3d3.4s2"	"a 4F"	"9/2"	"3d4.(3D).4p"	"p 4D*"	"7/2"		""	"L15916"	
"227.275"	"0.002"	"227.273962"	"0.000015"	"9200"	""		"0.000"	"43999.761"	"3d3.4s2"	"a 4F"	"3/2"	"3d4.(3D).4p"	"4F*"	"3/2"		""	"L14162"	
"227.618"	"0.002"	"227.622604"	"0.000021"	"6400"	""		"2311.369"	"46243.737&dagger;"	"3d4.(5D).4s"	"a 6D"	"7/2"	"3d3.(2F).4s.4p.(3P*)"	"r 4G*"	"9/2"		""	"L14162"	
"227.736"	"0.002"	"227.73695"	"0.00003"	"6800"	""		"552.955"	"44463.265"	"3d3.4s2"	"a 4F"	"9/2"	"3d4.(1G2).4p"	"s 2G*"	"9/2"		""	"L14162"	
"227.7591"	"0.0002"	"227.759278"	"0.000009"	"14000"	""		"137.383"	"44043.388"	"3d3.4s2"	"a 4F"	"5/2"	"3d4.(3D).4p"	"4F*"	"5/2"		""	"L10030"	
"227.985"	"0.002"	"227.985815"	"0.000011"	"9300"	""		"137.383"	"43999.761"	"3d3.4s2"	"a 4F"	"5/2"	"3d4.(3D).4p"	"4F*"	"3/2"		""	"L14162"	
"228.40882"	"0.00015"	"228.408906"	"0.000010"	"9700"	""		"323.432"	"44104.562"	"3d3.4s2"	"a 4F"	"7/2"	"3d4.(3D).4p"	"4F*"	"7/2"		""	"L15916"	
"228.519"	"0.002"	"228.5200"	"0.0012"	"30000"	""		"13801.551"	"57561.39"	"3d3.4s2"	"a 2P"	"3/2"	""	"s 2P*?"	"3/2"		""	"L14162"	
"228.569"	"0.002"	"228.575431"	"0.000016"	"7100"	""		"137.383"	"43886.617"	"3d3.4s2"	"a 4F"	"5/2"	"3d3.4s.(5F).5p"	"6D*"	"5/2"		""	"L14162"	
"228.729"	"0.002"	"228.728501"	"0.000009"	"19000"	""		"323.432"	"44043.388"	"3d3.4s2"	"a 4F"	"7/2"	"3d4.(3D).4p"	"4F*"	"5/2"		""	"L14162"	
"229.097"	"0.002"	"229.094933"	"0.000021"	"4500"	""		"2112.282"	"45762.309"	"3d4.(5D).4s"	"a 6D"	"1/2"	"3d3.4s.(5F).5p"	"o 4D*"	"3/2"		""	"L14162"	
"229.2233"	"0.0003"	"229.22330"	"0.00003"	"15000"	""		"552.955"	"44178.537"	"3d3.4s2"	"a 4F"	"9/2"	"3d4.(3D).4p"	"4F*"	"9/2"		""	"L15916"	
"229.395"	"0.002"	"229.39587"	"0.00003"	"4800"	""		"552.955"	"44145.718"	"3d3.4s2"	"a 4F"	"9/2"	"3d4.(1G2).4p"	"t 2H*"	"9/2"		""	"L14162"	
"229.612"	"0.003"	"229.61112"	"0.00003"	"9700*"	""		"323.432"	"43875.329"	"3d3.4s2"	"a 4F"	"7/2"	"3d4.(1G2).4p"	"t 2F*"	"5/2"		""	"L14162"	
"229.612"	"0.003"	"229.612652"	"0.000012"	"9700*"	""		"552.955"	"44104.562"	"3d3.4s2"	"a 4F"	"9/2"	"3d4.(3D).4p"	"4F*"	"7/2"		""	"L14162"	
"230.025"	"0.002"	"230.024590"	"0.000016"	"7400"	""		"552.955"	"44026.568"	"3d3.4s2"	"a 4F"	"9/2"	"3d3.4s.(5F).5p"	"6D*"	"7/2"		""	"L14162"	
"230.324"	"0.002"	"230.319498"	"0.000012"	"10000"	""		"137.383"	"43555.331"	"3d3.4s2"	"a 4F"	"5/2"	"3d4.(5D).5p"	"q 4D*"	"7/2"		""	"L14162"	
"230.358"	"0.002"	"230.356451"	"0.000010"	"2500"	""		"0.000"	"43410.983"	"3d3.4s2"	"a 4F"	"3/2"	"3d4.(5D).5p"	"q 4D*"	"5/2"		""	"L14162"	
"230.837"	"0.002"	"230.83605"	"0.00003"	"2500?"	""		"552.955"	"43873.744"	"3d3.4s2"	"a 4F"	"9/2"	"3d4.(1G2).4p"	"t 2F*"	"7/2"		""	"L14162"	
"230.8984"	"0.0003"	"230.898458"	"0.000012"	"15000"	""		"0.000"	"43309.081"	"3d3.4s2"	"a 4F"	"3/2"	"3d4.(5D).5p"	"q 4D*"	"3/2"		""	"L15916"	
"231.0878"	"0.0002"	"231.087776"	"0.000008"	"23000"	""		"137.383"	"43410.983"	"3d3.4s2"	"a 4F"	"5/2"	"3d4.(5D).5p"	"q 4D*"	"5/2"		""	"L15916"	
"231.21642"	"0.00018"	"231.216402"	"0.000016"	"34000"	""		"0.000"	"43249.527"	"3d3.4s2"	"a 4F"	"3/2"	"3d4.(5D).5p"	"q 4D*"	"1/2"		""	"L15916"	
"231.31069"	"0.00012"	"231.310681"	"0.000009"	"19000"	""		"323.432"	"43555.331"	"3d3.4s2"	"a 4F"	"7/2"	"3d4.(5D).5p"	"q 4D*"	"7/2"		""	"L15916"	
"231.63322"	"0.00012"	"231.633233"	"0.000008"	"52000"	""		"137.383"	"43309.081"	"3d3.4s2"	"a 4F"	"5/2"	"3d4.(5D).5p"	"q 4D*"	"3/2"		""	"L15916"	
"232.08561"	"0.00009"	"232.085597"	"0.000008"	"59000"	""		"323.432"	"43410.983"	"3d3.4s2"	"a 4F"	"7/2"	"3d4.(5D).5p"	"q 4D*"	"5/2"		""	"L15916"	
"232.178"	"0.002"	"232.177352"	"0.000012"	"13000"	""		"323.432"	"43393.955"	"3d3.4s2"	"a 4F"	"7/2"	"3d3.4s.(5F).5p"	"6G*"	"5/2"		""	"L14162"	
"232.2795"	"0.0002"	"232.279528"	"0.000010"	"15000"	""		"0.000"	"43051.577"	"3d3.4s2"	"a 4F"	"3/2"	"3d4.(5D).5p"	"s 4F*"	"5/2"		""	"L15916"	
"232.490"	"0.002"	"232.48573"	"0.00006"	"25000"	""		"2220.156"	"45233.549"	"3d4.(5D).4s"	"a 6D"	"5/2"	"45233o"	"2D*"	"3/2"		""	"L14162"	
"232.50448"	"0.00015"	"232.504485"	"0.000008"	"22000"	""		"137.383"	"43147.306"	"3d3.4s2"	"a 4F"	"5/2"	"3d4.(5D).5p"	"s 4F*"	"7/2"		""	"L15916"	
"232.54528"	"0.00009"	"232.545290"	"0.000012"	"100000"	""		"552.955"	"43555.331"	"3d3.4s2"	"a 4F"	"9/2"	"3d4.(5D).5p"	"q 4D*"	"7/2"		""	"L15916"	
"232.65712"	"0.00012"	"232.657176"	"0.000016"	"52000"	""		"0.000"	"42981.696"	"3d3.4s2"	"a 4F"	"3/2"	"3d4.(5D).5p"	"s 4F*"	"3/2"		""	"L15916"	
"232.8672"	"0.0002"	"232.867344"	"0.000016"	"15000"	""		"323.432"	"43266.336"	"3d3.4s2"	"a 4F"	"7/2"	"3d4.(5D).5p"	"s 4F*"	"9/2"		""	"L15916"	
"233.02312"	"0.00009"	"233.023134"	"0.000016"	"66000"	""		"137.383"	"43051.577"	"3d3.4s2"	"a 4F"	"5/2"	"3d4.(5D).5p"	"s 4F*"	"5/2"		""	"L15916"	
"233.40322"	"0.00015"	"233.403206"	"0.000009"	"26000"	""		"137.383"	"42981.696"	"3d3.4s2"	"a 4F"	"5/2"	"3d4.(5D).5p"	"s 4F*"	"3/2"		""	"L15916"	
"233.51458"	"0.00009"	"233.514604"	"0.000010"	"99000"	""		"323.432"	"43147.306"	"3d3.4s2"	"a 4F"	"7/2"	"3d4.(5D).5p"	"s 4F*"	"7/2"		""	"L15916"	
"234.03779"	"0.00015"	"234.037775"	"0.000011"	"36000"	""		"323.432"	"43051.577"	"3d3.4s2"	"a 4F"	"7/2"	"3d4.(5D).5p"	"s 4F*"	"5/2"		""	"L15916"	
"234.11869"	"0.00009"	"234.118671"	"0.000016"	"160000"	""		"552.955"	"43266.336"	"3d3.4s2"	"a 4F"	"9/2"	"3d4.(5D).5p"	"s 4F*"	"9/2"		""	"L15916"	
"234.77284"	"0.00015"	"234.772916"	"0.000011"	"34000"	""		"552.955"	"43147.306"	"3d3.4s2"	"a 4F"	"9/2"	"3d4.(5D).5p"	"s 4F*"	"7/2"		""	"L15916"	
"235.616"	"0.002"	"235.613860"	"0.000017"	"2800"	""		"2112.282"	"44554.607"	"3d4.(5D).4s"	"a 6D"	"1/2"	"3d4.(3D).4p"	"p 4D*"	"3/2"		""	"L14162"	
"237.072"	"0.002"	"237.07310"	"0.00003"	"3100?"	""		"137.383"	"42318.466"	"3d3.4s2"	"a 4F"	"5/2"	"3d4.(3D).4p"	"v 2P*"	"3/2"		""	"L14162"	
"237.315"	"0.002"	"237.315138"	"0.000010"	"3100?"	""		"0.000"	"42138.062"	"3d3.4s2"	"a 4F"	"3/2"	"3d3.(4P).4s.4p.(1P*)"	"r 4D*"	"5/2"		""	"L14162"	
"237.781"	"0.002"	"237.78139"	"0.00006"	"6700"	""		"10892.520"	"52947.956"	"3d3.4s2"	"a 2G"	"7/2"	"52947o"	"p 2G*"	"9/2"		""	"L14162"	
"237.899"	"0.003"	"237.898462"	"0.000011"	"13000*"	""		"137.383"	"42172.123"	"3d3.4s2"	"a 4F"	"5/2"	"3d4.(5D).5p"	"6F*"	"5/2"		""	"L14162"	
"237.899"	"0.003"	"237.902163"	"0.000010"	"13000*"	""		"552.955"	"42587.041"	"3d3.4s2"	"a 4F"	"9/2"	"3d4.(5D).5p"	"6D*"	"7/2"		""	"L14162"	
"238.091"	"0.002"	"238.091389"	"0.000017"	"16000"	""		"137.383"	"42138.062"	"3d3.4s2"	"a 4F"	"5/2"	"3d3.(4P).4s.4p.(1P*)"	"r 4D*"	"5/2"		""	"L14162"	
"238.0993"	"0.0003"	"238.099428"	"0.000013"	"6900"	""		"0.000"	"41999.261"	"3d3.4s2"	"a 4F"	"3/2"	"3d3.(4P).4s.4p.(1P*)"	"r 4D*"	"3/2"		""	"L15916"	
"238.377"	"0.002"	"238.37679"	"0.00003"	"9800"	""		"0.000"	"41950.393"	"3d3.4s2"	"a 4F"	"3/2"	"3d4.(3D).4p"	"u 2F*"	"5/2"		""	"L14162"	
"238.50135"	"0.00018"	"238.501412"	"0.000014"	"140000"	"4.9e+06"	C+	"0.000"	"41928.473"	"3d3.4s2"	"a 4F"	"3/2"	"3d3.(4P).4s.4p.(1P*)"	"r 4D*"	"1/2"		"T9399"	"L15916"	
"238.537"	"0.002"	"238.537913"	"0.000009"	"16000"	""		"323.432"	"42245.489&dagger;"	"3d3.4s2"	"a 4F"	"7/2"	"3d3.(4P).4s.4p.(1P*)"	"r 4D*"	"7/2"		""	"L14162"	
"238.587"	"0.004"	"238.588383"	"0.000008"	"6500h"	""		"323.432"	"42236.621&dagger;"	"3d3.4s2"	"a 4F"	"7/2"	"3d4.(5D).5p"	"6F*"	"7/2"		""	"L14162"	
"238.7126"	"0.0003"	"238.712537"	"0.000017"	"22000"	""		"2311.369"	"44202.759"	"3d4.(5D).4s"	"a 6D"	"7/2"	"3d3.4s.(5F).5p"	"6D*"	"9/2"		""	"L15916"	
"238.76861"	"0.00012"	"238.76861"	"0.00007"	"150000"	""		"10892.520"	"52774.073"	"3d3.4s2"	"a 2G"	"7/2"	"52774o"	"p 2G*"	"7/2"		""	"L15916"	
"238.821"	"0.002"	"238.820063"	"0.000017"	"16000"	""		"137.383"	"42009.912"	"3d3.4s2"	"a 4F"	"5/2"	"3d3.(4P).4s.4p.(1P*)"	"v 4P*"	"5/2"		""	"L14162"	
"238.8506"	"0.0002"	"238.85064"	"0.00003"	"8600"	""		"2311.369"	"44178.537"	"3d4.(5D).4s"	"a 6D"	"7/2"	"3d4.(3D).4p"	"4F*"	"9/2"		""	"L15916"	
"238.88081"	"0.00015"	"238.880826"	"0.000017"	"48000"	""		"137.383"	"41999.261"	"3d3.4s2"	"a 4F"	"5/2"	"3d3.(4P).4s.4p.(1P*)"	"r 4D*"	"3/2"		""	"L15916"	
"238.96371"	"0.00012"	"238.96370"	"0.00006"	"150000"	""		"11100.596"	"52947.956"	"3d3.4s2"	"a 2G"	"9/2"	"52947o"	"p 2G*"	"9/2"		""	"L15916"	
"239.15075"	"0.00018"	"239.150747"	"0.000011"	"39000"	""		"323.432"	"42138.062"	"3d3.4s2"	"a 4F"	"7/2"	"3d3.(4P).4s.4p.(1P*)"	"r 4D*"	"5/2"		""	"L15916"	
"239.1599"	"0.0010"	"239.16001"	"0.00003"	"270000"	""		"137.383"	"41950.393"	"3d3.4s2"	"a 4F"	"5/2"	"3d4.(3D).4p"	"u 2F*"	"5/2"		""	"L3475"	
"239.1978"	"0.0003"	"239.197758"	"0.000017"	"250000"	""		"2220.156"	"44026.568"	"3d4.(5D).4s"	"a 6D"	"5/2"	"3d3.4s.(5F).5p"	"6D*"	"7/2"		""	"L15916"	
"239.273"	"0.002"	"239.273415"	"0.000013"	"3100"	""		"2311.369"	"44104.562"	"3d4.(5D).4s"	"a 6D"	"7/2"	"3d4.(3D).4p"	"4F*"	"7/2"		""	"L14162"	
"239.3607"	"0.0002"	"239.360715"	"0.000017"	"280000"	""		"2424.809"	"44202.759"	"3d4.(5D).4s"	"a 6D"	"9/2"	"3d3.4s.(5F).5p"	"6D*"	"9/2"		""	"L15916"	
"239.488"	"0.002"	"239.48807"	"0.00003"	"6700"	""		"323.432"	"42079.165"	"3d3.4s2"	"a 4F"	"7/2"	"3d4.(1I).4p"	"u 2H*"	"9/2"		""	"L14162"	
"239.4995"	"0.0002"	"239.49957"	"0.00003"	"10000"	""		"2424.809"	"44178.537"	"3d4.(5D).4s"	"a 6D"	"9/2"	"3d4.(3D).4p"	"4F*"	"9/2"		""	"L15916"	
"239.5810"	"0.0003"	"239.581051"	"0.000017"	"39000"	""		"2424.809"	"44164.337"	"3d4.(5D).4s"	"a 6D"	"9/2"	"3d3.4s.(5F).5p"	"6F*"	"11/2"		""	"L15916"	
"239.6164"	"0.0002"	"239.616254"	"0.000017"	"37000"	""		"2153.221"	"43886.617"	"3d4.(5D).4s"	"a 6D"	"3/2"	"3d3.4s.(5F).5p"	"6D*"	"5/2"		""	"L15916"	
"239.682"	"0.002"	"239.68108"	"0.00003"	"3200"	""		"2153.221"	"43875.329"	"3d4.(5D).4s"	"a 6D"	"3/2"	"3d4.(1G2).4p"	"t 2F*"	"5/2"		""	"L14162"	
"239.7207"	"0.0003"	"239.720779"	"0.000017"	"22000"	""		"2311.369"	"44026.568"	"3d4.(5D).4s"	"a 6D"	"7/2"	"3d3.4s.(5F).5p"	"6D*"	"7/2"		""	"L15916"	
"239.744"	"0.002"	"239.743043"	"0.000011"	"27000"	""		"137.383"	"41848.708"	"3d3.4s2"	"a 4F"	"5/2"	"3d3.(4P).4s.4p.(1P*)"	"v 4P*"	"3/2"		""	"L14162"	
"239.823"	"0.002"	"239.82270"	"0.00003"	"13000"	""		"323.432"	"42020.903"	"3d3.4s2"	"a 4F"	"7/2"	"3d4.(3D).4p"	"u 2F*"	"7/2"		""	"L14162"	
"239.8511"	"0.0002"	"239.851097"	"0.000012"	"250000"	""		"552.955"	"42245.489&dagger;"	"3d3.4s2"	"a 4F"	"9/2"	"3d3.(4P).4s.4p.(1P*)"	"r 4D*"	"7/2"		""	"L15916"	
"239.886"	"0.002"	"239.885929"	"0.000014"	"67000"	""		"323.432"	"42009.912"	"3d3.4s2"	"a 4F"	"7/2"	"3d3.(4P).4s.4p.(1P*)"	"v 4P*"	"5/2"		""	"L14162"	
"239.9000"	"0.0010"	"239.902124"	"0.000010"	"250000"	""		"552.955"	"42236.621&dagger;"	"3d3.4s2"	"a 4F"	"9/2"	"3d4.(5D).5p"	"6F*"	"7/2"		""	"L3475"	
"239.9405"	"0.0004"	"239.940547"	"0.000014"	"14000"	""		"2311.369"	"43988.360"	"3d4.(5D).4s"	"a 6D"	"7/2"	"3d3.4s.(5F).5p"	"6F*"	"9/2"		""	"L15916"	
"239.961"	"0.002"	"239.96078"	"0.00007"	"9500"	""		"11100.596"	"52774.073"	"3d3.4s2"	"a 2G"	"9/2"	"52774o"	"p 2G*"	"7/2"		""	"L14162"	
"240.06880"	"0.00009"	"240.068798"	"0.000010"	"250000"	""		"0.000"	"41654.726"	"3d3.4s2"	"a 4F"	"3/2"	"3d4.(3G).4p"	"t 4G*"	"5/2"		""	"L15916"	
"240.218"	"0.002"	"240.216660"	"0.000017"	"9600"	""		"2220.156"	"43849.242"	"3d4.(5D).4s"	"a 6D"	"5/2"	"3d3.4s.(5F).5p"	"6F*"	"7/2"		""	"L14162"	
"240.229"	"0.002"	"240.22892"	"0.00003"	"3400"	""		"323.432"	"41950.393"	"3d3.4s2"	"a 4F"	"7/2"	"3d4.(3D).4p"	"u 2F*"	"5/2"		""	"L14162"	
"240.26348"	"0.00009"	"240.263479"	"0.000009"	"180000"	"8.6e+06"	C	"137.383"	"41758.357"	"3d3.4s2"	"a 4F"	"5/2"	"3d4.(3G).4p"	"t 4G*"	"7/2"		"T9399"	"L15916"	
"240.3745"	"0.0003"	"240.374451"	"0.000017"	"14000"	""		"2424.809"	"44026.568"	"3d4.(5D).4s"	"a 6D"	"9/2"	"3d3.4s.(5F).5p"	"6D*"	"7/2"		""	"L15916"	
"240.4069"	"0.0002"	"240.406986"	"0.000017"	"49000"	""		"2112.282"	"43708.411"	"3d4.(5D).4s"	"a 6D"	"1/2"	"3d3.4s.(5F).5p"	"6D*"	"1/2"		""	"L15916"	
"240.5278"	"0.0003"	"240.527729"	"0.000017"	"17000"	""		"2311.369"	"43886.617"	"3d4.(5D).4s"	"a 6D"	"7/2"	"3d3.4s.(5F).5p"	"6D*"	"5/2"		""	"L15916"	
"240.5955"	"0.0003"	"240.595420"	"0.000017"	"24000"	""		"2424.809"	"43988.360"	"3d4.(5D).4s"	"a 6D"	"9/2"	"3d3.4s.(5F).5p"	"6F*"	"9/2"		""	"L15916"	
"240.6213"	"0.0002"	"240.621356"	"0.000014"	"19000"	""		"2220.156"	"43779.227"	"3d4.(5D).4s"	"a 6D"	"5/2"	"3d3.4s.(5F).5p"	"6D*"	"3/2"		""	"L15916"	
"240.6438"	"0.0003"	"240.643828"	"0.000014"	"13000"	""		"2153.221"	"43708.411"	"3d4.(5D).4s"	"a 6D"	"3/2"	"3d3.4s.(5F).5p"	"6D*"	"1/2"		""	"L15916"	
"240.7441"	"0.0002"	"240.744152"	"0.000017"	"27000"	""		"2311.369"	"43849.242"	"3d4.(5D).4s"	"a 6D"	"7/2"	"3d3.4s.(5F).5p"	"6F*"	"7/2"		""	"L15916"	
"240.74797"	"0.00009"	"240.747965"	"0.000010"	"430000"	"9.4e+06"	C+	"323.432"	"41860.647"	"3d3.4s2"	"a 4F"	"7/2"	"3d4.(3G).4p"	"t 4G*"	"9/2"		"T9399"	"L15916"	
"240.8160"	"0.0003"	"240.816058"	"0.000017"	"3400"	""		"2112.282"	"43637.752"	"3d4.(5D).4s"	"a 6D"	"1/2"	"3d3.4s.(5F).5p"	"6F*"	"1/2"		""	"L15916"	
"240.8229"	"0.0003"	"240.822907"	"0.000017"	"22000"	""		"2220.156"	"43744.445"	"3d4.(5D).4s"	"a 6D"	"5/2"	"3d3.4s.(5F).5p"	"6F*"	"5/2"		""	"L15916"	
"240.8417"	"0.0003"	"240.841601"	"0.000017"	"8400"	""		"2153.221"	"43674.287"	"3d4.(5D).4s"	"a 6D"	"3/2"	"3d3.4s.(5F).5p"	"6F*"	"3/2"		""	"L15916"	
"240.86319"	"0.00009"	"240.863198"	"0.000017"	"400000"	""		"137.383"	"41654.726"	"3d3.4s2"	"a 4F"	"5/2"	"3d4.(3G).4p"	"t 4G*"	"5/2"		""	"L15916"	
"241.150"	"0.002"	"241.15010"	"0.00003"	"7000"	""		"552.955"	"42020.903"	"3d3.4s2"	"a 4F"	"9/2"	"3d4.(3D).4p"	"u 2F*"	"7/2"		""	"L14162"	
"241.23036"	"0.00018"	"241.230482"	"0.000017"	"6700"	""		"2220.156"	"43674.287"	"3d4.(5D).4s"	"a 6D"	"5/2"	"3d3.4s.(5F).5p"	"6F*"	"3/2"		""	"L15916"	
"241.34230"	"0.00009"	"241.342298"	"0.000010"	"330000"	"1.08e+07"	C	"323.432"	"41758.357"	"3d3.4s2"	"a 4F"	"7/2"	"3d4.(3G).4p"	"t 4G*"	"7/2"		"T9399"	"L15916"	
"241.3531"	"0.0003"	"241.353068"	"0.000014"	"13000"	""		"2311.369"	"43744.445"	"3d4.(5D).4s"	"a 6D"	"7/2"	"3d3.4s.(5F).5p"	"6F*"	"5/2"		""	"L15916"	
"241.37658"	"0.00009"	"241.376569"	"0.000017"	"260000"	""		"0.000"	"41429.042"	"3d3.4s2"	"a 4F"	"3/2"	"3d4.(3G).4p"	"t 4F*"	"5/2"		""	"L15916"	
"241.60632"	"0.00009"	"241.60633"	"0.00003"	"440000"	""		"0.000"	"41389.644"	"3d3.4s2"	"a 4F"	"3/2"	"3d4.(3G).4p"	"t 4F*"	"3/2"		""	"L15916"	
"241.74853"	"0.00006"	"241.748519"	"0.000018"	"430000"	""		"552.955"	"41918.255"	"3d3.4s2"	"a 4F"	"9/2"	"3d4.(3G).4p"	"t 4G*"	"11/2"		""	"L15916"	
"241.80872"	"0.00009"	"241.808718"	"0.000018"	"330000"	""		"137.383"	"41492.385&dagger;"	"3d3.4s2"	"a 4F"	"5/2"	"3d4.(3G).4p"	"t 4F*"	"7/2"		""	"L15916"	
"241.9475"	"0.0002"	"241.947421"	"0.000012"	"28000*"	""		"323.432"	"41654.726"	"3d3.4s2"	"a 4F"	"7/2"	"3d4.(3G).4p"	"t 4G*"	"5/2"		""	"L15916"	
"241.9475"	"0.0002"	"241.947503"	"0.000018"	"28000*"	""		"2112.282"	"43443.562"	"3d4.(5D).4s"	"a 6D"	"1/2"	"3d4.(5D).5p"	"u 4P*"	"1/2"		""	"L15916"	
"242.08566"	"0.00009"	"242.085663"	"0.000010"	"360000"	"1.00e+07"	C+	"552.955"	"41860.647"	"3d3.4s2"	"a 4F"	"9/2"	"3d4.(3G).4p"	"t 4G*"	"9/2"		"T9399"	"L15916"	
"242.135"	"0.002"	"242.135283"	"0.000018"	"11000"	""		"137.383"	"41436.610&dagger;"	"3d3.4s2"	"a 4F"	"5/2"	"3d4.(3G).4p"	"t 2G*"	"7/2"		""	"L14162"	
"242.17966"	"0.00009"	"242.179662"	"0.000018"	"370000"	""		"137.383"	"41429.042"	"3d3.4s2"	"a 4F"	"5/2"	"3d4.(3G).4p"	"t 4F*"	"5/2"		""	"L15916"	
"242.27151"	"0.00009"	"242.271514"	"0.000010"	"360000"	""		"323.432"	"41599.436"	"3d3.4s2"	"a 4F"	"7/2"	"3d4.(3G).4p"	"t 4F*"	"9/2"		""	"L15916"	
"242.41098"	"0.00009"	"242.41096"	"0.00004"	"150000"	""		"137.383"	"41389.644"	"3d3.4s2"	"a 4F"	"5/2"	"3d4.(3G).4p"	"t 4F*"	"3/2"		""	"L15916"	
"242.68669"	"0.00015"	"242.686626"	"0.000010"	"33000"	"1.08e+06"	C	"552.955"	"41758.357"	"3d3.4s2"	"a 4F"	"9/2"	"3d4.(3G).4p"	"t 4G*"	"7/2"		"T9399"	"L15916"	
"242.84803"	"0.00009"	"242.848023"	"0.000018"	"67000"	""		"323.432"	"41501.449"	"3d3.4s2"	"a 4F"	"7/2"	"3d4.(3G).4p"	"v 2H*"	"9/2"		""	"L15916"	
"242.90150"	"0.00009"	"242.901489"	"0.000018"	"400000"	""		"323.432"	"41492.385&dagger;"	"3d3.4s2"	"a 4F"	"7/2"	"3d4.(3G).4p"	"t 4F*"	"7/2"		""	"L15916"	
"243.23104"	"0.00012"	"243.231015"	"0.000018"	"51000"	""		"323.432"	"41436.610&dagger;"	"3d3.4s2"	"a 4F"	"7/2"	"3d4.(3G).4p"	"t 2G*"	"7/2"		""	"L15916"	
"243.26924"	"0.00009"	"243.26924"	"0.00003"	"180000"	""		"552.955"	"41659.672"	"3d3.4s2"	"a 4F"	"9/2"	"3d4.(3G).4p"	"v 2H*"	"11/2"		""	"L15916"	
"243.27579"	"0.00009"	"243.275796"	"0.000018"	"270000"	""		"323.432"	"41429.042"	"3d3.4s2"	"a 4F"	"7/2"	"3d4.(3G).4p"	"t 4F*"	"5/2"		""	"L15916"	
"243.62623"	"0.00009"	"243.626244"	"0.000011"	"400000"	""		"552.955"	"41599.436"	"3d3.4s2"	"a 4F"	"9/2"	"3d4.(3G).4p"	"t 4F*"	"9/2"		""	"L15916"	
"243.98438"	"0.00009"	"243.984382"	"0.000018"	"200000"	""		"552.955"	"41539.185"	"3d3.4s2"	"a 4F"	"9/2"	"3d4.(3G).4p"	"t 2G*"	"9/2"		""	"L15916"	
"244.20923"	"0.00009"	"244.209225"	"0.000018"	"96000"	""		"552.955"	"41501.449"	"3d3.4s2"	"a 4F"	"9/2"	"3d4.(3G).4p"	"v 2H*"	"9/2"		""	"L15916"	
"244.26331"	"0.00009"	"244.263293"	"0.000018"	"110000"	""		"552.955"	"41492.385&dagger;"	"3d3.4s2"	"a 4F"	"9/2"	"3d4.(3G).4p"	"t 4F*"	"7/2"		""	"L15916"	
"244.5965"	"0.0003"	"244.596526"	"0.000018"	"6500"	""		"552.955"	"41436.610&dagger;"	"3d3.4s2"	"a 4F"	"9/2"	"3d4.(3G).4p"	"t 2G*"	"7/2"		""	"L15916"	
"244.689"	"0.003"	"244.68965"	"0.00007"	"30000h"	""		"8715.747"	"49583.843"	"3d4.(5D).4s"	"a 4D"	"7/2"	"3d2.(3F).4s2.4p"	"n 4D*"	"7/2"		""	"L3353"	
"245.0522"	"0.0015"	"245.05257"	"0.00009"	"10000"	""		"8476.234"	"49283.804&dagger;"	"3d4.(5D).4s"	"a 4D"	"3/2"	"3d2.(3F).4s2.4p"	"n 4D*"	"3/2"		""	"L3353"	
"245.5533"	"0.0015"	"245.55414"	"0.00013"	"10000"	""		"8715.747"	"49439.963&dagger;"	"3d4.(5D).4s"	"a 4D"	"7/2"	"3d2.(3F).4s2.4p"	"n 4D*"	"5/2"		""	"L3353"	
"245.615"	"0.003"	"245.61718"	"0.00012"	"21000h"	""		"8476.234"	"49189.999&dagger;"	"3d4.(5D).4s"	"a 4D"	"3/2"	"3d2.(3F).4s2.4p"	"n 4D*"	"1/2"		""	"L3353"	
"246.570"	"0.002"	"246.57018"	"0.00004"	"8300"	""		"137.383"	"40693.787"	"3d3.4s2"	"a 4F"	"5/2"	"3d3.(2P).4s.4p.(3P*)"	"w 2P*"	"3/2"		""	"L14162"	
"246.58953"	"0.00012"	"246.589531"	"0.000018"	"47000"	""		"0.000"	"40553.222&dagger;"	"3d3.4s2"	"a 4F"	"3/2"	"3d3.(2D2).4s.4p.(3P*)"	"2D*"	"5/2"		""	"L15916"	
"246.889"	"0.002"	"246.88859"	"0.00004"	"13000"	""		"0.000"	"40504.099"	"3d3.4s2"	"a 4F"	"3/2"	"3d3.(2P).4s.4p.(3P*)"	"w 2P*"	"1/2"		""	"L14162"	
"247.21892"	"0.00015"	"247.21895"	"0.00003"	"31000"	""		"137.383"	"40587.356"	"3d3.4s2"	"a 4F"	"5/2"	"3d4.(3G).4p"	"2F*"	"7/2"		""	"L15916"	
"247.4277"	"0.0002"	"247.427747"	"0.000018"	"17000"	""		"137.383"	"40553.222&dagger;"	"3d3.4s2"	"a 4F"	"5/2"	"3d3.(2D2).4s.4p.(3P*)"	"2D*"	"5/2"		""	"L15916"	
"247.4419"	"0.0004"	"247.441823"	"0.000012"	"9400"	""		"2311.369"	"42724.909"	"3d4.(5D).4s"	"a 6D"	"7/2"	"3d4.(5D).5p"	"6D*"	"9/2"		""	"L15916"	
"247.5926"	"0.0003"	"247.59253"	"0.00003"	"31000"	""		"0.000"	"40388.941"	"3d3.4s2"	"a 4F"	"3/2"	"3d3.(2D2).4s.4p.(3P*)"	"2D*"	"3/2"		""	"L15916"	
"247.7278"	"0.0002"	"247.727810"	"0.000013"	"34000"	""		"2220.156"	"42587.041"	"3d4.(5D).4s"	"a 6D"	"5/2"	"3d4.(5D).5p"	"6D*"	"7/2"		""	"L15916"	
"247.9744"	"0.0003"	"247.974169"	"0.000012"	"33000"	""		"2153.221"	"42480.002"	"3d4.(5D).4s"	"a 6D"	"3/2"	"3d4.(5D).5p"	"6D*"	"5/2"		""	"L15916"	
"248.1384"	"0.0002"	"248.138342"	"0.000015"	"76000"	""		"2424.809"	"42724.909"	"3d4.(5D).4s"	"a 6D"	"9/2"	"3d4.(5D).5p"	"6D*"	"9/2"		""	"L15916"	
"248.1882"	"0.0003"	"248.188183"	"0.000018"	"33000"	""		"2112.282"	"42404.289"	"3d4.(5D).4s"	"a 6D"	"1/2"	"3d4.(5D).5p"	"6D*"	"3/2"		""	"L15916"	
"248.2048"	"0.0003"	"248.204858"	"0.000018"	"16000"	""		"2153.221"	"42442.521"	"3d4.(5D).4s"	"a 6D"	"3/2"	"3d4.(5D).5p"	"6D*"	"1/2"		""	"L15916"	
"248.2890"	"0.0002"	"248.288843"	"0.000011"	"93000"	""		"2311.369"	"42587.041"	"3d4.(5D).4s"	"a 6D"	"7/2"	"3d4.(5D).5p"	"6D*"	"7/2"		""	"L15916"	
"248.3484"	"0.0002"	"248.348594"	"0.000019"	"54000"	""		"2311.369"	"42577.351"	"3d4.(5D).4s"	"a 6D"	"7/2"	"3d4.(5D).5p"	"6P*"	"5/2"		""	"L15916"	
"248.3614"	"0.0003"	"248.36129"	"0.00003"	"14000"	""		"323.432"	"40587.356"	"3d3.4s2"	"a 4F"	"7/2"	"3d4.(3G).4p"	"2F*"	"7/2"		""	"L15916"	
"248.3865"	"0.0003"	"248.386444"	"0.000011"	"44000"	""		"2220.156"	"42480.002"	"3d4.(5D).4s"	"a 6D"	"5/2"	"3d4.(5D).5p"	"6D*"	"5/2"		""	"L15916"	
"248.4128"	"0.0003"	"248.412705"	"0.000019"	"98000"	""		"2424.809"	"42680.399"	"3d4.(5D).4s"	"a 6D"	"9/2"	"3d4.(5D).5p"	"6P*"	"7/2"		""	"L15916"	
"248.4377"	"0.0003"	"248.43759"	"0.00004"	"16000"	""		"137.383"	"40388.941"	"3d3.4s2"	"a 4F"	"5/2"	"3d3.(2D2).4s.4p.(3P*)"	"2D*"	"3/2"		""	"L15916"	
"248.4407"	"0.0003"	"248.440613"	"0.000019"	"28000"	""		"2153.221"	"42404.289"	"3d4.(5D).4s"	"a 6D"	"3/2"	"3d4.(5D).5p"	"6D*"	"3/2"		""	"L15916"	
"248.82797"	"0.00015"	"248.82798"	"0.00006"	"62000"	""		"137.383"	"40325.790"	"3d3.4s2"	"a 4F"	"5/2"	"3d4.(3G).4p"	"2F*"	"5/2"		""	"L15916"	
"248.8955"	"0.0002"	"248.895532"	"0.000019"	"20000"	""		"137.383"	"40314.882"	"3d3.4s2"	"a 4F"	"5/2"	"3d4.(3G).4p"	"w 4H*"	"7/2"		""	"L15916"	
"248.949"	"0.004"	"248.950468"	"0.000012"	"17000h"	""		"2311.369"	"42480.002"	"3d4.(5D).4s"	"a 6D"	"7/2"	"3d4.(5D).5p"	"6D*"	"5/2"		""	"L14162"	
"248.988"	"0.004"	"248.990146"	"0.000015"	"16000h"	""		"2424.809"	"42587.041"	"3d4.(5D).4s"	"a 6D"	"9/2"	"3d4.(5D).5p"	"6D*"	"7/2"		""	"L14162"	
"249.257"	"0.002"	"249.25710"	"0.00004"	"9000"	""		"0.000"	"40119.218&dagger;"	"3d3.4s2"	"a 4F"	"3/2"	"3d4.(3P2).4p"	"v 2D*"	"5/2"		""	"L14162"	
"249.65432"	"0.00012"	"249.654354"	"0.000019"	"49000"	""		"323.432"	"40378.812"	"3d3.4s2"	"a 4F"	"7/2"	"3d4.(3G).4p"	"w 4H*"	"9/2"		""	"L15916"	
"249.785"	"0.002"	"249.78518"	"0.00003"	"9000"	""		"552.955"	"40587.356"	"3d3.4s2"	"a 4F"	"9/2"	"3d4.(3G).4p"	"2F*"	"7/2"		""	"L14162"	
"249.841"	"0.004"	"249.841769"	"0.000019"	"34000h"	""		"2220.156"	"42245.489&dagger;"	"3d4.(5D).4s"	"a 6D"	"5/2"	"3d3.(4P).4s.4p.(1P*)"	"r 4D*"	"7/2"		""	"L14162"	
"249.8790"	"0.0003"	"249.879052"	"0.000012"	"32000"	""		"2311.369"	"42330.730"	"3d4.(5D).4s"	"a 6D"	"7/2"	"3d4.(5D).5p"	"6F*"	"9/2"		""	"L15916"	
"249.8819"	"0.0003"	"249.881918"	"0.000015"	"11000"	""		"2153.221"	"42172.123"	"3d4.(5D).4s"	"a 6D"	"3/2"	"3d4.(5D).5p"	"6F*"	"5/2"		""	"L15916"	
"249.8971"	"0.0002"	"249.897136"	"0.000012"	"11000"	""		"2220.156"	"42236.621&dagger;"	"3d4.(5D).4s"	"a 6D"	"5/2"	"3d4.(5D).5p"	"6F*"	"7/2"		""	"L15916"	
"249.9013"	"0.0003"	"249.901139"	"0.000015"	"38000"	""		"2424.809"	"42440.633"	"3d4.(5D).4s"	"a 6D"	"9/2"	"3d4.(5D).5p"	"6F*"	"11/2"		""	"L15916"	
"249.98528"	"0.00012"	"249.98526"	"0.00006"	"83000"	""		"323.432"	"40325.790"	"3d3.4s2"	"a 4F"	"7/2"	"3d4.(3G).4p"	"2F*"	"5/2"		""	"L15916"	
"250.0002"	"0.0002"	"250.00021"	"0.00003"	"23000"	""		"0.000"	"39999.966"	"3d3.4s2"	"a 4F"	"3/2"	"3d4.(3F2).4p"	"s 4D*"	"5/2"		""	"L15916"	
"250.057"	"0.004"	"250.053449"	"0.000019"	"39000"	""		"323.432"	"40314.882"	"3d3.4s2"	"a 4F"	"7/2"	"3d4.(3G).4p"	"w 4H*"	"7/2"		""	"L4235"	
"250.0719"	"0.0002"	"250.071921"	"0.000015"	"11000"	""		"137.383"	"40125.879"	"3d3.4s2"	"a 4F"	"5/2"	"3d4.(3F2).4p"	"s 4D*"	"7/2"		""	"L15916"	
"250.1136"	"0.0002"	"250.11358"	"0.00003"	"12000"	""		"137.383"	"40119.218&dagger;"	"3d3.4s2"	"a 4F"	"5/2"	"3d4.(3P2).4p"	"v 2D*"	"5/2"		""	"L15916"	
"250.23679"	"0.00009"	"250.23679"	"0.00003"	"540000"	"1.22e+07"	C+	"0.000"	"39962.150"	"3d3.4s2"	"a 4F"	"3/2"	"3d4.(3H).4p"	"u 4G*"	"5/2"		"T9399"	"L15916"	
"250.40583"	"0.00009"	"250.40581"	"0.00004"	"290000"	"1.1e+07"	C	"0.000"	"39935.176"	"3d3.4s2"	"a 4F"	"3/2"	"3d4.(3F2).4p"	"s 4D*"	"3/2"		"T9399"	"L15916"	
"250.466"	"0.002"	"250.468050"	"0.000011"	"8600"	""		"2311.369"	"42236.621&dagger;"	"3d4.(5D).4s"	"a 6D"	"7/2"	"3d4.(5D).5p"	"6F*"	"7/2"		""	"L14162"	
"250.513"	"0.002"	"250.514143"	"0.000019"	"4300"	""		"2220.156"	"42138.062"	"3d4.(5D).4s"	"a 6D"	"5/2"	"3d3.(4P).4s.4p.(1P*)"	"r 4D*"	"5/2"		""	"L14162"	
"250.62969"	"0.00012"	"250.629638"	"0.000019"	"46000"	""		"552.955"	"40452.466"	"3d3.4s2"	"a 4F"	"9/2"	"3d4.(3G).4p"	"w 4H*"	"11/2"		""	"L15916"	
"250.7238"	"0.0002"	"250.72371"	"0.00003"	"21000"	""		"0.000"	"39884.540"	"3d3.4s2"	"a 4F"	"3/2"	"3d4.(3P2).4p"	"v 2D*"	"3/2"		""	"L15916"	
"250.76615"	"0.00009"	"250.76618"	"0.00005"	"580000"	"5.1e+07"	C+	"0.000"	"39877.786"	"3d3.4s2"	"a 4F"	"3/2"	"3d4.(3F2).4p"	"s 4D*"	"1/2"		"T9399"	"L15916"	
"250.85412"	"0.00009"	"250.854114"	"0.000019"	"920000"	""		"137.383"	"40001.190"	"3d3.4s2"	"a 4F"	"5/2"	"3d4.(3H).4p"	"u 4G*"	"7/2"		""	"L15916"	
"250.86182"	"0.00009"	"250.861817"	"0.000019"	"280000"	"1.3e+07"	C	"137.383"	"39999.966"	"3d3.4s2"	"a 4F"	"5/2"	"3d4.(3F2).4p"	"s 4D*"	"5/2"		"T9399"	"L15916"	
"250.958"	"0.002"	"250.957755"	"0.000014"	"24000"	""		"0.000"	"39847.344"	"3d3.4s2"	"a 4F"	"3/2"	"3d4.(3P2).4p"	"x 4S*"	"3/2"		""	"L14162"	
"251.094"	"0.002"	"251.093153"	"0.000019"	"4700"	""		"552.955"	"40378.812"	"3d3.4s2"	"a 4F"	"9/2"	"3d4.(3G).4p"	"w 4H*"	"9/2"		""	"L14162"	
"251.10004"	"0.00018"	"251.10003"	"0.00003"	"23000"	""		"137.383"	"39962.150"	"3d3.4s2"	"a 4F"	"5/2"	"3d4.(3H).4p"	"u 4G*"	"5/2"		""	"L15916"	
"251.23786"	"0.00018"	"251.23782"	"0.00014"	"45000"	""		"9637.039"	"49439.963&dagger;"	"3d3.4s2"	"a 4P"	"3/2"	"3d2.(3F).4s2.4p"	"n 4D*"	"5/2"		""	"L15916"	
"251.24083"	"0.00009"	"251.240835"	"0.000013"	"690000"	""		"323.432"	"40125.879"	"3d3.4s2"	"a 4F"	"7/2"	"3d4.(3F2).4p"	"s 4D*"	"7/2"		""	"L15916"	
"251.27022"	"0.00009"	"251.27021"	"0.00003"	"690000"	"3.1e+07"	C+	"137.383"	"39935.176"	"3d3.4s2"	"a 4F"	"5/2"	"3d4.(3F2).4p"	"s 4D*"	"3/2"		"T9399"	"L15916"	
"251.51402"	"0.00018"	"251.51401"	"0.00008"	"110000"	""		"9824.626"	"49583.843"	"3d3.4s2"	"a 4P"	"5/2"	"3d2.(3F).4s2.4p"	"n 4D*"	"7/2"		""	"L15916"	
"251.59032"	"0.00009"	"251.590321"	"0.000019"	"270000"	""		"137.383"	"39884.540"	"3d3.4s2"	"a 4F"	"5/2"	"3d4.(3P2).4p"	"v 2D*"	"3/2"		""	"L15916"	
"251.6409"	"0.0003"	"251.64089"	"0.00010"	"29000"	""		"9544.635"	"49283.804&dagger;"	"3d3.4s2"	"a 4P"	"1/2"	"3d2.(3F).4s2.4p"	"n 4D*"	"3/2"		""	"L15916"	
"251.79062"	"0.00009"	"251.79062"	"0.00003"	"690000"	"1.42e+07"	C+	"323.432"	"40038.970"	"3d3.4s2"	"a 4F"	"7/2"	"3d4.(3H).4p"	"u 4G*"	"9/2"		"T9399"	"L15916"	
"251.8255"	"0.0010"	"251.825984"	"0.000011"	"29000bl"	""		"137.383"	"39847.344"	"3d3.4s2"	"a 4F"	"5/2"	"3d4.(3P2).4p"	"x 4S*"	"3/2"		""	"L4235"	
"252.0303"	"0.0002"	"252.030369"	"0.000013"	"18000"	""		"323.432"	"40001.190"	"3d3.4s2"	"a 4F"	"7/2"	"3d4.(3H).4p"	"u 4G*"	"7/2"		""	"L15916"	
"252.03815"	"0.00009"	"252.038144"	"0.000019"	"920000"	"4.3e+07"	C+	"323.432"	"39999.966"	"3d3.4s2"	"a 4F"	"7/2"	"3d4.(3F2).4p"	"s 4D*"	"5/2"		"T9399"	"L15916"	
"252.2274"	"0.0002"	"252.22739"	"0.00010"	"34000"	""		"9637.039"	"49283.804&dagger;"	"3d3.4s2"	"a 4P"	"3/2"	"3d2.(3F).4s2.4p"	"n 4D*"	"3/2"		""	"L15916"	
"252.23627"	"0.00018"	"252.23630"	"0.00013"	"28000"	""		"9544.635"	"49189.999&dagger;"	"3d3.4s2"	"a 4P"	"1/2"	"3d2.(3F).4s2.4p"	"n 4D*"	"1/2"		""	"L15916"	
"252.276"	"0.003"	"252.27859"	"0.00003"	"7300"	""		"323.432"	"39962.150"	"3d3.4s2"	"a 4F"	"7/2"	"3d4.(3H).4p"	"u 4G*"	"5/2"		""	"L4235"	
"252.4274"	"0.0002"	"252.42749"	"0.00013"	"22000"	""		"9824.626"	"49439.963&dagger;"	"3d3.4s2"	"a 4P"	"5/2"	"3d2.(3F).4s2.4p"	"n 4D*"	"5/2"		""	"L15916"	
"252.69802"	"0.00009"	"252.698032"	"0.000015"	"1600000"	""		"552.955"	"40125.879"	"3d3.4s2"	"a 4F"	"9/2"	"3d4.(3F2).4p"	"s 4D*"	"7/2"		""	"L15916"	
"252.8254"	"0.0003"	"252.82558"	"0.00013"	"7400"	""		"9637.039"	"49189.999&dagger;"	"3d3.4s2"	"a 4P"	"3/2"	"3d2.(3F).4s2.4p"	"n 4D*"	"1/2"		""	"L15916"	
"253.09178"	"0.00012"	"253.09178"	"0.00008"	"77000"	""		"10892.520"	"50403.878"	"3d3.4s2"	"a 2G"	"7/2"	"50403o"	"r 2F*"	"5/2"		""	"L15916"	
"253.09459"	"0.00009"	"253.094594"	"0.000019"	"920000"	"1.54e+07"	C+	"552.955"	"40063.874"	"3d3.4s2"	"a 4F"	"9/2"	"3d4.(3H).4p"	"u 4G*"	"11/2"		"T9399"	"L15916"	
"253.2539"	"0.0015"	"253.25422"	"0.00003"	"21000"	""		"552.955"	"40038.970"	"3d3.4s2"	"a 4F"	"9/2"	"3d4.(3H).4p"	"u 4G*"	"9/2"		""	"L3353"	
"253.3034"	"0.0002"	"253.30325"	"0.00007"	"15000"	""		"10892.520"	"50370.893"	"3d3.4s2"	"a 2G"	"7/2"	"50370o"	"2G*"	"9/2"		""	"L15916"	
"253.4557"	"0.0002"	"253.45568"	"0.00015"	"33000"	""		"11100.596"	"50555.225"	"3d3.4s2"	"a 2G"	"9/2"	"50555o"	"r 2F*"	"7/2"		""	"L15916"	
"253.497"	"0.002"	"253.496766"	"0.000016"	"15000"	""		"552.955"	"40001.190"	"3d3.4s2"	"a 4F"	"9/2"	"3d4.(3H).4p"	"u 4G*"	"7/2"		""	"L14162"	
"253.6616"	"0.0005"	"253.660672"	"0.000012"	"17000"	""		"0.000"	"39422.745"	"3d3.4s2"	"a 4F"	"3/2"	"3d4.(3P2).4p"	"w 4P*"	"5/2"		""	"L4235"	
"254.2527"	"0.0002"	"254.25257"	"0.00006"	"18000"	""		"10892.520"	"50223.489"	"3d3.4s2"	"a 2G"	"7/2"	"50223o"	"2G*"	"7/2"		""	"L15916"	
"254.44944"	"0.00012"	"254.449449"	"0.000013"	"88000"	""		"0.000"	"39300.537"	"3d3.4s2"	"a 4F"	"3/2"	"3d4.(3F2).4p"	"u 4F*"	"5/2"		""	"L15916"	
"254.5476"	"0.0002"	"254.547737"	"0.000016"	"18000"	""		"137.383"	"39422.745"	"3d3.4s2"	"a 4F"	"5/2"	"3d4.(3P2).4p"	"w 4P*"	"5/2"		""	"L15916"	
"254.6454"	"0.0004"	"254.64539"	"0.00007"	"59000"	""		"11100.596"	"50370.893"	"3d3.4s2"	"a 2G"	"9/2"	"50370o"	"2G*"	"9/2"		""	"L15916"	
"254.66884"	"0.00009"	"254.668844"	"0.000019"	"240000"	"1.8e+07"	C+	"0.000"	"39266.680"	"3d3.4s2"	"a 4F"	"3/2"	"3d4.(3F2).4p"	"u 4F*"	"3/2"		"T9399"	"L15916"	
"254.7840"	"0.0003"	"254.784029"	"0.000012"	"19000"	""		"0.000"	"39248.928"	"3d3.4s2"	"a 4F"	"3/2"	"3d4.(3P2).4p"	"w 4P*"	"3/2"		""	"L15916"	
"254.859"	"0.002"	"254.860171"	"0.000015"	"5300"	""		"0.000"	"39237.202"	"3d3.4s2"	"a 4F"	"3/2"	"3d4.(3P2).4p"	"w 4P*"	"1/2"		""	"L14162"	
"255.07340"	"0.00009"	"255.073404"	"0.000020"	"95000"	"1.8e+06"	D+	"137.383"	"39341.784"	"3d3.4s2"	"a 4F"	"5/2"	"3d4.(3F2).4p"	"u 4F*"	"7/2"		"T9399"	"L15916"	
"255.34205"	"0.00009"	"255.342049"	"0.000015"	"470000"	""		"137.383"	"39300.537"	"3d3.4s2"	"a 4F"	"5/2"	"3d4.(3F2).4p"	"u 4F*"	"5/2"		""	"L15916"	
"255.56300"	"0.00009"	"255.562986"	"0.000016"	"220000"	"3.6e+06"	C	"137.383"	"39266.680"	"3d3.4s2"	"a 4F"	"5/2"	"3d4.(3F2).4p"	"u 4F*"	"3/2"		"T9399"	"L15916"	
"255.6790"	"0.0002"	"255.678982"	"0.000016"	"36000"	""		"137.383"	"39248.928"	"3d3.4s2"	"a 4F"	"5/2"	"3d4.(3P2).4p"	"w 4P*"	"3/2"		""	"L15916"	
"255.7589"	"0.0002"	"255.758969"	"0.000013"	"16000"	""		"323.432"	"39422.745"	"3d3.4s2"	"a 4F"	"7/2"	"3d4.(3P2).4p"	"w 4P*"	"5/2"		""	"L15916"	
"255.96629"	"0.00012"	"255.966273"	"0.000020"	"160000"	""		"323.432"	"39391.079"	"3d3.4s2"	"a 4F"	"7/2"	"3d4.(3F2).4p"	"u 4F*"	"9/2"		""	"L15916"	
"255.9667"	"0.0010"	"255.966738"	"0.000020"	""	""		"2424.809"	"41492.385&dagger;"	"3d4.(5D).4s"	"a 6D"	"9/2"	"3d4.(3G).4p"	"t 4F*"	"7/2"		""	"L3475"	
"256.28964"	"0.00009"	"256.289656"	"0.000016"	"820000"	"1.67e+07"	C+	"323.432"	"39341.784"	"3d3.4s2"	"a 4F"	"7/2"	"3d4.(3F2).4p"	"u 4F*"	"7/2"		"T9399"	"L15916"	
"256.56087"	"0.00009"	"256.560871"	"0.000012"	"430000"	""		"323.432"	"39300.537"	"3d3.4s2"	"a 4F"	"7/2"	"3d4.(3F2).4p"	"u 4F*"	"5/2"		""	"L15916"	
"257.104"	"0.004"	"257.09511"	"0.00004"	"17000h"	""		"8715.747"	"47611.858"	"3d4.(5D).4s"	"a 4D"	"7/2"	"3d3.(2G).4s.4p.(1P*)"	"2H*"	"9/2"		""	"L14162"	
"257.47897"	"0.00009"	"257.47897"	"0.00003"	"900000"	"1.8e+07"	C	"552.955"	"39391.079"	"3d3.4s2"	"a 4F"	"9/2"	"3d4.(3F2).4p"	"u 4F*"	"9/2"		"T9399"	"L15916"	
"257.80619"	"0.00009"	"257.806184"	"0.000020"	"180000"	"2.8e+06"	C	"552.955"	"39341.784"	"3d3.4s2"	"a 4F"	"9/2"	"3d4.(3F2).4p"	"u 4F*"	"7/2"		"T9399"	"L15916"	
"259.851"	"0.004"	"259.85333"	"0.00008"	"18000?"	""		"11100.596"	"49583.843"	"3d3.4s2"	"a 2G"	"9/2"	"3d2.(3F).4s2.4p"	"n 4D*"	"7/2"		""	"L3353"	
"260.079"	"0.002"	"260.07953"	"0.00007"	"9300"	""		"8413.009"	"46862.786"	"3d4.(5D).4s"	"a 4D"	"1/2"	"3d4.(3D).4p"	"t 4P*"	"3/2"		""	"L14162"	
"260.158"	"0.002"	"260.15813"	"0.00010"	"23000"	""		"8413.009"	"46851.170"	"3d4.(5D).4s"	"a 4D"	"1/2"	"3d4.(3D).4p"	"t 4P*"	"1/2"		""	"L14162"	
"260.471"	"0.002"	"260.47198"	"0.00006"	"4700"	""		"8476.234"	"46868.079"	"3d4.(5D).4s"	"a 4D"	"3/2"	"3d4.(3D).4p"	"t 4P*"	"5/2"		""	"L14162"	
"260.5080"	"0.0003"	"260.50790"	"0.00007"	"12000"	""		"8476.234"	"46862.786"	"3d4.(5D).4s"	"a 4D"	"3/2"	"3d4.(3D).4p"	"t 4P*"	"3/2"		""	"L15916"	
"260.5867"	"0.0003"	"260.58675"	"0.00010"	"9700"	""		"8476.234"	"46851.170"	"3d4.(5D).4s"	"a 4D"	"3/2"	"3d4.(3D).4p"	"t 4P*"	"1/2"		""	"L15916"	
"261.1679"	"0.0003"	"261.16795"	"0.00006"	"15000"	""		"8578.542"	"46868.079"	"3d4.(5D).4s"	"a 4D"	"5/2"	"3d4.(3D).4p"	"t 4P*"	"5/2"		""	"L15916"	
"261.181"	"0.002"	"261.18207"	"0.00004"	"6200?"	""		"323.432"	"38610.899"	"3d3.4s2"	"a 4F"	"7/2"	"3d3.(2H).4s.4p.(3P*)"	"u 2G*"	"7/2"		""	"L14162"	
"261.2042"	"0.0002"	"261.20406"	"0.00007"	"28000"	""		"8578.542"	"46862.786"	"3d4.(5D).4s"	"a 4D"	"5/2"	"3d4.(3D).4p"	"t 4P*"	"3/2"		""	"L15916"	
"261.253"	"0.002"	"261.25582"	"0.00004"	"5900"	""		"2112.282"	"40388.941"	"3d4.(5D).4s"	"a 6D"	"1/2"	"3d3.(2D2).4s.4p.(3P*)"	"2D*"	"3/2"		""	"L14162"	
"261.5664"	"0.0005"	"261.56589"	"0.00005"	"46000"	""		"8476.234"	"46707.519"	"3d4.(5D).4s"	"a 4D"	"3/2"	"3d3.(2F).4s.4p.(3P*)"	"4D*"	"3/2"		""	"L4235"	
"261.9691"	"0.0010"	"261.96822"	"0.00007"	"50000bl"	""		"2153.221"	"40325.790"	"3d4.(5D).4s"	"a 6D"	"3/2"	"3d4.(3G).4p"	"2F*"	"5/2"		""	"L4235"	
"262.0200"	"0.0003"	"262.01977"	"0.00011"	"33000"	""		"9637.039"	"47802.098"	"3d3.4s2"	"a 4P"	"3/2"	"3d2.(3F).4s2.4p"	"o 4F*"	"3/2"		""	"L15916"	
"262.10718"	"0.00015"	"262.10718"	"0.00006"	"280000"	""		"8715.747"	"46868.079"	"3d4.(5D).4s"	"a 4D"	"7/2"	"3d4.(3D).4p"	"t 4P*"	"5/2"		""	"L15916"	
"263.3083"	"0.0002"	"263.308251"	"0.000021"	"8100"	""		"137.383"	"38115.684&dagger;"	"3d3.4s2"	"a 4F"	"5/2"	"3d4.(3P2).4p"	"t 4D*"	"7/2"		""	"L15916"	
"263.318"	"0.002"	"263.31814"	"0.00006"	"13000"	""		"552.955"	"38529.830"	"3d3.4s2"	"a 4F"	"9/2"	"3d3.(2H).4s.4p.(3P*)"	"u 2G*"	"9/2"		""	"L14162"	
"263.4373"	"0.0003"	"263.437312"	"0.000021"	"12000"	""		"0.000"	"37959.695"	"3d3.4s2"	"a 4F"	"3/2"	"3d4.(3P2).4p"	"t 4D*"	"5/2"		""	"L15916"	
"264.30511"	"0.00012"	"264.305083"	"0.000021"	"190000"	"8.1e+06"	B	"0.000"	"37835.065"	"3d3.4s2"	"a 4F"	"3/2"	"3d4.(3P2).4p"	"t 4D*"	"3/2"		"T9399"	"L15916"	
"264.39423"	"0.00009"	"264.39420"	"0.00003"	"180000"	"6.4e+06"	C+	"137.383"	"37959.695"	"3d3.4s2"	"a 4F"	"5/2"	"3d4.(3P2).4p"	"t 4D*"	"5/2"		"T9399"	"L15916"	
"264.548"	"0.002"	"264.547724"	"0.000021"	"6800"	""		"323.432"	"38123.795"	"3d3.4s2"	"a 4F"	"7/2"	"3d4.(3H).4p"	"x 2H*"	"9/2"		""	"L14162"	
"264.60450"	"0.00009"	"264.604501"	"0.000021"	"610000"	"1.13e+07"	C+	"323.432"	"38115.684&dagger;"	"3d3.4s2"	"a 4F"	"7/2"	"3d4.(3P2).4p"	"t 4D*"	"7/2"		"T9399"	"L15916"	
"264.678"	"0.002"	"264.67662"	"0.00004"	"13000"	""		"2153.221"	"39935.176"	"3d4.(5D).4s"	"a 6D"	"3/2"	"3d4.(3F2).4p"	"s 4D*"	"3/2"		""	"L14162"	
"264.84940"	"0.00009"	"264.84938"	"0.00008"	"370000"	"4.9e+07"	B	"0.000"	"37757.309"	"3d3.4s2"	"a 4F"	"3/2"	"3d4.(3P2).4p"	"t 4D*"	"1/2"		"T9399"	"L15916"	
"265.26832"	"0.00009"	"265.268300"	"0.000021"	"580000"	"3.32e+07"	B+	"137.383"	"37835.065"	"3d3.4s2"	"a 4F"	"5/2"	"3d4.(3P2).4p"	"t 4D*"	"3/2"		"T9399"	"L15916"	
"265.37077"	"0.00012"	"265.37078"	"0.00008"	"110000"	""		"15264.832"	"52947.956"	"3d3.4s2"	"a 2H"	"11/2"	"52947o"	"p 2G*"	"9/2"		""	"L15916"	
"265.46120"	"0.00012"	"265.46120"	"0.00008"	"110000"	""		"15103.784"	"52774.073"	"3d3.4s2"	"a 2H"	"9/2"	"52774o"	"p 2G*"	"7/2"		""	"L15916"	
"265.480"	"0.002"	"265.47939"	"0.00003"	"14000"	""		"552.955"	"38220.663"	"3d3.4s2"	"a 4F"	"9/2"	"3d4.(3H).4p"	"x 2H*"	"11/2"		""	"L14162"	
"265.70118"	"0.00009"	"265.701194"	"0.000021"	"610000"	"3.4e+07"	B	"323.432"	"37959.695"	"3d3.4s2"	"a 4F"	"7/2"	"3d4.(3P2).4p"	"t 4D*"	"5/2"		"T9399"	"L15916"	
"265.8499"	"0.0002"	"265.849891"	"0.000021"	"42000"	""		"137.383"	"37752.595"	"3d3.4s2"	"a 4F"	"5/2"	"3d4.(3F2).4p"	"w 2D*"	"5/2"		""	"L15916"	
"266.22133"	"0.00009"	"266.221339"	"0.000021"	"730000"	"3.2e+07"	B	"552.955"	"38115.684&dagger;"	"3d3.4s2"	"a 4F"	"9/2"	"3d4.(3P2).4p"	"t 4D*"	"7/2"		"T9399"	"L15916"	
"266.67517"	"0.00009"	"266.67514"	"0.00003"	"120000"	""		"0.000"	"37498.808"	"3d3.4s2"	"a 4F"	"3/2"	"3d4.(3F2).4p"	"v 4G*"	"5/2"		""	"L15916"	
"266.9686"	"0.0003"	"266.96869"	"0.00003"	"16000"	""		"0.000"	"37457.576"	"3d3.4s2"	"a 4F"	"3/2"	"3d4.(3F2).4p"	"w 2D*"	"3/2"		""	"L15916"	
"267.17137"	"0.00018"	"267.171350"	"0.000021"	"66000"	""		"323.432"	"37752.595"	"3d3.4s2"	"a 4F"	"7/2"	"3d4.(3F2).4p"	"w 2D*"	"5/2"		""	"L15916"	
"267.24642"	"0.00009"	"267.24641"	"0.00004"	"120000"	"4.2e+06"	C+	"137.383"	"37556.034"	"3d3.4s2"	"a 4F"	"5/2"	"3d4.(3F2).4p"	"v 4G*"	"7/2"		"T9399"	"L15916"	
"267.6525"	"0.0003"	"267.65271"	"0.00007"	"13000"	""		"8476.234"	"45838.082"	"3d4.(5D).4s"	"a 4D"	"3/2"	"3d3.4s.(5F).5p"	"o 4D*"	"5/2"		""	"L15916"	
"267.6558"	"0.0002"	"267.65574"	"0.00004"	"40000"	""		"137.383"	"37498.808"	"3d3.4s2"	"a 4F"	"5/2"	"3d4.(3F2).4p"	"v 4G*"	"5/2"		""	"L15916"	
"267.678"	"0.002"	"267.676571"	"0.000021"	"23000"	""		"8578.542"	"45937.060"	"3d4.(5D).4s"	"a 4D"	"5/2"	"3d3.4s.(5F).5p"	"o 4D*"	"7/2"		""	"L14162"	
"267.749"	"0.005"	"267.742635"	"0.000022"	"24000bl"	""		"8413.009"	"45762.309"	"3d4.(5D).4s"	"a 4D"	"1/2"	"3d3.4s.(5F).5p"	"o 4D*"	"3/2"		""	"L4235"	
"267.792"	"0.002"	"267.79100"	"0.00003"	"30000"	""		"0.000"	"37342.555"	"3d3.4s2"	"a 4F"	"3/2"	"3d3.(2D2).4s.4p.(3P*)"	"w 2F*"	"5/2"		""	"L14162"	
"267.8255"	"0.0005"	"267.825681"	"0.000022"	"6300"	""		"137.383"	"37475.102&dagger;"	"3d3.4s2"	"a 4F"	"5/2"	"3d3.(2D2).4s.4p.(3P*)"	"w 2F*"	"7/2"		""	"L4235"	
"267.94528"	"0.00009"	"267.94527"	"0.00004"	"330000"	"4.2e+06"	C	"323.432"	"37644.487"	"3d3.4s2"	"a 4F"	"7/2"	"3d4.(3F2).4p"	"v 4G*"	"9/2"		"T9399"	"L15916"	
"267.96618"	"0.00012"	"267.96612"	"0.00007"	"61000"	""		"9544.635"	"46862.786"	"3d3.4s2"	"a 4P"	"1/2"	"3d4.(3D).4p"	"t 4P*"	"3/2"		""	"L15916"	
"268.0495"	"0.0003"	"268.04955"	"0.00010"	"22000"	""		"9544.635"	"46851.170"	"3d3.4s2"	"a 4P"	"1/2"	"3d4.(3D).4p"	"t 4P*"	"1/2"		""	"L15916"	
"268.174"	"0.002"	"268.173113"	"0.000022"	"11000"	""		"8413.009"	"45702.355"	"3d4.(5D).4s"	"a 4D"	"1/2"	"3d3.4s.(5F).5p"	"o 4D*"	"1/2"		""	"L14162"	
"268.197"	"0.002"	"268.196639"	"0.000022"	"11000"	""		"8476.234"	"45762.309"	"3d4.(5D).4s"	"a 4D"	"3/2"	"3d3.4s.(5F).5p"	"o 4D*"	"3/2"		""	"L14162"	
"268.348"	"0.002"	"268.34739"	"0.00008"	"5300"	""		"10892.520"	"48157.648"	"3d3.4s2"	"a 2G"	"7/2"	"3d3.(2F).4s.4p.(3P*)"	"q 2G*"	"9/2"		""	"L14162"	
"268.38769"	"0.00009"	"268.38764"	"0.00007"	"940000bl(V II)"	""		"8578.542"	"45838.082"	"3d4.(5D).4s"	"a 4D"	"5/2"	"3d3.4s.(5F).5p"	"o 4D*"	"5/2"		""	"L15916"	
"268.5817"	"0.0002"	"268.58182"	"0.00004"	"49000"	"5.4e+05"	D+	"323.432"	"37556.034"	"3d3.4s2"	"a 4F"	"7/2"	"3d4.(3F2).4p"	"v 4G*"	"7/2"		"T9399"	"L15916"	
"268.5927"	"0.0010"	"268.59309"	"0.00007"	"140000bl"	""		"9637.039"	"46868.079"	"3d3.4s2"	"a 4P"	"3/2"	"3d4.(3D).4p"	"t 4P*"	"5/2"		""	"L4235"	
"268.6313"	"0.0002"	"268.63128"	"0.00007"	"25000"	""		"9637.039"	"46862.786"	"3d3.4s2"	"a 4P"	"3/2"	"3d4.(3D).4p"	"t 4P*"	"3/2"		""	"L15916"	
"268.6633"	"0.0003"	"268.66328"	"0.00003"	"58000"	""		"8715.747"	"45937.060"	"3d4.(5D).4s"	"a 4D"	"7/2"	"3d3.4s.(5F).5p"	"o 4D*"	"7/2"		""	"L15916"	
"268.71510"	"0.00015"	"268.71513"	"0.00011"	"25000"	""		"9637.039"	"46851.170"	"3d3.4s2"	"a 4P"	"3/2"	"3d4.(3D).4p"	"t 4P*"	"1/2"		""	"L15916"	
"268.73075"	"0.00009"	"268.73075"	"0.00003"	"150000"	"3.5e+06"	C+	"552.955"	"37764.923"	"3d3.4s2"	"a 4F"	"9/2"	"3d4.(3F2).4p"	"v 4G*"	"11/2"		"T9399"	"L15916"	
"268.780"	"0.002"	"268.779835"	"0.000022"	"7600"	""		"137.383"	"37342.555"	"3d3.4s2"	"a 4F"	"5/2"	"3d3.(2D2).4s.4p.(3P*)"	"w 2F*"	"5/2"		""	"L14162"	
"268.935"	"0.002"	"268.934560"	"0.000022"	"5800"	""		"8578.542"	"45762.309"	"3d4.(5D).4s"	"a 4D"	"5/2"	"3d3.4s.(5F).5p"	"o 4D*"	"3/2"		""	"L14162"	
"268.9507"	"0.0004"	"268.950928"	"0.000017"	"1000000bl"	""		"8578.542"	"45760.046"	"3d4.(5D).4s"	"a 4D"	"5/2"	"3d3.(2F).4s.4p.(3P*)"	"p 4F*"	"7/2"		""	"L15916"	
"268.974"	"0.002"	"268.97531"	"0.00004"	"23000"	""		"8476.234"	"45654.368"	"3d4.(5D).4s"	"a 4D"	"3/2"	"45654o"	"2D*"	"5/2"		""	"L14162"	
"268.991"	"0.002"	"268.99193"	"0.00003"	"17000"	""		"8715.747"	"45891.583"	"3d4.(5D).4s"	"a 4D"	"7/2"	"3d3.(2F).4s.4p.(3P*)"	"p 4F*"	"9/2"		""	"L14162"	
"269.013"	"0.005"	"269.01450"	"0.00003"	"6900"	""		"8476.234"	"45648.952"	"3d4.(5D).4s"	"a 4D"	"3/2"	"3d3.(2F).4s.4p.(3P*)"	"p 4F*"	"3/2"		""	"L4235"	
"269.0857"	"0.0002"	"269.08568"	"0.00006"	"48000"	""		"9544.635"	"46707.519"	"3d3.4s2"	"a 4P"	"1/2"	"3d3.(2F).4s.4p.(3P*)"	"4D*"	"3/2"		""	"L15916"	
"269.380"	"0.002"	"269.37961"	"0.00006"	"12000"	""		"8715.747"	"45838.082"	"3d4.(5D).4s"	"a 4D"	"7/2"	"3d3.4s.(5F).5p"	"o 4D*"	"5/2"		""	"L14162"	
"269.472"	"0.002"	"269.470838"	"0.000017"	"35000"	""		"8578.542"	"45688.309"	"3d4.(5D).4s"	"a 4D"	"5/2"	"3d3.(2F).4s.4p.(3P*)"	"p 4F*"	"5/2"		""	"L14162"	
"269.6034"	"0.0002"	"269.60332"	"0.00004"	"18000"	""		"552.955"	"37644.487"	"3d3.4s2"	"a 4F"	"9/2"	"3d4.(3F2).4p"	"v 4G*"	"9/2"		""	"L15916"	
"269.718"	"0.002"	"269.71752"	"0.00004"	"5900"	""		"8578.542"	"45654.368"	"3d4.(5D).4s"	"a 4D"	"5/2"	"45654o"	"2D*"	"5/2"		""	"L14162"	
"269.75637"	"0.00015"	"269.75642"	"0.00005"	"89000"	""		"9637.039"	"46707.519"	"3d3.4s2"	"a 4P"	"3/2"	"3d3.(2F).4s.4p.(3P*)"	"4D*"	"3/2"		""	"L15916"	
"269.77921"	"0.00009"	"269.77921"	"0.00005"	"350000"	""		"10892.520"	"47959.868"	"3d3.4s2"	"a 2G"	"7/2"	"3d3.(2F).4s.4p.(3P*)"	"q 2G*"	"7/2"		""	"L15916"	
"269.85417"	"0.00009"	"269.85417"	"0.00008"	"350000"	""		"11100.596"	"48157.648"	"3d3.4s2"	"a 2G"	"9/2"	"3d3.(2F).4s.4p.(3P*)"	"q 2G*"	"9/2"		""	"L15916"	
"269.95323"	"0.00009"	"269.95324"	"0.00007"	"140000"	""		"9824.626"	"46868.079"	"3d3.4s2"	"a 4P"	"5/2"	"3d4.(3D).4p"	"t 4P*"	"5/2"		""	"L15916"	
"269.99174"	"0.00015"	"269.99181"	"0.00007"	"92000"	""		"9824.626"	"46862.786"	"3d3.4s2"	"a 4P"	"5/2"	"3d4.(3D).4p"	"t 4P*"	"3/2"		""	"L15916"	
"270.131"	"0.002"	"270.130657"	"0.000022"	"7900"	""		"323.432"	"37342.555"	"3d3.4s2"	"a 4F"	"7/2"	"3d3.(2D2).4s.4p.(3P*)"	"w 2F*"	"5/2"		""	"L14162"	
"270.2069"	"0.0002"	"270.20685"	"0.00008"	"140000"	""		"9637.039"	"46645.723"	"3d3.4s2"	"a 4P"	"3/2"	"3d3.(2F).4s.4p.(3P*)"	"4D*"	"5/2"		""	"L15916"	
"270.470"	"0.002"	"270.470843"	"0.000022"	"6000"	""		"8715.747"	"45688.309"	"3d4.(5D).4s"	"a 4D"	"7/2"	"3d3.(2F).4s.4p.(3P*)"	"p 4F*"	"5/2"		""	"L14162"	
"270.8395"	"0.0010"	"270.84015"	"0.00003"	"25000"	""		"552.955"	"37475.102&dagger;"	"3d3.4s2"	"a 4F"	"9/2"	"3d3.(2D2).4s.4p.(3P*)"	"w 2F*"	"7/2"		""	"L4235"	
"271.1275"	"0.0015"	"271.12841"	"0.00005"	"34000"	""		"9824.626"	"46707.519"	"3d3.4s2"	"a 4P"	"5/2"	"3d3.(2F).4s.4p.(3P*)"	"4D*"	"3/2"		""	"L3353"	
"271.2678"	"0.0015"	"271.269032"	"0.000017"	"7900"	""		"0.000"	"36863.773"	"3d3.4s2"	"a 4F"	"3/2"	"3d3.(2H).4s.4p.(3P*)"	"w 4G*"	"5/2"		""	"L3353"	
"271.3022"	"0.0003"	"271.30216"	"0.00005"	"13000"	""		"11100.596"	"47959.868"	"3d3.4s2"	"a 2G"	"9/2"	"3d3.(2F).4s.4p.(3P*)"	"q 2G*"	"7/2"		""	"L15916"	
"271.5835"	"0.0002"	"271.58343"	"0.00008"	"65000"	""		"9824.626"	"46645.723"	"3d3.4s2"	"a 4P"	"5/2"	"3d3.(2F).4s.4p.(3P*)"	"4D*"	"5/2"		""	"L15916"	
"271.824"	"0.002"	"271.824002"	"0.000022"	"25000"	""		"137.383"	"36925.893&dagger;"	"3d3.4s2"	"a 4F"	"5/2"	"3d4.(3F2).4p"	"x 2F*"	"7/2"		""	"L14162"	
"272.1944"	"0.0003"	"272.19441"	"0.00008"	"250000"	""		"9824.626"	"46563.073"	"3d3.4s2"	"a 4P"	"5/2"	"3d3.(2F).4s.4p.(3P*)"	"4D*"	"7/2"		""	"L15916"	
"272.33607"	"0.00009"	"272.33606"	"0.00005"	"450000"	"1.41e+08"	B	"10892.520"	"47611.858"	"3d3.4s2"	"a 2G"	"7/2"	"3d3.(2G).4s.4p.(1P*)"	"2H*"	"9/2"		"T9399"	"L15916"	
"272.474"	"0.002"	"272.47386"	"0.00009"	"17000"	""		"0.000"	"36700.768"	"3d3.4s2"	"a 4F"	"3/2"	"3d3.(4P).4s.4p.(3P*)"	"x 2D*"	"5/2"		""	"L14162"	
"272.58734"	"0.00018"	"272.587299"	"0.000022"	"51000"	""		"137.383"	"36822.878"	"3d3.4s2"	"a 4F"	"5/2"	"3d3.(2H).4s.4p.(3P*)"	"w 4G*"	"7/2"		""	"L15916"	
"272.793"	"0.002"	"272.79277"	"0.00003"	"8300"	""		"552.955"	"37210.818"	"3d3.4s2"	"a 4F"	"9/2"	"3d3.(2H).4s.4p.(3P*)"	"y 2H*"	"11/2"		""	"L14162"	
"272.825"	"0.002"	"272.82541"	"0.00014"	"6500"	""		"8413.009"	"45066.487"	"3d4.(5D).4s"	"a 4D"	"1/2"	"3d3.4s.(5F).5p"	"q 4F*"	"3/2"		""	"L14162"	
"272.993"	"0.002"	"272.99297"	"0.00006"	"13000"	""		"8476.234"	"45107.214"	"3d4.(5D).4s"	"a 4D"	"3/2"	"3d3.(4F).4s.5p"	"q 4F*"	"5/2"		""	"L14162"	
"273.062"	"0.002"	"273.061878"	"0.000018"	"17000"	""		"552.955"	"37174.691"	"3d3.4s2"	"a 4F"	"9/2"	"3d4.(3H).4p"	"v 2G*"	"7/2"		""	"L14162"	
"273.21501"	"0.00009"	"273.21500"	"0.00005"	"540000"	"1.44e+08"	B+	"11100.596"	"47701.807"	"3d3.4s2"	"a 2G"	"9/2"	"3d3.(2G).4s.4p.(1P*)"	"2H*"	"11/2"		"T9399"	"L15916"	
"273.41431"	"0.00018"	"273.414321"	"0.000014"	"140000"	""		"323.432"	"36897.961"	"3d3.4s2"	"a 4F"	"7/2"	"3d3.(2H).4s.4p.(3P*)"	"w 4G*"	"9/2"		""	"L15916"	
"273.8118"	"0.0003"	"273.811901"	"0.000015"	"26000"	""		"8715.747"	"45237.169"	"3d4.(5D).4s"	"a 4D"	"7/2"	"3d3.(4F).4s.5p"	"q 4F*"	"9/2"		""	"L15916"	
"273.8883"	"0.0005"	"273.88810"	"0.00005"	"20000bl"	""		"11100.596"	"47611.858"	"3d3.4s2"	"a 2G"	"9/2"	"3d3.(2G).4s.4p.(1P*)"	"2H*"	"9/2"		""	"L4235"	
"274.8349"	"0.0002"	"274.83485"	"0.00004"	"220000"	""		"552.955"	"36938.443"	"3d3.4s2"	"a 4F"	"9/2"	"3d3.(2H).4s.4p.(3P*)"	"w 4G*"	"11/2"		""	"L15916"	
"275.862"	"0.002"	"275.85693"	"0.00007"	"43000bl"	""		"10892.520"	"47143.195&dagger;"	"3d3.4s2"	"a 2G"	"7/2"	"3d3.(2F).4s.4p.(3P*)"	"s 2F*"	"7/2"		""	"L4235"	
"276.692"	"0.003"	"276.689481"	"0.000016"	"7100*"	""		"8413.009"	"44554.607"	"3d4.(5D).4s"	"a 4D"	"1/2"	"3d4.(3D).4p"	"p 4D*"	"3/2"		""	"L14162"	
"276.692"	"0.003"	"276.696264"	"0.000017"	"7100*"	""		"8476.234"	"44616.946"	"3d4.(5D).4s"	"a 4D"	"3/2"	"3d4.(3D).4p"	"p 4D*"	"5/2"		""	"L14162"	
"276.9752"	"0.0003"	"276.97510"	"0.00014"	"170000bl"	""		"10892.520"	"46996.848&dagger;"	"3d3.4s2"	"a 2G"	"7/2"	"3d3.(2F).4s.4p.(3P*)"	"s 2F*"	"5/2"		""	"L15916"	
"276.9964"	"0.0003"	"276.99642"	"0.00003"	"23000"	""		"8413.009"	"44514.558"	"3d4.(5D).4s"	"a 4D"	"1/2"	"3d4.(3D).4p"	"p 4D*"	"1/2"		""	"L15916"	
"277.176"	"0.004"	"277.174361"	"0.000015"	"14000D"	""		"8476.234"	"44554.607"	"3d4.(5D).4s"	"a 4D"	"3/2"	"3d4.(3D).4p"	"p 4D*"	"3/2"		""	"L14162"	
"277.44947"	"0.00012"	"277.44947"	"0.00007"	"140000"	""		"11100.596"	"47143.195&dagger;"	"3d3.4s2"	"a 2G"	"9/2"	"3d3.(2F).4s.4p.(3P*)"	"s 2F*"	"7/2"		""	"L15916"	
"277.4819"	"0.0002"	"277.481766"	"0.000017"	"56000"	""		"8578.542"	"44616.946"	"3d4.(5D).4s"	"a 4D"	"5/2"	"3d4.(3D).4p"	"p 4D*"	"5/2"		""	"L15916"	
"277.6735"	"0.0010"	"277.67399"	"0.00007"	"21000bl"	""		"9824.626"	"45838.082"	"3d3.4s2"	"a 4P"	"5/2"	"3d3.4s.(5F).5p"	"o 4D*"	"5/2"		""	"L4235"	
"277.7283"	"0.0002"	"277.72833"	"0.00018"	"48000"	""		"14548.816"	"50555.225"	"3d3.4s2"	"2D2"	"5/2"	"50555o"	"r 2F*"	"7/2"		""	"L15916"	
"277.8903"	"0.0004"	"277.89059"	"0.00005"	"70000bl(V II)"	""		"8715.747"	"44701.133"	"3d4.(5D).4s"	"a 4D"	"7/2"	"3d4.(3D).4p"	"p 4D*"	"7/2"		""	"L15916"	
"278.46001"	"0.00018"	"278.46001"	"0.00009"	"150000"	""		"13810.910"	"49722.709"	"3d3.4s2"	"a 2P"	"1/2"	"3d3.(2P).4s.4p.(1P*)"	"t 2D*"	"3/2"		""	"L15916"	
"278.63597"	"0.00015"	"278.63596"	"0.00008"	"71000"	""		"14514.756"	"50403.878"	"3d3.4s2"	"2D2"	"3/2"	"50403o"	"r 2F*"	"5/2"		""	"L15916"	
"278.65027"	"0.00012"	"278.65026"	"0.00010"	"150000"	""		"13801.551"	"49688.831"	"3d3.4s2"	"a 2P"	"3/2"	"3d3.(2P).4s.4p.(1P*)"	"t 2D*"	"5/2"		""	"L15916"	
"278.9007"	"0.0002"	"278.90065"	"0.00009"	"42000"	""		"14548.816"	"50403.878"	"3d3.4s2"	"2D2"	"5/2"	"50403o"	"r 2F*"	"5/2"		""	"L15916"	
"279.935"	"0.002"	"279.93340"	"0.00003"	"19000"	""		"2112.282"	"37835.065"	"3d4.(5D).4s"	"a 6D"	"1/2"	"3d4.(3P2).4p"	"t 4D*"	"3/2"		""	"L14162"	
"283.6464"	"0.0005"	"283.648144"	"0.000020"	"21000"	""		"2220.156"	"37475.102&dagger;"	"3d4.(5D).4s"	"a 6D"	"5/2"	"3d3.(2D2).4s.4p.(3P*)"	"w 2F*"	"7/2"		""	"L4235"	
"283.7531"	"0.0004"	"283.75295"	"0.00005"	"39000"	""		"137.383"	"35379.307"	"3d3.4s2"	"a 4F"	"5/2"	"3d3.(2D2).4s.4p.(3P*)"	"u 4D*"	"7/2"		""	"L15916"	
"283.8886"	"0.0005"	"283.88936"	"0.00007"	"130000"	"4.2e+05"	C	"0.000"	"35224.990"	"3d3.4s2"	"a 4F"	"3/2"	"3d3.(2D2).4s.4p.(3P*)"	"u 4D*"	"5/2"		"T9399"	"L4235"	
"284.0268"	"0.0002"	"284.02674"	"0.00009"	"40000"	""		"14514.756"	"49722.709"	"3d3.4s2"	"2D2"	"3/2"	"3d3.(2P).4s.4p.(1P*)"	"t 2D*"	"3/2"		""	"L15916"	
"284.5758"	"0.0003"	"284.57586"	"0.00012"	"84000"	""		"14548.816"	"49688.831"	"3d3.4s2"	"2D2"	"5/2"	"3d3.(2P).4s.4p.(1P*)"	"t 2D*"	"5/2"		""	"L15916"	
"284.74044"	"0.00012"	"284.74043"	"0.00007"	"330000"	""		"15103.784"	"50223.489"	"3d3.4s2"	"a 2H"	"9/2"	"50223o"	"2G*"	"7/2"		""	"L15916"	
"284.96103"	"0.00012"	"284.96103"	"0.00005"	"310000"	"1.01e+07"	B+	"0.000"	"35092.518"	"3d3.4s2"	"a 4F"	"3/2"	"3d3.(2D2).4s.4p.(3P*)"	"u 4D*"	"3/2"		"T9399"	"L15916"	
"285.00090"	"0.00012"	"285.00091"	"0.00006"	"310000"	"7.8e+06"	B+	"137.383"	"35224.990"	"3d3.4s2"	"a 4F"	"5/2"	"3d3.(2D2).4s.4p.(3P*)"	"u 4D*"	"5/2"		"T9399"	"L15916"	
"285.25888"	"0.00015"	"285.25889"	"0.00005"	"450000"	"4.16e+06"	B+	"323.432"	"35379.307"	"3d3.4s2"	"a 4F"	"7/2"	"3d3.(2D2).4s.4p.(3P*)"	"u 4D*"	"7/2"		"T9399"	"L15916"	
"285.4393"	"0.0003"	"285.43924"	"0.00010"	"19000"	""		"13810.910"	"48844.636"	"3d3.4s2"	"a 2P"	"1/2"	"3d3.(2P).4s.4p.(1P*)"	"v 2S*"	"1/2"		""	"L15916"	
"285.4650"	"0.0003"	"285.46509"	"0.00003"	"30000"	""		"8413.009"	"43443.562"	"3d4.(5D).4s"	"a 4D"	"1/2"	"3d4.(5D).5p"	"u 4P*"	"1/2"		""	"L15916"	
"285.4858"	"0.0002"	"285.485750"	"0.000013"	"34000"	""		"8476.234"	"43504.252&dagger;"	"3d4.(5D).4s"	"a 4D"	"3/2"	"3d4.(5D).5p"	"u 4P*"	"3/2"		""	"L15916"	
"285.60609"	"0.00012"	"285.60609"	"0.00006"	"900000"	"5.0e+07"	B+	"0.000"	"35013.259&dagger;"	"3d3.4s2"	"a 4F"	"3/2"	"3d3.(2D2).4s.4p.(3P*)"	"u 4D*"	"1/2"		"T9399"	"L15916"	
"285.63285"	"0.00018"	"285.632905"	"0.000019"	"90000"	""		"9544.635"	"44554.607"	"3d3.4s2"	"a 4P"	"1/2"	"3d4.(3D).4p"	"p 4D*"	"3/2"		""	"L15916"	
"285.6552"	"0.0003"	"285.655163"	"0.000012"	"29000"	""		"8578.542"	"43585.786"	"3d4.(5D).4s"	"a 4D"	"5/2"	"3d4.(5D).5p"	"u 4P*"	"5/2"		""	"L15916"	
"285.87840"	"0.00012"	"285.878404"	"0.000018"	"200000"	""		"9637.039"	"44616.946"	"3d3.4s2"	"a 4P"	"3/2"	"3d4.(3D).4p"	"p 4D*"	"5/2"		""	"L15916"	
"285.95996"	"0.00015"	"285.96002"	"0.00003"	"90000"	""		"9544.635"	"44514.558"	"3d3.4s2"	"a 4P"	"1/2"	"3d4.(3D).4p"	"p 4D*"	"1/2"		""	"L15916"	
"285.9812"	"0.0004"	"285.98125"	"0.00003"	"28000"	""		"8476.234"	"43443.562"	"3d4.(5D).4s"	"a 4D"	"3/2"	"3d4.(5D).5p"	"u 4P*"	"1/2"		""	"L15916"	
"286.08101"	"0.00009"	"286.08100"	"0.00005"	"810000"	"3.59e+07"	B+	"137.383"	"35092.518"	"3d3.4s2"	"a 4F"	"5/2"	"3d3.(2D2).4s.4p.(3P*)"	"u 4D*"	"3/2"		"T9399"	"L15916"	
"286.2481"	"0.0005"	"286.247942"	"0.000013"	"2900"	""		"8476.234"	"43410.983"	"3d4.(5D).4s"	"a 4D"	"3/2"	"3d4.(5D).5p"	"q 4D*"	"5/2"		""	"L4235"	
"286.32201"	"0.00015"	"286.322025"	"0.000013"	"74000"	""		"8578.542"	"43504.252&dagger;"	"3d4.(5D).4s"	"a 4D"	"5/2"	"3d4.(5D).5p"	"u 4P*"	"3/2"		""	"L15916"	
"286.38878"	"0.00015"	"286.388789"	"0.000016"	"120000"	""		"9637.039"	"44554.607"	"3d3.4s2"	"a 4P"	"3/2"	"3d4.(3D).4p"	"p 4D*"	"3/2"		""	"L15916"	
"286.52013"	"0.00009"	"286.52016"	"0.00006"	"1100000bl(V II)"	"3.04e+07"	B+	"323.432"	"35224.990"	"3d3.4s2"	"a 4F"	"7/2"	"3d3.(2D2).4s.4p.(3P*)"	"u 4D*"	"5/2"		"T9399"	"L15916"	
"286.7178"	"0.0003"	"286.71764"	"0.00003"	"11000"	""		"9637.039"	"44514.558"	"3d3.4s2"	"a 4P"	"3/2"	"3d4.(3D).4p"	"p 4D*"	"1/2"		""	"L15916"	
"286.72596"	"0.00012"	"286.72596"	"0.00007"	"250000"	""		"9824.626"	"44701.133"	"3d3.4s2"	"a 4P"	"5/2"	"3d4.(3D).4p"	"p 4D*"	"7/2"		""	"L15916"	
"286.74333"	"0.00012"	"286.74333"	"0.00009"	"470000"	"4.2e+08"	C	"15103.784"	"49978.178"	"3d3.4s2"	"a 2H"	"9/2"	"3d3.(2H).4s.4p.(1P*)"	"x 2I*"	"11/2"		"u38"	"L15916"	
"286.77913"	"0.00015"	"286.779146"	"0.000019"	"120000"	""		"8715.747"	"43585.786"	"3d4.(5D).4s"	"a 4D"	"7/2"	"3d4.(5D).5p"	"u 4P*"	"5/2"		""	"L15916"	
"286.89423"	"0.00012"	"286.89422"	"0.00009"	"580000"	"4.4e+08"	C	"15264.832"	"50120.884&dagger;"	"3d3.4s2"	"a 2H"	"11/2"	"3d3.(2H).4s.4p.(1P*)"	"x 2I*"	"13/2"		"u38"	"L15916"	
"287.0297"	"0.0003"	"287.029834"	"0.000020"	"45000"	""		"8715.747"	"43555.331"	"3d4.(5D).4s"	"a 4D"	"7/2"	"3d4.(5D).5p"	"q 4D*"	"7/2"		""	"L15916"	
"287.0851"	"0.0003"	"287.085348"	"0.000014"	"18000"	""		"8476.234"	"43309.081"	"3d4.(5D).4s"	"a 4D"	"3/2"	"3d4.(5D).5p"	"q 4D*"	"3/2"		""	"L15916"	
"287.0886"	"0.0003"	"287.088694"	"0.000013"	"41000"	""		"8578.542"	"43410.983"	"3d4.(5D).4s"	"a 4D"	"5/2"	"3d4.(5D).5p"	"q 4D*"	"5/2"		""	"L15916"	
"287.13889"	"0.00012"	"287.13889"	"0.00005"	"930000"	"2.79e+07"	B+	"552.955"	"35379.307"	"3d3.4s2"	"a 4F"	"9/2"	"3d3.(2D2).4s.4p.(3P*)"	"u 4D*"	"7/2"		"T9399"	"L15916"	
"287.41976"	"0.00018"	"287.419752"	"0.000020"	"96000"	""		"9824.626"	"44616.946"	"3d3.4s2"	"a 4P"	"5/2"	"3d4.(3D).4p"	"p 4D*"	"5/2"		""	"L15916"	
"288.8537"	"0.0002"	"288.853730"	"0.000017"	"21000"	"2.6e+05"	C	"0.000"	"34619.598"	"3d3.4s2"	"a 4F"	"3/2"	"3d3.(4F).4s.4p.(1P*)"	"v 4D*"	"5/2"		"T9399"	"L15916"	
"288.9359"	"0.0002"	"288.935963"	"0.000019"	"18000"	"1.8e+05"	C	"137.383"	"34747.128"	"3d3.4s2"	"a 4F"	"5/2"	"3d3.(4F).4s.4p.(1P*)"	"v 4D*"	"7/2"		"T9399"	"L15916"	
"289.2232"	"0.0003"	"289.223450"	"0.000015"	"15000"	""		"8476.234"	"43051.577"	"3d4.(5D).4s"	"a 4D"	"3/2"	"3d4.(5D).5p"	"s 4F*"	"5/2"		""	"L15916"	
"289.2785"	"0.0003"	"289.278494"	"0.000017"	"28000"	""		"8578.542"	"43147.306"	"3d4.(5D).4s"	"a 4D"	"5/2"	"3d4.(5D).5p"	"s 4F*"	"7/2"		""	"L15916"	
"289.4302"	"0.0005"	"289.43067"	"0.00003"	"590"	""		"8715.747"	"43266.336"	"3d4.(5D).4s"	"a 4D"	"7/2"	"3d4.(5D).5p"	"s 4F*"	"9/2"		""	"L4235"	
"289.54207"	"0.00012"	"289.542040"	"0.000016"	"270000"	"4.3e+06"	B+	"0.000"	"34537.299"	"3d3.4s2"	"a 4F"	"3/2"	"3d3.(4F).4s.4p.(1P*)"	"v 4D*"	"3/2"		"T9399"	"L15916"	
"289.6011"	"0.0005"	"289.60320"	"0.00017"	"9100"	""		"14909.958"	"49439.963&dagger;"	"3d4.(3H).4s"	"a 4H"	"7/2"	"3d2.(3F).4s2.4p"	"n 4D*"	"5/2"		""	"L4235"	
"289.9662"	"0.0003"	"289.96613"	"0.00005"	"51000"	"3.8e+05"	C+	"0.000"	"34486.787"	"3d3.4s2"	"a 4F"	"3/2"	"3d3.(2D2).4s.4p.(3P*)"	"4F*"	"5/2"		"T9399"	"L15916"	
"290.0044"	"0.0002"	"290.00457"	"0.00003"	"410000"	"7.2e+06"	B	"137.383"	"34619.598"	"3d3.4s2"	"a 4F"	"5/2"	"3d3.(4F).4s.4p.(1P*)"	"v 4D*"	"5/2"		"T9399"	"L4235"	
"290.04484"	"0.00012"	"290.04485"	"0.00004"	"500000"	"3.40e+07"	B+	"0.000"	"34477.427&dagger;"	"3d3.4s2"	"a 4F"	"3/2"	"3d3.(4F).4s.4p.(1P*)"	"v 4D*"	"1/2"		"T9399"	"L15916"	
"290.45473"	"0.00012"	"290.45473"	"0.00003"	"280000"	"6.9e+06"	C+	"0.000"	"34428.773"	"3d3.4s2"	"a 4F"	"3/2"	"3d3.(2D2).4s.4p.(3P*)"	"4F*"	"3/2"		"T9399"	"L15916"	
"290.49757"	"0.00012"	"290.497569"	"0.000016"	"390000"	"7.0e+06"	B	"323.432"	"34747.128"	"3d3.4s2"	"a 4F"	"7/2"	"3d3.(4F).4s.4p.(1P*)"	"v 4D*"	"7/2"		"T9399"	"L15916"	
"290.69838"	"0.00009"	"290.698384"	"0.000014"	"690000"	"3.10e+07"	B+	"137.383"	"34537.299"	"3d3.4s2"	"a 4F"	"5/2"	"3d3.(4F).4s.4p.(1P*)"	"v 4D*"	"3/2"		"T9399"	"L15916"	
"291.129"	"0.002"	"291.12587"	"0.00005"	"65000bl(V II)?"	"4.3e+06"	B+	"137.383"	"34486.787"	"3d3.4s2"	"a 4F"	"5/2"	"3d3.(2D2).4s.4p.(3P*)"	"4F*"	"5/2"		"T9399"	"L14162"	
"291.5149"	"0.0005"	"291.5153"	"0.0003"	"14000i"	""		"16572.638"	"50876.15"	"3d3.(4F).4s.4p.(3P*)"	"z 6G*"	"7/2"	"3d3.4p2?"	"h 6G?"	"9/2"		""	"L4235"	
"291.57778"	"0.00009"	"291.577782"	"0.000020"	"1700000"	"4.9e+07"	B+	"323.432"	"34619.598"	"3d3.4s2"	"a 4F"	"7/2"	"3d3.(4F).4s.4p.(1P*)"	"v 4D*"	"5/2"		"T9399"	"L15916"	
"291.61843"	"0.00012"	"291.618392"	"0.000020"	"280000bl(V II)"	"1.00e+07"	C+	"137.383"	"34428.773"	"3d3.4s2"	"a 4F"	"5/2"	"3d3.(2D2).4s.4p.(3P*)"	"4F*"	"3/2"		"T9399"	"L15916"	
"291.68710"	"0.00012"	"291.687104"	"0.000020"	"150000"	""		"10892.520"	"45175.832"	"3d3.4s2"	"a 2G"	"7/2"	"45175o"	"r 2G*"	"7/2"		""	"L15916"	
"291.84082"	"0.00010"	"291.840885"	"0.000020"	"33000"	""		"10892.520"	"45157.767"	"3d3.4s2"	"a 2G"	"7/2"	"3d3.(4F).4s.5p"	"q 4F*"	"7/2"		""	"L4235"	
"291.87878"	"0.00012"	"291.87877"	"0.00006"	"190000"	""		"11100.596"	"45361.396"	"3d3.4s2"	"a 2G"	"9/2"	"45361o"	"r 2G*"	"9/2"		""	"L15916"	
"292.07747"	"0.00015"	"292.07749"	"0.00005"	"160000"	"1.08e+06"	B	"137.383"	"34374.872"	"3d3.4s2"	"a 4F"	"5/2"	"3d3.(2D2).4s.4p.(3P*)"	"4F*"	"7/2"		"T9399"	"L15916"	
"292.2013"	"0.0010"	"292.1999"	"0.0003"	"24000"	""		"16361.489"	"50584.64"	"3d3.(4F).4s.4p.(3P*)"	"z 6G*"	"3/2"	"3d3.4p2?"	"h 6G?"	"3/2"		""	"L4235"	
"292.3430"	"0.0003"	"292.34305"	"0.00003"	"150000"	""		"323.432"	"34529.821"	"3d3.4s2"	"a 4F"	"7/2"	"3d3.(2D2).4s.4p.(3P*)"	"4F*"	"9/2"		""	"L15916"	
"292.44749"	"0.00009"	"292.447488"	"0.000019"	"3200000"	"8.2e+07"	B+	"552.955"	"34747.128"	"3d3.4s2"	"a 4F"	"9/2"	"3d3.(4F).4s.4p.(1P*)"	"v 4D*"	"7/2"		"T9399"	"L15916"	
"292.67252"	"0.00015"	"292.67252"	"0.00003"	"120000"	""		"0.000"	"34167.882"	"3d3.4s2"	"a 4F"	"3/2"	"3d3.(2P).4s.4p.(3P*)"	"2D*"	"5/2"		""	"L15916"	
"292.71132"	"0.00012"	"292.71130"	"0.00005"	"270000"	"6.8e+06"	B+	"323.432"	"34486.787"	"3d3.4s2"	"a 4F"	"7/2"	"3d3.(2D2).4s.4p.(3P*)"	"4F*"	"5/2"		"T9399"	"L15916"	
"292.9573"	"0.0010"	"292.9565"	"0.0003"	"30000"	""		"16449.875"	"50584.64"	"3d3.(4F).4s.4p.(3P*)"	"z 6G*"	"5/2"	"3d3.4p2?"	"h 6G?"	"3/2"		""	"L4235"	
"293.55015"	"0.00018"	"293.550137"	"0.000020"	"41000"	"5.3e+05"	C+	"0.000"	"34065.731"	"3d3.4s2"	"a 4F"	"3/2"	"3d3.(4P).4s.4p.(3P*)"	"w 4D*"	"5/2"		"T9399"	"L15916"	
"293.67334"	"0.00012"	"293.67334"	"0.00004"	"510000"	"8.3e+06"	B+	"323.432"	"34374.872"	"3d3.4s2"	"a 4F"	"7/2"	"3d3.(2D2).4s.4p.(3P*)"	"4F*"	"7/2"		"T9399"	"L15916"	
"293.85404"	"0.00012"	"293.85405"	"0.00004"	"420000"	""		"137.383"	"34167.882"	"3d3.4s2"	"a 4F"	"5/2"	"3d3.(2P).4s.4p.(3P*)"	"2D*"	"5/2"		""	"L15916"	
"293.85787"	"0.00018"	"293.85782"	"0.00006"	"100000"	""		"0.000"	"34030.063&dagger;"	"3d3.4s2"	"a 4F"	"3/2"	"3d3.(2P).4s.4p.(3P*)"	"2D*"	"3/2"		""	"L15916"	
"294.0137"	"0.0010"	"294.01554"	"0.00011"	"2900bl"	""		"15572.035"	"49583.843"	"3d4.(3P2).4s"	"b 4P"	"5/2"	"3d2.(3F).4s2.4p"	"n 4D*"	"7/2"		""	"L4235"	
"294.197"	"0.004"	"294.19390"	"0.00015"	"10000bl*"	""		"13810.910"	"47802.098"	"3d3.4s2"	"a 2P"	"1/2"	"3d2.(3F).4s2.4p"	"o 4F*"	"3/2"		""	"L3353"	
"294.197"	"0.004"	"294.19943"	"0.00005"	"10000bl*"	""		"137.383"	"34127.931"	"3d3.4s2"	"a 4F"	"5/2"	"3d3.(4P).4s.4p.(3P*)"	"w 4D*"	"7/2"		""	"L3353"	
"294.31788"	"0.00012"	"294.31790"	"0.00003"	"650000"	""		"552.955"	"34529.821"	"3d3.4s2"	"a 4F"	"9/2"	"3d3.(2D2).4s.4p.(3P*)"	"4F*"	"9/2"		""	"L15916"	
"294.32475"	"0.00012"	"294.324808"	"0.000015"	"410000bl(V II)"	"1.41e+07"	B+	"0.000"	"33976.069&dagger;"	"3d3.4s2"	"a 4F"	"3/2"	"3d3.(4P).4s.4p.(3P*)"	"w 4D*"	"3/2"		"T9399"	"L15916"	
"294.40484"	"0.00012"	"294.404830"	"0.000020"	"1100000"	"7.0e+07"	C+	"0.000"	"33966.834"	"3d3.4s2"	"a 4F"	"3/2"	"3d3.(4P).4s.4p.(3P*)"	"w 4D*"	"1/2"		"T4811"	"L15916"	
"294.46737"	"0.00015"	"294.467396"	"0.000019"	"58000"	""		"9544.635"	"43504.252&dagger;"	"3d3.4s2"	"a 4P"	"1/2"	"3d4.(5D).5p"	"u 4P*"	"3/2"		""	"L15916"	
"294.56171"	"0.00018"	"294.561681"	"0.000014"	"60000"	""		"9637.039"	"43585.786"	"3d3.4s2"	"a 4P"	"3/2"	"3d4.(5D).5p"	"u 4P*"	"5/2"		""	"L15916"	
"294.73878"	"0.00012"	"294.738783"	"0.000014"	"510000"	"8.8e+06"	B+	"137.383"	"34065.731"	"3d3.4s2"	"a 4F"	"5/2"	"3d3.(4P).4s.4p.(3P*)"	"w 4D*"	"5/2"		"T9399"	"L15916"	
"294.9945"	"0.0003"	"294.99459"	"0.00004"	"20000"	""		"9544.635"	"43443.562"	"3d3.4s2"	"a 4P"	"1/2"	"3d4.(5D).5p"	"u 4P*"	"1/2"		""	"L15916"	
"295.04895"	"0.00012"	"295.04896"	"0.00005"	"1100000"	"3.7e+07"	C+	"137.383"	"34030.063&dagger;"	"3d3.4s2"	"a 4F"	"5/2"	"3d3.(2P).4s.4p.(3P*)"	"2D*"	"3/2"		"T4811"	"L15916"	
"295.2710"	"0.0002"	"295.270827"	"0.000015"	"21000"	""		"9637.039"	"43504.252&dagger;"	"3d3.4s2"	"a 4P"	"3/2"	"3d4.(5D).5p"	"u 4P*"	"3/2"		""	"L15916"	
""	""	"295.46942"	"0.00003"	"m(Fe)"	""		"323.432"	"34167.882"	"3d3.4s2"	"a 4F"	"7/2"	"3d3.(2P).4s.4p.(3P*)"	"2D*"	"5/2"		""	"L14162"	
""	""	"295.48878"	"0.00006"	"m(Fe)"	""		"8476.234"	"42318.466"	"3d4.(5D).4s"	"a 4D"	"3/2"	"3d4.(3D).4p"	"v 2P*"	"3/2"		""	"L14162"	
"295.51976"	"0.00012"	"295.519749"	"0.000017"	"560000"	"1.64e+07"	B+	"137.383"	"33976.069&dagger;"	"3d3.4s2"	"a 4F"	"5/2"	"3d3.(4P).4s.4p.(3P*)"	"w 4D*"	"3/2"		"T9399"	"L15916"	
"295.66627"	"0.00012"	"295.66627"	"0.00005"	"410000"	"5.5e+06"	B+	"552.955"	"34374.872"	"3d3.4s2"	"a 4F"	"9/2"	"3d3.(2D2).4s.4p.(3P*)"	"4F*"	"7/2"		"T9399"	"L15916"	
"295.7438"	"0.0005"	"295.74377"	"0.00011"	"2500"	""		"15770.789"	"49583.843"	"3d4.(3F2).4s"	"b 4F"	"9/2"	"3d2.(3F).4s2.4p"	"n 4D*"	"7/2"		""	"L4235"	
"295.8008"	"0.0002"	"295.80090"	"0.00004"	"73000"	""		"9637.039"	"43443.562"	"3d3.4s2"	"a 4P"	"3/2"	"3d4.(5D).5p"	"u 4P*"	"1/2"		""	"L15916"	
"295.81864"	"0.00015"	"295.81861"	"0.00006"	"390000"	"2.07e+06"	B	"323.432"	"34127.931"	"3d3.4s2"	"a 4F"	"7/2"	"3d3.(4P).4s.4p.(3P*)"	"w 4D*"	"7/2"		"T9399"	"L15916"	
"296.0862"	"0.0003"	"296.086237"	"0.000017"	"12000"	""		"9637.039"	"43410.983"	"3d3.4s2"	"a 4P"	"3/2"	"3d4.(5D).5p"	"q 4D*"	"5/2"		""	"L15916"	
"296.171"	"0.003"	"296.169527"	"0.000020"	"2700?*"	""		"9544.635"	"43309.081"	"3d3.4s2"	"a 4P"	"1/2"	"3d4.(5D).5p"	"q 4D*"	"3/2"		""	"L14162"	
"296.171"	"0.003"	"296.171202"	"0.000015"	"2700?*"	""		"8715.747"	"42480.002"	"3d4.(5D).4s"	"a 4D"	"7/2"	"3d4.(5D).5p"	"6D*"	"5/2"		""	"L14162"	
"296.19836"	"0.00012"	"296.198353"	"0.000016"	"140000"	""		"9824.626"	"43585.786"	"3d3.4s2"	"a 4P"	"5/2"	"3d4.(5D).5p"	"u 4P*"	"5/2"		""	"L15916"	
"296.294"	"0.002"	"296.29154"	"0.00010"	"7900"	""		"19023.531"	"52774.073"	"3d4.(3H).4s"	"b 2H"	"9/2"	"52774o"	"p 2G*"	"7/2"		""	"L14162"	
"296.36392"	"0.00012"	"296.363920"	"0.000016"	"1900000"	"3.75e+07"	B+	"323.432"	"34065.731"	"3d3.4s2"	"a 4F"	"7/2"	"3d3.(4P).4s.4p.(3P*)"	"w 4D*"	"5/2"		"T9399"	"L15916"	
"296.4659"	"0.0004"	"296.465787"	"0.000017"	"28000"	""		"9824.626"	"43555.331"	"3d3.4s2"	"a 4P"	"5/2"	"3d4.(5D).5p"	"q 4D*"	"7/2"		""	"L4235"	
"296.695"	"0.002"	"296.69284"	"0.00003"	"4400"	""		"9544.635"	"43249.527"	"3d3.4s2"	"a 4P"	"1/2"	"3d4.(5D).5p"	"q 4D*"	"1/2"		""	"L14162"	
"296.91539"	"0.00018"	"296.915411"	"0.000016"	"81000"	""		"9824.626"	"43504.252&dagger;"	"3d3.4s2"	"a 4P"	"5/2"	"3d4.(5D).5p"	"u 4P*"	"3/2"		""	"L15916"	
"296.9821"	"0.0002"	"296.982286"	"0.000018"	"23000"	""		"9637.039"	"43309.081"	"3d3.4s2"	"a 4P"	"3/2"	"3d4.(5D).5p"	"q 4D*"	"3/2"		""	"L15916"	
"297.0278"	"0.0002"	"297.027230"	"0.000012"	"76000bl,r"	""		"8578.542"	"42245.489&dagger;"	"3d4.(5D).4s"	"a 4D"	"5/2"	"3d3.(4P).4s.4p.(1P*)"	"r 4D*"	"7/2"		""	"L4235"	
"297.069"	"0.003"	"297.072399"	"0.000015"	"8200"	""		"8476.234"	"42138.062"	"3d4.(5D).4s"	"a 4D"	"3/2"	"3d3.(4P).4s.4p.(1P*)"	"r 4D*"	"5/2"		""	"L4235"	
"297.50917"	"0.00018"	"297.50923"	"0.00007"	"140000"	""		"13801.551"	"47413.954&dagger;"	"3d3.4s2"	"a 2P"	"3/2"	"3d3.(2P).4s.4p.(1P*)"	"2P*"	"3/2"		""	"L15916"	
"297.5921"	"0.0002"	"297.59209"	"0.00007"	"88000*"	""		"13810.910"	"47413.954&dagger;"	"3d3.4s2"	"a 2P"	"1/2"	"3d3.(2P).4s.4p.(1P*)"	"2P*"	"3/2"		""	"L15916"	
"297.5921"	"0.0002"	"297.59215"	"0.00005"	"88000*"	""		"10892.520"	"44495.557"	"3d3.4s2"	"a 2G"	"7/2"	"3d4.(1G2).4p"	"s 2G*"	"7/2"		""	"L15916"	
"297.7382"	"0.0014"	"297.739942"	"0.000017"	"71000bl*"	""		"9824.626"	"43410.983"	"3d3.4s2"	"a 4P"	"5/2"	"3d4.(5D).5p"	"q 4D*"	"5/2"		""	"L4235"	
"297.7382"	"0.0014"	"297.740873"	"0.000020"	"71000bl*"	""		"8413.009"	"41999.261"	"3d4.(5D).4s"	"a 4D"	"1/2"	"3d3.(4P).4s.4p.(1P*)"	"r 4D*"	"3/2"		""	"L4235"	
"297.84088"	"0.00012"	"297.84087"	"0.00005"	"1100000"	"2.48e+07"	B+	"552.955"	"34127.931"	"3d3.4s2"	"a 4F"	"9/2"	"3d3.(4P).4s.4p.(3P*)"	"w 4D*"	"7/2"		"T9399"	"L15916"	
"297.9780"	"0.0003"	"297.978040"	"0.000016"	"24000"	"3.5e+06"	C	"8578.542"	"42138.062"	"3d4.(5D).4s"	"a 4D"	"5/2"	"3d3.(4P).4s.4p.(1P*)"	"r 4D*"	"5/2"		"T9399"	"L15916"	
"298.2432"	"0.0002"	"298.242677"	"0.000020"	"9400"	""		"8715.747"	"42245.489&dagger;"	"3d4.(5D).4s"	"a 4D"	"7/2"	"3d3.(4P).4s.4p.(1P*)"	"r 4D*"	"7/2"		""	"L4235"	
"298.2619"	"0.0004"	"298.26183"	"0.00008"	"20000"	""		"0.000"	"33527.589"	"3d3.4s2"	"a 4F"	"3/2"	"3d3.(2G).4s.4p.(3P*)"	"y 2F*"	"5/2"		""	"L15916"	
"298.3024"	"0.0003"	"298.302418"	"0.000019"	"16000"	""		"8476.234"	"41999.261"	"3d4.(5D).4s"	"a 4D"	"3/2"	"3d3.(4P).4s.4p.(1P*)"	"r 4D*"	"3/2"		""	"L15916"	
"299.1204"	"0.0003"	"299.120257"	"0.000019"	"9500"	""		"8578.542"	"42009.912"	"3d4.(5D).4s"	"a 4D"	"5/2"	"3d3.(4P).4s.4p.(1P*)"	"v 4P*"	"5/2"		""	"L15916"	
"299.1815"	"0.0003"	"299.18173"	"0.00011"	"59000"	""		"9544.635"	"42969.136"	"3d3.4s2"	"a 4P"	"1/2"	"3d3.(4P).4s.4p.(1P*)"	"w 4S*"	"3/2"		""	"L15916"	
"299.2010"	"0.0004"	"299.20130"	"0.00003"	"15000"	""		"8715.747"	"42138.062"	"3d4.(5D).4s"	"a 4D"	"7/2"	"3d3.(4P).4s.4p.(1P*)"	"r 4D*"	"5/2"		""	"L15916"	
"299.488"	"0.002"	"299.48902"	"0.00007"	"16000"	""		"137.383"	"33527.589"	"3d3.4s2"	"a 4F"	"5/2"	"3d3.(2G).4s.4p.(3P*)"	"y 2F*"	"5/2"		""	"L14162"	
"299.537"	"0.002"	"299.52991"	"0.00019"	"9200"	""		"16728.803"	"50114.450"	"3d3.(4F).4s.4p.(3P*)"	"z 6G*"	"9/2"	"3d3.4s.(5F).4d?"	"g 6G?"	"11/2"		""	"L14162"	
"299.6482"	"0.0002"	"299.648147"	"0.000014"	"27000"	""		"8476.234"	"41848.708"	"3d4.(5D).4s"	"a 4D"	"3/2"	"3d3.(4P).4s.4p.(1P*)"	"v 4P*"	"3/2"		""	"L15916"	
"299.73618"	"0.00015"	"299.73621"	"0.00005"	"72000"	""		"11100.596"	"44463.265"	"3d3.4s2"	"a 2G"	"9/2"	"3d4.(1G2).4p"	"s 2G*"	"9/2"		""	"L15916"	
"299.8773"	"0.0003"	"299.87732"	"0.00006"	"30000"	""		"16449.875"	"49796.845"	"3d3.(4F).4s.4p.(3P*)"	"z 6G*"	"5/2"	"3d3.4s.(5F).5d"	"f 6H"	"7/2"		""	"L15916"	
"299.9498"	"0.0003"	"299.94971"	"0.00006"	"28000"	"9.7e+06"	C	"8413.009"	"41751.931"	"3d4.(5D).4s"	"a 4D"	"1/2"	"3d3.(4P).4s.4p.(1P*)"	"v 4P*"	"1/2"		"T9399"	"L15916"	
"300.0111"	"0.0002"	"300.01113"	"0.00011"	"160000"	""		"9637.039"	"42969.136"	"3d3.4s2"	"a 4P"	"3/2"	"3d3.(4P).4s.4p.(1P*)"	"w 4S*"	"3/2"		""	"L15916"	
"300.2758"	"0.0002"	"300.27578"	"0.00004"	"33000"	""		"16572.638"	"49875.357"	"3d3.(4F).4s.4p.(3P*)"	"z 6G*"	"7/2"	"3d3.4s.(5F).5d"	"f 6H"	"9/2"		""	"L15916"	
"300.33157"	"0.00012"	"300.33156"	"0.00009"	"63000"	""		"13801.551"	"47098.085"	"3d3.4s2"	"a 2P"	"3/2"	"3d3.(2P).4s.4p.(1P*)"	"2P*"	"1/2"		""	"L15916"	
"300.35292"	"0.00012"	"300.35293"	"0.00003"	"120000"	"2.4e+07"	C+	"8715.747"	"42009.912"	"3d4.(5D).4s"	"a 4D"	"7/2"	"3d3.(4P).4s.4p.(1P*)"	"v 4P*"	"5/2"		"T9399"	"L15916"	
"300.41597"	"0.00018"	"300.41600"	"0.00009"	"69000"	""		"13810.910"	"47098.085"	"3d3.4s2"	"a 2P"	"1/2"	"3d3.(2P).4s.4p.(1P*)"	"2P*"	"1/2"		""	"L15916"	
"300.5196"	"0.0002"	"300.51963"	"0.00006"	"36000"	"1.43e+07"	C+	"8476.234"	"41751.931"	"3d4.(5D).4s"	"a 4D"	"3/2"	"3d3.(4P).4s.4p.(1P*)"	"v 4P*"	"1/2"		"T9399"	"L15916"	
"300.56961"	"0.00012"	"300.569585"	"0.000015"	"63000"	""		"8578.542"	"41848.708"	"3d4.(5D).4s"	"a 4D"	"5/2"	"3d3.(4P).4s.4p.(1P*)"	"v 4P*"	"3/2"		""	"L15916"	
"300.72292"	"0.00012"	"300.72296"	"0.00005"	"71000"	""		"10892.520"	"44145.718"	"3d3.4s2"	"a 2G"	"7/2"	"3d4.(1G2).4p"	"t 2H*"	"9/2"		""	"L15916"	
"300.9972"	"0.0002"	"300.99715"	"0.00005"	"29000*"	""		"16728.803"	"49951.709"	"3d3.(4F).4s.4p.(3P*)"	"z 6G*"	"9/2"	"3d3.4s.(5F).5d"	"f 6H"	"11/2"		""	"L15916"	
"300.9972"	"0.0002"	"300.99723"	"0.00003"	"29000*"	""		"137.383"	"33360.280"	"3d3.4s2"	"a 4F"	"5/2"	"3d3.(2G).4s.4p.(3P*)"	"y 2G*"	"7/2"		""	"L15916"	
"301.2298"	"0.0002"	"301.22986"	"0.00018"	"6900"	""		"16917.210"	"50114.450"	"3d3.(4F).4s.4p.(3P*)"	"z 6G*"	"11/2"	"3d3.4s.(5F).4d?"	"g 6G?"	"11/2"		""	"L4235"	
"301.2470"	"0.0002"	"301.24749"	"0.00014"	"28000bl"	""		"13801.551"	"46996.848&dagger;"	"3d3.4s2"	"a 2P"	"3/2"	"3d3.(2F).4s.4p.(3P*)"	"s 2F*"	"5/2"		""	"L4235"	
"301.5245"	"0.0003"	"301.52446"	"0.00010"	"40000*"	""		"16917.210"	"50082.015"	"3d3.(4F).4s.4p.(3P*)"	"z 6G*"	"11/2"	"3d3.4s.(5F).5d"	"f 6H"	"13/2"		""	"L15916"	
"301.5245"	"0.0003"	"301.52457"	"0.00005"	"40000*"	""		"17136.538"	"50301.331"	"3d3.(4F).4s.4p.(3P*)"	"z 6G*"	"13/2"	"3d3.4s.(5F).5d"	"f 6H"	"15/2"		""	"L15916"	
"301.5863"	"0.0003"	"301.58640"	"0.00005"	"26000"	""		"323.432"	"33481.426"	"3d3.4s2"	"a 4F"	"7/2"	"3d3.(2G).4s.4p.(3P*)"	"y 2F*"	"7/2"		""	"L15916"	
"301.70910"	"0.00018"	"301.70909"	"0.00011"	"260000"	""		"9824.626"	"42969.136"	"3d3.4s2"	"a 4P"	"5/2"	"3d3.(4P).4s.4p.(1P*)"	"w 4S*"	"3/2"		""	"L15916"	
"301.7307"	"0.0010"	"301.72855"	"0.00003"	"62000bl"	""		"552.955"	"33695.327"	"3d3.4s2"	"a 4F"	"9/2"	"3d3.(2G).4s.4p.(3P*)"	"z 2H*"	"11/2"		""	"L4235"	
"302.26534"	"0.00012"	"302.26534"	"0.00005"	"90000"	""		"11100.596"	"44184.111"	"3d3.4s2"	"a 2G"	"9/2"	"3d4.(1G2).4p"	"t 2H*"	"11/2"		""	"L15916"	
"303.1818"	"0.0002"	"303.18179"	"0.00003"	"120000"	""		"323.432"	"33306.943"	"3d3.4s2"	"a 4F"	"7/2"	"3d3.(2G).4s.4p.(3P*)"	"y 2G*"	"9/2"		""	"L15916"	
"303.18823"	"0.00009"	"303.18825"	"0.00005"	"240000"	""		"10892.520"	"43875.329"	"3d3.4s2"	"a 2G"	"7/2"	"3d4.(1G2).4p"	"t 2F*"	"5/2"		""	"L15916"	
"303.825"	"0.003"	"303.823531"	"0.000020"	"26000*"	""		"8578.542"	"41492.385&dagger;"	"3d4.(5D).4s"	"a 4D"	"5/2"	"3d4.(3G).4p"	"t 4F*"	"7/2"		""	"L14162"	
"303.825"	"0.003"	"303.82753"	"0.00005"	"26000*"	""		"8476.234"	"41389.644"	"3d4.(5D).4s"	"a 4D"	"3/2"	"3d4.(3G).4p"	"t 4F*"	"3/2"		""	"L14162"	
"303.8957"	"0.0005"	"303.89624"	"0.00010"	"500"	""		"13801.551"	"46707.519"	"3d3.4s2"	"a 2P"	"3/2"	"3d3.(2F).4s.4p.(3P*)"	"4D*"	"3/2"		""	"L4235"	
"303.95878"	"0.00015"	"303.95878"	"0.00007"	"66000"	""		"14514.756"	"47413.954&dagger;"	"3d3.4s2"	"2D2"	"3/2"	"3d3.(2P).4s.4p.(1P*)"	"2P*"	"3/2"		""	"L15916"	
"304.019"	"0.002"	"304.01775"	"0.00010"	"11000"	""		"15264.832"	"48157.648"	"3d3.4s2"	"a 2H"	"11/2"	"3d3.(2F).4s.4p.(3P*)"	"q 2G*"	"9/2"		""	"L14162"	
"304.101"	"0.002"	"304.102134"	"0.000018"	"13000"	""		"8715.747"	"41599.436"	"3d4.(5D).4s"	"a 4D"	"7/2"	"3d4.(3G).4p"	"t 4F*"	"9/2"		""	"L14162"	
"304.27376"	"0.00015"	"304.27379"	"0.00007"	"60000"	""		"14548.816"	"47413.954&dagger;"	"3d3.4s2"	"2D2"	"5/2"	"3d3.(2P).4s.4p.(1P*)"	"2P*"	"3/2"		""	"L15916"	
""	""	"304.35763"	"0.00006"	"m(Fe)"	""		"15103.784"	"47959.868"	"3d3.4s2"	"a 2H"	"9/2"	"3d3.(2F).4s.4p.(3P*)"	"q 2G*"	"7/2"		""	"L14162"	
"304.40047"	"0.00009"	"304.400456"	"0.000017"	"1100000"	"2.01e+07"	B+	"137.383"	"32988.845"	"3d3.4s2"	"a 4F"	"5/2"	"3d3.(4F).4s.4p.(1P*)"	"w 4F*"	"7/2"		"T9399"	"L15916"	
"304.44344"	"0.00009"	"304.443456"	"0.000016"	"1100000"	"2.21e+07"	B+	"0.000"	"32846.822"	"3d3.4s2"	"a 4F"	"3/2"	"3d3.(4F).4s.4p.(1P*)"	"w 4F*"	"5/2"		"T9399"	"L15916"	
"304.58183"	"0.00009"	"304.581834"	"0.000020"	"1100000"	"1.28e+07"	B+	"323.432"	"33155.331"	"3d3.4s2"	"a 4F"	"7/2"	"3d3.(4F).4s.4p.(1P*)"	"w 4F*"	"9/2"		"T9399"	"L15916"	
"304.810"	"0.002"	"304.80998"	"0.00003"	"1600"	""		"552.955"	"33360.280"	"3d3.4s2"	"a 4F"	"9/2"	"3d3.(2G).4s.4p.(3P*)"	"y 2G*"	"7/2"		""	"L14162"	
"305.1215"	"0.0003"	"305.12149"	"0.00006"	"22000"	""		"9544.635"	"42318.466"	"3d3.4s2"	"a 4P"	"1/2"	"3d4.(3D).4p"	"v 2P*"	"3/2"		""	"L15916"	
"305.12782"	"0.00009"	"305.12784"	"0.00005"	"150000"	"4.3e+07"	D+	"11100.596"	"43873.744"	"3d3.4s2"	"a 2G"	"9/2"	"3d4.(1G2).4p"	"t 2F*"	"7/2"		"T284n"	"L15916"	
"305.17661"	"0.00009"	"305.176610"	"0.000020"	"820000"	"2.22e+07"	B+	"0.000"	"32767.911"	"3d3.4s2"	"a 4F"	"3/2"	"3d3.(4P).4s.4p.(3P*)"	"z 2P*"	"3/2"		"T9399"	"L15916"	
"305.228"	"0.002"	"305.227804"	"0.000017"	"130"	""		"9824.626"	"42587.041"	"3d3.4s2"	"a 4P"	"5/2"	"3d4.(5D).5p"	"6D*"	"7/2"		""	"L14162"	
"305.45422"	"0.00009"	"305.45422"	"0.00003"	"2200000"	"1.37e+08"	B+	"0.000"	"32738.130"	"3d3.4s2"	"a 4F"	"3/2"	"3d3.(4F).4s.4p.(1P*)"	"w 4F*"	"3/2"		"T9399"	"L15916"	
"305.578"	"0.003"	"305.57647"	"0.00007"	"18000*"	""		"9637.039"	"42362.072"	"3d3.4s2"	"a 4P"	"3/2"	"3d3.(4P).4s.4p.(3P*)"	"w 2S*"	"1/2"		""	"L14162"	
"305.578"	"0.003"	"305.57863"	"0.00006"	"18000*"	""		"0.000"	"32724.801"	"3d3.4s2"	"a 4F"	"3/2"	"3d3.(4P).4s.4p.(3P*)"	"z 2P*"	"1/2"		""	"L14162"	
"305.72215"	"0.00009"	"305.722149"	"0.000020"	"5800000"	"1.33e+08"	B+	"137.383"	"32846.822"	"3d3.4s2"	"a 4F"	"5/2"	"3d3.(4F).4s.4p.(1P*)"	"w 4F*"	"5/2"		"T9399"	"L15916"	
"305.748"	"0.002"	"305.75420"	"0.00003"	"14000"	""		"10892.520"	"43598.530"	"3d3.4s2"	"a 2G"	"7/2"	"3d3.4s.(5F).5p"	"6G*"	"9/2"		""	"L14162"	
"306.13419"	"0.00009"	"306.134198"	"0.000015"	"6700000"	"1.46e+08"	B+	"323.432"	"32988.845"	"3d3.4s2"	"a 4F"	"7/2"	"3d3.(4F).4s.4p.(1P*)"	"w 4F*"	"7/2"		"T9399"	"L15916"	
"306.18109"	"0.00015"	"306.18104"	"0.00003"	"140000"	""		"0.000"	"32660.416"	"3d3.4s2"	"a 4F"	"3/2"	"3d3.(2P).4s.4p.(3P*)"	"x 4D*"	"5/2"		""	"L15916"	
"306.46146"	"0.00009"	"306.46148"	"0.00003"	"460000"	"5.0e+06"	B+	"137.383"	"32767.911"	"3d3.4s2"	"a 4F"	"5/2"	"3d3.(4P).4s.4p.(3P*)"	"z 2P*"	"3/2"		"T9399"	"L15916"	
"306.72610"	"0.00009"	"306.72611"	"0.00003"	"11000000"	"1.73e+08"	B+	"552.955"	"33155.331"	"3d3.4s2"	"a 4F"	"9/2"	"3d3.(4F).4s.4p.(1P*)"	"w 4F*"	"9/2"		"T9627"	"L15916"	
"306.74146"	"0.00009"	"306.741438"	"0.000020"	"1500000"	"3.68e+07"	B+	"137.383"	"32738.130"	"3d3.4s2"	"a 4F"	"5/2"	"3d3.(4F).4s.4p.(1P*)"	"w 4F*"	"3/2"		"T9399"	"L15916"	
"307.05381"	"0.00009"	"307.053815"	"0.000019"	"680000"	"1.34e+07"	B	"323.432"	"32891.013"	"3d3.4s2"	"a 4F"	"7/2"	"3d3.(2P).4s.4p.(3P*)"	"x 4D*"	"7/2"		"T9399"	"L15916"	
"307.1755"	"0.0002"	"307.175695"	"0.000020"	"74000bl(V II)"	""		"137.383"	"32692.042"	"3d3.4s2"	"a 4F"	"5/2"	"3d3.(2H).4s.4p.(3P*)"	"z 4H*"	"7/2"		""	"L15916"	
"307.362"	"0.002"	"307.36051"	"0.00003"	"27000h"	""		"9637.039"	"42172.123"	"3d3.4s2"	"a 4P"	"3/2"	"3d4.(5D).5p"	"6F*"	"5/2"		""	"L14162"	
"307.47102"	"0.00009"	"307.471023"	"0.000017"	"820000"	"3.50e+07"	B+	"323.432"	"32846.822"	"3d3.4s2"	"a 4F"	"7/2"	"3d3.(4F).4s.4p.(1P*)"	"w 4F*"	"5/2"		"T9399"	"L15916"	
"307.47440"	"0.00009"	"307.474398"	"0.000019"	"680000"	""		"137.383"	"32660.416"	"3d3.4s2"	"a 4F"	"5/2"	"3d3.(2P).4s.4p.(3P*)"	"x 4D*"	"5/2"		""	"L15916"	
"307.61589"	"0.00009"	"307.61589"	"0.00006"	"300000"	"9.8e+07"	B	"15103.784"	"47611.858"	"3d3.4s2"	"a 2H"	"9/2"	"3d3.(2G).4s.4p.(1P*)"	"2H*"	"9/2"		"T9399"	"L15916"	
"307.68261"	"0.00012"	"307.682623"	"0.000017"	"98000"	"1.86e+07"	B	"9637.039"	"42138.062"	"3d3.4s2"	"a 4P"	"3/2"	"3d3.(4P).4s.4p.(1P*)"	"r 4D*"	"5/2"		"T9399"	"L15916"	
"307.75056"	"0.00018"	"307.75064"	"0.00006"	"31000"	""		"9824.626"	"42318.466"	"3d3.4s2"	"a 4P"	"5/2"	"3d4.(3D).4p"	"v 2P*"	"3/2"		""	"L15916"	
"307.8619"	"0.0002"	"307.86194"	"0.00017"	"38000"	""		"14514.756"	"46996.848&dagger;"	"3d3.4s2"	"2D2"	"3/2"	"3d3.(2F).4s.4p.(3P*)"	"s 2F*"	"5/2"		""	"L15916"	
"308.02642"	"0.00015"	"308.02641"	"0.00005"	"89000"	""		"323.432"	"32788.181"	"3d3.4s2"	"a 4F"	"7/2"	"3d3.(2H).4s.4p.(3P*)"	"z 4H*"	"9/2"		""	"L15916"	
"308.10394"	"0.00015"	"308.103925"	"0.000019"	"110000"	""		"0.000"	"32456.581"	"3d3.4s2"	"a 4F"	"3/2"	"3d3.(2P).4s.4p.(3P*)"	"x 4D*"	"3/2"		""	"L15916"	
"308.12247"	"0.00015"	"308.122485"	"0.000020"	"71000"	"2.2e+07"	D+	"9544.635"	"41999.261"	"3d3.4s2"	"a 4P"	"1/2"	"3d3.(4P).4s.4p.(1P*)"	"r 4D*"	"3/2"		"T284n"	"L15916"	
"308.29015"	"0.00012"	"308.29015"	"0.00008"	"130000"	"8.1e+07"	B	"15264.832"	"47701.807"	"3d3.4s2"	"a 2H"	"11/2"	"3d3.(2G).4s.4p.(1P*)"	"2H*"	"11/2"		"T9399"	"L15916"	
"308.30048"	"0.00009"	"308.300466"	"0.000018"	"720000"	"2.05e+07"	B+	"552.955"	"32988.845"	"3d3.4s2"	"a 4F"	"9/2"	"3d3.(4F).4s.4p.(1P*)"	"w 4F*"	"7/2"		"T9399"	"L15916"	
"308.44336"	"0.00009"	"308.443363"	"0.000016"	"270000"	"2.0e+07"	D+	"9824.626"	"42245.489&dagger;"	"3d3.4s2"	"a 4P"	"5/2"	"3d3.(4P).4s.4p.(1P*)"	"r 4D*"	"7/2"		"T284n"	"L15916"	
"308.52778"	"0.00009"	"308.527753"	"0.000017"	"190000"	""		"9824.626"	"42236.621&dagger;"	"3d3.4s2"	"a 4P"	"5/2"	"3d4.(5D).5p"	"6F*"	"7/2"		""	"L15916"	
"308.79598"	"0.00015"	"308.79601"	"0.00003"	"160000"	"6.8e+07"	B+	"9544.635"	"41928.473"	"3d3.4s2"	"a 4P"	"1/2"	"3d3.(4P).4s.4p.(1P*)"	"r 4D*"	"1/2"		"T9399"	"L15916"	
"308.90060"	"0.00009"	"308.900603"	"0.000020"	"320000"	"4.9e+07"	C+	"9637.039"	"42009.912"	"3d3.4s2"	"a 4P"	"3/2"	"3d3.(4P).4s.4p.(1P*)"	"v 4P*"	"5/2"		"T9399"	"L15916"	
"309.00227"	"0.00009"	"309.002268"	"0.000020"	"160000"	"4.3e+07"	D+	"9637.039"	"41999.261"	"3d3.4s2"	"a 4P"	"3/2"	"3d3.(4P).4s.4p.(1P*)"	"r 4D*"	"3/2"		"T284n"	"L15916"	
"309.1292"	"0.0005"	"309.12869"	"0.00006"	"130000bl,r"	""		"0.000"	"32348.987"	"3d3.4s2"	"a 4F"	"3/2"	"3d3.(2P).4s.4p.(3P*)"	"x 4D*"	"1/2"		""	"L4235"	
"309.1429"	"0.0002"	"309.14293"	"0.00003"	"15000"	""		"9824.626"	"42172.123"	"3d3.4s2"	"a 4P"	"5/2"	"3d4.(5D).5p"	"6F*"	"5/2"		""	"L15916"	
"309.1673"	"0.0002"	"309.16734"	"0.00006"	"130000"	""		"552.955"	"32897.898"	"3d3.4s2"	"a 4F"	"9/2"	"3d3.(2H).4s.4p.(3P*)"	"z 4H*"	"11/2"		""	"L15916"	
"309.23317"	"0.00009"	"309.233164"	"0.000020"	"440000"	"2.6e+06"	B	"552.955"	"32891.013"	"3d3.4s2"	"a 4F"	"9/2"	"3d3.(2P).4s.4p.(3P*)"	"x 4D*"	"7/2"		"T9399"	"L15916"	
"309.24346"	"0.00009"	"309.243435"	"0.000020"	"280000"	""		"323.432"	"32660.416"	"3d3.4s2"	"a 4F"	"7/2"	"3d3.(2P).4s.4p.(3P*)"	"x 4D*"	"5/2"		""	"L15916"	
"309.245"	"0.002"	"309.24889"	"0.00016"	"180000"	""		"14514.756"	"46851.170"	"3d3.4s2"	"2D2"	"3/2"	"3d4.(3D).4p"	"t 4P*"	"1/2"		""	"L14162"	
"309.362"	"0.002"	"309.36568"	"0.00005"	"140000"	""		"2153.221"	"34477.427&dagger;"	"3d4.(5D).4s"	"a 6D"	"3/2"	"3d3.(4F).4s.4p.(1P*)"	"v 4D*"	"1/2"		""	"L14162"	
"309.3748"	"0.0015"	"309.37707"	"0.00020"	"13000"	""		"17116.947"	"49439.963&dagger;"	"3d4.(3G).4s"	"a 4G"	"7/2"	"3d2.(3F).4s2.4p"	"n 4D*"	"5/2"		""	"L3353"	
"309.41362"	"0.00015"	"309.41362"	"0.00003"	"47000"	""		"137.383"	"32456.581"	"3d3.4s2"	"a 4F"	"5/2"	"3d3.(2P).4s.4p.(3P*)"	"x 4D*"	"3/2"		""	"L15916"	
"309.46872"	"0.00009"	"309.468792"	"0.000019"	"230000bl(V II)"	"3.6e+07"	B	"9824.626"	"42138.062"	"3d3.4s2"	"a 4P"	"5/2"	"3d3.(4P).4s.4p.(1P*)"	"r 4D*"	"5/2"		"T9399"	"L15916"	
"309.55848"	"0.00012"	"309.558488"	"0.000020"	"200000"	"3.5e+07"	D+	"9544.635"	"41848.708"	"3d3.4s2"	"a 4P"	"1/2"	"3d3.(4P).4s.4p.(1P*)"	"v 4P*"	"3/2"		"T284n"	"L15916"	
"309.6797"	"0.0002"	"309.679651"	"0.000020"	"30000"	"1.59e+07"	B	"9637.039"	"41928.473"	"3d3.4s2"	"a 4P"	"3/2"	"3d3.(4P).4s.4p.(1P*)"	"r 4D*"	"1/2"		"T9399"	"L15916"	
"310.4886"	"0.0003"	"310.48865"	"0.00007"	"28000"	"1.48e+07"	C+	"9544.635"	"41751.931"	"3d3.4s2"	"a 4P"	"1/2"	"3d3.(4P).4s.4p.(1P*)"	"v 4P*"	"1/2"		"T9399"	"L15916"	
"310.7010"	"0.0003"	"310.700983"	"0.000020"	"23000"	"3.6e+06"	C	"9824.626"	"42009.912"	"3d3.4s2"	"a 4P"	"5/2"	"3d3.(4P).4s.4p.(1P*)"	"v 4P*"	"5/2"		"T9399"	"L15916"	
"310.8038"	"0.0002"	"310.803837"	"0.000020"	"26000"	""		"9824.626"	"41999.261"	"3d3.4s2"	"a 4P"	"5/2"	"3d3.(4P).4s.4p.(1P*)"	"r 4D*"	"3/2"		""	"L15916"	
"311.38215"	"0.00018"	"311.38202"	"0.00007"	"51000"	"3.3e+07"	C+	"9637.039"	"41751.931"	"3d3.4s2"	"a 4P"	"3/2"	"3d3.(4P).4s.4p.(1P*)"	"v 4P*"	"1/2"		"T9399"	"L15916"	
"312.2651"	"0.0002"	"312.265001"	"0.000019"	"35000"	""		"9824.626"	"41848.708"	"3d3.4s2"	"a 4P"	"5/2"	"3d3.(4P).4s.4p.(1P*)"	"v 4P*"	"3/2"		""	"L15916"	
"313.28"	"0.02"	"313.30499"	"0.00006"	"19000H"	""		"2112.282"	"34030.063&dagger;"	"3d4.(5D).4s"	"a 6D"	"1/2"	"3d3.(2P).4s.4p.(3P*)"	"2D*"	"3/2"		""	"L14162"	
"313.39"	"0.02"	"313.40324"	"0.00005"	"19000H"	""		"2220.156"	"34127.931"	"3d4.(5D).4s"	"a 6D"	"5/2"	"3d3.(4P).4s.4p.(3P*)"	"w 4D*"	"7/2"		""	"L14162"	
"313.60978"	"0.00010"	"313.60981"	"0.00006"	"19000"	""		"13801.551"	"45688.309"	"3d3.4s2"	"a 2P"	"3/2"	"3d3.(2F).4s.4p.(3P*)"	"p 4F*"	"5/2"		""	"L4235"	
"313.9439"	"0.0003"	"313.94398"	"0.00008"	"17000"	""		"13801.551"	"45654.368"	"3d3.4s2"	"a 2P"	"3/2"	"45654o"	"2D*"	"5/2"		""	"L15916"	
"313.995"	"0.002"	"313.99737"	"0.00004"	"41000"	""		"13801.551"	"45648.952"	"3d3.4s2"	"a 2P"	"3/2"	"3d3.(2F).4s.4p.(3P*)"	"p 4F*"	"3/2"		""	"L14162"	
"314.08941"	"0.00010"	"314.08967"	"0.00003"	"26000"	""		"13810.910"	"45648.952"	"3d3.4s2"	"a 2P"	"1/2"	"3d3.(2F).4s.4p.(3P*)"	"p 4F*"	"3/2"		""	"L4235"	
"314.7234"	"0.0002"	"314.72329"	"0.00013"	"25000"	""		"13801.551"	"45575.494"	"3d3.4s2"	"a 2P"	"3/2"	"45575o"	"2D*"	"3/2"		""	"L15916"	
"314.8162"	"0.0002"	"314.81602"	"0.00011"	"49000"	""		"13810.910"	"45575.494"	"3d3.4s2"	"a 2P"	"1/2"	"45575o"	"2D*"	"3/2"		""	"L15916"	
"315.781"	"0.002"	"315.778581"	"0.000020"	"8700"	""		"9824.626"	"41492.385&dagger;"	"3d3.4s2"	"a 4P"	"5/2"	"3d4.(3G).4p"	"t 4F*"	"7/2"		""	"L4235"	
"316.481"	"0.003"	"316.48076"	"0.00010"	"4500"	""		"15270.582"	"46868.079"	"3d4.(3P2).4s"	"b 4P"	"3/2"	"3d4.(3D).4p"	"t 4P*"	"5/2"		""	"L4235"	
"316.542"	"0.014"	"316.53379"	"0.00010"	"14000*"	""		"15270.582"	"46862.786"	"3d4.(3P2).4s"	"b 4P"	"3/2"	"3d4.(3D).4p"	"t 4P*"	"3/2"		""	"L14162"	
"316.542"	"0.014"	"316.55310"	"0.00005"	"14000*"	""		"14548.816"	"46139.093&dagger;"	"3d3.4s2"	"2D2"	"5/2"	"3d3.(2F).4s.4p.(3P*)"	"r 4G*"	"7/2"		""	"L14162"	
"316.6584"	"0.0010"	"316.65809"	"0.00003"	"69000bl"	""		"11100.596"	"42680.399"	"3d3.4s2"	"a 2G"	"9/2"	"3d4.(5D).5p"	"6P*"	"7/2"		""	"L4235"	
"317.052"	"0.010"	"317.05091"	"0.00005"	"17000"	""		"8578.542"	"40119.218&dagger;"	"3d4.(5D).4s"	"a 4D"	"5/2"	"3d4.(3P2).4p"	"v 2D*"	"5/2"		""	"L14162"	
"317.875"	"0.002"	"317.87464"	"0.00006"	"17000"	""		"8476.234"	"39935.176"	"3d4.(5D).4s"	"a 4D"	"3/2"	"3d4.(3F2).4p"	"s 4D*"	"3/2"		""	"L14162"	
"318.0007"	"0.0004"	"318.00085"	"0.00016"	"4800"	""		"13801.551"	"45248.008"	"3d3.4s2"	"a 2P"	"3/2"	"45248o"	"2P*"	"3/2"		""	"L15916"	
"318.0976"	"0.0010"	"318.09715"	"0.00007"	"58000bl"	""		"15270.582"	"46707.519"	"3d4.(3P2).4s"	"b 4P"	"3/2"	"3d3.(2F).4s.4p.(3P*)"	"4D*"	"3/2"		""	"L4235"	
"318.1471"	"0.0002"	"318.14713"	"0.00013"	"12000"	""		"13801.551"	"45233.549"	"3d3.4s2"	"a 2P"	"3/2"	"45233o"	"2D*"	"3/2"		""	"L15916"	
"318.2422"	"0.0004"	"318.24189"	"0.00012"	"4800"	""		"13810.910"	"45233.549"	"3d3.4s2"	"a 2P"	"1/2"	"45233o"	"2D*"	"3/2"		""	"L15916"	
"318.255"	"0.002"	"318.25419"	"0.00004"	"17000"	""		"8578.542"	"39999.966"	"3d4.(5D).4s"	"a 4D"	"5/2"	"3d4.(3F2).4p"	"s 4D*"	"5/2"		""	"L14162"	
"318.43300"	"0.00009"	"318.432963"	"0.000020"	"16000000"	"2.52e+08"	B+	"137.383"	"31541.167"	"3d3.4s2"	"a 4F"	"5/2"	"3d3.(4F).4s.4p.(1P*)"	"x 4G*"	"7/2"		"T9399"	"L15916"	
"318.43953"	"0.00017"	"318.43943"	"0.00008"	"160000*"	""		"13801.551"	"45204.697"	"3d3.4s2"	"a 2P"	"3/2"	"45204o"	"2D*"	"5/2"		""	"L15916"	
"318.43953"	"0.00017"	"318.43977"	"0.00006"	"160000*"	""		"18302.280"	"49705.393"	"3d3.(4F).4s.4p.(3P*)"	"z 6D*"	"7/2"	"49705e"	"6D"	"7/2"		""	"L15916"	
"318.48811"	"0.00009"	"318.488094"	"0.000020"	"27000000"	"2.80e+08"	B+	"323.432"	"31721.780"	"3d3.4s2"	"a 4F"	"7/2"	"3d3.(4F).4s.4p.(1P*)"	"x 4G*"	"9/2"		"T9399"	"L15916"	
"318.49346"	"0.00009"	"318.49343"	"0.00004"	"10000000"	"2.52e+08"	B+	"0.000"	"31397.822"	"3d3.4s2"	"a 4F"	"3/2"	"3d3.(4F).4s.4p.(1P*)"	"x 4G*"	"5/2"		"T9399"	"L15916"	
"318.63191"	"0.00009"	"318.63191"	"0.00003"	"19000000"	"2.93e+08"	B+	"552.955"	"31937.131"	"3d3.4s2"	"a 4F"	"9/2"	"3d3.(4F).4s.4p.(1P*)"	"x 4G*"	"11/2"		"T9399"	"L15916"	
"318.9008"	"0.0005"	"318.90146"	"0.00010"	"51000bl"	""		"13801.551"	"45159.200"	"3d3.4s2"	"a 2P"	"3/2"	"45159o"	"2P*"	"1/2"		""	"L4235"	
"318.9966"	"0.0002"	"318.99667"	"0.00013"	"33000"	""		"13810.910"	"45159.200"	"3d3.4s2"	"a 2P"	"1/2"	"45159o"	"2P*"	"1/2"		""	"L15916"	
"319.16047"	"0.00009"	"319.16016"	"0.00013"	"4500000bl(V II)"	""		"18174.074"	"49506.305"	"3d3.(4F).4s.4p.(3P*)"	"z 6F*"	"3/2"	"49506e"	"6D"	"1/2"		""	"L15916"	
"319.48370"	"0.00009"	"319.48371"	"0.00005"	"170000"	""		"15062.959"	"46363.459&dagger;"	"3d4.(3H).4s"	"a 4H"	"13/2"	"3d3.(2F).4s.4p.(3P*)"	"r 4G*"	"11/2"		""	"L15916"	
"319.5292"	"0.0004"	"319.52920"	"0.00009"	"25000"	""		"15572.035"	"46868.079"	"3d4.(3P2).4s"	"b 4P"	"5/2"	"3d4.(3D).4p"	"t 4P*"	"5/2"		""	"L15916"	
"319.549"	"0.002"	"319.54621"	"0.00005"	"14000"	""		"14949.359"	"46243.737&dagger;"	"3d4.(3H).4s"	"a 4H"	"9/2"	"3d3.(2F).4s.4p.(3P*)"	"r 4G*"	"9/2"		""	"L14162"	
"319.580"	"0.002"	"319.58325"	"0.00011"	"37000"	""		"15572.035"	"46862.786"	"3d4.(3P2).4s"	"b 4P"	"5/2"	"3d4.(3D).4p"	"t 4P*"	"3/2"		""	"L4235"	
"319.89311"	"0.00009"	"319.89314"	"0.00003"	"2700000"	"3.69e+07"	B+	"137.383"	"31397.822"	"3d3.4s2"	"a 4F"	"5/2"	"3d3.(4F).4s.4p.(1P*)"	"x 4G*"	"5/2"		"T9399"	"L15916"	
"320.07373"	"0.00009"	"320.07374"	"0.00005"	"170000"	""		"15000.937"	"46243.737&dagger;"	"3d4.(3H).4s"	"a 4H"	"11/2"	"3d3.(2F).4s.4p.(3P*)"	"r 4G*"	"9/2"		""	"L15916"	
"320.21487"	"0.00018"	"320.215041"	"0.000021"	"55000"	""		"0.000"	"31229.014"	"3d3.4s2"	"a 4F"	"3/2"	"3d3.(2G).4s.4p.(3P*)"	"x 4F*"	"5/2"		""	"L15916"	
"320.33074"	"0.00009"	"320.330735"	"0.000019"	"3800000"	"4.04e+07"	B+	"323.432"	"31541.167"	"3d3.4s2"	"a 4F"	"7/2"	"3d3.(4F).4s.4p.(1P*)"	"x 4G*"	"7/2"		"T9399"	"L15916"	
"320.51125"	"0.00015"	"320.51126"	"0.00003"	"220000"	""		"0.000"	"31200.152"	"3d3.4s2"	"a 4F"	"3/2"	"3d3.(2G).4s.4p.(3P*)"	"x 4F*"	"3/2"		""	"L15916"	
"320.61830"	"0.00012"	"320.61832"	"0.00004"	"140000"	""		"14949.359"	"46139.093&dagger;"	"3d4.(3H).4s"	"a 4H"	"9/2"	"3d3.(2F).4s.4p.(3P*)"	"r 4G*"	"7/2"		""	"L15916"	
"320.65007"	"0.00009"	"320.65007"	"0.00005"	"1600000"	"1.87e+08"	B+	"10892.520"	"42079.165"	"3d3.4s2"	"a 2G"	"7/2"	"3d4.(1I).4p"	"u 2H*"	"9/2"		"T9399"	"L15916"	
"320.7849"	"0.0002"	"320.78474"	"0.00005"	"11000bl"	""		"14514.756"	"45688.309"	"3d3.4s2"	"2D2"	"3/2"	"3d3.(2F).4s.4p.(3P*)"	"p 4F*"	"5/2"		""	"L4235"	
"320.83340"	"0.00009"	"320.833397"	"0.000020"	"2300000"	"2.18e+07"	B+	"552.955"	"31721.780"	"3d3.4s2"	"a 4F"	"9/2"	"3d3.(4F).4s.4p.(1P*)"	"x 4G*"	"9/2"		"T9399"	"L15916"	
"321.10204"	"0.00012"	"321.10207"	"0.00003"	"120000"	""		"14909.958"	"46052.703"	"3d4.(3H).4s"	"a 4H"	"7/2"	"3d3.(2F).4s.4p.(3P*)"	"r 4G*"	"5/2"		""	"L15916"	
"321.1347"	"0.0007"	"321.13438"	"0.00008"	"58000*"	""		"14514.756"	"45654.368"	"3d3.4s2"	"2D2"	"3/2"	"45654o"	"2D*"	"5/2"		""	"L4235"	
"321.1347"	"0.0007"	"321.13561"	"0.00004"	"58000*"	""		"14548.816"	"45688.309"	"3d3.4s2"	"2D2"	"5/2"	"3d3.(2F).4s.4p.(3P*)"	"p 4F*"	"5/2"		""	"L4235"	
"321.1429"	"0.0004"	"321.14317"	"0.00006"	"22000bl(V II)"	"2.5e+08"	D+	"18680.070"	"49818.830"	"3d3.(4F).4s.4p.(3P*)"	"z 6F*"	"11/2"	"49818e"	"6D"	"9/2"		"T9771"	"L15916"	
"321.225"	"0.003"	"321.22623"	"0.00003"	"980bl"	""		"137.383"	"31268.091"	"3d3.4s2"	"a 4F"	"5/2"	"3d3.(2G).4s.4p.(3P*)"	"x 4F*"	"7/2"		""	"L3353"	
"321.2501"	"0.0003"	"321.25022"	"0.00005"	"24000"	"2.0e+06"	C+	"10892.520"	"42020.903"	"3d3.4s2"	"a 2G"	"7/2"	"3d4.(3D).4p"	"u 2F*"	"7/2"		"T9399"	"L15916"	
"321.33579"	"0.00009"	"321.33580"	"0.00005"	"1500000"	"1.86e+08"	B+	"11100.596"	"42220.689"	"3d3.4s2"	"a 2G"	"9/2"	"3d4.(1I).4p"	"u 2H*"	"11/2"		"T9399"	"L15916"	
"321.48600"	"0.00012"	"321.48602"	"0.00007"	"71000"	""		"14548.816"	"45654.368"	"3d3.4s2"	"2D2"	"5/2"	"45654o"	"2D*"	"5/2"		""	"L15916"	
"321.62996"	"0.00009"	"321.629959"	"0.000020"	"500000"	""		"137.383"	"31229.014"	"3d3.4s2"	"a 4F"	"5/2"	"3d3.(2G).4s.4p.(3P*)"	"x 4F*"	"5/2"		""	"L15916"	
"321.804"	"0.004"	"321.80841"	"0.00004"	"1100000bl(V II)"	"1.27e+06"	B	"323.432"	"31397.822"	"3d3.4s2"	"a 4F"	"7/2"	"3d3.(4F).4s.4p.(1P*)"	"x 4G*"	"5/2"		"T9399"	"L3475"	
"321.9287"	"0.0003"	"321.928802"	"0.000020"	"64000"	""		"137.383"	"31200.152"	"3d3.4s2"	"a 4F"	"5/2"	"3d3.(2G).4s.4p.(3P*)"	"x 4F*"	"3/2"		""	"L15916"	
"321.97954"	"0.00012"	"321.97955"	"0.00005"	"140000"	"2.9e+07"	D+	"10892.520"	"41950.393"	"3d3.4s2"	"a 2G"	"7/2"	"3d4.(3D).4p"	"u 2F*"	"5/2"		"T284n"	"L15916"	
"322.3866"	"0.0003"	"322.38662"	"0.00009"	"7500"	""		"15688.862"	"46707.519"	"3d4.(3F2).4s"	"b 4F"	"5/2"	"3d3.(2F).4s.4p.(3P*)"	"4D*"	"3/2"		""	"L15916"	
"322.6431"	"0.0004"	"322.64301"	"0.00005"	"26000"	""		"323.432"	"31317.440"	"3d3.4s2"	"a 4F"	"7/2"	"3d3.(2G).4s.4p.(3P*)"	"x 4F*"	"9/2"		""	"L15916"	
"322.6740"	"0.0003"	"322.67393"	"0.00012"	"16000"	""		"15572.035"	"46563.073"	"3d4.(3P2).4s"	"b 4P"	"5/2"	"3d3.(2F).4s.4p.(3P*)"	"4D*"	"7/2"		""	"L15916"	
"322.70339"	"0.00012"	"322.703356"	"0.000020"	"66000"	"6.6e+05"	B	"552.955"	"31541.167"	"3d3.4s2"	"a 4F"	"9/2"	"3d3.(4F).4s.4p.(1P*)"	"x 4G*"	"7/2"		"T9399"	"L15916"	
"322.8039"	"0.0003"	"322.80381"	"0.00005"	"32000"	""		"11100.596"	"42079.165"	"3d3.4s2"	"a 2G"	"9/2"	"3d4.(1I).4p"	"u 2H*"	"9/2"		""	"L15916"	
"322.8334"	"0.0002"	"322.83333"	"0.00011"	"54000"	""		"19145.148"	"50120.884&dagger;"	"3d4.(3H).4s"	"b 2H"	"11/2"	"3d3.(2H).4s.4p.(1P*)"	"x 2I*"	"13/2"		""	"L15916"	
"322.91271"	"0.00018"	"322.912651"	"0.000020"	"24000"	"2.4e+06"	C+	"10892.520"	"41860.647"	"3d3.4s2"	"a 2G"	"7/2"	"3d4.(3G).4p"	"t 4G*"	"9/2"		"T9399"	"L15916"	
"323.0532"	"0.0003"	"323.05327"	"0.00013"	"30000"	""		"19023.531"	"49978.178"	"3d4.(3H).4s"	"b 2H"	"9/2"	"3d3.(2H).4s.4p.(1P*)"	"x 2I*"	"11/2"		""	"L15916"	
"323.137"	"0.003"	"323.138204"	"0.000017"	"4400bl"	""		"8476.234"	"39422.745"	"3d4.(5D).4s"	"a 4D"	"3/2"	"3d4.(3P2).4p"	"w 4P*"	"5/2"		""	"L3353"	
"323.15754"	"0.00012"	"323.15754"	"0.00003"	"690000"	""		"323.432"	"31268.091"	"3d3.4s2"	"a 4F"	"7/2"	"3d3.(2G).4s.4p.(3P*)"	"x 4F*"	"7/2"		""	"L15916"	
"323.3997"	"0.0003"	"323.39964"	"0.00012"	"12000"	""		"15724.229"	"46645.723"	"3d4.(3F2).4s"	"b 4F"	"7/2"	"3d3.(2F).4s.4p.(3P*)"	"4D*"	"5/2"		""	"L15916"	
"323.41202"	"0.00012"	"323.41205"	"0.00005"	"200000"	"2.84e+07"	B	"11100.596"	"42020.903"	"3d3.4s2"	"a 2G"	"9/2"	"3d4.(3D).4p"	"u 2F*"	"7/2"		"T9399"	"L15916"	
"323.4398"	"0.0003"	"323.43973"	"0.00013"	"10000"	""		"18805.048"	"49722.709"	"3d4.(3P2).4s"	"b 2P"	"1/2"	"3d3.(2P).4s.4p.(1P*)"	"t 2D*"	"3/2"		""	"L15916"	
"323.56613"	"0.00012"	"323.566144"	"0.000019"	"110000"	""		"323.432"	"31229.014"	"3d3.4s2"	"a 4F"	"7/2"	"3d3.(2G).4s.4p.(3P*)"	"x 4F*"	"5/2"		""	"L15916"	
"323.9829"	"0.0003"	"323.982790"	"0.000020"	"12000"	"1.28e+06"	C+	"10892.520"	"41758.357"	"3d3.4s2"	"a 2G"	"7/2"	"3d4.(3G).4p"	"t 4G*"	"7/2"		"T9399"	"L15916"	
"324.2100"	"0.0002"	"324.210031"	"0.000019"	"47000"	"4.3e+06"	B	"8578.542"	"39422.745"	"3d4.(5D).4s"	"a 4D"	"5/2"	"3d4.(3P2).4p"	"w 4P*"	"5/2"		"T9399"	"L15916"	
"324.297"	"0.002"	"324.297129"	"0.000020"	"19000"	"1.21e+06"	C	"8413.009"	"39248.928"	"3d4.(5D).4s"	"a 4D"	"1/2"	"3d4.(3P2).4p"	"w 4P*"	"3/2"		"T9399"	"L14162"	
"324.4205"	"0.0003"	"324.420497"	"0.000020"	"38000"	"7.1e+06"	B	"8413.009"	"39237.202"	"3d4.(5D).4s"	"a 4D"	"1/2"	"3d4.(3P2).4p"	"w 4P*"	"1/2"		"T9399"	"L15916"	
"324.490"	"0.002"	"324.48928"	"0.00005"	"18000"	""		"11100.596"	"41918.255"	"3d3.4s2"	"a 2G"	"9/2"	"3d4.(3G).4p"	"t 4G*"	"11/2"		""	"L14162"	
"324.7568"	"0.0003"	"324.75668"	"0.00011"	"14000"	""		"15770.789"	"46563.073"	"3d4.(3F2).4s"	"b 4F"	"9/2"	"3d3.(2F).4s.4p.(3P*)"	"4D*"	"7/2"		""	"L15916"	
"324.7762"	"0.0003"	"324.77607"	"0.00003"	"8300"	"1.02e+06"	C	"8476.234"	"39266.680"	"3d4.(5D).4s"	"a 4D"	"3/2"	"3d4.(3F2).4p"	"u 4F*"	"3/2"		"T9399"	"L15916"	
"324.96346"	"0.00015"	"324.963424"	"0.000017"	"42000"	"4.9e+06"	C+	"8476.234"	"39248.928"	"3d4.(5D).4s"	"a 4D"	"3/2"	"3d4.(3P2).4p"	"w 4P*"	"3/2"		"T9399"	"L15916"	
"325.05019"	"0.00015"	"325.05013"	"0.00004"	"280000"	""		"552.955"	"31317.440"	"3d3.4s2"	"a 4F"	"9/2"	"3d3.(2G).4s.4p.(3P*)"	"x 4F*"	"9/2"		""	"L15916"	
"325.073"	"0.006"	"325.06868"	"0.00005"	"7500h*"	""		"9824.626"	"40587.356"	"3d3.4s2"	"a 4P"	"5/2"	"3d4.(3G).4p"	"2F*"	"7/2"		""	"L14162"	
"325.073"	"0.006"	"325.07422"	"0.00004"	"7500h*"	""		"10892.520"	"41654.726"	"3d3.4s2"	"a 2G"	"7/2"	"3d4.(3G).4p"	"t 4G*"	"5/2"		""	"L14162"	
"325.08725"	"0.00018"	"325.087299"	"0.000020"	"30000"	"6.7e+06"	B	"8476.234"	"39237.202"	"3d4.(5D).4s"	"a 4D"	"3/2"	"3d4.(3P2).4p"	"w 4P*"	"1/2"		"T9399"	"L15916"	
"325.0969"	"0.0002"	"325.096990"	"0.000020"	"24000"	"2.5e+06"	C+	"11100.596"	"41860.647"	"3d3.4s2"	"a 2G"	"9/2"	"3d4.(3G).4p"	"t 4G*"	"9/2"		"T9399"	"L15916"	
"325.3805"	"0.0002"	"325.38047"	"0.00016"	"32000"	""		"14514.756"	"45248.008"	"3d3.4s2"	"2D2"	"3/2"	"45248o"	"2P*"	"3/2"		""	"L15916"	
"325.5336"	"0.0002"	"325.53362"	"0.00012"	"12000"	""		"14514.756"	"45233.549"	"3d3.4s2"	"2D2"	"3/2"	"45233o"	"2D*"	"3/2"		""	"L15916"	
"325.571"	"0.003"	"325.57238"	"0.00003"	"120000bl"	""		"552.955"	"31268.091"	"3d3.4s2"	"a 4F"	"9/2"	"3d3.(2G).4s.4p.(3P*)"	"x 4F*"	"7/2"		""	"L4235"	
"325.65866"	"0.00015"	"325.65867"	"0.00003"	"160000"	"1.52e+07"	B+	"8715.747"	"39422.745"	"3d4.(5D).4s"	"a 4D"	"7/2"	"3d4.(3P2).4p"	"w 4P*"	"5/2"		"T9399"	"L15916"	
"325.7416"	"0.0002"	"325.74147"	"0.00015"	"21000"	""		"14548.816"	"45248.008"	"3d3.4s2"	"2D2"	"5/2"	"45248o"	"2P*"	"3/2"		""	"L15916"	
"325.7712"	"0.0002"	"325.77128"	"0.00013"	"20000"	""		"19026.326"	"49722.709"	"3d4.(3F2).4s"	"a 2F"	"5/2"	"3d3.(2P).4s.4p.(1P*)"	"t 2D*"	"3/2"		""	"L15916"	
"325.8395"	"0.0003"	"325.83966"	"0.00008"	"10000"	""		"14514.756"	"45204.697"	"3d3.4s2"	"2D2"	"3/2"	"45204o"	"2D*"	"5/2"		""	"L15916"	
"326.04740"	"0.00015"	"326.047413"	"0.000018"	"68000"	"7.8e+06"	B	"8578.542"	"39248.928"	"3d4.(5D).4s"	"a 4D"	"5/2"	"3d4.(3P2).4p"	"w 4P*"	"3/2"		"T9399"	"L15916"	
"326.132"	"0.002"	"326.13121"	"0.00016"	"1400"	""		"19026.326"	"49688.831"	"3d4.(3F2).4s"	"a 2F"	"5/2"	"3d3.(2P).4s.4p.(1P*)"	"t 2D*"	"5/2"		""	"L14162"	
"326.183"	"0.002"	"326.181680"	"0.000020"	"1800?"	""		"11100.596"	"41758.357"	"3d3.4s2"	"a 2G"	"9/2"	"3d4.(3G).4p"	"t 4G*"	"7/2"		""	"L14162"	
"326.20169"	"0.00004"	"326.20168"	"0.00007"	"110000"	""		"14548.816"	"45204.697"	"3d3.4s2"	"2D2"	"5/2"	"45204o"	"2D*"	"5/2"		""	"L15916"	
"326.29976"	"0.00012"	"326.29978"	"0.00005"	"94000"	""		"10892.520"	"41539.185"	"3d3.4s2"	"a 2G"	"7/2"	"3d4.(3G).4p"	"t 2G*"	"9/2"		""	"L15916"	
"326.32343"	"0.00012"	"326.32343"	"0.00012"	"82000"	""		"14514.756"	"45159.200"	"3d3.4s2"	"2D2"	"3/2"	"45159o"	"2P*"	"1/2"		""	"L15916"	
"326.41786"	"0.00009"	"326.41784"	"0.00004"	"730000"	"8.6e+06"	C+	"0.000"	"30635.580"	"3d3.4s2"	"a 4F"	"3/2"	"3d3.(2G).4s.4p.(3P*)"	"y 4G*"	"5/2"		"T9399"	"L15916"	
"326.68271"	"0.00012"	"326.68295"	"0.00016"	"260000bl(V II)"	""		"19078.112"	"49688.831"	"3d4.(3F2).4s"	"a 2F"	"7/2"	"3d3.(2P).4s.4p.(1P*)"	"t 2D*"	"5/2"		""	"L15916"	
"326.70203"	"0.00012"	"326.70205"	"0.00004"	"120000"	""		"10892.520"	"41501.449"	"3d3.4s2"	"a 2G"	"7/2"	"3d4.(3G).4p"	"v 2H*"	"9/2"		""	"L15916"	
"327.23501"	"0.00012"	"327.23503"	"0.00005"	"150000"	""		"11100.596"	"41659.672"	"3d3.4s2"	"a 2G"	"9/2"	"3d4.(3G).4p"	"v 2H*"	"11/2"		""	"L15916"	
"327.25769"	"0.00009"	"327.257675"	"0.000020"	"470000"	"6.4e+06"	B+	"137.383"	"30694.344"	"3d3.4s2"	"a 4F"	"5/2"	"3d3.(2G).4s.4p.(3P*)"	"y 4G*"	"7/2"		"T9399"	"L15916"	
"327.3136"	"0.0005"	"327.31370"	"0.00016"	"15000"	""		"14514.756"	"45066.487"	"3d3.4s2"	"2D2"	"3/2"	"3d3.4s.(5F).5p"	"q 4F*"	"3/2"		""	"L4235"	
"327.39555"	"0.00009"	"327.39558"	"0.00004"	"270000"	"2.40e+07"	B	"10892.520"	"41436.610&dagger;"	"3d3.4s2"	"a 2G"	"7/2"	"3d4.(3G).4p"	"t 2G*"	"7/2"		"T9399"	"L15916"	
"327.8740"	"0.0004"	"327.87371"	"0.00016"	"15000"	""		"19189.283"	"49688.831"	"3d4.(3P2).4s"	"b 2P"	"3/2"	"3d3.(2P).4s.4p.(1P*)"	"t 2D*"	"5/2"		""	"L15916"	
"327.88824"	"0.00012"	"327.88824"	"0.00005"	"420000"	"9.e+05"	D+	"137.383"	"30635.580"	"3d3.4s2"	"a 4F"	"5/2"	"3d3.(2G).4s.4p.(3P*)"	"y 4G*"	"5/2"		"T9399"	"L15916"	
"328.42558"	"0.00009"	"328.42556"	"0.00005"	"470000"	"4.5e+06"	B+	"323.432"	"30771.732"	"3d3.4s2"	"a 4F"	"7/2"	"3d3.(2G).4s.4p.(3P*)"	"y 4G*"	"9/2"		"T9399"	"L15916"	
"328.53032"	"0.00009"	"328.53034"	"0.00005"	"200000"	"2.3e+07"	D+	"11100.596"	"41539.185"	"3d3.4s2"	"a 2G"	"9/2"	"3d4.(3G).4p"	"t 2G*"	"9/2"		"T284n"	"L15916"	
"328.93810"	"0.00015"	"328.93814"	"0.00004"	"41000"	""		"11100.596"	"41501.449"	"3d3.4s2"	"a 2G"	"9/2"	"3d4.(3G).4p"	"v 2H*"	"9/2"		""	"L15916"	
"329.048"	"0.002"	"329.04975"	"0.00006"	"2000"	""		"9544.635"	"39935.176"	"3d3.4s2"	"a 4P"	"1/2"	"3d4.(3F2).4p"	"s 4D*"	"3/2"		""	"L14162"	
"329.26241"	"0.00012"	"329.262421"	"0.000020"	"350000"	"5.8e+05"	C+	"323.432"	"30694.344"	"3d3.4s2"	"a 4F"	"7/2"	"3d3.(2G).4s.4p.(3P*)"	"y 4G*"	"7/2"		"T9399"	"L15916"	
"329.351"	"0.004"	"329.34901"	"0.00004"	"8200h"	""		"9637.039"	"39999.966"	"3d3.4s2"	"a 4P"	"3/2"	"3d4.(3F2).4p"	"s 4D*"	"5/2"		""	"L14162"	
"329.6411"	"0.0003"	"329.64120"	"0.00004"	"14000"	"9.3e+05"	C+	"11100.596"	"41436.610&dagger;"	"3d3.4s2"	"a 2G"	"9/2"	"3d4.(3G).4p"	"t 2G*"	"7/2"		"T9399"	"L15916"	
"329.674"	"0.002"	"329.67231"	"0.00008"	"8300"	""		"9544.635"	"39877.786"	"3d3.4s2"	"a 4P"	"1/2"	"3d4.(3F2).4p"	"s 4D*"	"1/2"		""	"L14162"	
"329.90971"	"0.00012"	"329.90971"	"0.00003"	"720000"	"2.86e+06"	B	"552.955"	"30864.279"	"3d3.4s2"	"a 4F"	"9/2"	"3d3.(2G).4s.4p.(3P*)"	"y 4G*"	"11/2"		"T9399"	"L15916"	
"330.00345"	"0.00018"	"330.00350"	"0.00003"	"42000"	"7.8e+06"	B	"9544.635"	"39847.344"	"3d3.4s2"	"a 4P"	"1/2"	"3d4.(3P2).4p"	"x 4S*"	"3/2"		"T9399"	"L15916"	
"330.0193"	"0.0003"	"330.019356"	"0.000020"	"9900"	""		"9824.626"	"40125.879"	"3d3.4s2"	"a 4P"	"5/2"	"3d4.(3F2).4p"	"s 4D*"	"7/2"		""	"L15916"	
"330.054"	"0.002"	"330.05330"	"0.00007"	"8300"	""		"9637.039"	"39935.176"	"3d3.4s2"	"a 4P"	"3/2"	"3d4.(3F2).4p"	"s 4D*"	"3/2"		""	"L14162"	
"330.0918"	"0.0005"	"330.09192"	"0.00007"	"3700"	"2.3e+06"	C+	"9824.626"	"40119.218&dagger;"	"3d3.4s2"	"a 4P"	"5/2"	"3d4.(3P2).4p"	"v 2D*"	"5/2"		"T9399"	"L4235"	
"330.605"	"0.002"	"330.60582"	"0.00005"	"8400h"	""		"9637.039"	"39884.540"	"3d3.4s2"	"a 4P"	"3/2"	"3d4.(3P2).4p"	"v 2D*"	"3/2"		""	"L14162"	
"330.9200"	"0.0002"	"330.92008"	"0.00005"	"130000"	"1.59e+05"	B	"552.955"	"30771.732"	"3d3.4s2"	"a 4F"	"9/2"	"3d3.(2G).4s.4p.(3P*)"	"y 4G*"	"9/2"		"T9399"	"L15916"	
"330.9852"	"0.0002"	"330.98520"	"0.00003"	"21000"	""		"15724.229"	"45937.060"	"3d4.(3F2).4s"	"b 4F"	"7/2"	"3d3.4s.(5F).5p"	"o 4D*"	"7/2"		""	"L15916"	
"331.01287"	"0.00012"	"331.012878"	"0.000020"	"210000"	"2.53e+07"	B+	"9637.039"	"39847.344"	"3d3.4s2"	"a 4P"	"3/2"	"3d4.(3P2).4p"	"x 4S*"	"3/2"		"T9399"	"L15916"	
"331.3965"	"0.0003"	"331.39643"	"0.00004"	"13000"	"1.32e+06"	C+	"9824.626"	"39999.966"	"3d3.4s2"	"a 4P"	"5/2"	"3d4.(3F2).4p"	"s 4D*"	"5/2"		"T9399"	"L15916"	
"331.4841"	"0.0003"	"331.48416"	"0.00003"	"8100"	""		"15724.229"	"45891.583"	"3d4.(3F2).4s"	"b 4F"	"7/2"	"3d3.(2F).4s.4p.(3P*)"	"p 4F*"	"9/2"		""	"L15916"	
"331.4962"	"0.0004"	"331.49606"	"0.00004"	"29000"	""		"15770.789"	"45937.060"	"3d4.(3F2).4s"	"b 4F"	"9/2"	"3d3.4s.(5F).5p"	"o 4D*"	"7/2"		""	"L15916"	
"331.6834"	"0.0003"	"331.68354"	"0.00009"	"21000"	""		"15688.862"	"45838.082"	"3d4.(3F2).4s"	"b 4F"	"5/2"	"3d3.4s.(5F).5p"	"o 4D*"	"5/2"		""	"L15916"	
"331.9965"	"0.0002"	"331.99656"	"0.00003"	"50000"	""		"15770.789"	"45891.583"	"3d4.(3F2).4s"	"b 4F"	"9/2"	"3d3.(2F).4s.4p.(3P*)"	"p 4F*"	"9/2"		""	"L15916"	
"332.073"	"0.002"	"332.07308"	"0.00010"	"18000"	""		"15724.229"	"45838.082"	"3d4.(3F2).4s"	"b 4F"	"7/2"	"3d3.4s.(5F).5p"	"o 4D*"	"5/2"		""	"L14162"	
"332.10953"	"0.00015"	"332.10951"	"0.00006"	"45000"	"5.2e+06"	B	"9824.626"	"39935.176"	"3d3.4s2"	"a 4P"	"5/2"	"3d4.(3F2).4p"	"s 4D*"	"3/2"		"T9399"	"L15916"	
"332.2535"	"0.0004"	"332.25342"	"0.00004"	"31000"	""		"15664.801"	"45762.309"	"3d4.(3F2).4s"	"b 4F"	"3/2"	"3d3.4s.(5F).5p"	"o 4D*"	"3/2"		""	"L15916"	
"332.26381"	"0.00015"	"332.26384"	"0.00009"	"150000"	""		"15264.832"	"45361.396"	"3d3.4s2"	"a 2H"	"11/2"	"45361o"	"r 2G*"	"9/2"		""	"L15916"	
"332.517"	"0.002"	"332.51559"	"0.00008"	"19000"	""		"13801.551"	"43875.329"	"3d3.4s2"	"a 2P"	"3/2"	"3d4.(1G2).4p"	"t 2F*"	"5/2"		""	"L14162"	
"332.53468"	"0.00015"	"332.53472"	"0.00003"	"44000"	""		"15103.784"	"45175.832"	"3d3.4s2"	"a 2H"	"9/2"	"45175o"	"r 2G*"	"7/2"		""	"L15916"	
"332.545"	"0.002"	"332.544272"	"0.000015"	"18000"	""		"15688.862"	"45760.046"	"3d4.(3F2).4s"	"b 4F"	"5/2"	"3d3.(2F).4s.4p.(3P*)"	"p 4F*"	"7/2"		""	"L14162"	
"332.73455"	"0.00010"	"332.73460"	"0.00003"	"11000"	""		"15103.784"	"45157.767"	"3d3.4s2"	"a 2H"	"9/2"	"3d3.(4F).4s.5p"	"q 4F*"	"7/2"		""	"L4235"	
"332.8940"	"0.0003"	"332.89405"	"0.00014"	"26000"	""		"18805.048"	"48844.636"	"3d4.(3P2).4s"	"b 2P"	"1/2"	"3d3.(2P).4s.4p.(1P*)"	"v 2S*"	"1/2"		""	"L15916"	
"332.9165"	"0.0003"	"332.91659"	"0.00003"	"8900"	""		"15664.801"	"45702.355"	"3d4.(3F2).4s"	"b 4F"	"3/2"	"3d3.4s.(5F).5p"	"o 4D*"	"1/2"		""	"L15916"	
"332.9357"	"0.0002"	"332.935841"	"0.000020"	"29000"	""		"15724.229"	"45760.046"	"3d4.(3F2).4s"	"b 4F"	"7/2"	"3d3.(2F).4s.4p.(3P*)"	"p 4F*"	"7/2"		""	"L15916"	
"333.08110"	"0.00009"	"333.081102"	"0.000020"	"420000"	"7.7e+07"	B+	"9824.626"	"39847.344"	"3d3.4s2"	"a 4P"	"5/2"	"3d4.(3P2).4p"	"x 4S*"	"3/2"		"T9399"	"L15916"	
"333.341"	"0.002"	"333.33948"	"0.00003"	"180"	""		"15688.862"	"45688.309"	"3d4.(3F2).4s"	"b 4F"	"5/2"	"3d3.(2F).4s.4p.(3P*)"	"p 4F*"	"5/2"		""	"L14162"	
"333.4525"	"0.0002"	"333.452743"	"0.000018"	"33000"	""		"15770.789"	"45760.046"	"3d4.(3F2).4s"	"b 4F"	"9/2"	"3d3.(2F).4s.4p.(3P*)"	"p 4F*"	"7/2"		""	"L15916"	
"333.5096"	"0.0005"	"333.50953"	"0.00004"	"270"	""		"15664.801"	"45648.952"	"3d4.(3F2).4s"	"b 4F"	"3/2"	"3d3.(2F).4s.4p.(3P*)"	"p 4F*"	"3/2"		""	"L4235"	
"333.7170"	"0.0003"	"333.71704"	"0.00007"	"15000"	""		"15688.862"	"45654.368"	"3d4.(3F2).4s"	"b 4F"	"5/2"	"45654o"	"2D*"	"5/2"		""	"L15916"	
"333.7328"	"0.0003"	"333.732923"	"0.000020"	"20000"	""		"15724.229"	"45688.309"	"3d4.(3F2).4s"	"b 4F"	"7/2"	"3d3.(2F).4s.4p.(3P*)"	"p 4F*"	"5/2"		""	"L15916"	
"333.7774"	"0.0003"	"333.77737"	"0.00004"	"20000"	""		"15688.862"	"45648.952"	"3d4.(3F2).4s"	"b 4F"	"5/2"	"3d3.(2F).4s.4p.(3P*)"	"p 4F*"	"3/2"		""	"L15916"	
"334.1113"	"0.0004"	"334.11138"	"0.00007"	"13000"	""		"15724.229"	"45654.368"	"3d4.(3F2).4s"	"b 4F"	"7/2"	"45654o"	"2D*"	"5/2"		""	"L15916"	
"334.3286"	"0.0003"	"334.32860"	"0.00010"	"14000"	""		"15664.801"	"45575.494"	"3d4.(3F2).4s"	"b 4F"	"3/2"	"45575o"	"2D*"	"3/2"		""	"L15916"	
"334.5972"	"0.0005"	"334.59776"	"0.00011"	"3300"	""		"15688.862"	"45575.494"	"3d4.(3F2).4s"	"b 4F"	"5/2"	"45575o"	"2D*"	"3/2"		""	"L4235"	
"335.73151"	"0.00012"	"335.731508"	"0.000020"	"350000"	"2.42e+07"	B+	"9637.039"	"39422.745"	"3d3.4s2"	"a 4P"	"3/2"	"3d4.(3P2).4p"	"w 4P*"	"5/2"		"T9399"	"L15916"	
"336.4506"	"0.0002"	"336.45060"	"0.00005"	"40000"	"4.2e+06"	B	"9544.635"	"39266.680"	"3d3.4s2"	"a 4P"	"1/2"	"3d4.(3F2).4p"	"u 4F*"	"3/2"		"T9399"	"L15916"	
"336.65166"	"0.00012"	"336.651675"	"0.000020"	"430000"	"3.98e+07"	B+	"9544.635"	"39248.928"	"3d3.4s2"	"a 4P"	"1/2"	"3d4.(3P2).4p"	"w 4P*"	"3/2"		"T9399"	"L15916"	
"336.78462"	"0.00015"	"336.78462"	"0.00003"	"51000"	"1.32e+07"	B	"9544.635"	"39237.202"	"3d3.4s2"	"a 4P"	"1/2"	"3d4.(3P2).4p"	"w 4P*"	"1/2"		"T9399"	"L15916"	
"336.997"	"0.010"	"336.99620"	"0.00005"	"30000"	""		"2112.282"	"31786.207&dagger;"	"3d4.(5D).4s"	"a 6D"	"1/2"	"3d3.(2P).4s.4p.(3P*)"	"2S*"	"1/2"		""	"L14162"	
"337.117"	"0.003"	"337.114659"	"0.000020"	"3700bl"	""		"9637.039"	"39300.537"	"3d3.4s2"	"a 4P"	"3/2"	"3d4.(3F2).4p"	"u 4F*"	"5/2"		""	"L3353"	
"337.20724"	"0.00018"	"337.20725"	"0.00014"	"32000"	""		"19189.283"	"48844.636"	"3d4.(3P2).4s"	"b 2P"	"3/2"	"3d3.(2P).4s.4p.(1P*)"	"v 2S*"	"1/2"		""	"L15916"	
"337.5000"	"0.0002"	"337.49987"	"0.00005"	"26000"	"4.3e+06"	C+	"9637.039"	"39266.680"	"3d3.4s2"	"a 4P"	"3/2"	"3d4.(3F2).4p"	"u 4F*"	"3/2"		"T9399"	"L15916"	
"337.70221"	"0.00012"	"337.702198"	"0.000021"	"220000"	"2.16e+07"	B+	"9637.039"	"39248.928"	"3d3.4s2"	"a 4P"	"3/2"	"3d4.(3P2).4p"	"w 4P*"	"3/2"		"T9399"	"L15916"	
"337.83598"	"0.00012"	"337.835977"	"0.000021"	"220000"	"6.6e+07"	B+	"9637.039"	"39237.202"	"3d3.4s2"	"a 4P"	"3/2"	"3d4.(3P2).4p"	"w 4P*"	"1/2"		"T9399"	"L15916"	
"337.85931"	"0.00012"	"337.859308"	"0.000021"	"430000"	"6.2e+07"	B+	"9824.626"	"39422.745"	"3d3.4s2"	"a 4P"	"5/2"	"3d4.(3P2).4p"	"w 4P*"	"5/2"		"T9399"	"L15916"	
"338.03460"	"0.00018"	"338.03455"	"0.00009"	"31000"	""		"15770.789"	"45353.564"	"3d4.(3F2).4s"	"b 4F"	"9/2"	"3d3.4s.(5F).5p"	"4G*"	"11/2"		""	"L15916"	
"338.4732"	"0.0015"	"338.47033"	"0.00011"	"5900"	""		"15688.862"	"45233.549"	"3d4.(3F2).4s"	"b 4F"	"5/2"	"45233o"	"2D*"	"3/2"		""	"L3353"	
"338.5568"	"0.0002"	"338.55679"	"0.00003"	"60000"	"2.94e+06"	B	"8578.542"	"38115.684&dagger;"	"3d4.(5D).4s"	"a 4D"	"5/2"	"3d4.(3P2).4p"	"t 4D*"	"7/2"		"T9399"	"L15916"	
"338.788"	"0.004"	"338.78600"	"0.00003"	"9500h"	""		"9824.626"	"39341.784"	"3d3.4s2"	"a 4P"	"5/2"	"3d4.(3F2).4p"	"u 4F*"	"7/2"		""	"L14162"	
"338.83444"	"0.00018"	"338.83442"	"0.00003"	"25000"	""		"15724.229"	"45237.169"	"3d4.(3F2).4s"	"b 4F"	"7/2"	"3d3.(4F).4s.5p"	"q 4F*"	"9/2"		""	"L15916"	
"339.047"	"0.003"	"339.04544"	"0.00003"	"200*"	""		"14548.816"	"44043.388"	"3d3.4s2"	"2D2"	"5/2"	"3d4.(3D).4p"	"4F*"	"5/2"		""	"L14162"	
"339.047"	"0.003"	"339.04742"	"0.00016"	"200*"	""		"15664.801"	"45159.200"	"3d4.(3F2).4s"	"b 4F"	"3/2"	"45159o"	"2P*"	"1/2"		""	"L14162"	
"339.1348"	"0.0002"	"339.13526"	"0.00006"	"22000"	""		"11100.596"	"40587.356"	"3d3.4s2"	"a 2G"	"9/2"	"3d4.(3G).4p"	"2F*"	"7/2"		""	"L15916"	
"339.17324"	"0.00015"	"339.17321"	"0.00003"	"71000"	"5.5e+06"	B	"8476.234"	"37959.695"	"3d4.(5D).4s"	"a 4D"	"3/2"	"3d4.(3P2).4p"	"t 4D*"	"5/2"		"T9399"	"L15916"	
"339.258"	"0.006"	"339.256526"	"0.000020"	"8100h*"	""		"15078.387"	"44554.607"	"3d4.(3P2).4s"	"b 4P"	"1/2"	"3d4.(3D).4p"	"p 4D*"	"3/2"		""	"L14162"	
"339.258"	"0.006"	"339.260083"	"0.000020"	"8100h*"	""		"9824.626"	"39300.537"	"3d3.4s2"	"a 4P"	"5/2"	"3d4.(3F2).4p"	"u 4F*"	"5/2"		""	"L14162"	
"339.3405"	"0.0003"	"339.340739"	"0.000020"	"19000"	""		"15688.862"	"45157.767"	"3d4.(3F2).4s"	"b 4F"	"5/2"	"3d3.(4F).4s.5p"	"q 4F*"	"7/2"		""	"L15916"	
"339.36986"	"0.00010"	"339.36982"	"0.00003"	"9300"	""		"15770.789"	"45237.169"	"3d4.(3F2).4s"	"b 4F"	"9/2"	"3d3.(4F).4s.5p"	"q 4F*"	"9/2"		""	"L4235"	
"339.6501"	"0.0002"	"339.65022"	"0.00003"	"17000"	"1.77e+06"	C+	"9824.626"	"39266.680"	"3d3.4s2"	"a 4P"	"5/2"	"3d4.(3F2).4p"	"u 4F*"	"3/2"		"T9399"	"L15916"	
"339.719"	"0.002"	"339.71810"	"0.00005"	"2000"	""		"15078.387"	"44514.558"	"3d4.(3P2).4s"	"b 4P"	"1/2"	"3d4.(3D).4p"	"p 4D*"	"1/2"		""	"L14162"	
"339.7484"	"0.0003"	"339.74811"	"0.00006"	"28000*"	""		"18513.403"	"47946.974"	"3d3.(4F).4s.4p.(3P*)"	"z 6F*"	"9/2"	"47946e"	"4F"	"9/2"		""	"L15916"	
"339.7484"	"0.0003"	"339.74849"	"0.00003"	"28000*"	""		"15724.229"	"45157.767"	"3d4.(3F2).4s"	"b 4F"	"7/2"	"3d3.(4F).4s.5p"	"q 4F*"	"7/2"		""	"L15916"	
"339.85515"	"0.00012"	"339.855131"	"0.000020"	"110000"	"1.26e+07"	B+	"9824.626"	"39248.928"	"3d3.4s2"	"a 4P"	"5/2"	"3d4.(3P2).4p"	"w 4P*"	"3/2"		"T9399"	"L15916"	
"339.88112"	"0.00018"	"339.88107"	"0.00003"	"63000"	"5.7e+06"	C+	"8413.009"	"37835.065"	"3d4.(5D).4s"	"a 4D"	"1/2"	"3d4.(3P2).4p"	"t 4D*"	"3/2"		"T9399"	"L15916"	
"339.92386"	"0.00018"	"339.92387"	"0.00008"	"28000"	""		"15688.862"	"45107.214"	"3d4.(3F2).4s"	"b 4F"	"5/2"	"3d3.(4F).4s.5p"	"q 4F*"	"5/2"		""	"L15916"	
"340.0157"	""	"340.01565"	"0.00003"	":"	"3.3e+05"	C+	"2311.369"	"31721.780"	"3d4.(5D).4s"	"a 6D"	"7/2"	"3d3.(4F).4s.4p.(1P*)"	"x 4G*"	"9/2"		"T9399"	"L18972"	
"340.1165"	"0.0002"	"340.11655"	"0.00020"	"21000"	""		"15664.801"	"45066.487"	"3d4.(3F2).4s"	"b 4F"	"3/2"	"3d3.4s.(5F).5p"	"q 4F*"	"3/2"		""	"L15916"	
"340.13679"	"0.00012"	"340.13678"	"0.00003"	"690000"	"1.91e+07"	B	"8715.747"	"38115.684&dagger;"	"3d4.(5D).4s"	"a 4D"	"7/2"	"3d4.(3P2).4p"	"t 4D*"	"7/2"		"T9399"	"L15916"	
"340.23128"	"0.00018"	"340.23126"	"0.00007"	"48000"	""		"15103.784"	"44495.557"	"3d3.4s2"	"a 2H"	"9/2"	"3d4.(1G2).4p"	"s 2G*"	"7/2"		""	"L15916"	
"340.287"	"0.003"	"340.286776"	"0.000020"	"580bl"	""		"15770.789"	"45157.767"	"3d4.(3F2).4s"	"b 4F"	"9/2"	"3d3.(4F).4s.5p"	"q 4F*"	"7/2"		""	"L3353"	
"340.335"	"0.002"	"340.33302"	"0.00008"	"2000"	""		"15724.229"	"45107.214"	"3d4.(3F2).4s"	"b 4F"	"7/2"	"3d3.(4F).4s.5p"	"q 4F*"	"5/2"		""	"L14162"	
"340.35421"	"0.00012"	"340.35424"	"0.00003"	"230000"	"1.49e+07"	B	"8578.542"	"37959.695"	"3d4.(5D).4s"	"a 4D"	"5/2"	"3d4.(3P2).4p"	"t 4D*"	"5/2"		"T9399"	"L15916"	
"340.396"	"0.002"	"340.39511"	"0.00020"	"8100"	""		"15688.862"	"45066.487"	"3d4.(3F2).4s"	"b 4F"	"5/2"	"3d3.4s.(5F).5p"	"q 4F*"	"3/2"		""	"L14162"	
"340.43356"	"0.00015"	"340.433552"	"0.000017"	"85000"	""		"15770.789"	"45145.097"	"3d4.(3F2).4s"	"b 4F"	"9/2"	"3d3.4s.(5F).5p"	"4G*"	"9/2"		""	"L15916"	
"340.5927"	"0.0002"	"340.59281"	"0.00009"	"34000"	""		"14514.756"	"43875.329"	"3d3.4s2"	"2D2"	"3/2"	"3d4.(1G2).4p"	"t 2F*"	"5/2"		""	"L15916"	
"340.61301"	"0.00012"	"340.61302"	"0.00003"	"100000"	"1.02e+07"	C+	"8476.234"	"37835.065"	"3d4.(5D).4s"	"a 4D"	"3/2"	"3d4.(3P2).4p"	"t 4D*"	"3/2"		"T9399"	"L15916"	
"340.71660"	"0.00012"	"340.71664"	"0.00006"	"190000"	""		"15103.784"	"44453.686"	"3d3.4s2"	"a 2H"	"9/2"	"3d4.(1I).4p"	"2I*"	"11/2"		""	"L15916"	
"340.760"	"0.002"	"340.757717"	"0.000020"	"41000"	""		"15270.582"	"44616.946"	"3d4.(3P2).4s"	"b 4P"	"3/2"	"3d4.(3D).4p"	"p 4D*"	"5/2"		""	"L14162"	
"340.7817"	"0.0002"	"340.78169"	"0.00013"	"64000"	"1.44e+07"	B+	"8413.009"	"37757.309"	"3d4.(5D).4s"	"a 4D"	"1/2"	"3d4.(3P2).4p"	"t 4D*"	"1/2"		"T9399"	"L15916"	
"340.89778"	"0.00018"	"340.89774"	"0.00005"	"35000"	""		"15724.229"	"45058.539"	"3d4.(3F2).4s"	"b 4F"	"7/2"	"3d3.4s.(5F).5p"	"4G*"	"7/2"		""	"L15916"	
"341.00685"	"0.00015"	"341.00680"	"0.00006"	"54000"	""		"14548.816"	"43873.744"	"3d3.4s2"	"2D2"	"5/2"	"3d4.(1G2).4p"	"t 2F*"	"7/2"		""	"L15916"	
"341.1962"	"0.0003"	"341.195944"	"0.000019"	"15000"	""		"15664.801"	"44973.473"	"3d4.(3F2).4s"	"b 4F"	"3/2"	"3d3.4s.(5F).5p"	"4G*"	"5/2"		""	"L15916"	
"341.4763"	"0.0003"	"341.476279"	"0.000020"	"19000"	""		"15688.862"	"44973.473"	"3d4.(3F2).4s"	"b 4F"	"5/2"	"3d3.4s.(5F).5p"	"4G*"	"5/2"		""	"L15916"	
"341.51739"	"0.00015"	"341.51752"	"0.00013"	"75000bl(V II)"	"1.58e+07"	B	"8476.234"	"37757.309"	"3d4.(5D).4s"	"a 4D"	"3/2"	"3d4.(3P2).4p"	"t 4D*"	"1/2"		"T9399"	"L15916"	
""	""	"341.57251"	"0.00004"	"m(Ni)"	""		"8476.234"	"37752.595"	"3d4.(5D).4s"	"a 4D"	"3/2"	"3d4.(3F2).4p"	"w 2D*"	"5/2"		""	"L14162"	
"341.80410"	"0.00018"	"341.80412"	"0.00004"	"230000"	"9.2e+06"	C+	"8578.542"	"37835.065"	"3d4.(5D).4s"	"a 4D"	"5/2"	"3d4.(3P2).4p"	"t 4D*"	"3/2"		"T9399"	"L15916"	
"341.9510"	"0.0002"	"341.95109"	"0.00005"	"180000"	""		"8715.747"	"37959.695"	"3d4.(5D).4s"	"a 4D"	"7/2"	"3d4.(3P2).4p"	"t 4D*"	"5/2"		""	"L15916"	
"342.431"	"0.004"	"342.43303"	"0.00005"	"3500h"	""		"0.000"	"29202.790"	"3d3.4s2"	"a 4F"	"3/2"	"3d3.(4P).4s.4p.(3P*)"	"y 6P*"	"3/2"		""	"L14162"	
"342.48417"	"0.00015"	"342.48413"	"0.00007"	"70000"	""		"15264.832"	"44463.265"	"3d3.4s2"	"a 2H"	"11/2"	"3d4.(1G2).4p"	"s 2G*"	"9/2"		""	"L15916"	
"342.60465"	"0.00012"	"342.60466"	"0.00011"	"360000"	""		"15264.832"	"44452.993"	"3d3.4s2"	"a 2H"	"11/2"	"3d4.(1I).4p"	"2I*"	"13/2"		""	"L15916"	
"342.7705"	"0.0003"	"342.77034"	"0.00004"	"17000"	""		"8578.542"	"37752.595"	"3d4.(5D).4s"	"a 4D"	"5/2"	"3d4.(3F2).4p"	"w 2D*"	"5/2"		""	"L15916"	
"342.807"	"0.002"	"342.808727"	"0.000020"	"22000"	""		"13810.910"	"42981.696"	"3d3.4s2"	"a 2P"	"1/2"	"3d4.(5D).5p"	"s 4F*"	"3/2"		""	"L14162"	
"342.8469"	"0.0015"	"342.84635"	"0.00013"	"4900"	""		"13801.551"	"42969.136"	"3d3.4s2"	"a 2P"	"3/2"	"3d3.(4P).4s.4p.(1P*)"	"w 4S*"	"3/2"		""	"L3353"	
"342.950"	"0.007"	"342.946736"	"0.000020"	"9400*"	""		"137.383"	"29296.430"	"3d3.4s2"	"a 4F"	"5/2"	"3d3.(4P).4s.4p.(3P*)"	"y 6P*"	"5/2"		""	"L4235"	
"342.950"	"0.007"	"342.95639"	"0.00013"	"9400*"	""		"13810.910"	"42969.136"	"3d3.4s2"	"a 2P"	"1/2"	"3d3.(4P).4s.4p.(1P*)"	"w 4S*"	"3/2"		""	"L4235"	
"343.3010"	"0.0010"	"343.29934"	"0.00008"	"63000bl"	""		"15572.035"	"44701.133"	"3d4.(3P2).4s"	"b 4P"	"5/2"	"3d4.(3D).4p"	"p 4D*"	"7/2"		""	"L4235"	
"343.3843"	"0.0003"	"343.38419"	"0.00009"	"8600"	""		"21101.589"	"50223.489"	"3d4.(3G).4s"	"2G"	"7/2"	"50223o"	"2G*"	"7/2"		""	"L15916"	
"343.706"	"0.002"	"343.70536"	"0.00004"	"35000"	""		"323.432"	"29418.119"	"3d3.4s2"	"a 4F"	"7/2"	"3d3.(4P).4s.4p.(3P*)"	"y 6P*"	"7/2"		""	"L14162"	
"343.87509"	"0.00018"	"343.87509"	"0.00006"	"24000"	""		"15103.784"	"44184.111"	"3d3.4s2"	"a 2H"	"9/2"	"3d4.(1G2).4p"	"t 2H*"	"11/2"		""	"L15916"	
"343.8840"	"0.0004"	"343.88444"	"0.00014"	"10000"	""		"19078.112"	"48157.648"	"3d4.(3F2).4s"	"a 2F"	"7/2"	"3d3.(2F).4s.4p.(3P*)"	"q 2G*"	"9/2"		""	"L15916"	
"344.2984"	"0.0002"	"344.29847"	"0.00005"	"38000"	""		"8413.009"	"37457.576"	"3d4.(5D).4s"	"a 4D"	"1/2"	"3d4.(3F2).4p"	"w 2D*"	"3/2"		""	"L15916"	
"344.32967"	"0.00015"	"344.32969"	"0.00007"	"56000"	""		"15103.784"	"44145.718"	"3d3.4s2"	"a 2H"	"9/2"	"3d4.(1G2).4p"	"t 2H*"	"9/2"		""	"L15916"	
"344.3915"	"0.0005"	"344.39000"	"0.00004"	"19000"	""		"8715.747"	"37752.595"	"3d4.(5D).4s"	"a 4D"	"7/2"	"3d4.(3F2).4p"	"w 2D*"	"5/2"		""	"L4235"	
"344.67902"	"0.00015"	"344.67902"	"0.00015"	"27000"	""		"19145.148"	"48157.648"	"3d4.(3H).4s"	"b 2H"	"11/2"	"3d3.(2F).4s.4p.(3P*)"	"q 2G*"	"9/2"		""	"L15916"	
"344.808"	"0.002"	"344.80777"	"0.00004"	"210"	""		"17242.070"	"46243.737&dagger;"	"3d4.(3G).4s"	"a 4G"	"11/2"	"3d3.(2F).4s.4p.(3P*)"	"r 4G*"	"9/2"		""	"L14162"	
"345.050"	"0.004"	"345.04958"	"0.00005"	"11000h"	""		"8476.234"	"37457.576"	"3d4.(5D).4s"	"a 4D"	"3/2"	"3d4.(3F2).4p"	"w 2D*"	"3/2"		""	"L14162"	
"345.149"	"0.002"	"345.14896"	"0.00004"	"36000"	""		"323.432"	"29296.430"	"3d3.4s2"	"a 4F"	"7/2"	"3d3.(4P).4s.4p.(3P*)"	"y 6P*"	"5/2"		""	"L14162"	
"345.450"	"0.002"	"345.44895"	"0.00010"	"18000"	""		"21275.652"	"50223.489"	"3d4.(3G).4s"	"2G"	"9/2"	"50223o"	"2G*"	"7/2"		""	"L14162"	
"345.5863"	"0.0002"	"345.58624"	"0.00008"	"30000"	""		"19023.531"	"47959.868"	"3d4.(3H).4s"	"b 2H"	"9/2"	"3d3.(2F).4s.4p.(3P*)"	"q 2G*"	"7/2"		""	"L15916"	
"345.6196"	"0.0002"	"345.61963"	"0.00008"	"9400"	""		"19026.326"	"47959.868"	"3d4.(3F2).4s"	"a 2F"	"5/2"	"3d3.(2F).4s.4p.(3P*)"	"q 2G*"	"7/2"		""	"L15916"	
"345.658"	"0.002"	"345.65783"	"0.00010"	"22000"	""		"15770.789"	"44701.133"	"3d4.(3F2).4s"	"b 4F"	"9/2"	"3d4.(3D).4p"	"p 4D*"	"7/2"		""	"L14162"	
"345.679"	"0.003"	"345.67621"	"0.00004"	"230*"	""		"14514.756"	"43443.562"	"3d3.4s2"	"2D2"	"3/2"	"3d4.(5D).5p"	"u 4P*"	"1/2"		""	"L14162"	
"345.679"	"0.003"	"345.67700"	"0.00005"	"230*"	""		"8715.747"	"37644.487"	"3d4.(5D).4s"	"a 4D"	"7/2"	"3d4.(3F2).4p"	"v 4G*"	"9/2"		""	"L14162"	
"345.79008"	"0.00012"	"345.79009"	"0.00006"	"76000"	""		"15264.832"	"44184.111"	"3d3.4s2"	"a 2H"	"11/2"	"3d4.(1G2).4p"	"t 2H*"	"11/2"		""	"L15916"	
"346.1081"	"0.0005"	"346.107983"	"0.000020"	"7500"	""		"15724.229"	"44616.946"	"3d4.(3F2).4s"	"b 4F"	"7/2"	"3d4.(3D).4p"	"p 4D*"	"5/2"		""	"L4235"	
""	""	"346.27197"	"0.00006"	"3500000m(Ni)"	""		"8578.542"	"37457.576"	"3d4.(5D).4s"	"a 4D"	"5/2"	"3d4.(3F2).4p"	"w 2D*"	"3/2"		""	"L14162"	
"346.4316"	"0.0004"	"346.43138"	"0.00004"	"6800bl(V II)"	""		"15688.862"	"44554.607"	"3d4.(3F2).4s"	"b 4F"	"5/2"	"3d4.(3D).4p"	"p 4D*"	"3/2"		""	"L15916"	
"346.6233"	"0.0005"	"346.62337"	"0.00006"	"5200"	""		"15664.801"	"44514.558"	"3d4.(3F2).4s"	"b 4F"	"3/2"	"3d4.(3D).4p"	"p 4D*"	"1/2"		""	"L4235"	
"347.7345"	"0.0015"	"347.73588"	"0.00015"	"9000bl"	""		"21646.420"	"50403.878"	"3d4.(1G2).4s"	"b 2G"	"7/2"	"50403o"	"r 2F*"	"5/2"		""	"L3353"	
"348.1756"	"0.0005"	"348.17566"	"0.00010"	"13000"	""		"17116.947"	"45838.082"	"3d4.(3G).4s"	"a 4G"	"7/2"	"3d3.4s.(5F).5p"	"o 4D*"	"5/2"		""	"L4235"	
"348.3167"	"0.0003"	"348.31664"	"0.00004"	"19000"	""		"17182.073"	"45891.583"	"3d4.(3G).4s"	"a 4G"	"9/2"	"3d3.(2F).4s.4p.(3P*)"	"p 4F*"	"9/2"		""	"L15916"	
"348.6865"	"0.0003"	"348.68641"	"0.00010"	"24000"	""		"13801.551"	"42480.615"	"3d3.4s2"	"a 2P"	"3/2"	"3d4.(3D).4p"	"v 2P*"	"1/2"		""	"L15916"	
"348.80026"	"0.00018"	"348.80024"	"0.00010"	"22000"	""		"13810.910"	"42480.615"	"3d3.4s2"	"a 2P"	"1/2"	"3d4.(3D).4p"	"v 2P*"	"1/2"		""	"L15916"	
"349.0461"	"0.0002"	"349.04607"	"0.00003"	"140000"	""		"17242.070"	"45891.583"	"3d4.(3G).4s"	"a 4G"	"11/2"	"3d3.(2F).4s.4p.(3P*)"	"p 4F*"	"9/2"		""	"L15916"	
"349.1243"	"0.0003"	"349.124234"	"0.000018"	"19000"	""		"17116.947"	"45760.046"	"3d4.(3G).4s"	"a 4G"	"7/2"	"3d3.(2F).4s.4p.(3P*)"	"p 4F*"	"7/2"		""	"L15916"	
"349.239"	"0.002"	"349.24268"	"0.00003"	"220"	""		"17054.924"	"45688.309"	"3d4.(3G).4s"	"a 4G"	"5/2"	"3d3.(2F).4s.4p.(3P*)"	"p 4F*"	"5/2"		""	"L14162"	
"349.6572"	"0.0004"	"349.65715"	"0.00009"	"7500"	""		"17054.924"	"45654.368"	"3d4.(3G).4s"	"a 4G"	"5/2"	"45654o"	"2D*"	"5/2"		""	"L15916"	
"349.7234"	"0.0002"	"349.72338"	"0.00003"	"13000"	""		"17054.924"	"45648.952"	"3d4.(3G).4s"	"a 4G"	"5/2"	"3d3.(2F).4s.4p.(3P*)"	"p 4F*"	"3/2"		""	"L15916"	
"349.7932"	"0.0002"	"349.79312"	"0.00009"	"38000"	"2.5e+07"	C+	"19023.531"	"47611.858"	"3d4.(3H).4s"	"b 2H"	"9/2"	"3d3.(2G).4s.4p.(1P*)"	"2H*"	"9/2"		"T9399"	"L15916"	
"349.9199"	"0.0002"	"349.919849"	"0.000018"	"45000"	""		"17182.073"	"45760.046"	"3d4.(3G).4s"	"a 4G"	"9/2"	"3d3.(2F).4s.4p.(3P*)"	"p 4F*"	"7/2"		""	"L15916"	
"350.0007"	"0.0003"	"350.00082"	"0.00003"	"16000"	""		"17116.947"	"45688.309"	"3d4.(3G).4s"	"a 4G"	"7/2"	"3d3.(2F).4s.4p.(3P*)"	"p 4F*"	"5/2"		""	"L15916"	
"350.1335"	"0.0003"	"350.13367"	"0.00009"	"21000bl(V II)"	""		"13801.551"	"42362.072"	"3d3.4s2"	"a 2P"	"3/2"	"3d3.(4P).4s.4p.(3P*)"	"w 2S*"	"1/2"		""	"L15916"	
"350.18103"	"0.00018"	"350.18102"	"0.00009"	"120000"	"2.3e+07"	C+	"19145.148"	"47701.807"	"3d4.(3H).4s"	"b 2H"	"11/2"	"3d3.(2G).4s.4p.(1P*)"	"2H*"	"11/2"		"T9399"	"L15916"	
"350.24844"	"0.00012"	"350.24844"	"0.00009"	"110000"	""		"13810.910"	"42362.072"	"3d3.4s2"	"a 2P"	"1/2"	"3d3.(4P).4s.4p.(3P*)"	"w 2S*"	"1/2"		""	"L15916"	
"350.4172"	"0.0002"	"350.41709"	"0.00007"	"18000"	""		"17116.947"	"45654.368"	"3d4.(3G).4s"	"a 4G"	"7/2"	"45654o"	"2D*"	"5/2"		""	"L15916"	
"350.6245"	"0.0003"	"350.62413"	"0.00012"	"15000"	""		"17054.924"	"45575.494"	"3d4.(3G).4s"	"a 4G"	"5/2"	"45575o"	"2D*"	"3/2"		""	"L15916"	
"350.66905"	"0.00015"	"350.66907"	"0.00007"	"200000"	""		"13801.551"	"42318.466"	"3d3.4s2"	"a 2P"	"3/2"	"3d4.(3D).4p"	"v 2P*"	"3/2"		""	"L15916"	
"350.78422"	"0.00015"	"350.78419"	"0.00007"	"39000"	""		"13810.910"	"42318.466"	"3d3.4s2"	"a 2P"	"1/2"	"3d4.(3D).4p"	"v 2P*"	"3/2"		""	"L15916"	
"351.2874"	"0.0005"	"351.28752"	"0.00007"	"2500"	""		"19145.148"	"47611.858"	"3d4.(3H).4s"	"b 2H"	"11/2"	"3d3.(2G).4s.4p.(1P*)"	"2H*"	"9/2"		""	"L4235"	
"351.564"	"0.003"	"351.55922"	"0.00007"	"7000"	""		"323.432"	"28768.142"	"3d3.4s2"	"a 4F"	"7/2"	"3d3.(4P).4s.4p.(3P*)"	"x 6D*"	"9/2"		""	"L4235"	
"351.7169"	"0.0004"	"351.71675"	"0.00004"	"11000"	""		"15770.789"	"44202.759"	"3d4.(3F2).4s"	"b 4F"	"9/2"	"3d3.4s.(5F).5p"	"6D*"	"9/2"		""	"L15916"	
"351.7923"	"0.0004"	"351.792285"	"0.000019"	"10000"	""		"15078.387"	"43504.252&dagger;"	"3d4.(3P2).4s"	"b 4P"	"1/2"	"3d4.(5D).5p"	"u 4P*"	"3/2"		""	"L15916"	
"351.9179"	"0.0003"	"351.918130"	"0.000020"	"8300"	""		"15688.862"	"44104.562"	"3d4.(3F2).4s"	"b 4F"	"5/2"	"3d4.(3D).4p"	"4F*"	"7/2"		""	"L15916"	
"352.0166"	"0.0003"	"352.01664"	"0.00006"	"49000"	""		"15770.789"	"44178.537"	"3d4.(3F2).4s"	"b 4F"	"9/2"	"3d4.(3D).4p"	"4F*"	"9/2"		""	"L15916"	
"352.3567"	"0.0002"	"352.356683"	"0.000019"	"42000"	""		"15724.229"	"44104.562"	"3d4.(3F2).4s"	"b 4F"	"7/2"	"3d4.(3D).4p"	"4F*"	"7/2"		""	"L15916"	
"352.502"	"0.002"	"352.50051"	"0.00007"	"1200"	""		"0.000"	"28368.753"	"3d3.4s2"	"a 4F"	"3/2"	"3d3.(4P).4s.4p.(3P*)"	"x 6D*"	"3/2"		""	"L14162"	
"352.67743"	"0.00018"	"352.677382"	"0.000016"	"34000"	""		"15688.862"	"44043.388"	"3d4.(3F2).4s"	"b 4F"	"5/2"	"3d4.(3D).4p"	"4F*"	"5/2"		""	"L15916"	
"352.8755"	"0.0002"	"352.87567"	"0.00005"	"36000"	""		"8476.234"	"36814.827"	"3d4.(5D).4s"	"a 4D"	"3/2"	"3d3.(2D2).4s.4p.(3P*)"	"x 4P*"	"3/2"		""	"L15916"	
"352.9209"	"0.0002"	"352.92091"	"0.00003"	"27000"	""		"15664.801"	"43999.761"	"3d4.(3F2).4s"	"b 4F"	"3/2"	"3d4.(3D).4p"	"4F*"	"3/2"		""	"L15916"	
"353.048"	"0.003"	"353.04758"	"0.00010"	"6100"	""		"137.383"	"28462.177"	"3d3.4s2"	"a 4F"	"5/2"	"3d3.(4P).4s.4p.(3P*)"	"x 6D*"	"5/2"		""	"L3353"	
"353.07424"	"0.00012"	"353.07423"	"0.00003"	"940000"	"4.9e+07"	B+	"9637.039"	"37959.695"	"3d3.4s2"	"a 4P"	"3/2"	"3d4.(3P2).4p"	"t 4D*"	"5/2"		"T9399"	"L15916"	
"353.1177"	"0.0004"	"353.117831"	"0.000019"	"9100"	""		"15724.229"	"44043.388"	"3d4.(3F2).4s"	"b 4F"	"7/2"	"3d4.(3D).4p"	"4F*"	"5/2"		""	"L15916"	
"353.188"	"0.002"	"353.18684"	"0.00007"	"10000?"	""		"0.000"	"28313.626"	"3d3.4s2"	"a 4F"	"3/2"	"3d3.(4P).4s.4p.(3P*)"	"x 6D*"	"1/2"		""	"L14162"	
"353.2208"	"0.0003"	"353.220857"	"0.000020"	"7500"	""		"15688.862"	"43999.761"	"3d4.(3F2).4s"	"b 4F"	"5/2"	"3d4.(3D).4p"	"4F*"	"3/2"		""	"L15916"	
"353.3278"	"0.0003"	"353.32769"	"0.00003"	"15000bl(V II)"	""		"15724.229"	"44026.568"	"3d4.(3F2).4s"	"b 4F"	"7/2"	"3d3.4s.(5F).5p"	"6D*"	"7/2"		""	"L15916"	
"353.4438"	"0.0004"	"353.44385"	"0.00014"	"5800"	""		"18805.048"	"47098.085"	"3d4.(3P2).4s"	"b 2P"	"1/2"	"3d3.(2P).4s.4p.(1P*)"	"2P*"	"1/2"		""	"L15916"	
"353.46858"	"0.00012"	"353.46858"	"0.00004"	"2300000"	"6.3e+07"	B+	"9824.626"	"38115.684&dagger;"	"3d3.4s2"	"a 4P"	"5/2"	"3d4.(3P2).4p"	"t 4D*"	"7/2"		"T9399"	"L15916"	
"353.47641"	"0.00012"	"353.47642"	"0.00003"	"280000"	"2.8e+07"	B	"9544.635"	"37835.065"	"3d3.4s2"	"a 4P"	"1/2"	"3d4.(3P2).4p"	"t 4D*"	"3/2"		"T9399"	"L15916"	
"353.5743"	"0.0002"	"353.57424"	"0.00005"	"45000"	""		"8413.009"	"36695.612"	"3d4.(5D).4s"	"a 4D"	"1/2"	"3d3.(2D2).4s.4p.(3P*)"	"x 4P*"	"1/2"		""	"L15916"	
"353.702"	"0.002"	"353.70428"	"0.00006"	"15000bl"	""		"323.432"	"28595.637"	"3d3.4s2"	"a 4F"	"7/2"	"3d3.(4P).4s.4p.(3P*)"	"x 6D*"	"7/2"		""	"L4235"	
"354.1543"	"0.0003"	"354.15424"	"0.00005"	"73000"	""		"8578.542"	"36814.827"	"3d4.(5D).4s"	"a 4D"	"5/2"	"3d3.(2D2).4s.4p.(3P*)"	"x 4P*"	"3/2"		""	"L15916"	
"354.216"	"0.002"	"354.21590"	"0.00008"	"1200"	""		"137.383"	"28368.753"	"3d3.4s2"	"a 4F"	"5/2"	"3d3.(4P).4s.4p.(3P*)"	"x 6D*"	"3/2"		""	"L14162"	
"354.2249"	"0.0005"	"354.224377"	"0.000020"	"5600"	""		"15078.387"	"43309.081"	"3d4.(3P2).4s"	"b 4P"	"1/2"	"3d4.(5D).5p"	"q 4D*"	"3/2"		""	"L4235"	
"354.2998"	"0.0003"	"354.29997"	"0.00011"	"14000"	""		"19189.283"	"47413.954&dagger;"	"3d4.(3P2).4s"	"b 2P"	"3/2"	"3d3.(2P).4s.4p.(1P*)"	"2P*"	"3/2"		""	"L15916"	
"354.3664"	"0.0002"	"354.36642"	"0.00005"	"51000"	""		"8476.234"	"36695.612"	"3d4.(5D).4s"	"a 4D"	"3/2"	"3d3.(2D2).4s.4p.(3P*)"	"x 4P*"	"1/2"		""	"L15916"	
"354.418"	"0.002"	"354.41906"	"0.00008"	"3300"	""		"552.955"	"28768.142"	"3d3.4s2"	"a 4F"	"9/2"	"3d3.(4P).4s.4p.(3P*)"	"x 6D*"	"9/2"		""	"L14162"	
"354.45063"	"0.00012"	"354.45063"	"0.00014"	"450000"	"5.9e+07"	B+	"9544.635"	"37757.309"	"3d3.4s2"	"a 4P"	"1/2"	"3d4.(3P2).4p"	"t 4D*"	"1/2"		"T9399"	"L15916"	
"354.63475"	"0.00012"	"354.63475"	"0.00003"	"310000"	"3.1e+07"	B	"9637.039"	"37835.065"	"3d3.4s2"	"a 4P"	"3/2"	"3d4.(3P2).4p"	"t 4D*"	"3/2"		"T9399"	"L15916"	
"354.9687"	"0.0005"	"354.96879"	"0.00010"	"13000"	""		"17182.073"	"45353.564"	"3d4.(3G).4s"	"a 4G"	"9/2"	"3d3.4s.(5F).5p"	"4G*"	"11/2"		""	"L4235"	
"354.9922"	"0.0002"	"354.99218"	"0.00015"	"14000"	""		"24778.321"	"52947.956"	"3d3.4s2"	"2F"	"7/2"	"52947o"	"p 2G*"	"9/2"		""	"L15916"	
"355.2545"	"0.0002"	"355.25440"	"0.00008"	"54000"	""		"13801.551"	"41950.393"	"3d3.4s2"	"a 2P"	"3/2"	"3d4.(3D).4p"	"u 2F*"	"5/2"		""	"L4235"	
"355.3609"	"0.0004"	"355.36096"	"0.00003"	"23000"	""		"15270.582"	"43410.983"	"3d4.(3P2).4s"	"b 4P"	"3/2"	"3d4.(5D).5p"	"q 4D*"	"5/2"		""	"L15916"	
"355.382"	"0.002"	"355.38188"	"0.00009"	"6400"	""		"323.432"	"28462.177"	"3d3.4s2"	"a 4F"	"7/2"	"3d3.(4P).4s.4p.(3P*)"	"x 6D*"	"5/2"		""	"L14162"	
"355.4213"	"0.0003"	"355.42146"	"0.00004"	"9900"	""		"8476.234"	"36611.845"	"3d4.(5D).4s"	"a 4D"	"3/2"	"3d3.(2D2).4s.4p.(3P*)"	"x 4P*"	"5/2"		""	"L15916"	
"355.42831"	"0.00012"	"355.42831"	"0.00004"	"450000"	"1.84e+07"	B+	"9824.626"	"37959.695"	"3d3.4s2"	"a 4P"	"5/2"	"3d4.(3P2).4p"	"t 4D*"	"5/2"		"T9399"	"L15916"	
"355.61543"	"0.00015"	"355.61536"	"0.00014"	"61000"	"2.1e+07"	D+	"9637.039"	"37757.309"	"3d3.4s2"	"a 4P"	"3/2"	"3d4.(3P2).4p"	"t 4D*"	"1/2"		"T284n"	"L15916"	
"355.67496"	"0.00012"	"355.67499"	"0.00004"	"71000"	""		"9637.039"	"37752.595"	"3d3.4s2"	"a 4P"	"3/2"	"3d4.(3F2).4p"	"w 2D*"	"5/2"		""	"L15916"	
"355.72635"	"0.00012"	"355.72638"	"0.00010"	"180000"	""		"17242.070"	"45353.564"	"3d4.(3G).4s"	"a 4G"	"11/2"	"3d3.4s.(5F).5p"	"4G*"	"11/2"		""	"L15916"	
"356.0271"	"0.0002"	"356.02709"	"0.00008"	"17000"	""		"17116.947"	"45204.697"	"3d4.(3G).4s"	"a 4G"	"7/2"	"45204o"	"2D*"	"5/2"		""	"L15916"	
"356.3147"	"0.0003"	"356.31464"	"0.00011"	"36000"	""		"19078.112"	"47143.195&dagger;"	"3d4.(3F2).4s"	"a 2F"	"7/2"	"3d3.(2F).4s.4p.(3P*)"	"s 2F*"	"7/2"		""	"L15916"	
"356.44151"	"0.00018"	"356.441482"	"0.000020"	"45000"	""		"17182.073"	"45237.169"	"3d4.(3G).4s"	"a 4G"	"9/2"	"3d3.(4F).4s.5p"	"q 4F*"	"9/2"		""	"L15916"	
"356.600"	"0.002"	"356.59927"	"0.00006"	"42000"	""		"552.955"	"28595.637"	"3d3.4s2"	"a 4F"	"9/2"	"3d3.(4P).4s.4p.(3P*)"	"x 6D*"	"7/2"		""	"L14162"	
"356.6524"	"0.0004"	"356.65247"	"0.00003"	"24000"	""		"15270.582"	"43309.081"	"3d4.(3P2).4s"	"b 4P"	"3/2"	"3d4.(5D).5p"	"q 4D*"	"3/2"		""	"L15916"	
"356.7164"	"0.0010"	"356.71858"	"0.00004"	"470000bl"	""		"8578.542"	"36611.845"	"3d4.(5D).4s"	"a 4D"	"5/2"	"3d3.(2D2).4s.4p.(3P*)"	"x 4P*"	"5/2"		""	"L4235"	
"356.7843"	"0.0004"	"356.784162"	"0.000018"	"11000"	""		"17116.947"	"45145.097"	"3d4.(3G).4s"	"a 4G"	"7/2"	"3d3.4s.(5F).5p"	"4G*"	"9/2"		""	"L15916"	
"356.99543"	"0.00012"	"356.99543"	"0.00020"	"180000"	""		"17054.924"	"45066.487"	"3d4.(3G).4s"	"a 4G"	"5/2"	"3d3.4s.(5F).5p"	"q 4F*"	"3/2"		""	"L15916"	
"357.00979"	"0.00015"	"357.00976"	"0.00003"	"27000"	"2.6e+06"	C+	"9824.626"	"37835.065"	"3d3.4s2"	"a 4P"	"5/2"	"3d4.(3P2).4p"	"t 4D*"	"3/2"		"T9399"	"L15916"	
"357.0966"	"0.0003"	"357.09675"	"0.00006"	"25000"	""		"17054.924"	"45058.539"	"3d4.(3G).4s"	"a 4G"	"5/2"	"3d3.4s.(5F).5p"	"4G*"	"7/2"		""	"L15916"	
"357.20537"	"0.00015"	"357.20538"	"0.00004"	"180000"	""		"17242.070"	"45237.169"	"3d4.(3G).4s"	"a 4G"	"11/2"	"3d3.(4F).4s.5p"	"q 4F*"	"9/2"		""	"L15916"	
"357.22238"	"0.00010"	"357.22248"	"0.00003"	"58000"	""		"17182.073"	"45175.832"	"3d4.(3G).4s"	"a 4G"	"9/2"	"45175o"	"r 2G*"	"7/2"		""	"L4235"	
"357.26702"	"0.00012"	"357.26705"	"0.00009"	"290000"	""		"17116.947"	"45107.214"	"3d4.(3G).4s"	"a 4G"	"7/2"	"3d3.(4F).4s.5p"	"q 4F*"	"5/2"		""	"L15916"	
"357.33364"	"0.00010"	"357.33402"	"0.00013"	"9800"	""		"8715.747"	"36700.768"	"3d4.(5D).4s"	"a 4D"	"7/2"	"3d3.(4P).4s.4p.(3P*)"	"x 2D*"	"5/2"		""	"L4235"	
"357.3559"	"0.0002"	"357.35605"	"0.00003"	"51000"	""		"15572.035"	"43555.331"	"3d4.(3P2).4s"	"b 4P"	"5/2"	"3d4.(5D).5p"	"q 4D*"	"7/2"		""	"L15916"	
"357.45320"	"0.00012"	"357.45315"	"0.00003"	"290000"	""		"17182.073"	"45157.767"	"3d4.(3G).4s"	"a 4G"	"9/2"	"3d3.(4F).4s.5p"	"q 4F*"	"7/2"		""	"L15916"	
"357.5191"	"0.0005"	"357.51925"	"0.00020"	"13000bl"	""		"19026.326"	"46996.848&dagger;"	"3d4.(3F2).4s"	"a 2F"	"5/2"	"3d3.(2F).4s.4p.(3P*)"	"s 2F*"	"5/2"		""	"L4235"	
"357.57885"	"0.00015"	"357.57886"	"0.00010"	"120000"	""		"14514.756"	"42480.615"	"3d3.4s2"	"2D2"	"3/2"	"3d4.(3D).4p"	"v 2P*"	"1/2"		""	"L15916"	
"357.61498"	"0.00018"	"357.615113"	"0.000018"	"100000"	""		"17182.073"	"45145.097"	"3d4.(3G).4s"	"a 4G"	"9/2"	"3d3.4s.(5F).5p"	"4G*"	"9/2"		""	"L15916"	
"357.88932"	"0.00015"	"357.88941"	"0.00006"	"180000bl(V II)"	""		"17116.947"	"45058.539"	"3d4.(3G).4s"	"a 4G"	"7/2"	"3d3.4s.(5F).5p"	"4G*"	"7/2"		""	"L15916"	
"358.0102"	"0.0003"	"358.01016"	"0.00003"	"31000"	""		"8476.234"	"36408.402"	"3d4.(5D).4s"	"a 4D"	"3/2"	"3d3.(4P).4s.4p.(3P*)"	"y 4S*"	"3/2"		""	"L15916"	
"358.0639"	"0.0004"	"358.06377"	"0.00015"	"11000*"	""		"16361.489"	"44289.475"	"3d3.(4F).4s.4p.(3P*)"	"z 6G*"	"3/2"	"3d3.4s.(5F).4d"	"4P"	"5/2"		""	"L15916"	
"358.0639"	"0.0004"	"358.06399"	"0.00004"	"11000*"	""		"9824.626"	"37752.595"	"3d3.4s2"	"a 4P"	"5/2"	"3d4.(3F2).4p"	"w 2D*"	"5/2"		""	"L15916"	
"358.18480"	"0.00012"	"358.184804"	"0.000021"	"110000"	""		"17054.924"	"44973.473"	"3d4.(3G).4s"	"a 4G"	"5/2"	"3d3.4s.(5F).5p"	"4G*"	"5/2"		""	"L15916"	
"358.2410"	"0.0003"	"358.24097"	"0.00015"	"9800"	""		"24859.901"	"52774.073"	"3d3.4s2"	"2F"	"5/2"	"52774o"	"p 2G*"	"7/2"		""	"L15916"	
"358.2567"	"0.0004"	"358.25677"	"0.00005"	"9800"	""		"9544.635"	"37457.576"	"3d3.4s2"	"a 4P"	"1/2"	"3d4.(3F2).4p"	"w 2D*"	"3/2"		""	"L15916"	
"358.3192"	"0.0003"	"358.31926"	"0.00006"	"21000"	""		"11100.596"	"39008.669"	"3d3.4s2"	"a 2G"	"9/2"	"3d3.(2H).4s.4p.(3P*)"	"y 2I*"	"11/2"		""	"L15916"	
"358.38408"	"0.00012"	"358.384056"	"0.000021"	"180000"	""		"17242.070"	"45145.097"	"3d4.(3G).4s"	"a 4G"	"11/2"	"3d3.4s.(5F).5p"	"4G*"	"9/2"		""	"L15916"	
"358.4731"	"0.0002"	"358.47307"	"0.00006"	"230000"	"4.6e+06"	D+	"8715.747"	"36611.845"	"3d4.(5D).4s"	"a 4D"	"7/2"	"3d3.(2D2).4s.4p.(3P*)"	"x 4P*"	"5/2"		"T284n"	"L15916"	
"358.5418"	"0.0004"	"358.54182"	"0.00015"	"20000"	""		"15078.387"	"42969.136"	"3d4.(3P2).4s"	"b 4P"	"1/2"	"3d3.(4P).4s.4p.(1P*)"	"w 4S*"	"3/2"		""	"L15916"	
"358.7257"	"0.0003"	"358.72553"	"0.00006"	"12000"	""		"17182.073"	"45058.539"	"3d4.(3G).4s"	"a 4G"	"9/2"	"3d3.4s.(5F).5p"	"4G*"	"7/2"		""	"L15916"	
"358.7518"	"0.0003"	"358.75174"	"0.00003"	"6500"	"4.6e+04"	C+	"2220.156"	"30094.585"	"3d4.(5D).4s"	"a 6D"	"5/2"	"3d3.(4P).4s.4p.(3P*)"	"y 4P*"	"3/2"		"T9399"	"L15916"	
"359.1012"	"0.0004"	"359.10104"	"0.00010"	"14000"	""		"14514.756"	"42362.072"	"3d3.4s2"	"2D2"	"3/2"	"3d3.(4P).4s.4p.(3P*)"	"w 2S*"	"1/2"		""	"L15916"	
"359.2089"	"0.0005"	"359.208976"	"0.000021"	"26000"	""		"15572.035"	"43410.983"	"3d4.(3P2).4s"	"b 4P"	"5/2"	"3d4.(5D).5p"	"q 4D*"	"5/2"		""	"L15916"	
"359.3263"	"0.0003"	"359.32628"	"0.00003"	"2400000"	""		"8578.542"	"36408.402"	"3d4.(5D).4s"	"a 4D"	"5/2"	"3d3.(4P).4s.4p.(3P*)"	"y 4S*"	"3/2"		""	"L15916"	
"359.5899"	"0.0004"	"359.58994"	"0.00003"	"5700"	""		"2311.369"	"30120.823"	"3d4.(5D).4s"	"a 6D"	"7/2"	"3d3.(4P).4s.4p.(3P*)"	"y 4P*"	"5/2"		""	"L15916"	
"359.6643"	"0.0003"	"359.66423"	"0.00006"	"19000"	""		"14514.756"	"42318.466"	"3d3.4s2"	"2D2"	"3/2"	"3d4.(3D).4p"	"v 2P*"	"3/2"		""	"L15916"	
"359.9125"	"0.0005"	"359.912357"	"0.000019"	"15000"	""		"15770.789"	"43555.331"	"3d4.(3F2).4s"	"b 4F"	"9/2"	"3d4.(5D).5p"	"q 4D*"	"7/2"		""	"L15916"	
"360.10532"	"0.00018"	"360.10537"	"0.00006"	"83000"	""		"14548.816"	"42318.466"	"3d3.4s2"	"2D2"	"5/2"	"3d4.(3D).4p"	"v 2P*"	"3/2"		""	"L15916"	
"360.77147"	"0.00015"	"360.77146"	"0.00007"	"440000"	""		"10892.520"	"38610.899"	"3d3.4s2"	"a 2G"	"7/2"	"3d3.(2H).4s.4p.(3P*)"	"u 2G*"	"7/2"		""	"L15916"	
"361.0295"	"0.0003"	"361.02968"	"0.00017"	"44000"	""		"15270.582"	"42969.136"	"3d4.(3P2).4s"	"b 4P"	"3/2"	"3d3.(4P).4s.4p.(1P*)"	"w 4S*"	"3/2"		""	"L15916"	
"361.1835"	"0.0003"	"361.183546"	"0.000016"	"14000"	""		"15724.229"	"43410.983"	"3d4.(3F2).4s"	"b 4F"	"7/2"	"3d4.(5D).5p"	"q 4D*"	"5/2"		""	"L15916"	
"361.7751"	"0.0003"	"361.77512"	"0.00014"	"150000"	""		"22479.403"	"50120.884&dagger;"	"3d4.(1I).4s"	"2I"	"13/2"	"3d3.(2H).4s.4p.(1P*)"	"x 2I*"	"13/2"		""	"L15916"	
"361.8299"	"0.0005"	"361.82971"	"0.00010"	"13000"	""		"10892.520"	"38529.830"	"3d3.4s2"	"a 2G"	"7/2"	"3d3.(2H).4s.4p.(3P*)"	"u 2G*"	"9/2"		""	"L15916"	
"362.0535"	"0.0003"	"362.053610"	"0.000012"	"12000"	""		"15688.862"	"43309.081"	"3d4.(3F2).4s"	"b 4F"	"5/2"	"3d4.(5D).5p"	"q 4D*"	"3/2"		""	"L15916"	
"362.5195"	"0.0004"	"362.51946"	"0.00003"	"8800"	""		"15664.801"	"43249.527"	"3d4.(3F2).4s"	"b 4F"	"3/2"	"3d4.(5D).5p"	"q 4D*"	"1/2"		""	"L15916"	
"362.9459"	"0.0002"	"362.94568"	"0.00011"	"15000"	""		"16361.489"	"43913.821&dagger;"	"3d3.(4F).4s.4p.(3P*)"	"z 6G*"	"3/2"	"3d3.4s.(5F).4d"	"6F"	"3/2"		""	"L15916"	
"363.0388"	"0.0002"	"363.0386"	"0.0003"	"22000"	""		"16449.875"	"43995.152"	"3d3.(4F).4s.4p.(3P*)"	"z 6G*"	"5/2"	"3d3.4s.(5F).4d"	"6F"	"5/2"		""	"L15916"	
"363.2739"	"0.0003"	"363.27390"	"0.00008"	"24000"	""		"16572.638"	"44100.077"	"3d3.(4F).4s.4p.(3P*)"	"z 6G*"	"7/2"	"3d3.4s.(5F).4d"	"6F"	"7/2"		""	"L15916"	
"363.4961"	"0.0007"	"363.49613"	"0.00011"	"7700"	""		"16572.638"	"44083.247"	"3d3.(4F).4s.4p.(3P*)"	"z 6G*"	"7/2"	"3d3.4s.(5F).4d"	"f 6P"	"7/2"		""	"L4235"	
"363.646"	"0.005"	"363.65256"	"0.00016"	"13000bl"	""		"22479.403"	"49978.178"	"3d4.(1I).4s"	"2I"	"13/2"	"3d3.(2H).4s.4p.(1P*)"	"x 2I*"	"11/2"		""	"L4235"	
"363.8009"	"0.0002"	"363.80070"	"0.00015"	"18000"	""		"16361.489"	"43849.067"	"3d3.(4F).4s.4p.(3P*)"	"z 6G*"	"3/2"	"3d3.4s.(5F).4d"	"6F"	"1/2"		""	"L15916"	
"363.828"	"0.002"	"363.82669"	"0.00011"	"2800"	""		"16361.489"	"43847.103"	"3d3.(4F).4s.4p.(3P*)"	"z 6G*"	"3/2"	"3d3.4s.(5F).4d"	"f 6G"	"5/2"		""	"L14162"	
"363.8795"	"0.0003"	"363.87941"	"0.00015"	"120000"	""		"22496.546"	"49978.178"	"3d4.(1I).4s"	"2I"	"11/2"	"3d3.(2H).4s.4p.(1P*)"	"x 2I*"	"11/2"		""	"L15916"	
"363.94334"	"0.00018"	"363.94336"	"0.00008"	"57000"	""		"16728.803"	"44205.606"	"3d3.(4F).4s.4p.(3P*)"	"z 6G*"	"9/2"	"3d3.4s.(5F).4d"	"6F"	"9/2"		""	"L15916"	
"363.9627"	"0.0003"	"363.96269"	"0.00009"	"11000"	""		"16917.210"	"44392.554"	"3d3.(4F).4s.4p.(3P*)"	"z 6G*"	"11/2"	"3d3.4s.(5F).4d"	"4H"	"13/2"		""	"L15916"	
"364.00586"	"0.00012"	"364.00584"	"0.00007"	"390000"	"2.55e+07"	B	"14548.816"	"42020.903"	"3d3.4s2"	"2D2"	"5/2"	"3d4.(3D).4p"	"u 2F*"	"7/2"		"T9399"	"L15916"	
"364.1047"	"0.0002"	"364.10475"	"0.00008"	"18000"	""		"16728.803"	"44193.427"	"3d3.(4F).4s.4p.(3P*)"	"z 6G*"	"9/2"	"3d3.4s.(5F).4d"	"4H"	"11/2"		""	"L15916"	
"364.11380"	"0.00018"	"364.11374"	"0.00011"	"46000"	""		"16449.875"	"43913.821&dagger;"	"3d3.(4F).4s.4p.(3P*)"	"z 6G*"	"5/2"	"3d3.4s.(5F).4d"	"6F"	"3/2"		""	"L15916"	
"364.21339"	"0.00015"	"364.21344"	"0.00011"	"80000"	""		"16361.489"	"43817.917&dagger;"	"3d3.(4F).4s.4p.(3P*)"	"z 6G*"	"3/2"	"3d3.4s.(5F).4d"	"f 6G"	"3/2"		""	"L15916"	
"364.2209"	"0.0002"	"364.22081"	"0.00005"	"24000"	""		"16572.638"	"44028.510"	"3d3.(4F).4s.4p.(3P*)"	"z 6G*"	"7/2"	"3d3.4s.(5F).4d"	"4H"	"9/2"		""	"L15916"	
"364.4136"	"0.0003"	"364.41345"	"0.00007"	"21000"	""		"16449.875"	"43891.233"	"3d3.(4F).4s.4p.(3P*)"	"z 6G*"	"5/2"	"3d3.4s.(5F).4d"	"4H"	"7/2"		""	"L15916"	
"364.48943"	"0.00015"	"364.48944"	"0.00008"	"200000"	""		"14514.756"	"41950.393"	"3d3.4s2"	"2D2"	"3/2"	"3d4.(3D).4p"	"u 2F*"	"5/2"		""	"L15916"	
"364.5314"	"0.0002"	"364.53157"	"0.00011"	"10000"	""		"16572.638"	"44005.104"	"3d3.(4F).4s.4p.(3P*)"	"z 6G*"	"7/2"	"3d3.4s.(5F).4d"	"f 6G"	"9/2"		""	"L15916"	
"364.57452"	"0.00015"	"364.57453"	"0.00011"	"440000"	"7.8e+07"	C+	"11100.596"	"38529.830"	"3d3.4s2"	"a 2G"	"9/2"	"3d3.(2H).4s.4p.(3P*)"	"u 2G*"	"9/2"		"T9282"	"L15916"	
"364.6565"	"0.0004"	"364.656380"	"0.000020"	"10000"	""		"15724.229"	"43147.306"	"3d4.(3F2).4s"	"b 4F"	"7/2"	"3d4.(5D).5p"	"s 4F*"	"7/2"		""	"L15916"	
"364.66387"	"0.00015"	"364.6639"	"0.0004"	"73000"	""		"16572.638"	"43995.152"	"3d3.(4F).4s.4p.(3P*)"	"z 6G*"	"7/2"	"3d3.4s.(5F).4d"	"6F"	"5/2"		""	"L15916"	
"364.8197"	"0.0002"	"364.81987"	"0.00009"	"13000"	""		"16728.803"	"44139.591"	"3d3.(4F).4s.4p.(3P*)"	"z 6G*"	"9/2"	"3d3.4s.(5F).4d"	"f 6G"	"11/2"		""	"L15916"	
"364.8305"	"0.0003"	"364.83030"	"0.00011"	"15000"	""		"16917.210"	"44327.214"	"3d3.(4F).4s.4p.(3P*)"	"z 6G*"	"11/2"	"3d3.4s.(5F).4d"	"f 6G"	"13/2"		""	"L15916"	
"364.83790"	"0.00018"	"364.83779"	"0.00009"	"62000"	""		"16917.210"	"44326.651"	"3d3.(4F).4s.4p.(3P*)"	"z 6G*"	"11/2"	"3d3.4s.(5F).4d"	"6F"	"11/2"		""	"L15916"	
"364.9425"	"0.0003"	"364.94250"	"0.00007"	"12000"	""		"14548.816"	"41950.393"	"3d3.4s2"	"2D2"	"5/2"	"3d4.(3D).4p"	"u 2F*"	"5/2"		""	"L15916"	
"365.00036"	"0.00015"	"365.00043"	"0.00011"	"300000"	""		"16449.875"	"43847.103"	"3d3.(4F).4s.4p.(3P*)"	"z 6G*"	"5/2"	"3d3.4s.(5F).4d"	"f 6G"	"5/2"		""	"L15916"	
"365.34654"	"0.00015"	"365.34653"	"0.00008"	"54000"	""		"16728.803"	"44100.077"	"3d3.(4F).4s.4p.(3P*)"	"z 6G*"	"9/2"	"3d3.4s.(5F).4d"	"6F"	"7/2"		""	"L15916"	
"365.4609"	"0.0004"	"365.46081"	"0.00003"	"9500"	""		"15688.862"	"43051.577"	"3d4.(3F2).4s"	"b 4F"	"5/2"	"3d4.(5D).5p"	"s 4F*"	"5/2"		""	"L15916"	
"365.5712"	"0.0005"	"365.57131"	"0.00011"	"49000"	""		"16728.803"	"44083.247"	"3d3.(4F).4s.4p.(3P*)"	"z 6G*"	"9/2"	"3d3.4s.(5F).4d"	"f 6P"	"7/2"		""	"L4235"	
"365.5864"	"0.0003"	"365.58648"	"0.00004"	"10000"	"4.0e+05"	C+	"10892.520"	"38245.829"	"3d3.4s2"	"a 2G"	"7/2"	"3d4.(3H).4p"	"x 4H*"	"7/2"		"T9399"	"L15916"	
"365.77466"	"0.00015"	"365.77467"	"0.00011"	"300000"	""		"16572.638"	"43911.874"	"3d3.(4F).4s.4p.(3P*)"	"z 6G*"	"7/2"	"3d3.4s.(5F).4d"	"f 6G"	"7/2"		""	"L15916"	
"365.85268"	"0.00015"	"365.85267"	"0.00003"	"150000"	""		"137.383"	"27470.790"	"3d3.4s2"	"a 4F"	"5/2"	"3d3.(4F).4s.4p.(3P*)"	"z 2F*"	"7/2"		""	"L15916"	
"366.0281"	"0.0003"	"366.02772"	"0.00007"	"5600"	""		"16449.875"	"43770.210"	"3d3.(4F).4s.4p.(3P*)"	"z 6G*"	"5/2"	"3d3.4s.(5F).4d"	"4D"	"5/2"		""	"L15916"	
"366.0508"	"0.0004"	"366.05104"	"0.00008"	"25000"	""		"16572.638"	"43891.233"	"3d3.(4F).4s.4p.(3P*)"	"z 6G*"	"7/2"	"3d3.4s.(5F).4d"	"4H"	"7/2"		""	"L15916"	
"366.0735"	"0.0005"	"366.073816"	"0.000020"	"12000"	""		"15664.801"	"42981.696"	"3d4.(3F2).4s"	"b 4F"	"3/2"	"3d4.(5D).5p"	"s 4F*"	"3/2"		""	"L15916"	
"366.24079"	"0.00015"	"366.24039"	"0.00008"	"120000bl(V II)"	""		"11100.596"	"38405.067"	"3d3.4s2"	"a 2G"	"9/2"	"3d4.(3H).4p"	"x 4H*"	"11/2"		""	"L15916"	
"366.3045"	"0.0004"	"366.30430"	"0.00005"	"20000"	""		"16728.803"	"44028.510"	"3d3.(4F).4s.4p.(3P*)"	"z 6G*"	"9/2"	"3d3.4s.(5F).4d"	"4H"	"9/2"		""	"L15916"	
"366.3637"	"0.0004"	"366.36360"	"0.00011"	"6300"	""		"16572.638"	"43867.926"	"3d3.(4F).4s.4p.(3P*)"	"z 6G*"	"7/2"	"3d3.4s.(5F).4d"	"4D"	"7/2"		""	"L15916"	
"366.45610"	"0.00015"	"366.45613"	"0.00009"	"100000"	""		"16917.210"	"44205.606"	"3d3.(4F).4s.4p.(3P*)"	"z 6G*"	"11/2"	"3d3.4s.(5F).4d"	"6F"	"9/2"		""	"L15916"	
"366.46350"	"0.00012"	"366.46350"	"0.00011"	"850000"	"1.51e+08"	B+	"16361.489"	"43649.336"	"3d3.(4F).4s.4p.(3P*)"	"z 6G*"	"3/2"	"3d3.4s.(5F).4d"	"e 6H"	"5/2"		"T9399"	"L15916"	
"366.61862"	"0.00012"	"366.61863"	"0.00009"	"250000"	""		"16728.803"	"44005.104"	"3d3.(4F).4s.4p.(3P*)"	"z 6G*"	"9/2"	"3d3.4s.(5F).4d"	"f 6G"	"9/2"		""	"L15916"	
"366.87827"	"0.00012"	"366.87825"	"0.00009"	"850000"	"1.46e+08"	B+	"16449.875"	"43706.874"	"3d3.(4F).4s.4p.(3P*)"	"z 6G*"	"5/2"	"3d3.4s.(5F).4d"	"e 6H"	"7/2"		"T9399"	"L15916"	
"366.89143"	"0.00018"	"366.89148"	"0.00008"	"52000"	""		"17136.538"	"44392.554"	"3d3.(4F).4s.4p.(3P*)"	"z 6G*"	"13/2"	"3d3.4s.(5F).4d"	"4H"	"13/2"		""	"L15916"	
"367.22482"	"0.00012"	"367.22482"	"0.00005"	"690000"	"1.81e+07"	B	"10892.520"	"38123.795"	"3d3.4s2"	"a 2G"	"7/2"	"3d4.(3H).4p"	"x 2H*"	"9/2"		"T9399"	"L15916"	
"367.34478"	"0.00012"	"367.34480"	"0.00009"	"320000"	"7.5e+07"	D+	"16917.210"	"44139.591"	"3d3.(4F).4s.4p.(3P*)"	"z 6G*"	"11/2"	"3d3.4s.(5F).4d"	"f 6G"	"11/2"		"T284n"	"L15916"	
"367.44487"	"0.00012"	"367.44488"	"0.00011"	"950000"	"1.51e+08"	B+	"16572.638"	"43787.604"	"3d3.(4F).4s.4p.(3P*)"	"z 6G*"	"7/2"	"3d3.4s.(5F).4d"	"e 6H"	"9/2"		"T9399"	"L15916"	
"367.6546"	"0.0003"	"367.65434"	"0.00014"	"58000"	"1.82e+07"	B+	"16449.875"	"43649.336"	"3d3.(4F).4s.4p.(3P*)"	"z 6G*"	"5/2"	"3d3.4s.(5F).4d"	"e 6H"	"5/2"		"T9399"	"L15916"	
"367.67460"	"0.00012"	"367.67459"	"0.00003"	"1500000"	"5.5e+06"	B+	"2220.156"	"29418.119"	"3d4.(5D).4s"	"a 6D"	"5/2"	"3d3.(4P).4s.4p.(3P*)"	"y 6P*"	"7/2"		"T9399"	"L15916"	
"367.77312"	"0.00012"	"367.77313"	"0.00009"	"570000"	"1.1e+08"	D+	"17136.538"	"44327.214"	"3d3.(4F).4s.4p.(3P*)"	"z 6G*"	"13/2"	"3d3.4s.(5F).4d"	"f 6G"	"13/2"		"T284n"	"L15916"	
"367.78064"	"0.00015"	"367.78074"	"0.00009"	"95000"	""		"17136.538"	"44326.651"	"3d3.(4F).4s.4p.(3P*)"	"z 6G*"	"13/2"	"3d3.4s.(5F).4d"	"6F"	"11/2"		""	"L15916"	
"367.81273"	"0.00015"	"367.81275"	"0.00003"	"260000"	""		"0.000"	"27187.747"	"3d3.4s2"	"a 4F"	"3/2"	"3d3.(4F).4s.4p.(3P*)"	"z 2F*"	"5/2"		""	"L15916"	
"368.0848"	"0.0004"	"368.08490"	"0.00008"	"16000"	""		"16361.489"	"43529.134"	"3d3.(4F).4s.4p.(3P*)"	"z 6G*"	"3/2"	"3d3.4s.(5F).4d"	"4D"	"1/2"		""	"L15916"	
"368.11607"	"0.00012"	"368.11605"	"0.00009"	"1000000"	"1.54e+08"	B+	"16728.803"	"43894.149"	"3d3.(4F).4s.4p.(3P*)"	"z 6G*"	"9/2"	"3d3.4s.(5F).4d"	"e 6H"	"11/2"		"T9399"	"L15916"	
"368.311"	"0.002"	"368.31087"	"0.00005"	"9400"	""		"9544.635"	"36695.612"	"3d3.4s2"	"a 4P"	"1/2"	"3d3.(2D2).4s.4p.(3P*)"	"x 4P*"	"1/2"		""	"L14162"	
"368.363"	"0.002"	"368.35997"	"0.00004"	"20000"	""		"323.432"	"27470.790"	"3d3.4s2"	"a 4F"	"7/2"	"3d3.(4F).4s.4p.(3P*)"	"z 2F*"	"7/2"		""	"L14162"	
"368.41628"	"0.00012"	"368.41628"	"0.00003"	"3100000"	"1.76e+07"	B+	"2153.221"	"29296.430"	"3d4.(5D).4s"	"a 6D"	"3/2"	"3d3.(4P).4s.4p.(3P*)"	"y 6P*"	"5/2"		"T9399"	"L15916"	
"368.5381"	"0.0002"	"368.53811"	"0.00012"	"65000"	"1.67e+07"	B+	"16572.638"	"43706.874"	"3d3.(4F).4s.4p.(3P*)"	"z 6G*"	"7/2"	"3d3.4s.(5F).4d"	"e 6H"	"7/2"		"T9399"	"L15916"	
"368.73065"	"0.00012"	"368.73065"	"0.00005"	"770000"	"1.85e+07"	B	"11100.596"	"38220.663"	"3d3.4s2"	"a 2G"	"9/2"	"3d4.(3H).4p"	"x 2H*"	"11/2"		"T9399"	"L15916"	
"368.7733"	"0.0002"	"368.77365"	"0.00008"	"14000"	"1.24e+06"	C+	"15103.784"	"42220.689"	"3d3.4s2"	"a 2H"	"9/2"	"3d4.(1I).4p"	"u 2H*"	"11/2"		"T9399"	"L15916"	
"368.85324"	"0.00012"	"368.85324"	"0.00010"	"1600000"	"1.60e+08"	B+	"16917.210"	"44028.264"	"3d3.(4F).4s.4p.(3P*)"	"z 6G*"	"11/2"	"3d3.4s.(5F).4d"	"e 6H"	"13/2"		"T9399"	"L15916"	
"368.91182"	"0.00012"	"368.91180"	"0.00003"	"7000000"	"3.20e+07"	B+	"2311.369"	"29418.119"	"3d4.(5D).4s"	"a 6D"	"7/2"	"3d3.(4P).4s.4p.(3P*)"	"y 6P*"	"7/2"		"T9399"	"L15916"	
"368.98644"	""	"368.98644"	"0.00005"	":"	"1.7e+05"	C+	"9824.626"	"36925.893&dagger;"	"3d3.4s2"	"a 4P"	"5/2"	"3d4.(3F2).4p"	"x 2F*"	"7/2"		"T9399"	"L18972"	
"369.13297"	"0.00012"	"369.13298"	"0.00005"	"5400000"	"4.40e+07"	B+	"2112.282"	"29202.790"	"3d4.(5D).4s"	"a 6D"	"1/2"	"3d3.(4P).4s.4p.(3P*)"	"y 6P*"	"3/2"		"T9399"	"L15916"	
"369.32703"	"0.00012"	"369.32704"	"0.00003"	"8100000"	"5.5e+07"	B+	"2220.156"	"29296.430"	"3d4.(5D).4s"	"a 6D"	"5/2"	"3d3.(4P).4s.4p.(3P*)"	"y 6P*"	"5/2"		"T9399"	"L15916"	
"369.5665"	"0.0005"	"369.56553"	"0.00014"	"42000bl"	""		"16728.803"	"43787.604"	"3d3.(4F).4s.4p.(3P*)"	"z 6G*"	"9/2"	"3d3.4s.(5F).4d"	"e 6H"	"9/2"		""	"L4235"	
"369.63909"	"0.00012"	"369.63909"	"0.00012"	"1500000"	"1.75e+08"	B+	"17136.538"	"44189.954"	"3d3.(4F).4s.4p.(3P*)"	"z 6G*"	"13/2"	"3d3.4s.(5F).4d"	"e 6H"	"15/2"		"T9399"	"L15916"	
"369.69166"	"0.00012"	"369.69166"	"0.00004"	"5400000"	"6.2e+07"	B+	"2153.221"	"29202.790"	"3d4.(5D).4s"	"a 6D"	"3/2"	"3d3.(4P).4s.4p.(3P*)"	"y 6P*"	"3/2"		"T9399"	"L15916"	
"370.05241"	"0.00015"	"370.05241"	"0.00005"	"65000"	"1.57e+06"	C+	"11100.596"	"38123.795"	"3d3.4s2"	"a 2G"	"9/2"	"3d4.(3H).4p"	"x 2H*"	"9/2"		"T9399"	"L15916"	
"370.168"	"0.003"	"370.16352"	"0.00005"	"350*"	""		"11100.596"	"38115.684&dagger;"	"3d3.4s2"	"a 2G"	"9/2"	"3d4.(3P2).4p"	"t 4D*"	"7/2"		""	"L14162"	
"370.168"	"0.003"	"370.16464"	"0.00003"	"350*"	""		"15572.035"	"42587.041"	"3d4.(3P2).4s"	"b 4P"	"5/2"	"3d4.(5D).5p"	"6D*"	"7/2"		""	"L14162"	
"370.328"	"0.004"	"370.32850"	"0.00012"	"29000h"	""		"17136.538"	"44139.591"	"3d3.(4F).4s.4p.(3P*)"	"z 6G*"	"13/2"	"3d3.4s.(5F).4d"	"f 6G"	"11/2"		""	"L14162"	
"370.46215"	"0.00012"	"370.46216"	"0.00003"	"21000000"	"1.12e+08"	B+	"2424.809"	"29418.119"	"3d4.(5D).4s"	"a 6D"	"9/2"	"3d3.(4P).4s.4p.(3P*)"	"y 6P*"	"7/2"		"T9399"	"L15916"	
"370.5048"	"0.0002"	"370.50484"	"0.00005"	"88000"	""		"9824.626"	"36814.827"	"3d3.4s2"	"a 4P"	"5/2"	"3d3.(2D2).4s.4p.(3P*)"	"x 4P*"	"3/2"		""	"L15916"	
"370.57538"	"0.00012"	"370.57541"	"0.00003"	"9800000"	"7.7e+07"	B+	"2311.369"	"29296.430"	"3d4.(5D).4s"	"a 6D"	"7/2"	"3d3.(4P).4s.4p.(3P*)"	"y 6P*"	"5/2"		"T9399"	"L15916"	
"370.60872"	"0.00012"	"370.60874"	"0.00004"	"3100000"	"4.18e+07"	B+	"2220.156"	"29202.790"	"3d4.(5D).4s"	"a 6D"	"5/2"	"3d3.(4P).4s.4p.(3P*)"	"y 6P*"	"3/2"		"T9399"	"L15916"	
"370.6868"	"0.0002"	"370.68698"	"0.00012"	"39000"	"7.2e+06"	B	"16917.210"	"43894.149"	"3d3.(4F).4s.4p.(3P*)"	"z 6G*"	"11/2"	"3d3.4s.(5F).4d"	"e 6H"	"11/2"		"T9399"	"L15916"	
"370.70840"	"0.00015"	"370.70839"	"0.00007"	"340000"	"2.19e+07"	B	"15103.784"	"42079.165"	"3d3.4s2"	"a 2H"	"9/2"	"3d4.(1I).4p"	"u 2H*"	"9/2"		"T9399"	"L15916"	
"370.7162"	"0.0003"	"370.71629"	"0.00004"	"27000"	""		"9637.039"	"36611.845"	"3d3.4s2"	"a 4P"	"3/2"	"3d3.(2D2).4s.4p.(3P*)"	"x 4P*"	"5/2"		""	"L15916"	
"370.97690"	"0.00015"	"370.97689"	"0.00008"	"460000"	"2.50e+07"	B	"15264.832"	"42220.689"	"3d3.4s2"	"a 2H"	"11/2"	"3d4.(1I).4p"	"u 2H*"	"11/2"		"T9399"	"L15916"	
"371.2438"	"0.0003"	"371.24393"	"0.00006"	"15000"	""		"17242.070"	"44178.537"	"3d4.(3G).4s"	"a 4G"	"11/2"	"3d4.(3D).4p"	"4F*"	"9/2"		""	"L15916"	
"371.4367"	"0.0004"	"371.43668"	"0.00003"	"12000"	""		"17182.073"	"44104.562"	"3d4.(3G).4s"	"a 4G"	"9/2"	"3d4.(3D).4p"	"4F*"	"7/2"		""	"L15916"	
"371.4589"	"0.0003"	"371.45897"	"0.00003"	"17000"	"5.0e+07"	C	"15078.387"	"41999.261"	"3d4.(3P2).4s"	"b 4P"	"1/2"	"3d3.(4P).4s.4p.(1P*)"	"r 4D*"	"3/2"		"T9282"	"L15916"	
"371.50087"	"0.00015"	"371.50090"	"0.00003"	"230000"	""		"552.955"	"27470.790"	"3d3.4s2"	"a 4F"	"9/2"	"3d3.(4F).4s.4p.(3P*)"	"z 2F*"	"7/2"		""	"L15916"	
"371.5084"	"0.0003"	"371.50804"	"0.00006"	"11000"	""		"15000.937"	"41918.255"	"3d4.(3H).4s"	"a 4H"	"11/2"	"3d4.(3G).4p"	"t 4G*"	"11/2"		""	"L15916"	
"371.54731"	"0.00018"	"371.54734"	"0.00006"	"1100000"	""		"21032.503"	"47946.974"	"3d3.(4F).4s.4p.(3P*)"	"z 4D*"	"7/2"	"47946e"	"4F"	"9/2"		""	"L15916"	
"371.5914"	"0.0003"	"371.591282"	"0.000019"	"15000"	"1.7e+06"	C+	"14949.359"	"41860.647"	"3d4.(3H).4s"	"a 4H"	"9/2"	"3d4.(3G).4p"	"t 4G*"	"9/2"		"T9399"	"L15916"	
"371.8616"	"0.0002"	"371.86159"	"0.00012"	"25000"	"3.0e+06"	B	"17136.538"	"44028.264"	"3d3.(4F).4s.4p.(3P*)"	"z 6G*"	"13/2"	"3d3.4s.(5F).4d"	"e 6H"	"13/2"		"T9399"	"L15916"	
"371.89967"	"0.00015"	"371.89965"	"0.00006"	"850000"	""		"20828.481"	"47717.455"	"3d3.(4F).4s.4p.(3P*)"	"z 4D*"	"5/2"	"47717e"	"4F"	"7/2"		""	"L15916"	
"371.99618"	"0.00018"	"371.99619"	"0.00017"	"130000"	""		"21275.652"	"48157.648"	"3d4.(3G).4s"	"2G"	"9/2"	"3d3.(2F).4s.4p.(3P*)"	"q 2G*"	"9/2"		""	"L15916"	
"372.1971"	"0.0004"	"372.197169"	"0.000015"	"11000"	""		"15270.582"	"42138.062"	"3d4.(3P2).4s"	"b 4P"	"3/2"	"3d3.(4P).4s.4p.(1P*)"	"r 4D*"	"5/2"		""	"L15916"	
"372.24100"	"0.00015"	"372.24102"	"0.00003"	"200000"	""		"323.432"	"27187.747"	"3d3.4s2"	"a 4F"	"7/2"	"3d3.(4F).4s.4p.(3P*)"	"z 2F*"	"5/2"		""	"L15916"	
"372.2486"	"0.0002"	"372.24861"	"0.00006"	"61000"	""		"9544.635"	"36408.402"	"3d3.4s2"	"a 4P"	"1/2"	"3d3.(4P).4s.4p.(3P*)"	"y 4S*"	"3/2"		""	"L15916"	
"372.30485"	"0.00018"	"372.304839"	"0.000019"	"160000"	"1.79e+07"	B+	"15000.937"	"41860.647"	"3d4.(3H).4s"	"a 4H"	"11/2"	"3d4.(3G).4p"	"t 4G*"	"9/2"		"T9399"	"L15916"	
"372.32467"	"0.00015"	"372.32468"	"0.00008"	"130000"	""		"21101.589"	"47959.868"	"3d4.(3G).4s"	"2G"	"7/2"	"3d3.(2F).4s.4p.(3P*)"	"q 2G*"	"7/2"		""	"L15916"	
"372.36592"	"0.00018"	"372.36603"	"0.00006"	"250000"	""		"15062.959"	"41918.255"	"3d4.(3H).4s"	"a 4H"	"13/2"	"3d4.(3G).4p"	"t 4G*"	"11/2"		""	"L15916"	
"372.4383"	"0.0003"	"372.43829"	"0.00004"	"47000"	"2.44e+07"	B	"15078.387"	"41928.473"	"3d4.(3P2).4s"	"b 4P"	"1/2"	"3d3.(4P).4s.4p.(1P*)"	"r 4D*"	"1/2"		"T9399"	"L15916"	
"372.4617"	"0.0004"	"372.461688"	"0.000019"	"13000"	"1.93e+06"	B	"14909.958"	"41758.357"	"3d4.(3H).4s"	"a 4H"	"7/2"	"3d4.(3G).4p"	"t 4G*"	"7/2"		"T9399"	"L15916"	
"372.52774"	"0.00012"	"372.52775"	"0.00006"	"890000"	""		"20687.769"	"47531.407"	"3d3.(4F).4s.4p.(3P*)"	"z 4D*"	"3/2"	"47531e"	"4F"	"5/2"		""	"L15916"	
"372.6760"	"0.0003"	"372.67577"	"0.00008"	"32000"	""		"18198.091"	"45031.067"	"3d3.(4F).4s.4p.(3P*)"	"z 6D*"	"5/2"	"3d3.4s.(5F).4d"	"g 6D"	"7/2"		""	"L15916"	
"373.00910"	"0.00015"	"373.009092"	"0.000019"	"200000"	"2.01e+07"	B+	"14949.359"	"41758.357"	"3d4.(3H).4s"	"a 4H"	"9/2"	"3d4.(3G).4p"	"t 4G*"	"7/2"		"T9399"	"L15916"	
"373.1236"	"0.0004"	"373.12368"	"0.00008"	"48000"	"6.1e+05"	C+	"8578.542"	"35379.307"	"3d4.(5D).4s"	"a 4D"	"5/2"	"3d3.(2D2).4s.4p.(3P*)"	"u 4D*"	"7/2"		"T9399"	"L15916"	
"373.2089"	"0.0002"	"373.20893"	"0.00010"	"27000"	""		"18126.250"	"44920.893"	"3d3.(4F).4s.4p.(3P*)"	"z 6D*"	"3/2"	"3d3.4s.(5F).4d"	"g 6D"	"5/2"		""	"L15916"	
"373.30768"	"0.00018"	"373.30762"	"0.00006"	"1000000"	""		"20606.467"	"47394.026"	"3d3.(4F).4s.4p.(3P*)"	"z 4D*"	"1/2"	"47394e"	"4F"	"3/2"		""	"L15916"	
"373.3121"	"0.0003"	"373.31236"	"0.00006"	"87000"	""		"9824.626"	"36611.845"	"3d3.4s2"	"a 4P"	"5/2"	"3d3.(2D2).4s.4p.(3P*)"	"x 4P*"	"5/2"		""	"L15916"	
"373.5334"	"0.0003"	"373.53347"	"0.00004"	"57000"	""		"9637.039"	"36408.402"	"3d3.4s2"	"a 4P"	"3/2"	"3d3.(4P).4s.4p.(3P*)"	"y 4S*"	"3/2"		""	"L15916"	
"373.54623"	"0.00015"	"373.54626"	"0.00015"	"480000"	""		"18805.048"	"45575.494"	"3d4.(3P2).4s"	"b 2P"	"1/2"	"45575o"	"2D*"	"3/2"		""	"L15916"	
"373.7359"	"0.0004"	"373.73589"	"0.00003"	"8500"	""		"15103.784"	"41860.647"	"3d3.4s2"	"a 2H"	"9/2"	"3d4.(3G).4p"	"t 4G*"	"9/2"		""	"L15916"	
"373.80845"	"0.00018"	"373.80842"	"0.00006"	"70000"	""		"13801.551"	"40553.222&dagger;"	"3d3.4s2"	"a 2P"	"3/2"	"3d3.(2D2).4s.4p.(3P*)"	"2D*"	"5/2"		""	"L15916"	
"373.8492"	"0.0003"	"373.84916"	"0.00011"	"72000"	"1.34e+06"	C+	"8476.234"	"35224.990"	"3d4.(5D).4s"	"a 4D"	"3/2"	"3d3.(2D2).4s.4p.(3P*)"	"u 4D*"	"5/2"		"T9399"	"L15916"	
"373.8603"	"0.0003"	"373.86023"	"0.00013"	"25000"	""		"18085.952"	"44833.916"	"3d3.(4F).4s.4p.(3P*)"	"z 6D*"	"1/2"	"3d3.4s.(5F).4d"	"g 6D"	"3/2"		""	"L15916"	
"373.90487"	"0.00015"	"373.90491"	"0.00004"	"160000"	""		"14909.958"	"41654.726"	"3d4.(3H).4s"	"a 4H"	"7/2"	"3d4.(3G).4p"	"t 4G*"	"5/2"		""	"L15916"	
"373.98088"	"0.00018"	"373.980949"	"0.000015"	"300000bl(V II)"	"4.5e+07"	C+	"15270.582"	"42009.912"	"3d4.(3P2).4s"	"b 4P"	"3/2"	"3d3.(4P).4s.4p.(1P*)"	"v 4P*"	"5/2"		"T9399"	"L15916"	
"374.12840"	"0.00018"	"374.12846"	"0.00008"	"130000"	""		"18302.280"	"45031.067"	"3d3.(4F).4s.4p.(3P*)"	"z 6D*"	"7/2"	"3d3.4s.(5F).4d"	"g 6D"	"7/2"		""	"L15916"	
"374.2122"	"0.0004"	"374.21226"	"0.00010"	"10000"	""		"18198.091"	"44920.893"	"3d3.(4F).4s.4p.(3P*)"	"z 6D*"	"5/2"	"3d3.4s.(5F).4d"	"g 6D"	"5/2"		""	"L15916"	
"374.25696"	"0.00015"	"374.25695"	"0.00011"	"310000"	""		"18438.044"	"45157.655"	"3d3.(4F).4s.4p.(3P*)"	"z 6D*"	"9/2"	"3d3.4s.(5F).4d"	"g 6D"	"9/2"		""	"L15916"	
"374.4441"	"0.0002"	"374.44409"	"0.00007"	"400000"	""		"20687.769"	"47394.026"	"3d3.(4F).4s.4p.(3P*)"	"z 4D*"	"3/2"	"47394e"	"4F"	"3/2"		""	"L15916"	
"374.4908"	"0.0002"	"374.49080"	"0.00006"	"480000"	""		"20828.481"	"47531.407"	"3d3.(4F).4s.4p.(3P*)"	"z 4D*"	"5/2"	"47531e"	"4F"	"5/2"		""	"L15916"	
"374.4961"	"0.0002"	"374.49610"	"0.00006"	"49000"	""		"13801.551"	"40504.099"	"3d3.4s2"	"a 2P"	"3/2"	"3d3.(2P).4s.4p.(3P*)"	"w 2P*"	"1/2"		""	"L15916"	
"374.6392"	"0.0004"	"374.63932"	"0.00020"	"19000"	""		"18085.952"	"44778.292"	"3d3.(4F).4s.4p.(3P*)"	"z 6D*"	"1/2"	"3d3.4s.(5F).4d"	"g 6D"	"1/2"		""	"L15916"	
"374.7430"	"0.0003"	"374.74304"	"0.00006"	"320000"	""		"21032.503"	"47717.455"	"3d3.(4F).4s.4p.(3P*)"	"z 4D*"	"7/2"	"47717e"	"4F"	"7/2"		""	"L15916"	
"374.81947"	"0.00018"	"374.81949"	"0.00008"	"57000"	"1.9e+06"	C+	"8413.009"	"35092.518"	"3d4.(5D).4s"	"a 4D"	"1/2"	"3d3.(2D2).4s.4p.(3P*)"	"u 4D*"	"3/2"		"T9399"	"L15916"	
"374.9043"	"0.0003"	"374.90458"	"0.00003"	"140000"	"3.1e+07"	C	"15572.035"	"42245.489&dagger;"	"3d4.(3P2).4s"	"b 4P"	"5/2"	"3d3.(4P).4s.4p.(1P*)"	"r 4D*"	"7/2"		"T9282"	"L15916"	
"375.0437"	"0.0002"	"375.04369"	"0.00008"	"260000"	"3.8e+06"	C+	"8715.747"	"35379.307"	"3d4.(5D).4s"	"a 4D"	"7/2"	"3d3.(2D2).4s.4p.(3P*)"	"u 4D*"	"7/2"		"T9399"	"L15916"	
"375.0652"	"0.0003"	"375.06510"	"0.00011"	"30000"	""		"18258.855"	"44920.893"	"3d3.(4F).4s.4p.(3P*)"	"z 6F*"	"5/2"	"3d3.4s.(5F).4d"	"g 6D"	"5/2"		""	"L15916"	
"375.0959"	"0.0003"	"375.09600"	"0.00013"	"20000"	""		"18174.074"	"44833.916"	"3d3.(4F).4s.4p.(3P*)"	"z 6F*"	"3/2"	"3d3.4s.(5F).4d"	"g 6D"	"3/2"		""	"L15916"	
"375.1132"	"0.0003"	"375.11340"	"0.00010"	"39000"	""		"18372.462"	"45031.067"	"3d3.(4F).4s.4p.(3P*)"	"z 6F*"	"7/2"	"3d3.4s.(5F).4d"	"g 6D"	"7/2"		""	"L15916"	
"375.1235"	"0.0003"	"375.12345"	"0.00004"	"18000"	"9.5e+06"	C+	"15270.582"	"41928.473"	"3d4.(3P2).4s"	"b 4P"	"3/2"	"3d3.(4P).4s.4p.(1P*)"	"r 4D*"	"1/2"		"T9399"	"L15916"	
"375.1863"	"0.0003"	"375.18633"	"0.00008"	"15000"	""		"15264.832"	"41918.255"	"3d3.4s2"	"a 2H"	"11/2"	"3d4.(3G).4p"	"t 4G*"	"11/2"		""	"L15916"	
"375.2058"	"0.0002"	"375.20577"	"0.00017"	"46000"	""		"18126.250"	"44778.292"	"3d3.(4F).4s.4p.(3P*)"	"z 6D*"	"3/2"	"3d3.4s.(5F).4d"	"g 6D"	"1/2"		""	"L15916"	
"375.2845"	"0.0002"	"375.28454"	"0.00011"	"180000"	"3.5e+06"	C+	"8578.542"	"35224.990"	"3d4.(5D).4s"	"a 4D"	"5/2"	"3d3.(2D2).4s.4p.(3P*)"	"u 4D*"	"5/2"		"T9399"	"L15916"	
"375.3153"	"0.0002"	"375.31547"	"0.00010"	"20000"	""		"18513.403"	"45157.655"	"3d3.(4F).4s.4p.(3P*)"	"z 6F*"	"9/2"	"3d3.4s.(5F).4d"	"g 6D"	"9/2"		""	"L15916"	
"375.43421"	"0.00015"	"375.43421"	"0.00011"	"130000"	""		"18198.091"	"44833.916"	"3d3.(4F).4s.4p.(3P*)"	"z 6D*"	"5/2"	"3d3.4s.(5F).4d"	"g 6D"	"3/2"		""	"L15916"	
"375.6204"	"0.0004"	"375.62035"	"0.00004"	"13000"	""		"19026.326"	"45648.952"	"3d4.(3F2).4s"	"a 2F"	"5/2"	"3d3.(2F).4s.4p.(3P*)"	"p 4F*"	"3/2"		""	"L15916"	
"375.67698"	"0.00015"	"375.67697"	"0.00010"	"130000"	""		"18302.280"	"44920.893"	"3d3.(4F).4s.4p.(3P*)"	"z 6D*"	"7/2"	"3d3.4s.(5F).4d"	"g 6D"	"5/2"		""	"L15916"	
"375.7098"	"0.0002"	"375.70985"	"0.00008"	"97000"	"2.9e+06"	C+	"8476.234"	"35092.518"	"3d4.(5D).4s"	"a 4D"	"3/2"	"3d3.(2D2).4s.4p.(3P*)"	"u 4D*"	"3/2"		"T9399"	"L15916"	
"375.7959"	"0.0002"	"375.79579"	"0.00006"	"16000"	""		"19078.112"	"45688.309"	"3d4.(3F2).4s"	"a 2F"	"7/2"	"3d3.(2F).4s.4p.(3P*)"	"p 4F*"	"5/2"		""	"L15916"	
"375.8802"	"0.0004"	"375.88025"	"0.00018"	"2300"	""		"18174.074"	"44778.292"	"3d3.(4F).4s.4p.(3P*)"	"z 6F*"	"3/2"	"3d3.4s.(5F).4d"	"g 6D"	"1/2"		""	"L15916"	
"375.9279"	"0.0003"	"375.92789"	"0.00013"	"28000bl(V II)"	""		"20813.108"	"47413.954&dagger;"	"3d4.(3D).4s"	"b 4D"	"3/2"	"3d3.(2P).4s.4p.(1P*)"	"2P*"	"3/2"		""	"L15916"	
"375.9364"	"0.0002"	"375.93632"	"0.00011"	"77000"	"4.4e+06"	C+	"8413.009"	"35013.259&dagger;"	"3d4.(5D).4s"	"a 4D"	"1/2"	"3d3.(2D2).4s.4p.(3P*)"	"u 4D*"	"1/2"		"T9399"	"L15916"	
"375.9610"	"0.0003"	"375.961065"	"0.000020"	"58000"	""		"15000.937"	"41599.436"	"3d4.(3H).4s"	"a 4H"	"11/2"	"3d4.(3G).4p"	"t 4F*"	"9/2"		""	"L15916"	
"375.9863"	"0.0003"	"375.98631"	"0.00006"	"60000"	""		"15062.959"	"41659.672"	"3d4.(3H).4s"	"a 4H"	"13/2"	"3d4.(3G).4p"	"v 2H*"	"11/2"		""	"L15916"	
"375.99901"	""	"375.99901"	"0.00003"	":"	"1.7e+06"	C+	"15264.832"	"41860.647"	"3d3.4s2"	"a 2H"	"11/2"	"3d4.(3G).4p"	"t 4G*"	"9/2"		"T9399"	"L18972"	
"376.03854"	"0.00015"	"376.03848"	"0.00008"	"130000"	""		"18438.044"	"45031.067"	"3d3.(4F).4s.4p.(3P*)"	"z 6D*"	"9/2"	"3d3.4s.(5F).4d"	"g 6D"	"7/2"		""	"L15916"	
"376.1691"	"0.0003"	"376.16928"	"0.00004"	"12000"	""		"9824.626"	"36408.402"	"3d3.4s2"	"a 4P"	"5/2"	"3d3.(4P).4s.4p.(3P*)"	"y 4S*"	"3/2"		""	"L15916"	
"376.18623"	"0.00015"	"376.18618"	"0.00004"	"150000"	""		"10892.520"	"37475.102&dagger;"	"3d3.4s2"	"a 2G"	"7/2"	"3d3.(2D2).4s.4p.(3P*)"	"w 2F*"	"7/2"		""	"L15916"	
"376.25052"	"0.00015"	"376.25060"	"0.00010"	"170000"	""		"13810.910"	"40388.941"	"3d3.4s2"	"a 2P"	"1/2"	"3d3.(2D2).4s.4p.(3P*)"	"2D*"	"3/2"		""	"L15916"	
"376.2759"	"0.0002"	"376.27573"	"0.00008"	"16000"	""		"19078.112"	"45654.368"	"3d4.(3F2).4s"	"a 2F"	"7/2"	"45654o"	"2D*"	"5/2"		""	"L15916"	
"376.2927"	"0.0003"	"376.29265"	"0.00011"	"7700"	""		"18258.855"	"44833.916"	"3d3.(4F).4s.4p.(3P*)"	"z 6F*"	"5/2"	"3d3.4s.(5F).4d"	"g 6D"	"3/2"		""	"L15916"	
"376.4206"	"0.0002"	"376.42061"	"0.00006"	"300000"	"3.35e+07"	B+	"15572.035"	"42138.062"	"3d4.(3P2).4s"	"b 4P"	"5/2"	"3d3.(4P).4s.4p.(1P*)"	"r 4D*"	"5/2"		"T9399"	"L15916"	
"376.5644"	"0.0002"	"376.56432"	"0.00007"	"13000"	""		"15103.784"	"41659.672"	"3d3.4s2"	"a 2H"	"9/2"	"3d4.(3G).4p"	"v 2H*"	"11/2"		""	"L15916"	
"376.5856"	"0.0004"	"376.58558"	"0.00017"	"38000"	""		"21603.259"	"48157.648"	"3d4.(1G2).4s"	"b 2G"	"9/2"	"3d3.(2F).4s.4p.(3P*)"	"q 2G*"	"9/2"		""	"L15916"	
"376.6185"	"0.0004"	"376.61819"	"0.00006"	"5400"	""		"14949.359"	"41501.449"	"3d4.(3H).4s"	"a 4H"	"9/2"	"3d4.(3G).4p"	"v 2H*"	"9/2"		""	"L15916"	
"376.6702"	"0.0002"	"376.67009"	"0.00010"	"19000"	""		"18372.462"	"44920.893"	"3d3.(4F).4s.4p.(3P*)"	"z 6F*"	"7/2"	"3d3.4s.(5F).4d"	"g 6D"	"5/2"		""	"L15916"	
"376.74676"	"0.00018"	"376.74680"	"0.00004"	"38000"	""		"14949.359"	"41492.385&dagger;"	"3d4.(3H).4s"	"a 4H"	"9/2"	"3d4.(3G).4p"	"t 4F*"	"7/2"		""	"L15916"	
"376.83197"	"0.00015"	"376.83199"	"0.00011"	"71000"	"3.8e+06"	C+	"8476.234"	"35013.259&dagger;"	"3d4.(5D).4s"	"a 4D"	"3/2"	"3d3.(2D2).4s.4p.(3P*)"	"u 4D*"	"1/2"		"T9399"	"L15916"	
"377.0136"	"0.0005"	"377.01364"	"0.00009"	"150000"	""		"13801.551"	"40325.790"	"3d3.4s2"	"a 2P"	"3/2"	"3d4.(3G).4p"	"2F*"	"5/2"		""	"L4235"	
"377.0557"	"0.0008"	"377.055992"	"0.000016"	"7700"	""		"15724.229"	"42245.489&dagger;"	"3d4.(3F2).4s"	"b 4F"	"7/2"	"3d3.(4P).4s.4p.(1P*)"	"r 4D*"	"7/2"		""	"L15916"	
"377.0869"	"0.0003"	"377.08693"	"0.00006"	"20000"	""		"14909.958"	"41429.042"	"3d4.(3H).4s"	"a 4H"	"7/2"	"3d4.(3G).4p"	"t 4F*"	"5/2"		""	"L15916"	
"377.10716"	"0.00018"	"377.10712"	"0.00009"	"51000"	""		"18513.403"	"45031.067"	"3d3.(4F).4s.4p.(3P*)"	"z 6F*"	"9/2"	"3d3.4s.(5F).4d"	"g 6D"	"7/2"		""	"L15916"	
"377.1595"	"0.0003"	"377.15958"	"0.00009"	"84000"	"2.4e+06"	C+	"8578.542"	"35092.518"	"3d4.(5D).4s"	"a 4D"	"5/2"	"3d3.(2D2).4s.4p.(3P*)"	"u 4D*"	"3/2"		"T9399"	"L15916"	
"377.2270"	"0.0004"	"377.22692"	"0.00010"	"54000"	"9.9e+05"	C+	"8715.747"	"35224.990"	"3d4.(5D).4s"	"a 4D"	"7/2"	"3d3.(2D2).4s.4p.(3P*)"	"u 4D*"	"5/2"		"T9399"	"L15916"	
"377.273"	"0.002"	"377.27374"	"0.00006"	"55000"	""		"0.000"	"26505.953"	"3d3.4s2"	"a 4F"	"3/2"	"3d4.(5D).4p"	"y 6D*"	"5/2"		""	"L14162"	
"377.3510"	"0.0004"	"377.35120"	"0.00006"	"17000"	"8.7e+05"	C+	"15000.937"	"41501.449"	"3d4.(3H).4s"	"a 4H"	"11/2"	"3d4.(3G).4p"	"v 2H*"	"9/2"		"T9399"	"L15916"	
"377.6243"	"0.0003"	"377.62427"	"0.00011"	"140000"	"5.9e+07"	C+	"15270.582"	"41751.931"	"3d4.(3P2).4s"	"b 4P"	"3/2"	"3d3.(4P).4s.4p.(1P*)"	"v 4P*"	"1/2"		"T9399"	"L15916"	
"377.67797"	"0.00015"	"377.67795"	"0.00010"	"130000"	""		"18680.070"	"45157.655"	"3d3.(4F).4s.4p.(3P*)"	"z 6F*"	"11/2"	"3d3.4s.(5F).4d"	"g 6D"	"9/2"		""	"L15916"	
"377.7218"	"0.0010"	"377.719105"	"0.000020"	"140000"	""		"15770.789"	"42245.489&dagger;"	"3d4.(3F2).4s"	"b 4F"	"9/2"	"3d3.(4P).4s.4p.(1P*)"	"r 4D*"	"7/2"		""	"L4235"	
"377.79433"	"0.00018"	"377.79429"	"0.00004"	"48000"	"9.6e+05"	B	"10892.520"	"37361.951"	"3d3.4s2"	"a 2G"	"7/2"	"3d4.(3H).4p"	"v 2G*"	"9/2"		"T9399"	"L15916"	
"377.8230"	"0.0004"	"377.82294"	"0.00006"	"23000"	"8.0e+04"	C	"137.383"	"26604.807&dagger;"	"3d3.4s2"	"a 4F"	"5/2"	"3d4.(5D).4p"	"y 6D*"	"7/2"		"T4902"	"L15916"	
"377.8564"	"0.0002"	"377.85633"	"0.00009"	"58000"	""		"19189.283"	"45654.368"	"3d4.(3P2).4s"	"b 2P"	"3/2"	"45654o"	"2D*"	"5/2"		""	"L15916"	
"377.97503"	"0.00012"	"377.97505"	"0.00009"	"1500000"	"4.66e+06"	B+	"2311.369"	"28768.142"	"3d4.(5D).4s"	"a 6D"	"7/2"	"3d3.(4P).4s.4p.(3P*)"	"x 6D*"	"9/2"		"T9399"	"L15916"	
"378.07132"	"0.00018"	"378.07133"	"0.00004"	"190000"	"9.e+06"	D+	"10892.520"	"37342.555"	"3d3.4s2"	"a 2G"	"7/2"	"3d3.(2D2).4s.4p.(3P*)"	"w 2F*"	"5/2"		"T284n"	"L15916"	
"378.0834"	"0.0004"	"378.08327"	"0.00003"	"14000"	""		"15688.862"	"42138.062"	"3d4.(3F2).4s"	"b 4F"	"5/2"	"3d3.(4P).4s.4p.(1P*)"	"r 4D*"	"5/2"		""	"L15916"	
"378.1724"	"0.0003"	"378.17249"	"0.00019"	"11000"	""		"18805.048"	"45248.008"	"3d4.(3P2).4s"	"b 2P"	"1/2"	"45248o"	"2P*"	"3/2"		""	"L15916"	
"378.2452"	"0.0003"	"378.24520"	"0.00004"	"140000"	"2.2e+07"	C+	"15572.035"	"42009.912"	"3d4.(3P2).4s"	"b 4P"	"5/2"	"3d3.(4P).4s.4p.(1P*)"	"v 4P*"	"5/2"		"T9399"	"L15916"	
"378.2806"	"0.0002"	"378.28062"	"0.00006"	"36000"	""		"15103.784"	"41539.185"	"3d3.4s2"	"a 2H"	"9/2"	"3d4.(3G).4p"	"t 2G*"	"9/2"		""	"L15916"	
"378.36194"	"0.00015"	"378.36196"	"0.00006"	"96000"	""		"11100.596"	"37530.314"	"3d3.4s2"	"a 2G"	"9/2"	"3d4.(3H).4p"	"z 2I*"	"11/2"		""	"L15916"	
"378.3794"	"0.0005"	"378.37937"	"0.00003"	"17000*"	""		"17054.924"	"43483.426"	"3d4.(3G).4s"	"a 4G"	"5/2"	"3d3.4s.(5F).5p"	"6G*"	"7/2"		""	"L15916"	
"378.3794"	"0.0005"	"378.37939"	"0.00016"	"17000*"	""		"18805.048"	"45233.549"	"3d4.(3P2).4s"	"b 2P"	"1/2"	"45233o"	"2D*"	"3/2"		""	"L15916"	
"378.3974"	"0.0004"	"378.39764"	"0.00004"	"23000"	""		"15572.035"	"41999.261"	"3d4.(3P2).4s"	"b 4P"	"5/2"	"3d3.(4P).4s.4p.(1P*)"	"r 4D*"	"3/2"		""	"L15916"	
"378.5744"	"0.0002"	"378.57434"	"0.00004"	"30000"	"1.10e+05"	B	"323.432"	"26738.323"	"3d3.4s2"	"a 4F"	"7/2"	"3d4.(5D).4p"	"y 6D*"	"9/2"		"T9399"	"L15916"	
"378.5893"	"0.0004"	"378.589506"	"0.000020"	"33000"	"7.0e+06"	B	"15724.229"	"42138.062"	"3d4.(3F2).4s"	"b 4F"	"7/2"	"3d3.(4P).4s.4p.(1P*)"	"r 4D*"	"5/2"		"T9399"	"L15916"	
"378.8214"	"0.0002"	"378.82138"	"0.00004"	"240000*"	"9.2e+06"	B	"15103.784"	"41501.449"	"3d3.4s2"	"a 2H"	"9/2"	"3d4.(3G).4p"	"v 2H*"	"9/2"		"T9399"	"L15916"	
"378.8214"	"0.0002"	"378.82184"	"0.00009"	"240000*"	"8.e+04"	D	"0.000"	"26397.633"	"3d3.4s2"	"a 4F"	"3/2"	"3d4.(5D).4p"	"y 6D*"	"1/2"		"T4902"	"L15916"	
"378.86194"	"0.00015"	"378.86193"	"0.00007"	"160000"	""		"15264.832"	"41659.672"	"3d3.4s2"	"a 2H"	"11/2"	"3d4.(3G).4p"	"v 2H*"	"11/2"		""	"L15916"	
"378.9860"	"0.0003"	"378.98583"	"0.00016"	"12000"	""		"19189.283"	"45575.494"	"3d4.(3P2).4s"	"b 2P"	"3/2"	"45575o"	"2D*"	"3/2"		""	"L15916"	
"379.14001"	"0.00012"	"379.14001"	"0.00006"	"2900000"	"8.6e+06"	B+	"2220.156"	"28595.637"	"3d4.(5D).4s"	"a 6D"	"5/2"	"3d3.(4P).4s.4p.(3P*)"	"x 6D*"	"7/2"		"T9399"	"L15916"	
"379.15404"	"0.00012"	"379.15402"	"0.00004"	"710000"	"1.9e+07"	D+	"11100.596"	"37475.102&dagger;"	"3d3.4s2"	"a 2G"	"9/2"	"3d3.(2D2).4s.4p.(3P*)"	"w 2F*"	"7/2"		"T284n"	"L15916"	
"379.2394"	"0.0003"	"379.23937"	"0.00004"	"23000"	"1.33e+05"	B	"137.383"	"26505.953"	"3d3.4s2"	"a 4F"	"5/2"	"3d4.(5D).4p"	"y 6D*"	"5/2"		"T9399"	"L15916"	
"379.4468"	"0.0002"	"379.44685"	"0.00019"	"41000"	""		"18805.048"	"45159.200"	"3d4.(3P2).4s"	"b 2P"	"1/2"	"45159o"	"2P*"	"1/2"		""	"L15916"	
"379.46871"	"0.00018"	"379.46871"	"0.00003"	"570000"	"7.9e+05"	B+	"0.000"	"26352.634"	"3d3.4s2"	"a 4F"	"3/2"	"3d4.(5D).4p"	"y 4D*"	"5/2"		"T9399"	"L15916"	
"379.60269"	"0.00012"	"379.60269"	"0.00009"	"6100000"	"2.03e+07"	B+	"2424.809"	"28768.142"	"3d4.(5D).4s"	"a 6D"	"9/2"	"3d3.(4P).4s.4p.(3P*)"	"x 6D*"	"9/2"		"T9627"	"L15916"	
"379.60905"	"0.00018"	"379.608884"	"0.000020"	"170000"	"4.1e+05"	C+	"137.383"	"26480.286&dagger;"	"3d3.4s2"	"a 4F"	"5/2"	"3d4.(5D).4p"	"y 4D*"	"7/2"		"T9399"	"L15916"	
"379.729"	"0.003"	"379.72851"	"0.00004"	"35000*"	""		"15264.832"	"41599.436"	"3d3.4s2"	"a 2H"	"11/2"	"3d4.(3G).4p"	"t 4F*"	"9/2"		""	"L14162"	
"379.729"	"0.003"	"379.73059"	"0.00004"	"35000*"	""		"15664.801"	"41999.261"	"3d4.(3F2).4s"	"b 4F"	"3/2"	"3d3.(4P).4s.4p.(1P*)"	"r 4D*"	"3/2"		""	"L14162"	
"379.75410"	"0.00015"	"379.75415"	"0.00004"	"120000"	"8.8e+06"	B+	"15103.784"	"41436.610&dagger;"	"3d3.4s2"	"a 2H"	"9/2"	"3d4.(3G).4p"	"t 2G*"	"7/2"		"T9399"	"L15916"	
"379.97287"	"0.00015"	"379.97289"	"0.00006"	"110000"	"7.0e+06"	B	"13801.551"	"40119.218&dagger;"	"3d3.4s2"	"a 2P"	"3/2"	"3d4.(3P2).4p"	"v 2D*"	"5/2"		"T9399"	"L15916"	
"380.0340"	"0.0004"	"380.03381"	"0.00012"	"30000"	""		"21646.420"	"47959.868"	"3d4.(1G2).4s"	"b 2G"	"7/2"	"3d3.(2F).4s.4p.(3P*)"	"q 2G*"	"7/2"		""	"L15916"	
"380.0779"	"0.0002"	"380.07785"	"0.00004"	"35000"	""		"15688.862"	"41999.261"	"3d4.(3F2).4s"	"b 4F"	"5/2"	"3d3.(4P).4s.4p.(1P*)"	"r 4D*"	"3/2"		""	"L15916"	
"380.09869"	"0.00012"	"380.09870"	"0.00010"	"3200000"	"1.10e+07"	B+	"2153.221"	"28462.177"	"3d4.(5D).4s"	"a 6D"	"3/2"	"3d3.(4P).4s.4p.(3P*)"	"x 6D*"	"5/2"		"T9627"	"L15916"	
"380.224"	"0.002"	"380.22277"	"0.00003"	"15000"	""		"137.383"	"26437.754"	"3d3.4s2"	"a 4F"	"5/2"	"3d4.(5D).4p"	"y 6D*"	"3/2"		""	"L14162"	
"380.39547"	"0.00015"	"380.39554"	"0.00004"	"60000"	"1.13e+06"	C+	"10892.520"	"37180.946"	"3d3.4s2"	"a 2G"	"7/2"	"3d3.(2H).4s.4p.(3P*)"	"y 2H*"	"9/2"		"T9399"	"L15916"	
"380.45571"	"0.00012"	"380.45572"	"0.00007"	"3200000"	"1.21e+07"	B+	"2311.369"	"28595.637"	"3d4.(5D).4s"	"a 6D"	"7/2"	"3d3.(4P).4s.4p.(3P*)"	"x 6D*"	"7/2"		"T9399"	"L15916"	
"380.48607"	"0.00015"	"380.48607"	"0.00003"	"290000"	"1.1e+07"	D+	"10892.520"	"37174.691"	"3d3.4s2"	"a 2G"	"7/2"	"3d4.(3H).4p"	"v 2G*"	"7/2"		"T284n"	"L15916"	
"380.49764"	"0.00018"	"380.49760"	"0.00007"	"99000"	"5.3e+05"	B	"323.432"	"26604.807&dagger;"	"3d3.4s2"	"a 4F"	"7/2"	"3d4.(5D).4p"	"y 6D*"	"7/2"		"T9399"	"L15916"	
"380.5657"	"0.0003"	"380.56568"	"0.00003"	"72000"	""		"15572.035"	"41848.708"	"3d4.(3P2).4s"	"b 4P"	"5/2"	"3d3.(4P).4s.4p.(1P*)"	"v 4P*"	"3/2"		""	"L15916"	
"380.59929"	"0.00015"	"380.59929"	"0.00007"	"110000"	""		"15264.832"	"41539.185"	"3d3.4s2"	"a 2H"	"11/2"	"3d4.(3G).4p"	"t 2G*"	"9/2"		""	"L15916"	
"380.7541"	"0.0002"	"380.75407"	"0.00003"	"27000"	"1.48e+07"	C+	"15664.801"	"41928.473"	"3d4.(3F2).4s"	"b 4F"	"3/2"	"3d3.(4P).4s.4p.(1P*)"	"r 4D*"	"1/2"		"T9399"	"L15916"	
"380.78765"	"0.00012"	"380.78766"	"0.00004"	"790000"	"1.83e+07"	B+	"11100.596"	"37361.951"	"3d3.4s2"	"a 2G"	"9/2"	"3d4.(3H).4p"	"v 2G*"	"9/2"		"T9399"	"L15916"	
"380.85849"	"0.00012"	"380.85849"	"0.00009"	"1700000"	"1.11e+07"	B+	"2112.282"	"28368.753"	"3d4.(5D).4s"	"a 6D"	"1/2"	"3d3.(4P).4s.4p.(3P*)"	"x 6D*"	"3/2"		"T9399"	"L15916"	
"380.919"	"0.002"	"380.92432"	"0.00004"	"95000"	""		"18302.280"	"44554.214"	"3d3.(4F).4s.4p.(3P*)"	"z 6D*"	"7/2"	"3d3.4s.(5F).4d"	"4G"	"9/2"		""	"L14162"	
"380.95999"	"0.00012"	"380.95999"	"0.00003"	"3100000"	"1.43e+07"	B+	"0.000"	"26249.476"	"3d3.4s2"	"a 4F"	"3/2"	"3d4.(5D).4p"	"y 4D*"	"3/2"		"T9399"	"L15916"	
"381.016"	"0.002"	"381.01282"	"0.00020"	"32000"	""		"18513.403"	"44759.239"	"3d3.(4F).4s.4p.(3P*)"	"z 6F*"	"9/2"	"3d3.(4F).4s.(3F).5s"	"4F"	"7/2"		""	"L14162"	
"381.06821"	"0.00015"	"381.06821"	"0.00012"	"1300000"	"5.0e+06"	B+	"2220.156"	"28462.177"	"3d4.(5D).4s"	"a 6D"	"5/2"	"3d3.(4P).4s.4p.(3P*)"	"x 6D*"	"5/2"		"T9399"	"L15916"	
"381.1465"	"0.0003"	"381.14670"	"0.00006"	"9800"	""		"15264.832"	"41501.449"	"3d3.4s2"	"a 2H"	"11/2"	"3d4.(3G).4p"	"v 2H*"	"9/2"		""	"L15916"	
"381.44285"	"0.00015"	"381.44284"	"0.00007"	"93000"	""		"19145.148"	"45361.396"	"3d4.(3H).4s"	"b 2H"	"11/2"	"45361o"	"r 2G*"	"9/2"		""	"L15916"	
"381.45728"	"0.00012"	"381.457343"	"0.000020"	"6000000"	"1.32e+07"	B+	"137.383"	"26352.634"	"3d3.4s2"	"a 4F"	"5/2"	"3d4.(5D).4p"	"y 4D*"	"5/2"		"T9399"	"L15916"	
"381.65981"	"0.00015"	"381.65981"	"0.00007"	"530000"	"6.2e+06"	B+	"2112.282"	"28313.626"	"3d4.(5D).4s"	"a 6D"	"1/2"	"3d3.(4P).4s.4p.(3P*)"	"x 6D*"	"1/2"		"T9399"	"L15916"	
"381.89272"	"0.00015"	"381.89267"	"0.00004"	"300000"	"1.15e+06"	B+	"552.955"	"26738.323"	"3d3.4s2"	"a 4F"	"9/2"	"3d4.(5D).4p"	"y 6D*"	"9/2"		"T9399"	"L15916"	
"381.90591"	"0.00015"	"381.90589"	"0.00004"	"370000"	"8.0e+06"	B+	"11100.596"	"37285.057"	"3d3.4s2"	"a 2G"	"9/2"	"3d4.(3H).4p"	"z 4I*"	"9/2"		"T9399"	"L15916"	
"381.93249"	"0.00012"	"381.93250"	"0.00003"	"7800000"	"6.7e+07"	B+	"0.000"	"26182.637"	"3d3.4s2"	"a 4F"	"3/2"	"3d4.(5D).4p"	"y 4D*"	"1/2"		"T9399"	"L15916"	
"381.9851"	"0.0003"	"381.98511"	"0.00007"	"48000"	""		"14514.756"	"40693.787"	"3d3.4s2"	"2D2"	"3/2"	"3d3.(2P).4s.4p.(3P*)"	"w 2P*"	"3/2"		""	"L15916"	
"382.10483"	"0.00012"	"382.10484"	"0.00006"	"1300000"	"5.9e+06"	B+	"2424.809"	"28595.637"	"3d4.(5D).4s"	"a 6D"	"9/2"	"3d3.(4P).4s.4p.(3P*)"	"x 6D*"	"7/2"		"T9399"	"L15916"	
"382.13759"	"0.00018"	"382.137575"	"0.000020"	"290000"	"5.6e+06"	C+	"8578.542"	"34747.128"	"3d4.(5D).4s"	"a 4D"	"5/2"	"3d3.(4F).4s.4p.(1P*)"	"v 4D*"	"7/2"		"T9399"	"L15916"	
"382.25708"	"0.00012"	"382.25708"	"0.00007"	"1300000"	"2.19e+07"	B+	"2153.221"	"28313.626"	"3d4.(5D).4s"	"a 6D"	"3/2"	"3d3.(4P).4s.4p.(3P*)"	"x 6D*"	"1/2"		"T9399"	"L15916"	
"382.30895"	"0.00015"	"382.308973"	"0.000020"	"3400000"	"7.9e+06"	B+	"323.432"	"26480.286&dagger;"	"3d3.4s2"	"a 4F"	"7/2"	"3d4.(5D).4p"	"y 4D*"	"7/2"		"T9399"	"L15916"	
"382.37559"	"0.00018"	"382.37553"	"0.00003"	"56000"	""		"19023.531"	"45175.832"	"3d4.(3H).4s"	"b 2H"	"9/2"	"45175o"	"r 2G*"	"7/2"		""	"L15916"	
"382.39735"	"0.00012"	"382.39736"	"0.00012"	"2500000"	"1.10e+07"	B+	"2311.369"	"28462.177"	"3d4.(5D).4s"	"a 6D"	"7/2"	"3d3.(4P).4s.4p.(3P*)"	"x 6D*"	"5/2"		"T9627"	"L15916"	
"382.42970"	"0.00012"	"382.42970"	"0.00007"	"1700000"	"1.64e+07"	B+	"2220.156"	"28368.753"	"3d4.(5D).4s"	"a 6D"	"5/2"	"3d3.(4P).4s.4p.(3P*)"	"x 6D*"	"3/2"		"T9399"	"L15916"	
"382.4461"	"0.0003"	"382.44624"	"0.00006"	"52000"	""		"15770.789"	"41918.255"	"3d4.(3F2).4s"	"b 4F"	"9/2"	"3d4.(3G).4p"	"t 4G*"	"11/2"		""	"L15916"	
"382.4827"	"0.0002"	"382.48273"	"0.00009"	"84000"	""		"14548.816"	"40693.787"	"3d3.4s2"	"2D2"	"5/2"	"3d3.(2P).4s.4p.(3P*)"	"w 2P*"	"3/2"		""	"L15916"	
"382.50624"	"0.00015"	"382.50625"	"0.00003"	"300000"	"5.6e+06"	C+	"8476.234"	"34619.598"	"3d4.(5D).4s"	"a 4D"	"3/2"	"3d3.(4F).4s.4p.(1P*)"	"v 4D*"	"5/2"		"T9399"	"L15916"	
"382.6078"	"0.0003"	"382.607900"	"0.000020"	"20000"	"2.06e+06"	B	"15724.229"	"41860.647"	"3d4.(3F2).4s"	"b 4F"	"7/2"	"3d4.(3G).4p"	"t 4G*"	"9/2"		"T9399"	"L15916"	
"382.6398"	"0.0005"	"382.63984"	"0.00004"	"4000"	""		"19023.531"	"45157.767"	"3d4.(3H).4s"	"b 2H"	"9/2"	"3d3.(4F).4s.5p"	"q 4F*"	"7/2"		""	"L4235"	
"382.64879"	""	"382.64879"	"0.00004"	":"	"2.2e+06"	C	"13801.551"	"39935.176"	"3d3.4s2"	"a 2P"	"3/2"	"3d4.(3F2).4p"	"s 4D*"	"3/2"		"T9399"	"L18972"	
"382.7520"	"0.0003"	"382.75190"	"0.00010"	"11000"	""		"19078.112"	"45204.697"	"3d4.(3F2).4s"	"a 2F"	"7/2"	"45204o"	"2D*"	"5/2"		""	"L15916"	
"382.78554"	"0.00018"	"382.78552"	"0.00003"	"210000"	"6.5e+06"	D+	"8413.009"	"34537.299"	"3d4.(5D).4s"	"a 4D"	"1/2"	"3d3.(4F).4s.4p.(1P*)"	"v 4D*"	"3/2"		"T284n"	"L15916"	
"382.96430"	"0.00012"	"382.964322"	"0.000021"	"10000000"	"5.2e+07"	B+	"137.383"	"26249.476"	"3d3.4s2"	"a 4F"	"5/2"	"3d4.(5D).4p"	"y 4D*"	"3/2"		"T9399"	"L15916"	
"382.99179"	"0.00018"	"382.99176"	"0.00004"	"220000"	""		"11100.596"	"37210.818"	"3d3.4s2"	"a 2G"	"9/2"	"3d3.(2H).4s.4p.(3P*)"	"y 2H*"	"11/2"		""	"L15916"	
"383.1350"	"0.0004"	"383.13486"	"0.00015"	"140000"	""		"20767.609"	"46868.079"	"3d4.(3D).4s"	"b 4D"	"7/2"	"3d4.(3D).4p"	"t 4P*"	"5/2"		""	"L15916"	
"383.168"	"0.002"	"383.16308"	"0.00010"	"29000"	""		"21603.259"	"47701.807"	"3d4.(1G2).4s"	"b 2G"	"9/2"	"3d3.(2G).4s.4p.(1P*)"	"2H*"	"11/2"		""	"L14162"	
"383.2908"	"0.0004"	"383.290702"	"0.000018"	"28000bl(V II)"	""		"15770.789"	"41860.647"	"3d4.(3F2).4s"	"b 4F"	"9/2"	"3d4.(3G).4p"	"t 4G*"	"9/2"		""	"L15916"	
"383.39165"	"0.00015"	"383.39164"	"0.00007"	"110000"	""		"13801.551"	"39884.540"	"3d3.4s2"	"a 2P"	"3/2"	"3d4.(3P2).4p"	"v 2D*"	"3/2"		""	"L15916"	
"383.43039"	"0.00015"	"383.43044"	"0.00004"	"86000"	"1.61e+06"	B	"11100.596"	"37180.946"	"3d3.4s2"	"a 2G"	"9/2"	"3d3.(2H).4s.4p.(3P*)"	"y 2H*"	"9/2"		"T9399"	"L15916"	
"383.4509"	"0.0005"	"383.45077"	"0.00013"	"14000"	""		"20789.112"	"46868.079"	"3d4.(3D).4s"	"b 4D"	"5/2"	"3d4.(3D).4p"	"t 4P*"	"5/2"		""	"L15916"	
"383.489"	"0.002"	"383.49094"	"0.00016"	"38000"	""		"13801.551"	"39877.786"	"3d3.4s2"	"a 2P"	"3/2"	"3d4.(3F2).4p"	"s 4D*"	"1/2"		""	"L14162"	
"383.52244"	"0.00015"	"383.52242"	"0.00003"	"95000"	""		"11100.596"	"37174.691"	"3d3.4s2"	"a 2G"	"9/2"	"3d4.(3H).4p"	"v 2G*"	"7/2"		""	"L15916"	
"383.5294"	"0.0002"	"383.52926"	"0.00004"	"1100000"	""		"13810.910"	"39884.540"	"3d3.4s2"	"a 2P"	"1/2"	"3d4.(3P2).4p"	"v 2D*"	"3/2"		""	"L15916"	
"383.5901"	"0.0003"	"383.590093"	"0.000015"	"13000"	"2.12e+06"	B	"15688.862"	"41758.357"	"3d4.(3F2).4s"	"b 4F"	"5/2"	"3d4.(3G).4p"	"t 4G*"	"7/2"		"T9399"	"L15916"	
"383.627"	"0.002"	"383.63205"	"0.00007"	"500000bl?"	""		"18680.070"	"44746.714"	"3d3.(4F).4s.4p.(3P*)"	"z 6F*"	"11/2"	"3d3.4s.(5F).4d"	"4G"	"11/2"		""	"L14162"	
"383.66481"	"0.00015"	"383.66481"	"0.00007"	"340000"	"9.0e+06"	B	"8413.009"	"34477.427&dagger;"	"3d4.(5D).4s"	"a 4D"	"1/2"	"3d3.(4F).4s.4p.(1P*)"	"v 4D*"	"1/2"		"T9399"	"L15916"	
"383.71416"	"0.00015"	"383.714173"	"0.000021"	"340000"	"8.0e+06"	B	"8476.234"	"34537.299"	"3d4.(5D).4s"	"a 4D"	"3/2"	"3d3.(4F).4s.4p.(1P*)"	"v 4D*"	"3/2"		"T9399"	"L15916"	
"383.7486"	"0.0002"	"383.74863"	"0.00021"	"32000"	""		"19189.283"	"45248.008"	"3d4.(3P2).4s"	"b 2P"	"3/2"	"45248o"	"2P*"	"3/2"		""	"L15916"	
"383.852"	"0.002"	"383.84987"	"0.00007"	"58000"	""		"552.955"	"26604.807&dagger;"	"3d3.4s2"	"a 4F"	"9/2"	"3d4.(5D).4p"	"y 6D*"	"7/2"		""	"L14162"	
"383.8820"	"0.0004"	"383.88190"	"0.00015"	"17000"	""		"20813.108"	"46862.786"	"3d4.(3D).4s"	"b 4D"	"3/2"	"3d4.(3D).4p"	"t 4P*"	"3/2"		""	"L15916"	
"384.00900"	"0.00015"	"384.00900"	"0.00003"	"730000"	"1.80e+07"	B	"8578.542"	"34619.598"	"3d4.(5D).4s"	"a 4D"	"5/2"	"3d3.(4F).4s.4p.(1P*)"	"v 4D*"	"5/2"		"T9399"	"L15916"	
"384.04651"	"0.00015"	"384.04611"	"0.00009"	"410000bl(V II)"	""		"14548.816"	"40587.356"	"3d3.4s2"	"2D2"	"5/2"	"3d4.(3G).4p"	"2F*"	"7/2"		""	"L15916"	
"384.11120"	""	"384.111194"	"0.000021"	":"	"2.5e+06"	C	"15724.229"	"41758.357"	"3d4.(3F2).4s"	"b 4F"	"7/2"	"3d4.(3G).4p"	"t 4G*"	"7/2"		"T9399"	"L18972"	
"384.12237"	"0.00015"	"384.12233"	"0.00004"	"320000"	"1.25e+07"	B+	"10892.520"	"36925.893&dagger;"	"3d3.4s2"	"a 2G"	"7/2"	"3d4.(3F2).4p"	"x 2F*"	"7/2"		"T9399"	"L15916"	
"384.15172"	"0.00015"	"384.15173"	"0.00004"	"2600000"	"4.0e+07"	B	"8715.747"	"34747.128"	"3d4.(5D).4s"	"a 4D"	"7/2"	"3d3.(4F).4s.4p.(1P*)"	"v 4D*"	"7/2"		"T9399"	"L15916"	
"384.18389"	"0.00012"	"384.183887"	"0.000021"	"16000000"	"5.2e+07"	B+	"323.432"	"26352.634"	"3d3.4s2"	"a 4F"	"7/2"	"3d4.(5D).4p"	"y 4D*"	"5/2"		"T9399"	"L15916"	
"384.29805"	"0.00015"	"384.298043"	"0.000021"	"660000"	"9.0e+05"	B+	"323.432"	"26344.902"	"3d3.4s2"	"a 4F"	"7/2"	"3d3.(4F).4s.4p.(3P*)"	"z 2G*"	"9/2"		"T9399"	"L15916"	
"384.3080"	"0.0003"	"384.3076"	"0.0003"	"14000"	""		"20830.344"	"46851.170"	"3d4.(3D).4s"	"b 4D"	"1/2"	"3d4.(3D).4p"	"t 4P*"	"1/2"		""	"L15916"	
"384.38235"	"0.00015"	"384.38233"	"0.00006"	"210000"	"3.8e+06"	C+	"8413.009"	"34428.773"	"3d4.(5D).4s"	"a 4D"	"1/2"	"3d3.(2D2).4s.4p.(3P*)"	"4F*"	"3/2"		"T9399"	"L15916"	
"384.4594"	"0.0002"	"384.45934"	"0.00009"	"240000"	"2.7e+06"	C+	"8476.234"	"34486.787"	"3d4.(5D).4s"	"a 4D"	"3/2"	"3d3.(2D2).4s.4p.(3P*)"	"4F*"	"5/2"		"T9399"	"L15916"	
"384.55266"	"0.00012"	"384.55276"	"0.00003"	"2300000"	"6.0e+06"	B+	"0.000"	"26004.234"	"3d3.4s2"	"a 4F"	"3/2"	"3d4.(5D).4p"	"y 4F*"	"5/2"		"T9399"	"L15916"	
"384.59771"	"0.00015"	"384.59774"	"0.00007"	"210000"	"8.8e+06"	C+	"8476.234"	"34477.427&dagger;"	"3d4.(5D).4s"	"a 4D"	"3/2"	"3d3.(4F).4s.4p.(1P*)"	"v 4D*"	"1/2"		"T9399"	"L15916"	
"384.7731"	"0.0003"	"384.77310"	"0.00007"	"28000"	""		"14514.756"	"40504.099"	"3d3.4s2"	"2D2"	"3/2"	"3d3.(2P).4s.4p.(3P*)"	"w 2P*"	"1/2"		""	"L15916"	
"384.84174"	"0.00012"	"384.841686"	"0.000021"	"1900000bl(V II)"	"4.5e+06"	B+	"137.383"	"26122.094&dagger;"	"3d3.4s2"	"a 4F"	"5/2"	"3d4.(5D).4p"	"y 4F*"	"7/2"		"T9399"	"L15916"	
"385.04111"	"0.00015"	"385.04111"	"0.00004"	"470000"	""		"10892.520"	"36863.773"	"3d3.4s2"	"a 2G"	"7/2"	"3d3.(2H).4s.4p.(3P*)"	"w 4G*"	"5/2"		""	"L15916"	
"385.1210"	"0.0002"	"385.12102"	"0.00003"	"14000"	""		"15688.862"	"41654.726"	"3d4.(3F2).4s"	"b 4F"	"5/2"	"3d4.(3G).4p"	"t 4G*"	"5/2"		""	"L15916"	
"385.22644"	"0.00018"	"385.226457"	"0.000019"	"340000"	"6.3e+06"	C+	"8578.542"	"34537.299"	"3d4.(5D).4s"	"a 4D"	"5/2"	"3d3.(4F).4s.4p.(1P*)"	"v 4D*"	"3/2"		"T9399"	"L15916"	
"385.31876"	"0.00015"	"385.31875"	"0.00006"	"180000"	"2.2e+06"	C+	"8476.234"	"34428.773"	"3d4.(5D).4s"	"a 4D"	"3/2"	"3d3.(2D2).4s.4p.(3P*)"	"4F*"	"3/2"		"T9399"	"L15916"	
"385.595"	"0.004"	"385.59621"	"0.00007"	"35000h"	""		"16572.638"	"42506.503"	"3d3.(4F).4s.4p.(3P*)"	"z 6G*"	"7/2"	"3d4.(5D).4d"	"f 6F"	"9/2"		""	"L14162"	
"385.64569"	"0.00017"	"385.64559"	"0.00003"	"7300000*"	"3.39e+07"	B+	"0.000"	"25930.544"	"3d3.4s2"	"a 4F"	"3/2"	"3d4.(5D).4p"	"y 4F*"	"3/2"		"T9399"	"L15916"	
"385.64569"	"0.00017"	"385.646291"	"0.000019"	"7300000*"	""		"15724.229"	"41654.726"	"3d4.(3F2).4s"	"b 4F"	"7/2"	"3d4.(3G).4p"	"t 4G*"	"5/2"		""	"L15916"	
"385.69334"	"0.00015"	"385.69338"	"0.00003"	"18000000"	"5.7e+07"	B+	"552.955"	"26480.286&dagger;"	"3d3.4s2"	"a 4F"	"9/2"	"3d4.(5D).4p"	"y 4D*"	"7/2"		"T9399"	"L15916"	
"385.694"	"0.004"	"385.701699"	"0.000018"	"2100000r"	""		"17054.924"	"42981.696"	"3d4.(3G).4s"	"a 4G"	"5/2"	"3d4.(5D).5p"	"s 4F*"	"3/2"		""	"L14162"	
"385.896"	"0.004"	"385.89306"	"0.00012"	"36000h"	""		"16449.875"	"42363.790"	"3d3.(4F).4s.4p.(3P*)"	"z 6G*"	"5/2"	"3d4.(5D).4d"	"f 6F"	"7/2"		""	"L14162"	
"385.9774"	"0.0002"	"385.97751"	"0.00007"	"300000"	"3.0e+06"	C+	"8578.542"	"34486.787"	"3d4.(5D).4s"	"a 4D"	"5/2"	"3d3.(2D2).4s.4p.(3P*)"	"4F*"	"5/2"		"T9399"	"L15916"	
"386.0430"	"0.0002"	"386.04299"	"0.00004"	"340000"	"5.6e+06"	C+	"8715.747"	"34619.598"	"3d4.(5D).4s"	"a 4D"	"7/2"	"3d3.(4F).4s.4p.(1P*)"	"v 4D*"	"5/2"		"T9399"	"L15916"	
"386.05083"	"0.00018"	"386.05081"	"0.00007"	"120000"	""		"18302.280"	"44205.606"	"3d3.(4F).4s.4p.(3P*)"	"z 6D*"	"7/2"	"3d3.4s.(5F).4d"	"6F"	"9/2"		""	"L15916"	
"386.0709"	"0.0004"	"386.07078"	"0.00007"	"14000"	""		"18198.091"	"44100.077"	"3d3.(4F).4s.4p.(3P*)"	"z 6D*"	"5/2"	"3d3.4s.(5F).4d"	"6F"	"7/2"		""	"L15916"	
"386.1838"	"0.0003"	"386.18372"	"0.00012"	"16000"	""		"20813.108"	"46707.519"	"3d4.(3D).4s"	"b 4D"	"3/2"	"3d3.(2F).4s.4p.(3P*)"	"4D*"	"3/2"		""	"L15916"	
"386.27025"	"0.00018"	"386.27030"	"0.00009"	"150000"	""		"18438.044"	"44326.651"	"3d3.(4F).4s.4p.(3P*)"	"z 6D*"	"9/2"	"3d3.4s.(5F).4d"	"6F"	"11/2"		""	"L15916"	
"386.3218"	"0.0002"	"386.32180"	"0.00012"	"76000"	""		"18198.091"	"44083.247"	"3d3.(4F).4s.4p.(3P*)"	"z 6D*"	"5/2"	"3d3.4s.(5F).4d"	"f 6P"	"7/2"		""	"L15916"	
"386.33123"	"0.00015"	"386.331230"	"0.000019"	"910000"	"1.07e+06"	B+	"137.383"	"26021.907"	"3d3.4s2"	"a 4F"	"5/2"	"3d3.(4F).4s.4p.(3P*)"	"z 2G*"	"7/2"		"T9399"	"L15916"	
"386.4269"	"0.0004"	"386.42692"	"0.00016"	"13000"	""		"20767.609"	"46645.723"	"3d4.(3D).4s"	"b 4D"	"7/2"	"3d3.(2F).4s.4p.(3P*)"	"4D*"	"5/2"		""	"L15916"	
"386.4703"	"0.0002"	"386.470338"	"0.000019"	"44000"	""		"15724.229"	"41599.436"	"3d4.(3F2).4s"	"b 4F"	"7/2"	"3d4.(3G).4p"	"t 4F*"	"9/2"		""	"L15916"	
"386.49551"	"0.00015"	"386.49552"	"0.00007"	"550000"	"2.41e+07"	B+	"10892.520"	"36766.041"	"3d3.4s2"	"a 2G"	"7/2"	"3d4.(3F2).4p"	"x 2F*"	"5/2"		"T9399"	"L15916"	
"386.5646"	"0.0002"	"386.5645"	"0.0004"	"36000"	""		"18126.250"	"43995.152"	"3d3.(4F).4s.4p.(3P*)"	"z 6D*"	"3/2"	"3d3.4s.(5F).4d"	"6F"	"5/2"		""	"L15916"	
"386.59519"	"0.00012"	"386.59518"	"0.00003"	"7900000"	"2.70e+07"	B+	"137.383"	"26004.234"	"3d3.4s2"	"a 4F"	"5/2"	"3d4.(5D).4p"	"y 4F*"	"5/2"		"T9399"	"L15916"	
"386.7481"	"0.0003"	"386.74829"	"0.00015"	"36000"	""		"20789.112"	"46645.723"	"3d4.(3D).4s"	"b 4D"	"5/2"	"3d3.(2F).4s.4p.(3P*)"	"4D*"	"5/2"		""	"L15916"	
"386.84376"	"0.00015"	"386.84374"	"0.00006"	"150000"	""		"8578.542"	"34428.773"	"3d4.(5D).4s"	"a 4D"	"5/2"	"3d3.(2D2).4s.4p.(3P*)"	"4F*"	"3/2"		""	"L15916"	
"386.86985"	"0.00015"	"386.869854"	"0.000019"	"1400000"	"2.41e+06"	B+	"323.432"	"26171.918"	"3d3.4s2"	"a 4F"	"7/2"	"3d4.(5D).4p"	"y 4F*"	"9/2"		"T9399"	"L15916"	
"386.9949"	"0.0004"	"386.99503"	"0.00010"	"16000"	""		"14548.816"	"40388.941"	"3d3.4s2"	"2D2"	"5/2"	"3d3.(2D2).4s.4p.(3P*)"	"2D*"	"3/2"		""	"L15916"	
"387.1073"	"0.0004"	"387.10754"	"0.00015"	"15000"	""		"20813.108"	"46645.723"	"3d4.(3D).4s"	"b 4D"	"3/2"	"3d3.(2F).4s.4p.(3P*)"	"4D*"	"5/2"		""	"L15916"	
"387.1670"	"0.0003"	"387.167009"	"0.000019"	"150000"	""		"15770.789"	"41599.436"	"3d4.(3F2).4s"	"b 4F"	"9/2"	"3d4.(3G).4p"	"t 4F*"	"9/2"		""	"L15916"	
"387.1784"	"0.0003"	"387.17867"	"0.00010"	"21000bl(V II)"	""		"18085.952"	"43913.821&dagger;"	"3d3.(4F).4s.4p.(3P*)"	"z 6D*"	"1/2"	"3d3.4s.(5F).4d"	"6F"	"3/2"		""	"L15916"	
"387.2083"	"0.0008"	"387.20827"	"0.00006"	"59000bl(V II)"	""		"22121.079"	"47946.974"	"3d3.(4F).4s.4p.(3P*)"	"z 4G*"	"9/2"	"47946e"	"4F"	"9/2"		""	"L15916"	
"387.21724"	"0.00015"	"387.21723"	"0.00004"	"720000"	"2.33e+07"	B+	"11100.596"	"36925.893&dagger;"	"3d3.4s2"	"a 2G"	"9/2"	"3d4.(3F2).4p"	"x 2F*"	"7/2"		"T9399"	"L15916"	
"387.3855"	"0.0003"	"387.38558"	"0.00006"	"250000"	""		"8715.747"	"34529.821"	"3d4.(5D).4s"	"a 4D"	"7/2"	"3d3.(2D2).4s.4p.(3P*)"	"4F*"	"9/2"		""	"L15916"	
"387.3979"	"0.0004"	"387.39797"	"0.00011"	"15000"	""		"18513.403"	"44326.651"	"3d3.(4F).4s.4p.(3P*)"	"z 6F*"	"9/2"	"3d3.4s.(5F).4d"	"6F"	"11/2"		""	"L15916"	
"387.4312"	"0.0002"	"387.43120"	"0.00011"	"42000"	""		"14514.756"	"40325.790"	"3d3.4s2"	"2D2"	"3/2"	"3d4.(3G).4p"	"2F*"	"5/2"		""	"L15916"	
"387.47286"	"0.00010"	"387.47303"	"0.00015"	"280000"	""		"10892.520"	"36700.768"	"3d3.4s2"	"a 2G"	"7/2"	"3d3.(4P).4s.4p.(3P*)"	"x 2D*"	"5/2"		""	"L4235"	
"387.54394"	"0.00018"	"387.54398"	"0.00005"	"45000"	""		"15688.862"	"41492.385&dagger;"	"3d4.(3F2).4s"	"b 4F"	"5/2"	"3d4.(3G).4p"	"t 4F*"	"7/2"		""	"L15916"	
"387.61698"	"0.00015"	"387.617001"	"0.000020"	"9000000"	"2.27e+07"	B+	"323.432"	"26122.094&dagger;"	"3d3.4s2"	"a 4F"	"7/2"	"3d4.(5D).4p"	"y 4F*"	"7/2"		"T9399"	"L15916"	
"387.62993"	"0.00015"	"387.63000"	"0.00008"	"200000"	""		"18302.280"	"44100.077"	"3d3.(4F).4s.4p.(3P*)"	"z 6D*"	"7/2"	"3d3.4s.(5F).4d"	"6F"	"7/2"		""	"L15916"	
"387.6359"	"0.0002"	"387.63649"	"0.00003"	"28000"	""		"11100.596"	"36897.961"	"3d3.4s2"	"a 2G"	"9/2"	"3d3.(2H).4s.4p.(3P*)"	"w 4G*"	"9/2"		""	"L15916"	
"387.6410"	"0.0002"	"387.6411"	"0.0005"	"89000"	""		"18198.091"	"43995.152"	"3d3.(4F).4s.4p.(3P*)"	"z 6D*"	"5/2"	"3d3.4s.(5F).4d"	"6F"	"5/2"		""	"L15916"	
"387.6520"	"0.0002"	"387.65204"	"0.00008"	"450000"	"3.5e+06"	B	"8578.542"	"34374.872"	"3d4.(5D).4s"	"a 4D"	"5/2"	"3d3.(2D2).4s.4p.(3P*)"	"4F*"	"7/2"		"T9399"	"L15916"	
"387.66505"	"0.00018"	"387.66506"	"0.00015"	"87000"	""		"20767.609"	"46563.073"	"3d4.(3D).4s"	"b 4D"	"7/2"	"3d3.(2F).4s.4p.(3P*)"	"4D*"	"7/2"		""	"L15916"	
"387.69965"	"0.00015"	"387.69967"	"0.00005"	"2500000"	"8.7e+06"	B+	"137.383"	"25930.544"	"3d3.4s2"	"a 4F"	"5/2"	"3d4.(5D).4p"	"y 4F*"	"3/2"		"T9399"	"L15916"	
"387.71791"	"0.00015"	"387.71792"	"0.00003"	"3400000"	"8.5e+06"	B+	"552.955"	"26344.902"	"3d3.4s2"	"a 4F"	"9/2"	"3d3.(4F).4s.4p.(3P*)"	"z 2G*"	"9/2"		"T9399"	"L15916"	
"387.7837"	"0.0002"	"387.78371"	"0.00011"	"67000"	""		"18126.250"	"43913.821&dagger;"	"3d3.(4F).4s.4p.(3P*)"	"z 6D*"	"3/2"	"3d3.4s.(5F).4d"	"6F"	"3/2"		""	"L15916"	
"387.8830"	"0.0004"	"387.88305"	"0.00012"	"8200"	""		"18302.280"	"44083.247"	"3d3.(4F).4s.4p.(3P*)"	"z 6D*"	"7/2"	"3d3.4s.(5F).4d"	"f 6P"	"7/2"		""	"L15916"	
"387.9427"	"0.0002"	"387.94313"	"0.00014"	"74000"	""		"14548.816"	"40325.790"	"3d3.4s2"	"2D2"	"5/2"	"3d4.(3G).4p"	"2F*"	"5/2"		""	"L15916"	
"388.0324"	"0.0002"	"388.03246"	"0.00008"	"110000"	"1.4e+06"	C+	"8715.747"	"34486.787"	"3d4.(5D).4s"	"a 4D"	"7/2"	"3d3.(2D2).4s.4p.(3P*)"	"4F*"	"5/2"		"T9399"	"L15916"	
"388.0753"	"0.0005"	"388.07589"	"0.00003"	"48000bl"	""		"15724.229"	"41492.385&dagger;"	"3d4.(3F2).4s"	"b 4F"	"7/2"	"3d4.(3G).4p"	"t 4F*"	"7/2"		""	"L4235"	
"388.0848"	"0.0002"	"388.08483"	"0.00009"	"40000"	""		"18438.044"	"44205.606"	"3d3.(4F).4s.4p.(3P*)"	"z 6D*"	"9/2"	"3d3.4s.(5F).4d"	"6F"	"9/2"		""	"L15916"	
"388.1349"	"0.0003"	"388.13486"	"0.00005"	"35000"	""		"15664.801"	"41429.042"	"3d4.(3F2).4s"	"b 4F"	"3/2"	"3d4.(3G).4p"	"t 4F*"	"5/2"		""	"L15916"	
"388.1518"	"0.0002"	"388.15182"	"0.00014"	"44000"	""		"18085.952"	"43849.067"	"3d3.(4F).4s.4p.(3P*)"	"z 6D*"	"1/2"	"3d3.4s.(5F).4d"	"6F"	"1/2"		""	"L15916"	
"388.1933"	"0.0003"	"388.19348"	"0.00017"	"8900"	""		"24643.528"	"50403.878"	"3d4.(3D).4s"	"2D"	"3/2"	"50403o"	"r 2F*"	"5/2"		""	"L15916"	
"388.2687"	"0.0002"	"388.26869"	"0.00011"	"50000"	""		"18126.250"	"43881.610"	"3d3.(4F).4s.4p.(3P*)"	"z 6D*"	"3/2"	"3d3.4s.(5F).4d"	"f 6P"	"5/2"		""	"L15916"	
"388.2889"	"0.0002"	"388.28893"	"0.00006"	"44000"	""		"21963.437"	"47717.455"	"3d3.(4F).4s.4p.(3P*)"	"z 4G*"	"7/2"	"47717e"	"4F"	"7/2"		""	"L15916"	
"388.49766"	"0.00018"	"388.49767"	"0.00006"	"150000"	""		"15688.862"	"41429.042"	"3d4.(3F2).4s"	"b 4F"	"5/2"	"3d4.(3G).4p"	"t 4F*"	"5/2"		""	"L15916"	
"388.50418"	"0.00018"	"388.50421"	"0.00011"	"55000"	""		"18174.074"	"43913.821&dagger;"	"3d3.(4F).4s.4p.(3P*)"	"z 6F*"	"3/2"	"3d3.4s.(5F).4d"	"6F"	"3/2"		""	"L15916"	
"388.55626"	"0.00018"	"388.5563"	"0.0005"	"100000"	""		"18258.855"	"43995.152"	"3d3.(4F).4s.4p.(3P*)"	"z 6F*"	"5/2"	"3d3.4s.(5F).4d"	"6F"	"5/2"		""	"L15916"	
"388.643"	"0.002"	"388.64141"	"0.00005"	"37000"	"1.23e+06"	C+	"15770.789"	"41501.449"	"3d4.(3F2).4s"	"b 4F"	"9/2"	"3d4.(3G).4p"	"v 2H*"	"9/2"		"T9399"	"L14162"	
"388.6670"	"0.0003"	"388.66704"	"0.00015"	"22000"	""		"18120.104"	"43849.067"	"3d3.(4F).4s.4p.(3P*)"	"z 6F*"	"1/2"	"3d3.4s.(5F).4d"	"6F"	"1/2"		""	"L15916"	
"388.6874"	"0.0002"	"388.68741"	"0.00008"	"69000"	""		"18372.462"	"44100.077"	"3d3.(4F).4s.4p.(3P*)"	"z 6F*"	"7/2"	"3d3.4s.(5F).4d"	"6F"	"7/2"		""	"L15916"	
"388.7294"	"0.0003"	"388.72929"	"0.00009"	"58000"	""		"15664.801"	"41389.644"	"3d4.(3F2).4s"	"b 4F"	"3/2"	"3d4.(3G).4p"	"t 4F*"	"3/2"		""	"L15916"	
"388.76799"	"0.00015"	"388.76800"	"0.00005"	"380000"	"1.3e+07"	D+	"11100.596"	"36822.878"	"3d3.4s2"	"a 2G"	"9/2"	"3d3.(2H).4s.4p.(3P*)"	"w 4G*"	"7/2"		"T284n"	"L15916"	
"388.7778"	"0.0003"	"388.77836"	"0.00005"	"21000"	""		"15770.789"	"41492.385&dagger;"	"3d4.(3F2).4s"	"b 4F"	"9/2"	"3d4.(3G).4p"	"t 4F*"	"7/2"		""	"L15916"	
"388.8670"	"0.0004"	"388.86705"	"0.00011"	"18000"	""		"18198.091"	"43913.821&dagger;"	"3d3.(4F).4s.4p.(3P*)"	"z 6D*"	"5/2"	"3d3.4s.(5F).4d"	"6F"	"3/2"		""	"L15916"	
"388.91613"	"0.00018"	"388.91614"	"0.00008"	"86000"	""		"18680.070"	"44392.554"	"3d3.(4F).4s.4p.(3P*)"	"z 6F*"	"11/2"	"3d3.4s.(5F).4d"	"4H"	"13/2"		""	"L15916"	
"388.94184"	"0.00018"	"388.94184"	"0.00012"	"130000"	""		"18372.462"	"44083.247"	"3d3.(4F).4s.4p.(3P*)"	"z 6F*"	"7/2"	"3d3.4s.(5F).4d"	"f 6P"	"7/2"		""	"L15916"	
"389.0322"	"0.0003"	"389.03220"	"0.00005"	"27000"	""		"15724.229"	"41429.042"	"3d4.(3F2).4s"	"b 4F"	"7/2"	"3d4.(3G).4p"	"t 4F*"	"5/2"		""	"L15916"	
"389.0623"	"0.0003"	"389.06231"	"0.00014"	"10000"	""		"18302.280"	"44005.104"	"3d3.(4F).4s.4p.(3P*)"	"z 6D*"	"7/2"	"3d3.4s.(5F).4d"	"f 6G"	"9/2"		""	"L15916"	
"389.0815"	"0.0002"	"389.08164"	"0.00009"	"27000"	""		"18438.044"	"44139.591"	"3d3.(4F).4s.4p.(3P*)"	"z 6D*"	"9/2"	"3d3.4s.(5F).4d"	"f 6G"	"11/2"		""	"L15916"	
"389.0931"	"0.0002"	"389.09322"	"0.00011"	"26000"	""		"15688.862"	"41389.644"	"3d4.(3F2).4s"	"b 4F"	"5/2"	"3d4.(3G).4p"	"t 4F*"	"3/2"		""	"L15916"	
"389.12813"	"0.00015"	"389.12815"	"0.00003"	"4200000"	"6.4e+06"	B+	"323.432"	"26021.907"	"3d3.4s2"	"a 4F"	"7/2"	"3d3.(4F).4s.4p.(3P*)"	"z 2G*"	"7/2"		"T9399"	"L15916"	
"389.13820"	"0.00015"	"389.13817"	"0.00012"	"150000"	""		"18120.104"	"43817.917&dagger;"	"3d3.(4F).4s.4p.(3P*)"	"z 6F*"	"1/2"	"3d3.4s.(5F).4d"	"f 6G"	"3/2"		""	"L15916"	
"389.22317"	"0.00015"	"389.22314"	"0.00008"	"170000"	""		"18513.403"	"44205.606"	"3d3.(4F).4s.4p.(3P*)"	"z 6F*"	"9/2"	"3d3.4s.(5F).4d"	"6F"	"9/2"		""	"L15916"	
"389.2317"	"0.0003"	"389.23126"	"0.00011"	"130000*"	""		"18126.250"	"43817.917&dagger;"	"3d3.(4F).4s.4p.(3P*)"	"z 6D*"	"3/2"	"3d3.4s.(5F).4d"	"f 6G"	"3/2"		""	"L15916"	
"389.2317"	"0.0003"	"389.23155"	"0.00005"	"130000*"	""		"8476.234"	"34167.882"	"3d4.(5D).4s"	"a 4D"	"3/2"	"3d3.(2P).4s.4p.(3P*)"	"2D*"	"5/2"		""	"L15916"	
"389.2567"	"0.0002"	"389.25673"	"0.00006"	"37000"	""		"21841.421"	"47531.407"	"3d3.(4F).4s.4p.(3P*)"	"z 4G*"	"5/2"	"47531e"	"4F"	"5/2"		""	"L15916"	
"389.35481"	"0.00018"	"389.35475"	"0.00011"	"120000"	""		"18198.091"	"43881.610"	"3d3.(4F).4s.4p.(3P*)"	"z 6D*"	"5/2"	"3d3.4s.(5F).4d"	"f 6P"	"5/2"		""	"L15916"	
"389.39594"	"0.00015"	"389.39594"	"0.00003"	"2800000"	"8.0e+06"	B+	"323.432"	"26004.234"	"3d3.4s2"	"a 4F"	"7/2"	"3d4.(5D).4p"	"y 4F*"	"5/2"		"T9399"	"L15916"	
"389.40773"	"0.00018"	"389.40774"	"0.00008"	"53000"	""		"18513.403"	"44193.427"	"3d3.(4F).4s.4p.(3P*)"	"z 6F*"	"9/2"	"3d3.4s.(5F).4d"	"4H"	"11/2"		""	"L15916"	
"389.4841"	"0.0003"	"389.48404"	"0.00015"	"32000"	""		"18174.074"	"43849.067"	"3d3.(4F).4s.4p.(3P*)"	"z 6F*"	"3/2"	"3d3.4s.(5F).4d"	"6F"	"1/2"		""	"L15916"	
"389.51387"	"0.00015"	"389.51384"	"0.00012"	"300000"	""		"18174.074"	"43847.103"	"3d3.(4F).4s.4p.(3P*)"	"z 6F*"	"3/2"	"3d3.4s.(5F).4d"	"f 6G"	"5/2"		""	"L15916"	
"389.5207"	"0.0002"	"389.52081"	"0.00020"	"5200"	""		"16361.489"	"42034.058"	"3d3.(4F).4s.4p.(3P*)"	"z 6G*"	"3/2"	"3d4.(5D).4d"	"e 6G"	"3/2"		""	"L15916"	
"389.68077"	"0.00018"	"389.68074"	"0.00009"	"85000"	""		"18438.044"	"44100.077"	"3d3.(4F).4s.4p.(3P*)"	"z 6D*"	"9/2"	"3d3.4s.(5F).4d"	"6F"	"7/2"		""	"L15916"	
"389.7248"	"0.0002"	"389.72490"	"0.00009"	"410000bl(V II)"	"4.2e+06"	C+	"8715.747"	"34374.872"	"3d4.(5D).4s"	"a 4D"	"7/2"	"3d3.(2D2).4s.4p.(3P*)"	"4F*"	"7/2"		"T9399"	"L15916"	
"389.77164"	"0.00018"	"389.77164"	"0.00005"	"72000"	""		"18372.462"	"44028.510"	"3d3.(4F).4s.4p.(3P*)"	"z 6F*"	"7/2"	"3d3.4s.(5F).4d"	"4H"	"9/2"		""	"L15916"	
"389.7882"	"0.0003"	"389.78808"	"0.00011"	"49000"	""		"18258.855"	"43913.821&dagger;"	"3d3.(4F).4s.4p.(3P*)"	"z 6F*"	"5/2"	"3d3.4s.(5F).4d"	"6F"	"3/2"		""	"L15916"	
"389.81767"	"0.00015"	"389.81767"	"0.00012"	"300000"	""		"18258.855"	"43911.874"	"3d3.(4F).4s.4p.(3P*)"	"z 6F*"	"5/2"	"3d3.4s.(5F).4d"	"f 6G"	"7/2"		""	"L15916"	
"389.90699"	"0.00015"	"389.90696"	"0.00011"	"400000"	"9.0e+07"	C	"18680.070"	"44327.214"	"3d3.(4F).4s.4p.(3P*)"	"z 6F*"	"11/2"	"3d3.4s.(5F).4d"	"f 6G"	"13/2"		"u38"	"L15916"	
"389.91555"	"0.00015"	"389.91552"	"0.00011"	"670000"	"9.6e+07"	C	"18680.070"	"44326.651"	"3d3.(4F).4s.4p.(3P*)"	"z 6F*"	"11/2"	"3d3.4s.(5F).4d"	"6F"	"11/2"		"u38"	"L15916"	
"389.92366"	"0.00015"	"389.92361"	"0.00005"	"340000"	"2.30e+06"	B+	"10892.520"	"36538.569"	"3d3.4s2"	"a 2G"	"7/2"	"3d4.(3F2).4p"	"2G*"	"9/2"		"T9399"	"L15916"	
"389.9363"	"0.0002"	"389.93599"	"0.00017"	"290000*"	""		"18085.952"	"43731.187"	"3d3.(4F).4s.4p.(3P*)"	"z 6D*"	"1/2"	"3d3.4s.(5F).4d"	"f 6P"	"3/2"		""	"L15916"	
"389.9363"	"0.0002"	"389.93647"	"0.00014"	"290000*"	"5.7e+07"	C+	"18438.044"	"44083.247"	"3d3.(4F).4s.4p.(3P*)"	"z 6D*"	"9/2"	"3d3.4s.(5F).4d"	"f 6P"	"7/2"		"T9282"	"L15916"	
"389.9568"	"0.0004"	"389.95715"	"0.00012"	"13000"	""		"18174.074"	"43817.917&dagger;"	"3d3.(4F).4s.4p.(3P*)"	"z 6F*"	"3/2"	"3d3.4s.(5F).4d"	"f 6G"	"3/2"		""	"L15916"	
"390.0461"	"0.0002"	"390.04607"	"0.00008"	"32000"	""		"14949.359"	"40587.356"	"3d4.(3H).4s"	"a 4H"	"9/2"	"3d4.(3G).4p"	"2F*"	"7/2"		""	"L15916"	
"390.11988"	"0.00018"	"390.11995"	"0.00008"	"260000"	""		"22313.832"	"47946.974"	"3d3.(4F).4s.4p.(3P*)"	"z 4G*"	"11/2"	"47946e"	"4F"	"9/2"		""	"L15916"	
"390.12757"	"0.00015"	"390.12756"	"0.00014"	"180000"	""		"18372.462"	"44005.104"	"3d3.(4F).4s.4p.(3P*)"	"z 6F*"	"7/2"	"3d3.4s.(5F).4d"	"f 6G"	"9/2"		""	"L15916"	
"390.22584"	"0.00015"	"390.22581"	"0.00011"	"470000"	"7.9e+07"	C	"18513.403"	"44139.591"	"3d3.(4F).4s.4p.(3P*)"	"z 6F*"	"9/2"	"3d3.4s.(5F).4d"	"f 6G"	"11/2"		"u38"	"L15916"	
"390.2788"	"0.0002"	"390.2791"	"0.0005"	"85000bl(V II)"	""		"18372.462"	"43995.152"	"3d3.(4F).4s.4p.(3P*)"	"z 6F*"	"7/2"	"3d3.4s.(5F).4d"	"6F"	"5/2"		""	"L15916"	
"390.33586"	"0.00015"	"390.33586"	"0.00003"	"14000000"	"2.61e+07"	B+	"552.955"	"26171.918"	"3d3.4s2"	"a 4F"	"9/2"	"3d4.(5D).4p"	"y 4F*"	"9/2"		"T9399"	"L15916"	
"390.3598"	"0.0003"	"390.35953"	"0.00015"	"14000"	""		"16449.875"	"42067.285"	"3d3.(4F).4s.4p.(3P*)"	"z 6G*"	"5/2"	"3d4.(5D).4d"	"e 6G"	"5/2"		""	"L15916"	
"390.36498"	"0.00018"	"390.36495"	"0.00011"	"150000"	""		"8413.009"	"34030.063&dagger;"	"3d4.(5D).4s"	"a 4D"	"1/2"	"3d3.(2P).4s.4p.(3P*)"	"2D*"	"3/2"		""	"L15916"	
"390.5496"	"0.0002"	"390.54968"	"0.00020"	"93000"	""		"18126.250"	"43731.187"	"3d3.(4F).4s.4p.(3P*)"	"z 6D*"	"3/2"	"3d3.4s.(5F).4d"	"f 6P"	"3/2"		""	"L15916"	
"390.55696"	"0.00018"	"390.55693"	"0.00008"	"190000"	"9.8e+06"	B	"14514.756"	"40119.218&dagger;"	"3d3.4s2"	"2D2"	"3/2"	"3d4.(3P2).4p"	"v 2D*"	"5/2"		"T9399"	"L15916"	
"390.68034"	"0.00018"	"390.68031"	"0.00005"	"450000"	""		"22121.079"	"47717.455"	"3d3.(4F).4s.4p.(3P*)"	"z 4G*"	"9/2"	"47717e"	"4F"	"7/2"		""	"L15916"	
"390.78534"	"0.00018"	"390.78533"	"0.00003"	"460000"	"7.5e+06"	B	"8476.234"	"34065.731"	"3d4.(5D).4s"	"a 4D"	"3/2"	"3d3.(4P).4s.4p.(3P*)"	"w 4D*"	"5/2"		"T9399"	"L15916"	
"390.82850"	"0.00018"	"390.82844"	"0.00008"	"62000"	""		"18513.403"	"44100.077"	"3d3.(4F).4s.4p.(3P*)"	"z 6F*"	"9/2"	"3d3.4s.(5F).4d"	"6F"	"7/2"		""	"L15916"	
"390.94062"	"0.00018"	"390.94065"	"0.00011"	"130000"	""		"18302.280"	"43881.610"	"3d3.(4F).4s.4p.(3P*)"	"z 6D*"	"7/2"	"3d3.4s.(5F).4d"	"f 6P"	"5/2"		""	"L15916"	
"391.0509"	"0.0003"	"391.05089"	"0.00006"	"22000"	""		"18198.091"	"43770.210"	"3d3.(4F).4s.4p.(3P*)"	"z 6D*"	"5/2"	"3d3.4s.(5F).4d"	"4D"	"5/2"		""	"L15916"	
"391.07717"	"0.00015"	"391.07715"	"0.00008"	"230000"	"1.43e+07"	B+	"14548.816"	"40119.218&dagger;"	"3d3.4s2"	"2D2"	"5/2"	"3d4.(3P2).4p"	"v 2D*"	"5/2"		"T9399"	"L15916"	
"391.09645"	"0.00015"	"391.09647"	"0.00003"	"4200000"	"4.0e+06"	B+	"552.955"	"26122.094&dagger;"	"3d3.4s2"	"a 4F"	"9/2"	"3d4.(5D).4p"	"y 4F*"	"7/2"		"T9399"	"L15916"	
"391.10225"	"0.00015"	"391.10224"	"0.00005"	"1800000"	""		"10892.520"	"36461.282"	"3d3.4s2"	"a 2G"	"7/2"	"3d4.(3F2).4p"	"2G*"	"7/2"		""	"L15916"	
"391.11432"	"0.00015"	"391.11435"	"0.00008"	"360000"	""		"21963.437"	"47531.407"	"3d3.(4F).4s.4p.(3P*)"	"z 4G*"	"7/2"	"47531e"	"4F"	"5/2"		""	"L15916"	
"391.1497"	"0.0003"	"391.14990"	"0.00012"	"11000"	""		"18302.280"	"43867.926"	"3d3.(4F).4s.4p.(3P*)"	"z 6D*"	"7/2"	"3d3.4s.(5F).4d"	"4D"	"7/2"		""	"L15916"	
"391.18951"	"0.00015"	"391.18947"	"0.00003"	"470000"	"6.9e+06"	C+	"8413.009"	"33976.069&dagger;"	"3d4.(5D).4s"	"a 4D"	"1/2"	"3d3.(4P).4s.4p.(3P*)"	"w 4D*"	"3/2"		"T9399"	"L15916"	
"391.2806"	"0.0005"	"391.27998"	"0.00011"	"40000*"	""		"18126.250"	"43683.397&dagger;"	"3d3.(4F).4s.4p.(3P*)"	"z 6D*"	"3/2"	"3d3.4s.(5F).4d"	"4D"	"3/2"		""	"L15916"	
"391.2806"	"0.0005"	"391.28050"	"0.00018"	"40000*"	""		"18174.074"	"43731.187"	"3d3.(4F).4s.4p.(3P*)"	"z 6F*"	"3/2"	"3d3.4s.(5F).4d"	"f 6P"	"3/2"		""	"L15916"	
"391.3308"	"0.0002"	"391.33079"	"0.00011"	"1000000*"	""		"8476.234"	"34030.063&dagger;"	"3d4.(5D).4s"	"a 4D"	"3/2"	"3d3.(2P).4s.4p.(3P*)"	"2D*"	"3/2"		""	"L15916"	
"391.3308"	"0.0002"	"391.33085"	"0.00005"	"1000000*"	""		"8413.009"	"33966.834"	"3d4.(5D).4s"	"a 4D"	"1/2"	"3d3.(4P).4s.4p.(3P*)"	"w 4D*"	"1/2"		""	"L15916"	
"391.34956"	"0.00015"	"391.34953"	"0.00008"	"290000"	""		"21841.421"	"47394.026"	"3d3.(4F).4s.4p.(3P*)"	"z 4G*"	"5/2"	"47394e"	"4F"	"3/2"		""	"L15916"	
"391.3989"	"0.0003"	"391.39879"	"0.00011"	"230000"	"2.12e+06"	C+	"8578.542"	"34127.931"	"3d4.(5D).4s"	"a 4D"	"5/2"	"3d3.(4P).4s.4p.(3P*)"	"w 4D*"	"7/2"		"T9399"	"L15916"	
"391.4686"	"0.0003"	"391.46875"	"0.00012"	"37000"	""		"18302.280"	"43847.103"	"3d3.(4F).4s.4p.(3P*)"	"z 6D*"	"7/2"	"3d3.4s.(5F).4d"	"f 6G"	"5/2"		""	"L15916"	
"391.5171"	"0.0004"	"391.51669"	"0.00017"	"15000"	""		"16572.638"	"42114.333"	"3d3.(4F).4s.4p.(3P*)"	"z 6G*"	"7/2"	"3d4.(5D).4d"	"e 6G"	"7/2"		""	"L15916"	
"391.5434"	"0.0005"	"391.54366"	"0.00015"	"50000bl"	""		"21603.259"	"47143.195&dagger;"	"3d4.(1G2).4s"	"b 2G"	"9/2"	"3d3.(2F).4s.4p.(3P*)"	"s 2F*"	"7/2"		""	"L4235"	
"391.6226"	"0.0002"	"391.62254"	"0.00008"	"40000"	"1.85e+06"	B	"15000.937"	"40535.729"	"3d4.(3H).4s"	"a 4H"	"11/2"	"3d4.(3G).4p"	"w 4H*"	"13/2"		"T9399"	"L15916"	
"391.6486"	"0.0002"	"391.64855"	"0.00018"	"64000"	""		"18198.091"	"43731.187"	"3d3.(4F).4s.4p.(3P*)"	"z 6D*"	"5/2"	"3d3.4s.(5F).4d"	"f 6P"	"3/2"		""	"L15916"	
"391.7644"	"0.0003"	"391.76455"	"0.00011"	"32000"	""		"18680.070"	"44205.606"	"3d3.(4F).4s.4p.(3P*)"	"z 6F*"	"11/2"	"3d3.4s.(5F).4d"	"6F"	"9/2"		""	"L15916"	
"392.0163"	"0.0002"	"392.01623"	"0.00011"	"17000"	""		"18372.462"	"43881.610"	"3d3.(4F).4s.4p.(3P*)"	"z 6F*"	"7/2"	"3d3.4s.(5F).4d"	"f 6P"	"5/2"		""	"L15916"	
"392.10906"	"0.00018"	"392.10909"	"0.00005"	"48000"	""		"14949.359"	"40452.466"	"3d4.(3H).4s"	"a 4H"	"9/2"	"3d4.(3G).4p"	"w 4H*"	"11/2"		""	"L15916"	
"392.15942"	"0.00015"	"392.159400"	"0.000020"	"470000"	"6.2e+06"	B	"8476.234"	"33976.069&dagger;"	"3d4.(5D).4s"	"a 4D"	"3/2"	"3d3.(4P).4s.4p.(3P*)"	"w 4D*"	"3/2"		"T9399"	"L15916"	
"392.2845"	"0.0004"	"392.28453"	"0.00012"	"9500"	"9.e+07"	D+	"18513.403"	"44005.104"	"3d3.(4F).4s.4p.(3P*)"	"z 6F*"	"9/2"	"3d3.4s.(5F).4d"	"f 6G"	"9/2"		"T9771"	"L15916"	
"392.30149"	"0.00015"	"392.30148"	"0.00005"	"470000"	"2.2e+07"	D+	"8476.234"	"33966.834"	"3d4.(5D).4s"	"a 4D"	"3/2"	"3d3.(4P).4s.4p.(3P*)"	"w 4D*"	"1/2"		"T284n"	"L15916"	
"392.35398"	"0.00015"	"392.35398"	"0.00003"	"1100000"	"1.98e+07"	B	"8578.542"	"34065.731"	"3d4.(5D).4s"	"a 4D"	"5/2"	"3d3.(4P).4s.4p.(3P*)"	"w 4D*"	"5/2"		"T9399"	"L15916"	
"392.5374"	"0.0006"	"392.53767"	"0.00014"	"8000"	""		"18174.074"	"43649.336"	"3d3.(4F).4s.4p.(3P*)"	"z 6F*"	"3/2"	"3d3.4s.(5F).4d"	"e 6H"	"5/2"		""	"L15916"	
"392.57608"	"0.00018"	"392.57607"	"0.00006"	"900000"	"3.39e+07"	B+	"15062.959"	"40535.729"	"3d4.(3H).4s"	"a 4H"	"13/2"	"3d4.(3G).4p"	"w 4H*"	"13/2"		"T9399"	"L15916"	
"392.5832"	"0.0003"	"392.58282"	"0.00020"	"3700"	""		"18258.855"	"43731.187"	"3d3.(4F).4s.4p.(3P*)"	"z 6F*"	"5/2"	"3d3.4s.(5F).4d"	"f 6P"	"3/2"		""	"L15916"	
"392.5875"	"0.0002"	"392.58754"	"0.00009"	"66000"	""		"19023.531"	"44495.557"	"3d4.(3H).4s"	"b 2H"	"9/2"	"3d4.(1G2).4p"	"s 2G*"	"7/2"		""	"L15916"	
"392.63054"	"0.00015"	"392.63062"	"0.00009"	"500000"	""		"19026.326"	"44495.557"	"3d4.(3F2).4s"	"a 2F"	"5/2"	"3d4.(1G2).4p"	"s 2G*"	"7/2"		""	"L15916"	
"392.63491"	"0.00015"	"392.63492"	"0.00003"	"1300000"	"9.2e+05"	B+	"552.955"	"26021.907"	"3d3.4s2"	"a 4F"	"9/2"	"3d3.(4F).4s.4p.(3P*)"	"z 2G*"	"7/2"		"T9399"	"L15916"	
"392.7804"	"0.0002"	"392.78037"	"0.00012"	"36000"	""		"18680.070"	"44139.591"	"3d3.(4F).4s.4p.(3P*)"	"z 6F*"	"11/2"	"3d3.4s.(5F).4d"	"f 6G"	"11/2"		""	"L15916"	
"392.9037"	"0.0002"	"392.90370"	"0.00005"	"750000*"	"3.3e+07"	C+	"15000.937"	"40452.466"	"3d4.(3H).4s"	"a 4H"	"11/2"	"3d4.(3G).4p"	"w 4H*"	"11/2"		"u40"	"L15916"	
"392.9037"	"0.0002"	"392.90383"	"0.00011"	"750000*"	""		"8578.542"	"34030.063&dagger;"	"3d4.(5D).4s"	"a 4D"	"5/2"	"3d3.(2P).4s.4p.(3P*)"	"2D*"	"3/2"		""	"L15916"	
"392.9577"	"0.0004"	"392.95790"	"0.00012"	"26000"	"6.4e+06"	C+	"18258.855"	"43706.874"	"3d3.(4F).4s.4p.(3P*)"	"z 6F*"	"5/2"	"3d3.4s.(5F).4d"	"e 6H"	"7/2"		"T9399"	"L15916"	
"393.11312"	"0.00015"	"393.11308"	"0.00006"	"1100000"	"3.08e+07"	B+	"11100.596"	"36538.569"	"3d3.4s2"	"a 2G"	"9/2"	"3d4.(3F2).4p"	"2G*"	"9/2"		"T9399"	"L15916"	
"393.23401"	"0.00015"	"393.23394"	"0.00009"	"150000"	""		"19023.531"	"44453.686"	"3d4.(3H).4s"	"b 2H"	"9/2"	"3d4.(1I).4p"	"2I*"	"11/2"		""	"L15916"	
"393.24478"	"0.00015"	"393.24479"	"0.00005"	"570000"	"3.10e+07"	B+	"14949.359"	"40378.812"	"3d4.(3H).4s"	"a 4H"	"9/2"	"3d4.(3G).4p"	"w 4H*"	"9/2"		"T9399"	"L15916"	
"393.4308"	"0.0004"	"393.43057"	"0.00009"	"12000"	""		"19078.112"	"44495.557"	"3d4.(3F2).4s"	"a 2F"	"7/2"	"3d4.(1G2).4p"	"s 2G*"	"7/2"		""	"L15916"	
"393.4560"	"0.0003"	"393.45554"	"0.00012"	"42000"	""		"14909.958"	"40325.790"	"3d4.(3H).4s"	"a 4H"	"7/2"	"3d4.(3G).4p"	"2F*"	"5/2"		""	"L15916"	
"393.4662"	"0.0003"	"393.46623"	"0.00012"	"38000"	"8.4e+06"	C+	"18372.462"	"43787.604"	"3d3.(4F).4s.4p.(3P*)"	"z 6F*"	"7/2"	"3d3.4s.(5F).4d"	"e 6H"	"9/2"		"T9399"	"L15916"	
"393.51207"	"0.00015"	"393.51203"	"0.00008"	"1200000"	"1.81e+07"	B	"8715.747"	"34127.931"	"3d4.(5D).4s"	"a 4D"	"7/2"	"3d3.(4P).4s.4p.(3P*)"	"w 4D*"	"7/2"		"T9399"	"L15916"	
"393.62450"	"0.00018"	"393.62448"	"0.00005"	"570000"	"3.19e+07"	B+	"14909.958"	"40314.882"	"3d4.(3H).4s"	"a 4H"	"7/2"	"3d4.(3G).4p"	"w 4H*"	"7/2"		"T9399"	"L15916"	
"393.73915"	"0.00015"	"393.739123"	"0.000020"	"470000"	"5.9e+06"	C+	"8578.542"	"33976.069&dagger;"	"3d4.(5D).4s"	"a 4D"	"5/2"	"3d3.(4P).4s.4p.(3P*)"	"w 4D*"	"3/2"		"T9399"	"L15916"	
"393.8635"	"0.0003"	"393.86350"	"0.00005"	"190000"	""		"15062.959"	"40452.466"	"3d4.(3H).4s"	"a 4H"	"13/2"	"3d4.(3G).4p"	"w 4H*"	"11/2"		""	"L15916"	
"393.9310"	"0.0002"	"393.93105"	"0.00009"	"170000"	""		"19078.112"	"44463.265"	"3d4.(3F2).4s"	"a 2F"	"7/2"	"3d4.(1G2).4p"	"s 2G*"	"9/2"		""	"L15916"	
"393.9994"	"0.0002"	"393.99945"	"0.00012"	"42000"	"8.2e+06"	B+	"18513.403"	"43894.149"	"3d3.(4F).4s.4p.(3P*)"	"z 6F*"	"9/2"	"3d3.4s.(5F).4d"	"e 6H"	"11/2"		"T9399"	"L15916"	
"394.0440"	"0.0002"	"394.04402"	"0.00005"	"190000"	"1.10e+07"	B+	"15000.937"	"40378.812"	"3d4.(3H).4s"	"a 4H"	"11/2"	"3d4.(3G).4p"	"w 4H*"	"9/2"		"T9399"	"L15916"	
"394.1697"	"0.0002"	"394.16969"	"0.00008"	"62000"	""		"14514.756"	"39884.540"	"3d3.4s2"	"2D2"	"3/2"	"3d4.(3P2).4p"	"v 2D*"	"3/2"		""	"L15916"	
"394.23595"	"0.00015"	"394.23591"	"0.00005"	"150000"	"8.0e+06"	B	"14949.359"	"40314.882"	"3d4.(3H).4s"	"a 4H"	"9/2"	"3d4.(3G).4p"	"w 4H*"	"7/2"		"T9399"	"L15916"	
"394.31108"	"0.00015"	"394.31110"	"0.00006"	"390000"	"8.2e+06"	D+	"11100.596"	"36461.282"	"3d3.4s2"	"a 2G"	"9/2"	"3d4.(3F2).4p"	"2G*"	"7/2"		"T284n"	"L15916"	
"394.4704"	"0.0003"	"394.4707"	"0.0003"	"100000"	""		"21646.420"	"46996.848&dagger;"	"3d4.(1G2).4s"	"b 2G"	"7/2"	"3d3.(2F).4s.4p.(3P*)"	"s 2F*"	"5/2"		""	"L15916"	
"394.4775"	"0.0002"	"394.47757"	"0.00003"	"700000"	"5.9e+06"	C+	"8715.747"	"34065.731"	"3d4.(5D).4s"	"a 4D"	"7/2"	"3d3.(4P).4s.4p.(3P*)"	"w 4D*"	"5/2"		"T9399"	"L15916"	
"394.5053"	"0.0002"	"394.50542"	"0.00012"	"32000"	"5.2e+06"	C+	"18680.070"	"44028.264"	"3d3.(4F).4s.4p.(3P*)"	"z 6F*"	"11/2"	"3d3.4s.(5F).4d"	"e 6H"	"13/2"		"T9399"	"L15916"	
"394.6305"	"0.0006"	"394.63013"	"0.00011"	"24000"	""		"16917.210"	"42257.394"	"3d3.(4F).4s.4p.(3P*)"	"z 6G*"	"11/2"	"3d4.(5D).4d"	"e 6G"	"11/2"		""	"L15916"	
"394.6996"	"0.0003"	"394.69959"	"0.00006"	"23000"	""		"14548.816"	"39884.540"	"3d3.4s2"	"2D2"	"5/2"	"3d4.(3P2).4p"	"v 2D*"	"3/2"		""	"L15916"	
"394.97410"	"0.00018"	"394.97408"	"0.00009"	"89000"	""		"19145.148"	"44463.265"	"3d4.(3H).4s"	"b 2H"	"11/2"	"3d4.(1G2).4p"	"s 2G*"	"9/2"		""	"L15916"	
"395.1235"	"0.0003"	"395.12357"	"0.00009"	"42000"	""		"19145.148"	"44453.686"	"3d4.(3H).4s"	"b 2H"	"11/2"	"3d4.(1I).4p"	"2I*"	"11/2"		""	"L15916"	
"395.13438"	"0.00018"	"395.13439"	"0.00012"	"330000"	""		"19145.148"	"44452.993"	"3d4.(3H).4s"	"b 2H"	"11/2"	"3d4.(1I).4p"	"2I*"	"13/2"		""	"L15916"	
"396.4730"	"0.0004"	"396.47291"	"0.00013"	"270000"	"4.6e+07"	C+	"22479.403"	"47701.807"	"3d4.(1I).4s"	"2I"	"13/2"	"3d3.(2G).4s.4p.(1P*)"	"2H*"	"11/2"		"T9399"	"L15916"	
"396.5550"	"0.0004"	"396.55544"	"0.00014"	"23000"	""		"17136.538"	"42353.693"	"3d3.(4F).4s.4p.(3P*)"	"z 6G*"	"13/2"	"3d4.(5D).4d"	"e 6G"	"13/2"		""	"L15916"	
"396.67963"	""	"396.67963"	"0.00008"	":"	"7.4e+05"	C+	"14909.958"	"40119.218&dagger;"	"3d4.(3H).4s"	"a 4H"	"7/2"	"3d4.(3P2).4p"	"v 2D*"	"5/2"		"T9399"	"L18972"	
"397.3071"	"0.0003"	"397.30704"	"0.00003"	"52000"	""		"20767.609"	"45937.060"	"3d4.(3D).4s"	"b 4D"	"7/2"	"3d3.4s.(5F).5p"	"o 4D*"	"7/2"		""	"L15916"	
"397.4471"	"0.0002"	"397.44712"	"0.00009"	"55000"	""		"19023.531"	"44184.111"	"3d4.(3H).4s"	"b 2H"	"9/2"	"3d4.(1G2).4p"	"t 2H*"	"11/2"		""	"L15916"	
"397.6467"	"0.0002"	"397.64676"	"0.00005"	"40000"	""		"20789.112"	"45937.060"	"3d4.(3D).4s"	"b 4D"	"5/2"	"3d3.4s.(5F).5p"	"o 4D*"	"7/2"		""	"L15916"	
"397.947"	"0.002"	"397.94641"	"0.00008"	"42000"	""		"14909.958"	"40038.970"	"3d4.(3H).4s"	"a 4H"	"7/2"	"3d4.(3H).4p"	"u 4G*"	"9/2"		""	"L14162"	
"398.0263"	"0.0002"	"398.02620"	"0.00003"	"160000"	""		"20767.609"	"45891.583"	"3d4.(3D).4s"	"b 4D"	"7/2"	"3d3.(2F).4s.4p.(3P*)"	"p 4F*"	"9/2"		""	"L15916"	
"398.05450"	"0.00018"	"398.05452"	"0.00010"	"170000"	""		"19023.531"	"44145.718"	"3d4.(3H).4s"	"b 2H"	"9/2"	"3d4.(1G2).4p"	"t 2H*"	"9/2"		""	"L15916"	
"398.1634"	"0.0003"	"398.16348"	"0.00011"	"150000"	"4.5e+07"	C+	"22496.546"	"47611.858"	"3d4.(1I).4s"	"2I"	"11/2"	"3d3.(2G).4s.4p.(1P*)"	"2H*"	"9/2"		"T9399"	"L15916"	
"398.1760"	"0.0002"	"398.17611"	"0.00006"	"4300"	""		"14949.359"	"40063.874"	"3d4.(3H).4s"	"a 4H"	"9/2"	"3d4.(3H).4p"	"u 4G*"	"11/2"		""	"L15916"	
"398.5456"	"0.0002"	"398.54560"	"0.00005"	"190000"	""		"14909.958"	"40001.190"	"3d4.(3H).4s"	"a 4H"	"7/2"	"3d4.(3H).4p"	"u 4G*"	"7/2"		""	"L15916"	
"398.57134"	"0.00015"	"398.57134"	"0.00008"	"340000"	"1.35e+07"	B+	"14949.359"	"40038.970"	"3d4.(3H).4s"	"a 4H"	"9/2"	"3d4.(3H).4p"	"u 4G*"	"9/2"		"T9399"	"L15916"	
"398.876"	"0.002"	"398.87560"	"0.00016"	"35000"	""		"20767.609"	"45838.082"	"3d4.(3D).4s"	"b 4D"	"7/2"	"3d3.4s.(5F).5p"	"o 4D*"	"5/2"		""	"L14162"	
"398.9212"	"0.0005"	"398.92122"	"0.00010"	"26000bl"	""		"19078.112"	"44145.718"	"3d4.(3F2).4s"	"a 2F"	"7/2"	"3d4.(1G2).4p"	"t 2H*"	"9/2"		""	"L4235"	
"398.9955"	"0.0002"	"398.99554"	"0.00006"	"340000"	"9.9e+06"	B+	"15000.937"	"40063.874"	"3d4.(3H).4s"	"a 4H"	"11/2"	"3d4.(3H).4p"	"u 4G*"	"11/2"		"T9399"	"L15916"	
"399.16658"	"0.00015"	"399.16667"	"0.00010"	"860000"	"9.2e+07"	B+	"14909.958"	"39962.150"	"3d4.(3H).4s"	"a 4H"	"7/2"	"3d4.(3H).4p"	"u 4G*"	"5/2"		"T9399"	"L15916"	
"399.17244"	"0.00015"	"399.17242"	"0.00005"	"2100000"	"8.7e+07"	C+	"14949.359"	"40001.190"	"3d4.(3H).4s"	"a 4H"	"9/2"	"3d4.(3H).4p"	"u 4G*"	"7/2"		"u40"	"L15916"	
"399.2177"	"0.0003"	"399.21801"	"0.00013"	"34000"	""		"20789.112"	"45838.082"	"3d4.(3D).4s"	"b 4D"	"5/2"	"3d3.4s.(5F).5p"	"o 4D*"	"5/2"		""	"L15916"	
"399.37756"	"0.00018"	"399.37756"	"0.00010"	"140000"	""		"19145.148"	"44184.111"	"3d4.(3H).4s"	"b 2H"	"11/2"	"3d4.(1G2).4p"	"t 2H*"	"11/2"		""	"L15916"	
"399.39239"	"0.00015"	"399.39240"	"0.00006"	"990000"	"8.6e+07"	B+	"15000.937"	"40038.970"	"3d4.(3H).4s"	"a 4H"	"11/2"	"3d4.(3H).4p"	"u 4G*"	"9/2"		"T9399"	"L15916"	
"399.6008"	"0.0002"	"399.60081"	"0.00014"	"56000"	""		"20813.108"	"45838.082"	"3d4.(3D).4s"	"b 4D"	"3/2"	"3d3.4s.(5F).5p"	"o 4D*"	"5/2"		""	"L15916"	
"399.98538"	"0.00018"	"399.98536"	"0.00005"	"1600000"	"9.8e+07"	B+	"15062.959"	"40063.874"	"3d4.(3H).4s"	"a 4H"	"13/2"	"3d4.(3H).4p"	"u 4G*"	"11/2"		"T9399"	"L15916"	
"400.106"	"0.004"	"400.10212"	"0.00003"	"55000"	""		"137.383"	"25131.002"	"3d3.4s2"	"a 4F"	"5/2"	"3d4.(5D).4p"	"z 4P*"	"5/2"		""	"L4235"	
"400.1210"	"0.0003"	"400.12104"	"0.00005"	"43000"	""		"20767.609"	"45760.046"	"3d4.(3D).4s"	"b 4D"	"7/2"	"3d3.(2F).4s.4p.(3P*)"	"p 4F*"	"7/2"		""	"L15916"	
"400.27925"	""	"400.27925"	"0.00004"	":"	"1.6e+05"	C	"9637.039"	"34619.598"	"3d3.4s2"	"a 4P"	"3/2"	"3d3.(4F).4s.4p.(1P*)"	"v 4D*"	"5/2"		"T9399"	"L18972"	
"400.3161"	"0.0002"	"400.31622"	"0.00010"	"410000"	""		"24838.578"	"49818.830"	"3d4.(5D).4p"	"z 6P*"	"7/2"	"49818e"	"6D"	"9/2"		""	"L15916"	
"400.3595"	"0.0003"	"400.35949"	"0.00008"	"230000"	""		"24727.841"	"49705.393"	"3d4.(5D).4p"	"z 6P*"	"5/2"	"49705e"	"6D"	"7/2"		""	"L15916"	
"400.4293"	"0.0003"	"400.42931"	"0.00006"	"16000"	""		"20789.112"	"45762.309"	"3d4.(3D).4s"	"b 4D"	"5/2"	"3d3.4s.(5F).5p"	"o 4D*"	"3/2"		""	"L15916"	
"400.4656"	"0.0002"	"400.46560"	"0.00003"	"63000"	""		"20789.112"	"45760.046"	"3d4.(3D).4s"	"b 4D"	"5/2"	"3d3.(2F).4s.4p.(3P*)"	"p 4F*"	"7/2"		""	"L15916"	
"400.5436"	"0.0002"	"400.54367"	"0.00010"	"90000"	""		"24648.114"	"49614.181"	"3d4.(5D).4p"	"z 6P*"	"3/2"	"49614e"	"6D"	"5/2"		""	"L15916"	
"400.8146"	"0.0003"	"400.81444"	"0.00004"	"12000"	""		"20813.108"	"45762.309"	"3d4.(3D).4s"	"b 4D"	"3/2"	"3d3.4s.(5F).5p"	"o 4D*"	"3/2"		""	"L15916"	
"401.0916"	"0.0003"	"401.09153"	"0.00011"	"41000"	""		"20830.344"	"45762.309"	"3d4.(3D).4s"	"b 4D"	"1/2"	"3d3.4s.(5F).5p"	"o 4D*"	"3/2"		""	"L15916"	
"401.2439"	"0.0002"	"401.24382"	"0.00003"	"54000"	"1.09e+06"	C+	"9824.626"	"34747.128"	"3d3.4s2"	"a 4P"	"5/2"	"3d3.(4F).4s.4p.(1P*)"	"v 4D*"	"7/2"		"T9399"	"L15916"	
"401.3629"	"0.0005"	"401.36221"	"0.00003"	"210000bl,r"	""		"0.000"	"24915.151"	"3d3.4s2"	"a 4F"	"3/2"	"3d4.(5D).4p"	"z 4P*"	"3/2"		""	"L4235"	
"401.6202"	"0.0002"	"401.62039"	"0.00006"	"180000"	""		"24648.114"	"49547.248"	"3d4.(5D).4p"	"z 6P*"	"3/2"	"49547e"	"6D"	"3/2"		""	"L15916"	
"401.64822"	"0.00010"	"401.64827"	"0.00005"	"6800"	""		"15103.784"	"40001.190"	"3d3.4s2"	"a 2H"	"9/2"	"3d4.(3H).4p"	"u 4G*"	"7/2"		""	"L4235"	
"401.6794"	"0.0005"	"401.67952"	"0.00008"	"19000"	""		"17054.924"	"41950.393"	"3d4.(3G).4s"	"a 4G"	"5/2"	"3d4.(3D).4p"	"u 2F*"	"5/2"		""	"L4235"	
"401.7798"	"0.0003"	"401.77993"	"0.00005"	"20000"	""		"20813.108"	"45702.355"	"3d4.(3D).4s"	"b 4D"	"3/2"	"3d3.4s.(5F).5p"	"o 4D*"	"1/2"		""	"L15916"	
"401.8268"	"0.0002"	"401.82687"	"0.00011"	"190000"	""		"24727.841"	"49614.181"	"3d4.(5D).4p"	"z 6P*"	"5/2"	"49614e"	"6D"	"5/2"		""	"L15916"	
"401.86242"	""	"401.86242"	"0.00006"	":"	"1.5e+05"	C	"9544.635"	"34428.773"	"3d3.4s2"	"a 4P"	"1/2"	"3d3.(2D2).4s.4p.(3P*)"	"4F*"	"3/2"		"T9399"	"L18972"	
"402.0068"	"0.0003"	"402.00680"	"0.00003"	"14000"	""		"20813.108"	"45688.309"	"3d4.(3D).4s"	"b 4D"	"3/2"	"3d3.(2F).4s.4p.(3P*)"	"p 4F*"	"5/2"		""	"L15916"	
"402.02727"	"0.00010"	"402.02736"	"0.00006"	"35000"	"4.9e+05"	C+	"14548.816"	"39422.745"	"3d3.4s2"	"2D2"	"5/2"	"3d4.(3P2).4p"	"w 4P*"	"5/2"		"T9399"	"L7789"	
"402.0585"	"0.0002"	"402.05836"	"0.00006"	"18000"	""		"20830.344"	"45702.355"	"3d4.(3D).4s"	"b 4D"	"1/2"	"3d3.4s.(5F).5p"	"o 4D*"	"1/2"		""	"L15916"	
"402.1423"	"0.0003"	"402.14237"	"0.00011"	"150000"	""		"24838.578"	"49705.393"	"3d4.(5D).4p"	"z 6P*"	"7/2"	"49705e"	"6D"	"7/2"		""	"L15916"	
"402.1675"	"0.0003"	"402.16759"	"0.00011"	"23000"	""		"20789.112"	"45654.368"	"3d4.(3D).4s"	"b 4D"	"5/2"	"45654o"	"2D*"	"5/2"		""	"L15916"	
"402.2551"	"0.0002"	"402.25520"	"0.00005"	"5500"	""		"20789.112"	"45648.952"	"3d4.(3D).4s"	"b 4D"	"5/2"	"3d3.(2F).4s.4p.(3P*)"	"p 4F*"	"3/2"		""	"L4235"	
"402.2819"	"0.0002"	"402.28189"	"0.00018"	"110000"	""		"24648.114"	"49506.305"	"3d4.(5D).4p"	"z 6P*"	"3/2"	"49506e"	"6D"	"1/2"		""	"L15916"	
"402.3046"	"0.0003"	"402.30458"	"0.00010"	"51000"	"1.02e+07"	B	"15078.387"	"39935.176"	"3d4.(3P2).4s"	"b 4P"	"1/2"	"3d4.(3F2).4p"	"s 4D*"	"3/2"		"T9399"	"L15916"	
"402.3232"	"0.0007"	"402.32502"	"0.00006"	"140000bl"	""		"137.383"	"24992.909"	"3d3.4s2"	"a 4F"	"5/2"	"3d4.(5D).4p"	"y 6F*"	"7/2"		""	"L4235"	
"402.4187"	"0.0005"	"402.41857"	"0.00010"	"28000"	"3.6e+05"	C+	"9637.039"	"34486.787"	"3d3.4s2"	"a 4P"	"3/2"	"3d3.(2D2).4s.4p.(3P*)"	"4F*"	"5/2"		"T9399"	"L15916"	
"402.43064"	"0.00018"	"402.43063"	"0.00010"	"170000"	""		"19026.326"	"43875.329"	"3d4.(3F2).4s"	"a 2F"	"5/2"	"3d4.(1G2).4p"	"t 2F*"	"5/2"		""	"L15916"	
"402.4564"	"0.0002"	"402.45630"	"0.00008"	"28000"	""		"19026.326"	"43873.744"	"3d4.(3F2).4s"	"a 2F"	"5/2"	"3d4.(1G2).4p"	"t 2F*"	"7/2"		""	"L15916"	
"402.5561"	"0.0003"	"402.55607"	"0.00010"	"21000"	""		"20813.108"	"45654.368"	"3d4.(3D).4s"	"b 4D"	"3/2"	"45654o"	"2D*"	"5/2"		""	"L15916"	
"402.6438"	"0.0002"	"402.64386"	"0.00006"	"26000"	""		"20813.108"	"45648.952"	"3d4.(3D).4s"	"b 4D"	"3/2"	"3d3.(2F).4s.4p.(3P*)"	"p 4F*"	"3/2"		""	"L15916"	
"402.734"	"0.002"	"402.73504"	"0.00006"	"4000"	""		"0.000"	"24830.221"	"3d3.4s2"	"a 4F"	"3/2"	"3d4.(5D).4p"	"y 6F*"	"3/2"		""	"L14162"	
"402.8048"	"0.0005"	"402.80479"	"0.00010"	"18000"	""		"24992.909"	"49818.830"	"3d4.(5D).4p"	"y 6F*"	"7/2"	"49818e"	"6D"	"9/2"		""	"L15916"	
"402.9105"	"0.0003"	"402.91051"	"0.00008"	"60000"	""		"24727.841"	"49547.248"	"3d4.(5D).4p"	"z 6P*"	"5/2"	"49547e"	"6D"	"3/2"		""	"L15916"	
"402.9237"	"0.0005"	"402.92348"	"0.00005"	"6400"	""		"20830.344"	"45648.952"	"3d4.(3D).4s"	"b 4D"	"1/2"	"3d3.(2F).4s.4p.(3P*)"	"p 4F*"	"3/2"		""	"L15916"	
"403.1028"	"0.0003"	"403.10276"	"0.00004"	"51000"	"1.02e+05"	C+	"323.432"	"25131.002"	"3d3.4s2"	"a 4F"	"7/2"	"3d4.(5D).4p"	"z 4P*"	"5/2"		"T9399"	"L15916"	
"403.1185"	"0.0002"	"403.11870"	"0.00008"	"100000bl(V II)"	""		"24898.804"	"49705.393"	"3d4.(5D).4p"	"y 6F*"	"5/2"	"49705e"	"6D"	"7/2"		""	"L15916"	
"403.1257"	"0.0005"	"403.12579"	"0.00007"	"13000"	""		"15078.387"	"39884.540"	"3d4.(3P2).4s"	"b 4P"	"1/2"	"3d4.(3P2).4p"	"v 2D*"	"3/2"		""	"L4235"	
"403.2358"	"0.0003"	"403.23558"	"0.00011"	"78000"	"2.41e+07"	B	"15078.387"	"39877.786"	"3d4.(3P2).4s"	"b 4P"	"1/2"	"3d4.(3F2).4p"	"s 4D*"	"1/2"		"T9399"	"L15916"	
"403.2710"	"0.0003"	"403.27106"	"0.00010"	"11000"	""		"19078.112"	"43875.329"	"3d4.(3F2).4s"	"a 2F"	"7/2"	"3d4.(1G2).4p"	"t 2F*"	"5/2"		""	"L15916"	
"403.29683"	"0.00018"	"403.29684"	"0.00010"	"400000"	""		"19078.112"	"43873.744"	"3d4.(3F2).4s"	"a 2F"	"7/2"	"3d4.(1G2).4p"	"t 2F*"	"7/2"		""	"L15916"	
"403.363"	"0.002"	"403.36025"	"0.00007"	"57000bl"	""		"9637.039"	"34428.773"	"3d3.4s2"	"a 4P"	"3/2"	"3d3.(2D2).4s.4p.(3P*)"	"4F*"	"3/2"		""	"L4235"	
"403.3984"	"0.0003"	"403.39821"	"0.00007"	"29000"	"3.0e+05"	B	"0.000"	"24789.401"	"3d3.4s2"	"a 4F"	"3/2"	"3d4.(5D).4p"	"y 6F*"	"1/2"		"T9399"	"L15916"	
"403.420"	"0.002"	"403.42034"	"0.00007"	"71000"	""		"323.432"	"25111.473"	"3d3.4s2"	"a 4F"	"7/2"	"3d4.(5D).4p"	"y 6F*"	"9/2"		""	"L14162"	
"403.4867"	"0.0003"	"403.48677"	"0.00013"	"72000"	""		"24830.221"	"49614.181"	"3d4.(5D).4p"	"y 6F*"	"3/2"	"49614e"	"6D"	"5/2"		""	"L15916"	
"403.5876"	"0.0004"	"403.587603"	"0.000020"	"12000"	""		"137.383"	"24915.151"	"3d3.4s2"	"a 4F"	"5/2"	"3d4.(5D).4p"	"z 4P*"	"3/2"		""	"L15916"	
"403.6229"	"0.0004"	"403.62287"	"0.00010"	"19000"	""		"24838.578"	"49614.181"	"3d4.(5D).4p"	"z 6P*"	"7/2"	"49614e"	"6D"	"5/2"		""	"L15916"	
"403.7027"	"0.0005"	"403.70320"	"0.00003"	"160000"	""		"0.000"	"24770.673"	"3d3.4s2"	"a 4F"	"3/2"	"3d4.(5D).4p"	"z 4P*"	"1/2"		""	"L4235"	
"403.730"	"0.002"	"403.73117"	"0.00004"	"18000"	""		"15078.387"	"39847.344"	"3d4.(3P2).4s"	"b 4P"	"1/2"	"3d4.(3P2).4p"	"x 4S*"	"3/2"		""	"L14162"	
"403.8386"	"0.0003"	"403.83831"	"0.00015"	"11000"	""		"20813.108"	"45575.494"	"3d4.(3D).4s"	"b 4D"	"3/2"	"45575o"	"2D*"	"3/2"		""	"L15916"	
"403.8528"	"0.0005"	"403.85404"	"0.00004"	"8700bl"	""		"137.383"	"24898.804"	"3d3.4s2"	"a 4F"	"5/2"	"3d4.(5D).4p"	"y 6F*"	"5/2"		""	"L4235"	
"403.9124"	"0.0002"	"403.91234"	"0.00010"	"74000"	""		"24789.401"	"49547.248"	"3d4.(5D).4p"	"y 6F*"	"1/2"	"49547e"	"6D"	"3/2"		""	"L15916"	
"404.1200"	"0.0004"	"404.11960"	"0.00020"	"12000"	""		"20830.344"	"45575.494"	"3d4.(3D).4s"	"b 4D"	"1/2"	"45575o"	"2D*"	"3/2"		""	"L15916"	
"404.1434"	"0.0002"	"404.143277"	"0.000018"	"35000"	"4.1e+06"	B+	"17116.947"	"41860.647"	"3d4.(3G).4s"	"a 4G"	"7/2"	"3d4.(3G).4p"	"t 4G*"	"9/2"		"T9399"	"L15916"	
"404.2662"	"0.0002"	"404.26611"	"0.00007"	"25000"	""		"17182.073"	"41918.255"	"3d4.(3G).4s"	"a 4G"	"9/2"	"3d4.(3G).4p"	"t 4G*"	"11/2"		""	"L15916"	
"404.3772"	"0.0002"	"404.37724"	"0.00008"	"460000"	"1.95e+07"	B	"15270.582"	"39999.966"	"3d4.(3P2).4s"	"b 4P"	"3/2"	"3d4.(3F2).4p"	"s 4D*"	"5/2"		"T9399"	"L15916"	
"404.60640"	"0.00018"	"404.60641"	"0.00011"	"430000"	""		"24898.804"	"49614.181"	"3d4.(5D).4p"	"y 6F*"	"5/2"	"49614e"	"6D"	"5/2"		""	"L15916"	
"404.6538"	"0.0002"	"404.65378"	"0.00013"	"420000"	""		"24992.909"	"49705.393"	"3d4.(5D).4p"	"y 6F*"	"7/2"	"49705e"	"6D"	"7/2"		""	"L15916"	
"404.7379"	"0.0003"	"404.73775"	"0.00008"	"330000"	""		"25111.473"	"49818.830"	"3d4.(5D).4p"	"y 6F*"	"9/2"	"49818e"	"6D"	"9/2"		""	"L15916"	
"404.8021"	"0.0003"	"404.802037"	"0.000018"	"34000"	"5.1e+06"	B	"17054.924"	"41758.357"	"3d4.(3G).4s"	"a 4G"	"5/2"	"3d4.(3G).4p"	"t 4G*"	"7/2"		"T9399"	"L15916"	
"404.856"	"0.006"	"404.85700"	"0.00010"	"8100"	""		"15688.862"	"40388.941"	"3d4.(3F2).4s"	"b 4F"	"5/2"	"3d3.(2D2).4s.4p.(3P*)"	"2D*"	"3/2"		""	"L4235"	
"404.85647"	""	"404.85646"	"0.00007"	":"	"2.2e+06"	C	"14548.816"	"39248.928"	"3d3.4s2"	"2D2"	"5/2"	"3d4.(3P2).4p"	"w 4P*"	"3/2"		"T9399"	"L18972"	
"404.9759"	"0.0002"	"404.97573"	"0.00005"	"310000"	"2.9e+05"	B	"137.383"	"24830.221"	"3d3.4s2"	"a 4F"	"5/2"	"3d4.(5D).4p"	"y 6F*"	"3/2"		"T9399"	"L15916"	
"405.20979"	"0.00015"	"405.209799"	"0.000018"	"1300000"	"7.0e+07"	B+	"17182.073"	"41860.647"	"3d4.(3G).4s"	"a 4G"	"9/2"	"3d4.(3G).4p"	"t 4G*"	"9/2"		"T9399"	"L15916"	
"405.2493"	"0.0010"	"405.24903"	"0.00005"	"1300000bl"	"1.1e+08"	D+	"17242.070"	"41918.255"	"3d4.(3G).4s"	"a 4G"	"11/2"	"3d4.(3G).4p"	"t 4G*"	"11/2"		"T284n"	"L15916"	
"405.3592"	"0.0003"	"405.35922"	"0.00007"	"15000"	"4.5e+04"	C+	"323.432"	"24992.909"	"3d3.4s2"	"a 4F"	"7/2"	"3d4.(5D).4p"	"y 6F*"	"7/2"		"T9399"	"L15916"	
"405.4394"	"0.0002"	"405.43947"	"0.00012"	"190000"	"1.22e+07"	B	"15270.582"	"39935.176"	"3d4.(3P2).4s"	"b 4P"	"3/2"	"3d4.(3F2).4p"	"s 4D*"	"3/2"		"T9399"	"L15916"	
"405.4793"	"0.0003"	"405.47947"	"0.00008"	"13000"	""		"9824.626"	"34486.787"	"3d3.4s2"	"a 4P"	"5/2"	"3d3.(2D2).4s.4p.(3P*)"	"4F*"	"5/2"		""	"L15916"	
"405.70514"	"0.00015"	"405.70512"	"0.00008"	"470000"	""		"24898.804"	"49547.248"	"3d4.(5D).4p"	"y 6F*"	"5/2"	"49547e"	"6D"	"3/2"		""	"L15916"	
"405.82097"	"0.00015"	"405.820933"	"0.000016"	"1000000"	"7.5e+07"	B+	"17116.947"	"41758.357"	"3d4.(3G).4s"	"a 4G"	"7/2"	"3d4.(3G).4p"	"t 4G*"	"7/2"		"T9399"	"L15916"	
"405.897"	"0.002"	"405.89476"	"0.00015"	"490000"	""		"15688.862"	"40325.790"	"3d4.(3F2).4s"	"b 4F"	"5/2"	"3d4.(3G).4p"	"2F*"	"5/2"		""	"L14162"	
"406.15288"	"0.00018"	"406.15286"	"0.00007"	"800000"	""		"24992.909"	"49614.181"	"3d4.(5D).4p"	"y 6F*"	"7/2"	"49614e"	"6D"	"5/2"		""	"L15916"	
"406.1974"	"0.0004"	"406.19732"	"0.00003"	"21000"	"2.4e+06"	C+	"17242.070"	"41860.647"	"3d4.(3G).4s"	"a 4G"	"11/2"	"3d4.(3G).4p"	"t 4G*"	"9/2"		"T9399"	"L15916"	
"406.2732"	"0.0002"	"406.27355"	"0.00008"	"5300"	""		"15270.582"	"39884.540"	"3d4.(3P2).4s"	"b 4P"	"3/2"	"3d4.(3P2).4p"	"v 2D*"	"3/2"		""	"L4235"	
"406.38506"	""	"406.38506"	"0.00012"	":"	"6.3e+06"	C+	"15270.582"	"39877.786"	"3d4.(3P2).4s"	"b 4P"	"3/2"	"3d4.(3F2).4p"	"s 4D*"	"1/2"		"T9399"	"L18972"	
"406.50735"	"0.00018"	"406.50734"	"0.00004"	"830000"	"9.6e+07"	C+	"17054.924"	"41654.726"	"3d4.(3G).4s"	"a 4G"	"5/2"	"3d4.(3G).4p"	"t 4G*"	"5/2"		"T9282"	"L15916"	
"406.60459"	"0.00018"	"406.60456"	"0.00007"	"1400000"	""		"25111.473"	"49705.393"	"3d4.(5D).4p"	"y 6F*"	"9/2"	"49705e"	"6D"	"7/2"		""	"L15916"	
"406.657"	"0.005"	"406.65858"	"0.00004"	"12000"	""		"15724.229"	"40314.882"	"3d4.(3F2).4s"	"b 4F"	"7/2"	"3d4.(3G).4p"	"w 4H*"	"7/2"		""	"L4235"	
"406.8885"	"0.0003"	"406.88843"	"0.00004"	"65000"	"1.19e+07"	B	"15270.582"	"39847.344"	"3d4.(3P2).4s"	"b 4P"	"3/2"	"3d4.(3P2).4p"	"x 4S*"	"3/2"		"T9399"	"L15916"	
"406.9115"	"0.0003"	"406.91144"	"0.00005"	"61000"	"2.35e+05"	B	"323.432"	"24898.804"	"3d3.4s2"	"a 4F"	"7/2"	"3d4.(5D).4p"	"y 6F*"	"5/2"		"T9399"	"L15916"	
"407.07705"	"0.00018"	"407.07707"	"0.00008"	"1900000"	""		"25253.457"	"49818.830"	"3d4.(5D).4p"	"y 6F*"	"11/2"	"49818e"	"6D"	"9/2"		""	"L15916"	
"407.1911"	"0.0002"	"407.19069"	"0.00007"	"55000"	""		"552.955"	"25111.473"	"3d3.4s2"	"a 4F"	"9/2"	"3d4.(5D).4p"	"y 6F*"	"9/2"		""	"L15916"	
"407.2682"	"0.0002"	"407.26821"	"0.00004"	"880000"	""		"15572.035"	"40125.879"	"3d4.(3P2).4s"	"b 4P"	"5/2"	"3d4.(3F2).4p"	"s 4D*"	"7/2"		""	"L15916"	
"407.3279"	"0.0002"	"407.32789"	"0.00008"	"180000"	"1.49e+06"	C+	"9824.626"	"34374.872"	"3d3.4s2"	"a 4P"	"5/2"	"3d3.(2D2).4s.4p.(3P*)"	"4F*"	"7/2"		"T9399"	"L15916"	
"407.534"	"0.002"	"407.53485"	"0.00003"	"53000"	""		"17116.947"	"41654.726"	"3d4.(3G).4s"	"a 4G"	"7/2"	"3d4.(3G).4p"	"t 4G*"	"5/2"		""	"L14162"	
"407.912"	"0.002"	"407.91109"	"0.00003"	"4400"	""		"323.432"	"24838.578"	"3d3.4s2"	"a 4F"	"7/2"	"3d4.(5D).4p"	"z 6P*"	"7/2"		""	"L14162"	
"407.986"	"0.002"	"407.98457"	"0.00003"	"7400"	""		"137.383"	"24648.114"	"3d3.4s2"	"a 4F"	"5/2"	"3d4.(5D).4p"	"z 6P*"	"3/2"		""	"L14162"	
"408.04841"	"0.00018"	"408.04843"	"0.00007"	"150000"	""		"23210.560"	"47717.455"	"3d3.(4F).4s.4p.(3P*)"	"z 4F*"	"5/2"	"47717e"	"4F"	"7/2"		""	"L15916"	
"408.4062"	"0.0002"	"408.40618"	"0.00012"	"300000"	""		"9544.635"	"34030.063&dagger;"	"3d3.4s2"	"a 4P"	"1/2"	"3d3.(2P).4s.4p.(3P*)"	"2D*"	"3/2"		""	"L15916"	
"408.5369"	"0.0004"	"408.53680"	"0.00008"	"10000"	""		"17182.073"	"41659.672"	"3d4.(3G).4s"	"a 4G"	"9/2"	"3d4.(3G).4p"	"v 2H*"	"11/2"		""	"L15916"	
"409.1095"	"0.0003"	"409.10951"	"0.00007"	"120000"	""		"23088.074"	"47531.407"	"3d3.(4F).4s.4p.(3P*)"	"z 4F*"	"3/2"	"47531e"	"4F"	"5/2"		""	"L15916"	
"409.1663"	"0.0003"	"409.16607"	"0.00007"	"47000"	""		"552.955"	"24992.909"	"3d3.4s2"	"a 4F"	"9/2"	"3d4.(5D).4p"	"y 6F*"	"7/2"		""	"L15916"	
"409.17227"	"0.00015"	"409.17227"	"0.00007"	"5300000"	"5.4e+07"	B+	"8715.747"	"33155.331"	"3d4.(5D).4s"	"a 4D"	"7/2"	"3d3.(4F).4s.4p.(1P*)"	"w 4F*"	"9/2"		"T9627"	"L15916"	
"409.30879"	"0.00018"	"409.30876"	"0.00003"	"230000"	"2.9e+06"	C+	"9544.635"	"33976.069&dagger;"	"3d3.4s2"	"a 4P"	"1/2"	"3d3.(4P).4s.4p.(3P*)"	"w 4D*"	"3/2"		"T9399"	"L15916"	
"409.35472"	"0.00018"	"409.35470"	"0.00004"	"840000"	"1.08e+07"	C+	"9637.039"	"34065.731"	"3d3.4s2"	"a 4P"	"3/2"	"3d3.(4P).4s.4p.(3P*)"	"w 4D*"	"5/2"		"T9399"	"L15916"	
"409.3676"	"0.0003"	"409.36746"	"0.00004"	"95000"	"1.41e+07"	C+	"15572.035"	"39999.966"	"3d4.(3P2).4s"	"b 4P"	"5/2"	"3d4.(3F2).4p"	"s 4D*"	"5/2"		"T9399"	"L15916"	
"409.38380"	"0.00015"	"409.38383"	"0.00004"	"11000000"	"2.24e+07"	B+	"2311.369"	"26738.323"	"3d4.(5D).4s"	"a 6D"	"7/2"	"3d4.(5D).4p"	"y 6D*"	"9/2"		"T9399"	"L15916"	
"409.4635"	"0.0003"	"409.46288"	"0.00005"	"560000*"	""		"17116.947"	"41539.185"	"3d4.(3G).4s"	"a 4G"	"7/2"	"3d4.(3G).4p"	"t 2G*"	"9/2"		""	"L15916"	
"409.4635"	"0.0003"	"409.46354"	"0.00005"	"560000*"	"1.6e+07"	D+	"9544.635"	"33966.834"	"3d3.4s2"	"a 4P"	"1/2"	"3d3.(4P).4s.4p.(3P*)"	"w 4D*"	"1/2"		"T284n"	"L15916"	
"409.5424"	"0.0013"	"409.54063"	"0.00007"	"240000*"	""		"17242.070"	"41659.672"	"3d4.(3G).4s"	"a 4G"	"11/2"	"3d4.(3G).4p"	"v 2H*"	"11/2"		""	"L4235"	
"409.5424"	"0.0013"	"409.544634"	"0.000020"	"240000*"	""		"17182.073"	"41599.436"	"3d4.(3G).4s"	"a 4G"	"9/2"	"3d4.(3G).4p"	"t 4F*"	"9/2"		""	"L4235"	
"409.66310"	"0.00015"	"409.663084"	"0.000020"	"4300000"	"4.2e+07"	B	"8578.542"	"32988.845"	"3d4.(5D).4s"	"a 4D"	"5/2"	"3d3.(4F).4s.4p.(1P*)"	"w 4F*"	"7/2"		"T9627"	"L15916"	
"409.8084"	"0.0002"	"409.80835"	"0.00003"	"60000"	""		"15724.229"	"40125.879"	"3d4.(3F2).4s"	"b 4F"	"7/2"	"3d4.(3F2).4p"	"s 4D*"	"7/2"		""	"L15916"	
"409.95326"	"0.00015"	"409.95327"	"0.00012"	"190000"	""		"9637.039"	"34030.063&dagger;"	"3d3.4s2"	"a 4P"	"3/2"	"3d3.(2P).4s.4p.(3P*)"	"2D*"	"3/2"		""	"L15916"	
"409.9634"	"0.0003"	"409.96334"	"0.00005"	"12000"	"6.8e+05"	C+	"14949.359"	"39341.784"	"3d4.(3H).4s"	"a 4H"	"9/2"	"3d4.(3F2).4p"	"u 4F*"	"7/2"		"T9399"	"L15916"	
"409.9947"	"0.0004"	"409.99437"	"0.00004"	"9000"	""		"14909.958"	"39300.537"	"3d4.(3H).4s"	"a 4H"	"7/2"	"3d4.(3F2).4p"	"u 4F*"	"5/2"		""	"L15916"	
"410.00183"	"0.00014"	"410.00144"	"0.00005"	"6200*"	""		"20767.609"	"45157.767"	"3d4.(3D).4s"	"b 4D"	"7/2"	"3d3.(4F).4s.5p"	"q 4F*"	"7/2"		""	"L4235"	
"410.00183"	"0.00014"	"410.00171"	"0.00007"	"6200*"	""		"15000.937"	"39391.079"	"3d4.(3H).4s"	"a 4H"	"11/2"	"3d4.(3F2).4p"	"u 4F*"	"9/2"		""	"L4235"	
"410.09406"	"0.00015"	"410.09404"	"0.00007"	"17000000"	"3.91e+07"	B+	"2220.156"	"26604.807&dagger;"	"3d4.(5D).4s"	"a 6D"	"5/2"	"3d4.(5D).4p"	"y 6D*"	"7/2"		"T9399"	"L15916"	
"410.2146"	"0.0006"	"410.21454"	"0.00004"	"37000bl(V II)"	""		"20767.609"	"45145.097"	"3d4.(3D).4s"	"b 4D"	"7/2"	"3d3.4s.(5F).5p"	"4G*"	"9/2"		""	"L15916"	
"410.2491"	"0.0004"	"410.24904"	"0.00005"	"6900"	""		"17116.947"	"41492.385&dagger;"	"3d4.(3G).4s"	"a 4G"	"7/2"	"3d4.(3G).4p"	"t 4F*"	"7/2"		""	"L15916"	
"410.2739"	"0.0010"	"410.27126"	"0.00007"	"7600"	""		"17054.924"	"41429.042"	"3d4.(3G).4s"	"a 4G"	"5/2"	"3d4.(3G).4p"	"t 4F*"	"5/2"		""	"L4235"	
"410.33067"	"0.00015"	"410.33068"	"0.00003"	"2900000"	"3.5e+07"	B	"8476.234"	"32846.822"	"3d4.(5D).4s"	"a 4D"	"3/2"	"3d3.(4F).4s.4p.(1P*)"	"w 4F*"	"5/2"		"T9399"	"L15916"	
"410.3629"	"0.0004"	"410.36323"	"0.00003"	"6900"	""		"20789.112"	"45157.767"	"3d4.(3D).4s"	"b 4D"	"5/2"	"3d3.(4F).4s.5p"	"q 4F*"	"7/2"		""	"L15916"	
"410.43624"	"0.00018"	"410.43624"	"0.00005"	"1200000"	""		"23353.135"	"47717.455"	"3d3.(4F).4s.4p.(3P*)"	"z 4F*"	"7/2"	"47717e"	"4F"	"7/2"		""	"L15916"	
"410.4562"	"0.0004"	"410.45611"	"0.00007"	"37000"	"7.1e+06"	C+	"15572.035"	"39935.176"	"3d4.(3P2).4s"	"b 4P"	"5/2"	"3d4.(3F2).4p"	"s 4D*"	"3/2"		"T9399"	"L15916"	
"410.5535"	"0.0002"	"410.55342"	"0.00003"	"840000"	""		"17242.070"	"41599.436"	"3d4.(3G).4s"	"a 4G"	"11/2"	"3d4.(3G).4p"	"t 4F*"	"9/2"		""	"L15916"	
"410.5925"	"0.0007"	"410.59179"	"0.00003"	"990000"	"1.7e+08"	D+	"15770.789"	"40125.879"	"3d4.(3F2).4s"	"b 4F"	"9/2"	"3d4.(3F2).4p"	"s 4D*"	"7/2"		"T284n"	"L4235"	
"410.63157"	"0.00015"	"410.63155"	"0.00007"	"17000000"	"4.81e+07"	B+	"2153.221"	"26505.953"	"3d4.(5D).4s"	"a 6D"	"3/2"	"3d4.(5D).4p"	"y 6D*"	"5/2"		"T9399"	"L15916"	
"410.86277"	"0.00018"	"410.86272"	"0.00003"	"300000"	"3.8e+06"	C+	"9637.039"	"33976.069&dagger;"	"3d3.4s2"	"a 4P"	"3/2"	"3d3.(4P).4s.4p.(3P*)"	"w 4D*"	"3/2"		"T9399"	"L15916"	
"410.93553"	"0.00018"	"410.93549"	"0.00012"	"440000"	"7.7e+07"	C+	"17054.924"	"41389.644"	"3d4.(3G).4s"	"a 4G"	"5/2"	"3d4.(3G).4p"	"t 4F*"	"3/2"		"T9282"	"L15916"	
"411.0187"	"0.0002"	"411.01867"	"0.00004"	"40000"	""		"9637.039"	"33966.834"	"3d3.4s2"	"a 4P"	"3/2"	"3d3.(4P).4s.4p.(3P*)"	"w 4D*"	"1/2"		""	"L15916"	
"411.09169"	"0.00015"	"411.09171"	"0.00005"	"14000000"	"4.64e+07"	B+	"2112.282"	"26437.754"	"3d4.(5D).4s"	"a 6D"	"1/2"	"3d4.(5D).4p"	"y 6D*"	"3/2"		"T9399"	"L15916"	
"411.09770"	"0.00015"	"411.09765"	"0.00007"	"930000"	"2.91e+07"	B	"8413.009"	"32738.130"	"3d4.(5D).4s"	"a 4D"	"1/2"	"3d3.(4F).4s.4p.(1P*)"	"w 4F*"	"3/2"		"T9627"	"L15916"	
"411.16991"	"0.00018"	"411.16989"	"0.00008"	"990000"	""		"23210.560"	"47531.407"	"3d3.(4F).4s.4p.(3P*)"	"z 4F*"	"5/2"	"47531e"	"4F"	"5/2"		""	"L15916"	
"411.18980"	"0.00010"	"411.18991"	"0.00007"	"36000"	"2.69e+06"	B+	"17116.947"	"41436.610&dagger;"	"3d4.(3G).4s"	"a 4G"	"7/2"	"3d4.(3G).4p"	"t 2G*"	"7/2"		"T9399"	"L4235"	
"411.2731"	"0.0002"	"411.27314"	"0.00007"	"110000"	"7.9e+06"	B+	"15724.229"	"40038.970"	"3d4.(3F2).4s"	"b 4F"	"7/2"	"3d4.(3H).4p"	"u 4G*"	"9/2"		"T9399"	"L15916"	
"411.29389"	"0.00015"	"411.29390"	"0.00007"	"53000000"	"1.00e+08"	B+	"2424.809"	"26738.323"	"3d4.(5D).4s"	"a 6D"	"9/2"	"3d4.(5D).4p"	"y 6D*"	"9/2"		"T9399"	"L15916"	
"411.31383"	"0.00018"	"411.31396"	"0.00004"	"1100000"	""		"15688.862"	"40001.190"	"3d4.(3F2).4s"	"b 4F"	"5/2"	"3d4.(3H).4p"	"u 4G*"	"7/2"		""	"L15916"	
"411.33468"	"0.00018"	"411.33467"	"0.00005"	"97000"	"1.24e+07"	B	"15688.862"	"39999.966"	"3d4.(3F2).4s"	"b 4F"	"5/2"	"3d4.(3F2).4p"	"s 4D*"	"5/2"		"T9399"	"L15916"	
"411.34809"	"0.00018"	"411.34807"	"0.00005"	"440000"	""		"17182.073"	"41492.385&dagger;"	"3d4.(3G).4s"	"a 4G"	"9/2"	"3d4.(3G).4p"	"t 4F*"	"7/2"		""	"L15916"	
"411.4219"	"0.0002"	"411.42186"	"0.00007"	"740000"	""		"23088.074"	"47394.026"	"3d3.(4F).4s.4p.(3P*)"	"z 4F*"	"3/2"	"47394e"	"4F"	"3/2"		""	"L15916"	
"411.46674"	"0.00018"	"411.46667"	"0.00012"	"1100000"	"1.29e+07"	B	"9824.626"	"34127.931"	"3d3.4s2"	"a 4P"	"5/2"	"3d3.(4P).4s.4p.(3P*)"	"w 4D*"	"7/2"		"T9399"	"L15916"	
"411.5719"	"0.0005"	"411.57150"	"0.00005"	"240000bl"	""		"17242.070"	"41539.185"	"3d4.(3G).4s"	"a 4G"	"11/2"	"3d4.(3G).4p"	"t 2G*"	"9/2"		""	"L4235"	
"411.63389"	"0.00015"	"411.63379"	"0.00008"	"25000000"	"5.6e+07"	B+	"2311.369"	"26604.807&dagger;"	"3d4.(5D).4s"	"a 6D"	"7/2"	"3d4.(5D).4p"	"y 6D*"	"7/2"		"T9399"	"L15916"	
"411.66362"	"0.00015"	"411.66363"	"0.00004"	"160000"	"2.0e+06"	C+	"8476.234"	"32767.911"	"3d4.(5D).4s"	"a 4D"	"3/2"	"3d3.(4P).4s.4p.(3P*)"	"z 2P*"	"3/2"		"T9399"	"L15916"	
"411.76329"	"0.00015"	"411.76330"	"0.00005"	"11000000"	"2.15e+07"	B+	"2220.156"	"26505.953"	"3d4.(5D).4s"	"a 6D"	"5/2"	"3d4.(5D).4p"	"y 6D*"	"5/2"		"T9399"	"L15916"	
"411.77089"	"0.00015"	"411.77087"	"0.00008"	"1400000"	"2.76e+07"	B+	"2112.282"	"26397.633"	"3d4.(5D).4s"	"a 6D"	"1/2"	"3d4.(5D).4p"	"y 6D*"	"1/2"		"T9399"	"L15916"	
"411.7847"	"0.0002"	"411.78474"	"0.00004"	"170000"	"1.47e+06"	B+	"2153.221"	"26437.754"	"3d4.(5D).4s"	"a 6D"	"3/2"	"3d4.(5D).4p"	"y 6D*"	"3/2"		"T9399"	"L15916"	
"411.9132"	"0.0003"	"411.91317"	"0.00003"	"23000"	""		"15724.229"	"40001.190"	"3d4.(3F2).4s"	"b 4F"	"7/2"	"3d4.(3H).4p"	"u 4G*"	"7/2"		""	"L15916"	
"411.93390"	"0.00018"	"411.93394"	"0.00007"	"690000"	"6.3e+07"	B	"15724.229"	"39999.966"	"3d4.(3F2).4s"	"b 4F"	"7/2"	"3d4.(3F2).4p"	"s 4D*"	"5/2"		"T9399"	"L15916"	
"411.9413"	"0.0003"	"411.94120"	"0.00003"	"100000"	"3.0e+07"	B	"15572.035"	"39847.344"	"3d4.(3P2).4s"	"b 4P"	"5/2"	"3d4.(3P2).4p"	"x 4S*"	"3/2"		"T9399"	"L15916"	
"411.97867"	"0.00018"	"411.97873"	"0.00005"	"870000"	"9.5e+06"	B	"8715.747"	"32988.845"	"3d4.(5D).4s"	"a 4D"	"7/2"	"3d3.(4F).4s.4p.(1P*)"	"w 4F*"	"7/2"		"T9627"	"L15916"	
"412.0250"	"0.0003"	"412.02495"	"0.00008"	"49000"	"9.3e+06"	B	"15664.801"	"39935.176"	"3d4.(3F2).4s"	"b 4F"	"3/2"	"3d4.(3F2).4p"	"s 4D*"	"3/2"		"T9399"	"L15916"	
"412.0410"	"0.0003"	"412.04104"	"0.00008"	"8900"	""		"20789.112"	"45058.539"	"3d4.(3D).4s"	"b 4D"	"5/2"	"3d3.4s.(5F).5p"	"4G*"	"7/2"		""	"L15916"	
"412.06060"	"0.00018"	"412.06052"	"0.00003"	"1100000"	"1.32e+07"	C+	"8578.542"	"32846.822"	"3d4.(5D).4s"	"a 4D"	"5/2"	"3d3.(4F).4s.4p.(1P*)"	"w 4F*"	"5/2"		"T9399"	"L15916"	
"412.16889"	"0.00018"	"412.16894"	"0.00007"	"870000"	"1.21e+07"	C+	"8476.234"	"32738.130"	"3d4.(5D).4s"	"a 4D"	"3/2"	"3d3.(4F).4s.4p.(1P*)"	"w 4F*"	"3/2"		"T9399"	"L15916"	
"412.1895"	"0.0004"	"412.18955"	"0.00008"	"12000"	""		"18126.250"	"42386.933"	"3d3.(4F).4s.4p.(3P*)"	"z 6D*"	"3/2"	"3d4.(5D).4d"	"f 6D"	"5/2"		""	"L15916"	
"412.2117"	"0.0003"	"412.21171"	"0.00007"	"82000"	"5.5e+06"	B	"17242.070"	"41501.449"	"3d4.(3G).4s"	"a 4G"	"11/2"	"3d4.(3G).4p"	"v 2H*"	"9/2"		"T9399"	"L15916"	
"412.29399"	""	"412.29400"	"0.00007"	":"	"8.2e+05"	C+	"17182.073"	"41436.610&dagger;"	"3d4.(3G).4s"	"a 4G"	"9/2"	"3d4.(3G).4p"	"t 2G*"	"7/2"		"T9399"	"L18972"	
"412.3457"	"0.0005"	"412.34593"	"0.00009"	"25000"	""		"18302.280"	"42553.762"	"3d3.(4F).4s.4p.(3P*)"	"z 6D*"	"7/2"	"3d4.(5D).4d"	"f 6D"	"9/2"		""	"L15916"	
"412.43382"	"0.00015"	"412.43382"	"0.00009"	"690000"	"5.6e+07"	B	"15688.862"	"39935.176"	"3d4.(3F2).4s"	"b 4F"	"5/2"	"3d4.(3F2).4p"	"s 4D*"	"3/2"		"T9399"	"L15916"	
"412.46617"	"0.00015"	"412.46618"	"0.00009"	"12000000"	"9.4e+07"	B+	"2153.221"	"26397.633"	"3d4.(5D).4s"	"a 6D"	"3/2"	"3d4.(5D).4p"	"y 6D*"	"1/2"		"T9399"	"L15916"	
"412.52247"	"0.00018"	"412.52245"	"0.00003"	"560000"	"4.6e+06"	C+	"9824.626"	"34065.731"	"3d3.4s2"	"a 4P"	"5/2"	"3d3.(4P).4s.4p.(3P*)"	"w 4D*"	"5/2"		"T9399"	"L15916"	
"412.8864"	"0.0003"	"412.88637"	"0.00007"	"64000"	""		"15664.801"	"39884.540"	"3d4.(3F2).4s"	"b 4F"	"3/2"	"3d4.(3P2).4p"	"v 2D*"	"3/2"		""	"L15916"	
"412.92287"	"0.00015"	"412.92287"	"0.00004"	"18000000"	"7.2e+07"	B+	"2220.156"	"26437.754"	"3d4.(5D).4s"	"a 6D"	"5/2"	"3d4.(5D).4p"	"y 6D*"	"3/2"		"T9399"	"L15916"	
"413.00155"	"0.00018"	"413.00154"	"0.00014"	"460000"	"8.8e+07"	B+	"15664.801"	"39877.786"	"3d4.(3F2).4s"	"b 4F"	"3/2"	"3d4.(3F2).4p"	"s 4D*"	"1/2"		"T9399"	"L15916"	
"413.1302"	"0.0003"	"413.13032"	"0.00012"	"19000"	""		"9824.626"	"34030.063&dagger;"	"3d3.4s2"	"a 4P"	"5/2"	"3d3.(2P).4s.4p.(3P*)"	"2D*"	"3/2"		""	"L15916"	
"413.1517"	"0.0004"	"413.15104"	"0.00009"	"25000"	""		"18302.280"	"42506.503"	"3d3.(4F).4s.4p.(3P*)"	"z 6D*"	"7/2"	"3d4.(5D).4d"	"f 6F"	"9/2"		""	"L15916"	
"413.2104"	"0.0003"	"413.21013"	"0.00010"	"20000"	""		"18085.952"	"42286.714"	"3d3.(4F).4s.4p.(3P*)"	"z 6D*"	"1/2"	"3d4.(5D).4d"	"f 6F"	"3/2"		""	"L15916"	
"413.2332"	"0.0003"	"413.23316"	"0.00003"	"33000"	"1.33e+05"	C+	"2153.221"	"26352.634"	"3d4.(5D).4s"	"a 6D"	"3/2"	"3d4.(5D).4p"	"y 4D*"	"5/2"		"T9399"	"L15916"	
"413.2643"	"0.0003"	"413.26442"	"0.00007"	"310000"	""		"23519.872"	"47717.455"	"3d3.(4F).4s.4p.(3P*)"	"z 4F*"	"9/2"	"47717e"	"4F"	"7/2"		""	"L15916"	
"413.29692"	"0.00018"	"413.29695"	"0.00007"	"72000"	""		"15688.862"	"39884.540"	"3d4.(3F2).4s"	"b 4F"	"5/2"	"3d4.(3P2).4p"	"v 2D*"	"3/2"		""	"L15916"	
"413.31564"	"0.00015"	"413.31564"	"0.00007"	"18000000"	"5.2e+07"	B+	"2311.369"	"26505.953"	"3d4.(5D).4s"	"a 6D"	"7/2"	"3d4.(5D).4p"	"y 6D*"	"5/2"		"T9399"	"L15916"	
"413.3569"	"0.0004"	"413.35717"	"0.00009"	"38000"	""		"18126.250"	"42318.403"	"3d3.(4F).4s.4p.(3P*)"	"z 6D*"	"3/2"	"3d4.(5D).4d"	"f 6F"	"5/2"		""	"L15916"	
"413.4049"	"0.0002"	"413.40475"	"0.00004"	"57000"	"5.2e+05"	C+	"8578.542"	"32767.911"	"3d4.(5D).4s"	"a 4D"	"5/2"	"3d3.(4P).4s.4p.(3P*)"	"z 2P*"	"3/2"		"T9399"	"L15916"	
"413.4232"	"0.0004"	"413.42314"	"0.00007"	"17000"	""		"15078.387"	"39266.680"	"3d4.(3P2).4s"	"b 4P"	"1/2"	"3d4.(3F2).4p"	"u 4F*"	"3/2"		""	"L15916"	
"413.4934"	"0.0003"	"413.49341"	"0.00004"	"270000*"	""		"8476.234"	"32660.416"	"3d4.(5D).4s"	"a 4D"	"3/2"	"3d3.(2P).4s.4p.(3P*)"	"x 4D*"	"5/2"		""	"L15916"	
"413.4934"	"0.0003"	"413.49345"	"0.00017"	"270000*"	""		"18085.952"	"42270.132"	"3d3.(4F).4s.4p.(3P*)"	"z 6D*"	"1/2"	"3d4.(5D).4d"	"f 6D"	"1/2"		""	"L15916"	
"413.5056"	"0.0002"	"413.50566"	"0.00007"	"330000"	""		"23210.560"	"47394.026"	"3d3.(4F).4s.4p.(3P*)"	"z 4F*"	"5/2"	"47394e"	"4F"	"3/2"		""	"L15916"	
"413.56498"	"0.00015"	"413.56496"	"0.00007"	"14000000"	"2.86e+07"	B+	"2424.809"	"26604.807&dagger;"	"3d4.(5D).4s"	"a 6D"	"9/2"	"3d4.(5D).4p"	"y 6D*"	"7/2"		"T9399"	"L15916"	
"413.5945"	"0.0003"	"413.59449"	"0.00007"	"440000"	""		"23353.135"	"47531.407"	"3d3.(4F).4s.4p.(3P*)"	"z 4F*"	"7/2"	"47531e"	"4F"	"5/2"		""	"L15916"	
"413.6460"	"0.0004"	"413.64591"	"0.00003"	"69000"	"4.6e+05"	C+	"8715.747"	"32891.013"	"3d4.(5D).4s"	"a 4D"	"7/2"	"3d3.(2P).4s.4p.(3P*)"	"x 4D*"	"7/2"		"T9399"	"L15916"	
"413.7268"	"0.0002"	"413.72678"	"0.00003"	"250000"	"1.92e+07"	B	"15078.387"	"39248.928"	"3d4.(3P2).4s"	"b 4P"	"1/2"	"3d4.(3P2).4p"	"w 4P*"	"3/2"		"T9399"	"L15916"	
"413.7546"	"0.0003"	"413.75458"	"0.00003"	"99000"	"2.6e+05"	C+	"2311.369"	"26480.286&dagger;"	"3d4.(5D).4s"	"a 6D"	"7/2"	"3d4.(5D).4p"	"y 4D*"	"7/2"		"T9399"	"L15916"	
"413.8095"	"0.0004"	"413.80967"	"0.00009"	"37000"	""		"18198.091"	"42363.790"	"3d3.(4F).4s.4p.(3P*)"	"z 6D*"	"5/2"	"3d4.(5D).4d"	"f 6F"	"7/2"		""	"L15916"	
"413.8395"	"0.0003"	"413.83966"	"0.00014"	"8900"	""		"18174.074"	"42338.022"	"3d3.(4F).4s.4p.(3P*)"	"z 6F*"	"3/2"	"3d4.(5D).4d"	"f 6D"	"3/2"		""	"L15916"	
"413.9142"	"0.0005"	"413.91434"	"0.00005"	"18000"	"6.2e+05"	C	"8578.542"	"32738.130"	"3d4.(5D).4s"	"a 4D"	"5/2"	"3d3.(4F).4s.4p.(1P*)"	"w 4F*"	"3/2"		"T9399"	"L15916"	
"413.9275"	"0.0003"	"413.92759"	"0.00003"	"27000"	"6.9e+06"	C+	"15078.387"	"39237.202"	"3d4.(3P2).4s"	"b 4P"	"1/2"	"3d4.(3P2).4p"	"w 4P*"	"1/2"		"T9399"	"L15916"	
"413.93329"	""	"413.933293"	"0.000021"	":"	"1.9e+06"	C	"15688.862"	"39847.344"	"3d4.(3F2).4s"	"b 4F"	"5/2"	"3d4.(3P2).4p"	"x 4S*"	"3/2"		"T9399"	"L18972"	
"413.93908"	""	"413.93908"	"0.00014"	":"	"7.1e+05"	C+	"13801.551"	"37959.695"	"3d3.4s2"	"a 2P"	"3/2"	"3d4.(3P2).4p"	"t 4D*"	"5/2"		"T9399"	"L18972"	
"414.0415"	"0.0003"	"414.041591"	"0.000021"	"250000"	"1.59e+07"	C+	"15270.582"	"39422.745"	"3d4.(3P2).4s"	"b 4P"	"3/2"	"3d4.(3P2).4p"	"w 4P*"	"5/2"		"T9399"	"L15916"	
"414.0539"	"0.0003"	"414.05393"	"0.00003"	"18000"	""		"9824.626"	"33976.069&dagger;"	"3d3.4s2"	"a 4P"	"5/2"	"3d3.(4P).4s.4p.(3P*)"	"w 4D*"	"3/2"		""	"L15916"	
"414.0786"	"0.0004"	"414.07819"	"0.00019"	"7500"	""		"18120.104"	"42270.132"	"3d3.(4F).4s.4p.(3P*)"	"z 6F*"	"1/2"	"3d4.(5D).4d"	"f 6D"	"1/2"		""	"L15916"	
"414.2495"	"0.0004"	"414.24937"	"0.00010"	"86000"	""		"18438.044"	"42578.093"	"3d3.(4F).4s.4p.(3P*)"	"z 6D*"	"9/2"	"3d4.(5D).4d"	"f 6F"	"11/2"		""	"L15916"	
"414.2984"	"0.0003"	"414.29836"	"0.00004"	"48000"	"1.95e+05"	C+	"2112.282"	"26249.476"	"3d4.(5D).4s"	"a 6D"	"1/2"	"3d4.(5D).4p"	"y 4D*"	"3/2"		"T9399"	"L15916"	
"414.3521"	"0.0003"	"414.35249"	"0.00009"	"76000"	""		"18372.462"	"42506.503"	"3d3.(4F).4s.4p.(3P*)"	"z 6F*"	"7/2"	"3d4.(5D).4d"	"f 6F"	"9/2"		""	"L15916"	
"414.3792"	"0.0003"	"414.37933"	"0.00003"	"56000"	"1.73e+05"	B	"2220.156"	"26352.634"	"3d4.(5D).4s"	"a 6D"	"5/2"	"3d4.(5D).4p"	"y 4D*"	"5/2"		"T9399"	"L15916"	
"414.4034"	"0.0004"	"414.40342"	"0.00005"	"28000"	""		"8715.747"	"32846.822"	"3d4.(5D).4s"	"a 4D"	"7/2"	"3d3.(4F).4s.4p.(1P*)"	"w 4F*"	"5/2"		""	"L15916"	
"414.4551"	"0.0003"	"414.45489"	"0.00010"	"21000"	""		"18258.855"	"42386.933"	"3d3.(4F).4s.4p.(3P*)"	"z 6F*"	"5/2"	"3d4.(5D).4d"	"f 6D"	"5/2"		""	"L15916"	
"414.6674"	"0.0004"	"414.66731"	"0.00010"	"29000"	""		"18438.044"	"42553.762"	"3d3.(4F).4s.4p.(3P*)"	"z 6D*"	"9/2"	"3d4.(5D).4d"	"f 6D"	"9/2"		""	"L15916"	
"414.7204"	"0.0004"	"414.72025"	"0.00009"	"14000"	""		"18174.074"	"42286.714"	"3d3.(4F).4s.4p.(3P*)"	"z 6F*"	"3/2"	"3d4.(5D).4d"	"f 6F"	"3/2"		""	"L15916"	
"415.0023"	"0.0002"	"415.00225"	"0.00003"	"62000"	"2.92e+05"	B+	"2153.221"	"26249.476"	"3d4.(5D).4s"	"a 6D"	"3/2"	"3d4.(5D).4p"	"y 4D*"	"3/2"		"T9399"	"L15916"	
"415.182"	"0.002"	"415.18335"	"0.00010"	"140000"	""		"21275.652"	"45361.396"	"3d4.(3G).4s"	"2G"	"9/2"	"45361o"	"r 2G*"	"9/2"		""	"L4235"	
"415.2500"	"0.0004"	"415.25008"	"0.00004"	"37000"	""		"8578.542"	"32660.416"	"3d4.(5D).4s"	"a 4D"	"5/2"	"3d3.(2P).4s.4p.(3P*)"	"x 4D*"	"5/2"		""	"L15916"	
"415.4487"	"0.0003"	"415.44880"	"0.00004"	"60000"	"5.8e+05"	C+	"2112.282"	"26182.637"	"3d4.(5D).4s"	"a 6D"	"1/2"	"3d4.(5D).4p"	"y 4D*"	"1/2"		"T9399"	"L15916"	
"415.6355"	"0.0004"	"415.63541"	"0.00010"	"19000"	""		"18258.855"	"42318.403"	"3d3.(4F).4s.4p.(3P*)"	"z 6F*"	"5/2"	"3d4.(5D).4d"	"f 6F"	"5/2"		""	"L15916"	
"415.706"	"0.002"	"415.70575"	"0.00004"	"73000"	""		"2424.809"	"26480.286&dagger;"	"3d4.(5D).4s"	"a 6D"	"9/2"	"3d4.(5D).4p"	"y 4D*"	"7/2"		""	"L14162"	
"415.9115"	"0.0002"	"415.91158"	"0.00004"	"87000"	""		"8413.009"	"32456.581"	"3d4.(5D).4s"	"a 4D"	"1/2"	"3d3.(2P).4s.4p.(3P*)"	"x 4D*"	"3/2"		""	"L15916"	
"415.955"	"0.002"	"415.95149"	"0.00003"	"29000"	""		"2311.369"	"26352.634"	"3d4.(5D).4s"	"a 6D"	"7/2"	"3d4.(5D).4p"	"y 4D*"	"5/2"		""	"L14162"	
"415.9674"	"0.0009"	"415.96717"	"0.00010"	"10000"	""		"18513.403"	"42553.762"	"3d3.(4F).4s.4p.(3P*)"	"z 6F*"	"9/2"	"3d4.(5D).4d"	"f 6D"	"9/2"		""	"L15916"	
"416.08529"	"0.00018"	"416.08531"	"0.00003"	"900000"	"7.1e+05"	B+	"2311.369"	"26344.902"	"3d4.(5D).4s"	"a 6D"	"7/2"	"3d3.(4F).4s.4p.(3P*)"	"z 2G*"	"9/2"		"T9399"	"L15916"	
"416.1568"	"0.0003"	"416.15660"	"0.00003"	"15000"	"1.6e+05"	D	"2153.221"	"26182.637"	"3d4.(5D).4s"	"a 6D"	"3/2"	"3d4.(5D).4p"	"y 4D*"	"1/2"		"T4902"	"L15916"	
"416.3489"	"0.0003"	"416.34901"	"0.00009"	"32000"	""		"15062.959"	"39081.270"	"3d4.(3H).4s"	"a 4H"	"13/2"	"3d3.(2H).4s.4p.(3P*)"	"y 2I*"	"13/2"		""	"L15916"	
"416.5327"	"0.0004"	"416.53247"	"0.00009"	"9400"	""		"15000.937"	"39008.669"	"3d4.(3H).4s"	"a 4H"	"11/2"	"3d3.(2H).4s.4p.(3P*)"	"y 2I*"	"11/2"		""	"L15916"	
"416.7869"	"0.0004"	"416.78649"	"0.00010"	"27000"	""		"18513.403"	"42506.503"	"3d3.(4F).4s.4p.(3P*)"	"z 6F*"	"9/2"	"3d4.(5D).4d"	"f 6F"	"9/2"		""	"L15916"	
"416.8173"	"0.0004"	"416.81728"	"0.00009"	"19000"	""		"18372.462"	"42363.790"	"3d3.(4F).4s.4p.(3P*)"	"z 6F*"	"7/2"	"3d4.(5D).4d"	"f 6F"	"7/2"		""	"L15916"	
"417.0082"	"0.0002"	"417.00814"	"0.00003"	"42000"	""		"8476.234"	"32456.581"	"3d4.(5D).4s"	"a 4D"	"3/2"	"3d3.(2P).4s.4p.(3P*)"	"x 4D*"	"3/2"		""	"L15916"	
"417.0430"	"0.0003"	"417.042944"	"0.000021"	"51000"	"7.3e+06"	B	"15270.582"	"39248.928"	"3d4.(3P2).4s"	"b 4P"	"3/2"	"3d4.(3P2).4p"	"w 4P*"	"3/2"		"T9399"	"L15916"	
"417.2469"	"0.0003"	"417.24699"	"0.00003"	"260000"	"3.1e+07"	B	"15270.582"	"39237.202"	"3d4.(3P2).4s"	"b 4P"	"3/2"	"3d4.(3P2).4p"	"w 4P*"	"1/2"		"T9399"	"L15916"	
"417.2765"	"0.0002"	"417.27671"	"0.00014"	"13000"	""		"20687.769"	"44652.682"	"3d3.(4F).4s.4p.(3P*)"	"z 4D*"	"3/2"	"3d3.(4F).4s.(3F).5s"	"4F"	"5/2"		""	"L15916"	
"417.51835"	"0.00015"	"417.51833"	"0.00005"	"410000"	""		"13801.551"	"37752.595"	"3d3.4s2"	"a 2P"	"3/2"	"3d4.(3F2).4p"	"w 2D*"	"5/2"		""	"L15916"	
"417.5570"	"0.0003"	"417.55688"	"0.00019"	"11000"	""		"20606.467"	"44555.300"	"3d3.(4F).4s.4p.(3P*)"	"z 4D*"	"1/2"	"3d3.(4F).4s.(3F).5s"	"4F"	"3/2"		""	"L15916"	
"417.6295"	"0.0004"	"417.62949"	"0.00004"	"72000"	""		"8715.747"	"32660.416"	"3d4.(5D).4s"	"a 4D"	"7/2"	"3d3.(2P).4s.4p.(3P*)"	"x 4D*"	"5/2"		""	"L15916"	
"417.7812"	"0.0003"	"417.78113"	"0.00010"	"40000"	""		"8413.009"	"32348.987"	"3d4.(5D).4s"	"a 4D"	"1/2"	"3d3.(2P).4s.4p.(3P*)"	"x 4D*"	"1/2"		""	"L15916"	
"417.7963"	"0.0002"	"417.79625"	"0.00004"	"99000"	""		"0.000"	"23935.112"	"3d3.4s2"	"a 4F"	"3/2"	"3d3.(4F).4s.4p.(3P*)"	"z 2D*"	"5/2"		""	"L15916"	
"417.8240"	"0.0003"	"417.82397"	"0.00017"	"110000"	""		"20767.609"	"44701.133"	"3d4.(3D).4s"	"b 4D"	"7/2"	"3d4.(3D).4p"	"p 4D*"	"7/2"		""	"L15916"	
"417.8723"	"0.0004"	"417.8723"	"0.0003"	"26000"	""		"20828.481"	"44759.239"	"3d3.(4F).4s.4p.(3P*)"	"z 4D*"	"5/2"	"3d3.(4F).4s.(3F).5s"	"4F"	"7/2"		""	"L15916"	
"418.0140"	"0.0003"	"418.01403"	"0.00009"	"290000"	""		"23608.765"	"47531.407"	"3d3.(4F).4s.4p.(3P*)"	"z 2D*"	"3/2"	"47531e"	"4F"	"5/2"		""	"L15916"	
"418.05855"	"0.00018"	"418.05858"	"0.00004"	"1400000"	"1.46e+06"	B+	"2424.809"	"26344.902"	"3d4.(5D).4s"	"a 6D"	"9/2"	"3d3.(4F).4s.4p.(3P*)"	"z 2G*"	"9/2"		"T9399"	"L15916"	
"418.1659"	"0.0004"	"418.16590"	"0.00019"	"3400"	""		"18120.104"	"42034.058"	"3d3.(4F).4s.4p.(3P*)"	"z 6F*"	"1/2"	"3d4.(5D).4d"	"e 6G"	"3/2"		""	"L15916"	
"418.1999"	"0.0003"	"418.19970"	"0.00012"	"27000"	""		"20789.112"	"44701.133"	"3d4.(3D).4s"	"b 4D"	"5/2"	"3d4.(3D).4p"	"p 4D*"	"7/2"		""	"L15916"	
"418.32454"	"0.00018"	"418.32454"	"0.00007"	"270000"	""		"15103.784"	"39008.669"	"3d3.4s2"	"a 2H"	"9/2"	"3d3.(2H).4s.4p.(3P*)"	"y 2I*"	"11/2"		""	"L15916"	
"418.37610"	"0.00015"	"418.37612"	"0.00004"	"900000"	"1.21e+06"	B+	"2220.156"	"26122.094&dagger;"	"3d4.(5D).4s"	"a 6D"	"5/2"	"3d4.(5D).4p"	"y 4F*"	"7/2"		"T9399"	"L15916"	
"418.4446"	"0.0007"	"418.44466"	"0.00011"	"34000"	""		"18680.070"	"42578.093"	"3d3.(4F).4s.4p.(3P*)"	"z 6F*"	"11/2"	"3d4.(5D).4d"	"f 6F"	"11/2"		""	"L15916"	
"418.5290"	"0.0002"	"418.52893"	"0.00012"	"7400"	""		"18174.074"	"42067.285"	"3d3.(4F).4s.4p.(3P*)"	"z 6F*"	"3/2"	"3d4.(5D).4d"	"e 6G"	"5/2"		""	"L15916"	
"418.7949"	"0.0003"	"418.79486"	"0.00003"	"57000"	""		"8578.542"	"32456.581"	"3d4.(5D).4s"	"a 4D"	"5/2"	"3d3.(2P).4s.4p.(3P*)"	"x 4D*"	"3/2"		""	"L15916"	
"418.8875"	"0.0002"	"418.88759"	"0.00011"	"45000"	""		"8476.234"	"32348.987"	"3d4.(5D).4s"	"a 4D"	"3/2"	"3d3.(2P).4s.4p.(3P*)"	"x 4D*"	"1/2"		""	"L15916"	
"418.9798"	"0.0005"	"418.97924"	"0.00019"	"4000"	""		"20687.769"	"44555.300"	"3d3.(4F).4s.4p.(3P*)"	"z 4D*"	"3/2"	"3d3.(4F).4s.(3F).5s"	"4F"	"3/2"		""	"L15916"	
"419.10184"	"0.00018"	"419.10184"	"0.00003"	"1100000"	"1.21e+06"	B	"2311.369"	"26171.918"	"3d4.(5D).4s"	"a 6D"	"7/2"	"3d4.(5D).4p"	"y 4F*"	"9/2"		"T9399"	"L15916"	
"419.1907"	"0.0004"	"419.19093"	"0.00019"	"14000"	""		"18258.855"	"42114.333"	"3d3.(4F).4s.4p.(3P*)"	"z 6F*"	"5/2"	"3d4.(5D).4d"	"e 6G"	"7/2"		""	"L15916"	
"419.2697"	"0.0004"	"419.26940"	"0.00004"	"1100000"	"6.5e+05"	C+	"2153.221"	"26004.234"	"3d4.(5D).4s"	"a 6D"	"3/2"	"3d4.(5D).4p"	"y 4F*"	"5/2"		"T9399"	"L15916"	
"419.27473"	""	"419.27473"	"0.00005"	":"	"2.06e+07"	B	"15572.035"	"39422.745"	"3d4.(3P2).4s"	"b 4P"	"5/2"	"3d4.(3P2).4p"	"w 4P*"	"5/2"		"T9399"	"L18972"	
"419.2987"	"0.0004"	"419.29887"	"0.00003"	"17000"	""		"20767.609"	"44616.946"	"3d4.(3D).4s"	"b 4D"	"7/2"	"3d4.(3D).4p"	"p 4D*"	"5/2"		""	"L15916"	
"419.5171"	"0.0003"	"419.51692"	"0.00007"	"41000"	""		"21032.503"	"44869.444"	"3d3.(4F).4s.4p.(3P*)"	"z 4D*"	"7/2"	"3d3.(4F).4s.(3F).5s"	"4F"	"9/2"		""	"L15916"	
"419.6772"	"0.0003"	"419.67726"	"0.00004"	"70000"	""		"20789.112"	"44616.946"	"3d4.(3D).4s"	"b 4D"	"5/2"	"3d4.(3D).4p"	"p 4D*"	"5/2"		""	"L15916"	
"419.7411"	"0.0004"	"419.74125"	"0.00012"	"8000"	""		"20828.481"	"44652.682"	"3d3.(4F).4s.4p.(3P*)"	"z 4D*"	"5/2"	"3d3.(4F).4s.(3F).5s"	"4F"	"5/2"		""	"L15916"	
"419.8459"	"0.0003"	"419.84591"	"0.00005"	"32000"	"1.38e+05"	C+	"2112.282"	"25930.544"	"3d4.(5D).4s"	"a 6D"	"1/2"	"3d4.(5D).4p"	"y 4F*"	"3/2"		"T9399"	"L15916"	
"419.87803"	"0.00018"	"419.87807"	"0.00007"	"260000"	""		"15264.832"	"39081.270"	"3d3.4s2"	"a 2H"	"11/2"	"3d3.(2H).4s.4p.(3P*)"	"y 2I*"	"13/2"		""	"L15916"	
"419.9788"	"0.0002"	"419.97881"	"0.00003"	"390000"	"3.2e+05"	B	"2311.369"	"26122.094&dagger;"	"3d4.(5D).4s"	"a 6D"	"7/2"	"3d4.(5D).4p"	"y 4F*"	"7/2"		"T9399"	"L15916"	
"420.0759"	"0.0004"	"420.07588"	"0.00016"	"17000"	""		"18372.462"	"42177.685"	"3d3.(4F).4s.4p.(3P*)"	"z 6F*"	"7/2"	"3d4.(5D).4d"	"e 6G"	"9/2"		""	"L15916"	
"420.1002"	"0.0003"	"420.10032"	"0.00003"	"33000"	""		"20813.108"	"44616.946"	"3d4.(3D).4s"	"b 4D"	"3/2"	"3d4.(3D).4p"	"p 4D*"	"5/2"		""	"L15916"	
"420.13717"	"0.00018"	"420.13716"	"0.00003"	"300000"	"2.45e+05"	B+	"2220.156"	"26021.907"	"3d4.(5D).4s"	"a 6D"	"5/2"	"3d3.(4F).4s.4p.(3P*)"	"z 2G*"	"7/2"		"T9399"	"L15916"	
"420.2082"	"0.0002"	"420.20816"	"0.00003"	"210000"	""		"137.383"	"23935.112"	"3d3.4s2"	"a 4F"	"5/2"	"3d3.(4F).4s.4p.(3P*)"	"z 2D*"	"5/2"		""	"L15916"	
"420.4284"	"0.0003"	"420.42843"	"0.00007"	"390000"	""		"23608.765"	"47394.026"	"3d3.(4F).4s.4p.(3P*)"	"z 2D*"	"3/2"	"47394e"	"4F"	"3/2"		""	"L15916"	
"420.4799"	"0.0003"	"420.48002"	"0.00005"	"520000"	""		"23935.112"	"47717.455"	"3d3.(4F).4s.4p.(3P*)"	"z 2D*"	"5/2"	"47717e"	"4F"	"7/2"		""	"L15916"	
"420.5687"	"0.0004"	"420.56879"	"0.00005"	"7300"	"4.2e+04"	C	"2153.221"	"25930.544"	"3d4.(5D).4s"	"a 6D"	"3/2"	"3d4.(5D).4p"	"y 4F*"	"3/2"		"T9399"	"L15916"	
"420.7779"	"0.0004"	"420.77811"	"0.00004"	"21000"	""		"20789.112"	"44554.607"	"3d4.(3D).4s"	"b 4D"	"5/2"	"3d4.(3D).4p"	"p 4D*"	"3/2"		""	"L15916"	
"421.10383"	"0.00018"	"421.10389"	"0.00005"	"1400000"	"1.57e+06"	B+	"2424.809"	"26171.918"	"3d4.(5D).4s"	"a 6D"	"9/2"	"3d4.(5D).4p"	"y 4F*"	"9/2"		"T9399"	"L15916"	
"421.2033"	"0.0003"	"421.203396"	"0.000020"	"20000"	""		"20813.108"	"44554.607"	"3d4.(3D).4s"	"b 4D"	"3/2"	"3d4.(3D).4p"	"p 4D*"	"3/2"		""	"L15916"	
"421.4654"	"0.0004"	"421.4655"	"0.0003"	"9900"	""		"21032.503"	"44759.239"	"3d3.(4F).4s.4p.(3P*)"	"z 4D*"	"7/2"	"3d3.(4F).4s.(3F).5s"	"4F"	"7/2"		""	"L15916"	
"421.5095"	"0.0004"	"421.50941"	"0.00011"	"19000"	""		"20830.344"	"44554.607"	"3d4.(3D).4s"	"b 4D"	"1/2"	"3d4.(3D).4p"	"p 4D*"	"3/2"		""	"L15916"	
"421.7536"	"0.0003"	"421.75340"	"0.00003"	"55000"	"4.3e+04"	B+	"2311.369"	"26021.907"	"3d4.(5D).4s"	"a 6D"	"7/2"	"3d3.(4F).4s.4p.(3P*)"	"z 2G*"	"7/2"		"T9399"	"L15916"	
"421.9154"	"0.0004"	"421.91511"	"0.00007"	"14000"	""		"20813.108"	"44514.558"	"3d4.(3D).4s"	"b 4D"	"3/2"	"3d4.(3D).4p"	"p 4D*"	"1/2"		""	"L15916"	
"421.9242"	"0.0002"	"421.92418"	"0.00011"	"22000"	""		"14909.958"	"38610.899"	"3d4.(3H).4s"	"a 4H"	"7/2"	"3d3.(2H).4s.4p.(3P*)"	"u 2G*"	"7/2"		""	"L15916"	
"421.9675"	"0.0005"	"421.96735"	"0.00003"	"13000"	""		"15724.229"	"39422.745"	"3d4.(3F2).4s"	"b 4F"	"7/2"	"3d4.(3P2).4p"	"w 4P*"	"5/2"		""	"L15916"	
"421.9893"	"0.0003"	"421.98927"	"0.00004"	"390000"	""		"2424.809"	"26122.094&dagger;"	"3d4.(5D).4s"	"a 6D"	"9/2"	"3d4.(5D).4p"	"y 4F*"	"7/2"		""	"L15916"	
"422.0679"	"0.0002"	"422.06799"	"0.00003"	"56000"	"1.59e+05"	B	"2311.369"	"26004.234"	"3d4.(5D).4s"	"a 6D"	"7/2"	"3d4.(5D).4p"	"y 4F*"	"5/2"		"T9399"	"L15916"	
"422.2224"	"0.0003"	"422.22216"	"0.00016"	"20000"	""		"20830.344"	"44514.558"	"3d4.(3D).4s"	"b 4D"	"1/2"	"3d4.(3D).4p"	"p 4D*"	"1/2"		""	"L15916"	
"422.3527"	"0.0003"	"422.35271"	"0.00005"	"39000"	"5.8e+06"	C+	"15572.035"	"39248.928"	"3d4.(3P2).4s"	"b 4P"	"5/2"	"3d4.(3P2).4p"	"w 4P*"	"3/2"		"T9399"	"L15916"	
"422.3763"	"0.0004"	"422.37637"	"0.00014"	"17000"	""		"18805.048"	"42480.615"	"3d4.(3P2).4s"	"b 2P"	"1/2"	"3d4.(3D).4p"	"v 2P*"	"1/2"		""	"L15916"	
"422.4107"	"0.0006"	"422.41105"	"0.00014"	"30000"	""		"18680.070"	"42353.693"	"3d3.(4F).4s.4p.(3P*)"	"z 6F*"	"11/2"	"3d4.(5D).4d"	"e 6G"	"13/2"		""	"L15916"	
"422.53191"	"0.00018"	"422.53194"	"0.00005"	"250000"	"1.06e+07"	C+	"15724.229"	"39391.079"	"3d4.(3F2).4s"	"b 4F"	"7/2"	"3d4.(3F2).4p"	"u 4F*"	"9/2"		"T9399"	"L15916"	
"422.7254"	"0.0004"	"422.72529"	"0.00016"	"17000"	""		"13801.551"	"37457.576"	"3d3.4s2"	"a 2P"	"3/2"	"3d4.(3F2).4p"	"w 2D*"	"3/2"		""	"L15916"	
"422.78074"	"0.00018"	"422.78075"	"0.00005"	"470000"	"1.64e+07"	B	"15688.862"	"39341.784"	"3d4.(3F2).4s"	"b 4F"	"5/2"	"3d4.(3F2).4p"	"u 4F*"	"7/2"		"T9399"	"L15916"	
"422.8926"	"0.0002"	"422.89260"	"0.00013"	"210000"	""		"13810.910"	"37457.576"	"3d3.4s2"	"a 2P"	"1/2"	"3d4.(3F2).4p"	"w 2D*"	"3/2"		""	"L15916"	
"423.0883"	"0.0002"	"423.08816"	"0.00003"	"200000"	""		"15664.801"	"39300.537"	"3d4.(3F2).4s"	"b 4F"	"3/2"	"3d4.(3F2).4p"	"u 4F*"	"5/2"		""	"L15916"	
"423.36483"	"0.00018"	"423.36483"	"0.00007"	"1400000"	"6.9e+07"	C+	"15770.789"	"39391.079"	"3d4.(3F2).4s"	"b 4F"	"9/2"	"3d4.(3F2).4p"	"u 4F*"	"9/2"		"T9399"	"L15916"	
"423.41384"	"0.00018"	"423.41385"	"0.00004"	"700000"	"5.3e+07"	B+	"15724.229"	"39341.784"	"3d4.(3F2).4s"	"b 4F"	"7/2"	"3d4.(3F2).4p"	"u 4F*"	"7/2"		"T9399"	"L15916"	
"423.5192"	"0.0003"	"423.51921"	"0.00003"	"700000*"	""		"323.432"	"23935.112"	"3d3.4s2"	"a 4F"	"7/2"	"3d3.(4F).4s.4p.(3P*)"	"z 2D*"	"5/2"		""	"L15916"	
"423.5192"	"0.0003"	"423.51930"	"0.00004"	"700000*"	"4.9e+07"	C+	"15688.862"	"39300.537"	"3d4.(3F2).4s"	"b 4F"	"5/2"	"3d4.(3F2).4p"	"u 4F*"	"5/2"		"T9282"	"L15916"	
"423.57151"	"0.00018"	"423.57150"	"0.00004"	"330000"	""		"0.000"	"23608.765"	"3d3.4s2"	"a 4F"	"3/2"	"3d3.(4F).4s.4p.(3P*)"	"z 2D*"	"3/2"		""	"L15916"	
"423.69508"	"0.00018"	"423.69508"	"0.00004"	"470000"	"5.4e+07"	B+	"15664.801"	"39266.680"	"3d4.(3F2).4s"	"b 4F"	"3/2"	"3d4.(3F2).4p"	"u 4F*"	"3/2"		"T9399"	"L15916"	
"423.7809"	"0.0002"	"423.78092"	"0.00004"	"58000"	"4.6e+04"	B	"2424.809"	"26021.907"	"3d4.(5D).4s"	"a 6D"	"9/2"	"3d3.(4F).4s.4p.(3P*)"	"z 2G*"	"7/2"		"T9399"	"L15916"	
"423.8677"	"0.0003"	"423.86758"	"0.00013"	"5900"	""		"26021.907"	"49614.181"	"3d3.(4F).4s.4p.(3P*)"	"z 2G*"	"7/2"	"49614e"	"6D"	"5/2"		""	"L15916"	
"424.0141"	"0.0002"	"424.01400"	"0.00003"	"41000"	"5.8e+06"	C+	"15664.801"	"39248.928"	"3d4.(3F2).4s"	"b 4F"	"3/2"	"3d4.(3P2).4p"	"w 4P*"	"3/2"		"T9399"	"L15916"	
"424.0798"	"0.0004"	"424.07974"	"0.00014"	"41000"	"1.3e+07"	C	"14949.359"	"38529.830"	"3d4.(3H).4s"	"a 4H"	"9/2"	"3d3.(2H).4s.4p.(3P*)"	"u 2G*"	"9/2"		"T9282"	"L15916"	
"424.1275"	"0.0002"	"424.12746"	"0.00004"	"95000"	"1.60e+07"	B+	"15688.862"	"39266.680"	"3d4.(3F2).4s"	"b 4F"	"5/2"	"3d4.(3F2).4p"	"u 4F*"	"3/2"		"T9399"	"L15916"	
"424.1547"	"0.0002"	"424.15462"	"0.00003"	"200000"	""		"15724.229"	"39300.537"	"3d4.(3F2).4s"	"b 4F"	"7/2"	"3d4.(3F2).4p"	"u 4F*"	"5/2"		""	"L15916"	
"424.2503"	"0.0003"	"424.25023"	"0.00004"	"110000"	"7.4e+06"	B+	"15770.789"	"39341.784"	"3d4.(3F2).4s"	"b 4F"	"9/2"	"3d4.(3F2).4p"	"u 4F*"	"7/2"		"T9399"	"L15916"	
"424.7544"	"0.0004"	"424.75445"	"0.00007"	"5200"	""		"26004.234"	"49547.248"	"3d4.(5D).4p"	"y 4F*"	"5/2"	"49547e"	"6D"	"3/2"		""	"L15916"	
"424.7909"	"0.0002"	"424.79072"	"0.00007"	"50000"	""		"13801.551"	"37342.555"	"3d3.4s2"	"a 2P"	"3/2"	"3d3.(2D2).4s.4p.(3P*)"	"w 2F*"	"5/2"		""	"L4235"	
"424.9266"	"0.0003"	"424.92662"	"0.00011"	"16000"	""		"26171.918"	"49705.393"	"3d4.(5D).4p"	"y 4F*"	"9/2"	"49705e"	"6D"	"7/2"		""	"L15916"	
"425.2439"	"0.0003"	"425.24409"	"0.00020"	"11000"	""		"26206.803"	"49722.709"	"3d4.(1D2).4s"	"2D"	"3/2"	"3d3.(2P).4s.4p.(1P*)"	"t 2D*"	"3/2"		""	"L15916"	
"425.3940"	"0.0003"	"425.39396"	"0.00005"	"6500"	""		"20687.769"	"44195.390"	"3d3.(4F).4s.4p.(3P*)"	"z 4D*"	"3/2"	"3d3.4s.(5F).4d"	"4F"	"5/2"		""	"L15916"	
"425.4031"	"0.0003"	"425.40312"	"0.00009"	"95000"	""		"15103.784"	"38610.899"	"3d3.4s2"	"a 2H"	"9/2"	"3d3.(2H).4s.4p.(3P*)"	"u 2G*"	"7/2"		""	"L15916"	
"425.5622"	"0.0004"	"425.56265"	"0.00005"	"20000bl(V II)"	""		"20828.481"	"44326.784"	"3d3.(4F).4s.4p.(3P*)"	"z 4D*"	"5/2"	"3d3.4s.(5F).4d"	"4F"	"7/2"		""	"L15916"	
"425.6753"	"0.0003"	"425.67525"	"0.00011"	"14000"	""		"26122.094&dagger;"	"49614.181"	"3d4.(5D).4p"	"y 4F*"	"7/2"	"49614e"	"6D"	"5/2"		""	"L15916"	
"425.85617"	"0.00018"	"425.85615"	"0.00007"	"400000"	"6.7e+06"	B+	"15000.937"	"38483.045"	"3d4.(3H).4s"	"a 4H"	"11/2"	"3d4.(3H).4p"	"x 4H*"	"13/2"		"T9399"	"L15916"	
"426.0046"	"0.0003"	"426.00454"	"0.00009"	"33000"	""		"26344.902"	"49818.830"	"3d3.(4F).4s.4p.(3P*)"	"z 2G*"	"9/2"	"49818e"	"6D"	"9/2"		""	"L15916"	
"426.05076"	"0.00018"	"426.05075"	"0.00003"	"780000"	""		"137.383"	"23608.765"	"3d3.4s2"	"a 4F"	"5/2"	"3d3.(4F).4s.4p.(3P*)"	"z 2D*"	"3/2"		""	"L15916"	
"426.1334"	"0.0005"	"426.13338"	"0.00005"	"23000"	""		"21032.503"	"44499.334"	"3d3.(4F).4s.4p.(3P*)"	"z 4D*"	"7/2"	"3d3.4s.(5F).4d"	"4F"	"9/2"		""	"L15916"	
"426.2394"	"0.0002"	"426.23940"	"0.00018"	"94000"	""		"20828.481"	"44289.475"	"3d3.(4F).4s.4p.(3P*)"	"z 4D*"	"5/2"	"3d3.4s.(5F).4d"	"4P"	"5/2"		""	"L15916"	
"426.33549"	"0.00018"	"426.33546"	"0.00009"	"480000"	"9.7e+06"	B+	"14949.359"	"38405.067"	"3d4.(3H).4s"	"a 4H"	"9/2"	"3d4.(3H).4p"	"x 4H*"	"11/2"		"T9399"	"L15916"	
"426.7097"	"0.0003"	"426.70945"	"0.00004"	"48000"	""		"20767.609"	"44202.759"	"3d4.(3D).4s"	"b 4D"	"7/2"	"3d3.4s.(5F).5p"	"6D*"	"9/2"		""	"L4235"	
"426.8751"	"0.0004"	"426.87528"	"0.00015"	"18000"	""		"15103.784"	"38529.830"	"3d3.4s2"	"a 2H"	"9/2"	"3d3.(2H).4s.4p.(3P*)"	"u 2G*"	"9/2"		""	"L15916"	
"426.98390"	"0.00018"	"426.98391"	"0.00007"	"2300000"	"9.4e+07"	B+	"15062.959"	"38483.045"	"3d4.(3H).4s"	"a 4H"	"13/2"	"3d4.(3H).4p"	"x 4H*"	"13/2"		"T9399"	"L15916"	
"427.0956"	"0.0003"	"427.09552"	"0.00004"	"200000"	"8.1e+06"	B+	"14909.958"	"38323.924"	"3d4.(3H).4s"	"a 4H"	"7/2"	"3d4.(3H).4p"	"x 4H*"	"9/2"		"T9399"	"L15916"	
"427.1509"	"0.0002"	"427.15094"	"0.00005"	"170000"	"7.9e+07"	C	"20767.609"	"44178.537"	"3d4.(3D).4s"	"b 4D"	"7/2"	"3d4.(3D).4p"	"4F*"	"9/2"		"u38"	"L15916"	
"427.15184"	""	"427.15184"	"0.00009"	":"	"1.9e+07"	C	"14548.816"	"37959.695"	"3d3.4s2"	"2D2"	"5/2"	"3d4.(3P2).4p"	"t 4D*"	"5/2"		"T9399"	"L18972"	
"427.27504"	"0.00018"	"427.27502"	"0.00009"	"1900000"	"8.1e+07"	B+	"15000.937"	"38405.067"	"3d4.(3H).4s"	"a 4H"	"11/2"	"3d4.(3H).4p"	"x 4H*"	"11/2"		"T9399"	"L15916"	
"427.3928"	"0.0003"	"427.39289"	"0.00004"	"14000"	""		"20687.769"	"44085.444"	"3d3.(4F).4s.4p.(3P*)"	"z 4D*"	"3/2"	"3d3.4s.(5F).4d"	"4P"	"3/2"		""	"L15916"	
"427.4607"	"0.0004"	"427.46062"	"0.00011"	"12000"	""		"21101.589"	"44495.557"	"3d4.(3G).4s"	"2G"	"7/2"	"3d4.(1G2).4p"	"s 2G*"	"7/2"		""	"L15916"	
"427.81546"	"0.00018"	"427.81545"	"0.00004"	"1900000"	"7.5e+07"	B+	"14949.359"	"38323.924"	"3d4.(3H).4s"	"a 4H"	"9/2"	"3d4.(3H).4p"	"x 4H*"	"9/2"		"T9399"	"L15916"	
"427.8405"	"0.0003"	"427.84047"	"0.00007"	"51000"	""		"8413.009"	"31786.207&dagger;"	"3d4.(5D).4s"	"a 4D"	"1/2"	"3d3.(2P).4s.4p.(3P*)"	"2S*"	"1/2"		""	"L15916"	
"428.0732"	"0.0004"	"428.07319"	"0.00011"	"16000"	""		"26344.902"	"49705.393"	"3d3.(4F).4s.4p.(3P*)"	"z 2G*"	"9/2"	"49705e"	"6D"	"7/2"		""	"L15916"	
"428.4103"	"0.0002"	"428.41032"	"0.00009"	"180000"	"5.8e+06"	B+	"15062.959"	"38405.067"	"3d4.(3H).4s"	"a 4H"	"13/2"	"3d4.(3H).4p"	"x 4H*"	"11/2"		"T9399"	"L15916"	
"428.5050"	"0.0004"	"428.50496"	"0.00004"	"38000"	""		"20767.609"	"44104.562"	"3d4.(3D).4s"	"b 4D"	"7/2"	"3d4.(3D).4p"	"4F*"	"7/2"		""	"L15916"	
"428.52480"	"0.00018"	"428.52482"	"0.00004"	"1700000"	"8.6e+07"	B+	"14909.958"	"38245.829"	"3d4.(3H).4s"	"a 4H"	"7/2"	"3d4.(3H).4p"	"x 4H*"	"7/2"		"T9399"	"L15916"	
"428.7615"	"0.0002"	"428.76155"	"0.00006"	"200000"	"8.4e+06"	B+	"15000.937"	"38323.924"	"3d4.(3H).4s"	"a 4H"	"11/2"	"3d4.(3H).4p"	"x 4H*"	"9/2"		"T9399"	"L15916"	
"428.9001"	"0.0002"	"428.90015"	"0.00003"	"150000"	""		"20789.112"	"44104.562"	"3d4.(3D).4s"	"b 4D"	"5/2"	"3d4.(3D).4p"	"4F*"	"7/2"		""	"L15916"	
"429.0010"	"0.0002"	"429.00093"	"0.00007"	"40000"	""		"8476.234"	"31786.207&dagger;"	"3d4.(5D).4s"	"a 4D"	"3/2"	"3d3.(2P).4s.4p.(3P*)"	"2S*"	"1/2"		""	"L15916"	
"429.1580"	"0.0006"	"429.15841"	"0.00004"	"12000bl(Ne)"	""		"20606.467"	"43907.886"	"3d3.(4F).4s.4p.(3P*)"	"z 4D*"	"1/2"	"3d3.4s.(5F).4d"	"4P"	"1/2"		""	"L15916"	
"429.24958"	"0.00018"	"429.24958"	"0.00004"	"160000"	"7.3e+06"	B+	"14949.359"	"38245.829"	"3d4.(3H).4s"	"a 4H"	"9/2"	"3d4.(3H).4p"	"x 4H*"	"7/2"		"T9399"	"L15916"	
"429.30137"	"0.00018"	"429.30138"	"0.00006"	"1200000"	"6.6e+07"	B+	"17242.070"	"40535.729"	"3d4.(3G).4s"	"a 4G"	"11/2"	"3d4.(3G).4p"	"w 4H*"	"13/2"		"T9399"	"L15916"	
"429.73059"	"0.00018"	"429.73060"	"0.00004"	"830000"	"6.3e+07"	D+	"17182.073"	"40452.466"	"3d4.(3G).4s"	"a 4G"	"9/2"	"3d4.(3G).4p"	"w 4H*"	"11/2"		"T284n"	"L15916"	
"429.8302"	"0.0003"	"429.83025"	"0.00015"	"71000"	""		"15264.832"	"38529.830"	"3d3.4s2"	"a 2H"	"11/2"	"3d3.(2H).4s.4p.(3P*)"	"u 2G*"	"9/2"		""	"L15916"	
"429.88814"	"0.00018"	"429.88815"	"0.00006"	"640000"	"6.3e+07"	B+	"17116.947"	"40378.812"	"3d4.(3G).4s"	"a 4G"	"7/2"	"3d4.(3G).4p"	"w 4H*"	"9/2"		"T9399"	"L15916"	
"429.8945"	"0.0002"	"429.89402"	"0.00011"	""	""		"26352.634"	"49614.181"	"3d4.(5D).4p"	"y 4D*"	"5/2"	"49614e"	"6D"	"5/2"		""	"L9190"	
"429.9233"	"0.0002"	"429.92339"	"0.00006"	"640000"	"5.8e+07"	B+	"17054.924"	"40314.882"	"3d4.(3G).4s"	"a 4G"	"5/2"	"3d4.(3G).4p"	"w 4H*"	"7/2"		"T9399"	"L15916"	
"429.9785"	"0.0006"	"429.97859"	"0.00018"	"13000*"	""		"21032.503"	"44289.475"	"3d3.(4F).4s.4p.(3P*)"	"z 4D*"	"7/2"	"3d3.4s.(5F).4d"	"4P"	"5/2"		""	"L15916"	
"429.9785"	"0.0006"	"429.97876"	"0.00006"	"13000*"	""		"20828.481"	"44085.444"	"3d3.(4F).4s.4p.(3P*)"	"z 4D*"	"5/2"	"3d3.4s.(5F).4d"	"4P"	"3/2"		""	"L15916"	
"430.0285"	"0.0002"	"430.028439"	"0.000020"	"50000"	""		"20789.112"	"44043.388"	"3d4.(3D).4s"	"b 4D"	"5/2"	"3d4.(3D).4p"	"4F*"	"5/2"		""	"L15916"	
"430.3326"	"0.0002"	"430.33261"	"0.00006"	"57000"	""		"14514.756"	"37752.595"	"3d3.4s2"	"2D2"	"3/2"	"3d4.(3F2).4p"	"w 2D*"	"5/2"		""	"L15916"	
"430.47262"	"0.00018"	"430.47264"	"0.00003"	"110000"	""		"20813.108"	"44043.388"	"3d4.(3D).4s"	"b 4D"	"3/2"	"3d4.(3D).4p"	"4F*"	"5/2"		""	"L15916"	
"430.6023"	"0.0004"	"430.60247"	"0.00006"	"8300bl(V II)"	"1.16e+05"	C+	"9544.635"	"32767.911"	"3d3.4s2"	"a 4P"	"1/2"	"3d3.(4P).4s.4p.(3P*)"	"z 2P*"	"3/2"		"T9399"	"L15916"	
"430.6607"	"0.0010"	"430.66062"	"0.00006"	"32000bl(V II)*"	"1.31e+06"	B	"15103.784"	"38323.924"	"3d3.4s2"	"a 2H"	"9/2"	"3d4.(3H).4p"	"x 4H*"	"9/2"		"T9399"	"L15916"	
"430.6607"	"0.0010"	"430.66105"	"0.00006"	"32000bl(V II)*"	""		"20687.769"	"43907.886"	"3d3.(4F).4s.4p.(3P*)"	"z 4D*"	"3/2"	"3d3.4s.(5F).4d"	"4P"	"1/2"		""	"L15916"	
"430.6683"	"0.0002"	"430.66830"	"0.00006"	"150000"	"3.4e+06"	B	"15000.937"	"38220.663"	"3d4.(3H).4s"	"a 4H"	"11/2"	"3d4.(3H).4p"	"x 2H*"	"11/2"		"T9399"	"L15916"	
"430.74201"	"0.00018"	"430.74202"	"0.00004"	"1100000"	"1.1e+06"	C	"137.383"	"23353.135"	"3d3.4s2"	"a 4F"	"5/2"	"3d3.(4F).4s.4p.(3P*)"	"z 4F*"	"7/2"		"T509n"	"L15916"	
"430.7775"	"0.0002"	"430.77756"	"0.00006"	"21000"	"9.0e+05"	C+	"14909.958"	"38123.795"	"3d4.(3H).4s"	"a 4H"	"7/2"	"3d4.(3H).4p"	"x 2H*"	"9/2"		"T9399"	"L4235"	
"430.83847"	"0.00018"	"430.83838"	"0.00004"	"930000"	"1.13e+06"	B+	"0.000"	"23210.560"	"3d3.4s2"	"a 4F"	"3/2"	"3d3.(4F).4s.4p.(3P*)"	"z 4F*"	"5/2"		"T9399"	"L15916"	
"430.8529"	"0.0004"	"430.85280"	"0.00003"	"13000"	""		"9637.039"	"32846.822"	"3d3.4s2"	"a 4P"	"3/2"	"3d3.(4F).4s.4p.(1P*)"	"w 4F*"	"5/2"		""	"L15916"	
"430.9645"	"0.0002"	"430.96428"	"0.00006"	"24000"	""		"14548.816"	"37752.595"	"3d3.4s2"	"2D2"	"5/2"	"3d4.(3F2).4p"	"w 2D*"	"5/2"		""	"L15916"	
"431.0448"	"0.0002"	"431.04489"	"0.00007"	"200000"	""		"26505.953"	"49705.393"	"3d4.(5D).4p"	"y 6D*"	"5/2"	"49705e"	"6D"	"7/2"		""	"L15916"	
"431.0729"	"0.0002"	"431.07285"	"0.00006"	"93000"	"7.5e+06"	B+	"17116.947"	"40314.882"	"3d4.(3G).4s"	"a 4G"	"7/2"	"3d4.(3G).4p"	"w 4H*"	"7/2"		"T9399"	"L15916"	
"431.10052"	"0.00018"	"431.10063"	"0.00003"	"1100000"	"7.6e+05"	B+	"323.432"	"23519.872"	"3d3.4s2"	"a 4F"	"7/2"	"3d3.(4F).4s.4p.(3P*)"	"z 4F*"	"9/2"		"T9399"	"L15916"	
"431.2648"	"0.0002"	"431.26474"	"0.00009"	"29000"	""		"21275.652"	"44463.265"	"3d4.(3G).4s"	"2G"	"9/2"	"3d4.(1G2).4p"	"s 2G*"	"9/2"		""	"L15916"	
"431.2826"	"0.0003"	"431.28260"	"0.00006"	"33000"	""		"20813.108"	"43999.761"	"3d4.(3D).4s"	"b 4D"	"3/2"	"3d4.(3D).4p"	"4F*"	"3/2"		""	"L15916"	
"431.4030"	"0.0003"	"431.40330"	"0.00011"	"8300"	""		"9544.635"	"32724.801"	"3d3.4s2"	"a 4P"	"1/2"	"3d3.(4P).4s.4p.(3P*)"	"z 2P*"	"1/2"		""	"L15916"	
"431.4729"	"0.0003"	"431.47289"	"0.00013"	"190000"	""		"26437.754"	"49614.181"	"3d4.(5D).4p"	"y 6D*"	"3/2"	"49614e"	"6D"	"5/2"		""	"L15916"	
"431.51002"	"0.00018"	"431.50996"	"0.00006"	"160000"	"3.2e+06"	B	"14949.359"	"38123.795"	"3d4.(3H).4s"	"a 4H"	"9/2"	"3d4.(3H).4p"	"x 2H*"	"9/2"		"T9399"	"L15916"	
"431.5406"	"0.0002"	"431.54063"	"0.00013"	"19000"	""		"19189.283"	"42362.072"	"3d4.(3P2).4s"	"b 2P"	"3/2"	"3d3.(4P).4s.4p.(3P*)"	"w 2S*"	"1/2"		""	"L15916"	
"431.6036"	"0.0003"	"431.60344"	"0.00006"	"71000"	""		"20830.344"	"43999.761"	"3d4.(3D).4s"	"b 4D"	"1/2"	"3d4.(3D).4p"	"4F*"	"3/2"		""	"L15916"	
"431.7002"	"0.0003"	"431.70029"	"0.00003"	"5700"	""		"9824.626"	"32988.845"	"3d3.4s2"	"a 4P"	"5/2"	"3d3.(4F).4s.4p.(1P*)"	"w 4F*"	"7/2"		""	"L15916"	
"431.9726"	"0.0003"	"431.97263"	"0.00013"	"130000"	""		"26397.633"	"49547.248"	"3d4.(5D).4p"	"y 6D*"	"1/2"	"49547e"	"6D"	"3/2"		""	"L15916"	
"432.1140"	"0.0004"	"432.11393"	"0.00006"	"10000"	"5.1e+05"	C+	"15103.784"	"38245.829"	"3d3.4s2"	"a 2H"	"9/2"	"3d4.(3H).4p"	"x 4H*"	"7/2"		"T9399"	"L15916"	
"432.1478"	"0.0003"	"432.14773"	"0.00011"	"28000"	"9.8e+05"	C+	"15264.832"	"38405.067"	"3d3.4s2"	"a 2H"	"11/2"	"3d4.(3H).4p"	"x 4H*"	"11/2"		"T9399"	"L15916"	
"432.3220"	"0.0005"	"432.32266"	"0.00004"	"5100bl(V II)"	""		"9637.039"	"32767.911"	"3d3.4s2"	"a 4P"	"3/2"	"3d3.(4P).4s.4p.(3P*)"	"z 2P*"	"3/2"		""	"L15916"	
"432.3543"	"0.0002"	"432.35423"	"0.00009"	"31000"	""		"19189.283"	"42318.466"	"3d4.(3P2).4s"	"b 2P"	"3/2"	"3d4.(3D).4p"	"v 2P*"	"3/2"		""	"L15916"	
"432.4724"	"0.0003"	"432.47249"	"0.00006"	"11000"	"2.5e+05"	C	"15000.937"	"38123.795"	"3d4.(3H).4s"	"a 4H"	"11/2"	"3d4.(3H).4p"	"x 2H*"	"9/2"		"T9399"	"L15916"	
"432.5843"	"0.0003"	"432.58435"	"0.00007"	"8200"	"1.42e+05"	C+	"15103.784"	"38220.663"	"3d3.4s2"	"a 2H"	"9/2"	"3d4.(3H).4p"	"x 2H*"	"11/2"		"T9399"	"L15916"	
"432.7379"	"0.0002"	"432.7380"	"0.0003"	"37000"	""		"26397.633"	"49506.305"	"3d4.(5D).4p"	"y 6D*"	"1/2"	"49506e"	"6D"	"1/2"		""	"L15916"	
"432.7463"	"0.0003"	"432.74629"	"0.00017"	"82000"	""		"26505.953"	"49614.181"	"3d4.(5D).4p"	"y 6D*"	"5/2"	"49614e"	"6D"	"5/2"		""	"L15916"	
"432.8894"	"0.0003"	"432.88945"	"0.00007"	"270000"	""		"26604.807&dagger;"	"49705.393"	"3d4.(5D).4p"	"y 6D*"	"7/2"	"49705e"	"6D"	"7/2"		""	"L15916"	
"433.12402"	"0.00018"	"433.12404"	"0.00003"	"3100000"	"5.3e+06"	B+	"0.000"	"23088.074"	"3d3.4s2"	"a 4F"	"3/2"	"3d3.(4F).4s.4p.(3P*)"	"z 4F*"	"3/2"		"T9399"	"L15916"	
"433.2296"	"0.0002"	"433.22974"	"0.00009"	"21000"	""		"20687.769"	"43770.210"	"3d3.(4F).4s.4p.(3P*)"	"z 4D*"	"3/2"	"3d3.4s.(5F).4d"	"4D"	"5/2"		""	"L15916"	
"433.2661"	"0.0002"	"433.26605"	"0.00011"	"540000"	""		"26738.323"	"49818.830"	"3d4.(5D).4p"	"y 6D*"	"9/2"	"49818e"	"6D"	"9/2"		""	"L15916"	
"433.3330"	"0.0004"	"433.33320"	"0.00013"	"11000"	""		"20606.467"	"43683.397&dagger;"	"3d3.(4F).4s.4p.(3P*)"	"z 4D*"	"1/2"	"3d3.4s.(5F).4d"	"4D"	"3/2"		""	"L15916"	
"433.3593"	"0.0002"	"433.35929"	"0.00009"	"55000"	"6.0e+06"	C+	"19145.148"	"42220.689"	"3d4.(3H).4s"	"b 2H"	"11/2"	"3d4.(1I).4p"	"u 2H*"	"11/2"		"T9399"	"L15916"	
"433.40368"	"0.00018"	"433.40369"	"0.00003"	"3400000"	"4.64e+06"	B+	"137.383"	"23210.560"	"3d3.4s2"	"a 4F"	"5/2"	"3d3.(4F).4s.4p.(3P*)"	"z 4F*"	"5/2"		"T9399"	"L15916"	
"433.4906"	"0.0002"	"433.49060"	"0.00021"	"130000"	""		"26437.754"	"49506.305"	"3d4.(5D).4p"	"y 6D*"	"3/2"	"49506e"	"6D"	"1/2"		""	"L15916"	
"433.5314"	"0.0003"	"433.53127"	"0.00004"	"190000"	"1.61e+06"	C+	"9824.626"	"32891.013"	"3d3.4s2"	"a 4P"	"5/2"	"3d3.(2P).4s.4p.(3P*)"	"x 4D*"	"7/2"		"T9399"	"L15916"	
"433.6677"	"0.0003"	"433.66842"	"0.00006"	"11000"	""		"15264.832"	"38323.924"	"3d3.4s2"	"a 2H"	"11/2"	"3d4.(3H).4p"	"x 4H*"	"9/2"		""	"L15916"	
"433.7334"	"0.0002"	"433.73346"	"0.00011"	"41000"	"6.1e+06"	C+	"19023.531"	"42079.165"	"3d4.(3H).4s"	"b 2H"	"9/2"	"3d4.(1I).4p"	"u 2H*"	"9/2"		"T9399"	"L15916"	
"434.0035"	"0.0002"	"434.00338"	"0.00011"	"180000"	""		"26505.953"	"49547.248"	"3d4.(5D).4p"	"y 6D*"	"5/2"	"49547e"	"6D"	"3/2"		""	"L15916"	
"434.0383"	"0.0004"	"434.03823"	"0.00015"	"16000"	""		"20828.481"	"43867.926"	"3d3.(4F).4s.4p.(3P*)"	"z 4D*"	"5/2"	"3d3.4s.(5F).4d"	"4D"	"7/2"		""	"L15916"	
"434.22181"	"0.00018"	"434.22184"	"0.00003"	"5000000"	"4.5e+06"	C	"323.432"	"23353.135"	"3d3.4s2"	"a 4F"	"7/2"	"3d3.(4F).4s.4p.(3P*)"	"z 4F*"	"7/2"		"T509n"	"L15916"	
"434.3411"	"0.0002"	"434.34115"	"0.00006"	"240000"	""		"9637.039"	"32660.416"	"3d3.4s2"	"a 4P"	"3/2"	"3d3.(2P).4s.4p.(3P*)"	"x 4D*"	"5/2"		""	"L15916"	
"434.40467"	"0.00018"	"434.40466"	"0.00006"	"200000"	"7.9e+06"	B	"15103.784"	"38123.795"	"3d3.4s2"	"a 2H"	"9/2"	"3d4.(3H).4p"	"x 2H*"	"9/2"		"T9399"	"L15916"	
"434.6055"	"0.0002"	"434.60548"	"0.00019"	"180000"	""		"26604.807&dagger;"	"49614.181"	"3d4.(5D).4p"	"y 6D*"	"7/2"	"49614e"	"6D"	"5/2"		""	"L15916"	
"434.8651"	"0.0003"	"434.86527"	"0.00013"	"16000"	""		"20687.769"	"43683.397&dagger;"	"3d3.(4F).4s.4p.(3P*)"	"z 4D*"	"3/2"	"3d3.4s.(5F).4d"	"4D"	"3/2"		""	"L15916"	
"435.1887"	"0.0002"	"435.18866"	"0.00008"	"140000"	""		"13801.551"	"36780.091"	"3d3.4s2"	"a 2P"	"3/2"	"3d3.(4P).4s.4p.(3P*)"	"x 2D*"	"3/2"		""	"L15916"	
"435.2030"	"0.0003"	"435.20303"	"0.00006"	"120000"	"2.04e+05"	B+	"2153.221"	"25131.002"	"3d4.(5D).4s"	"a 6D"	"3/2"	"3d4.(5D).4p"	"z 4P*"	"5/2"		"T4902"	"L15916"	
"435.3659"	"0.0002"	"435.36598"	"0.00008"	"140000"	""		"13810.910"	"36780.091"	"3d3.4s2"	"a 2P"	"1/2"	"3d3.(4P).4s.4p.(3P*)"	"x 2D*"	"3/2"		""	"L15916"	
"435.40888"	"0.00018"	"435.40890"	"0.00003"	"6600000"	"6.1e+06"	B+	"552.955"	"23519.872"	"3d3.4s2"	"a 4F"	"9/2"	"3d3.(4F).4s.4p.(3P*)"	"z 4F*"	"9/2"		"T9399"	"L15916"	
"435.4550"	"0.0002"	"435.45491"	"0.00004"	"140000"	"2.43e+06"	B+	"13801.551"	"36766.041"	"3d3.4s2"	"a 2P"	"3/2"	"3d4.(3F2).4p"	"x 2F*"	"5/2"		"T9399"	"L15916"	
"435.61919"	"0.00018"	"435.61917"	"0.00008"	"530000"	"8.6e+06"	B+	"15264.832"	"38220.663"	"3d3.4s2"	"a 2H"	"11/2"	"3d4.(3H).4p"	"x 2H*"	"11/2"		"T9399"	"L15916"	
"435.71669"	"0.00018"	"435.71673"	"0.00003"	"1000000"	"1.03e+06"	B+	"137.383"	"23088.074"	"3d3.4s2"	"a 4F"	"5/2"	"3d3.(4F).4s.4p.(3P*)"	"z 4F*"	"3/2"		"T9399"	"L15916"	
"435.8009"	"0.0004"	"435.80075"	"0.00004"	"41000"	""		"17054.924"	"40001.190"	"3d4.(3G).4s"	"a 4G"	"5/2"	"3d4.(3H).4p"	"u 4G*"	"7/2"		""	"L15916"	
"435.8666"	"0.0003"	"435.86621"	"0.00015"	"110000*"	""		"14514.756"	"37457.576"	"3d3.4s2"	"2D2"	"3/2"	"3d4.(3F2).4p"	"w 2D*"	"3/2"		""	"L15916"	
"435.8666"	"0.0003"	"435.86676"	"0.00009"	"110000*"	""		"19078.112"	"42020.903"	"3d4.(3F2).4s"	"a 2F"	"7/2"	"3d4.(3D).4p"	"u 2F*"	"7/2"		""	"L15916"	
"435.8873"	"0.0003"	"435.88694"	"0.00006"	"35000"	""		"20828.481"	"43770.210"	"3d3.(4F).4s.4p.(3P*)"	"z 4D*"	"5/2"	"3d3.4s.(5F).4d"	"4D"	"5/2"		""	"L15916"	
"436.1804"	"0.0003"	"436.18055"	"0.00006"	"170000"	""		"14548.816"	"37475.102&dagger;"	"3d3.4s2"	"2D2"	"5/2"	"3d3.(2D2).4s.4p.(3P*)"	"w 2F*"	"7/2"		""	"L15916"	
"436.2228"	"0.0003"	"436.22277"	"0.00010"	"46000"	""		"19026.326"	"41950.393"	"3d4.(3F2).4s"	"a 2F"	"5/2"	"3d4.(3D).4p"	"u 2F*"	"5/2"		""	"L15916"	
"436.2496"	"0.0003"	"436.24941"	"0.00006"	"6900"	""		"20606.467"	"43529.134"	"3d3.(4F).4s.4p.(3P*)"	"z 4D*"	"1/2"	"3d3.4s.(5F).4d"	"4D"	"1/2"		""	"L15916"	
"436.2617"	"0.0002"	"436.26167"	"0.00008"	"67000"	""		"17116.947"	"40038.970"	"3d4.(3G).4s"	"a 4G"	"7/2"	"3d4.(3H).4p"	"u 4G*"	"9/2"		""	"L15916"	
"436.4535"	"0.0003"	"436.45354"	"0.00004"	"110000"	""		"9544.635"	"32456.581"	"3d3.4s2"	"a 4P"	"1/2"	"3d3.(2P).4s.4p.(3P*)"	"x 4D*"	"3/2"		""	"L15916"	
"436.4745"	"0.0002"	"436.47450"	"0.00004"	"310000"	"5.9e+05"	C+	"2220.156"	"25131.002"	"3d4.(5D).4s"	"a 6D"	"5/2"	"3d4.(5D).4p"	"z 4P*"	"5/2"		"T9399"	"L15916"	
"436.5435"	"0.0003"	"436.54347"	"0.00010"	"190000"	"1.74e+07"	B	"17054.924"	"39962.150"	"3d4.(3G).4s"	"a 4G"	"5/2"	"3d4.(3H).4p"	"u 4G*"	"5/2"		"T9399"	"L15916"	
"436.69619"	"0.00018"	"436.69615"	"0.00015"	"180000"	""		"13801.551"	"36700.768"	"3d3.4s2"	"a 2P"	"3/2"	"3d3.(4P).4s.4p.(3P*)"	"x 2D*"	"5/2"		""	"L15916"	
"436.8283"	"0.0004"	"436.82814"	"0.00011"	"39000"	""		"21603.259"	"44495.557"	"3d4.(1G2).4s"	"b 2G"	"9/2"	"3d4.(1G2).4p"	"s 2G*"	"7/2"		""	"L15916"	
"436.92679"	"0.00018"	"436.92682"	"0.00003"	"990000"	"1.06e+06"	B+	"323.432"	"23210.560"	"3d3.4s2"	"a 4F"	"7/2"	"3d3.(4F).4s.4p.(3P*)"	"z 4F*"	"5/2"		"T9399"	"L15916"	
"436.98192"	"0.00018"	"436.98190"	"0.00004"	"190000"	""		"17116.947"	"40001.190"	"3d4.(3G).4s"	"a 4G"	"7/2"	"3d4.(3H).4p"	"u 4G*"	"7/2"		""	"L15916"	
"437.0285"	"0.0003"	"437.02854"	"0.00008"	"47000"	"3.3e+06"	B	"17182.073"	"40063.874"	"3d4.(3G).4s"	"a 4G"	"9/2"	"3d4.(3H).4p"	"u 4G*"	"11/2"		"T9399"	"L15916"	
"437.4453"	"0.0003"	"437.44520"	"0.00011"	"440000"	"8.1e+07"	C	"21603.259"	"44463.265"	"3d4.(1G2).4s"	"b 2G"	"9/2"	"3d4.(1G2).4p"	"s 2G*"	"9/2"		"u38"	"L15916"	
"437.4652"	"0.0002"	"437.46516"	"0.00008"	"26000"	"4.2e+05"	C+	"15264.832"	"38123.795"	"3d3.4s2"	"a 2H"	"11/2"	"3d4.(3H).4p"	"x 2H*"	"9/2"		"T9399"	"L15916"	
"437.5047"	"0.0002"	"437.50471"	"0.00008"	"290000"	"1.46e+07"	B+	"17182.073"	"40038.970"	"3d4.(3G).4s"	"a 4G"	"9/2"	"3d4.(3H).4p"	"u 4G*"	"9/2"		"T9399"	"L15916"	
"437.5427"	"0.0005"	"437.54263"	"0.00013"	"16000"	""		"20828.481"	"43683.397&dagger;"	"3d3.(4F).4s.4p.(3P*)"	"z 4D*"	"5/2"	"3d3.4s.(5F).4d"	"4D"	"3/2"		""	"L15916"	
"437.6285"	"0.0003"	"437.62858"	"0.00010"	"70000"	""		"21603.259"	"44453.686"	"3d4.(1G2).4s"	"b 2G"	"9/2"	"3d4.(1I).4p"	"2I*"	"11/2"		""	"L15916"	
"437.6533"	"0.0004"	"437.65329"	"0.00011"	"330000*"	"7.7e+07"	C	"21646.420"	"44495.557"	"3d4.(1G2).4s"	"b 2G"	"7/2"	"3d4.(1G2).4p"	"s 2G*"	"7/2"		"u38"	"L15916"	
"437.6533"	"0.0004"	"437.65387"	"0.00013"	"330000*"	""		"21032.503"	"43881.610"	"3d3.(4F).4s.4p.(3P*)"	"z 4D*"	"7/2"	"3d3.4s.(5F).4d"	"f 6P"	"5/2"		""	"L15916"	
"437.7287"	"0.0003"	"437.72866"	"0.00010"	"24000"	"3.1e+06"	C+	"17116.947"	"39962.150"	"3d4.(3G).4s"	"a 4G"	"7/2"	"3d4.(3H).4p"	"u 4G*"	"5/2"		"T9399"	"L15916"	
"437.8017"	"0.0005"	"437.80221"	"0.00004"	"16000"	""		"20687.769"	"43529.134"	"3d3.(4F).4s.4p.(3P*)"	"z 4D*"	"3/2"	"3d3.4s.(5F).4d"	"4D"	"1/2"		""	"L15916"	
"437.9096"	"0.0004"	"437.90909"	"0.00006"	"87000"	""		"9824.626"	"32660.416"	"3d3.4s2"	"a 4P"	"5/2"	"3d3.(2P).4s.4p.(3P*)"	"x 4D*"	"5/2"		""	"L15916"	
"437.9162"	"0.0004"	"437.91613"	"0.00017"	"150000"	""		"21032.503"	"43867.926"	"3d3.(4F).4s.4p.(3P*)"	"z 4D*"	"7/2"	"3d3.4s.(5F).4d"	"4D"	"7/2"		""	"L15916"	
"438.04603"	"0.00018"	"438.04609"	"0.00006"	"74000000"	"1.15e+08"	B+	"2424.809"	"25253.457"	"3d4.(5D).4s"	"a 6D"	"9/2"	"3d4.(5D).4p"	"y 6F*"	"11/2"		"T9627"	"L15916"	
"438.1775"	"0.0003"	"438.17746"	"0.00006"	"380000"	"1.84e+07"	B	"17242.070"	"40063.874"	"3d4.(3G).4s"	"a 4G"	"11/2"	"3d4.(3H).4p"	"u 4G*"	"11/2"		"T9399"	"L15916"	
"438.2190"	""	"438.21914"	"0.00006"	":"	"1.66e+05"	B+	"2311.369"	"25131.002"	"3d4.(5D).4s"	"a 6D"	"7/2"	"3d4.(5D).4p"	"z 4P*"	"5/2"		"T4902"	"L20056"	
"438.2209"	"0.0002"	"438.22089"	"0.00004"	"130000"	""		"9637.039"	"32456.581"	"3d3.4s2"	"a 4P"	"3/2"	"3d3.(2P).4s.4p.(3P*)"	"x 4D*"	"3/2"		""	"L15916"	
"438.2291"	"0.0003"	"438.22905"	"0.00006"	"37000"	""		"17182.073"	"40001.190"	"3d4.(3G).4s"	"a 4G"	"9/2"	"3d4.(3H).4p"	"u 4G*"	"7/2"		""	"L15916"	
"438.2475"	"0.0003"	"438.24710"	"0.00003"	"84000"	""		"20767.609"	"43585.786"	"3d4.(3D).4s"	"b 4D"	"7/2"	"3d4.(5D).5p"	"u 4P*"	"5/2"		""	"L15916"	
"438.2973"	"0.0003"	"438.29730"	"0.00008"	"20000"	"6.5e+05"	C+	"14949.359"	"37764.923"	"3d4.(3H).4s"	"a 4H"	"9/2"	"3d4.(3F2).4p"	"v 4G*"	"11/2"		"T9399"	"L15916"	
"438.5129"	"0.0002"	"438.51279"	"0.00012"	"110000"	""		"9544.635"	"32348.987"	"3d3.4s2"	"a 4P"	"1/2"	"3d3.(2P).4s.4p.(3P*)"	"x 4D*"	"1/2"		""	"L15916"	
"438.5415"	"0.0003"	"438.54131"	"0.00006"	"110000"	"3.0e+05"	B	"2112.282"	"24915.151"	"3d4.(5D).4s"	"a 6D"	"1/2"	"3d4.(5D).4p"	"z 4P*"	"3/2"		"T4902"	"L15916"	
"438.59441"	"0.00018"	"438.59449"	"0.00008"	"44000000"	"9.2e+07"	B+	"2311.369"	"25111.473"	"3d4.(5D).4s"	"a 6D"	"7/2"	"3d4.(5D).4p"	"y 6F*"	"9/2"		"T9627"	"L15916"	
"438.656"	"0.002"	"438.65613"	"0.00006"	"51000"	"3.5e+06"	C	"17242.070"	"40038.970"	"3d4.(3G).4s"	"a 4G"	"11/2"	"3d4.(3H).4p"	"u 4G*"	"9/2"		"T9399"	"L14162"	
"438.84392"	"0.00018"	"438.84396"	"0.00004"	"440000"	""		"8413.009"	"31200.152"	"3d4.(5D).4s"	"a 4D"	"1/2"	"3d3.(2G).4s.4p.(3P*)"	"x 4F*"	"3/2"		""	"L15916"	
"438.9329"	"0.0003"	"438.93272"	"0.00003"	"18000"	"2.2e+06"	C+	"19078.112"	"41860.647"	"3d4.(3F2).4s"	"a 2F"	"7/2"	"3d4.(3G).4p"	"t 4G*"	"9/2"		"T9399"	"L15916"	
"439.1022"	"0.0002"	"439.10223"	"0.00010"	"97000"	""		"21101.589"	"43875.329"	"3d4.(3G).4s"	"2G"	"7/2"	"3d4.(1G2).4p"	"t 2F*"	"5/2"		""	"L15916"	
"439.12124"	"0.00018"	"439.12126"	"0.00010"	"30000000"	"7.0e+07"	B+	"2220.156"	"24992.909"	"3d4.(5D).4s"	"a 6D"	"5/2"	"3d4.(5D).4p"	"y 6F*"	"7/2"		"T9627"	"L15916"	
"439.1836"	"0.0002"	"439.18367"	"0.00012"	"97000"	""		"13810.910"	"36580.427&dagger;"	"3d3.4s2"	"a 2P"	"1/2"	"3d4.(3P2).4p"	"2P*"	"3/2"		""	"L15916"	
"439.2904"	"0.0003"	"439.29038"	"0.00008"	"72000"	"2.09e+06"	B+	"15000.937"	"37764.923"	"3d4.(3H).4s"	"a 4H"	"11/2"	"3d4.(3F2).4p"	"v 4G*"	"11/2"		"T9399"	"L15916"	
"439.3300"	"0.0002"	"439.33006"	"0.00004"	"560000"	"9.3e+05"	B	"2153.221"	"24915.151"	"3d4.(5D).4s"	"a 6D"	"3/2"	"3d4.(5D).4p"	"z 4P*"	"3/2"		"T4902"	"L15916"	
"439.4314"	"0.0002"	"439.43145"	"0.00004"	"180000"	"1.10e+07"	C+	"15078.387"	"37835.065"	"3d4.(3P2).4s"	"b 4P"	"1/2"	"3d4.(3P2).4p"	"t 4D*"	"3/2"		"T9399"	"L15916"	
"439.5067"	"0.0002"	"439.50673"	"0.00003"	"230000"	""		"8476.234"	"31229.014"	"3d4.(5D).4s"	"a 4D"	"3/2"	"3d3.(2G).4s.4p.(3P*)"	"x 4F*"	"5/2"		""	"L15916"	
"439.6037"	"0.0002"	"439.60372"	"0.00006"	"660000"	""		"10892.520"	"33640.280"	"3d3.4s2"	"a 2G"	"7/2"	"3d3.(2G).4s.4p.(3P*)"	"z 2H*"	"9/2"		""	"L15916"	
"439.64582"	"0.00018"	"439.64580"	"0.00006"	"23000000"	"5.2e+07"	B+	"2153.221"	"24898.804"	"3d4.(5D).4s"	"a 6D"	"3/2"	"3d4.(5D).4p"	"y 6F*"	"5/2"		"T9399"	"L15916"	
"439.8591"	"0.0004"	"439.85956"	"0.00008"	"17000"	""		"14909.958"	"37644.487"	"3d4.(3H).4s"	"a 4H"	"7/2"	"3d4.(3F2).4p"	"v 4G*"	"9/2"		""	"L15916"	
"439.9077"	"0.0003"	"439.90790"	"0.00003"	"10000"	"1.58e+06"	C+	"19026.326"	"41758.357"	"3d4.(3F2).4s"	"a 2F"	"5/2"	"3d4.(3G).4p"	"t 4G*"	"7/2"		"T9399"	"L15916"	
"440.06493"	"0.00018"	"440.06496"	"0.00004"	"190000"	""		"8476.234"	"31200.152"	"3d4.(5D).4s"	"a 4D"	"3/2"	"3d3.(2G).4s.4p.(3P*)"	"x 4F*"	"3/2"		""	"L15916"	
"440.18079"	"0.00012"	"440.18078"	"0.00006"	"8800000"	"3.47e+07"	B+	"2112.282"	"24830.221"	"3d4.(5D).4s"	"a 6D"	"1/2"	"3d4.(5D).4p"	"y 6F*"	"3/2"		"T9399"	"L15916"	
"440.2338"	"0.0005"	"440.23502"	"0.00003"	"26000"	""		"20789.112"	"43504.252&dagger;"	"3d4.(3D).4s"	"b 4D"	"5/2"	"3d4.(5D).5p"	"u 4P*"	"3/2"		""	"L4235"	
"440.2968"	"0.0002"	"440.29689"	"0.00012"	"17000"	""		"9637.039"	"32348.987"	"3d3.4s2"	"a 4P"	"3/2"	"3d3.(2P).4s.4p.(3P*)"	"x 4D*"	"1/2"		""	"L15916"	
"440.4905"	"0.0003"	"440.49052"	"0.00008"	"310000"	"6.1e+06"	B+	"15062.959"	"37764.923"	"3d4.(3H).4s"	"a 4H"	"13/2"	"3d4.(3F2).4p"	"v 4G*"	"11/2"		"T9399"	"L15916"	
"440.6259"	"0.0002"	"440.62579"	"0.00003"	"340000"	""		"2220.156"	"24915.151"	"3d4.(5D).4s"	"a 6D"	"5/2"	"3d4.(5D).4p"	"z 4P*"	"3/2"		""	"L9190"	
"440.7007"	"0.0004"	"440.70057"	"0.00003"	"20000"	""		"20813.108"	"43504.252&dagger;"	"3d4.(3D).4s"	"b 4D"	"3/2"	"3d4.(5D).5p"	"u 4P*"	"3/2"		""	"L15916"	
"440.7338"	"0.0010"	"440.73155"	"0.00006"	"460000"	"3.5e+06"	D+	"8578.542"	"31268.091"	"3d4.(5D).4s"	"a 4D"	"5/2"	"3d3.(2G).4s.4p.(3P*)"	"x 4F*"	"7/2"		"T284n"	"L4235"	
"440.78765"	"0.00012"	"440.78759"	"0.00008"	"14000000"	"1.94e+07"	B+	"2424.809"	"25111.473"	"3d4.(5D).4s"	"a 6D"	"9/2"	"3d4.(5D).4p"	"y 6F*"	"9/2"		"T9399"	"L15916"	
"440.88715"	"0.00012"	"440.88717"	"0.00008"	"17000000"	"3.76e+07"	B+	"2311.369"	"24992.909"	"3d4.(5D).4s"	"a 6D"	"7/2"	"3d4.(5D).4p"	"y 6F*"	"7/2"		"T9627"	"L15916"	
"440.94340"	"0.00012"	"440.94339"	"0.00004"	"23000000"	"5.1e+07"	B+	"2220.156"	"24898.804"	"3d4.(5D).4s"	"a 6D"	"5/2"	"3d4.(5D).4p"	"y 6F*"	"5/2"		"T9399"	"L15916"	
"440.97313"	""	"440.97312"	"0.00010"	":"	"8.0e+07"	B+	"2112.282"	"24789.401"	"3d4.(5D).4s"	"a 6D"	"1/2"	"3d4.(5D).4p"	"y 6F*"	"1/2"		"T9399"	"L18972"	
"440.97521"	"0.00012"	"440.97544"	"0.00006"	"29000000"	"6.0e+07"	B+	"2153.221"	"24830.221"	"3d4.(5D).4s"	"a 6D"	"3/2"	"3d4.(5D).4p"	"y 6F*"	"3/2"		"T9399"	"L15916"	
"440.9915"	"0.0002"	"440.99144"	"0.00012"	"130000"	""		"13801.551"	"36477.728&dagger;"	"3d3.4s2"	"a 2P"	"3/2"	"3d4.(3P2).4p"	"2P*"	"1/2"		""	"L15916"	
"441.33760"	"0.00012"	"441.33760"	"0.00008"	"880000"	"4.26e+06"	B+	"2112.282"	"24770.673"	"3d4.(5D).4s"	"a 6D"	"1/2"	"3d4.(5D).4p"	"z 4P*"	"1/2"		"T4902"	"L15916"	
"441.4920"	"0.0002"	"441.49190"	"0.00004"	"250000"	""		"8578.542"	"31229.014"	"3d4.(5D).4s"	"a 4D"	"5/2"	"3d3.(2G).4s.4p.(3P*)"	"x 4F*"	"5/2"		""	"L15916"	
"441.5777"	"0.0002"	"441.57760"	"0.00012"	"79000"	"2.86e+06"	B+	"14909.958"	"37556.034"	"3d4.(3H).4s"	"a 4H"	"7/2"	"3d4.(3F2).4p"	"v 4G*"	"7/2"		"T9399"	"L15916"	
"441.62684"	"0.00018"	"441.62687"	"0.00008"	"190000"	"5.2e+06"	B	"15000.937"	"37644.487"	"3d4.(3H).4s"	"a 4H"	"11/2"	"3d4.(3F2).4p"	"v 4G*"	"9/2"		"T9399"	"L15916"	
"441.77068"	"0.00012"	"441.77065"	"0.00010"	"4000000"	"2.54e+07"	B+	"2153.221"	"24789.401"	"3d4.(5D).4s"	"a 6D"	"3/2"	"3d4.(5D).4p"	"y 6F*"	"1/2"		"T9399"	"L15916"	
"441.79238"	"0.00018"	"441.79234"	"0.00012"	"640000"	""		"10892.520"	"33527.589"	"3d3.4s2"	"a 2G"	"7/2"	"3d3.(2G).4s.4p.(3P*)"	"y 2F*"	"5/2"		""	"L15916"	
"441.8079"	"0.0003"	"441.80777"	"0.00010"	"19000"	"6.3e+05"	C+	"15770.789"	"38405.067"	"3d4.(3F2).4s"	"b 4F"	"9/2"	"3d4.(3H).4p"	"x 4H*"	"11/2"		"T9399"	"L15916"	
"441.969"	"0.002"	"441.97186"	"0.00006"	"57000"	""		"14548.816"	"37174.691"	"3d3.4s2"	"2D2"	"5/2"	"3d4.(3H).4p"	"v 2G*"	"7/2"		""	"L14162"	
"442.0551"	"0.0003"	"442.05519"	"0.00004"	"16000"	""		"8578.542"	"31200.152"	"3d4.(5D).4s"	"a 4D"	"5/2"	"3d3.(2G).4s.4p.(3P*)"	"x 4F*"	"3/2"		""	"L15916"	
"442.11753"	"0.00012"	"442.11749"	"0.00006"	"750000"	"1.22e+06"	B+	"2220.156"	"24838.578"	"3d4.(5D).4s"	"a 6D"	"5/2"	"3d4.(5D).4p"	"z 6P*"	"7/2"		"T9399"	"L15916"	
"442.2192"	"0.0004"	"442.21924"	"0.00006"	"16000"	""		"20830.344"	"43443.562"	"3d4.(3D).4s"	"b 4D"	"1/2"	"3d4.(5D).5p"	"u 4P*"	"1/2"		""	"L15916"	
"442.28094"	"0.00012"	"442.28090"	"0.00006"	"4000000"	"1.33e+07"	B+	"2220.156"	"24830.221"	"3d4.(5D).4s"	"a 6D"	"5/2"	"3d4.(5D).4p"	"y 6F*"	"3/2"		"T9399"	"L15916"	
"442.34722"	"0.00012"	"442.34723"	"0.00012"	"130000"	"4.9e+06"	B+	"14949.359"	"37556.034"	"3d4.(3H).4s"	"a 4H"	"9/2"	"3d4.(3F2).4p"	"v 4G*"	"7/2"		"T9399"	"L15916"	
"442.3715"	"0.0005"	"442.37163"	"0.00012"	"87000"	""		"15000.937"	"37606.365"	"3d4.(3H).4s"	"a 4H"	"11/2"	"3d4.(3H).4p"	"z 2I*"	"13/2"		""	"L4235"	
"442.44477"	"0.00015"	"442.44473"	"0.00006"	"460000"	"3.2e+06"	D+	"8715.747"	"31317.440"	"3d4.(5D).4s"	"a 4D"	"7/2"	"3d3.(2G).4s.4p.(3P*)"	"x 4F*"	"9/2"		"T284n"	"L15916"	
"442.4838"	"0.0003"	"442.48385"	"0.00006"	"12000"	""		"15724.229"	"38323.924"	"3d4.(3F2).4s"	"b 4F"	"7/2"	"3d4.(3H).4p"	"x 4H*"	"9/2"		""	"L15916"	
"442.51522"	"0.00015"	"442.51524"	"0.00010"	"100000"	""		"21275.652"	"43873.744"	"3d4.(3G).4s"	"2G"	"9/2"	"3d4.(1G2).4p"	"t 2F*"	"7/2"		""	"L15916"	
"442.58093"	"0.00018"	"442.58106"	"0.00006"	"210000"	""		"11100.596"	"33695.327"	"3d3.4s2"	"a 2G"	"9/2"	"3d3.(2G).4s.4p.(3P*)"	"z 2H*"	"11/2"		""	"L15916"	
"442.69532"	"0.00012"	"442.69519"	"0.00008"	"430000"	""		"10892.520"	"33481.426"	"3d3.4s2"	"a 2G"	"7/2"	"3d3.(2G).4s.4p.(3P*)"	"y 2F*"	"7/2"		""	"L15916"	
"442.72406"	"0.00012"	"442.72402"	"0.00006"	"2900000"	"6.6e+06"	B+	"2311.369"	"24898.804"	"3d4.(5D).4s"	"a 6D"	"7/2"	"3d4.(5D).4p"	"y 6F*"	"5/2"		"T9399"	"L15916"	
"442.85305"	"0.00018"	"442.85309"	"0.00012"	"400000"	"8.e+07"	D+	"21603.259"	"44184.111"	"3d4.(1G2).4s"	"b 2G"	"9/2"	"3d4.(1G2).4p"	"t 2H*"	"11/2"		"T9771"	"L15916"	
"442.97531"	"0.00012"	"442.97534"	"0.00004"	"2000000"	"4.13e+06"	B+	"2153.221"	"24727.841"	"3d4.(5D).4s"	"a 6D"	"3/2"	"3d4.(5D).4p"	"z 6P*"	"5/2"		"T9399"	"L15916"	
"443.10331"	"0.00018"	"443.10332"	"0.00010"	"1400000"	"2.21e+06"	B+	"2424.809"	"24992.909"	"3d4.(5D).4s"	"a 6D"	"9/2"	"3d4.(5D).4p"	"y 6F*"	"7/2"		"T9627"	"L15916"	
"443.1743"	"0.0003"	"443.17435"	"0.00004"	"120000"	"1.14e+07"	C+	"15270.582"	"37835.065"	"3d4.(3P2).4s"	"b 4P"	"3/2"	"3d4.(3P2).4p"	"t 4D*"	"3/2"		"T9399"	"L15916"	
"443.4129"	"0.0003"	"443.41289"	"0.00008"	"200000"	""		"8715.747"	"31268.091"	"3d4.(5D).4s"	"a 4D"	"7/2"	"3d3.(2G).4s.4p.(3P*)"	"x 4F*"	"7/2"		""	"L15916"	
"443.58396"	"0.00018"	"443.58391"	"0.00006"	"370000"	"1.94e+07"	B	"15572.035"	"38115.684&dagger;"	"3d4.(3P2).4s"	"b 4P"	"5/2"	"3d4.(3P2).4p"	"t 4D*"	"7/2"		"T9399"	"L15916"	
"443.6619"	"0.0003"	"443.66194"	"0.00006"	"94000"	""		"11100.596"	"33640.280"	"3d3.4s2"	"a 2G"	"9/2"	"3d3.(2G).4s.4p.(3P*)"	"z 2H*"	"9/2"		""	"L15916"	
"443.73780"	"0.00012"	"443.73778"	"0.00006"	"2700000"	"1.00e+07"	B+	"2112.282"	"24648.114"	"3d4.(5D).4s"	"a 6D"	"1/2"	"3d4.(5D).4p"	"z 6P*"	"3/2"		"T9399"	"L15916"	
"443.8114"	"0.0005"	"443.81094"	"0.00014"	"4100"	""		"21646.420"	"44178.537"	"3d4.(1G2).4s"	"b 2G"	"7/2"	"3d4.(3D).4p"	"4F*"	"9/2"		""	"L4235"	
"443.861"	"0.004"	"443.86491"	"0.00008"	"6700"	""		"15000.937"	"37530.314"	"3d4.(3H).4s"	"a 4H"	"11/2"	"3d4.(3H).4p"	"z 2I*"	"11/2"		""	"L4235"	
"443.90763"	"0.00012"	"443.90763"	"0.00004"	"4000000"	"8.3e+06"	B+	"2311.369"	"24838.578"	"3d4.(5D).4s"	"a 6D"	"7/2"	"3d4.(5D).4p"	"z 6P*"	"7/2"		"T9399"	"L15916"	
"444.0236"	"0.0003"	"444.02363"	"0.00003"	"35000"	""		"19078.112"	"41599.436"	"3d4.(3F2).4s"	"a 2F"	"7/2"	"3d4.(3G).4p"	"t 4F*"	"9/2"		""	"L15916"	
"444.29267"	"0.00012"	"444.29269"	"0.00004"	"5200000"	"1.35e+07"	B+	"2220.156"	"24727.841"	"3d4.(5D).4s"	"a 6D"	"5/2"	"3d4.(5D).4p"	"z 6P*"	"5/2"		"T9399"	"L15916"	
"444.45839"	"0.00018"	"444.45831"	"0.00012"	"300000"	"8.1e+07"	C	"21646.420"	"44145.718"	"3d4.(1G2).4s"	"b 2G"	"7/2"	"3d4.(1G2).4p"	"t 2H*"	"9/2"		"u38"	"L15916"	
"444.54538"	"0.00012"	"444.54535"	"0.00004"	"4000000"	"1.48e+07"	B+	"2153.221"	"24648.114"	"3d4.(5D).4s"	"a 6D"	"3/2"	"3d4.(5D).4p"	"z 6P*"	"3/2"		"T9399"	"L15916"	
"444.7068"	"0.0003"	"444.70678"	"0.00020"	"13000"	""		"15270.582"	"37757.309"	"3d4.(3P2).4s"	"b 4P"	"3/2"	"3d4.(3P2).4p"	"t 4D*"	"1/2"		""	"L15916"	
"445.08214"	"0.00012"	"445.08220"	"0.00006"	"310000"	""		"10892.520"	"33360.280"	"3d3.4s2"	"a 2G"	"7/2"	"3d3.(2G).4s.4p.(3P*)"	"y 2G*"	"7/2"		""	"L15916"	
"445.21473"	"0.00015"	"445.21471"	"0.00008"	"240000"	""		"19078.112"	"41539.185"	"3d4.(3F2).4s"	"a 2F"	"7/2"	"3d4.(3G).4p"	"t 2G*"	"9/2"		""	"L15916"	
"445.3013"	"0.0003"	"445.30136"	"0.00006"	"34000*"	""		"21841.421"	"44298.123"	"3d3.(4F).4s.4p.(3P*)"	"z 4G*"	"5/2"	"3d3.4s.(5F).4d"	"4G"	"5/2"		""	"L15916"	
"445.3013"	"0.0003"	"445.3014"	"0.0003"	"34000*"	""		"21841.421"	"44298.123"	"3d3.(4F).4s.4p.(3P*)"	"z 4G*"	"5/2"	"3d3.4s.(5F).4d"	"4F"	"3/2"		""	"L15916"	
"445.32548"	"0.00012"	"445.32548"	"0.00012"	"2500000"	"8.1e+07"	B+	"15062.959"	"37518.445"	"3d4.(3H).4s"	"a 4H"	"13/2"	"3d4.(3H).4p"	"z 4I*"	"15/2"		"T9399"	"L15916"	
"445.3947"	"0.0003"	"445.39476"	"0.00006"	"100000"	"3.27e+06"	B+	"14909.958"	"37361.951"	"3d4.(3H).4s"	"a 4H"	"7/2"	"3d4.(3H).4p"	"v 2G*"	"9/2"		"T9399"	"L15916"	
"445.4368"	"0.0002"	"445.43680"	"0.00008"	"69000"	"1.56e+06"	B	"15770.789"	"38220.663"	"3d4.(3F2).4s"	"b 4F"	"9/2"	"3d4.(3H).4p"	"x 2H*"	"11/2"		"T9399"	"L15916"	
"445.5368"	"0.0002"	"445.53688"	"0.00010"	"56000"	""		"21963.437"	"44408.268"	"3d3.(4F).4s.4p.(3P*)"	"z 4G*"	"7/2"	"3d3.4s.(5F).4d"	"4G"	"7/2"		""	"L15916"	
"445.76918"	"0.00018"	"445.76917"	"0.00004"	"59000"	""		"22121.079"	"44554.214"	"3d3.(4F).4s.4p.(3P*)"	"z 4G*"	"9/2"	"3d3.4s.(5F).4d"	"4G"	"9/2"		""	"L15916"	
"445.77424"	"0.00015"	"445.77420"	"0.00008"	"73000"	""		"22313.832"	"44746.714"	"3d3.(4F).4s.4p.(3P*)"	"z 4G*"	"11/2"	"3d3.4s.(5F).4d"	"4G"	"11/2"		""	"L15916"	
"445.87211"	"0.00012"	"445.87207"	"0.00006"	"2600000"	"9.6e+06"	B+	"2220.156"	"24648.114"	"3d4.(5D).4s"	"a 6D"	"5/2"	"3d4.(5D).4p"	"z 6P*"	"3/2"		"T9399"	"L15916"	
"445.90045"	"0.00012"	"445.90046"	"0.00008"	"500000"	"1.47e+07"	C+	"15103.784"	"37530.314"	"3d3.4s2"	"a 2H"	"9/2"	"3d4.(3H).4p"	"z 2I*"	"11/2"		"T9282"	"L15916"	
"445.9640"	"0.0003"	"445.96395"	"0.00008"	"90000"	"5.8e+06"	B	"19078.112"	"41501.449"	"3d4.(3F2).4s"	"a 2F"	"7/2"	"3d4.(3G).4p"	"v 2H*"	"9/2"		"T9399"	"L15916"	
"446.10049"	"0.00012"	"446.10053"	"0.00006"	"6300000"	"1.76e+07"	B+	"2311.369"	"24727.841"	"3d4.(5D).4s"	"a 6D"	"7/2"	"3d4.(5D).4p"	"z 6P*"	"5/2"		"T9399"	"L15916"	
"446.15432"	"0.00012"	"446.15433"	"0.00006"	"13000000"	"2.61e+07"	B+	"2424.809"	"24838.578"	"3d4.(5D).4s"	"a 6D"	"9/2"	"3d4.(5D).4p"	"z 6P*"	"7/2"		"T9399"	"L15916"	
"446.16819"	"0.00018"	"446.16806"	"0.00008"	"150000"	"1.16e+07"	B+	"19023.531"	"41436.610&dagger;"	"3d4.(3H).4s"	"b 2H"	"9/2"	"3d4.(3G).4p"	"t 2G*"	"7/2"		"T9399"	"L15916"	
"446.22375"	"0.00012"	"446.22371"	"0.00006"	"270000"	"2.91e+07"	B+	"19026.326"	"41436.610&dagger;"	"3d4.(3F2).4s"	"a 2F"	"5/2"	"3d4.(3G).4p"	"t 2G*"	"7/2"		"T9399"	"L15916"	
"446.36098"	"0.00012"	"446.36098"	"0.00006"	"2500000"	"7.9e+07"	B+	"15000.937"	"37404.329"	"3d4.(3H).4s"	"a 4H"	"11/2"	"3d4.(3H).4p"	"z 4I*"	"13/2"		"T9399"	"L15916"	
"446.4376"	"0.0003"	"446.43722"	"0.00006"	"8400"	"1.9e+05"	C+	"15724.229"	"38123.795"	"3d4.(3F2).4s"	"b 4F"	"7/2"	"3d4.(3H).4p"	"x 2H*"	"9/2"		"T9399"	"L15916"	
"446.54744"	"0.00015"	"446.54744"	"0.00006"	"150000"	""		"19145.148"	"41539.185"	"3d4.(3H).4s"	"b 2H"	"11/2"	"3d4.(3G).4p"	"t 2G*"	"9/2"		""	"L15916"	
"446.5991"	"0.0003"	"446.59894"	"0.00008"	"160000"	"4.2e+06"	C+	"15724.229"	"38115.684&dagger;"	"3d4.(3F2).4s"	"b 4F"	"7/2"	"3d4.(3P2).4p"	"t 4D*"	"7/2"		"T9399"	"L15916"	
"446.6746"	"0.0003"	"446.67464"	"0.00010"	"160000"	"5.7e+06"	C+	"15572.035"	"37959.695"	"3d4.(3P2).4s"	"b 4P"	"5/2"	"3d4.(3P2).4p"	"t 4D*"	"5/2"		"T9399"	"L15916"	
"446.81090"	"0.00015"	"446.81095"	"0.00008"	"290000"	""		"11100.596"	"33481.426"	"3d3.4s2"	"a 2G"	"9/2"	"3d3.(2G).4s.4p.(3P*)"	"y 2F*"	"7/2"		""	"L15916"	
"446.88594"	"0.00018"	"446.88589"	"0.00006"	"47000"	"1.00e+06"	B	"14548.816"	"36925.893&dagger;"	"3d3.4s2"	"2D2"	"5/2"	"3d4.(3F2).4p"	"x 2F*"	"7/2"		"T9399"	"L15916"	
"446.92542"	"0.00015"	"446.92540"	"0.00008"	"500000"	"1.74e+07"	B+	"14909.958"	"37285.057"	"3d4.(3H).4s"	"a 4H"	"7/2"	"3d4.(3H).4p"	"z 4I*"	"9/2"		"T9399"	"L15916"	
"447.0009"	"0.0003"	"447.00093"	"0.00006"	"170000"	"9.e+06"	D+	"15103.784"	"37475.102&dagger;"	"3d3.4s2"	"a 2H"	"9/2"	"3d3.(2D2).4s.4p.(3P*)"	"w 2F*"	"7/2"		"T284n"	"L4235"	
"447.09578"	"0.00012"	"447.09576"	"0.00008"	"1600000"	"6.2e+07"	B+	"14949.359"	"37315.932"	"3d4.(3H).4s"	"a 4H"	"9/2"	"3d4.(3H).4p"	"z 4I*"	"11/2"		"T9399"	"L15916"	
"447.1295"	"0.0004"	"447.12973"	"0.00020"	"7700"	""		"24778.321"	"47143.195&dagger;"	"3d3.4s2"	"2F"	"7/2"	"3d3.(2F).4s.4p.(3P*)"	"s 2F*"	"7/2"		""	"L15916"	
"447.1601"	"0.0003"	"447.16026"	"0.00006"	"9500"	""		"21963.437"	"44326.784"	"3d3.(4F).4s.4p.(3P*)"	"z 4G*"	"7/2"	"3d3.4s.(5F).4d"	"4F"	"7/2"		""	"L15916"	
"447.2067"	"0.0004"	"447.20691"	"0.00006"	"19000"	"3.5e+05"	C	"15000.937"	"37361.951"	"3d4.(3H).4s"	"a 4H"	"11/2"	"3d4.(3H).4p"	"v 2G*"	"9/2"		"T9399"	"L15916"	
"447.2576"	"0.0003"	"447.25724"	"0.00006"	"28000"	"2.25e+06"	B	"19078.112"	"41436.610&dagger;"	"3d4.(3F2).4s"	"a 2F"	"7/2"	"3d4.(3G).4p"	"t 2G*"	"7/2"		"T9399"	"L15916"	
"447.3011"	"0.0004"	"447.30119"	"0.00006"	"32000"	"2.21e+06"	B	"19145.148"	"41501.449"	"3d4.(3H).4s"	"b 2H"	"11/2"	"3d4.(3G).4p"	"v 2H*"	"9/2"		"T9399"	"L15916"	
"447.3479"	"0.0003"	"447.34785"	"0.00006"	"7100"	""		"21841.421"	"44195.390"	"3d3.(4F).4s.4p.(3P*)"	"z 4G*"	"5/2"	"3d3.4s.(5F).4d"	"4F"	"5/2"		""	"L15916"	
"447.4474"	"0.0005"	"447.44697"	"0.00006"	"46000bl"	""		"14514.756"	"36863.773"	"3d3.4s2"	"2D2"	"3/2"	"3d3.(2H).4s.4p.(3P*)"	"w 4G*"	"5/2"		""	"L4235"	
"447.5295"	"0.0002"	"447.52951"	"0.00006"	"490000"	"3.0e+07"	B	"15770.789"	"38115.684&dagger;"	"3d4.(3F2).4s"	"b 4F"	"9/2"	"3d4.(3P2).4p"	"t 4D*"	"7/2"		"T9399"	"L15916"	
"447.59697"	"0.00012"	"447.59686"	"0.00010"	"830000"	""		"15264.832"	"37606.365"	"3d3.4s2"	"a 2H"	"11/2"	"3d4.(3H).4p"	"z 2I*"	"13/2"		""	"L15916"	
"447.71380"	"0.00015"	"447.71379"	"0.00006"	"100000"	"2.45e+06"	B+	"14949.359"	"37285.057"	"3d4.(3H).4s"	"a 4H"	"9/2"	"3d4.(3H).4p"	"z 4I*"	"9/2"		"T9399"	"L15916"	
"448.12919"	"0.00012"	"448.12916"	"0.00008"	"310000"	"7.5e+06"	B+	"15000.937"	"37315.932"	"3d4.(3H).4s"	"a 4H"	"11/2"	"3d4.(3H).4p"	"z 4I*"	"11/2"		"T9399"	"L15916"	
"448.7500"	"0.0003"	"448.75005"	"0.00006"	"18000"	"2.9e+05"	C	"15000.937"	"37285.057"	"3d4.(3H).4s"	"a 4H"	"11/2"	"3d4.(3H).4p"	"z 4I*"	"9/2"		"T9399"	"L15916"	
"448.9527"	"0.0003"	"448.95269"	"0.00008"	"15000"	""		"14548.816"	"36822.878"	"3d3.4s2"	"2D2"	"5/2"	"3d3.(2H).4s.4p.(3P*)"	"w 4G*"	"7/2"		""	"L15916"	
"449.01480"	"0.00012"	"449.01466"	"0.00006"	"1600000"	"5.0e+07"	B+	"14909.958"	"37180.946"	"3d4.(3H).4s"	"a 4H"	"7/2"	"3d3.(2H).4s.4p.(3P*)"	"y 2H*"	"9/2"		"T9399"	"L15916"	
"449.1280"	"0.0004"	"449.12866"	"0.00008"	"15000"	""		"14514.756"	"36780.091"	"3d3.4s2"	"2D2"	"3/2"	"3d3.(4P).4s.4p.(3P*)"	"x 2D*"	"3/2"		""	"L15916"	
"449.1411"	"0.0005"	"449.14080"	"0.00004"	"17000"	""		"14909.958"	"37174.691"	"3d4.(3H).4s"	"a 4H"	"7/2"	"3d4.(3H).4p"	"v 2G*"	"7/2"		""	"L15916"	
"449.20687"	"0.00015"	"449.20686"	"0.00006"	"310000"	"9.e+06"	D+	"14949.359"	"37210.818"	"3d4.(3H).4s"	"a 4H"	"9/2"	"3d3.(2H).4s.4p.(3P*)"	"y 2H*"	"11/2"		"T284n"	"L15916"	
"449.24270"	"0.00015"	"449.24268"	"0.00006"	"240000"	""		"11100.596"	"33360.280"	"3d3.4s2"	"a 2G"	"9/2"	"3d3.(2G).4s.4p.(3P*)"	"y 2G*"	"7/2"		""	"L15916"	
"449.2732"	"0.0002"	"449.27329"	"0.00005"	"35000"	""		"15103.784"	"37361.951"	"3d3.4s2"	"a 2H"	"9/2"	"3d4.(3H).4p"	"v 2G*"	"9/2"		""	"L15916"	
"449.3549"	"0.0004"	"449.35502"	"0.00016"	"62000"	""		"8578.542"	"30832.661"	"3d4.(5D).4s"	"a 4D"	"5/2"	"3d3.(4P).4s.4p.(3P*)"	"z 6S*"	"5/2"		""	"L15916"	
"449.7320"	"0.0002"	"449.73197"	"0.00006"	"410000"	"2.6e+07"	B	"15724.229"	"37959.695"	"3d4.(3F2).4s"	"b 4F"	"7/2"	"3d4.(3P2).4p"	"t 4D*"	"5/2"		"T9399"	"L15916"	
"449.8029"	"0.0002"	"449.80304"	"0.00006"	"40000"	""		"21963.437"	"44195.390"	"3d3.(4F).4s.4p.(3P*)"	"z 4G*"	"7/2"	"3d3.4s.(5F).4d"	"4F"	"5/2"		""	"L15916"	
"449.81039"	"0.00015"	"449.81044"	"0.00006"	"270000"	"3.81e+06"	B+	"14949.359"	"37180.946"	"3d4.(3H).4s"	"a 4H"	"9/2"	"3d3.(2H).4s.4p.(3P*)"	"y 2H*"	"9/2"		"T9399"	"L15916"	
"449.81678"	"0.00015"	"449.81676"	"0.00008"	"190000"	""		"14548.816"	"36780.091"	"3d3.4s2"	"2D2"	"5/2"	"3d3.(4P).4s.4p.(3P*)"	"x 2D*"	"3/2"		""	"L15916"	
"449.8647"	"0.0002"	"449.86463"	"0.00012"	"130000"	""		"21646.420"	"43875.329"	"3d4.(1G2).4s"	"b 2G"	"7/2"	"3d4.(1G2).4p"	"t 2F*"	"5/2"		""	"L15916"	
"449.8968"	"0.0003"	"449.89671"	"0.00008"	"16000"	""		"21646.420"	"43873.744"	"3d4.(1G2).4s"	"b 2G"	"7/2"	"3d4.(1G2).4p"	"t 2F*"	"7/2"		""	"L15916"	
"449.9371"	"0.0002"	"449.93704"	"0.00004"	"14000"	""		"14949.359"	"37174.691"	"3d4.(3H).4s"	"a 4H"	"9/2"	"3d4.(3H).4p"	"v 2G*"	"7/2"		""	"L15916"	
"450.1014"	"0.0002"	"450.10122"	"0.00008"	"21000"	"4.9e+05"	C+	"14548.816"	"36766.041"	"3d3.4s2"	"2D2"	"5/2"	"3d4.(3F2).4p"	"x 2F*"	"5/2"		"T9399"	"L15916"	
"450.2041"	"0.0002"	"450.20410"	"0.00006"	"25000"	"5.6e+05"	B	"15103.784"	"37315.932"	"3d3.4s2"	"a 2H"	"9/2"	"3d4.(3H).4p"	"z 4I*"	"11/2"		"T9399"	"L15916"	
"450.2121"	"0.0002"	"450.21204"	"0.00004"	"29000"	"4.6e+06"	B+	"17054.924"	"39266.680"	"3d4.(3G).4s"	"a 4G"	"5/2"	"3d4.(3F2).4p"	"u 4F*"	"3/2"		"T9399"	"L15916"	
"450.25011"	"0.00018"	"450.25005"	"0.00006"	"91000"	""		"15000.937"	"37210.818"	"3d4.(3H).4s"	"a 4H"	"11/2"	"3d3.(2H).4s.4p.(3P*)"	"y 2H*"	"11/2"		""	"L15916"	
"450.270"	"0.002"	"450.26779"	"0.00008"	"110000"	""		"17182.073"	"39391.079"	"3d4.(3G).4s"	"a 4G"	"9/2"	"3d4.(3F2).4p"	"u 4F*"	"9/2"		""	"L14162"	
"450.32166"	"0.00015"	"450.32170"	"0.00006"	"570000"	"4.5e+06"	D+	"11100.596"	"33306.943"	"3d3.4s2"	"a 2G"	"9/2"	"3d3.(2G).4s.4p.(3P*)"	"y 2G*"	"9/2"		"T284n"	"L15916"	
"450.3347"	"0.0003"	"450.33472"	"0.00006"	"46000"	""		"22121.079"	"44326.784"	"3d3.(4F).4s.4p.(3P*)"	"z 4G*"	"9/2"	"3d3.4s.(5F).4d"	"4F"	"7/2"		""	"L15916"	
"450.73448"	"0.00015"	"450.73445"	"0.00018"	"130000"	""		"14514.756"	"36700.768"	"3d3.4s2"	"2D2"	"3/2"	"3d3.(4P).4s.4p.(3P*)"	"x 2D*"	"5/2"		""	"L15916"	
"450.7450"	"0.0004"	"450.74482"	"0.00006"	"61000"	""		"22313.832"	"44499.334"	"3d3.(4F).4s.4p.(3P*)"	"z 4G*"	"11/2"	"3d3.4s.(5F).4d"	"4F"	"9/2"		""	"L15916"	
"450.78375"	"0.00018"	"450.78366"	"0.00004"	"46000"	""		"17116.947"	"39300.537"	"3d4.(3G).4s"	"a 4G"	"7/2"	"3d4.(3F2).4p"	"u 4F*"	"5/2"		""	"L15916"	
"451.0547"	"0.0002"	"451.05462"	"0.00004"	"48000"	"5.7e+06"	C+	"15664.801"	"37835.065"	"3d4.(3F2).4s"	"b 4F"	"3/2"	"3d4.(3P2).4p"	"t 4D*"	"3/2"		"T9399"	"L15916"	
"451.2696"	"0.0002"	"451.26942"	"0.00006"	"64000"	"4.1e+06"	B	"17182.073"	"39341.784"	"3d4.(3G).4s"	"a 4G"	"9/2"	"3d4.(3F2).4p"	"u 4F*"	"7/2"		"T9399"	"L15916"	
"451.4274"	"0.0003"	"451.42749"	"0.00020"	"15000"	""		"14548.816"	"36700.768"	"3d3.4s2"	"2D2"	"5/2"	"3d3.(4P).4s.4p.(3P*)"	"x 2D*"	"5/2"		""	"L15916"	
"451.4872"	"0.0003"	"451.48747"	"0.00006"	"70000"	"4.0e+06"	C+	"17242.070"	"39391.079"	"3d4.(3G).4s"	"a 4G"	"11/2"	"3d4.(3F2).4p"	"u 4F*"	"9/2"		"T9399"	"L15916"	
"451.54467"	"0.00015"	"451.54467"	"0.00005"	"310000"	"2.1e+07"	C+	"15688.862"	"37835.065"	"3d4.(3F2).4s"	"b 4F"	"5/2"	"3d4.(3P2).4p"	"t 4D*"	"3/2"		"T9399"	"L15916"	
"451.68145"	"0.00018"	"451.68145"	"0.00008"	"40000"	"9.6e+05"	B	"15264.832"	"37404.329"	"3d3.4s2"	"a 2H"	"11/2"	"3d4.(3H).4p"	"z 4I*"	"13/2"		"T9399"	"L15916"	
"451.7334"	"0.0004"	"451.7335"	"0.0003"	"7600"	""		"24859.901"	"46996.848&dagger;"	"3d3.4s2"	"2F"	"5/2"	"3d3.(2F).4s.4p.(3P*)"	"s 2F*"	"5/2"		""	"L15916"	
"452.1428"	"0.0002"	"452.14265"	"0.00014"	"280000"	""		"8715.747"	"30832.661"	"3d4.(5D).4s"	"a 4D"	"7/2"	"3d3.(4P).4s.4p.(3P*)"	"z 6S*"	"5/2"		""	"L15916"	
"452.3447"	"0.0004"	"452.34472"	"0.00006"	"16000"	""		"15103.784"	"37210.818"	"3d3.4s2"	"a 2H"	"9/2"	"3d3.(2H).4s.4p.(3P*)"	"y 2H*"	"11/2"		""	"L15916"	
"452.54769"	"0.00012"	"452.54768"	"0.00006"	"580000"	"2.17e+07"	B+	"15264.832"	"37361.951"	"3d3.4s2"	"a 2H"	"11/2"	"3d4.(3H).4p"	"v 2G*"	"9/2"		"T9399"	"L15916"	
"452.64217"	"0.00018"	"452.64214"	"0.00020"	"160000"	"2.77e+07"	B	"15664.801"	"37757.309"	"3d4.(3F2).4s"	"b 4F"	"3/2"	"3d4.(3P2).4p"	"t 4D*"	"1/2"		"T9399"	"L15916"	
"452.92471"	"0.00015"	"452.92477"	"0.00012"	"130000"	""		"22313.832"	"44392.554"	"3d3.(4F).4s.4p.(3P*)"	"z 4G*"	"11/2"	"3d3.4s.(5F).4d"	"4H"	"13/2"		""	"L15916"	
"452.9567"	"0.0002"	"452.95677"	"0.00008"	"36000"	""		"15103.784"	"37180.946"	"3d3.4s2"	"a 2H"	"9/2"	"3d3.(2H).4s.4p.(3P*)"	"y 2H*"	"9/2"		""	"L15916"	
"453.05552"	"0.00015"	"453.05556"	"0.00006"	"130000"	""		"22121.079"	"44193.427"	"3d3.(4F).4s.4p.(3P*)"	"z 4G*"	"9/2"	"3d3.4s.(5F).4d"	"4H"	"11/2"		""	"L15916"	
"453.08516"	"0.00012"	"453.08514"	"0.00004"	"310000"	""		"15103.784"	"37174.691"	"3d3.4s2"	"a 2H"	"9/2"	"3d4.(3H).4p"	"v 2G*"	"7/2"		""	"L15916"	
"453.1933"	"0.0004"	"453.19265"	"0.00012"	"10000"	""		"14514.756"	"36580.427&dagger;"	"3d3.4s2"	"2D2"	"3/2"	"3d4.(3P2).4p"	"2P*"	"3/2"		""	"L15916"	
"453.20490"	"0.00015"	"453.20494"	"0.00004"	"130000"	""		"21963.437"	"44028.510"	"3d3.(4F).4s.4p.(3P*)"	"z 4G*"	"7/2"	"3d3.4s.(5F).4d"	"4H"	"9/2"		""	"L15916"	
"453.51860"	"0.00015"	"453.51861"	"0.00012"	"130000"	""		"21841.421"	"43891.233"	"3d3.(4F).4s.4p.(3P*)"	"z 4G*"	"5/2"	"3d3.4s.(5F).4d"	"4H"	"7/2"		""	"L15916"	
"453.6855"	"0.0004"	"453.68619"	"0.00016"	"14000"	""		"21963.437"	"44005.104"	"3d3.(4F).4s.4p.(3P*)"	"z 4G*"	"7/2"	"3d3.4s.(5F).4d"	"f 6G"	"9/2"		""	"L15916"	
"453.89330"	"0.00015"	"453.89327"	"0.00012"	"170000"	""		"14548.816"	"36580.427&dagger;"	"3d3.4s2"	"2D2"	"5/2"	"3d4.(3P2).4p"	"2P*"	"3/2"		""	"L15916"	
"454.12797"	"0.00015"	"454.12797"	"0.00006"	"170000"	"4.60e+06"	B+	"15264.832"	"37285.057"	"3d3.4s2"	"a 2H"	"11/2"	"3d4.(3H).4p"	"z 4I*"	"9/2"		"T9399"	"L15916"	
"454.2690"	"0.0003"	"454.26914"	"0.00012"	"17000"	""		"22313.832"	"44327.214"	"3d3.(4F).4s.4p.(3P*)"	"z 4G*"	"11/2"	"3d3.4s.(5F).4d"	"f 6G"	"13/2"		""	"L15916"	
"454.66668"	"0.00012"	"454.66669"	"0.00008"	"1500000"	"6.4e+07"	B+	"15770.789"	"37764.923"	"3d4.(3F2).4s"	"b 4F"	"9/2"	"3d4.(3F2).4p"	"v 4G*"	"11/2"		"T9399"	"L15916"	
"454.7703"	"0.0005"	"454.77110"	"0.00008"	"29000"	""		"14949.359"	"36938.443"	"3d4.(3H).4s"	"a 4H"	"9/2"	"3d3.(2H).4s.4p.(3P*)"	"w 4G*"	"11/2"		""	"L15916"	
"455.0309"	"0.0005"	"455.03081"	"0.00005"	"5100*"	""		"14949.359"	"36925.893&dagger;"	"3d4.(3H).4s"	"a 4H"	"9/2"	"3d4.(3F2).4p"	"x 2F*"	"7/2"		""	"L15916"	
"455.0309"	"0.0005"	"455.03159"	"0.00017"	"5100*"	""		"21841.421"	"43817.917&dagger;"	"3d3.(4F).4s.4p.(3P*)"	"z 4G*"	"5/2"	"3d3.4s.(5F).4d"	"f 6G"	"3/2"		""	"L15916"	
"455.0772"	"0.0004"	"455.07742"	"0.00012"	"23000"	""		"22479.403"	"44453.686"	"3d4.(1I).4s"	"2I"	"13/2"	"3d4.(1I).4p"	"2I*"	"11/2"		""	"L15916"	
"455.09182"	"0.00018"	"455.09177"	"0.00017"	"330000"	"9.3e+07"	C	"22479.403"	"44452.993"	"3d4.(1I).4s"	"2I"	"13/2"	"3d4.(1I).4p"	"2I*"	"13/2"		"u38"	"L15916"	
"455.31179"	"0.00018"	"455.31179"	"0.00012"	"110000"	""		"14514.756"	"36477.728&dagger;"	"3d3.4s2"	"2D2"	"3/2"	"3d4.(3P2).4p"	"2P*"	"1/2"		""	"L15916"	
"455.43270"	"0.00018"	"455.43272"	"0.00010"	"300000"	"4.5e+07"	C	"22496.546"	"44453.686"	"3d4.(1I).4s"	"2I"	"11/2"	"3d4.(1I).4p"	"2I*"	"11/2"		"u38"	"L15916"	
"455.4477"	"0.0003"	"455.44709"	"0.00019"	"18000"	""		"22496.546"	"44452.993"	"3d4.(1I).4s"	"2I"	"11/2"	"3d4.(1I).4p"	"2I*"	"13/2"		""	"L15916"	
"455.6642"	"0.0002"	"455.66419"	"0.00006"	"56000"	""		"15264.832"	"37210.818"	"3d3.4s2"	"a 2H"	"11/2"	"3d3.(2H).4s.4p.(3P*)"	"y 2H*"	"11/2"		""	"L15916"	
"456.0990"	"0.0003"	"456.09895"	"0.00010"	"17000"	""		"26021.907"	"47946.974"	"3d3.(4F).4s.4p.(3P*)"	"z 2G*"	"7/2"	"47946e"	"4F"	"9/2"		""	"L15916"	
"456.19895"	"0.00012"	"456.19901"	"0.00010"	"1200000"	"5.8e+07"	B+	"15724.229"	"37644.487"	"3d4.(3F2).4s"	"b 4F"	"7/2"	"3d4.(3F2).4p"	"v 4G*"	"9/2"		"T9399"	"L15916"	
"456.6827"	"0.0003"	"456.68306"	"0.00003"	"7900bl(V II)"	""		"15000.937"	"36897.961"	"3d4.(3H).4s"	"a 4H"	"11/2"	"3d3.(2H).4s.4p.(3P*)"	"w 4G*"	"9/2"		""	"L15916"	
"456.7115"	"0.0003"	"456.71149"	"0.00015"	"4500"	""		"10892.520"	"32788.181"	"3d3.4s2"	"a 2G"	"7/2"	"3d3.(2H).4s.4p.(3P*)"	"z 4H*"	"9/2"		""	"L15916"	
"456.8559"	"0.0005"	"456.85592"	"0.00013"	"12000"	""		"18805.048"	"40693.787"	"3d4.(3P2).4s"	"b 2P"	"1/2"	"3d3.(2P).4s.4p.(3P*)"	"w 2P*"	"3/2"		""	"L15916"	
"457.1327"	"0.0004"	"457.13274"	"0.00010"	"4500"	""		"15062.959"	"36938.443"	"3d4.(3H).4s"	"a 4H"	"13/2"	"3d3.(2H).4s.4p.(3P*)"	"w 4G*"	"11/2"		""	"L15916"	
"457.1702"	"0.0002"	"457.17007"	"0.00008"	"270000"	"8.2e+06"	B+	"15770.789"	"37644.487"	"3d4.(3F2).4s"	"b 4F"	"9/2"	"3d4.(3F2).4p"	"v 4G*"	"9/2"		"T9399"	"L15916"	
"457.30652"	"0.00012"	"457.30650"	"0.00013"	"830000"	"5.0e+07"	B+	"15688.862"	"37556.034"	"3d4.(3F2).4s"	"b 4F"	"5/2"	"3d4.(3F2).4p"	"v 4G*"	"7/2"		"T9399"	"L15916"	
"457.84565"	"0.00012"	"457.84567"	"0.00004"	"3500000"	"4.44e+06"	B+	"0.000"	"21841.421"	"3d3.4s2"	"a 4F"	"3/2"	"3d3.(4F).4s.4p.(3P*)"	"z 4G*"	"5/2"		"T9399"	"L15916"	
"457.89209"	"0.00010"	"457.89223"	"0.00010"	"66000"	""		"17242.070"	"39081.270"	"3d4.(3G).4s"	"a 4G"	"11/2"	"3d3.(2H).4s.4p.(3P*)"	"y 2I*"	"13/2"		""	"L4235"	
"458.00118"	"0.00015"	"458.00114"	"0.00008"	"580000"	"5.6e+07"	D+	"15664.801"	"37498.808"	"3d4.(3F2).4s"	"b 4F"	"3/2"	"3d4.(3F2).4p"	"v 4G*"	"5/2"		"T284n"	"L15916"	
"458.04717"	"0.00015"	"458.04733"	"0.00010"	"120000"	"1.06e+07"	B+	"15724.229"	"37556.034"	"3d4.(3F2).4s"	"b 4F"	"7/2"	"3d4.(3F2).4p"	"v 4G*"	"7/2"		"T9399"	"L15916"	
"458.16804"	"0.00012"	"458.16802"	"0.00003"	"4400000"	"4.70e+06"	B+	"137.383"	"21963.437"	"3d3.4s2"	"a 4F"	"5/2"	"3d3.(4F).4s.4p.(3P*)"	"z 4G*"	"7/2"		"T9399"	"L15916"	
"458.1929"	"0.0002"	"458.19267"	"0.00008"	"47000"	""		"26122.094&dagger;"	"47946.974"	"3d4.(5D).4p"	"y 4F*"	"7/2"	"47946e"	"4F"	"9/2"		""	"L15916"	
"458.250"	"0.003"	"458.25085"	"0.00005"	"59000bl"	"1.53e+06"	B	"15103.784"	"36925.893&dagger;"	"3d3.4s2"	"a 2H"	"9/2"	"3d4.(3F2).4p"	"x 2F*"	"7/2"		"T9399"	"L4235"	
"458.50646"	"0.00015"	"458.50641"	"0.00011"	"210000"	""		"15688.862"	"37498.808"	"3d4.(3F2).4s"	"b 4F"	"5/2"	"3d4.(3F2).4p"	"v 4G*"	"5/2"		""	"L15916"	
"458.7258"	"0.0002"	"458.72565"	"0.00006"	"270000"	""		"10892.520"	"32692.042"	"3d3.4s2"	"a 2G"	"7/2"	"3d3.(2H).4s.4p.(3P*)"	"z 4H*"	"7/2"		""	"L15916"	
"458.76512"	"0.00012"	"458.76511"	"0.00003"	"5700000"	"5.2e+06"	B+	"323.432"	"22121.079"	"3d3.4s2"	"a 4F"	"7/2"	"3d3.(4F).4s.4p.(3P*)"	"z 4G*"	"9/2"		"T9399"	"L15916"	
"459.0054"	"0.0002"	"459.00532"	"0.00006"	"41000"	""		"15688.862"	"37475.102&dagger;"	"3d4.(3F2).4s"	"b 4F"	"5/2"	"3d3.(2D2).4s.4p.(3P*)"	"w 2F*"	"7/2"		""	"L15916"	
"459.24102"	"0.00015"	"459.24107"	"0.00008"	"300000"	""		"26171.918"	"47946.974"	"3d4.(5D).4p"	"y 4F*"	"9/2"	"47946e"	"4F"	"9/2"		""	"L15916"	
"459.25097"	"0.00015"	"459.25113"	"0.00008"	"710000"	""		"15724.229"	"37498.808"	"3d4.(3F2).4s"	"b 4F"	"7/2"	"3d4.(3F2).4p"	"v 4G*"	"5/2"		""	"L15916"	
"459.54028"	"0.00012"	"459.54030"	"0.00004"	"8900000"	"5.7e+06"	B+	"552.955"	"22313.832"	"3d3.4s2"	"a 4F"	"9/2"	"3d3.(4F).4s.4p.(3P*)"	"z 4G*"	"11/2"		"T9399"	"L15916"	
"459.7515"	"0.0003"	"459.75166"	"0.00008"	"15000"	""		"15724.229"	"37475.102&dagger;"	"3d4.(3F2).4s"	"b 4F"	"7/2"	"3d3.(2D2).4s.4p.(3P*)"	"w 2F*"	"7/2"		""	"L15916"	
"460.0567"	"0.0003"	"460.05694"	"0.00008"	"7200"	""		"15078.387"	"36814.827"	"3d4.(3P2).4s"	"b 4P"	"1/2"	"3d3.(2D2).4s.4p.(3P*)"	"x 4P*"	"3/2"		""	"L15916"	
"460.4244"	"0.0002"	"460.42436"	"0.00008"	"59000"	""		"15103.784"	"36822.878"	"3d3.4s2"	"a 2H"	"9/2"	"3d3.(2H).4s.4p.(3P*)"	"w 4G*"	"7/2"		""	"L15916"	
"460.5489"	"0.0002"	"460.54890"	"0.00006"	"52000"	""		"26004.234"	"47717.455"	"3d4.(5D).4p"	"y 4F*"	"5/2"	"47717e"	"4F"	"7/2"		""	"L15916"	
"460.74375"	"0.00012"	"460.74376"	"0.00003"	"690000"	"6.3e+05"	B+	"137.383"	"21841.421"	"3d3.4s2"	"a 4F"	"5/2"	"3d3.(4F).4s.4p.(3P*)"	"z 4G*"	"5/2"		"T9399"	"L15916"	
"460.84972"	"0.00018"	"460.84965"	"0.00011"	"68000"	""		"18805.048"	"40504.099"	"3d4.(3P2).4s"	"b 2P"	"1/2"	"3d3.(2P).4s.4p.(3P*)"	"w 2P*"	"1/2"		""	"L15916"	
"460.9241"	"0.0002"	"460.92406"	"0.00008"	"120000"	""		"26021.907"	"47717.455"	"3d3.(4F).4s.4p.(3P*)"	"z 2G*"	"7/2"	"47717e"	"4F"	"7/2"		""	"L15916"	
"461.0934"	"0.0002"	"461.09329"	"0.00015"	"120000*"	""		"11100.596"	"32788.181"	"3d3.4s2"	"a 2G"	"9/2"	"3d3.(2H).4s.4p.(3P*)"	"z 4H*"	"9/2"		""	"L15916"	
"461.0934"	"0.0002"	"461.09372"	"0.00013"	"120000*"	"4.6e+07"	C	"22496.546"	"44184.111"	"3d4.(1I).4s"	"2I"	"11/2"	"3d4.(1G2).4p"	"t 2H*"	"11/2"		"u38"	"L15916"	
"461.2211"	"0.0002"	"461.22108"	"0.00005"	"94000"	"5.7e+05"	B+	"8413.009"	"30094.585"	"3d4.(5D).4s"	"a 4D"	"1/2"	"3d3.(4P).4s.4p.(3P*)"	"y 4P*"	"3/2"		"T9399"	"L15916"	
"461.30242"	"0.00015"	"461.30240"	"0.00006"	"100000"	""		"15664.801"	"37342.555"	"3d4.(3F2).4s"	"b 4F"	"3/2"	"3d3.(2D2).4s.4p.(3P*)"	"w 2F*"	"5/2"		""	"L15916"	
"461.3902"	"0.0006"	"461.39058"	"0.00006"	"8300"	""		"15264.832"	"36938.443"	"3d3.4s2"	"a 2H"	"11/2"	"3d3.(2H).4s.4p.(3P*)"	"w 4G*"	"11/2"		""	"L15916"	
"461.5199"	"0.0005"	"461.52154"	"0.00013"	"76000bl"	""		"19026.326"	"40693.787"	"3d4.(3F2).4s"	"a 2F"	"5/2"	"3d3.(2P).4s.4p.(3P*)"	"w 2P*"	"3/2"		""	"L4235"	
"461.8151"	"0.0003"	"461.81499"	"0.00006"	"30000"	""		"15688.862"	"37342.555"	"3d4.(3F2).4s"	"b 4F"	"5/2"	"3d3.(2D2).4s.4p.(3P*)"	"w 2F*"	"5/2"		""	"L15916"	
"461.9111"	"0.0005"	"461.91143"	"0.00013"	"12000"	""		"22496.546"	"44145.718"	"3d4.(1I).4s"	"2I"	"11/2"	"3d4.(1G2).4p"	"t 2H*"	"9/2"		""	"L15916"	
"462.0089"	"0.0004"	"462.00923"	"0.00006"	"47000"	"1.88e+05"	B	"8476.234"	"30120.823"	"3d4.(5D).4s"	"a 4D"	"3/2"	"3d3.(4P).4s.4p.(3P*)"	"y 4P*"	"5/2"		"T9399"	"L15916"	
"462.10709"	"0.00012"	"462.10710"	"0.00004"	"1600000"	"6.4e+05"	B+	"323.432"	"21963.437"	"3d3.4s2"	"a 4F"	"7/2"	"3d3.(4F).4s.4p.(3P*)"	"z 4G*"	"7/2"		"T9399"	"L15916"	
"462.1551"	"0.0006"	"462.15456"	"0.00015"	"8300*"	""		"23519.872"	"45157.655"	"3d3.(4F).4s.4p.(3P*)"	"z 4F*"	"9/2"	"3d3.4s.(5F).4d"	"g 6D"	"9/2"		""	"L15916"	
"462.1551"	"0.0006"	"462.15586"	"0.00006"	"8300*"	""		"15724.229"	"37361.951"	"3d4.(3F2).4s"	"b 4F"	"7/2"	"3d4.(3H).4p"	"v 2G*"	"9/2"		""	"L15916"	
"462.2539"	"0.0002"	"462.25398"	"0.00004"	"37000"	""		"15264.832"	"36897.961"	"3d3.4s2"	"a 2H"	"11/2"	"3d3.(2H).4s.4p.(3P*)"	"w 4G*"	"9/2"		""	"L15916"	
"462.3507"	"0.0004"	"462.35054"	"0.00009"	"8200"	""		"14909.958"	"36538.569"	"3d4.(3H).4s"	"a 4H"	"7/2"	"3d4.(3F2).4p"	"2G*"	"9/2"		""	"L15916"	
"462.5699"	"0.0002"	"462.56997"	"0.00005"	"340000*"	"3.74e+06"	B+	"8476.234"	"30094.585"	"3d4.(5D).4s"	"a 4D"	"3/2"	"3d3.(4P).4s.4p.(3P*)"	"y 4P*"	"3/2"		"T9399"	"L15916"	
"462.5699"	"0.0002"	"462.57051"	"0.00006"	"340000*"	""		"15724.229"	"37342.555"	"3d4.(3F2).4s"	"b 4F"	"7/2"	"3d3.(2D2).4s.4p.(3P*)"	"w 2F*"	"5/2"		""	"L15916"	
"462.5941"	"0.0003"	"462.59407"	"0.00009"	"31000"	""		"15078.387"	"36695.612"	"3d4.(3P2).4s"	"b 4P"	"1/2"	"3d3.(2D2).4s.4p.(3P*)"	"x 4P*"	"1/2"		""	"L15916"	
"462.77830"	"0.00015"	"462.77832"	"0.00009"	"270000"	"6.4e+06"	B+	"8413.009"	"30021.627"	"3d4.(5D).4s"	"a 4D"	"1/2"	"3d3.(4P).4s.4p.(3P*)"	"y 4P*"	"1/2"		"T9399"	"L15916"	
"462.9186"	"0.0002"	"462.91856"	"0.00009"	"150000"	""		"26344.902"	"47946.974"	"3d3.(4F).4s.4p.(3P*)"	"z 2G*"	"9/2"	"47946e"	"4F"	"9/2"		""	"L15916"	
"462.9446"	"0.0003"	"462.94447"	"0.00006"	"32000"	""		"25930.544"	"47531.407"	"3d4.(5D).4p"	"y 4F*"	"3/2"	"47531e"	"4F"	"5/2"		""	"L15916"	
"463.06248"	"0.00015"	"463.06241"	"0.00006"	"190000"	""		"26122.094&dagger;"	"47717.455"	"3d4.(5D).4p"	"y 4F*"	"7/2"	"47717e"	"4F"	"7/2"		""	"L15916"	
"463.1333"	"0.0005"	"463.13503"	"0.00004"	"73000"	""		"9637.039"	"31229.014"	"3d3.4s2"	"a 4P"	"3/2"	"3d3.(2G).4s.4p.(3P*)"	"x 4F*"	"5/2"		""	"L4235"	
"463.1943"	"0.0004"	"463.19435"	"0.00009"	"7100"	""		"14949.359"	"36538.569"	"3d4.(3H).4s"	"a 4H"	"9/2"	"3d4.(3F2).4p"	"2G*"	"9/2"		""	"L15916"	
"463.64719"	"0.00015"	"463.64719"	"0.00004"	"690000"	"3.73e+05"	B+	"552.955"	"22121.079"	"3d3.4s2"	"a 4F"	"9/2"	"3d3.(4F).4s.4p.(3P*)"	"z 4G*"	"9/2"		"T9399"	"L15916"	
"464.13623"	"0.00015"	"464.13635"	"0.00006"	"340000"	"6.4e+06"	B+	"8476.234"	"30021.627"	"3d4.(5D).4s"	"a 4D"	"3/2"	"3d3.(4P).4s.4p.(3P*)"	"y 4P*"	"1/2"		"T9399"	"L15916"	
"464.1611"	"0.0004"	"464.16108"	"0.00011"	"16000"	""		"15270.582"	"36814.827"	"3d4.(3P2).4s"	"b 4P"	"3/2"	"3d3.(2D2).4s.4p.(3P*)"	"x 4P*"	"3/2"		""	"L15916"	
"464.20340"	"0.00018"	"464.20340"	"0.00006"	"340000"	"1.66e+06"	B+	"8578.542"	"30120.823"	"3d4.(5D).4s"	"a 4D"	"5/2"	"3d3.(4P).4s.4p.(3P*)"	"y 4P*"	"5/2"		"T9399"	"L15916"	
"464.52918"	"0.00018"	"464.52918"	"0.00006"	"150000"	""		"26004.234"	"47531.407"	"3d4.(5D).4p"	"y 4F*"	"5/2"	"47531e"	"4F"	"5/2"		""	"L15916"	
"464.5351"	"0.0003"	"464.53516"	"0.00005"	"30000"	""		"19026.326"	"40553.222&dagger;"	"3d4.(3F2).4s"	"a 2F"	"5/2"	"3d3.(2D2).4s.4p.(3P*)"	"2D*"	"5/2"		""	"L15916"	
"464.7274"	"0.0002"	"464.72744"	"0.00003"	"79000"	"2.18e+04"	C+	"323.432"	"21841.421"	"3d3.4s2"	"a 4F"	"7/2"	"3d3.(4F).4s.4p.(3P*)"	"z 4G*"	"5/2"		"T9399"	"L15916"	
"464.76945"	"0.00015"	"464.76947"	"0.00005"	"690000"	"7.5e+06"	B+	"8578.542"	"30094.585"	"3d4.(5D).4s"	"a 4D"	"5/2"	"3d3.(4P).4s.4p.(3P*)"	"y 4P*"	"3/2"		"T9399"	"L15916"	
"464.9170"	"0.0005"	"464.91639"	"0.00011"	"5600"	""		"19078.112"	"40587.356"	"3d4.(3F2).4s"	"a 2F"	"7/2"	"3d4.(3G).4p"	"2F*"	"7/2"		""	"L4235"	
"465.0189"	"0.0002"	"465.01886"	"0.00013"	"110000"	""		"19189.283"	"40693.787"	"3d4.(3P2).4s"	"b 2P"	"3/2"	"3d3.(2P).4s.4p.(3P*)"	"w 2P*"	"3/2"		""	"L15916"	
"465.4235"	"0.0003"	"465.42305"	"0.00004"	"17000"	""		"15688.862"	"37174.691"	"3d4.(3F2).4s"	"b 4F"	"5/2"	"3d4.(3H).4p"	"v 2G*"	"7/2"		""	"L15916"	
"465.5954"	"0.0005"	"465.59530"	"0.00003"	"22000"	""		"20767.609"	"42245.489&dagger;"	"3d4.(3D).4s"	"b 4D"	"7/2"	"3d3.(4P).4s.4p.(1P*)"	"r 4D*"	"7/2"		""	"L15916"	
"465.6554"	"0.0003"	"465.65536"	"0.00005"	"21000"	""		"19078.112"	"40553.222&dagger;"	"3d4.(3F2).4s"	"a 2F"	"7/2"	"3d3.(2D2).4s.4p.(3P*)"	"2D*"	"5/2"		""	"L15916"	
"465.785"	"0.004"	"465.78762"	"0.00005"	"50000h"	""		"20767.609"	"42236.621&dagger;"	"3d4.(3D).4s"	"b 4D"	"7/2"	"3d4.(5D).5p"	"6F*"	"7/2"		""	"L14162"	
"465.8266"	"0.0004"	"465.8264"	"0.0003"	"12000bl(V II)"	""		"23088.074"	"44555.300"	"3d3.(4F).4s.4p.(3P*)"	"z 4F*"	"3/2"	"3d3.(4F).4s.(3F).5s"	"4F"	"3/2"		""	"L15916"	
"465.8381"	"0.0002"	"465.83805"	"0.00011"	"280000"	""		"26480.286&dagger;"	"47946.974"	"3d4.(5D).4p"	"y 4D*"	"7/2"	"47946e"	"4F"	"9/2"		""	"L15916"	
"465.9076"	"0.0002"	"465.90763"	"0.00011"	"130000"	""		"25930.544"	"47394.026"	"3d4.(5D).4p"	"y 4F*"	"3/2"	"47394e"	"4F"	"3/2"		""	"L15916"	
"466.3716"	"0.0003"	"466.37175"	"0.00013"	"14000"	""		"23210.560"	"44652.682"	"3d3.(4F).4s.4p.(3P*)"	"z 4F*"	"5/2"	"3d3.(4F).4s.(3F).5s"	"4F"	"5/2"		""	"L15916"	
"466.7438"	"0.0002"	"466.74380"	"0.00007"	"130000"	""		"15270.582"	"36695.612"	"3d4.(3P2).4s"	"b 4P"	"3/2"	"3d3.(2D2).4s.4p.(3P*)"	"x 4P*"	"1/2"		""	"L15916"	
"467.06093"	"0.00018"	"467.06095"	"0.00005"	"54000"	"1.23e+04"	B+	"552.955"	"21963.437"	"3d3.4s2"	"a 4F"	"9/2"	"3d3.(4F).4s.4p.(3P*)"	"z 4G*"	"7/2"		"T9399"	"L15916"	
"467.0865"	"0.0003"	"467.08645"	"0.00009"	"34000"	""		"26122.094&dagger;"	"47531.407"	"3d4.(5D).4p"	"y 4F*"	"7/2"	"47531e"	"4F"	"5/2"		""	"L15916"	
"467.1564"	"0.0003"	"467.1565"	"0.0003"	"9600bl(V II)"	""		"23353.135"	"44759.239"	"3d3.(4F).4s.4p.(3P*)"	"z 4F*"	"7/2"	"3d3.(4F).4s.(3F).5s"	"4F"	"7/2"		""	"L15916"	
"467.17894"	"0.00015"	"467.17891"	"0.00005"	"850000"	"7.6e+06"	B+	"8715.747"	"30120.823"	"3d4.(5D).4s"	"a 4D"	"7/2"	"3d3.(4P).4s.4p.(3P*)"	"y 4P*"	"5/2"		"T9399"	"L15916"	
"467.497"	"0.002"	"467.49548"	"0.00009"	"44000bl"	"5.3e+05"	C+	"19145.148"	"40535.729"	"3d4.(3H).4s"	"b 2H"	"11/2"	"3d4.(3G).4p"	"w 4H*"	"13/2"		"T9399"	"L4235"	
"467.5127"	"0.0002"	"467.51273"	"0.00011"	"27000"	""		"26004.234"	"47394.026"	"3d4.(5D).4p"	"y 4F*"	"5/2"	"47394e"	"4F"	"3/2"		""	"L15916"	
"467.8902"	"0.0003"	"467.88982"	"0.00007"	"13000"	""		"26344.902"	"47717.455"	"3d3.(4F).4s.4p.(3P*)"	"z 2G*"	"9/2"	"47717e"	"4F"	"7/2"		""	"L15916"	
"468.0592"	"0.0002"	"468.05915"	"0.00007"	"200000"	""		"26352.634"	"47717.455"	"3d4.(5D).4p"	"y 4D*"	"5/2"	"47717e"	"4F"	"7/2"		""	"L15916"	
"468.0786"	"0.0003"	"468.07848"	"0.00007"	"11000"	""		"19189.283"	"40553.222&dagger;"	"3d4.(3P2).4s"	"b 2P"	"3/2"	"3d3.(2D2).4s.4p.(3P*)"	"2D*"	"5/2"		""	"L15916"	
"468.1077"	"0.0003"	"468.10749"	"0.00015"	"99000bl(V II)"	""		"19026.326"	"40388.941"	"3d4.(3F2).4s"	"a 2F"	"5/2"	"3d3.(2D2).4s.4p.(3P*)"	"2D*"	"3/2"		""	"L15916"	
"468.21967"	"0.00018"	"468.21964"	"0.00009"	"49000"	""		"15103.784"	"36461.282"	"3d3.4s2"	"a 2H"	"9/2"	"3d4.(3F2).4p"	"2G*"	"7/2"		""	"L15916"	
"468.3935"	"0.0006"	"468.39346"	"0.00009"	"7400"	""		"23519.872"	"44869.444"	"3d3.(4F).4s.4p.(3P*)"	"z 4F*"	"9/2"	"3d3.(4F).4s.(3F).5s"	"4F"	"9/2"		""	"L15916"	
"468.4068"	"0.0005"	"468.40711"	"0.00005"	"21000"	"6.0e+06"	C+	"20789.112"	"42138.062"	"3d4.(3D).4s"	"b 4D"	"5/2"	"3d3.(4P).4s.4p.(1P*)"	"r 4D*"	"5/2"		"T9399"	"L15916"	
"468.4993"	"0.0005"	"468.4995"	"0.0003"	"6900"	""		"23210.560"	"44555.300"	"3d3.(4F).4s.4p.(3P*)"	"z 4F*"	"5/2"	"3d3.(4F).4s.(3F).5s"	"4F"	"3/2"		""	"L15916"	
"468.57583"	"0.00018"	"468.57583"	"0.00004"	"100000"	""		"15270.582"	"36611.845"	"3d4.(3P2).4s"	"b 4P"	"3/2"	"3d3.(2D2).4s.4p.(3P*)"	"x 4P*"	"5/2"		""	"L15916"	
"468.82285"	"0.00015"	"468.82292"	"0.00007"	"150000"	""		"15078.387"	"36408.402"	"3d4.(3P2).4s"	"b 4P"	"1/2"	"3d3.(4P).4s.4p.(3P*)"	"y 4S*"	"3/2"		""	"L15916"	
"468.9340"	"0.0005"	"468.934189"	"0.000020"	"6900"	""		"20813.108"	"42138.062"	"3d4.(3D).4s"	"b 4D"	"3/2"	"3d3.(4P).4s.4p.(1P*)"	"r 4D*"	"5/2"		""	"L15916"	
"469.1573"	"0.0002"	"469.15723"	"0.00011"	"22000"	""		"19189.283"	"40504.099"	"3d4.(3P2).4s"	"b 2P"	"3/2"	"3d3.(2P).4s.4p.(3P*)"	"w 2P*"	"1/2"		""	"L15916"	
"469.8823"	"0.0002"	"469.88217"	"0.00009"	"130000"	""		"26249.476"	"47531.407"	"3d4.(5D).4p"	"y 4D*"	"3/2"	"47531e"	"4F"	"5/2"		""	"L15916"	
"470.0633"	"0.0002"	"470.06316"	"0.00007"	"87000"	"1.63e+06"	B	"15264.832"	"36538.569"	"3d3.4s2"	"a 2H"	"11/2"	"3d4.(3F2).4p"	"2G*"	"9/2"		"T9399"	"L15916"	
"470.6397"	"0.0003"	"470.63966"	"0.00020"	"150000"	""		"19078.112"	"40325.790"	"3d4.(3F2).4s"	"a 2F"	"7/2"	"3d4.(3G).4p"	"2F*"	"5/2"		""	"L15916"	
"470.6895"	"0.0003"	"470.68951"	"0.00016"	"34000"	""		"28368.753"	"49614.181"	"3d3.(4P).4s.4p.(3P*)"	"x 6D*"	"3/2"	"49614e"	"6D"	"5/2"		""	"L15916"	
"470.7385"	"0.0003"	"470.73852"	"0.00020"	"36000"	""		"28462.177"	"49705.393"	"3d3.(4P).4s.4p.(3P*)"	"x 6D*"	"5/2"	"49705e"	"6D"	"7/2"		""	"L15916"	
"470.74794"	"0.00015"	"470.74791"	"0.00005"	"230000"	"2.0e+07"	D+	"15572.035"	"36814.827"	"3d4.(3P2).4s"	"b 4P"	"5/2"	"3d3.(2D2).4s.4p.(3P*)"	"x 4P*"	"3/2"		"T284n"	"L15916"	
"470.78814"	"0.00018"	"470.78818"	"0.00009"	"320000"	"1.56e+07"	B+	"17242.070"	"38483.045"	"3d4.(3G).4s"	"a 4G"	"11/2"	"3d4.(3H).4p"	"x 4H*"	"13/2"		"T9399"	"L15916"	
"470.8045"	"0.0003"	"470.80430"	"0.00009"	"4200"	""		"24838.578"	"46078.826"	"3d4.(5D).4p"	"z 6P*"	"7/2"	"3d4.(5D).6s"	"6D"	"9/2"		""	"L15916"	
"470.87536"	"0.00015"	"470.87561"	"0.00005"	"190000"	"3.7e+06"	B+	"15688.862"	"36925.893&dagger;"	"3d4.(3F2).4s"	"b 4F"	"5/2"	"3d4.(3F2).4p"	"x 2F*"	"7/2"		"T9399"	"L15916"	
"470.9512"	"0.0002"	"470.95121"	"0.00013"	"25000"	""		"28313.626"	"49547.248"	"3d3.(4P).4s.4p.(3P*)"	"x 6D*"	"1/2"	"49547e"	"6D"	"3/2"		""	"L15916"	
"471.10157"	"0.00015"	"471.10164"	"0.00007"	"100000"	""		"23519.872"	"44746.714"	"3d3.(4F).4s.4p.(3P*)"	"z 4F*"	"9/2"	"3d3.4s.(5F).4d"	"4G"	"11/2"		""	"L15916"	
"471.18695"	"0.00015"	"471.18705"	"0.00011"	"320000bl(V II)"	"1.62e+07"	B+	"17182.073"	"38405.067"	"3d4.(3G).4s"	"a 4G"	"9/2"	"3d4.(3H).4p"	"x 4H*"	"11/2"		"T9399"	"L15916"	
"471.4449"	"0.0002"	"471.44485"	"0.00009"	"84000"	""		"26182.637"	"47394.026"	"3d4.(5D).4p"	"y 4D*"	"1/2"	"47394e"	"4F"	"3/2"		""	"L15916"	
"471.4747"	"0.0003"	"471.47463"	"0.00007"	"48000*"	""		"23088.074"	"44298.123"	"3d3.(4F).4s.4p.(3P*)"	"z 4F*"	"3/2"	"3d3.4s.(5F).4d"	"4G"	"5/2"		""	"L15916"	
"471.4747"	"0.0003"	"471.4746"	"0.0003"	"48000*"	""		"23088.074"	"44298.123"	"3d3.(4F).4s.4p.(3P*)"	"z 4F*"	"3/2"	"3d3.4s.(5F).4d"	"4F"	"3/2"		""	"L15916"	
"471.5087"	"0.0004"	"471.50900"	"0.00004"	"17000"	""		"2311.369"	"23519.872"	"3d4.(5D).4s"	"a 6D"	"7/2"	"3d3.(4F).4s.4p.(3P*)"	"z 4F*"	"9/2"		""	"L15916"	
"471.54293"	"0.00015"	"471.54293"	"0.00005"	"260000"	"1.62e+07"	B+	"17116.947"	"38323.924"	"3d4.(3G).4s"	"a 4G"	"7/2"	"3d4.(3H).4p"	"x 4H*"	"9/2"		"T9399"	"L15916"	
"471.6611"	"0.0002"	"471.66109"	"0.00007"	"60000"	"9.9e+05"	C+	"15724.229"	"36925.893&dagger;"	"3d4.(3F2).4s"	"b 4F"	"7/2"	"3d4.(3F2).4p"	"x 2F*"	"7/2"		"T9399"	"L15916"	
"471.67408"	"0.00018"	"471.67411"	"0.00007"	"86000"	""		"23353.135"	"44554.214"	"3d3.(4F).4s.4p.(3P*)"	"z 4F*"	"7/2"	"3d3.4s.(5F).4d"	"4G"	"9/2"		""	"L15916"	
"471.7061"	"0.0003"	"471.70572"	"0.00016"	"7300"	""		"19189.283"	"40388.941"	"3d4.(3P2).4s"	"b 2P"	"3/2"	"3d3.(2D2).4s.4p.(3P*)"	"2D*"	"3/2"		""	"L15916"	
"471.72105"	"0.00018"	"471.72099"	"0.00003"	"150000"	""		"15664.801"	"36863.773"	"3d4.(3F2).4s"	"b 4F"	"3/2"	"3d3.(2H).4s.4p.(3P*)"	"w 4G*"	"5/2"		""	"L15916"	
"471.74912"	"0.00018"	"471.74912"	"0.00009"	"66000"	""		"23210.560"	"44408.268"	"3d3.(4F).4s.4p.(3P*)"	"z 4F*"	"5/2"	"3d3.4s.(5F).4d"	"4G"	"7/2"		""	"L15916"	
"471.7955"	"0.0004"	"471.79554"	"0.00020"	"51000"	""		"9637.039"	"30832.661"	"3d3.4s2"	"a 4P"	"3/2"	"3d3.(4P).4s.4p.(3P*)"	"z 6S*"	"5/2"		""	"L15916"	
"471.9006"	"0.0002"	"471.90056"	"0.00005"	"220000"	"1.64e+07"	B+	"17054.924"	"38245.829"	"3d4.(3G).4s"	"a 4G"	"5/2"	"3d4.(3H).4p"	"x 4H*"	"7/2"		"T9399"	"L15916"	
"472.0064"	"0.0004"	"472.00641"	"0.00004"	"11000"	""		"20813.108"	"41999.261"	"3d4.(3D).4s"	"b 4D"	"3/2"	"3d3.(4P).4s.4p.(1P*)"	"r 4D*"	"3/2"		""	"L15916"	
"472.022"	"0.002"	"472.02078"	"0.00011"	"58000"	""		"16572.638"	"37758.146"	"3d3.(4F).4s.4p.(3P*)"	"z 6G*"	"7/2"	"3d3.4s.(5F).5s"	"e 6F"	"9/2"		""	"L14162"	
"472.1709"	"0.0003"	"472.17089"	"0.00009"	"44000"	""		"26352.634"	"47531.407"	"3d4.(5D).4p"	"y 4D*"	"5/2"	"47531e"	"4F"	"5/2"		""	"L15916"	
"472.25697"	"0.00018"	"472.25700"	"0.00003"	"75000"	""		"15688.862"	"36863.773"	"3d4.(3F2).4s"	"b 4F"	"5/2"	"3d3.(2H).4s.4p.(3P*)"	"w 4G*"	"5/2"		""	"L15916"	
"472.28329"	"0.00015"	"472.28330"	"0.00004"	"170000"	""		"15724.229"	"36897.961"	"3d4.(3F2).4s"	"b 4F"	"7/2"	"3d3.(2H).4s.4p.(3P*)"	"w 4G*"	"9/2"		""	"L15916"	
"472.41891"	"0.00015"	"472.41891"	"0.00011"	"170000"	""		"15770.789"	"36938.443"	"3d4.(3F2).4s"	"b 4F"	"9/2"	"3d3.(2H).4s.4p.(3P*)"	"w 4G*"	"11/2"		""	"L15916"	
"472.4743"	"0.0006"	"472.47409"	"0.00018"	"17000"	""		"16449.875"	"37615.057"	"3d3.(4F).4s.4p.(3P*)"	"z 6G*"	"5/2"	"3d3.4s.(5F).5s"	"e 6F"	"7/2"		""	"L15916"	
"472.7683"	"0.0005"	"472.76844"	"0.00011"	"15000"	""		"28462.177"	"49614.181"	"3d3.(4P).4s.4p.(3P*)"	"x 6D*"	"5/2"	"49614e"	"6D"	"5/2"		""	"L15916"	
"472.9354"	"0.0003"	"472.93511"	"0.00009"	"34000"	""		"26249.476"	"47394.026"	"3d4.(5D).4p"	"y 4D*"	"3/2"	"47394e"	"4F"	"3/2"		""	"L15916"	
"472.9957"	"0.0003"	"472.99548"	"0.00005"	"19000"	""		"17182.073"	"38323.924"	"3d4.(3G).4s"	"a 4G"	"9/2"	"3d4.(3H).4p"	"x 4H*"	"9/2"		""	"L15916"	
"473.08581"	"0.00018"	"473.08568"	"0.00009"	"170000"	""		"15270.582"	"36408.402"	"3d4.(3P2).4s"	"b 4P"	"3/2"	"3d3.(4P).4s.4p.(3P*)"	"y 4S*"	"3/2"		""	"L15916"	
"473.1153"	"0.0004"	"473.11507"	"0.00018"	"24000"	""		"19189.283"	"40325.790"	"3d4.(3P2).4s"	"b 2P"	"3/2"	"3d4.(3G).4p"	"2F*"	"5/2"		""	"L15916"	
"473.17084"	"0.00015"	"473.17084"	"0.00007"	"110000"	""		"15688.862"	"36822.878"	"3d4.(3F2).4s"	"b 4F"	"5/2"	"3d3.(2H).4s.4p.(3P*)"	"w 4G*"	"7/2"		""	"L15916"	
"473.1936"	"0.0005"	"473.19405"	"0.00005"	"9300"	""		"2220.156"	"23353.135"	"3d4.(5D).4s"	"a 6D"	"5/2"	"3d3.(4F).4s.4p.(3P*)"	"z 4F*"	"7/2"		""	"L15916"	
"473.2576"	"0.0005"	"473.25790"	"0.00009"	"20000"	"5.2e+06"	B	"18805.048"	"39935.176"	"3d4.(3P2).4s"	"b 2P"	"1/2"	"3d4.(3F2).4p"	"s 4D*"	"3/2"		"T9399"	"L4235"	
"473.2867"	"0.0005"	"473.28581"	"0.00005"	"15000"	""		"17116.947"	"38245.829"	"3d4.(3G).4s"	"a 4G"	"7/2"	"3d4.(3H).4p"	"x 4H*"	"7/2"		""	"L4235"	
"473.3242"	"0.0002"	"473.32412"	"0.00003"	"88000"	""		"15770.789"	"36897.961"	"3d4.(3F2).4s"	"b 4F"	"9/2"	"3d3.(2H).4s.4p.(3P*)"	"w 4G*"	"9/2"		""	"L15916"	
"473.7146"	"0.0003"	"473.71462"	"0.00011"	"41000"	""		"28595.637"	"49705.393"	"3d3.(4P).4s.4p.(3P*)"	"x 6D*"	"7/2"	"49705e"	"6D"	"7/2"		""	"L15916"	
"473.9059"	"0.0003"	"473.90580"	"0.00013"	"33000"	"7.6e+05"	C+	"15664.801"	"36766.041"	"3d4.(3F2).4s"	"b 4F"	"3/2"	"3d4.(3F2).4p"	"x 2F*"	"5/2"		"T9399"	"L15916"	
"473.9529"	"0.0006"	"473.95324"	"0.00005"	"5100*"	""		"25131.002"	"46230.130"	"3d4.(5D).4p"	"z 4P*"	"5/2"	"3d4.(5D).6s"	"4D"	"7/2"		""	"L15916"	
"473.9529"	"0.0006"	"473.95339"	"0.00016"	"5100*"	""		"24648.114"	"45747.235"	"3d4.(5D).4p"	"z 6P*"	"3/2"	"3d4.(5D).6s"	"6D"	"1/2"		""	"L15916"	
"473.9639"	"0.0003"	"473.96400"	"0.00004"	"38000"	""		"15724.229"	"36822.878"	"3d4.(3F2).4s"	"b 4F"	"7/2"	"3d3.(2H).4s.4p.(3P*)"	"w 4G*"	"7/2"		""	"L15916"	
"474.044"	"0.002"	"474.04457"	"0.00005"	"93000"	""		"2424.809"	"23519.872"	"3d4.(5D).4s"	"a 6D"	"9/2"	"3d3.(4F).4s.4p.(3P*)"	"z 4F*"	"9/2"		""	"L14162"	
"474.09008"	""	"474.09008"	"0.00007"	":"	"1.9e+06"	C+	"20767.609"	"41860.647"	"3d4.(3D).4s"	"b 4D"	"7/2"	"3d4.(3G).4p"	"t 4G*"	"9/2"		"T9399"	"L18972"	
"474.094"	"0.002"	"474.09336"	"0.00009"	"54000"	""		"19026.326"	"40119.218&dagger;"	"3d4.(3F2).4s"	"a 2F"	"5/2"	"3d4.(3P2).4p"	"v 2D*"	"5/2"		""	"L14162"	
"474.2692"	"0.0004"	"474.26921"	"0.00018"	"29000"	""		"28462.177"	"49547.248"	"3d3.(4P).4s.4p.(3P*)"	"x 6D*"	"5/2"	"49547e"	"6D"	"3/2"		""	"L15916"	
"474.39471"	"0.00015"	"474.39473"	"0.00009"	"100000"	""		"18805.048"	"39884.540"	"3d4.(3P2).4s"	"b 2P"	"1/2"	"3d4.(3P2).4p"	"v 2D*"	"3/2"		""	"L15916"	
"474.4472"	"0.0004"	"474.44679"	"0.00011"	"4600"	""		"15688.862"	"36766.041"	"3d4.(3F2).4s"	"b 4F"	"5/2"	"3d4.(3F2).4p"	"x 2F*"	"5/2"		""	"L15916"	
"474.7950"	"0.0002"	"474.79496"	"0.00011"	"100000"	"1.6e+07"	D+	"16361.489"	"37423.212"	"3d3.(4F).4s.4p.(3P*)"	"z 6G*"	"3/2"	"3d3.4s.(5F).5s"	"e 6F"	"3/2"		"T284n"	"L15916"	
"474.8427"	"0.0003"	"474.84292"	"0.00003"	"23000"	""		"20789.112"	"41848.708"	"3d4.(3D).4s"	"b 4D"	"5/2"	"3d3.(4P).4s.4p.(1P*)"	"v 4P*"	"3/2"		""	"L15916"	
"474.9836"	"0.0002"	"474.98345"	"0.00014"	"170000"	"1.41e+07"	B+	"16449.875"	"37503.240"	"3d3.(4F).4s.4p.(3P*)"	"z 6G*"	"5/2"	"3d3.4s.(5F).5s"	"e 6F"	"5/2"		"T9399"	"L15916"	
"475.0122"	"0.0005"	"475.01224"	"0.00007"	"10000"	""		"15770.789"	"36822.878"	"3d4.(3F2).4s"	"b 4F"	"9/2"	"3d3.(2H).4s.4p.(3P*)"	"w 4G*"	"7/2"		""	"L15916"	
"475.0438"	"0.0002"	"475.04386"	"0.00014"	"85000"	""		"28768.142"	"49818.830"	"3d3.(4P).4s.4p.(3P*)"	"x 6D*"	"9/2"	"49818e"	"6D"	"9/2"		""	"L15916"	
"475.2306"	"0.0002"	"475.23053"	"0.00011"	"190000"	"1.04e+07"	C+	"16572.638"	"37615.057"	"3d3.(4F).4s.4p.(3P*)"	"z 6G*"	"7/2"	"3d3.4s.(5F).5s"	"e 6F"	"7/2"		"T9399"	"L15916"	
"475.2452"	"0.0003"	"475.24528"	"0.00004"	"9200"	""		"2311.369"	"23353.135"	"3d4.(5D).4s"	"a 6D"	"7/2"	"3d3.(4F).4s.4p.(3P*)"	"z 4F*"	"7/2"		""	"L15916"	
"475.2602"	"0.0003"	"475.26019"	"0.00009"	"64000"	"5.1e+06"	B	"19078.112"	"40119.218&dagger;"	"3d4.(3F2).4s"	"a 2F"	"7/2"	"3d4.(3P2).4p"	"v 2D*"	"5/2"		"T9399"	"L15916"	
"475.28949"	"0.00015"	"475.28946"	"0.00011"	"150000"	"9.e+06"	D+	"15572.035"	"36611.845"	"3d4.(3P2).4s"	"b 4P"	"5/2"	"3d3.(2D2).4s.4p.(3P*)"	"x 4P*"	"5/2"		"T284n"	"L15916"	
"475.3171"	"0.0003"	"475.31702"	"0.00009"	"17000"	"4.3e+05"	C+	"17182.073"	"38220.663"	"3d4.(3G).4s"	"a 4G"	"9/2"	"3d4.(3H).4p"	"x 2H*"	"11/2"		"T9399"	"L15916"	
"475.5260"	"0.0002"	"475.52603"	"0.00014"	"160000"	"9.3e+06"	B+	"16728.803"	"37758.146"	"3d3.(4F).4s.4p.(3P*)"	"z 6G*"	"9/2"	"3d3.4s.(5F).5s"	"e 6F"	"9/2"		"T9399"	"L15916"	
"475.7705"	"0.0004"	"475.77035"	"0.00020"	"28000"	""		"28595.637"	"49614.181"	"3d3.(4P).4s.4p.(3P*)"	"x 6D*"	"7/2"	"49614e"	"6D"	"5/2"		""	"L15916"	
"475.8676"	"0.0002"	"475.86757"	"0.00009"	"110000"	"5.1e+06"	B+	"16917.210"	"37931.460"	"3d3.(4F).4s.4p.(3P*)"	"z 6G*"	"11/2"	"3d3.4s.(5F).5s"	"e 6F"	"11/2"		"T9399"	"L15916"	
"475.88040"	"0.00015"	"475.88041"	"0.00011"	"270000"	"6.2e+07"	D+	"16361.489"	"37375.172"	"3d3.(4F).4s.4p.(3P*)"	"z 6G*"	"3/2"	"3d3.4s.(5F).5s"	"e 6F"	"1/2"		"T284n"	"L15916"	
"476.0081"	"0.0002"	"476.00835"	"0.00018"	"120000"	""		"9824.626"	"30832.661"	"3d3.4s2"	"a 4P"	"5/2"	"3d3.(4P).4s.4p.(3P*)"	"z 6S*"	"5/2"		""	"L15916"	
"476.0355"	"0.0003"	"476.03524"	"0.00007"	"14000"	"3.9e+05"	C+	"17116.947"	"38123.795"	"3d4.(3G).4s"	"a 4G"	"7/2"	"3d4.(3H).4p"	"x 2H*"	"9/2"		"T9399"	"L15916"	
"476.068"	"0.002"	"476.06751"	"0.00007"	"45000"	""		"24643.528"	"45648.952"	"3d4.(3D).4s"	"2D"	"3/2"	"3d3.(2F).4s.4p.(3P*)"	"p 4F*"	"3/2"		""	"L14162"	
"476.4081"	"0.0004"	"476.40817"	"0.00004"	"4500"	""		"2220.156"	"23210.560"	"3d4.(5D).4s"	"a 6D"	"5/2"	"3d3.(4F).4s.4p.(3P*)"	"z 4F*"	"5/2"		""	"L15916"	
"476.5345"	"0.0004"	"476.53472"	"0.00009"	"11000"	""		"23210.560"	"44195.390"	"3d3.(4F).4s.4p.(3P*)"	"z 4F*"	"5/2"	"3d3.4s.(5F).4d"	"4F"	"5/2"		""	"L15916"	
"476.6560"	"0.0011"	"476.65665"	"0.00007"	"15000"	""		"23519.872"	"44499.334"	"3d3.(4F).4s.4p.(3P*)"	"z 4F*"	"9/2"	"3d3.4s.(5F).4d"	"4F"	"9/2"		""	"L15916"	
"476.683"	"0.002"	"476.68575"	"0.00011"	"45000"	""		"24859.901"	"45838.082"	"3d3.4s2"	"2F"	"5/2"	"3d3.4s.(5F).5p"	"o 4D*"	"5/2"		""	"L14162"	
"476.6995"	"0.0003"	"476.69950"	"0.00011"	"23000"	"4.3e+06"	C+	"21101.589"	"42079.165"	"3d4.(3G).4s"	"2G"	"7/2"	"3d4.(1I).4p"	"u 2H*"	"9/2"		"T9399"	"L15916"	
"476.7884"	"0.0006"	"476.78876"	"0.00007"	"16000*"	""		"23353.135"	"44326.784"	"3d3.(4F).4s.4p.(3P*)"	"z 4F*"	"7/2"	"3d3.4s.(5F).4d"	"4F"	"7/2"		""	"L15916"	
"476.7884"	"0.0006"	"476.78896"	"0.00005"	"16000*"	""		"19026.326"	"39999.966"	"3d4.(3F2).4s"	"a 2F"	"5/2"	"3d4.(3F2).4p"	"s 4D*"	"5/2"		""	"L15916"	
"476.79573"	"0.00015"	"476.79585"	"0.00014"	"230000"	"4.6e+07"	D+	"16449.875"	"37423.212"	"3d3.(4F).4s.4p.(3P*)"	"z 6G*"	"5/2"	"3d3.4s.(5F).5s"	"e 6F"	"3/2"		"T284n"	"L15916"	
"477.3916"	"0.0005"	"477.39162"	"0.00021"	"19000"	""		"26196.032"	"47143.195&dagger;"	"3d4.(1D2).4s"	"2D"	"5/2"	"3d3.(2F).4s.4p.(3P*)"	"s 2F*"	"7/2"		""	"L15916"	
"477.4403"	"0.0004"	"477.44007"	"0.00011"	"19000"	"2.3e+06"	C+	"21275.652"	"42220.689"	"3d4.(3G).4s"	"2G"	"9/2"	"3d4.(1I).4p"	"u 2H*"	"11/2"		"T9399"	"L15916"	
"477.584"	"0.002"	"477.58176"	"0.00016"	"51000"	""		"20813.108"	"41751.931"	"3d4.(3D).4s"	"b 4D"	"3/2"	"3d3.(4P).4s.4p.(1P*)"	"v 4P*"	"1/2"		""	"L14162"	
"477.6175"	"0.0004"	"477.61762"	"0.00011"	"17000"	""		"28768.142"	"49705.393"	"3d3.(4P).4s.4p.(3P*)"	"x 6D*"	"9/2"	"49705e"	"6D"	"7/2"		""	"L15916"	
"477.7386"	"0.0004"	"477.7382"	"0.0003"	"8500"	""		"24643.528"	"45575.494"	"3d4.(3D).4s"	"2D"	"3/2"	"45575o"	"2D*"	"3/2"		""	"L15916"	
"477.76933"	"0.00015"	"477.76934"	"0.00009"	"310000"	"3.87e+07"	B+	"16572.638"	"37503.240"	"3d3.(4F).4s.4p.(3P*)"	"z 6G*"	"7/2"	"3d3.4s.(5F).5s"	"e 6F"	"5/2"		"T9399"	"L15916"	
"477.7845"	"0.0002"	"477.78457"	"0.00009"	"210000"	"2.96e+07"	B+	"19189.283"	"40119.218&dagger;"	"3d4.(3P2).4s"	"b 2P"	"3/2"	"3d4.(3P2).4p"	"v 2D*"	"5/2"		"T9399"	"L15916"	
"477.974"	"0.002"	"477.97521"	"0.00005"	"510"	""		"20830.344"	"41751.931"	"3d4.(3D).4s"	"b 4D"	"1/2"	"3d3.(4P).4s.4p.(1P*)"	"v 4P*"	"1/2"		""	"L14162"	
"478.268"	"0.002"	"478.26638"	"0.00009"	"540"	"1.6e+06"	D+	"19026.326"	"39935.176"	"3d4.(3F2).4s"	"a 2F"	"5/2"	"3d4.(3F2).4p"	"s 4D*"	"3/2"		"T9399"	"L14162"	
"478.5807"	"0.0003"	"478.58064"	"0.00004"	"280000"	"7.9e+04"	B+	"137.383"	"21032.503"	"3d3.4s2"	"a 4F"	"5/2"	"3d3.(4F).4s.4p.(3P*)"	"z 4D*"	"7/2"		"T9399"	"L15916"	
"478.78376"	"0.00015"	"478.78380"	"0.00014"	"460000"	"3.4e+07"	C+	"16728.803"	"37615.057"	"3d3.(4F).4s.4p.(3P*)"	"z 6G*"	"9/2"	"3d3.4s.(5F).5s"	"e 6F"	"7/2"		"T9399"	"L15916"	
"479.4274"	"0.0003"	"479.42743"	"0.00007"	"78000"	""		"19026.326"	"39884.540"	"3d4.(3F2).4s"	"a 2F"	"5/2"	"3d4.(3P2).4p"	"v 2D*"	"3/2"		""	"L15916"	
"479.4915"	"0.0003"	"479.49166"	"0.00007"	"3500"	""		"23210.560"	"44065.980"	"3d3.(4F).4s.4p.(3P*)"	"z 4F*"	"5/2"	"3d3.(4F).4s.(3F).5s"	"e 2F"	"7/2"		""	"L15916"	
"479.6438"	"0.0002"	"479.64382"	"0.00012"	"58000"	"1.6e+07"	C	"21101.589"	"41950.393"	"3d4.(3G).4s"	"2G"	"7/2"	"3d4.(3D).4p"	"u 2F*"	"5/2"		"T9282"	"L15916"	
"479.7382"	"0.0004"	"479.73825"	"0.00007"	"8400"	""		"25111.473"	"45956.173"	"3d4.(5D).4p"	"y 6F*"	"9/2"	"3d4.(5D).6s"	"6D"	"7/2"		""	"L15916"	
"479.82485"	"0.00015"	"479.82490"	"0.00009"	"540000"	"4.46e+07"	B+	"16917.210"	"37758.146"	"3d3.(4F).4s.4p.(3P*)"	"z 6G*"	"11/2"	"3d3.4s.(5F).5s"	"e 6F"	"9/2"		"T9399"	"L15916"	
"479.9301"	"0.0002"	"479.93011"	"0.00003"	"78000"	""		"15572.035"	"36408.402"	"3d4.(3P2).4s"	"b 4P"	"5/2"	"3d3.(4P).4s.4p.(3P*)"	"y 4S*"	"3/2"		""	"L15916"	
"480.0347"	"0.0004"	"480.03471"	"0.00007"	"21000"	""		"20767.609"	"41599.436"	"3d4.(3D).4s"	"b 4D"	"7/2"	"3d4.(3G).4p"	"t 4F*"	"9/2"		""	"L15916"	
"480.0655"	"0.0005"	"480.06531"	"0.00005"	"14000"	""		"23088.074"	"43918.573"	"3d3.(4F).4s.4p.(3P*)"	"z 4F*"	"3/2"	"3d3.(4F).4s.(3F).5s"	"e 2F"	"5/2"		""	"L15916"	
"480.11182"	"0.00018"	"480.11182"	"0.00005"	"140000"	"1.30e+05"	B+	"0.000"	"20828.481"	"3d3.4s2"	"a 4F"	"3/2"	"3d3.(4F).4s.4p.(3P*)"	"z 4D*"	"5/2"		"T4902"	"L15916"	
"480.1839"	"0.0002"	"480.18357"	"0.00007"	"8900"	""		"25253.457"	"46078.826"	"3d4.(5D).4p"	"y 6F*"	"11/2"	"3d4.(5D).6s"	"6D"	"9/2"		""	"L15916"	
"480.438"	"0.002"	"480.43801"	"0.00012"	"61000"	"2.4e+05"	C+	"15724.229"	"36538.569"	"3d4.(3F2).4s"	"b 4F"	"7/2"	"3d4.(3F2).4p"	"2G*"	"9/2"		"T9399"	"L14162"	
"480.88674"	"0.00015"	"480.88663"	"0.00012"	"530000"	"4.9e+07"	B+	"17136.538"	"37931.460"	"3d3.(4F).4s.4p.(3P*)"	"z 6G*"	"13/2"	"3d3.4s.(5F).5s"	"e 6F"	"11/2"		"T9399"	"L15916"	
"480.9996"	"0.0006"	"480.9994"	"0.0004"	"11000"	""		"26206.803"	"46996.848&dagger;"	"3d4.(1D2).4s"	"2D"	"3/2"	"3d3.(2F).4s.4p.(3P*)"	"s 2F*"	"5/2"		""	"L15916"	
"482.03806"	"0.00018"	"482.03803"	"0.00012"	"51000"	"7.3e+06"	C+	"21275.652"	"42020.903"	"3d4.(3G).4s"	"2G"	"9/2"	"3d4.(3D).4p"	"u 2F*"	"7/2"		"T9399"	"L15916"	
"482.478"	"0.002"	"482.47671"	"0.00007"	"65000"	"4.4e+05"	C	"13810.910"	"34537.299"	"3d3.4s2"	"a 2P"	"1/2"	"3d3.(4F).4s.4p.(1P*)"	"v 4D*"	"3/2"		"T9399"	"L14162"	
"482.88014"	"0.00015"	"482.88018"	"0.00004"	"920000"	"1.22e+06"	B+	"323.432"	"21032.503"	"3d3.4s2"	"a 4F"	"7/2"	"3d3.(4F).4s.4p.(3P*)"	"z 4D*"	"7/2"		"T4902"	"L15916"	
"483.0154"	"0.0003"	"483.01542"	"0.00007"	"15000"	""		"20789.112"	"41492.385&dagger;"	"3d4.(3D).4s"	"b 4D"	"5/2"	"3d4.(3G).4p"	"t 4F*"	"7/2"		""	"L15916"	
"483.2033"	"0.0003"	"483.20250"	"0.00007"	"40000"	""		"19189.283"	"39884.540"	"3d4.(3P2).4s"	"b 2P"	"3/2"	"3d4.(3P2).4p"	"v 2D*"	"3/2"		""	"L15916"	
"483.29961"	"0.00015"	"483.29963"	"0.00003"	"1100000"	"1.96e+06"	B+	"137.383"	"20828.481"	"3d3.4s2"	"a 4F"	"5/2"	"3d3.(4F).4s.4p.(3P*)"	"z 4D*"	"5/2"		"T9627"	"L15916"	
"483.37744"	"0.00015"	"483.37740"	"0.00004"	"860000"	"2.27e+06"	B+	"0.000"	"20687.769"	"3d3.4s2"	"a 4F"	"3/2"	"3d3.(4F).4s.4p.(3P*)"	"z 4D*"	"3/2"		"T4902"	"L15916"	
"483.4366"	"0.0003"	"483.43659"	"0.00009"	"87000"	"3.2e+06"	C+	"13801.551"	"34486.787"	"3d3.4s2"	"a 2P"	"3/2"	"3d3.(2D2).4s.4p.(3P*)"	"4F*"	"5/2"		"T9399"	"L15916"	
"483.5153"	"0.0004"	"483.50905"	"0.00009"	"29000i"	""		"23088.074"	"43770.210"	"3d3.(4F).4s.4p.(3P*)"	"z 4F*"	"3/2"	"3d3.4s.(5F).4d"	"4D"	"5/2"		""	"L4235"	
"484.4353"	"0.0010"	"484.43503"	"0.00009"	"5600"	"1.8e+07"	D+	"21275.652"	"41918.255"	"3d4.(3G).4s"	"2G"	"9/2"	"3d4.(3G).4p"	"t 4G*"	"11/2"		"u40"	"L4235"	
"484.7961"	"0.0004"	"484.79626"	"0.00007"	"18000"	"4.8e+05"	C	"13801.551"	"34428.773"	"3d3.4s2"	"a 2P"	"3/2"	"3d3.(2D2).4s.4p.(3P*)"	"4F*"	"3/2"		"T9399"	"L15916"	
"485.01630"	"0.00018"	"485.01632"	"0.00007"	"87000bl(V II)"	"2.9e+06"	C	"13810.910"	"34428.773"	"3d3.4s2"	"a 2P"	"1/2"	"3d3.(2D2).4s.4p.(3P*)"	"4F*"	"3/2"		"T9399"	"L15916"	
"485.0270"	"0.0003"	"485.0262"	"0.0003"	"21000bl(V II)*"	""		"24630.567"	"45248.008"	"3d4.(3D).4s"	"2D"	"5/2"	"45248o"	"2P*"	"3/2"		""	"L15916"	
"485.0270"	"0.0003"	"485.02650"	"0.00012"	"21000bl(V II)*"	""		"21603.259"	"42220.689"	"3d4.(1G2).4s"	"b 2G"	"9/2"	"3d4.(1I).4p"	"u 2H*"	"11/2"		""	"L15916"	
"485.0620"	"0.0003"	"485.06170"	"0.00007"	"15000"	""		"20813.108"	"41429.042"	"3d4.(3D).4s"	"b 4D"	"3/2"	"3d4.(3G).4p"	"t 4F*"	"5/2"		""	"L15916"	
"485.28456"	"0.00015"	"485.28455"	"0.00005"	"2300000"	"1.00e+07"	B+	"0.000"	"20606.467"	"3d3.4s2"	"a 4F"	"3/2"	"3d3.(4F).4s.4p.(3P*)"	"z 4D*"	"1/2"		"T9627"	"L15916"	
"485.3318"	"0.0005"	"485.3313"	"0.0003"	"21000"	""		"24643.528"	"45248.008"	"3d4.(3D).4s"	"2D"	"3/2"	"45248o"	"2P*"	"3/2"		""	"L15916"	
"485.6723"	"0.0004"	"485.6722"	"0.0003"	"13000"	""		"24643.528"	"45233.549"	"3d4.(3D).4s"	"2D"	"3/2"	"45233o"	"2D*"	"3/2"		""	"L15916"	
"485.79074"	""	"485.79074"	"0.00003"	":"	"1.10e+06"	C+	"21275.652"	"41860.647"	"3d4.(3G).4s"	"2G"	"9/2"	"3d4.(3G).4p"	"t 4G*"	"9/2"		"T9399"	"L18972"	
"485.8414"	"0.0004"	"485.84137"	"0.00009"	"9900"	"3.6e+05"	C+	"17182.073"	"37764.923"	"3d4.(3G).4s"	"a 4G"	"9/2"	"3d4.(3F2).4p"	"v 4G*"	"11/2"		"T9399"	"L15916"	
"486.0472"	"0.0002"	"486.04728"	"0.00017"	"68000"	""		"24630.567"	"45204.697"	"3d4.(3D).4s"	"2D"	"5/2"	"45204o"	"2D*"	"5/2"		""	"L15916"	
"486.3968"	"0.0004"	"486.39788"	"0.00019"	"130000r"	""		"20830.344"	"41389.644"	"3d4.(3D).4s"	"b 4D"	"1/2"	"3d4.(3G).4p"	"t 4F*"	"3/2"		""	"L4235"	
"486.60886"	"0.00015"	"486.60886"	"0.00005"	"3500000"	"7.6e+06"	B+	"137.383"	"20687.769"	"3d3.4s2"	"a 4F"	"5/2"	"3d3.(4F).4s.4p.(3P*)"	"z 4D*"	"3/2"		"T9627"	"L15916"	
"486.61934"	"0.00018"	"486.61919"	"0.00007"	"450000bl(V II)"	"3.68e+06"	B+	"9544.635"	"30094.585"	"3d3.4s2"	"a 4P"	"1/2"	"3d3.(4P).4s.4p.(3P*)"	"y 4P*"	"3/2"		"T9399"	"L15916"	
"487.1502"	"0.0004"	"487.15043"	"0.00009"	"12000"	"4.7e+05"	C+	"17116.947"	"37644.487"	"3d4.(3G).4s"	"a 4G"	"7/2"	"3d4.(3F2).4p"	"v 4G*"	"9/2"		"T9399"	"L15916"	
"487.2616"	"0.0002"	"487.26169"	"0.00012"	"86000"	"5.0e+06"	B+	"17242.070"	"37764.923"	"3d4.(3G).4s"	"a 4G"	"11/2"	"3d4.(3F2).4p"	"v 4G*"	"11/2"		"T9399"	"L15916"	
"487.4316"	"0.0003"	"487.4322"	"0.0003"	"20000"	""		"24643.528"	"45159.200"	"3d4.(3D).4s"	"2D"	"3/2"	"45159o"	"2P*"	"1/2"		""	"L15916"	
"487.68472"	"0.00015"	"487.68476"	"0.00005"	"4400000"	"7.4e+06"	B+	"323.432"	"20828.481"	"3d3.4s2"	"a 4F"	"7/2"	"3d3.(4F).4s.4p.(3P*)"	"z 4D*"	"5/2"		"T9627"	"L15916"	
"487.858"	"0.002"	"487.85611"	"0.00003"	"510"	""		"21101.589"	"41599.436"	"3d4.(3G).4s"	"2G"	"7/2"	"3d4.(3G).4p"	"t 4F*"	"9/2"		""	"L14162"	
"488.19105"	""	"488.19105"	"0.00007"	":"	"2.38e+06"	B	"9637.039"	"30120.823"	"3d3.4s2"	"a 4P"	"3/2"	"3d3.(4P).4s.4p.(3P*)"	"y 4P*"	"5/2"		"T9399"	"L18972"	
"488.29198"	"0.00015"	"488.29203"	"0.00004"	"5300000"	"7.8e+06"	B+	"552.955"	"21032.503"	"3d3.4s2"	"a 4F"	"9/2"	"3d3.(4F).4s.4p.(3P*)"	"z 4D*"	"7/2"		"T9627"	"L15916"	
"488.3530"	"0.0002"	"488.35298"	"0.00010"	"110000"	"1.38e+06"	B	"9544.635"	"30021.627"	"3d3.4s2"	"a 4P"	"1/2"	"3d3.(4P).4s.4p.(3P*)"	"y 4P*"	"1/2"		"T9399"	"L15916"	
"488.4523"	"0.0003"	"488.45209"	"0.00017"	"16000"	""		"23210.560"	"43683.397&dagger;"	"3d3.(4F).4s.4p.(3P*)"	"z 4F*"	"5/2"	"3d3.4s.(5F).4d"	"4D"	"3/2"		""	"L15916"	
"488.7008"	"0.0002"	"488.70089"	"0.00010"	"93000"	"3.8e+06"	B	"17182.073"	"37644.487"	"3d4.(3G).4s"	"a 4G"	"9/2"	"3d4.(3F2).4p"	"v 4G*"	"9/2"		"T9399"	"L15916"	
"488.8172"	"0.0002"	"488.81718"	"0.00007"	"160000"	"1.23e+06"	B+	"9637.039"	"30094.585"	"3d3.4s2"	"a 4P"	"3/2"	"3d3.(4P).4s.4p.(3P*)"	"y 4P*"	"3/2"		"T9399"	"L15916"	
"489.1439"	"0.0003"	"489.14384"	"0.00012"	"53000*"	""		"17054.924"	"37498.808"	"3d4.(3G).4s"	"a 4G"	"5/2"	"3d4.(3F2).4p"	"v 4G*"	"5/2"		""	"L15916"	
"489.1439"	"0.0003"	"489.14394"	"0.00007"	"53000*"	""		"18805.048"	"39248.928"	"3d4.(3P2).4s"	"b 2P"	"1/2"	"3d4.(3P2).4p"	"w 4P*"	"3/2"		""	"L15916"	
"489.2587"	"0.0002"	"489.25864"	"0.00014"	"64000"	"3.00e+06"	B+	"17116.947"	"37556.034"	"3d4.(3G).4s"	"a 4G"	"7/2"	"3d4.(3F2).4p"	"v 4G*"	"7/2"		"T9399"	"L15916"	
"489.29440"	"0.00018"	"489.29434"	"0.00007"	"98000"	""		"21101.589"	"41539.185"	"3d4.(3G).4s"	"2G"	"7/2"	"3d4.(3G).4p"	"t 2G*"	"9/2"		""	"L15916"	
"489.409"	"0.004"	"489.41050"	"0.00012"	"50000h"	""		"21646.420"	"42079.165"	"3d4.(1G2).4s"	"b 2G"	"7/2"	"3d4.(1I).4p"	"u 2H*"	"9/2"		""	"L14162"	
"489.7726"	"0.0004"	"489.77247"	"0.00012"	"33000"	"4.3e+06"	C	"21603.259"	"42020.903"	"3d4.(1G2).4s"	"b 2G"	"9/2"	"3d4.(3D).4p"	"u 2F*"	"7/2"		"T9399"	"L15916"	
"489.7864"	"0.0004"	"489.78612"	"0.00012"	"15000"	""		"23353.135"	"43770.210"	"3d3.(4F).4s.4p.(3P*)"	"z 4F*"	"7/2"	"3d3.4s.(5F).4d"	"4D"	"5/2"		""	"L15916"	
"489.9226"	"0.0004"	"489.92251"	"0.00019"	"7800"	""		"29202.790"	"49614.181"	"3d3.(4P).4s.4p.(3P*)"	"y 6P*"	"3/2"	"49614e"	"6D"	"5/2"		""	"L15916"	
"489.9809"	"0.0004"	"489.98080"	"0.00012"	"20000"	""		"29296.430"	"49705.393"	"3d3.(4P).4s.4p.(3P*)"	"y 6P*"	"5/2"	"49705e"	"6D"	"7/2"		""	"L15916"	
"490.1375"	"0.0006"	"490.13801"	"0.00012"	"11000"	""		"17242.070"	"37644.487"	"3d4.(3G).4s"	"a 4G"	"11/2"	"3d4.(3F2).4p"	"v 4G*"	"9/2"		""	"L15916"	
"490.1789"	"0.0002"	"490.17899"	"0.00012"	"33000"	""		"29418.119"	"49818.830"	"3d3.(4P).4s.4p.(3P*)"	"y 6P*"	"7/2"	"49818e"	"6D"	"9/2"		""	"L15916"	
"490.19945"	"0.00015"	"490.19944"	"0.00007"	"200000"	"4.42e+07"	B+	"21101.589"	"41501.449"	"3d4.(3G).4s"	"2G"	"7/2"	"3d4.(3G).4p"	"v 2H*"	"9/2"		"T9399"	"L15916"	
"490.56670"	"0.00015"	"490.56670"	"0.00010"	"180000"	"6.7e+06"	B+	"9637.039"	"30021.627"	"3d3.4s2"	"a 4P"	"3/2"	"3d3.(4P).4s.4p.(3P*)"	"y 4P*"	"1/2"		"T9399"	"L15916"	
"490.58042"	"0.00015"	"490.58037"	"0.00012"	"220000"	"1.1e+07"	D+	"21275.652"	"41659.672"	"3d4.(3G).4s"	"2G"	"9/2"	"3d4.(3G).4p"	"v 2H*"	"11/2"		"T284n"	"L15916"	
"490.6329"	"0.0003"	"490.63233"	"0.00012"	"7800"	""		"17116.947"	"37498.808"	"3d4.(3G).4s"	"a 4G"	"7/2"	"3d4.(3F2).4p"	"v 4G*"	"5/2"		""	"L15916"	
"490.8226"	"0.0004"	"490.82257"	"0.00014"	"15000"	"7.8e+05"	C+	"17182.073"	"37556.034"	"3d4.(3G).4s"	"a 4G"	"9/2"	"3d4.(3F2).4p"	"v 4G*"	"7/2"		"T9399"	"L15916"	
"491.0065"	"0.0002"	"491.00646"	"0.00017"	"79000"	""		"13801.551"	"34167.882"	"3d3.4s2"	"a 2P"	"3/2"	"3d3.(2P).4s.4p.(3P*)"	"2D*"	"5/2"		""	"L15916"	
"491.055"	"0.002"	"491.05555"	"0.00014"	"58000"	""		"17242.070"	"37606.365"	"3d4.(3G).4s"	"a 4G"	"11/2"	"3d4.(3H).4p"	"z 2I*"	"13/2"		""	"L14162"	
"491.2041"	"0.0004"	"491.20365"	"0.00007"	"7700"	""		"17116.947"	"37475.102&dagger;"	"3d4.(3G).4s"	"a 4G"	"7/2"	"3d3.(2D2).4s.4p.(3P*)"	"w 2F*"	"7/2"		""	"L15916"	
"491.4471"	"0.0005"	"491.44749"	"0.00019"	"20000"	""		"23519.872"	"43867.926"	"3d3.(4F).4s.4p.(3P*)"	"z 4F*"	"9/2"	"3d3.4s.(5F).4d"	"4D"	"7/2"		""	"L15916"	
"491.5347"	"0.0004"	"491.53435"	"0.00014"	"5000"	""		"29202.790"	"49547.248"	"3d3.(4P).4s.4p.(3P*)"	"y 6P*"	"3/2"	"49547e"	"6D"	"3/2"		""	"L15916"	
"491.7624"	"0.0002"	"491.76246"	"0.00010"	"79000"	"8.7e+06"	B+	"21101.589"	"41436.610&dagger;"	"3d4.(3G).4s"	"2G"	"7/2"	"3d4.(3G).4p"	"t 2G*"	"7/2"		"T9399"	"L15916"	
"492.035"	"0.002"	"492.03436"	"0.00003"	"100000"	""		"21275.652"	"41599.436"	"3d4.(3G).4s"	"2G"	"9/2"	"3d4.(3G).4p"	"t 4F*"	"9/2"		""	"L14162"	
"492.1808"	"0.0004"	"492.18046"	"0.00017"	"9900"	""		"29296.430"	"49614.181"	"3d3.(4P).4s.4p.(3P*)"	"y 6P*"	"5/2"	"49614e"	"6D"	"5/2"		""	"L15916"	
"492.3728"	"0.0002"	"492.37295"	"0.00006"	"77000"	""		"23608.765"	"43918.573"	"3d3.(4F).4s.4p.(3P*)"	"z 2D*"	"3/2"	"3d3.(4F).4s.(3F).5s"	"e 2F"	"5/2"		""	"L15916"	
"492.5145"	"0.0006"	"492.51445"	"0.00012"	"16000"	""		"21646.420"	"41950.393"	"3d4.(1G2).4s"	"b 2G"	"7/2"	"3d4.(3D).4p"	"u 2F*"	"5/2"		""	"L15916"	
"492.5253"	"0.0004"	"492.5256"	"0.0003"	"7200"	""		"29202.790"	"49506.305"	"3d3.(4P).4s.4p.(3P*)"	"y 6P*"	"3/2"	"49506e"	"6D"	"1/2"		""	"L15916"	
"492.70317"	"0.00018"	"492.70314"	"0.00007"	"450000"	"5.3e+06"	B+	"9824.626"	"30120.823"	"3d3.4s2"	"a 4P"	"5/2"	"3d3.(4P).4s.4p.(3P*)"	"y 4P*"	"5/2"		"T9399"	"L15916"	
"492.9112"	"0.0003"	"492.91117"	"0.00006"	"21000"	""		"17054.924"	"37342.555"	"3d4.(3G).4s"	"a 4G"	"5/2"	"3d3.(2D2).4s.4p.(3P*)"	"w 2F*"	"5/2"		""	"L15916"	
"492.9196"	"0.0005"	"492.91985"	"0.00012"	"7200"	""		"29418.119"	"49705.393"	"3d3.(4P).4s.4p.(3P*)"	"y 6P*"	"7/2"	"49705e"	"6D"	"7/2"		""	"L15916"	
"493.34090"	"0.00018"	"493.34091"	"0.00006"	"190000"	"3.45e+06"	B+	"9824.626"	"30094.585"	"3d3.4s2"	"a 4P"	"5/2"	"3d3.(4P).4s.4p.(3P*)"	"y 4P*"	"3/2"		"T9399"	"L15916"	
"493.4974"	"0.0003"	"493.49736"	"0.00010"	"60000"	""		"21275.652"	"41539.185"	"3d4.(3G).4s"	"2G"	"9/2"	"3d4.(3G).4p"	"t 2G*"	"9/2"		""	"L15916"	
"493.648"	"0.002"	"493.64706"	"0.00003"	"50000"	""		"21603.259"	"41860.647"	"3d4.(1G2).4s"	"b 2G"	"9/2"	"3d4.(3G).4p"	"t 4G*"	"9/2"		""	"L14162"	
"494.4182"	"0.0002"	"494.41809"	"0.00007"	"60000"	"5.4e+06"	B+	"21275.652"	"41501.449"	"3d4.(3G).4s"	"2G"	"9/2"	"3d4.(3G).4p"	"v 2H*"	"9/2"		"T9399"	"L15916"	
"494.5803"	"0.0004"	"494.58056"	"0.00012"	"10000"	""		"13810.910"	"34030.063&dagger;"	"3d3.4s2"	"a 2P"	"1/2"	"3d3.(2P).4s.4p.(3P*)"	"2D*"	"3/2"		""	"L15916"	
"494.638"	"0.006"	"494.63705"	"0.00010"	"51000h*"	""		"11100.596"	"31317.440"	"3d3.4s2"	"a 2G"	"9/2"	"3d3.(2G).4s.4p.(3P*)"	"x 4F*"	"9/2"		""	"L14162"	
"494.638"	"0.006"	"494.63976"	"0.00007"	"51000h*"	""		"21275.652"	"41492.385&dagger;"	"3d4.(3G).4s"	"2G"	"9/2"	"3d4.(3G).4p"	"t 4F*"	"7/2"		""	"L14162"	
"495.903"	"0.002"	"495.90484"	"0.00007"	"130000"	"7.4e+05"	C+	"13810.910"	"33976.069&dagger;"	"3d3.4s2"	"a 2P"	"1/2"	"3d3.(4P).4s.4p.(3P*)"	"w 4D*"	"3/2"		"T9399"	"L14162"	
"496.7496"	"0.0002"	"496.74957"	"0.00006"	"77000"	""		"23935.112"	"44065.980"	"3d3.(4F).4s.4p.(3P*)"	"z 2D*"	"5/2"	"3d3.(4F).4s.(3F).5s"	"e 2F"	"7/2"		""	"L15916"	
"498.5935"	"0.0006"	"498.59364"	"0.00010"	"17000"	""		"21603.259"	"41659.672"	"3d4.(1G2).4s"	"b 2G"	"9/2"	"3d4.(3G).4p"	"v 2H*"	"11/2"		""	"L15916"	
"500.37182"	"0.00015"	"500.37183"	"0.00013"	"280000"	""		"19023.531"	"39008.669"	"3d4.(3H).4s"	"b 2H"	"9/2"	"3d3.(2H).4s.4p.(3P*)"	"y 2I*"	"11/2"		""	"L15916"	
"500.702"	"0.002"	"500.70020"	"0.00010"	"130000"	"9.1e+05"	C+	"14514.756"	"34486.787"	"3d3.4s2"	"2D2"	"3/2"	"3d3.(2D2).4s.4p.(3P*)"	"4F*"	"5/2"		"T9399"	"L14162"	
"500.779"	"0.002"	"500.78252"	"0.00010"	"58000"	""		"17242.070"	"37210.818"	"3d4.(3G).4s"	"a 4G"	"11/2"	"3d3.(2H).4s.4p.(3P*)"	"y 2H*"	"11/2"		""	"L14162"	
"501.1420"	"0.0004"	"501.14240"	"0.00020"	"11000"	""		"15270.582"	"35224.990"	"3d4.(3P2).4s"	"b 4P"	"3/2"	"3d3.(2D2).4s.4p.(3P*)"	"u 4D*"	"5/2"		""	"L15916"	
"501.6023"	"0.0002"	"501.60207"	"0.00013"	"340000"	"3.0e+07"	D+	"19145.148"	"39081.270"	"3d4.(3H).4s"	"b 2H"	"11/2"	"3d3.(2H).4s.4p.(3P*)"	"y 2I*"	"13/2"		"T9771"	"L15916"	
"502.15885"	""	"502.15886"	"0.00008"	":"	"4.1e+05"	C	"14514.756"	"34428.773"	"3d3.4s2"	"2D2"	"3/2"	"3d3.(2D2).4s.4p.(3P*)"	"4F*"	"3/2"		"T9399"	"L18972"	
"502.5579"	"0.0007"	"502.55827"	"0.00010"	"8700"	""		"21603.259"	"41501.449"	"3d4.(1G2).4s"	"b 2G"	"9/2"	"3d4.(3G).4p"	"v 2H*"	"9/2"		""	"L15916"	
"503.4355"	"0.0002"	"503.43542"	"0.00010"	"21000"	""		"19145.148"	"39008.669"	"3d4.(3H).4s"	"b 2H"	"11/2"	"3d3.(2H).4s.4p.(3P*)"	"y 2I*"	"11/2"		""	"L15916"	
"504.492"	"0.002"	"504.49159"	"0.00015"	"61000h"	""		"15270.582"	"35092.518"	"3d4.(3P2).4s"	"b 4P"	"3/2"	"3d3.(2D2).4s.4p.(3P*)"	"u 4D*"	"3/2"		""	"L14162"	
"504.8246"	"0.0003"	"504.82489"	"0.00003"	"16000"	""		"17054.924"	"36863.773"	"3d4.(3G).4s"	"a 4G"	"5/2"	"3d3.(2H).4s.4p.(3P*)"	"w 4G*"	"5/2"		""	"L15916"	
"504.8651"	"0.0002"	"504.86508"	"0.00015"	"32000"	"8.3e+05"	D+	"15572.035"	"35379.307"	"3d4.(3P2).4s"	"b 4P"	"5/2"	"3d3.(2D2).4s.4p.(3P*)"	"u 4D*"	"7/2"		"T9399"	"L15916"	
"505.3008"	"0.0003"	"505.30086"	"0.00008"	"100000"	"1.07e+07"	B+	"21646.420"	"41436.610&dagger;"	"3d4.(1G2).4s"	"b 2G"	"7/2"	"3d4.(3G).4p"	"t 2G*"	"7/2"		"T9399"	"L15916"	
"505.5354"	"0.0004"	"505.53526"	"0.00003"	"12000"	""		"17116.947"	"36897.961"	"3d4.(3G).4s"	"a 4G"	"7/2"	"3d3.(2H).4s.4p.(3P*)"	"w 4G*"	"9/2"		""	"L15916"	
"506.1654"	"0.0004"	"506.16586"	"0.00010"	"9600"	""		"17182.073"	"36938.443"	"3d4.(3G).4s"	"a 4G"	"9/2"	"3d3.(2H).4s.4p.(3P*)"	"w 4G*"	"11/2"		""	"L15916"	
"506.3332"	"0.0004"	"506.33311"	"0.00005"	"4400"	""		"26480.286&dagger;"	"46230.130"	"3d4.(5D).4p"	"y 4D*"	"7/2"	"3d4.(5D).6s"	"4D"	"7/2"		""	"L15916"	
"506.5526"	"0.0004"	"506.55261"	"0.00013"	"120000"	"1.8e+07"	C+	"22479.403"	"42220.689"	"3d4.(1I).4s"	"2I"	"13/2"	"3d4.(1I).4p"	"u 2H*"	"11/2"		"T9399"	"L15916"	
"507.2052"	"0.0003"	"507.20515"	"0.00003"	"31000"	""		"17182.073"	"36897.961"	"3d4.(3G).4s"	"a 4G"	"9/2"	"3d3.(2H).4s.4p.(3P*)"	"w 4G*"	"9/2"		""	"L15916"	
"507.32792"	""	"507.32792"	"0.00013"	":"	"1.8e+05"	C+	"17054.924"	"36766.041"	"3d4.(3G).4s"	"a 4G"	"5/2"	"3d4.(3F2).4p"	"x 2F*"	"5/2"		"T9399"	"L18972"	
"507.4618"	"0.0003"	"507.46143"	"0.00006"	"13000"	""		"17116.947"	"36822.878"	"3d4.(3G).4s"	"a 4G"	"7/2"	"3d3.(2H).4s.4p.(3P*)"	"w 4G*"	"7/2"		""	"L15916"	
"507.7077"	"0.0002"	"507.70769"	"0.00015"	"56000"	""		"17242.070"	"36938.443"	"3d4.(3G).4s"	"a 4G"	"11/2"	"3d3.(2H).4s.4p.(3P*)"	"w 4G*"	"11/2"		""	"L15916"	
"508.8254"	"0.0004"	"508.82491"	"0.00016"	"14000"	""		"14514.756"	"34167.882"	"3d3.4s2"	"2D2"	"3/2"	"3d3.(2P).4s.4p.(3P*)"	"2D*"	"5/2"		""	"L15916"	
"510.6570"	"0.0003"	"510.65692"	"0.00016"	"130000"	"1.6e+07"	C	"22496.546"	"42079.165"	"3d4.(1I).4s"	"2I"	"11/2"	"3d4.(1I).4p"	"u 2H*"	"9/2"		"T9399"	"L15916"	
"512.9938"	"0.0002"	"512.99372"	"0.00013"	"450000"	"2.42e+07"	B+	"18438.044"	"37931.460"	"3d3.(4F).4s.4p.(3P*)"	"z 6D*"	"9/2"	"3d3.4s.(5F).5s"	"e 6F"	"11/2"		"T9399"	"L15916"	
"513.1947"	"0.0004"	"513.19509"	"0.00013"	"9700"	""		"21101.589"	"40587.356"	"3d4.(3G).4s"	"2G"	"7/2"	"3d4.(3G).4p"	"2F*"	"7/2"		""	"L15916"	
"513.9030"	"0.0004"	"513.90335"	"0.00004"	"16000"	"6.1e+05"	C+	"15078.387"	"34537.299"	"3d4.(3P2).4s"	"b 4P"	"1/2"	"3d3.(4F).4s.4p.(1P*)"	"v 4D*"	"3/2"		"T9399"	"L15916"	
"513.9838"	"0.0002"	"513.98380"	"0.00008"	"450000"	"2.23e+07"	B+	"18302.280"	"37758.146"	"3d3.(4F).4s.4p.(3P*)"	"z 6D*"	"7/2"	"3d3.4s.(5F).5s"	"e 6F"	"9/2"		"T9399"	"L15916"	
"514.096"	"0.002"	"514.09565"	"0.00008"	"94000"	""		"21101.589"	"40553.222&dagger;"	"3d4.(3G).4s"	"2G"	"7/2"	"3d3.(2D2).4s.4p.(3P*)"	"2D*"	"5/2"		""	"L3475"	
"514.9847"	"0.0006"	"514.98458"	"0.00013"	"18000"	"1.20e+06"	C+	"18513.403"	"37931.460"	"3d3.(4F).4s.4p.(3P*)"	"z 6F*"	"9/2"	"3d3.4s.(5F).5s"	"e 6F"	"11/2"		"T9399"	"L15916"	
"515.0134"	"0.0002"	"515.01352"	"0.00011"	"290000"	"1.6e+07"	C+	"18198.091"	"37615.057"	"3d3.(4F).4s.4p.(3P*)"	"z 6D*"	"5/2"	"3d3.4s.(5F).5s"	"e 6F"	"7/2"		"T9399"	"L15916"	
"515.48943"	""	"515.48943"	"0.00013"	":"	"1.3e+06"	C	"15078.387"	"34477.427&dagger;"	"3d4.(3P2).4s"	"b 4P"	"1/2"	"3d3.(4F).4s.4p.(1P*)"	"v 4D*"	"1/2"		"T9399"	"L18972"	
"515.8445"	"0.0004"	"515.84458"	"0.00008"	"30000"	"2.09e+06"	C+	"18372.462"	"37758.146"	"3d3.(4F).4s.4p.(3P*)"	"z 6F*"	"7/2"	"3d3.4s.(5F).5s"	"e 6F"	"9/2"		"T9399"	"L15916"	
"516.0760"	"0.0002"	"516.07603"	"0.00008"	"170000"	"1.57e+07"	B+	"18126.250"	"37503.240"	"3d3.(4F).4s.4p.(3P*)"	"z 6D*"	"3/2"	"3d3.4s.(5F).5s"	"e 6F"	"5/2"		"T9399"	"L15916"	
"516.6304"	"0.0006"	"516.62945"	"0.00006"	"32000*"	""		"24643.528"	"43999.761"	"3d4.(3D).4s"	"2D"	"3/2"	"3d4.(3D).4p"	"4F*"	"3/2"		""	"L15916"	
"516.6304"	"0.0006"	"516.63028"	"0.00016"	"32000*"	""		"18258.855"	"37615.057"	"3d3.(4F).4s.4p.(3P*)"	"z 6F*"	"5/2"	"3d3.4s.(5F).5s"	"e 6F"	"7/2"		""	"L15916"	
"516.7593"	"0.0004"	"516.75939"	"0.00008"	"2500"	""		"26604.807&dagger;"	"45956.173"	"3d4.(5D).4p"	"y 6D*"	"7/2"	"3d4.(5D).6s"	"6D"	"7/2"		""	"L15916"	
"516.8220"	"0.0003"	"516.82215"	"0.00003"	"34000"	"1.3e+06"	C	"15270.582"	"34619.598"	"3d4.(3P2).4s"	"b 4P"	"3/2"	"3d3.(4F).4s.4p.(1P*)"	"v 4D*"	"5/2"		"T9399"	"L15916"	
"517.0495"	"0.0003"	"517.04963"	"0.00013"	"4700"	""		"26738.323"	"46078.826"	"3d4.(5D).4p"	"y 6D*"	"9/2"	"3d4.(5D).6s"	"6D"	"9/2"		""	"L15916"	
"517.1363"	"0.0002"	"517.13635"	"0.00011"	"96000"	""		"18085.952"	"37423.212"	"3d3.(4F).4s.4p.(3P*)"	"z 6D*"	"1/2"	"3d3.4s.(5F).5s"	"e 6F"	"3/2"		""	"L15916"	
"517.3529"	"0.0003"	"517.35290"	"0.00008"	"33000"	"4.0e+06"	B+	"18174.074"	"37503.240"	"3d3.(4F).4s.4p.(3P*)"	"z 6F*"	"3/2"	"3d3.4s.(5F).5s"	"e 6F"	"5/2"		"T9399"	"L15916"	
"517.5959"	"0.0004"	"517.59561"	"0.00011"	"18000"	"1.35e+06"	B	"18438.044"	"37758.146"	"3d3.(4F).4s.4p.(3P*)"	"z 6D*"	"9/2"	"3d3.4s.(5F).5s"	"e 6F"	"9/2"		"T9399"	"L15916"	
"517.7921"	"0.0003"	"517.79193"	"0.00011"	"32000bl(V II)"	"2.3e+06"	C	"18302.280"	"37615.057"	"3d3.(4F).4s.4p.(3P*)"	"z 6D*"	"7/2"	"3d3.4s.(5F).5s"	"e 6F"	"7/2"		"T9399"	"L15916"	
"517.82075"	"0.00018"	"517.82070"	"0.00013"	"260000"	""		"21275.652"	"40587.356"	"3d4.(3G).4s"	"2G"	"9/2"	"3d4.(3G).4p"	"2F*"	"7/2"		""	"L15916"	
"517.9964"	"0.0003"	"517.99652"	"0.00008"	"36000"	"3.94e+06"	B+	"18198.091"	"37503.240"	"3d3.(4F).4s.4p.(3P*)"	"z 6D*"	"5/2"	"3d3.4s.(5F).5s"	"e 6F"	"5/2"		"T9399"	"L15916"	
"518.0512"	"0.0003"	"518.05129"	"0.00011"	"31000"	""		"18120.104"	"37423.212"	"3d3.(4F).4s.4p.(3P*)"	"z 6F*"	"1/2"	"3d3.4s.(5F).5s"	"e 6F"	"3/2"		""	"L15916"	
"518.1243"	"0.0005"	"518.12416"	"0.00008"	"8200"	""		"19023.531"	"38323.924"	"3d4.(3H).4s"	"b 2H"	"9/2"	"3d4.(3H).4p"	"x 4H*"	"9/2"		""	"L15916"	
"518.2162"	"0.0003"	"518.21629"	"0.00008"	"36000"	""		"18126.250"	"37423.212"	"3d3.(4F).4s.4p.(3P*)"	"z 6D*"	"3/2"	"3d3.4s.(5F).5s"	"e 6F"	"3/2"		""	"L15916"	
"518.4241"	"0.0003"	"518.42428"	"0.00011"	"28000"	""		"18085.952"	"37375.172"	"3d3.(4F).4s.4p.(3P*)"	"z 6D*"	"1/2"	"3d3.4s.(5F).5s"	"e 6F"	"1/2"		""	"L15916"	
"519.0294"	"0.0006"	"519.02979"	"0.00006"	"11000"	"5.7e+05"	C	"15270.582"	"34537.299"	"3d4.(3P2).4s"	"b 4P"	"3/2"	"3d3.(4F).4s.4p.(1P*)"	"v 4D*"	"3/2"		"T9399"	"L15916"	
"519.2128"	"0.0005"	"519.21298"	"0.00013"	"8800*"	"5.0e+05"	B	"19145.148"	"38405.067"	"3d4.(3H).4s"	"b 2H"	"11/2"	"3d4.(3H).4p"	"x 4H*"	"11/2"		"T9399"	"L15916"	
"519.2128"	"0.0005"	"519.21695"	"0.00008"	"8800*"	""		"24648.114"	"43907.886"	"3d4.(5D).4p"	"z 6P*"	"3/2"	"3d3.4s.(5F).4d"	"4P"	"1/2"		""	"L15916"	
"519.3438"	"0.0002"	"519.34379"	"0.00011"	"83000"	""		"18120.104"	"37375.172"	"3d3.(4F).4s.4p.(3P*)"	"z 6F*"	"1/2"	"3d3.4s.(5F).5s"	"e 6F"	"1/2"		""	"L15916"	
"519.4430"	"0.0002"	"519.44301"	"0.00011"	"450000"	"2.78e+07"	B+	"18680.070"	"37931.460"	"3d3.(4F).4s.4p.(3P*)"	"z 6F*"	"11/2"	"3d3.4s.(5F).5s"	"e 6F"	"11/2"		"T9399"	"L15916"	
"519.5037"	"0.0002"	"519.50378"	"0.00008"	"96000"	""		"18174.074"	"37423.212"	"3d3.(4F).4s.4p.(3P*)"	"z 6F*"	"3/2"	"3d3.4s.(5F).5s"	"e 6F"	"3/2"		""	"L15916"	
"519.6225"	"0.0003"	"519.62191"	"0.00014"	"310000*"	""		"24630.567"	"43875.329"	"3d4.(3D).4s"	"2D"	"5/2"	"3d4.(1G2).4p"	"t 2F*"	"5/2"		""	"L15916"	
"519.6225"	"0.0003"	"519.62242"	"0.00008"	"310000*"	"2.38e+07"	B+	"18513.403"	"37758.146"	"3d3.(4F).4s.4p.(3P*)"	"z 6F*"	"9/2"	"3d3.4s.(5F).5s"	"e 6F"	"9/2"		"T9399"	"L15916"	
"519.6321"	"0.0002"	"519.63209"	"0.00011"	"460000"	"1.68e+07"	B+	"18258.855"	"37503.240"	"3d3.(4F).4s.4p.(3P*)"	"z 6F*"	"5/2"	"3d3.4s.(5F).5s"	"e 6F"	"5/2"		"T9399"	"L15916"	
"519.6805"	"0.0002"	"519.68043"	"0.00011"	"230000"	"1.6e+07"	C+	"18372.462"	"37615.057"	"3d3.(4F).4s.4p.(3P*)"	"z 6F*"	"7/2"	"3d3.4s.(5F).5s"	"e 6F"	"7/2"		"T9399"	"L15916"	
"520.1777"	"0.0002"	"520.1777"	"0.0003"	"46000"	""		"21101.589"	"40325.790"	"3d4.(3G).4s"	"2G"	"7/2"	"3d4.(3G).4p"	"2F*"	"5/2"		""	"L15916"	
"520.8035"	"0.0002"	"520.80355"	"0.00008"	"83000"	""		"18174.074"	"37375.172"	"3d3.(4F).4s.4p.(3P*)"	"z 6F*"	"3/2"	"3d3.4s.(5F).5s"	"e 6F"	"1/2"		""	"L15916"	
"520.9112"	"0.0002"	"520.91114"	"0.00011"	"42000"	"1.56e+06"	B+	"19023.531"	"38220.663"	"3d4.(3H).4s"	"b 2H"	"9/2"	"3d4.(3H).4p"	"x 2H*"	"11/2"		"T9399"	"L15916"	
"521.3691"	"0.0005"	"521.36912"	"0.00014"	"41000"	""		"22479.403"	"41659.672"	"3d4.(1I).4s"	"2I"	"13/2"	"3d4.(3G).4p"	"v 2H*"	"11/2"		""	"L15916"	
"521.5099"	"0.0004"	"521.50986"	"0.00008"	"46000"	"1.8e+06"	C+	"15572.035"	"34747.128"	"3d4.(3P2).4s"	"b 4P"	"5/2"	"3d3.(4F).4s.4p.(1P*)"	"v 4D*"	"7/2"		"T9399"	"L15916"	
"521.8020"	"0.0002"	"521.80201"	"0.00011"	"170000"	""		"18258.855"	"37423.212"	"3d3.(4F).4s.4p.(3P*)"	"z 6F*"	"5/2"	"3d3.4s.(5F).5s"	"e 6F"	"3/2"		""	"L15916"	
"522.509"	"0.002"	"522.50707"	"0.00008"	"54000"	""		"18302.280"	"37440.777"	"3d3.(4F).4s.4p.(3P*)"	"z 6D*"	"7/2"	"3d4.(5D).5s"	"e 6D"	"9/2"		""	"L14162"	
"522.7180"	"0.0002"	"522.71789"	"0.00008"	"150000"	"1.25e+07"	B+	"18372.462"	"37503.240"	"3d3.(4F).4s.4p.(3P*)"	"z 6F*"	"7/2"	"3d3.4s.(5F).5s"	"e 6F"	"5/2"		"T9399"	"L15916"	
"522.9016"	"0.0006"	"522.90100"	"0.00008"	"16000"	""		"18198.091"	"37322.170"	"3d3.(4F).4s.4p.(3P*)"	"z 6D*"	"5/2"	"3d4.(5D).5s"	"e 6D"	"7/2"		""	"L15916"	
"523.5149"	"0.0002"	"523.51487"	"0.00011"	"140000"	"7.3e+06"	C+	"18513.403"	"37615.057"	"3d3.(4F).4s.4p.(3P*)"	"z 6F*"	"9/2"	"3d3.4s.(5F).5s"	"e 6F"	"7/2"		"T9399"	"L15916"	
"523.5268"	"0.0003"	"523.52625"	"0.00011"	"12000"	""		"18126.250"	"37227.489"	"3d3.(4F).4s.4p.(3P*)"	"z 6D*"	"3/2"	"3d4.(5D).5s"	"e 6D"	"5/2"		""	"L15916"	
"523.55291"	"0.00018"	"523.55297"	"0.00008"	"450000"	"3.11e+07"	B+	"19023.531"	"38123.795"	"3d4.(3H).4s"	"b 2H"	"9/2"	"3d4.(3H).4p"	"x 2H*"	"9/2"		"T9399"	"L15916"	
"523.6852"	"0.0005"	"523.68556"	"0.00011"	"7700*"	""		"20789.112"	"39884.540"	"3d4.(3D).4s"	"b 4D"	"5/2"	"3d4.(3P2).4p"	"v 2D*"	"3/2"		""	"L15916"	
"523.6852"	"0.0005"	"523.68570"	"0.00014"	"7700*"	""		"24778.321"	"43873.744"	"3d3.4s2"	"2F"	"7/2"	"3d4.(1G2).4p"	"t 2F*"	"7/2"		""	"L15916"	
"524.1620"	"0.0002"	"524.16187"	"0.00008"	"82000"	"4.4e+06"	B+	"18680.070"	"37758.146"	"3d3.(4F).4s.4p.(3P*)"	"z 6F*"	"11/2"	"3d3.4s.(5F).5s"	"e 6F"	"9/2"		"T9399"	"L15916"	
"524.23225"	"0.00018"	"524.23224"	"0.00011"	"450000"	"3.00e+07"	B+	"19145.148"	"38220.663"	"3d4.(3H).4s"	"b 2H"	"11/2"	"3d4.(3H).4p"	"x 2H*"	"11/2"		"T9399"	"L15916"	
"524.5676"	"0.0006"	"524.56774"	"0.00014"	"8300"	""		"18258.855"	"37322.170"	"3d3.(4F).4s.4p.(3P*)"	"z 6F*"	"5/2"	"3d4.(5D).5s"	"e 6D"	"7/2"		""	"L15916"	
"524.8402"	"0.0006"	"524.84030"	"0.00008"	"7000"	""		"18174.074"	"37227.489"	"3d3.(4F).4s.4p.(3P*)"	"z 6F*"	"3/2"	"3d4.(5D).5s"	"e 6D"	"5/2"		""	"L15916"	
"525.005"	"0.002"	"525.00154"	"0.00011"	"58000"	""		"15572.035"	"34619.598"	"3d4.(3P2).4s"	"b 4P"	"5/2"	"3d3.(4F).4s.4p.(1P*)"	"v 4D*"	"5/2"		""	"L14162"	
"525.7654"	"0.0010"	"525.76540"	"0.00008"	"14000"	""		"18302.280"	"37322.170"	"3d3.(4F).4s.4p.(3P*)"	"z 6D*"	"7/2"	"3d4.(5D).5s"	"e 6D"	"7/2"		""	"L15916"	
"525.9605"	"0.0004"	"525.96054"	"0.00014"	"37000"	""		"14514.756"	"33527.589"	"3d3.4s2"	"2D2"	"3/2"	"3d3.(2G).4s.4p.(3P*)"	"y 2F*"	"5/2"		""	"L15916"	
"526.1802"	"0.0004"	"526.18001"	"0.00011"	"33000"	"3.6e+06"	B	"22496.546"	"41501.449"	"3d4.(1I).4s"	"2I"	"11/2"	"3d4.(3G).4p"	"v 2H*"	"9/2"		"T9399"	"L15916"	
"526.2404"	"0.0004"	"526.24009"	"0.00008"	"71000"	""		"18438.044"	"37440.777"	"3d3.(4F).4s.4p.(3P*)"	"z 6D*"	"9/2"	"3d4.(5D).5s"	"e 6D"	"9/2"		""	"L15916"	
"526.5787"	"0.0006"	"526.57855"	"0.00008"	"17000"	""		"18126.250"	"37116.769"	"3d3.(4F).4s.4p.(3P*)"	"z 6D*"	"3/2"	"3d4.(5D).5s"	"e 6D"	"1/2"		""	"L15916"	
"526.759"	"0.002"	"526.75668"	"0.00014"	"190000"	""		"21603.259"	"40587.356"	"3d4.(1G2).4s"	"b 2G"	"9/2"	"3d4.(3G).4p"	"2F*"	"7/2"		""	"L14162"	
"526.9077"	"0.0004"	"526.90795"	"0.00008"	"9100"	"5.2e+05"	C+	"19145.148"	"38123.795"	"3d4.(3H).4s"	"b 2H"	"11/2"	"3d4.(3H).4p"	"x 2H*"	"9/2"		"T9399"	"L15916"	
"527.1860"	"0.0007"	"527.18609"	"0.00014"	"15000"	""		"18258.855"	"37227.489"	"3d3.(4F).4s.4p.(3P*)"	"z 6F*"	"5/2"	"3d4.(5D).5s"	"e 6D"	"5/2"		""	"L15916"	
"527.2494"	"0.0004"	"527.24930"	"0.00017"	"32000"	"7.8e+05"	C	"13801.551"	"32767.911"	"3d3.4s2"	"a 2P"	"3/2"	"3d3.(4P).4s.4p.(3P*)"	"z 2P*"	"3/2"		"T9399"	"L15916"	
"527.4125"	"0.0006"	"527.41250"	"0.00008"	"29000"	""		"18198.091"	"37158.582"	"3d3.(4F).4s.4p.(3P*)"	"z 6D*"	"5/2"	"3d4.(5D).5s"	"e 6D"	"3/2"		""	"L15916"	
"527.5095"	"0.0004"	"527.50960"	"0.00011"	"6100"	""		"13810.910"	"32767.911"	"3d3.4s2"	"a 2P"	"1/2"	"3d3.(4P).4s.4p.(3P*)"	"z 2P*"	"3/2"		""	"L15916"	
"527.7131"	"0.0009"	"527.71262"	"0.00008"	"20000"	""		"18372.462"	"37322.170"	"3d3.(4F).4s.4p.(3P*)"	"z 6F*"	"7/2"	"3d4.(5D).5s"	"e 6D"	"7/2"		""	"L15916"	
"528.1888"	"0.0003"	"528.18919"	"0.00011"	"52000"	""		"14548.816"	"33481.426"	"3d3.4s2"	"2D2"	"5/2"	"3d3.(2G).4s.4p.(3P*)"	"y 2F*"	"7/2"		""	"L15916"	
"528.3356"	"0.0008"	"528.33531"	"0.00008"	"19000"	""		"18513.403"	"37440.777"	"3d3.(4F).4s.4p.(3P*)"	"z 6F*"	"9/2"	"3d4.(5D).5s"	"e 6D"	"9/2"		""	"L15916"	
"528.3950"	"0.0007"	"528.39575"	"0.00008"	"30000"	""		"18302.280"	"37227.489"	"3d3.(4F).4s.4p.(3P*)"	"z 6D*"	"7/2"	"3d4.(5D).5s"	"e 6D"	"5/2"		""	"L15916"	
"528.911"	"0.002"	"528.91018"	"0.00008"	"240000"	""		"21646.420"	"40553.222&dagger;"	"3d4.(1G2).4s"	"b 2G"	"7/2"	"3d3.(2D2).4s.4p.(3P*)"	"2D*"	"5/2"		""	"L14162"	
"529.176"	"0.004"	"529.17613"	"0.00008"	"120000h"	""		"15270.582"	"34167.882"	"3d4.(3P2).4s"	"b 4P"	"3/2"	"3d3.(2P).4s.4p.(3P*)"	"2D*"	"5/2"		""	"L14162"	
"529.3177"	"0.0007"	"529.31763"	"0.00008"	"9800bl(V II)"	""		"8578.542"	"27470.790"	"3d4.(5D).4s"	"a 4D"	"5/2"	"3d3.(4F).4s.4p.(3P*)"	"z 2F*"	"7/2"		""	"L15916"	
"529.4235"	"0.0006"	"529.42415"	"0.00007"	"9100"	""		"15078.387"	"33966.834"	"3d4.(3P2).4s"	"b 4P"	"1/2"	"3d3.(4P).4s.4p.(3P*)"	"w 4D*"	"1/2"		""	"L15916"	
"529.551"	"0.004"	"529.54529"	"0.00011"	"160000h"	""		"18438.044"	"37322.170"	"3d3.(4F).4s.4p.(3P*)"	"z 6D*"	"9/2"	"3d4.(5D).5s"	"e 6D"	"7/2"		""	"L14162"	
"530.20692"	""	"530.20692"	"0.00014"	":"	"1.2e+06"	C	"21101.589"	"39962.150"	"3d4.(3G).4s"	"2G"	"7/2"	"3d4.(3H).4p"	"u 4G*"	"5/2"		"T9399"	"L18972"	
"530.2557"	"0.0004"	"530.25460"	"0.00011"	"5300"	""		"13801.551"	"32660.416"	"3d3.4s2"	"a 2P"	"3/2"	"3d3.(2P).4s.4p.(3P*)"	"x 4D*"	"5/2"		""	"L15916"	
"530.3622"	"0.0010"	"530.36164"	"0.00011"	"16000*"	""		"24915.151"	"43770.210"	"3d4.(5D).4p"	"z 4P*"	"3/2"	"3d3.4s.(5F).4d"	"4D"	"5/2"		""	"L15916"	
"530.3622"	"0.0010"	"530.36254"	"0.00011"	"16000*"	""		"18372.462"	"37227.489"	"3d3.(4F).4s.4p.(3P*)"	"z 6F*"	"7/2"	"3d4.(5D).5s"	"e 6D"	"5/2"		""	"L15916"	
"531.594"	"0.002"	"531.59074"	"0.00007"	"120000"	""		"14548.816"	"33360.280"	"3d3.4s2"	"2D2"	"5/2"	"3d3.(2G).4s.4p.(3P*)"	"y 2G*"	"7/2"		""	"L14162"	
"531.670"	"0.002"	"531.66696"	"0.00011"	"210000"	""		"18513.403"	"37322.170"	"3d3.(4F).4s.4p.(3P*)"	"z 6F*"	"9/2"	"3d4.(5D).5s"	"e 6D"	"7/2"		""	"L14162"	
"531.8346"	"0.0002"	"531.83464"	"0.00017"	"31000"	"5.1e+05"	C	"15572.035"	"34374.872"	"3d4.(3P2).4s"	"b 4P"	"5/2"	"3d3.(2D2).4s.4p.(3P*)"	"4F*"	"7/2"		"T9399"	"L15916"	
"532.0523"	"0.0003"	"532.05218"	"0.00008"	"11000"	"4.8e+05"	C	"15270.582"	"34065.731"	"3d4.(3P2).4s"	"b 4P"	"3/2"	"3d3.(4P).4s.4p.(3P*)"	"w 4D*"	"5/2"		"T9399"	"L15916"	
"533.0286"	"0.0007"	"533.02895"	"0.00011"	"51000"	""		"18680.070"	"37440.777"	"3d3.(4F).4s.4p.(3P*)"	"z 6F*"	"11/2"	"3d4.(5D).5s"	"e 6D"	"9/2"		""	"L15916"	
"533.0766"	"0.0003"	"533.07655"	"0.00009"	"50000"	""		"15770.789"	"34529.821"	"3d4.(3F2).4s"	"b 4F"	"9/2"	"3d3.(2D2).4s.4p.(3P*)"	"4F*"	"9/2"		""	"L15916"	
"533.0930"	"0.0004"	"533.09277"	"0.00006"	"18000"	""		"24770.673"	"43529.134"	"3d4.(5D).4p"	"z 4P*"	"1/2"	"3d3.4s.(5F).4d"	"4D"	"1/2"		""	"L15916"	
"533.1899"	"0.0003"	"533.18993"	"0.00005"	"100000"	""		"8715.747"	"27470.790"	"3d4.(5D).4s"	"a 4D"	"7/2"	"3d3.(4F).4s.4p.(3P*)"	"z 2F*"	"7/2"		""	"L15916"	
"533.579"	"0.002"	"533.57830"	"0.00014"	"51000"	""		"19023.531"	"37764.923"	"3d4.(3H).4s"	"b 2H"	"9/2"	"3d4.(3F2).4p"	"v 4G*"	"11/2"		""	"L14162"	
"533.7047"	"0.0006"	"533.70553"	"0.00020"	"14000"	""		"25131.002"	"43867.926"	"3d4.(5D).4p"	"z 4P*"	"5/2"	"3d3.4s.(5F).4d"	"4D"	"7/2"		""	"L15916"	
"534.0092"	"0.0005"	"534.00920"	"0.00006"	"23000"	""		"19026.326"	"37752.595"	"3d4.(3F2).4s"	"a 2F"	"5/2"	"3d4.(3F2).4p"	"w 2D*"	"5/2"		""	"L15916"	
"535.49007"	"0.00018"	"535.49006"	"0.00006"	"160000"	""		"19078.112"	"37752.595"	"3d4.(3F2).4s"	"a 2F"	"7/2"	"3d4.(3F2).4p"	"w 2D*"	"5/2"		""	"L15916"	
"536.1751"	"0.0005"	"536.17454"	"0.00014"	"18000"	"2.8e+05"	C	"15724.229"	"34374.872"	"3d4.(3F2).4s"	"b 4F"	"7/2"	"3d3.(2D2).4s.4p.(3P*)"	"4F*"	"7/2"		"T9399"	"L15916"	
"536.3182"	"0.0006"	"536.31752"	"0.00012"	"7600"	""		"13810.910"	"32456.581"	"3d3.4s2"	"a 2P"	"1/2"	"3d3.(2P).4s.4p.(3P*)"	"x 4D*"	"3/2"		""	"L15916"	
"536.5039"	"0.0008"	"536.50348"	"0.00009"	"13000"	""		"25131.002"	"43770.210"	"3d4.(5D).4p"	"z 4P*"	"5/2"	"3d3.4s.(5F).4d"	"4D"	"5/2"		""	"L15916"	
"537.4121"	""	"537.41210"	"0.00006"	":"	"5.2e+03"	C+	"2424.809"	"21032.503"	"3d4.(5D).4s"	"a 6D"	"9/2"	"3d3.(4F).4s.4p.(3P*)"	"z 4D*"	"7/2"		"T9399"	"L18972"	
"537.51642"	""	"537.51642"	"0.00014"	":"	"1.5e+05"	C	"15770.789"	"34374.872"	"3d4.(3F2).4s"	"b 4F"	"9/2"	"3d3.(2D2).4s.4p.(3P*)"	"4F*"	"7/2"		"T9399"	"L18972"	
"538.4910"	"0.0003"	"538.49101"	"0.00003"	"140000"	""		"20828.481"	"39398.893"	"3d3.(4F).4s.4p.(3P*)"	"z 4D*"	"5/2"	"3d3.4s.(5F).5s"	"f 4F"	"7/2"		""	"L15916"	
"538.6629"	"0.0002"	"538.66294"	"0.00005"	"160000"	""		"21032.503"	"39596.988"	"3d3.(4F).4s.4p.(3P*)"	"z 4D*"	"7/2"	"3d3.4s.(5F).5s"	"f 4F"	"9/2"		""	"L15916"	
"538.9784"	"0.0003"	"538.97852"	"0.00003"	"55000"	""		"20687.769"	"39241.384"	"3d3.(4F).4s.4p.(3P*)"	"z 4D*"	"3/2"	"3d3.4s.(5F).5s"	"f 4F"	"5/2"		""	"L15916"	
"539.4297"	"0.0004"	"539.43028"	"0.00009"	"3400"	""		"13810.910"	"32348.987"	"3d3.4s2"	"a 2P"	"1/2"	"3d3.(2P).4s.4p.(3P*)"	"x 4D*"	"1/2"		""	"L15916"	
"539.4765"	"0.0004"	"539.47629"	"0.00007"	"40000"	""		"15103.784"	"33640.280"	"3d3.4s2"	"a 2H"	"9/2"	"3d3.(2G).4s.4p.(3P*)"	"z 2H*"	"9/2"		""	"L15916"	
"539.9344"	"0.0003"	"539.93462"	"0.00005"	"43000"	""		"20606.467"	"39127.228"	"3d3.(4F).4s.4p.(3P*)"	"z 4D*"	"1/2"	"3d3.4s.(5F).5s"	"f 4F"	"3/2"		""	"L15916"	
"540.0408"	""	"540.04102"	"0.00006"	":"	"4.9e+03"	C+	"2311.369"	"20828.481"	"3d4.(5D).4s"	"a 6D"	"7/2"	"3d3.(4F).4s.4p.(3P*)"	"z 4D*"	"5/2"		"T9627"	"L19604"	
"540.3424"	"0.0002"	"540.34242"	"0.00012"	"410000"	"1.50e+07"	C+	"19023.531"	"37530.314"	"3d4.(3H).4s"	"b 2H"	"9/2"	"3d4.(3H).4p"	"z 2I*"	"11/2"		"u40"	"L15916"	
"541.6756"	"0.0003"	"541.67610"	"0.00015"	"580000"	"2.5e+07"	D+	"19145.148"	"37606.365"	"3d4.(3H).4s"	"b 2H"	"11/2"	"3d4.(3H).4p"	"z 2I*"	"13/2"		"T284n"	"L15916"	
"541.9589"	"0.0005"	"541.95927"	"0.00012"	"120000"	""		"19023.531"	"37475.102&dagger;"	"3d4.(3H).4s"	"b 2H"	"9/2"	"3d3.(2D2).4s.4p.(3P*)"	"w 2F*"	"7/2"		""	"L4235"	
"542.3150"	"0.0007"	"542.31526"	"0.00007"	"19000bl(V II)"	""		"20687.769"	"39127.228"	"3d3.(4F).4s.4p.(3P*)"	"z 4D*"	"3/2"	"3d3.4s.(5F).5s"	"f 4F"	"3/2"		""	"L15916"	
"542.5568"	"0.0002"	"542.55680"	"0.00018"	"210000"	""		"19026.326"	"37457.576"	"3d4.(3F2).4s"	"a 2F"	"5/2"	"3d4.(3F2).4p"	"w 2D*"	"3/2"		""	"L15916"	
"542.5790"	"0.0005"	"542.57902"	"0.00009"	"46000"	""		"15264.832"	"33695.327"	"3d3.4s2"	"a 2H"	"11/2"	"3d3.(2G).4s.4p.(3P*)"	"z 2H*"	"11/2"		""	"L15916"	
"543.0975"	"0.0004"	"543.09741"	"0.00007"	"25000"	""		"20828.481"	"39241.384"	"3d3.(4F).4s.4p.(3P*)"	"z 4D*"	"5/2"	"3d3.4s.(5F).5s"	"f 4F"	"5/2"		""	"L15916"	
"543.9168"	"0.0003"	"543.91676"	"0.00012"	"46000"	""		"19145.148"	"37530.314"	"3d4.(3H).4s"	"b 2H"	"11/2"	"3d4.(3H).4p"	"z 2I*"	"11/2"		""	"L15916"	
"544.4729"	"0.0004"	"544.47281"	"0.00005"	"19000"	""		"21032.503"	"39398.893"	"3d3.(4F).4s.4p.(3P*)"	"z 4D*"	"7/2"	"3d3.4s.(5F).5s"	"f 4F"	"7/2"		""	"L15916"	
"544.737"	"0.004"	"544.73399"	"0.00009"	"55000h"	""		"14949.359"	"33306.943"	"3d4.(3H).4s"	"a 4H"	"9/2"	"3d3.(2G).4s.4p.(3P*)"	"y 2G*"	"9/2"		""	"L14162"	
"545.219"	"0.002"	"545.22057"	"0.00018"	"54000"	""		"15688.862"	"34030.063&dagger;"	"3d4.(3F2).4s"	"b 4F"	"5/2"	"3d3.(2P).4s.4p.(3P*)"	"2D*"	"3/2"		""	"L14162"	
"545.6305"	"0.0004"	"545.63066"	"0.00009"	"16000"	""		"26171.918"	"44499.334"	"3d4.(5D).4p"	"y 4F*"	"9/2"	"3d3.4s.(5F).4d"	"4F"	"9/2"		""	"L15916"	
"545.9640"	"0.0004"	"545.96391"	"0.00009"	"71000"	""		"19026.326"	"37342.555"	"3d4.(3F2).4s"	"a 2F"	"5/2"	"3d3.(2D2).4s.4p.(3P*)"	"w 2F*"	"5/2"		""	"L15916"	
"546.9313"	"0.0007"	"546.93109"	"0.00007"	"25000"	"1.19e+06"	B	"19078.112"	"37361.951"	"3d4.(3F2).4s"	"a 2F"	"7/2"	"3d4.(3H).4p"	"v 2G*"	"9/2"		"T9399"	"L15916"	
"547.5123"	"0.0004"	"547.51191"	"0.00009"	"12000"	""		"19078.112"	"37342.555"	"3d4.(3F2).4s"	"a 2F"	"7/2"	"3d3.(2D2).4s.4p.(3P*)"	"w 2F*"	"5/2"		""	"L15916"	
"547.59936"	""	"547.59936"	"0.00012"	":"	"5.8e+05"	C+	"19023.531"	"37285.057"	"3d4.(3H).4s"	"b 2H"	"9/2"	"3d4.(3H).4p"	"z 4I*"	"9/2"		"T9399"	"L18972"	
"548.3975"	"0.0005"	"548.39663"	"0.00015"	"9200"	""		"29296.430"	"47531.407"	"3d3.(4P).4s.4p.(3P*)"	"y 6P*"	"5/2"	"47531e"	"4F"	"5/2"		""	"L4235"	
"548.8750"	"0.0003"	"548.87468"	"0.00012"	"120000"	"3.1e+06"	C	"14548.816"	"32767.911"	"3d3.4s2"	"2D2"	"5/2"	"3d3.(4P).4s.4p.(3P*)"	"z 2P*"	"3/2"		"T9399"	"L15916"	
"548.9438"	"0.0002"	"548.94374"	"0.00009"	"350000"	"1.96e+07"	B	"19145.148"	"37361.951"	"3d4.(3H).4s"	"b 2H"	"11/2"	"3d4.(3H).4p"	"v 2G*"	"9/2"		"T9399"	"L15916"	
"549.1473"	"0.0002"	"549.14746"	"0.00009"	"120000"	""		"14514.756"	"32724.801"	"3d3.4s2"	"2D2"	"3/2"	"3d3.(4P).4s.4p.(3P*)"	"z 2P*"	"1/2"		""	"L15916"	
"549.3091"	"0.0003"	"549.30900"	"0.00009"	"7800"	""		"26122.094&dagger;"	"44326.784"	"3d4.(5D).4p"	"y 4F*"	"7/2"	"3d3.4s.(5F).4d"	"4F"	"7/2"		""	"L15916"	
"549.7178"	"0.0007"	"549.71768"	"0.00009"	"6100"	""		"26004.234"	"44195.390"	"3d4.(5D).4p"	"y 4F*"	"5/2"	"3d3.4s.(5F).4d"	"4F"	"5/2"		""	"L15916"	
"549.7536"	"0.0005"	"549.75349"	"0.00012"	"46000"	""		"323.432"	"18513.403"	"3d3.4s2"	"a 4F"	"7/2"	"3d3.(4F).4s.4p.(3P*)"	"z 6F*"	"9/2"		""	"L15916"	
"549.77335"	""	"549.77334"	"0.00006"	":"	"4.7e+05"	C	"14548.816"	"32738.130"	"3d3.4s2"	"2D2"	"5/2"	"3d3.(4F).4s.4p.(1P*)"	"w 4F*"	"3/2"		"T9399"	"L18972"	
"549.8355"	"0.0006"	"549.83462"	"0.00012"	"11000"	""		"19023.531"	"37210.818"	"3d4.(3H).4s"	"b 2H"	"9/2"	"3d3.(2H).4s.4p.(3P*)"	"y 2H*"	"11/2"		""	"L15916"	
"550.235"	"0.002"	"550.23436"	"0.00012"	"3300"	""		"0.000"	"18174.074"	"3d3.4s2"	"a 4F"	"3/2"	"3d3.(4F).4s.4p.(3P*)"	"z 6F*"	"3/2"		""	"L14162"	
"550.6390"	"0.0002"	"550.63914"	"0.00015"	"140000"	""		"13801.551"	"31962.265"	"3d3.4s2"	"a 2P"	"3/2"	"3d4.(3P2).4p"	"y 2S*"	"1/2"		""	"L15916"	
"550.7391"	"0.0004"	"550.73919"	"0.00012"	"32000"	"1.72e+06"	B	"19023.531"	"37180.946"	"3d4.(3H).4s"	"b 2H"	"9/2"	"3d3.(2H).4s.4p.(3P*)"	"y 2H*"	"9/2"		"T9399"	"L15916"	
"550.8163"	"0.0003"	"550.81651"	"0.00009"	"5300"	""		"26171.918"	"44326.784"	"3d4.(5D).4p"	"y 4F*"	"9/2"	"3d3.4s.(5F).4d"	"4F"	"7/2"		""	"L15916"	
"550.9293"	"0.0002"	"550.92898"	"0.00007"	"290000"	""		"19023.531"	"37174.691"	"3d4.(3H).4s"	"b 2H"	"9/2"	"3d4.(3H).4p"	"v 2G*"	"7/2"		""	"L9190"	
"551.0140"	"0.0004"	"551.01382"	"0.00007"	"30000"	""		"19026.326"	"37174.691"	"3d4.(3F2).4s"	"a 2F"	"5/2"	"3d4.(3H).4p"	"v 2G*"	"7/2"		""	"L15916"	
"551.2707"	"0.0002"	"551.27068"	"0.00012"	"59000"	"3.2e+06"	B	"19145.148"	"37285.057"	"3d4.(3H).4s"	"b 2H"	"11/2"	"3d4.(3H).4p"	"z 4I*"	"9/2"		"T9399"	"L15916"	
"551.6597"	"0.0004"	"551.65976"	"0.00012"	"110000"	""		"552.955"	"18680.070"	"3d3.4s2"	"a 4F"	"9/2"	"3d3.(4F).4s.4p.(3P*)"	"z 6F*"	"11/2"		""	"L15916"	
"551.6863"	"0.0004"	"551.68609"	"0.00012"	"21000"	"6.3e+03"	B	"0.000"	"18126.250"	"3d3.4s2"	"a 4F"	"3/2"	"3d3.(4F).4s.4p.(3P*)"	"z 6D*"	"3/2"		"T9399"	"L15916"	
"551.834"	"0.002"	"551.83155"	"0.00012"	"3300"	""		"137.383"	"18258.855"	"3d3.4s2"	"a 4F"	"5/2"	"3d3.(4F).4s.4p.(3P*)"	"z 6F*"	"5/2"		""	"L14162"	
"551.8732"	"0.0003"	"551.87321"	"0.00012"	"70000"	""		"0.000"	"18120.104"	"3d3.4s2"	"a 4F"	"3/2"	"3d3.(4F).4s.4p.(3P*)"	"z 6F*"	"1/2"		""	"L15916"	
"552.9157"	"0.0005"	"552.91532"	"0.00012"	"26000"	"1.12e+04"	B	"0.000"	"18085.952"	"3d3.4s2"	"a 4F"	"3/2"	"3d3.(4F).4s.4p.(3P*)"	"z 6D*"	"1/2"		"T9399"	"L15916"	
"553.5362"	"0.0004"	"553.53607"	"0.00012"	"84000"	""		"19145.148"	"37210.818"	"3d4.(3H).4s"	"b 2H"	"11/2"	"3d3.(2H).4s.4p.(3P*)"	"y 2H*"	"11/2"		""	"L15916"	
"553.6881"	"0.0004"	"553.68815"	"0.00009"	"46000"	"9.8e+03"	B	"137.383"	"18198.091"	"3d3.4s2"	"a 4F"	"5/2"	"3d3.(4F).4s.4p.(3P*)"	"z 6D*"	"5/2"		"T9399"	"L15916"	
"554.4255"	"0.0003"	"554.42542"	"0.00009"	"52000"	""		"137.383"	"18174.074"	"3d3.4s2"	"a 4F"	"5/2"	"3d3.(4F).4s.4p.(3P*)"	"z 6F*"	"3/2"		""	"L15916"	
"554.643"	"0.002"	"554.63981"	"0.00012"	"65000"	"1.00e+05"	C+	"8476.234"	"26505.953"	"3d4.(5D).4s"	"a 4D"	"3/2"	"3d4.(5D).4p"	"y 6D*"	"5/2"		"T9399"	"L14162"	
"554.7466"	"0.0004"	"554.74609"	"0.00015"	"140000"	"3.9e+05"	C+	"8578.542"	"26604.807&dagger;"	"3d4.(5D).4s"	"a 4D"	"5/2"	"3d4.(5D).4p"	"y 6D*"	"7/2"		"T9399"	"L15916"	
"554.8597"	"0.0004"	"554.85964"	"0.00012"	"410000"	"1.16e+06"	B	"8715.747"	"26738.323"	"3d4.(5D).4s"	"a 4D"	"7/2"	"3d4.(5D).4p"	"y 6D*"	"9/2"		"T4902"	"L15916"	
"554.9683"	"0.0002"	"554.96828"	"0.00009"	"25000"	""		"26480.286&dagger;"	"44499.334"	"3d4.(5D).4p"	"y 4D*"	"7/2"	"3d3.4s.(5F).4d"	"4F"	"9/2"		""	"L15916"	
"555.8993"	"0.0002"	"555.89938"	"0.00009"	"70000"	"2.00e+04"	B+	"137.383"	"18126.250"	"3d3.4s2"	"a 4F"	"5/2"	"3d3.(4F).4s.4p.(3P*)"	"z 6D*"	"3/2"		"T9399"	"L15916"	
"556.0297"	"0.0004"	"556.02954"	"0.00012"	"210000*"	"7.7e+06"	D+	"13801.551"	"31786.207&dagger;"	"3d3.4s2"	"a 2P"	"3/2"	"3d3.(2P).4s.4p.(3P*)"	"2S*"	"1/2"		"T284n"	"L15916"	
"556.0297"	"0.0004"	"556.03053"	"0.00019"	"210000*"	""		"8413.009"	"26397.633"	"3d4.(5D).4s"	"a 4D"	"1/2"	"3d4.(5D).4p"	"y 6D*"	"1/2"		""	"L15916"	
"556.2087"	"0.0005"	"556.20916"	"0.00009"	"36000"	"6.4e+03"	B	"323.432"	"18302.280"	"3d3.4s2"	"a 4F"	"7/2"	"3d3.(4F).4s.4p.(3P*)"	"z 6D*"	"7/2"		"T9399"	"L15916"	
"556.320"	"0.002"	"556.31904"	"0.00009"	"140000i"	""		"13810.910"	"31786.207&dagger;"	"3d3.4s2"	"a 2P"	"1/2"	"3d3.(2P).4s.4p.(3P*)"	"2S*"	"1/2"		""	"L3475"	
"556.3551"	"0.0003"	"556.35454"	"0.00009"	"9500"	""		"26352.634"	"44326.784"	"3d4.(5D).4p"	"y 4D*"	"5/2"	"3d3.4s.(5F).4d"	"4F"	"7/2"		""	"L15916"	
"556.748"	"0.002"	"556.74575"	"0.00009"	"65000"	"1.41e+05"	C+	"8476.234"	"26437.754"	"3d4.(5D).4s"	"a 4D"	"3/2"	"3d4.(5D).4p"	"y 6D*"	"3/2"		"T4902"	"L14162"	
"557.5558"	"0.0003"	"557.55585"	"0.00016"	"34000"	""		"323.432"	"18258.855"	"3d3.4s2"	"a 4F"	"7/2"	"3d3.(4F).4s.4p.(3P*)"	"z 6F*"	"5/2"		""	"L15916"	
"557.806"	"0.002"	"557.80503"	"0.00012"	"130000"	"1.16e+05"	C+	"8578.542"	"26505.953"	"3d4.(5D).4s"	"a 4D"	"5/2"	"3d4.(5D).4p"	"y 6D*"	"5/2"		"T9627"	"L14162"	
"557.995"	"0.002"	"557.99215"	"0.00016"	"64000h"	"2.8e+05"	C+	"8476.234"	"26397.633"	"3d4.(5D).4s"	"a 4D"	"3/2"	"3d4.(5D).4p"	"y 6D*"	"1/2"		"T9399"	"L14162"	
"558.4172"	"0.0003"	"558.41698"	"0.00012"	"28000"	""		"14548.816"	"32456.581"	"3d3.4s2"	"2D2"	"5/2"	"3d3.(2P).4s.4p.(3P*)"	"x 4D*"	"3/2"		""	"L15916"	
"558.58551"	""	"558.58551"	"0.00009"	":"	"1.52e+06"	C+	"19023.531"	"36925.893&dagger;"	"3d4.(3H).4s"	"b 2H"	"9/2"	"3d4.(3F2).4p"	"x 2F*"	"7/2"		"T9399"	"L18972"	
"558.6048"	"0.0002"	"558.60479"	"0.00005"	"830000"	"1.75e+06"	C+	"8578.542"	"26480.286&dagger;"	"3d4.(5D).4s"	"a 4D"	"5/2"	"3d4.(5D).4p"	"y 4D*"	"7/2"		"T9399"	"L15916"	
"558.6291"	"0.0002"	"558.62910"	"0.00012"	"220000"	""		"15062.959"	"32963.924"	"3d4.(3H).4s"	"a 4H"	"13/2"	"3d3.(2H).4s.4p.(3P*)"	"z 4H*"	"13/2"		""	"L15916"	
"558.7540"	"0.0002"	"558.75408"	"0.00016"	"110000"	""		"15000.937"	"32897.898"	"3d4.(3H).4s"	"a 4H"	"11/2"	"3d3.(2H).4s.4p.(3P*)"	"z 4H*"	"11/2"		""	"L15916"	
"558.7633"	"0.0004"	"558.76329"	"0.00007"	"22000"	""		"26021.907"	"43918.573"	"3d3.(4F).4s.4p.(3P*)"	"z 2G*"	"7/2"	"3d3.(4F).4s.(3F).5s"	"e 2F"	"5/2"		""	"L15916"	
"559.004"	"0.002"	"559.00086"	"0.00012"	"63000"	"1.49e+05"	C+	"8715.747"	"26604.807&dagger;"	"3d4.(5D).4s"	"a 4D"	"7/2"	"3d4.(5D).4p"	"y 6D*"	"7/2"		"T9399"	"L14162"	
"559.12498"	""	"559.12498"	"0.00013"	":"	"3.0e+03"	C+	"552.955"	"18438.044"	"3d3.4s2"	"a 4F"	"9/2"	"3d3.(4F).4s.4p.(3P*)"	"z 6D*"	"9/2"		"T9399"	"L18972"	
"559.3968"	"0.0002"	"559.39675"	"0.00005"	"600000"	"2.66e+06"	B	"8476.234"	"26352.634"	"3d4.(5D).4s"	"a 4D"	"3/2"	"3d4.(5D).4p"	"y 4D*"	"5/2"		"T4902"	"L15916"	
"559.4512"	"0.0003"	"559.45123"	"0.00009"	"99000"	"2.17e+04"	B+	"323.432"	"18198.091"	"3d3.4s2"	"a 4F"	"7/2"	"3d3.(4F).4s.4p.(3P*)"	"z 6D*"	"5/2"		"T9399"	"L15916"	
"559.937"	"0.002"	"559.93512"	"0.00009"	"63000"	"2.0e+05"	C	"8578.542"	"26437.754"	"3d4.(5D).4s"	"a 4D"	"5/2"	"3d4.(5D).4p"	"y 6D*"	"3/2"		"T9399"	"L14162"	
"560.2938"	"0.0003"	"560.29374"	"0.00007"	"120000"	"5.0e+06"	C+	"19078.112"	"36925.893&dagger;"	"3d4.(3F2).4s"	"a 2F"	"7/2"	"3d4.(3F2).4p"	"x 2F*"	"7/2"		"T9399"	"L15916"	
"560.5753"	"0.0003"	"560.57513"	"0.00019"	"140000"	""		"14949.359"	"32788.181"	"3d4.(3H).4s"	"a 4H"	"9/2"	"3d3.(2H).4s.4p.(3P*)"	"z 4H*"	"9/2"		""	"L15916"	
"560.6184"	"0.0003"	"560.61834"	"0.00007"	"51000"	""		"19026.326"	"36863.773"	"3d4.(3F2).4s"	"a 2F"	"5/2"	"3d3.(2H).4s.4p.(3P*)"	"w 4G*"	"5/2"		""	"L15916"	
"560.6491"	"0.0003"	"560.64915"	"0.00005"	"420000"	"2.76e+06"	B+	"8413.009"	"26249.476"	"3d4.(5D).4s"	"a 4D"	"1/2"	"3d4.(5D).4p"	"y 4D*"	"3/2"		"T4902"	"L15916"	
"560.6970"	"0.0005"	"560.69718"	"0.00016"	"12000"	""		"15062.959"	"32897.898"	"3d4.(3H).4s"	"a 4H"	"13/2"	"3d3.(2H).4s.4p.(3P*)"	"z 4H*"	"11/2"		""	"L15916"	
"560.7192"	"0.0005"	"560.71944"	"0.00009"	"21000"	""		"14514.756"	"32348.987"	"3d3.4s2"	"2D2"	"3/2"	"3d3.(2P).4s.4p.(3P*)"	"x 4D*"	"1/2"		""	"L15916"	
"561.176"	"0.002"	"561.17198"	"0.00004"	"45000"	""		"19078.112"	"36897.961"	"3d4.(3F2).4s"	"a 2F"	"7/2"	"3d3.(2H).4s.4p.(3P*)"	"w 4G*"	"9/2"		""	"L14162"	
"561.822"	"0.002"	"561.81836"	"0.00007"	"45000"	""		"19023.531"	"36822.878"	"3d4.(3H).4s"	"b 2H"	"9/2"	"3d3.(2H).4s.4p.(3P*)"	"w 4G*"	"7/2"		""	"L14162"	
"562.10703"	""	"562.10704"	"0.00009"	":"	"9.0e+04"	C+	"8715.747"	"26505.953"	"3d4.(5D).4s"	"a 4D"	"7/2"	"3d4.(5D).4p"	"y 6D*"	"5/2"		"T9399"	"L18972"	
"562.2010"	"0.0004"	"562.20064"	"0.00019"	"11000"	""		"15000.937"	"32788.181"	"3d4.(3H).4s"	"a 4H"	"11/2"	"3d3.(2H).4s.4p.(3P*)"	"z 4H*"	"9/2"		""	"L15916"	
"562.3638"	"0.0003"	"562.36378"	"0.00007"	"110000"	""		"14909.958"	"32692.042"	"3d4.(3H).4s"	"a 4H"	"7/2"	"3d3.(2H).4s.4p.(3P*)"	"z 4H*"	"7/2"		""	"L15916"	
"562.5759"	"0.0003"	"562.57591"	"0.00016"	"56000"	""		"18805.048"	"36580.427&dagger;"	"3d4.(3P2).4s"	"b 2P"	"1/2"	"3d4.(3P2).4p"	"2P*"	"3/2"		""	"L15916"	
"562.6167"	"0.0002"	"562.61664"	"0.00005"	"1200000"	"6.4e+06"	B	"8578.542"	"26352.634"	"3d4.(5D).4s"	"a 4D"	"5/2"	"3d4.(5D).4p"	"y 4D*"	"5/2"		"T9627"	"L15916"	
"562.6434"	"0.0002"	"562.64355"	"0.00005"	"420000"	"4.55e+06"	B+	"8476.234"	"26249.476"	"3d4.(5D).4s"	"a 4D"	"3/2"	"3d4.(5D).4p"	"y 4D*"	"3/2"		"T4902"	"L15916"	
"562.7579"	"0.0003"	"562.75798"	"0.00006"	"330000"	"5.8e+06"	C+	"8413.009"	"26182.637"	"3d4.(5D).4s"	"a 4D"	"1/2"	"3d4.(5D).4p"	"y 4D*"	"1/2"		"T9399"	"L15916"	
"562.9192"	"0.0002"	"562.91920"	"0.00005"	"2400000"	"1.17e+07"	C+	"8715.747"	"26480.286&dagger;"	"3d4.(5D).4s"	"a 4D"	"7/2"	"3d4.(5D).4p"	"y 4D*"	"7/2"		"T9399"	"L15916"	
"563.4019"	"0.0004"	"563.40171"	"0.00010"	"100000"	"1.56e+04"	B+	"552.955"	"18302.280"	"3d3.4s2"	"a 4F"	"9/2"	"3d3.(4F).4s.4p.(3P*)"	"z 6D*"	"7/2"		"T9399"	"L15916"	
"563.5464"	"0.0004"	"563.54646"	"0.00010"	"42000"	""		"19078.112"	"36822.878"	"3d4.(3F2).4s"	"a 2F"	"7/2"	"3d3.(2H).4s.4p.(3P*)"	"w 4G*"	"7/2"		""	"L15916"	
"563.7069"	"0.0003"	"563.70691"	"0.00013"	"55000"	"3.2e+06"	C+	"19026.326"	"36766.041"	"3d4.(3F2).4s"	"a 2F"	"5/2"	"3d4.(3F2).4p"	"x 2F*"	"5/2"		"T9399"	"L15916"	
"564.3000"	"0.0003"	"564.29976"	"0.00010"	"8800"	"3.6e+07"	D+	"26344.902"	"44065.980"	"3d3.(4F).4s.4p.(3P*)"	"z 2G*"	"9/2"	"3d3.(4F).4s.(3F).5s"	"e 2F"	"7/2"		"T9771"	"L15916"	
"564.493"	"0.004"	"564.48750"	"0.00016"	"36000h"	""		"24838.578"	"42553.762"	"3d4.(5D).4p"	"z 6P*"	"7/2"	"3d4.(5D).4d"	"f 6D"	"9/2"		""	"L14162"	
"564.7675"	"0.0003"	"564.76745"	"0.00004"	"510000"	"6.5e+06"	B	"8476.234"	"26182.637"	"3d4.(5D).4s"	"a 4D"	"3/2"	"3d4.(5D).4p"	"y 4D*"	"1/2"		"T9399"	"L15916"	
"565.307"	"0.002"	"565.30634"	"0.00007"	"50000"	"4.8e+05"	D+	"15078.387"	"32767.911"	"3d4.(3P2).4s"	"b 4P"	"1/2"	"3d3.(4P).4s.4p.(3P*)"	"z 2P*"	"3/2"		"T9399"	"L14162"	
"565.3578"	"0.0005"	"565.35731"	"0.00016"	"14000*"	""		"19078.112"	"36766.041"	"3d4.(3F2).4s"	"a 2F"	"7/2"	"3d4.(3F2).4p"	"x 2F*"	"5/2"		""	"L15916"	
"565.3578"	"0.0005"	"565.35827"	"0.00019"	"14000*"	""		"24630.567"	"42318.466"	"3d4.(3D).4s"	"2D"	"5/2"	"3d4.(3D).4p"	"v 2P*"	"3/2"		""	"L15916"	
"565.360"	"0.002"	"565.36108"	"0.00019"	"34000"	""		"26397.633"	"44085.444"	"3d4.(5D).4p"	"y 6D*"	"1/2"	"3d3.4s.(5F).4d"	"4P"	"3/2"		""	"L14162"	
"565.786"	"0.004"	"565.7887"	"0.0003"	"87000h"	""		"19026.326"	"36700.768"	"3d4.(3F2).4s"	"a 2F"	"5/2"	"3d3.(4P).4s.4p.(3P*)"	"x 2D*"	"5/2"		""	"L14162"	
"565.8451"	"0.0003"	"565.84513"	"0.00019"	"49000"	""		"18805.048"	"36477.728&dagger;"	"3d4.(3P2).4s"	"b 2P"	"1/2"	"3d4.(3P2).4p"	"2P*"	"1/2"		""	"L15916"	
"565.9011"	"0.0003"	"565.90104"	"0.00005"	"660000"	"5.0e+06"	B+	"8578.542"	"26249.476"	"3d4.(5D).4s"	"a 4D"	"5/2"	"3d4.(5D).4p"	"y 4D*"	"3/2"		"T4902"	"L15916"	
"565.9970"	"0.0005"	"565.99742"	"0.00019"	"9100"	""		"24838.578"	"42506.503"	"3d4.(5D).4p"	"z 6P*"	"7/2"	"3d4.(5D).4d"	"f 6F"	"9/2"		""	"L4235"	
"566.9936"	"0.0003"	"566.99348"	"0.00006"	"660000"	"3.06e+06"	B	"8715.747"	"26352.634"	"3d4.(5D).4s"	"a 4D"	"7/2"	"3d4.(5D).4p"	"y 4D*"	"5/2"		"T9627"	"L15916"	
"567.2422"	"0.0002"	"567.24216"	"0.00007"	"1900000"	"7.7e+06"	B	"8715.747"	"26344.902"	"3d4.(5D).4s"	"a 4D"	"7/2"	"3d3.(4F).4s.4p.(3P*)"	"z 2G*"	"9/2"		"T9399"	"L15916"	
"568.4791"	"0.0004"	"568.47872"	"0.00013"	"85000"	""		"19189.283"	"36780.091"	"3d4.(3P2).4s"	"b 2P"	"3/2"	"3d3.(4P).4s.4p.(3P*)"	"x 2D*"	"3/2"		""	"L15916"	
"568.524"	"0.002"	"568.52128"	"0.00010"	"48000"	""		"15770.789"	"33360.280"	"3d4.(3F2).4s"	"b 4F"	"9/2"	"3d3.(2G).4s.4p.(3P*)"	"y 2G*"	"7/2"		""	"L14162"	
"568.934"	"0.002"	"568.93313"	"0.00013"	"43000"	"2.5e+06"	C+	"19189.283"	"36766.041"	"3d4.(3P2).4s"	"b 2P"	"3/2"	"3d4.(3F2).4p"	"x 2F*"	"5/2"		"T9399"	"L14162"	
"569.271"	"0.002"	"569.2712"	"0.0005"	"28000"	""		"31717.485"	"49283.804&dagger;"	"3d4.(3P1).4s"	"4P"	"3/2"	"3d2.(3F).4s2.4p"	"n 4D*"	"3/2"		""	"L14162"	
"570.0100"	"0.0002"	"570.01000"	"0.00005"	"7200000"	"1.95e+07"	B	"8578.542"	"26122.094&dagger;"	"3d4.(5D).4s"	"a 4D"	"5/2"	"3d4.(5D).4p"	"y 4F*"	"7/2"		"T9399"	"L15916"	
"570.5157"	"0.0002"	"570.51575"	"0.00005"	"5600000"	"2.11e+07"	B	"8476.234"	"26004.234"	"3d4.(5D).4s"	"a 4D"	"3/2"	"3d4.(5D).4p"	"y 4F*"	"5/2"		"T9399"	"L15916"	
"570.8566"	"0.0002"	"570.85657"	"0.00006"	"3500000"	"1.94e+07"	B	"8413.009"	"25930.544"	"3d4.(5D).4s"	"a 4D"	"1/2"	"3d4.(5D).4p"	"y 4F*"	"3/2"		"T9399"	"L15916"	
"570.9377"	"0.0008"	"570.93796"	"0.00016"	"25000"	"1.33e+06"	C+	"19023.531"	"36538.569"	"3d4.(3H).4s"	"b 2H"	"9/2"	"3d4.(3F2).4p"	"2G*"	"9/2"		"T9399"	"L15916"	
"571.0536"	"0.0004"	"571.0538"	"0.0003"	"47000"	""		"19189.283"	"36700.768"	"3d4.(3P2).4s"	"b 2P"	"3/2"	"3d3.(4P).4s.4p.(3P*)"	"x 2D*"	"5/2"		""	"L15916"	
"571.51580"	""	"571.51580"	"0.00006"	":"	"3.0e+05"	C	"15270.582"	"32767.911"	"3d4.(3P2).4s"	"b 4P"	"3/2"	"3d3.(4P).4s.4p.(3P*)"	"z 2P*"	"3/2"		"T9399"	"L18972"	
"571.517"	"0.002"	"571.5163"	"0.0003"	"35000"	""		"24789.401"	"42286.714"	"3d4.(5D).4p"	"y 6F*"	"1/2"	"3d4.(5D).4d"	"f 6F"	"3/2"		""	"L14162"	
"571.7822"	"0.0008"	"571.7815"	"0.0010"	"37000bl"	""		"26505.953"	"43995.152"	"3d4.(5D).4p"	"y 6D*"	"5/2"	"3d3.4s.(5F).4d"	"6F"	"5/2"		""	"L15916"	
"572.217"	"0.002"	"572.21630"	"0.00007"	"38000"	""		"22121.079"	"39596.988"	"3d3.(4F).4s.4p.(3P*)"	"z 4G*"	"9/2"	"3d3.4s.(5F).5s"	"f 4F"	"9/2"		""	"L14162"	
"572.6900"	"0.0003"	"572.6901"	"0.0003"	"30000"	""		"24648.114"	"42109.564"	"3d4.(5D).4p"	"z 6P*"	"3/2"	"3d4.(5D).4d"	"e 6P"	"5/2"		""	"L15916"	
"572.7228"	"0.0002"	"572.72270"	"0.00013"	"300000"	"1.38e+07"	B	"19078.112"	"36538.569"	"3d4.(3F2).4s"	"a 2F"	"7/2"	"3d4.(3F2).4p"	"2G*"	"9/2"		"T9399"	"L15916"	
"572.8634"	"0.0002"	"572.86332"	"0.00007"	"5100000"	"1.94e+07"	B	"8715.747"	"26171.918"	"3d4.(5D).4s"	"a 4D"	"7/2"	"3d4.(5D).4p"	"y 4F*"	"9/2"		"T9399"	"L15916"	
"572.9244"	"0.0003"	"572.92440"	"0.00005"	"1000000"	"7.3e+06"	C+	"8476.234"	"25930.544"	"3d4.(5D).4s"	"a 4D"	"3/2"	"3d4.(5D).4p"	"y 4F*"	"3/2"		"T9399"	"L15916"	
"573.148"	"0.002"	"573.14772"	"0.00016"	"480"	""		"14514.756"	"31962.265"	"3d3.4s2"	"2D2"	"3/2"	"3d4.(3P2).4p"	"y 2S*"	"1/2"		""	"L14162"	
"573.2839"	"0.0002"	"573.28388"	"0.00007"	"1400000"	"4.6e+06"	B	"8578.542"	"26021.907"	"3d4.(5D).4s"	"a 4D"	"5/2"	"3d3.(4F).4s.4p.(3P*)"	"z 2G*"	"7/2"		"T9399"	"L15916"	
"573.4686"	"0.0003"	"573.46845"	"0.00016"	"42000"	""		"19023.531"	"36461.282"	"3d4.(3H).4s"	"b 2H"	"9/2"	"3d4.(3F2).4p"	"2G*"	"7/2"		""	"L15916"	
"573.4922"	"0.0003"	"573.49255"	"0.00013"	"30000"	""		"24727.841"	"42164.859"	"3d4.(5D).4p"	"z 6P*"	"5/2"	"3d4.(5D).4d"	"e 6P"	"7/2"		""	"L15916"	
"573.5605"	"0.0002"	"573.56038"	"0.00013"	"170000"	""		"19026.326"	"36461.282"	"3d4.(3F2).4s"	"a 2F"	"5/2"	"3d4.(3F2).4p"	"2G*"	"7/2"		""	"L15916"	
"573.8654"	"0.0003"	"573.86530"	"0.00005"	"1400000"	"6.1e+06"	C+	"8578.542"	"26004.234"	"3d4.(5D).4s"	"a 4D"	"5/2"	"3d4.(5D).4p"	"y 4F*"	"5/2"		"T9399"	"L15916"	
"574.5030"	"0.0003"	"574.50308"	"0.00007"	"660000"	"2.6e+06"	C+	"8715.747"	"26122.094&dagger;"	"3d4.(5D).4s"	"a 4D"	"7/2"	"3d4.(5D).4p"	"y 4F*"	"7/2"		"T9399"	"L15916"	
"574.8765"	"0.0004"	"574.87685"	"0.00017"	"7200"	""		"25111.473"	"42506.503"	"3d4.(5D).4p"	"y 6F*"	"9/2"	"3d4.(5D).4d"	"f 6F"	"9/2"		""	"L15916"	
"574.9299"	"0.0003"	"574.93003"	"0.00013"	"73000"	"3.1e+06"	C+	"19145.148"	"36538.569"	"3d4.(3H).4s"	"b 2H"	"11/2"	"3d4.(3F2).4p"	"2G*"	"9/2"		"T9399"	"L15916"	
"575.000"	"0.002"	"575.00530"	"0.00017"	"41000"	""		"19189.283"	"36580.427&dagger;"	"3d4.(3P2).4s"	"b 2P"	"3/2"	"3d4.(3P2).4p"	"2P*"	"3/2"		""	"L14162"	
"575.0322"	"0.0007"	"575.0317"	"0.0008"	"26000*"	""		"26604.807&dagger;"	"43995.152"	"3d4.(5D).4p"	"y 6D*"	"7/2"	"3d3.4s.(5F).4d"	"6F"	"5/2"		""	"L15916"	
"575.0322"	"0.0007"	"575.03202"	"0.00020"	"26000*"	"1.02e+07"	C+	"24630.567"	"42020.903"	"3d4.(3D).4s"	"2D"	"5/2"	"3d4.(3D).4p"	"u 2F*"	"7/2"		"T9399"	"L15916"	
"575.0487"	"0.0002"	"575.04862"	"0.00010"	"190000"	"3.9e+06"	D+	"15270.582"	"32660.416"	"3d4.(3P2).4s"	"b 4P"	"3/2"	"3d3.(2P).4s.4p.(3P*)"	"x 4D*"	"5/2"		"T284n"	"L15916"	
"575.224"	"0.002"	"575.22367"	"0.00010"	"92000"	"1.03e+06"	C	"15770.789"	"33155.331"	"3d4.(3F2).4s"	"b 4F"	"9/2"	"3d3.(4F).4s.4p.(1P*)"	"w 4F*"	"9/2"		"T9399"	"L14162"	
"575.4338"	"0.0003"	"575.43379"	"0.00006"	"83000bl(V II)"	""		"15078.387"	"32456.581"	"3d4.(3P2).4s"	"b 4P"	"1/2"	"3d3.(2P).4s.4p.(3P*)"	"x 4D*"	"3/2"		""	"L15916"	
"575.6760"	"0.0005"	"575.67604"	"0.00020"	"11000"	""		"24992.909"	"42363.790"	"3d4.(5D).4p"	"y 6F*"	"7/2"	"3d4.(5D).4d"	"f 6F"	"7/2"		""	"L15916"	
"576.301"	"0.002"	"576.30238"	"0.00006"	"100000"	"4.9e+05"	C+	"8578.542"	"25930.544"	"3d4.(5D).4s"	"a 4D"	"5/2"	"3d4.(5D).4p"	"y 4F*"	"3/2"		"T9399"	"L3475"	
"577.162"	"0.004"	"577.15790"	"0.00017"	"510000h"	""		"24838.578"	"42164.859"	"3d4.(5D).4p"	"z 6P*"	"7/2"	"3d4.(5D).4d"	"e 6P"	"7/2"		""	"L14162"	
"577.2125"	"0.0004"	"577.21270"	"0.00020"	"29000"	"2.3e+07"	C	"25253.457"	"42578.093"	"3d4.(5D).4p"	"y 6F*"	"11/2"	"3d4.(5D).4d"	"f 6F"	"11/2"		"u38"	"L15916"	
"577.4012"	"0.0002"	"577.40128"	"0.00006"	"340000"	"8.1e+06"	C+	"15572.035"	"32891.013"	"3d4.(3P2).4s"	"b 4P"	"5/2"	"3d3.(2P).4s.4p.(3P*)"	"x 4D*"	"7/2"		"T9399"	"L15916"	
"577.8056"	"0.0004"	"577.80540"	"0.00017"	"18000"	"9.6e+06"	C	"24643.528"	"41950.393"	"3d4.(3D).4s"	"2D"	"3/2"	"3d4.(3D).4p"	"u 2F*"	"5/2"		"T9282"	"L15916"	
"577.8293"	"0.0003"	"577.82893"	"0.00005"	"210000"	"7.1e+05"	C+	"8715.747"	"26021.907"	"3d4.(5D).4s"	"a 4D"	"7/2"	"3d3.(4F).4s.4p.(3P*)"	"z 2G*"	"7/2"		"T9399"	"L15916"	
"578.4205"	"0.0007"	"578.41962"	"0.00010"	"66000*"	""		"8715.747"	"26004.234"	"3d4.(5D).4s"	"a 4D"	"7/2"	"3d4.(5D).4p"	"y 4F*"	"5/2"		""	"L15916"	
"578.4205"	"0.0007"	"578.4209"	"0.0005"	"66000*"	""		"27470.790"	"44759.239"	"3d3.(4F).4s.4p.(3P*)"	"z 2F*"	"7/2"	"3d3.(4F).4s.(3F).5s"	"4F"	"7/2"		""	"L15916"	
"578.4205"	"0.0007"	"578.42102"	"0.00020"	"66000*"	""		"19189.283"	"36477.728&dagger;"	"3d4.(3P2).4s"	"b 2P"	"3/2"	"3d4.(3P2).4p"	"2P*"	"1/2"		""	"L15916"	
"578.4443"	"0.0003"	"578.44424"	"0.00008"	"53000"	""		"17242.070"	"34529.821"	"3d4.(3G).4s"	"a 4G"	"11/2"	"3d3.(2D2).4s.4p.(3P*)"	"4F*"	"9/2"		""	"L15916"	
"578.5094"	"0.0004"	"578.50929"	"0.00004"	"43000"	""		"21841.421"	"39127.228"	"3d3.(4F).4s.4p.(3P*)"	"z 4G*"	"5/2"	"3d3.4s.(5F).5s"	"f 4F"	"3/2"		""	"L15916"	
"578.5979"	"0.0003"	"578.59803"	"0.00008"	"160000"	"2.7e+07"	C	"22313.832"	"39596.988"	"3d3.(4F).4s.4p.(3P*)"	"z 4G*"	"11/2"	"3d3.4s.(5F).5s"	"f 4F"	"9/2"		"u38"	"L15916"	
"578.7746"	"0.0018"	"578.77391"	"0.00005"	"220000bl"	""		"20828.481"	"38106.385"	"3d3.(4F).4s.4p.(3P*)"	"z 4D*"	"5/2"	"3d4.(5D).5s"	"e 4D"	"5/2"		""	"L15916"	
"579.0187"	"0.0002"	"579.01868"	"0.00020"	"110000"	""		"15078.387"	"32348.987"	"3d4.(3P2).4s"	"b 4P"	"1/2"	"3d3.(2P).4s.4p.(3P*)"	"x 4D*"	"1/2"		""	"L15916"	
"579.214"	"0.002"	"579.21937"	"0.00003"	"45000"	"7.4e+05"	C	"15724.229"	"32988.845"	"3d4.(3F2).4s"	"b 4F"	"7/2"	"3d3.(4F).4s.4p.(1P*)"	"w 4F*"	"7/2"		"T9399"	"L14162"	
"579.44394"	""	"579.44394"	"0.00017"	":"	"1.6e+05"	D+	"17116.947"	"34374.872"	"3d4.(3G).4s"	"a 4G"	"7/2"	"3d3.(2D2).4s.4p.(3P*)"	"4F*"	"7/2"		"T9399"	"L18972"	
"579.8905"	"0.0004"	"579.8898"	"0.0004"	"14000"	""		"24789.401"	"42034.058"	"3d4.(5D).4p"	"y 6F*"	"1/2"	"3d4.(5D).4d"	"e 6G"	"3/2"		""	"L15916"	
"579.95955"	""	"579.95954"	"0.00020"	":"	"3.6e+06"	C	"24778.321"	"42020.903"	"3d3.4s2"	"2F"	"7/2"	"3d4.(3D).4p"	"u 2F*"	"7/2"		"T9399"	"L18972"	
"580.052"	"0.002"	"580.04428"	"0.00017"	"51000"	""		"32692.042"	"49932.105"	"3d3.(2H).4s.4p.(3P*)"	"z 4H*"	"7/2"	"3d3.4s.(5F).4d?"	"g 6G?"	"9/2"		""	"L14162"	
"580.1452"	"0.0003"	"580.1452"	"0.0003"	"45000"	"5.7e+07"	C	"24830.221"	"42067.285"	"3d4.(5D).4p"	"y 6F*"	"3/2"	"3d4.(5D).4d"	"e 6G"	"5/2"		"u38"	"L15916"	
"580.8709"	"0.0003"	"580.8709"	"0.0003"	"130000"	"6.2e+07"	C	"24898.804"	"42114.333"	"3d4.(5D).4p"	"y 6F*"	"5/2"	"3d4.(5D).4d"	"e 6G"	"7/2"		"u38"	"L15916"	
"581.6396"	"0.0003"	"581.63886"	"0.00017"	"20000"	"6.6e+05"	C	"17182.073"	"34374.872"	"3d4.(3G).4s"	"a 4G"	"9/2"	"3d3.(2D2).4s.4p.(3P*)"	"4F*"	"7/2"		"T9399"	"L15916"	
"581.8692"	"0.0003"	"581.86900"	"0.00006"	"110000"	""		"15270.582"	"32456.581"	"3d4.(3P2).4s"	"b 4P"	"3/2"	"3d3.(2P).4s.4p.(3P*)"	"x 4D*"	"3/2"		""	"L15916"	
"581.9104"	"0.0003"	"581.91041"	"0.00020"	"120000"	"6.9e+07"	C	"24992.909"	"42177.685"	"3d4.(5D).4p"	"y 6F*"	"7/2"	"3d4.(5D).4d"	"e 6G"	"9/2"		"u38"	"L15916"	
"582.4630"	"0.0004"	"582.46271"	"0.00020"	"13000"	""		"24898.804"	"42067.285"	"3d4.(5D).4p"	"y 6F*"	"5/2"	"3d4.(5D).4d"	"e 6G"	"5/2"		""	"L15916"	
"582.821"	"0.002"	"582.81987"	"0.00006"	"44000"	"6.0e+05"	C+	"15688.862"	"32846.822"	"3d4.(3F2).4s"	"b 4F"	"5/2"	"3d3.(4F).4s.4p.(1P*)"	"w 4F*"	"5/2"		"T9627"	"L14162"	
"583.2290"	"0.0002"	"583.22910"	"0.00020"	"200000"	"7.5e+07"	C	"25111.473"	"42257.394"	"3d4.(5D).4p"	"y 6F*"	"9/2"	"3d4.(5D).4d"	"e 6G"	"11/2"		"u38"	"L15916"	
"584.0636"	"0.0004"	"584.06357"	"0.00020"	"16000"	""		"24992.909"	"42114.333"	"3d4.(5D).4p"	"y 6F*"	"7/2"	"3d4.(5D).4d"	"e 6G"	"7/2"		""	"L15916"	
"584.098"	"0.004"	"584.10451"	"0.00006"	"17000h"	""		"15770.789"	"32891.013"	"3d4.(3F2).4s"	"b 4F"	"9/2"	"3d3.(2P).4s.4p.(3P*)"	"x 4D*"	"7/2"		""	"L14162"	
"584.68898"	""	"584.68898"	"0.00007"	":"	"1.4e+05"	C	"15664.801"	"32767.911"	"3d4.(3F2).4s"	"b 4F"	"3/2"	"3d3.(4P).4s.4p.(3P*)"	"z 2P*"	"3/2"		"T9399"	"L18972"	
"584.7873"	"0.0002"	"584.78725"	"0.00021"	"300000"	"8.2e+07"	C	"25253.457"	"42353.693"	"3d4.(5D).4p"	"y 6F*"	"11/2"	"3d4.(5D).4d"	"e 6G"	"13/2"		"u38"	"L15916"	
"585.1925"	"0.0003"	"585.19294"	"0.00006"	"54000"	"3.3e+06"	D+	"15572.035"	"32660.416"	"3d4.(3P2).4s"	"b 4P"	"5/2"	"3d3.(2P).4s.4p.(3P*)"	"x 4D*"	"5/2"		"T284n"	"L15916"	
"585.537"	"0.002"	"585.53477"	"0.00021"	"44000"	""		"15270.582"	"32348.987"	"3d4.(3P2).4s"	"b 4P"	"3/2"	"3d3.(2P).4s.4p.(3P*)"	"x 4D*"	"1/2"		""	"L14162"	
"585.711"	"0.002"	"585.70886"	"0.00010"	"430"	""		"15664.801"	"32738.130"	"3d4.(3F2).4s"	"b 4F"	"3/2"	"3d3.(4F).4s.4p.(1P*)"	"w 4F*"	"3/2"		""	"L14162"	
"585.9535"	"0.0003"	"585.9531"	"0.0003"	"12000"	""		"25111.473"	"42177.685"	"3d4.(5D).4p"	"y 6F*"	"9/2"	"3d4.(5D).4d"	"e 6G"	"9/2"		""	"L15916"	
"586.479"	"0.002"	"586.47810"	"0.00014"	"410"	""		"17116.947"	"34167.882"	"3d4.(3G).4s"	"a 4G"	"7/2"	"3d3.(2P).4s.4p.(3P*)"	"2D*"	"5/2"		""	"L14162"	
"587.46792"	""	"587.46792"	"0.00010"	":"	"2.0e+05"	C	"21101.589"	"38123.795"	"3d4.(3G).4s"	"2G"	"7/2"	"3d4.(3H).4p"	"x 2H*"	"9/2"		"T9399"	"L18972"	
"588.0994"	"0.0004"	"588.09910"	"0.00021"	"26000"	""		"25253.457"	"42257.394"	"3d4.(5D).4p"	"y 6F*"	"11/2"	"3d4.(5D).4d"	"e 6G"	"11/2"		""	"L15916"	
"592.621"	"0.002"	"592.62167"	"0.00011"	"200000"	"5.e+05"	E	"15062.959"	"31937.131"	"3d4.(3H).4s"	"a 4H"	"13/2"	"3d3.(4F).4s.4p.(1P*)"	"x 4G*"	"11/2"		"T4902"	"L3475"	
"596.7129"	"0.0012"	"596.71404"	"0.00021"	"140000bl(Ne)"	""		"30635.580"	"47394.026"	"3d3.(2G).4s.4p.(3P*)"	"y 4G*"	"5/2"	"47394e"	"4F"	"3/2"		""	"L15916"	
"597.6991"	"0.0004"	"597.69912"	"0.00008"	"21000"	""		"27187.747"	"43918.573"	"3d3.(4F).4s.4p.(3P*)"	"z 2F*"	"5/2"	"3d3.(4F).4s.(3F).5s"	"e 2F"	"5/2"		""	"L15916"	
"598.057"	"0.002"	"598.05597"	"0.00007"	"140000"	"8.e+05"	D+	"15000.937"	"31721.780"	"3d4.(3H).4s"	"a 4H"	"11/2"	"3d3.(4F).4s.4p.(1P*)"	"x 4G*"	"9/2"		"T4902"	"L3475"	
"598.2438"	"0.0002"	"598.24374"	"0.00006"	"120000"	"3.0e+05"	B	"9637.039"	"26352.634"	"3d3.4s2"	"a 4P"	"3/2"	"3d4.(5D).4p"	"y 4D*"	"5/2"		"T9627"	"L15916"	
"598.626"	"0.002"	"598.62886"	"0.00008"	"48000"	"1.69e+05"	C+	"9544.635"	"26249.476"	"3d3.4s2"	"a 4P"	"1/2"	"3d4.(5D).4p"	"y 4D*"	"3/2"		"T9399"	"L14162"	
"600.3965"	"0.0003"	"600.39650"	"0.00007"	"170000"	"3.8e+05"	C+	"9824.626"	"26480.286&dagger;"	"3d3.4s2"	"a 4P"	"5/2"	"3d4.(5D).4p"	"y 4D*"	"7/2"		"T9399"	"L15916"	
"600.4287"	"0.0002"	"600.42866"	"0.00008"	"340000"	"8.1e+05"	B+	"8476.234"	"25131.002"	"3d4.(5D).4s"	"a 4D"	"3/2"	"3d4.(5D).4p"	"z 4P*"	"5/2"		"T4902"	"L15916"	
"601.031"	"0.002"	"601.03371"	"0.00008"	"470"	"3.4e+05"	C+	"9544.635"	"26182.637"	"3d3.4s2"	"a 4P"	"1/2"	"3d4.(5D).4p"	"y 4D*"	"1/2"		"T9399"	"L14162"	
"601.7785"	"0.0004"	"601.77871"	"0.00011"	"110000"	"4.1e+06"	B	"21603.259"	"38220.663"	"3d4.(1G2).4s"	"b 2G"	"9/2"	"3d4.(3H).4p"	"x 2H*"	"11/2"		"T9399"	"L15916"	
"601.957"	"0.002"	"601.95864"	"0.00007"	"460"	"1.95e+05"	B+	"9637.039"	"26249.476"	"3d3.4s2"	"a 4P"	"3/2"	"3d4.(5D).4p"	"y 4D*"	"3/2"		"T4902"	"L14162"	
"602.3416"	"0.0003"	"602.34189"	"0.00022"	"130000"	""		"22479.403"	"39081.270"	"3d4.(1I).4s"	"2I"	"13/2"	"3d3.(2H).4s.4p.(3P*)"	"y 2I*"	"13/2"		""	"L15916"	
"602.5842"	"0.0003"	"602.58424"	"0.00011"	"28000"	""		"27470.790"	"44065.980"	"3d3.(4F).4s.4p.(3P*)"	"z 2F*"	"7/2"	"3d3.(4F).4s.(3F).5s"	"e 2F"	"7/2"		""	"L15916"	
"602.7067"	"0.0002"	"602.70707"	"0.00008"	"100000"	"5.8e+05"	C+	"14949.359"	"31541.167"	"3d4.(3H).4s"	"a 4H"	"9/2"	"3d3.(4F).4s.4p.(1P*)"	"x 4G*"	"7/2"		"T9399"	"L15916"	
"604.1398"	"0.0002"	"604.13981"	"0.00009"	"2800000"	"6.6e+06"	B+	"8578.542"	"25131.002"	"3d4.(5D).4s"	"a 4D"	"5/2"	"3d4.(5D).4p"	"z 4P*"	"5/2"		"T9627"	"L15916"	
"605.031"	"0.002"	"605.03359"	"0.00006"	"450"	"7.6e+04"	C+	"9824.626"	"26352.634"	"3d3.4s2"	"a 4P"	"5/2"	"3d4.(5D).4p"	"y 4D*"	"5/2"		"T9399"	"L14162"	
"605.6153"	"0.0003"	"605.61564"	"0.00018"	"97000"	""		"22496.546"	"39008.669"	"3d4.(1I).4s"	"2I"	"11/2"	"3d3.(2H).4s.4p.(3P*)"	"y 2I*"	"11/2"		""	"L15916"	
"605.9820"	"0.0003"	"605.98194"	"0.00007"	"630000"	"1.77e+06"	B	"8413.009"	"24915.151"	"3d4.(5D).4s"	"a 4D"	"1/2"	"3d4.(5D).4p"	"z 4P*"	"3/2"		"T4902"	"L15916"	
"606.50670"	""	"606.50670"	"0.00011"	":"	"4.9e+05"	C	"14909.958"	"31397.822"	"3d4.(3H).4s"	"a 4H"	"7/2"	"3d3.(4F).4s.4p.(1P*)"	"x 4G*"	"5/2"		"T9399"	"L18972"	
"606.8927"	"0.0004"	"606.89278"	"0.00015"	"81000"	"3.7e+06"	B	"21646.420"	"38123.795"	"3d4.(1G2).4s"	"b 2G"	"7/2"	"3d4.(3H).4p"	"x 2H*"	"9/2"		"T9399"	"L15916"	
"607.9059"	"0.0005"	"607.9074"	"0.0003"	"15000"	""		"0.000"	"16449.875"	"3d3.4s2"	"a 4F"	"3/2"	"3d3.(4F).4s.4p.(3P*)"	"z 6G*"	"5/2"		""	"L4235"	
"608.3125"	"0.0002"	"608.31258"	"0.00006"	"3000000"	"1.10e+07"	B	"8476.234"	"24915.151"	"3d4.(5D).4s"	"a 4D"	"3/2"	"3d4.(5D).4p"	"z 4P*"	"3/2"		"T4902"	"L15916"	
"608.4486"	"0.0005"	"608.44812"	"0.00015"	"5700"	""		"137.383"	"16572.638"	"3d3.4s2"	"a 4F"	"5/2"	"3d3.(4F).4s.4p.(3P*)"	"z 6G*"	"7/2"		""	"L4235"	
"608.9178"	"0.0003"	"608.91809"	"0.00011"	"15000"	"9.3e+04"	C+	"8476.234"	"24898.804"	"3d4.(5D).4s"	"a 4D"	"3/2"	"3d4.(5D).4p"	"y 6F*"	"5/2"		"T9399"	"L15916"	
"609.116"	"0.002"	"609.11682"	"0.00015"	"10000"	"7.8e+04"	C	"8413.009"	"24830.221"	"3d4.(5D).4s"	"a 4D"	"1/2"	"3d4.(5D).4p"	"y 6F*"	"3/2"		"T9399"	"L14162"	
"609.1895"	"0.0002"	"609.18944"	"0.00006"	"8100000"	"2.57e+07"	B+	"8715.747"	"25131.002"	"3d4.(5D).4s"	"a 4D"	"7/2"	"3d4.(5D).4p"	"z 4P*"	"5/2"		"T9627"	"L15916"	
"609.221"	"0.002"	"609.22240"	"0.00011"	"910"	""		"8578.542"	"24992.909"	"3d4.(5D).4s"	"a 4D"	"5/2"	"3d4.(5D).4p"	"y 6F*"	"7/2"		""	"L14162"	
"609.5562"	"0.0005"	"609.55647"	"0.00019"	"15000"	""		"323.432"	"16728.803"	"3d3.4s2"	"a 4F"	"7/2"	"3d3.(4F).4s.4p.(3P*)"	"z 6G*"	"9/2"		""	"L4235"	
"609.9146"	"0.0004"	"609.91505"	"0.00011"	"45000"	"5.1e+04"	C	"8715.747"	"25111.473"	"3d4.(5D).4s"	"a 4D"	"7/2"	"3d4.(5D).4p"	"y 6F*"	"9/2"		"T9399"	"L9190"	
"610.6343"	"0.0005"	"610.63511"	"0.00015"	"20000"	""		"8413.009"	"24789.401"	"3d4.(5D).4s"	"a 4D"	"1/2"	"3d4.(5D).4p"	"y 6F*"	"1/2"		""	"L4235"	
"610.8664"	"0.0003"	"610.86631"	"0.00008"	"160000"	""		"11100.596"	"27470.790"	"3d3.4s2"	"a 2G"	"9/2"	"3d3.(4F).4s.4p.(3P*)"	"z 2F*"	"7/2"		""	"L15916"	
"611.1900"	"0.0005"	"611.19132"	"0.00019"	"11000"	""		"0.000"	"16361.489"	"3d3.4s2"	"a 4F"	"3/2"	"3d3.(4F).4s.4p.(3P*)"	"z 6G*"	"3/2"		""	"L4235"	
"611.3343"	"0.0002"	"611.33423"	"0.00009"	"1800000"	"1.66e+07"	B+	"8413.009"	"24770.673"	"3d4.(5D).4s"	"a 4D"	"1/2"	"3d4.(5D).4p"	"z 4P*"	"1/2"		"T4902"	"L15916"	
"611.47169"	""	"611.47169"	"0.00011"	":"	"6.6e+04"	C	"8476.234"	"24830.221"	"3d4.(5D).4s"	"a 4D"	"3/2"	"3d4.(5D).4p"	"y 6F*"	"3/2"		"T9399"	"L18972"	
"612.1222"	"0.0002"	"612.12214"	"0.00006"	"3800000"	"1.97e+07"	B	"8578.542"	"24915.151"	"3d4.(5D).4s"	"a 4D"	"5/2"	"3d4.(5D).4p"	"z 4P*"	"3/2"		"T4902"	"L15916"	
"613.0028"	"0.0010"	"613.00175"	"0.00011"	"130000"	""		"8476.234"	"24789.401"	"3d4.(5D).4s"	"a 4D"	"3/2"	"3d4.(5D).4p"	"y 6F*"	"1/2"		""	"L4235"	
"613.0285"	"0.0005"	"613.02712"	"0.00019"	"17000"	""		"137.383"	"16449.875"	"3d3.4s2"	"a 4F"	"5/2"	"3d3.(4F).4s.4p.(3P*)"	"z 6G*"	"5/2"		""	"L4235"	
"613.6766"	"0.0002"	"613.67663"	"0.00008"	"240000"	""		"10892.520"	"27187.747"	"3d3.4s2"	"a 2G"	"7/2"	"3d3.(4F).4s.4p.(3P*)"	"z 2F*"	"5/2"		""	"L15916"	
"613.7063"	"0.0002"	"613.70631"	"0.00008"	"1800000"	"1.53e+07"	B+	"8476.234"	"24770.673"	"3d4.(5D).4s"	"a 4D"	"3/2"	"3d4.(5D).4p"	"z 4P*"	"1/2"		"T4902"	"L15916"	
"615.1855"	"0.0002"	"615.18545"	"0.00015"	"1400000"	""		"2424.809"	"18680.070"	"3d4.(5D).4s"	"a 6D"	"9/2"	"3d3.(4F).4s.4p.(3P*)"	"z 6F*"	"11/2"		""	"L15916"	
"615.3196"	"0.0005"	"615.32104"	"0.00015"	"62000"	""		"8578.542"	"24830.221"	"3d4.(5D).4s"	"a 4D"	"5/2"	"3d4.(5D).4p"	"y 6F*"	"3/2"		""	"L4235"	
"615.407"	"0.005"	"615.41469"	"0.00015"	"20000"	""		"323.432"	"16572.638"	"3d3.4s2"	"a 4F"	"7/2"	"3d3.(4F).4s.4p.(3P*)"	"z 6G*"	"7/2"		""	"L4235"	
"615.946"	"0.002"	"615.94920"	"0.00007"	"3000"	""		"8413.009"	"24648.114"	"3d4.(5D).4s"	"a 4D"	"1/2"	"3d4.(5D).4p"	"z 6P*"	"3/2"		""	"L14162"	
"617.2064"	"0.0002"	"617.20646"	"0.00011"	"660000"	""		"2311.369"	"18513.403"	"3d4.(5D).4s"	"a 6D"	"7/2"	"3d3.(4F).4s.4p.(3P*)"	"z 6F*"	"9/2"		""	"L15916"	
"617.7286"	"0.0004"	"617.72883"	"0.00003"	"48000"	""		"23210.560"	"39398.893"	"3d3.(4F).4s.4p.(3P*)"	"z 4F*"	"5/2"	"3d3.4s.(5F).5s"	"f 4F"	"7/2"		""	"L15916"	
"617.91453"	""	"617.91453"	"0.00015"	":"	"7.4e+05"	B	"21101.589"	"37285.057"	"3d4.(3G).4s"	"2G"	"7/2"	"3d4.(3H).4p"	"z 4I*"	"9/2"		"T9399"	"L18972"	
"618.062"	""	"618.06195"	"0.00007"	":"	"1.6e+04"	D	"9824.626"	"26004.234"	"3d3.4s2"	"a 4P"	"5/2"	"3d4.(5D).4p"	"y 4F*"	"5/2"		"T4902"	"L20056"	
"618.3575"	"0.0003"	"618.35730"	"0.00006"	"44000"	"1.54e+05"	C+	"8476.234"	"24648.114"	"3d4.(5D).4s"	"a 4D"	"3/2"	"3d4.(5D).4p"	"z 6P*"	"3/2"		"T9399"	"L15916"	
"619.1067"	"0.0002"	"619.10665"	"0.00011"	"180000"	""		"2220.156"	"18372.462"	"3d4.(5D).4s"	"a 6D"	"5/2"	"3d3.(4F).4s.4p.(3P*)"	"z 6F*"	"7/2"		""	"L15916"	
"619.2218"	"0.0003"	"619.22192"	"0.00009"	"47000"	"8.6e+04"	C+	"8578.542"	"24727.841"	"3d4.(5D).4s"	"a 4D"	"5/2"	"3d4.(5D).4p"	"z 6P*"	"5/2"		"T9399"	"L15916"	
"620.0906"	"0.0002"	"620.09063"	"0.00015"	"3500000"	"6.0e+05"	B+	"2311.369"	"18438.044"	"3d4.(5D).4s"	"a 6D"	"7/2"	"3d3.(4F).4s.4p.(3P*)"	"z 6D*"	"9/2"		"T9627"	"L15916"	
"620.236"	"0.003"	"620.2352"	"0.0003"	"1200*"	""		"25930.544"	"42053.460"	"3d4.(5D).4p"	"y 4F*"	"3/2"	"3d4.(5D).4d"	"e 6P"	"3/2"		""	"L14162"	
"620.236"	"0.003"	"620.23847"	"0.00012"	"1200*"	""		"8715.747"	"24838.578"	"3d4.(5D).4s"	"a 4D"	"7/2"	"3d4.(5D).4p"	"z 6P*"	"7/2"		""	"L14162"	
"620.9010"	"0.0004"	"620.90074"	"0.00015"	"42000"	""		"2153.221"	"18258.855"	"3d4.(5D).4s"	"a 6D"	"3/2"	"3d3.(4F).4s.4p.(3P*)"	"z 6F*"	"5/2"		""	"L15916"	
"621.5584"	"0.0002"	"621.55835"	"0.00012"	"1000000"	""		"2424.809"	"18513.403"	"3d4.(5D).4s"	"a 6D"	"9/2"	"3d3.(4F).4s.4p.(3P*)"	"z 6F*"	"9/2"		""	"L15916"	
"621.6467"	"0.0004"	"621.64703"	"0.00009"	"66000"	"1.24e+06"	C+	"21275.652"	"37361.951"	"3d4.(3G).4s"	"2G"	"9/2"	"3d4.(3H).4p"	"v 2G*"	"9/2"		"T9399"	"L15916"	
"621.8084"	"0.0002"	"621.80841"	"0.00012"	"3500000"	"9.9e+05"	B+	"2220.156"	"18302.280"	"3d4.(5D).4s"	"a 6D"	"5/2"	"3d3.(4F).4s.4p.(3P*)"	"z 6D*"	"7/2"		"T9627"	"L15916"	
"622.0019"	"0.0003"	"622.00211"	"0.00006"	"110000"	""		"23519.872"	"39596.988"	"3d3.(4F).4s.4p.(3P*)"	"z 4F*"	"9/2"	"3d3.4s.(5F).5s"	"f 4F"	"9/2"		""	"L15916"	
"622.1574"	"0.0003"	"622.15744"	"0.00007"	"29000"	""		"21101.589"	"37174.691"	"3d4.(3G).4s"	"2G"	"7/2"	"3d4.(3H).4p"	"v 2G*"	"7/2"		""	"L15916"	
"622.2939"	"0.0003"	"622.29411"	"0.00006"	"78000"	"2.43e+05"	B	"8578.542"	"24648.114"	"3d4.(5D).4s"	"a 4D"	"5/2"	"3d4.(5D).4p"	"z 6P*"	"3/2"		"T9399"	"L15916"	
"622.6226"	"0.0002"	"622.62263"	"0.00012"	"1000000"	""		"2311.369"	"18372.462"	"3d4.(5D).4s"	"a 6D"	"7/2"	"3d3.(4F).4s.4p.(3P*)"	"z 6F*"	"7/2"		""	"L15916"	
"623.2178"	"0.0003"	"623.21768"	"0.00008"	"230000"	""		"23353.135"	"39398.893"	"3d3.(4F).4s.4p.(3P*)"	"z 4F*"	"7/2"	"3d3.4s.(5F).5s"	"f 4F"	"7/2"		""	"L15916"	
"623.2522"	"0.0002"	"623.25217"	"0.00012"	"3400000"	"1.22e+06"	B+	"2153.221"	"18198.091"	"3d4.(5D).4s"	"a 6D"	"3/2"	"3d3.(4F).4s.4p.(3P*)"	"z 6D*"	"5/2"		"T9399"	"L15916"	
"623.4741"	"0.0003"	"623.47428"	"0.00006"	"120000"	""		"23088.074"	"39127.228"	"3d3.(4F).4s.4p.(3P*)"	"z 4F*"	"3/2"	"3d3.4s.(5F).5s"	"f 4F"	"3/2"		""	"L15916"	
"623.4919"	"0.0002"	"623.49197"	"0.00016"	"780000"	""		"2220.156"	"18258.855"	"3d4.(5D).4s"	"a 6D"	"5/2"	"3d3.(4F).4s.4p.(3P*)"	"z 6F*"	"5/2"		""	"L15916"	
"623.7985"	"0.0003"	"623.79825"	"0.00012"	"150000"	""		"23210.560"	"39241.384"	"3d3.(4F).4s.4p.(3P*)"	"z 4F*"	"5/2"	"3d3.4s.(5F).5s"	"f 4F"	"5/2"		""	"L15916"	
"623.9974"	"0.0003"	"623.99712"	"0.00012"	"67000"	""		"20789.112"	"36814.827"	"3d4.(3D).4s"	"b 4D"	"5/2"	"3d3.(2D2).4s.4p.(3P*)"	"x 4P*"	"3/2"		""	"L15916"	
"624.1865"	"0.0002"	"624.18649"	"0.00012"	"430000"	""		"2153.221"	"18174.074"	"3d4.(5D).4s"	"a 6D"	"3/2"	"3d3.(4F).4s.4p.(3P*)"	"z 6F*"	"3/2"		""	"L15916"	
"624.4548"	"0.0002"	"624.45485"	"0.00016"	"1300000"	"1.13e+06"	B+	"2112.282"	"18126.250"	"3d4.(5D).4s"	"a 6D"	"1/2"	"3d3.(4F).4s.4p.(3P*)"	"z 6D*"	"3/2"		"T9627"	"L15916"	
"624.4834"	"0.0002"	"624.48344"	"0.00012"	"5500000"	"1.94e+06"	B+	"2424.809"	"18438.044"	"3d4.(5D).4s"	"a 6D"	"9/2"	"3d3.(4F).4s.4p.(3P*)"	"z 6D*"	"9/2"		"T9627"	"L15916"	
"624.5283"	"0.0002"	"624.52793"	"0.00007"	"120000"	""		"8715.747"	"24727.841"	"3d4.(5D).4s"	"a 4D"	"7/2"	"3d4.(5D).4p"	"z 6P*"	"5/2"		""	"L15916"	
"624.6946"	"0.0003"	"624.69460"	"0.00016"	"270000"	""		"2112.282"	"18120.104"	"3d4.(5D).4s"	"a 6D"	"1/2"	"3d3.(4F).4s.4p.(3P*)"	"z 6F*"	"1/2"		""	"L15916"	
"624.927"	"0.004"	"624.93286"	"0.00020"	"53000h"	""		"20813.108"	"36814.827"	"3d4.(3D).4s"	"b 4D"	"3/2"	"3d3.(2D2).4s.4p.(3P*)"	"x 4P*"	"3/2"		""	"L14162"	
"625.2500"	"0.0004"	"625.25026"	"0.00012"	"37000"	""		"18372.462"	"34366.058"	"3d3.(4F).4s.4p.(3P*)"	"z 6F*"	"7/2"	"3d5"	"c 4D"	"7/2"		""	"L15916"	
"625.3551"	"0.0002"	"625.35524"	"0.00012"	"2200000"	"9.0e+05"	B+	"2311.369"	"18302.280"	"3d4.(5D).4s"	"a 6D"	"7/2"	"3d3.(4F).4s.4p.(3P*)"	"z 6D*"	"7/2"		"T9627"	"L15916"	
"625.8631"	"0.0002"	"625.86310"	"0.00012"	"660000"	"2.73e+05"	B+	"2220.156"	"18198.091"	"3d4.(5D).4s"	"a 6D"	"5/2"	"3d3.(4F).4s.4p.(3P*)"	"z 6D*"	"5/2"		"T9399"	"L15916"	
"626.0302"	"0.0002"	"626.03021"	"0.00016"	"670000"	"7.3e+05"	B+	"2112.282"	"18085.952"	"3d4.(5D).4s"	"a 6D"	"1/2"	"3d3.(4F).4s.4p.(3P*)"	"z 6D*"	"1/2"		"T9627"	"L15916"	
"626.2964"	"0.0002"	"626.29632"	"0.00016"	"430000"	""		"2153.221"	"18120.104"	"3d4.(5D).4s"	"a 6D"	"3/2"	"3d3.(4F).4s.4p.(3P*)"	"z 6F*"	"1/2"		""	"L15916"	
"626.8052"	"0.0003"	"626.80528"	"0.00012"	"660000"	""		"2220.156"	"18174.074"	"3d4.(5D).4s"	"a 6D"	"5/2"	"3d3.(4F).4s.4p.(3P*)"	"z 6F*"	"3/2"		""	"L15916"	
"626.9912"	"0.0003"	"626.99152"	"0.00020"	"22000"	""		"26437.754"	"42386.933"	"3d4.(5D).4p"	"y 6D*"	"3/2"	"3d4.(5D).4d"	"f 6D"	"5/2"		""	"L15916"	
"627.0006"	"0.0003"	"627.00033"	"0.00020"	"37000"	""		"26604.807&dagger;"	"42553.762"	"3d4.(5D).4p"	"y 6D*"	"7/2"	"3d4.(5D).4d"	"f 6D"	"9/2"		""	"L15916"	
"627.3297"	"0.0003"	"627.3298"	"0.0005"	"63000"	""		"26505.953"	"42446.531"	"3d4.(5D).4p"	"y 6D*"	"5/2"	"3d4.(5D).4d"	"f 6D"	"7/2"		""	"L15916"	
"627.5421"	"0.0003"	"627.54288"	"0.00016"	"110000"	""		"21275.652"	"37210.818"	"3d4.(3G).4s"	"2G"	"9/2"	"3d3.(2H).4s.4p.(3P*)"	"y 2H*"	"11/2"		""	"L15916"	
"627.6387"	"0.0002"	"627.63879"	"0.00016"	"1300000"	"1.71e+06"	B+	"2153.221"	"18085.952"	"3d4.(5D).4s"	"a 6D"	"3/2"	"3d3.(4F).4s.4p.(3P*)"	"z 6D*"	"1/2"		"T9627"	"L15916"	
"628.2713"	"0.0003"	"628.27220"	"0.00005"	"50000"	""		"23210.560"	"39127.228"	"3d3.(4F).4s.4p.(3P*)"	"z 4F*"	"5/2"	"3d3.4s.(5F).5s"	"f 4F"	"3/2"		""	"L15916"	
"628.406"	"0.004"	"628.40671"	"0.00008"	"81000bl"	"1.5e+06"	C	"17242.070"	"33155.331"	"3d4.(3G).4s"	"a 4G"	"11/2"	"3d3.(4F).4s.4p.(1P*)"	"w 4F*"	"9/2"		"T9399"	"L15916"	
"628.6898"	"0.0002"	"628.68986"	"0.00012"	"1600000"	"1.28e+06"	B+	"2220.156"	"18126.250"	"3d4.(5D).4s"	"a 6D"	"5/2"	"3d3.(4F).4s.4p.(3P*)"	"z 6D*"	"3/2"		"T9399"	"L15916"	
"628.8635"	"0.0003"	"628.86374"	"0.00016"	"100000"	"2.8e+07"	C	"26604.807&dagger;"	"42506.503"	"3d4.(5D).4p"	"y 6D*"	"7/2"	"3d4.(5D).4d"	"f 6F"	"9/2"		"u38"	"L15916"	
"628.9202"	"0.0003"	"628.9202"	"0.0003"	"29000"	""		"26437.754"	"42338.022"	"3d4.(5D).4p"	"y 6D*"	"3/2"	"3d4.(5D).4d"	"f 6D"	"3/2"		""	"L15916"	
"629.3629"	"0.0002"	"629.36302"	"0.00016"	"48000"	""		"26397.633"	"42286.714"	"3d4.(5D).4p"	"y 6D*"	"1/2"	"3d4.(5D).4d"	"f 6F"	"3/2"		""	"L15916"	
"629.3958"	"0.0004"	"629.39598"	"0.00005"	"39000"	""		"23353.135"	"39241.384"	"3d3.(4F).4s.4p.(3P*)"	"z 4F*"	"7/2"	"3d3.4s.(5F).5s"	"f 4F"	"5/2"		""	"L15916"	
"629.4564"	"0.0002"	"629.45647"	"0.00012"	"1600000"	"9.6e+05"	B+	"2311.369"	"18198.091"	"3d4.(5D).4s"	"a 6D"	"7/2"	"3d3.(4F).4s.4p.(3P*)"	"z 6D*"	"5/2"		"T9627"	"L15916"	
"629.6230"	"0.0003"	"629.62364"	"0.00016"	"35000"	""		"20813.108"	"36695.612"	"3d4.(3D).4s"	"b 4D"	"3/2"	"3d3.(2D2).4s.4p.(3P*)"	"x 4P*"	"1/2"		""	"L15916"	
"629.6843"	"0.0003"	"629.68406"	"0.00020"	"56000"	""		"26505.953"	"42386.933"	"3d4.(5D).4p"	"y 6D*"	"5/2"	"3d4.(5D).4d"	"f 6D"	"5/2"		""	"L15916"	
"629.6971"	"0.0003"	"629.69719"	"0.00020"	"74000"	""		"26437.754"	"42318.403"	"3d4.(5D).4p"	"y 6D*"	"3/2"	"3d4.(5D).4d"	"f 6F"	"5/2"		""	"L15916"	
"629.7620"	"0.0002"	"629.76175"	"0.00007"	"33000"	""		"23519.872"	"39398.893"	"3d3.(4F).4s.4p.(3P*)"	"z 4F*"	"9/2"	"3d3.4s.(5F).5s"	"f 4F"	"7/2"		""	"L15916"	
"629.8231"	"0.0002"	"629.82323"	"0.00012"	"1300000"	"5.4e+05"	B+	"2424.809"	"18302.280"	"3d4.(5D).4s"	"a 6D"	"9/2"	"3d3.(4F).4s.4p.(3P*)"	"z 6D*"	"7/2"		"T9627"	"L15916"	
"630.0209"	"0.0004"	"630.0205"	"0.0005"	"34000"	""		"26397.633"	"42270.132"	"3d4.(5D).4p"	"y 6D*"	"1/2"	"3d4.(5D).4d"	"f 6D"	"1/2"		""	"L15916"	
"630.3042"	"0.0004"	"630.3041"	"0.0003"	"49000"	""		"26397.633"	"42262.990"	"3d4.(5D).4p"	"y 6D*"	"1/2"	"3d4.(5D).4d"	"f 6F"	"1/2"		""	"L15916"	
"630.38419"	""	"630.38419"	"0.00012"	":"	"4.1e+04"	D+	"15000.937"	"30864.279"	"3d4.(3H).4s"	"a 4H"	"11/2"	"3d3.(2G).4s.4p.(3P*)"	"y 4G*"	"11/2"		"T9399"	"L18972"	
"630.6029"	"0.0003"	"630.60303"	"0.00020"	"110000"	"2.5e+07"	C	"26505.953"	"42363.790"	"3d4.(5D).4p"	"y 6D*"	"5/2"	"3d4.(5D).4d"	"f 6F"	"7/2"		"u38"	"L15916"	
"630.824"	"0.002"	"630.82309"	"0.00007"	"3900"	""		"15688.862"	"31541.167"	"3d4.(3F2).4s"	"b 4F"	"5/2"	"3d3.(4F).4s.4p.(1P*)"	"x 4G*"	"7/2"		""	"L14162"	
"630.9560"	"0.0002"	"630.95623"	"0.00016"	"20000"	""		"26437.754"	"42286.714"	"3d4.(5D).4p"	"y 6D*"	"3/2"	"3d4.(5D).4d"	"f 6F"	"3/2"		""	"L15916"	
"631.1442"	"0.0003"	"631.14435"	"0.00008"	"170000"	""		"20767.609"	"36611.845"	"3d4.(3D).4s"	"b 4D"	"7/2"	"3d3.(2D2).4s.4p.(3P*)"	"x 4P*"	"5/2"		""	"L15916"	
"631.2446"	"0.0003"	"631.2444"	"0.0005"	"63000"	""		"26604.807&dagger;"	"42446.531"	"3d4.(5D).4p"	"y 6D*"	"7/2"	"3d4.(5D).4d"	"f 6D"	"7/2"		""	"L15916"	
"631.3222"	"0.0003"	"631.32230"	"0.00020"	"99000"	"2.8e+07"	C	"26738.323"	"42578.093"	"3d4.(5D).4p"	"y 6D*"	"9/2"	"3d4.(5D).4d"	"f 6F"	"11/2"		"u38"	"L15916"	
"631.9018"	"0.0003"	"631.9021"	"0.0003"	"30000"	""		"26437.754"	"42262.990"	"3d4.(5D).4p"	"y 6D*"	"3/2"	"3d4.(5D).4d"	"f 6F"	"1/2"		""	"L15916"	
"632.2933"	"0.0003"	"632.29355"	"0.00020"	"67000"	"2.9e+07"	C	"26738.323"	"42553.762"	"3d4.(5D).4p"	"y 6D*"	"9/2"	"3d4.(5D).4d"	"f 6D"	"9/2"		"u38"	"L15916"	
"632.5496"	"0.0003"	"632.5497"	"0.0003"	"23000"	""		"24778.321"	"40587.356"	"3d3.4s2"	"2F"	"7/2"	"3d4.(3G).4p"	"2F*"	"7/2"		""	"L15916"	
"632.6394"	"0.0004"	"632.64024"	"0.00007"	"67000"	"1.17e+06"	C	"17182.073"	"32988.845"	"3d4.(3G).4s"	"a 4G"	"9/2"	"3d3.(4F).4s.4p.(1P*)"	"w 4F*"	"7/2"		"T9399"	"L15916"	
"632.8588"	"0.0002"	"632.85852"	"0.00012"	"360000"	"2.4e+06"	C+	"15062.959"	"30864.279"	"3d4.(3H).4s"	"a 4H"	"13/2"	"3d3.(2G).4s.4p.(3P*)"	"y 4G*"	"11/2"		"T9399"	"L15916"	
"633.5378"	"0.0003"	"633.53747"	"0.00009"	"14000"	""		"14909.958"	"30694.344"	"3d4.(3H).4s"	"a 4H"	"7/2"	"3d3.(2G).4s.4p.(3P*)"	"y 4G*"	"7/2"		""	"L15916"	
"633.6833"	"0.0003"	"633.68300"	"0.00016"	"6800"	""		"26505.953"	"42286.714"	"3d4.(5D).4p"	"y 6D*"	"5/2"	"3d4.(5D).4d"	"f 6F"	"3/2"		""	"L15916"	
"634.0835"	"0.0002"	"634.08344"	"0.00016"	"280000"	"2.2e+06"	C+	"15000.937"	"30771.732"	"3d4.(3H).4s"	"a 4H"	"11/2"	"3d3.(2G).4s.4p.(3P*)"	"y 4G*"	"9/2"		"T9399"	"L15916"	
"634.1888"	"0.0003"	"634.1886"	"0.0003"	"24000"	""		"26738.323"	"42506.503"	"3d4.(5D).4p"	"y 6D*"	"9/2"	"3d4.(5D).4d"	"f 6F"	"9/2"		""	"L15916"	
"634.5709"	"0.0004"	"634.57043"	"0.00010"	"25000"	"1.13e+06"	C+	"21603.259"	"37361.951"	"3d4.(1G2).4s"	"b 2G"	"9/2"	"3d4.(3H).4p"	"v 2G*"	"9/2"		"T9399"	"L15916"	
"635.1229"	"0.0002"	"635.12287"	"0.00009"	"260000"	"2.3e+06"	C+	"14949.359"	"30694.344"	"3d4.(3H).4s"	"a 4H"	"9/2"	"3d3.(2G).4s.4p.(3P*)"	"y 4G*"	"7/2"		"T9399"	"L15916"	
"635.607"	"0.002"	"635.60584"	"0.00012"	"8600"	""		"15664.801"	"31397.822"	"3d4.(3F2).4s"	"b 4F"	"3/2"	"3d3.(4F).4s.4p.(1P*)"	"x 4G*"	"5/2"		""	"L14162"	
"635.7328"	"0.0003"	"635.73296"	"0.00006"	"68000"	"1.05e+06"	C	"17116.947"	"32846.822"	"3d4.(3G).4s"	"a 4G"	"7/2"	"3d3.(4F).4s.4p.(1P*)"	"w 4F*"	"5/2"		"T9399"	"L15916"	
"635.9049"	"0.0002"	"635.90489"	"0.00016"	"260000"	"2.4e+06"	C	"14909.958"	"30635.580"	"3d4.(3H).4s"	"a 4H"	"7/2"	"3d3.(2G).4s.4p.(3P*)"	"y 4G*"	"5/2"		"T9399"	"L15916"	
""	""	"635.96123"	"0.00007"	""	"4.0e-02"	D+	"0.000"	"15724.229"	"3d3.4s2"	"a 4F"	"3/2"	"3d4.(3F2).4s"	"b 4F"	"7/2"	E2	"u38"	""	
"636.0573"	"0.0002"	"636.05730"	"0.00020"	"120000"	""		"17242.070"	"32963.924"	"3d4.(3G).4s"	"a 4G"	"11/2"	"3d3.(2H).4s.4p.(3P*)"	"z 4H*"	"13/2"		""	"L15916"	
"636.3013"	"0.0002"	"636.30131"	"0.00020"	"170000"	""		"17182.073"	"32897.898"	"3d4.(3G).4s"	"a 4G"	"9/2"	"3d3.(2H).4s.4p.(3P*)"	"z 4H*"	"11/2"		""	"L15916"	
"636.3917"	"0.0003"	"636.39157"	"0.00020"	"13000"	""		"26604.807&dagger;"	"42318.403"	"3d4.(5D).4p"	"y 6D*"	"7/2"	"3d4.(5D).4d"	"f 6F"	"5/2"		""	"L15916"	
"637.0994"	"0.0003"	"637.09952"	"0.00012"	"15000"	""		"21646.420"	"37342.555"	"3d4.(1G2).4s"	"b 2G"	"7/2"	"3d3.(2D2).4s.4p.(3P*)"	"w 2F*"	"5/2"		""	"L15916"	
""	""	"637.39486"	"0.00009"	""	"3.9e-01"	D+	"0.000"	"15688.862"	"3d3.4s2"	"a 4F"	"3/2"	"3d4.(3F2).4s"	"b 4F"	"5/2"	E2	"u38"	""	
"637.626"	"0.003"	"637.62473"	"0.00008"	"19000bl"	"1.9e+06"	D+	"17054.924"	"32738.130"	"3d4.(3G).4s"	"a 4G"	"5/2"	"3d3.(4F).4s.4p.(1P*)"	"w 4F*"	"3/2"		"T9399"	"L15916"	
"638.0885"	"0.0003"	"638.0884"	"0.0003"	"15000"	""		"26437.754"	"42109.564"	"3d4.(5D).4p"	"y 6D*"	"3/2"	"3d4.(5D).4d"	"e 6P"	"5/2"		""	"L15916"	
"638.1118"	"0.0003"	"638.11184"	"0.00020"	"110000"	""		"17116.947"	"32788.181"	"3d4.(3G).4s"	"a 4G"	"7/2"	"3d3.(2H).4s.4p.(3P*)"	"z 4H*"	"9/2"		""	"L15916"	
""	""	"638.37389"	"0.00008"	""	"4.8e-01"	D+	"0.000"	"15664.801"	"3d3.4s2"	"a 4F"	"3/2"	"3d4.(3F2).4s"	"b 4F"	"3/2"	E2	"u38"	""	
"638.6140"	"0.0004"	"638.61422"	"0.00016"	"21000"	""		"26505.953"	"42164.859"	"3d4.(5D).4p"	"y 6D*"	"5/2"	"3d4.(5D).4d"	"e 6P"	"7/2"		""	"L15916"	
"638.7399"	"0.0003"	"638.73977"	"0.00020"	"22000*"	""		"17242.070"	"32897.898"	"3d4.(3G).4s"	"a 4G"	"11/2"	"3d3.(2H).4s.4p.(3P*)"	"z 4H*"	"11/2"		""	"L15916"	
"638.7399"	"0.0003"	"638.73981"	"0.00020"	"22000*"	""		"26397.633"	"42053.460"	"3d4.(5D).4p"	"y 6D*"	"1/2"	"3d4.(5D).4d"	"e 6P"	"3/2"		""	"L15916"	
"639.5039"	"0.0002"	"639.50403"	"0.00008"	"68000"	""		"17054.924"	"32692.042"	"3d4.(3G).4s"	"a 4G"	"5/2"	"3d3.(2H).4s.4p.(3P*)"	"z 4H*"	"7/2"		""	"L15916"	
""	""	"639.65588"	"0.00006"	""	"2.4e-02"	D+	"137.383"	"15770.789"	"3d3.4s2"	"a 4F"	"5/2"	"3d4.(3F2).4s"	"b 4F"	"9/2"	E2	"u38"	""	
"639.9811"	"0.0003"	"639.98087"	"0.00020"	"21000"	""		"26738.323"	"42363.790"	"3d4.(5D).4p"	"y 6D*"	"9/2"	"3d4.(5D).4d"	"f 6F"	"7/2"		""	"L15916"	
"640.7746"	"0.0003"	"640.77475"	"0.00021"	"24000"	""		"17182.073"	"32788.181"	"3d4.(3G).4s"	"a 4G"	"9/2"	"3d3.(2H).4s.4p.(3P*)"	"z 4H*"	"9/2"		""	"L15916"	
"640.8770"	"0.0004"	"640.87729"	"0.00021"	"14000"	""		"26505.953"	"42109.564"	"3d4.(5D).4p"	"y 6D*"	"5/2"	"3d4.(5D).4d"	"e 6P"	"5/2"		""	"L15916"	
"641.3045"	"0.0004"	"641.30473"	"0.00021"	"16000"	""		"15724.229"	"31317.440"	"3d4.(3F2).4s"	"b 4F"	"7/2"	"3d3.(2G).4s.4p.(3P*)"	"x 4F*"	"9/2"		""	"L15916"	
""	""	"641.56661"	"0.00007"	""	"3.8e-01"	C+	"137.383"	"15724.229"	"3d3.4s2"	"a 4F"	"5/2"	"3d4.(3F2).4s"	"b 4F"	"7/2"	E2	"u38"	""	
"641.8810"	"0.0004"	"641.88029"	"0.00012"	"19000"	""		"15688.862"	"31268.091"	"3d4.(3F2).4s"	"b 4F"	"5/2"	"3d3.(2G).4s.4p.(3P*)"	"x 4F*"	"7/2"		""	"L15916"	
"642.0504"	"0.0003"	"642.05066"	"0.00008"	"13000"	""		"17116.947"	"32692.042"	"3d4.(3G).4s"	"a 4G"	"7/2"	"3d3.(2H).4s.4p.(3P*)"	"z 4H*"	"7/2"		""	"L15916"	
"642.200"	"0.002"	"642.20169"	"0.00008"	"22000"	""		"21603.259"	"37174.691"	"3d4.(1G2).4s"	"b 2G"	"9/2"	"3d4.(3H).4p"	"v 2G*"	"7/2"		""	"L14162"	
"642.4993"	"0.0004"	"642.49956"	"0.00006"	"18000"	""		"15664.801"	"31229.014"	"3d4.(3F2).4s"	"b 4F"	"3/2"	"3d3.(2G).4s.4p.(3P*)"	"x 4F*"	"5/2"		""	"L15916"	
"642.6716"	"0.0003"	"642.67137"	"0.00021"	"22000"	""		"26604.807&dagger;"	"42164.859"	"3d4.(5D).4p"	"y 6D*"	"7/2"	"3d4.(5D).4d"	"e 6P"	"7/2"		""	"L15916"	
""	""	"643.02566"	"0.00006"	""	"2.0e-01"	D+	"137.383"	"15688.862"	"3d3.4s2"	"a 4F"	"5/2"	"3d4.(3F2).4s"	"b 4F"	"5/2"	E2	"u38"	""	
"643.2253"	"0.0003"	"643.22535"	"0.00017"	"180000"	""		"15770.789"	"31317.440"	"3d4.(3F2).4s"	"b 4F"	"9/2"	"3d3.(2G).4s.4p.(3P*)"	"x 4F*"	"9/2"		""	"L15916"	
"643.3406"	"0.0003"	"643.34076"	"0.00010"	"120000"	""		"15724.229"	"31268.091"	"3d4.(3F2).4s"	"b 4F"	"7/2"	"3d3.(2G).4s.4p.(3P*)"	"x 4F*"	"7/2"		""	"L15916"	
"643.4945"	"0.0003"	"643.49435"	"0.00006"	"71000"	""		"15688.862"	"31229.014"	"3d4.(3F2).4s"	"b 4F"	"5/2"	"3d3.(2G).4s.4p.(3P*)"	"x 4F*"	"5/2"		""	"L15916"	
"643.6933"	"0.0002"	"643.69321"	"0.00008"	"56000"	""		"15664.801"	"31200.152"	"3d4.(3F2).4s"	"b 4F"	"3/2"	"3d3.(2G).4s.4p.(3P*)"	"x 4F*"	"3/2"		""	"L15916"	
"643.98684"	"0.00015"	"643.98670"	"0.00012"	"2200"	""		"21646.420"	"37174.691"	"3d4.(1G2).4s"	"b 2G"	"7/2"	"3d4.(3H).4p"	"v 2G*"	"7/2"		""	"L9905"	
""	""	"644.02208"	"0.00007"	""	"4.5e-01"	D+	"137.383"	"15664.801"	"3d3.4s2"	"a 4F"	"5/2"	"3d4.(3F2).4s"	"b 4F"	"3/2"	E2	"u38"	""	
"644.6915"	"0.0003"	"644.69171"	"0.00008"	"17000"	""		"15688.862"	"31200.152"	"3d4.(3F2).4s"	"b 4F"	"5/2"	"3d3.(2G).4s.4p.(3P*)"	"x 4F*"	"3/2"		""	"L15916"	
"644.9623"	"0.0004"	"644.96218"	"0.00006"	"31000*"	""		"15724.229"	"31229.014"	"3d4.(3F2).4s"	"b 4F"	"7/2"	"3d3.(2G).4s.4p.(3P*)"	"x 4F*"	"5/2"		""	"L15916"	
"644.9623"	"0.0004"	"644.96335"	"0.00021"	"31000*"	""		"26604.807&dagger;"	"42109.564"	"3d4.(5D).4p"	"y 6D*"	"7/2"	"3d4.(5D).4d"	"e 6P"	"5/2"		""	"L15916"	
"645.2740"	"0.0005"	"645.27361"	"0.00012"	"12000"	""		"15770.789"	"31268.091"	"3d4.(3F2).4s"	"b 4F"	"9/2"	"3d3.(2G).4s.4p.(3P*)"	"x 4F*"	"7/2"		""	"L4235"	
"645.4127"	"0.0003"	"645.41267"	"0.00012"	"440000"	"1.66e+06"	B+	"9637.039"	"25131.002"	"3d3.4s2"	"a 4P"	"3/2"	"3d4.(5D).4p"	"z 4P*"	"5/2"		"T4902"	"L15916"	
"646.5826"	"0.0016"	"646.5842"	"0.0003"	"8300bl"	""		"24859.901"	"40325.790"	"3d3.4s2"	"2F"	"5/2"	"3d4.(3G).4p"	"2F*"	"5/2"		""	"L15916"	
"646.8774"	"0.0003"	"646.87748"	"0.00007"	"15000"	""		"8476.234"	"23935.112"	"3d4.(5D).4s"	"a 4D"	"3/2"	"3d3.(4F).4s.4p.(3P*)"	"z 2D*"	"5/2"		""	"L15916"	
"647.149"	""	"647.14942"	"0.00013"	":"	"2.0e+04"	D	"10892.520"	"26344.902"	"3d3.4s2"	"a 2G"	"7/2"	"3d3.(4F).4s.4p.(3P*)"	"z 2G*"	"9/2"		"T4902"	"L20056"	
""	""	"647.35993"	"0.00006"	""	"2.9e-01"	C+	"323.432"	"15770.789"	"3d3.4s2"	"a 4F"	"7/2"	"3d4.(3F2).4s"	"b 4F"	"9/2"	E2	"u38"	""	
""	""	"647.89281"	"0.00007"	""	"7.1e-02"	D+	"137.383"	"15572.035"	"3d3.4s2"	"a 4F"	"5/2"	"3d4.(3P2).4s"	"b 4P"	"5/2"	E2	"u38"	""	
"648.231"	"0.004"	"648.23367"	"0.00021"	"35000h"	""		"26738.323"	"42164.859"	"3d4.(5D).4p"	"y 6D*"	"9/2"	"3d4.(5D).4d"	"e 6P"	"7/2"		""	"L14162"	
"648.9849"	"0.0002"	"648.98507"	"0.00021"	"50000"	"1.5e+06"	C	"19078.112"	"34486.787"	"3d4.(3F2).4s"	"a 2F"	"7/2"	"3d3.(2D2).4s.4p.(3P*)"	"4F*"	"5/2"		"T9399"	"L15916"	
"649.2473"	"0.0003"	"649.24749"	"0.00010"	"24000"	"1.2e+06"	C	"19026.326"	"34428.773"	"3d4.(3F2).4s"	"a 2F"	"5/2"	"3d3.(2D2).4s.4p.(3P*)"	"4F*"	"3/2"		"T9399"	"L15916"	
""	""	"649.31705"	"0.00006"	""	"2.8e-01"	D+	"323.432"	"15724.229"	"3d3.4s2"	"a 4F"	"7/2"	"3d4.(3F2).4s"	"b 4F"	"7/2"	E2	"u38"	""	
"650.5963"	"0.0003"	"650.59625"	"0.00010"	"340000"	"2.12e+06"	B	"9544.635"	"24915.151"	"3d3.4s2"	"a 4P"	"1/2"	"3d4.(5D).4p"	"z 4P*"	"3/2"		"T4902"	"L15916"	
""	""	"650.81159"	"0.00007"	""	"3.5e-01"	D+	"323.432"	"15688.862"	"3d3.4s2"	"a 4F"	"7/2"	"3d4.(3F2).4s"	"b 4F"	"5/2"	E2	"u38"	""	
"651.0547"	"0.0003"	"651.05468"	"0.00017"	"44000"	""		"21101.589"	"36461.282"	"3d4.(3G).4s"	"2G"	"7/2"	"3d4.(3F2).4p"	"2G*"	"7/2"		""	"L15916"	
"651.188"	"0.002"	"651.18708"	"0.00007"	"1400"	""		"8578.542"	"23935.112"	"3d4.(5D).4s"	"a 4D"	"5/2"	"3d3.(4F).4s.4p.(3P*)"	"z 2D*"	"5/2"		""	"L14162"	
""	""	"651.83231"	"0.00006"	""	"5.4e-02"	D+	"323.432"	"15664.801"	"3d3.4s2"	"a 4F"	"7/2"	"3d4.(3F2).4s"	"b 4F"	"3/2"	E2	"u38"	""	
"651.8522"	"0.0003"	"651.85237"	"0.00017"	"3700"	""		"24778.321"	"40119.218&dagger;"	"3d3.4s2"	"2F"	"7/2"	"3d4.(3P2).4p"	"v 2D*"	"5/2"		""	"L15916"	
"652.6298"	"0.0004"	"652.62931"	"0.00010"	"20000"	""		"21603.259"	"36925.893&dagger;"	"3d4.(1G2).4s"	"b 2G"	"9/2"	"3d4.(3F2).4p"	"x 2F*"	"7/2"		""	"L15916"	
"653.3225"	"0.0003"	"653.32251"	"0.00013"	"680000"	"3.99e+06"	B+	"9824.626"	"25131.002"	"3d3.4s2"	"a 4P"	"5/2"	"3d4.(5D).4p"	"z 4P*"	"5/2"		"T9627c97"	"L15916"	
"654.5310"	"0.0003"	"654.53114"	"0.00008"	"180000"	"7.8e+05"	B	"9637.039"	"24915.151"	"3d3.4s2"	"a 4P"	"3/2"	"3d4.(5D).4p"	"z 4P*"	"3/2"		"T4902"	"L15916"	
""	""	"654.85389"	"0.00008"	""	"1.5e-01"	D+	"0.000"	"15270.582"	"3d3.4s2"	"a 4F"	"3/2"	"3d4.(3P2).4s"	"b 4P"	"3/2"	E2	"u38"	""	
"655.1826"	"0.0002"	"655.18275"	"0.00017"	"35000"	"1.12e+06"	C+	"21275.652"	"36538.569"	"3d4.(3G).4s"	"2G"	"9/2"	"3d4.(3F2).4p"	"2G*"	"9/2"		"T9399"	"L15916"	
""	""	"655.79778"	"0.00009"	""	"3.0e-01"	D+	"323.432"	"15572.035"	"3d3.4s2"	"a 4F"	"7/2"	"3d4.(3P2).4s"	"b 4P"	"5/2"	E2	"u38"	""	
"655.9830"	"0.0002"	"655.98263"	"0.00009"	"100000"	"1.92e+05"	C+	"11100.596"	"26344.902"	"3d3.4s2"	"a 2G"	"9/2"	"3d3.(4F).4s.4p.(3P*)"	"z 2G*"	"9/2"		"T9399"	"L15916"	
"656.18993"	""	"656.18994"	"0.00010"	":"	"2.3e+05"	D+	"19189.283"	"34428.773"	"3d4.(3P2).4s"	"b 2P"	"3/2"	"3d3.(2D2).4s.4p.(3P*)"	"4F*"	"3/2"		"T9399"	"L18972"	
"656.6173"	"0.0004"	"656.61718"	"0.00013"	"6500"	""		"10892.520"	"26122.094&dagger;"	"3d3.4s2"	"a 2G"	"7/2"	"3d4.(5D).4p"	"y 4F*"	"7/2"		""	"L15916"	
"656.7697"	"0.0003"	"656.76967"	"0.00010"	"69000"	"6.4e+05"	B+	"9544.635"	"24770.673"	"3d3.4s2"	"a 4P"	"1/2"	"3d4.(5D).4p"	"z 4P*"	"1/2"		"T4902"	"L15916"	
"657.0575"	"0.0002"	"657.05764"	"0.00007"	"13000"	""		"8715.747"	"23935.112"	"3d4.(5D).4s"	"a 4D"	"7/2"	"3d3.(4F).4s.4p.(3P*)"	"z 2D*"	"5/2"		""	"L15916"	
""	""	"657.12374"	"0.00007"	""	"5.7e-01"	C+	"552.955"	"15770.789"	"3d3.4s2"	"a 4F"	"9/2"	"3d4.(3F2).4s"	"b 4F"	"9/2"	E2	"u38"	""	
"658.0785"	"0.0003"	"658.07848"	"0.00010"	"24000"	""		"8413.009"	"23608.765"	"3d4.(5D).4s"	"a 4D"	"1/2"	"3d3.(4F).4s.4p.(3P*)"	"z 2D*"	"3/2"		""	"L15916"	
""	""	"659.14043"	"0.00008"	""	"2.2e-01"	D+	"552.955"	"15724.229"	"3d3.4s2"	"a 4F"	"9/2"	"3d4.(3F2).4s"	"b 4F"	"7/2"	E2	"u38"	""	
"660.7798"	"0.0003"	"660.77982"	"0.00008"	"310000"	"3.65e+06"	B+	"9637.039"	"24770.673"	"3d3.4s2"	"a 4P"	"3/2"	"3d4.(5D).4p"	"z 4P*"	"1/2"		"T9627"	"L15916"	
""	""	"660.79882"	"0.00013"	""	"4.5e-01"	D+	"137.383"	"15270.582"	"3d3.4s2"	"a 4F"	"5/2"	"3d4.(3P2).4s"	"b 4P"	"3/2"	E2	"u38"	""	
"660.827"	"0.003"	"660.82799"	"0.00009"	"6500bl"	""		"8476.234"	"23608.765"	"3d4.(5D).4s"	"a 4D"	"3/2"	"3d3.(4F).4s.4p.(3P*)"	"z 2D*"	"3/2"		""	"L15916"	
"660.9653"	"0.0003"	"660.96531"	"0.00009"	"91000"	"2.0e+05"	C+	"10892.520"	"26021.907"	"3d3.4s2"	"a 2G"	"7/2"	"3d3.(4F).4s.4p.(3P*)"	"z 2G*"	"7/2"		"T9399"	"L15916"	
"661.394"	"0.002"	"661.39224"	"0.00013"	"6900bl"	""		"21646.420"	"36766.041"	"3d4.(1G2).4s"	"b 2G"	"7/2"	"3d4.(3F2).4p"	"x 2F*"	"5/2"		""	"L15916"	
"662.09911"	""	"662.09911"	"0.00010"	":"	"4.1e+04"	C+	"9544.635"	"24648.114"	"3d3.4s2"	"a 4P"	"1/2"	"3d4.(5D).4p"	"z 6P*"	"3/2"		"T9399"	"L18972"	
"662.5372"	"0.0003"	"662.53729"	"0.00010"	"52000"	"1.9e+05"	C+	"15770.789"	"30864.279"	"3d4.(3F2).4s"	"b 4F"	"9/2"	"3d3.(2G).4s.4p.(3P*)"	"y 4G*"	"11/2"		"T9399"	"L15916"	
"662.6674"	"0.0003"	"662.66747"	"0.00009"	"310000"	"1.89e+06"	B	"9824.626"	"24915.151"	"3d3.4s2"	"a 4P"	"5/2"	"3d4.(5D).4p"	"z 4P*"	"3/2"		"T4902"	"L15916"	
"662.7004"	"0.0003"	"662.70062"	"0.00018"	"16000"	""		"19078.112"	"34167.882"	"3d4.(3F2).4s"	"a 2F"	"7/2"	"3d3.(2P).4s.4p.(3P*)"	"2D*"	"5/2"		""	"L15916"	
""	""	"663.20091"	"0.00008"	""	"7.3e-01"	D+	"0.000"	"15078.387"	"3d3.4s2"	"a 4F"	"3/2"	"3d4.(3P2).4s"	"b 4P"	"1/2"	E2	"u38"	""	
"663.5116"	"0.0003"	"663.51180"	"0.00010"	"78000"	"1.00e+05"	C+	"11100.596"	"26171.918"	"3d3.4s2"	"a 2G"	"9/2"	"3d4.(5D).4p"	"y 4F*"	"9/2"		"T9399"	"L15916"	
"664.5621"	"0.0003"	"664.56209"	"0.00022"	"67000"	"2.2e+05"	C	"15724.229"	"30771.732"	"3d4.(3F2).4s"	"b 4F"	"7/2"	"3d3.(2G).4s.4p.(3P*)"	"y 4G*"	"9/2"		"T9399"	"L15916"	
""	""	"665.81974"	"0.00009"	""	"8.6e-01"	C+	"552.955"	"15572.035"	"3d3.4s2"	"a 4F"	"9/2"	"3d4.(3P2).4s"	"b 4P"	"5/2"	E2	"u38"	""	
"665.9473"	"0.0002"	"665.94753"	"0.00010"	"13000"	"2.6e+05"	C	"15078.387"	"30094.585"	"3d4.(3P2).4s"	"b 4P"	"1/2"	"3d3.(4P).4s.4p.(3P*)"	"y 4P*"	"3/2"		"T9399"	"L15916"	
"666.4229"	"0.0003"	"666.42311"	"0.00009"	"30000"	"1.5e+05"	C+	"15688.862"	"30694.344"	"3d4.(3F2).4s"	"b 4F"	"5/2"	"3d3.(2G).4s.4p.(3P*)"	"y 4G*"	"7/2"		"T9399"	"L15916"	
"667.966"	"0.002"	"667.96791"	"0.00018"	"21000"	""		"15664.801"	"30635.580"	"3d4.(3F2).4s"	"b 4F"	"3/2"	"3d3.(2G).4s.4p.(3P*)"	"y 4G*"	"5/2"		""	"L14162"	
""	""	"668.16331"	"0.00009"	""	"8.e-03"	E	"137.383"	"15103.784"	"3d3.4s2"	"a 4F"	"5/2"	"3d3.4s2"	"a 2H"	"9/2"	E2	"u38"	""	
""	""	"669.02386"	"0.00011"	""	"6.0e-01"	C+	"323.432"	"15270.582"	"3d3.4s2"	"a 4F"	"7/2"	"3d4.(3P2).4s"	"b 4P"	"3/2"	E2	"u38"	""	
""	""	"669.28133"	"0.00013"	""	"3.e-03"	E	"323.432"	"15264.832"	"3d3.4s2"	"a 4F"	"7/2"	"3d3.4s2"	"a 2H"	"11/2"	E2	"u38"	""	
""	""	"669.29906"	"0.00010"	""	"4.7e-01"	D+	"137.383"	"15078.387"	"3d3.4s2"	"a 4F"	"5/2"	"3d4.(3P2).4s"	"b 4P"	"1/2"	E2	"u38"	""	
"669.5535"	"0.0004"	"669.55423"	"0.00018"	"34000"	""		"21603.259"	"36538.569"	"3d4.(1G2).4s"	"b 2G"	"9/2"	"3d4.(3F2).4p"	"2G*"	"9/2"		""	"L15916"	
""	""	"670.69270"	"0.00011"	""	"7.7e-01"	C+	"0.000"	"14909.958"	"3d3.4s2"	"a 4F"	"3/2"	"3d4.(3H).4s"	"a 4H"	"7/2"	E2	"u38"	""	
"670.992"	"0.002"	"670.99616"	"0.00014"	"50000"	"5.8e+04"	C+	"9824.626"	"24727.841"	"3d3.4s2"	"a 4P"	"5/2"	"3d4.(5D).4p"	"z 6P*"	"5/2"		"T9399"	"L3475"	
"673.3895"	"0.0002"	"673.38974"	"0.00014"	"16000"	"1.93e+05"	C+	"15270.582"	"30120.823"	"3d4.(3P2).4s"	"b 4P"	"3/2"	"3d3.(4P).4s.4p.(3P*)"	"y 4P*"	"5/2"		"T9399"	"L15916"	
"674.5822"	"0.0004"	"674.58162"	"0.00011"	"2900"	""		"15270.582"	"30094.585"	"3d4.(3P2).4s"	"b 4P"	"3/2"	"3d3.(4P).4s.4p.(3P*)"	"y 4P*"	"3/2"		""	"L15916"	
"674.606"	"0.002"	"674.60506"	"0.00009"	"23000"	""		"9824.626"	"24648.114"	"3d3.4s2"	"a 4P"	"5/2"	"3d4.(5D).4p"	"z 6P*"	"3/2"		""	"L14162"	
"674.9967"	"0.0004"	"674.99785"	"0.00014"	"9000"	""		"21646.420"	"36461.282"	"3d4.(1G2).4s"	"b 2G"	"7/2"	"3d4.(3F2).4p"	"2G*"	"7/2"		""	"L15916"	
""	""	"675.12937"	"0.00008"	""	"7.5e-01"	C+	"137.383"	"14949.359"	"3d3.4s2"	"a 4F"	"5/2"	"3d4.(3H).4s"	"a 4H"	"9/2"	E2	"u38"	""	
"675.4874"	"0.0003"	"675.48741"	"0.00010"	"430000"	"4.6e+05"	C+	"8715.747"	"23519.872"	"3d4.(5D).4s"	"a 4D"	"7/2"	"3d3.(4F).4s.4p.(3P*)"	"z 4F*"	"9/2"		"T9399"	"L15916"	
"676.199"	"0.002"	"676.20060"	"0.00018"	"42000"	"1.47e+06"	C+	"22496.546"	"37285.057"	"3d4.(1I).4s"	"2I"	"11/2"	"3d4.(3H).4p"	"z 4I*"	"9/2"		"T9399"	"L3475"	
""	""	"676.57387"	"0.00011"	""	"2.e-03"	E	"323.432"	"15103.784"	"3d3.4s2"	"a 4F"	"7/2"	"3d3.4s2"	"a 2H"	"9/2"	E2	"u38"	""	
"676.8376"	"0.0003"	"676.83760"	"0.00006"	"330000"	""		"8578.542"	"23353.135"	"3d4.(5D).4s"	"a 4D"	"5/2"	"3d3.(4F).4s.4p.(3P*)"	"z 4F*"	"7/2"		""	"L15916"	
""	""	"676.93005"	"0.00008"	""	"1.4e-01"	D+	"137.383"	"14909.958"	"3d3.4s2"	"a 4F"	"5/2"	"3d4.(3H).4s"	"a 4H"	"7/2"	E2	"u38"	""	
"677.9184"	"0.0003"	"677.91807"	"0.00018"	"13000"	"3.4e+05"	C+	"15270.582"	"30021.627"	"3d4.(3P2).4s"	"b 4P"	"3/2"	"3d3.(4P).4s.4p.(3P*)"	"y 4P*"	"1/2"		"T9399"	"L15916"	
"678.6872"	"0.0003"	"678.68730"	"0.00009"	"260000"	"3.2e+05"	B	"8476.234"	"23210.560"	"3d4.(5D).4s"	"a 4D"	"3/2"	"3d3.(4F).4s.4p.(3P*)"	"z 4F*"	"5/2"		"T9399"	"L15916"	
"678.8216"	"0.0003"	"678.82142"	"0.00018"	"63000"	""		"22479.403"	"37210.818"	"3d4.(1I).4s"	"2I"	"13/2"	"3d3.(2H).4s.4p.(3P*)"	"y 2H*"	"11/2"		""	"L15916"	
""	""	"679.72292"	"0.00014"	""	"9.e-04"	E	"552.955"	"15264.832"	"3d3.4s2"	"a 4F"	"9/2"	"3d3.4s2"	"a 2H"	"11/2"	E2	"u38"	""	
"680.9950"	"0.0004"	"680.99480"	"0.00019"	"16000"	""		"22496.546"	"37180.946"	"3d4.(1I).4s"	"2I"	"11/2"	"3d3.(2H).4s.4p.(3P*)"	"y 2H*"	"9/2"		""	"L15916"	
""	""	"681.31471"	"0.00008"	""	"7.7e-01"	C+	"323.432"	"15000.937"	"3d3.4s2"	"a 4F"	"7/2"	"3d4.(3H).4s"	"a 4H"	"11/2"	E2	"u38"	""	
"681.4280"	"0.0003"	"681.42799"	"0.00008"	"170000"	"2.6e+05"	B	"8413.009"	"23088.074"	"3d4.(5D).4s"	"a 4D"	"1/2"	"3d3.(4F).4s.4p.(3P*)"	"z 4F*"	"3/2"		"T9399"	"L15916"	
"682.101"	"0.002"	"682.0991"	"0.0005"	"38000D?"	""		"13801.551"	"28462.177"	"3d3.4s2"	"a 2P"	"3/2"	"3d3.(4P).4s.4p.(3P*)"	"x 6D*"	"5/2"		""	"L14162"	
"683.1827"	"0.0003"	"683.18200"	"0.00011"	"59000"	""		"8715.747"	"23353.135"	"3d4.(5D).4s"	"a 4D"	"7/2"	"3d3.(4F).4s.4p.(3P*)"	"z 4F*"	"7/2"		""	"L15916"	
"683.4324"	"0.0002"	"683.43273"	"0.00009"	"99000"	"8.9e+04"	C+	"8578.542"	"23210.560"	"3d4.(5D).4s"	"a 4D"	"5/2"	"3d3.(4F).4s.4p.(3P*)"	"z 4F*"	"5/2"		"T9399"	"L15916"	
""	""	"683.71735"	"0.00009"	""	"1.3e-01"	D+	"323.432"	"14949.359"	"3d3.4s2"	"a 4F"	"7/2"	"3d4.(3H).4s"	"a 4H"	"9/2"	E2	"u38"	""	
"684.1466"	"0.0002"	"684.14666"	"0.00014"	"57000"	""		"19023.531"	"33640.280"	"3d4.(3H).4s"	"b 2H"	"9/2"	"3d3.(2G).4s.4p.(3P*)"	"z 2H*"	"9/2"		""	"L15916"	
"684.3766"	"0.0003"	"684.37651"	"0.00007"	"80000"	"1.05e+05"	C+	"8476.234"	"23088.074"	"3d4.(5D).4s"	"a 4D"	"3/2"	"3d3.(4F).4s.4p.(3P*)"	"z 4F*"	"3/2"		"T9399"	"L15916"	
"687.2770"	"0.0002"	"687.27677"	"0.00014"	"47000"	""		"19145.148"	"33695.327"	"3d4.(3H).4s"	"b 2H"	"11/2"	"3d3.(2G).4s.4p.(3P*)"	"z 2H*"	"11/2"		""	"L15916"	
""	""	"687.34116"	"0.00019"	""	"1.0e-03"	D+	"0.000"	"14548.816"	"3d3.4s2"	"a 4F"	"3/2"	"3d3.4s2"	"2D2"	"5/2"	M1	"u38"	""	
"687.3426"	"0.0002"	"687.34248"	"0.00009"	"42000"	"2.9e+05"	C+	"15572.035"	"30120.823"	"3d4.(3P2).4s"	"b 4P"	"5/2"	"3d3.(4P).4s.4p.(3P*)"	"y 4P*"	"5/2"		"T9399"	"L15916"	
"688.5843"	"0.0003"	"688.58431"	"0.00014"	"7900"	"1.8e+05"	C+	"15572.035"	"30094.585"	"3d4.(3P2).4s"	"b 4P"	"5/2"	"3d3.(4P).4s.4p.(3P*)"	"y 4P*"	"3/2"		"T9399"	"L15916"	
""	""	"688.95405"	"0.00019"	""	"1.3e-02"	D+	"0.000"	"14514.756"	"3d3.4s2"	"a 4F"	"3/2"	"3d3.4s2"	"2D2"	"3/2"	M1	"u38"	""	
""	""	"689.17969"	"0.00011"	""	"8.1e-01"	C+	"552.955"	"15062.959"	"3d3.4s2"	"a 4F"	"9/2"	"3d4.(3H).4s"	"a 4H"	"13/2"	E2	"u38"	""	
"689.5951"	"0.0003"	"689.5951"	"0.0003"	"33000"	""		"19026.326"	"33527.589"	"3d4.(3F2).4s"	"a 2F"	"5/2"	"3d3.(2G).4s.4p.(3P*)"	"y 2F*"	"5/2"		""	"L15916"	
"689.7622"	"0.0004"	"689.7620"	"0.0003"	"11000"	""		"26196.032"	"40693.787"	"3d4.(1D2).4s"	"2D"	"5/2"	"3d3.(2P).4s.4p.(3P*)"	"w 2P*"	"3/2"		""	"L15916"	
"691.7973"	"0.0002"	"691.79736"	"0.00014"	"22000"	""		"19026.326"	"33481.426"	"3d4.(3F2).4s"	"a 2F"	"5/2"	"3d3.(2G).4s.4p.(3P*)"	"y 2F*"	"7/2"		""	"L15916"	
""	""	"692.13818"	"0.00009"	""	"7.5e-02"	D+	"552.955"	"15000.937"	"3d3.4s2"	"a 4F"	"9/2"	"3d4.(3H).4s"	"a 4H"	"11/2"	E2	"u38"	""	
""	""	"693.89352"	"0.00012"	""	"2.7e-03"	D+	"137.383"	"14548.816"	"3d3.4s2"	"a 4F"	"5/2"	"3d3.4s2"	"2D2"	"5/2"	M1+E2	"u38"	""	
"694.286"	"0.004"	"694.28466"	"0.00019"	"24000bl"	""		"19078.112"	"33481.426"	"3d4.(3F2).4s"	"a 2F"	"7/2"	"3d3.(2G).4s.4p.(3P*)"	"y 2F*"	"7/2"		""	"L15916"	
""	""	"695.53736"	"0.00019"	""	"2.3e-02"	D+	"137.383"	"14514.756"	"3d3.4s2"	"a 4F"	"5/2"	"3d3.4s2"	"2D2"	"3/2"	M1	"u38"	""	
"697.5081"	"0.0003"	"697.50820"	"0.00015"	"11000"	""		"19023.531"	"33360.280"	"3d4.(3H).4s"	"b 2H"	"9/2"	"3d3.(2G).4s.4p.(3P*)"	"y 2G*"	"7/2"		""	"L15916"	
"697.6445"	"0.0003"	"697.64421"	"0.00011"	"57000"	""		"19026.326"	"33360.280"	"3d4.(3F2).4s"	"a 2F"	"5/2"	"3d3.(2G).4s.4p.(3P*)"	"y 2G*"	"7/2"		""	"L15916"	
"699.4326"	"0.0003"	"699.43296"	"0.00020"	"8100"	""		"26206.803"	"40504.099"	"3d4.(1D2).4s"	"2D"	"3/2"	"3d3.(2P).4s.4p.(3P*)"	"w 2P*"	"1/2"		""	"L15916"	
"702.7986"	"0.0002"	"702.79842"	"0.00015"	"100000"	""		"19078.112"	"33306.943"	"3d4.(3F2).4s"	"a 2F"	"7/2"	"3d3.(2G).4s.4p.(3P*)"	"y 2G*"	"9/2"		""	"L15916"	
""	""	"702.96872"	"0.00015"	""	"2.1e-02"	D+	"323.432"	"14548.816"	"3d3.4s2"	"a 4F"	"7/2"	"3d3.4s2"	"2D2"	"5/2"	M1+E2	"u38"	""	
"705.1128"	"0.0003"	"705.1123"	"0.0004"	"15000"	""		"26206.803"	"40388.941"	"3d4.(1D2).4s"	"2D"	"3/2"	"3d3.(2D2).4s.4p.(3P*)"	"2D*"	"3/2"		""	"L15916"	
"705.5126"	"0.0004"	"705.51266"	"0.00008"	"2900"	""		"17054.924"	"31229.014"	"3d4.(3G).4s"	"a 4G"	"5/2"	"3d3.(2G).4s.4p.(3P*)"	"x 4F*"	"5/2"		""	"L15916"	
"707.4463"	"0.0004"	"707.44537"	"0.00015"	"8400"	""		"17182.073"	"31317.440"	"3d4.(3G).4s"	"a 4G"	"9/2"	"3d3.(2G).4s.4p.(3P*)"	"x 4F*"	"9/2"		""	"L15916"	
"707.7266"	"0.0004"	"707.7262"	"0.0003"	"15000"	""		"26196.032"	"40325.790"	"3d4.(1D2).4s"	"2D"	"5/2"	"3d4.(3G).4p"	"2F*"	"5/2"		""	"L15916"	
"709.3366"	"0.0018"	"709.3350"	"0.0003"	"18000bl"	""		"30771.732"	"44869.444"	"3d3.(2G).4s.4p.(3P*)"	"y 4G*"	"9/2"	"3d3.(4F).4s.(3F).5s"	"4F"	"9/2"		""	"L15916"	
"710.9916"	"0.0003"	"710.9900"	"0.0007"	"5700"	""		"30694.344"	"44759.239"	"3d3.(2G).4s.4p.(3P*)"	"y 4G*"	"7/2"	"3d3.(4F).4s.(3F).5s"	"4F"	"7/2"		""	"L15916"	
""	""	"714.49695"	"0.00015"	""	"2.e-03"	E	"552.955"	"14548.816"	"3d3.4s2"	"a 4F"	"9/2"	"3d3.4s2"	"2D2"	"5/2"	E2	"u38"	""	
"715.0830"	"0.0003"	"715.0849"	"0.0011"	"17000bl(V II)"	""		"28462.177"	"42446.531"	"3d3.(4P).4s.4p.(3P*)"	"x 6D*"	"5/2"	"3d4.(5D).4d"	"f 6D"	"7/2"		""	"L15916"	
"715.333"	"0.002"	"715.33219"	"0.00007"	"32000"	""		"20767.609"	"34747.128"	"3d4.(3D).4s"	"b 4D"	"7/2"	"3d3.(4F).4s.4p.(1P*)"	"v 4D*"	"7/2"		""	"L3475"	
"716.1856"	"0.0002"	"716.18550"	"0.00015"	"11000"	"4.4e+05"	C	"18805.048"	"32767.911"	"3d4.(3P2).4s"	"b 2P"	"1/2"	"3d3.(4P).4s.4p.(3P*)"	"z 2P*"	"3/2"		"T9399"	"L15916"	
"716.863"	"0.003"	"716.8639"	"0.0005"	"4100bl"	""		"28368.753"	"42318.403"	"3d3.(4P).4s.4p.(3P*)"	"x 6D*"	"3/2"	"3d4.(5D).4d"	"f 6F"	"5/2"		""	"L15916"	
"718.4034"	"0.0004"	"718.40355"	"0.00021"	"23000*"	""		"18805.048"	"32724.801"	"3d4.(3P2).4s"	"b 2P"	"1/2"	"3d3.(4P).4s.4p.(3P*)"	"z 2P*"	"1/2"		""	"L15916"	
"718.4034"	"0.0004"	"718.4053"	"0.0008"	"23000*"	""		"30635.580"	"44555.300"	"3d3.(2G).4s.4p.(3P*)"	"y 4G*"	"5/2"	"3d3.(4F).4s.(3F).5s"	"4F"	"3/2"		""	"L15916"	
"719.6557"	"0.0004"	"719.65594"	"0.00021"	"3200"	""		"23088.074"	"36983.603"	"3d3.(4F).4s.4p.(3P*)"	"z 4F*"	"3/2"	"3d5"	"e 4F"	"3/2"		""	"L15916"	
"721.9168"	"0.0005"	"721.91799"	"0.00005"	"5200"	""		"20767.609"	"34619.598"	"3d4.(3D).4s"	"b 4D"	"7/2"	"3d3.(4F).4s.4p.(1P*)"	"v 4D*"	"5/2"		""	"L15916"	
"723.0402"	"0.0004"	"723.04039"	"0.00013"	"7400"	""		"20789.112"	"34619.598"	"3d4.(3D).4s"	"b 4D"	"5/2"	"3d3.(4F).4s.4p.(1P*)"	"v 4D*"	"5/2"		""	"L15916"	
"723.8502"	"0.0003"	"723.84989"	"0.00013"	"2400"	""		"23210.560"	"37025.579"	"3d3.(4F).4s.4p.(3P*)"	"z 4F*"	"5/2"	"3d5"	"e 4F"	"7/2"		""	"L15916"	
""	""	"724.06525"	"0.00016"	""	"7.e-04"	E	"0.000"	"13810.910"	"3d3.4s2"	"a 4F"	"3/2"	"3d3.4s2"	"a 2P"	"1/2"	E2	"u38"	""	
""	""	"724.5562"	"0.0003"	""	"1.2e-03"	E	"0.000"	"13801.551"	"3d3.4s2"	"a 4F"	"3/2"	"3d3.4s2"	"a 2P"	"3/2"	M1+E2	"u38"	""	
"725.7615"	"0.0004"	"725.76182"	"0.00013"	"6100"	""		"23210.560"	"36989.185"	"3d3.(4F).4s.4p.(3P*)"	"z 4F*"	"5/2"	"3d5"	"e 4F"	"5/2"		""	"L15916"	
"726.6275"	"0.0002"	"726.62738"	"0.00009"	"64000"	""		"20767.609"	"34529.821"	"3d4.(3D).4s"	"b 4D"	"7/2"	"3d3.(2D2).4s.4p.(3P*)"	"4F*"	"9/2"		""	"L15916"	
"727.9898"	"0.0004"	"727.99172"	"0.00006"	"3100"	""		"20606.467"	"34342.887"	"3d3.(4F).4s.4p.(3P*)"	"z 4D*"	"1/2"	"3d5"	"c 4D"	"3/2"		""	"L15916"	
"729.39132"	"0.00015"	"729.3909"	"0.0003"	"9200"	""		"19078.112"	"32788.181"	"3d4.(3F2).4s"	"a 2F"	"7/2"	"3d3.(2H).4s.4p.(3P*)"	"z 4H*"	"9/2"		""	"L9905"	
"730.8757"	"0.0003"	"730.87629"	"0.00012"	"25000"	"1.11e+05"	C	"17182.073"	"30864.279"	"3d4.(3G).4s"	"a 4G"	"9/2"	"3d3.(2G).4s.4p.(3P*)"	"y 4G*"	"11/2"		"T9399"	"L15916"	
"731.396"	"0.005"	"731.39813"	"0.00006"	"7800bl"	""		"23353.135"	"37025.579"	"3d3.(4F).4s.4p.(3P*)"	"z 4F*"	"7/2"	"3d5"	"e 4F"	"7/2"		""	"L15916"	
"731.6084"	"0.0004"	"731.60859"	"0.00012"	"5600"	""		"19023.531"	"32692.042"	"3d4.(3H).4s"	"b 2H"	"9/2"	"3d3.(2H).4s.4p.(3P*)"	"z 4H*"	"7/2"		""	"L15916"	
"731.75846"	"0.00015"	"731.75822"	"0.00013"	"9900"	""		"19026.326"	"32692.042"	"3d4.(3F2).4s"	"a 2F"	"5/2"	"3d3.(2H).4s.4p.(3P*)"	"z 4H*"	"7/2"		""	"L9905"	
""	""	"731.84112"	"0.00021"	""	"1.9e-03"	E	"137.383"	"13801.551"	"3d3.4s2"	"a 4F"	"5/2"	"3d3.4s2"	"a 2P"	"3/2"	M1+E2	"u38"	""	
"732.3435"	"0.0003"	"732.34401"	"0.00021"	"41000"	"1.6e+05"	C	"17116.947"	"30771.732"	"3d4.(3G).4s"	"a 4G"	"7/2"	"3d3.(2G).4s.4p.(3P*)"	"y 4G*"	"9/2"		"T9399"	"L15916"	
"732.5181"	"0.0003"	"732.51847"	"0.00016"	"2900"	""		"18805.048"	"32456.581"	"3d4.(3P2).4s"	"b 2P"	"1/2"	"3d3.(2P).4s.4p.(3P*)"	"x 4D*"	"3/2"		""	"L15916"	
"732.7577"	"0.0004"	"732.7573"	"0.0004"	"2500"	""		"20830.344"	"34477.427&dagger;"	"3d4.(3D).4s"	"b 4D"	"1/2"	"3d3.(4F).4s.4p.(1P*)"	"v 4D*"	"1/2"		""	"L15916"	
"732.9752"	"0.0003"	"732.9748"	"0.0003"	"4800"	""		"19145.148"	"32788.181"	"3d4.(3H).4s"	"b 2H"	"11/2"	"3d3.(2H).4s.4p.(3P*)"	"z 4H*"	"9/2"		""	"L15916"	
"733.1690"	"0.0003"	"733.16901"	"0.00010"	"22000"	"1.4e+05"	C	"17054.924"	"30694.344"	"3d4.(3G).4s"	"a 4G"	"5/2"	"3d3.(2G).4s.4p.(3P*)"	"y 4G*"	"7/2"		"T9399"	"L15916"	
"734.0954"	"0.0002"	"734.09533"	"0.00016"	"210000"	"1.9e+06"	C+	"17242.070"	"30864.279"	"3d4.(3G).4s"	"a 4G"	"11/2"	"3d3.(2G).4s.4p.(3P*)"	"y 4G*"	"11/2"		"T9399"	"L15916"	
"735.3786"	"0.0002"	"735.37906"	"0.00016"	"8800"	"5.0e+05"	D+	"20830.344"	"34428.773"	"3d4.(3D).4s"	"b 4D"	"1/2"	"3d3.(2D2).4s.4p.(3P*)"	"4F*"	"3/2"		"T9399"	"L15916"	
"735.8539"	"0.0002"	"735.85364"	"0.00022"	"180000"	"1.6e+06"	C+	"17182.073"	"30771.732"	"3d4.(3G).4s"	"a 4G"	"9/2"	"3d3.(2G).4s.4p.(3P*)"	"y 4G*"	"9/2"		"T9399"	"L15916"	
"736.0650"	"0.0002"	"736.0648"	"0.0003"	"51000"	"9.6e+05"	C	"20789.112"	"34374.872"	"3d4.(3D).4s"	"b 4D"	"5/2"	"3d3.(2D2).4s.4p.(3P*)"	"4F*"	"7/2"		"T9399"	"L15916"	
"736.3416"	"0.0002"	"736.34146"	"0.00022"	"120000"	"1.7e+06"	C	"17054.924"	"30635.580"	"3d4.(3G).4s"	"a 4G"	"5/2"	"3d3.(2G).4s.4p.(3P*)"	"y 4G*"	"5/2"		"T9399"	"L15916"	
"736.4512"	"0.0002"	"736.45143"	"0.00022"	"58000"	""		"19189.283"	"32767.911"	"3d4.(3P2).4s"	"b 2P"	"3/2"	"3d3.(4P).4s.4p.(3P*)"	"z 2P*"	"3/2"		""	"L15916"	
"736.5182"	"0.0002"	"736.51820"	"0.00010"	"120000"	"1.5e+06"	C+	"17116.947"	"30694.344"	"3d4.(3G).4s"	"a 4G"	"7/2"	"3d3.(2G).4s.4p.(3P*)"	"y 4G*"	"7/2"		"T9399"	"L15916"	
"737.696"	"0.005"	"737.69755"	"0.00010"	"11000bl"	""		"23519.872"	"37075.563"	"3d3.(4F).4s.4p.(3P*)"	"z 4F*"	"9/2"	"3d5"	"e 4F"	"9/2"		""	"L15916"	
""	""	"737.87021"	"0.00013"	""	"1.1e-03"	D+	"2112.282"	"15664.801"	"3d4.(5D).4s"	"a 6D"	"1/2"	"3d4.(3F2).4s"	"b 4F"	"3/2"	M1+E2	"u38"	""	
""	""	"738.79028"	"0.00011"	""	"3.0e-03"	D+	"2153.221"	"15688.862"	"3d4.(5D).4s"	"a 6D"	"3/2"	"3d4.(3F2).4s"	"b 4F"	"5/2"	M1	"u38"	""	
"738.7973"	"0.0002"	"738.79699"	"0.00016"	"44000"	""		"19189.283"	"32724.801"	"3d4.(3P2).4s"	"b 2P"	"3/2"	"3d3.(4P).4s.4p.(3P*)"	"z 2P*"	"1/2"		""	"L15916"	
"739.1170"	"0.0002"	"739.1168"	"0.0003"	"16000"	"8.8e+04"	C	"17242.070"	"30771.732"	"3d4.(3G).4s"	"a 4G"	"11/2"	"3d3.(2G).4s.4p.(3P*)"	"y 4G*"	"9/2"		"T9399"	"L15916"	
"739.7196"	"0.0003"	"739.71976"	"0.00022"	"16000"	""		"17116.947"	"30635.580"	"3d4.(3G).4s"	"a 4G"	"7/2"	"3d3.(2G).4s.4p.(3P*)"	"y 4G*"	"5/2"		""	"L15916"	
"740.0682"	"0.0003"	"740.06805"	"0.00010"	"21000"	"1.4e+05"	C	"17182.073"	"30694.344"	"3d4.(3G).4s"	"a 4G"	"9/2"	"3d3.(2G).4s.4p.(3P*)"	"y 4G*"	"7/2"		"T9399"	"L15916"	
""	""	"740.10589"	"0.00011"	""	"3.7e-03"	D+	"2153.221"	"15664.801"	"3d4.(5D).4s"	"a 6D"	"3/2"	"3d4.(3F2).4s"	"b 4F"	"3/2"	M1	"u38"	""	
""	""	"740.51732"	"0.00012"	""	"4.5e-03"	D+	"2220.156"	"15724.229"	"3d4.(5D).4s"	"a 6D"	"5/2"	"3d4.(3F2).4s"	"b 4F"	"7/2"	M1	"u38"	""	
""	""	"742.46182"	"0.00010"	""	"9.e-03"	D+	"2220.156"	"15688.862"	"3d4.(5D).4s"	"a 6D"	"5/2"	"3d4.(3F2).4s"	"b 4F"	"5/2"	M1	"u38"	""	
""	""	"742.97407"	"0.00010"	""	"4.1e-03"	D+	"2311.369"	"15770.789"	"3d4.(5D).4s"	"a 6D"	"7/2"	"3d4.(3F2).4s"	"b 4F"	"9/2"	M1	"u38"	""	
""	""	"743.79056"	"0.00011"	""	"1.6e-03"	D+	"2220.156"	"15664.801"	"3d4.(5D).4s"	"a 6D"	"5/2"	"3d4.(3F2).4s"	"b 4F"	"3/2"	M1	"u38"	""	
"744.8759"	"0.0004"	"744.87507"	"0.00007"	"14000"	""		"26171.918"	"39596.988"	"3d4.(5D).4p"	"y 4F*"	"9/2"	"3d3.4s.(5F).5s"	"f 4F"	"9/2"		""	"L15916"	
""	""	"745.55315"	"0.00010"	""	"1.7e-02"	D+	"2311.369"	"15724.229"	"3d4.(5D).4s"	"a 6D"	"7/2"	"3d4.(3F2).4s"	"b 4F"	"7/2"	M1	"u38"	""	
""	""	"747.52422"	"0.00010"	""	"3.0e-03"	D+	"2311.369"	"15688.862"	"3d4.(5D).4s"	"a 6D"	"7/2"	"3d4.(3F2).4s"	"b 4F"	"5/2"	M1	"u38"	""	
"748.7960"	"0.0002"	"748.79590"	"0.00017"	"56000"	""		"20813.108"	"34167.882"	"3d4.(3D).4s"	"b 4D"	"3/2"	"3d3.(2P).4s.4p.(3P*)"	"2D*"	"5/2"		""	"L15916"	
"749.014"	"0.004"	"749.0094"	"0.0006"	"30000h"	""		"39596.988"	"52947.956"	"3d3.4s.(5F).5s"	"f 4F"	"9/2"	"52947o"	"p 2G*"	"9/2"		""	"L3475"	
""	""	"749.28930"	"0.00012"	""	"2.7e-02"	D+	"2424.809"	"15770.789"	"3d4.(5D).4s"	"a 6D"	"9/2"	"3d4.(3F2).4s"	"b 4F"	"9/2"	M1	"u38"	""	
""	""	"751.91249"	"0.00014"	""	"3.0e-03"	D+	"2424.809"	"15724.229"	"3d4.(5D).4s"	"a 6D"	"9/2"	"3d4.(3F2).4s"	"b 4F"	"7/2"	M1	"u38"	""	
"753.195"	"0.005"	"753.19360"	"0.00010"	"7200bl"	""		"26122.094&dagger;"	"39398.893"	"3d4.(5D).4p"	"y 4F*"	"7/2"	"3d3.4s.(5F).5s"	"f 4F"	"7/2"		""	"L15916"	
"753.7326"	"0.0004"	"753.73298"	"0.00023"	"7700"	""		"19189.283"	"32456.581"	"3d4.(3P2).4s"	"b 2P"	"3/2"	"3d3.(2P).4s.4p.(3P*)"	"x 4D*"	"3/2"		""	"L15916"	
""	""	"754.10994"	"0.00013"	""	"2.0e-02"	D+	"2311.369"	"15572.035"	"3d4.(5D).4s"	"a 6D"	"7/2"	"3d4.(3P2).4s"	"b 4P"	"5/2"	M1	"u38"	""	
"755.4492"	"0.0003"	"755.44962"	"0.00006"	"9500"	""		"26004.234"	"39241.384"	"3d4.(5D).4p"	"y 4F*"	"5/2"	"3d3.4s.(5F).5s"	"f 4F"	"5/2"		""	"L15916"	
"755.6654"	"0.0002"	"755.66553"	"0.00011"	"25000"	""		"24770.673"	"38004.041"	"3d4.(5D).4p"	"z 4P*"	"1/2"	"3d4.(5D).5s"	"e 4D"	"3/2"		""	"L15916"	
"757.5913"	"0.0004"	"757.59189"	"0.00017"	"4500"	""		"20830.344"	"34030.063&dagger;"	"3d4.(3D).4s"	"b 4D"	"1/2"	"3d3.(2P).4s.4p.(3P*)"	"2D*"	"3/2"		""	"L15916"	
"758.0791"	"0.0002"	"758.07919"	"0.00006"	"49000"	""		"24915.151"	"38106.385"	"3d4.(5D).4p"	"z 4P*"	"3/2"	"3d4.(5D).5s"	"e 4D"	"5/2"		""	"L15916"	
"759.3282"	"0.0002"	"759.3281"	"0.0003"	"37000"	""		"24770.673"	"37940.211"	"3d4.(5D).4p"	"z 4P*"	"1/2"	"3d4.(5D).5s"	"e 4D"	"1/2"		""	"L15916"	
"759.8958"	"0.0003"	"759.89551"	"0.00017"	"69000"	""		"19189.283"	"32348.987"	"3d4.(3P2).4s"	"b 2P"	"3/2"	"3d3.(2P).4s.4p.(3P*)"	"x 4D*"	"1/2"		""	"L15916"	
""	""	"759.97659"	"0.00017"	""	"3.0e-03"	D+	"2112.282"	"15270.582"	"3d4.(5D).4s"	"a 6D"	"1/2"	"3d4.(3P2).4s"	"b 4P"	"3/2"	M1	"u38"	""	
"760.0392"	"0.0003"	"760.03915"	"0.00017"	"60000"	""		"18805.048"	"31962.265"	"3d4.(3P2).4s"	"b 2P"	"1/2"	"3d4.(3P2).4p"	"y 2S*"	"1/2"		""	"L15916"	
"760.7031"	"0.0004"	"760.7020"	"0.0004"	"5900*"	""		"26196.032"	"39341.784"	"3d4.(1D2).4s"	"2D"	"5/2"	"3d4.(3F2).4p"	"u 4F*"	"7/2"		""	"L15916"	
"760.7031"	"0.0004"	"760.7036"	"0.0003"	"5900*"	""		"20830.344"	"33976.069&dagger;"	"3d4.(3D).4s"	"b 4D"	"1/2"	"3d3.(4P).4s.4p.(3P*)"	"w 4D*"	"3/2"		""	"L15916"	
"762.0773"	"0.0002"	"762.07733"	"0.00017"	"24000"	""		"24630.567"	"37752.595"	"3d4.(3D).4s"	"2D"	"5/2"	"3d4.(3F2).4p"	"w 2D*"	"5/2"		""	"L15916"	
"762.388"	"0.005"	"762.38676"	"0.00012"	"21000bl(V II)"	""		"26480.286&dagger;"	"39596.988"	"3d4.(5D).4p"	"y 4D*"	"7/2"	"3d3.4s.(5F).5s"	"f 4F"	"9/2"		""	"L15916"	
"762.6874"	"0.0003"	"762.68732"	"0.00013"	"97000*"	""		"25131.002"	"38242.535"	"3d4.(5D).4p"	"z 4P*"	"5/2"	"3d4.(5D).5s"	"e 4D"	"7/2"		""	"L15916"	
"762.6874"	"0.0003"	"762.6884"	"0.0004"	"97000*"	""		"31541.167"	"44652.682"	"3d3.(4F).4s.4p.(1P*)"	"x 4G*"	"7/2"	"3d3.(4F).4s.(3F).5s"	"4F"	"5/2"		""	"L15916"	
"764.013"	"0.004"	"764.00673"	"0.00006"	"15000h"	""		"24915.151"	"38004.041"	"3d4.(5D).4p"	"z 4P*"	"3/2"	"3d4.(5D).5s"	"e 4D"	"3/2"		""	"L14162"	
""	""	"766.25851"	"0.00018"	""	"2.8e-02"	D+	"2220.156"	"15270.582"	"3d4.(5D).4s"	"a 6D"	"5/2"	"3d4.(3P2).4s"	"b 4P"	"3/2"	M1	"u38"	""	
"766.5034"	"0.0004"	"766.50326"	"0.00008"	"14000"	""		"26352.634"	"39398.893"	"3d4.(5D).4p"	"y 4D*"	"5/2"	"3d3.4s.(5F).5s"	"f 4F"	"7/2"		""	"L15916"	
"767.0212"	"0.0004"	"767.0206"	"0.0009"	"1900"	""		"31721.780"	"44759.239"	"3d3.(4F).4s.4p.(1P*)"	"x 4G*"	"9/2"	"3d3.(4F).4s.(3F).5s"	"4F"	"7/2"		""	"L15916"	
"767.7517"	"0.0004"	"767.75078"	"0.00018"	"6900"	""		"24915.151"	"37940.211"	"3d4.(5D).4p"	"z 4P*"	"3/2"	"3d4.(5D).5s"	"e 4D"	"1/2"		""	"L15916"	
"769.7094"	"0.0003"	"769.70988"	"0.00011"	"8700"	""		"26249.476"	"39241.384"	"3d4.(5D).4p"	"y 4D*"	"3/2"	"3d3.4s.(5F).5s"	"f 4F"	"5/2"		""	"L15916"	
"770.3473"	"0.0003"	"770.34724"	"0.00018"	"25000"	""		"18805.048"	"31786.207&dagger;"	"3d4.(3P2).4s"	"b 2P"	"1/2"	"3d3.(2P).4s.4p.(3P*)"	"2S*"	"1/2"		""	"L15916"	
"770.6904"	"0.0002"	"770.69016"	"0.00012"	"33000"	""		"25131.002"	"38106.385"	"3d4.(5D).4p"	"z 4P*"	"5/2"	"3d4.(5D).5s"	"e 4D"	"5/2"		""	"L15916"	
""	""	"771.24163"	"0.00018"	""	"8.e-03"	D+	"2112.282"	"15078.387"	"3d4.(5D).4s"	"a 6D"	"1/2"	"3d4.(3P2).4s"	"b 4P"	"1/2"	M1	"u38"	""	
"772.5240"	"0.0004"	"772.52344"	"0.00008"	"9200"	""		"26182.637"	"39127.228"	"3d4.(5D).4p"	"y 4D*"	"1/2"	"3d3.4s.(5F).5s"	"f 4F"	"3/2"		""	"L15916"	
"773.2564"	"0.0003"	"773.25688"	"0.00018"	"5500"	""		"31937.131"	"44869.444"	"3d3.(4F).4s.4p.(1P*)"	"x 4G*"	"11/2"	"3d3.(4F).4s.(3F).5s"	"4F"	"9/2"		""	"L15916"	
""	""	"773.68445"	"0.00014"	""	"2.9e-02"	D+	"2153.221"	"15078.387"	"3d4.(5D).4s"	"a 6D"	"3/2"	"3d4.(3P2).4s"	"b 4P"	"1/2"	M1	"u38"	""	
"773.8756"	"0.0003"	"773.87557"	"0.00011"	"8500"	""		"14548.816"	"27470.790"	"3d3.4s2"	"2D2"	"5/2"	"3d3.(4F).4s.4p.(3P*)"	"z 2F*"	"7/2"		""	"L15916"	
"774.7875"	"0.0005"	"774.7869"	"0.0003"	"17000*"	""		"15688.862"	"28595.637"	"3d4.(3F2).4s"	"b 4F"	"5/2"	"3d3.(4P).4s.4p.(3P*)"	"x 6D*"	"7/2"		""	"L15916"	
"774.7875"	"0.0005"	"774.7869"	"0.0004"	"17000*"	""		"29202.790"	"42109.564"	"3d3.(4P).4s.4p.(3P*)"	"y 6P*"	"3/2"	"3d4.(5D).4d"	"e 6P"	"5/2"		""	"L15916"	
"775.1756"	"0.0006"	"775.17571"	"0.00018"	"13000*"	""		"31397.822"	"44298.123"	"3d3.(4F).4s.4p.(1P*)"	"x 4G*"	"5/2"	"3d3.4s.(5F).4d"	"4G"	"5/2"		""	"L15916"	
"775.1756"	"0.0006"	"775.1757"	"0.0006"	"13000*"	""		"31397.822"	"44298.123"	"3d3.(4F).4s.4p.(1P*)"	"x 4G*"	"5/2"	"3d3.4s.(5F).4d"	"4F"	"3/2"		""	"L15916"	
"775.8702"	"0.0004"	"775.87043"	"0.00011"	"4400"	""		"26352.634"	"39241.384"	"3d4.(5D).4p"	"y 4D*"	"5/2"	"3d3.4s.(5F).5s"	"f 4F"	"5/2"		""	"L15916"	
"776.8177"	"0.0004"	"776.81735"	"0.00012"	"3700bl(V II)"	""		"25131.002"	"38004.041"	"3d4.(5D).4p"	"z 4P*"	"5/2"	"3d4.(5D).5s"	"e 4D"	"3/2"		""	"L15916"	
"777.0957"	"0.0003"	"777.09563"	"0.00018"	"18000"	""		"29296.430"	"42164.859"	"3d3.(4P).4s.4p.(3P*)"	"y 6P*"	"5/2"	"3d4.(5D).4d"	"e 6P"	"7/2"		""	"L15916"	
"777.1758"	"0.0003"	"777.17584"	"0.00018"	"14000"	""		"31541.167"	"44408.268"	"3d3.(4F).4s.4p.(1P*)"	"x 4G*"	"7/2"	"3d3.4s.(5F).4d"	"4G"	"7/2"		""	"L15916"	
"778.1691"	"0.0004"	"778.1695"	"0.0003"	"3700"	""		"29202.790"	"42053.460"	"3d3.(4P).4s.4p.(3P*)"	"y 6P*"	"3/2"	"3d4.(5D).4d"	"e 6P"	"3/2"		""	"L15916"	
"778.5414"	"0.0005"	"778.5412"	"0.0003"	"7700"	""		"24630.567"	"37475.102&dagger;"	"3d4.(3D).4s"	"2D"	"5/2"	"3d3.(2D2).4s.4p.(3P*)"	"w 2F*"	"7/2"		""	"L15916"	
"778.995"	"0.002"	"779.00027"	"0.00018"	"3400"	""		"31229.014"	"44065.980"	"3d3.(2G).4s.4p.(3P*)"	"x 4F*"	"5/2"	"3d3.(4F).4s.(3F).5s"	"e 2F"	"7/2"		""	"L14162"	
"779.2757"	"0.0004"	"779.27539"	"0.00018"	"9800"	""		"31721.780"	"44554.214"	"3d3.(4F).4s.4p.(1P*)"	"x 4G*"	"9/2"	"3d3.4s.(5F).4d"	"4G"	"9/2"		""	"L15916"	
"780.3938"	"0.0003"	"780.3935"	"0.0004"	"18000"	""		"24643.528"	"37457.576"	"3d4.(3D).4s"	"2D"	"3/2"	"3d4.(3F2).4p"	"w 2D*"	"3/2"		""	"L15916"	
"780.6654"	"0.0005"	"780.66554"	"0.00018"	"18000"	""		"31937.131"	"44746.714"	"3d3.(4F).4s.4p.(1P*)"	"x 4G*"	"11/2"	"3d3.4s.(5F).4d"	"4G"	"11/2"		""	"L15916"	
"782.9028"	"0.0003"	"782.90254"	"0.00018"	"20000"	""		"19189.283"	"31962.265"	"3d4.(3P2).4s"	"b 2P"	"3/2"	"3d4.(3P2).4p"	"y 2S*"	"1/2"		""	"L15916"	
"785.334"	"0.004"	"785.3316"	"0.0003"	"27000h"	""		"31371.087"	"44104.562"	"3d4.(3F1).4s"	"4F"	"7/2"	"3d4.(3D).4p"	"4F*"	"7/2"		""	"L3475"	
"785.8655"	"0.0004"	"785.86604"	"0.00008"	"1800"	""		"20687.769"	"33412.584"	"3d3.(4F).4s.4p.(3P*)"	"z 4D*"	"3/2"	"3d5"	"4P"	"3/2"		""	"L15916"	
"786.3956"	"0.0006"	"786.39517"	"0.00019"	"8000"	""		"24898.804"	"37615.057"	"3d4.(5D).4p"	"y 6F*"	"5/2"	"3d3.4s.(5F).5s"	"e 6F"	"7/2"		""	"L15916"	
"787.4621"	"0.0003"	"787.46191"	"0.00019"	"17000"	""		"24643.528"	"37342.555"	"3d4.(3D).4s"	"2D"	"3/2"	"3d3.(2D2).4s.4p.(3P*)"	"w 2F*"	"5/2"		""	"L15916"	
"787.603"	"0.003"	"787.60120"	"0.00019"	"7700bl(V II)"	""		"24778.321"	"37475.102&dagger;"	"3d3.4s2"	"2F"	"7/2"	"3d3.(2D2).4s.4p.(3P*)"	"w 2F*"	"7/2"		""	"L15916"	
"787.9315"	"0.0004"	"787.9303"	"0.0010"	"8200*"	""		"36814.827"	"49506.305"	"3d3.(2D2).4s.4p.(3P*)"	"x 4P*"	"3/2"	"49506e"	"6D"	"1/2"		""	"L15916"	
"787.9315"	"0.0004"	"787.9323"	"0.0005"	"8200*"	""		"29418.119"	"42109.564"	"3d3.(4P).4s.4p.(3P*)"	"y 6P*"	"7/2"	"3d4.(5D).4d"	"e 6P"	"5/2"		""	"L15916"	
"788.7672"	"0.0003"	"788.76776"	"0.00019"	"18000"	""		"25253.457"	"37931.460"	"3d4.(5D).4p"	"y 6F*"	"11/2"	"3d3.4s.(5F).5s"	"e 6F"	"11/2"		""	"L15916"	
"789.0792"	"0.0006"	"789.07796"	"0.00015"	"5900*"	""		"24830.221"	"37503.240"	"3d4.(5D).4p"	"y 6F*"	"3/2"	"3d3.4s.(5F).5s"	"e 6F"	"5/2"		""	"L15916"	
"789.0792"	"0.0006"	"789.07971"	"0.00019"	"5900*"	""		"14514.756"	"27187.747"	"3d3.4s2"	"2D2"	"3/2"	"3d3.(4F).4s.4p.(3P*)"	"z 2F*"	"5/2"		""	"L15916"	
"789.857"	"0.002"	"789.85385"	"0.00019"	"47000"	""		"26738.323"	"39398.893"	"3d4.(5D).4p"	"y 6D*"	"9/2"	"3d3.4s.(5F).5s"	"f 4F"	"7/2"		""	"L3475"	
"790.2499"	"0.0003"	"790.25002"	"0.00019"	"16000"	""		"31541.167"	"44195.390"	"3d3.(4F).4s.4p.(1P*)"	"x 4G*"	"7/2"	"3d3.4s.(5F).4d"	"4F"	"5/2"		""	"L15916"	
"790.723"	"0.005"	"790.7218"	"0.0003"	"13000bl(V II)"	""		"25111.473"	"37758.146"	"3d4.(5D).4p"	"y 6F*"	"9/2"	"3d3.4s.(5F).5s"	"e 6F"	"9/2"		""	"L15916"	
"791.5267"	"0.0004"	"791.5268"	"0.0003"	"4300"	""		"24789.401"	"37423.212"	"3d4.(5D).4p"	"y 6F*"	"1/2"	"3d3.4s.(5F).5s"	"e 6F"	"3/2"		""	"L15916"	
"792.257"	"0.005"	"792.25818"	"0.00019"	"8000bl"	""		"24992.909"	"37615.057"	"3d4.(5D).4p"	"y 6F*"	"7/2"	"3d3.4s.(5F).5s"	"e 6F"	"7/2"		""	"L15916"	
"792.6945"	"0.0004"	"792.69446"	"0.00019"	"9100"	""		"24859.901"	"37475.102&dagger;"	"3d3.4s2"	"2F"	"5/2"	"3d3.(2D2).4s.4p.(3P*)"	"w 2F*"	"7/2"		""	"L15916"	
"793.3355"	"0.0003"	"793.33573"	"0.00019"	"15000"	""		"31721.780"	"44326.784"	"3d3.(4F).4s.4p.(1P*)"	"x 4G*"	"9/2"	"3d3.4s.(5F).4d"	"4F"	"7/2"		""	"L15916"	
"793.5122"	"0.0003"	"793.51231"	"0.00012"	"87000"	""		"24838.578"	"37440.777"	"3d4.(5D).4p"	"z 6P*"	"7/2"	"3d4.(5D).5s"	"e 6D"	"9/2"		""	"L15916"	
"793.8446"	"0.0003"	"793.84459"	"0.00019"	"24000"	""		"19189.283"	"31786.207&dagger;"	"3d4.(3P2).4s"	"b 2P"	"3/2"	"3d3.(2P).4s.4p.(3P*)"	"2S*"	"1/2"		""	"L15916"	
"793.903"	""	"793.89766"	"0.00019"	":"	"7.9e+05"	C+	"13801.551"	"26397.633"	"3d3.4s2"	"a 2P"	"3/2"	"3d4.(5D).4p"	"y 6D*"	"1/2"		"T4902"	"L20056"	
"794.0082"	"0.0003"	"794.00816"	"0.00011"	"100000"	""		"24727.841"	"37322.170"	"3d4.(5D).4p"	"z 6P*"	"5/2"	"3d4.(5D).5s"	"e 6D"	"7/2"		""	"L15916"	
"794.0932"	"0.0004"	"794.09252"	"0.00019"	"2600"	""		"24830.221"	"37423.212"	"3d4.(5D).4p"	"y 6F*"	"3/2"	"3d3.4s.(5F).5s"	"e 6F"	"3/2"		""	"L15916"	
"794.655"	"0.002"	"794.65338"	"0.00011"	"4100bl"	""		"20828.481"	"33412.584"	"3d3.(4F).4s.4p.(3P*)"	"z 4D*"	"5/2"	"3d5"	"4P"	"3/2"		""	"L15916"	
"794.6833"	"0.0003"	"794.68325"	"0.00019"	"19000"	"1.03e+06"	C+	"24778.321"	"37361.951"	"3d3.4s2"	"2F"	"7/2"	"3d4.(3H).4p"	"v 2G*"	"9/2"		"T9399"	"L15916"	
"794.9521"	"0.0003"	"794.95205"	"0.00008"	"17000"	""		"24648.114"	"37227.489"	"3d4.(5D).4p"	"z 6P*"	"3/2"	"3d4.(5D).5s"	"e 6D"	"5/2"		""	"L15916"	
"796.0385"	"0.0003"	"796.03872"	"0.00019"	"19000"	"1.0e+07"	C	"31937.131"	"44499.334"	"3d3.(4F).4s.4p.(1P*)"	"x 4G*"	"11/2"	"3d3.4s.(5F).4d"	"4F"	"9/2"		"u38"	"L15916"	
"797.1860"	"0.0004"	"797.18600"	"0.00019"	"7700"	""		"24630.567"	"37174.691"	"3d4.(3D).4s"	"2D"	"5/2"	"3d4.(3H).4p"	"v 2G*"	"7/2"		""	"L15916"	
"797.5314"	"0.0003"	"797.53142"	"0.00014"	"30000"	""		"21101.589"	"33640.280"	"3d4.(3G).4s"	"2G"	"7/2"	"3d3.(2G).4s.4p.(3P*)"	"z 2H*"	"9/2"		""	"L15916"	
"799.3313"	"0.0003"	"799.33061"	"0.00019"	"31000"	""		"24648.114"	"37158.582"	"3d4.(5D).4p"	"z 6P*"	"3/2"	"3d4.(5D).5s"	"e 6D"	"3/2"		""	"L15916"	
"800.0224"	"0.0003"	"800.02253"	"0.00013"	"33000"	""		"24727.841"	"37227.489"	"3d4.(5D).4p"	"z 6P*"	"5/2"	"3d4.(5D).5s"	"e 6D"	"5/2"		""	"L15916"	
"800.4222"	"0.0004"	"800.4219"	"0.0003"	"28000"	"1.3e+07"	C	"31397.822"	"43891.233"	"3d3.(4F).4s.4p.(1P*)"	"x 4G*"	"5/2"	"3d3.4s.(5F).4d"	"4H"	"7/2"		"u38"	"L15916"	
"800.8112"	"0.0003"	"800.81087"	"0.00019"	"29000"	"1.0e+07"	D+	"31541.167"	"44028.510"	"3d3.(4F).4s.4p.(1P*)"	"x 4G*"	"7/2"	"3d3.4s.(5F).4d"	"4H"	"9/2"		"T9771"	"L15916"	
"801.0514"	"0.0003"	"801.05149"	"0.00010"	"26000"	""		"24838.578"	"37322.170"	"3d4.(5D).4p"	"z 6P*"	"7/2"	"3d4.(5D).5s"	"e 6D"	"7/2"		""	"L15916"	
"801.8190"	"0.0004"	"801.81872"	"0.00019"	"36000"	"9.4e+06"	C	"31721.780"	"44193.427"	"3d3.(4F).4s.4p.(1P*)"	"x 4G*"	"9/2"	"3d3.4s.(5F).4d"	"4H"	"11/2"		"u38"	"L15916"	
"802.0111"	"0.0003"	"802.0111"	"0.0003"	"17000"	""		"24648.114"	"37116.769"	"3d4.(5D).4p"	"z 6P*"	"3/2"	"3d4.(5D).5s"	"e 6D"	"1/2"		""	"L15916"	
"802.8638"	"0.0003"	"802.8631"	"0.0003"	"42000"	"1.3e+07"	C	"31937.131"	"44392.554"	"3d3.(4F).4s.4p.(1P*)"	"x 4G*"	"11/2"	"3d3.4s.(5F).4d"	"4H"	"13/2"		"u38"	"L15916"	
"802.9572"	"0.0003"	"802.95739"	"0.00010"	"210000"	"1.89e+05"	B	"8578.542"	"21032.503"	"3d4.(5D).4s"	"a 4D"	"5/2"	"3d3.(4F).4s.4p.(3P*)"	"z 4D*"	"7/2"		"T4902"	"L15916"	
"803.3503"	"0.0003"	"803.35042"	"0.00019"	"3500"	""		"24992.909"	"37440.777"	"3d4.(5D).4p"	"y 6F*"	"7/2"	"3d4.(5D).5s"	"e 6D"	"9/2"		""	"L15916"	
"804.4574"	"0.0003"	"804.45727"	"0.00013"	"11000"	""		"24727.841"	"37158.582"	"3d4.(5D).4p"	"z 6P*"	"5/2"	"3d4.(5D).5s"	"e 6D"	"3/2"		""	"L15916"	
"804.792"	"0.004"	"804.7967"	"0.0006"	"44000h"	""		"33412.584"	"45838.082"	"3d5"	"4P"	"3/2"	"3d3.4s.(5F).5p"	"o 4D*"	"5/2"		""	"L3475"	
"804.9353"	"0.0003"	"804.93483"	"0.00016"	"6200"	""		"24898.804"	"37322.170"	"3d4.(5D).4p"	"y 6F*"	"5/2"	"3d4.(5D).5s"	"e 6D"	"7/2"		""	"L15916"	
"805.1744"	"0.0004"	"805.17405"	"0.00019"	"27000"	""		"21275.652"	"33695.327"	"3d4.(3G).4s"	"2G"	"9/2"	"3d3.(2G).4s.4p.(3P*)"	"z 2H*"	"11/2"		""	"L15916"	
"806.6294"	"0.0003"	"806.62933"	"0.00020"	"8000"	""		"24830.221"	"37227.489"	"3d4.(5D).4p"	"y 6F*"	"3/2"	"3d4.(5D).5s"	"e 6D"	"5/2"		""	"L15916"	
"807.1741"	"0.0004"	"807.17345"	"0.00008"	"4800"	""		"24838.578"	"37227.489"	"3d4.(5D).4p"	"z 6P*"	"7/2"	"3d4.(5D).5s"	"e 6D"	"5/2"		""	"L15916"	
"809.5693"	"0.0003"	"809.56930"	"0.00012"	"100000"	"3.06e+05"	B+	"8476.234"	"20828.481"	"3d4.(5D).4s"	"a 4D"	"3/2"	"3d3.(4F).4s.4p.(3P*)"	"z 4D*"	"5/2"		"T9627"	"L15916"	
"809.7754"	"0.0005"	"809.7749"	"0.0005"	"4400"	""		"34358.408"	"46707.519"	"3d5"	"c 4D"	"5/2"	"3d3.(2F).4s.4p.(3P*)"	"4D*"	"3/2"		""	"L15916"	
"811.0774"	"0.0004"	"811.07579"	"0.00020"	"50000*"	""		"25111.473"	"37440.777"	"3d4.(5D).4p"	"y 6F*"	"9/2"	"3d4.(5D).5s"	"e 6D"	"9/2"		""	"L15916"	
"811.0774"	"0.0004"	"811.07862"	"0.00020"	"50000*"	""		"24992.909"	"37322.170"	"3d4.(5D).4p"	"y 6F*"	"7/2"	"3d4.(5D).5s"	"e 6D"	"7/2"		""	"L15916"	
"811.1166"	"0.0003"	"811.11651"	"0.00020"	"38000"	""		"24898.804"	"37227.489"	"3d4.(5D).4p"	"y 6F*"	"5/2"	"3d4.(5D).5s"	"e 6D"	"5/2"		""	"L15916"	
"811.1375"	"0.0003"	"811.13783"	"0.00014"	"35000"	""		"24830.221"	"37158.582"	"3d4.(5D).4p"	"y 6F*"	"3/2"	"3d4.(5D).5s"	"e 6D"	"3/2"		""	"L15916"	
"811.2033"	"0.0003"	"811.2032"	"0.0005"	"24000"	""		"24789.401"	"37116.769"	"3d4.(5D).4p"	"y 6F*"	"1/2"	"3d4.(5D).5s"	"e 6D"	"1/2"		""	"L15916"	
"811.9021"	"0.0003"	"811.90209"	"0.00013"	"850000"	"1.22e+06"	B+	"8715.747"	"21032.503"	"3d4.(5D).4s"	"a 4D"	"7/2"	"3d3.(4F).4s.4p.(3P*)"	"z 4D*"	"7/2"		"T9627"	"L15916"	
"812.0319"	"0.0004"	"812.0317"	"0.0003"	"10000"	""		"24859.901"	"37174.691"	"3d3.4s2"	"2F"	"5/2"	"3d4.(3H).4p"	"v 2G*"	"7/2"		""	"L15916"	
"813.8980"	"0.0003"	"813.89826"	"0.00020"	"46000"	""		"24830.221"	"37116.769"	"3d4.(5D).4p"	"y 6F*"	"3/2"	"3d4.(5D).5s"	"e 6D"	"1/2"		""	"L15916"	
"814.4572"	"0.0004"	"814.45654"	"0.00009"	"9200"	""		"21032.503"	"33310.629"	"3d3.(4F).4s.4p.(3P*)"	"z 4D*"	"7/2"	"3d5"	"4P"	"5/2"		""	"L15916"	
"814.6799"	"0.0003"	"814.67988"	"0.00012"	"210000"	"3.4e+05"	B	"8413.009"	"20687.769"	"3d4.(5D).4s"	"a 4D"	"1/2"	"3d3.(4F).4s.4p.(3P*)"	"z 4D*"	"3/2"		"T9627"	"L15916"	
"815.6754"	"0.0003"	"815.67546"	"0.00016"	"38000"	""		"24898.804"	"37158.582"	"3d4.(5D).4p"	"y 6F*"	"5/2"	"3d4.(5D).5s"	"e 6D"	"3/2"		""	"L15916"	
"815.7468"	"0.0005"	"815.74778"	"0.00020"	"1800"	""		"21101.589"	"33360.280"	"3d4.(3G).4s"	"2G"	"7/2"	"3d3.(2G).4s.4p.(3P*)"	"y 2G*"	"7/2"		""	"L15916"	
"816.3305"	"0.0003"	"816.33060"	"0.00012"	"500000"	"8.4e+05"	B+	"8578.542"	"20828.481"	"3d4.(5D).4s"	"a 4D"	"5/2"	"3d3.(4F).4s.4p.(3P*)"	"z 4D*"	"5/2"		"T9627"	"L15916"	
"817.114"	"0.004"	"817.10688"	"0.00006"	"18000h"	""		"26004.234"	"38242.535"	"3d4.(5D).4p"	"y 4F*"	"5/2"	"3d4.(5D).5s"	"e 4D"	"7/2"		""	"L14162"	
""	""	"817.16391"	"0.00020"	""	"4.4e-05"	D+	"2311.369"	"14548.816"	"3d4.(5D).4s"	"a 6D"	"7/2"	"3d3.4s2"	"2D2"	"5/2"	M1	"u38"	""	
"817.3554"	"0.0003"	"817.35540"	"0.00020"	"59000"	""		"24992.909"	"37227.489"	"3d4.(5D).4p"	"y 6F*"	"7/2"	"3d4.(5D).5s"	"e 6D"	"5/2"		""	"L15916"	
"818.246"	"0.004"	"818.24784"	"0.00010"	"34000"	""		"20767.609"	"32988.845"	"3d4.(3D).4s"	"b 4D"	"7/2"	"3d3.(4F).4s.4p.(1P*)"	"w 4F*"	"7/2"		""	"L3475"	
"818.2892"	"0.0004"	"818.28855"	"0.00012"	"3800"	""		"26021.907"	"38242.535"	"3d3.(4F).4s.4p.(3P*)"	"z 2G*"	"7/2"	"3d4.(5D).5s"	"e 4D"	"7/2"		""	"L15916"	
"818.8979"	"0.0003"	"818.89787"	"0.00010"	"250000"	"5.7e+05"	B	"8476.234"	"20687.769"	"3d4.(5D).4s"	"a 4D"	"3/2"	"3d3.(4F).4s.4p.(3P*)"	"z 4D*"	"3/2"		"T9627"	"L15916"	
"818.9540"	"0.0003"	"818.9541"	"0.0003"	"100000"	"1.6e+07"	C	"25111.473"	"37322.170"	"3d4.(5D).4p"	"y 6F*"	"9/2"	"3d4.(5D).5s"	"e 6D"	"7/2"		"u38"	"L15916"	
"820.1119"	"0.0003"	"820.11190"	"0.00013"	"210000"	"7.0e+05"	B+	"8413.009"	"20606.467"	"3d4.(5D).4s"	"a 4D"	"1/2"	"3d3.(4F).4s.4p.(3P*)"	"z 4D*"	"1/2"		"T9627"	"L15916"	
"820.5250"	"0.0003"	"820.52494"	"0.00020"	"150000"	"1.9e+07"	C	"25253.457"	"37440.777"	"3d4.(5D).4p"	"y 6F*"	"11/2"	"3d4.(5D).5s"	"e 6D"	"9/2"		"u38"	"L15916"	
"823.2101"	"0.0003"	"823.20977"	"0.00020"	"7200"	""		"24778.321"	"36925.893&dagger;"	"3d3.4s2"	"2F"	"7/2"	"3d4.(3F2).4p"	"x 2F*"	"7/2"		""	"L15916"	
"824.3865"	"0.0003"	"824.38647"	"0.00011"	"170000"	"6.9e+05"	B+	"8476.234"	"20606.467"	"3d4.(5D).4s"	"a 4D"	"3/2"	"3d3.(4F).4s.4p.(3P*)"	"z 4D*"	"1/2"		"T9627"	"L15916"	
"824.8510"	"0.0003"	"824.85084"	"0.00020"	"27000"	""		"20767.609"	"32891.013"	"3d4.(3D).4s"	"b 4D"	"7/2"	"3d3.(2P).4s.4p.(3P*)"	"x 4D*"	"7/2"		""	"L15916"	
"825.0523"	"0.0004"	"825.05249"	"0.00007"	"11000"	""		"26122.094&dagger;"	"38242.535"	"3d4.(5D).4p"	"y 4F*"	"7/2"	"3d4.(5D).5s"	"e 4D"	"7/2"		""	"L15916"	
"825.5773"	"0.0003"	"825.57745"	"0.00010"	"210000"	"2.45e+05"	B	"8715.747"	"20828.481"	"3d4.(5D).4s"	"a 4D"	"7/2"	"3d3.(4F).4s.4p.(3P*)"	"z 4D*"	"5/2"		"T9627"	"L15916"	
"825.8165"	"0.0003"	"825.81654"	"0.00011"	"210000"	"4.6e+05"	B	"8578.542"	"20687.769"	"3d4.(5D).4s"	"a 4D"	"5/2"	"3d3.(4F).4s.4p.(3P*)"	"z 4D*"	"3/2"		"T4902"	"L15916"	
"826.2994"	"0.0003"	"826.29939"	"0.00007"	"23000"	""		"26004.234"	"38106.385"	"3d4.(5D).4p"	"y 4F*"	"5/2"	"3d4.(5D).5s"	"e 4D"	"5/2"		""	"L15916"	
"826.9883"	"0.0003"	"826.98840"	"0.00021"	"38000"	""		"21603.259"	"33695.327"	"3d4.(1G2).4s"	"b 2G"	"9/2"	"3d3.(2G).4s.4p.(3P*)"	"z 2H*"	"11/2"		""	"L15916"	
"827.5078"	"0.0004"	"827.50782"	"0.00011"	"19000"	""		"26021.907"	"38106.385"	"3d3.(4F).4s.4p.(3P*)"	"z 2G*"	"7/2"	"3d4.(5D).5s"	"e 4D"	"5/2"		""	"L15916"	
"828.2610"	"0.0003"	"828.26045"	"0.00010"	"20000"	""		"25930.544"	"38004.041"	"3d4.(5D).4p"	"y 4F*"	"3/2"	"3d4.(5D).5s"	"e 4D"	"3/2"		""	"L15916"	
"828.4578"	"0.0003"	"828.45806"	"0.00006"	"77000"	"1.6e+07"	C	"26171.918"	"38242.535"	"3d4.(5D).4p"	"y 4F*"	"9/2"	"3d4.(5D).5s"	"e 4D"	"7/2"		"u38"	"L15916"	
"830.7706"	"0.0005"	"830.77034"	"0.00016"	"7800"	""		"21603.259"	"33640.280"	"3d4.(1G2).4s"	"b 2G"	"9/2"	"3d3.(2G).4s.4p.(3P*)"	"z 2H*"	"9/2"		""	"L15916"	
"831.1658"	"0.0004"	"831.16600"	"0.00021"	"9100"	""		"21275.652"	"33306.943"	"3d4.(3G).4s"	"2G"	"9/2"	"3d3.(2G).4s.4p.(3P*)"	"y 2G*"	"9/2"		""	"L15916"	
"832.6625"	"0.0003"	"832.6626"	"0.0004"	"33000"	""		"25930.544"	"37940.211"	"3d4.(5D).4p"	"y 4F*"	"3/2"	"3d4.(5D).5s"	"e 4D"	"1/2"		""	"L15916"	
"833.0641"	"0.0004"	"833.0645"	"0.0003"	"2700"	""		"24859.901"	"36863.773"	"3d3.4s2"	"2F"	"5/2"	"3d3.(2H).4s.4p.(3P*)"	"w 4G*"	"5/2"		""	"L15916"	
"833.3467"	"0.0003"	"833.34674"	"0.00007"	"57000"	""		"26004.234"	"38004.041"	"3d4.(5D).4p"	"y 4F*"	"5/2"	"3d4.(5D).5s"	"e 4D"	"3/2"		""	"L15916"	
"833.7599"	"0.0003"	"833.75994"	"0.00021"	"20000"	""		"21646.420"	"33640.280"	"3d4.(1G2).4s"	"b 2G"	"7/2"	"3d3.(2G).4s.4p.(3P*)"	"z 2H*"	"9/2"		""	"L15916"	
"834.4255"	"0.0003"	"834.42567"	"0.00006"	"57000"	"1.3e+07"	C	"26122.094&dagger;"	"38106.385"	"3d4.(5D).4p"	"y 4F*"	"7/2"	"3d4.(5D).5s"	"e 4D"	"5/2"		"u38"	"L15916"	
"838.7534"	"0.0005"	"838.7540"	"0.0006"	"3100"	""		"24778.321"	"36700.768"	"3d3.4s2"	"2F"	"7/2"	"3d3.(4P).4s.4p.(3P*)"	"x 2D*"	"5/2"		""	"L15916"	
"838.9130"	"0.0003"	"838.9128"	"0.0003"	"3600"	""		"24859.901"	"36780.091"	"3d3.4s2"	"2F"	"5/2"	"3d3.(4P).4s.4p.(3P*)"	"x 2D*"	"3/2"		""	"L15916"	
"839.9030"	"0.0004"	"839.90277"	"0.00021"	"4300"	""		"24859.901"	"36766.041"	"3d3.4s2"	"2F"	"5/2"	"3d4.(3F2).4p"	"x 2F*"	"5/2"		""	"L15916"	
"840.5031"	"0.0003"	"840.50332"	"0.00006"	"28000"	""		"26344.902"	"38242.535"	"3d3.(4F).4s.4p.(3P*)"	"z 2G*"	"9/2"	"3d4.(5D).5s"	"e 4D"	"7/2"		""	"L15916"	
"840.8444"	"0.0003"	"840.84439"	"0.00021"	"6100"	""		"20767.609"	"32660.416"	"3d4.(3D).4s"	"b 4D"	"7/2"	"3d3.(2P).4s.4p.(3P*)"	"x 4D*"	"5/2"		""	"L15916"	
"841.0501"	"0.0003"	"841.04990"	"0.00008"	"16000"	""		"26352.634"	"38242.535"	"3d4.(5D).4p"	"y 4D*"	"5/2"	"3d4.(5D).5s"	"e 4D"	"7/2"		""	"L15916"	
"841.6680"	"0.0003"	"841.6680"	"0.0004"	"22000"	""		"21646.420"	"33527.589"	"3d4.(1G2).4s"	"b 2G"	"7/2"	"3d3.(2G).4s.4p.(3P*)"	"y 2F*"	"5/2"		""	"L15916"	
"841.8809"	"0.0003"	"841.8807"	"0.0003"	"26000"	""		"21603.259"	"33481.426"	"3d4.(1G2).4s"	"b 2G"	"9/2"	"3d3.(2G).4s.4p.(3P*)"	"y 2F*"	"7/2"		""	"L15916"	
"842.3678"	"0.0003"	"842.36744"	"0.00013"	"16000"	""		"20789.112"	"32660.416"	"3d4.(3D).4s"	"b 4D"	"5/2"	"3d3.(2P).4s.4p.(3P*)"	"x 4D*"	"5/2"		""	"L15916"	
"843.3901"	"0.0003"	"843.39013"	"0.00007"	"17000"	""		"26249.476"	"38106.385"	"3d4.(5D).4p"	"y 4D*"	"3/2"	"3d4.(5D).5s"	"e 4D"	"5/2"		""	"L15916"	
"844.0733"	"0.0004"	"844.07361"	"0.00021"	"3600"	""		"20813.108"	"32660.416"	"3d4.(3D).4s"	"b 4D"	"3/2"	"3d3.(2P).4s.4p.(3P*)"	"x 4D*"	"5/2"		""	"L15916"	
"844.5325"	"0.0004"	"844.5328"	"0.0006"	"3600"	""		"24859.901"	"36700.768"	"3d3.4s2"	"2F"	"5/2"	"3d3.(4P).4s.4p.(3P*)"	"x 2D*"	"5/2"		""	"L15916"	
"844.9505"	"0.0003"	"844.95099"	"0.00021"	"13000"	""		"21646.420"	"33481.426"	"3d4.(1G2).4s"	"b 2G"	"7/2"	"3d3.(2G).4s.4p.(3P*)"	"y 2F*"	"7/2"		""	"L15916"	
"845.9231"	"0.0003"	"845.92321"	"0.00007"	"10000"	""		"26182.637"	"38004.041"	"3d4.(5D).4p"	"y 4D*"	"1/2"	"3d4.(5D).5s"	"e 4D"	"3/2"		""	"L15916"	
"846.2262"	"0.0005"	"846.2263"	"0.0008"	"5800"	""		"32738.130"	"44555.300"	"3d3.(4F).4s.4p.(1P*)"	"w 4F*"	"3/2"	"3d3.(4F).4s.(3F).5s"	"4F"	"3/2"		""	"L15916"	
"847.0371"	"0.0003"	"847.0370"	"0.0006"	"12000"	""		"32846.822"	"44652.682"	"3d3.(4F).4s.4p.(1P*)"	"w 4F*"	"5/2"	"3d3.(4F).4s.(3F).5s"	"4F"	"5/2"		""	"L15916"	
"849.589"	"0.004"	"849.5892"	"0.0010"	"18000bl*"	""		"32988.845"	"44759.239"	"3d3.(4F).4s.4p.(1P*)"	"w 4F*"	"7/2"	"3d3.(4F).4s.(3F).5s"	"4F"	"7/2"		""	"L15916"	
"849.589"	"0.004"	"849.59003"	"0.00016"	"18000bl*"	""		"32393.954"	"44164.337"	"3d5"	"4G"	"9/2"	"3d3.4s.(5F).5p"	"6F*"	"11/2"		""	"L15916"	
"850.1775"	"0.0003"	"850.17755"	"0.00011"	"49000"	""		"26480.286&dagger;"	"38242.535"	"3d4.(5D).4p"	"y 4D*"	"7/2"	"3d4.(5D).5s"	"e 4D"	"7/2"		""	"L15916"	
"850.5153"	"0.0003"	"850.5156"	"0.0003"	"9300"	""		"26182.637"	"37940.211"	"3d4.(5D).4p"	"y 4D*"	"1/2"	"3d4.(5D).5s"	"e 4D"	"1/2"		""	"L15916"	
"850.5555"	"0.0003"	"850.55560"	"0.00022"	"4100"	""		"21603.259"	"33360.280"	"3d4.(1G2).4s"	"b 2G"	"9/2"	"3d3.(2G).4s.4p.(3P*)"	"y 2G*"	"7/2"		""	"L15916"	
"850.7332"	"0.0003"	"850.73331"	"0.00007"	"14000"	""		"26249.476"	"38004.041"	"3d4.(5D).4p"	"y 4D*"	"3/2"	"3d4.(5D).5s"	"e 4D"	"3/2"		""	"L15916"	
"850.7923"	"0.0003"	"850.79223"	"0.00007"	"30000"	""		"26352.634"	"38106.385"	"3d4.(5D).4p"	"y 4D*"	"5/2"	"3d4.(5D).5s"	"e 4D"	"5/2"		""	"L15916"	
"853.6714"	"0.0004"	"853.67112"	"0.00022"	"26000"	"8.2e+06"	C	"33155.331"	"44869.444"	"3d3.(4F).4s.4p.(1P*)"	"w 4F*"	"9/2"	"3d3.(4F).4s.(3F).5s"	"4F"	"9/2"		"u38"	"L15916"	
"853.6894"	"0.0003"	"853.68956"	"0.00015"	"29000"	""		"21646.420"	"33360.280"	"3d4.(1G2).4s"	"b 2G"	"7/2"	"3d3.(2G).4s.4p.(3P*)"	"y 2G*"	"7/2"		""	"L15916"	
"854.4319"	"0.0003"	"854.43182"	"0.00022"	"47000"	"1.13e+06"	C	"21603.259"	"33306.943"	"3d4.(1G2).4s"	"b 2G"	"9/2"	"3d3.(2G).4s.4p.(3P*)"	"y 2G*"	"9/2"		"T9282"	"L15916"	
"855.3781"	"0.0004"	"855.3782"	"0.0003"	"8800"	""		"26249.476"	"37940.211"	"3d4.(5D).4p"	"y 4D*"	"3/2"	"3d4.(5D).5s"	"e 4D"	"1/2"		""	"L15916"	
"857.0837"	"0.0003"	"857.08391"	"0.00015"	"6400"	""		"20789.112"	"32456.581"	"3d4.(3D).4s"	"b 4D"	"5/2"	"3d3.(2P).4s.4p.(3P*)"	"x 4D*"	"3/2"		""	"L15916"	
"857.5947"	"0.0006"	"857.5945"	"0.0003"	"3900"	""		"21646.420"	"33306.943"	"3d4.(1G2).4s"	"b 2G"	"7/2"	"3d3.(2G).4s.4p.(3P*)"	"y 2G*"	"9/2"		""	"L15916"	
""	""	"857.80295"	"0.00022"	""	"2.0e-05"	D+	"2153.221"	"13810.910"	"3d4.(5D).4s"	"a 6D"	"3/2"	"3d3.4s2"	"a 2P"	"1/2"	M1	"u38"	""	
"858.2654"	"0.0003"	"858.26544"	"0.00006"	"10000"	""		"26352.634"	"38004.041"	"3d4.(5D).4p"	"y 4D*"	"5/2"	"3d4.(5D).5s"	"e 4D"	"3/2"		""	"L15916"	
"858.8515"	"0.0004"	"858.85028"	"0.00011"	"8100"	""		"20813.108"	"32456.581"	"3d4.(3D).4s"	"b 4D"	"3/2"	"3d3.(2P).4s.4p.(3P*)"	"x 4D*"	"3/2"		""	"L15916"	
"860.1334"	"0.0003"	"860.13374"	"0.00010"	"13000"	""		"26480.286&dagger;"	"38106.385"	"3d4.(5D).4p"	"y 4D*"	"7/2"	"3d4.(5D).5s"	"e 4D"	"5/2"		""	"L15916"	
"862.7110"	"0.0005"	"862.70983"	"0.00015"	"15000"	"1.1e+07"	C	"33155.331"	"44746.714"	"3d3.(4F).4s.4p.(1P*)"	"w 4F*"	"9/2"	"3d3.4s.(5F).4d"	"4G"	"11/2"		"u38"	"L15916"	
""	""	"863.4538"	"0.0003"	""	"4.7e-05"	D+	"2220.156"	"13801.551"	"3d4.(5D).4s"	"a 6D"	"5/2"	"3d3.4s2"	"a 2P"	"3/2"	M1	"u38"	""	
"864.6500"	"0.0004"	"864.65032"	"0.00018"	"11000"	"1.1e+07"	C	"32988.845"	"44554.214"	"3d3.(4F).4s.4p.(1P*)"	"w 4F*"	"7/2"	"3d3.4s.(5F).4d"	"4G"	"9/2"		"u38"	"L15916"	
"864.942"	"0.002"	"864.94251"	"0.00022"	"450000bl(Ne)*"	""		"34428.773"	"45990.235"	"3d3.(2D2).4s.4p.(3P*)"	"4F*"	"3/2"	"3d4.(5D).6s"	"4D"	"3/2"		""	"L15916"	
"864.942"	"0.002"	"864.94371"	"0.00018"	"450000bl(Ne)*"	"9.5e+06"	C	"32846.822"	"44408.268"	"3d3.(4F).4s.4p.(1P*)"	"w 4F*"	"5/2"	"3d3.4s.(5F).4d"	"4G"	"7/2"		"u38"	"L15916"	
"865.0526"	"0.0005"	"865.05243"	"0.00022"	"1400*"	"1.2e+07"	C	"32738.130"	"44298.123"	"3d3.(4F).4s.4p.(1P*)"	"w 4F*"	"3/2"	"3d3.4s.(5F).4d"	"4G"	"5/2"		"u38"	"L15916"	
"865.0526"	"0.0005"	"865.0524"	"0.0008"	"1400*"	""		"32738.130"	"44298.123"	"3d3.(4F).4s.4p.(1P*)"	"w 4F*"	"3/2"	"3d3.4s.(5F).4d"	"4F"	"3/2"		""	"L15916"	
"865.3087"	"0.0004"	"865.3092"	"0.0003"	"12000"	""		"26196.032"	"37752.595"	"3d4.(1D2).4s"	"2D"	"5/2"	"3d4.(3F2).4p"	"w 2D*"	"5/2"		""	"L15916"	
"866.8602"	"0.0004"	"866.8607"	"0.0005"	"4400"	""		"20813.108"	"32348.987"	"3d4.(3D).4s"	"b 4D"	"3/2"	"3d3.(2P).4s.4p.(3P*)"	"x 4D*"	"1/2"		""	"L15916"	
"869.2468"	"0.0003"	"869.24685"	"0.00015"	"5900"	""		"26738.323"	"38242.535"	"3d4.(5D).4p"	"y 6D*"	"9/2"	"3d4.(5D).5s"	"e 4D"	"7/2"		""	"L15916"	
"869.4473"	"0.0004"	"869.4459"	"0.0004"	"2400"	""		"26604.807&dagger;"	"38106.385"	"3d4.(5D).4p"	"y 6D*"	"7/2"	"3d4.(5D).5s"	"e 4D"	"5/2"		""	"L15916"	
"871.086"	"0.002"	"871.08302"	"0.00023"	"9100bl(Ne)"	""		"32846.822"	"44326.784"	"3d3.(4F).4s.4p.(1P*)"	"w 4F*"	"5/2"	"3d3.4s.(5F).4d"	"4F"	"7/2"		""	"L15916"	
"881.1687"	"0.0004"	"881.16844"	"0.00023"	"4600"	""		"32846.822"	"44195.390"	"3d3.(4F).4s.4p.(1P*)"	"w 4F*"	"5/2"	"3d3.4s.(5F).4d"	"4F"	"5/2"		""	"L15916"	
"881.5231"	"0.0004"	"881.5230"	"0.0003"	"5500"	""		"33155.331"	"44499.334"	"3d3.(4F).4s.4p.(1P*)"	"w 4F*"	"9/2"	"3d3.4s.(5F).4d"	"4F"	"9/2"		""	"L15916"	
"881.9948"	"0.0004"	"881.99451"	"0.00023"	"4500"	""		"32988.845"	"44326.784"	"3d3.(4F).4s.4p.(1P*)"	"w 4F*"	"7/2"	"3d3.4s.(5F).4d"	"4F"	"7/2"		""	"L15916"	
"885.4842"	"0.0004"	"885.48367"	"0.00016"	"2300"	""		"23608.765"	"34902.028"	"3d3.(4F).4s.4p.(3P*)"	"z 2D*"	"3/2"	"3d4.(3F1).4s"	"2F"	"5/2"		""	"L15916"	
"886.5978"	"0.0004"	"886.59792"	"0.00024"	"5600"	""		"26196.032"	"37475.102&dagger;"	"3d4.(1D2).4s"	"2D"	"5/2"	"3d3.(2D2).4s.4p.(3P*)"	"w 2F*"	"7/2"		""	"L15916"	
"888.5087"	"0.0004"	"888.50877"	"0.00009"	"2700"	""		"23088.074"	"34342.887"	"3d3.(4F).4s.4p.(3P*)"	"z 4F*"	"3/2"	"3d5"	"c 4D"	"3/2"		""	"L15916"	
"888.8284"	"0.0004"	"888.8278"	"0.0007"	"5500"	""		"26206.803"	"37457.576"	"3d4.(1D2).4s"	"2D"	"3/2"	"3d4.(3F2).4p"	"w 2D*"	"3/2"		""	"L15916"	
"889.6318"	"0.0004"	"889.63151"	"0.00011"	"2700"	""		"23088.074"	"34328.683"	"3d3.(4F).4s.4p.(3P*)"	"z 4F*"	"3/2"	"3d5"	"c 4D"	"1/2"		""	"L15916"	
"891.5893"	"0.0003"	"891.5895"	"0.0003"	"38000"	""		"22479.403"	"33695.327"	"3d4.(1I).4s"	"2I"	"13/2"	"3d3.(2G).4s.4p.(3P*)"	"z 2H*"	"11/2"		""	"L15916"	
"891.880"	"0.006"	"891.89072"	"0.00013"	"3600bl?"	""		"14909.958"	"26122.094&dagger;"	"3d4.(3H).4s"	"a 4H"	"7/2"	"3d4.(5D).4p"	"y 4F*"	"7/2"		""	"L14162"	
"892.230"	"0.006"	"892.22963"	"0.00015"	"430000c"	"3.4e+05"	C+	"9824.626"	"21032.503"	"3d3.4s2"	"a 4P"	"5/2"	"3d3.(4F).4s.4p.(3P*)"	"z 4D*"	"7/2"		"T9627c97"	"L3475"	
"893.4048"	"0.0004"	"893.40459"	"0.00017"	"21000"	""		"26738.323"	"37931.460"	"3d4.(5D).4p"	"y 6D*"	"9/2"	"3d3.4s.(5F).5s"	"e 6F"	"11/2"		""	"L15916"	
"893.5398"	"0.0003"	"893.53990"	"0.00017"	"210000"	"2.5e+05"	C+	"9637.039"	"20828.481"	"3d3.4s2"	"a 4P"	"3/2"	"3d3.(4F).4s.4p.(3P*)"	"z 4D*"	"5/2"		"T9627c97"	"L15916"	
"894.058"	"0.008"	"894.0603"	"0.0005"	"5200bl*"	""		"33310.629"	"44495.557"	"3d5"	"4P"	"5/2"	"3d4.(1G2).4p"	"s 2G*"	"7/2"		""	"L15916"	
"894.058"	"0.008"	"894.0608"	"0.0005"	"5200bl*"	""		"21603.259"	"32788.181"	"3d4.(1G2).4s"	"b 2G"	"9/2"	"3d3.(2H).4s.4p.(3P*)"	"z 4H*"	"9/2"		""	"L15916"	
"895.1683"	"0.0004"	"895.16787"	"0.00013"	"4900"	"1.7e+05"	C	"15078.387"	"26249.476"	"3d4.(3P2).4s"	"b 4P"	"1/2"	"3d4.(5D).4p"	"y 4D*"	"3/2"		"T9399"	"L15916"	
"896.606"	"0.010"	"896.5925"	"0.0004"	"5900"	""		"26604.807&dagger;"	"37758.146"	"3d4.(5D).4p"	"y 6D*"	"7/2"	"3d3.4s.(5F).5s"	"e 6F"	"9/2"		""	"L14162"	
"897.3654"	"0.0003"	"897.36528"	"0.00020"	"29000"	""		"22496.546"	"33640.280"	"3d4.(1I).4s"	"2I"	"11/2"	"3d3.(2G).4s.4p.(3P*)"	"z 2H*"	"9/2"		""	"L15916"	
"897.4136"	"0.0003"	"897.41360"	"0.00015"	"86000"	"1.53e+05"	C+	"9544.635"	"20687.769"	"3d3.4s2"	"a 4P"	"1/2"	"3d3.(4F).4s.4p.(3P*)"	"z 4D*"	"3/2"		"T9399"	"L15916"	
"898.0089"	"0.0004"	"898.0085"	"0.0003"	"6700"	""		"26206.803"	"37342.555"	"3d4.(1D2).4s"	"2D"	"3/2"	"3d3.(2D2).4s.4p.(3P*)"	"w 2F*"	"5/2"		""	"L15916"	
"898.2846"	"0.0004"	"898.28479"	"0.00011"	"4700"	""		"23210.560"	"34342.887"	"3d3.(4F).4s.4p.(3P*)"	"z 4F*"	"5/2"	"3d5"	"c 4D"	"3/2"		""	"L15916"	
"900.1641"	"0.0004"	"900.1626"	"0.0004"	"10000"	""		"26505.953"	"37615.057"	"3d4.(5D).4p"	"y 6D*"	"5/2"	"3d3.4s.(5F).5s"	"e 6F"	"7/2"		""	"L15916"	
"900.555"	"0.006"	"900.55609"	"0.00014"	"8300"	""		"15078.387"	"26182.637"	"3d4.(3P2).4s"	"b 4P"	"1/2"	"3d4.(5D).4p"	"y 4D*"	"1/2"		""	"L14162"	
"902.3601"	"0.0004"	"902.35996"	"0.00019"	"10000"	""		"15270.582"	"26352.634"	"3d4.(3P2).4s"	"b 4P"	"3/2"	"3d4.(5D).4p"	"y 4D*"	"5/2"		""	"L15916"	
"902.5211"	"0.0004"	"902.52137"	"0.00020"	"22000"	"1.6e+05"	C+	"15264.832"	"26344.902"	"3d3.4s2"	"a 2H"	"11/2"	"3d3.(4F).4s.4p.(3P*)"	"z 2G*"	"9/2"		"T9399"	"L15916"	
"903.7105"	"0.0004"	"903.71087"	"0.00017"	"5900"	""		"26437.754"	"37503.240"	"3d4.(5D).4p"	"y 6D*"	"3/2"	"3d3.4s.(5F).5s"	"e 6F"	"5/2"		""	"L15916"	
"904.0094"	"0.0003"	"904.00939"	"0.00018"	"25000"	"3.3e+05"	C+	"9544.635"	"20606.467"	"3d3.4s2"	"a 4P"	"1/2"	"3d3.(4F).4s.4p.(3P*)"	"z 4D*"	"1/2"		"T9627c97"	"L15916"	
"904.2708"	"0.0006"	"904.26984"	"0.00014"	"4800*"	""		"32352.337"	"43410.983"	"3d5"	"4G"	"5/2"	"3d4.(5D).5p"	"q 4D*"	"5/2"		""	"L15916"	
"904.2708"	"0.0006"	"904.27024"	"0.00011"	"4800*"	""		"25930.544"	"36989.185"	"3d4.(5D).4p"	"y 4F*"	"3/2"	"3d5"	"e 4F"	"5/2"		""	"L15916"	
"904.7268"	"0.0004"	"904.72692"	"0.00020"	"12000"	""		"25930.544"	"36983.603"	"3d4.(5D).4p"	"y 4F*"	"3/2"	"3d5"	"e 4F"	"3/2"		""	"L15916"	
"904.9175"	"0.0003"	"904.91759"	"0.00013"	"33000"	"1.9e+05"	C+	"9637.039"	"20687.769"	"3d3.4s2"	"a 4P"	"3/2"	"3d3.(4F).4s.4p.(3P*)"	"z 4D*"	"3/2"		"T9399"	"L15916"	
"905.3362"	"0.0003"	"905.3361"	"0.0003"	"6200"	""		"21646.420"	"32692.042"	"3d4.(1G2).4s"	"b 2G"	"7/2"	"3d3.(2H).4s.4p.(3P*)"	"z 4H*"	"7/2"		""	"L15916"	
"907.3299"	"0.0004"	"907.33028"	"0.00009"	"5200"	""		"26004.234"	"37025.579"	"3d4.(5D).4p"	"y 4F*"	"5/2"	"3d5"	"e 4F"	"7/2"		""	"L15916"	
"907.5808"	"0.0003"	"907.58020"	"0.00018"	"3800"	""		"15103.784"	"26122.094&dagger;"	"3d3.4s2"	"a 2H"	"9/2"	"3d4.(5D).4p"	"y 4F*"	"7/2"		""	"L15916"	
"908.242"	"0.008"	"908.2446"	"0.0005"	"8400bl"	""		"26604.807&dagger;"	"37615.057"	"3d4.(5D).4p"	"y 6D*"	"7/2"	"3d3.4s.(5F).5s"	"e 6F"	"7/2"		""	"L15916"	
"908.6535"	"0.0005"	"908.65533"	"0.00008"	"6500bl(V II)"	""		"23353.135"	"34358.408"	"3d3.(4F).4s.4p.(3P*)"	"z 4F*"	"7/2"	"3d5"	"c 4D"	"5/2"		""	"L15916"	
"908.7730"	"0.0004"	"908.77243"	"0.00017"	"28000"	"1.15e+05"	C+	"9824.626"	"20828.481"	"3d3.4s2"	"a 4P"	"5/2"	"3d3.(4F).4s.4p.(3P*)"	"z 4D*"	"5/2"		"T9399"	"L15916"	
"909.3159"	"0.0005"	"909.31518"	"0.00020"	"4200"	""		"26505.953"	"37503.240"	"3d4.(5D).4p"	"y 6D*"	"5/2"	"3d3.4s.(5F).5s"	"e 6F"	"5/2"		""	"L15916"	
"910.2951"	"0.0004"	"910.29432"	"0.00018"	"4700"	""		"26437.754"	"37423.212"	"3d4.(5D).4p"	"y 6D*"	"3/2"	"3d3.4s.(5F).5s"	"e 6F"	"3/2"		""	"L15916"	
"910.3365"	"0.0004"	"910.33633"	"0.00009"	"18000"	""		"26004.234"	"36989.185"	"3d4.(5D).4p"	"y 4F*"	"5/2"	"3d5"	"e 4F"	"5/2"		""	"L15916"	
"910.7997"	"0.0004"	"910.79915"	"0.00020"	"3500"	""		"26004.234"	"36983.603"	"3d4.(5D).4p"	"y 4F*"	"5/2"	"3d5"	"e 4F"	"3/2"		""	"L15916"	
"910.836"	"0.006"	"910.83856"	"0.00019"	"15000"	""		"15270.582"	"26249.476"	"3d4.(3P2).4s"	"b 4P"	"3/2"	"3d4.(5D).4p"	"y 4D*"	"3/2"		""	"L14162"	
"910.9511"	"0.0005"	"910.9510"	"0.0004"	"2700"	""		"26397.633"	"37375.172"	"3d4.(5D).4p"	"y 6D*"	"1/2"	"3d3.4s.(5F).5s"	"e 6F"	"1/2"		""	"L15916"	
"911.5530"	"0.0004"	"911.55227"	"0.00013"	"2900"	""		"23935.112"	"34905.410"	"3d3.(4F).4s.4p.(3P*)"	"z 2D*"	"5/2"	"3d4.(3F1).4s"	"2F"	"7/2"		""	"L15916"	
"911.6246"	"0.0004"	"911.62456"	"0.00015"	"5100"	"4.4e+04"	C	"9637.039"	"20606.467"	"3d3.4s2"	"a 4P"	"3/2"	"3d3.(4F).4s.4p.(3P*)"	"z 4D*"	"1/2"		"T9627c97"	"L15916"	
"912.9526"	"0.0004"	"912.95278"	"0.00015"	"4600"	""		"26122.094&dagger;"	"37075.563"	"3d4.(5D).4p"	"y 4F*"	"7/2"	"3d5"	"e 4F"	"9/2"		""	"L15916"	
"915.9084"	"0.0003"	"915.90835"	"0.00013"	"22000"	"1.7e+05"	C+	"15103.784"	"26021.907"	"3d3.4s2"	"a 2H"	"9/2"	"3d3.(4F).4s.4p.(3P*)"	"z 2G*"	"7/2"		"T9399"	"L15916"	
"916.7373"	"0.0003"	"916.73725"	"0.00011"	"14000"	""		"15572.035"	"26480.286&dagger;"	"3d4.(3P2).4s"	"b 4P"	"5/2"	"3d4.(5D).4p"	"y 4D*"	"7/2"		""	"L15916"	
"916.8355"	"0.0004"	"916.8352"	"0.0003"	"5500"	""		"15264.832"	"26171.918"	"3d3.4s2"	"a 2H"	"11/2"	"3d4.(5D).4p"	"y 4F*"	"9/2"		""	"L15916"	
"917.128"	"0.008"	"917.12450"	"0.00013"	"20000*"	""		"26171.918"	"37075.563"	"3d4.(5D).4p"	"y 4F*"	"9/2"	"3d5"	"e 4F"	"9/2"		""	"L14162"	
"917.128"	"0.008"	"917.13796"	"0.00012"	"20000*"	""		"26122.094&dagger;"	"37025.579"	"3d4.(5D).4p"	"y 4F*"	"7/2"	"3d5"	"e 4F"	"7/2"		""	"L14162"	
"920.2095"	"0.0003"	"920.20947"	"0.00012"	"2800"	""		"26122.094&dagger;"	"36989.185"	"3d4.(5D).4p"	"y 4F*"	"7/2"	"3d5"	"e 4F"	"5/2"		""	"L15916"	
"920.5432"	"0.0004"	"920.54390"	"0.00016"	"3100"	""		"9824.626"	"20687.769"	"3d3.4s2"	"a 4P"	"5/2"	"3d3.(4F).4s.4p.(3P*)"	"z 4D*"	"3/2"		""	"L15916"	
"921.3479"	"0.0004"	"921.34811"	"0.00011"	"2100"	""		"26171.918"	"37025.579"	"3d4.(5D).4p"	"y 4F*"	"9/2"	"3d5"	"e 4F"	"7/2"		""	"L15916"	
"921.9818"	"0.0004"	"921.98308"	"0.00011"	"9600"	""		"23519.872"	"34366.058"	"3d3.(4F).4s.4p.(3P*)"	"z 4F*"	"9/2"	"3d5"	"c 4D"	"7/2"		""	"L15916"	
"922.8519"	"0.0004"	"922.8523"	"0.0004"	"10000"	""		"26604.807&dagger;"	"37440.777"	"3d4.(5D).4p"	"y 6D*"	"7/2"	"3d4.(5D).5s"	"e 6D"	"9/2"		""	"L15916"	
"924.5376"	"0.0004"	"924.5377"	"0.0003"	"18000"	""		"26505.953"	"37322.170"	"3d4.(5D).4p"	"y 6D*"	"5/2"	"3d4.(5D).5s"	"e 6D"	"7/2"		""	"L15916"	
"925.8433"	"0.0004"	"925.8431"	"0.0003"	"21000"	""		"26182.637"	"36983.603"	"3d4.(5D).4p"	"y 4D*"	"1/2"	"3d5"	"e 4F"	"3/2"		""	"L15916"	
"926.8067"	"0.0004"	"926.80682"	"0.00020"	"13000"	""		"26437.754"	"37227.489"	"3d4.(5D).4p"	"y 6D*"	"3/2"	"3d4.(5D).5s"	"e 6D"	"5/2"		""	"L15916"	
"927.585"	"0.008"	"927.59018"	"0.00013"	"20000*"	""		"31357.439"	"42138.062"	"3d4.(3F1).4s"	"4F"	"5/2"	"3d3.(4P).4s.4p.(1P*)"	"r 4D*"	"5/2"		""	"L14162"	
"927.585"	"0.008"	"927.59224"	"0.00013"	"20000*"	""		"15572.035"	"26352.634"	"3d4.(3P2).4s"	"b 4P"	"5/2"	"3d4.(5D).4p"	"y 4D*"	"5/2"		""	"L14162"	
""	""	"927.88789"	"0.00020"	""	"4.7e-03"	D+	"323.432"	"11100.596"	"3d3.4s2"	"a 4F"	"7/2"	"3d3.4s2"	"a 2G"	"9/2"	M1	"u38"	""	
"929.2862"	"0.0004"	"929.2861"	"0.0003"	"8400"	""		"26397.633"	"37158.582"	"3d4.(5D).4p"	"y 6D*"	"1/2"	"3d4.(5D).5s"	"e 6D"	"3/2"		""	"L15916"	
""	""	"929.78825"	"0.00020"	""	"4.3e-03"	D+	"137.383"	"10892.520"	"3d3.4s2"	"a 4F"	"5/2"	"3d3.4s2"	"a 2G"	"7/2"	M1	"u38"	""	
"931.1224"	"0.0008"	"931.12393"	"0.00015"	"2200"	""		"26249.476"	"36989.185"	"3d4.(5D).4p"	"y 4D*"	"3/2"	"3d5"	"e 4F"	"5/2"		""	"L4236"	
"931.6091"	"0.0006"	"931.6081"	"0.0003"	"9300*"	""		"26249.476"	"36983.603"	"3d4.(5D).4p"	"y 4D*"	"3/2"	"3d5"	"e 4F"	"3/2"		""	"L15916"	
"931.6091"	"0.0006"	"931.60857"	"0.00013"	"9300*"	""		"23608.765"	"34342.887"	"3d3.(4F).4s.4p.(3P*)"	"z 2D*"	"3/2"	"3d5"	"c 4D"	"3/2"		""	"L15916"	
"931.906"	"0.006"	"931.90904"	"0.00015"	"2800"	""		"26344.902"	"37075.563"	"3d3.(4F).4s.4p.(3P*)"	"z 2G*"	"9/2"	"3d5"	"e 4F"	"9/2"		""	"L14162"	
"932.1718"	"0.0004"	"932.17174"	"0.00019"	"5400"	""		"20606.467"	"31334.104"	"3d3.(4F).4s.4p.(3P*)"	"z 4D*"	"1/2"	"3d4.(3F1).4s"	"4F"	"3/2"		""	"L15916"	
"932.7020"	"0.0004"	"932.7022"	"0.0003"	"7200"	""		"26505.953"	"37227.489"	"3d4.(5D).4p"	"y 6D*"	"5/2"	"3d4.(5D).5s"	"e 6D"	"5/2"		""	"L15916"	
"933.0653"	"0.0004"	"933.0653"	"0.0004"	"17000"	""		"26604.807&dagger;"	"37322.170"	"3d4.(5D).4p"	"y 6D*"	"7/2"	"3d4.(5D).5s"	"e 6D"	"7/2"		""	"L15916"	
"933.7488"	"0.0008"	"933.75067"	"0.00010"	"2800"	""		"15770.789"	"26480.286&dagger;"	"3d4.(3F2).4s"	"b 4F"	"9/2"	"3d4.(5D).4p"	"y 4D*"	"7/2"		""	"L15916"	
"934.3650"	"0.0004"	"934.36515"	"0.00020"	"37000"	"6.8e+06"	C	"26738.323"	"37440.777"	"3d4.(5D).4p"	"y 6D*"	"9/2"	"3d4.(5D).5s"	"e 6D"	"9/2"		"u38"	"L15916"	
"936.4159"	"0.0003"	"936.4160"	"0.0003"	"7100"	""		"26437.754"	"37116.769"	"3d4.(5D).4p"	"y 6D*"	"3/2"	"3d4.(5D).5s"	"e 6D"	"1/2"		""	"L15916"	
"936.5535"	"0.0004"	"936.55399"	"0.00014"	"3600bl(V II)"	""		"15572.035"	"26249.476"	"3d4.(3P2).4s"	"b 4P"	"5/2"	"3d4.(5D).4p"	"y 4D*"	"3/2"		""	"L15916"	
"936.9485"	"0.0004"	"936.94852"	"0.00016"	"50000"	""		"26352.634"	"37025.579"	"3d4.(5D).4p"	"y 4D*"	"5/2"	"3d5"	"e 4F"	"7/2"		""	"L15916"	
"937.2357"	"0.0004"	"937.23611"	"0.00011"	"9000"	""		"20687.769"	"31357.439"	"3d3.(4F).4s.4p.(3P*)"	"z 4D*"	"3/2"	"3d4.(3F1).4s"	"4F"	"5/2"		""	"L15916"	
"938.7357"	"0.0004"	"938.73541"	"0.00015"	"13000"	""		"26505.953"	"37158.582"	"3d4.(5D).4p"	"y 6D*"	"5/2"	"3d4.(5D).5s"	"e 6D"	"3/2"		""	"L15916"	
"940.1546"	"0.0004"	"940.15438"	"0.00015"	"14000"	""		"26352.634"	"36989.185"	"3d4.(5D).4p"	"y 4D*"	"5/2"	"3d5"	"e 4F"	"5/2"		""	"L15916"	
"940.860"	"0.012"	"940.87495"	"0.00010"	"5000h"	""		"15724.229"	"26352.634"	"3d4.(3F2).4s"	"b 4F"	"7/2"	"3d4.(5D).4p"	"y 4D*"	"5/2"		""	"L14162"	
"941.3815"	"0.0004"	"941.3818"	"0.0004"	"11000"	""		"26604.807&dagger;"	"37227.489"	"3d4.(5D).4p"	"y 6D*"	"7/2"	"3d4.(5D).5s"	"e 6D"	"5/2"		""	"L15916"	
"943.8170"	"0.0004"	"943.81676"	"0.00020"	"65000"	"5.9e+06"	C	"26480.286&dagger;"	"37075.563"	"3d4.(5D).4p"	"y 4D*"	"7/2"	"3d5"	"e 4F"	"9/2"		"u38"	"L15916"	
"944.239"	"0.012"	"944.2584"	"0.0005"	"4600h"	""		"39341.784"	"49932.105"	"3d4.(3F2).4p"	"u 4F*"	"7/2"	"3d3.4s.(5F).4d?"	"g 6G?"	"9/2"		""	"L14162"	
"944.8360"	"0.0003"	"944.83603"	"0.00020"	"7000"	""		"26738.323"	"37322.170"	"3d4.(5D).4p"	"y 6D*"	"9/2"	"3d4.(5D).5s"	"e 6D"	"7/2"		""	"L15916"	
"945.7042"	"0.0004"	"945.70580"	"0.00011"	"5600"	""		"15770.789"	"26344.902"	"3d4.(3F2).4s"	"b 4F"	"9/2"	"3d3.(4F).4s.4p.(3P*)"	"z 2G*"	"9/2"		""	"L15916"	
""	""	"946.1554"	"0.0003"	""	"4.8e-03"	D+	"323.432"	"10892.520"	"3d3.4s2"	"a 4F"	"7/2"	"3d3.4s2"	"a 2G"	"7/2"	M1	"u38"	""	
"946.892"	"0.012"	"946.91464"	"0.00008"	"9800h"	""		"15688.862"	"26249.476"	"3d4.(3F2).4s"	"b 4F"	"5/2"	"3d4.(5D).4p"	"y 4D*"	"3/2"		""	"L14162"	
"947.052"	"0.012"	"947.0380"	"0.0003"	"2600h"	""		"26206.803"	"36766.041"	"3d4.(1D2).4s"	"2D"	"3/2"	"3d4.(3F2).4p"	"x 2F*"	"5/2"		""	"L14162"	
"947.8822"	"0.0004"	"947.8825"	"0.0005"	"14000"	""		"20767.609"	"31317.440"	"3d4.(3D).4s"	"b 4D"	"7/2"	"3d3.(2G).4s.4p.(3P*)"	"x 4F*"	"9/2"		""	"L15916"	
""	""	"948.07929"	"0.00020"	""	"1.2e-02"	D+	"552.955"	"11100.596"	"3d3.4s2"	"a 4F"	"9/2"	"3d3.4s2"	"a 2G"	"9/2"	M1	"u38"	""	
"948.2905"	"0.0004"	"948.29039"	"0.00020"	"12000"	""		"26480.286&dagger;"	"37025.579"	"3d4.(5D).4p"	"y 4D*"	"7/2"	"3d5"	"e 4F"	"7/2"		""	"L15916"	
"948.5318"	"0.0004"	"948.53208"	"0.00020"	"8900"	""		"20828.481"	"31371.087"	"3d3.(4F).4s.4p.(3P*)"	"z 4D*"	"5/2"	"3d4.(3F1).4s"	"4F"	"7/2"		""	"L15916"	
"951.172"	"0.012"	"951.18002"	"0.00018"	"3600h"	""		"31624.805"	"42138.062"	"3d4.(3P1).4s"	"4P"	"5/2"	"3d3.(4P).4s.4p.(1P*)"	"r 4D*"	"5/2"		""	"L14162"	
"951.398"	"0.012"	"951.39187"	"0.00016"	"4900h"	""		"21841.421"	"32352.337"	"3d3.(4F).4s.4p.(3P*)"	"z 4G*"	"5/2"	"3d5"	"4G"	"5/2"		""	"L14162"	
"953.915"	"0.006"	"953.9043"	"0.0004"	"2500bl?"	""		"26505.953"	"36989.185"	"3d4.(5D).4p"	"y 6D*"	"5/2"	"3d5"	"e 4F"	"5/2"		""	"L14162"	
"954.2917"	"0.0004"	"954.2914"	"0.0003"	"7400"	""		"20789.112"	"31268.091"	"3d4.(3D).4s"	"b 4D"	"5/2"	"3d3.(2G).4s.4p.(3P*)"	"x 4F*"	"7/2"		""	"L15916"	
"958.4762"	"0.0003"	"958.47576"	"0.00011"	"1600"	""		"15688.862"	"26122.094&dagger;"	"3d4.(3F2).4s"	"b 4F"	"5/2"	"3d4.(5D).4p"	"y 4F*"	"7/2"		""	"L15916"	
"961.2936"	"0.0004"	"961.29379"	"0.00019"	"5600"	""		"31355.710"	"41758.357"	"3d4.(3F1).4s"	"4F"	"9/2"	"3d4.(3G).4p"	"t 4G*"	"7/2"		""	"L15916"	
"961.4337"	"0.0005"	"961.43409"	"0.00011"	"6900"	""		"15770.789"	"26171.918"	"3d4.(3F2).4s"	"b 4F"	"9/2"	"3d4.(5D).4p"	"y 4F*"	"9/2"		""	"L15916"	
"961.7364"	"0.0004"	"961.73589"	"0.00009"	"5900"	""		"15724.229"	"26122.094&dagger;"	"3d4.(3F2).4s"	"b 4F"	"7/2"	"3d4.(5D).4p"	"y 4F*"	"7/2"		""	"L15916"	
"964.3388"	"0.0004"	"964.3380"	"0.0004"	"2600"	""		"20830.344"	"31200.152"	"3d4.(3D).4s"	"b 4D"	"1/2"	"3d3.(2G).4s.4p.(3P*)"	"x 4F*"	"3/2"		""	"L15916"	
"967.155"	"0.014"	"967.1533"	"0.0003"	"3400bl?*"	""		"34529.821"	"44869.444"	"3d3.(2D2).4s.4p.(3P*)"	"4F*"	"9/2"	"3d3.(4F).4s.(3F).5s"	"4F"	"9/2"		""	"L14162"	
"967.155"	"0.014"	"967.17102"	"0.00011"	"3400bl?*"	""		"15664.801"	"26004.234"	"3d4.(3F2).4s"	"b 4F"	"3/2"	"3d4.(5D).4p"	"y 4F*"	"5/2"		""	"L14162"	
""	""	"967.1587"	"0.0003"	""	"3.1e-04"	D+	"552.955"	"10892.520"	"3d3.4s2"	"a 4F"	"9/2"	"3d3.4s2"	"a 2G"	"7/2"	M1	"u38"	""	
"967.36"	"0.02"	"967.37620"	"0.00013"	"4000D,bl?"	""		"26738.323"	"37075.563"	"3d4.(5D).4p"	"y 6D*"	"9/2"	"3d5"	"e 4F"	"9/2"		""	"L14162"	
"968.6911"	"0.0003"	"968.69122"	"0.00020"	"8200"	""		"21032.503"	"31355.710"	"3d3.(4F).4s.4p.(3P*)"	"z 4D*"	"7/2"	"3d4.(3F1).4s"	"4F"	"9/2"		""	"L15916"	
"969.42729"	"0.00015"	"969.42699"	"0.00014"	"45000"	""		"15688.862"	"26004.234"	"3d4.(3F2).4s"	"b 4F"	"5/2"	"3d4.(5D).4p"	"y 4F*"	"5/2"		""	"L9905"	
"971.0936"	"0.0005"	"971.09271"	"0.00016"	"2000"	""		"15724.229"	"26021.907"	"3d4.(3F2).4s"	"b 4F"	"7/2"	"3d3.(4F).4s.4p.(3P*)"	"z 2G*"	"7/2"		""	"L15916"	
"974.1124"	"0.0005"	"974.11361"	"0.00016"	"1900"	""		"15664.801"	"25930.544"	"3d4.(3F2).4s"	"b 4F"	"3/2"	"3d4.(5D).4p"	"y 4F*"	"3/2"		""	"L15916"	
"977.566"	"0.006"	"977.5727"	"0.0012"	"3300bl"	""		"34529.821"	"44759.239"	"3d3.(2D2).4s.4p.(3P*)"	"4F*"	"9/2"	"3d3.(4F).4s.(3F).5s"	"4F"	"7/2"		""	"L14162"	
"986.82031"	"0.00015"	"986.8199"	"0.0004"	"12000"	""		"13801.551"	"23935.112"	"3d3.4s2"	"a 2P"	"3/2"	"3d3.(4F).4s.4p.(3P*)"	"z 2D*"	"5/2"		""	"L9905"	
"989.77241"	"0.00015"	"989.7720"	"0.0003"	"2600"	""		"22313.832"	"32417.169"	"3d3.(4F).4s.4p.(3P*)"	"z 4G*"	"11/2"	"3d5"	"4G"	"11/2"		""	"L9905"	
"1006.9565"	"0.0005"	"1006.9566"	"0.0005"	"280"	""		"40001.190"	"49932.105"	"3d4.(3H).4p"	"u 4G*"	"7/2"	"3d3.4s.(5F).4d?"	"g 6G?"	"9/2"		""	"L4236"	
"1014.160"	"0.012"	"1014.1556"	"0.0004"	"5700h"	""		"15270.582"	"25131.002"	"3d4.(3P2).4s"	"b 4P"	"3/2"	"3d4.(5D).4p"	"z 4P*"	"5/2"		""	"L14162"	
"1015.985"	"0.018"	"1015.98479"	"0.00010"	"540"	""		"32393.954"	"42236.621&dagger;"	"3d5"	"4G"	"9/2"	"3d4.(5D).5p"	"6F*"	"7/2"		""	"L4236"	
"1016.579"	"0.008"	"1016.5760"	"0.0003"	"2300*"	""		"33412.584"	"43249.527"	"3d5"	"4P"	"3/2"	"3d4.(5D).5p"	"q 4D*"	"1/2"		""	"L14162"	
"1016.579"	"0.008"	"1016.59448"	"0.00018"	"2300*"	""		"15078.387"	"24915.151"	"3d4.(3P2).4s"	"b 4P"	"1/2"	"3d4.(5D).4p"	"z 4P*"	"3/2"		""	"L14162"	
"1019.65800"	"0.00015"	"1019.6576"	"0.0004"	"6100"	""		"13801.551"	"23608.765"	"3d3.4s2"	"a 2P"	"3/2"	"3d3.(4F).4s.4p.(3P*)"	"z 2D*"	"3/2"		""	"L9905"	
"1020.63177"	"0.00015"	"1020.63156"	"0.00017"	"12000"	""		"13810.910"	"23608.765"	"3d3.4s2"	"a 2P"	"1/2"	"3d3.(4F).4s.4p.(3P*)"	"z 2D*"	"3/2"		""	"L9905"	
"1025.431"	"0.010"	"1025.4090"	"0.0003"	"620?"	""		"34747.128"	"44499.334"	"3d3.(4F).4s.4p.(1P*)"	"v 4D*"	"7/2"	"3d3.4s.(5F).4d"	"4F"	"9/2"		""	"L14162"	
"1026.859"	"0.010"	"1026.85176"	"0.00015"	"370"	""		"34366.058"	"44104.562"	"3d5"	"c 4D"	"7/2"	"3d4.(3D).4p"	"4F*"	"7/2"		""	"L4236"	
"1028.622"	"0.010"	"1028.6101"	"0.0004"	"1500?"	""		"8476.234"	"18198.091"	"3d4.(5D).4s"	"a 4D"	"3/2"	"3d3.(4F).4s.4p.(3P*)"	"z 6D*"	"5/2"		""	"L14162"	
"1029.163"	"0.010"	"1029.1705"	"0.0007"	"370"	""		"33966.834"	"43683.397&dagger;"	"3d3.(4P).4s.4p.(3P*)"	"w 4D*"	"1/2"	"3d3.4s.(5F).4d"	"4D"	"3/2"		""	"L4236"	
"1029.828"	"0.010"	"1029.83494"	"0.00015"	"690"	""		"24648.114"	"34358.408"	"3d4.(5D).4p"	"z 6P*"	"3/2"	"3d5"	"c 4D"	"5/2"		""	"L4236"	
""	""	"1037.66312"	"0.00020"	""	"3.e-04"	E	"0.000"	"9637.039"	"3d3.4s2"	"a 4F"	"3/2"	"3d3.4s2"	"a 4P"	"3/2"	M1+E2	"u38"	""	
"1044.6883"	"0.0005"	"1044.69039"	"0.00020"	"2200"	""		"24770.673"	"34342.887"	"3d4.(5D).4p"	"z 4P*"	"1/2"	"3d5"	"c 4D"	"3/2"		""	"L15916"	
"1045.323"	"0.010"	"1045.328"	"0.003"	"300"	""		"34428.773"	"43995.152"	"3d3.(2D2).4s.4p.(3P*)"	"4F*"	"3/2"	"3d3.4s.(5F).4d"	"6F"	"5/2"		""	"L4236"	
"1046.1357"	"0.0012"	"1046.13814"	"0.00013"	"2200*"	""		"15572.035"	"25131.002"	"3d4.(3P2).4s"	"b 4P"	"5/2"	"3d4.(5D).4p"	"z 4P*"	"5/2"		""	"L15916"	
"1046.1357"	"0.0012"	"1046.1388"	"0.0005"	"2200*"	""		"37835.065"	"47394.026"	"3d4.(3P2).4p"	"t 4D*"	"3/2"	"47394e"	"4F"	"3/2"		""	"L15916"	
"1046.2421"	"0.0004"	"1046.24289"	"0.00020"	"1800"	""		"24770.673"	"34328.683"	"3d4.(5D).4p"	"z 4P*"	"1/2"	"3d5"	"c 4D"	"1/2"		""	"L15916"	
"1047.259"	"0.010"	"1047.2370"	"0.0011"	"160"	""		"37158.582"	"46707.519"	"3d4.(5D).5s"	"e 6D"	"3/2"	"3d3.(2F).4s.4p.(3P*)"	"4D*"	"3/2"		""	"L4236"	
""	""	"1047.7090"	"0.0003"	""	"2.e-03"	E	"0.000"	"9544.635"	"3d3.4s2"	"a 4F"	"3/2"	"3d3.4s2"	"a 4P"	"1/2"	E2	"u38"	""	
"1048.23"	"0.02"	"1048.2058"	"0.0007"	"3000h"	""		"32846.822"	"42386.933"	"3d3.(4F).4s.4p.(1P*)"	"w 4F*"	"5/2"	"3d4.(5D).4d"	"f 6D"	"5/2"		""	"L14162"	
""	""	"1052.49930"	"0.00020"	""	"6.e-04"	E	"323.432"	"9824.626"	"3d3.4s2"	"a 4F"	"7/2"	"3d3.4s2"	"a 4P"	"5/2"	E2	"u38"	""	
"1052.618"	"0.010"	"1052.62150"	"0.00014"	"2700bl?"	""		"15270.582"	"24770.673"	"3d4.(3P2).4s"	"b 4P"	"3/2"	"3d4.(5D).4p"	"z 4P*"	"1/2"		""	"L14162"	
""	""	"1052.6697"	"0.0003"	""	"1.e-03"	E	"137.383"	"9637.039"	"3d3.4s2"	"a 4F"	"5/2"	"3d3.4s2"	"a 4P"	"3/2"	E2	"u38"	""	
"1053.4423"	"0.0005"	"1053.44295"	"0.00020"	"2000"	""		"21841.421"	"31334.104"	"3d3.(4F).4s.4p.(3P*)"	"z 4G*"	"5/2"	"3d4.(3F1).4s"	"4F"	"3/2"		""	"L15916"	
"1058.9564"	"0.0003"	"1058.95667"	"0.00018"	"4400"	""		"24915.151"	"34358.408"	"3d4.(5D).4p"	"z 4P*"	"3/2"	"3d5"	"c 4D"	"5/2"		""	"L15916"	
"1060.6996"	"0.0005"	"1060.70005"	"0.00014"	"3200"	""		"24915.151"	"34342.887"	"3d4.(5D).4p"	"z 4P*"	"3/2"	"3d5"	"c 4D"	"3/2"		""	"L15916"	
"1061.5310"	"0.0004"	"1061.5310"	"0.0005"	"3600"	""		"14514.756"	"23935.112"	"3d3.4s2"	"2D2"	"3/2"	"3d3.(4F).4s.4p.(3P*)"	"z 2D*"	"5/2"		""	"L15916"	
""	""	"1063.0097"	"0.0003"	""	"2.e-03"	E	"137.383"	"9544.635"	"3d3.4s2"	"a 4F"	"5/2"	"3d3.4s2"	"a 4P"	"1/2"	E2	"u38"	""	
"1064.5094"	"0.0004"	"1064.50903"	"0.00020"	"1800"	""		"21963.437"	"31357.439"	"3d3.(4F).4s.4p.(3P*)"	"z 4G*"	"7/2"	"3d4.(3F1).4s"	"4F"	"5/2"		""	"L15916"	
"1065.3829"	"0.0004"	"1065.3830"	"0.0003"	"2200"	""		"14548.816"	"23935.112"	"3d3.4s2"	"2D2"	"5/2"	"3d3.(4F).4s.4p.(3P*)"	"z 2D*"	"5/2"		""	"L15916"	
"1065.944"	"0.012"	"1065.95330"	"0.00020"	"150"	""		"34537.299"	"43918.573"	"3d3.(4F).4s.4p.(1P*)"	"v 4D*"	"3/2"	"3d3.(4F).4s.(3F).5s"	"e 2F"	"5/2"		""	"L4236"	
"1066.139"	"0.017"	"1066.1290"	"0.0003"	"160*"	""		"34328.683"	"43708.411"	"3d5"	"c 4D"	"1/2"	"3d3.4s.(5F).5p"	"6D*"	"1/2"		""	"L4236"	
"1066.139"	"0.017"	"1066.1432"	"0.0008"	"160*"	""		"40325.790"	"49705.393"	"3d4.(3G).4p"	"2F*"	"5/2"	"49705e"	"6D"	"7/2"		""	"L4236"	
"1069.1503"	"0.0003"	"1069.1512"	"0.0005"	"1500"	""		"20767.609"	"30120.823"	"3d4.(3D).4s"	"b 4D"	"7/2"	"3d3.(4P).4s.4p.(3P*)"	"y 4P*"	"5/2"		""	"L15916"	
""	""	"1073.69787"	"0.00020"	""	"2.e-03"	E	"323.432"	"9637.039"	"3d3.4s2"	"a 4F"	"7/2"	"3d3.4s2"	"a 4P"	"3/2"	E2	"u38"	""	
"1073.919"	"0.012"	"1073.9099"	"0.0012"	"140"	""		"34537.299"	"43849.067"	"3d3.(4F).4s.4p.(1P*)"	"v 4D*"	"3/2"	"3d3.4s.(5F).4d"	"6F"	"1/2"		""	"L4236"	
"1075.372"	"0.012"	"1075.3873"	"0.0003"	"210"	""		"34619.598"	"43918.573"	"3d3.(4F).4s.4p.(1P*)"	"v 4D*"	"5/2"	"3d3.(4F).4s.(3F).5s"	"e 2F"	"5/2"		""	"L4236"	
"1077.795"	"0.012"	"1077.81036"	"0.00020"	"310"	""		"30120.823"	"39398.893"	"3d3.(4P).4s.4p.(3P*)"	"y 4P*"	"5/2"	"3d3.4s.(5F).5s"	"f 4F"	"7/2"		""	"L4236"	
""	""	"1078.5542"	"0.0003"	""	"3.e-03"	E	"552.955"	"9824.626"	"3d3.4s2"	"a 4F"	"9/2"	"3d3.4s2"	"a 4P"	"5/2"	E2	"u38"	""	
"1080.716"	"0.012"	"1080.7280"	"0.0012"	"78"	""		"37615.057"	"46868.079"	"3d3.4s.(5F).5s"	"e 6F"	"7/2"	"3d4.(3D).4p"	"t 4P*"	"5/2"		""	"L4236"	
"1081.0808"	"0.0004"	"1081.0801"	"0.0004"	"2200"	""		"22121.079"	"31371.087"	"3d3.(4F).4s.4p.(3P*)"	"z 4G*"	"9/2"	"3d4.(3F1).4s"	"4F"	"7/2"		""	"L15916"	
"1082.777"	"0.010"	"1082.75649"	"0.00011"	"10000"	""		"17116.947"	"26352.634"	"3d4.(3G).4s"	"a 4G"	"7/2"	"3d4.(5D).4p"	"y 4D*"	"5/2"		""	"L14162"	
"1082.8306"	"0.0003"	"1082.8305"	"0.0004"	"6500"	""		"25131.002"	"34366.058"	"3d4.(5D).4p"	"z 4P*"	"5/2"	"3d5"	"c 4D"	"7/2"		""	"L15916"	
"1083.7297"	"0.0006"	"1083.7282"	"0.0004"	"2300*"	""		"25131.002"	"34358.408"	"3d4.(5D).4p"	"z 4P*"	"5/2"	"3d5"	"c 4D"	"5/2"		""	"L15916"	
"1083.7297"	"0.0006"	"1083.73148"	"0.00013"	"2300*"	""		"34358.408"	"43585.786"	"3d5"	"c 4D"	"5/2"	"3d4.(5D).5p"	"u 4P*"	"5/2"		""	"L15916"	
"1098.5531"	"0.0014"	"1098.5544"	"0.0007"	"8300"	""		"35092.518"	"44195.390"	"3d3.(2D2).4s.4p.(3P*)"	"u 4D*"	"3/2"	"3d3.4s.(5F).4d"	"4F"	"5/2"		""	"L15916"	
"1099.6369"	"0.0008"	"1099.64076"	"0.00021"	"2900"	""		"20202.551"	"29296.430"	"3d5"	"a 6S"	"5/2"	"3d3.(4P).4s.4p.(3P*)"	"y 6P*"	"5/2"		""	"L15916"	
"1105.9643"	"0.0003"	"1105.96493"	"0.00020"	"1500"	""		"22313.832"	"31355.710"	"3d3.(4F).4s.4p.(3P*)"	"z 4G*"	"11/2"	"3d4.(3F1).4s"	"4F"	"9/2"		""	"L15916"	
"1111.0812"	"0.0007"	"1111.0816"	"0.0004"	"1300"	""		"20202.551"	"29202.790"	"3d5"	"a 6S"	"5/2"	"3d3.(4P).4s.4p.(3P*)"	"y 6P*"	"3/2"		""	"L15916"	
"1118.5657"	"0.0006"	"1118.56561"	"0.00016"	"1300"	""		"17182.073"	"26122.094&dagger;"	"3d4.(3G).4s"	"a 4G"	"9/2"	"3d4.(5D).4p"	"y 4F*"	"7/2"		""	"L15916"	
"1119.8417"	"0.0008"	"1119.83989"	"0.00014"	"1400"	""		"17242.070"	"26171.918"	"3d4.(3G).4s"	"a 4G"	"11/2"	"3d4.(5D).4p"	"y 4F*"	"9/2"		""	"L15916"	
"1125.2031"	"0.0004"	"1125.20278"	"0.00019"	"1100"	""		"17116.947"	"26004.234"	"3d4.(3G).4s"	"a 4G"	"7/2"	"3d4.(5D).4p"	"y 4F*"	"5/2"		""	"L15916"	
"1125.6104"	"0.0004"	"1125.6114"	"0.0008"	"1800"	""		"24643.528"	"33527.589"	"3d4.(3D).4s"	"2D"	"3/2"	"3d3.(2G).4s.4p.(3P*)"	"y 2F*"	"5/2"		""	"L15916"	
"1126.1102"	"0.0004"	"1126.11078"	"0.00020"	"2300"	""		"26021.907"	"34902.028"	"3d3.(4F).4s.4p.(3P*)"	"z 2G*"	"7/2"	"3d4.(3F1).4s"	"2F"	"5/2"		""	"L15916"	
"1126.6813"	"0.0004"	"1126.6819"	"0.0003"	"1100"	""		"17054.924"	"25930.544"	"3d4.(3G).4s"	"a 4G"	"5/2"	"3d4.(5D).4p"	"y 4F*"	"3/2"		""	"L15916"	
"1129.8320"	"0.0006"	"1129.8338"	"0.0008"	"2100"	""		"24630.567"	"33481.426"	"3d4.(3D).4s"	"2D"	"5/2"	"3d3.(2G).4s.4p.(3P*)"	"y 2F*"	"7/2"		""	"L15916"	
"1130.549"	"0.012"	"1130.5644"	"0.0005"	"200"	""		"28595.637"	"37440.777"	"3d3.(4P).4s.4p.(3P*)"	"x 6D*"	"7/2"	"3d4.(5D).5s"	"e 6D"	"9/2"		""	"L4236"	
"1138.9601"	"0.0007"	"1138.96073"	"0.00019"	"1100bl(V II)"	""		"26122.094&dagger;"	"34902.028"	"3d4.(5D).4p"	"y 4F*"	"7/2"	"3d4.(3F1).4s"	"2F"	"5/2"		""	"L15916"	
"1145.0170"	"0.0004"	"1145.01737"	"0.00018"	"2500"	""		"26171.918"	"34905.410"	"3d4.(5D).4p"	"y 4F*"	"9/2"	"3d4.(3F1).4s"	"2F"	"7/2"		""	"L15916"	
"1145.1205"	"0.0004"	"1145.1200"	"0.0004"	"1100"	""		"30864.279"	"39596.988"	"3d3.(2G).4s.4p.(3P*)"	"y 4G*"	"11/2"	"3d3.4s.(5F).5s"	"f 4F"	"9/2"		""	"L15916"	
"1145.9316"	"0.0013"	"1145.9305"	"0.0007"	"890"	""		"28595.637"	"37322.170"	"3d3.(4P).4s.4p.(3P*)"	"x 6D*"	"7/2"	"3d4.(5D).5s"	"e 6D"	"7/2"		""	"L15916"	
"1147.6182"	"0.0004"	"1147.6188"	"0.0003"	"1300"	""		"24770.673"	"33484.368"	"3d4.(5D).4p"	"z 4P*"	"1/2"	"3d5"	"4P"	"1/2"		""	"L15916"	
"1149.8999"	"0.0010"	"1149.9004"	"0.0012"	"680"	""		"28462.177"	"37158.582"	"3d3.(4P).4s.4p.(3P*)"	"x 6D*"	"5/2"	"3d4.(5D).5s"	"e 6D"	"3/2"		""	"L15916"	
"1153.0526"	"0.0007"	"1153.0521"	"0.0007"	"2600"	""		"28768.142"	"37440.777"	"3d3.(4P).4s.4p.(3P*)"	"x 6D*"	"9/2"	"3d4.(5D).5s"	"e 6D"	"9/2"		""	"L15916"	
"1157.1513"	"0.0004"	"1157.15147"	"0.00020"	"9700"	""		"24770.673"	"33412.584"	"3d4.(5D).4p"	"z 4P*"	"1/2"	"3d5"	"4P"	"3/2"		""	"L15916"	
"1158.5022"	"0.0010"	"1158.4999"	"0.0007"	"790"	""		"28595.637"	"37227.489"	"3d3.(4P).4s.4p.(3P*)"	"x 6D*"	"7/2"	"3d4.(5D).5s"	"e 6D"	"5/2"		""	"L15916"	
"1159.1318"	"0.0005"	"1159.1299"	"0.0005"	"1300"	""		"30771.732"	"39398.893"	"3d3.(2G).4s.4p.(3P*)"	"y 4G*"	"9/2"	"3d3.4s.(5F).5s"	"f 4F"	"7/2"		""	"L15916"	
"1159.8866"	"0.0015"	"1159.8876"	"0.0003"	"690"	""		"24859.901"	"33481.426"	"3d3.4s2"	"2F"	"5/2"	"3d3.(2G).4s.4p.(3P*)"	"y 2F*"	"7/2"		""	"L15916"	
""	""	"1165.6993"	"0.0003"	""	"8.6e-03"	D+	"0.000"	"8578.542"	"3d3.4s2"	"a 4F"	"3/2"	"3d4.(5D).4s"	"a 4D"	"5/2"	E2	"u38"	""	
""	""	"1165.7234"	"0.0003"	""	"4.8e-03"	D+	"137.383"	"8715.747"	"3d3.4s2"	"a 4F"	"5/2"	"3d4.(5D).4s"	"a 4D"	"7/2"	E2	"u38"	""	
"1166.9677"	"0.0004"	"1166.96776"	"0.00016"	"8100"	""		"24915.151"	"33484.368"	"3d4.(5D).4p"	"z 4P*"	"3/2"	"3d5"	"4P"	"1/2"		""	"L15916"	
"1168.1548"	"0.0003"	"1168.15497"	"0.00016"	"4800"	""		"26344.902"	"34905.410"	"3d3.(4F).4s.4p.(3P*)"	"z 2G*"	"9/2"	"3d4.(3F1).4s"	"2F"	"7/2"		""	"L15916"	
"1169.0438"	"0.0017"	"1169.0399"	"0.0007"	"790"	""		"28768.142"	"37322.170"	"3d3.(4P).4s.4p.(3P*)"	"x 6D*"	"9/2"	"3d4.(5D).5s"	"e 6D"	"7/2"		""	"L15916"	
"1169.9955"	"0.0004"	"1169.9957"	"0.0003"	"720bl(V II)"	""		"30694.344"	"39241.384"	"3d3.(2G).4s.4p.(3P*)"	"y 4G*"	"7/2"	"3d3.4s.(5F).5s"	"f 4F"	"5/2"		""	"L15916"	
"1172.5240"	"0.0009"	"1172.5224"	"0.0005"	"1300"	""		"24778.321"	"33306.943"	"3d3.4s2"	"2F"	"7/2"	"3d3.(2G).4s.4p.(3P*)"	"y 2G*"	"9/2"		""	"L15916"	
"1173.8553"	"0.0003"	"1173.85565"	"0.00019"	"820"	""		"15000.937"	"23519.872"	"3d4.(3H).4s"	"a 4H"	"11/2"	"3d3.(4F).4s.4p.(3P*)"	"z 4F*"	"9/2"		""	"L15916"	
"1176.3215"	"0.0005"	"1176.32196"	"0.00019"	"1600"	""		"31624.805"	"40125.879"	"3d4.(3P1).4s"	"4P"	"5/2"	"3d4.(3F2).4p"	"s 4D*"	"7/2"		""	"L15916"	
"1176.4186"	"0.0004"	"1176.4181"	"0.0004"	"350"	""		"24859.901"	"33360.280"	"3d3.4s2"	"2F"	"5/2"	"3d3.(2G).4s.4p.(3P*)"	"y 2G*"	"7/2"		""	"L15916"	
"1176.8257"	"0.0004"	"1176.82599"	"0.00019"	"2600"	""		"24915.151"	"33412.584"	"3d4.(5D).4p"	"z 4P*"	"3/2"	"3d5"	"4P"	"3/2"		""	"L15916"	
"1177.6272"	"0.0008"	"1177.6277"	"0.0006"	"440"	""		"30635.580"	"39127.228"	"3d3.(2G).4s.4p.(3P*)"	"y 4G*"	"5/2"	"3d3.4s.(5F).5s"	"f 4F"	"3/2"		""	"L15916"	
""	""	"1179.7692"	"0.0003"	""	"4.3e-02"	C+	"0.000"	"8476.234"	"3d3.4s2"	"a 4F"	"3/2"	"3d4.(5D).4s"	"a 4D"	"3/2"	E2	"u38"	""	
"1184.2076"	"0.0004"	"1184.20778"	"0.00014"	"5300"	""		"19026.326"	"27470.790"	"3d4.(3F2).4s"	"a 2F"	"5/2"	"3d3.(4F).4s.4p.(3P*)"	"z 2F*"	"7/2"		""	"L15916"	
""	""	"1184.6714"	"0.0003"	""	"3.6e-02"	C+	"137.383"	"8578.542"	"3d3.4s2"	"a 4F"	"5/2"	"3d4.(5D).4s"	"a 4D"	"5/2"	E2	"u38"	""	
""	""	"1188.6354"	"0.0003"	""	"4.2e-02"	D+	"0.000"	"8413.009"	"3d3.4s2"	"a 4F"	"3/2"	"3d4.(5D).4s"	"a 4D"	"1/2"	E2	"u38"	""	
"1189.9443"	"0.0005"	"1189.9413"	"0.0003"	"1100bl(V II)"	""		"14949.359"	"23353.135"	"3d4.(3H).4s"	"a 4H"	"9/2"	"3d3.(4F).4s.4p.(3P*)"	"z 4F*"	"7/2"		""	"L15916"	
"1191.1173"	"0.0004"	"1191.11741"	"0.00017"	"17000"	""		"24915.151"	"33310.629"	"3d4.(5D).4p"	"z 4P*"	"3/2"	"3d5"	"4P"	"5/2"		""	"L15916"	
"1191.5146"	"0.0003"	"1191.51479"	"0.00018"	"63000"	""		"19078.112"	"27470.790"	"3d4.(3F2).4s"	"a 2F"	"7/2"	"3d3.(4F).4s.4p.(3P*)"	"z 2F*"	"7/2"		""	"L15916"	
""	""	"1191.5663"	"0.0004"	""	"2.6e-02"	C+	"323.432"	"8715.747"	"3d3.4s2"	"a 4F"	"7/2"	"3d4.(5D).4s"	"a 4D"	"7/2"	E2	"u38"	""	
"1194.0066"	"0.0008"	"1194.0069"	"0.0004"	"400"	""		"31624.805"	"39999.966"	"3d4.(3P1).4s"	"4P"	"5/2"	"3d4.(3F2).4p"	"s 4D*"	"5/2"		""	"L15916"	
""	""	"1199.2060"	"0.0003"	""	"1.7e-02"	D+	"137.383"	"8476.234"	"3d3.4s2"	"a 4F"	"5/2"	"3d4.(5D).4s"	"a 4D"	"3/2"	E2	"u38"	""	
"1207.3674"	"0.0003"	"1207.3677"	"0.0003"	"790"	""		"31717.485"	"39999.966"	"3d4.(3P1).4s"	"4P"	"3/2"	"3d4.(3F2).4p"	"s 4D*"	"5/2"		""	"L15916"	
"1207.4988"	"0.0004"	"1207.4988"	"0.0003"	"9900"	""		"25131.002"	"33412.584"	"3d4.(5D).4p"	"z 4P*"	"5/2"	"3d5"	"4P"	"3/2"		""	"L15916"	
""	""	"1208.3678"	"0.0004"	""	"5.6e-02"	D+	"137.383"	"8413.009"	"3d3.4s2"	"a 4F"	"5/2"	"3d4.(5D).4s"	"a 4D"	"1/2"	E2	"u38"	""	
"1209.1443"	"0.0003"	"1209.14437"	"0.00015"	"150"	""		"15664.801"	"23935.112"	"3d4.(3F2).4s"	"b 4F"	"3/2"	"3d3.(4F).4s.4p.(3P*)"	"z 2D*"	"5/2"		""	"L15916"	
"1209.2830"	"0.0004"	"1209.28270"	"0.00018"	"1800"	""		"23088.074"	"31357.439"	"3d3.(4F).4s.4p.(3P*)"	"z 4F*"	"3/2"	"3d4.(3F1).4s"	"4F"	"5/2"		""	"L15916"	
""	""	"1211.3709"	"0.0003"	""	"3.0e-02"	C+	"323.432"	"8578.542"	"3d3.4s2"	"a 4F"	"7/2"	"3d4.(5D).4s"	"a 4D"	"5/2"	E2	"u38"	""	
"1212.6730"	"0.0005"	"1212.67243"	"0.00013"	"760"	""		"15688.862"	"23935.112"	"3d4.(3F2).4s"	"b 4F"	"5/2"	"3d3.(4F).4s.4p.(3P*)"	"z 2D*"	"5/2"		""	"L15916"	
"1212.7048"	"0.0003"	"1212.7048"	"0.0003"	"7800"	""		"23088.074"	"31334.104"	"3d3.(4F).4s.4p.(3P*)"	"z 4F*"	"3/2"	"3d4.(3F1).4s"	"4F"	"3/2"		""	"L15916"	
"1213.0087"	"0.0017"	"1213.00869"	"0.00018"	"340"	""		"26122.094&dagger;"	"34366.058"	"3d4.(5D).4p"	"y 4F*"	"7/2"	"3d5"	"c 4D"	"7/2"		""	"L15916"	
"1216.8858"	"0.0008"	"1216.8868"	"0.0006"	"440"	""		"31717.485"	"39935.176"	"3d4.(3P1).4s"	"4P"	"3/2"	"3d4.(3F2).4p"	"s 4D*"	"3/2"		""	"L15916"	
"1217.8958"	"0.0013"	"1217.89581"	"0.00019"	"200"	""		"15724.229"	"23935.112"	"3d4.(3F2).4s"	"b 4F"	"7/2"	"3d3.(4F).4s.4p.(3P*)"	"z 2D*"	"5/2"		""	"L15916"	
"1222.5494"	"0.0003"	"1222.5496"	"0.0003"	"25000"	""		"25131.002"	"33310.629"	"3d4.(5D).4p"	"z 4P*"	"5/2"	"3d5"	"4P"	"5/2"		""	"L15916"	
""	""	"1225.0710"	"0.0003"	""	"6.0e-02"	C+	"552.955"	"8715.747"	"3d3.4s2"	"a 4F"	"9/2"	"3d4.(5D).4s"	"a 4D"	"7/2"	E2	"u38"	""	
"1225.2769"	"0.0003"	"1225.27682"	"0.00018"	"47000"	""		"19026.326"	"27187.747"	"3d4.(3F2).4s"	"a 2F"	"5/2"	"3d3.(4F).4s.4p.(3P*)"	"z 2F*"	"5/2"		""	"L15916"	
"1225.4110"	"0.0003"	"1225.4111"	"0.0003"	"2400"	""		"23210.560"	"31371.087"	"3d3.(4F).4s.4p.(3P*)"	"z 4F*"	"5/2"	"3d4.(3F1).4s"	"4F"	"7/2"		""	"L15916"	
"1225.4532"	"0.0003"	"1225.45265"	"0.00015"	"12000"	""		"26182.637"	"34342.887"	"3d4.(5D).4p"	"y 4D*"	"1/2"	"3d5"	"c 4D"	"3/2"		""	"L15916"	
""	""	"1226.5722"	"0.0003"	""	"3.6e-02"	C+	"323.432"	"8476.234"	"3d3.4s2"	"a 4F"	"7/2"	"3d4.(5D).4s"	"a 4D"	"3/2"	E2	"u38"	""	
"1227.4647"	"0.0003"	"1227.4639"	"0.0003"	"9900"	""		"23210.560"	"31357.439"	"3d3.(4F).4s.4p.(3P*)"	"z 4F*"	"5/2"	"3d4.(3F1).4s"	"4F"	"5/2"		""	"L15916"	
"1227.5894"	"0.0004"	"1227.58943"	"0.00020"	"11000"	""		"26182.637"	"34328.683"	"3d4.(5D).4p"	"y 4D*"	"1/2"	"3d5"	"c 4D"	"1/2"		""	"L15916"	
"1228.9021"	"0.0003"	"1228.9022"	"0.0003"	"5600"	""		"24630.567"	"32767.911"	"3d4.(3D).4s"	"2D"	"5/2"	"3d3.(4P).4s.4p.(3P*)"	"z 2P*"	"3/2"		""	"L15916"	
"1230.8648"	"0.0007"	"1230.8627"	"0.0008"	"350"	""		"24643.528"	"32767.911"	"3d4.(3D).4s"	"2D"	"3/2"	"3d3.(4P).4s.4p.(3P*)"	"z 2P*"	"3/2"		""	"L15916"	
"1230.9898"	"0.0004"	"1230.98982"	"0.00020"	"1800"	""		"23210.560"	"31334.104"	"3d3.(4F).4s.4p.(3P*)"	"z 4F*"	"5/2"	"3d4.(3F1).4s"	"4F"	"3/2"		""	"L15916"	
"1231.2658"	"0.0007"	"1231.2675"	"0.0005"	"1300"	""		"30120.823"	"38242.535"	"3d3.(4P).4s.4p.(3P*)"	"y 4P*"	"5/2"	"3d4.(5D).5s"	"e 4D"	"7/2"		""	"L15916"	
"1231.7457"	"0.0004"	"1231.7455"	"0.0003"	"4200"	""		"32417.169"	"40535.729"	"3d5"	"4G"	"11/2"	"3d4.(3G).4p"	"w 4H*"	"13/2"		""	"L15916"	
"1233.1013"	"0.0004"	"1233.10112"	"0.00017"	"8600"	""		"19078.112"	"27187.747"	"3d4.(3F2).4s"	"a 2F"	"7/2"	"3d3.(4F).4s.4p.(3P*)"	"z 2F*"	"5/2"		""	"L15916"	
"1233.2084"	"0.0003"	"1233.20802"	"0.00020"	"8100"	""		"26249.476"	"34358.408"	"3d4.(5D).4p"	"y 4D*"	"3/2"	"3d5"	"c 4D"	"5/2"		""	"L15916"	
"1235.5734"	"0.0003"	"1235.57299"	"0.00015"	"7800"	""		"26249.476"	"34342.887"	"3d4.(5D).4p"	"y 4D*"	"3/2"	"3d5"	"c 4D"	"3/2"		""	"L15916"	
"1237.4284"	"0.0004"	"1237.4288"	"0.0005"	"5300"	""		"24643.528"	"32724.801"	"3d4.(3D).4s"	"2D"	"3/2"	"3d3.(4P).4s.4p.(3P*)"	"z 2P*"	"1/2"		""	"L15916"	
"1237.7453"	"0.0003"	"1237.74524"	"0.00020"	"12000"	""		"26249.476"	"34328.683"	"3d4.(5D).4p"	"y 4D*"	"3/2"	"3d5"	"c 4D"	"1/2"		""	"L15916"	
"1240.9239"	"0.0004"	"1240.9239"	"0.0003"	"3600"	""		"32393.954"	"40452.466"	"3d5"	"4G"	"9/2"	"3d4.(3G).4p"	"w 4H*"	"11/2"		""	"L15916"	
"1245.9907"	"0.0004"	"1245.9910"	"0.0003"	"7200"	""		"29296.430"	"37322.170"	"3d3.(4P).4s.4p.(3P*)"	"y 6P*"	"5/2"	"3d4.(5D).5s"	"e 6D"	"7/2"		""	"L15916"	
""	""	"1246.0148"	"0.0003"	""	"2.0e-02"	C+	"552.955"	"8578.542"	"3d3.4s2"	"a 4F"	"9/2"	"3d4.(5D).4s"	"a 4D"	"5/2"	E2	"u38"	""	
"1246.1529"	"0.0005"	"1246.1527"	"0.0005"	"2500"	""		"29202.790"	"37227.489"	"3d3.(4P).4s.4p.(3P*)"	"y 6P*"	"3/2"	"3d4.(5D).5s"	"e 6D"	"5/2"		""	"L15916"	
"1246.4704"	"0.0003"	"1246.46969"	"0.00020"	"13000"	""		"29418.119"	"37440.777"	"3d3.(4P).4s.4p.(3P*)"	"y 6P*"	"7/2"	"3d4.(5D).5s"	"e 6D"	"9/2"		""	"L15916"	
"1247.2010"	"0.0003"	"1247.2013"	"0.0006"	"14000"	""		"23353.135"	"31371.087"	"3d3.(4F).4s.4p.(3P*)"	"z 4F*"	"7/2"	"3d4.(3F1).4s"	"4F"	"7/2"		""	"L15916"	
"1247.9061"	"0.0003"	"1247.90601"	"0.00019"	"6800"	""		"26352.634"	"34366.058"	"3d4.(5D).4p"	"y 4D*"	"5/2"	"3d5"	"c 4D"	"7/2"		""	"L15916"	
"1248.1587"	"0.0006"	"1248.1590"	"0.0003"	"880"	""		"30094.585"	"38106.385"	"3d3.(4P).4s.4p.(3P*)"	"y 4P*"	"3/2"	"3d4.(5D).5s"	"e 4D"	"5/2"		""	"L15916"	
"1248.8840"	"0.0003"	"1248.8838"	"0.0003"	"3300"	""		"32371.662"	"40378.812"	"3d5"	"4G"	"7/2"	"3d4.(3G).4p"	"w 4H*"	"9/2"		""	"L15916"	
"1249.0985"	"0.0003"	"1249.09846"	"0.00020"	"17000"	""		"26352.634"	"34358.408"	"3d4.(5D).4p"	"y 4D*"	"5/2"	"3d5"	"c 4D"	"5/2"		""	"L15916"	
"1249.3273"	"0.0003"	"1249.32786"	"0.00016"	"2600"	""		"23353.135"	"31357.439"	"3d3.(4F).4s.4p.(3P*)"	"z 4F*"	"7/2"	"3d4.(3F1).4s"	"4F"	"5/2"		""	"L15916"	
"1249.5982"	"0.0003"	"1249.5978"	"0.0005"	"1700"	""		"23353.135"	"31355.710"	"3d3.(4F).4s.4p.(3P*)"	"z 4F*"	"7/2"	"3d4.(3F1).4s"	"4F"	"9/2"		""	"L15916"	
"1251.5249"	"0.0003"	"1251.52483"	"0.00016"	"8900"	""		"26352.634"	"34342.887"	"3d4.(5D).4p"	"y 4D*"	"5/2"	"3d5"	"c 4D"	"3/2"		""	"L15916"	
"1255.8799"	"0.0004"	"1255.8799"	"0.0003"	"2500"	""		"32352.337"	"40314.882"	"3d5"	"4G"	"5/2"	"3d4.(3G).4p"	"w 4H*"	"7/2"		""	"L15916"	
"1256.165"	"0.016"	"1256.1607"	"0.0009"	"24"	""		"36538.569"	"44499.334"	"3d4.(3F2).4p"	"2G*"	"9/2"	"3d3.4s.(5F).4d"	"4F"	"9/2"		""	"L4236"	
"1256.9455"	"0.0004"	"1256.94588"	"0.00021"	"3700"	""		"29202.790"	"37158.582"	"3d3.(4P).4s.4p.(3P*)"	"y 6P*"	"3/2"	"3d4.(5D).5s"	"e 6D"	"3/2"		""	"L15916"	
"1258.8164"	"0.0003"	"1258.81739"	"0.00021"	"13000"	""		"15664.801"	"23608.765"	"3d4.(3F2).4s"	"b 4F"	"3/2"	"3d3.(4F).4s.4p.(3P*)"	"z 2D*"	"3/2"		""	"L15916"	
"1260.8663"	"0.0004"	"1260.8657"	"0.0003"	"4700"	""		"29296.430"	"37227.489"	"3d3.(4P).4s.4p.(3P*)"	"y 6P*"	"5/2"	"3d4.(5D).5s"	"e 6D"	"5/2"		""	"L15916"	
"1262.6419"	"0.0004"	"1262.64173"	"0.00016"	"930"	""		"15688.862"	"23608.765"	"3d4.(3F2).4s"	"b 4F"	"5/2"	"3d3.(4F).4s.4p.(3P*)"	"z 2D*"	"3/2"		""	"L15916"	
"1262.8528"	"0.0008"	"1262.8520"	"0.0005"	"490"	""		"30021.627"	"37940.211"	"3d3.(4P).4s.4p.(3P*)"	"y 4P*"	"1/2"	"3d4.(5D).5s"	"e 4D"	"1/2"		""	"L15916"	
"1263.5874"	"0.0004"	"1263.5869"	"0.0003"	"2800"	""		"29202.790"	"37116.769"	"3d3.(4P).4s.4p.(3P*)"	"y 6P*"	"3/2"	"3d4.(5D).5s"	"e 6D"	"1/2"		""	"L15916"	
"1265.1734"	"0.0004"	"1265.1740"	"0.0003"	"3600"	""		"29418.119"	"37322.170"	"3d3.(4P).4s.4p.(3P*)"	"y 6P*"	"7/2"	"3d4.(5D).5s"	"e 6D"	"7/2"		""	"L15916"	
"1266.823"	"0.016"	"1266.8247"	"0.0006"	"91"	""		"18302.280"	"26196.032"	"3d3.(4F).4s.4p.(3P*)"	"z 6D*"	"7/2"	"3d4.(1D2).4s"	"2D"	"5/2"		""	"L4236"	
"1267.8957"	"0.0004"	"1267.89620"	"0.00014"	"310"	""		"34358.408"	"42245.489&dagger;"	"3d5"	"c 4D"	"5/2"	"3d3.(4P).4s.4p.(1P*)"	"r 4D*"	"7/2"		""	"L15916"	
"1268.1069"	"0.0003"	"1268.1067"	"0.0003"	"34000"	""		"26480.286&dagger;"	"34366.058"	"3d4.(5D).4p"	"y 4D*"	"7/2"	"3d5"	"c 4D"	"7/2"		""	"L15916"	
"1268.514"	"0.003"	"1268.5175"	"0.0004"	"690bl"	""		"30120.823"	"38004.041"	"3d3.(4P).4s.4p.(3P*)"	"y 4P*"	"5/2"	"3d4.(5D).5s"	"e 4D"	"3/2"		""	"L15916"	
"1269.1268"	"0.0003"	"1269.12717"	"0.00014"	"1300"	""		"34366.058"	"42245.489&dagger;"	"3d5"	"c 4D"	"7/2"	"3d3.(4P).4s.4p.(1P*)"	"r 4D*"	"7/2"		""	"L15916"	
"1269.3381"	"0.0003"	"1269.3380"	"0.0003"	"7300"	""		"26480.286&dagger;"	"34358.408"	"3d4.(5D).4p"	"y 4D*"	"7/2"	"3d5"	"c 4D"	"5/2"		""	"L15916"	
"1269.8081"	"0.0011"	"1269.8077"	"0.0004"	"870"	""		"31721.780"	"39596.988"	"3d3.(4F).4s.4p.(1P*)"	"x 4G*"	"9/2"	"3d3.4s.(5F).5s"	"f 4F"	"9/2"		""	"L15916"	
"1271.9157"	"0.0005"	"1271.9164"	"0.0004"	"1600"	""		"29296.430"	"37158.582"	"3d3.(4P).4s.4p.(3P*)"	"y 6P*"	"5/2"	"3d4.(5D).5s"	"e 6D"	"3/2"		""	"L15916"	
"1272.6325"	"0.0006"	"1272.6328"	"0.0004"	"1800"	""		"31541.167"	"39398.893"	"3d3.(4F).4s.4p.(1P*)"	"x 4G*"	"7/2"	"3d3.4s.(5F).5s"	"f 4F"	"7/2"		""	"L15916"	
"1273.6878"	"0.0003"	"1273.6882"	"0.0005"	"1900"	""		"23519.872"	"31371.087"	"3d3.(4F).4s.4p.(3P*)"	"z 4F*"	"9/2"	"3d4.(3F1).4s"	"4F"	"7/2"		""	"L15916"	
"1276.1877"	"0.0003"	"1276.1877"	"0.0004"	"11000"	""		"23519.872"	"31355.710"	"3d3.(4F).4s.4p.(3P*)"	"z 4F*"	"9/2"	"3d4.(3F1).4s"	"4F"	"9/2"		""	"L15916"	
"1280.5129"	"0.0013"	"1280.5130"	"0.0003"	"580"	""		"29418.119"	"37227.489"	"3d3.(4P).4s.4p.(3P*)"	"y 6P*"	"7/2"	"3d4.(5D).5s"	"e 6D"	"5/2"		""	"L15916"	
"1282.3904"	"0.0012"	"1282.3900"	"0.0003"	"500"	""		"31624.805"	"39422.745"	"3d4.(3P1).4s"	"4P"	"5/2"	"3d4.(3P2).4p"	"w 4P*"	"5/2"		""	"L15916"	
"1282.7680"	"0.0004"	"1282.76782"	"0.00016"	"8600"	""		"15724.229"	"23519.872"	"3d4.(3F2).4s"	"b 4F"	"7/2"	"3d3.(4F).4s.4p.(3P*)"	"z 4F*"	"9/2"		""	"L15916"	
"1282.8444"	"0.0004"	"1282.8448"	"0.0003"	"430"	""		"34342.887"	"42138.062"	"3d5"	"c 4D"	"3/2"	"3d3.(4P).4s.4p.(1P*)"	"r 4D*"	"5/2"		""	"L15916"	
"1285.4042"	"0.0004"	"1285.40421"	"0.00017"	"760"	""		"34358.408"	"42138.062"	"3d5"	"c 4D"	"5/2"	"3d3.(4P).4s.4p.(1P*)"	"r 4D*"	"5/2"		""	"L15916"	
"1286.6692"	"0.0005"	"1286.66944"	"0.00020"	"220"	""		"34366.058"	"42138.062"	"3d5"	"c 4D"	"7/2"	"3d3.(4P).4s.4p.(1P*)"	"r 4D*"	"5/2"		""	"L15916"	
"1288.3060"	"0.0018"	"1288.3039"	"0.0005"	"230"	""		"37940.211"	"45702.355"	"3d4.(5D).5s"	"e 4D"	"1/2"	"3d3.4s.(5F).5p"	"o 4D*"	"1/2"		""	"L15916"	
"1288.9412"	"0.0010"	"1288.9475"	"0.0005"	"570"	""		"38004.041"	"45762.309"	"3d4.(5D).5s"	"e 4D"	"3/2"	"3d3.4s.(5F).5p"	"o 4D*"	"3/2"		""	"L15916"	
"1290.4756"	"0.0003"	"1290.47527"	"0.00018"	"43000"	""		"15770.789"	"23519.872"	"3d4.(3F2).4s"	"b 4F"	"9/2"	"3d3.(4F).4s.4p.(3P*)"	"z 4F*"	"9/2"		""	"L15916"	
"1293.3742"	"0.0015"	"1293.3771"	"0.0015"	"530"	""		"38106.385"	"45838.082"	"3d4.(5D).5s"	"e 4D"	"5/2"	"3d3.4s.(5F).5p"	"o 4D*"	"5/2"		""	"L15916"	
"1293.7607"	"0.0004"	"1293.7605"	"0.0004"	"8200"	""		"31397.822"	"39127.228"	"3d3.(4F).4s.4p.(1P*)"	"x 4G*"	"5/2"	"3d3.4s.(5F).5s"	"f 4F"	"3/2"		""	"L15916"	
"1294.4423"	"0.0005"	"1294.44158"	"0.00020"	"550"	""		"23608.765"	"31334.104"	"3d3.(4F).4s.4p.(3P*)"	"z 2D*"	"3/2"	"3d4.(3F1).4s"	"4F"	"3/2"		""	"L15916"	
"1295.7301"	"0.0007"	"1295.7290"	"0.0003"	"500"	""		"27187.747"	"34905.410"	"3d3.(4F).4s.4p.(3P*)"	"z 2F*"	"5/2"	"3d4.(3F1).4s"	"2F"	"7/2"		""	"L15916"	
"1296.2971"	"0.0004"	"1296.2971"	"0.0003"	"11000"	""		"27187.747"	"34902.028"	"3d3.(4F).4s.4p.(3P*)"	"z 2F*"	"5/2"	"3d4.(3F1).4s"	"2F"	"5/2"		""	"L15916"	
"1298.6646"	"0.0004"	"1298.6647"	"0.0003"	"10000"	""		"31541.167"	"39241.384"	"3d3.(4F).4s.4p.(1P*)"	"x 4G*"	"7/2"	"3d3.4s.(5F).5s"	"f 4F"	"5/2"		""	"L15916"	
"1298.9847"	"0.0006"	"1298.9857"	"0.0004"	"270"	""		"38004.041"	"45702.355"	"3d4.(5D).5s"	"e 4D"	"3/2"	"3d3.4s.(5F).5p"	"o 4D*"	"1/2"		""	"L15916"	
"1299.6260"	"0.0011"	"1299.6254"	"0.0004"	"1100"	""		"38242.535"	"45937.060"	"3d4.(5D).5s"	"e 4D"	"7/2"	"3d3.4s.(5F).5p"	"o 4D*"	"7/2"		""	"L15916"	
"1302.5730"	"0.0004"	"1302.5730"	"0.0003"	"12000"	"2.8e+06"	C	"31721.780"	"39398.893"	"3d3.(4F).4s.4p.(1P*)"	"x 4G*"	"9/2"	"3d3.4s.(5F).5s"	"f 4F"	"7/2"		"u38"	"L15916"	
"1303.430"	"0.016"	"1303.4511"	"0.0007"	"28"	""		"34905.410"	"42577.351"	"3d4.(3F1).4s"	"2F"	"7/2"	"3d4.(5D).5p"	"6P*"	"5/2"		""	"L4236"	
""	""	"1303.5422"	"0.0004"	""	"6.4e-05"	D+	"2153.221"	"9824.626"	"3d4.(5D).4s"	"a 6D"	"3/2"	"3d3.4s2"	"a 4P"	"5/2"	M1	"u38"	""	
"1303.6829"	"0.0009"	"1303.6827"	"0.0004"	"320"	""		"34328.683"	"41999.261"	"3d5"	"c 4D"	"1/2"	"3d3.(4P).4s.4p.(1P*)"	"r 4D*"	"3/2"		""	"L15916"	
"1303.795"	"0.003"	"1303.7946"	"0.0005"	"170"	""		"32393.954"	"40063.874"	"3d5"	"4G"	"9/2"	"3d4.(3H).4p"	"u 4G*"	"11/2"		""	"L15916"	
"1304.2389"	"0.0008"	"1304.2387"	"0.0007"	"310"	""		"32371.662"	"40038.970"	"3d5"	"4G"	"7/2"	"3d4.(3H).4p"	"u 4G*"	"9/2"		""	"L15916"	
"1304.7553"	"0.0004"	"1304.75519"	"0.00020"	"10000"	""		"15688.862"	"23353.135"	"3d4.(3F2).4s"	"b 4F"	"5/2"	"3d3.(4F).4s.4p.(3P*)"	"z 4F*"	"7/2"		""	"L15916"	
"1305.5071"	"0.0004"	"1305.5074"	"0.0003"	"14000"	"2.9e+06"	C	"31937.131"	"39596.988"	"3d3.(4F).4s.4p.(1P*)"	"x 4G*"	"11/2"	"3d3.4s.(5F).5s"	"f 4F"	"9/2"		"u38"	"L15916"	
"1306.1037"	"0.0004"	"1306.1013"	"0.0004"	"450"	""		"34342.887"	"41999.261"	"3d5"	"c 4D"	"3/2"	"3d3.(4P).4s.4p.(1P*)"	"r 4D*"	"3/2"		""	"L15916"	
"1306.9334"	"0.0005"	"1306.9326"	"0.0003"	"190"	""		"34358.408"	"42009.912"	"3d5"	"c 4D"	"5/2"	"3d3.(4P).4s.4p.(1P*)"	"v 4P*"	"5/2"		""	"L15916"	
"1307.3849"	"0.0005"	"1307.38556"	"0.00021"	"260"	""		"32352.337"	"40001.190"	"3d5"	"4G"	"5/2"	"3d4.(3H).4p"	"u 4G*"	"7/2"		""	"L15916"	
"1307.7531"	"0.0004"	"1307.7528"	"0.0003"	"7700"	"1.45e+06"	C+	"32417.169"	"40063.874"	"3d5"	"4G"	"11/2"	"3d4.(3H).4p"	"u 4G*"	"11/2"		"u40"	"L15916"	
"1308.0425"	"0.0004"	"1308.0417"	"0.0007"	"6100"	"1.22e+06"	C+	"32393.954"	"40038.970"	"3d5"	"4G"	"9/2"	"3d4.(3H).4p"	"u 4G*"	"9/2"		"u40"	"L15916"	
"1308.2410"	"0.0004"	"1308.2406"	"0.0003"	"100"	""		"34366.058"	"42009.912"	"3d5"	"c 4D"	"7/2"	"3d3.(4P).4s.4p.(1P*)"	"v 4P*"	"5/2"		""	"L15916"	
"1308.7548"	"0.0004"	"1308.7544"	"0.0003"	"320"	""		"34358.408"	"41999.261"	"3d5"	"c 4D"	"5/2"	"3d3.(4P).4s.4p.(1P*)"	"r 4D*"	"3/2"		""	"L15916"	
"1310.6975"	"0.0003"	"1310.69707"	"0.00021"	"4500"	""		"32371.662"	"40001.190"	"3d5"	"4G"	"7/2"	"3d4.(3H).4p"	"u 4G*"	"7/2"		""	"L15916"	
"1310.8039"	"0.0003"	"1310.80393"	"0.00015"	"26000"	""		"15724.229"	"23353.135"	"3d4.(3F2).4s"	"b 4F"	"7/2"	"3d3.(4F).4s.4p.(3P*)"	"z 4F*"	"7/2"		""	"L15916"	
"1311.3755"	"0.0010"	"1311.3774"	"0.0015"	"890"	""		"37075.563"	"44701.133"	"3d5"	"e 4F"	"9/2"	"3d4.(3D).4p"	"p 4D*"	"7/2"		""	"L15916"	
"1311.6263"	"0.0019"	"1311.6263"	"0.0003"	"250"	""		"31624.805"	"39248.928"	"3d4.(3P1).4s"	"4P"	"5/2"	"3d4.(3P2).4p"	"w 4P*"	"3/2"		""	"L15916"	
"1314.0930"	"0.0003"	"1314.0927"	"0.0005"	"3600"	""		"32352.337"	"39962.150"	"3d5"	"4G"	"5/2"	"3d4.(3H).4p"	"u 4G*"	"5/2"		""	"L15916"	
"1314.5380"	"0.0013"	"1314.5379"	"0.0003"	"260"	""		"32393.954"	"40001.190"	"3d5"	"4G"	"9/2"	"3d4.(3H).4p"	"u 4G*"	"7/2"		""	"L15916"	
""	""	"1315.0160"	"0.0005"	""	"1.3e-05"	D+	"2220.156"	"9824.626"	"3d4.(5D).4s"	"a 6D"	"5/2"	"3d3.4s2"	"a 4P"	"5/2"	M1+E2	"u38"	""	
"1315.8250"	"0.0011"	"1315.8258"	"0.0003"	"210"	""		"34328.683"	"41928.473"	"3d5"	"c 4D"	"1/2"	"3d3.(4P).4s.4p.(1P*)"	"r 4D*"	"1/2"		""	"L15916"	
"1317.2860"	"0.0009"	"1317.2858"	"0.0003"	"710"	""		"37025.579"	"44616.946"	"3d5"	"e 4F"	"7/2"	"3d4.(3D).4p"	"p 4D*"	"5/2"		""	"L15916"	
"1317.4395"	"0.0009"	"1317.4384"	"0.0005"	"220"	""		"32371.662"	"39962.150"	"3d5"	"4G"	"7/2"	"3d4.(3H).4p"	"u 4G*"	"5/2"		""	"L15916"	
"1318.2927"	"0.0009"	"1318.2897"	"0.0003"	"250"	""		"34342.887"	"41928.473"	"3d5"	"c 4D"	"3/2"	"3d3.(4P).4s.4p.(1P*)"	"r 4D*"	"1/2"		""	"L15916"	
"1318.8532"	"0.0004"	"1318.85303"	"0.00021"	"6400"	""		"15770.789"	"23353.135"	"3d4.(3F2).4s"	"b 4F"	"9/2"	"3d3.(4F).4s.4p.(3P*)"	"z 4F*"	"7/2"		""	"L15916"	
"1321.8030"	"0.0004"	"1321.80333"	"0.00019"	"440"	""		"36989.185"	"44554.607"	"3d5"	"e 4F"	"5/2"	"3d4.(3D).4p"	"p 4D*"	"3/2"		""	"L15916"	
"1325.2479"	"0.0004"	"1325.24773"	"0.00019"	"7400"	""		"15664.801"	"23210.560"	"3d4.(3F2).4s"	"b 4F"	"3/2"	"3d3.(4F).4s.4p.(3P*)"	"z 4F*"	"5/2"		""	"L15916"	
"1327.8539"	"0.0014"	"1327.8528"	"0.0004"	"170"	""		"36983.603"	"44514.558"	"3d5"	"e 4F"	"3/2"	"3d4.(3D).4p"	"p 4D*"	"1/2"		""	"L15916"	
"1328.482"	"0.018"	"1328.4780"	"0.0009"	"14"	""		"36538.569"	"44065.980"	"3d4.(3F2).4p"	"2G*"	"9/2"	"3d3.(4F).4s.(3F).5s"	"e 2F"	"7/2"		""	"L4236"	
""	""	"1328.9466"	"0.0005"	""	"2.2e-04"	D+	"2112.282"	"9637.039"	"3d4.(5D).4s"	"a 6D"	"1/2"	"3d3.4s2"	"a 4P"	"3/2"	M1	"u38"	""	
"1329.4871"	"0.0004"	"1329.48704"	"0.00016"	"17000"	"1.5e+05"	E	"15688.862"	"23210.560"	"3d4.(3F2).4s"	"b 4F"	"5/2"	"3d3.(4F).4s.4p.(3P*)"	"z 4F*"	"5/2"		"T4902"	"L15916"	
"1329.8377"	"0.0012"	"1329.8373"	"0.0005"	"210"	""		"31717.485"	"39237.202"	"3d4.(3P1).4s"	"4P"	"3/2"	"3d4.(3P2).4p"	"w 4P*"	"1/2"		""	"L15916"	
""	""	"1330.9807"	"0.0004"	""	"1.3e-03"	D+	"2311.369"	"9824.626"	"3d4.(5D).4s"	"a 6D"	"7/2"	"3d3.4s2"	"a 4P"	"5/2"	M1	"u38"	""	
"1335.7679"	"0.0004"	"1335.7678"	"0.0003"	"7000"	""		"15724.229"	"23210.560"	"3d4.(3F2).4s"	"b 4F"	"7/2"	"3d3.(4F).4s.4p.(3P*)"	"z 4F*"	"5/2"		""	"L15916"	
"1336.1938"	"0.0004"	"1336.19296"	"0.00018"	"220"	""		"31764.979"	"39248.928"	"3d4.(3P1).4s"	"4P"	"1/2"	"3d4.(3P2).4p"	"w 4P*"	"3/2"		""	"L15916"	
""	""	"1336.2164"	"0.0004"	""	"8.e-05"	D+	"2153.221"	"9637.039"	"3d4.(5D).4s"	"a 6D"	"3/2"	"3d3.4s2"	"a 4P"	"3/2"	M1+E2	"u38"	""	
"1345.0591"	"0.0004"	"1345.0587"	"0.0005"	"5800"	""		"27470.790"	"34905.410"	"3d3.(4F).4s.4p.(3P*)"	"z 2F*"	"7/2"	"3d4.(3F1).4s"	"2F"	"7/2"		""	"L15916"	
""	""	"1345.4689"	"0.0005"	""	"6.2e-04"	D+	"2112.282"	"9544.635"	"3d4.(5D).4s"	"a 6D"	"1/2"	"3d3.4s2"	"a 4P"	"1/2"	M1	"u38"	""	
"1345.6715"	"0.0007"	"1345.6708"	"0.0005"	"500"	""		"27470.790"	"34902.028"	"3d3.(4F).4s.4p.(3P*)"	"z 2F*"	"7/2"	"3d4.(3F1).4s"	"2F"	"5/2"		""	"L15916"	
"1347.1149"	"0.0004"	"1347.11468"	"0.00016"	"12000"	""		"15664.801"	"23088.074"	"3d4.(3F2).4s"	"b 4F"	"3/2"	"3d3.(4F).4s.4p.(3P*)"	"z 4F*"	"3/2"		""	"L15916"	
"1347.2873"	"0.0016"	"1347.2864"	"0.0003"	"120"	""		"23935.112"	"31357.439"	"3d3.(4F).4s.4p.(3P*)"	"z 2D*"	"5/2"	"3d4.(3F1).4s"	"4F"	"5/2"		""	"L15916"	
""	""	"1348.2753"	"0.0005"	""	"2.0e-03"	D+	"2220.156"	"9637.039"	"3d4.(5D).4s"	"a 6D"	"5/2"	"3d3.4s2"	"a 4P"	"3/2"	M1	"u38"	""	
"1351.4954"	"0.0004"	"1351.49527"	"0.00016"	"4200"	""		"15688.862"	"23088.074"	"3d4.(3F2).4s"	"b 4F"	"5/2"	"3d3.(4F).4s.4p.(3P*)"	"z 4F*"	"3/2"		""	"L15916"	
""	""	"1352.9211"	"0.0005"	""	"2.3e-03"	D+	"2153.221"	"9544.635"	"3d4.(5D).4s"	"a 6D"	"3/2"	"3d3.4s2"	"a 4P"	"1/2"	M1	"u38"	""	
"1354.897"	"0.018"	"1354.9102"	"0.0009"	"12"	""		"36814.827"	"44195.390"	"3d3.(2D2).4s.4p.(3P*)"	"x 4P*"	"3/2"	"3d3.4s.(5F).4d"	"4F"	"5/2"		""	"L4236"	
"1363.9656"	"0.0006"	"1363.9668"	"0.0007"	"86"	""		"26196.032"	"33527.589"	"3d4.(1D2).4s"	"2D"	"5/2"	"3d3.(2G).4s.4p.(3P*)"	"y 2F*"	"5/2"		""	"L15916"	
"1365.8665"	"0.0014"	"1365.8644"	"0.0003"	"130"	""		"19023.531"	"26344.902"	"3d4.(3H).4s"	"b 2H"	"9/2"	"3d3.(4F).4s.4p.(3P*)"	"z 2G*"	"9/2"		""	"L15916"	
"1365.9728"	"0.0003"	"1365.9735"	"0.0007"	"4300"	""		"26206.803"	"33527.589"	"3d4.(1D2).4s"	"2D"	"3/2"	"3d3.(2G).4s.4p.(3P*)"	"y 2F*"	"5/2"		""	"L15916"	
"1367.4476"	"0.0004"	"1367.44750"	"0.00021"	"4900"	""		"15000.937"	"22313.832"	"3d4.(3H).4s"	"a 4H"	"11/2"	"3d3.(4F).4s.4p.(3P*)"	"z 4G*"	"11/2"		""	"L15916"	
"1369.5384"	"0.0004"	"1369.53826"	"0.00021"	"1700"	""		"26182.637"	"33484.368"	"3d4.(5D).4p"	"y 4D*"	"1/2"	"3d5"	"4P"	"1/2"		""	"L15916"	
"1372.6094"	"0.0004"	"1372.6094"	"0.0003"	"3600"	""		"26196.032"	"33481.426"	"3d4.(1D2).4s"	"2D"	"5/2"	"3d3.(2G).4s.4p.(3P*)"	"y 2F*"	"7/2"		""	"L15916"	
"1376.1236"	"0.0003"	"1376.1234"	"0.0003"	"770"	""		"19078.112"	"26344.902"	"3d4.(3F2).4s"	"a 2F"	"7/2"	"3d3.(4F).4s.4p.(3P*)"	"z 2G*"	"9/2"		""	"L15916"	
"1379.1442"	"0.0004"	"1379.1443"	"0.0004"	"75000"	"4.8e+05"	C+	"15062.959"	"22313.832"	"3d4.(3H).4s"	"a 4H"	"13/2"	"3d3.(4F).4s.4p.(3P*)"	"z 4G*"	"11/2"		"T9282"	"L15916"	
"1382.1910"	"0.0003"	"1382.19064"	"0.00019"	"930"	""		"26249.476"	"33484.368"	"3d4.(5D).4p"	"y 4D*"	"3/2"	"3d5"	"4P"	"1/2"		""	"L15916"	
"1382.4803"	"0.0008"	"1382.4799"	"0.0003"	"710"	""		"34366.058"	"41599.436"	"3d5"	"c 4D"	"7/2"	"3d4.(3G).4p"	"t 4F*"	"9/2"		""	"L15916"	
"1383.1365"	"0.0004"	"1383.13600"	"0.00019"	"640"	""		"26182.637"	"33412.584"	"3d4.(5D).4p"	"y 4D*"	"1/2"	"3d5"	"4P"	"3/2"		""	"L15916"	
"1386.7468"	"0.0014"	"1386.7469"	"0.0003"	"61"	""		"14909.958"	"22121.079"	"3d4.(3H).4s"	"a 4H"	"7/2"	"3d3.(4F).4s.4p.(3P*)"	"z 4G*"	"9/2"		""	"L15916"	
"1386.97"	"0.02"	"1386.9533"	"0.0004"	"33"	""		"15103.784"	"22313.832"	"3d3.4s2"	"a 2H"	"9/2"	"3d3.(4F).4s.4p.(3P*)"	"z 4G*"	"11/2"		""	"L4236"	
"1388.9362"	"0.0004"	"1388.93634"	"0.00019"	"22000"	"9.2e+05"	C+	"19145.148"	"26344.902"	"3d4.(3H).4s"	"b 2H"	"11/2"	"3d3.(4F).4s.4p.(3P*)"	"z 2G*"	"9/2"		"T9282"	"L15916"	
""	""	"1391.0978"	"0.0003"	""	"1.5e-03"	D+	"8476.234"	"15664.801"	"3d4.(5D).4s"	"a 4D"	"3/2"	"3d4.(3F2).4s"	"b 4F"	"3/2"	M1+E2	"u38"	""	
"1394.3660"	"0.0003"	"1394.36565"	"0.00019"	"6800"	""		"14949.359"	"22121.079"	"3d4.(3H).4s"	"a 4H"	"9/2"	"3d3.(4F).4s.4p.(3P*)"	"z 4G*"	"9/2"		""	"L15916"	
"1396.0426"	"0.0003"	"1396.04205"	"0.00019"	"2700"	""		"26249.476"	"33412.584"	"3d4.(5D).4p"	"y 4D*"	"3/2"	"3d5"	"4P"	"3/2"		""	"L15916"	
"1401.7425"	"0.0009"	"1401.7427"	"0.0003"	"590"	""		"34358.408"	"41492.385&dagger;"	"3d5"	"c 4D"	"5/2"	"3d4.(3G).4p"	"t 4F*"	"7/2"		""	"L15916"	
"1403.2515"	"0.0017"	"1403.2474"	"0.0004"	"210*"	""		"34366.058"	"41492.385&dagger;"	"3d5"	"c 4D"	"7/2"	"3d4.(3G).4p"	"t 4F*"	"7/2"		""	"L15916"	
"1403.2515"	"0.0017"	"1403.257"	"0.003"	"210*"	""		"37940.211"	"45066.487"	"3d4.(5D).5s"	"e 4D"	"1/2"	"3d3.4s.(5F).5p"	"q 4F*"	"3/2"		""	"L15916"	
"1403.82"	"0.02"	"1403.8177"	"0.0008"	"16"	""		"37174.691"	"44298.123"	"3d4.(3H).4p"	"v 2G*"	"7/2"	"3d3.4s.(5F).4d"	"4G"	"5/2"		""	"L4236"	
"1404.4666"	"0.0004"	"1404.46637"	"0.00020"	"58000"	""		"15000.937"	"22121.079"	"3d4.(3H).4s"	"a 4H"	"11/2"	"3d3.(4F).4s.4p.(3P*)"	"z 4G*"	"9/2"		""	"L15916"	
""	""	"1406.4065"	"0.0003"	""	"1.3e-03"	D+	"8578.542"	"15688.862"	"3d4.(5D).4s"	"a 4D"	"5/2"	"3d4.(3F2).4s"	"b 4F"	"5/2"	M1+E2	"u38"	""	
"1408.7354"	"0.0004"	"1408.73582"	"0.00020"	"6400"	""		"19023.531"	"26122.094&dagger;"	"3d4.(3H).4s"	"b 2H"	"9/2"	"3d4.(5D).4p"	"y 4F*"	"7/2"		""	"L15916"	
"1409.2929"	"0.0010"	"1409.2907"	"0.0004"	"70"	""		"19026.326"	"26122.094&dagger;"	"3d4.(3F2).4s"	"a 2F"	"5/2"	"3d4.(5D).4p"	"y 4F*"	"7/2"		""	"L15916"	
"1409.6806"	"0.0004"	"1409.6805"	"0.0004"	"150"	""		"19078.112"	"26171.918"	"3d4.(3F2).4s"	"a 2F"	"7/2"	"3d4.(5D).4p"	"y 4F*"	"9/2"		""	"L15916"	
"1411.2019"	"0.0008"	"1411.2025"	"0.0008"	"400"	""		"34342.887"	"41429.042"	"3d5"	"c 4D"	"3/2"	"3d4.(3G).4p"	"t 4F*"	"5/2"		""	"L15916"	
"1412.6322"	"0.0009"	"1412.6323"	"0.0003"	"550"	""		"37025.579"	"44104.562"	"3d5"	"e 4F"	"7/2"	"3d4.(3D).4p"	"4F*"	"7/2"		""	"L15916"	
"1414.2995"	"0.0019"	"1414.3003"	"0.0006"	"110"	""		"34358.408"	"41429.042"	"3d5"	"c 4D"	"5/2"	"3d4.(3G).4p"	"t 4F*"	"5/2"		""	"L15916"	
"1416.1993"	"0.0004"	"1416.19931"	"0.00020"	"550"	""		"26249.476"	"33310.629"	"3d4.(5D).4p"	"y 4D*"	"3/2"	"3d5"	"4P"	"5/2"		""	"L15916"	
"1416.4408"	"0.0004"	"1416.44063"	"0.00020"	"2000"	""		"26352.634"	"33412.584"	"3d4.(5D).4p"	"y 4D*"	"5/2"	"3d5"	"4P"	"3/2"		""	"L15916"	
"1417.5945"	"0.0006"	"1417.5946"	"0.0004"	"340"	""		"36989.185"	"44043.388"	"3d5"	"e 4F"	"5/2"	"3d4.(3D).4p"	"4F*"	"5/2"		""	"L15916"	
"1417.7403"	"0.0003"	"1417.74010"	"0.00020"	"5300"	""		"14909.958"	"21963.437"	"3d4.(3H).4s"	"a 4H"	"7/2"	"3d3.(4F).4s.4p.(3P*)"	"z 4G*"	"7/2"		""	"L15916"	
"1419.098"	"0.002"	"1419.0925"	"0.0010"	"130"	""		"34342.887"	"41389.644"	"3d5"	"c 4D"	"3/2"	"3d4.(3G).4p"	"t 4F*"	"3/2"		""	"L15916"	
"1421.11"	"0.02"	"1421.0944"	"0.0016"	"6"	""		"42577.351"	"49614.181"	"3d4.(5D).5p"	"6P*"	"5/2"	"49614e"	"6D"	"5/2"		""	"L4236"	
"1423.1290"	"0.0003"	"1423.1290"	"0.0003"	"5600"	""		"19145.148"	"26171.918"	"3d4.(3H).4s"	"b 2H"	"11/2"	"3d4.(5D).4p"	"y 4F*"	"9/2"		""	"L15916"	
"1425.7041"	"0.0004"	"1425.7041"	"0.0003"	"46000"	"4.3e+05"	C	"14949.359"	"21963.437"	"3d4.(3H).4s"	"a 4H"	"9/2"	"3d3.(4F).4s.4p.(3P*)"	"z 4G*"	"7/2"		"T9282"	"L15916"	
"1426.4225"	"0.0004"	"1426.4163"	"0.0006"	"200i*"	""		"36989.185"	"43999.761"	"3d5"	"e 4F"	"5/2"	"3d4.(3D).4p"	"4F*"	"3/2"		""	"L15916"	
"1426.4225"	"0.0004"	"1426.419"	"0.003"	"200i*"	""		"42495.742"	"49506.305"	"3d4.(5D).5p"	"6P*"	"3/2"	"49506e"	"6D"	"1/2"		""	"L15916"	
"1428.086"	"0.010"	"1428.081"	"0.006"	"8.2i"	""		"43873.744"	"50876.15"	"3d4.(1G2).4p"	"t 2F*"	"7/2"	"3d3.4p2?"	"h 6G?"	"9/2"		""	"L4236"	
"1428.9025"	"0.0004"	"1428.9029"	"0.0003"	"23000"	""		"19023.531"	"26021.907"	"3d4.(3H).4s"	"b 2H"	"9/2"	"3d3.(4F).4s.4p.(3P*)"	"z 2G*"	"7/2"		""	"L15916"	
"1429.4734"	"0.0004"	"1429.4738"	"0.0003"	"530"	""		"19026.326"	"26021.907"	"3d4.(3F2).4s"	"a 2F"	"5/2"	"3d3.(4F).4s.4p.(3P*)"	"z 2G*"	"7/2"		""	"L15916"	
"1429.7340"	"0.0004"	"1429.7344"	"0.0003"	"1300"	""		"24770.673"	"31764.979"	"3d4.(5D).4p"	"z 4P*"	"1/2"	"3d4.(3P1).4s"	"4P"	"1/2"		""	"L15916"	
""	""	"1429.9006"	"0.0005"	""	"1.7e-03"	C	"8578.542"	"15572.035"	"3d4.(5D).4s"	"a 4D"	"5/2"	"3d4.(3P2).4s"	"b 4P"	"5/2"	M1+E2	"u38"	""	
"1432.28"	"0.02"	"1432.2972"	"0.0012"	"11"	""		"37764.923"	"44746.714"	"3d4.(3F2).4p"	"v 4G*"	"11/2"	"3d3.4s.(5F).4d"	"4G"	"11/2"		""	"L4236"	
"1433.5723"	"0.0010"	"1433.5730"	"0.0006"	"53"	""		"24789.401"	"31764.979"	"3d4.(5D).4p"	"y 6F*"	"1/2"	"3d4.(3P1).4s"	"4P"	"1/2"		""	"L15916"	
"1433.9158"	"0.0004"	"1433.9158"	"0.0003"	"6400"	"9.3e+05"	C+	"32417.169"	"39391.079"	"3d5"	"4G"	"11/2"	"3d4.(3F2).4p"	"u 4F*"	"9/2"		"u40"	"L15916"	
"1437.1953"	"0.0004"	"1437.19563"	"0.00021"	"2600"	""		"26352.634"	"33310.629"	"3d4.(5D).4p"	"y 4D*"	"5/2"	"3d5"	"4P"	"5/2"		""	"L15916"	
"1439.2213"	"0.0007"	"1439.2217"	"0.0003"	"170"	""		"32352.337"	"39300.537"	"3d5"	"4G"	"5/2"	"3d4.(3F2).4p"	"u 4F*"	"5/2"		""	"L15916"	
"1439.2986"	"0.0004"	"1439.2983"	"0.0004"	"4800"	"8.3e+05"	C+	"32393.954"	"39341.784"	"3d5"	"4G"	"9/2"	"3d4.(3F2).4p"	"u 4F*"	"7/2"		"u40"	"L15916"	
"1439.5092"	"0.0003"	"1439.5092"	"0.0006"	"6400"	""		"24770.673"	"31717.485"	"3d4.(5D).4p"	"z 4P*"	"1/2"	"3d4.(3P1).4s"	"4P"	"3/2"		""	"L15916"	
"1439.534"	"0.002"	"1439.5366"	"0.0004"	"13"	""		"34902.028"	"41848.708"	"3d4.(3F1).4s"	"2F"	"5/2"	"3d3.(4P).4s.4p.(1P*)"	"v 4P*"	"3/2"		""	"L4236"	
"1440.62"	"0.02"	"1440.603"	"0.003"	"15"	""		"35092.518"	"42034.058"	"3d3.(2D2).4s.4p.(3P*)"	"u 4D*"	"3/2"	"3d4.(5D).4d"	"e 6G"	"3/2"		""	"L4236"	
"1442.6968"	"0.0003"	"1442.6969"	"0.0003"	"36000"	""		"14909.958"	"21841.421"	"3d4.(3H).4s"	"a 4H"	"7/2"	"3d3.(4F).4s.4p.(3P*)"	"z 4G*"	"5/2"		""	"L15916"	
"1443.2358"	"0.0003"	"1443.2357"	"0.0003"	"3400"	""		"32371.662"	"39300.537"	"3d5"	"4G"	"7/2"	"3d4.(3F2).4p"	"u 4F*"	"5/2"		""	"L15916"	
"1443.3988"	"0.0005"	"1443.4005"	"0.0010"	"100"	""		"24789.401"	"31717.485"	"3d4.(5D).4p"	"y 6F*"	"1/2"	"3d4.(3P1).4s"	"4P"	"3/2"		""	"L15916"	
"1443.9447"	"0.0004"	"1443.9443"	"0.0004"	"4500"	""		"39127.228"	"46052.703"	"3d3.4s.(5F).5s"	"f 4F"	"3/2"	"3d3.(2F).4s.4p.(3P*)"	"r 4G*"	"5/2"		""	"L15916"	
"1444.0256"	"0.0004"	"1444.0235"	"0.0008"	"1600"	""		"31317.440"	"38242.535"	"3d3.(2G).4s.4p.(3P*)"	"x 4F*"	"9/2"	"3d4.(5D).5s"	"e 4D"	"7/2"		""	"L15916"	
"1446.2695"	"0.0005"	"1446.2690"	"0.0006"	"2200"	""		"32352.337"	"39266.680"	"3d5"	"4G"	"5/2"	"3d4.(3F2).4p"	"u 4F*"	"3/2"		""	"L15916"	
"1449.7571"	"0.0003"	"1449.7567"	"0.0005"	"5300"	"3.0e+06"	C	"39241.384"	"46139.093&dagger;"	"3d3.4s.(5F).5s"	"f 4F"	"5/2"	"3d3.(2F).4s.4p.(3P*)"	"r 4G*"	"7/2"		"u38"	"L15916"	
"1451.9554"	"0.0015"	"1451.9554"	"0.0004"	"31"	""		"24830.221"	"31717.485"	"3d4.(5D).4p"	"y 6F*"	"3/2"	"3d4.(3P1).4s"	"4P"	"3/2"		""	"L15916"	
"1453.4489"	"0.0005"	"1453.44866"	"0.00019"	"97"	""		"17054.924"	"23935.112"	"3d4.(3G).4s"	"a 4G"	"5/2"	"3d3.(4F).4s.4p.(3P*)"	"z 2D*"	"5/2"		""	"L15916"	
"1454.0396"	"0.0014"	"1454.0440"	"0.0003"	"270"	""		"31229.014"	"38106.385"	"3d3.(2G).4s.4p.(3P*)"	"x 4F*"	"5/2"	"3d4.(5D).5s"	"e 4D"	"5/2"		""	"L15916"	
"1454.7337"	"0.0009"	"1454.7340"	"0.0008"	"1100"	""		"37518.445"	"44392.554"	"3d4.(3H).4p"	"z 4I*"	"15/2"	"3d3.4s.(5F).4d"	"4H"	"13/2"		""	"L15916"	
"1457.7999"	"0.0004"	"1457.7997"	"0.0003"	"520"	""		"15103.784"	"21963.437"	"3d3.4s2"	"a 2H"	"9/2"	"3d3.(4F).4s.4p.(3P*)"	"z 4G*"	"7/2"		""	"L15916"	
""	""	"1458.5152"	"0.0003"	""	"2.5e-03"	C	"8715.747"	"15572.035"	"3d4.(5D).4s"	"a 4D"	"7/2"	"3d4.(3P2).4s"	"b 4P"	"5/2"	M1+E2	"u38"	""	
"1458.5246"	"0.0003"	"1458.5239"	"0.0005"	"200"	""		"15264.832"	"22121.079"	"3d3.4s2"	"a 2H"	"11/2"	"3d3.(4F).4s.4p.(3P*)"	"z 4G*"	"9/2"		""	"L15916"	
"1459.8907"	"0.0004"	"1459.8907"	"0.0004"	"5300"	""		"24915.151"	"31764.979"	"3d4.(5D).4p"	"z 4P*"	"3/2"	"3d4.(3P1).4s"	"4P"	"1/2"		""	"L15916"	
"1460.8978"	"0.0007"	"1460.8971"	"0.0006"	"80"	""		"39248.928"	"46094.037"	"3d4.(3P2).4p"	"w 4P*"	"3/2"	"3d4.(5D).6s"	"4D"	"5/2"		""	"L15916"	
"1460.9550"	"0.0004"	"1460.9537"	"0.0013"	"7400"	"2.7e+06"	C	"39398.893"	"46243.737&dagger;"	"3d3.4s.(5F).5s"	"f 4F"	"7/2"	"3d3.(2F).4s.4p.(3P*)"	"r 4G*"	"9/2"		"u38"	"L15916"	
"1462.3529"	"0.0005"	"1462.3530"	"0.0005"	"1100"	""		"31268.091"	"38106.385"	"3d3.(2G).4s.4p.(3P*)"	"x 4F*"	"7/2"	"3d4.(5D).5s"	"e 4D"	"5/2"		""	"L15916"	
"1464.0557"	"0.0004"	"1464.0553"	"0.0003"	"3800"	""		"26480.286&dagger;"	"33310.629"	"3d4.(5D).4p"	"y 4D*"	"7/2"	"3d5"	"4P"	"5/2"		""	"L15916"	
"1466.6708"	"0.0005"	"1466.67028"	"0.00019"	"410"	""		"17116.947"	"23935.112"	"3d4.(3G).4s"	"a 4G"	"7/2"	"3d3.(4F).4s.4p.(3P*)"	"z 2D*"	"5/2"		""	"L15916"	
"1467.2981"	"0.0004"	"1467.2976"	"0.0003"	"230"	""		"33310.629"	"40125.879"	"3d5"	"4P"	"5/2"	"3d4.(3F2).4p"	"s 4D*"	"7/2"		""	"L15916"	
"1468.1439"	"0.0008"	"1468.1444"	"0.0004"	"660"	""		"39241.384"	"46052.703"	"3d3.4s.(5F).5s"	"f 4F"	"5/2"	"3d3.(2F).4s.4p.(3P*)"	"r 4G*"	"5/2"		""	"L15916"	
"1468.9940"	"0.0005"	"1468.9929"	"0.0003"	"210"	""		"39422.745"	"46230.130"	"3d4.(3P2).4p"	"w 4P*"	"5/2"	"3d4.(5D).6s"	"4D"	"7/2"		""	"L15916"	
"1469.7479"	"0.0005"	"1469.7477"	"0.0004"	"150"	""		"31200.152"	"38004.041"	"3d3.(2G).4s.4p.(3P*)"	"x 4F*"	"3/2"	"3d4.(5D).5s"	"e 4D"	"3/2"		""	"L15916"	
"1470.0836"	"0.0003"	"1470.08365"	"0.00019"	"1500"	""		"24915.151"	"31717.485"	"3d4.(5D).4p"	"z 4P*"	"3/2"	"3d4.(3P1).4s"	"4P"	"3/2"		""	"L15916"	
"1470.6883"	"0.0016"	"1470.687"	"0.003"	"180"	""		"37959.695"	"44759.239"	"3d4.(3P2).4p"	"t 4D*"	"5/2"	"3d3.(4F).4s.(3F).5s"	"4F"	"7/2"		""	"L15916"	
"1472.9500"	"0.0006"	"1472.9497"	"0.0007"	"910"	""		"37404.329"	"44193.427"	"3d4.(3H).4p"	"z 4I*"	"13/2"	"3d3.4s.(5F).4d"	"4H"	"11/2"		""	"L15916"	
"1473.8822"	"0.0004"	"1473.8821"	"0.0003"	"580"	""		"32456.581"	"39241.384"	"3d3.(2P).4s.4p.(3P*)"	"x 4D*"	"3/2"	"3d3.4s.(5F).5s"	"f 4F"	"5/2"		""	"L15916"	
"1475.3104"	"0.0005"	"1475.3090"	"0.0011"	"420"	""		"32348.987"	"39127.228"	"3d3.(2P).4s.4p.(3P*)"	"x 4D*"	"1/2"	"3d3.4s.(5F).5s"	"f 4F"	"3/2"		""	"L15916"	
"1476.0091"	"0.0006"	"1476.0089"	"0.0003"	"640"	""		"31229.014"	"38004.041"	"3d3.(2G).4s.4p.(3P*)"	"x 4F*"	"5/2"	"3d4.(5D).5s"	"e 4D"	"3/2"		""	"L15916"	
"1477.8761"	"0.0004"	"1477.8752"	"0.0009"	"8800"	"6.2e+06"	C	"39596.988"	"46363.459&dagger;"	"3d3.4s.(5F).5s"	"f 4F"	"9/2"	"3d3.(2F).4s.4p.(3P*)"	"r 4G*"	"11/2"		"u38"	"L15916"	
"1480.6576"	"0.0006"	"1480.6567"	"0.0009"	"360"	""		"38115.684&dagger;"	"44869.444"	"3d4.(3P2).4p"	"t 4D*"	"7/2"	"3d3.(4F).4s.(3F).5s"	"4F"	"9/2"		""	"L15916"	
"1482.8261"	"0.0004"	"1482.8255"	"0.0005"	"280"	""		"37174.691"	"43918.573"	"3d4.(3H).4p"	"v 2G*"	"7/2"	"3d3.(4F).4s.(3F).5s"	"e 2F"	"5/2"		""	"L15916"	
"1483.641"	"0.007"	"1483.6355"	"0.0011"	"1200bl"	""		"39398.893"	"46139.093&dagger;"	"3d3.4s.(5F).5s"	"f 4F"	"7/2"	"3d3.(2F).4s.4p.(3P*)"	"r 4G*"	"7/2"		""	"L15916"	
"1484.0153"	"0.0005"	"1484.0149"	"0.0003"	"880bl(V II)"	""		"32660.416"	"39398.893"	"3d3.(2P).4s.4p.(3P*)"	"x 4D*"	"5/2"	"3d3.4s.(5F).5s"	"f 4F"	"7/2"		""	"L15916"	
"1489.7413"	"0.0006"	"1489.7406"	"0.0007"	"600"	""		"37315.932"	"44028.510"	"3d4.(3H).4p"	"z 4I*"	"11/2"	"3d3.4s.(5F).4d"	"4H"	"9/2"		""	"L15916"	
"1490.3901"	"0.0004"	"1490.38982"	"0.00020"	"5100"	""		"24915.151"	"31624.805"	"3d4.(5D).4p"	"z 4P*"	"3/2"	"3d4.(3P1).4s"	"4P"	"5/2"		""	"L15916"	
"1491.2064"	"0.0006"	"1491.2075"	"0.0005"	"1000"	""		"32891.013"	"39596.988"	"3d3.(2P).4s.4p.(3P*)"	"x 4D*"	"7/2"	"3d3.4s.(5F).5s"	"f 4F"	"9/2"		""	"L15916"	
"1491.6402"	"0.0008"	"1491.6403"	"0.0007"	"810"	""		"37361.951"	"44065.980"	"3d4.(3H).4p"	"v 2G*"	"9/2"	"3d3.(4F).4s.(3F).5s"	"e 2F"	"7/2"		""	"L15916"	
"1494.9147"	"0.0004"	"1494.9165"	"0.0009"	"430"	""		"33310.629"	"39999.966"	"3d5"	"4P"	"5/2"	"3d4.(3F2).4p"	"s 4D*"	"5/2"		""	"L15916"	
"1498.488"	"0.011"	"1498.489"	"0.007"	"6.9i"	""		"44202.759"	"50876.15"	"3d3.4s.(5F).5p"	"6D*"	"9/2"	"3d3.4p2?"	"h 6G?"	"9/2"		""	"L4236"	
""	""	"1500.2900"	"0.0004"	""	"1.6e-03"	D+	"8413.009"	"15078.387"	"3d4.(5D).4s"	"a 4D"	"1/2"	"3d4.(3P2).4s"	"b 4P"	"1/2"	M1	"u38"	""	
"1504.4942"	"0.0010"	"1504.4949"	"0.0009"	"690"	""		"39596.988"	"46243.737&dagger;"	"3d3.4s.(5F).5s"	"f 4F"	"9/2"	"3d3.(2F).4s.4p.(3P*)"	"r 4G*"	"9/2"		""	"L15916"	
"1507.871"	"0.017"	"1507.8644"	"0.0009"	"1700bl"	""		"24992.909"	"31624.805"	"3d4.(5D).4p"	"y 6F*"	"7/2"	"3d4.(3P1).4s"	"4P"	"5/2"		""	"L15916"	
"1513.2852"	"0.0012"	"1513.2844"	"0.0003"	"310"	""		"32988.845"	"39596.988"	"3d3.(4F).4s.4p.(1P*)"	"w 4F*"	"7/2"	"3d3.4s.(5F).5s"	"f 4F"	"9/2"		""	"L15916"	
"1513.734"	"0.004"	"1513.7350"	"0.0016"	"120"	""		"37285.057"	"43891.233"	"3d4.(3H).4p"	"z 4I*"	"9/2"	"3d3.4s.(5F).4d"	"4H"	"7/2"		""	"L15916"	
"1518.2616"	"0.0004"	"1518.26096"	"0.00021"	"4500"	""		"25131.002"	"31717.485"	"3d4.(5D).4p"	"z 4P*"	"5/2"	"3d4.(3P1).4s"	"4P"	"3/2"		""	"L15916"	
"1520.8833"	"0.0005"	"1520.8832"	"0.0004"	"540"	""		"39127.228"	"45702.355"	"3d3.4s.(5F).5s"	"f 4F"	"3/2"	"3d3.4s.(5F).5p"	"o 4D*"	"1/2"		""	"L15916"	
"1524.139"	"0.003"	"1524.1328"	"0.0014"	"130*"	""		"26206.803"	"32767.911"	"3d4.(1D2).4s"	"2D"	"3/2"	"3d3.(4P).4s.4p.(3P*)"	"z 2P*"	"3/2"		""	"L15916"	
"1524.139"	"0.003"	"1524.1391"	"0.0007"	"130*"	""		"39127.228"	"45688.309"	"3d3.4s.(5F).5s"	"f 4F"	"3/2"	"3d3.(2F).4s.4p.(3P*)"	"p 4F*"	"5/2"		""	"L15916"	
"1525.8232"	"0.0004"	"1525.82280"	"0.00021"	"1400"	""		"17054.924"	"23608.765"	"3d4.(3G).4s"	"a 4G"	"5/2"	"3d3.(4F).4s.4p.(3P*)"	"z 2D*"	"3/2"		""	"L15916"	
"1526.2318"	"0.0011"	"1526.2350"	"0.0007"	"160"	""		"32846.822"	"39398.893"	"3d3.(4F).4s.4p.(1P*)"	"w 4F*"	"5/2"	"3d3.4s.(5F).5s"	"f 4F"	"7/2"		""	"L15916"	
"1526.587"	"0.002"	"1526.5856"	"0.0004"	"75"	""		"38004.041"	"44554.607"	"3d4.(5D).5s"	"e 4D"	"3/2"	"3d4.(3D).4p"	"p 4D*"	"3/2"		""	"L15916"	
"1528.3408"	"0.0004"	"1528.34087"	"0.00021"	"890"	""		"15770.789"	"22313.832"	"3d4.(3F2).4s"	"b 4F"	"9/2"	"3d3.(4F).4s.4p.(3P*)"	"z 4G*"	"11/2"		""	"L15916"	
"1529.8209"	"0.0006"	"1529.8204"	"0.0003"	"160bl(V II)"	""		"33310.629"	"39847.344"	"3d5"	"4P"	"5/2"	"3d4.(3P2).4p"	"x 4S*"	"3/2"		""	"L15916"	
"1533.3368"	"0.0006"	"1533.3369"	"0.0007"	"960"	""		"39127.228"	"45648.952"	"3d3.4s.(5F).5s"	"f 4F"	"3/2"	"3d3.(2F).4s.4p.(3P*)"	"p 4F*"	"3/2"		""	"L15916"	
"1533.5250"	"0.0004"	"1533.5248"	"0.0005"	"1100"	"3.4e+06"	C	"39241.384"	"45762.309"	"3d3.4s.(5F).5s"	"f 4F"	"5/2"	"3d3.4s.(5F).5p"	"o 4D*"	"3/2"		"u38"	"L15916"	
"1534.0568"	"0.0003"	"1534.0571"	"0.0007"	"460"	""		"39241.384"	"45760.046"	"3d3.4s.(5F).5s"	"f 4F"	"5/2"	"3d3.(2F).4s.4p.(3P*)"	"p 4F*"	"7/2"		""	"L15916"	
"1535.9675"	"0.0009"	"1535.9659"	"0.0005"	"270*"	""		"38106.385"	"44616.946"	"3d4.(5D).5s"	"e 4D"	"5/2"	"3d4.(3D).4p"	"p 4D*"	"5/2"		""	"L15916"	
"1535.9675"	"0.0009"	"1535.9763"	"0.0009"	"270*"	""		"38004.041"	"44514.558"	"3d4.(5D).5s"	"e 4D"	"3/2"	"3d4.(3D).4p"	"p 4D*"	"1/2"		""	"L15916"	
"1536.5996"	"0.0005"	"1536.5987"	"0.0004"	"350"	""		"32891.013"	"39398.893"	"3d3.(2P).4s.4p.(3P*)"	"x 4D*"	"7/2"	"3d3.4s.(5F).5s"	"f 4F"	"7/2"		""	"L15916"	
""	""	"1538.4982"	"0.0004"	""	"1.7e-03"	D+	"8578.542"	"15078.387"	"3d4.(5D).4s"	"a 4D"	"5/2"	"3d4.(3P2).4s"	"b 4P"	"1/2"	E2	"u38"	""	
"1539.9298"	"0.0004"	"1539.9297"	"0.0004"	"4900"	""		"25131.002"	"31624.805"	"3d4.(5D).4p"	"z 4P*"	"5/2"	"3d4.(3P1).4s"	"4P"	"5/2"		""	"L15916"	
"1540.1942"	"0.0008"	"1540.1937"	"0.0007"	"520"	"1.3e+06"	C	"39398.893"	"45891.583"	"3d3.4s.(5F).5s"	"f 4F"	"7/2"	"3d3.(2F).4s.4p.(3P*)"	"p 4F*"	"9/2"		"u38"	"L15916"	
"1543.2661"	"0.0007"	"1543.2651"	"0.0003"	"380"	""		"37075.563"	"43555.331"	"3d5"	"e 4F"	"9/2"	"3d4.(5D).5p"	"q 4D*"	"7/2"		""	"L15916"	
"1547.7455"	"0.0015"	"1547.7487"	"0.0012"	"120"	""		"37457.576"	"43918.573"	"3d4.(3F2).4p"	"w 2D*"	"3/2"	"3d3.(4F).4s.(3F).5s"	"e 2F"	"5/2"		""	"L15916"	
"1550.8160"	"0.0005"	"1550.8151"	"0.0004"	"710"	""		"38106.385"	"44554.607"	"3d4.(5D).5s"	"e 4D"	"5/2"	"3d4.(3D).4p"	"p 4D*"	"3/2"		""	"L15916"	
"1551.1271"	"0.0004"	"1551.1271"	"0.0004"	"1200"	"2.9e+06"	C	"39241.384"	"45688.309"	"3d3.4s.(5F).5s"	"f 4F"	"5/2"	"3d3.(2F).4s.4p.(3P*)"	"p 4F*"	"5/2"		"u38"	"L15916"	
"1551.6846"	"0.0004"	"1551.6836"	"0.0005"	"460"	""		"37758.146"	"44202.759"	"3d3.4s.(5F).5s"	"e 6F"	"9/2"	"3d3.4s.(5F).5p"	"6D*"	"9/2"		""	"L15916"	
"1551.9592"	"0.0005"	"1551.9586"	"0.0007"	"150"	""		"37475.102&dagger;"	"43918.573"	"3d3.(2D2).4s.4p.(3P*)"	"w 2F*"	"7/2"	"3d3.(4F).4s.(3F).5s"	"e 2F"	"5/2"		""	"L15916"	
"1552.3944"	"0.0006"	"1552.3956"	"0.0004"	"920"	""		"33155.331"	"39596.988"	"3d3.(4F).4s.4p.(1P*)"	"w 4F*"	"9/2"	"3d3.4s.(5F).5s"	"f 4F"	"9/2"		""	"L15916"	
"1552.9889"	"0.0005"	"1552.9906"	"0.0017"	"1900"	"3.6e+06"	C	"39398.893"	"45838.082"	"3d3.4s.(5F).5s"	"f 4F"	"7/2"	"3d3.4s.(5F).5p"	"o 4D*"	"5/2"		"u38"	"L15916"	
"1554.0594"	"0.0005"	"1554.0595"	"0.0004"	"210"	""		"33412.584"	"39847.344"	"3d5"	"4P"	"3/2"	"3d4.(3P2).4p"	"x 4S*"	"3/2"		""	"L15916"	
""	""	"1556.3425"	"0.0005"	""	"1.0e-04"	D+	"2153.221"	"8578.542"	"3d4.(5D).4s"	"a 6D"	"3/2"	"3d4.(5D).4s"	"a 4D"	"5/2"	M1	"u38"	""	
"1557.1974"	"0.0005"	"1557.1963"	"0.0004"	"14000*"	""		"36989.185"	"43410.983"	"3d5"	"e 4F"	"5/2"	"3d4.(5D).5p"	"q 4D*"	"5/2"		""	"L15916"	
"1557.1974"	"0.0005"	"1557.1975"	"0.0003"	"14000*"	""		"25930.544"	"32352.337"	"3d4.(5D).4p"	"y 4F*"	"3/2"	"3d5"	"4G"	"5/2"		""	"L15916"	
"1559.6944"	"0.0005"	"1559.6947"	"0.0004"	"630"	""		"37615.057"	"44026.568"	"3d3.4s.(5F).5s"	"e 6F"	"7/2"	"3d3.4s.(5F).5p"	"6D*"	"7/2"		""	"L15916"	
"1560.0499"	"0.0009"	"1560.0507"	"0.0005"	"420"	""		"32988.845"	"39398.893"	"3d3.(4F).4s.4p.(1P*)"	"w 4F*"	"7/2"	"3d3.4s.(5F).5s"	"f 4F"	"7/2"		""	"L15916"	
"1560.9895"	"0.0003"	"1560.9900"	"0.0003"	"1100"	""		"37758.146"	"44164.337"	"3d3.4s.(5F).5s"	"e 6F"	"9/2"	"3d3.4s.(5F).5p"	"6F*"	"11/2"		""	"L15916"	
"1561.7948"	"0.0004"	"1561.7948"	"0.0004"	"1600"	"8.6e+06"	C	"43393.955"	"49796.845"	"3d3.4s.(5F).5p"	"6G*"	"5/2"	"3d3.4s.(5F).5d"	"f 6H"	"7/2"		"u38"	"L15916"	
"1563.2695"	"0.0004"	"1563.2694"	"0.0003"	"620"	""		"15724.229"	"22121.079"	"3d4.(3F2).4s"	"b 4F"	"7/2"	"3d3.(4F).4s.4p.(3P*)"	"z 4G*"	"9/2"		""	"L15916"	
"1563.8295"	"0.0005"	"1563.8288"	"0.0003"	"2400*"	""		"32846.822"	"39241.384"	"3d3.(4F).4s.4p.(1P*)"	"w 4F*"	"5/2"	"3d3.4s.(5F).5s"	"f 4F"	"5/2"		""	"L15916"	
"1563.8295"	"0.0005"	"1563.8295"	"0.0005"	"2400*"	"1.1e+07"	C	"43906.772"	"50301.331"	"3d3.4s.(5F).5p"	"6G*"	"13/2"	"3d3.4s.(5F).5d"	"f 6H"	"15/2"		"u38"	"L15916"	
"1564.4726"	"0.0004"	"1564.4725"	"0.0004"	"870"	"8.9e+06"	C	"43483.426"	"49875.357"	"3d3.4s.(5F).5p"	"6G*"	"7/2"	"3d3.4s.(5F).5d"	"f 6H"	"9/2"		"u38"	"L15916"	
"1565.172"	"0.009"	"1565.1662"	"0.0005"	"340bl"	""		"32738.130"	"39127.228"	"3d3.(4F).4s.4p.(1P*)"	"w 4F*"	"3/2"	"3d3.4s.(5F).5s"	"f 4F"	"3/2"		""	"L15916"	
"1566.0708"	"0.0004"	"1566.0716"	"0.0005"	"160"	""		"37025.579"	"43410.983"	"3d5"	"e 4F"	"7/2"	"3d4.(5D).5p"	"q 4D*"	"5/2"		""	"L15916"	
"1566.5690"	"0.0004"	"1566.5689"	"0.0004"	"470"	""		"37503.240"	"43886.617"	"3d3.4s.(5F).5s"	"e 6F"	"5/2"	"3d3.4s.(5F).5p"	"6D*"	"5/2"		""	"L15916"	
"1569.0451"	"0.0004"	"1569.0451"	"0.0004"	"2200"	"1.7e+06"	C	"37615.057"	"43988.360"	"3d3.4s.(5F).5s"	"e 6F"	"7/2"	"3d3.4s.(5F).5p"	"6F*"	"9/2"		"u38"	"L15916"	
"1569.3545"	"0.0004"	"1569.3544"	"0.0003"	"5000"	""		"26021.907"	"32393.954"	"3d3.(4F).4s.4p.(3P*)"	"z 2G*"	"7/2"	"3d5"	"4G"	"9/2"		""	"L15916"	
"1570.0553"	"0.0005"	"1570.0556"	"0.0005"	"1900"	""		"21101.589"	"27470.790"	"3d4.(3G).4s"	"2G"	"7/2"	"3d3.(4F).4s.4p.(3P*)"	"z 2F*"	"7/2"		""	"L15916"	
"1570.4928"	"0.0004"	"1570.49283"	"0.00020"	"18000"	""		"26004.234"	"32371.662"	"3d4.(5D).4p"	"y 4F*"	"5/2"	"3d5"	"4G"	"7/2"		""	"L15916"	
""	""	"1571.3506"	"0.0007"	""	"1.2e-04"	D+	"2112.282"	"8476.234"	"3d4.(5D).4s"	"a 6D"	"1/2"	"3d4.(5D).4s"	"a 4D"	"3/2"	M1	"u38"	""	
"1571.5915"	"0.0004"	"1571.5917"	"0.0003"	"200"	""		"33484.368"	"39847.344"	"3d5"	"4P"	"1/2"	"3d4.(3P2).4p"	"x 4S*"	"3/2"		""	"L15916"	
"1572.0418"	"0.0004"	"1572.0420"	"0.0003"	"2800"	"3.1e+06"	C	"39398.893"	"45760.046"	"3d3.4s.(5F).5s"	"f 4F"	"7/2"	"3d3.(2F).4s.4p.(3P*)"	"p 4F*"	"7/2"		"u38"	"L15916"	
""	""	"1572.7262"	"0.0006"	""	"1.7e-04"	D+	"2220.156"	"8578.542"	"3d4.(5D).4s"	"a 6D"	"5/2"	"3d4.(5D).4s"	"a 4D"	"5/2"	M1	"u38"	""	
"1573.3132"	"0.0004"	"1573.3128"	"0.0003"	"940"	"1.0e+07"	C	"37423.212"	"43779.227"	"3d3.4s.(5F).5s"	"e 6F"	"3/2"	"3d3.4s.(5F).5p"	"6D*"	"3/2"		"u38"	"L15916"	
"1574.0150"	"0.0005"	"1574.0152"	"0.0005"	"840"	"4.6e+06"	C	"43598.530"	"49951.709"	"3d3.4s.(5F).5p"	"6G*"	"9/2"	"3d3.4s.(5F).5d"	"f 6H"	"11/2"		"u38"	"L15916"	
"1574.7308"	"0.0003"	"1574.73123"	"0.00020"	"610"	""		"15770.789"	"22121.079"	"3d4.(3F2).4s"	"b 4F"	"9/2"	"3d3.(4F).4s.4p.(3P*)"	"z 4G*"	"9/2"		""	"L15916"	
"1574.8647"	"0.0004"	"1574.8639"	"0.0005"	"1000"	""		"26021.907"	"32371.662"	"3d3.(4F).4s.4p.(3P*)"	"z 2G*"	"7/2"	"3d5"	"4G"	"7/2"		""	"L15916"	
"1575.2735"	"0.0004"	"1575.2737"	"0.0003"	"4100"	""		"26004.234"	"32352.337"	"3d4.(5D).4p"	"y 4F*"	"5/2"	"3d5"	"4G"	"5/2"		""	"L15916"	
"1575.7956"	"0.0004"	"1575.7953"	"0.0006"	"2900"	"2.6e+06"	C	"37503.240"	"43849.242"	"3d3.4s.(5F).5s"	"e 6F"	"5/2"	"3d3.4s.(5F).5p"	"6F*"	"7/2"		"u38"	"L15916"	
"1576.7197"	"0.0007"	"1576.7220"	"0.0020"	"100"	"9.6e+05"	C	"43739.743"	"50082.015"	"3d3.4s.(5F).5p"	"6G*"	"11/2"	"3d3.4s.(5F).5d"	"f 6H"	"13/2"		"u38"	"L15916"	
"1577.2695"	"0.0004"	"1577.2692"	"0.0006"	"2900"	"3.7e+06"	C	"39596.988"	"45937.060"	"3d3.4s.(5F).5s"	"f 4F"	"9/2"	"3d3.4s.(5F).5p"	"o 4D*"	"7/2"		"u38"	"L15916"	
"1577.8352"	"0.0004"	"1577.8348"	"0.0003"	"4500"	""		"17182.073"	"23519.872"	"3d4.(3G).4s"	"a 4G"	"9/2"	"3d3.(4F).4s.4p.(3P*)"	"z 4F*"	"9/2"		""	"L15916"	
"1578.9711"	"0.0005"	"1578.9709"	"0.0004"	"860"	"1.4e+07"	C	"37375.172"	"43708.411"	"3d3.4s.(5F).5s"	"e 6F"	"1/2"	"3d3.4s.(5F).5p"	"6D*"	"1/2"		"u38"	"L15916"	
""	""	"1581.5245"	"0.0006"	""	"2.6e-04"	D+	"2153.221"	"8476.234"	"3d4.(5D).4s"	"a 6D"	"3/2"	"3d4.(5D).4s"	"a 4D"	"3/2"	M1	"u38"	""	
"1581.9705"	"0.0003"	"1581.9698"	"0.0005"	"2900"	"3.6e+06"	C	"37423.212"	"43744.445"	"3d3.4s.(5F).5s"	"e 6F"	"3/2"	"3d3.4s.(5F).5p"	"6F*"	"5/2"		"u38"	"L15916"	
"1583.9367"	"0.0005"	"1583.9364"	"0.0006"	"270"	""		"37752.595"	"44065.980"	"3d4.(3F2).4p"	"w 2D*"	"5/2"	"3d3.(4F).4s.(3F).5s"	"e 2F"	"7/2"		""	"L15916"	
"1586.063"	"0.003"	"1586.0640"	"0.0020"	"530*"	"6.8e+06"	C	"43918.573"	"50223.489"	"3d3.(4F).4s.(3F).5s"	"e 2F"	"5/2"	"50223o"	"2G*"	"7/2"		"u38"	"L15916"	
"1586.063"	"0.003"	"1586.065"	"0.003"	"530*"	"1.8e+06"	C	"44065.980"	"50370.893"	"3d3.(4F).4s.(3F).5s"	"e 2F"	"7/2"	"50370o"	"2G*"	"9/2"		"u38"	"L15916"	
""	""	"1587.1184"	"0.0008"	""	"3.9e-04"	D+	"2112.282"	"8413.009"	"3d4.(5D).4s"	"a 6D"	"1/2"	"3d4.(5D).4s"	"a 4D"	"1/2"	M1	"u38"	""	
"1587.5247"	"0.0003"	"1587.5246"	"0.0003"	"2100"	"3.7e+06"	D+	"37375.172"	"43674.287"	"3d3.4s.(5F).5s"	"e 6F"	"1/2"	"3d3.4s.(5F).5p"	"6F*"	"3/2"		"T9771"	"L15916"	
"1587.7501"	"0.0006"	"1587.7525"	"0.0004"	"140"	""		"17054.924"	"23353.135"	"3d4.(3G).4s"	"a 4G"	"5/2"	"3d3.(4F).4s.4p.(3P*)"	"z 4F*"	"7/2"		""	"L15916"	
"1588.6649"	"0.0003"	"1588.6646"	"0.0004"	"4500"	"3.7e+06"	C	"39596.988"	"45891.583"	"3d3.4s.(5F).5s"	"f 4F"	"9/2"	"3d3.(2F).4s.4p.(3P*)"	"p 4F*"	"9/2"		"u38"	"L15916"	
""	""	"1589.5881"	"0.0006"	""	"3.2e-04"	D+	"2424.809"	"8715.747"	"3d4.(5D).4s"	"a 6D"	"9/2"	"3d4.(5D).4s"	"a 4D"	"7/2"	M1	"u38"	""	
"1589.7955"	"0.0013"	"1589.8137"	"0.0006"	"3.9i"	""		"33306.943"	"39596.988"	"3d3.(2G).4s.4p.(3P*)"	"y 2G*"	"9/2"	"3d3.4s.(5F).5s"	"f 4F"	"9/2"		""	"L4236"	
"1591.0398"	"0.0003"	"1591.0395"	"0.0004"	"2500"	"1.0e+07"	D+	"37423.212"	"43708.411"	"3d3.4s.(5F).5s"	"e 6F"	"3/2"	"3d3.4s.(5F).5p"	"6D*"	"1/2"		"T9771"	"L15916"	
"1592.9142"	"0.0004"	"1592.9142"	"0.0003"	"19000"	""		"17242.070"	"23519.872"	"3d4.(3G).4s"	"a 4G"	"11/2"	"3d3.(4F).4s.4p.(3P*)"	"z 4F*"	"9/2"		""	"L15916"	
"1593.3749"	"0.0004"	"1593.3749"	"0.0004"	"6000"	"1.1e+07"	D+	"37503.240"	"43779.227"	"3d3.4s.(5F).5s"	"e 6F"	"5/2"	"3d3.4s.(5F).5p"	"6D*"	"3/2"		"T9771"	"L15916"	
"1593.7332"	"0.0004"	"1593.7334"	"0.0003"	"540"	""		"15688.862"	"21963.437"	"3d4.(3F2).4s"	"b 4F"	"5/2"	"3d3.(4F).4s.4p.(3P*)"	"z 4G*"	"7/2"		""	"L15916"	
"1594.4234"	"0.0004"	"1594.42334"	"0.00020"	"19000"	""		"26122.094&dagger;"	"32393.954"	"3d4.(5D).4p"	"y 4F*"	"7/2"	"3d5"	"4G"	"9/2"		""	"L15916"	
"1594.5652"	"0.0004"	"1594.5660"	"0.0003"	"15000"	"1.4e+07"	C	"37931.460"	"44202.759"	"3d3.4s.(5F).5s"	"e 6F"	"11/2"	"3d3.4s.(5F).5p"	"6D*"	"9/2"		"u38"	"L15916"	
"1595.2981"	"0.0004"	"1595.2978"	"0.0003"	"10000"	"1.3e+07"	C	"37758.146"	"44026.568"	"3d3.4s.(5F).5s"	"e 6F"	"9/2"	"3d3.4s.(5F).5p"	"6D*"	"7/2"		"u38"	"L15916"	
""	""	"1595.6158"	"0.0005"	""	"1.0e-04"	D+	"2311.369"	"8578.542"	"3d4.(5D).4s"	"a 6D"	"7/2"	"3d4.(5D).4s"	"a 4D"	"5/2"	M1	"u38"	""	
"1596.7859"	"0.0003"	"1596.7860"	"0.0003"	"2600"	"1.0e+07"	D+	"37375.172"	"43637.752"	"3d3.4s.(5F).5s"	"e 6F"	"1/2"	"3d3.4s.(5F).5p"	"6F*"	"1/2"		"T9771"	"L15916"	
"1599.7249"	"0.0004"	"1599.7248"	"0.0004"	"4200"	"8.e+06"	D+	"37423.212"	"43674.287"	"3d3.4s.(5F).5s"	"e 6F"	"3/2"	"3d3.4s.(5F).5p"	"6F*"	"3/2"		"T9771"	"L15916"	
"1599.9032"	"0.0004"	"1599.9030"	"0.0004"	"210"	""		"37835.065"	"44085.444"	"3d4.(3P2).4p"	"t 4D*"	"3/2"	"3d3.4s.(5F).4d"	"4P"	"3/2"		""	"L15916"	
"1600.1108"	"0.0004"	"1600.1106"	"0.0003"	"4000"	""		"26122.094&dagger;"	"32371.662"	"3d4.(5D).4p"	"y 4F*"	"7/2"	"3d5"	"4G"	"7/2"		""	"L15916"	
"1601.2165"	"0.0004"	"1601.2167"	"0.0005"	"21000"	"1.1e+06"	C	"26171.918"	"32417.169"	"3d4.(5D).4p"	"y 4F*"	"9/2"	"3d5"	"4G"	"11/2"		"u38"	"L15916"	
"1602.2543"	"0.0004"	"1602.2547"	"0.0006"	"7300"	"1.00e+07"	C	"37503.240"	"43744.445"	"3d3.4s.(5F).5s"	"e 6F"	"5/2"	"3d3.4s.(5F).5p"	"6F*"	"5/2"		"u38"	"L15916"	
"1603.5437"	"0.0004"	"1603.5437"	"0.0004"	"2600"	""		"17116.947"	"23353.135"	"3d4.(3G).4s"	"a 4G"	"7/2"	"3d3.(4F).4s.4p.(3P*)"	"z 4F*"	"7/2"		""	"L15916"	
"1604.0587"	"0.0004"	"1604.0589"	"0.0004"	"11000"	"1.1e+07"	C	"37615.057"	"43849.242"	"3d3.4s.(5F).5s"	"e 6F"	"7/2"	"3d3.4s.(5F).5p"	"6F*"	"7/2"		"u38"	"L15916"	
"1604.3960"	"0.0004"	"1604.3955"	"0.0005"	"20000"	"1.3e+07"	C	"37931.460"	"44164.337"	"3d3.4s.(5F).5s"	"e 6F"	"11/2"	"3d3.4s.(5F).5p"	"6F*"	"11/2"		"u38"	"L15916"	
"1605.0813"	"0.0004"	"1605.0738"	"0.0004"	"15000*"	""		"26122.094&dagger;"	"32352.337"	"3d4.(5D).4p"	"y 4F*"	"7/2"	"3d5"	"4G"	"5/2"		""	"L15916"	
"1605.0813"	"0.0004"	"1605.0813"	"0.0003"	"15000*"	"1.2e+07"	C	"37758.146"	"43988.360"	"3d3.4s.(5F).5s"	"e 6F"	"9/2"	"3d3.4s.(5F).5p"	"6F*"	"9/2"		"u38"	"L15916"	
"1607.1909"	"0.0004"	"1607.1910"	"0.0003"	"2700"	""		"26171.918"	"32393.954"	"3d4.(5D).4p"	"y 4F*"	"9/2"	"3d5"	"4G"	"9/2"		""	"L15916"	
"1609.1301"	"0.0005"	"1609.1296"	"0.0004"	"1000"	"1.2e+07"	C	"37423.212"	"43637.752"	"3d3.4s.(5F).5s"	"e 6F"	"3/2"	"3d3.4s.(5F).5p"	"6F*"	"1/2"		"u38"	"L15916"	
"1610.897"	"0.013"	"1610.908"	"0.005"	"5.2"	""		"43906.772"	"50114.450"	"3d3.4s.(5F).5p"	"6G*"	"13/2"	"3d3.4s.(5F).4d?"	"g 6G?"	"11/2"		""	"L4236"	
"1612.9696"	"0.0008"	"1612.9698"	"0.0003"	"51"	""		"26171.918"	"32371.662"	"3d4.(5D).4p"	"y 4F*"	"9/2"	"3d5"	"4G"	"7/2"		""	"L15916"	
"1614.1691"	"0.0004"	"1614.1690"	"0.0004"	"18000"	""		"21275.652"	"27470.790"	"3d4.(3G).4s"	"2G"	"9/2"	"3d3.(4F).4s.4p.(3P*)"	"z 2F*"	"7/2"		""	"L15916"	
"1619.0085"	"0.0004"	"1619.00845"	"0.00021"	"510"	""		"15664.801"	"21841.421"	"3d4.(3F2).4s"	"b 4F"	"3/2"	"3d3.(4F).4s.4p.(3P*)"	"z 4G*"	"5/2"		""	"L15916"	
"1620.4666"	"0.0004"	"1620.4666"	"0.0004"	"13000*"	""		"17182.073"	"23353.135"	"3d4.(3G).4s"	"a 4G"	"9/2"	"3d3.(4F).4s.4p.(3P*)"	"z 4F*"	"7/2"		""	"L15916"	
"1620.4666"	"0.0004"	"1620.4706"	"0.0005"	"13000*"	"1.2e+07"	C	"37503.240"	"43674.287"	"3d3.4s.(5F).5s"	"e 6F"	"5/2"	"3d3.4s.(5F).5p"	"6F*"	"3/2"		"u38"	"L15916"	
"1624.5279"	"0.0004"	"1624.52751"	"0.00021"	"1700"	""		"17054.924"	"23210.560"	"3d4.(3G).4s"	"a 4G"	"5/2"	"3d3.(4F).4s.4p.(3P*)"	"z 4F*"	"5/2"		""	"L15916"	
"1625.3397"	"0.0004"	"1625.33996"	"0.00021"	"290"	""		"15688.862"	"21841.421"	"3d4.(3F2).4s"	"b 4F"	"5/2"	"3d3.(4F).4s.4p.(3P*)"	"z 4G*"	"5/2"		""	"L15916"	
"1625.8536"	"0.0019"	"1625.864"	"0.003"	"100"	""		"37757.309"	"43907.886"	"3d4.(3P2).4p"	"t 4D*"	"1/2"	"3d3.4s.(5F).4d"	"4P"	"1/2"		""	"L15916"	
"1626.31"	"0.03"	"1626.2844"	"0.0021"	"5.8"	""		"39008.669"	"45157.655"	"3d3.(2H).4s.4p.(3P*)"	"y 2I*"	"11/2"	"3d3.4s.(5F).4d"	"g 6D"	"9/2"		""	"L4236"	
"1631.4853"	"0.0008"	"1631.4843"	"0.0005"	"540"	""		"37615.057"	"43744.445"	"3d3.4s.(5F).5s"	"e 6F"	"7/2"	"3d3.4s.(5F).5p"	"6F*"	"5/2"		""	"L15916"	
"1632.4530"	"0.0004"	"1632.4534"	"0.0005"	"300"	""		"37959.695"	"44085.444"	"3d4.(3P2).4p"	"t 4D*"	"5/2"	"3d3.4s.(5F).4d"	"4P"	"3/2"		""	"L15916"	
""	""	"1633.9426"	"0.0006"	""	"1.9e-03"	D+	"9544.635"	"15664.801"	"3d3.4s2"	"a 4P"	"1/2"	"3d4.(3F2).4s"	"b 4F"	"3/2"	E2	"u38"	""	
"1636.0948"	"0.0004"	"1636.0946"	"0.0004"	"460"	""		"33310.629"	"39422.745"	"3d5"	"4P"	"5/2"	"3d4.(3P2).4p"	"w 4P*"	"5/2"		""	"L15916"	
""	""	"1638.8749"	"0.0011"	""	"1.0e-04"	D+	"8413.009"	"14514.756"	"3d4.(5D).4s"	"a 4D"	"1/2"	"3d3.4s2"	"2D2"	"3/2"	M1	"u38"	""	
"1641.0625"	"0.0004"	"1641.0625"	"0.0003"	"9100"	""		"17116.947"	"23210.560"	"3d4.(3G).4s"	"a 4G"	"7/2"	"3d3.(4F).4s.4p.(3P*)"	"z 4F*"	"5/2"		""	"L15916"	
"1641.7418"	"0.0011"	"1641.7407"	"0.0004"	"380"	""		"37758.146"	"43849.242"	"3d3.4s.(5F).5s"	"e 6F"	"9/2"	"3d3.4s.(5F).5p"	"6F*"	"7/2"		""	"L15916"	
""	""	"1642.7941"	"0.0004"	""	"1.5e-03"	D+	"9637.039"	"15724.229"	"3d3.4s2"	"a 4P"	"3/2"	"3d4.(3F2).4s"	"b 4F"	"7/2"	E2	"u38"	""	
"1643.0725"	"0.0004"	"1643.0727"	"0.0004"	"12000"	""		"21101.589"	"27187.747"	"3d4.(3G).4s"	"2G"	"7/2"	"3d3.(4F).4s.4p.(3P*)"	"z 2F*"	"5/2"		""	"L15916"	
""	""	"1646.7460"	"0.0008"	""	"5.9e-05"	D+	"8476.234"	"14548.816"	"3d4.(5D).4s"	"a 4D"	"3/2"	"3d3.4s2"	"2D2"	"5/2"	M1+E2	"u38"	""	
"1646.8317"	"0.0004"	"1646.8314"	"0.0006"	"7200"	""		"26344.902"	"32417.169"	"3d3.(4F).4s.4p.(3P*)"	"z 2G*"	"9/2"	"3d5"	"4G"	"11/2"		""	"L15916"	
"1647.93"	"0.03"	"1647.8835"	"0.0008"	"6.2"	""		"37375.172"	"43443.562"	"3d3.4s.(5F).5s"	"e 6F"	"1/2"	"3d4.(5D).5p"	"u 4P*"	"1/2"		""	"L4236"	
"1648.5662"	"0.0014"	"1648.5665"	"0.0011"	"160"	""		"32417.169"	"38483.045"	"3d5"	"4G"	"11/2"	"3d4.(3H).4p"	"x 4H*"	"13/2"		""	"L15916"	
"1650.2878"	"0.0004"	"1650.2876"	"0.0006"	"420"	""		"37940.211"	"43999.761"	"3d4.(5D).5s"	"e 4D"	"1/2"	"3d4.(3D).4p"	"4F*"	"3/2"		""	"L15916"	
"1651.0087"	"0.0005"	"1651.0096"	"0.0006"	"56"	""		"37931.460"	"43988.360"	"3d3.4s.(5F).5s"	"e 6F"	"11/2"	"3d3.4s.(5F).5p"	"6F*"	"9/2"		""	"L11697"	
"1652.262"	"0.005"	"1652.2661"	"0.0011"	"110"	""		"38245.829"	"44298.123"	"3d4.(3H).4p"	"x 4H*"	"7/2"	"3d3.4s.(5F).4d"	"4G"	"5/2"		""	"L15916"	
""	""	"1652.3947"	"0.0006"	""	"1.5e-03"	D+	"9637.039"	"15688.862"	"3d3.4s2"	"a 4P"	"3/2"	"3d4.(3F2).4s"	"b 4F"	"5/2"	E2	"u38"	""	
"1653.1516"	"0.0004"	"1653.1516"	"0.0003"	"910"	""		"26344.902"	"32393.954"	"3d3.(4F).4s.4p.(3P*)"	"z 2G*"	"9/2"	"3d5"	"4G"	"9/2"		""	"L15916"	
"1654.711"	"0.003"	"1654.721"	"0.005"	"3.9"	""		"42114.333"	"48157.648"	"3d4.(5D).4d"	"e 6G"	"7/2"	"3d3.(2F).4s.4p.(3P*)"	"q 2G*"	"9/2"		""	"L4236"	
"1655.8086"	"0.0006"	"1655.8082"	"0.0003"	"590"	""		"38004.041"	"44043.388"	"3d4.(5D).5s"	"e 4D"	"3/2"	"3d4.(3D).4p"	"4F*"	"5/2"		""	"L15916"	
"1657.5092"	"0.0004"	"1657.5089"	"0.0003"	"6500"	""		"17054.924"	"23088.074"	"3d4.(3G).4s"	"a 4G"	"5/2"	"3d3.(4F).4s.4p.(3P*)"	"z 4F*"	"3/2"		""	"L15916"	
"1658.369"	"0.014"	"1658.366"	"0.008"	"2.7"	""		"44554.607"	"50584.64"	"3d4.(3D).4p"	"p 4D*"	"3/2"	"3d3.4p2?"	"h 6G?"	"3/2"		""	"L4236"	
"1661.40"	"0.03"	"1661.3978"	"0.0004"	"11"	""		"26352.634"	"32371.662"	"3d4.(5D).4p"	"y 4D*"	"5/2"	"3d5"	"4G"	"7/2"		""	"L4236"	
"1663.591"	"0.007"	"1663.5854"	"0.0014"	"170bl"	""		"32393.954"	"38405.067"	"3d5"	"4G"	"9/2"	"3d4.(3H).4p"	"x 4H*"	"11/2"		""	"L15916"	
"1667.173"	"0.010"	"1667.1732"	"0.0003"	"1100bl(Ne)"	""		"38106.385"	"44104.562"	"3d4.(5D).5s"	"e 4D"	"5/2"	"3d4.(3D).4p"	"4F*"	"7/2"		""	"L15916"	
"1667.8565"	"0.0010"	"1667.8564"	"0.0006"	"150"	""		"38004.041"	"43999.761"	"3d4.(5D).5s"	"e 4D"	"3/2"	"3d4.(3D).4p"	"4F*"	"3/2"		""	"L15916"	
"1671.2702"	"0.0004"	"1671.2702"	"0.0006"	"7100"	"1.1e+07"	C	"37615.057"	"43598.530"	"3d3.4s.(5F).5s"	"e 6F"	"7/2"	"3d3.4s.(5F).5p"	"6G*"	"9/2"		"u38"	"L15916"	
"1671.7943"	"0.0004"	"1671.7943"	"0.0004"	"9000"	"1.2e+07"	C	"37758.146"	"43739.743"	"3d3.4s.(5F).5s"	"e 6F"	"9/2"	"3d3.4s.(5F).5p"	"6G*"	"11/2"		"u38"	"L15916"	
"1672.1895"	"0.0004"	"1672.1888"	"0.0004"	"5500"	"9.9e+06"	C	"37503.240"	"43483.426"	"3d3.4s.(5F).5s"	"e 6F"	"5/2"	"3d3.4s.(5F).5p"	"6G*"	"7/2"		"u38"	"L15916"	
"1673.5527"	"0.0004"	"1673.5528"	"0.0004"	"11000"	"1.2e+07"	C	"37931.460"	"43906.772"	"3d3.4s.(5F).5s"	"e 6F"	"11/2"	"3d3.4s.(5F).5p"	"6G*"	"13/2"		"u38"	"L15916"	
"1674.8330"	"0.0004"	"1674.8334"	"0.0004"	"7100"	"9.0e+06"	C	"37423.212"	"43393.955"	"3d3.4s.(5F).5s"	"e 6F"	"3/2"	"3d3.4s.(5F).5p"	"6G*"	"5/2"		"u38"	"L15916"	
"1677.1503"	"0.0014"	"1677.1480"	"0.0017"	"94"	""		"39398.893"	"45361.396"	"3d3.4s.(5F).5s"	"f 4F"	"7/2"	"45361o"	"r 2G*"	"9/2"		""	"L15916"	
"1678.8066"	"0.0004"	"1678.8067"	"0.0003"	"4500"	"8.5e+06"	C	"37375.172"	"43331.784&dagger;"	"3d3.4s.(5F).5s"	"e 6F"	"1/2"	"3d3.4s.(5F).5p"	"6G*"	"3/2"		"u38"	"L15916"	
"1680.0319"	"0.0013"	"1680.0336"	"0.0008"	"76"	""		"32371.662"	"38323.924"	"3d5"	"4G"	"7/2"	"3d4.(3H).4p"	"x 4H*"	"9/2"		""	"L15916"	
""	""	"1681.7568"	"0.0006"	""	"2.3e-03"	D+	"9824.626"	"15770.789"	"3d3.4s2"	"a 4P"	"5/2"	"3d4.(3F2).4s"	"b 4F"	"9/2"	E2	"u38"	""	
"1683.9831"	"0.0006"	"1683.9839"	"0.0004"	"430"	""		"33310.629"	"39248.928"	"3d5"	"4P"	"5/2"	"3d4.(3P2).4p"	"w 4P*"	"3/2"		""	"L15916"	
"1684.3509"	"0.0011"	"1684.3515"	"0.0003"	"210"	""		"38106.385"	"44043.388"	"3d4.(5D).5s"	"e 4D"	"5/2"	"3d4.(3D).4p"	"4F*"	"5/2"		""	"L15916"	
""	""	"1684.5754"	"0.0014"	""	"1.6e-04"	D+	"8578.542"	"14514.756"	"3d4.(5D).4s"	"a 4D"	"5/2"	"3d3.4s2"	"2D2"	"3/2"	M1	"u38"	""	
"1684.6354"	"0.0007"	"1684.6356"	"0.0011"	"720"	""		"38242.535"	"44178.537"	"3d4.(5D).5s"	"e 4D"	"7/2"	"3d4.(3D).4p"	"4F*"	"9/2"		""	"L15916"	
"1685.0761"	"0.0006"	"1685.0767"	"0.0011"	"490"	"4.8e+06"	C	"39241.384"	"45175.832"	"3d3.4s.(5F).5s"	"f 4F"	"5/2"	"45175o"	"r 2G*"	"7/2"		"u38"	"L15916"	
"1690.2210"	"0.0006"	"1690.2219"	"0.0009"	"460"	""		"39241.384"	"45157.767"	"3d3.4s.(5F).5s"	"f 4F"	"5/2"	"3d3.(4F).4s.5p"	"q 4F*"	"7/2"		""	"L15916"	
"1692.4565"	"0.0005"	"1692.4563"	"0.0004"	"1600"	"3.3e+06"	C	"37423.212"	"43331.784&dagger;"	"3d3.4s.(5F).5s"	"e 6F"	"3/2"	"3d3.4s.(5F).5p"	"6G*"	"3/2"		"u38"	"L15916"	
""	""	"1695.0293"	"0.0005"	""	"1.0e-03"	D+	"9824.626"	"15724.229"	"3d3.4s2"	"a 4P"	"5/2"	"3d4.(3F2).4s"	"b 4F"	"7/2"	E2	"u38"	""	
"1696.7865"	"0.0005"	"1696.7869"	"0.0006"	"65"	""		"32352.337"	"38245.829"	"3d5"	"4G"	"5/2"	"3d4.(3H).4p"	"x 4H*"	"7/2"		""	"L15916"	
"1697.5880"	"0.0004"	"1697.5868"	"0.0006"	"2400"	"3.0e+06"	C	"37503.240"	"43393.955"	"3d3.4s.(5F).5s"	"e 6F"	"5/2"	"3d3.4s.(5F).5p"	"6G*"	"5/2"		"u38"	"L15916"	
"1704.0500"	"0.0004"	"1704.0510"	"0.0007"	"2300"	"2.2e+06"	C	"37615.057"	"43483.426"	"3d3.4s.(5F).5s"	"e 6F"	"7/2"	"3d3.4s.(5F).5p"	"6G*"	"7/2"		"u38"	"L15916"	
"1704.2936"	"0.0003"	"1704.2944"	"0.0005"	"2400"	""		"21603.259"	"27470.790"	"3d4.(1G2).4s"	"b 2G"	"9/2"	"3d3.(4F).4s.4p.(3P*)"	"z 2F*"	"7/2"		""	"L15916"	
"1704.8216"	"0.0011"	"1704.8237"	"0.0012"	"100"	""		"26505.953"	"32371.662"	"3d4.(5D).4p"	"y 6D*"	"5/2"	"3d5"	"4G"	"7/2"		""	"L15916"	
"1705.8927"	"0.0016"	"1705.8946"	"0.0004"	"140"	""		"38242.535"	"44104.562"	"3d4.(5D).5s"	"e 4D"	"7/2"	"3d4.(3D).4p"	"4F*"	"7/2"		""	"L15916"	
"1710.4998"	"0.0004"	"1710.4996"	"0.0004"	"2200"	"4.8e+06"	C	"39127.228"	"44973.473"	"3d3.4s.(5F).5s"	"f 4F"	"3/2"	"3d3.4s.(5F).5p"	"4G*"	"5/2"		"u38"	"L15916"	
"1712.2157"	"0.0005"	"1712.2162"	"0.0004"	"1700"	"1.4e+06"	C	"37758.146"	"43598.530"	"3d3.4s.(5F).5s"	"e 6F"	"9/2"	"3d3.4s.(5F).5p"	"6G*"	"9/2"		"u38"	"L15916"	
"1712.8342"	"0.0003"	"1712.8344"	"0.0004"	"2700"	""		"39398.893"	"45237.169"	"3d3.4s.(5F).5s"	"f 4F"	"7/2"	"3d3.(4F).4s.5p"	"q 4F*"	"9/2"		""	"L15916"	
""	""	"1714.3634"	"0.0007"	""	"1.2e-04"	D+	"8715.747"	"14548.816"	"3d4.(5D).4s"	"a 4D"	"7/2"	"3d3.4s2"	"2D2"	"5/2"	M1	"u38"	""	
"1716.8514"	"0.0006"	"1716.8508"	"0.0005"	"230"	""		"33412.584"	"39237.202"	"3d5"	"4P"	"3/2"	"3d4.(3P2).4p"	"w 4P*"	"1/2"		""	"L15916"	
"1716.9243"	"0.0003"	"1716.9239"	"0.0004"	"370"	""		"21646.420"	"27470.790"	"3d4.(1G2).4s"	"b 2G"	"7/2"	"3d3.(4F).4s.4p.(3P*)"	"z 2F*"	"7/2"		""	"L15916"	
"1719.0543"	"0.0003"	"1719.0534"	"0.0009"	"2200"	""		"39241.384"	"45058.539"	"3d3.4s.(5F).5s"	"f 4F"	"5/2"	"3d3.4s.(5F).5p"	"4G*"	"7/2"		""	"L15916"	
"1721.6786"	"0.0007"	"1721.6792"	"0.0006"	"930"	""		"37931.460"	"43739.743"	"3d3.4s.(5F).5s"	"e 6F"	"11/2"	"3d3.4s.(5F).5p"	"6G*"	"11/2"		""	"L15916"	
"1727.3720"	"0.0004"	"1727.3702"	"0.0012"	"530"	""		"26604.807&dagger;"	"32393.954"	"3d4.(5D).4p"	"y 6D*"	"7/2"	"3d5"	"4G"	"9/2"		""	"L15916"	
"1729.0658"	"0.0005"	"1729.0714"	"0.0012"	"420i"	""		"31200.152"	"36983.603"	"3d3.(2G).4s.4p.(3P*)"	"x 4F*"	"3/2"	"3d5"	"e 4F"	"3/2"		""	"L15916"	
"1731.21"	"0.03"	"1731.2027"	"0.0015"	"4.7"	""		"34342.887"	"40119.218&dagger;"	"3d5"	"c 4D"	"3/2"	"3d4.(3P2).4p"	"v 2D*"	"5/2"		""	"L4236"	
"1734.7385"	"0.0007"	"1734.7378"	"0.0005"	"67"	""		"33484.368"	"39248.928"	"3d5"	"4P"	"1/2"	"3d4.(3P2).4p"	"w 4P*"	"3/2"		""	"L15916"	
"1735.9279"	"0.0015"	"1735.8821"	"0.0006"	"4.6i*"	""		"31397.822"	"37158.582"	"3d3.(4F).4s.4p.(1P*)"	"x 4G*"	"5/2"	"3d4.(5D).5s"	"e 6D"	"3/2"		""	"L4236"	
"1735.9279"	"0.0015"	"1735.9707"	"0.0007"	"4.6i*"	""		"19078.112"	"24838.578"	"3d4.(3F2).4s"	"a 2F"	"7/2"	"3d4.(5D).4p"	"z 6P*"	"7/2"		""	"L4236"	
"1736.0601"	"0.0005"	"1736.0596"	"0.0005"	"420"	""		"31229.014"	"36989.185"	"3d3.(2G).4s.4p.(3P*)"	"x 4F*"	"5/2"	"3d5"	"e 4F"	"5/2"		""	"L15916"	
"1736.1631"	"0.0013"	"1736.1651"	"0.0005"	"140"	""		"34366.058"	"40125.879"	"3d5"	"c 4D"	"7/2"	"3d4.(3F2).4p"	"s 4D*"	"7/2"		""	"L15916"	
"1736.6781"	"0.0005"	"1736.6770"	"0.0018"	"900"	""		"31317.440"	"37075.563"	"3d3.(2G).4s.4p.(3P*)"	"x 4F*"	"9/2"	"3d5"	"e 4F"	"9/2"		""	"L15916"	
"1736.879"	"0.009"	"1736.8686"	"0.0005"	"770bl"	""		"31268.091"	"37025.579"	"3d3.(2G).4s.4p.(3P*)"	"x 4F*"	"7/2"	"3d5"	"e 4F"	"7/2"		""	"L15916"	
""	""	"1737.1437"	"0.0021"	"4500m"	"4.0e+06"	C	"39596.988"	"45353.564"	"3d3.4s.(5F).5s"	"f 4F"	"9/2"	"3d3.4s.(5F).5p"	"4G*"	"11/2"		"u38"	"L15916"	
"1740.2798"	"0.0003"	"1740.2793"	"0.0004"	"940"	"4.0e+06"	C	"39398.893"	"45145.097"	"3d3.4s.(5F).5s"	"f 4F"	"7/2"	"3d3.4s.(5F).5p"	"4G*"	"9/2"		"u38"	"L15916"	
"1744.5651"	"0.0010"	"1744.5647"	"0.0006"	"260"	""		"39241.384"	"44973.473"	"3d3.4s.(5F).5s"	"f 4F"	"5/2"	"3d3.4s.(5F).5p"	"4G*"	"5/2"		""	"L15916"	
"1747.9171"	"0.0011"	"1747.9174"	"0.0005"	"75"	""		"31268.091"	"36989.185"	"3d3.(2G).4s.4p.(3P*)"	"x 4F*"	"7/2"	"3d5"	"e 4F"	"5/2"		""	"L15916"	
"1750.4950"	"0.0004"	"1750.4928"	"0.0009"	"570"	""		"20767.609"	"26480.286&dagger;"	"3d4.(3D).4s"	"b 4D"	"7/2"	"3d4.(5D).4p"	"y 4D*"	"7/2"		""	"L15916"	
"1752.9745"	"0.0008"	"1752.9756"	"0.0007"	"23"	""		"38323.924"	"44028.510"	"3d4.(3H).4p"	"x 4H*"	"9/2"	"3d3.4s.(5F).4d"	"4H"	"9/2"		""	"L15916"	
"1757.1107"	"0.0008"	"1757.1067"	"0.0003"	"80bl(V II)"	""		"20789.112"	"26480.286&dagger;"	"3d4.(3D).4s"	"b 4D"	"5/2"	"3d4.(5D).4p"	"y 4D*"	"7/2"		""	"L15916"	
"1759.9617"	"0.0008"	"1759.9604"	"0.0012"	"400"	""		"34905.410"	"40587.356"	"3d4.(3F1).4s"	"2F"	"7/2"	"3d4.(3G).4p"	"2F*"	"7/2"		""	"L15916"	
"1760.9208"	"0.0006"	"1760.9211"	"0.0004"	"1500"	""		"26738.323"	"32417.169"	"3d4.(5D).4p"	"y 6D*"	"9/2"	"3d5"	"4G"	"11/2"		""	"L15916"	
"1766.8957"	"0.0011"	"1766.8950"	"0.0016"	"290"	""		"39398.893"	"45058.539"	"3d3.4s.(5F).5s"	"f 4F"	"7/2"	"3d3.4s.(5F).5p"	"4G*"	"7/2"		""	"L15916"	
"1768.1483"	"0.0004"	"1768.1493"	"0.0007"	"87"	""		"26738.323"	"32393.954"	"3d4.(5D).4p"	"y 6D*"	"9/2"	"3d5"	"4G"	"9/2"		""	"L15916"	
"1769.5370"	"0.0007"	"1769.5376"	"0.0009"	"210"	""		"34902.028"	"40553.222&dagger;"	"3d4.(3F1).4s"	"2F"	"5/2"	"3d3.(2D2).4s.4p.(3P*)"	"2D*"	"5/2"		""	"L15916"	
"1772.5599"	"0.0013"	"1772.5600"	"0.0013"	"110"	""		"34358.408"	"39999.966"	"3d5"	"c 4D"	"5/2"	"3d4.(3F2).4p"	"s 4D*"	"5/2"		""	"L15916"	
"1782.7277"	"0.0003"	"1782.7276"	"0.0003"	"1600"	""		"15078.387"	"20687.769"	"3d4.(3P2).4s"	"b 4P"	"1/2"	"3d3.(4F).4s.4p.(3P*)"	"z 4D*"	"3/2"		""	"L15916"	
"1788.1749"	"0.0009"	"1788.1765"	"0.0016"	"74"	""		"34342.887"	"39935.176"	"3d5"	"c 4D"	"3/2"	"3d4.(3F2).4p"	"s 4D*"	"3/2"		""	"L15916"	
"1789.681"	"0.004"	"1789.6730"	"0.0019"	"120"	""		"44026.568"	"49614.181"	"3d3.4s.(5F).5p"	"6D*"	"7/2"	"49614e"	"6D"	"5/2"		""	"L15916"	
"1791.2369"	"0.0003"	"1791.2374"	"0.0010"	"2800"	""		"31355.710"	"36938.443"	"3d4.(3F1).4s"	"4F"	"9/2"	"3d3.(2H).4s.4p.(3P*)"	"w 4G*"	"11/2"		""	"L15916"	
"1791.3637"	"0.0006"	"1791.3628"	"0.0005"	"1300"	""		"26182.637"	"31764.979"	"3d4.(5D).4p"	"y 4D*"	"1/2"	"3d4.(3P1).4s"	"4P"	"1/2"		""	"L11697"	
"1797.4233"	"0.0005"	"1797.4226"	"0.0003"	"300"	""		"20789.112"	"26352.634"	"3d4.(3D).4s"	"b 4D"	"5/2"	"3d4.(5D).4p"	"y 4D*"	"5/2"		""	"L15916"	
"1799.2406"	"0.0003"	"1799.2410"	"0.0010"	"2000"	""		"15270.582"	"20828.481"	"3d4.(3P2).4s"	"b 4P"	"3/2"	"3d3.(4F).4s.4p.(3P*)"	"z 4D*"	"5/2"		""	"L15916"	
"1802.4112"	"0.0018"	"1802.4159"	"0.0007"	"260"	""		"39596.988"	"45145.097"	"3d3.4s.(5F).5s"	"f 4F"	"9/2"	"3d3.4s.(5F).5p"	"4G*"	"9/2"		""	"L15916"	
"1804.3183"	"0.0009"	"1804.3210"	"0.0006"	"190"	""		"31355.710"	"36897.961"	"3d4.(3F1).4s"	"4F"	"9/2"	"3d3.(2H).4s.4p.(3P*)"	"w 4G*"	"9/2"		""	"L15916"	
"1804.6225"	"0.0004"	"1804.6219"	"0.0007"	"1600"	""		"21646.420"	"27187.747"	"3d4.(1G2).4s"	"b 2G"	"7/2"	"3d3.(4F).4s.4p.(3P*)"	"z 2F*"	"5/2"		""	"L15916"	
"1805.2090"	"0.0006"	"1805.2086"	"0.0005"	"120"	""		"20813.108"	"26352.634"	"3d4.(3D).4s"	"b 4D"	"3/2"	"3d4.(5D).4p"	"y 4D*"	"5/2"		""	"L15916"	
"1806.7328"	"0.0004"	"1806.7343"	"0.0004"	"250"	""		"26182.637"	"31717.485"	"3d4.(5D).4p"	"y 4D*"	"1/2"	"3d4.(3P1).4s"	"4P"	"3/2"		""	"L15916"	
"1808.4276"	"0.0005"	"1808.4265"	"0.0006"	"550"	""		"31334.104"	"36863.773"	"3d4.(3F1).4s"	"4F"	"3/2"	"3d3.(2H).4s.4p.(3P*)"	"w 4G*"	"5/2"		""	"L15916"	
"1809.3422"	"0.0003"	"1809.3410"	"0.0007"	"2000"	""		"31371.087"	"36897.961"	"3d4.(3F1).4s"	"4F"	"7/2"	"3d3.(2H).4s.4p.(3P*)"	"w 4G*"	"9/2"		""	"L15916"	
"1813.0713"	"0.0003"	"1813.0713"	"0.0006"	"1200"	""		"26249.476"	"31764.979"	"3d4.(5D).4p"	"y 4D*"	"3/2"	"3d4.(3P1).4s"	"4P"	"1/2"		""	"L15916"	
"1816.0893"	"0.0010"	"1816.0880"	"0.0013"	"53*"	""		"42440.633"	"47946.974"	"3d4.(5D).5p"	"6F*"	"11/2"	"47946e"	"4F"	"9/2"		""	"L15916"	
"1816.0893"	"0.0010"	"1816.0903"	"0.0006"	"53*"	""		"31357.439"	"36863.773"	"3d4.(3F1).4s"	"4F"	"5/2"	"3d3.(2H).4s.4p.(3P*)"	"w 4G*"	"5/2"		""	"L15916"	
"1817.0751"	"0.0004"	"1817.0747"	"0.0005"	"580"	""		"37940.211"	"43443.562"	"3d4.(5D).5s"	"e 4D"	"1/2"	"3d4.(5D).5p"	"u 4P*"	"1/2"		""	"L15916"	
"1818.1136"	"0.0005"	"1818.1121"	"0.0003"	"710"	""		"38004.041"	"43504.252&dagger;"	"3d4.(5D).5s"	"e 4D"	"3/2"	"3d4.(5D).5p"	"u 4P*"	"3/2"		""	"L15916"	
"1825.0168"	"0.0004"	"1825.0170"	"0.0003"	"350bl(V II)"	""		"38106.385"	"43585.786"	"3d4.(5D).5s"	"e 4D"	"5/2"	"3d4.(5D).5p"	"u 4P*"	"5/2"		""	"L15916"	
"1829.6798"	"0.0004"	"1829.6792"	"0.0005"	"700"	""		"31357.439"	"36822.878"	"3d4.(3F1).4s"	"4F"	"5/2"	"3d3.(2H).4s.4p.(3P*)"	"w 4G*"	"7/2"		""	"L15916"	
"1831.3453"	"0.0003"	"1831.3449"	"0.0006"	"2200"	""		"15572.035"	"21032.503"	"3d4.(3P2).4s"	"b 4P"	"5/2"	"3d3.(4F).4s.4p.(3P*)"	"z 4D*"	"7/2"		""	"L15916"	
"1833.8825"	"0.0004"	"1833.8832"	"0.0003"	"250"	"1.5e+06"	D+	"37227.489"	"42680.399"	"3d4.(5D).5s"	"e 6D"	"5/2"	"3d4.(5D).5p"	"6P*"	"7/2"		"T9771"	"L15916"	
"1835.2191"	"0.0007"	"1835.2173"	"0.0004"	"660"	""		"38106.385"	"43555.331"	"3d4.(5D).5s"	"e 4D"	"5/2"	"3d4.(5D).5p"	"q 4D*"	"7/2"		""	"L15916"	
"1843.7339"	"0.0010"	"1843.739"	"0.003"	"31"	""		"34902.028"	"40325.790"	"3d4.(3F1).4s"	"2F"	"5/2"	"3d4.(3G).4p"	"2F*"	"5/2"		""	"L15916"	
"1845.3157"	"0.0006"	"1845.3140"	"0.0014"	"79"	""		"20830.344"	"26249.476"	"3d4.(3D).4s"	"b 4D"	"1/2"	"3d4.(5D).4p"	"y 4D*"	"3/2"		""	"L15916"	
"1845.4377"	"0.0004"	"1845.4376"	"0.0004"	"510"	"2.6e+06"	D+	"37158.582"	"42577.351"	"3d4.(5D).5s"	"e 6D"	"3/2"	"3d4.(5D).5p"	"6P*"	"5/2"		"T9771"	"L15916"	
"1845.9763"	"0.0004"	"1845.9765"	"0.0004"	"1900"	""		"15270.582"	"20687.769"	"3d4.(3P2).4s"	"b 4P"	"3/2"	"3d3.(4F).4s.4p.(3P*)"	"z 4D*"	"3/2"		""	"L15916"	
"1849.4728"	"0.0004"	"1849.4742"	"0.0003"	"1000"	""		"38004.041"	"43410.983"	"3d4.(5D).5s"	"e 4D"	"3/2"	"3d4.(5D).5p"	"q 4D*"	"5/2"		""	"L15916"	
"1850.3735"	"0.0005"	"1850.3753"	"0.0005"	"650"	""		"20767.609"	"26171.918"	"3d4.(3D).4s"	"b 4D"	"7/2"	"3d4.(5D).4p"	"y 4F*"	"9/2"		""	"L15916"	
"1850.9131"	"0.0004"	"1850.9130"	"0.0003"	"1500"	"8.9e+05"	C	"37322.170"	"42724.909"	"3d4.(5D).5s"	"e 6D"	"7/2"	"3d4.(5D).5p"	"6D*"	"9/2"		"u38"	"L15916"	
""	""	"1852.5720"	"0.0010"	""	"3.7e-04"	D+	"8413.009"	"13810.910"	"3d4.(5D).4s"	"a 4D"	"1/2"	"3d3.4s2"	"a 2P"	"1/2"	M1	"u38"	""	
"1852.5828"	"0.0004"	"1852.5836"	"0.0003"	"2400"	"2.8e+06"	C	"38106.385"	"43504.252&dagger;"	"3d4.(5D).5s"	"e 4D"	"5/2"	"3d4.(5D).5p"	"u 4P*"	"3/2"		"u38"	"L15916"	
""	""	"1855.7896"	"0.0021"	""	"4.9e-05"	D+	"8413.009"	"13801.551"	"3d4.(5D).4s"	"a 4D"	"1/2"	"3d3.4s2"	"a 2P"	"3/2"	M1	"u38"	""	
"1856.2087"	"0.0005"	"1856.2071"	"0.0017"	"1000"	""		"39127.228"	"44514.558"	"3d3.4s.(5F).5s"	"f 4F"	"3/2"	"3d4.(3D).4p"	"p 4D*"	"1/2"		""	"L15916"	
"1859.0937"	"0.0004"	"1859.0909"	"0.0010"	"3500"	"4.3e+06"	D+	"37116.769"	"42495.742"	"3d4.(5D).5s"	"e 6D"	"1/2"	"3d4.(5D).5p"	"6P*"	"3/2"		"T9771"	"L15916"	
"1862.5912"	"0.0005"	"1862.5893"	"0.0010"	"810"	""		"37940.211"	"43309.081"	"3d4.(5D).5s"	"e 4D"	"1/2"	"3d4.(5D).5p"	"q 4D*"	"3/2"		""	"L15916"	
"1863.9860"	"0.0004"	"1863.9847"	"0.0004"	"2800bl(V II)"	""		"26352.634"	"31717.485"	"3d4.(5D).4p"	"y 4D*"	"5/2"	"3d4.(3P1).4s"	"4P"	"3/2"		""	"L15916"	
"1865.8278"	"0.0004"	"1865.8276"	"0.0003"	"2400"	"1.9e+06"	C	"37227.489"	"42587.041"	"3d4.(5D).5s"	"e 6D"	"5/2"	"3d4.(5D).5p"	"6D*"	"7/2"		"u38"	"L15916"	
"1866.2887"	"0.0007"	"1866.2883"	"0.0005"	"78"	"6.1e+06"	D+	"37322.170"	"42680.399"	"3d4.(5D).5s"	"e 6D"	"7/2"	"3d4.(5D).5p"	"6P*"	"7/2"		"T9771"	"L15916"	
"1867.1918"	"0.0006"	"1867.1922"	"0.0005"	"610"	""		"39391.079"	"44746.714"	"3d4.(3F2).4p"	"u 4F*"	"9/2"	"3d3.4s.(5F).4d"	"4G"	"11/2"		""	"L15916"	
"1867.601"	"0.013"	"1867.601"	"0.003"	"340bl"	""		"42257.394"	"47611.858"	"3d4.(5D).4d"	"e 6G"	"11/2"	"3d3.(2G).4s.4p.(1P*)"	"2H*"	"9/2"		""	"L15916"	
"1868.3580"	"0.0008"	"1868.3581"	"0.0017"	"95"	""		"20830.344"	"26182.637"	"3d4.(3D).4s"	"b 4D"	"1/2"	"3d4.(5D).4p"	"y 4D*"	"1/2"		""	"L15916"	
"1868.757"	"0.017"	"1868.778"	"0.010"	"5.6"	""		"45233.549"	"50584.64"	"45233o"	"2D*"	"3/2"	"3d3.4p2?"	"h 6G?"	"3/2"		""	"L4236"	
"1871.5202"	"0.0004"	"1871.5198"	"0.0003"	"4100"	"3.4e+06"	C	"38242.535"	"43585.786"	"3d4.(5D).5s"	"e 4D"	"7/2"	"3d4.(5D).5p"	"u 4P*"	"5/2"		"u38"	"L15916"	
"1873.6555"	"0.0008"	"1873.6557"	"0.0007"	"110"	"2.9e+06"	C	"37158.582"	"42495.742"	"3d4.(5D).5s"	"e 6D"	"3/2"	"3d4.(5D).5p"	"6P*"	"3/2"		"u38"	"L15916"	
"1874.1017"	"0.0004"	"1874.1034"	"0.0007"	"290"	""		"15270.582"	"20606.467"	"3d4.(3P2).4s"	"b 4P"	"3/2"	"3d3.(4F).4s.4p.(3P*)"	"z 4D*"	"1/2"		""	"L15916"	
""	""	"1874.5281"	"0.0011"	""	"1.9e-03"	D+	"8476.234"	"13810.910"	"3d4.(5D).4s"	"a 4D"	"3/2"	"3d3.4s2"	"a 2P"	"1/2"	M1	"u38"	""	
"1875.1175"	"0.0005"	"1875.1235"	"0.0004"	"790i"	""		"20789.112"	"26122.094&dagger;"	"3d4.(3D).4s"	"b 4D"	"5/2"	"3d4.(5D).4p"	"y 4F*"	"7/2"		""	"L15916"	
"1877.6713"	"0.0007"	"1877.6691"	"0.0006"	"470"	""		"37116.769"	"42442.521"	"3d4.(5D).5s"	"e 6D"	"1/2"	"3d4.(5D).5p"	"6D*"	"1/2"		""	"L15916"	
""	""	"1877.8225"	"0.0018"	""	"1.7e-05"	D+	"8476.234"	"13801.551"	"3d4.(5D).4s"	"a 4D"	"3/2"	"3d3.4s2"	"a 2P"	"3/2"	M1	"u38"	""	
"1879.1990"	"0.0004"	"1879.1977"	"0.0011"	"3000"	"3.2e+06"	C	"37158.582"	"42480.002"	"3d4.(5D).5s"	"e 6D"	"3/2"	"3d4.(5D).5p"	"6D*"	"5/2"		"u38"	"L15916"	
"1882.0967"	"0.0005"	"1882.0968"	"0.0004"	"1000"	""		"39241.384"	"44554.607"	"3d3.4s.(5F).5s"	"f 4F"	"5/2"	"3d4.(3D).4p"	"p 4D*"	"3/2"		""	"L15916"	
"1882.2483"	"0.0004"	"1882.2481"	"0.0003"	"5900"	"1.7e+06"	C	"38242.535"	"43555.331"	"3d4.(5D).5s"	"e 4D"	"7/2"	"3d4.(5D).5p"	"q 4D*"	"7/2"		"u38"	"L15916"	
"1883.4818"	"0.0005"	"1883.4818"	"0.0008"	"980"	""		"37940.211"	"43249.527"	"3d4.(5D).5s"	"e 4D"	"1/2"	"3d4.(5D).5p"	"q 4D*"	"1/2"		""	"L15916"	
"1883.8552"	"0.0005"	"1883.8515"	"0.0004"	"180"	""		"15724.229"	"21032.503"	"3d4.(3F2).4s"	"b 4F"	"7/2"	"3d3.(4F).4s.4p.(3P*)"	"z 4D*"	"7/2"		""	"L15916"	
"1884.9993"	"0.0004"	"1884.9999"	"0.0004"	"1700"	""		"38004.041"	"43309.081"	"3d4.(5D).5s"	"e 4D"	"3/2"	"3d4.(5D).5p"	"q 4D*"	"3/2"		""	"L15916"	
"1885.1565"	"0.0004"	"1885.1570"	"0.0003"	"3400"	"2.3e+06"	D+	"38106.385"	"43410.983"	"3d4.(5D).5s"	"e 4D"	"5/2"	"3d4.(5D).5p"	"q 4D*"	"5/2"		"T9771"	"L15916"	
"1885.9911"	"0.0017"	"1885.9954"	"0.0021"	"170"	""		"39398.893"	"44701.133"	"3d3.4s.(5F).5s"	"f 4F"	"7/2"	"3d4.(3D).4p"	"p 4D*"	"7/2"		""	"L15916"	
"1891.2447"	"0.0004"	"1891.2458"	"0.0003"	"3000"	"4.6e+06"	C	"37116.769"	"42404.289"	"3d4.(5D).5s"	"e 6D"	"1/2"	"3d4.(5D).5p"	"6D*"	"3/2"		"u38"	"L15916"	
"1892.4586"	"0.0005"	"1892.4584"	"0.0003"	"10000"	"8.0e+06"	C	"37440.777"	"42724.909"	"3d4.(5D).5s"	"e 6D"	"9/2"	"3d4.(5D).5p"	"6D*"	"9/2"		"u38"	"L15916"	
"1892.5260"	"0.0005"	"1892.5275"	"0.0004"	"2400"	"7.3e+06"	C	"37158.582"	"42442.521"	"3d4.(5D).5s"	"e 6D"	"3/2"	"3d4.(5D).5p"	"6D*"	"1/2"		"u38"	"L15916"	
"1896.49"	"0.04"	"1896.5166"	"0.0014"	"7"	""		"32371.662"	"37644.487"	"3d5"	"4G"	"7/2"	"3d4.(3F2).4p"	"v 4G*"	"9/2"		""	"L4236"	
"1896.7511"	"0.0004"	"1896.7518"	"0.0003"	"960"	""		"26352.634"	"31624.805"	"3d4.(5D).4p"	"y 4D*"	"5/2"	"3d4.(3P1).4s"	"4P"	"5/2"		""	"L15916"	
"1898.1607"	"0.0004"	"1898.1624"	"0.0006"	"4400"	"5.6e+06"	C	"37227.489"	"42495.742"	"3d4.(5D).5s"	"e 6D"	"5/2"	"3d4.(5D).5p"	"6P*"	"3/2"		"u38"	"L15916"	
"1899.0091"	"0.0005"	"1899.0066"	"0.0011"	"400"	""		"32738.130"	"38004.041"	"3d3.(4F).4s.4p.(1P*)"	"w 4F*"	"3/2"	"3d4.(5D).5s"	"e 4D"	"3/2"		""	"L15916"	
"1899.3810"	"0.0004"	"1899.3818"	"0.0003"	"7600"	"6.2e+06"	C	"37322.170"	"42587.041"	"3d4.(5D).5s"	"e 6D"	"7/2"	"3d4.(5D).5p"	"6D*"	"7/2"		"u38"	"L15916"	
"1900.5217"	"0.0004"	"1900.5214"	"0.0003"	"1900"	""		"15770.789"	"21032.503"	"3d4.(3F2).4s"	"b 4F"	"9/2"	"3d3.(4F).4s.4p.(3P*)"	"z 4D*"	"7/2"		""	"L15916"	
"1901.2982"	"0.0005"	"1901.2986"	"0.0003"	"720"	""		"32846.822"	"38106.385"	"3d3.(4F).4s.4p.(1P*)"	"w 4F*"	"5/2"	"3d4.(5D).5s"	"e 4D"	"5/2"		""	"L15916"	
"1902.4261"	"0.0004"	"1902.4261"	"0.0004"	"1500"	""		"15572.035"	"20828.481"	"3d4.(3P2).4s"	"b 4P"	"5/2"	"3d3.(4F).4s.4p.(3P*)"	"z 4D*"	"5/2"		""	"L15916"	
"1902.8738"	"0.0004"	"1902.8840"	"0.0011"	"7300bl"	"7.5e+06"	C	"37322.170"	"42577.351"	"3d4.(5D).5s"	"e 6D"	"7/2"	"3d4.(5D).5p"	"6P*"	"5/2"		"u38"	"L15916"	
"1903.4229"	"0.0005"	"1903.4241"	"0.0003"	"650"	""		"32988.845"	"38242.535"	"3d3.(4F).4s.4p.(1P*)"	"w 4F*"	"7/2"	"3d4.(5D).5s"	"e 4D"	"7/2"		""	"L15916"	
"1903.8497"	"0.0004"	"1903.8506"	"0.0004"	"5000"	"4.2e+06"	C	"37227.489"	"42480.002"	"3d4.(5D).5s"	"e 6D"	"5/2"	"3d4.(5D).5p"	"6D*"	"5/2"		"u38"	"L15916"	
"1906.3220"	"0.0004"	"1906.3207"	"0.0004"	"2500"	""		"37158.582"	"42404.289"	"3d4.(5D).5s"	"e 6D"	"3/2"	"3d4.(5D).5p"	"6D*"	"3/2"		""	"L15916"	
"1906.4008"	"0.0004"	"1906.4010"	"0.0007"	"740"	""		"38004.041"	"43249.527"	"3d4.(5D).5s"	"e 4D"	"3/2"	"3d4.(5D).5p"	"q 4D*"	"1/2"		""	"L15916"	
"1907.1916"	"0.0008"	"1907.1911"	"0.0003"	"160"	""		"21101.589"	"26344.902"	"3d4.(3G).4s"	"2G"	"7/2"	"3d3.(4F).4s.4p.(3P*)"	"z 2G*"	"9/2"		""	"L15916"	
"1908.5353"	"0.0004"	"1908.5346"	"0.0006"	"10000"	"8.5e+06"	C	"37440.777"	"42680.399"	"3d4.(5D).5s"	"e 6D"	"9/2"	"3d4.(5D).5p"	"6P*"	"7/2"		"u38"	"L15916"	
""	""	"1914.6052"	"0.0018"	""	"1.1e-03"	D+	"8578.542"	"13801.551"	"3d4.(5D).4s"	"a 4D"	"5/2"	"3d3.4s2"	"a 2P"	"3/2"	M1	"u38"	""	
"1916.4243"	"0.0006"	"1916.4236"	"0.0011"	"1600"	""		"39398.893"	"44616.946"	"3d3.4s.(5F).5s"	"f 4F"	"7/2"	"3d4.(3D).4p"	"p 4D*"	"5/2"		""	"L15916"	
"1918.4914"	"0.0014"	"1918.4910"	"0.0011"	"300"	""		"39341.784"	"44554.214"	"3d4.(3F2).4p"	"u 4F*"	"7/2"	"3d3.4s.(5F).4d"	"4G"	"9/2"		""	"L15916"	
"1922.0812"	"0.0005"	"1922.0804"	"0.0005"	"890"	"2.1e+06"	D+	"38106.385"	"43309.081"	"3d4.(5D).5s"	"e 4D"	"5/2"	"3d4.(5D).5p"	"q 4D*"	"3/2"		"T9771"	"L15916"	
"1922.3061"	"0.0004"	"1922.3076"	"0.0006"	"1100"	""		"32738.130"	"37940.211"	"3d3.(4F).4s.4p.(1P*)"	"w 4F*"	"3/2"	"3d4.(5D).5s"	"e 4D"	"1/2"		""	"L15916"	
"1926.3635"	"0.0004"	"1926.3643"	"0.0003"	"250"	""		"20813.108"	"26004.234"	"3d4.(3D).4s"	"b 4D"	"3/2"	"3d4.(5D).4p"	"y 4F*"	"5/2"		""	"L15916"	
"1928.875"	"0.002"	"1928.8739"	"0.0019"	"74"	""		"32371.662"	"37556.034"	"3d5"	"4G"	"7/2"	"3d4.(3F2).4p"	"v 4G*"	"7/2"		""	"L15916"	
"1931.6946"	"0.0014"	"1931.6953"	"0.0015"	"140"	"2.6e+06"	C	"37227.489"	"42404.289"	"3d4.(5D).5s"	"e 6D"	"5/2"	"3d4.(5D).5p"	"6D*"	"3/2"		"u38"	"L15916"	
"1932.655"	"0.004"	"1932.657"	"0.003"	"6.9"	""		"44701.133"	"49875.357"	"3d4.(3D).4p"	"p 4D*"	"7/2"	"3d3.4s.(5F).5d"	"f 6H"	"9/2"		""	"L4236"	
"1934.2636"	"0.0006"	"1934.2637"	"0.0004"	"160"	""		"37075.563"	"42245.489&dagger;"	"3d5"	"e 4F"	"9/2"	"3d3.(4P).4s.4p.(1P*)"	"r 4D*"	"7/2"		""	"L15916"	
"1934.8169"	"0.0007"	"1934.8168"	"0.0004"	"500"	"1.4e+06"	D+	"38242.535"	"43410.983"	"3d4.(5D).5s"	"e 4D"	"7/2"	"3d4.(5D).5p"	"q 4D*"	"5/2"		"T9771"	"L15916"	
"1937.215"	"0.002"	"1937.2036"	"0.0019"	"130"	""		"32393.954"	"37556.034"	"3d5"	"4G"	"9/2"	"3d4.(3F2).4p"	"v 4G*"	"7/2"		""	"L15916"	
"1938.7990"	"0.0008"	"1938.7991"	"0.0004"	"820"	"1.3e+06"	C	"37322.170"	"42480.002"	"3d4.(5D).5s"	"e 6D"	"7/2"	"3d4.(5D).5p"	"6D*"	"5/2"		"u38"	"L11697"	
"1941.1937"	"0.0008"	"1941.1946"	"0.0007"	"2200"	""		"26182.637"	"31334.104"	"3d4.(5D).4p"	"y 4D*"	"1/2"	"3d4.(3F1).4s"	"4F"	"3/2"		""	"L11697"	
"1943.8166"	"0.0004"	"1943.8163"	"0.0004"	"3700"	""		"26480.286&dagger;"	"31624.805"	"3d4.(5D).4p"	"y 4D*"	"7/2"	"3d4.(3P1).4s"	"4P"	"5/2"		""	"L15916"	
"1945.6744"	"0.0005"	"1945.6695"	"0.0003"	"410i"	""		"15688.862"	"20828.481"	"3d4.(3F2).4s"	"b 4F"	"5/2"	"3d3.(4F).4s.4p.(3P*)"	"z 4D*"	"5/2"		""	"L15916"	
"1946.1198"	"0.0008"	"1946.1190"	"0.0006"	"46"	""		"31937.131"	"37075.563"	"3d3.(4F).4s.4p.(1P*)"	"x 4G*"	"11/2"	"3d5"	"e 4F"	"9/2"		""	"L15916"	
"1948.6495"	"0.0005"	"1948.6496"	"0.0003"	"790"	""		"17182.073"	"22313.832"	"3d4.(3G).4s"	"a 4G"	"9/2"	"3d3.(4F).4s.4p.(3P*)"	"z 4G*"	"11/2"		""	"L15916"	
"1954.0652"	"0.0004"	"1954.0639"	"0.0003"	"2800"	"1.1e+06"	C	"32988.845"	"38106.385"	"3d3.(4F).4s.4p.(1P*)"	"w 4F*"	"7/2"	"3d4.(5D).5s"	"e 4D"	"5/2"		"u38"	"L15916"	
"1954.7560"	"0.0006"	"1954.7537"	"0.0011"	"150"	""		"15572.035"	"20687.769"	"3d4.(3P2).4s"	"b 4P"	"5/2"	"3d3.(4F).4s.4p.(3P*)"	"z 4D*"	"3/2"		""	"L15916"	
"1955.9957"	"0.0008"	"1955.9967"	"0.0003"	"140bl(V II)"	""		"37025.579"	"42138.062"	"3d5"	"e 4F"	"7/2"	"3d3.(4P).4s.4p.(1P*)"	"r 4D*"	"5/2"		""	"L15916"	
"1957.7278"	"0.0008"	"1957.7276"	"0.0005"	"2800"	""		"26249.476"	"31357.439"	"3d4.(5D).4p"	"y 4D*"	"3/2"	"3d4.(3F1).4s"	"4F"	"5/2"		""	"L11697"	
"1957.8174"	"0.0006"	"1957.8165"	"0.0009"	"280"	""		"39300.537"	"44408.268"	"3d4.(3F2).4p"	"u 4F*"	"5/2"	"3d3.4s.(5F).4d"	"4G"	"7/2"		""	"L15916"	
"1959.1502"	"0.0004"	"1959.1509"	"0.0005"	"990"	""		"15724.229"	"20828.481"	"3d4.(3F2).4s"	"b 4F"	"7/2"	"3d3.(4F).4s.4p.(3P*)"	"z 4D*"	"5/2"		""	"L15916"	
"1960.7111"	"0.0006"	"1960.7074"	"0.0019"	"120"	""		"20830.344"	"25930.544"	"3d4.(3D).4s"	"b 4D"	"1/2"	"3d4.(5D).4p"	"y 4F*"	"3/2"		""	"L15916"	
"1961.8084"	"0.0006"	"1961.8068"	"0.0009"	"430"	""		"31717.485"	"36814.827"	"3d4.(3P1).4s"	"4P"	"3/2"	"3d3.(2D2).4s.4p.(3P*)"	"x 4P*"	"3/2"		""	"L15916"	
"1965.7154"	"0.0004"	"1965.7163"	"0.0007"	"2100"	"1.1e+06"	C	"33155.331"	"38242.535"	"3d3.(4F).4s.4p.(1P*)"	"w 4F*"	"9/2"	"3d4.(5D).5s"	"e 4D"	"7/2"		"u38"	"L15916"	
"1966.712"	"0.002"	"1966.7122"	"0.0007"	"23"	""		"26249.476"	"31334.104"	"3d4.(5D).4p"	"y 4D*"	"3/2"	"3d4.(3F1).4s"	"4F"	"3/2"		""	"L15916"	
"1971.7005"	"0.0004"	"1971.7014"	"0.0007"	"5800"	""		"17242.070"	"22313.832"	"3d4.(3G).4s"	"a 4G"	"11/2"	"3d3.(4F).4s.4p.(3P*)"	"z 4G*"	"11/2"		""	"L15916"	
"1972.6786"	"0.0004"	"1972.6784"	"0.0006"	"3200"	""		"21275.652"	"26344.902"	"3d4.(3G).4s"	"2G"	"9/2"	"3d3.(4F).4s.4p.(3P*)"	"z 2G*"	"9/2"		""	"L15916"	
"1973.4889"	"0.0006"	"1973.4893"	"0.0007"	"270"	""		"34529.821"	"39596.988"	"3d3.(2D2).4s.4p.(3P*)"	"4F*"	"9/2"	"3d3.4s.(5F).5s"	"f 4F"	"9/2"		""	"L15916"	
"1974.5917"	"0.0007"	"1974.5921"	"0.0004"	"100"	""		"34358.408"	"39422.745"	"3d5"	"c 4D"	"5/2"	"3d4.(3P2).4p"	"w 4P*"	"5/2"		""	"L15916"	
"1977.5795"	"0.0006"	"1977.5794"	"0.0005"	"470"	""		"34366.058"	"39422.745"	"3d5"	"c 4D"	"7/2"	"3d4.(3P2).4p"	"w 4P*"	"5/2"		""	"L15916"	
"1980.2543"	"0.0005"	"1980.2576"	"0.0020"	"630"	""		"31764.979"	"36814.827"	"3d4.(3P1).4s"	"4P"	"1/2"	"3d3.(2D2).4s.4p.(3P*)"	"x 4P*"	"3/2"		""	"L15916"	
"1981.1660"	"0.0004"	"1981.1647"	"0.0006"	"5300"	"4.3e+06"	C	"38004.041"	"43051.577"	"3d4.(5D).5s"	"e 4D"	"3/2"	"3d4.(5D).5p"	"s 4F*"	"5/2"		"u38"	"L15916"	
"1983.5430"	"0.0004"	"1983.5425"	"0.0012"	"3300"	"4.0e+06"	C	"37940.211"	"42981.696"	"3d4.(5D).5s"	"e 4D"	"1/2"	"3d4.(5D).5p"	"s 4F*"	"3/2"		"u38"	"L15916"	
"1983.7636"	"0.0004"	"1983.7645"	"0.0006"	"8000"	"4.9e+06"	C	"38106.385"	"43147.306"	"3d4.(5D).5s"	"e 4D"	"5/2"	"3d4.(5D).5p"	"s 4F*"	"7/2"		"u38"	"L15916"	
"1987.5028"	"0.0015"	"1987.5014"	"0.0012"	"150*"	""		"39266.680"	"44298.123"	"3d4.(3F2).4p"	"u 4F*"	"3/2"	"3d3.4s.(5F).4d"	"4G"	"5/2"		""	"L15916"	
"1987.5028"	"0.0015"	"1987.501"	"0.005"	"150*"	""		"39266.680"	"44298.123"	"3d4.(3F2).4p"	"u 4F*"	"3/2"	"3d3.4s.(5F).4d"	"4F"	"3/2"		""	"L15916"	
"1990.5251"	"0.0004"	"1990.5247"	"0.0007"	"11000"	"5.8e+06"	C	"38242.535"	"43266.336"	"3d4.(5D).5s"	"e 4D"	"7/2"	"3d4.(5D).5p"	"s 4F*"	"9/2"		"u38"	"L15916"	
"1990.8549"	"0.0005"	"1990.8548"	"0.0006"	"240"	""		"15664.801"	"20687.769"	"3d4.(3F2).4s"	"b 4F"	"3/2"	"3d3.(4F).4s.4p.(3P*)"	"z 4D*"	"3/2"		""	"L15916"	
"1991.8312"	"0.0005"	"1991.8315"	"0.0003"	"910"	""		"21101.589"	"26122.094&dagger;"	"3d4.(3G).4s"	"2G"	"7/2"	"3d4.(5D).4p"	"y 4F*"	"7/2"		""	"L15916"	
"1992.6495"	"0.0009"	"1992.6459"	"0.0012"	"170"	""		"26352.634"	"31371.087"	"3d4.(5D).4p"	"y 4D*"	"5/2"	"3d4.(3F1).4s"	"4F"	"7/2"		""	"L15916"	
"1992.8257"	"0.0004"	"1992.8258"	"0.0003"	"3600"	""		"37227.489"	"42245.489&dagger;"	"3d4.(5D).5s"	"e 6D"	"5/2"	"3d3.(4P).4s.4p.(1P*)"	"r 4D*"	"7/2"		""	"L15916"	
"1994.5989"	"0.0004"	"1994.5982"	"0.0005"	"4300"	"2.4e+06"	C	"37158.582"	"42172.123"	"3d4.(5D).5s"	"e 6D"	"3/2"	"3d4.(5D).5p"	"6F*"	"5/2"		"u38"	"L15916"	
"1995.9759"	"0.0009"	"1995.9777"	"0.0006"	"130"	""		"36989.185"	"41999.261"	"3d5"	"e 4F"	"5/2"	"3d3.(4P).4s.4p.(1P*)"	"r 4D*"	"3/2"		""	"L15916"	
"1996.3540"	"0.0004"	"1996.3539"	"0.0003"	"2200"	"6.0e+06"	C	"37227.489"	"42236.621&dagger;"	"3d4.(5D).5s"	"e 6D"	"5/2"	"3d4.(5D).5p"	"6F*"	"7/2"		"u38"	"L15916"	
"1996.5819"	"0.0004"	"1996.5819"	"0.0003"	"5500"	"7.4e+06"	C	"37322.170"	"42330.730"	"3d4.(5D).5s"	"e 6D"	"7/2"	"3d4.(5D).5p"	"6F*"	"9/2"		"u38"	"L15916"	
