obs_wl_vac(nm)	ritz_wl_vac(nm)	unc_ritz_wl	intens	Aki(s^-1)	Acc	Ei(cm-1)	Ek(cm-1)	conf_i	term_i	J_i	conf_k	term_k	J_k	Type	tp_ref	line_ref	
"200.105"	""	""	"3"	""		""	""	""	""	""	""	""	""		""	"L153"	
"200.162"	"200.163"	"0.003"	"3"	""		"3325.53"	"53284.92"	"5d4.6s2"	"5D"	"2"	""	"*"	"2"		""	"L153"	
"200.180"	"200.179"	"0.003"	"1"	""		"6219.33"	"56174.63"	"5d4.6s2"	"5D"	"4"	""	"*"	"4"		""	"L153"	
"200.312"	""	""	"5"	""		""	""	""	""	""	""	""	""		""	"L153"	
"200.758"	""	""	"3"	""		""	""	""	""	""	""	""	""		""	"L153"	
"200.928"	"200.930"	"0.003"	"1"	""		"6219.33"	"55987.90"	"5d4.6s2"	"5D"	"4"	""	"*"	"5"		""	"L153"	
"200.956"	""	""	"3"	""		""	""	""	""	""	""	""	""		""	"L153"	
"201.537"	"201.540"	"0.003"	"1"	""		"3325.53"	"52943.48"	"5d4.6s2"	"5D"	"2"	""	"*"	"3"		""	"L153"	
"201.705"	"201.710"	"0.003"	"3"	""		"6219.33"	"55795.48"	"5d4.6s2"	"5D"	"4"	""	"*"	"5"		""	"L153"	
"202.076"	"202.081"	"0.003"	"5"	""		"2951.29"	"52436.44"	"5d5.(6S).6s"	"7S"	"3"	""	"*"	"4"		""	"L153"	
"202.246"	"202.250"	"0.003"	"3"	""		"0.00"	"49443.70"	"5d4.6s2"	"5D"	"0"	""	"*"	"1"		""	"L153"	
"202.269"	"202.266"	"0.003"	"2"	""		"4830.00"	"54269.77"	"5d4.6s2"	"5D"	"3"	""	"*"	"3"		""	"L153"	
"202.452"	""	""	"5"	""		""	""	""	""	""	""	""	""		""	"L153"	
"203.084"	""	""	"2"	""		""	""	""	""	""	""	""	""		""	"L153"	
"203.101"	"203.103"	"0.003"	"2"	""		"6219.33"	"55455.35"	"5d4.6s2"	"5D"	"4"	""	"*"	"5"		""	"L153"	
"203.542"	"203.545"	"0.003"	"4"	""		"4830.00"	"53959.28"	"5d4.6s2"	"5D"	"3"	""	"*"	"2"		""	"L153"	
"203.611"	"203.613"	"0.003"	"2"	""		"2951.29"	"52064.08"	"5d5.(6S).6s"	"7S"	"3"	""	"*"	"2"		""	"L153"	
"203.757"	""	""	"3"	""		""	""	""	""	""	""	""	""		""	"L153"	
"204.004"	"204.004"	"0.003"	"3"	""		"4830.00"	"53848.63"	"5d4.6s2"	"5D"	"3"	""	"*"	"4"		""	"L153"	
"204.482"	"204.479"	"0.003"	"1"	""		"2951.29"	"51856.10"	"5d5.(6S).6s"	"7S"	"3"	""	"*"	"4"		""	"L153"	
"204.640"	""	""	"3"	""		""	""	""	""	""	""	""	""		""	"L153"	
"204.814"	"204.816"	"0.003"	"3*"	""		"1670.29"	"50494.54"	"5d4.6s2"	"5D"	"1"	""	"*"	"2"		""	"L153"	
"204.814"	"204.817"	"0.003"	"3*"	""		"6219.33"	"55043.34"	"5d4.6s2"	"5D"	"4"	""	"*"	"4"		""	"L153"	
"204.969"	"204.968"	"0.003"	"3"	""		"0.00"	"48788.06"	"5d4.6s2"	"5D"	"0"	""	"*"	"1"		""	"L153"	
"205.170"	""	""	"3"	""		""	""	""	""	""	""	""	""		""	"L153"	
"205.260"	""	""	"3"	""		""	""	""	""	""	""	""	""		""	"L153"	
"205.4172"	"205.417"	"0.003"	"3"	""		"6219.33"	"54900.90"	"5d4.6s2"	"5D"	"4"	""	"*"	"3"		""	"L153"	
"205.9275"	"205.929"	"0.003"	"10"	""		"4830.00"	"53390.42"	"5d4.6s2"	"5D"	"3"	""	"*"	"3"		""	"L153"	
"206.119"	"206.120"	"0.003"	"3"	""		"4830.00"	"53345.52"	"5d4.6s2"	"5D"	"3"	""	"*"	"3"		""	"L153"	
"206.197"	""	""	"2"	""		""	""	""	""	""	""	""	""		""	"L153"	
"206.3413"	"206.344"	"0.003"	"4"	""		"15069.93"	"63532.78"	"5d4.6s2"	"3H"	"5"	""	"*"	"6"		""	"L153"	
"206.376"	"206.377"	"0.003"	"6"	""		"4830.00"	"53284.92"	"5d4.6s2"	"5D"	"3"	""	"*"	"2"		""	"L153"	
"206.517"	""	""	"2"	""		""	""	""	""	""	""	""	""		""	"L153"	
"206.5716"	"206.576"	"0.003"	"6"	""		"4830.00"	"53238.41"	"5d4.6s2"	"5D"	"3"	""	"*"	"4"		""	"L153"	
"206.652"	"206.654"	"0.003"	"4"	""		"0.00"	"48389.96"	"5d4.6s2"	"5D"	"0"	""	"*"	"1"		""	"L153"	
"206.7264"	""	""	"6"	""		""	""	""	""	""	""	""	""		""	"L153"	
"207.089"	"207.090"	"0.003"	"3"	""		"4830.00"	"53118.29"	"5d4.6s2"	"5D"	"3"	""	"*"	"4"		""	"L153"	
"207.121"	"207.120"	"0.003"	"6"	""		"3325.53"	"51606.78"	"5d4.6s2"	"5D"	"2"	""	"*"	"2"		""	"L153"	
"207.146"	"207.147"	"0.003"	"3"	""		"3325.53"	"51600.52"	"5d4.6s2"	"5D"	"2"	""	"*"	"3"		""	"L153"	
"207.776"	"207.778"	"0.003"	"8"	""		"1670.29"	"49798.48"	"5d4.6s2"	"5D"	"1"	""	"*"	"0"		""	"L153"	
"207.8394"	"207.842"	"0.003"	"1"	""		"4830.00"	"52943.48"	"5d4.6s2"	"5D"	"3"	""	"*"	"3"		""	"L153"	
"208.111"	"208.115"	"0.003"	"4"	""		"6219.33"	"54269.77"	"5d4.6s2"	"5D"	"4"	""	"*"	"3"		""	"L153"	
"208.203"	"208.206"	"0.003"	"12"	""		"1670.29"	"49699.56"	"5d4.6s2"	"5D"	"1"	""	"*"	"2"		""	"L153"	
"208.3469"	"208.349"	"0.003"	"8"	""		"12161.96"	"60158.32"	"5d4.6s2"	"3H"	"4"	""	"*"	"4"		""	"L153"	
"208.612"	"208.615"	"0.003"	"8"	""		"3325.53"	"51260.68"	"5d4.6s2"	"5D"	"2"	""	"*"	"1"		""	"L153"	
"208.776"	"208.771"	"0.003"	"80c*"	""		"6219.33"	"54118.78"	"5d4.6s2"	"5D"	"4"	""	"*"	"4"		""	"L153"	
"208.776"	"208.777"	"0.003"	"80c*"	""		"6219.33"	"54117.36"	"5d4.6s2"	"5D"	"4"	""	"*"	"3"		""	"L153c23"	
"208.8597"	""	""	"3"	""		""	""	""	""	""	""	""	""		""	"L153"	
"208.956"	"208.957"	"0.003"	"2"	""		"3325.53"	"51182.38"	"5d4.6s2"	"5D"	"2"	""	"*"	"2"		""	"L153"	
"208.996"	"209.000"	"0.003"	"30"	""		"1670.29"	"49517.26"	"5d4.6s2"	"5D"	"1"	""	"*"	"2"		""	"L153"	
"209.114"	"209.118"	"0.003"	"60"	""		"0.00"	"47819.94"	"5d4.6s2"	"5D"	"0"	""	"*"	"1"		""	"L153"	
"209.3181"	"209.321"	"0.003"	"10"	""		"1670.29"	"49443.70"	"5d4.6s2"	"5D"	"1"	""	"*"	"1"		""	"L153"	
"209.433"	"209.439"	"0.003"	"15"	""		"3325.53"	"51072.18"	"5d4.6s2"	"5D"	"2"	""	"*"	"3"		""	"L153"	
"209.473"	""	""	"15"	""		""	""	""	""	""	""	""	""		""	"L153"	
"209.570"	""	""	"2"	""		""	""	""	""	""	""	""	""		""	"L153"	
"209.623"	""	""	"25"	""		""	""	""	""	""	""	""	""		""	"L153"	
"209.819"	""	""	"1"	""		""	""	""	""	""	""	""	""		""	"L153"	
"209.889"	"209.893"	"0.003"	"60"	""		"6219.33"	"53862.72"	"5d4.6s2"	"5D"	"4"	""	"*"	"5"		""	"L153"	
"209.9512"	"209.955"	"0.003"	"25"	""		"6219.33"	"53848.63"	"5d4.6s2"	"5D"	"4"	""	"*"	"4"		""	"L153"	
"210.052"	"210.056"	"0.003"	"50"	""		"4830.00"	"52436.44"	"5d4.6s2"	"5D"	"3"	""	"*"	"4"		""	"L153"	
"210.2205"	"210.2228"	"0.0022"	"50"	""		"3325.53"	"50894.12"	"5d4.6s2"	"5D"	"2"	""	"*"	"3"		""	"L153"	
"210.332"	"210.3348"	"0.0022"	"8"	""		"2951.29"	"50494.54"	"5d5.(6S).6s"	"7S"	"3"	""	"*"	"2"		""	"L153"	
"210.3644"	""	""	"3"	""		""	""	""	""	""	""	""	""		""	"L153"	
"210.404"	""	""	"5"	""		""	""	""	""	""	""	""	""		""	"L153"	
"210.475"	"210.4760"	"0.0022"	"15"	""		"12161.96"	"59673.32"	"5d4.6s2"	"3H"	"4"	""	"*"	"5"		""	"L153"	
"210.607"	"210.6077"	"0.0022"	"50"	""		"1670.29"	"49151.94"	"5d4.6s2"	"5D"	"1"	""	"*"	"2"		""	"L153"	
"210.642"	"210.6376"	"0.0022"	"25"	""		"3325.53"	"50800.44"	"5d4.6s2"	"5D"	"2"	""	"*"	"3"		""	"L153"	
"210.724"	"210.7300"	"0.0022"	"15"	""		"15069.93"	"62524.02"	"5d4.6s2"	"3H"	"5"	""	"*"	"6"		""	"L153"	
"210.761"	""	""	"8"	""		""	""	""	""	""	""	""	""		""	"L153"	
"210.853"	"210.8557"	"0.0022"	"15"	""		"4830.00"	"52255.80"	"5d4.6s2"	"5D"	"3"	""	"*"	"3"		""	"L153"	
"210.998"	"211.0000"	"0.0018"	"60"	""		"3325.53"	"50718.90"	"5d4.6s2"	"5D"	"2"	""	"*"	"2"		""	"L153"	
"211.056"	""	""	"12"	""		""	""	""	""	""	""	""	""		""	"L153"	
"211.180"	"211.1821"	"0.0018"	"15"	""		"2951.29"	"50303.78"	"5d5.(6S).6s"	"7S"	"3"	""	"*"	"3"		""	"L153"	
"211.314"	"211.3154"	"0.0018"	"6"	""		"4830.00"	"52152.62"	"5d4.6s2"	"5D"	"3"	""	"*"	"2"		""	"L153"	
"211.549"	""	""	"8"	""		""	""	""	""	""	""	""	""		""	"L153"	
"211.616"	"211.6154"	"0.0018"	"3"	""		"0.00"	"47255.55"	"5d4.6s2"	"5D"	"0"	""	"*"	"1"		""	"L153"	
"211.697"	"211.6950"	"0.0018"	"40"	""		"12161.96"	"59399.74"	"5d4.6s2"	"3H"	"4"	""	"*"	"3"		""	"L153"	
"211.711"	"211.7101"	"0.0018"	"30*"	""		"2951.29"	"50185.70"	"5d5.(6S).6s"	"7S"	"3"	""	"*"	"3"		""	"L153"	
"211.711"	"211.7115"	"0.0018"	"30*"	""		"4830.00"	"52064.08"	"5d4.6s2"	"5D"	"3"	""	"*"	"2"		""	"L153"	
"211.730"	"211.7308"	"0.0018"	"20"	""		"4830.00"	"52059.78"	"5d4.6s2"	"5D"	"3"	""	"*"	"4"		""	"L153"	
"211.826"	"211.8284"	"0.0018"	"30"	""		"3325.53"	"50533.55"	"5d4.6s2"	"5D"	"2"	""	"*"	"1"		""	"L153"	
"211.929"	"211.9305"	"0.0018"	"25"	""		"4830.00"	"52015.28"	"5d4.6s2"	"5D"	"3"	""	"*"	"3"		""	"L153"	
"211.997"	"211.9943"	"0.0018"	"120*"	""		"6219.33"	"53390.42"	"5d4.6s2"	"5D"	"4"	""	"*"	"3"		""	"L153"	
"211.997"	"212.0036"	"0.0018"	"120*"	""		"3325.53"	"50494.54"	"5d4.6s2"	"5D"	"2"	""	"*"	"2"		""	"L153"	
"212.141"	""	""	"12"	""		""	""	""	""	""	""	""	""		""	"L153"	
"212.194"	"212.1962"	"0.0018"	"3"	""		"6219.33"	"53345.52"	"5d4.6s2"	"5D"	"4"	""	"*"	"3"		""	"L153"	
"212.227"	"212.2342"	"0.0018"	"100c"	""		"1670.29"	"48788.06"	"5d4.6s2"	"5D"	"1"	""	"*"	"1"		""	"L153"	
"212.304"	"212.3067"	"0.0018"	"20"	""		"12161.96"	"59263.63"	"5d4.6s2"	"3H"	"4"	""	"*"	"5"		""	"L153"	
"212.382"	"212.3838"	"0.0018"	"30"	""		"15069.93"	"62154.50"	"5d4.6s2"	"3H"	"5"	""	"*"	"5"		""	"L153"	
"212.553"	""	""	"20w"	""		""	""	""	""	""	""	""	""		""	"L153"	
"212.562"	""	""	"6"	""		""	""	""	""	""	""	""	""		""	"L153"	
"212.603"	"212.6007"	"0.0018"	"3"	""		"13348.56"	"60385.09"	"5d4.6s2"	"3G"	"3"	""	"*"	"4"		""	"L153"	
"212.646"	"212.6479"	"0.0018"	"15"	""		"4830.00"	"51856.10"	"5d4.6s2"	"5D"	"3"	""	"*"	"4"		""	"L153"	
"212.6786"	"212.6796"	"0.0018"	"25"	""		"6219.33"	"53238.41"	"5d4.6s2"	"5D"	"4"	""	"*"	"4"		""	"L153"	
"212.7216"	"212.7218"	"0.0018"	"6"	""		"12161.96"	"59171.71"	"5d4.6s2"	"3H"	"4"	""	"*"	"4"		""	"L153"	
"212.822"	"212.8219"	"0.0018"	"3"	""		"12161.96"	"59149.60"	"5d4.6s2"	"3H"	"4"	""	"*"	"5"		""	"L153"	
"212.8629"	"212.8645"	"0.0018"	"15"	""		"3325.53"	"50303.78"	"5d4.6s2"	"5D"	"2"	""	"*"	"3"		""	"L153"	
"212.8794"	"212.8796"	"0.0018"	"50"	""		"6219.33"	"53194.25"	"5d4.6s2"	"5D"	"4"	""	"*"	"5"		""	"L153"	
"212.967"	""	""	"10"	""		""	""	""	""	""	""	""	""		""	"L153"	
"213.072"	"213.0690"	"0.0018"	"20"	""		"1670.29"	"48603.44"	"5d4.6s2"	"5D"	"1"	""	"*"	"0"		""	"L153"	
"213.2199"	"213.2243"	"0.0018"	"8"	""		"6219.33"	"53118.29"	"5d4.6s2"	"5D"	"4"	""	"*"	"4"		""	"L153"	
"213.384"	"213.3841"	"0.0018"	"1"	""		"4830.00"	"51693.85"	"5d4.6s2"	"5D"	"3"	""	"*"	"2"		""	"L153"	
"213.399"	"213.4008"	"0.0018"	"3"	""		"3325.53"	"50185.70"	"5d4.6s2"	"5D"	"2"	""	"*"	"3"		""	"L153"	
"213.432"	""	""	"30"	""		""	""	""	""	""	""	""	""		""	"L153"	
"213.6299"	"213.6307"	"0.0018"	"6"	""		"13348.56"	"60158.32"	"5d4.6s2"	"3G"	"3"	""	"*"	"4"		""	"L153"	
"213.6549"	""	""	"8"	""		""	""	""	""	""	""	""	""		""	"L153"	
"213.7809"	"213.7813"	"0.0018"	"20"	""		"4830.00"	"51606.78"	"5d4.6s2"	"5D"	"3"	""	"*"	"2"		""	"L153"	
"213.8074"	"213.8099"	"0.0018"	"10"	""		"4830.00"	"51600.52"	"5d4.6s2"	"5D"	"3"	""	"*"	"3"		""	"L153"	
"213.938"	"213.9403"	"0.0018"	"10"	""		"12161.96"	"58903.98"	"5d4.6s2"	"3H"	"4"	""	"*"	"5"		""	"L153"	
"214.020"	"214.0221"	"0.0018"	"8"	""		"6219.33"	"52943.48"	"5d4.6s2"	"5D"	"4"	""	"*"	"3"		""	"L153"	
"214.040"	"214.0426"	"0.0018"	"15"	""		"1670.29"	"48389.96"	"5d4.6s2"	"5D"	"1"	""	"*"	"1"		""	"L153"	
"214.1897"	"214.1927"	"0.0018"	"15"	""		"12161.96"	"58848.90"	"5d4.6s2"	"3H"	"4"	""	"*"	"4"		""	"L153"	
"214.1982"	"214.2005"	"0.0018"	"6"	""		"2951.29"	"49636.52"	"5d5.(6S).6s"	"7S"	"3"	""	"*"	"4"		""	"L153"	
"214.360"	"214.3598"	"0.0018"	"2"	""		"13348.56"	"59999.10"	"5d4.6s2"	"3G"	"3"	""	"*"	"2"		""	"L153"	
"214.368"	"214.3689"	"0.0018"	"20"	""		"1670.29"	"48318.84"	"5d4.6s2"	"5D"	"1"	""	"*"	"2"		""	"L153"	
"214.3932"	"214.3943"	"0.0018"	"15"	""		"4830.00"	"51473.04"	"5d4.6s2"	"5D"	"3"	""	"*"	"4"		""	"L153"	
"214.404"	"214.4059"	"0.0018"	"10"	""		"3325.53"	"49966.03"	"5d4.6s2"	"5D"	"2"	""	"*"	"3"		""	"L153"	
"214.518"	"214.5194"	"0.0018"	"12"	""		"12161.96"	"58777.80"	"5d4.6s2"	"3H"	"4"	""	"*"	"4"		""	"L153"	
"214.617"	"214.6184"	"0.0018"	"6"	""		"1670.29"	"48264.62"	"5d4.6s2"	"5D"	"1"	""	"*"	"0"		""	"L153"	
"214.711"	"214.7121"	"0.0018"	"35r"	""		"1670.29"	"48244.29"	"5d4.6s2"	"5D"	"1"	""	"*"	"2"		""	"L153"	
"214.799"	"214.8008"	"0.0018"	"35"	""		"6219.33"	"52774.10"	"5d4.6s2"	"5D"	"4"	""	"*"	"5"		""	"L153"	
"214.821"	""	""	"12"	""		""	""	""	""	""	""	""	""		""	"L153"	
"214.9392"	"214.9415"	"0.0018"	"6"	""		"17008.50"	"63532.78"	"5d4.6s2"	"3H"	"6"	""	"*"	"6"		""	"L153"	
"215.136"	"215.1364"	"0.0019"	"2"	""		"12161.96"	"58644.10"	"5d4.6s2"	"3H"	"4"	""	"*"	"3"		""	"L153"	
"215.1752"	""	""	"8"	""		""	""	""	""	""	""	""	""		""	"L153"	
"215.212"	"215.2131"	"0.0019"	"8"	""		"15069.93"	"61535.50"	"5d4.6s2"	"3H"	"5"	""	"*"	"4"		""	"L153"	
"215.260"	""	""	"5"	""		""	""	""	""	""	""	""	""		""	"L153"	
"215.554"	""	""	"5"	""		""	""	""	""	""	""	""	""		""	"L153"	
"215.6368"	"215.6379"	"0.0019"	"20"	""		"3325.53"	"49699.56"	"5d4.6s2"	"5D"	"2"	""	"*"	"2"		""	"L153"	
"215.737"	"215.7387"	"0.0019"	"2"	""		"4830.00"	"51182.38"	"5d4.6s2"	"5D"	"3"	""	"*"	"2"		""	"L153"	
"215.836"	"215.8370"	"0.0019"	"10"	""		"9528.06"	"55859.32"	"5d4.6s2"	"3P2"	"0"	""	"*"	"1"		""	"L153"	
"215.863"	"215.8636"	"0.0019"	"6"	""		"12161.96"	"58487.52"	"5d4.6s2"	"3H"	"4"	""	"*"	"3"		""	"L153"	
"216.021"	"216.0218"	"0.0019"	"12"	""		"0.00"	"46291.63"	"5d4.6s2"	"5D"	"0"	""	"*"	"1"		""	"L153"	
"216.3495"	"216.3500"	"0.0019"	"6"	""		"13777.71"	"59999.10"	"5d4.6s2"	"3F2"	"2"	""	"*"	"2"		""	"L153"	
"216.3683"	"216.3701"	"0.0019"	"15"	""		"6219.33"	"52436.44"	"5d4.6s2"	"5D"	"4"	""	"*"	"4"		""	"L153"	
"216.4474"	"216.4472"	"0.0019"	"8"	""		"2951.29"	"49151.94"	"5d5.(6S).6s"	"7S"	"3"	""	"*"	"2"		""	"L153"	
"216.488"	"216.4890"	"0.0019"	"15"	""		"3325.53"	"49517.26"	"5d4.6s2"	"5D"	"2"	""	"*"	"2"		""	"L153"	
"216.5019"	"216.5027"	"0.0019"	"25r"	""		"3325.53"	"49514.34"	"5d4.6s2"	"5D"	"2"	""	"*"	"3"		""	"L153"	
"216.5214"	""	""	"12"	""		""	""	""	""	""	""	""	""		""	"L153"	
"216.5608"	"216.5619"	"0.0019"	"25r"	""		"6219.33"	"52395.50"	"5d4.6s2"	"5D"	"4"	""	"*"	"5"		""	"L153"	
"216.6366"	""	""	"8"	""		""	""	""	""	""	""	""	""		""	"L153"	
"216.6620"	"216.6636"	"0.0019"	"12"	""		"12161.96"	"58316.46"	"5d4.6s2"	"3H"	"4"	""	"*"	"4"		""	"L153"	
"216.6845"	"216.6864"	"0.0019"	"2"	""		"1670.29"	"47819.94"	"5d4.6s2"	"5D"	"1"	""	"*"	"1"		""	"L153"	
"216.8334"	"216.8343"	"0.0019"	"25"	""		"3325.53"	"49443.70"	"5d4.6s2"	"5D"	"2"	""	"*"	"1"		""	"L153"	
"216.8486"	"216.8497"	"0.0019"	"5"	""		"13307.10"	"59422.00"	"5d4.6s2"	"3P2"	"1"	""	"*"	"2"		""	"L153"	
"216.8970"	"216.8980"	"0.0019"	"25"	""		"0.00"	"46104.62"	"5d4.6s2"	"5D"	"0"	""	"*"	"1"		""	"L153"	
"216.9536"	"216.9556"	"0.0019"	"10"	""		"3325.53"	"49417.90"	"5d4.6s2"	"5D"	"2"	""	"*"	"3"		""	"L153"	
"217.0155"	"217.0164"	"0.0019"	"100r"	""		"4830.00"	"50909.47"	"5d4.6s2"	"5D"	"3"	""	"*"	"4"		""	"L153"	
"217.0341"	"217.0351"	"0.0019"	"4"	""		"15460.01"	"61535.50"	"5d4.6s2"	"3D"	"3"	""	"*"	"4"		""	"L153"	
"217.0441"	"217.0448"	"0.0019"	"2"	""		"13348.56"	"59422.00"	"5d4.6s2"	"3G"	"3"	""	"*"	"2"		""	"L153"	
"217.0877"	"217.0887"	"0.0019"	"40"	""		"4830.00"	"50894.12"	"5d4.6s2"	"5D"	"3"	""	"*"	"3"		""	"L153"	
"217.1313"	""	""	"3"	""		""	""	""	""	""	""	""	""		""	"L153"	
"217.1767"	""	""	"4w"	""		""	""	""	""	""	""	""	""		""	"L153"	
"217.182"	"217.1834"	"0.0019"	"1"	""		"12161.96"	"58206.00"	"5d4.6s2"	"3H"	"4"	""	"*"	"3"		""	"L153"	
"217.219"	"217.2191"	"0.0019"	"3"	""		"6219.33"	"52255.80"	"5d4.6s2"	"5D"	"4"	""	"*"	"3"		""	"L153"	
"217.3665"	""	""	"12"	""		""	""	""	""	""	""	""	""		""	"L153"	
"217.5302"	"217.5311"	"0.0019"	"60"	""		"4830.00"	"50800.44"	"5d4.6s2"	"5D"	"3"	""	"*"	"3"		""	"L153"	
"217.576"	""	""	"3"	""		""	""	""	""	""	""	""	""		""	"L153"	
"217.6524"	"217.6533"	"0.0019"	"80r"	""		"3325.53"	"49270.16"	"5d4.6s2"	"5D"	"2"	""	"*"	"2"		""	"L153"	
"217.7240"	"217.7244"	"0.0019"	"6"	""		"12161.96"	"58091.58"	"5d4.6s2"	"3H"	"4"	""	"*"	"3"		""	"L153"	
"217.7620"	""	""	"10"	""		""	""	""	""	""	""	""	""		""	"L153"	
"217.8442"	"217.8442"	"0.0019"	"30"	""		"13307.10"	"59211.47"	"5d4.6s2"	"3P2"	"1"	""	"*"	"2"		""	"L153"	
"217.9156"	"217.9176"	"0.0019"	"80r"	""		"4830.00"	"50718.90"	"5d4.6s2"	"5D"	"3"	""	"*"	"2"		""	"L153"	
"217.9568"	""	""	"3"	""		""	""	""	""	""	""	""	""		""	"L153"	
"218.0447"	"218.0466"	"0.0019"	"100r"	""		"6219.33"	"52081.09"	"5d4.6s2"	"5D"	"4"	""	"*"	"5"		""	"L153"	
"218.0709"	"218.0724"	"0.0019"	"4"	""		"9528.06"	"55384.38"	"5d4.6s2"	"3P2"	"0"	""	"*"	"1"		""	"L153"	
"218.1461"	"218.1479"	"0.0019"	"40"	""		"6219.33"	"52059.78"	"5d4.6s2"	"5D"	"4"	""	"*"	"4"		""	"L153"	
"218.217"	"218.2148"	"0.0019"	"15"	""		"3325.53"	"49151.94"	"5d4.6s2"	"5D"	"2"	""	"*"	"2"		""	"L153"	
"218.2286"	"218.2303"	"0.0019"	"2"	""		"13348.56"	"59171.71"	"5d4.6s2"	"3G"	"3"	""	"*"	"4"		""	"L153"	
"218.2629"	""	""	"10"	""		""	""	""	""	""	""	""	""		""	"L153"	
"218.358"	"218.3599"	"0.0019"	"150r"	""		"6219.33"	"52015.28"	"5d4.6s2"	"5D"	"4"	""	"*"	"3"		""	"L153"	
"218.415"	""	""	"12"	""		""	""	""	""	""	""	""	""		""	"L153"	
"218.4888"	""	""	"35"	""		""	""	""	""	""	""	""	""		""	"L153"	
"218.524"	"218.5276"	"0.0019"	"6"	""		"0.00"	"45760.80"	"5d4.6s2"	"5D"	"0"	""	"*"	"1"		""	"L153"	
"218.5940"	"218.5954"	"0.0019"	"40"	""		"3325.53"	"49072.14"	"5d4.6s2"	"5D"	"2"	""	"*"	"3"		""	"L153"	
"218.6984"	"218.6997"	"0.0019"	"8"	""		"2951.29"	"48676.08"	"5d5.(6S).6s"	"7S"	"3"	""	"*"	"4"		""	"L153"	
"218.7058"	"218.7074"	"0.0019"	"25"	""		"16431.31"	"62154.50"	"5d4.6s2"	"3G"	"4"	""	"*"	"5"		""	"L153"	
"218.838"	""	""	"3"	""		""	""	""	""	""	""	""	""		""	"L153"	
"218.917"	"218.9190"	"0.0019"	"10"	""		"17008.50"	"62687.50"	"5d4.6s2"	"3H"	"6"	""	"*"	"6"		""	"L153"	
"218.954"	"218.9551"	"0.0019"	"5"	""		"15069.93"	"60741.40"	"5d4.6s2"	"3H"	"5"	""	"*"	"5"		""	"L153"	
"218.973"	"218.9741"	"0.0019"	"15"	""		"1670.29"	"47337.79"	"5d4.6s2"	"5D"	"1"	""	"*"	"2"		""	"L153"	
"218.987"	"218.9883"	"0.0019"	"30"	""		"4830.00"	"50494.54"	"5d4.6s2"	"5D"	"3"	""	"*"	"2"		""	"L153"	
"219.096"	"219.0979"	"0.0019"	"1"	""		"12161.96"	"57803.66"	"5d4.6s2"	"3H"	"4"	""	"*"	"4"		""	"L153"	
"219.120"	"219.1216"	"0.0019"	"40"	""		"6219.33"	"51856.10"	"5d4.6s2"	"5D"	"4"	""	"*"	"4"		""	"L153"	
"219.1910"	"219.1924"	"0.0019"	"4"	""		"13777.71"	"59399.74"	"5d4.6s2"	"3F2"	"2"	""	"*"	"3"		""	"L153"	
"219.2131"	""	""	"4"	""		""	""	""	""	""	""	""	""		""	"L153"	
"219.249"	""	""	"4"	""		""	""	""	""	""	""	""	""		""	"L153"	
"219.305"	""	""	"60"	""		""	""	""	""	""	""	""	""		""	"L153"	
"219.3300"	""	""	"30"	""		""	""	""	""	""	""	""	""		""	"L153"	
"219.3701"	"219.3692"	"0.0019"	"50"	""		"1670.29"	"47255.55"	"5d4.6s2"	"5D"	"1"	""	"*"	"1"		""	"L153"	
"219.4393"	"219.4402"	"0.0019"	"30"	""		"12161.96"	"57732.46"	"5d4.6s2"	"3H"	"4"	""	"*"	"3"		""	"L153"	
"219.547"	""	""	"10"	""		""	""	""	""	""	""	""	""		""	"L153"	
"219.7040"	"219.7053"	"0.0019"	"4"	""		"17008.50"	"62524.02"	"5d4.6s2"	"3H"	"6"	""	"*"	"6"		""	"L153"	
"219.7766"	"219.7786"	"0.0019"	"80"	""		"13348.56"	"58848.90"	"5d4.6s2"	"3G"	"3"	""	"*"	"4"		""	"L153"	
"219.9054"	"219.9069"	"0.0019"	"150"	""		"4830.00"	"50303.78"	"5d4.6s2"	"5D"	"3"	""	"*"	"3"		""	"L153"	
"219.9602"	"219.9614"	"0.0019"	"200r"	""		"3325.53"	"48788.06"	"5d4.6s2"	"5D"	"2"	""	"*"	"1"		""	"L153"	
"219.9853"	"219.9862"	"0.0019"	"40"	""		"12161.96"	"57619.36"	"5d4.6s2"	"3H"	"4"	""	"*"	"3"		""	"L153"	
"219.9987"	"219.9995"	"0.0019"	"50"	""		"4830.00"	"50284.64"	"5d4.6s2"	"5D"	"3"	""	"*"	"4"		""	"L153"	
"220.057"	""	""	"12"	""		""	""	""	""	""	""	""	""		""	"L153"	
"220.1003"	"220.1006"	"0.0009"	"25"	""		"13777.71"	"59211.47"	"5d4.6s2"	"3F2"	"2"	""	"*"	"2"		""	"L153"	
"220.1219"	"220.1225"	"0.0009"	"20"	""		"13348.56"	"58777.80"	"5d4.6s2"	"3G"	"3"	""	"*"	"4"		""	"L153"	
"220.2191"	"220.2201"	"0.0009"	"60"	""		"1670.29"	"47079.40"	"5d4.6s2"	"5D"	"1"	""	"*"	"2"		""	"L153"	
"220.3543"	"220.3556"	"0.0009"	"50"	""		"6219.33"	"51600.52"	"5d4.6s2"	"5D"	"4"	""	"*"	"3"		""	"L153"	
"220.3876"	"220.3851"	"0.0009"	"40*"	""		"2951.29"	"48326.41"	"5d5.(6S).6s"	"7S"	"3"	""	"*"	"3"		""	"L153"	
"220.3876"	"220.3905"	"0.0009"	"40*"	""		"0.00"	"45374.00"	"5d4.6s2"	"5D"	"0"	""	"*"	"1"		""	"L153"	
"220.4206"	"220.4219"	"0.0009"	"6"	""		"2951.29"	"48318.84"	"5d5.(6S).6s"	"7S"	"3"	""	"*"	"2"		""	"L153"	
"220.4780"	"220.4795"	"0.0009"	"50"	""		"4830.00"	"50185.70"	"5d4.6s2"	"5D"	"3"	""	"*"	"3"		""	"L153"	
"220.5298"	"220.5320"	"0.0009"	"15"	""		"15069.93"	"60414.83"	"5d4.6s2"	"3H"	"5"	""	"*"	"6"		""	"L153"	
"220.6056"	""	""	"20"	""		""	""	""	""	""	""	""	""		""	"L153"	
"220.7144"	"220.7157"	"0.0009"	"4"	""		"13348.56"	"58655.72"	"5d4.6s2"	"3G"	"3"	""	"*"	"2"		""	"L153"	
"220.7716"	"220.7723"	"0.0009"	"20"	""		"13348.56"	"58644.10"	"5d4.6s2"	"3G"	"3"	""	"*"	"3"		""	"L153"	
"220.7848"	"220.7847"	"0.0009"	"30"	""		"2951.29"	"48244.29"	"5d5.(6S).6s"	"7S"	"3"	""	"*"	"2"		""	"L153"	
"220.8061"	"220.8075"	"0.0009"	"40"	""		"13307.10"	"58595.42"	"5d4.6s2"	"3P2"	"1"	""	"*"	"2"		""	"L153"	
"220.8230"	""	""	"20"	""		""	""	""	""	""	""	""	""		""	"L153"	
"220.9003"	""	""	"25"	""		""	""	""	""	""	""	""	""		""	"L153"	
"220.9071"	""	""	"15"	""		""	""	""	""	""	""	""	""		""	"L153"	
"220.9753"	"220.9764"	"0.0009"	"35"	""		"6219.33"	"51473.04"	"5d4.6s2"	"5D"	"4"	""	"*"	"4"		""	"L153"	
"221.0111"	"221.0098"	"0.0009"	"20"	""		"13348.56"	"58595.42"	"5d4.6s2"	"3G"	"3"	""	"*"	"2"		""	"L153"	
"221.1434"	"221.1447"	"0.0009"	"15"	""		"2951.29"	"48170.55"	"5d5.(6S).6s"	"7S"	"3"	""	"*"	"3"		""	"L153"	
"221.2333"	""	""	"30"	""		""	""	""	""	""	""	""	""		""	"L153"	
"221.2859"	"221.2861"	"0.0009"	"75"	""		"12161.96"	"57352.32"	"5d4.6s2"	"3H"	"4"	""	"*"	"3"		""	"L153"	
"221.3296"	""	""	"20"	""		""	""	""	""	""	""	""	""		""	"L153"	
"221.4150"	""	""	"8"	""		""	""	""	""	""	""	""	""		""	"L153"	
"221.4386"	"221.4386"	"0.0009"	"40"	""		"15069.93"	"60229.18"	"5d4.6s2"	"3H"	"5"	""	"*"	"5"		""	"L153"	
"221.5030"	"221.5036"	"0.0009"	"50"	""		"17008.50"	"62154.50"	"5d4.6s2"	"3H"	"6"	""	"*"	"5"		""	"L153"	
"221.5398"	"221.5381"	"0.0009"	"20"	""		"13348.56"	"58487.52"	"5d4.6s2"	"3G"	"3"	""	"*"	"3"		""	"L153"	
"221.5520"	"221.5519"	"0.0009"	"40"	""		"1670.29"	"46806.45"	"5d4.6s2"	"5D"	"1"	""	"*"	"2"		""	"L153"	
"221.6044"	""	""	"12"	""		""	""	""	""	""	""	""	""		""	"L153"	
"221.7104"	"221.7089"	"0.0009"	"30"	""		"16431.31"	"61535.50"	"5d4.6s2"	"3G"	"4"	""	"*"	"4"		""	"L153"	
"221.7866"	"221.7866"	"0.0009"	"30"	""		"15069.93"	"60158.32"	"5d4.6s2"	"3H"	"5"	""	"*"	"4"		""	"L153"	
"221.871"	"221.8702"	"0.0009"	"3"	""		"6219.33"	"51290.73"	"5d4.6s2"	"5D"	"4"	""	"*"	"5"		""	"L153"	
"221.9043"	"221.9045"	"0.0009"	"40"	""		"3325.53"	"48389.96"	"5d4.6s2"	"5D"	"2"	""	"*"	"1"		""	"L153"	
"221.9883"	"221.9880"	"0.0009"	"25"	""		"17107.01"	"62154.50"	"5d4.6s2"	"3F2"	"4"	""	"*"	"5"		""	"L153"	
"221.9986"	"221.9988"	"0.0009"	"6c"	""		"16431.31"	"61476.60"	"5d4.6s2"	"3G"	"4"	""	"*"	"5"		""	"L153"	
"222.078"	""	""	"3"	""		""	""	""	""	""	""	""	""		""	"L153"	
"222.109"	"222.1091"	"0.0009"	"35"	""		"14976.18"	"59999.10"	"5d4.6s2"	"3D"	"2"	""	"*"	"2"		""	"L153"	
"222.1366"	"222.1367"	"0.0009"	"8c"	""		"2951.29"	"47968.62"	"5d5.(6S).6s"	"7S"	"3"	""	"*"	"4"		""	"L153"	
"222.2543"	"222.2553"	"0.0009"	"40"	""		"3325.53"	"48318.84"	"5d4.6s2"	"5D"	"2"	""	"*"	"2"		""	"L153"	
"222.3055"	"222.3058"	"0.0009"	"6"	""		"13307.10"	"58290.18"	"5d4.6s2"	"3P2"	"1"	""	"*"	"1"		""	"L153"	
"222.3136"	"222.3135"	"0.0009"	"10"	""		"12161.96"	"57143.48"	"5d4.6s2"	"3H"	"4"	""	"*"	"5"		""	"L153"	
"222.359"	""	""	"10"	""		""	""	""	""	""	""	""	""		""	"L153"	
"222.370"	"222.3714"	"0.0009"	"12"	""		"12161.96"	"57131.78"	"5d4.6s2"	"3H"	"4"	""	"*"	"3"		""	"L153"	
"222.4266"	"222.4270"	"0.0009"	"80r"	""		"4830.00"	"49788.58"	"5d4.6s2"	"5D"	"3"	""	"*"	"4"		""	"L153"	
"222.5006"	"222.5020"	"0.0009"	"25"	""		"1670.29"	"46613.70"	"5d4.6s2"	"5D"	"1"	""	"*"	"0"		""	"L153"	
"222.5922"	"222.5928"	"0.0009"	"15"	""		"15460.01"	"60385.09"	"5d4.6s2"	"3D"	"3"	""	"*"	"4"		""	"L153"	
"222.6236"	"222.6241"	"0.0009"	"100"	""		"3325.53"	"48244.29"	"5d4.6s2"	"5D"	"2"	""	"*"	"2"		""	"L153"	
"222.767"	""	""	"10"	""		""	""	""	""	""	""	""	""		""	"L153"	
"222.867"	"222.8682"	"0.0009"	"80r"	""		"4830.00"	"49699.56"	"5d4.6s2"	"5D"	"3"	""	"*"	"2"		""	"L153"	
"222.883"	"222.8840"	"0.0009"	"20"	""		"13777.71"	"58644.10"	"5d4.6s2"	"3F2"	"2"	""	"*"	"3"		""	"L153"	
"222.927"	"222.9285"	"0.0009"	"30"	""		"13348.56"	"58206.00"	"5d4.6s2"	"3G"	"3"	""	"*"	"3"		""	"L153"	
"222.949"	"222.9513"	"0.0009"	"40"	""		"6219.33"	"51072.18"	"5d4.6s2"	"5D"	"4"	""	"*"	"3"		""	"L153"	
"222.980"	"222.9816"	"0.0009"	"15"	""		"9528.06"	"54374.80"	"5d4.6s2"	"3P2"	"0"	""	"*"	"1"		""	"L153"	
"222.9889"	"222.9902"	"0.0009"	"50"	""		"3325.53"	"48170.55"	"5d4.6s2"	"5D"	"2"	""	"*"	"3"		""	"L153"	
"223.1427"	""	""	"50"	""		""	""	""	""	""	""	""	""		""	"L153"	
"223.181"	"223.1818"	"0.0009"	"6"	""		"4830.00"	"49636.52"	"5d4.6s2"	"5D"	"3"	""	"*"	"4"		""	"L153"	
"223.499"	"223.4985"	"0.0009"	"5"	""		"13348.56"	"58091.58"	"5d4.6s2"	"3G"	"3"	""	"*"	"3"		""	"L153"	
"223.527"	"223.5276"	"0.0009"	"40"	""		"0.00"	"44737.21"	"5d4.6s2"	"5D"	"0"	""	"*"	"1"		""	"L153"	
"223.597"	""	""	"4"	""		""	""	""	""	""	""	""	""		""	"L153"	
"223.6648"	"223.6646"	"0.0009"	"5"	""		"13777.71"	"58487.52"	"5d4.6s2"	"3F2"	"2"	""	"*"	"3"		""	"L153"	
"223.7220"	"223.7221"	"0.0009"	"8"	""		"15460.01"	"60158.32"	"5d4.6s2"	"3D"	"3"	""	"*"	"4"		""	"L153"	
"223.7261"	""	""	"8"	""		""	""	""	""	""	""	""	""		""	"L153"	
"223.7627"	"223.7630"	"0.0009"	"12"	""		"6219.33"	"50909.47"	"5d4.6s2"	"5D"	"4"	""	"*"	"4"		""	"L153"	
"223.778"	"223.7774"	"0.0009"	"15"	""		"4830.00"	"49517.26"	"5d4.6s2"	"5D"	"3"	""	"*"	"2"		""	"L153"	
"223.7917"	"223.7920"	"0.0009"	"30"	""		"4830.00"	"49514.34"	"5d4.6s2"	"5D"	"3"	""	"*"	"3"		""	"L153"	
"223.808"	""	""	"4"	""		""	""	""	""	""	""	""	""		""	"L153"	
"223.839"	"223.8399"	"0.0009"	"25"	""		"6219.33"	"50894.12"	"5d4.6s2"	"5D"	"4"	""	"*"	"3"		""	"L153"	
"223.8648"	"223.8653"	"0.0009"	"35"	""		"12161.96"	"56831.67"	"5d4.6s2"	"3H"	"4"	""	"*"	"4"		""	"L153"	
"223.9262"	"223.9268"	"0.0009"	"10"	""		"1670.29"	"46327.75"	"5d4.6s2"	"5D"	"1"	""	"*"	"2"		""	"L153"	
"223.9734"	""	""	"8"	""		""	""	""	""	""	""	""	""		""	"L153"	
"224.0028"	"224.0035"	"0.0009"	"7"	""		"2951.29"	"47593.44"	"5d5.(6S).6s"	"7S"	"3"	""	"*"	"3"		""	"L153"	
"224.071"	""	""	"7"	""		""	""	""	""	""	""	""	""		""	"L153"	
"224.1071"	"224.1080"	"0.0009"	"35"	""		"1670.29"	"46291.63"	"5d4.6s2"	"5D"	"1"	""	"*"	"1"		""	"L153"	
"224.1282"	""	""	"30"	""		""	""	""	""	""	""	""	""		""	"L153"	
"224.1978"	"224.1982"	"0.0009"	"50"	""		"15069.93"	"59673.32"	"5d4.6s2"	"3H"	"5"	""	"*"	"5"		""	"L153"	
"224.276"	"224.2761"	"0.0009"	"25"	""		"4830.00"	"49417.90"	"5d4.6s2"	"5D"	"3"	""	"*"	"3"		""	"L153"	
"224.2811"	"224.2819"	"0.0009"	"5"	""		"6219.33"	"50806.07"	"5d4.6s2"	"5D"	"4"	""	"*"	"5"		""	"L153"	
"224.310"	"224.3103"	"0.0009"	"25"	""		"6219.33"	"50800.44"	"5d4.6s2"	"5D"	"4"	""	"*"	"3"		""	"L153"	
"224.440"	"224.4408"	"0.0009"	"6"	""		"12161.96"	"56717.13"	"5d4.6s2"	"3H"	"4"	""	"*"	"3"		""	"L153"	
"224.522"	"224.5219"	"0.0009"	"4"	""		"15460.01"	"59999.10"	"5d4.6s2"	"3D"	"3"	""	"*"	"2"		""	"L153"	
"224.555"	"224.5557"	"0.0009"	"4"	""		"2951.29"	"47483.68"	"5d5.(6S).6s"	"7S"	"3"	""	"*"	"3"		""	"L153"	
"224.656"	"224.6561"	"0.0009"	"5"	""		"13777.71"	"58290.18"	"5d4.6s2"	"3F2"	"2"	""	"*"	"1"		""	"L153"	
"224.747"	"224.7473"	"0.0009"	"45r"	""		"3325.53"	"47819.94"	"5d4.6s2"	"5D"	"2"	""	"*"	"1"		""	"L153"	
"224.762"	"224.7633"	"0.0009"	"6"	""		"2951.29"	"47442.53"	"5d5.(6S).6s"	"7S"	"3"	""	"*"	"2"		""	"L153"	
"224.8793"	"224.8803"	"0.0009"	"5"	""		"17008.50"	"61476.60"	"5d4.6s2"	"3H"	"6"	""	"*"	"5"		""	"L153"	
"224.9447"	"224.9461"	"0.0009"	"60r"	""		"13348.56"	"57803.66"	"5d4.6s2"	"3G"	"3"	""	"*"	"4"		""	"L153"	
"224.992"	"224.9930"	"0.0009"	"1"	""		"14976.18"	"59422.00"	"5d4.6s2"	"3D"	"2"	""	"*"	"2"		""	"L153"	
"225.0205"	"225.0217"	"0.0009"	"30"	""		"4830.00"	"49270.16"	"5d4.6s2"	"5D"	"3"	""	"*"	"2"		""	"L153"	
"225.0501"	"225.0512"	"0.0009"	"20"	""		"1670.29"	"46104.62"	"5d4.6s2"	"5D"	"1"	""	"*"	"1"		""	"L153"	
"225.081"	"225.0808"	"0.0009"	"3"	""		"17107.01"	"61535.50"	"5d4.6s2"	"3F2"	"4"	""	"*"	"4"		""	"L153"	
"225.101"	""	""	"10"	""		""	""	""	""	""	""	""	""		""	"L153"	
"225.105"	"225.1058"	"0.0009"	"5"	""		"14976.18"	"59399.74"	"5d4.6s2"	"3D"	"2"	""	"*"	"3"		""	"L153"	
"225.172"	"225.1722"	"0.0009"	"8"	""		"2951.29"	"47361.74"	"5d5.(6S).6s"	"7S"	"3"	""	"*"	"3"		""	"L153"	
"225.2934"	"225.2937"	"0.0009"	"6"	""		"2951.29"	"47337.79"	"5d5.(6S).6s"	"7S"	"3"	""	"*"	"2"		""	"L153"	
"225.300"	""	""	"8"	""		""	""	""	""	""	""	""	""		""	"L153"	
"225.306"	"225.3069"	"0.0009"	"25"	""		"13348.56"	"57732.46"	"5d4.6s2"	"3G"	"3"	""	"*"	"3"		""	"L153"	
"225.3791"	"225.3796"	"0.0009"	"10"	""		"17107.01"	"61476.60"	"5d4.6s2"	"3F2"	"4"	""	"*"	"5"		""	"L153"	
"225.461"	"225.4616"	"0.0009"	"25r"	""		"0.00"	"44353.46"	"5d4.6s2"	"5D"	"0"	""	"*"	"1"		""	"L153"	
"225.4922"	"225.4934"	"0.0009"	"20"	""		"9528.06"	"53875.26"	"5d4.6s2"	"3P2"	"0"	""	"*"	"1"		""	"L153"	
"225.5272"	"225.5270"	"0.0009"	"30"	""		"15069.93"	"59410.52"	"5d4.6s2"	"3H"	"5"	""	"*"	"6"		""	"L153"	
"225.6204"	"225.6197"	"0.0009"	"20"	""		"12161.96"	"56484.33"	"5d4.6s2"	"3H"	"4"	""	"*"	"3"		""	"L153"	
"225.6283"	""	""	"8"	""		""	""	""	""	""	""	""	""		""	"L153"	
"225.6414"	"225.6422"	"0.0009"	"10"	""		"4830.00"	"49147.95"	"5d4.6s2"	"5D"	"3"	""	"*"	"4"		""	"L153"	
"225.682"	"225.6822"	"0.0009"	"15"	""		"16431.31"	"60741.40"	"5d4.6s2"	"3G"	"4"	""	"*"	"5"		""	"L153"	
"225.726"	""	""	"3"	""		""	""	""	""	""	""	""	""		""	"L153"	
"225.882"	"225.8825"	"0.0009"	"40"	""		"13348.56"	"57619.36"	"5d4.6s2"	"3G"	"3"	""	"*"	"3"		""	"L153"	
"225.8975"	"225.8973"	"0.0009"	"2"	""		"3325.53"	"47593.44"	"5d4.6s2"	"5D"	"2"	""	"*"	"3"		""	"L153"	
"226.0285"	"226.0288"	"0.0009"	"30"	""		"4830.00"	"49072.14"	"5d4.6s2"	"5D"	"3"	""	"*"	"3"		""	"L153"	
"226.051"	""	""	"3"	""		""	""	""	""	""	""	""	""		""	"L153"	
"226.080"	"226.0797"	"0.0009"	"35r"	""		"1670.29"	"45902.48"	"5d4.6s2"	"5D"	"1"	""	"*"	"2"		""	"L153"	
"226.168"	""	""	"5"	""		""	""	""	""	""	""	""	""		""	"L153"	
"226.209"	""	""	"8"	""		""	""	""	""	""	""	""	""		""	"L153"	
"226.276"	"226.2766"	"0.0009"	"12"	""		"15069.93"	"59263.63"	"5d4.6s2"	"3H"	"5"	""	"*"	"5"		""	"L153"	
"226.288"	""	""	"8"	""		""	""	""	""	""	""	""	""		""	"L153"	
"226.3858"	"226.3859"	"0.0009"	"15"	""		"17008.50"	"61180.86"	"5d4.6s2"	"3H"	"6"	""	"*"	"7"		""	"L153"	
"226.3974"	"226.3978"	"0.0009"	"15"	""		"12161.96"	"56332.00"	"5d4.6s2"	"3H"	"4"	""	"*"	"3"		""	"L153"	
"226.458"	"226.4588"	"0.0009"	"35r"	""		"3325.53"	"47483.68"	"5d4.6s2"	"5D"	"2"	""	"*"	"3"		""	"L153"	
"226.515"	""	""	"4"	""		""	""	""	""	""	""	""	""		""	"L153"	
"226.612"	"226.6129"	"0.0009"	"7"	""		"2951.29"	"47079.40"	"5d5.(6S).6s"	"7S"	"3"	""	"*"	"2"		""	"L153"	
"226.637"	"226.6379"	"0.0009"	"35"	""		"13348.56"	"57471.80"	"5d4.6s2"	"3G"	"3"	""	"*"	"4"		""	"L153"	
"226.6616"	"226.6623"	"0.0009"	"6"	""		"12161.96"	"56280.45"	"5d4.6s2"	"3H"	"4"	""	"*"	"5"		""	"L153"	
"226.6695"	"226.6700"	"0.0009"	"12"	""		"3325.53"	"47442.53"	"5d4.6s2"	"5D"	"2"	""	"*"	"2"		""	"L153"	
"226.748"	"226.7482"	"0.0009"	"2"	""		"15069.93"	"59171.71"	"5d4.6s2"	"3H"	"5"	""	"*"	"4"		""	"L153"	
"226.760"	""	""	"15"	""		""	""	""	""	""	""	""	""		""	"L153"	
"226.789"	"226.7898"	"0.0009"	"15"	""		"12161.96"	"56255.65"	"5d4.6s2"	"3H"	"4"	""	"*"	"4"		""	"L153"	
"226.806"	"226.8062"	"0.0009"	"4"	""		"1670.29"	"45760.80"	"5d4.6s2"	"5D"	"1"	""	"*"	"1"		""	"L153"	
"226.930"	""	""	"4"	""		""	""	""	""	""	""	""	""		""	"L153"	
"226.9347"	"226.9359"	"0.0009"	"35"	""		"6219.33"	"50284.64"	"5d4.6s2"	"5D"	"4"	""	"*"	"4"		""	"L153"	
"226.968"	"226.9691"	"0.0009"	"20"	""		"15069.93"	"59128.80"	"5d4.6s2"	"3H"	"5"	""	"*"	"6"		""	"L153"	
"227.041"	""	""	"4"	""		""	""	""	""	""	""	""	""		""	"L153"	
"227.085"	"227.0858"	"0.0009"	"15"	""		"3325.53"	"47361.74"	"5d4.6s2"	"5D"	"2"	""	"*"	"3"		""	"L153"	
"227.2076"	"227.2073"	"0.0009"	"40"	""		"12161.96"	"56174.63"	"5d4.6s2"	"3H"	"4"	""	"*"	"4"		""	"L153"	
"227.2837"	"227.2842"	"0.0009"	"15"	""		"19535.01"	"63532.78"	"5d5.(4G).6s"	"5G"	"5"	""	"*"	"6"		""	"L153"	
"227.372"	"227.3732"	"0.0009"	"40"	""		"2951.29"	"46931.84"	"5d5.(6S).6s"	"7S"	"3"	""	"*"	"4"		""	"L153"	
"227.445"	"227.4449"	"0.0009"	"30*"	""		"13348.56"	"57315.25"	"5d4.6s2"	"3G"	"3"	""	"*"	"4"		""	"L153"	
"227.445"	"227.4466"	"0.0009"	"30*"	""		"6219.33"	"50185.70"	"5d4.6s2"	"5D"	"4"	""	"*"	"3"		""	"L153"	
"227.4687"	"227.4692"	"0.0009"	"10"	""		"15460.01"	"59422.00"	"5d4.6s2"	"3D"	"3"	""	"*"	"2"		""	"L153"	
"227.5108"	"227.5117"	"0.0009"	"40"	""		"16431.31"	"60385.09"	"5d4.6s2"	"3G"	"4"	""	"*"	"4"		""	"L153"	
"227.5485"	"227.5495"	"0.0009"	"20"	""		"12161.96"	"56108.44"	"5d4.6s2"	"3H"	"4"	""	"*"	"3"		""	"L153"	
"227.5841"	"227.5845"	"0.0009"	"8"	""		"15460.01"	"59399.74"	"5d4.6s2"	"3D"	"3"	""	"*"	"3"		""	"L153"	
"227.6348"	"227.6348"	"0.0009"	"25"	""		"3325.53"	"47255.55"	"5d4.6s2"	"5D"	"2"	""	"*"	"1"		""	"L153"	
"227.6956"	"227.6959"	"0.0009"	"15"	""		"6219.33"	"50137.55"	"5d4.6s2"	"5D"	"4"	""	"*"	"5"		""	"L153"	
"227.8286"	"227.8287"	"0.0009"	"60r"	"6.2e+07"	C	"0.00"	"43892.62"	"5d4.6s2"	"5D"	"0"	""	"*"	"1"		"T6977"	"L153"	
"228.070"	"228.0706"	"0.0009"	"2"	""		"4830.00"	"48676.08"	"5d4.6s2"	"5D"	"3"	""	"*"	"4"		""	"L153"	
"228.0930"	"228.0936"	"0.0009"	"20"	""		"13777.71"	"57619.36"	"5d4.6s2"	"3F2"	"2"	""	"*"	"3"		""	"L153"	
"228.1325"	"228.1317"	"0.0009"	"30*"	""		"17701.18"	"61535.50"	"5d4.6s2"	"3F2"	"3"	""	"*"	"4"		""	"L153"	
"228.1325"	"228.1332"	"0.0009"	"30*"	""		"15069.93"	"58903.98"	"5d4.6s2"	"3H"	"5"	""	"*"	"5"		""	"L153"	
"228.155"	""	""	"25"	""		""	""	""	""	""	""	""	""		""	"L153"	
"228.1754"	"228.1754"	"0.0009"	"35"	""		"12161.96"	"55987.90"	"5d4.6s2"	"3H"	"4"	""	"*"	"5"		""	"L153"	
"228.265"	""	""	"30"	""		""	""	""	""	""	""	""	""		""	"L153"	
"228.3212"	"228.3216"	"0.0009"	"30"	""		"16431.31"	"60229.18"	"5d4.6s2"	"3G"	"4"	""	"*"	"5"		""	"L153"	
"228.345"	"228.3449"	"0.0009"	"35"	""		"12161.96"	"55955.36"	"5d4.6s2"	"3H"	"4"	""	"*"	"4"		""	"L153"	
"228.3971"	"228.3980"	"0.0009"	"25"	""		"13348.56"	"57131.78"	"5d4.6s2"	"3G"	"3"	""	"*"	"3"		""	"L153"	
"228.4201"	"228.4202"	"0.0009"	"15"	""		"15069.93"	"58848.90"	"5d4.6s2"	"3H"	"5"	""	"*"	"4"		""	"L153"	
"228.4476"	""	""	"20"	""		""	""	""	""	""	""	""	""		""	"L153"	
"228.5499"	"228.5512"	"0.0009"	"40"	""		"3325.53"	"47079.40"	"5d4.6s2"	"5D"	"2"	""	"*"	"2"		""	"L153"	
"228.5614"	"228.5611"	"0.0009"	"40"	""		"1670.29"	"45422.26"	"5d4.6s2"	"5D"	"1"	""	"*"	"2"		""	"L153"	
"228.588"	"228.5887"	"0.0009"	"100r"	""		"6219.33"	"49966.03"	"5d4.6s2"	"5D"	"4"	""	"*"	"3"		""	"L153"	
"228.661"	"228.6608"	"0.0009"	"20"	""		"17008.50"	"60741.40"	"5d4.6s2"	"3H"	"6"	""	"*"	"5"		""	"L153"	
"228.692"	"228.6916"	"0.0009"	"40"	""		"16431.31"	"60158.32"	"5d4.6s2"	"3G"	"4"	""	"*"	"4"		""	"L153"	
"228.7717"	"228.7717"	"0.0009"	"15"	""		"15460.01"	"59171.71"	"5d4.6s2"	"3D"	"3"	""	"*"	"4"		""	"L153"	
"228.7918"	"228.7917"	"0.0009"	"20"	""		"15069.93"	"58777.80"	"5d4.6s2"	"3H"	"5"	""	"*"	"4"		""	"L153"	
"228.8050"	"228.8053"	"0.0009"	"18"	""		"12161.96"	"55867.24"	"5d4.6s2"	"3H"	"4"	""	"*"	"4"		""	"L153"	
"228.817"	"228.8135"	"0.0009"	"8"	""		"1670.29"	"45374.00"	"5d4.6s2"	"5D"	"1"	""	"*"	"1"		""	"L153"	
"228.839"	"228.8383"	"0.0009"	"30"	""		"9528.06"	"53227.03"	"5d4.6s2"	"3P2"	"0"	""	"*"	"1"		""	"L153"	
"228.881"	"228.8799"	"0.0009"	"20"	""		"15069.93"	"58760.96"	"5d4.6s2"	"3H"	"5"	""	"*"	"6"		""	"L153"	
"228.9401"	"228.9401"	"0.0009"	"20"	""		"14976.18"	"58655.72"	"5d4.6s2"	"3D"	"2"	""	"*"	"2"		""	"L153"	
"228.972"	"228.9704"	"0.0009"	"12"	""		"2951.29"	"46625.05"	"5d5.(6S).6s"	"7S"	"3"	""	"*"	"4"		""	"L153"	
"229.002"	"229.0011"	"0.0009"	"15"	""		"14976.18"	"58644.10"	"5d4.6s2"	"3D"	"2"	""	"*"	"3"		""	"L153"	
"229.0570"	""	""	"20"	""		""	""	""	""	""	""	""	""		""	"L153"	
"229.0912"	"229.0912"	"0.0009"	"2"	""		"13348.56"	"56999.30"	"5d4.6s2"	"3G"	"3"	""	"*"	"2"		""	"L153"	
"229.144"	""	""	"6"	""		""	""	""	""	""	""	""	""		""	"L153"	
"229.166"	"229.1654"	"0.0009"	"30"	""		"1670.29"	"45306.89"	"5d4.6s2"	"5D"	"1"	""	"*"	"0"		""	"L153"	
"229.180"	"229.1770"	"0.0009"	"35*"	""		"17107.01"	"60741.40"	"5d4.6s2"	"3F2"	"4"	""	"*"	"5"		""	"L153"	
"229.180"	"229.1816"	"0.0009"	"35*"	""		"12161.96"	"55795.48"	"5d4.6s2"	"3H"	"4"	""	"*"	"5"		""	"L153"	
"229.234"	""	""	"6"	""		""	""	""	""	""	""	""	""		""	"L153"	
"229.2431"	""	""	"6"	""		""	""	""	""	""	""	""	""		""	"L153"	
"229.257"	"229.2566"	"0.0009"	"5"	""		"14976.18"	"58595.42"	"5d4.6s2"	"3D"	"2"	""	"*"	"2"		""	"L153"	
"229.314"	""	""	"5"	""		""	""	""	""	""	""	""	""		""	"L153"	
"229.5201"	"229.5197"	"0.0009"	"80r"	""		"6219.33"	"49788.58"	"5d4.6s2"	"5D"	"4"	""	"*"	"4"		""	"L153"	
"229.8110"	"229.8114"	"0.0009"	"12"	""		"9528.06"	"53042.00"	"5d4.6s2"	"3P2"	"0"	""	"*"	"1"		""	"L153"	
"229.8254"	"229.8251"	"0.0009"	"4"	""		"14976.18"	"58487.52"	"5d4.6s2"	"3D"	"2"	""	"*"	"3"		""	"L153"	
"229.9040"	"229.9040"	"0.0009"	"25"	""		"4830.00"	"48326.41"	"5d4.6s2"	"5D"	"3"	""	"*"	"3"		""	"L153"	
"229.9229"	"229.9234"	"0.0009"	"20"	""		"15069.93"	"58562.68"	"5d4.6s2"	"3H"	"5"	""	"*"	"5"		""	"L153"	
"229.9435"	"229.9441"	"0.0009"	"20"	""		"4830.00"	"48318.84"	"5d4.6s2"	"5D"	"3"	""	"*"	"2"		""	"L153"	
"229.9740"	"229.9744"	"0.0009"	"20"	""		"13348.56"	"56831.67"	"5d4.6s2"	"3G"	"3"	""	"*"	"4"		""	"L153"	
"229.986"	"229.9859"	"0.0009"	"25"	""		"3325.53"	"46806.45"	"5d4.6s2"	"5D"	"2"	""	"*"	"2"		""	"L153"	
"230.026"	""	""	"8"	""		""	""	""	""	""	""	""	""		""	"L153"	
"230.068"	""	""	"3"	""		""	""	""	""	""	""	""	""		""	"L153"	
"230.141"	""	""	"2"	""		""	""	""	""	""	""	""	""		""	"L153"	
"230.1615"	""	""	"10"	""		""	""	""	""	""	""	""	""		""	"L153"	
"230.1781"	""	""	"6"	""		""	""	""	""	""	""	""	""		""	"L153"	
"230.2277"	"230.2294"	"0.0005"	"6"	""		"12161.96"	"55596.90"	"5d4.6s2"	"3H"	"4"	""	"*"	"4"		""	"L153"	
"230.2351"	"230.2335"	"0.0005"	"20"	""		"2951.29"	"46385.46"	"5d5.(6S).6s"	"7S"	"3"	""	"*"	"3"		""	"L153"	
"230.2991"	""	""	"25"	""		""	""	""	""	""	""	""	""		""	"L153"	
"230.3223"	"230.3235"	"0.0005"	"4"	""		"6219.33"	"49636.52"	"5d4.6s2"	"5D"	"4"	""	"*"	"4"		""	"L153"	
"230.3385"	"230.3389"	"0.0005"	"20"	""		"4830.00"	"48244.29"	"5d4.6s2"	"5D"	"3"	""	"*"	"2"		""	"L153"	
"230.3811"	"230.3811"	"0.0005"	"30"	""		"17008.50"	"60414.83"	"5d4.6s2"	"3H"	"6"	""	"*"	"6"		""	"L153"	
"230.4745"	"230.4737"	"0.0005"	"3"	""		"15460.01"	"58848.90"	"5d4.6s2"	"3D"	"3"	""	"*"	"4"		""	"L153"	
"230.5296"	""	""	"4"	""		""	""	""	""	""	""	""	""		""	"L153"	
"230.5796"	"230.5817"	"0.0005"	"20"	""		"13348.56"	"56717.13"	"5d4.6s2"	"3G"	"3"	""	"*"	"3"		""	"L153"	
"230.6586"	"230.6589"	"0.0005"	"12"	""		"13777.71"	"57131.78"	"5d4.6s2"	"3F2"	"2"	""	"*"	"3"		""	"L153"	
"230.6870"	"230.6873"	"0.0005"	"10"	""		"1670.29"	"45019.02"	"5d4.6s2"	"5D"	"1"	""	"*"	"2"		""	"L153"	
"230.7303"	"230.7308"	"0.0005"	"35r"	""		"4830.00"	"48170.55"	"5d4.6s2"	"5D"	"3"	""	"*"	"3"		""	"L153"	
"230.7858"	"230.7856"	"0.0005"	"3"	""		"12161.96"	"55492.22"	"5d4.6s2"	"3H"	"4"	""	"*"	"5"		""	"L153"	
"230.8536"	"230.8520"	"0.0005"	"4"	""		"15460.01"	"58777.80"	"5d4.6s2"	"3D"	"3"	""	"*"	"4"		""	"L153"	
"230.8722"	"230.8722"	"0.0005"	"1"	""		"14976.18"	"58290.18"	"5d4.6s2"	"3D"	"2"	""	"*"	"1"		""	"L153"	
"230.9728"	"230.9735"	"0.0005"	"25r"	""		"6219.33"	"49514.34"	"5d4.6s2"	"5D"	"4"	""	"*"	"3"		""	"L153"	
"230.982"	"230.9821"	"0.0005"	"15"	""		"12161.96"	"55455.35"	"5d4.6s2"	"3H"	"4"	""	"*"	"5"		""	"L153"	
"231.064"	"231.0639"	"0.0005"	"3"	""		"17107.01"	"60385.09"	"5d4.6s2"	"3F2"	"4"	""	"*"	"4"		""	"L153"	
"231.159"	"231.1594"	"0.0005"	"20"	""		"15069.93"	"58330.13"	"5d4.6s2"	"3H"	"5"	""	"*"	"4"		""	"L153"	
"231.217"	""	""	"8"	""		""	""	""	""	""	""	""	""		""	"L153"	
"231.2319"	"231.2324"	"0.0005"	"8"	""		"15069.93"	"58316.46"	"5d4.6s2"	"3H"	"5"	""	"*"	"4"		""	"L153"	
"231.2445"	""	""	"6"	""		""	""	""	""	""	""	""	""		""	"L153"	
"231.2565"	"231.2566"	"0.0005"	"15"	""		"16431.31"	"59673.32"	"5d4.6s2"	"3G"	"4"	""	"*"	"5"		""	"L153"	
"231.3084"	""	""	"12"	""		""	""	""	""	""	""	""	""		""	"L153"	
"231.321"	"231.3218"	"0.0005"	"8"	""		"14976.18"	"58206.00"	"5d4.6s2"	"3D"	"2"	""	"*"	"3"		""	"L153"	
"231.3349"	"231.3351"	"0.0005"	"5"	""		"12161.96"	"55389.30"	"5d4.6s2"	"3H"	"4"	""	"*"	"3"		""	"L153"	
"231.3723"	"231.3707"	"0.0005"	"25"	""		"17008.50"	"60229.18"	"5d4.6s2"	"3H"	"6"	""	"*"	"5"		""	"L153"	
"231.3881"	"231.3887"	"0.0005"	"30r"	"5.0e+07"	C	"0.00"	"43217.33"	"5d4.6s2"	"5D"	"0"	""	"*"	"1"		"T6977"	"L153"	
"231.4885"	"231.4891"	"0.0005"	"20r"	""		"6219.33"	"49417.90"	"5d4.6s2"	"5D"	"4"	""	"*"	"3"		""	"L153"	
"231.5043"	"231.5045"	"0.0005"	"8"	""		"15460.01"	"58655.72"	"5d4.6s2"	"3D"	"3"	""	"*"	"2"		""	"L153"	
"231.554"	""	""	"5"	""		""	""	""	""	""	""	""	""		""	"L153"	
"231.5658"	"231.5660"	"0.0005"	"15"	""		"12161.96"	"55346.20"	"5d4.6s2"	"3H"	"4"	""	"*"	"4"		""	"L153"	
"231.6186"	""	""	"5"	""		""	""	""	""	""	""	""	""		""	"L153"	
"231.7299"	"231.7307"	"0.0005"	"12"	""		"13348.56"	"56502.10"	"5d4.6s2"	"3G"	"3"	""	"*"	"4"		""	"L153"	
"231.7356"	"231.7363"	"0.0005"	"6"	""		"19535.01"	"62687.50"	"5d5.(4G).6s"	"5G"	"5"	""	"*"	"6"		""	"L153"	
"231.8104"	"231.8108"	"0.0005"	"15"	""		"4830.00"	"47968.62"	"5d4.6s2"	"5D"	"3"	""	"*"	"4"		""	"L153"	
"231.8266"	"231.8262"	"0.0005"	"12"	""		"13348.56"	"56484.33"	"5d4.6s2"	"3G"	"3"	""	"*"	"3"		""	"L153"	
"231.899"	"231.8993"	"0.0005"	"8"	""		"17107.01"	"60229.18"	"5d4.6s2"	"3F2"	"4"	""	"*"	"5"		""	"L153"	
"231.9277"	"231.9285"	"0.0005"	"12"	""		"2951.29"	"46068.02"	"5d5.(6S).6s"	"7S"	"3"	""	"*"	"3"		""	"L153"	
"231.9355"	"231.9357"	"0.0005"	"12"	""		"14976.18"	"58091.58"	"5d4.6s2"	"3D"	"2"	""	"*"	"3"		""	"L153"	
"231.967"	"231.9677"	"0.0005"	"25"	""		"15069.93"	"58179.38"	"5d4.6s2"	"3H"	"5"	""	"*"	"5"		""	"L153"	
"232.196"	"232.1968"	"0.0005"	"15"	""		"1670.29"	"44737.21"	"5d4.6s2"	"5D"	"1"	""	"*"	"1"		""	"L153"	
"232.2342"	"232.2345"	"0.0005"	"40r"	""		"3325.53"	"46385.46"	"5d4.6s2"	"5D"	"2"	""	"*"	"3"		""	"L153"	
"232.2811"	"232.2810"	"0.0005"	"4"	""		"17107.01"	"60158.32"	"5d4.6s2"	"3F2"	"4"	""	"*"	"4"		""	"L153"	
"232.2847"	""	""	"5"	""		""	""	""	""	""	""	""	""		""	"L153"	
"232.4093"	"232.4095"	"0.0005"	"20"	""		"15460.01"	"58487.52"	"5d4.6s2"	"3D"	"3"	""	"*"	"3"		""	"L153"	
"232.5464"	"232.5461"	"0.0005"	"12"	""		"3325.53"	"46327.75"	"5d4.6s2"	"5D"	"2"	""	"*"	"2"		""	"L153"	
"232.6176"	"232.6176"	"0.0005"	"3"	""		"19535.01"	"62524.02"	"5d5.(4G).6s"	"5G"	"5"	""	"*"	"6"		""	"L153"	
"232.6475"	"232.6477"	"0.0005"	"10"	""		"13348.56"	"56332.00"	"5d4.6s2"	"3G"	"3"	""	"*"	"3"		""	"L153"	
"232.7278"	"232.7281"	"0.0005"	"25r"	""		"6219.33"	"49187.92"	"5d4.6s2"	"5D"	"4"	""	"*"	"5"		""	"L153"	
"232.7412"	"232.7416"	"0.0005"	"15r"	""		"3325.53"	"46291.63"	"5d4.6s2"	"5D"	"2"	""	"*"	"1"		""	"L153"	
"232.7500"	""	""	"12"	""		""	""	""	""	""	""	""	""		""	"L153"	
"232.8219"	"232.8224"	"0.0005"	"8"	""		"2951.29"	"45902.48"	"5d5.(6S).6s"	"7S"	"3"	""	"*"	"2"		""	"L153"	
"232.8306"	"232.8315"	"0.0005"	"8"	""		"9528.06"	"52477.57"	"5d4.6s2"	"3P2"	"0"	""	"*"	"1"		""	"L153"	
"232.8859"	"232.8862"	"0.0005"	"2"	""		"13777.71"	"56717.13"	"5d4.6s2"	"3F2"	"2"	""	"*"	"3"		""	"L153"	
"232.9447"	"232.9448"	"0.0005"	"6"	""		"6219.33"	"49147.95"	"5d4.6s2"	"5D"	"4"	""	"*"	"4"		""	"L153"	
"232.9587"	"232.9591"	"0.0005"	"15"	""		"1670.29"	"44596.28"	"5d4.6s2"	"5D"	"1"	""	"*"	"2"		""	"L153"	
"233.0031"	"233.0035"	"0.0005"	"12"	""		"2951.29"	"45869.10"	"5d5.(6S).6s"	"7S"	"3"	""	"*"	"4"		""	"L153"	
"233.0611"	"233.0617"	"0.0005"	"8"	""		"13348.56"	"56255.65"	"5d4.6s2"	"3G"	"3"	""	"*"	"4"		""	"L153"	
"233.2007"	"233.2015"	"0.0005"	"30r"	""		"12161.96"	"55043.34"	"5d4.6s2"	"3H"	"4"	""	"*"	"4"		""	"L153"	
"233.2624"	"233.2627"	"0.0005"	"15"	""		"15460.01"	"58330.13"	"5d4.6s2"	"3D"	"3"	""	"*"	"4"		""	"L153"	
"233.3093"	"233.3098"	"0.0005"	"5"	""		"19826.04"	"62687.50"	"5d4.6s2"	"3G"	"5"	""	"*"	"6"		""	"L153"	
"233.3208"	"233.3214"	"0.0005"	"15"	""		"4830.00"	"47689.33"	"5d4.6s2"	"5D"	"3"	""	"*"	"4"		""	"L153"	
"233.3362"	"233.3371"	"0.0005"	"5"	""		"15460.01"	"58316.46"	"5d4.6s2"	"3D"	"3"	""	"*"	"4"		""	"L153"	
"233.3474"	"233.3475"	"0.0005"	"8"	""		"6219.33"	"49073.88"	"5d4.6s2"	"5D"	"4"	""	"*"	"5"		""	"L153"	
"233.3564"	"233.3569"	"0.0005"	"8"	""		"6219.33"	"49072.14"	"5d4.6s2"	"5D"	"4"	""	"*"	"3"		""	"L153"	
"233.3771"	"233.3764"	"0.0005"	"1"	""		"15069.93"	"57919.17"	"5d4.6s2"	"3H"	"5"	""	"*"	"6"		""	"L153"	
"233.3862"	"233.3872"	"0.0005"	"25"	""		"12161.96"	"55009.22"	"5d4.6s2"	"3H"	"4"	""	"*"	"5"		""	"L153"	
"233.4683"	"233.4686"	"0.0005"	"12"	""		"16431.31"	"59263.63"	"5d4.6s2"	"3G"	"4"	""	"*"	"5"		""	"L153"	
"233.5017"	"233.5026"	"0.0005"	"20"	""		"13348.56"	"56174.63"	"5d4.6s2"	"3G"	"3"	""	"*"	"4"		""	"L153"	
"233.6503"	""	""	"4"	""		""	""	""	""	""	""	""	""		""	"L153"	
"233.7582"	"233.7591"	"0.0005"	"8"	""		"3325.53"	"46104.62"	"5d4.6s2"	"5D"	"2"	""	"*"	"1"		""	"L153"	
"233.789"	""	""	"25"	""		""	""	""	""	""	""	""	""		""	"L153"	
"233.8441"	"233.8446"	"0.0005"	"10"	""		"4830.00"	"47593.44"	"5d4.6s2"	"5D"	"3"	""	"*"	"3"		""	"L153"	
"233.8635"	"233.8641"	"0.0005"	"8"	""		"13348.56"	"56108.44"	"5d4.6s2"	"3G"	"3"	""	"*"	"3"		""	"L153"	
"233.8872"	""	""	"15"	""		""	""	""	""	""	""	""	""		""	"L153"	
"233.9195"	"233.9200"	"0.0005"	"20"	""		"12161.96"	"54911.61"	"5d4.6s2"	"3H"	"4"	""	"*"	"4"		""	"L153"	
"233.9398"	"233.9401"	"0.0005"	"2"	""		"15460.01"	"58206.00"	"5d4.6s2"	"3D"	"3"	""	"*"	"3"		""	"L153"	
"233.9588"	"233.9592"	"0.0005"	"12"	""		"3325.53"	"46068.02"	"5d4.6s2"	"5D"	"2"	""	"*"	"3"		""	"L153"	
"233.9700"	"233.9707"	"0.0005"	"10"	""		"16431.31"	"59171.71"	"5d4.6s2"	"3G"	"4"	""	"*"	"4"		""	"L153"	
"234.0065"	"234.0072"	"0.0005"	"15"	""		"15069.93"	"57803.66"	"5d4.6s2"	"3H"	"5"	""	"*"	"4"		""	"L153"	
"234.0260"	"234.0266"	"0.0005"	"15"	""		"13307.10"	"56037.28"	"5d4.6s2"	"3P2"	"1"	""	"*"	"2"		""	"L153"	
"234.1554"	"234.1557"	"0.0005"	"12"	""		"13777.71"	"56484.33"	"5d4.6s2"	"3F2"	"2"	""	"*"	"3"		""	"L153"	
"234.171"	""	""	"4"	""		""	""	""	""	""	""	""	""		""	"L153"	
"234.2085"	"234.2073"	"0.0005"	"25"	""		"1670.29"	"44367.50"	"5d4.6s2"	"5D"	"1"	""	"*"	"2"		""	"L153"	
"234.2534"	"234.2539"	"0.0005"	"20"	""		"13348.56"	"56037.28"	"5d4.6s2"	"3G"	"3"	""	"*"	"2"		""	"L153"	
"234.2840"	"234.2844"	"0.0005"	"12"	""		"1670.29"	"44353.46"	"5d4.6s2"	"5D"	"1"	""	"*"	"1"		""	"L153"	
"234.3187"	""	""	"35"	""		""	""	""	""	""	""	""	""		""	"L153"	
"234.3713"	""	""	"5"	""		""	""	""	""	""	""	""	""		""	"L153"	
"234.3843"	"234.3851"	"0.0005"	"15"	""		"17008.50"	"59673.32"	"5d4.6s2"	"3H"	"6"	""	"*"	"5"		""	"L153"	
"234.446"	"234.4464"	"0.0005"	"10"	""		"4830.00"	"47483.68"	"5d4.6s2"	"5D"	"3"	""	"*"	"3"		""	"L153"	
"234.504"	"234.5041"	"0.0005"	"1"	""		"14976.18"	"57619.36"	"5d4.6s2"	"3D"	"2"	""	"*"	"3"		""	"L153"	
"234.5636"	"234.5635"	"0.0005"	"8"	""		"15069.93"	"57702.30"	"5d4.6s2"	"3H"	"5"	""	"*"	"6"		""	"L153"	
"234.5676"	"234.5680"	"0.0005"	"2"	""		"15460.01"	"58091.58"	"5d4.6s2"	"3D"	"3"	""	"*"	"3"		""	"L153"	
"234.6340"	"234.6344"	"0.0005"	"4"	""		"19535.01"	"62154.50"	"5d5.(4G).6s"	"5G"	"5"	""	"*"	"5"		""	"L153"	
"234.6725"	"234.6728"	"0.0005"	"8"	""		"4830.00"	"47442.53"	"5d4.6s2"	"5D"	"3"	""	"*"	"2"		""	"L153"	
"234.704"	"234.7043"	"0.0005"	"5"	""		"13348.56"	"55955.36"	"5d4.6s2"	"3G"	"3"	""	"*"	"4"		""	"L153"	
"234.7412"	"234.7416"	"0.0005"	"10"	""		"2951.29"	"45551.32"	"5d5.(6S).6s"	"7S"	"3"	""	"*"	"3"		""	"L153"	
"234.869"	"234.8689"	"0.0005"	"10"	"1.48e+07"	B	"3325.53"	"45902.48"	"5d4.6s2"	"5D"	"2"	""	"*"	"2"		"T6977"	"L153"	
"234.888"	"234.8880"	"0.0005"	"8"	""		"0.00"	"42573.49"	"5d4.6s2"	"5D"	"0"	""	"*"	"1"		""	"L153"	
"234.9276"	"234.9276"	"0.0005"	"5"	""		"17107.01"	"59673.32"	"5d4.6s2"	"3F2"	"4"	""	"*"	"5"		""	"L153"	
"234.9566"	"234.9569"	"0.0005"	"3"	""		"18974.51"	"61535.50"	"5d5.(4G).6s"	"5G"	"3"	""	"*"	"4"		""	"L153"	
"235.0047"	"235.0054"	"0.0005"	"12"	""		"13307.10"	"55859.32"	"5d4.6s2"	"3P2"	"1"	""	"*"	"1"		""	"L153"	
"235.1180"	"235.1185"	"0.0005"	"10"	""		"4830.00"	"47361.74"	"5d4.6s2"	"5D"	"3"	""	"*"	"3"		""	"L153"	
"235.1266"	"235.1271"	"0.0005"	"8"	""		"4830.00"	"47360.19"	"5d4.6s2"	"5D"	"3"	""	"*"	"4"		""	"L153"	
"235.2512"	"235.2510"	"0.0005"	"10"	""		"4830.00"	"47337.79"	"5d4.6s2"	"5D"	"3"	""	"*"	"2"		""	"L153"	
"235.2615"	"235.2611"	"0.0005"	"1"	""		"19648.54"	"62154.50"	"5d5.(4G).6s"	"5G"	"6"	""	"*"	"5"		""	"L153"	
"235.3454"	"235.3445"	"0.0005"	"4"	""		"15069.93"	"57560.83"	"5d4.6s2"	"3H"	"5"	""	"*"	"5"		""	"L153"	
"235.3682"	"235.3685"	"0.0005"	"12"	""		"13348.56"	"55835.12"	"5d4.6s2"	"3G"	"3"	""	"*"	"2"		""	"L153"	
"235.410"	""	""	"4"	""		""	""	""	""	""	""	""	""		""	"L153"	
"235.4457"	"235.4455"	"0.0005"	"7"	""		"16431.31"	"58903.98"	"5d4.6s2"	"3G"	"4"	""	"*"	"5"		""	"L153"	
"235.4547"	"235.4549"	"0.0005"	"7"	""		"2951.29"	"45422.26"	"5d5.(6S).6s"	"7S"	"3"	""	"*"	"2"		""	"L153"	
"235.5334"	"235.5338"	"0.0005"	"15r"	""		"6219.33"	"48676.08"	"5d4.6s2"	"5D"	"4"	""	"*"	"4"		""	"L153"	
"235.6808"	""	""	"4"	""		""	""	""	""	""	""	""	""		""	"L153"	
"235.7510"	"235.7513"	"0.0005"	"8"	""		"16431.31"	"58848.90"	"5d4.6s2"	"3G"	"4"	""	"*"	"4"		""	"L153"	
"235.7799"	""	""	"3"	""		""	""	""	""	""	""	""	""		""	"L153"	
"235.8378"	"235.8378"	"0.0005"	"10"	""		"17008.50"	"59410.52"	"5d4.6s2"	"3H"	"6"	""	"*"	"6"		""	"L153"	
"235.8789"	"235.8798"	"0.0005"	"15"	""		"12161.96"	"54556.43"	"5d4.6s2"	"3H"	"4"	""	"*"	"3"		""	"L153"	
"235.9819"	"235.9819"	"0.0005"	"2"	""		"14976.18"	"57352.32"	"5d4.6s2"	"3D"	"2"	""	"*"	"3"		""	"L153"	
"236.116"	"236.1155"	"0.0005"	"15r"	""		"3325.53"	"45677.69"	"5d4.6s2"	"5D"	"2"	""	"*"	"3"		""	"L153"	
"236.1475"	"236.1471"	"0.0005"	"3"	""		"16431.31"	"58777.80"	"5d4.6s2"	"3G"	"4"	""	"*"	"4"		""	"L153"	
"236.163"	"236.1629"	"0.0005"	"5"	""		"15460.01"	"57803.66"	"5d4.6s2"	"3D"	"3"	""	"*"	"4"		""	"L153"	
"236.1916"	"236.1918"	"0.0005"	"12"	""		"17008.50"	"59346.98"	"5d4.6s2"	"3H"	"6"	""	"*"	"7"		""	"L153"	
"236.2344"	"236.2350"	"0.0005"	"10"	""		"13777.71"	"56108.44"	"5d4.6s2"	"3F2"	"2"	""	"*"	"3"		""	"L153"	
"236.2477"	"236.2477"	"0.0005"	"4"	""		"19826.04"	"62154.50"	"5d4.6s2"	"3G"	"5"	""	"*"	"5"		""	"L153"	
"236.3363"	"236.3364"	"0.0005"	"6"	""		"13307.10"	"55619.66"	"5d4.6s2"	"3P2"	"1"	""	"*"	"2"		""	"L153"	
"236.3794"	"236.3791"	"0.0005"	"18r"	"6.9e+07"	B	"1670.29"	"43975.22"	"5d4.6s2"	"5D"	"1"	""	"*"	"2"		"T6977"	"L153"	
"236.4186"	"236.4182"	"0.0005"	"8"	""		"17701.18"	"59999.10"	"5d4.6s2"	"3F2"	"3"	""	"*"	"2"		""	"L153"	
"236.4474"	"236.4473"	"0.0005"	"2"	""		"17107.01"	"59399.74"	"5d4.6s2"	"3F2"	"4"	""	"*"	"3"		""	"L153"	
"236.5607"	"236.5607"	"0.0005"	"5"	""		"15460.01"	"57732.46"	"5d4.6s2"	"3D"	"3"	""	"*"	"3"		""	"L153"	
"236.5681"	"236.5682"	"0.0005"	"8"	""		"13348.56"	"55619.66"	"5d4.6s2"	"3G"	"3"	""	"*"	"2"		""	"L153"	
"236.6175"	"236.6175"	"0.0005"	"12"	""		"0.00"	"42262.30"	"5d4.6s2"	"5D"	"0"	""	"*"	"1"		""	"L153"	
"236.6576"	"236.6577"	"0.0005"	"20"	""		"17008.50"	"59263.63"	"5d4.6s2"	"3H"	"6"	""	"*"	"5"		""	"L153"	
"236.6900"	"236.6898"	"0.0005"	"15"	""		"4830.00"	"47079.40"	"5d4.6s2"	"5D"	"3"	""	"*"	"2"		""	"L153"	
"236.6959"	"236.6957"	"0.0005"	"5"	""		"13348.56"	"55596.90"	"5d4.6s2"	"3G"	"3"	""	"*"	"4"		""	"L153"	
"236.7681"	"236.7683"	"0.0005"	"25"	""		"9528.06"	"51763.44"	"5d4.6s2"	"3P2"	"0"	""	"*"	"1"		""	"L153"	
"236.8097"	""	""	"3"	""		""	""	""	""	""	""	""	""		""	"L153"	
"236.8227"	"236.8221"	"0.0005"	"4"	""		"3325.53"	"45551.32"	"5d4.6s2"	"5D"	"2"	""	"*"	"3"		""	"L153"	
"236.8416"	"236.8415"	"0.0005"	"10"	"2.3e+07"	C	"1670.29"	"43892.62"	"5d4.6s2"	"5D"	"1"	""	"*"	"1"		"T6977"	"L153"	
"236.8939"	"236.8950"	"0.0005"	"2"	""		"16431.31"	"58644.10"	"5d4.6s2"	"3G"	"4"	""	"*"	"3"		""	"L153"	
"236.9812"	"236.9809"	"0.0005"	"6"	""		"13348.56"	"55546.06"	"5d4.6s2"	"3G"	"3"	""	"*"	"3"		""	"L153"	
"237.0276"	""	""	"4"	""		""	""	""	""	""	""	""	""		""	"L153"	
"237.1612"	"237.1608"	"0.0005"	"15"	""		"2951.29"	"45116.77"	"5d5.(6S).6s"	"7S"	"3"	""	"*"	"4"		""	"L153"	
"237.2111"	"237.2107"	"0.0005"	"12"	""		"17107.01"	"59263.63"	"5d4.6s2"	"3F2"	"4"	""	"*"	"5"		""	"L153"	
"237.2573"	"237.2573"	"0.0005"	"8"	""		"12161.96"	"54310.30"	"5d4.6s2"	"3H"	"4"	""	"*"	"5"		""	"L153"	
"237.3528"	"237.3528"	"0.0005"	"14"	""		"16431.31"	"58562.68"	"5d4.6s2"	"3G"	"4"	""	"*"	"5"		""	"L153"	
"237.415"	"237.4152"	"0.0005"	"10"	""		"17008.50"	"59128.80"	"5d4.6s2"	"3H"	"6"	""	"*"	"6"		""	"L153"	
"237.4852"	"237.4856"	"0.0005"	"10"	""		"12161.96"	"54269.77"	"5d4.6s2"	"3H"	"4"	""	"*"	"3"		""	"L153"	
"237.4901"	"237.4898"	"0.0005"	"7"	""		"6219.33"	"48326.41"	"5d4.6s2"	"5D"	"4"	""	"*"	"3"		""	"L153"	
"237.5193"	"237.5193"	"0.0005"	"30r"	"6.2e+07"	C	"4830.00"	"46931.84"	"5d4.6s2"	"5D"	"3"	""	"*"	"4"		"T6977"	"L153"	
"237.5481"	"237.5481"	"0.0005"	"10"	""		"3325.53"	"45422.26"	"5d4.6s2"	"5D"	"2"	""	"*"	"2"		""	"L153"	
"237.6261"	"237.6253"	"0.0005"	"4"	""		"13307.10"	"55390.16"	"5d4.6s2"	"3P2"	"1"	""	"*"	"2"		""	"L153"	
"237.634"	"237.6335"	"0.0005"	"3"	""		"13777.71"	"55859.32"	"5d4.6s2"	"3F2"	"2"	""	"*"	"1"		""	"L153"	
"237.6478"	"237.6480"	"0.0005"	"10"	""		"15069.93"	"57148.98"	"5d4.6s2"	"3H"	"5"	""	"*"	"6"		""	"L153"	
"237.6789"	"237.6790"	"0.0005"	"20"	""		"15069.93"	"57143.48"	"5d4.6s2"	"3H"	"5"	""	"*"	"5"		""	"L153"	
"237.7119"	"237.7119"	"0.0005"	"6"	""		"2951.29"	"45019.02"	"5d5.(6S).6s"	"7S"	"3"	""	"*"	"2"		""	"L153"	
"237.7291"	"237.7290"	"0.0005"	"15"	""		"17107.01"	"59171.71"	"5d4.6s2"	"3F2"	"4"	""	"*"	"4"		""	"L153"	
"237.7369"	"237.7372"	"0.0005"	"3"	""		"2951.29"	"45014.54"	"5d5.(6S).6s"	"7S"	"3"	""	"*"	"3"		""	"L153"	
"237.7700"	"237.7702"	"0.0005"	"10"	""		"13777.71"	"55835.12"	"5d4.6s2"	"3F2"	"2"	""	"*"	"2"		""	"L153"	
"237.7773"	"237.7770"	"0.0005"	"15"	""		"16431.31"	"58487.52"	"5d4.6s2"	"3G"	"4"	""	"*"	"3"		""	"L153"	
"237.8210"	"237.8208"	"0.0005"	"1"	""		"3325.53"	"45374.00"	"5d4.6s2"	"5D"	"2"	""	"*"	"1"		""	"L153"	
"237.8642"	"237.8645"	"0.0005"	"10"	""		"13348.56"	"55389.30"	"5d4.6s2"	"3G"	"3"	""	"*"	"3"		""	"L153"	
"237.9642"	"237.9642"	"0.0005"	"7"	""		"14976.18"	"56999.30"	"5d4.6s2"	"3D"	"2"	""	"*"	"2"		""	"L153"	
"237.9792"	""	""	"12"	""		""	""	""	""	""	""	""	""		""	"L153"	
"238.0282"	"238.0284"	"0.0005"	"7"	""		"15460.01"	"57471.80"	"5d4.6s2"	"3D"	"3"	""	"*"	"4"		""	"L153"	
"238.038"	""	""	"12"	""		""	""	""	""	""	""	""	""		""	"L153"	
"238.0920"	"238.0925"	"0.0005"	"2"	""		"19535.01"	"61535.50"	"5d5.(4G).6s"	"5G"	"5"	""	"*"	"4"		""	"L153"	
"238.1082"	"238.1086"	"0.0005"	"3"	""		"13348.56"	"55346.20"	"5d4.6s2"	"3G"	"3"	""	"*"	"4"		""	"L153"	
"238.1558"	"238.1560"	"0.0005"	"7"	""		"2951.29"	"44940.57"	"5d5.(6S).6s"	"7S"	"3"	""	"*"	"4"		""	"L153"	
"238.2285"	"238.2288"	"0.0005"	"15"	""		"4830.00"	"46806.45"	"5d4.6s2"	"5D"	"3"	""	"*"	"2"		""	"L153"	
"238.3400"	"238.3403"	"0.0005"	"10"	""		"12161.96"	"54118.78"	"5d4.6s2"	"3H"	"4"	""	"*"	"4"		""	"L153"	
"238.372"	"238.3721"	"0.0005"	"20r"	""		"6219.33"	"48170.55"	"5d4.6s2"	"5D"	"4"	""	"*"	"3"		""	"L153"	
"238.412"	""	""	"4"	""		""	""	""	""	""	""	""	""		""	"L153"	
"238.4275"	"238.4268"	"0.0005"	"4"	""		"19535.01"	"61476.60"	"5d5.(4G).6s"	"5G"	"5"	""	"*"	"5"		""	"L153"	
"238.5551"	"238.5550"	"0.0005"	"25r"	""		"6219.33"	"48138.38"	"5d4.6s2"	"5D"	"4"	""	"*"	"5"		""	"L153"	
"238.5709"	"238.5708"	"0.0005"	"2"	""		"18082.83"	"59999.10"	"5d4.6s2"	"3D"	"1"	""	"*"	"2"		""	"L153"	
"238.6890"	"238.6892"	"0.0005"	"20"	""		"17008.50"	"58903.98"	"5d4.6s2"	"3H"	"6"	""	"*"	"5"		""	"L153"	
"238.7076"	"238.7073"	"0.0005"	"9"	""		"15460.01"	"57352.32"	"5d4.6s2"	"3D"	"3"	""	"*"	"3"		""	"L153"	
"238.748"	"238.7481"	"0.0005"	"3"	""		"16431.31"	"58316.46"	"5d4.6s2"	"3G"	"4"	""	"*"	"4"		""	"L153"	
"238.7646"	"238.7646"	"0.0005"	"1"	""		"18116.84"	"59999.10"	"5d5.(4G).6s"	"5G"	"2"	""	"*"	"2"		""	"L153"	
"238.7940"	""	""	"3"	""		""	""	""	""	""	""	""	""		""	"L153"	
"238.9806"	"238.9807"	"0.0005"	"15r"	""		"1670.29"	"43514.68"	"5d4.6s2"	"5D"	"1"	""	"*"	"2"		""	"L153"	
"238.994"	"238.9946"	"0.0005"	"2"	""		"13777.71"	"55619.66"	"5d4.6s2"	"3F2"	"2"	""	"*"	"2"		""	"L153"	
"239.2523"	"239.2518"	"0.0005"	"2"	""		"17107.01"	"58903.98"	"5d4.6s2"	"3F2"	"4"	""	"*"	"5"		""	"L153"	
"239.2625"	"239.2628"	"0.0005"	"10"	""		"4830.00"	"46625.05"	"5d4.6s2"	"5D"	"3"	""	"*"	"4"		""	"L153"	
"239.3661"	"239.3666"	"0.0005"	"20"	""		"13307.10"	"55084.02"	"5d4.6s2"	"3P2"	"1"	""	"*"	"2"		""	"L153"	
"239.3792"	"239.3794"	"0.0005"	"15"	""		"16431.31"	"58206.00"	"5d4.6s2"	"3G"	"4"	""	"*"	"3"		""	"L153"	
"239.4153"	"239.4157"	"0.0005"	"25"	""		"13777.71"	"55546.06"	"5d4.6s2"	"3F2"	"2"	""	"*"	"3"		""	"L153"	
"239.4537"	"239.4536"	"0.0005"	"8"	""		"15069.93"	"56831.67"	"5d4.6s2"	"3H"	"5"	""	"*"	"4"		""	"L153"	
"239.5173"	""	""	"12"	""		""	""	""	""	""	""	""	""		""	"L153"	
"239.5251"	"239.5250"	"0.0005"	"3"	""		"6219.33"	"47968.62"	"5d4.6s2"	"5D"	"4"	""	"*"	"4"		""	"L153"	
"239.532"	"239.5320"	"0.0005"	"8"	""		"16431.31"	"58179.38"	"5d4.6s2"	"3G"	"4"	""	"*"	"5"		""	"L153"	
"239.5676"	"239.5675"	"0.0005"	"10"	""		"17107.01"	"58848.90"	"5d4.6s2"	"3F2"	"4"	""	"*"	"4"		""	"L153"	
"239.6043"	"239.6044"	"0.0005"	"15r"	""		"13348.56"	"55084.02"	"5d4.6s2"	"3G"	"3"	""	"*"	"2"		""	"L153"	
"239.6206"	"239.6207"	"0.0005"	"30r"	""		"9528.06"	"51260.68"	"5d4.6s2"	"3P2"	"0"	""	"*"	"1"		""	"L153"	
"239.6608"	"239.6612"	"0.0005"	"10"	""		"13307.10"	"55032.67"	"5d4.6s2"	"3P2"	"1"	""	"*"	"2"		""	"L153"	
"239.6883"	"239.6885"	"0.0005"	"1"	""		"17701.18"	"59422.00"	"5d4.6s2"	"3F2"	"3"	""	"*"	"2"		""	"L153"	
"239.7017"	"239.7011"	"0.0005"	"2"	""		"18280.48"	"59999.10"	"5d5.(6S).6s"	"5S"	"2"	""	"*"	"2"		""	"L153"	
"239.7632"	"239.7632"	"0.0005"	"4"	""		"19827.68"	"61535.50"	"5d5.(4P).6s"	"5P"	"3"	""	"*"	"4"		""	"L153"	
"239.8034"	"239.8038"	"0.0005"	"9"	""		"12161.96"	"53862.72"	"5d4.6s2"	"3H"	"4"	""	"*"	"5"		""	"L153"	
"239.8164"	"239.8164"	"0.0005"	"9"	""		"17701.18"	"59399.74"	"5d4.6s2"	"3F2"	"3"	""	"*"	"3"		""	"L153"	
"239.8382"	"239.8382"	"0.0005"	"2"	""		"13348.56"	"55043.34"	"5d4.6s2"	"3G"	"3"	""	"*"	"4"		""	"L153"	
"239.8456"	"239.8456"	"0.0005"	"20r"	""		"3325.53"	"45019.02"	"5d4.6s2"	"5D"	"2"	""	"*"	"2"		""	"L153"	
"239.8714"	"239.8714"	"0.0005"	"25r"	""		"3325.53"	"45014.54"	"5d4.6s2"	"5D"	"2"	""	"*"	"3"		""	"L153"	
"239.8848"	"239.8848"	"0.0005"	"8"	""		"12161.96"	"53848.63"	"5d4.6s2"	"3H"	"4"	""	"*"	"4"		""	"L153"	
"239.8990"	"239.8996"	"0.0005"	"10"	""		"13348.56"	"55032.67"	"5d4.6s2"	"3G"	"3"	""	"*"	"2"		""	"L153"	
"239.9767"	"239.9763"	"0.0005"	"15"	""		"17107.01"	"58777.80"	"5d4.6s2"	"3F2"	"4"	""	"*"	"4"		""	"L153"	
"240.0929"	"240.0928"	"0.0005"	"3"	""		"19826.04"	"61476.60"	"5d4.6s2"	"3G"	"5"	""	"*"	"5"		""	"L153"	
"240.1250"	"240.1249"	"0.0005"	"5"	""		"2951.29"	"44596.28"	"5d5.(6S).6s"	"7S"	"3"	""	"*"	"2"		""	"L153"	
"240.1886"	"240.1888"	"0.0005"	"18"	""		"13307.10"	"54941.01"	"5d4.6s2"	"3P2"	"1"	""	"*"	"1"		""	"L153"	
"240.2029"	"240.2027"	"0.0005"	"12"	""		"6219.33"	"47850.84"	"5d4.6s2"	"5D"	"4"	""	"*"	"5"		""	"L153"	
"240.3125"	"240.3127"	"0.0005"	"6"	""		"13777.71"	"55390.16"	"5d4.6s2"	"3F2"	"2"	""	"*"	"2"		""	"L153"	
"240.3177"	"240.3177"	"0.0005"	"15"	""		"13777.71"	"55389.30"	"5d4.6s2"	"3F2"	"2"	""	"*"	"3"		""	"L153"	
"240.3464"	"240.3461"	"0.0005"	"7"	""		"13777.71"	"55384.38"	"5d4.6s2"	"3F2"	"2"	""	"*"	"1"		""	"L153"	
"240.3655"	""	""	"3"	""		""	""	""	""	""	""	""	""		""	"L153"	
"240.4976"	""	""	"25"	""		""	""	""	""	""	""	""	""		""	"L153"	
"240.5989"	"240.5983"	"0.0005"	"35"	""		"13348.56"	"54911.61"	"5d4.6s2"	"3G"	"3"	""	"*"	"4"		""	"L153"	
"240.6312"	"240.6312"	"0.0005"	"30r"	"6.9e+07"	B	"1670.29"	"43227.66"	"5d4.6s2"	"5D"	"1"	""	"*"	"2"		"T6977"	"L153"	
"240.6421"	"240.6423"	"0.0005"	"20r"	""		"4830.00"	"46385.46"	"5d4.6s2"	"5D"	"3"	""	"*"	"3"		""	"L153"	
"240.6496"	"240.6497"	"0.0005"	"15"	""		"17008.50"	"58562.68"	"5d4.6s2"	"3H"	"6"	""	"*"	"5"		""	"L153"	
"240.6912"	"240.6910"	"0.0005"	"15r"	""		"1670.29"	"43217.33"	"5d4.6s2"	"5D"	"1"	""	"*"	"1"		""	"L153"	
"240.7364"	"240.7359"	"0.0005"	"2"	""		"15460.01"	"56999.30"	"5d4.6s2"	"3D"	"3"	""	"*"	"2"		""	"L153"	
"240.7492"	"240.7487"	"0.0005"	"10"	""		"17107.01"	"58644.10"	"5d4.6s2"	"3F2"	"4"	""	"*"	"3"		""	"L153"	
"240.7771"	"240.7763"	"0.0005"	"2"	""		"19648.54"	"61180.86"	"5d5.(4G).6s"	"5G"	"6"	""	"*"	"7"		""	"L153"	
"240.9015"	"240.9024"	"0.0005"	"12"	""		"13348.56"	"54859.15"	"5d4.6s2"	"3G"	"3"	""	"*"	"2"		""	"L153"	
"240.9177"	"240.9165"	"0.0005"	"5"	""		"14976.18"	"56484.33"	"5d4.6s2"	"3D"	"2"	""	"*"	"3"		""	"L153"	
"240.9767"	"240.9769"	"0.0005"	"15"	""		"4830.00"	"46327.75"	"5d4.6s2"	"5D"	"3"	""	"*"	"2"		""	"L153"	
"240.9888"	"240.9887"	"0.0005"	"8"	""		"2951.29"	"44447.02"	"5d5.(6S).6s"	"7S"	"3"	""	"*"	"3"		""	"L153"	
"241.0509"	"241.0501"	"0.0005"	"1"	""		"19256.24"	"60741.40"	"5d5.(4G).6s"	"5G"	"4"	""	"*"	"5"		""	"L153"	
"241.1353"	"241.1351"	"0.0005"	"15"	""		"17701.18"	"59171.71"	"5d4.6s2"	"3F2"	"3"	""	"*"	"4"		""	"L153"	
"241.2160"	"241.2159"	"0.0005"	"7"	""		"15069.93"	"56526.57"	"5d4.6s2"	"3H"	"5"	""	"*"	"6"		""	"L153"	
"241.2216"	"241.2215"	"0.0005"	"7"	""		"17107.01"	"58562.68"	"5d4.6s2"	"3F2"	"4"	""	"*"	"5"		""	"L153"	
"241.3581"	"241.3583"	"0.0005"	"1"	""		"15069.93"	"56502.10"	"5d4.6s2"	"3H"	"5"	""	"*"	"4"		""	"L153"	
"241.4516"	"241.4514"	"0.0005"	"15"	""		"2951.29"	"44367.50"	"5d5.(6S).6s"	"7S"	"3"	""	"*"	"2"		""	"L153"	
"241.4773"	"241.4778"	"0.0005"	"20r"	""		"3325.53"	"44737.21"	"5d4.6s2"	"5D"	"2"	""	"*"	"1"		""	"L153"	
"241.4852"	"241.4842"	"0.0005"	"4"	""		"18974.51"	"60385.09"	"5d5.(4G).6s"	"5G"	"3"	""	"*"	"4"		""	"L153"	
"241.5151"	""	""	"4"	""		""	""	""	""	""	""	""	""		""	"L153"	
"241.5361"	""	""	"5"	""		""	""	""	""	""	""	""	""		""	"L153"	
"241.6419"	"241.6417"	"0.0005"	"35r"	""		"1670.29"	"43053.88"	"5d4.6s2"	"5D"	"1"	""	"*"	"0"		""	"L153"	
"241.6605"	"241.6597"	"0.0005"	"6"	""		"17107.01"	"58487.52"	"5d4.6s2"	"3F2"	"4"	""	"*"	"3"		""	"L153"	
"241.6971"	"241.6970"	"0.0005"	"15"	""		"6219.33"	"47593.44"	"5d4.6s2"	"5D"	"4"	""	"*"	"3"		""	"L153"	
"241.7073"	"241.7073"	"0.0005"	"10"	""		"16431.31"	"57803.66"	"5d4.6s2"	"3G"	"4"	""	"*"	"4"		""	"L153"	
"241.8025"	"241.8039"	"0.0005"	"2"	""		"14976.18"	"56332.00"	"5d4.6s2"	"3D"	"2"	""	"*"	"3"		""	"L153"	
"241.9095"	""	""	"5"	""		""	""	""	""	""	""	""	""		""	"L153"	
"241.9557"	""	""	"3"	""		""	""	""	""	""	""	""	""		""	"L153"	
"242.0937"	"242.0938"	"0.0005"	"20"	""		"13777.71"	"55084.02"	"5d4.6s2"	"3F2"	"2"	""	"*"	"2"		""	"L153"	
"242.1239"	"242.1240"	"0.0005"	"8"	""		"16431.31"	"57732.46"	"5d4.6s2"	"3G"	"4"	""	"*"	"3"		""	"L153"	
"242.3028"	"242.3024"	"0.0005"	"30"	""		"3325.53"	"44596.28"	"5d4.6s2"	"5D"	"2"	""	"*"	"2"		""	"L153"	
"242.3398"	"242.3399"	"0.0005"	"12"	""		"6219.33"	"47483.68"	"5d4.6s2"	"5D"	"4"	""	"*"	"3"		""	"L153"	
"242.3950"	"242.3951"	"0.0005"	"1"	""		"13777.71"	"55032.67"	"5d4.6s2"	"3F2"	"2"	""	"*"	"2"		""	"L153"	
"242.4942"	"242.4947"	"0.0005"	"80r"	"7.8e+07"	B	"4830.00"	"46068.02"	"5d4.6s2"	"5D"	"3"	""	"*"	"3"		"T6977"	"L153"	
"242.5506"	"242.5509"	"0.0005"	"15"	""		"12161.96"	"53390.42"	"5d4.6s2"	"3H"	"4"	""	"*"	"3"		""	"L153"	
"242.5822"	"242.5823"	"0.0005"	"1"	""		"17107.01"	"58330.13"	"5d4.6s2"	"3F2"	"4"	""	"*"	"4"		""	"L153"	
"242.6587"	"242.6565"	"0.0005"	"3"	""		"15069.93"	"56280.45"	"5d4.6s2"	"3H"	"5"	""	"*"	"5"		""	"L153"	
"242.6625"	"242.6628"	"0.0005"	"5"	""		"17107.01"	"58316.46"	"5d4.6s2"	"3F2"	"4"	""	"*"	"4"		""	"L153"	
"242.6712"	"242.6721"	"0.0005"	"10"	""		"13348.56"	"54556.43"	"5d4.6s2"	"3G"	"3"	""	"*"	"3"		""	"L153"	
"242.6813"	"242.6808"	"0.0005"	"9"	""		"19535.01"	"60741.40"	"5d5.(4G).6s"	"5G"	"5"	""	"*"	"5"		""	"L153"	
"242.7542"	""	""	"5"	""		""	""	""	""	""	""	""	""		""	"L153"	
"242.7893"	"242.7889"	"0.0005"	"2"	""		"16431.31"	"57619.36"	"5d4.6s2"	"3G"	"4"	""	"*"	"3"		""	"L153"	
"242.8019"	"242.8026"	"0.0005"	"15"	""		"15069.93"	"56255.65"	"5d4.6s2"	"3H"	"5"	""	"*"	"4"		""	"L153"	
"242.8145"	"242.8139"	"0.0005"	"7*"	""		"18974.51"	"60158.32"	"5d5.(4G).6s"	"5G"	"3"	""	"*"	"4"		""	"L153c23"	
"242.8145"	"242.8153"	"0.0005"	"7*"	""		"12161.96"	"53345.52"	"5d4.6s2"	"3H"	"4"	""	"*"	"3"		""	"L153"	
"242.8895"	"242.8901"	"0.0005"	"8"	""		"17008.50"	"58179.38"	"5d4.6s2"	"3H"	"6"	""	"*"	"5"		""	"L153"	
"242.9337"	"242.9348"	"0.0005"	"6"	""		"13777.71"	"54941.01"	"5d4.6s2"	"3F2"	"2"	""	"*"	"1"		""	"L153"	
"243.0575"	"243.0582"	"0.0005"	"15"	""		"6219.33"	"47361.74"	"5d4.6s2"	"5D"	"4"	""	"*"	"3"		""	"L153"	
"243.0667"	"243.0674"	"0.0005"	"5"	""		"6219.33"	"47360.19"	"5d4.6s2"	"5D"	"4"	""	"*"	"4"		""	"L153"	
"243.1178"	"243.1182"	"0.0005"	"20"	""		"14976.18"	"56108.44"	"5d4.6s2"	"3D"	"2"	""	"*"	"3"		""	"L153"	
"243.1342"	"243.1344"	"0.0005"	"5"	""		"16431.31"	"57560.83"	"5d4.6s2"	"3G"	"4"	""	"*"	"5"		""	"L153"	
"243.1385"	"243.1383"	"0.0005"	"3"	""		"19256.24"	"60385.09"	"5d5.(4G).6s"	"5G"	"4"	""	"*"	"4"		""	"L153"	
"243.1714"	"243.1718"	"0.0005"	"6"	""		"13777.71"	"54900.90"	"5d4.6s2"	"3F2"	"2"	""	"*"	"3"		""	"L153"	
"243.1819"	"243.1818"	"0.0005"	"25r"	"2.9e+07"	B	"3325.53"	"44447.02"	"5d4.6s2"	"5D"	"2"	""	"*"	"3"		"T6977"	"L153"	
"243.2342"	"243.2346"	"0.0005"	"4"	""		"13307.10"	"54419.67"	"5d4.6s2"	"3P2"	"1"	""	"*"	"1"		""	"L153"	
"243.2549"	""	""	"3"	""		""	""	""	""	""	""	""	""		""	"L153"	
"243.3408"	"243.3408"	"0.0005"	"2"	""		"18116.84"	"59211.47"	"5d5.(4G).6s"	"5G"	"2"	""	"*"	"2"		""	"L153c23"	
"243.3514"	"243.3513"	"0.0005"	"4"	""		"19648.54"	"60741.40"	"5d5.(4G).6s"	"5G"	"6"	""	"*"	"5"		""	"L153"	
"243.4180"	"243.4189"	"0.0005"	"10"	""		"13777.71"	"54859.15"	"5d4.6s2"	"3F2"	"2"	""	"*"	"2"		""	"L153"	
"243.4477"	"243.4475"	"0.0005"	"12*"	""		"17701.18"	"58777.80"	"5d4.6s2"	"3F2"	"3"	""	"*"	"4"		""	"L153"	
"243.4477"	"243.4485"	"0.0005"	"12*"	""		"12161.96"	"53238.41"	"5d4.6s2"	"3H"	"4"	""	"*"	"4"		""	"L153"	
"243.4720"	"243.4720"	"0.0005"	"25"	"1.074e+08"	A	"4830.00"	"45902.48"	"5d4.6s2"	"5D"	"3"	""	"*"	"2"		"T6977"	"L153"	
"243.4878"	"243.4884"	"0.0005"	"6"	""		"2951.29"	"44021.00"	"5d5.(6S).6s"	"7S"	"3"	""	"*"	"3"		""	"L153"	
"243.4992"	"243.5004"	"0.0005"	"10"	""		"13307.10"	"54374.80"	"5d4.6s2"	"3P2"	"1"	""	"*"	"1"		""	"L153"	
"243.5397"	"243.5395"	"0.0005"	"5"	""		"14976.18"	"56037.28"	"5d4.6s2"	"3D"	"2"	""	"*"	"2"		""	"L153"	
"243.6521"	"243.6523"	"0.0005"	"12*"	""		"15460.01"	"56502.10"	"5d4.6s2"	"3D"	"3"	""	"*"	"4"		""	"L153"	
"243.6521"	"243.6530"	"0.0005"	"12*"	""		"3325.53"	"44367.50"	"5d4.6s2"	"5D"	"2"	""	"*"	"2"		""	"L153"	
"243.6613"	"243.6618"	"0.0005"	"6"	""		"16431.31"	"57471.80"	"5d4.6s2"	"3G"	"4"	""	"*"	"4"		""	"L153"	
"243.6696"	"243.6701"	"0.0005"	"80"	"2.544e+08"	A	"4830.00"	"45869.10"	"5d4.6s2"	"5D"	"3"	""	"*"	"4"		"T6977"	"L153"	
"243.6994"	"243.6996"	"0.0005"	"10"	""		"2951.29"	"43985.41"	"5d5.(6S).6s"	"7S"	"3"	""	"*"	"4"		""	"L153"	
"243.7102"	"243.7105"	"0.0005"	"3"	""		"12161.96"	"53194.25"	"5d4.6s2"	"3H"	"4"	""	"*"	"5"		""	"L153"	
"243.7363"	"243.7364"	"0.0005"	"25r"	""		"3325.53"	"44353.46"	"5d4.6s2"	"5D"	"2"	""	"*"	"1"		""	"L153"	
"243.7577"	"243.7578"	"0.0005"	"5"	""		"15460.01"	"56484.33"	"5d4.6s2"	"3D"	"3"	""	"*"	"3"		""	"L153"	
"243.8691"	"243.8698"	"0.0005"	"10"	""		"9528.06"	"50533.55"	"5d4.6s2"	"3P2"	"0"	""	"*"	"1"		""	"L153"	
"243.9704"	"243.9706"	"0.0005"	"8"	""		"13307.10"	"54295.64"	"5d4.6s2"	"3P2"	"1"	""	"*"	"0"		""	"L153"	
"243.9940"	"243.9943"	"0.0005"	"12"	""		"17107.01"	"58091.58"	"5d4.6s2"	"3F2"	"4"	""	"*"	"3"		""	"L153"	
"244.1620"	"244.1625"	"0.0005"	"5"	""		"12161.96"	"53118.29"	"5d4.6s2"	"3H"	"4"	""	"*"	"4"		""	"L153"	
"244.1733"	"244.1732"	"0.0005"	"3"	""		"17701.18"	"58655.72"	"5d4.6s2"	"3F2"	"3"	""	"*"	"2"		""	"L153"	
"244.2430"	"244.2425"	"0.0005"	"2"	""		"17701.18"	"58644.10"	"5d4.6s2"	"3F2"	"3"	""	"*"	"3"		""	"L153"	
"244.3131"	"244.3137"	"0.0005"	"2"	""		"18280.48"	"59211.47"	"5d5.(6S).6s"	"5S"	"2"	""	"*"	"2"		""	"L153"	
"244.3716"	"244.3721"	"0.0005"	"25"	""		"13348.56"	"54269.77"	"5d4.6s2"	"3G"	"3"	""	"*"	"3"		""	"L153"	
"244.3911"	"244.3914"	"0.0005"	"10"	""		"15069.93"	"55987.90"	"5d4.6s2"	"3H"	"5"	""	"*"	"5"		""	"L153"	
"244.4067"	"244.4070"	"0.0005"	"12"	""		"19826.04"	"60741.40"	"5d4.6s2"	"3G"	"5"	""	"*"	"5"		""	"L153"	
"244.4353"	"244.4350"	"0.0005"	"40"	""		"17008.50"	"57919.17"	"5d4.6s2"	"3H"	"6"	""	"*"	"6"		""	"L153"	
"244.4797"	"244.4796"	"0.0005"	"60r"	"8.7e+07"	B	"1670.29"	"42573.49"	"5d4.6s2"	"5D"	"1"	""	"*"	"1"		"T6977"	"L153"	
"244.4911"	""	""	"3"	""		""	""	""	""	""	""	""	""		""	"L153"	
"244.5013"	"244.5015"	"0.0005"	"2"	""		"2951.29"	"43850.84"	"5d5.(6S).6s"	"7S"	"3"	""	"*"	"3"		""	"L153"	
"244.5331"	"244.5332"	"0.0005"	"2"	""		"17701.18"	"58595.42"	"5d4.6s2"	"3F2"	"3"	""	"*"	"2"		""	"L153"	
"244.5860"	"244.5859"	"0.0005"	"2"	""		"15069.93"	"55955.36"	"5d4.6s2"	"3H"	"5"	""	"*"	"4"		""	"L153"	
"244.5996"	"244.5996"	"0.0005"	"4"	""		"14976.18"	"55859.32"	"5d4.6s2"	"3D"	"2"	""	"*"	"1"		""	"L153"	
"244.6196"	"244.6195"	"0.0005"	"8"	""		"19535.01"	"60414.83"	"5d5.(4G).6s"	"5G"	"5"	""	"*"	"6"		""	"L153"	
"244.6659"	"244.6663"	"0.0005"	"5"	""		"15460.01"	"56332.00"	"5d4.6s2"	"3D"	"3"	""	"*"	"3"		""	"L153"	
"244.7445"	"244.7445"	"0.0005"	"4"	""		"14976.18"	"55835.12"	"5d4.6s2"	"3D"	"2"	""	"*"	"2"		""	"L153"	
"244.7541"	""	""	"5"	""		""	""	""	""	""	""	""	""		""	"L153"	
"244.8116"	"244.8119"	"0.0005"	"10"	""		"4830.00"	"45677.69"	"5d4.6s2"	"5D"	"3"	""	"*"	"3"		""	"L153"	
"244.9132"	"244.9136"	"0.0005"	"25r"	""		"12161.96"	"52992.69"	"5d4.6s2"	"3H"	"4"	""	"*"	"4"		""	"L153"	
"245.1140"	"245.1142"	"0.0005"	"4"	""		"15069.93"	"55867.24"	"5d4.6s2"	"3H"	"5"	""	"*"	"4"		""	"L153"	
"245.124"	"245.1242"	"0.0005"	"6"	""		"15460.01"	"56255.65"	"5d4.6s2"	"3D"	"3"	""	"*"	"4"		""	"L153"	
"245.2088"	"245.2091"	"0.0005"	"30r"	""		"12161.96"	"52943.48"	"5d4.6s2"	"3H"	"4"	""	"*"	"3"		""	"L153"	
"245.2226"	"245.2224"	"0.0005"	"70r"	""		"1670.29"	"42449.60"	"5d4.6s2"	"5D"	"1"	""	"*"	"2"		""	"L153"	
"245.2318"	"245.2318"	"0.0005"	"4"	""		"15069.93"	"55847.68"	"5d4.6s2"	"3H"	"5"	""	"*"	"6"		""	"L153"	
"245.2739"	"245.2737"	"0.0005"	"100r"	"7.8e+07"	B	"0.00"	"40770.78"	"5d4.6s2"	"5D"	"0"	""	"*"	"1"		"T6977"	"L153"	
"245.2806"	"245.2809"	"0.0005"	"4"	""		"2951.29"	"43720.87"	"5d5.(6S).6s"	"7S"	"3"	""	"*"	"4"		""	"L153"	
"245.2850"	"245.2856"	"0.0005"	"3"	""		"13348.56"	"54117.36"	"5d4.6s2"	"3G"	"3"	""	"*"	"3"		""	"L153c23"	
"245.3975"	""	""	"3"	""		""	""	""	""	""	""	""	""		""	"L153"	
"245.5460"	"245.5461"	"0.0005"	"40r"	""		"15069.93"	"55795.48"	"5d4.6s2"	"3H"	"5"	""	"*"	"5"		""	"L153"	
"245.5721"	"245.5716"	"0.0005"	"80"	"7.4e+07"	B	"4830.00"	"45551.32"	"5d4.6s2"	"5D"	"3"	""	"*"	"3"		"T6977"	"L153"	
"245.6115"	"245.6120"	"0.0005"	"10"	""		"15460.01"	"56174.63"	"5d4.6s2"	"3D"	"3"	""	"*"	"4"		""	"L153"	
"245.6249"	"245.6247"	"0.0005"	"80r"	"7.6e+07"	C	"6219.33"	"46931.84"	"5d4.6s2"	"5D"	"4"	""	"*"	"4"		"T6977"	"L153"	
"245.6971"	"245.6974"	"0.0005"	"15"	""		"16431.31"	"57131.78"	"5d4.6s2"	"3G"	"4"	""	"*"	"3"		""	"L153"	
"245.7198"	"245.7205"	"0.0005"	"5w"	""		"17107.01"	"57803.66"	"5d4.6s2"	"3F2"	"4"	""	"*"	"4"		""	"L153"	
"245.7278"	"245.7276"	"0.0005"	"150r"	"4.7e+07"	B	"3325.53"	"44021.00"	"5d4.6s2"	"5D"	"2"	""	"*"	"3"		"T6977"	"L153"	
"245.7360"	"245.7354"	"0.0005"	"3*"	""		"19535.01"	"60229.18"	"5d5.(4G).6s"	"5G"	"5"	""	"*"	"5"		""	"L153c23"	
"245.7360"	"245.7377"	"0.0005"	"3*"	""		"17008.50"	"57702.30"	"5d4.6s2"	"3H"	"6"	""	"*"	"6"		""	"L153"	
"245.9890"	"245.9893"	"0.0005"	"4"	""		"13307.10"	"53959.28"	"5d4.6s2"	"3P2"	"1"	""	"*"	"2"		""	"L153"	
"246.0044"	"246.0043"	"0.0005"	"140r"	"8.6e+07"	B	"3325.53"	"43975.22"	"5d4.6s2"	"5D"	"2"	""	"*"	"2"		"T6977"	"L153"	
"246.0346"	"246.0351"	"0.0005"	"20"	""		"12161.96"	"52806.56"	"5d4.6s2"	"3H"	"4"	""	"*"	"3"		""	"L153"	
"246.0418"	"246.0419"	"0.0005"	"3"	""		"14976.18"	"55619.66"	"5d4.6s2"	"3D"	"2"	""	"*"	"2"		""	"L153"	
"246.0512"	"246.0511"	"0.0005"	"3"	""		"13777.71"	"54419.67"	"5d4.6s2"	"3F2"	"2"	""	"*"	"1"		""	"L153"	
"246.0904"	"246.0904"	"0.0005"	"50r"	""		"6219.33"	"46854.80"	"5d4.6s2"	"5D"	"4"	""	"*"	"5"		""	"L153"	
"246.1292"	"246.1299"	"0.0005"	"10"	""		"17701.18"	"58330.13"	"5d4.6s2"	"3F2"	"3"	""	"*"	"4"		""	"L153"	
"246.1508"	"246.1511"	"0.0005"	"6"	""		"17107.01"	"57732.46"	"5d4.6s2"	"3F2"	"4"	""	"*"	"3"		""	"L153"	
"246.1639"	"246.1641"	"0.0005"	"15"	""		"19535.01"	"60158.32"	"5d5.(4G).6s"	"5G"	"5"	""	"*"	"4"		""	"L153"	
"246.2129"	"246.2128"	"0.0005"	"3"	""		"17701.18"	"58316.46"	"5d4.6s2"	"3F2"	"3"	""	"*"	"4"		""	"L153"	
"246.2313"	"246.2318"	"0.0005"	"30"	""		"12161.96"	"52774.10"	"5d4.6s2"	"3H"	"4"	""	"*"	"5"		""	"L153"	
"246.2398"	"246.2404"	"0.0005"	"5"	""		"13348.56"	"53959.28"	"5d4.6s2"	"3G"	"3"	""	"*"	"2"		""	"L153"	
"246.3225"	"246.3231"	"0.0005"	"12"	""		"13777.71"	"54374.80"	"5d4.6s2"	"3F2"	"2"	""	"*"	"1"		""	"L153"	
"246.3538"	"246.3539"	"0.0005"	"100r"	""		"1670.29"	"42262.30"	"5d4.6s2"	"5D"	"1"	""	"*"	"1"		""	"L153"	
"246.3731"	"246.3734"	"0.0005"	"10"	""		"19826.04"	"60414.83"	"5d4.6s2"	"3G"	"5"	""	"*"	"6"		""	"L153"	
"246.4231"	"246.4229"	"0.0005"	"1"	""		"19648.54"	"60229.18"	"5d5.(4G).6s"	"5G"	"6"	""	"*"	"5"		""	"L153"	
"246.4433"	"246.4434"	"0.0005"	"8"	""		"15460.01"	"56037.28"	"5d4.6s2"	"3D"	"3"	""	"*"	"2"		""	"L153"	
"246.4697"	"246.4700"	"0.0005"	"2"	""		"18082.83"	"58655.72"	"5d4.6s2"	"3D"	"1"	""	"*"	"2"		""	"L153"	
"246.4880"	"246.4883"	"0.0005"	"8"	""		"14976.18"	"55546.06"	"5d4.6s2"	"3D"	"2"	""	"*"	"3"		""	"L153"	
"246.5050"	"246.5052"	"0.0005"	"60r"	"4.3e+07"	C	"3325.53"	"43892.62"	"5d4.6s2"	"5D"	"2"	""	"*"	"1"		"T6977"	"L153"	
"246.5234"	"246.5241"	"0.0005"	"2"	""		"13348.56"	"53912.55"	"5d4.6s2"	"3G"	"3"	""	"*"	"2"		""	"L153"	
"246.5277"	"246.5277"	"0.0005"	"2"	""		"2951.29"	"43514.68"	"5d5.(6S).6s"	"7S"	"3"	""	"*"	"2"		""	"L153"	
"246.5543"	"246.5541"	"0.0005"	"3"	""		"19826.04"	"60385.09"	"5d4.6s2"	"3G"	"5"	""	"*"	"4"		""	"L153"	
"246.5642"	"246.5641"	"0.0005"	"2"	""		"19827.68"	"60385.09"	"5d5.(4P).6s"	"5P"	"3"	""	"*"	"4"		""	"L153"	
"246.5949"	"246.5950"	"0.0005"	"35"	""		"17008.50"	"57560.83"	"5d4.6s2"	"3H"	"6"	""	"*"	"5"		""	"L153"	
"246.6774"	"246.6768"	"0.0005"	"2"	""		"18116.84"	"58655.72"	"5d5.(4G).6s"	"5G"	"2"	""	"*"	"2"		""	"L153"	
"246.7594"	"246.7594"	"0.0005"	"100r"	"6.5e+07"	B	"3325.53"	"43850.84"	"5d4.6s2"	"5D"	"2"	""	"*"	"3"		"T6977"	"L153"	
"246.8366"	"246.8368"	"0.0005"	"12"	""		"18082.83"	"58595.42"	"5d4.6s2"	"3D"	"1"	""	"*"	"2"		""	"L153"	
"246.8840"	"246.8842"	"0.0005"	"4"	""		"17701.18"	"58206.00"	"5d4.6s2"	"3F2"	"3"	""	"*"	"3"		""	"L153"	
"246.9207"	""	""	"3"	""		""	""	""	""	""	""	""	""		""	"L153"	
"246.9414"	"246.9419"	"0.0005"	"7"	""		"15460.01"	"55955.36"	"5d4.6s2"	"3D"	"3"	""	"*"	"4"		""	"L153"	
"246.9621"	"246.9620"	"0.0005"	"5"	""		"13777.71"	"54269.77"	"5d4.6s2"	"3F2"	"2"	""	"*"	"3"		""	"L153"	
"247.1007"	""	""	"4"	""		""	""	""	""	""	""	""	""		""	"L153"	
"247.1480"	""	""	"4"	""		""	""	""	""	""	""	""	""		""	"L153"	
"247.1955"	"247.1954"	"0.0005"	"25"	""		"17107.01"	"57560.83"	"5d4.6s2"	"3F2"	"4"	""	"*"	"5"		""	"L153"	
"247.2339"	"247.2341"	"0.0005"	"5"	""		"18974.51"	"59422.00"	"5d5.(4G).6s"	"5G"	"3"	""	"*"	"2"		""	"L153"	
"247.2703"	""	""	"5"	""		""	""	""	""	""	""	""	""		""	"L153"	
"247.2874"	""	""	"15"	""		""	""	""	""	""	""	""	""		""	"L153"	
"247.3253"	"247.3255"	"0.0005"	"70r"	"3.7e+07"	B	"4830.00"	"45262.55"	"5d4.6s2"	"5D"	"3"	""	"*"	"4"		"T6977"	"L153"	
"247.3884"	"247.3883"	"0.0005"	"4"	""		"15069.93"	"55492.22"	"5d4.6s2"	"3H"	"5"	""	"*"	"5"		""	"L153"	
"247.4205"	"247.4202"	"0.0005"	"1"	""		"19256.24"	"59673.32"	"5d5.(4G).6s"	"5G"	"4"	""	"*"	"5"		""	"L153"	
"247.4391"	"247.4391"	"0.0005"	"3"	""		"14976.18"	"55390.16"	"5d4.6s2"	"3D"	"2"	""	"*"	"2"		""	"L153"	
"247.4446"	"247.4444"	"0.0005"	"10"	""		"14976.18"	"55389.30"	"5d4.6s2"	"3D"	"2"	""	"*"	"3"		""	"L153"	
"247.4567"	"247.4566"	"0.0005"	"15"	""		"0.00"	"40411.12"	"5d4.6s2"	"5D"	"0"	""	"*"	"1"		""	"L153"	
"247.476"	"247.4745"	"0.0005"	"2"	""		"14976.18"	"55384.38"	"5d4.6s2"	"3D"	"2"	""	"*"	"1"		""	"L153"	
"247.4897"	"247.4897"	"0.0005"	"140r"	"1.19e+08"	B	"6219.33"	"46625.05"	"5d4.6s2"	"5D"	"4"	""	"*"	"4"		"T6977"	"L153"	
"247.5064"	"247.5055"	"0.0005"	"1"	""		"19826.04"	"60229.18"	"5d4.6s2"	"3G"	"5"	""	"*"	"5"		""	"L153"	
"247.5226"	"247.5225"	"0.0005"	"10"	""		"16431.31"	"56831.67"	"5d4.6s2"	"3G"	"4"	""	"*"	"4"		""	"L153"	
"247.5613"	""	""	"4"	""		""	""	""	""	""	""	""	""		""	"L153"	
"247.5836"	"247.5836"	"0.0005"	"25"	""		"17701.18"	"58091.58"	"5d4.6s2"	"3F2"	"3"	""	"*"	"3"		""	"L153"	
"247.6140"	"247.6141"	"0.0005"	"2"	""		"15069.93"	"55455.35"	"5d4.6s2"	"3H"	"5"	""	"*"	"5"		""	"L153"	
"247.6764"	"247.6765"	"0.0005"	"15*"	""		"18280.48"	"58655.72"	"5d5.(6S).6s"	"5S"	"2"	""	"*"	"2"		""	"L153"	
"247.6764"	"247.6773"	"0.0005"	"15*"	""		"15460.01"	"55835.12"	"5d4.6s2"	"3D"	"3"	""	"*"	"2"		""	"L153"	
"247.7050"	"247.7045"	"0.0005"	"1"	""		"18116.84"	"58487.52"	"5d5.(4G).6s"	"5G"	"2"	""	"*"	"3"		""	"L153"	
"247.7404"	"247.7407"	"0.0005"	"6"	""		"17107.01"	"57471.80"	"5d4.6s2"	"3F2"	"4"	""	"*"	"4"		""	"L153"	
"247.7557"	"247.7562"	"0.0005"	"10"	""		"13307.10"	"53669.36"	"5d4.6s2"	"3P2"	"1"	""	"*"	"2"		""	"L153"	
"247.7740"	""	""	"3"	""		""	""	""	""	""	""	""	""		""	"L153"	
"247.9207"	""	""	"4"	""		""	""	""	""	""	""	""	""		""	"L153"	
"247.9393"	"247.9404"	"0.0005"	"6"	""		"19826.04"	"60158.32"	"5d4.6s2"	"3G"	"5"	""	"*"	"4"		""	"L153"	
"247.9505"	"247.9504"	"0.0005"	"5"	""		"19827.68"	"60158.32"	"5d5.(4P).6s"	"5P"	"3"	""	"*"	"4"		""	"L153"	
"248.0110"	"248.0110"	"0.0005"	"4"	""		"13348.56"	"53669.36"	"5d4.6s2"	"3G"	"3"	""	"*"	"2"		""	"L153"	
"248.0469"	"248.0470"	"0.0005"	"3"	""		"18280.48"	"58595.42"	"5d5.(6S).6s"	"5S"	"2"	""	"*"	"2"		""	"L153"	
"248.0879"	"248.0877"	"0.0005"	"100r"	"4.7e+07"	C	"1670.29"	"41978.62"	"5d4.6s2"	"5D"	"1"	""	"*"	"2"		"T6977"	"L153"	
"248.1407"	"248.1407"	"0.0005"	"20"	"2.19e+06"	B	"2951.29"	"43251.00"	"5d5.(6S).6s"	"7S"	"3"	""	"*"	"4"		"T6977"	"L153"	
"248.1704"	"248.1701"	"0.0005"	"60r"	""		"1670.29"	"41965.24"	"5d4.6s2"	"5D"	"1"	""	"*"	"0"		""	"L153"	
"248.2189"	"248.2188"	"0.0005"	"150r"	"1.48e+08"	B	"6219.33"	"46506.37"	"5d4.6s2"	"5D"	"4"	""	"*"	"5"		"T6977"	"L153"	
"248.2253"	"248.2263"	"0.0005"	"5"	""		"16431.31"	"56717.13"	"5d4.6s2"	"3G"	"4"	""	"*"	"3"		""	"L153"	
"248.285"	"248.2845"	"0.0005"	"35r"	"1.68e+07"	B	"2951.29"	"43227.66"	"5d5.(6S).6s"	"7S"	"3"	""	"*"	"2"		"T6977"	"L153"	
"248.2961"	"248.2962"	"0.0005"	"30r"	""		"12161.96"	"52436.44"	"5d4.6s2"	"3H"	"4"	""	"*"	"4"		""	"L153"	
"248.5491"	"248.5488"	"0.0005"	"80r"	""		"12161.96"	"52395.50"	"5d4.6s2"	"3H"	"4"	""	"*"	"5"		""	"L153"	
"248.7052"	"248.7052"	"0.0005"	"18"	""		"17107.01"	"57315.25"	"5d4.6s2"	"3F2"	"4"	""	"*"	"4"		""	"L153"	
"248.7459"	""	""	"5"	""		""	""	""	""	""	""	""	""		""	"L153"	
"248.7739"	"248.7735"	"0.0005"	"5"	""		"18974.51"	"59171.71"	"5d5.(4G).6s"	"5G"	"3"	""	"*"	"4"		""	"L153"	
"248.8246"	"248.8242"	"0.0005"	"50r"	""		"4830.00"	"45019.02"	"5d4.6s2"	"5D"	"3"	""	"*"	"2"		""	"L153"	
"248.8521"	"248.8519"	"0.0005"	"12"	""		"4830.00"	"45014.54"	"5d4.6s2"	"5D"	"3"	""	"*"	"3"		""	"L153"	
"248.8696"	"248.8703"	"0.0005"	"7"	""		"13777.71"	"53959.28"	"5d4.6s2"	"3F2"	"2"	""	"*"	"2"		""	"L153"	
"248.9219"	"248.9213"	"0.0005"	"3"	""		"18116.84"	"58290.18"	"5d5.(4G).6s"	"5G"	"2"	""	"*"	"1"		""	"L153"	
"248.9683"	"248.9660"	"0.0005"	"15"	""		"6219.33"	"46385.46"	"5d4.6s2"	"5D"	"4"	""	"*"	"3"		""	"L153"	
"249.0057"	"249.0062"	"0.0005"	"2"	""		"15460.01"	"55619.66"	"5d4.6s2"	"3D"	"3"	""	"*"	"2"		""	"L153"	
"249.0471"	"249.0471"	"0.0005"	"35r"	""		"3325.53"	"43478.58"	"5d4.6s2"	"5D"	"2"	""	"*"	"3"		""	"L153"	
"249.1060"	"249.1063"	"0.0005"	"2"	""		"19256.24"	"59399.74"	"5d5.(4G).6s"	"5G"	"4"	""	"*"	"3"		""	"L153"	
"249.1246"	"249.1251"	"0.0005"	"15"	""		"17008.50"	"57148.98"	"5d4.6s2"	"3H"	"6"	""	"*"	"6"		""	"L153"	
"249.1469"	"249.1474"	"0.0005"	"12"	""		"15460.01"	"55596.90"	"5d4.6s2"	"3D"	"3"	""	"*"	"4"		""	"L153"	
"249.1597"	"249.1601"	"0.0005"	"25"	""		"13777.71"	"53912.55"	"5d4.6s2"	"3F2"	"2"	""	"*"	"2"		""	"L153"	
"249.2750"	""	""	"8"	""		""	""	""	""	""	""	""	""		""	"L153"	
"249.3112"	"249.3108"	"0.0005"	"30"	""		"4830.00"	"44940.57"	"5d4.6s2"	"5D"	"3"	""	"*"	"4"		""	"L153"	
"249.3274"	"249.3278"	"0.0005"	"5"	""		"14976.18"	"55084.02"	"5d4.6s2"	"3D"	"2"	""	"*"	"2"		""	"L153"	
"249.3912"	"249.3918"	"0.0005"	"18"	""		"13777.71"	"53875.26"	"5d4.6s2"	"3F2"	"2"	""	"*"	"1"		""	"L153"	
"249.4146"	"249.4149"	"0.0005"	"30"	""		"12161.96"	"52255.80"	"5d4.6s2"	"3H"	"4"	""	"*"	"3"		""	"L153"	
"249.4629"	"249.4633"	"0.0005"	"4"	""		"15460.01"	"55546.06"	"5d4.6s2"	"3D"	"3"	""	"*"	"3"		""	"L153"	
"249.5583"	"249.5583"	"0.0005"	"30"	""		"16431.31"	"56502.10"	"5d4.6s2"	"3G"	"4"	""	"*"	"4"		""	"L153"	
"249.5763"	""	""	"3"	""		""	""	""	""	""	""	""	""		""	"L153"	
"249.6017"	"249.6016"	"0.0005"	"100r"	"4.7e+07"	C	"1670.29"	"41734.13"	"5d4.6s2"	"5D"	"1"	""	"*"	"2"		"T6977"	"L153"	
"249.647"	"249.6474"	"0.0005"	"10"	""		"14976.18"	"55032.67"	"5d4.6s2"	"3D"	"2"	""	"*"	"2"		""	"L153"	
"249.6684"	"249.6691"	"0.0005"	"15"	""		"16431.31"	"56484.33"	"5d4.6s2"	"3G"	"4"	""	"*"	"3"		""	"L153"	
"249.6863"	""	""	"3"	""		""	""	""	""	""	""	""	""		""	"L153"	
"249.7002"	"249.7004"	"0.0005"	"4"	""		"23484.78"	"63532.78"	"5d4.6s2"	"1I"	"6"	""	"*"	"6"		""	"L153"	
"249.772"	"249.7723"	"0.0005"	"25"	""		"17107.01"	"57143.48"	"5d4.6s2"	"3F2"	"4"	""	"*"	"5"		""	"L153"	
"249.8046"	"249.8047"	"0.0005"	"18"	""		"17701.18"	"57732.46"	"5d4.6s2"	"3F2"	"3"	""	"*"	"3"		""	"L153"	
"249.8450"	"249.8452"	"0.0005"	"8*"	""		"19648.54"	"59673.32"	"5d5.(4G).6s"	"5G"	"6"	""	"*"	"5"		""	"L153"	
"249.8450"	"249.8453"	"0.0005"	"8*"	""		"17107.01"	"57131.78"	"5d4.6s2"	"3F2"	"4"	""	"*"	"3"		""	"L153"	
"249.9391"	"249.9394"	"0.0005"	"6"	""		"18280.48"	"58290.18"	"5d5.(6S).6s"	"5S"	"2"	""	"*"	"1"		""	"L153"	
"249.9541"	"249.9538"	"0.0005"	"3"	""		"19256.24"	"59263.63"	"5d5.(4G).6s"	"5G"	"4"	""	"*"	"5"		""	"L153"	
"250.0185"	"250.0190"	"0.0005"	"25"	""		"13348.56"	"53345.52"	"5d4.6s2"	"3G"	"3"	""	"*"	"3"		""	"L153"	
"250.1392"	"250.1387"	"0.0006"	"3"	""		"13307.10"	"53284.92"	"5d4.6s2"	"3P2"	"1"	""	"*"	"2"		""	"L153"	
"250.1583"	"250.1580"	"0.0006"	"1"	""		"18116.84"	"58091.58"	"5d5.(4G).6s"	"5G"	"2"	""	"*"	"3"		""	"L153"	
"250.1659"	"250.1663"	"0.0006"	"5"	""		"15069.93"	"55043.34"	"5d4.6s2"	"3H"	"5"	""	"*"	"4"		""	"L153"	
"250.2194"	"250.2200"	"0.0006"	"5"	""		"14976.18"	"54941.01"	"5d4.6s2"	"3D"	"2"	""	"*"	"1"		""	"L153"	
"250.2534"	"250.2537"	"0.0006"	"20"	""		"2951.29"	"42910.74"	"5d5.(6S).6s"	"7S"	"3"	""	"*"	"4"		""	"L153"	
"250.2650"	"250.2633"	"0.0006"	"30"	""		"19253.56"	"59211.47"	"5d4.6s2"	"3P2"	"2"	""	"*"	"2"		""	"L153"	
"250.3796"	"250.3800"	"0.0006"	"12"	""		"15069.93"	"55009.22"	"5d4.6s2"	"3H"	"5"	""	"*"	"5"		""	"L153"	
"250.3980"	"250.3984"	"0.0006"	"4"	""		"13348.56"	"53284.92"	"5d4.6s2"	"3G"	"3"	""	"*"	"2"		""	"L153"	
"250.436"	"250.4373"	"0.0006"	"4"	""		"15460.01"	"55390.16"	"5d4.6s2"	"3D"	"3"	""	"*"	"2"		""	"L153"	
"250.4711"	"250.4714"	"0.0006"	"30"	""		"14976.18"	"54900.90"	"5d4.6s2"	"3D"	"2"	""	"*"	"3"		""	"L153"	
"250.501"	"250.5014"	"0.0006"	"3"	""		"13307.10"	"53227.03"	"5d4.6s2"	"3P2"	"1"	""	"*"	"1"		""	"L153"	
"250.5060"	"250.5065"	"0.0006"	"4"	""		"12161.96"	"52081.09"	"5d4.6s2"	"3H"	"4"	""	"*"	"5"		""	"L153"	
"250.5131"	"250.5124"	"0.0006"	"4"	""		"17701.18"	"57619.36"	"5d4.6s2"	"3F2"	"3"	""	"*"	"3"		""	"L153"	
"250.5281"	"250.5284"	"0.0006"	"25"	""		"9528.06"	"49443.70"	"5d4.6s2"	"3P2"	"0"	""	"*"	"1"		""	"L153"	
"250.5453"	"250.5455"	"0.0006"	"60r"	"3.2e+07"	C	"1670.29"	"41583.20"	"5d4.6s2"	"5D"	"1"	""	"*"	"2"		"T6977"	"L153"	
"250.6129"	"250.6132"	"0.0006"	"18"	"2.9e+06"	B	"3325.53"	"43227.66"	"5d4.6s2"	"5D"	"2"	""	"*"	"2"		"T6977"	"L153"	
"250.6401"	"250.6403"	"0.0006"	"30"	""		"12161.96"	"52059.78"	"5d4.6s2"	"3H"	"4"	""	"*"	"4"		""	"L153"	
"250.6775"	"250.6781"	"0.0006"	"20"	"3.2e+07"	C	"3325.53"	"43217.33"	"5d4.6s2"	"5D"	"2"	""	"*"	"1"		"T6977"	"L153"	
"250.6901"	"250.6903"	"0.0006"	"20"	""		"13348.56"	"53238.41"	"5d4.6s2"	"3G"	"3"	""	"*"	"4"		""	"L153"	
"250.7128"	"250.7133"	"0.0006"	"4"	""		"15460.01"	"55346.20"	"5d4.6s2"	"3D"	"3"	""	"*"	"4"		""	"L153"	
"250.7333"	"250.7336"	"0.0006"	"3"	""		"14976.18"	"54859.15"	"5d4.6s2"	"3D"	"2"	""	"*"	"2"		""	"L153"	
"250.739"	""	""	"3"	""		""	""	""	""	""	""	""	""		""	"L153"	
"250.7806"	"250.7805"	"0.0006"	"12"	""		"19535.01"	"59410.52"	"5d5.(4G).6s"	"5G"	"5"	""	"*"	"6"		""	"L153"	
"250.7877"	"250.7875"	"0.0006"	"3"	""		"18974.51"	"58848.90"	"5d5.(4G).6s"	"5G"	"3"	""	"*"	"4"		""	"L153"	
"250.9200"	"250.9201"	"0.0006"	"40"	""		"12161.96"	"52015.28"	"5d4.6s2"	"3H"	"4"	""	"*"	"3"		""	"L153"	
"250.9490"	"250.9493"	"0.0006"	"45"	"2.4e+07"	C	"6219.33"	"46068.02"	"5d4.6s2"	"5D"	"4"	""	"*"	"3"		"T6977"	"L153"	
"250.9583"	"250.9582"	"0.0006"	"3"	""		"19826.04"	"59673.32"	"5d4.6s2"	"3G"	"5"	""	"*"	"5"		""	"L153"	
"250.9934"	"250.9934"	"0.0006"	"6"	""		"15069.93"	"54911.61"	"5d4.6s2"	"3H"	"5"	""	"*"	"4"		""	"L153"	
"251.0922"	"251.0921"	"0.0006"	"30"	""		"15069.93"	"54895.96"	"5d4.6s2"	"3H"	"5"	""	"*"	"6"		""	"L153"	
"251.0967"	""	""	"4"	""		""	""	""	""	""	""	""	""		""	"L153"	
"251.1028"	"251.1027"	"0.0006"	"6"	""		"16431.31"	"56255.65"	"5d4.6s2"	"3G"	"4"	""	"*"	"4"		""	"L153"	
"251.164"	""	""	"4"	""		""	""	""	""	""	""	""	""		""	"L153"	
"251.1859"	"251.1862"	"0.0006"	"10"	""		"18280.48"	"58091.58"	"5d5.(6S).6s"	"5S"	"2"	""	"*"	"3"		""	"L153"	
"251.2129"	""	""	"3"	""		""	""	""	""	""	""	""	""		""	"L153"	
"251.2349"	"251.2355"	"0.0006"	"2"	""		"18974.51"	"58777.80"	"5d5.(4G).6s"	"5G"	"3"	""	"*"	"4"		""	"L153"	
"251.3695"	"251.3693"	"0.0006"	"25"	""		"17008.50"	"56790.60"	"5d4.6s2"	"3H"	"6"	""	"*"	"7"		""	"L153"	
"251.4123"	""	""	"8"	""		""	""	""	""	""	""	""	""		""	"L153"	
"251.4421"	"251.4419"	"0.0006"	"7"	""		"17701.18"	"57471.80"	"5d4.6s2"	"3F2"	"3"	""	"*"	"4"		""	"L153"	
"251.4483"	"251.4475"	"0.0006"	"4"	""		"13348.56"	"53118.29"	"5d4.6s2"	"3G"	"3"	""	"*"	"4"		""	"L153"	
"251.4691"	"251.4693"	"0.0006"	"30"	""		"4830.00"	"44596.28"	"5d4.6s2"	"5D"	"3"	""	"*"	"2"		""	"L153"	
"251.4963"	"251.4965"	"0.0006"	"7"	""		"19648.54"	"59410.52"	"5d5.(4G).6s"	"5G"	"6"	""	"*"	"6"		""	"L153"	
"251.6145"	"251.6146"	"0.0006"	"3"	""		"16431.31"	"56174.63"	"5d4.6s2"	"3G"	"4"	""	"*"	"4"		""	"L153"	
"251.6679"	"251.6679"	"0.0006"	"4"	""		"13307.10"	"53042.00"	"5d4.6s2"	"3P2"	"1"	""	"*"	"1"		""	"L153"	
"251.692"	""	""	"20"	""		""	""	""	""	""	""	""	""		""	"L153"	
"251.7085"	"251.7077"	"0.0006"	"3"	""		"19535.01"	"59263.63"	"5d5.(4G).6s"	"5G"	"5"	""	"*"	"5"		""	"L153"	
"251.7306"	"251.7328"	"0.0006"	"10"	""		"17107.01"	"56831.67"	"5d4.6s2"	"3F2"	"4"	""	"*"	"4"		""	"L153"	
"251.7389"	""	""	"16"	""		""	""	""	""	""	""	""	""		""	"L153"	
"251.8993"	"251.8991"	"0.0006"	"1"	""		"19648.54"	"59346.98"	"5d5.(4G).6s"	"5G"	"6"	""	"*"	"7"		""	"L153"	
"251.9106"	"251.9106"	"0.0006"	"4"	""		"13307.10"	"53003.72"	"5d4.6s2"	"3P2"	"1"	""	"*"	"2"		""	"L153"	
"251.9262"	"251.9264"	"0.0006"	"18"	""		"12161.96"	"51856.10"	"5d4.6s2"	"3H"	"4"	""	"*"	"4"		""	"L153"	
"251.9940"	""	""	"18"	""		""	""	""	""	""	""	""	""		""	"L153"	
"252.0088"	"252.0084"	"0.0006"	"3"	""		"18974.51"	"58655.72"	"5d5.(4G).6s"	"5G"	"3"	""	"*"	"2"		""	"L153"	
"252.0338"	"252.0344"	"0.0006"	"4"	""		"16431.31"	"56108.44"	"5d4.6s2"	"3G"	"4"	""	"*"	"3"		""	"L153"	
"252.0632"	""	""	"50"	""		""	""	""	""	""	""	""	""		""	"L153"	
"252.1213"	"252.1213"	"0.0006"	"50"	""		"15069.93"	"54733.38"	"5d4.6s2"	"3H"	"5"	""	"*"	"6"		""	"L153"	
"252.1736"	"252.1740"	"0.0006"	"30"	""		"13348.56"	"53003.72"	"5d4.6s2"	"3G"	"3"	""	"*"	"2"		""	"L153"	
"252.2003"	"252.1996"	"0.0006"	"5"	""		"17701.18"	"57352.32"	"5d4.6s2"	"3F2"	"3"	""	"*"	"3"		""	"L153"	
"252.2082"	"252.2074"	"0.0006"	"100*"	""		"2951.29"	"42601.19"	"5d5.(6S).6s"	"7S"	"3"	""	"*"	"3"		""	"L153"	
"252.2082"	"252.2083"	"0.0006"	"100*"	""		"6219.33"	"45869.10"	"5d4.6s2"	"5D"	"4"	""	"*"	"4"		""	"L153"	
"252.2445"	"252.2442"	"0.0006"	"3"	""		"13348.56"	"52992.69"	"5d4.6s2"	"3G"	"3"	""	"*"	"4"		""	"L153"	
"252.2915"	"252.2914"	"0.0006"	"12*"	""		"19535.01"	"59171.71"	"5d5.(4G).6s"	"5G"	"5"	""	"*"	"4"		""	"L153"	
"252.2915"	"252.2919"	"0.0006"	"12*"	""		"0.00"	"39636.62"	"5d4.6s2"	"5D"	"0"	""	"*"	"1"		""	"L153"	
"252.372"	"252.3722"	"0.0006"	"10"	""		"15460.01"	"55084.02"	"5d4.6s2"	"3D"	"3"	""	"*"	"2"		""	"L153"	
"252.4169"	"252.4168"	"0.0006"	"60r"	"5.1e+07"	C	"4830.00"	"44447.02"	"5d4.6s2"	"5D"	"3"	""	"*"	"3"		"T6977"	"L153"	
"252.4243"	"252.4257"	"0.0006"	"3"	""		"18116.84"	"57732.46"	"5d5.(4G).6s"	"5G"	"2"	""	"*"	"3"		""	"L153"	
"252.4290"	"252.4291"	"0.0006"	"5"	""		"19648.54"	"59263.63"	"5d5.(4G).6s"	"5G"	"6"	""	"*"	"5"		""	"L153"	
"252.4351"	"252.4356"	"0.0006"	"12"	""		"17701.18"	"57315.25"	"5d4.6s2"	"3F2"	"3"	""	"*"	"4"		""	"L153"	
"252.4445"	"252.4442"	"0.0006"	"2"	""		"13777.71"	"53390.42"	"5d4.6s2"	"3F2"	"2"	""	"*"	"3"		""	"L153"	
"252.4604"	"252.4607"	"0.0006"	"4"	""		"17107.01"	"56717.13"	"5d4.6s2"	"3F2"	"4"	""	"*"	"3"		""	"L153"	
"252.5567"	"252.5577"	"0.0006"	"16"	""		"13348.56"	"52943.48"	"5d4.6s2"	"3G"	"3"	""	"*"	"3"		""	"L153"	
"252.5663"	"252.5649"	"0.0006"	"3"	""		"19535.01"	"59128.80"	"5d5.(4G).6s"	"5G"	"5"	""	"*"	"6"		""	"L153"	
"252.5843"	""	""	"3"	""		""	""	""	""	""	""	""	""		""	"L153"	
"252.6310"	"252.6316"	"0.0006"	"12"	""		"15460.01"	"55043.34"	"5d4.6s2"	"3D"	"3"	""	"*"	"4"		""	"L153"	
"252.6444"	"252.6444"	"0.0006"	"18"	""		"2951.29"	"42532.62"	"5d5.(6S).6s"	"7S"	"3"	""	"*"	"4"		""	"L153"	
"252.6509"	"252.6513"	"0.0006"	"1"	""		"14976.18"	"54556.43"	"5d4.6s2"	"3D"	"2"	""	"*"	"3"		""	"L153"	
"252.6633"	"252.6631"	"0.0006"	"1"	""		"13307.10"	"52885.50"	"5d4.6s2"	"3P2"	"1"	""	"*"	"2"		""	"L153"	
"252.6992"	"252.6997"	"0.0006"	"5"	""		"15460.01"	"55032.67"	"5d4.6s2"	"3D"	"3"	""	"*"	"2"		""	"L153"	
"252.7088"	"252.7087"	"0.0006"	"5"	""		"20427.84"	"59999.10"	"5d5.(4P).6s"	"5P"	"1"	""	"*"	"2"		""	"L153"	
"252.7176"	"252.7179"	"0.0006"	"12"	""		"6219.33"	"45789.14"	"5d4.6s2"	"5D"	"4"	""	"*"	"5"		""	"L153"	
"252.7302"	"252.7307"	"0.0006"	"3"	""		"13777.71"	"53345.52"	"5d4.6s2"	"3F2"	"2"	""	"*"	"3"		""	"L153"	
"252.762"	"252.7624"	"0.0006"	"4"	""		"2951.29"	"42514.14"	"5d5.(6S).6s"	"7S"	"3"	""	"*"	"3"		""	"L153"	
"252.8022"	"252.8024"	"0.0006"	"9"	""		"16431.31"	"55987.90"	"5d4.6s2"	"3G"	"4"	""	"*"	"5"		""	"L153"	
"252.8523"	"252.8528"	"0.0006"	"40"	""		"17008.50"	"56557.20"	"5d4.6s2"	"3H"	"6"	""	"*"	"7"		""	"L153"	
"252.9246"	"252.9244"	"0.0006"	"50"	""		"4830.00"	"44367.50"	"5d4.6s2"	"5D"	"3"	""	"*"	"2"		""	"L153"	
"253.0089"	"253.0105"	"0.0006"	"12"	""		"16431.31"	"55955.36"	"5d4.6s2"	"3G"	"4"	""	"*"	"4"		""	"L153"	
"253.0270"	"253.0264"	"0.0006"	"1"	""		"19256.24"	"58777.80"	"5d5.(4G).6s"	"5G"	"4"	""	"*"	"4"		""	"L153"	
"253.0483"	"253.0488"	"0.0006"	"40"	""		"17008.50"	"56526.57"	"5d4.6s2"	"3H"	"6"	""	"*"	"6"		""	"L153"	
"253.0809"	"253.0812"	"0.0006"	"4"	""		"18974.51"	"58487.52"	"5d5.(4G).6s"	"5G"	"3"	""	"*"	"3"		""	"L153"	
"253.1178"	"253.1184"	"0.0006"	"5"	""		"13777.71"	"53284.92"	"5d4.6s2"	"3F2"	"2"	""	"*"	"2"		""	"L153"	
"253.1747"	"253.1754"	"0.0006"	"5"	""		"2951.29"	"42449.60"	"5d5.(6S).6s"	"7S"	"3"	""	"*"	"2"		""	"L153"	
"253.2909"	"253.2911"	"0.0006"	"3"	""		"19648.54"	"59128.80"	"5d5.(4G).6s"	"5G"	"6"	""	"*"	"6"		""	"L153"	
"253.4312"	"253.4317"	"0.0006"	"25"	""		"6219.33"	"45677.69"	"5d4.6s2"	"5D"	"4"	""	"*"	"3"		""	"L153"	
"253.4396"	"253.4399"	"0.0006"	"35r"	"9.8e+07"	B	"1670.29"	"41127.38"	"5d4.6s2"	"5D"	"1"	""	"*"	"0"		"T6977"	"L153"	
"253.4747"	"253.4751"	"0.0006"	"25"	""		"15460.01"	"54911.61"	"5d4.6s2"	"3D"	"3"	""	"*"	"4"		""	"L153"	
"253.5440"	"253.5440"	"0.0006"	"30"	""		"15460.01"	"54900.90"	"5d4.6s2"	"3D"	"3"	""	"*"	"3"		""	"L153"	
"253.565"	"253.5652"	"0.0006"	"5"	""		"19826.04"	"59263.63"	"5d4.6s2"	"3G"	"5"	""	"*"	"5"		""	"L153"	
"253.5868"	"253.5868"	"0.0006"	"35"	""		"1670.29"	"41104.52"	"5d4.6s2"	"5D"	"1"	""	"*"	"2"		""	"L153"	
"253.6097"	"253.6101"	"0.0006"	"25"	""		"17701.18"	"57131.78"	"5d4.6s2"	"3F2"	"3"	""	"*"	"3"		""	"L153"	
"253.8118"	"253.8126"	"0.0006"	"15"	""		"15460.01"	"54859.15"	"5d4.6s2"	"3D"	"3"	""	"*"	"2"		""	"L153"	
"253.8383"	"253.8387"	"0.0006"	"10"	""		"17107.01"	"56502.10"	"5d4.6s2"	"3F2"	"4"	""	"*"	"4"		""	"L153"	
"253.8859"	"253.8853"	"0.0006"	"6"	""		"19256.24"	"58644.10"	"5d5.(4G).6s"	"5G"	"4"	""	"*"	"3"		""	"L153"	
"253.9106"	"253.9116"	"0.0006"	"10"	""		"19827.68"	"59211.47"	"5d5.(4P).6s"	"5P"	"3"	""	"*"	"2"		""	"L153"	
"253.952"	"253.9533"	"0.0006"	"4"	""		"17107.01"	"56484.33"	"5d4.6s2"	"3F2"	"4"	""	"*"	"3"		""	"L153"	
"254.0377"	"254.0381"	"0.0006"	"10"	""		"16431.31"	"55795.48"	"5d4.6s2"	"3G"	"4"	""	"*"	"5"		""	"L153"	
"254.1066"	""	""	"3"	""		""	""	""	""	""	""	""	""		""	"L153"	
"254.1518"	"254.1523"	"0.0006"	"2"	""		"13307.10"	"52653.58"	"5d4.6s2"	"3P2"	"1"	""	"*"	"2"		""	"L153"	
"254.1688"	"254.1682"	"0.0006"	"10"	""		"19827.68"	"59171.71"	"5d5.(4P).6s"	"5P"	"3"	""	"*"	"4"		""	"L153"	
"254.1826"	"254.1822"	"0.0006"	"6"	""		"19253.56"	"58595.42"	"5d4.6s2"	"3P2"	"2"	""	"*"	"2"		""	"L153"	
"254.1907"	""	""	"8"	""		""	""	""	""	""	""	""	""		""	"L153"	
"254.2459"	"254.2460"	"0.0006"	"20"	"4.8e+06"	B	"6219.33"	"45551.32"	"5d4.6s2"	"5D"	"4"	""	"*"	"3"		"T6977"	"L153"	
"254.2711"	""	""	"3"	""		""	""	""	""	""	""	""	""		""	"L153"	
"254.3000"	"254.3005"	"0.0006"	"8"	""		"19826.04"	"59149.60"	"5d4.6s2"	"3G"	"5"	""	"*"	"5"		""	"L153"	
"254.3814"	"254.3812"	"0.0006"	"4"	""		"12161.96"	"51473.04"	"5d4.6s2"	"3H"	"4"	""	"*"	"4"		""	"L153"	
"254.4200"	"254.4204"	"0.0006"	"40"	""		"13348.56"	"52653.58"	"5d4.6s2"	"3G"	"3"	""	"*"	"2"		""	"L153"	
"254.4350"	"254.4351"	"0.0006"	"5"	""		"19826.04"	"59128.80"	"5d4.6s2"	"3G"	"5"	""	"*"	"6"		""	"L153"	
"254.4420"	"254.4419"	"0.0006"	"4"	""		"22852.80"	"62154.50"	"5d4.6s2"	"1G2"	"4"	""	"*"	"5"		""	"L153"	
"254.4522"	"254.4515"	"0.0006"	"1"	""		"2951.29"	"42251.51"	"5d5.(6S).6s"	"7S"	"3"	""	"*"	"3"		""	"L153"	
"254.4667"	"254.4651"	"0.0006"	"1"	""		"17701.18"	"56999.30"	"5d4.6s2"	"3F2"	"3"	""	"*"	"2"		""	"L153"	
"254.4934"	"254.4944"	"0.0006"	"15"	""		"14976.18"	"54269.77"	"5d4.6s2"	"3D"	"2"	""	"*"	"3"		""	"L153"	
"254.6104"	"254.6106"	"0.0006"	"50r"	"2.41e+07"	B	"3325.53"	"42601.19"	"5d4.6s2"	"5D"	"2"	""	"*"	"3"		"T6977"	"L153"	
"254.6347"	"254.6347"	"0.0006"	"30"	""		"17008.50"	"56280.45"	"5d4.6s2"	"3H"	"6"	""	"*"	"5"		""	"L153"	
"254.6841"	"254.6843"	"0.0006"	"5"	""		"13777.71"	"53042.00"	"5d4.6s2"	"3F2"	"2"	""	"*"	"1"		""	"L153"	
"254.7121"	"254.7122"	"0.0006"	"4"	""		"9528.06"	"48788.06"	"5d4.6s2"	"3P2"	"0"	""	"*"	"1"		""	"L153"	
"254.7414"	"254.7418"	"0.0006"	"12"	""		"19648.54"	"58903.98"	"5d5.(4G).6s"	"5G"	"6"	""	"*"	"5"		""	"L153"	
"254.7901"	"254.7903"	"0.0006"	"100r"	"1.75e+08"	B	"3325.53"	"42573.49"	"5d4.6s2"	"5D"	"2"	""	"*"	"1"		"T6977"	"L153"	
"254.8231"	"254.8239"	"0.0006"	"25"	""		"19535.01"	"58777.80"	"5d5.(4G).6s"	"5G"	"5"	""	"*"	"4"		""	"L153"	
"254.8391"	"254.8396"	"0.0006"	"15"	""		"15069.93"	"54310.30"	"5d4.6s2"	"3H"	"5"	""	"*"	"5"		""	"L153"	
"254.8708"	"254.8714"	"0.0006"	"6"	""		"18116.84"	"57352.32"	"5d5.(4G).6s"	"5G"	"2"	""	"*"	"3"		""	"L153"	
"254.8818"	"254.8812"	"0.0006"	"1"	""		"19253.56"	"58487.52"	"5d4.6s2"	"3P2"	"2"	""	"*"	"3"		""	"L153"	
"254.8913"	"254.8919"	"0.0006"	"25"	""		"6219.33"	"45451.65"	"5d4.6s2"	"5D"	"4"	""	"*"	"5"		""	"L153"	
"254.9327"	"254.9329"	"0.0006"	"40*"	""		"13777.71"	"53003.72"	"5d4.6s2"	"3F2"	"2"	""	"*"	"2"		""	"L153"	
"254.9327"	"254.9333"	"0.0006"	"40*"	""		"19535.01"	"58760.96"	"5d5.(4G).6s"	"5G"	"5"	""	"*"	"6"		""	"L153"	
"255.085"	"255.0843"	"0.0006"	"20"	""		"23484.78"	"62687.50"	"5d4.6s2"	"1I"	"6"	""	"*"	"6"		""	"L153"	
"255.0896"	""	""	"5"	""		""	""	""	""	""	""	""	""		""	"L153"	
"255.1143"	"255.1143"	"0.0006"	"60r"	"2.8e+07"	C	"1670.29"	"40868.40"	"5d4.6s2"	"5D"	"1"	""	"*"	"2"		"T6977"	"L153"	
"255.1262"	"255.1261"	"0.0006"	"12"	""		"13307.10"	"52503.41"	"5d4.6s2"	"3P2"	"1"	""	"*"	"2"		""	"L153"	
"255.1608"	"255.1606"	"0.0006"	"4"	""		"4830.00"	"44021.00"	"5d4.6s2"	"5D"	"3"	""	"*"	"3"		""	"L153"	
"255.177"	"255.1762"	"0.0006"	"25"	""		"3325.53"	"42514.14"	"5d4.6s2"	"5D"	"2"	""	"*"	"3"		""	"L153"	
"255.2115"	"255.2114"	"0.0006"	"200r"	"1.78e+08"	B	"0.00"	"39183.20"	"5d4.6s2"	"5D"	"0"	""	"*"	"1"		"T6977"	"L153"	
"255.2752"	"255.2750"	"0.0006"	"25"	""		"17107.01"	"56280.45"	"5d4.6s2"	"3F2"	"4"	""	"*"	"5"		""	"L153"	
"255.3255"	"255.3250"	"0.0006"	"30"	""		"13777.71"	"52943.48"	"5d4.6s2"	"3F2"	"2"	""	"*"	"3"		""	"L153"	
"255.3934"	"255.3925"	"0.0006"	"70"	""		"4830.00"	"43985.41"	"5d4.6s2"	"5D"	"3"	""	"*"	"4"		""	"L153"	
"255.4372"	"255.4367"	"0.0006"	"30"	""		"17107.01"	"56255.65"	"5d4.6s2"	"3F2"	"4"	""	"*"	"4"		""	"L153"	
"255.4590"	"255.4590"	"0.0006"	"100r"	"4.3e+07"	B	"4830.00"	"43975.22"	"5d4.6s2"	"5D"	"3"	""	"*"	"2"		"T6977"	"L153"	
"255.4858"	"255.4854"	"0.0006"	"30"	""		"14976.18"	"54117.36"	"5d4.6s2"	"3D"	"2"	""	"*"	"3"		""	"L153c23"	
"255.5561"	"255.5552"	"0.0006"	"2"	""		"17701.18"	"56831.67"	"5d4.6s2"	"3F2"	"3"	""	"*"	"4"		""	"L153"	
"255.5672"	"255.5664"	"0.0006"	"6"	""		"12161.96"	"51290.73"	"5d4.6s2"	"3H"	"4"	""	"*"	"5"		""	"L153"	
"255.5974"	"255.5971"	"0.0006"	"40"	""		"3325.53"	"42449.60"	"5d4.6s2"	"5D"	"2"	""	"*"	"2"		""	"L153"	
"255.6431"	"255.6429"	"0.0006"	"4"	""		"18974.51"	"58091.58"	"5d5.(4G).6s"	"5G"	"3"	""	"*"	"3"		""	"L153"	
"255.6583"	"255.6580"	"0.0006"	"2"	""		"16431.31"	"55546.06"	"5d4.6s2"	"3G"	"4"	""	"*"	"3"		""	"L153"	
"255.6735"	"255.6733"	"0.0006"	"6"	""		"19648.54"	"58760.96"	"5d5.(4G).6s"	"5G"	"6"	""	"*"	"6"		""	"L153"	
"255.7033"	"255.7035"	"0.0006"	"20"	""		"13777.71"	"52885.50"	"5d4.6s2"	"3F2"	"2"	""	"*"	"2"		""	"L153"	
"255.728"	""	""	"3"	""		""	""	""	""	""	""	""	""		""	"L153"	
"255.7516"	"255.7513"	"0.0006"	"40r"	"2.6e+07"	C	"1670.29"	"40770.78"	"5d4.6s2"	"5D"	"1"	""	"*"	"1"		"T6977"	"L153"	
"255.7775"	"255.7779"	"0.0006"	"18"	""		"15460.01"	"54556.43"	"5d4.6s2"	"3D"	"3"	""	"*"	"3"		""	"L153"	
"255.834"	"255.8338"	"0.0006"	"20"	""		"13348.56"	"52436.44"	"5d4.6s2"	"3G"	"3"	""	"*"	"4"		""	"L153"	
"255.9001"	"255.8989"	"0.0006"	"2"	""		"19826.04"	"58903.98"	"5d4.6s2"	"3G"	"5"	""	"*"	"5"		""	"L153"	
"255.9251"	"255.9254"	"0.0006"	"20"	""		"19256.24"	"58330.13"	"5d5.(4G).6s"	"5G"	"4"	""	"*"	"4"		""	"L153"	
"255.967"	"255.9664"	"0.0006"	"4"	""		"17107.01"	"56174.63"	"5d4.6s2"	"3F2"	"4"	""	"*"	"4"		""	"L153"	
"256.0106"	"256.0104"	"0.0006"	"15"	""		"16431.31"	"55492.22"	"5d4.6s2"	"3G"	"4"	""	"*"	"5"		""	"L153"	
"256.0892"	"256.0895"	"0.0006"	"40"	""		"15069.93"	"54118.78"	"5d4.6s2"	"3H"	"5"	""	"*"	"4"		""	"L153"	
"256.1270"	"256.1264"	"0.0006"	"8"	""		"6219.33"	"45262.55"	"5d4.6s2"	"5D"	"4"	""	"*"	"4"		""	"L153"	
"256.1526"	"256.1525"	"0.0006"	"25"	""		"23484.78"	"62524.02"	"5d4.6s2"	"1I"	"6"	""	"*"	"6"		""	"L153"	
"256.2213"	"256.2207"	"0.0006"	"6"	""		"13777.71"	"52806.56"	"5d4.6s2"	"3F2"	"2"	""	"*"	"3"		""	"L153"	
"256.2296"	"256.2285"	"0.0006"	"20*"	""		"19535.01"	"58562.68"	"5d5.(4G).6s"	"5G"	"5"	""	"*"	"5"		""	"L153"	
"256.2296"	"256.2307"	"0.0006"	"20*"	""		"2951.29"	"41978.62"	"5d5.(6S).6s"	"7S"	"3"	""	"*"	"2"		""	"L153"	
"256.2530"	"256.2523"	"0.0006"	"3"	""		"16431.31"	"55455.35"	"5d4.6s2"	"3G"	"4"	""	"*"	"5"		""	"L153"	
"256.2614"	"256.2600"	"0.0006"	"3"	""		"19826.04"	"58848.90"	"5d4.6s2"	"3G"	"5"	""	"*"	"4"		""	"L153"	
"256.2736"	"256.2733"	"0.0006"	"100r"	"4.8e+07"	B	"4830.00"	"43850.84"	"5d4.6s2"	"5D"	"3"	""	"*"	"3"		"T6977"	"L153"	
"256.3064"	"256.3054"	"0.0006"	"4"	""		"17701.18"	"56717.13"	"5d4.6s2"	"3F2"	"3"	""	"*"	"3"		""	"L153"	
"256.3126"	"256.3121"	"0.0006"	"10"	""		"18116.84"	"57131.78"	"5d5.(4G).6s"	"5G"	"2"	""	"*"	"3"		""	"L153"	
"256.4012"	"256.4009"	"0.0006"	"4"	""		"17107.01"	"56108.44"	"5d4.6s2"	"3F2"	"4"	""	"*"	"3"		""	"L153"	
"256.4111"	"256.4108"	"0.0006"	"6"	""		"22476.68"	"61476.60"	"5d5.(4D).6s"	"5D"	"4"	""	"*"	"5"		""	"L153"	
"256.4489"	"256.4487"	"0.0006"	"6"	""		"20427.84"	"59422.00"	"5d5.(4P).6s"	"5P"	"1"	""	"*"	"2"		""	"L153"	
"256.5227"	"256.5214"	"0.0006"	"4"	""		"14976.18"	"53959.28"	"5d4.6s2"	"3D"	"2"	""	"*"	"2"		""	"L153"	
"256.5465"	"256.5458"	"0.0006"	"45"	""		"17008.50"	"55987.90"	"5d4.6s2"	"3H"	"6"	""	"*"	"5"		""	"L153"	
"256.6001"	""	""	"2"	""		""	""	""	""	""	""	""	""		""	"L153"	
"256.6575"	""	""	"4"	""		""	""	""	""	""	""	""	""		""	"L153"	
"256.6873"	"256.6868"	"0.0006"	"7"	""		"16431.31"	"55389.30"	"5d4.6s2"	"3G"	"4"	""	"*"	"3"		""	"L153"	
"256.6975"	""	""	"6"	""		""	""	""	""	""	""	""	""		""	"L153"	
"256.7287"	"256.7278"	"0.0006"	"6"	""		"19826.04"	"58777.80"	"5d4.6s2"	"3G"	"5"	""	"*"	"4"		""	"L153"	
"256.7377"	"256.7386"	"0.0006"	"1"	""		"19827.68"	"58777.80"	"5d5.(4P).6s"	"5P"	"3"	""	"*"	"4"		""	"L153"	
"256.7417"	"256.7410"	"0.0006"	"6"	""		"19256.24"	"58206.00"	"5d5.(4G).6s"	"5G"	"4"	""	"*"	"3"		""	"L153"	
"256.7737"	""	""	"6"	""		""	""	""	""	""	""	""	""		""	"L153"	
"256.8027"	""	""	"3"	""		""	""	""	""	""	""	""	""		""	"L153"	
"256.8275"	"256.8266"	"0.0006"	"20"	""		"3325.53"	"42262.30"	"5d4.6s2"	"5D"	"2"	""	"*"	"1"		""	"L153"	
"256.839"	"256.8388"	"0.0006"	"10"	""		"19826.04"	"58760.96"	"5d4.6s2"	"3G"	"5"	""	"*"	"6"		""	"L153"	
"256.8984"	"256.8977"	"0.0006"	"30*"	""		"13307.10"	"52233.10"	"5d4.6s2"	"3P2"	"1"	""	"*"	"0"		""	"L153"	
"256.8984"	"256.8978"	"0.0006"	"30*"	""		"3325.53"	"42251.51"	"5d4.6s2"	"5D"	"2"	""	"*"	"3"		""	"L153"	
"256.9171"	"256.9166"	"0.0006"	"2"	""		"19256.24"	"58179.38"	"5d5.(4G).6s"	"5G"	"4"	""	"*"	"5"		""	"L153"	
"256.9334"	"256.9330"	"0.0006"	"30"	""		"2951.29"	"41871.94"	"5d5.(6S).6s"	"7S"	"3"	""	"*"	"4"		""	"L153"	
"256.962"	"256.9606"	"0.0006"	"10"	""		"18082.83"	"56999.30"	"5d4.6s2"	"3D"	"1"	""	"*"	"2"		""	"L153"	
"256.9762"	"256.9760"	"0.0006"	"40"	""		"19648.54"	"58562.68"	"5d5.(4G).6s"	"5G"	"6"	""	"*"	"5"		""	"L153"	
"257.0018"	"257.0019"	"0.0006"	"30"	""		"12161.96"	"51072.18"	"5d4.6s2"	"3H"	"4"	""	"*"	"3"		""	"L153"	
"257.0275"	""	""	"6"	""		""	""	""	""	""	""	""	""		""	"L153"	
"257.0531"	""	""	"3"	""		""	""	""	""	""	""	""	""		""	"L153"	
"257.0756"	"257.0755"	"0.0006"	"8"	""		"14976.18"	"53875.26"	"5d4.6s2"	"3D"	"2"	""	"*"	"1"		""	"L153"	
"257.0869"	"257.0863"	"0.0006"	"35"	""		"6219.33"	"45116.77"	"5d4.6s2"	"5D"	"4"	""	"*"	"4"		""	"L153"	
"257.1951"	"257.1958"	"0.0006"	"12"	""		"17107.01"	"55987.90"	"5d4.6s2"	"3F2"	"4"	""	"*"	"5"		""	"L153"	
"257.2293"	"257.2290"	"0.0006"	"7"	""		"13777.71"	"52653.58"	"5d4.6s2"	"3F2"	"2"	""	"*"	"2"		""	"L153"	
"257.3218"	"257.3214"	"0.0006"	"15"	""		"9528.06"	"48389.96"	"5d4.6s2"	"3P2"	"0"	""	"*"	"1"		""	"L153"	
"257.3923"	"257.3916"	"0.0006"	"12"	""		"18280.48"	"57131.78"	"5d5.(6S).6s"	"5S"	"2"	""	"*"	"3"		""	"L153"	
"257.4117"	"257.4112"	"0.0006"	"12"	""		"17107.01"	"55955.36"	"5d4.6s2"	"3F2"	"4"	""	"*"	"4"		""	"L153"	
"257.4302"	"257.4299"	"0.0006"	"40"	""		"13307.10"	"52152.62"	"5d4.6s2"	"3P2"	"1"	""	"*"	"2"		""	"L153"	
"257.4723"	"257.4720"	"0.0006"	"15"	""		"17008.50"	"55847.68"	"5d4.6s2"	"3H"	"6"	""	"*"	"6"		""	"L153"	
"257.4819"	"257.4797"	"0.0006"	"3"	""		"19253.56"	"58091.58"	"5d4.6s2"	"3P2"	"2"	""	"*"	"3"		""	"L153"	
"257.4977"	"257.4974"	"0.0006"	"12"	""		"19256.24"	"58091.58"	"5d5.(4G).6s"	"5G"	"4"	""	"*"	"3"		""	"L153"	
"257.5455"	"257.5458"	"0.0006"	"7"	""		"19827.68"	"58655.72"	"5d5.(4P).6s"	"5P"	"3"	""	"*"	"2"		""	"L153"	
"257.6239"	"257.6229"	"0.0006"	"20"	""		"19827.68"	"58644.10"	"5d5.(4P).6s"	"5P"	"3"	""	"*"	"3"		""	"L153"	
"257.6669"	"257.6671"	"0.0006"	"20"	""		"15460.01"	"54269.77"	"5d4.6s2"	"3D"	"3"	""	"*"	"3"		""	"L153"	
"257.7049"	"257.7050"	"0.0006"	"5"	""		"13348.56"	"52152.62"	"5d4.6s2"	"3G"	"3"	""	"*"	"2"		""	"L153"	
"257.7279"	"257.7258"	"0.0006"	"1"	""		"17701.18"	"56502.10"	"5d4.6s2"	"3F2"	"3"	""	"*"	"4"		""	"L153"	
"257.764"	"257.7638"	"0.0006"	"4*"	""		"6219.33"	"45014.54"	"5d4.6s2"	"5D"	"4"	""	"*"	"3"		""	"L153"	
"257.764"	"257.7644"	"0.0006"	"4*"	""		"19535.01"	"58330.13"	"5d5.(4G).6s"	"5G"	"5"	""	"*"	"4"		""	"L153"	
"257.7801"	"257.7799"	"0.0006"	"35"	""		"15069.93"	"53862.72"	"5d4.6s2"	"3H"	"5"	""	"*"	"5"		""	"L153"	
"257.8183"	"257.8185"	"0.0006"	"30"	""		"17008.50"	"55795.48"	"5d4.6s2"	"3H"	"6"	""	"*"	"5"		""	"L153"	
"257.846"	"257.8460"	"0.0006"	"18"	""		"2951.29"	"41734.13"	"5d5.(6S).6s"	"7S"	"3"	""	"*"	"2"		""	"L153"	
"257.8553"	"257.8552"	"0.0006"	"5"	""		"19535.01"	"58316.46"	"5d5.(4G).6s"	"5G"	"5"	""	"*"	"4"		""	"L153"	
"257.873"	"257.8735"	"0.0006"	"9"	""		"15069.93"	"53848.63"	"5d4.6s2"	"3H"	"5"	""	"*"	"4"		""	"L153"	
"257.9467"	"257.9464"	"0.0006"	"8"	""		"19827.68"	"58595.42"	"5d5.(4P).6s"	"5P"	"3"	""	"*"	"2"		""	"L153"	
"257.9964"	"257.9964"	"0.0006"	"3"	""		"17107.01"	"55867.24"	"5d4.6s2"	"3F2"	"4"	""	"*"	"4"		""	"L153"	
"258.0129"	"258.0116"	"0.0006"	"4"	""		"18974.51"	"57732.46"	"5d5.(4G).6s"	"5G"	"3"	""	"*"	"3"		""	"L153"	
"258.0181"	"258.0180"	"0.0006"	"20"	""		"13307.10"	"52064.08"	"5d4.6s2"	"3P2"	"1"	""	"*"	"2"		""	"L153"	
"258.0812"	"258.0811"	"0.0006"	"12"	""		"12161.96"	"50909.47"	"5d4.6s2"	"3H"	"4"	""	"*"	"4"		""	"L153"	
"258.1109"	"258.1108"	"0.0006"	"30"	"1.04e+07"	C	"2951.29"	"41694.34"	"5d5.(6S).6s"	"7S"	"3"	""	"*"	"3"		"T6977"	"L153"	
"258.1259"	"258.1256"	"0.0006"	"125r"	"7.5e+07"	B	"1670.29"	"40411.12"	"5d4.6s2"	"5D"	"1"	""	"*"	"1"		"T6977"	"L153"	
"258.153"	"258.1535"	"0.0006"	"3"	""		"19826.04"	"58562.68"	"5d4.6s2"	"3G"	"5"	""	"*"	"5"		""	"L153"	
"258.1835"	"258.1834"	"0.0006"	"35"	""		"12161.96"	"50894.12"	"5d4.6s2"	"3H"	"4"	""	"*"	"3"		""	"L153"	
"258.2263"	"258.2264"	"0.0006"	"15"	""		"13777.71"	"52503.41"	"5d4.6s2"	"3F2"	"2"	""	"*"	"2"		""	"L153"	
"258.2727"	"258.2723"	"0.0006"	"2"	""		"18280.48"	"56999.30"	"5d5.(6S).6s"	"5S"	"2"	""	"*"	"2"		""	"L153"	
"258.2812"	""	""	"3"	""		""	""	""	""	""	""	""	""		""	"L153"	
"258.2929"	"258.2943"	"0.0006"	"2"	""		"13348.56"	"52064.08"	"5d4.6s2"	"3G"	"3"	""	"*"	"2"		""	"L153"	
"258.3233"	"258.3230"	"0.0006"	"5"	""		"13348.56"	"52059.78"	"5d4.6s2"	"3G"	"3"	""	"*"	"4"		""	"L153"	
"258.3995"	"258.3989"	"0.0006"	"30"	""		"13777.71"	"52477.57"	"5d4.6s2"	"3F2"	"2"	""	"*"	"1"		""	"L153"	
"258.4437"	"258.4435"	"0.0006"	"15"	""		"14976.18"	"53669.36"	"5d4.6s2"	"3D"	"2"	""	"*"	"2"		""	"L153"	
"258.5009"	"258.5003"	"0.0006"	"12"	""		"4830.00"	"43514.68"	"5d4.6s2"	"5D"	"3"	""	"*"	"2"		""	"L153"	
"258.5159"	"258.5160"	"0.0006"	"70"	""		"17008.50"	"55690.82"	"5d4.6s2"	"3H"	"6"	""	"*"	"7"		""	"L153"	
"258.5706"	""	""	"3"	""		""	""	""	""	""	""	""	""		""	"L153"	
"258.6009"	"258.6003"	"0.0006"	"50"	""		"23484.78"	"62154.50"	"5d4.6s2"	"1I"	"6"	""	"*"	"5"		""	"L153"	
"258.6205"	"258.6203"	"0.0006"	"45"	""		"13348.56"	"52015.28"	"5d4.6s2"	"3G"	"3"	""	"*"	"3"		""	"L153"	
"258.6282"	""	""	"20"	""		""	""	""	""	""	""	""	""		""	"L153"	
"258.6744"	"258.6735"	"0.0006"	"10"	""		"15460.01"	"54118.78"	"5d4.6s2"	"3D"	"3"	""	"*"	"4"		""	"L153"	
"258.6822"	"258.6830"	"0.0006"	"2"	""		"15460.01"	"54117.36"	"5d4.6s2"	"3D"	"3"	""	"*"	"3"		""	"L153c23"	
"258.7124"	"258.7115"	"0.0006"	"8"	"2.5e+06"	C	"3325.53"	"41978.62"	"5d4.6s2"	"5D"	"2"	""	"*"	"2"		"T6977"	"L153"	
"258.7418"	"258.7417"	"0.0006"	"25"	""		"4830.00"	"43478.58"	"5d4.6s2"	"5D"	"3"	""	"*"	"3"		""	"L153"	
"258.7668"	"258.7667"	"0.0006"	"8"	""		"18974.51"	"57619.36"	"5d5.(4G).6s"	"5G"	"3"	""	"*"	"3"		""	"L153"	
"258.7718"	"258.7716"	"0.0006"	"40"	""		"12161.96"	"50806.07"	"5d4.6s2"	"3H"	"4"	""	"*"	"5"		""	"L153"	
"258.8098"	"258.8094"	"0.0006"	"15"	""		"12161.96"	"50800.44"	"5d4.6s2"	"3H"	"4"	""	"*"	"3"		""	"L153"	
"258.8540"	"258.8534"	"0.0006"	"30"	"4.5e+06"	C	"2951.29"	"41583.20"	"5d5.(6S).6s"	"7S"	"3"	""	"*"	"2"		"T6977"	"L153"	
"258.9078"	"258.9077"	"0.0006"	"10"	""		"22852.80"	"61476.60"	"5d4.6s2"	"1G2"	"4"	""	"*"	"5"		""	"L153"	
"258.9863"	"258.9866"	"0.0006"	"25"	""		"16431.31"	"55043.34"	"5d4.6s2"	"3G"	"4"	""	"*"	"4"		""	"L153"	
"259.0502"	""	""	"5"	""		""	""	""	""	""	""	""	""		""	"L153"	
"259.1949"	""	""	"7"	""		""	""	""	""	""	""	""	""		""	"L153"	
"259.2161"	"259.2157"	"0.0006"	"40"	""		"16431.31"	"55009.22"	"5d4.6s2"	"3G"	"4"	""	"*"	"5"		""	"L153"	
"259.4164"	"259.4159"	"0.0006"	"25"	"6.0e+05"	B	"2951.29"	"41499.43"	"5d5.(6S).6s"	"7S"	"3"	""	"*"	"3"		"T6977"	"L153"	
"259.422"	"259.4207"	"0.0006"	"2"	""		"19256.24"	"57803.66"	"5d5.(4G).6s"	"5G"	"4"	""	"*"	"4"		""	"L153"	
"259.521"	""	""	"5"	""		""	""	""	""	""	""	""	""		""	"L153"	
"259.5325"	"259.5324"	"0.0006"	"7"	""		"19648.54"	"58179.38"	"5d5.(4G).6s"	"5G"	"6"	""	"*"	"5"		""	"L153"	
"259.582"	""	""	"3"	""		""	""	""	""	""	""	""	""		""	"L153"	
"259.6894"	"259.6894"	"0.0006"	"8"	""		"13348.56"	"51856.10"	"5d4.6s2"	"3G"	"3"	""	"*"	"4"		""	"L153"	
"259.7124"	"259.7127"	"0.0006"	"35"	""		"19826.04"	"58330.13"	"5d4.6s2"	"3G"	"5"	""	"*"	"4"		""	"L153"	
"259.7442"	"259.7452"	"0.0006"	"25"	""		"15460.01"	"53959.28"	"5d4.6s2"	"3D"	"3"	""	"*"	"2"		""	"L153"	
"259.807"	"259.8049"	"0.0006"	"7w*"	""		"19826.04"	"58316.46"	"5d4.6s2"	"3G"	"5"	""	"*"	"4"		""	"L153"	
"259.807"	"259.8085"	"0.0006"	"7w*"	""		"17107.01"	"55596.90"	"5d4.6s2"	"3F2"	"4"	""	"*"	"4"		""	"L153"	
"259.8160"	"259.8160"	"0.0006"	"2"	""		"19827.68"	"58316.46"	"5d5.(4P).6s"	"5P"	"3"	""	"*"	"4"		""	"L153"	
"259.8503"	"259.8501"	"0.0006"	"25"	""		"17008.50"	"55492.22"	"5d4.6s2"	"3H"	"6"	""	"*"	"5"		""	"L153"	
"259.8731"	"259.8732"	"0.0006"	"15"	""		"16431.31"	"54911.61"	"5d4.6s2"	"3G"	"4"	""	"*"	"4"		""	"L153"	
"259.8881"	"259.8882"	"0.0006"	"15"	""		"13777.71"	"52255.80"	"5d4.6s2"	"3F2"	"2"	""	"*"	"3"		""	"L153"	
"259.9011"	"259.9008"	"0.0006"	"4"	""		"19256.24"	"57732.46"	"5d5.(4G).6s"	"5G"	"4"	""	"*"	"3"		""	"L153"	
"259.9193"	"259.9195"	"0.0006"	"30"	""		"17701.18"	"56174.63"	"5d4.6s2"	"3F2"	"3"	""	"*"	"4"		""	"L153"	
"259.9449"	"259.9456"	"0.0006"	"7"	""		"16431.31"	"54900.90"	"5d4.6s2"	"3G"	"4"	""	"*"	"3"		""	"L153"	
"259.9903"	""	""	"2"	""		""	""	""	""	""	""	""	""		""	"L153"	
"260.0093"	""	""	"4"	""		""	""	""	""	""	""	""	""		""	"L153"	
"260.0345"	"260.0351"	"0.0006"	"4"	""		"13307.10"	"51763.44"	"5d4.6s2"	"3P2"	"1"	""	"*"	"1"		""	"L153"	
"260.0986"	"260.0993"	"0.0007"	"20"	""		"17008.50"	"55455.35"	"5d4.6s2"	"3H"	"6"	""	"*"	"5"		""	"L153"	
"260.1511"	"260.1521"	"0.0007"	"30"	""		"17107.01"	"55546.06"	"5d4.6s2"	"3F2"	"4"	""	"*"	"3"		""	"L153"	
"260.1681"	"260.1684"	"0.0007"	"6"	""		"18280.48"	"56717.13"	"5d5.(6S).6s"	"5S"	"2"	""	"*"	"3"		""	"L153"	
"260.1829"	""	""	"6"	""		""	""	""	""	""	""	""	""		""	"L153"	
"260.2741"	"260.2743"	"0.0007"	"40r"	"1.49e+07"	B	"4830.00"	"43251.00"	"5d4.6s2"	"5D"	"3"	""	"*"	"4"		"T6977"	"L153"	
"260.320"	"260.3201"	"0.0007"	"12"	""		"14976.18"	"53390.42"	"5d4.6s2"	"3D"	"2"	""	"*"	"3"		""	"L153"	
"260.3582"	"260.3584"	"0.0007"	"25"	"9.4e+06"	C	"3325.53"	"41734.13"	"5d4.6s2"	"5D"	"2"	""	"*"	"2"		"T6977"	"L153"	
"260.3948"	""	""	"5"	""		""	""	""	""	""	""	""	""		""	"L153"	
"260.4322"	"260.4325"	"0.0007"	"40r"	"2.8e+07"	C	"4830.00"	"43227.66"	"5d4.6s2"	"5D"	"3"	""	"*"	"2"		"T6977"	"L153"	
"260.4934"	"260.4939"	"0.0007"	"15"	""		"15460.01"	"53848.63"	"5d4.6s2"	"3D"	"3"	""	"*"	"4"		""	"L153"	
"260.5060"	"260.5066"	"0.0007"	"6"	""		"13307.10"	"51693.85"	"5d4.6s2"	"3P2"	"1"	""	"*"	"2"		""	"L153"	
"260.5163"	"260.5170"	"0.0007"	"18"	""		"17107.01"	"55492.22"	"5d4.6s2"	"3F2"	"4"	""	"*"	"5"		""	"L153"	
"260.5242"	"260.5241"	"0.0007"	"12"	""		"19535.01"	"57919.17"	"5d5.(4G).6s"	"5G"	"5"	""	"*"	"6"		""	"L153"	
"260.5680"	"260.5672"	"0.0007"	"6"	""		"18974.51"	"57352.32"	"5d5.(4G).6s"	"5G"	"3"	""	"*"	"3"		""	"L153"	
"260.6240"	"260.6248"	"0.0007"	"10"	""		"14976.18"	"53345.52"	"5d4.6s2"	"3D"	"2"	""	"*"	"3"		""	"L153"	
"260.6286"	"260.6284"	"0.0007"	"8"	"2.2e+06"	C	"3325.53"	"41694.34"	"5d4.6s2"	"5D"	"2"	""	"*"	"3"		"T6977"	"L153"	
"260.6375"	"260.6373"	"0.0007"	"2"	""		"18116.84"	"56484.33"	"5d5.(4G).6s"	"5G"	"2"	""	"*"	"3"		""	"L153"	
"260.6486"	"260.6488"	"0.0007"	"10"	""		"19253.56"	"57619.36"	"5d4.6s2"	"3P2"	"2"	""	"*"	"3"		""	"L153"	
"260.6662"	"260.6670"	"0.0007"	"15"	""		"19256.24"	"57619.36"	"5d5.(4G).6s"	"5G"	"4"	""	"*"	"3"		""	"L153"	
"260.7167"	"260.7165"	"0.0007"	"35r"	""		"0.00"	"38355.84"	"5d4.6s2"	"5D"	"0"	""	"*"	"1"		""	"L153"	
"260.7335"	"260.7335"	"0.0007"	"4"	""		"19826.04"	"58179.38"	"5d4.6s2"	"3G"	"5"	""	"*"	"5"		""	"L153"	
"260.7671"	"260.7675"	"0.0007"	"15"	""		"17107.01"	"55455.35"	"5d4.6s2"	"3F2"	"4"	""	"*"	"5"		""	"L153"	
"260.7882"	"260.7882"	"0.0007"	"12"	""		"13348.56"	"51693.85"	"5d4.6s2"	"3G"	"3"	""	"*"	"2"		""	"L153"	
"260.8157"	"260.8160"	"0.0007"	"35r"	"1.20e+07"	B	"1670.29"	"40011.50"	"5d4.6s2"	"5D"	"1"	""	"*"	"2"		"T6977"	"L153"	
"260.8503"	"260.8507"	"0.0007"	"12"	""		"17701.18"	"56037.28"	"5d4.6s2"	"3F2"	"3"	""	"*"	"2"		""	"L153"	
"260.8587"	""	""	"4"	""		""	""	""	""	""	""	""	""		""	"L153"	
"260.9001"	""	""	"3"	""		""	""	""	""	""	""	""	""		""	"L153"	
"260.910"	"260.9097"	"0.0007"	"50r"	""		"6219.33"	"44546.76"	"5d4.6s2"	"5D"	"4"	""	"*"	"5"		""	"L153"	
"261.0371"	"261.0370"	"0.0007"	"8"	""		"14976.18"	"53284.92"	"5d4.6s2"	"3D"	"2"	""	"*"	"2"		""	"L153"	
"261.0653"	"261.0653"	"0.0007"	"15"	""		"19256.24"	"57560.83"	"5d5.(4G).6s"	"5G"	"4"	""	"*"	"5"		""	"L153"	
"261.0988"	"261.0988"	"0.0007"	"20"	""		"13307.10"	"51606.78"	"5d4.6s2"	"3P2"	"1"	""	"*"	"2"		""	"L153"	
"261.1275"	""	""	"3"	""		""	""	""	""	""	""	""	""		""	"L153"	
"261.1524"	"261.1520"	"0.0007"	"20"	""		"9528.06"	"47819.94"	"5d4.6s2"	"3P2"	"0"	""	"*"	"1"		""	"L153"	
"261.1893"	"261.1896"	"0.0007"	"10"	""		"13777.71"	"52064.08"	"5d4.6s2"	"3F2"	"2"	""	"*"	"2"		""	"L153"	
"261.2172"	"261.2174"	"0.0007"	"20"	""		"17107.01"	"55389.30"	"5d4.6s2"	"3F2"	"4"	""	"*"	"3"		""	"L153"	
"261.2968"	"261.2970"	"0.0007"	"30"	""		"19648.54"	"57919.17"	"5d5.(4G).6s"	"5G"	"6"	""	"*"	"6"		""	"L153"	
"261.3856"	"261.3855"	"0.0007"	"80r"	"5.4e+07"	C	"3325.53"	"41583.20"	"5d4.6s2"	"5D"	"2"	""	"*"	"2"		"T6977"	"L153"	
"261.4095"	"261.4093"	"0.0007"	"15"	""		"17701.18"	"55955.36"	"5d4.6s2"	"3F2"	"3"	""	"*"	"4"		""	"L153"	
"261.4223"	"261.4245"	"0.0007"	"4"	""		"13348.56"	"51600.52"	"5d4.6s2"	"3G"	"3"	""	"*"	"3"		""	"L153"	
"261.4327"	"261.4321"	"0.0007"	"4"	""		"14976.18"	"53227.03"	"5d4.6s2"	"3D"	"2"	""	"*"	"1"		""	"L153"	
"261.4598"	"261.4594"	"0.0007"	"50r"	""		"2951.29"	"41198.14"	"5d5.(6S).6s"	"7S"	"3"	""	"*"	"4"		""	"L153"	
"261.5233"	"261.5229"	"0.0007"	"15"	""		"13777.71"	"52015.28"	"5d4.6s2"	"3F2"	"2"	""	"*"	"3"		""	"L153"	
"261.5905"	"261.5905"	"0.0007"	"40"	"1.58e+07"	C	"6219.33"	"44447.02"	"5d4.6s2"	"5D"	"4"	""	"*"	"3"		"T6977"	"L153"	
"261.6761"	"261.6763"	"0.0007"	"2"	""		"18116.84"	"56332.00"	"5d5.(4G).6s"	"5G"	"2"	""	"*"	"3"		""	"L153"	
"261.7134"	""	""	"10"	""		""	""	""	""	""	""	""	""		""	"L153"	
"261.7447"	""	""	"15"	""		""	""	""	""	""	""	""	""		""	"L153"	
"261.7541"	"261.7537"	"0.0007"	"6"	""		"18280.48"	"56484.33"	"5d5.(6S).6s"	"5S"	"2"	""	"*"	"3"		""	"L153"	
"261.8433"	""	""	"5"	""		""	""	""	""	""	""	""	""		""	"L153"	
"261.9197"	""	""	"4"	""		""	""	""	""	""	""	""	""		""	"L153"	
"261.9590"	"261.9591"	"0.0007"	"25"	"1.90e+06"	B	"3325.53"	"41499.43"	"5d4.6s2"	"5D"	"2"	""	"*"	"3"		"T6977"	"L153"	
"261.9960"	"261.9963"	"0.0007"	"40"	""		"15069.93"	"53238.41"	"5d4.6s2"	"3H"	"5"	""	"*"	"4"		""	"L153"	
"262.0036"	"262.0045"	"0.0007"	"3"	""		"19535.01"	"57702.30"	"5d5.(4G).6s"	"5G"	"5"	""	"*"	"6"		""	"L153"	
"262.0124"	"262.0129"	"0.0007"	"2"	""		"17701.18"	"55867.24"	"5d4.6s2"	"3F2"	"3"	""	"*"	"4"		""	"L153"	
"262.0499"	""	""	"8"	""		""	""	""	""	""	""	""	""		""	"L153"	
"262.0650"	"262.0649"	"0.0007"	"6"	""		"15069.93"	"53228.42"	"5d4.6s2"	"3H"	"5"	""	"*"	"6"		""	"L153"	
"262.0736"	"262.0733"	"0.0007"	"15"	""		"18974.51"	"57131.78"	"5d5.(4G).6s"	"5G"	"3"	""	"*"	"3"		""	"L153"	
"262.0997"	"262.1010"	"0.0007"	"50"	""		"2951.29"	"41104.52"	"5d5.(6S).6s"	"7S"	"3"	""	"*"	"2"		""	"L153"	
"262.1298"	""	""	"3"	""		""	""	""	""	""	""	""	""		""	"L153"	
"262.1778"	"262.1794"	"0.0007"	"6"	""		"12161.96"	"50303.78"	"5d4.6s2"	"3H"	"4"	""	"*"	"3"		""	"L153"	
"262.2324"	"262.2336"	"0.0007"	"16"	""		"17701.18"	"55835.12"	"5d4.6s2"	"3F2"	"3"	""	"*"	"2"		""	"L153"	
"262.294"	"262.2943"	"0.0007"	"30c"	""		"16431.31"	"54556.43"	"5d4.6s2"	"3G"	"4"	""	"*"	"3"		""	"L153"	
"262.2996"	"262.2998"	"0.0007"	"35"	""		"15069.93"	"53194.25"	"5d4.6s2"	"3H"	"5"	""	"*"	"5"		""	"L153"	
"262.3110"	"262.3110"	"0.0007"	"30"	""		"12161.96"	"50284.64"	"5d4.6s2"	"3H"	"4"	""	"*"	"4"		""	"L153"	
"262.4246"	""	""	"2"	""		""	""	""	""	""	""	""	""		""	"L153"	
"262.4771"	"262.4757"	"0.0007"	"2"	""		"19253.56"	"57352.32"	"5d4.6s2"	"3P2"	"2"	""	"*"	"3"		""	"L153"	
"262.4937"	"262.4942"	"0.0007"	"20"	""		"19256.24"	"57352.32"	"5d5.(4G).6s"	"5G"	"4"	""	"*"	"3"		""	"L153"	
"262.5149"	"262.5145"	"0.0007"	"9"	""		"19826.04"	"57919.17"	"5d4.6s2"	"3G"	"5"	""	"*"	"6"		""	"L153"	
"262.5779"	""	""	"20"	""		""	""	""	""	""	""	""	""		""	"L153"	
"262.6003"	"262.5999"	"0.0007"	"60r"	""		"4830.00"	"42910.74"	"5d4.6s2"	"5D"	"3"	""	"*"	"4"		""	"L153"	
"262.6525"	""	""	"2"	""		""	""	""	""	""	""	""	""		""	"L153"	
"262.7027"	"262.7029"	"0.0007"	"40"	""		"14976.18"	"53042.00"	"5d4.6s2"	"3D"	"2"	""	"*"	"1"		""	"L153"	
"262.7239"	""	""	"3"	""		""	""	""	""	""	""	""	""		""	"L153"	
"262.7500"	"262.7499"	"0.0007"	"12"	""		"19256.24"	"57315.25"	"5d5.(4G).6s"	"5G"	"4"	""	"*"	"4"		""	"L153"	
"262.8009"	"262.8016"	"0.0007"	"1"	""		"18280.48"	"56332.00"	"5d5.(6S).6s"	"5S"	"2"	""	"*"	"3"		""	"L153"	
"262.8235"	"262.8234"	"0.0007"	"18"	""		"15069.93"	"53118.29"	"5d4.6s2"	"3H"	"5"	""	"*"	"4"		""	"L153"	
"262.9039"	"262.9038"	"0.0007"	"40"	""		"1670.29"	"39707.02"	"5d4.6s2"	"5D"	"1"	""	"*"	"2"		""	"L153"	
"262.967"	"262.9673"	"0.0007"	"25"	""		"14976.18"	"53003.72"	"5d4.6s2"	"3D"	"2"	""	"*"	"2"		""	"L153"	
"262.9870"	"262.9863"	"0.0007"	"7"	""		"18974.51"	"56999.30"	"5d5.(4G).6s"	"5G"	"3"	""	"*"	"2"		""	"L153"	
"262.9936"	"262.9936"	"0.0007"	"15"	""		"12161.96"	"50185.70"	"5d4.6s2"	"3H"	"4"	""	"*"	"3"		""	"L153"	
"263.008"	""	""	"3"	""		""	""	""	""	""	""	""	""		""	"L153"	
"263.1352"	""	""	"5"	""		""	""	""	""	""	""	""	""		""	"L153"	
"263.1526"	"263.1529"	"0.0007"	"10"	""		"17008.50"	"55009.22"	"5d4.6s2"	"3H"	"6"	""	"*"	"5"		""	"L153"	
"263.2142"	"263.2146"	"0.0007"	"7"	""		"23484.78"	"61476.60"	"5d4.6s2"	"1I"	"6"	""	"*"	"5"		""	"L153"	
"263.2565"	"263.2568"	"0.0007"	"25"	""		"13777.71"	"51763.44"	"5d4.6s2"	"3F2"	"2"	""	"*"	"1"		""	"L153"	
"263.3129"	"263.3130"	"0.0007"	"2"	""		"19826.04"	"57803.66"	"5d4.6s2"	"3G"	"5"	""	"*"	"4"		""	"L153"	
"263.3270"	"263.3270"	"0.0007"	"35r"	""		"12161.96"	"50137.55"	"5d4.6s2"	"3H"	"4"	""	"*"	"5"		""	"L153"	
"263.3480"	"263.3482"	"0.0007"	"80r"	""		"2951.29"	"40923.83"	"5d5.(6S).6s"	"7S"	"3"	""	"*"	"3"		""	"L153"	
"263.3914"	"263.3913"	"0.0007"	"150r"	"6.5e+07"	B	"1670.29"	"39636.62"	"5d4.6s2"	"5D"	"1"	""	"*"	"1"		"T6977"	"L153"	
"263.421"	""	""	"6"	""		""	""	""	""	""	""	""	""		""	"L153"	
"263.4797"	"263.4798"	"0.0007"	"15"	""		"13307.10"	"51260.68"	"5d4.6s2"	"3P2"	"1"	""	"*"	"1"		""	"L153"	
"263.5649"	""	""	"20"	""		""	""	""	""	""	""	""	""		""	"L153"	
"263.5990"	"263.5996"	"0.0007"	"5"	""		"17107.01"	"55043.34"	"5d4.6s2"	"3F2"	"4"	""	"*"	"4"		""	"L153"	
"263.6404"	"263.6407"	"0.0007"	"45"	""		"15460.01"	"53390.42"	"5d4.6s2"	"3D"	"3"	""	"*"	"3"		""	"L153"	
"263.7112"	"263.7100"	"0.0007"	"3"	""		"18116.84"	"56037.28"	"5d5.(4G).6s"	"5G"	"2"	""	"*"	"2"		""	"L153"	
"263.7330"	"263.7332"	"0.0007"	"30"	"5.6e+06"	B	"2951.29"	"40868.40"	"5d5.(6S).6s"	"7S"	"3"	""	"*"	"2"		"T6977"	"L153"	
"263.7402"	"263.7399"	"0.0007"	"12"	""		"13777.71"	"51693.85"	"5d4.6s2"	"3F2"	"2"	""	"*"	"2"		""	"L153"	
"263.7671"	"263.7667"	"0.0007"	"5"	""		"19648.54"	"57560.83"	"5d5.(4G).6s"	"5G"	"6"	""	"*"	"5"		""	"L153"	
"263.7871"	"263.7874"	"0.0007"	"9"	""		"14976.18"	"52885.50"	"5d4.6s2"	"3D"	"2"	""	"*"	"2"		""	"L153"	
"263.7947"	"263.7937"	"0.0007"	"5"	""		"22476.68"	"60385.09"	"5d5.(4D).6s"	"5D"	"4"	""	"*"	"4"		""	"L153"	
"263.8192"	"263.8190"	"0.0007"	"10"	""		"19827.68"	"57732.46"	"5d5.(4P).6s"	"5P"	"3"	""	"*"	"3"		""	"L153"	
"263.8362"	"263.8369"	"0.0007"	"15"	""		"17107.01"	"55009.22"	"5d4.6s2"	"3F2"	"4"	""	"*"	"5"		""	"L153"	
"263.8818"	"263.8820"	"0.0007"	"6"	""		"17701.18"	"55596.90"	"5d4.6s2"	"3F2"	"3"	""	"*"	"4"		""	"L153"	
"263.9401"	"263.9396"	"0.0007"	"45*"	""		"17008.50"	"54895.96"	"5d4.6s2"	"3H"	"6"	""	"*"	"6"		""	"L153"	
"263.9401"	"263.9411"	"0.0007"	"45*"	""		"19256.24"	"57143.48"	"5d5.(4G).6s"	"5G"	"4"	""	"*"	"5"		""	"L153"	
"263.9532"	"263.9532"	"0.0007"	"30"	""		"15460.01"	"53345.52"	"5d4.6s2"	"3D"	"3"	""	"*"	"3"		""	"L153"	
"263.999"	"263.9986"	"0.0007"	"7"	""		"16431.31"	"54310.30"	"5d4.6s2"	"3G"	"4"	""	"*"	"5"		""	"L153"	
"264.0192"	"264.0176"	"0.0007"	"3"	""		"19826.04"	"57702.30"	"5d4.6s2"	"3G"	"5"	""	"*"	"6"		""	"L153"	
"264.0683"	""	""	"5w"	""		""	""	""	""	""	""	""	""		""	"L153"	
"264.1151"	"264.1147"	"0.0007"	"6"	""		"20427.84"	"58290.18"	"5d5.(4P).6s"	"5P"	"1"	""	"*"	"1"		""	"L153"	
"264.1511"	"264.1508"	"0.0007"	"8"	""		"18974.51"	"56831.67"	"5d5.(4G).6s"	"5G"	"3"	""	"*"	"4"		""	"L153"	
"264.1903"	""	""	"3"	""		""	""	""	""	""	""	""	""		""	"L153"	
"264.2368"	"264.2365"	"0.0007"	"4"	""		"17701.18"	"55546.06"	"5d4.6s2"	"3F2"	"3"	""	"*"	"3"		""	"L153"	
"264.2811"	"264.2814"	"0.0007"	"15"	""		"16431.31"	"54269.77"	"5d4.6s2"	"3G"	"4"	""	"*"	"3"		""	"L153"	
"264.3136"	"264.3138"	"0.0007"	"12"	""		"13348.56"	"51182.38"	"5d4.6s2"	"3G"	"3"	""	"*"	"2"		""	"L153"	
"264.3468"	"264.3470"	"0.0007"	"15"	""		"13777.71"	"51606.78"	"5d4.6s2"	"3F2"	"2"	""	"*"	"2"		""	"L153"	
"264.3545"	"264.3547"	"0.0007"	"6"	""		"18280.48"	"56108.44"	"5d5.(6S).6s"	"5S"	"2"	""	"*"	"3"		""	"L153"	
"264.3761"	"264.3760"	"0.0007"	"3"	""		"15460.01"	"53284.92"	"5d4.6s2"	"3D"	"3"	""	"*"	"2"		""	"L153"	
"264.3909"	"264.3907"	"0.0007"	"25"	""		"13777.71"	"51600.52"	"5d4.6s2"	"3F2"	"2"	""	"*"	"3"		""	"L153"	
"264.4708"	""	""	"2"	""		""	""	""	""	""	""	""	""		""	"L153"	
"264.5184"	"264.5181"	"0.0007"	"20"	""		"17107.01"	"54911.61"	"5d4.6s2"	"3F2"	"4"	""	"*"	"4"		""	"L153"	
"264.5388"	"264.5386"	"0.0007"	"30"	"7.3e+06"	B	"6219.33"	"44021.00"	"5d4.6s2"	"5D"	"4"	""	"*"	"3"		"T6977"	"L153"	
"264.5931"	"264.5930"	"0.0007"	"20"	""		"17107.01"	"54900.90"	"5d4.6s2"	"3F2"	"4"	""	"*"	"3"		""	"L153"	
"264.6090"	"264.6085"	"0.0007"	"9"	""		"19827.68"	"57619.36"	"5d5.(4P).6s"	"5P"	"3"	""	"*"	"3"		""	"L153"	
"264.6480"	"264.6479"	"0.0007"	"25"	""		"15069.93"	"52855.98"	"5d4.6s2"	"3H"	"5"	""	"*"	"6"		""	"L153"	
"264.6973"	"264.6974"	"0.0007"	"70"	""		"3325.53"	"41104.52"	"5d4.6s2"	"5D"	"2"	""	"*"	"2"		""	"L153"	
"264.7153"	"264.7149"	"0.0007"	"2"	""		"18082.83"	"55859.32"	"5d4.6s2"	"3D"	"1"	""	"*"	"1"		""	"L153"	
"264.7324"	"264.7326"	"0.0007"	"15"	""		"0.00"	"37773.96"	"5d4.6s2"	"5D"	"0"	""	"*"	"1"		""	"L153"	
"264.7518"	"264.7521"	"0.0007"	"80"	"1.55e+07"	B	"4830.00"	"42601.19"	"5d4.6s2"	"5D"	"3"	""	"*"	"3"		"T6977"	"L153"	
"264.7879"	"264.7879"	"0.0007"	"60"	""		"6219.33"	"43985.41"	"5d4.6s2"	"5D"	"4"	""	"*"	"4"		""	"L153"	
"264.8832"	"264.8831"	"0.0007"	"12*"	""		"22476.68"	"60229.18"	"5d5.(4D).6s"	"5D"	"4"	""	"*"	"5"		""	"L153"	
"264.8832"	"264.8846"	"0.0007"	"12*"	""		"18082.83"	"55835.12"	"5d4.6s2"	"3D"	"1"	""	"*"	"2"		""	"L153"	
"264.9114"	""	""	"3w"	""		""	""	""	""	""	""	""	""		""	"L153"	
"264.9313"	"264.9306"	"0.0007"	"3"	""		"19253.56"	"56999.30"	"5d4.6s2"	"3P2"	"2"	""	"*"	"2"		""	"L153"	
"264.9519"	"264.9525"	"0.0007"	"15"	""		"18974.51"	"56717.13"	"5d5.(4G).6s"	"5G"	"3"	""	"*"	"3"		""	"L153"	
"264.9813"	""	""	"3"	""		""	""	""	""	""	""	""	""		""	"L153"	
"265.0073"	"265.0074"	"0.0007"	"15"	""		"19826.04"	"57560.83"	"5d4.6s2"	"3G"	"5"	""	"*"	"5"		""	"L153"	
"265.0581"	"265.0587"	"0.0007"	"6"	""		"9528.06"	"47255.55"	"5d4.6s2"	"3P2"	"0"	""	"*"	"1"		""	"L153"	
"265.077"	"265.0771"	"0.0007"	"30"	""		"17008.50"	"54733.38"	"5d4.6s2"	"3H"	"6"	""	"*"	"6"		""	"L153"	
"265.0860"	"265.0859"	"0.0007"	"10"	""		"13348.56"	"51072.18"	"5d4.6s2"	"3G"	"3"	""	"*"	"3"		""	"L153"	
"265.1241"	"265.1234"	"0.0007"	"40"	""		"18116.84"	"55835.12"	"5d5.(4G).6s"	"5G"	"2"	""	"*"	"2"		""	"L153"	
"265.1496"	"265.1496"	"0.0007"	"2"	""		"2951.29"	"40665.85"	"5d5.(6S).6s"	"7S"	"3"	""	"*"	"3"		""	"L153"	
"265.2177"	"265.2174"	"0.0007"	"6"	""		"6219.33"	"43924.25"	"5d4.6s2"	"5D"	"4"	""	"*"	"5"		""	"L153"	
"265.2228"	"265.2227"	"0.0007"	"10"	""		"15069.93"	"52774.10"	"5d4.6s2"	"3H"	"5"	""	"*"	"5"		""	"L153"	
"265.2335"	"265.2336"	"0.0007"	"5"	""		"4830.00"	"42532.62"	"5d4.6s2"	"5D"	"3"	""	"*"	"4"		""	"L153"	
"265.2796"	"265.2796"	"0.0007"	"25"	""		"23484.78"	"61180.86"	"5d4.6s2"	"1I"	"6"	""	"*"	"7"		""	"L153"	
"265.3297"	"265.3295"	"0.0007"	"4"	""		"17701.18"	"55390.16"	"5d4.6s2"	"3F2"	"3"	""	"*"	"2"		""	"L153"	
"265.3382"	"265.3356"	"0.0007"	"50*"	""		"17701.18"	"55389.30"	"5d4.6s2"	"3F2"	"3"	""	"*"	"3"		""	"L153"	
"265.3382"	"265.3402"	"0.0007"	"50*"	""		"16431.31"	"54118.78"	"5d4.6s2"	"3G"	"4"	""	"*"	"4"		""	"L153"	
"265.350"	"265.3502"	"0.0007"	"5"	""		"16431.31"	"54117.36"	"5d4.6s2"	"3G"	"4"	""	"*"	"3"		""	"L153c23"	
"265.3634"	"265.3636"	"0.0007"	"8"	""		"4830.00"	"42514.14"	"5d4.6s2"	"5D"	"3"	""	"*"	"3"		""	"L153"	
"265.3805"	"265.3812"	"0.0007"	"10"	""		"22476.68"	"60158.32"	"5d5.(4D).6s"	"5D"	"4"	""	"*"	"4"		""	"L153"	
"265.4104"	"265.4111"	"0.0007"	"20"	""		"14976.18"	"52653.58"	"5d4.6s2"	"3D"	"2"	""	"*"	"2"		""	"L153"	
"265.5289"	"265.5261"	"0.0007"	"10w"	""		"20983.02"	"58644.10"	"5d5.(4P).6s"	"5P"	"2"	""	"*"	"3"		""	"L153"	
"265.5449"	"265.5459"	"0.0007"	"60"	""		"15460.01"	"53118.29"	"5d4.6s2"	"3D"	"3"	""	"*"	"4"		""	"L153"	
"265.6348"	"265.6342"	"0.0007"	"15"	""		"19826.04"	"57471.80"	"5d4.6s2"	"3G"	"5"	""	"*"	"4"		""	"L153"	
"265.6457"	"265.6457"	"0.0007"	"15"	""		"19827.68"	"57471.80"	"5d5.(4P).6s"	"5P"	"3"	""	"*"	"4"		""	"L153"	
"265.6961"	""	""	"20"	""		""	""	""	""	""	""	""	""		""	"L153"	
"265.7331"	"265.7328"	"0.0007"	"300r"	"6.7e+07"	B	"2951.29"	"40583.07"	"5d5.(6S).6s"	"7S"	"3"	""	"*"	"4"		"T6977"	"L153"	
"265.7687"	"265.7693"	"0.0007"	"20"	""		"12161.96"	"49788.58"	"5d4.6s2"	"3H"	"4"	""	"*"	"4"		""	"L153"	
"265.8152"	"265.8144"	"0.0007"	"60"	""		"4830.00"	"42450.24"	"5d4.6s2"	"5D"	"3"	""	"*"	"4"		""	"L153"	
"265.8190"	"265.8189"	"0.0007"	"40"	""		"4830.00"	"42449.60"	"5d4.6s2"	"5D"	"3"	""	"*"	"2"		""	"L153"	
"265.8585"	"265.8587"	"0.0007"	"1"	""		"19535.01"	"57148.98"	"5d5.(4G).6s"	"5G"	"5"	""	"*"	"6"		""	"L153"	
"265.8697"	"265.8698"	"0.0007"	"15"	""		"20983.02"	"58595.42"	"5d5.(4P).6s"	"5P"	"2"	""	"*"	"2"		""	"L153"	
"265.8969"	"265.8975"	"0.0007"	"30"	""		"19535.01"	"57143.48"	"5d5.(4G).6s"	"5G"	"5"	""	"*"	"5"		""	"L153"	
"265.9184"	"265.9191"	"0.0007"	"10"	""		"23930.08"	"61535.50"	"5d5.(4D).6s"	"5D"	"3"	""	"*"	"4"		""	"L153"	
"265.9346"	""	""	"12"	""		""	""	""	""	""	""	""	""		""	"L153"	
"265.9689"	"265.9695"	"0.0007"	"25"	""		"3325.53"	"40923.83"	"5d4.6s2"	"5D"	"2"	""	"*"	"3"		""	"L153"	
"266.0627"	""	""	"3w"	""		""	""	""	""	""	""	""	""		""	"L153"	
"266.1074"	"266.1072"	"0.0007"	"2"	""		"18280.48"	"55859.32"	"5d5.(6S).6s"	"5S"	"2"	""	"*"	"1"		""	"L153"	
"266.1318"	"266.1314"	"0.0007"	"40"	""		"19256.24"	"56831.67"	"5d5.(4G).6s"	"5G"	"4"	""	"*"	"4"		""	"L153"	
"266.2344"	"266.2342"	"0.0007"	"40"	""		"13348.56"	"50909.47"	"5d4.6s2"	"3G"	"3"	""	"*"	"4"		""	"L153"	
"266.2585"	""	""	"4"	""		""	""	""	""	""	""	""	""		""	"L153"	
"266.2779"	"266.2787"	"0.0007"	"1"	""		"18280.48"	"55835.12"	"5d5.(6S).6s"	"5S"	"2"	""	"*"	"2"		""	"L153"	
"266.3436"	"266.3431"	"0.0007"	"20"	""		"13348.56"	"50894.12"	"5d4.6s2"	"3G"	"3"	""	"*"	"3"		""	"L153"	
"266.3627"	"266.3622"	"0.0007"	"200r"	"4.2e+07"	B	"3325.53"	"40868.40"	"5d4.6s2"	"5D"	"2"	""	"*"	"2"		"T6977"	"L153"	
"266.4051"	"266.4050"	"0.0007"	"12"	""		"18082.83"	"55619.66"	"5d4.6s2"	"3D"	"1"	""	"*"	"2"		""	"L153"	
"266.4348"	"266.4345"	"0.0007"	"50"	""		"15460.01"	"52992.69"	"5d4.6s2"	"3D"	"3"	""	"*"	"4"		""	"L153"	
"266.4737"	"266.4732"	"0.0007"	"18"	""		"14976.18"	"52503.41"	"5d4.6s2"	"3D"	"2"	""	"*"	"2"		""	"L153"	
"266.5113"	"266.5100"	"0.0007"	"80"	""		"6219.33"	"43741.37"	"5d4.6s2"	"5D"	"4"	""	"*"	"5"		""	"L153"	
"266.5759"	"266.5749"	"0.0007"	"100"	"1.78e+07"	B	"1670.29"	"39183.20"	"5d4.6s2"	"5D"	"1"	""	"*"	"1"		"T6977"	"L153"	
"266.6572"	"266.6557"	"0.0007"	"30*"	""		"6219.33"	"43720.87"	"5d4.6s2"	"5D"	"4"	""	"*"	"4"		""	"L153"	
"266.6572"	"266.6568"	"0.0007"	"30*"	""		"14976.18"	"52477.57"	"5d4.6s2"	"3D"	"2"	""	"*"	"1"		""	"L153c23"	
"266.6645"	"266.6635"	"0.0007"	"15"	""		"19648.54"	"57148.98"	"5d5.(4G).6s"	"5G"	"6"	""	"*"	"6"		""	"L153"	
"266.7031"	"266.7027"	"0.0007"	"7"	""		"19648.54"	"57143.48"	"5d5.(4G).6s"	"5G"	"6"	""	"*"	"5"		""	"L153"	
"266.7431"	"266.7434"	"0.0007"	"8"	""		"19826.04"	"57315.25"	"5d4.6s2"	"3G"	"5"	""	"*"	"4"		""	"L153"	
"266.7558"	"266.7551"	"0.0007"	"7"	""		"19827.68"	"57315.25"	"5d5.(4P).6s"	"5P"	"3"	""	"*"	"4"		""	"L153"	
"266.7847"	"266.7843"	"0.0007"	"3"	""		"15460.01"	"52943.48"	"5d4.6s2"	"3D"	"3"	""	"*"	"3"		""	"L153"	
"266.7999"	""	""	"3"	""		""	""	""	""	""	""	""	""		""	"L153"	
"266.8477"	"266.8477"	"0.0007"	"2"	""		"12161.96"	"49636.52"	"5d4.6s2"	"3H"	"4"	""	"*"	"4"		""	"L153"	
"266.9266"	"266.9260"	"0.0007"	"50"	""		"19253.56"	"56717.13"	"5d4.6s2"	"3P2"	"2"	""	"*"	"3"		""	"L153"	
"266.9454"	"266.9451"	"0.0007"	"6"	""		"19256.24"	"56717.13"	"5d5.(4G).6s"	"5G"	"4"	""	"*"	"3"		""	"L153"	
"267.0095"	"267.0093"	"0.0007"	"20"	""		"13348.56"	"50800.44"	"5d4.6s2"	"3G"	"3"	""	"*"	"3"		""	"L153"	
"267.0267"	"267.0268"	"0.0007"	"5"	""		"17107.01"	"54556.43"	"5d4.6s2"	"3F2"	"4"	""	"*"	"3"		""	"L153"	
"267.0571"	"267.0566"	"0.0007"	"40"	"5.8e+06"	B	"3325.53"	"40770.78"	"5d4.6s2"	"5D"	"2"	""	"*"	"1"		"T6977"	"L153"	
"267.1560"	"267.1553"	"0.0007"	"5"	""		"16431.31"	"53862.72"	"5d4.6s2"	"3G"	"4"	""	"*"	"5"		""	"L153"	
"267.1710"	"267.1709"	"0.0007"	"7"	""		"18116.84"	"55546.06"	"5d5.(4G).6s"	"5G"	"2"	""	"*"	"3"		""	"L153"	
"267.1975"	"267.1976"	"0.0007"	"18"	""		"15460.01"	"52885.50"	"5d4.6s2"	"3D"	"3"	""	"*"	"2"		""	"L153"	
"267.2266"	"267.2260"	"0.0007"	"200"	"3.9e+07"	B	"4830.00"	"42251.51"	"5d4.6s2"	"5D"	"3"	""	"*"	"3"		"T6977"	"L153"	
"267.2557"	"267.2559"	"0.0007"	"40c"	""		"16431.31"	"53848.63"	"5d4.6s2"	"3G"	"4"	""	"*"	"4"		""	"L153"	
"267.2952"	"267.2953"	"0.0007"	"25"	""		"13307.10"	"50718.90"	"5d4.6s2"	"3P2"	"1"	""	"*"	"2"		""	"L153"	
"267.3459"	"267.3463"	"0.0007"	"20"	""		"13777.71"	"51182.38"	"5d4.6s2"	"3F2"	"2"	""	"*"	"2"		""	"L153"	
"267.3967"	""	""	"8"	""		""	""	""	""	""	""	""	""		""	"L153"	
"267.5027"	"267.5024"	"0.0007"	"8"	""		"17701.18"	"55084.02"	"5d4.6s2"	"3F2"	"3"	""	"*"	"2"		""	"L153"	
"267.5487"	"267.5486"	"0.0007"	"50"	""		"22852.80"	"60229.18"	"5d4.6s2"	"1G2"	"4"	""	"*"	"5"		""	"L153"	
"267.5921"	"267.5919"	"0.0007"	"40"	""		"13348.56"	"50718.90"	"5d4.6s2"	"3G"	"3"	""	"*"	"2"		""	"L153"	
"267.6193"	"267.6193"	"0.0007"	"35"	""		"15069.93"	"52436.44"	"5d4.6s2"	"3H"	"5"	""	"*"	"4"		""	"L153"	
"267.6393"	""	""	"2"	""		""	""	""	""	""	""	""	""		""	"L153"	
"267.6662"	"267.6662"	"0.0007"	"60"	"3.1e+06"	B	"1670.29"	"39030.25"	"5d4.6s2"	"5D"	"1"	""	"*"	"2"		"T6977"	"L153"	
"267.7210"	"267.7206"	"0.0007"	"25"	""		"12161.96"	"49514.34"	"5d4.6s2"	"3H"	"4"	""	"*"	"3"		""	"L153"	
"267.7627"	"267.7624"	"0.0007"	"12"	""		"15460.01"	"52806.56"	"5d4.6s2"	"3D"	"3"	""	"*"	"3"		""	"L153"	
"267.7945"	"267.7938"	"0.0007"	"18"	""		"17701.18"	"55043.34"	"5d4.6s2"	"3F2"	"3"	""	"*"	"4"		""	"L153"	
"267.8072"	"267.8070"	"0.0007"	"100"	"1.59e+07"	B	"3325.53"	"40665.85"	"5d4.6s2"	"5D"	"2"	""	"*"	"3"		"T6977"	"L153"	
"267.8709"	"267.8704"	"0.0007"	"25"	""		"17701.18"	"55032.67"	"5d4.6s2"	"3F2"	"3"	""	"*"	"2"		""	"L153"	
"267.914"	"267.9129"	"0.0007"	"10"	""		"15069.93"	"52395.50"	"5d4.6s2"	"3H"	"5"	""	"*"	"5"		""	"L153"	
"267.9328"	"267.9317"	"0.0007"	"35"	""		"19826.04"	"57148.98"	"5d4.6s2"	"3G"	"5"	""	"*"	"6"		""	"L153"	
"267.9674"	"267.9668"	"0.0007"	"150"	""		"2951.29"	"40269.35"	"5d5.(6S).6s"	"7S"	"3"	""	"*"	"3"		""	"L153"	
"267.9720"	"267.9712"	"0.0007"	"20"	""		"19826.04"	"57143.48"	"5d4.6s2"	"3G"	"5"	""	"*"	"5"		""	"L153"	
"268.0680"	"268.0670"	"0.0007"	"20"	""		"19827.68"	"57131.78"	"5d5.(4P).6s"	"5P"	"3"	""	"*"	"3"		""	"L153"	
"268.0842"	"268.0836"	"0.0007"	"60"	""		"17008.50"	"54310.30"	"5d4.6s2"	"3H"	"6"	""	"*"	"5"		""	"L153"	
"268.1140"	""	""	"12"	""		""	""	""	""	""	""	""	""		""	"L153"	
"268.1208"	"268.1205"	"0.0007"	"3"	""		"19535.01"	"56831.67"	"5d5.(4G).6s"	"5G"	"5"	""	"*"	"4"		""	"L153"	
"268.137"	"268.1363"	"0.0007"	"15"	""		"13777.71"	"51072.18"	"5d4.6s2"	"3F2"	"2"	""	"*"	"3"		""	"L153"	
"268.2219"	"268.2211"	"0.0007"	"400r"	"7.4e+07"	B	"2951.29"	"40233.97"	"5d5.(6S).6s"	"7S"	"3"	""	"*"	"4"		"T6977"	"L153"	
"268.2435"	"268.2431"	"0.0007"	"30"	""		"14976.18"	"52255.80"	"5d4.6s2"	"3D"	"2"	""	"*"	"3"		""	"L153"	
"268.2680"	""	""	"5"	""		""	""	""	""	""	""	""	""		""	"L153"	
"268.2943"	"268.2946"	"0.0007"	"7"	""		"18116.84"	"55389.30"	"5d5.(4G).6s"	"5G"	"2"	""	"*"	"3"		""	"L153"	
"268.3016"	""	""	"4"	""		""	""	""	""	""	""	""	""		""	"L153"	
"268.330"	"268.3300"	"0.0007"	"4"	""		"18116.84"	"55384.38"	"5d5.(4G).6s"	"5G"	"2"	""	"*"	"1"		""	"L153"	
"268.3445"	"268.3441"	"0.0007"	"20"	""		"18280.48"	"55546.06"	"5d5.(6S).6s"	"5S"	"2"	""	"*"	"3"		""	"L153"	
"268.3902"	"268.3897"	"0.0007"	"5"	""		"6219.33"	"43478.58"	"5d4.6s2"	"5D"	"4"	""	"*"	"3"		""	"L153"	
"268.4144"	"268.4136"	"0.0007"	"100"	""		"12161.96"	"49417.90"	"5d4.6s2"	"3H"	"4"	""	"*"	"3"		""	"L153"	
"268.4869"	"268.4862"	"0.0007"	"25"	""		"19256.24"	"56502.10"	"5d5.(4G).6s"	"5G"	"4"	""	"*"	"4"		""	"L153"	
"268.5957"	"268.5950"	"0.0007"	"20"	""		"19253.56"	"56484.33"	"5d4.6s2"	"3P2"	"2"	""	"*"	"3"		""	"L153"	
"268.6163"	"268.6144"	"0.0007"	"6"	""		"19256.24"	"56484.33"	"5d5.(4G).6s"	"5G"	"4"	""	"*"	"3"		""	"L153"	
"268.6270"	"268.6262"	"0.0007"	"8"	""		"13307.10"	"50533.55"	"5d4.6s2"	"3P2"	"1"	""	"*"	"1"		""	"L153"	
"268.6520"	"268.6512"	"0.0007"	"30"	""		"20983.02"	"58206.00"	"5d5.(4P).6s"	"5P"	"2"	""	"*"	"3"		""	"L153"	
"268.7426"	"268.7419"	"0.0007"	"20"	""		"17701.18"	"54911.61"	"5d4.6s2"	"3F2"	"3"	""	"*"	"4"		""	"L153"	
"268.7939"	"268.7934"	"0.0007"	"20"	""		"17107.01"	"54310.30"	"5d4.6s2"	"3F2"	"4"	""	"*"	"5"		""	"L153"	
"268.8167"	"268.8163"	"0.0007"	"80"	""		"18974.51"	"56174.63"	"5d5.(4G).6s"	"5G"	"3"	""	"*"	"4"		""	"L153"	
"268.8422"	"268.8415"	"0.0007"	"12"	""		"22476.68"	"59673.32"	"5d5.(4D).6s"	"5D"	"4"	""	"*"	"5"		""	"L153"	
"268.864"	"268.8637"	"0.0007"	"10"	""		"15460.01"	"52653.58"	"5d4.6s2"	"3D"	"3"	""	"*"	"2"		""	"L153"	
"268.8800"	""	""	"30"	""		""	""	""	""	""	""	""	""		""	"L153"	
"268.909"	"268.9080"	"0.0007"	"25"	""		"13307.10"	"50494.54"	"5d4.6s2"	"3P2"	"1"	""	"*"	"2"		""	"L153"	
"268.9875"	"268.9876"	"0.0007"	"1"	""		"14976.18"	"52152.62"	"5d4.6s2"	"3D"	"2"	""	"*"	"2"		""	"L153"	
"269.0233"	"269.0224"	"0.0007"	"4"	""		"19827.68"	"56999.30"	"5d5.(4P).6s"	"5P"	"3"	""	"*"	"2"		""	"L153"	
"269.0455"	""	""	"25"	""		""	""	""	""	""	""	""	""		""	"L153"	
"269.0868"	"269.0866"	"0.0007"	"10"	""		"17107.01"	"54269.77"	"5d4.6s2"	"3F2"	"4"	""	"*"	"3"		""	"L153"	
"269.1215"	"269.1213"	"0.0007"	"20"	""		"17701.18"	"54859.15"	"5d4.6s2"	"3F2"	"3"	""	"*"	"2"		""	"L153"	
"269.1376"	""	""	"15"	""		""	""	""	""	""	""	""	""		""	"L153"	
"269.1893"	"269.1890"	"0.0007"	"100"	"1.33e+07"	C	"4830.00"	"41978.62"	"5d4.6s2"	"5D"	"3"	""	"*"	"2"		"T6977"	"L153"	
"269.2088"	"269.2081"	"0.0007"	"70"	""		"13348.56"	"50494.54"	"5d4.6s2"	"3G"	"3"	""	"*"	"2"		""	"L153"	
"269.2365"	"269.2365"	"0.0007"	"30"	""		"19648.54"	"56790.60"	"5d5.(4G).6s"	"5G"	"6"	""	"*"	"7"		""	"L153"	
"269.2958"	"269.2955"	"0.0007"	"40"	""		"18974.51"	"56108.44"	"5d5.(4G).6s"	"5G"	"3"	""	"*"	"3"		""	"L153"	
"269.323"	""	""	"10"	""		""	""	""	""	""	""	""	""		""	"L153"	
"269.3767"	""	""	"3"	""		""	""	""	""	""	""	""	""		""	"L153"	
"269.4718"	"269.4715"	"0.0007"	"15"	""		"18280.48"	"55390.16"	"5d5.(6S).6s"	"5S"	"2"	""	"*"	"2"		""	"L153"	
"269.4806"	"269.4796"	"0.0007"	"10"	""		"20983.02"	"58091.58"	"5d5.(4P).6s"	"5P"	"2"	""	"*"	"3"		""	"L153"	
"269.5138"	"269.5134"	"0.0007"	"6"	""		"18280.48"	"55384.38"	"5d5.(6S).6s"	"5S"	"2"	""	"*"	"1"		""	"L153"	
"269.5242"	""	""	"5"	""		""	""	""	""	""	""	""	""		""	"L153"	
"269.5673"	""	""	"3"	""		""	""	""	""	""	""	""	""		""	"L153"	
"269.602"	""	""	"3"	""		""	""	""	""	""	""	""	""		""	"L153"	
"269.630"	"269.6297"	"0.0007"	"4"	""		"14976.18"	"52064.08"	"5d4.6s2"	"3D"	"2"	""	"*"	"2"		""	"L153"	
"269.647"	"269.6465"	"0.0007"	"150r"	"4.7e+07"	B	"3325.53"	"40411.12"	"5d4.6s2"	"5D"	"2"	""	"*"	"1"		"T6977"	"L153"	
"269.6998"	"269.6985"	"0.0007"	"2"	""		"19253.56"	"56332.00"	"5d4.6s2"	"3P2"	"2"	""	"*"	"3"		""	"L153"	
"269.7184"	"269.7180"	"0.0007"	"16"	""		"19256.24"	"56332.00"	"5d5.(4G).6s"	"5G"	"4"	""	"*"	"3"		""	"L153"	
"269.8314"	"269.8312"	"0.0007"	"60"	"3.23e+06"	B	"2951.29"	"40011.50"	"5d5.(6S).6s"	"7S"	"3"	""	"*"	"2"		"T6977"	"L153"	
"269.9536"	"269.9536"	"0.0007"	"3"	""		"15460.01"	"52503.41"	"5d4.6s2"	"3D"	"3"	""	"*"	"2"		""	"L153"	
"269.9645"	"269.9643"	"0.0007"	"80"	""		"4830.00"	"41871.94"	"5d4.6s2"	"5D"	"3"	""	"*"	"4"		""	"L153"	
"269.9842"	"269.9850"	"0.0007"	"8"	""		"14976.18"	"52015.28"	"5d4.6s2"	"3D"	"2"	""	"*"	"3"		""	"L153"	
"270.0395"	"270.0391"	"0.0007"	"150r"	"3.8e+07"	B	"6219.33"	"43251.00"	"5d4.6s2"	"5D"	"4"	""	"*"	"4"		"T6977"	"L153"	
"270.0813"	"270.0808"	"0.0007"	"100"	""		"12161.96"	"49187.92"	"5d4.6s2"	"3H"	"4"	""	"*"	"5"		""	"L153"	
"270.0942"	"270.0935"	"0.0007"	"6"	""		"19256.24"	"56280.45"	"5d5.(4G).6s"	"5G"	"4"	""	"*"	"5"		""	"L153"	
"270.1045"	"270.1043"	"0.0007"	"20"	""		"13777.71"	"50800.44"	"5d4.6s2"	"3F2"	"2"	""	"*"	"3"		""	"L153"	
"270.1837"	"270.1843"	"0.0007"	"8"	""		"17107.01"	"54118.78"	"5d4.6s2"	"3F2"	"4"	""	"*"	"4"		""	"L153"	
"270.1892"	"270.1888"	"0.0007"	"6"	""		"15069.93"	"52081.09"	"5d4.6s2"	"3H"	"5"	""	"*"	"5"		""	"L153"	
"270.2286"	"270.2292"	"0.0007"	"20"	""		"19826.04"	"56831.67"	"5d4.6s2"	"3G"	"5"	""	"*"	"4"		""	"L153"	
"270.2615"	"270.2616"	"0.0007"	"25"	""		"18082.83"	"55084.02"	"5d4.6s2"	"3D"	"1"	""	"*"	"2"		""	"L153"	
"270.275"	"270.2746"	"0.0007"	"10"	""		"19256.24"	"56255.65"	"5d5.(4G).6s"	"5G"	"4"	""	"*"	"4"		""	"L153"	
"270.3168"	""	""	"8"	""		""	""	""	""	""	""	""	""		""	"L153"	
"270.3326"	"270.3319"	"0.0007"	"50"	""		"19535.01"	"56526.57"	"5d5.(4G).6s"	"5G"	"5"	""	"*"	"6"		""	"L153"	
"270.3451"	"270.3444"	"0.0007"	"10"	""		"15069.93"	"52059.78"	"5d4.6s2"	"3H"	"5"	""	"*"	"4"		""	"L153"	
"270.3736"	"270.3726"	"0.0007"	"8"	""		"12161.96"	"49147.95"	"5d4.6s2"	"3H"	"4"	""	"*"	"4"		""	"L153"	
"270.4108"	"270.4102"	"0.0007"	"8"	""		"18974.51"	"55955.36"	"5d5.(4G).6s"	"5G"	"3"	""	"*"	"4"		""	"L153"	
"270.4427"	"270.4425"	"0.0007"	"25"	""		"15460.01"	"52436.44"	"5d4.6s2"	"3D"	"3"	""	"*"	"4"		""	"L153"	
"270.4776"	""	""	"4"	""		""	""	""	""	""	""	""	""		""	"L153"	
"270.4842"	""	""	"6"	""		""	""	""	""	""	""	""	""		""	"L153"	
"270.5110"	"270.5109"	"0.0007"	"30"	""		"19535.01"	"56502.10"	"5d5.(4G).6s"	"5G"	"5"	""	"*"	"4"		""	"L153"	
"270.5976"	"270.5978"	"0.0007"	"60"	""		"13348.56"	"50303.78"	"5d4.6s2"	"3G"	"3"	""	"*"	"3"		""	"L153"	
"270.6401"	"270.6372"	"0.0007"	"10"	""		"18082.83"	"55032.67"	"5d4.6s2"	"3D"	"1"	""	"*"	"2"		""	"L153"	
"270.6819"	"270.6813"	"0.0007"	"50"	""		"3325.53"	"40269.35"	"5d4.6s2"	"5D"	"2"	""	"*"	"3"		""	"L153"	
"270.7007"	"270.7005"	"0.0007"	"25"	""		"13777.71"	"50718.90"	"5d4.6s2"	"3F2"	"2"	""	"*"	"2"		""	"L153"	
"270.7382"	"270.7380"	"0.0007"	"100"	""		"13348.56"	"50284.64"	"5d4.6s2"	"3G"	"3"	""	"*"	"4"		""	"L153"	
"270.7829"	"270.7822"	"0.0007"	"25"	""		"23484.78"	"60414.83"	"5d4.6s2"	"1I"	"6"	""	"*"	"6"		""	"L153"	
"270.822"	"270.8220"	"0.0007"	"6"	""		"24610.88"	"61535.50"	"5d4.6s2"	"1F"	"3"	""	"*"	"4"		""	"L153"	
"270.8680"	"270.8677"	"0.0007"	"80"	""		"19256.24"	"56174.63"	"5d5.(4G).6s"	"5G"	"4"	""	"*"	"4"		""	"L153"	
"270.8867"	"270.8865"	"0.0007"	"6"	""		"18116.84"	"55032.67"	"5d5.(4G).6s"	"5G"	"2"	""	"*"	"2"		""	"L153"	
"270.8991"	"270.8984"	"0.0007"	"50"	""		"16431.31"	"53345.52"	"5d4.6s2"	"3G"	"4"	""	"*"	"3"		""	"L153"	
"270.916"	"270.9152"	"0.0007"	"4"	""		"12161.96"	"49073.88"	"5d4.6s2"	"3H"	"4"	""	"*"	"5"		""	"L153"	
"270.9296"	"270.9280"	"0.0007"	"2"	""		"12161.96"	"49072.14"	"5d4.6s2"	"3H"	"4"	""	"*"	"3"		""	"L153"	
"270.9395"	"270.9385"	"0.0007"	"100*"	""		"15069.93"	"51978.68"	"5d4.6s2"	"3H"	"5"	""	"*"	"6"		""	"L153"	
"270.9395"	"270.9391"	"0.0007"	"100*"	""		"19648.54"	"56557.20"	"5d5.(4G).6s"	"5G"	"6"	""	"*"	"7"		""	"L153"	
"270.9600"	"270.9598"	"0.0007"	"30"	""		"1670.29"	"38576.14"	"5d4.6s2"	"5D"	"1"	""	"*"	"0"		""	"L153"	
"270.9730"	"270.9724"	"0.0007"	"80"	""		"4830.00"	"41734.13"	"5d4.6s2"	"5D"	"3"	""	"*"	"2"		""	"L153"	
"270.9921"	""	""	"3w"	""		""	""	""	""	""	""	""	""		""	"L153"	
"271.056"	"271.0561"	"0.0007"	"30"	""		"18974.51"	"55867.24"	"5d5.(4G).6s"	"5G"	"3"	""	"*"	"4"		""	"L153"	
"271.0807"	"271.0802"	"0.0007"	"35"	""		"19827.68"	"56717.13"	"5d5.(4P).6s"	"5P"	"3"	""	"*"	"3"		""	"L153"	
"271.1646"	"271.1642"	"0.0007"	"10"	""		"19648.54"	"56526.57"	"5d5.(4G).6s"	"5G"	"6"	""	"*"	"6"		""	"L153"	
"271.2650"	"271.2649"	"0.0007"	"8"	""		"4830.00"	"41694.34"	"5d4.6s2"	"5D"	"3"	""	"*"	"3"		""	"L153"	
"271.2753"	""	""	"3w"	""		""	""	""	""	""	""	""	""		""	"L153"	
"271.2932"	"271.2923"	"0.0007"	"4"	""		"18974.51"	"55835.12"	"5d5.(4G).6s"	"5G"	"3"	""	"*"	"2"		""	"L153"	
"271.3106"	"271.3102"	"0.0007"	"12"	""		"18082.83"	"54941.01"	"5d4.6s2"	"3D"	"1"	""	"*"	"1"		""	"L153"	
"271.3320"	"271.3318"	"0.0007"	"6"	""		"17701.18"	"54556.43"	"5d4.6s2"	"3F2"	"3"	""	"*"	"3"		""	"L153"	
"271.3353"	"271.3345"	"0.0007"	"2"	""		"19253.56"	"56108.44"	"5d4.6s2"	"3P2"	"2"	""	"*"	"3"		""	"L153"	
"271.3395"	"271.3393"	"0.0007"	"15"	""		"17008.50"	"53862.72"	"5d4.6s2"	"3H"	"6"	""	"*"	"5"		""	"L153"	
"271.3547"	"271.3542"	"0.0007"	"1"	""		"19256.24"	"56108.44"	"5d5.(4G).6s"	"5G"	"4"	""	"*"	"3"		""	"L153"	
"271.4522"	""	""	"12w"	""		""	""	""	""	""	""	""	""		""	"L153"	
"271.4660"	"271.4652"	"0.0007"	"16"	""		"13348.56"	"50185.70"	"5d4.6s2"	"3G"	"3"	""	"*"	"3"		""	"L153"	
"271.562"	"271.5608"	"0.0007"	"12"	""		"18116.84"	"54941.01"	"5d5.(4G).6s"	"5G"	"2"	""	"*"	"1"		""	"L153"	
"271.5891"	"271.5877"	"0.0007"	"4"	""		"22852.80"	"59673.32"	"5d4.6s2"	"1G2"	"4"	""	"*"	"5"		""	"L153"	
"271.6308"	"271.6301"	"0.0007"	"75"	"1.39e+07"	B	"6219.33"	"43034.10"	"5d4.6s2"	"5D"	"4"	""	"*"	"5"		"T6977"	"L153"	
"271.6869"	"271.6867"	"0.0007"	"10"	""		"16431.31"	"53238.41"	"5d4.6s2"	"3G"	"4"	""	"*"	"4"		""	"L153"	
"271.6983"	""	""	"3"	""		""	""	""	""	""	""	""	""		""	"L153"	
"271.7127"	"271.7130"	"0.0007"	"30"	""		"18280.48"	"55084.02"	"5d5.(6S).6s"	"5S"	"2"	""	"*"	"2"		""	"L153"	
"271.770"	"271.7702"	"0.0007"	"35"	""		"15460.01"	"52255.80"	"5d4.6s2"	"3D"	"3"	""	"*"	"3"		""	"L153"	
"271.834"	"271.8332"	"0.0007"	"30"	""		"14976.18"	"51763.44"	"5d4.6s2"	"3D"	"2"	""	"*"	"1"		""	"L153"	
"271.8417"	"271.8413"	"0.0007"	"30"	""		"15069.93"	"51856.10"	"5d4.6s2"	"3H"	"5"	""	"*"	"4"		""	"L153"	
"271.8600"	"271.8594"	"0.0007"	"5"	""		"19253.56"	"56037.28"	"5d4.6s2"	"3P2"	"2"	""	"*"	"2"		""	"L153"	
"271.936"	""	""	"3"	""		""	""	""	""	""	""	""	""		""	"L153"	
"271.9712"	"271.9707"	"0.0007"	"250r"	"4.7e+07"	B	"2951.29"	"39719.96"	"5d5.(6S).6s"	"7S"	"3"	""	"*"	"4"		"T6977"	"L153"	
"272.0090"	"272.0084"	"0.0007"	"30"	""		"9528.06"	"46291.63"	"5d4.6s2"	"3P2"	"0"	""	"*"	"1"		""	"L153"	
"272.0137"	"272.0131"	"0.0007"	"50"	""		"16431.31"	"53194.25"	"5d4.6s2"	"3G"	"4"	""	"*"	"5"		""	"L153"	
"272.0664"	"272.0664"	"0.0007"	"50"	""		"2951.29"	"39707.02"	"5d5.(6S).6s"	"7S"	"3"	""	"*"	"2"		""	"L153"	
"272.0852"	"272.0852"	"0.0007"	"30"	""		"4830.00"	"41583.20"	"5d4.6s2"	"5D"	"3"	""	"*"	"2"		""	"L153"	
"272.0924"	"272.0926"	"0.0007"	"10"	""		"18280.48"	"55032.67"	"5d5.(6S).6s"	"5S"	"2"	""	"*"	"2"		""	"L153"	
"272.1132"	"272.1130"	"0.0007"	"8"	""		"20983.02"	"57732.46"	"5d5.(4P).6s"	"5P"	"2"	""	"*"	"3"		""	"L153"	
"272.1422"	"272.1426"	"0.0007"	"25"	""		"19535.01"	"56280.45"	"5d5.(4G).6s"	"5G"	"5"	""	"*"	"5"		""	"L153"	
"272.1507"	"272.1503"	"0.0007"	"18"	""		"23484.78"	"60229.18"	"5d4.6s2"	"1I"	"6"	""	"*"	"5"		""	"L153"	
"272.1662"	"272.1658"	"0.0007"	"10"	""		"18116.84"	"54859.15"	"5d5.(4G).6s"	"5G"	"2"	""	"*"	"2"		""	"L153"	
"272.1712"	"272.1709"	"0.0007"	"35"	""		"17107.01"	"53848.63"	"5d4.6s2"	"3F2"	"4"	""	"*"	"4"		""	"L153"	
"272.246"	"272.2447"	"0.0007"	"50"	""		"19256.24"	"55987.90"	"5d5.(4G).6s"	"5G"	"4"	""	"*"	"5"		""	"L153"	
"272.3049"	""	""	"10"	""		""	""	""	""	""	""	""	""		""	"L153"	
"272.3262"	"272.3264"	"0.0007"	"50"	""		"19535.01"	"56255.65"	"5d5.(4G).6s"	"5G"	"5"	""	"*"	"4"		""	"L153"	
"272.3480"	"272.3484"	"0.0007"	"30"	""		"14976.18"	"51693.85"	"5d4.6s2"	"3D"	"2"	""	"*"	"2"		""	"L153"	
"272.3546"	"272.3547"	"0.0007"	"3"	""		"13777.71"	"50494.54"	"5d4.6s2"	"3F2"	"2"	""	"*"	"2"		""	"L153"	
"272.4753"	"272.4756"	"0.0007"	"35"	""		"19826.04"	"56526.57"	"5d4.6s2"	"3G"	"5"	""	"*"	"6"		""	"L153"	
"272.5159"	"272.5158"	"0.0007"	"300r"	"1.05e+08"	B	"2951.29"	"39646.41"	"5d5.(6S).6s"	"7S"	"3"	""	"*"	"3"		"T6977"	"L153"	
"272.5343"	"272.5344"	"0.0007"	"20"	""		"15460.01"	"52152.62"	"5d4.6s2"	"3D"	"3"	""	"*"	"2"		""	"L153"	
"272.5431"	"272.5434"	"0.0007"	"35"	""		"6219.33"	"42910.74"	"5d4.6s2"	"5D"	"4"	""	"*"	"4"		""	"L153"	
"272.5840"	"272.5838"	"0.0007"	"60"	"1.77e+07"	B	"3325.53"	"40011.50"	"5d4.6s2"	"5D"	"2"	""	"*"	"2"		"T6977"	"L153"	
"272.5869"	"272.5869"	"0.0007"	"60"	""		"1670.29"	"38355.84"	"5d4.6s2"	"5D"	"1"	""	"*"	"1"		""	"L153"	
"272.6572"	"272.6574"	"0.0007"	"12"	""		"19826.04"	"56502.10"	"5d4.6s2"	"3G"	"5"	""	"*"	"4"		""	"L153"	
"272.6699"	"272.6696"	"0.0007"	"25"	""		"19827.68"	"56502.10"	"5d5.(4P).6s"	"5P"	"3"	""	"*"	"4"		""	"L153"	
"272.707"	"272.7067"	"0.0007"	"30"	""		"4830.00"	"41499.43"	"5d4.6s2"	"5D"	"3"	""	"*"	"3"		""	"L153"	
"272.7303"	""	""	"4"	""		""	""	""	""	""	""	""	""		""	"L153"	
"272.7726"	"272.7729"	"0.0007"	"8"	""		"18280.48"	"54941.01"	"5d5.(6S).6s"	"5S"	"2"	""	"*"	"1"		""	"L153"	
"272.8016"	"272.8018"	"0.0007"	"6"	""		"19827.68"	"56484.33"	"5d5.(4P).6s"	"5P"	"3"	""	"*"	"3"		""	"L153"	
"272.8762"	"272.8761"	"0.0007"	"40"	""		"6219.33"	"42866.00"	"5d4.6s2"	"5D"	"4"	""	"*"	"5"		""	"L153"	
"272.8872"	"272.8874"	"0.0007"	"20"	""		"18974.51"	"55619.66"	"5d5.(4G).6s"	"5G"	"3"	""	"*"	"2"		""	"L153"	
"272.9129"	""	""	"20"	""		""	""	""	""	""	""	""	""		""	"L153"	
"272.9860"	"272.9860"	"0.0007"	"20"	""		"19648.54"	"56280.45"	"5d5.(4G).6s"	"5G"	"6"	""	"*"	"5"		""	"L153"	
"272.9965"	"272.9958"	"0.0007"	"12"	""		"14976.18"	"51606.78"	"5d4.6s2"	"3D"	"2"	""	"*"	"2"		""	"L153"	
"273.0144"	""	""	"10"	""		""	""	""	""	""	""	""	""		""	"L153"	
"273.043"	"273.0425"	"0.0007"	"25"	""		"14976.18"	"51600.52"	"5d4.6s2"	"3D"	"2"	""	"*"	"3"		""	"L153"	
"273.0569"	"273.0570"	"0.0007"	"35"	""		"18974.51"	"55596.90"	"5d5.(4G).6s"	"5G"	"3"	""	"*"	"4"		""	"L153"	
"273.086"	""	""	"3"	""		""	""	""	""	""	""	""	""		""	"L153"	
"273.0954"	"273.0937"	"0.0007"	"6"	""		"13348.56"	"49966.03"	"5d4.6s2"	"3G"	"3"	""	"*"	"3"		""	"L153"	
"273.1087"	""	""	"3"	""		""	""	""	""	""	""	""	""		""	"L153"	
"273.142"	"273.1420"	"0.0007"	"2"	""		"19256.24"	"55867.24"	"5d5.(4G).6s"	"5G"	"4"	""	"*"	"4"		""	"L153"	
"273.1815"	"273.1811"	"0.0007"	"8"	""		"19253.56"	"55859.32"	"5d4.6s2"	"3P2"	"2"	""	"*"	"1"		""	"L153"	
"273.1934"	"273.1937"	"0.0007"	"30"	""		"15460.01"	"52064.08"	"5d4.6s2"	"3D"	"3"	""	"*"	"2"		""	"L153"	
"273.2260"	"273.2258"	"0.0007"	"7"	""		"15460.01"	"52059.78"	"5d4.6s2"	"3D"	"3"	""	"*"	"4"		""	"L153"	
"273.3618"	"273.3618"	"0.0007"	"25"	""		"19253.56"	"55835.12"	"5d4.6s2"	"3P2"	"2"	""	"*"	"2"		""	"L153"	
"273.3835"	"273.3834"	"0.0007"	"4"	""		"18280.48"	"54859.15"	"5d5.(6S).6s"	"5S"	"2"	""	"*"	"2"		""	"L153"	
"273.3987"	"273.3991"	"0.0007"	"50"	""		"9528.06"	"46104.62"	"5d4.6s2"	"3P2"	"0"	""	"*"	"1"		""	"L153"	
"273.4371"	"273.4366"	"0.0007"	"15"	""		"18974.51"	"55546.06"	"5d5.(4G).6s"	"5G"	"3"	""	"*"	"3"		""	"L153"	
"273.4584"	"273.4587"	"0.0007"	"40"	""		"17701.18"	"54269.77"	"5d4.6s2"	"3F2"	"3"	""	"*"	"3"		""	"L153"	
"273.5125"	"273.5127"	"0.0007"	"4"	""		"16431.31"	"52992.69"	"5d4.6s2"	"3G"	"4"	""	"*"	"4"		""	"L153"	
"273.5218"	""	""	"4"	""		""	""	""	""	""	""	""	""		""	"L153"	
"273.5580"	"273.5584"	"0.0007"	"40"	""		"15460.01"	"52015.28"	"5d4.6s2"	"3D"	"3"	""	"*"	"3"		""	"L153"	
"273.6212"	"273.6207"	"0.0007"	"15"	""		"22852.80"	"59399.74"	"5d4.6s2"	"1G2"	"4"	""	"*"	"3"		""	"L153"	
"273.6428"	"273.6421"	"0.0007"	"6"	""		"23455.02"	"59999.10"	"5d5.(4D).6s"	"5D"	"1"	""	"*"	"2"		""	"L153"	
"273.6785"	"273.6784"	"0.0007"	"50"	""		"19256.24"	"55795.48"	"5d5.(4G).6s"	"5G"	"4"	""	"*"	"5"		""	"L153"	
"273.7698"	""	""	"4"	""		""	""	""	""	""	""	""	""		""	"L153"	
"273.8236"	""	""	"5"	""		""	""	""	""	""	""	""	""		""	"L153"	
"273.8812"	"273.8813"	"0.0007"	"40"	""		"16431.31"	"52943.48"	"5d4.6s2"	"3G"	"4"	""	"*"	"3"		""	"L153"	
"273.9372"	""	""	"6"	""		""	""	""	""	""	""	""	""		""	"L153"	
"273.9579"	""	""	"10"	""		""	""	""	""	""	""	""	""		""	"L153"	
"274.0375"	"274.0373"	"0.0007"	"40"	""		"13307.10"	"49798.48"	"5d4.6s2"	"3P2"	"1"	""	"*"	"0"		""	"L153"	
"274.0714"	""	""	"3"	""		""	""	""	""	""	""	""	""		""	"L153"	
"274.1940"	""	""	"3"	""		""	""	""	""	""	""	""	""		""	"L153"	
"274.3117"	"274.3107"	"0.0007"	"8"	""		"23930.08"	"60385.09"	"5d5.(4D).6s"	"5D"	"3"	""	"*"	"4"		""	"L153"	
"274.3282"	"274.3267"	"0.0007"	"15"	""		"19535.01"	"55987.90"	"5d5.(4G).6s"	"5G"	"5"	""	"*"	"5"		""	"L153"	
"274.3879"	""	""	"4"	""		""	""	""	""	""	""	""	""		""	"L153"	
"274.4238"	"274.4236"	"0.0007"	"50"	""		"13348.56"	"49788.58"	"5d4.6s2"	"3G"	"3"	""	"*"	"4"		""	"L153"	
"274.5021"	"274.5020"	"0.0007"	"20"	""		"19826.04"	"56255.65"	"5d4.6s2"	"3G"	"5"	""	"*"	"4"		""	"L153"	
"274.5150"	"274.5143"	"0.0007"	"20"	""		"19827.68"	"56255.65"	"5d5.(4P).6s"	"5P"	"3"	""	"*"	"4"		""	"L153"	
"274.5198"	"274.5194"	"0.0007"	"25"	""		"22476.68"	"58903.98"	"5d5.(4D).6s"	"5D"	"4"	""	"*"	"5"		""	"L153"	
"274.5722"	"274.5718"	"0.0007"	"15"	""		"19535.01"	"55955.36"	"5d5.(4G).6s"	"5G"	"5"	""	"*"	"4"		""	"L153"	
"274.5925"	"274.5925"	"0.0007"	"12"	""		"17701.18"	"54118.78"	"5d4.6s2"	"3F2"	"3"	""	"*"	"4"		""	"L153"	
"274.6080"	"274.6072"	"0.0007"	"1"	""		"18974.51"	"55390.16"	"5d5.(4G).6s"	"5G"	"3"	""	"*"	"2"		""	"L153"	
"274.6137"	"274.6137"	"0.0007"	"10"	""		"18974.51"	"55389.30"	"5d5.(4G).6s"	"5G"	"3"	""	"*"	"3"		""	"L153"	
"274.6438"	"274.6436"	"0.0007"	"12"	""		"22852.80"	"59263.63"	"5d4.6s2"	"1G2"	"4"	""	"*"	"5"		""	"L153"	
"274.6649"	"274.6650"	"0.0007"	"20"	""		"13777.71"	"50185.70"	"5d4.6s2"	"3F2"	"2"	""	"*"	"3"		""	"L153"	
"274.7018"	"274.7018"	"0.0007"	"40"	""		"15069.93"	"51473.04"	"5d4.6s2"	"3H"	"5"	""	"*"	"4"		""	"L153"	
"274.7546"	"274.7548"	"0.0007"	"40"	""		"15460.01"	"51856.10"	"5d4.6s2"	"3D"	"3"	""	"*"	"4"		""	"L153"	
"274.7817"	"274.7822"	"0.0007"	"50"	""		"13307.10"	"49699.56"	"5d4.6s2"	"3P2"	"1"	""	"*"	"2"		""	"L153"	
"274.7967"	""	""	"15"	""		""	""	""	""	""	""	""	""		""	"L153"	
"274.8639"	"274.8623"	"0.0007"	"40*"	""		"6219.33"	"42601.19"	"5d4.6s2"	"5D"	"4"	""	"*"	"3"		""	"L153"	
"274.8639"	"274.8650"	"0.0007"	"40*"	""		"3325.53"	"39707.02"	"5d4.6s2"	"5D"	"2"	""	"*"	"2"		""	"L153"	
"274.9125"	"274.9122"	"0.0007"	"20"	""		"16431.31"	"52806.56"	"5d4.6s2"	"3G"	"4"	""	"*"	"3"		""	"L153"	
"274.9390"	"274.9391"	"0.0007"	"30"	""		"18974.51"	"55346.20"	"5d5.(4G).6s"	"5G"	"3"	""	"*"	"4"		""	"L153"	
"274.9580"	"274.9572"	"0.0007"	"5"	""		"20983.02"	"57352.32"	"5d5.(4P).6s"	"5P"	"2"	""	"*"	"3"		""	"L153"	
"274.9657"	"274.9659"	"0.0007"	"80"	""		"4830.00"	"41198.14"	"5d4.6s2"	"5D"	"3"	""	"*"	"4"		""	"L153"	
"274.9810"	"274.9814"	"0.0007"	"25"	""		"19253.56"	"55619.66"	"5d4.6s2"	"3P2"	"2"	""	"*"	"2"		""	"L153"	
"275.0351"	""	""	"1"	""		""	""	""	""	""	""	""	""		""	"L153"	
"275.0454"	""	""	"10"	""		""	""	""	""	""	""	""	""		""	"L153"	
"275.0958"	"275.0956"	"0.0007"	"40"	""		"13348.56"	"49699.56"	"5d4.6s2"	"3G"	"3"	""	"*"	"2"		""	"L153"	
"275.1138"	"275.1138"	"0.0007"	"10"	""		"19826.04"	"56174.63"	"5d4.6s2"	"3G"	"5"	""	"*"	"4"		""	"L153"	
"275.1257"	"275.1262"	"0.0007"	"10"	""		"19827.68"	"56174.63"	"5d5.(4P).6s"	"5P"	"3"	""	"*"	"4"		""	"L153"	
"275.1576"	"275.1577"	"0.0007"	"15"	""		"16431.31"	"52774.10"	"5d4.6s2"	"3G"	"4"	""	"*"	"5"		""	"L153"	
"275.1761"	"275.1739"	"0.0007"	"3"	""		"19256.24"	"55596.90"	"5d5.(4G).6s"	"5G"	"4"	""	"*"	"4"		""	"L153"	
"275.1840"	"275.1837"	"0.0007"	"3"	""		"19648.54"	"55987.90"	"5d5.(4G).6s"	"5G"	"6"	""	"*"	"5"		""	"L153"	
"275.2023"	"275.2028"	"0.0007"	"15"	""		"18082.83"	"54419.67"	"5d4.6s2"	"3D"	"1"	""	"*"	"1"		""	"L153"	
"275.2372"	"275.2377"	"0.0007"	"8"	""		"19535.01"	"55867.24"	"5d5.(4G).6s"	"5G"	"5"	""	"*"	"4"		""	"L153"	
"275.2505"	""	""	"5"	""		""	""	""	""	""	""	""	""		""	"L153"	
"275.2865"	""	""	"9"	""		""	""	""	""	""	""	""	""		""	"L153"	
"275.2986"	""	""	"10"	""		""	""	""	""	""	""	""	""		""	"L153"	
"275.3232"	"275.3237"	"0.0007"	"10"	""		"3325.53"	"39646.41"	"5d4.6s2"	"5D"	"2"	""	"*"	"3"		""	"L153"	
"275.3384"	"275.3387"	"0.0007"	"6"	""		"22852.80"	"59171.71"	"5d4.6s2"	"1G2"	"4"	""	"*"	"4"		""	"L153"	
"275.3810"	"275.3813"	"0.0007"	"30"	""		"6219.33"	"42532.62"	"5d4.6s2"	"5D"	"4"	""	"*"	"4"		""	"L153"	
"275.3863"	"275.3860"	"0.0007"	"15"	""		"19535.01"	"55847.68"	"5d5.(4G).6s"	"5G"	"5"	""	"*"	"6"		""	"L153"	
"275.3973"	"275.3980"	"0.0007"	"20"	""		"3325.53"	"39636.62"	"5d4.6s2"	"5D"	"2"	""	"*"	"1"		""	"L153"	
"275.4462"	""	""	"3"	""		""	""	""	""	""	""	""	""		""	"L153"	
"275.4607"	"275.4606"	"0.0007"	"3"	""		"18116.84"	"54419.67"	"5d5.(4G).6s"	"5G"	"2"	""	"*"	"1"		""	"L153"	
"275.4754"	"275.4736"	"0.0007"	"1"	""		"22476.68"	"58777.80"	"5d5.(4D).6s"	"5D"	"4"	""	"*"	"4"		""	"L153"	
"275.5072"	"275.5064"	"0.0007"	"3"	""		"22852.80"	"59149.60"	"5d4.6s2"	"1G2"	"4"	""	"*"	"5"		""	"L153c23"	
"275.5216"	"275.5215"	"0.0007"	"12"	""		"6219.33"	"42514.14"	"5d4.6s2"	"5D"	"4"	""	"*"	"3"		""	"L153"	
"275.539"	"275.5390"	"0.0007"	"5"	""		"19253.56"	"55546.06"	"5d4.6s2"	"3P2"	"2"	""	"*"	"3"		""	"L153"	
"275.559"	"275.5594"	"0.0007"	"3"	""		"19256.24"	"55546.06"	"5d5.(4G).6s"	"5G"	"4"	""	"*"	"3"		""	"L153"	
"275.5729"	"275.5735"	"0.0007"	"30"	""		"13348.56"	"49636.52"	"5d4.6s2"	"3G"	"3"	""	"*"	"4"		""	"L153"	
"275.6080"	"275.6081"	"0.0007"	"40"	""		"17107.01"	"53390.42"	"5d4.6s2"	"3F2"	"4"	""	"*"	"3"		""	"L153"	
"275.6279"	"275.6282"	"0.0007"	"8"	""		"19827.68"	"56108.44"	"5d5.(4P).6s"	"5P"	"3"	""	"*"	"3"		""	"L153"	
"275.6398"	""	""	"15"	""		""	""	""	""	""	""	""	""		""	"L153"	
"275.6645"	"275.6647"	"0.0007"	"3"	""		"18280.48"	"54556.43"	"5d5.(6S).6s"	"5S"	"2"	""	"*"	"3"		""	"L153"	
"275.6757"	"275.6756"	"0.0007"	"40"	""		"4830.00"	"41104.52"	"5d4.6s2"	"5D"	"3"	""	"*"	"2"		""	"L153"	
"275.7175"	""	""	"12"	""		""	""	""	""	""	""	""	""		""	"L153"	
"275.7509"	""	""	"12"	""		""	""	""	""	""	""	""	""		""	"L153"	
"275.7823"	"275.7824"	"0.0007"	"8"	""		"19535.01"	"55795.48"	"5d5.(4G).6s"	"5G"	"5"	""	"*"	"5"		""	"L153"	
"275.8016"	"275.8015"	"0.0007"	"8"	""		"18116.84"	"54374.80"	"5d5.(4G).6s"	"5G"	"2"	""	"*"	"1"		""	"L153"	
"275.9498"	"275.9495"	"0.0007"	"20"	""		"17107.01"	"53345.52"	"5d4.6s2"	"3F2"	"4"	""	"*"	"3"		""	"L153"	
"275.9691"	"275.9688"	"0.0007"	"20"	""		"19256.24"	"55492.22"	"5d5.(4G).6s"	"5G"	"4"	""	"*"	"5"		""	"L153"	
"275.9850"	"275.9851"	"0.0007"	"25"	""		"15460.01"	"51693.85"	"5d4.6s2"	"3D"	"3"	""	"*"	"2"		""	"L153"	
"275.9937"	"275.9935"	"0.0007"	"6"	""		"9528.06"	"45760.80"	"5d4.6s2"	"3P2"	"0"	""	"*"	"1"		""	"L153"	
"276.0072"	"276.0074"	"0.0007"	"10"	""		"6219.33"	"42450.24"	"5d4.6s2"	"5D"	"4"	""	"*"	"4"		""	"L153"	
"276.0720"	""	""	"5"	""		""	""	""	""	""	""	""	""		""	"L153"	
"276.0852"	"276.0845"	"0.0007"	"30"	""		"15069.93"	"51290.73"	"5d4.6s2"	"3H"	"5"	""	"*"	"5"		""	"L153"	
"276.0916"	"276.0912"	"0.0007"	"8"	""		"17008.50"	"53228.42"	"5d4.6s2"	"3H"	"6"	""	"*"	"6"		""	"L153"	
"276.1225"	""	""	"7"	""		""	""	""	""	""	""	""	""		""	"L153"	
"276.1558"	"276.1564"	"0.0007"	"12"	""		"17701.18"	"53912.55"	"5d4.6s2"	"3F2"	"3"	""	"*"	"2"		""	"L153"	
"276.166"	"276.1656"	"0.0007"	"40"	""		"13307.10"	"49517.26"	"5d4.6s2"	"3P2"	"1"	""	"*"	"2"		""	"L153"	
"276.1958"	"276.1958"	"0.0007"	"30"	""		"14976.18"	"51182.38"	"5d4.6s2"	"3D"	"2"	""	"*"	"2"		""	"L153"	
"276.2501"	"276.2497"	"0.0007"	"12*"	""		"19648.54"	"55847.68"	"5d5.(4G).6s"	"5G"	"6"	""	"*"	"6"		""	"L153"	
"276.2501"	"276.2499"	"0.0007"	"12*"	""		"19256.24"	"55455.35"	"5d5.(4G).6s"	"5G"	"4"	""	"*"	"5"		""	"L153"	
"276.3155"	"276.3157"	"0.0007"	"150"	"1.84e+07"	B	"0.00"	"36190.49"	"5d4.6s2"	"5D"	"0"	""	"*"	"1"		"T6977"	"L153"	
"276.3315"	"276.3306"	"0.0007"	"6*"	""		"23484.78"	"59673.32"	"5d4.6s2"	"1I"	"6"	""	"*"	"5"		""	"L153"	
"276.3315"	"276.3323"	"0.0007"	"6*"	""		"13777.71"	"49966.03"	"5d4.6s2"	"3F2"	"2"	""	"*"	"3"		""	"L153"	
"276.352"	"276.3519"	"0.0007"	"35"	""		"17008.50"	"53194.25"	"5d4.6s2"	"3H"	"6"	""	"*"	"5"		""	"L153"	
"276.437"	""	""	"4"	""		""	""	""	""	""	""	""	""		""	"L153"	
"276.4430"	""	""	"5"	""		""	""	""	""	""	""	""	""		""	"L153"	
"276.4821"	"276.4822"	"0.0007"	"30"	""		"13348.56"	"49517.26"	"5d4.6s2"	"3G"	"3"	""	"*"	"2"		""	"L153"	
"276.5161"	"276.5146"	"0.0007"	"10"	""		"12161.96"	"48326.41"	"5d4.6s2"	"3H"	"4"	""	"*"	"3"		""	"L153"	
"276.5455"	""	""	"4"	""		""	""	""	""	""	""	""	""		""	"L153"	
"276.5948"	""	""	"4"	""		""	""	""	""	""	""	""	""		""	"L153"	
"276.6028"	"276.6028"	"0.0007"	"12"	""		"18116.84"	"54269.77"	"5d5.(4G).6s"	"5G"	"2"	""	"*"	"3"		""	"L153"	
"276.6352"	"276.6347"	"0.0007"	"2"	""		"20983.02"	"57131.78"	"5d5.(4P).6s"	"5P"	"2"	""	"*"	"3"		""	"L153"	
"276.6459"	"276.6447"	"0.0007"	"50l*"	""		"17701.18"	"53848.63"	"5d4.6s2"	"3F2"	"3"	""	"*"	"4"		""	"L153"	
"276.6459"	"276.6486"	"0.0007"	"50l*"	""		"19648.54"	"55795.48"	"5d5.(4G).6s"	"5G"	"6"	""	"*"	"5"		""	"L153"	
"276.6459"	"276.6499"	"0.0007"	"50l*"	""		"15460.01"	"51606.78"	"5d4.6s2"	"3D"	"3"	""	"*"	"2"		""	"L153"	
"276.7085"	"276.7079"	"0.0007"	"3"	""		"18280.48"	"54419.67"	"5d5.(6S).6s"	"5S"	"2"	""	"*"	"1"		""	"L153"	
"276.7281"	"276.7277"	"0.0007"	"8"	""		"19253.56"	"55390.16"	"5d4.6s2"	"3P2"	"2"	""	"*"	"2"		""	"L153"	
"276.7348"	"276.7343"	"0.0007"	"3"	""		"19253.56"	"55389.30"	"5d4.6s2"	"3P2"	"2"	""	"*"	"3"		""	"L153"	
"276.7548"	"276.7549"	"0.0007"	"20"	""		"19256.24"	"55389.30"	"5d5.(4G).6s"	"5G"	"4"	""	"*"	"3"		""	"L153"	
"276.7678"	"276.7676"	"0.0007"	"4"	""		"17107.01"	"53238.41"	"5d4.6s2"	"3F2"	"4"	""	"*"	"4"		""	"L153"	
"276.7715"	"276.7720"	"0.0007"	"6"	""		"19253.56"	"55384.38"	"5d4.6s2"	"3P2"	"2"	""	"*"	"1"		""	"L153"	
"276.7961"	"276.7961"	"0.0007"	"50"	""		"19827.68"	"55955.36"	"5d5.(4P).6s"	"5P"	"3"	""	"*"	"4"		""	"L153"	
"276.8289"	""	""	"5"	""		""	""	""	""	""	""	""	""		""	"L153"	
"276.9352"	"276.9354"	"0.0007"	"12"	""		"18974.51"	"55084.02"	"5d5.(4G).6s"	"5G"	"3"	""	"*"	"2"		""	"L153"	
"276.9666"	""	""	"6"	""		""	""	""	""	""	""	""	""		""	"L153"	
"276.9800"	"276.9802"	"0.0007"	"100"	""		"1670.29"	"37773.96"	"5d4.6s2"	"5D"	"1"	""	"*"	"1"		""	"L153"	
"277.0394"	"277.0390"	"0.0007"	"10"	""		"14976.18"	"51072.18"	"5d4.6s2"	"3D"	"2"	""	"*"	"3"		""	"L153"	
"277.0559"	"277.0557"	"0.0007"	"80"	""		"4830.00"	"40923.83"	"5d4.6s2"	"5D"	"3"	""	"*"	"3"		""	"L153"	
"277.0860"	"277.0854"	"0.0007"	"15"	""		"19256.24"	"55346.20"	"5d5.(4G).6s"	"5G"	"4"	""	"*"	"4"		""	"L153"	
"277.1033"	""	""	"30"	""		""	""	""	""	""	""	""	""		""	"L153"	
"277.1167"	"277.1158"	"0.0007"	"6"	""		"22476.68"	"58562.68"	"5d5.(4D).6s"	"5D"	"4"	""	"*"	"5"		""	"L153"	
"277.1698"	"277.1699"	"0.0007"	"200r"	"1.83e+07"	B	"2951.29"	"39030.25"	"5d5.(6S).6s"	"7S"	"3"	""	"*"	"2"		"T6977"	"L153"	
"277.2446"	"277.2438"	"0.0007"	"50"	""		"13348.56"	"49417.90"	"5d4.6s2"	"3G"	"3"	""	"*"	"3"		""	"L153"	
"277.3006"	"277.3011"	"0.0007"	"30"	""		"19535.01"	"55596.90"	"5d5.(4G).6s"	"5G"	"5"	""	"*"	"4"		""	"L153"	
"277.3304"	"277.3297"	"0.0007"	"30"	""		"18974.51"	"55032.67"	"5d5.(4G).6s"	"5G"	"3"	""	"*"	"2"		""	"L153"	
"277.3841"	"277.3834"	"0.0007"	"6"	""		"22852.80"	"58903.98"	"5d4.6s2"	"1G2"	"4"	""	"*"	"5"		""	"L153"	
"277.4521"	"277.4519"	"0.0007"	"80"	""		"19648.54"	"55690.82"	"5d5.(4G).6s"	"5G"	"6"	""	"*"	"7"		""	"L153"	
"277.4737"	"277.4729"	"0.0007"	"8"	""		"19827.68"	"55867.24"	"5d5.(4P).6s"	"5P"	"3"	""	"*"	"4"		""	"L153"	
"277.4818"	"277.4818"	"0.0007"	"200r"	"3.9e+07"	B	"4830.00"	"40868.40"	"5d4.6s2"	"5D"	"3"	""	"*"	"2"		"T6977"	"L153"	
"277.5295"	"277.5297"	"0.0007"	"300r"	"4.8e+07"	B	"6219.33"	"42251.51"	"5d4.6s2"	"5D"	"4"	""	"*"	"3"		"T6977"	"L153"	
"277.6109"	"277.6109"	"0.0007"	"4"	""		"19826.04"	"55847.68"	"5d4.6s2"	"3G"	"5"	""	"*"	"6"		""	"L153"	
"277.653"	"277.6521"	"0.0007"	"1*"	""		"23982.80"	"59999.10"	"5d5.(4D).6s"	"5D"	"2"	""	"*"	"2"		""	"L153"	
"277.653"	"277.6522"	"0.0007"	"1*"	""		"20983.02"	"56999.30"	"5d5.(4P).6s"	"5P"	"2"	""	"*"	"2"		""	"L153"	
"277.6807"	"277.6773"	"0.0007"	"8c"	""		"15460.01"	"51473.04"	"5d4.6s2"	"3D"	"3"	""	"*"	"4"		""	"L153"	
"277.6914"	"277.6908"	"0.0007"	"40"	""		"17107.01"	"53118.29"	"5d4.6s2"	"3F2"	"4"	""	"*"	"4"		""	"L153"	
"277.712"	"277.7115"	"0.0007"	"5"	""		"12161.96"	"48170.55"	"5d4.6s2"	"3H"	"4"	""	"*"	"3"		""	"L153"	
"277.7212"	"277.7204"	"0.0007"	"6"	""		"19827.68"	"55835.12"	"5d5.(4P).6s"	"5P"	"3"	""	"*"	"2"		""	"L153"	
"277.7384"	"277.7382"	"0.0007"	"10"	""		"16431.31"	"52436.44"	"5d4.6s2"	"3G"	"4"	""	"*"	"4"		""	"L153"	
"277.7736"	"277.7738"	"0.0007"	"3"	""		"18116.84"	"54117.36"	"5d5.(4G).6s"	"5G"	"2"	""	"*"	"3"		""	"L153c23"	
"277.8089"	"277.8079"	"0.0007"	"15"	""		"22852.80"	"58848.90"	"5d4.6s2"	"1G2"	"4"	""	"*"	"4"		""	"L153"	
"277.8606"	"277.8604"	"0.0007"	"10"	""		"18280.48"	"54269.77"	"5d5.(6S).6s"	"5S"	"2"	""	"*"	"3"		""	"L153"	
"277.9607"	"277.9598"	"0.0007"	"1"	""		"12161.96"	"48138.38"	"5d4.6s2"	"3H"	"4"	""	"*"	"5"		""	"L153"	
"278.0141"	"278.0138"	"0.0007"	"15"	""		"19826.04"	"55795.48"	"5d4.6s2"	"3G"	"5"	""	"*"	"5"		""	"L153"	
"278.034"	"278.0328"	"0.0007"	"1"	""		"23455.02"	"59422.00"	"5d5.(4D).6s"	"5D"	"1"	""	"*"	"2"		""	"L153"	
"278.0462"	""	""	"15"	""		""	""	""	""	""	""	""	""		""	"L153"	
"278.0553"	"278.0544"	"0.0007"	"30"	""		"16431.31"	"52395.50"	"5d4.6s2"	"3G"	"4"	""	"*"	"5"		""	"L153"	
"278.0644"	"278.0631"	"0.0007"	"8"	""		"13307.10"	"49270.16"	"5d4.6s2"	"3P2"	"1"	""	"*"	"2"		""	"L153"	
"278.1105"	"278.1083"	"0.0007"	"60"	""		"19535.01"	"55492.22"	"5d5.(4G).6s"	"5G"	"5"	""	"*"	"5"		""	"L153"	
"278.2197"	""	""	"4w"	""		""	""	""	""	""	""	""	""		""	"L153"	
"278.2641"	"278.2640"	"0.0007"	"15"	""		"18974.51"	"54911.61"	"5d5.(4G).6s"	"5G"	"3"	""	"*"	"4"		""	"L153"	
"278.3479"	"278.3469"	"0.0007"	"12"	""		"18974.51"	"54900.90"	"5d5.(4G).6s"	"5G"	"3"	""	"*"	"3"		""	"L153"	
"278.3513"	"278.3520"	"0.0007"	"1"	""		"23484.78"	"59410.52"	"5d4.6s2"	"1I"	"6"	""	"*"	"6"		""	"L153"	
"278.3584"	"278.3577"	"0.0007"	"3"	""		"22852.80"	"58777.80"	"5d4.6s2"	"1G2"	"4"	""	"*"	"4"		""	"L153"	
"278.3843"	"278.3840"	"0.0007"	"10"	""		"13348.56"	"49270.16"	"5d4.6s2"	"3G"	"3"	""	"*"	"2"		""	"L153"	
"278.3952"	"278.3938"	"0.0007"	"40"	""		"19535.01"	"55455.35"	"5d5.(4G).6s"	"5G"	"5"	""	"*"	"5"		""	"L153"	
"278.4500"	""	""	"20"	""		""	""	""	""	""	""	""	""		""	"L153"	
"278.6628"	"278.6627"	"0.0007"	"15"	""		"17107.01"	"52992.69"	"5d4.6s2"	"3F2"	"4"	""	"*"	"4"		""	"L153"	
"278.6718"	"278.6708"	"0.0007"	"25"	""		"18974.51"	"54859.15"	"5d5.(4G).6s"	"5G"	"3"	""	"*"	"2"		""	"L153"	
"278.6924"	"278.6918"	"0.0007"	"8"	""		"15069.93"	"50951.86"	"5d4.6s2"	"3H"	"5"	""	"*"	"6"		""	"L153"	
"278.734"	"278.7344"	"0.0007"	"30"	""		"18082.83"	"53959.28"	"5d4.6s2"	"3D"	"1"	""	"*"	"2"		""	"L153"	
"278.7953"	""	""	"6"	""		""	""	""	""	""	""	""	""		""	"L153"	
"278.8454"	"278.8451"	"0.0007"	"10"	""		"23484.78"	"59346.98"	"5d4.6s2"	"1I"	"6"	""	"*"	"7"		""	"L153"	
"278.8806"	"278.8804"	"0.0007"	"50"	"9.5e+06"	B	"3325.53"	"39183.20"	"5d4.6s2"	"5D"	"2"	""	"*"	"1"		"T6977"	"L153"	
"278.9601"	"278.9596"	"0.0007"	"10"	""		"17008.50"	"52855.98"	"5d4.6s2"	"3H"	"6"	""	"*"	"6"		""	"L153"	
"278.9729"	"278.9716"	"0.0007"	"6"	""		"9528.06"	"45374.00"	"5d4.6s2"	"3P2"	"0"	""	"*"	"1"		""	"L153"	
"278.9897"	"278.9892"	"0.0007"	"30"	""		"19648.54"	"55492.22"	"5d5.(4G).6s"	"5G"	"6"	""	"*"	"5"		""	"L153"	
"278.9993"	"278.9989"	"0.0007"	"10"	""		"18116.84"	"53959.28"	"5d5.(4G).6s"	"5G"	"2"	""	"*"	"2"		""	"L153"	
"279.0203"	"279.0196"	"0.0007"	"25*"	""		"22476.68"	"58316.46"	"5d5.(4D).6s"	"5D"	"4"	""	"*"	"4"		""	"L153c23"	
"279.0203"	"279.0214"	"0.0007"	"25*"	""		"15069.93"	"50909.47"	"5d4.6s2"	"3H"	"5"	""	"*"	"4"		""	"L153"	
"279.0446"	"279.0453"	"0.0007"	"5"	""		"17107.01"	"52943.48"	"5d4.6s2"	"3F2"	"4"	""	"*"	"3"		""	"L153"	
"279.0507"	"279.0502"	"0.0007"	"25"	"1.56e+06"	B	"4830.00"	"40665.85"	"5d4.6s2"	"5D"	"3"	""	"*"	"3"		"T6977"	"L153"	
"279.0926"	"279.0921"	"0.0007"	"3"	""		"19253.56"	"55084.02"	"5d4.6s2"	"3P2"	"2"	""	"*"	"2"		""	"L153"	
"279.1033"	""	""	"2"	""		""	""	""	""	""	""	""	""		""	"L153"	
"279.1399"	"279.1387"	"0.0007"	"25*"	""		"16431.31"	"52255.80"	"5d4.6s2"	"3G"	"4"	""	"*"	"3"		""	"L153"	
"279.1399"	"279.1404"	"0.0007"	"25*"	""		"14976.18"	"50800.44"	"5d4.6s2"	"3D"	"2"	""	"*"	"3"		""	"L153"	
"279.2427"	"279.2423"	"0.0007"	"4"	""		"19535.01"	"55346.20"	"5d5.(4G).6s"	"5G"	"5"	""	"*"	"4"		""	"L153"	
"279.2784"	"279.2777"	"0.0007"	"80"	""		"12161.96"	"47968.62"	"5d4.6s2"	"3H"	"4"	""	"*"	"4"		""	"L153"	
"279.3039"	"279.3032"	"0.0007"	"20"	""		"13348.56"	"49151.94"	"5d4.6s2"	"3G"	"3"	""	"*"	"2"		""	"L153"	
"279.3349"	"279.3344"	"0.0007"	"25"	""		"13348.56"	"49147.95"	"5d4.6s2"	"3G"	"3"	""	"*"	"4"		""	"L153"	
"279.3519"	"279.3518"	"0.0007"	"60r"	""		"2951.29"	"38748.44"	"5d5.(6S).6s"	"7S"	"3"	""	"*"	"4"		""	"L153"	
"279.3605"	"279.3607"	"0.0007"	"35"	""		"1670.29"	"37466.30"	"5d4.6s2"	"5D"	"1"	""	"*"	"2"		""	"L153"	
"279.3929"	"279.3922"	"0.0007"	"12"	""		"19827.68"	"55619.66"	"5d5.(4P).6s"	"5P"	"3"	""	"*"	"2"		""	"L153"	
"279.4320"	"279.4303"	"0.0007"	"8"	""		"19256.24"	"55043.34"	"5d5.(4G).6s"	"5G"	"4"	""	"*"	"4"		""	"L153"	
"279.4951"	"279.4947"	"0.0007"	"12"	""		"23484.78"	"59263.63"	"5d4.6s2"	"1I"	"6"	""	"*"	"5"		""	"L153"	
"279.5102"	""	""	"3"	""		""	""	""	""	""	""	""	""		""	"L153"	
"279.5330"	"279.5310"	"0.0007"	"8"	""		"24610.88"	"60385.09"	"5d4.6s2"	"1F"	"3"	""	"*"	"4"		""	"L153"	
"279.5576"	"279.5572"	"0.0007"	"6"	""		"19826.04"	"55596.90"	"5d4.6s2"	"3G"	"5"	""	"*"	"4"		""	"L153"	
"279.5706"	"279.5700"	"0.0007"	"5"	""		"19827.68"	"55596.90"	"5d5.(4P).6s"	"5P"	"3"	""	"*"	"4"		""	"L153"	
"279.5989"	"279.5983"	"0.0007"	"10"	""		"17008.50"	"52774.10"	"5d4.6s2"	"3H"	"6"	""	"*"	"5"		""	"L153"	
"279.6547"	"279.6544"	"0.0007"	"3"	""		"18116.84"	"53875.26"	"5d5.(4G).6s"	"5G"	"2"	""	"*"	"1"		""	"L153"	
"279.6730"	""	""	"2"	""		""	""	""	""	""	""	""	""		""	"L153"	
"279.6977"	"279.6963"	"0.0007"	"30*"	""		"4830.00"	"40583.07"	"5d4.6s2"	"5D"	"3"	""	"*"	"4"		""	"L153"	
"279.6977"	"279.6970"	"0.0007"	"30*"	""		"19256.24"	"55009.22"	"5d5.(4G).6s"	"5G"	"4"	""	"*"	"5"		""	"L153"	
"279.7783"	"279.7773"	"0.0007"	"4"	""		"14976.18"	"50718.90"	"5d4.6s2"	"3D"	"2"	""	"*"	"2"		""	"L153"	
"279.8026"	"279.8021"	"0.0007"	"25"	""		"13777.71"	"49517.26"	"5d4.6s2"	"3F2"	"2"	""	"*"	"2"		""	"L153"	
"279.8289"	"279.8288"	"0.0007"	"25"	""		"15069.93"	"50806.07"	"5d4.6s2"	"3H"	"5"	""	"*"	"5"		""	"L153"	
"279.8458"	"279.8447"	"0.0007"	"10"	""		"20983.02"	"56717.13"	"5d5.(4P).6s"	"5P"	"2"	""	"*"	"3"		""	"L153"	
"279.8830"	"279.8822"	"0.0007"	"6"	""		"22476.68"	"58206.00"	"5d5.(4D).6s"	"5D"	"4"	""	"*"	"3"		""	"L153"	
"279.9111"	""	""	"3"	""		""	""	""	""	""	""	""	""		""	"L153"	
"279.9280"	"279.9272"	"0.0007"	"12"	""		"13348.56"	"49072.14"	"5d4.6s2"	"3G"	"3"	""	"*"	"3"		""	"L153"	
"279.9369"	"279.9366"	"0.0007"	"6"	""		"15460.01"	"51182.38"	"5d4.6s2"	"3D"	"3"	""	"*"	"2"		""	"L153"	
"279.9685"	"279.9679"	"0.0007"	"5"	""		"19827.68"	"55546.06"	"5d5.(4P).6s"	"5P"	"3"	""	"*"	"3"		""	"L153"	
"280.0513"	""	""	"15"	""		""	""	""	""	""	""	""	""		""	"L153"	
"280.0753"	"280.0750"	"0.0007"	"50"	"1.30e+07"	B	"3325.53"	"39030.25"	"5d4.6s2"	"5D"	"2"	""	"*"	"2"		"T6977"	"L153"	
"280.0922"	"280.0909"	"0.0008"	"8"	""		"22476.68"	"58179.38"	"5d5.(4D).6s"	"5D"	"4"	""	"*"	"5"		""	"L153"	
"280.1158"	"280.1156"	"0.0008"	"8"	""		"17107.01"	"52806.56"	"5d4.6s2"	"3F2"	"4"	""	"*"	"3"		""	"L153"	
"280.1711"	""	""	"10"	""		""	""	""	""	""	""	""	""		""	"L153"	
"280.1998"	"280.1993"	"0.0008"	"25"	""		"12161.96"	"47850.84"	"5d4.6s2"	"3H"	"4"	""	"*"	"5"		""	"L153"	
"280.2236"	""	""	"6"	""		""	""	""	""	""	""	""	""		""	"L153"	
"280.2295"	"280.2288"	"0.0008"	"5"	""		"20174.20"	"55859.32"	"5d4.6s2"	"1S2"	"0"	""	"*"	"1"		""	"L153"	
"280.2470"	"280.2457"	"0.0008"	"8"	""		"27849.80"	"63532.78"	"5d5.(2I).6s"	"3I"	"5"	""	"*"	"6"		""	"L153"	
"280.2674"	""	""	"3"	""		""	""	""	""	""	""	""	""		""	"L153"	
"280.2784"	"280.2785"	"0.0008"	"15"	""		"18280.48"	"53959.28"	"5d5.(6S).6s"	"5S"	"2"	""	"*"	"2"		""	"L153"	
"280.3710"	"280.3705"	"0.0008"	"15"	""		"17107.01"	"52774.10"	"5d4.6s2"	"3F2"	"4"	""	"*"	"5"		""	"L153"	
"280.3784"	"280.3777"	"0.0008"	"20*"	""		"19826.04"	"55492.22"	"5d4.6s2"	"3G"	"5"	""	"*"	"5"		""	"L153"	
"280.3784"	"280.3792"	"0.0008"	"20*"	""		"13777.71"	"49443.70"	"5d4.6s2"	"3F2"	"2"	""	"*"	"1"		""	"L153"	
"280.4626"	"280.4627"	"0.0008"	"7"	""		"19256.24"	"54911.61"	"5d5.(4G).6s"	"5G"	"4"	""	"*"	"4"		""	"L153"	
"280.4846"	"280.4844"	"0.0008"	"30"	""		"6219.33"	"41871.94"	"5d4.6s2"	"5D"	"4"	""	"*"	"4"		""	"L153"	
"280.5069"	"280.5066"	"0.0008"	"30"	""		"16431.31"	"52081.09"	"5d4.6s2"	"3G"	"4"	""	"*"	"5"		""	"L153"	
"280.5502"	"280.5495"	"0.0008"	"40*"	""		"17701.18"	"53345.52"	"5d4.6s2"	"3F2"	"3"	""	"*"	"3"		""	"L153"	
"280.5502"	"280.5520"	"0.0008"	"40*"	""		"23484.78"	"59128.80"	"5d4.6s2"	"1I"	"6"	""	"*"	"6"		""	"L153"	
"280.5822"	"280.5821"	"0.0008"	"6"	""		"13777.71"	"49417.90"	"5d4.6s2"	"3F2"	"2"	""	"*"	"3"		""	"L153"	
"280.6254"	"280.6252"	"0.0008"	"4"	""		"22852.80"	"58487.52"	"5d4.6s2"	"1G2"	"4"	""	"*"	"3"		""	"L153"	
"280.6459"	"280.6461"	"0.0008"	"30"	""		"18280.48"	"53912.55"	"5d5.(6S).6s"	"5S"	"2"	""	"*"	"2"		""	"L153"	
"280.6701"	"280.6678"	"0.0008"	"10"	""		"19826.04"	"55455.35"	"5d4.6s2"	"3G"	"5"	""	"*"	"5"		""	"L153"	
"280.7614"	""	""	"4"	""		""	""	""	""	""	""	""	""		""	"L153"	
"280.8035"	"280.8029"	"0.0008"	"6"	""		"15460.01"	"51072.18"	"5d4.6s2"	"3D"	"3"	""	"*"	"3"		""	"L153"	
"280.8552"	"280.8548"	"0.0008"	"35"	""		"19253.56"	"54859.15"	"5d4.6s2"	"3P2"	"2"	""	"*"	"2"		""	"L153"	
"280.8765"	""	""	"12"	""		""	""	""	""	""	""	""	""		""	"L153"	
"280.9401"	"280.9401"	"0.0008"	"20"	""		"18280.48"	"53875.26"	"5d5.(6S).6s"	"5S"	"2"	""	"*"	"1"		""	"L153"	
"281.0059"	"281.0052"	"0.0008"	"10"	""		"18082.83"	"53669.36"	"5d4.6s2"	"3D"	"1"	""	"*"	"2"		""	"L153"	
"281.0258"	"281.0254"	"0.0008"	"3"	""		"16431.31"	"52015.28"	"5d4.6s2"	"3G"	"4"	""	"*"	"3"		""	"L153"	
"281.0422"	"281.0416"	"0.0008"	"15"	""		"18974.51"	"54556.43"	"5d5.(4G).6s"	"5G"	"3"	""	"*"	"3"		""	"L153"	
"281.1950"	"281.1952"	"0.0008"	"10"	""		"19827.68"	"55390.16"	"5d5.(4P).6s"	"5P"	"3"	""	"*"	"2"		""	"L153"	
"281.2013"	"281.2020"	"0.0008"	"2"	""		"19827.68"	"55389.30"	"5d5.(4P).6s"	"5P"	"3"	""	"*"	"3"		""	"L153"	
"281.2362"	"281.2356"	"0.0008"	"12"	""		"14976.18"	"50533.55"	"5d4.6s2"	"3D"	"2"	""	"*"	"1"		""	"L153"	
"281.2739"	"281.2740"	"0.0008"	"4"	""		"18116.84"	"53669.36"	"5d5.(4G).6s"	"5G"	"2"	""	"*"	"2"		""	"L153"	
"281.3152"	"281.3142"	"0.0008"	"10"	""		"24610.88"	"60158.32"	"5d4.6s2"	"1F"	"3"	""	"*"	"4"		""	"L153"	
"281.3956"	"281.3950"	"0.0008"	"35"	""		"17701.18"	"53238.41"	"5d4.6s2"	"3F2"	"3"	""	"*"	"4"		""	"L153"	
"281.4731"	"281.4731"	"0.0008"	"3"	""		"12161.96"	"47689.33"	"5d4.6s2"	"3H"	"4"	""	"*"	"4"		""	"L153"	
"281.5307"	"281.5303"	"0.0008"	"6"	""		"19826.04"	"55346.20"	"5d4.6s2"	"3G"	"5"	""	"*"	"4"		""	"L153"	
"281.5433"	"281.5433"	"0.0008"	"8"	""		"19827.68"	"55346.20"	"5d5.(4P).6s"	"5P"	"3"	""	"*"	"4"		""	"L153"	
"281.6245"	"281.6241"	"0.0008"	"40"	""		"19535.01"	"55043.34"	"5d5.(4G).6s"	"5G"	"5"	""	"*"	"4"		""	"L153"	
"281.6709"	""	""	"6"	""		""	""	""	""	""	""	""	""		""	"L153"	
"281.6804"	"281.6797"	"0.0008"	"4"	""		"20983.02"	"56484.33"	"5d5.(4P).6s"	"5P"	"2"	""	"*"	"3"		""	"L153"	
"281.7155"	""	""	"8"	""		""	""	""	""	""	""	""	""		""	"L153"	
"281.7514"	"281.7501"	"0.0008"	"12"	""		"13777.71"	"49270.16"	"5d4.6s2"	"3F2"	"2"	""	"*"	"2"		""	"L153"	
"281.8420"	"281.8413"	"0.0008"	"10"	""		"13307.10"	"48788.06"	"5d4.6s2"	"3P2"	"1"	""	"*"	"1"		""	"L153"	
"281.8890"	"281.8886"	"0.0008"	"250r"	"4.3e+07"	B	"6219.33"	"41694.34"	"5d4.6s2"	"5D"	"4"	""	"*"	"3"		"T6977"	"L153"	
"281.8968"	"281.8949"	"0.0008"	"40"	""		"19535.01"	"55009.22"	"5d5.(4G).6s"	"5G"	"5"	""	"*"	"5"		""	"L153"	
"281.9310"	"281.9311"	"0.0008"	"4"	""		"23930.08"	"59399.74"	"5d5.(4D).6s"	"5D"	"3"	""	"*"	"3"		""	"L153"	
"281.9787"	"281.9788"	"0.0008"	"2"	""		"22852.80"	"58316.46"	"5d4.6s2"	"1G2"	"4"	""	"*"	"4"		""	"L153"	
"281.9938"	""	""	"4"	""		""	""	""	""	""	""	""	""		""	"L153"	
"282.0160"	""	""	"3"	""		""	""	""	""	""	""	""	""		""	"L153"	
"282.0922"	"282.0917"	"0.0008"	"12"	""		"15460.01"	"50909.47"	"5d4.6s2"	"3D"	"3"	""	"*"	"4"		""	"L153"	
"282.1532"	""	""	"20"	""		""	""	""	""	""	""	""	""		""	"L153"	
"282.1730"	"282.1722"	"0.0008"	"3*"	""		"4830.00"	"40269.35"	"5d4.6s2"	"5D"	"3"	""	"*"	"3"		""	"L153"	
"282.1730"	"282.1734"	"0.0008"	"3*"	""		"23982.80"	"59422.00"	"5d5.(4D).6s"	"5D"	"2"	""	"*"	"2"		""	"L153"	
"282.2140"	"282.2139"	"0.0008"	"20"	""		"15460.01"	"50894.12"	"5d4.6s2"	"3D"	"3"	""	"*"	"3"		""	"L153"	
"282.2353"	"282.2349"	"0.0008"	"15"	""		"12161.96"	"47593.44"	"5d4.6s2"	"3H"	"4"	""	"*"	"3"		""	"L153"	
"282.2460"	""	""	"6"	""		""	""	""	""	""	""	""	""		""	"L153"	
"282.2885"	"282.2882"	"0.0008"	"7"	""		"16431.31"	"51856.10"	"5d4.6s2"	"3G"	"4"	""	"*"	"4"		""	"L153"	
"282.3428"	""	""	"30"	""		""	""	""	""	""	""	""	""		""	"L153"	
"282.3490"	"282.3494"	"0.0008"	"5"	""		"17701.18"	"53118.29"	"5d4.6s2"	"3F2"	"3"	""	"*"	"4"		""	"L153"	
"282.4291"	"282.4278"	"0.0008"	"1"	""		"20427.84"	"55835.12"	"5d5.(4P).6s"	"5P"	"1"	""	"*"	"2"		""	"L153"	
"282.4541"	"282.4542"	"0.0008"	"30"	""		"4830.00"	"40233.97"	"5d4.6s2"	"5D"	"3"	""	"*"	"4"		""	"L153"	
"282.5298"	""	""	"5"	""		""	""	""	""	""	""	""	""		""	"L153"	
"282.5814"	"282.5799"	"0.0008"	"3"	""		"24610.88"	"59999.10"	"5d4.6s2"	"1F"	"3"	""	"*"	"2"		""	"L153"	
"282.5903"	"282.5897"	"0.0008"	"6"	""		"17008.50"	"52395.50"	"5d4.6s2"	"3H"	"6"	""	"*"	"5"		""	"L153"	
"282.6079"	""	""	"3"	""		""	""	""	""	""	""	""	""		""	"L153"	
"282.6197"	""	""	"3"	""		""	""	""	""	""	""	""	""		""	"L153"	
"282.6723"	"282.6727"	"0.0008"	"3"	""		"19535.01"	"54911.61"	"5d5.(4G).6s"	"5G"	"5"	""	"*"	"4"		""	"L153"	
"282.6916"	"282.6917"	"0.0008"	"15"	""		"13777.71"	"49151.94"	"5d4.6s2"	"3F2"	"2"	""	"*"	"2"		""	"L153"	
"282.7430"	""	""	"5"	""		""	""	""	""	""	""	""	""		""	"L153"	
"282.7693"	""	""	"3"	""		""	""	""	""	""	""	""	""		""	"L153"	
"282.7981"	"282.7978"	"0.0008"	"12"	""		"19535.01"	"54895.96"	"5d5.(4G).6s"	"5G"	"5"	""	"*"	"6"		""	"L153"	
"282.8118"	"282.8114"	"0.0008"	"18"	""		"15069.93"	"50429.18"	"5d4.6s2"	"3H"	"5"	""	"*"	"6"		""	"L153"	
"282.8483"	""	""	"4"	""		""	""	""	""	""	""	""	""		""	"L153"	
"282.8949"	"282.8936"	"0.0008"	"3"	""		"20983.02"	"56332.00"	"5d5.(4P).6s"	"5P"	"2"	""	"*"	"3"		""	"L153"	
"282.9628"	"282.9620"	"0.0008"	"15"	""		"15460.01"	"50800.44"	"5d4.6s2"	"3D"	"3"	""	"*"	"3"		""	"L153"	
"282.9790"	""	""	"5"	""		""	""	""	""	""	""	""	""		""	"L153"	
"282.9990"	""	""	"3"	""		""	""	""	""	""	""	""	""		""	"L153"	
"283.0501"	"283.0501"	"0.0008"	"2"	""		"17107.01"	"52436.44"	"5d4.6s2"	"3F2"	"4"	""	"*"	"4"		""	"L153"	
"283.0654"	"283.0648"	"0.0008"	"50*"	""		"14976.18"	"50303.78"	"5d4.6s2"	"3D"	"2"	""	"*"	"3"		""	"L153"	
"283.0654"	"283.0654"	"0.0008"	"50*"	""		"13348.56"	"48676.08"	"5d4.6s2"	"3G"	"3"	""	"*"	"4"		""	"L153"	
"283.0731"	"283.0730"	"0.0008"	"8"	""		"22852.80"	"58179.38"	"5d4.6s2"	"1G2"	"4"	""	"*"	"5"		""	"L153"	
"283.1119"	"283.1119"	"0.0008"	"30"	""		"12161.96"	"47483.68"	"5d4.6s2"	"3H"	"4"	""	"*"	"3"		""	"L153"	
"283.2212"	"283.2211"	"0.0008"	"250r"	"4.9e+07"	B	"2951.29"	"38259.40"	"5d5.(6S).6s"	"7S"	"3"	""	"*"	"4"		"T6977"	"L153"	
"283.2661"	"283.2657"	"0.0008"	"6"	""		"17701.18"	"53003.72"	"5d4.6s2"	"3F2"	"3"	""	"*"	"2"		""	"L153"	
"283.2906"	"283.2914"	"0.0008"	"1"	""		"28233.44"	"63532.78"	"5d5.(4F).6s"	"5F"	"5"	""	"*"	"6"		""	"L153"	
"283.3155"	"283.3155"	"0.0008"	"10"	""		"13307.10"	"48603.44"	"5d4.6s2"	"3P2"	"1"	""	"*"	"0"		""	"L153"	
"283.3311"	"283.3308"	"0.0008"	"30"	""		"13777.71"	"49072.14"	"5d4.6s2"	"3F2"	"2"	""	"*"	"3"		""	"L153"	
"283.3543"	"283.3543"	"0.0008"	"5"	""		"17701.18"	"52992.69"	"5d4.6s2"	"3F2"	"3"	""	"*"	"4"		""	"L153"	
"283.3787"	"283.3785"	"0.0008"	"20"	""		"17107.01"	"52395.50"	"5d4.6s2"	"3F2"	"4"	""	"*"	"5"		""	"L153"	
"283.4464"	"283.4459"	"0.0008"	"120r"	"4.8e+07"	B	"6219.33"	"41499.43"	"5d4.6s2"	"5D"	"4"	""	"*"	"3"		"T6977"	"L153"	
"283.4989"	"283.4983"	"0.0008"	"15"	""		"18116.84"	"53390.42"	"5d5.(4G).6s"	"5G"	"2"	""	"*"	"3"		""	"L153"	
"283.5329"	""	""	"6"	""		""	""	""	""	""	""	""	""		""	"L153"	
"283.6168"	"283.6164"	"0.0008"	"8"	""		"15460.01"	"50718.90"	"5d4.6s2"	"3D"	"3"	""	"*"	"2"		""	"L153"	
"283.6378"	"283.6369"	"0.0008"	"5"	""		"19827.68"	"55084.02"	"5d5.(4P).6s"	"5P"	"3"	""	"*"	"2"		""	"L153"	
"283.6472"	"283.6470"	"0.0008"	"60"	""		"2951.29"	"38206.38"	"5d5.(6S).6s"	"7S"	"3"	""	"*"	"3"		""	"L153"	
"283.6891"	""	""	"3"	""		""	""	""	""	""	""	""	""		""	"L153"	
"283.7088"	"283.7087"	"0.0008"	"30"	""		"19648.54"	"54895.96"	"5d5.(4G).6s"	"5G"	"6"	""	"*"	"6"		""	"L153"	
"283.7260"	""	""	"3"	""		""	""	""	""	""	""	""	""		""	"L153"	
"283.7497"	"283.7499"	"0.0008"	"3"	""		"17701.18"	"52943.48"	"5d4.6s2"	"3F2"	"3"	""	"*"	"3"		""	"L153"	
"283.7552"	"283.7553"	"0.0008"	"1"	""		"23930.08"	"59171.71"	"5d5.(4D).6s"	"5D"	"3"	""	"*"	"4"		""	"L153"	
"283.8179"	"283.8178"	"0.0008"	"60"	"6.0e+06"	B	"1670.29"	"36904.16"	"5d4.6s2"	"5D"	"1"	""	"*"	"2"		"T6977"	"L153"	
"283.8603"	"283.8596"	"0.0008"	"40"	""		"18116.84"	"53345.52"	"5d5.(4G).6s"	"5G"	"2"	""	"*"	"3"		""	"L153"	
"283.9517"	"283.9514"	"0.0008"	"20"	""		"19826.04"	"55043.34"	"5d4.6s2"	"3G"	"5"	""	"*"	"4"		""	"L153"	
"283.9654"	"283.9646"	"0.0008"	"10"	""		"19827.68"	"55043.34"	"5d5.(4P).6s"	"5P"	"3"	""	"*"	"4"		""	"L153"	
"283.9729"	"283.9722"	"0.0008"	"20"	""		"15069.93"	"50284.64"	"5d4.6s2"	"3H"	"5"	""	"*"	"4"		""	"L153"	
"283.9955"	""	""	"5"	""		""	""	""	""	""	""	""	""		""	"L153"	
"284.0175"	"284.0171"	"0.0008"	"50"	""		"9528.06"	"44737.21"	"5d4.6s2"	"3P2"	"0"	""	"*"	"1"		""	"L153"	
"284.0939"	"284.0927"	"0.0008"	"15"	""		"12161.96"	"47361.74"	"5d4.6s2"	"3H"	"4"	""	"*"	"3"		""	"L153"	
"284.1057"	"284.1052"	"0.0008"	"15"	""		"12161.96"	"47360.19"	"5d4.6s2"	"3H"	"4"	""	"*"	"4"		""	"L153"	
"284.1573"	"284.1569"	"0.0008"	"10"	""		"20427.84"	"55619.66"	"5d5.(4P).6s"	"5P"	"1"	""	"*"	"2"		""	"L153"	
"284.1963"	""	""	"8"	""		""	""	""	""	""	""	""	""		""	"L153"	
"284.2180"	"284.2175"	"0.0008"	"5"	""		"17701.18"	"52885.50"	"5d4.6s2"	"3F2"	"3"	""	"*"	"2"		""	"L153"	
"284.2405"	"284.2403"	"0.0008"	"80r"	"1.73e+07"	B	"4830.00"	"40011.50"	"5d4.6s2"	"5D"	"3"	""	"*"	"2"		"T6977"	"L153"	
"284.2587"	""	""	"4"	""		""	""	""	""	""	""	""	""		""	"L153"	
"284.2679"	""	""	"2"	""		""	""	""	""	""	""	""	""		""	"L153"	
"284.3402"	"284.3396"	"0.0008"	"25"	""		"16431.31"	"51600.52"	"5d4.6s2"	"3G"	"4"	""	"*"	"3"		""	"L153"	
"284.3654"	"284.3647"	"0.0008"	"12"	""		"19253.56"	"54419.67"	"5d4.6s2"	"3P2"	"2"	""	"*"	"1"		""	"L153"	
"284.4616"	""	""	"30"	""		""	""	""	""	""	""	""	""		""	"L153"	
"284.5056"	"284.5048"	"0.0008"	"2"	""		"17107.01"	"52255.80"	"5d4.6s2"	"3F2"	"4"	""	"*"	"3"		""	"L153"	
"284.5414"	"284.5414"	"0.0008"	"5*"	""		"18974.51"	"54118.78"	"5d5.(4G).6s"	"5G"	"3"	""	"*"	"4"		""	"L153"	
"284.5414"	"284.5420"	"0.0008"	"5*"	""		"18082.83"	"53227.03"	"5d4.6s2"	"3D"	"1"	""	"*"	"1"		""	"L153"	
"284.5547"	"284.5543"	"0.0008"	"4"	""		"22476.68"	"57619.36"	"5d5.(4D).6s"	"5D"	"4"	""	"*"	"3"		""	"L153"	
"284.5758"	"284.5753"	"0.0008"	"50"	""		"28392.70"	"63532.78"	"5d5.(2I).6s"	"3I"	"6"	""	"*"	"6"		""	"L153"	
"284.6228"	""	""	"6"	""		""	""	""	""	""	""	""	""		""	"L153"	
"284.7283"	"284.7280"	"0.0008"	"10"	""		"19253.56"	"54374.80"	"5d4.6s2"	"3P2"	"2"	""	"*"	"1"		""	"L153"	
"284.8203"	"284.8196"	"0.0008"	"25"	""		"18280.48"	"53390.42"	"5d5.(6S).6s"	"5S"	"2"	""	"*"	"3"		""	"L153"	
"284.8573"	"284.8566"	"0.0008"	"5"	""		"17701.18"	"52806.56"	"5d4.6s2"	"3F2"	"3"	""	"*"	"3"		""	"L153"	
"284.8669"	""	""	"20"	""		""	""	""	""	""	""	""	""		""	"L153"	
"284.8859"	"284.8860"	"0.0008"	"180r"	""		"2951.29"	"38053.05"	"5d5.(6S).6s"	"7S"	"3"	""	"*"	"3"		""	"L153"	
"285.0170"	"285.0175"	"0.0008"	"8"	""		"19826.04"	"54911.61"	"5d4.6s2"	"3G"	"5"	""	"*"	"4"		""	"L153"	
"285.0232"	"285.0234"	"0.0008"	"8"	""		"19648.54"	"54733.38"	"5d5.(4G).6s"	"5G"	"6"	""	"*"	"6"		""	"L153"	
"285.0305"	"285.0308"	"0.0008"	"10"	""		"19827.68"	"54911.61"	"5d5.(4P).6s"	"5P"	"3"	""	"*"	"4"		""	"L153"	
"285.0397"	"285.0395"	"0.0008"	"12"	""		"13307.10"	"48389.96"	"5d4.6s2"	"3P2"	"1"	""	"*"	"1"		""	"L153"	
"285.0799"	"285.0798"	"0.0008"	"6"	""		"23484.78"	"58562.68"	"5d4.6s2"	"1I"	"6"	""	"*"	"5"		""	"L153"	
"285.1237"	"285.1229"	"0.0008"	"15"	""		"17008.50"	"52081.09"	"5d4.6s2"	"3H"	"6"	""	"*"	"5"		""	"L153"	
"285.1448"	"285.1446"	"0.0008"	"3"	""		"19826.04"	"54895.96"	"5d4.6s2"	"3G"	"5"	""	"*"	"6"		""	"L153"	
"285.1646"	"285.1634"	"0.0008"	"35"	""		"15069.93"	"50137.55"	"5d4.6s2"	"3H"	"5"	""	"*"	"5"		""	"L153"	
"285.1847"	"285.1843"	"0.0008"	"5"	""		"18280.48"	"53345.52"	"5d5.(6S).6s"	"5S"	"2"	""	"*"	"3"		""	"L153"	
"285.2294"	""	""	"3"	""		""	""	""	""	""	""	""	""		""	"L153"	
"285.2739"	"285.2737"	"0.0008"	"18"	""		"19256.24"	"54310.30"	"5d5.(4G).6s"	"5G"	"4"	""	"*"	"5"		""	"L153"	
"285.3088"	"285.3081"	"0.0008"	"6"	""		"2951.29"	"38001.12"	"5d5.(6S).6s"	"7S"	"3"	""	"*"	"4"		""	"L153"	
"285.3752"	"285.3740"	"0.0008"	"15"	""		"16431.31"	"51473.04"	"5d4.6s2"	"3G"	"4"	""	"*"	"4"		""	"L153"	
"285.3861"	""	""	"3"	""		""	""	""	""	""	""	""	""		""	"L153"	
"285.3981"	""	""	"8"	""		""	""	""	""	""	""	""	""		""	"L153"	
"285.4340"	"285.4327"	"0.0008"	"50"	""		"15460.01"	"50494.54"	"5d4.6s2"	"3D"	"3"	""	"*"	"2"		""	"L153"	
"285.4679"	"285.4671"	"0.0008"	"30"	""		"3325.53"	"38355.84"	"5d4.6s2"	"5D"	"2"	""	"*"	"1"		""	"L153"	
"285.5837"	"285.5820"	"0.0008"	"8"	""		"19253.56"	"54269.77"	"5d4.6s2"	"3P2"	"2"	""	"*"	"3"		""	"L153"	
"285.6193"	"285.6185"	"0.0008"	"25"	""		"13307.10"	"48318.84"	"5d4.6s2"	"3P2"	"1"	""	"*"	"2"		""	"L153"	
"285.6309"	"285.6298"	"0.0008"	"8"	""		"13777.71"	"48788.06"	"5d4.6s2"	"3F2"	"2"	""	"*"	"1"		""	"L153"	
"285.6869"	"285.6865"	"0.0008"	"150r"	""		"1670.29"	"36673.70"	"5d4.6s2"	"5D"	"1"	""	"*"	"2"		""	"L153"	
"285.7041"	""	""	"10"	""		""	""	""	""	""	""	""	""		""	"L153"	
"285.7559"	"285.7541"	"0.0008"	"6"	""		"22476.68"	"57471.80"	"5d5.(4D).6s"	"5D"	"4"	""	"*"	"4"		""	"L153"	
"285.7984"	"285.7972"	"0.0008"	"50"	""		"14976.18"	"49966.03"	"5d4.6s2"	"3D"	"2"	""	"*"	"3"		""	"L153"	
"285.8388"	"285.8387"	"0.0008"	"4"	""		"18974.51"	"53959.28"	"5d5.(4G).6s"	"5G"	"3"	""	"*"	"2"		""	"L153"	
"285.8881"	"285.8874"	"0.0008"	"60"	""		"6219.33"	"41198.14"	"5d4.6s2"	"5D"	"4"	""	"*"	"4"		""	"L153"	
"285.9270"	"285.9260"	"0.0008"	"25"	""		"17107.01"	"52081.09"	"5d4.6s2"	"3F2"	"4"	""	"*"	"5"		""	"L153"	
"285.9582"	"285.9579"	"0.0008"	"30"	""		"17008.50"	"51978.68"	"5d4.6s2"	"3H"	"6"	""	"*"	"6"		""	"L153"	
"286.0487"	"286.0480"	"0.0008"	"8"	""		"18082.83"	"53042.00"	"5d4.6s2"	"3D"	"1"	""	"*"	"1"		""	"L153"	
"286.0620"	"286.0615"	"0.0008"	"10"	""		"13307.10"	"48264.62"	"5d4.6s2"	"3P2"	"1"	""	"*"	"0"		""	"L153"	
"286.0710"	"286.0695"	"0.0008"	"10"	""		"20427.84"	"55384.38"	"5d5.(4P).6s"	"5P"	"1"	""	"*"	"1"		""	"L153"	
"286.1010"	"286.1004"	"0.0008"	"12"	""		"17107.01"	"52059.78"	"5d4.6s2"	"3F2"	"4"	""	"*"	"4"		""	"L153"	
"286.1156"	"286.1160"	"0.0008"	"1"	""		"22852.80"	"57803.66"	"5d4.6s2"	"1G2"	"4"	""	"*"	"4"		""	"L153"	
"286.1508"	"286.1513"	"0.0008"	"10"	""		"18280.48"	"53227.03"	"5d5.(6S).6s"	"5S"	"2"	""	"*"	"1"		""	"L153"	
"286.1576"	""	""	"7"	""		""	""	""	""	""	""	""	""		""	"L153"	
"286.1989"	"286.1994"	"0.0008"	"2"	""		"27213.82"	"62154.50"	"5d5.(2F1).6s"	"3F"	"4"	""	"*"	"5"		""	"L153"	
"286.2283"	"286.2279"	"0.0008"	"12"	""		"13307.10"	"48244.29"	"5d4.6s2"	"3P2"	"1"	""	"*"	"2"		""	"L153"	
"286.3273"	"286.3265"	"0.0008"	"10"	""		"18116.84"	"53042.00"	"5d5.(4G).6s"	"5G"	"2"	""	"*"	"1"		""	"L153"	
"286.3622"	"286.3615"	"0.0008"	"8"	""		"18082.83"	"53003.72"	"5d4.6s2"	"3D"	"1"	""	"*"	"2"		""	"L153"	
"286.3853"	"286.3850"	"0.0008"	"50"	""		"1670.29"	"36588.32"	"5d4.6s2"	"5D"	"1"	""	"*"	"0"		""	"L153"	
"286.4733"	"286.4727"	"0.0008"	"35"	""		"19826.04"	"54733.38"	"5d4.6s2"	"3G"	"5"	""	"*"	"6"		""	"L153"	
"286.5699"	"286.5680"	"0.0008"	"3"	""		"13348.56"	"48244.29"	"5d4.6s2"	"3G"	"3"	""	"*"	"2"		""	"L153"	
"286.6159"	"286.6154"	"0.0008"	"10"	""		"4830.00"	"39719.96"	"5d4.6s2"	"5D"	"3"	""	"*"	"4"		""	"L153"	
"286.6409"	"286.6407"	"0.0008"	"12"	""		"18116.84"	"53003.72"	"5d5.(4G).6s"	"5G"	"2"	""	"*"	"2"		""	"L153"	
"286.6903"	"286.6903"	"0.0008"	"200r"	""		"3325.53"	"38206.38"	"5d4.6s2"	"5D"	"2"	""	"*"	"3"		""	"L153"	
"286.7229"	"286.7217"	"0.0008"	"25"	""		"4830.00"	"39707.02"	"5d4.6s2"	"5D"	"3"	""	"*"	"2"		""	"L153"	
"286.7442"	"286.7456"	"0.0008"	"4"	""		"18974.51"	"53848.63"	"5d5.(4G).6s"	"5G"	"3"	""	"*"	"4"		""	"L153"	
"286.8406"	"286.8408"	"0.0008"	"20"	""		"19256.24"	"54118.78"	"5d5.(4G).6s"	"5G"	"4"	""	"*"	"4"		""	"L153"	
"286.8656"	"286.8665"	"0.0008"	"3"	""		"16431.31"	"51290.73"	"5d4.6s2"	"3G"	"4"	""	"*"	"5"		""	"L153"	
"286.9278"	"286.9268"	"0.0008"	"3"	""		"20983.02"	"55835.12"	"5d5.(4P).6s"	"5P"	"2"	""	"*"	"2"		""	"L153"	
"286.9638"	"286.9628"	"0.0008"	"8"	""		"23930.08"	"58777.80"	"5d5.(4D).6s"	"5D"	"3"	""	"*"	"4"		""	"L153"	
"286.9959"	"286.9954"	"0.0008"	"50"	""		"15460.01"	"50303.78"	"5d4.6s2"	"3D"	"3"	""	"*"	"3"		""	"L153"	
"287.0394"	"287.0382"	"0.0008"	"4"	""		"22476.68"	"57315.25"	"5d5.(4D).6s"	"5D"	"4"	""	"*"	"4"		""	"L153"	
"287.0467"	"287.0454"	"0.0008"	"10"	""		"27849.80"	"62687.50"	"5d5.(2I).6s"	"3I"	"5"	""	"*"	"6"		""	"L153"	
"287.0668"	"287.0663"	"0.0008"	"6"	""		"23455.02"	"58290.18"	"5d5.(4D).6s"	"5D"	"1"	""	"*"	"1"		""	"L153"	
"287.1259"	""	""	"5"	""		""	""	""	""	""	""	""	""		""	"L153"	
"287.1371"	"287.1365"	"0.0008"	"6"	""		"18116.84"	"52943.48"	"5d5.(4G).6s"	"5G"	"2"	""	"*"	"3"		""	"L153"	
"287.1473"	"287.1467"	"0.0008"	"4"	""		"9528.06"	"44353.46"	"5d4.6s2"	"3P2"	"0"	""	"*"	"1"		""	"L153"	
"287.1533"	"287.1531"	"0.0008"	"3"	""		"15460.01"	"50284.64"	"5d4.6s2"	"3D"	"3"	""	"*"	"4"		""	"L153"	
"287.1629"	""	""	"2"	""		""	""	""	""	""	""	""	""		""	"L153"	
"287.1698"	""	""	"4"	""		""	""	""	""	""	""	""	""		""	"L153"	
"287.1749"	"287.1749"	"0.0008"	"18"	""		"13348.56"	"48170.55"	"5d4.6s2"	"3G"	"3"	""	"*"	"3"		""	"L153"	
"287.2206"	"287.2209"	"0.0008"	"30"	"6.3e+06"	B	"4830.00"	"39646.41"	"5d4.6s2"	"5D"	"3"	""	"*"	"3"		"T6977"	"L153"	
"287.3348"	"287.3343"	"0.0008"	"12"	""		"18082.83"	"52885.50"	"5d4.6s2"	"3D"	"1"	""	"*"	"2"		""	"L153"	
"287.424"	""	""	"7"	""		""	""	""	""	""	""	""	""		""	"L153"	
"287.4486"	"287.4483"	"0.0008"	"2"	""		"24610.88"	"59399.74"	"5d4.6s2"	"1F"	"3"	""	"*"	"3"		""	"L153"	
"287.5262"	""	""	"6"	""		""	""	""	""	""	""	""	""		""	"L153"	
"287.5606"	"287.5605"	"0.0008"	"1"	""		"19535.01"	"54310.30"	"5d5.(4G).6s"	"5G"	"5"	""	"*"	"5"		""	"L153"	
"287.5689"	""	""	"3"	""		""	""	""	""	""	""	""	""		""	"L153"	
"287.6052"	"287.6052"	"0.0008"	"30"	"1.20e+07"	B	"12161.96"	"46931.84"	"5d4.6s2"	"3H"	"4"	""	"*"	"4"		"T6977"	"L153"	
"287.6158"	"287.6153"	"0.0008"	"5"	""		"18116.84"	"52885.50"	"5d5.(4G).6s"	"5G"	"2"	""	"*"	"2"		""	"L153"	
"287.6318"	"287.6306"	"0.0008"	"10*"	""		"20174.20"	"54941.01"	"5d4.6s2"	"1S2"	"0"	""	"*"	"1"		""	"L153"	
"287.6318"	"287.6327"	"0.0008"	"10*"	""		"22852.80"	"57619.36"	"5d4.6s2"	"1G2"	"4"	""	"*"	"3"		""	"L153c23"	
"287.6750"	"287.6744"	"0.0008"	"2"	""		"18280.48"	"53042.00"	"5d5.(6S).6s"	"5S"	"2"	""	"*"	"1"		""	"L153"	
"287.7778"	"287.7773"	"0.0008"	"20"	""		"17107.01"	"51856.10"	"5d4.6s2"	"3F2"	"4"	""	"*"	"4"		""	"L153"	
"287.8927"	"287.8919"	"0.0008"	"10"	""		"17701.18"	"52436.44"	"5d4.6s2"	"3F2"	"3"	""	"*"	"4"		""	"L153"	
"287.9566"	"287.9561"	"0.0008"	"50"	""		"3325.53"	"38053.05"	"5d4.6s2"	"5D"	"2"	""	"*"	"3"		""	"L153"	
"287.9727"	"287.9717"	"0.0008"	"1"	""		"23930.08"	"58655.72"	"5d5.(4D).6s"	"5D"	"3"	""	"*"	"2"		""	"L153"	
"287.9957"	"287.9953"	"0.0008"	"150r"	""		"2951.29"	"37674.08"	"5d5.(6S).6s"	"7S"	"3"	""	"*"	"3"		""	"L153"	
"288.0241"	"288.0240"	"0.0008"	"140r"	"2.46e+07"	B	"0.00"	"34719.33"	"5d4.6s2"	"5D"	"0"	""	"*"	"1"		"T6977"	"L153"	
"288.1194"	"288.1178"	"0.0008"	"2"	""		"22852.80"	"57560.83"	"5d4.6s2"	"1G2"	"4"	""	"*"	"5"		""	"L153"	
"288.1366"	"288.1369"	"0.0008"	"3"	""		"19253.56"	"53959.28"	"5d4.6s2"	"3P2"	"2"	""	"*"	"2"		""	"L153"	
"288.1479"	"288.1471"	"0.0008"	"25"	""		"6219.33"	"40923.83"	"5d4.6s2"	"5D"	"4"	""	"*"	"3"		""	"L153"	
"288.1925"	""	""	"4"	""		""	""	""	""	""	""	""	""		""	"L153"	
"288.2283"	"288.2272"	"0.0008"	"4*"	""		"18974.51"	"53669.36"	"5d5.(4G).6s"	"5G"	"3"	""	"*"	"2"		""	"L153"	
"288.2283"	"288.2293"	"0.0008"	"4*"	""		"23484.78"	"58179.38"	"5d4.6s2"	"1I"	"6"	""	"*"	"5"		""	"L153"	
"288.2451"	"288.2439"	"0.0008"	"80*"	""		"12161.96"	"46854.80"	"5d4.6s2"	"3H"	"4"	""	"*"	"5"		""	"L153"	
"288.2451"	"288.2455"	"0.0008"	"80*"	""		"6219.33"	"40911.98"	"5d4.6s2"	"5D"	"4"	""	"*"	"5"		""	"L153"	
"288.2692"	"288.2698"	"0.0008"	"2"	""		"18116.84"	"52806.56"	"5d5.(4G).6s"	"5G"	"2"	""	"*"	"3"		""	"L153"	
"288.3041"	""	""	"10"	""		""	""	""	""	""	""	""	""		""	"L153"	
"288.3998"	"288.3987"	"0.0008"	"3"	""		"27849.80"	"62524.02"	"5d5.(2I).6s"	"3I"	"5"	""	"*"	"6"		""	"L153"	
"288.4093"	"288.4095"	"0.0008"	"6"	""		"23982.80"	"58655.72"	"5d5.(4D).6s"	"5D"	"2"	""	"*"	"2"		""	"L153"	
"288.4213"	""	""	"3"	""		""	""	""	""	""	""	""	""		""	"L153"	
"288.4415"	""	""	"10"	""		""	""	""	""	""	""	""	""		""	"L153"	
"288.4930"	"288.4921"	"0.0008"	"3"	""		"18280.48"	"52943.48"	"5d5.(6S).6s"	"5S"	"2"	""	"*"	"3"		""	"L153"	
"288.5026"	"288.5024"	"0.0008"	"25"	""		"19648.54"	"54310.30"	"5d5.(4G).6s"	"5G"	"6"	""	"*"	"5"		""	"L153"	
"288.5079"	"288.5062"	"0.0008"	"2"	""		"23982.80"	"58644.10"	"5d5.(4D).6s"	"5D"	"2"	""	"*"	"3"		""	"L153"	
"288.5258"	"288.5254"	"0.0008"	"4"	""		"19253.56"	"53912.55"	"5d4.6s2"	"3P2"	"2"	""	"*"	"2"		""	"L153"	
"288.5487"	"288.5488"	"0.0008"	"15"	""		"20427.84"	"55084.02"	"5d5.(4P).6s"	"5P"	"1"	""	"*"	"2"		""	"L153"	
"288.5734"	""	""	"4"	""		""	""	""	""	""	""	""	""		""	"L153"	
"288.5904"	""	""	"5"	""		""	""	""	""	""	""	""	""		""	"L153"	
"288.6767"	"288.6764"	"0.0008"	"12"	""		"16431.31"	"51072.18"	"5d4.6s2"	"3G"	"4"	""	"*"	"3"		""	"L153"	
"288.7126"	"288.7116"	"0.0008"	"2"	""		"20983.02"	"55619.66"	"5d5.(4P).6s"	"5P"	"2"	""	"*"	"2"		""	"L153"	
"288.7492"	"288.7475"	"0.0008"	"6"	""		"24789.66"	"59422.00"	"5d4.6s2"	"1D2"	"2"	""	"*"	"2"		""	"L153"	
"288.8365"	"288.8362"	"0.0008"	"4"	""		"19253.56"	"53875.26"	"5d4.6s2"	"3P2"	"2"	""	"*"	"1"		""	"L153"	
"288.8509"	"288.8499"	"0.0008"	"20"	""		"13348.56"	"47968.62"	"5d4.6s2"	"3G"	"3"	""	"*"	"4"		""	"L153"	
"288.8590"	"288.8587"	"0.0008"	"2"	""		"22852.80"	"57471.80"	"5d4.6s2"	"1G2"	"4"	""	"*"	"4"		""	"L153"	
"288.9165"	"288.9151"	"0.0008"	"15"	""		"13777.71"	"48389.96"	"5d4.6s2"	"3F2"	"2"	""	"*"	"1"		""	"L153"	
"288.9635"	"288.9632"	"0.0008"	"6"	""		"19256.24"	"53862.72"	"5d5.(4G).6s"	"5G"	"4"	""	"*"	"5"		""	"L153"	
"288.9771"	"288.9770"	"0.0008"	"4"	""		"20427.84"	"55032.67"	"5d5.(4P).6s"	"5P"	"1"	""	"*"	"2"		""	"L153"	
"289.0815"	"289.0809"	"0.0008"	"25"	""		"19256.24"	"53848.63"	"5d5.(4G).6s"	"5G"	"4"	""	"*"	"4"		""	"L153"	
"289.1161"	""	""	"5w"	""		""	""	""	""	""	""	""	""		""	"L153"	
"289.1535"	"289.1530"	"0.0008"	"3"	""		"19535.01"	"54118.78"	"5d5.(4G).6s"	"5G"	"5"	""	"*"	"4"		""	"L153"	
"289.261"	"289.2619"	"0.0008"	"3"	""		"18082.83"	"52653.58"	"5d4.6s2"	"3D"	"1"	""	"*"	"2"		""	"L153"	
"289.2968"	"289.2967"	"0.0008"	"8"	""		"15069.93"	"49636.52"	"5d4.6s2"	"3H"	"5"	""	"*"	"4"		""	"L153"	
"289.3261"	"289.3264"	"0.0008"	"7"	""		"20983.02"	"55546.06"	"5d5.(4P).6s"	"5P"	"2"	""	"*"	"3"		""	"L153"	
"289.3456"	"289.3449"	"0.0008"	"12"	""		"24610.88"	"59171.71"	"5d4.6s2"	"1F"	"3"	""	"*"	"4"		""	"L153"	
"289.3972"	"289.3969"	"0.0008"	"25"	""		"17701.18"	"52255.80"	"5d4.6s2"	"3F2"	"3"	""	"*"	"3"		""	"L153"	
"289.4464"	"289.4465"	"0.0008"	"20"	""		"13777.71"	"48326.41"	"5d4.6s2"	"3F2"	"2"	""	"*"	"3"		""	"L153"	
"289.5105"	"289.5099"	"0.0008"	"20*"	""		"13777.71"	"48318.84"	"5d4.6s2"	"3F2"	"2"	""	"*"	"2"		""	"L153"	
"289.5105"	"289.5103"	"0.0008"	"20*"	""		"14976.18"	"49517.26"	"5d4.6s2"	"3D"	"2"	""	"*"	"2"		""	"L153"	
"289.5348"	"289.5348"	"0.0008"	"10"	""		"14976.18"	"49514.34"	"5d4.6s2"	"3D"	"2"	""	"*"	"3"		""	"L153"	
"289.5473"	"289.5467"	"0.0008"	"15"	""		"18116.84"	"52653.58"	"5d5.(4G).6s"	"5G"	"2"	""	"*"	"2"		""	"L153"	
"289.5992"	""	""	"3"	""		""	""	""	""	""	""	""	""		""	"L153"	
"289.6374"	"289.6361"	"0.0008"	"1"	""		"18280.48"	"52806.56"	"5d5.(6S).6s"	"5S"	"2"	""	"*"	"3"		""	"L153"	
"289.6858"	"289.6855"	"0.0008"	"150r"	"2.80e+07"	B	"1670.29"	"36190.49"	"5d4.6s2"	"5D"	"1"	""	"*"	"1"		"T6977"	"L153"	
"289.7291"	"289.7290"	"0.0008"	"400r"	"1.3e+08"	D	"2951.29"	"37466.30"	"5d5.(6S).6s"	"7S"	"3"	""	"*"	"2"		"T3498"	"L153"	
"289.7767"	""	""	"6"	""		""	""	""	""	""	""	""	""		""	"L153"	
"289.7911"	""	""	"1"	""		""	""	""	""	""	""	""	""		""	"L153"	
"289.8051"	"289.8045"	"0.0008"	"15"	""		"15460.01"	"49966.03"	"5d4.6s2"	"3D"	"3"	""	"*"	"3"		""	"L153"	
"289.8575"	"289.8591"	"0.0008"	"2"	""		"22852.80"	"57352.32"	"5d4.6s2"	"1G2"	"4"	""	"*"	"3"		""	"L153"	
"289.9097"	"289.9096"	"0.0008"	"20"	""		"17107.01"	"51600.52"	"5d4.6s2"	"3F2"	"4"	""	"*"	"3"		""	"L153"	
"289.9879"	"289.9874"	"0.0008"	"1"	""		"19826.04"	"54310.30"	"5d4.6s2"	"3G"	"5"	""	"*"	"5"		""	"L153"	
"290.0043"	""	""	"3"	""		""	""	""	""	""	""	""	""		""	"L153"	
"290.0573"	""	""	"8"	""		""	""	""	""	""	""	""	""		""	"L153"	
"290.1292"	"290.1282"	"0.0008"	"15"	""		"14976.18"	"49443.70"	"5d4.6s2"	"3D"	"2"	""	"*"	"1"		""	"L153"	
"290.1368"	"290.1361"	"0.0008"	"25"	""		"13777.71"	"48244.29"	"5d4.6s2"	"3F2"	"2"	""	"*"	"2"		""	"L153"	
"290.1662"	"290.1655"	"0.0008"	"15"	""		"12161.96"	"46625.05"	"5d4.6s2"	"3H"	"4"	""	"*"	"4"		""	"L153"	
"290.1716"	"290.1709"	"0.0008"	"8"	""		"22852.80"	"57315.25"	"5d4.6s2"	"1G2"	"4"	""	"*"	"4"		""	"L153"	
"290.2639"	"290.2636"	"0.0008"	"35"	""		"17701.18"	"52152.62"	"5d4.6s2"	"3F2"	"3"	""	"*"	"2"		""	"L153"	
"290.2890"	"290.2890"	"0.0008"	"15"	""		"3325.53"	"37773.96"	"5d4.6s2"	"5D"	"2"	""	"*"	"1"		""	"L153"	
"290.3051"	"290.3051"	"0.0008"	"30"	""		"6219.33"	"40665.85"	"5d4.6s2"	"5D"	"4"	""	"*"	"3"		""	"L153"	
"290.3279"	""	""	"5"	""		""	""	""	""	""	""	""	""		""	"L153"	
"290.3452"	"290.3455"	"0.0008"	"12"	""		"14976.18"	"49417.90"	"5d4.6s2"	"3D"	"2"	""	"*"	"3"		""	"L153"	
"290.4081"	"290.4074"	"0.0008"	"4"	""		"23484.78"	"57919.17"	"5d4.6s2"	"1I"	"6"	""	"*"	"6"		""	"L153"	
"290.5639"	"290.5633"	"0.0008"	"40*"	""		"18974.51"	"53390.42"	"5d5.(4G).6s"	"5G"	"3"	""	"*"	"3"		""	"L153"	
"290.5639"	"290.5642"	"0.0008"	"40*"	""		"19253.56"	"53669.36"	"5d4.6s2"	"3P2"	"2"	""	"*"	"2"		""	"L153"	
"290.6033"	""	""	"35"	""		""	""	""	""	""	""	""	""		""	"L153"	
"290.6396"	"290.6374"	"0.0008"	"2"	""		"20983.02"	"55390.16"	"5d5.(4P).6s"	"5P"	"2"	""	"*"	"2"		""	"L153"	
"290.6453"	"290.6446"	"0.0008"	"8"	""		"20983.02"	"55389.30"	"5d5.(4P).6s"	"5P"	"2"	""	"*"	"3"		""	"L153"	
"290.6873"	"290.6862"	"0.0008"	"2"	""		"20983.02"	"55384.38"	"5d5.(4P).6s"	"5P"	"2"	""	"*"	"1"		""	"L153"	
"290.6985"	"290.6973"	"0.0008"	"3"	""		"23930.08"	"58330.13"	"5d5.(4D).6s"	"5D"	"3"	""	"*"	"4"		""	"L153"	
"290.7427"	"290.7421"	"0.0008"	"20"	""		"18082.83"	"52477.57"	"5d4.6s2"	"3D"	"1"	""	"*"	"1"		""	"L153"	
"290.7585"	"290.7582"	"0.0008"	"15"	""		"13777.71"	"48170.55"	"5d4.6s2"	"3F2"	"2"	""	"*"	"3"		""	"L153"	
"290.8112"	"290.8112"	"0.0008"	"35"	""		"18116.84"	"52503.41"	"5d5.(4G).6s"	"5G"	"2"	""	"*"	"2"		""	"L153"	
"290.8512"	""	""	"8"	""		""	""	""	""	""	""	""	""		""	"L153"	
"290.8700"	""	""	"6"	""		""	""	""	""	""	""	""	""		""	"L153"	
"290.9118"	"290.9111"	"0.0008"	"20"	""		"16431.31"	"50806.07"	"5d4.6s2"	"3G"	"4"	""	"*"	"5"		""	"L153"	
"290.9255"	"290.9252"	"0.0008"	"30"	""		"18280.48"	"52653.58"	"5d5.(6S).6s"	"5S"	"2"	""	"*"	"2"		""	"L153"	
"290.9972"	"290.9975"	"0.0008"	"50"	"2.4e+07"	C	"9528.06"	"43892.62"	"5d4.6s2"	"3P2"	"0"	""	"*"	"1"		"T6977"	"L153"	
"291.0040"	"291.0044"	"0.0008"	"5"	""		"6219.33"	"40583.07"	"5d4.6s2"	"5D"	"4"	""	"*"	"4"		""	"L153"	
"291.0126"	"291.0115"	"0.0008"	"5"	""		"17701.18"	"52064.08"	"5d4.6s2"	"3F2"	"3"	""	"*"	"2"		""	"L153"	
"291.0312"	"291.0299"	"0.0008"	"6"	""		"18116.84"	"52477.57"	"5d5.(4G).6s"	"5G"	"2"	""	"*"	"1"		""	"L153"	
"291.0485"	"291.0479"	"0.0008"	"10"	""		"17701.18"	"52059.78"	"5d4.6s2"	"3F2"	"3"	""	"*"	"4"		""	"L153"	
"291.0782"	"291.0785"	"0.0008"	"3"	""		"22476.68"	"56831.67"	"5d5.(4D).6s"	"5D"	"4"	""	"*"	"4"		""	"L153"	
"291.1335"	"291.1331"	"0.0008"	"100"	""		"3325.53"	"37674.08"	"5d4.6s2"	"5D"	"2"	""	"*"	"3"		""	"L153"	
"291.1459"	""	""	"3"	""		""	""	""	""	""	""	""	""		""	"L153"	
"291.1687"	"291.1682"	"0.0008"	"6"	""		"12161.96"	"46506.37"	"5d4.6s2"	"3H"	"4"	""	"*"	"5"		""	"L153"	
"291.1850"	"291.1849"	"0.0008"	"100"	"7.2e+06"	B	"0.00"	"34342.44"	"5d4.6s2"	"5D"	"0"	""	"*"	"1"		"T6977"	"L153"	
"291.1995"	"291.1991"	"0.0008"	"10"	""		"13348.56"	"47689.33"	"5d4.6s2"	"3G"	"3"	""	"*"	"4"		""	"L153"	
"291.2887"	""	""	"3"	""		""	""	""	""	""	""	""	""		""	"L153"	
"291.3040"	"291.3026"	"0.0008"	"4"	""		"15460.01"	"49788.58"	"5d4.6s2"	"3D"	"3"	""	"*"	"4"		""	"L153"	
"291.3104"	"291.3098"	"0.0008"	"10"	""		"19535.01"	"53862.72"	"5d5.(4G).6s"	"5G"	"5"	""	"*"	"5"		""	"L153"	
"291.3609"	"291.3610"	"0.0008"	"15"	""		"27213.82"	"61535.50"	"5d5.(2F1).6s"	"3F"	"4"	""	"*"	"4"		""	"L153"	
"291.4265"	"291.4254"	"0.0008"	"3"	""		"17701.18"	"52015.28"	"5d4.6s2"	"3F2"	"3"	""	"*"	"3"		""	"L153"	
"291.4826"	"291.4825"	"0.0008"	"7"	""		"23982.80"	"58290.18"	"5d5.(4D).6s"	"5D"	"2"	""	"*"	"1"		""	"L153"	
"291.5057"	"291.5052"	"0.0008"	"6"	""		"27849.80"	"62154.50"	"5d5.(2I).6s"	"3I"	"5"	""	"*"	"5"		""	"L153"	
"291.5894"	"291.5894"	"0.0008"	"10"	""		"28392.70"	"62687.50"	"5d5.(2I).6s"	"3I"	"6"	""	"*"	"6"		""	"L153"	
"291.5972"	"291.5964"	"0.0008"	"12"	""		"14976.18"	"49270.16"	"5d4.6s2"	"3D"	"2"	""	"*"	"2"		""	"L153"	
"291.6064"	"291.6069"	"0.0008"	"5"	""		"19826.04"	"54118.78"	"5d4.6s2"	"3G"	"5"	""	"*"	"4"		""	"L153"	
"291.6210"	"291.6209"	"0.0008"	"5"	""		"19827.68"	"54118.78"	"5d5.(4P).6s"	"5P"	"3"	""	"*"	"4"		""	"L153"	
"291.6249"	"291.6244"	"0.0008"	"1"	""		"22852.80"	"57143.48"	"5d4.6s2"	"1G2"	"4"	""	"*"	"5"		""	"L153"	
"291.6441"	"291.6437"	"0.0008"	"50"	""		"17008.50"	"51296.92"	"5d4.6s2"	"3H"	"6"	""	"*"	"7"		""	"L153"	
"291.6962"	"291.6963"	"0.0008"	"15"	""		"17008.50"	"51290.73"	"5d4.6s2"	"3H"	"6"	""	"*"	"5"		""	"L153"	
"291.7242"	"291.7240"	"0.0008"	"7"	""		"22852.80"	"57131.78"	"5d4.6s2"	"1G2"	"4"	""	"*"	"3"		""	"L153"	
"291.8149"	""	""	"20"	""		""	""	""	""	""	""	""	""		""	"L153"	
"291.8522"	"291.8524"	"0.0008"	"20"	""		"18974.51"	"53238.41"	"5d5.(4G).6s"	"5G"	"3"	""	"*"	"4"		""	"L153"	
"291.8622"	"291.8619"	"0.0008"	"10"	""		"27213.82"	"61476.60"	"5d5.(2F1).6s"	"3F"	"4"	""	"*"	"5"		""	"L153"	
"291.9108"	"291.9104"	"0.0008"	"100"	""		"6219.33"	"40476.42"	"5d4.6s2"	"5D"	"4"	""	"*"	"5"		""	"L153"	
"291.9273"	""	""	"4"	""		""	""	""	""	""	""	""	""		""	"L153"	
"292.0143"	"292.0145"	"0.0008"	"30"	""		"13348.56"	"47593.44"	"5d4.6s2"	"3G"	"3"	""	"*"	"3"		""	"L153"	
"292.0540"	"292.0522"	"0.0008"	"6"	""		"22476.68"	"56717.13"	"5d5.(4D).6s"	"5D"	"4"	""	"*"	"3"		""	"L153"	
"292.0604"	"292.0599"	"0.0008"	"6"	""		"15460.01"	"49699.56"	"5d4.6s2"	"3D"	"3"	""	"*"	"2"		""	"L153"	
"292.0704"	"292.0730"	"0.0008"	"3"	""		"24610.88"	"58848.90"	"5d4.6s2"	"1F"	"3"	""	"*"	"4"		""	"L153"	
"292.1236"	""	""	"4"	""		""	""	""	""	""	""	""	""		""	"L153"	
"292.199"	"292.1969"	"0.0008"	"20*"	""		"12161.96"	"46385.46"	"5d4.6s2"	"3H"	"4"	""	"*"	"3"		""	"L153"	
"292.199"	"292.1994"	"0.0008"	"20*"	""		"23982.80"	"58206.00"	"5d5.(4D).6s"	"5D"	"2"	""	"*"	"3"		""	"L153"	
"292.203"	"292.2017"	"0.0008"	"20"	""		"18280.48"	"52503.41"	"5d5.(6S).6s"	"5S"	"2"	""	"*"	"2"		""	"L153"	
"292.2488"	"292.2479"	"0.0008"	"4"	""		"23484.78"	"57702.30"	"5d4.6s2"	"1I"	"6"	""	"*"	"6"		""	"L153"	
"292.2763"	"292.2765"	"0.0008"	"10"	""		"19648.54"	"53862.72"	"5d5.(4G).6s"	"5G"	"6"	""	"*"	"5"		""	"L153"	
"292.3959"	"292.3955"	"0.0008"	"150"	"7.7e+06"	B	"4830.00"	"39030.25"	"5d4.6s2"	"5D"	"3"	""	"*"	"2"		"T6977"	"L153"	
"292.4238"	"292.4225"	"0.0008"	"5"	""		"18280.48"	"52477.57"	"5d5.(6S).6s"	"5S"	"2"	""	"*"	"1"		""	"L153"	
"292.4395"	"292.4398"	"0.0008"	"60"	"1.54e+06"	C	"2951.29"	"37146.36"	"5d5.(6S).6s"	"7S"	"3"	""	"*"	"4"		"T4976"	"L153"	
"292.4894"	""	""	"4"	""		""	""	""	""	""	""	""	""		""	"L153"	
"292.5371"	"292.5369"	"0.0008"	"2"	""		"17107.01"	"51290.73"	"5d4.6s2"	"3F2"	"4"	""	"*"	"5"		""	"L153"	
"292.5520"	""	""	"3"	""		""	""	""	""	""	""	""	""		""	"L153"	
"292.5990"	"292.5986"	"0.0008"	"40"	""		"15460.01"	"49636.52"	"5d4.6s2"	"3D"	"3"	""	"*"	"4"		""	"L153"	
"292.6061"	"292.6051"	"0.0008"	"10"	""		"14976.18"	"49151.94"	"5d4.6s2"	"3D"	"2"	""	"*"	"2"		""	"L153"	
"292.6819"	"292.6808"	"0.0008"	"4"	""		"24610.88"	"58777.80"	"5d4.6s2"	"1F"	"3"	""	"*"	"4"		""	"L153"	
"292.7292"	"292.7272"	"0.0008"	"8"	""		"23930.08"	"58091.58"	"5d5.(4D).6s"	"5D"	"3"	""	"*"	"3"		""	"L153"	
"292.7518"	""	""	"3"	""		""	""	""	""	""	""	""	""		""	"L153"	
"292.7847"	"292.7836"	"0.0008"	"40"	""		"17701.18"	"51856.10"	"5d4.6s2"	"3F2"	"3"	""	"*"	"4"		""	"L153"	
"292.8235"	"292.8235"	"0.0008"	"3"	""		"18082.83"	"52233.10"	"5d4.6s2"	"3D"	"1"	""	"*"	"0"		""	"L153"	
"292.8395"	""	""	"10"	""		""	""	""	""	""	""	""	""		""	"L153"	
"292.8669"	""	""	"3"	""		""	""	""	""	""	""	""	""		""	"L153"	
"292.8789"	"292.8791"	"0.0008"	"20"	""		"18974.51"	"53118.29"	"5d5.(4G).6s"	"5G"	"3"	""	"*"	"4"		""	"L153"	
"292.9051"	"292.9049"	"0.0008"	"50"	""		"3325.53"	"37466.30"	"5d4.6s2"	"5D"	"2"	""	"*"	"2"		""	"L153"	
"292.9205"	"292.9205"	"0.0008"	"2"	""		"18116.84"	"52255.80"	"5d5.(4G).6s"	"5G"	"2"	""	"*"	"3"		""	"L153"	
"292.9393"	"292.9385"	"0.0008"	"5"	""		"19253.56"	"53390.42"	"5d4.6s2"	"3P2"	"2"	""	"*"	"3"		""	"L153"	
"292.9519"	"292.9508"	"0.0008"	"30*"	""		"13307.10"	"47442.53"	"5d4.6s2"	"3P2"	"1"	""	"*"	"2"		""	"L153"	
"292.9519"	"292.9534"	"0.0008"	"30*"	""		"13348.56"	"47483.68"	"5d4.6s2"	"3G"	"3"	""	"*"	"3"		""	"L153"	
"292.9619"	"292.9615"	"0.0008"	"2"	""		"19256.24"	"53390.42"	"5d5.(4G).6s"	"5G"	"4"	""	"*"	"3"		""	"L153"	
"292.9843"	"292.9836"	"0.0008"	"20"	""		"19827.68"	"53959.28"	"5d5.(4P).6s"	"5P"	"3"	""	"*"	"2"		""	"L153"	
"293.1011"	"293.1005"	"0.0008"	"40"	""		"15069.93"	"49187.92"	"5d4.6s2"	"3H"	"5"	""	"*"	"5"		""	"L153"	
"293.1788"	"293.1796"	"0.0008"	"3"	""		"23982.80"	"58091.58"	"5d5.(4D).6s"	"5D"	"2"	""	"*"	"3"		""	"L153"	
"293.2902"	"293.2899"	"0.0008"	"12"	""		"14976.18"	"49072.14"	"5d4.6s2"	"3D"	"2"	""	"*"	"3"		""	"L153"	
"293.3073"	"293.3070"	"0.0008"	"10"	""		"13348.56"	"47442.53"	"5d4.6s2"	"3G"	"3"	""	"*"	"2"		""	"L153"	
"293.3527"	""	""	"6"	""		""	""	""	""	""	""	""	""		""	"L153"	
"293.3852"	"293.3853"	"0.0008"	"8"	""		"19827.68"	"53912.55"	"5d5.(4P).6s"	"5P"	"3"	""	"*"	"2"		""	"L153"	
"293.4450"	"293.4443"	"0.0008"	"2"	""		"15069.93"	"49147.95"	"5d4.6s2"	"3H"	"5"	""	"*"	"4"		""	"L153"	
"293.4627"	"293.4612"	"0.0008"	"2"	""		"23484.78"	"57560.83"	"5d4.6s2"	"1I"	"6"	""	"*"	"5"		""	"L153"	
"293.4987"	"293.4978"	"0.0008"	"7"	""		"29460.98"	"63532.78"	"5d5.(2I).6s"	"3I"	"7"	""	"*"	"6"		""	"L153"	
"293.5155"	"293.5152"	"0.0008"	"2"	""		"18082.83"	"52152.62"	"5d4.6s2"	"3D"	"1"	""	"*"	"2"		""	"L153"	
"293.5854"	"293.5851"	"0.0008"	"250r"	"1.5e+07"	C	"1670.29"	"35731.96"	"5d4.6s2"	"5D"	"1"	""	"*"	"2"		"T4976"	"L153"	
"293.6217"	"293.6232"	"0.0008"	"8"	""		"15460.01"	"49517.26"	"5d4.6s2"	"3D"	"3"	""	"*"	"2"		""	"L153"	
"293.6488"	"293.6484"	"0.0008"	"30"	""		"15460.01"	"49514.34"	"5d4.6s2"	"3D"	"3"	""	"*"	"3"		""	"L153"	
"293.6868"	"293.6856"	"0.0008"	"50*"	""		"6219.33"	"40269.35"	"5d4.6s2"	"5D"	"4"	""	"*"	"3"		""	"L153"	
"293.6868"	"293.6888"	"0.0008"	"50*"	""		"20983.02"	"55032.67"	"5d5.(4P).6s"	"5P"	"2"	""	"*"	"2"		""	"L153"	
"293.7327"	""	""	"4"	""		""	""	""	""	""	""	""	""		""	"L153"	
"293.752"	"293.7528"	"0.0008"	"40"	""		"13777.71"	"47819.94"	"5d4.6s2"	"3F2"	"2"	""	"*"	"1"		""	"L153"	
"293.8001"	"293.8007"	"0.0008"	"60"	""		"19826.04"	"53862.72"	"5d4.6s2"	"3G"	"5"	""	"*"	"5"		""	"L153"	
"293.806"	"293.8085"	"0.0008"	"8"	""		"18116.84"	"52152.62"	"5d5.(4G).6s"	"5G"	"2"	""	"*"	"2"		""	"L153"	
"293.8323"	"293.8306"	"0.0008"	"2"	""		"24610.88"	"58644.10"	"5d4.6s2"	"1F"	"3"	""	"*"	"3"		""	"L153"	
"293.8465"	"293.8466"	"0.0008"	"10"	""		"19253.56"	"53284.92"	"5d4.6s2"	"3P2"	"2"	""	"*"	"2"		""	"L153"	
"293.8536"	"293.8524"	"0.0008"	"8"	""		"13307.10"	"47337.79"	"5d4.6s2"	"3P2"	"1"	""	"*"	"2"		""	"L153"	
"293.8633"	"293.8652"	"0.0008"	"2"	""		"18974.51"	"53003.72"	"5d5.(4G).6s"	"5G"	"3"	""	"*"	"2"		""	"L153"	
"293.8963"	"293.8979"	"0.0008"	"2"	""		"22476.68"	"56502.10"	"5d5.(4D).6s"	"5D"	"4"	""	"*"	"4"		""	"L153"	
"293.9223"	"293.9224"	"0.0008"	"3"	""		"19826.04"	"53848.63"	"5d4.6s2"	"3G"	"5"	""	"*"	"4"		""	"L153"	
"293.9365"	"293.9365"	"0.0008"	"20"	""		"19827.68"	"53848.63"	"5d5.(4P).6s"	"5P"	"3"	""	"*"	"4"		""	"L153"	
"293.9605"	"293.9605"	"0.0008"	"6"	""		"18974.51"	"52992.69"	"5d5.(4G).6s"	"5G"	"3"	""	"*"	"4"		""	"L153"	
"293.9906"	"293.9911"	"0.0008"	"30r"	"4.9e+06"	B	"6219.33"	"40233.97"	"5d4.6s2"	"5D"	"4"	""	"*"	"4"		"T6977"	"L153"	
"294.0040"	"294.0037"	"0.0008"	"15"	""		"13348.56"	"47361.74"	"5d4.6s2"	"3G"	"3"	""	"*"	"3"		""	"L153"	
"294.0178"	"294.0171"	"0.0008"	"6"	""		"13348.56"	"47360.19"	"5d4.6s2"	"3G"	"3"	""	"*"	"4"		""	"L153"	
"294.040"	""	""	"4w"	""		""	""	""	""	""	""	""	""		""	"L153"	
"294.1814"	"294.1811"	"0.0008"	"12"	""		"17701.18"	"51693.85"	"5d4.6s2"	"3F2"	"3"	""	"*"	"2"		""	"L153"	
"294.1883"	"294.1883"	"0.0008"	"3"	""		"20427.84"	"54419.67"	"5d5.(4P).6s"	"5P"	"1"	""	"*"	"1"		""	"L153"	
"294.2106"	"294.2108"	"0.0008"	"30"	""		"13348.56"	"47337.79"	"5d4.6s2"	"3G"	"3"	""	"*"	"2"		""	"L153"	
"294.2525"	"294.2514"	"0.0008"	"4"	""		"24610.88"	"58595.42"	"5d4.6s2"	"1F"	"3"	""	"*"	"2"		""	"L153"	
"294.2714"	"294.2720"	"0.0008"	"1"	""		"19256.24"	"53238.41"	"5d5.(4G).6s"	"5G"	"4"	""	"*"	"4"		""	"L153"	
"294.2798"	"294.2799"	"0.0008"	"1"	""		"18082.83"	"52064.08"	"5d4.6s2"	"3D"	"1"	""	"*"	"2"		""	"L153"	
"294.2988"	"294.3005"	"0.0008"	"12"	""		"22852.80"	"56831.67"	"5d4.6s2"	"1G2"	"4"	""	"*"	"4"		""	"L153"	
"294.3312"	"294.3313"	"0.0008"	"25"	""		"18280.48"	"52255.80"	"5d5.(6S).6s"	"5S"	"2"	""	"*"	"3"		""	"L153"	
"294.3478"	"294.3473"	"0.0008"	"3"	""		"19253.56"	"53227.03"	"5d4.6s2"	"3P2"	"2"	""	"*"	"1"		""	"L153"	
"294.3866"	"294.3863"	"0.0008"	"4"	""		"18974.51"	"52943.48"	"5d5.(4G).6s"	"5G"	"3"	""	"*"	"3"		""	"L153"	
"294.4187"	"294.4193"	"0.0008"	"20"	""		"17107.01"	"51072.18"	"5d4.6s2"	"3F2"	"4"	""	"*"	"3"		""	"L153"	
"294.4827"	"294.4824"	"0.0008"	"12"	""		"15460.01"	"49417.90"	"5d4.6s2"	"3D"	"3"	""	"*"	"3"		""	"L153"	
"294.5259"	"294.5259"	"0.0008"	"300r"	"1.08e+08"	B	"2951.29"	"36904.16"	"5d5.(6S).6s"	"7S"	"3"	""	"*"	"2"		"T6977"	"L153"	
"294.5645"	"294.5643"	"0.0008"	"1"	""		"13307.10"	"47255.55"	"5d4.6s2"	"3P2"	"1"	""	"*"	"1"		""	"L153"	
"294.5777"	"294.5772"	"0.0008"	"7"	""		"20427.84"	"54374.80"	"5d5.(4P).6s"	"5P"	"1"	""	"*"	"1"		""	"L153"	
"294.5925"	""	""	"3"	""		""	""	""	""	""	""	""	""		""	"L153"	
"294.6085"	"294.6084"	"0.0008"	"6"	""		"17008.50"	"50951.86"	"5d4.6s2"	"3H"	"6"	""	"*"	"6"		""	"L153"	
"294.6552"	"294.6549"	"0.0008"	"8"	""		"19256.24"	"53194.25"	"5d5.(4G).6s"	"5G"	"4"	""	"*"	"5"		""	"L153"	
"294.7205"	""	""	"8"	""		""	""	""	""	""	""	""	""		""	"L153"	
"294.7383"	""	""	"20"	""		""	""	""	""	""	""	""	""		""	"L153"	
"294.7643"	""	""	"5"	""		""	""	""	""	""	""	""	""		""	"L153"	
"294.7850"	"294.7846"	"0.0008"	"300r"	"8.2e+07"	B	"2951.29"	"36874.36"	"5d5.(6S).6s"	"7S"	"3"	""	"*"	"3"		"T6977"	"L153"	
"294.8250"	"294.8249"	"0.0008"	"150r"	""		"4830.00"	"38748.44"	"5d4.6s2"	"5D"	"3"	""	"*"	"4"		""	"L153"	
"294.9332"	"294.9325"	"0.0008"	"5"	""		"12161.96"	"46068.02"	"5d4.6s2"	"3H"	"4"	""	"*"	"3"		""	"L153"	
"294.9522"	""	""	"6"	""		""	""	""	""	""	""	""	""		""	"L153"	
"294.9783"	""	""	"5"	""		""	""	""	""	""	""	""	""		""	"L153"	
"294.9984"	"294.9988"	"0.0008"	"15"	""		"18116.84"	"52015.28"	"5d5.(4G).6s"	"5G"	"2"	""	"*"	"3"		""	"L153"	
"295.1565"	""	""	"15w"	""		""	""	""	""	""	""	""	""		""	"L153"	
"295.1938"	"295.1931"	"0.0008"	"5"	""		"20983.02"	"54859.15"	"5d5.(4P).6s"	"5P"	"2"	""	"*"	"2"		""	"L153"	
"295.2089"	""	""	"4"	""		""	""	""	""	""	""	""	""		""	"L153"	
"295.2279"	"295.2279"	"0.0008"	"10"	""		"18280.48"	"52152.62"	"5d5.(6S).6s"	"5S"	"2"	""	"*"	"2"		""	"L153"	
"295.2658"	"295.2657"	"0.0008"	"20"	""		"20427.84"	"54295.64"	"5d5.(4P).6s"	"5P"	"1"	""	"*"	"0"		""	"L153"	
"295.2813"	"295.2809"	"0.0008"	"1"	""		"24789.66"	"58655.72"	"5d4.6s2"	"1D2"	"2"	""	"*"	"2"		""	"L153"	
"295.2954"	"295.2960"	"0.0008"	"1"	""		"22852.80"	"56717.13"	"5d4.6s2"	"1G2"	"4"	""	"*"	"3"		""	"L153"	
"295.3125"	"295.3158"	"0.0008"	"75"	""		"19256.24"	"53118.29"	"5d5.(4G).6s"	"5G"	"4"	""	"*"	"4"		""	"L153"	
"295.3743"	"295.3746"	"0.0008"	"5"	""		"22476.68"	"56332.00"	"5d5.(4D).6s"	"5D"	"4"	""	"*"	"3"		""	"L153"	
"295.3837"	"295.3822"	"0.0008"	"4"	""		"24789.66"	"58644.10"	"5d4.6s2"	"1D2"	"2"	""	"*"	"3"		""	"L153"	
"295.4651"	""	""	"4"	""		""	""	""	""	""	""	""	""		""	"L153"	
"295.4933"	"295.4936"	"0.0008"	"4"	""		"19827.68"	"53669.36"	"5d5.(4P).6s"	"5P"	"3"	""	"*"	"2"		""	"L153"	
"295.5125"	""	""	"4"	""		""	""	""	""	""	""	""	""		""	"L153"	
"295.5767"	"295.5777"	"0.0008"	"35"	""		"18974.51"	"52806.56"	"5d5.(4G).6s"	"5G"	"3"	""	"*"	"3"		""	"L153"	
"295.6774"	""	""	"6"	""		""	""	""	""	""	""	""	""		""	"L153"	
"295.6940"	""	""	"4"	""		""	""	""	""	""	""	""	""		""	"L153"	
"295.7202"	"295.7204"	"0.0008"	"2"	""		"13777.71"	"47593.44"	"5d4.6s2"	"3F2"	"2"	""	"*"	"3"		""	"L153"	
"295.753"	"295.7540"	"0.0008"	"20"	""		"14976.18"	"48788.06"	"5d4.6s2"	"3D"	"2"	""	"*"	"1"		""	"L153"	
"295.7686"	"295.7692"	"0.0008"	"12"	""		"15460.01"	"49270.16"	"5d4.6s2"	"3D"	"3"	""	"*"	"2"		""	"L153"	
"295.8365"	"295.8365"	"0.0008"	"25"	""		"17107.01"	"50909.47"	"5d4.6s2"	"3F2"	"4"	""	"*"	"4"		""	"L153"	
"295.8791"	"295.8793"	"0.0008"	"20"	""		"17008.50"	"50806.07"	"5d4.6s2"	"3H"	"6"	""	"*"	"5"		""	"L153"	
"295.959"	"295.9592"	"0.0008"	"12"	""		"19253.56"	"53042.00"	"5d4.6s2"	"3P2"	"2"	""	"*"	"1"		""	"L153"	
"295.9710"	"295.9709"	"0.0008"	"10"	""		"17107.01"	"50894.12"	"5d4.6s2"	"3F2"	"4"	""	"*"	"3"		""	"L153"	
"296.026"	""	""	"3"	""		""	""	""	""	""	""	""	""		""	"L153"	
"296.0429"	"296.0422"	"0.0008"	"6"	""		"22476.68"	"56255.65"	"5d5.(4D).6s"	"5D"	"4"	""	"*"	"4"		""	"L153"	
"296.0606"	""	""	"3"	""		""	""	""	""	""	""	""	""		""	"L153"	
"296.1011"	"296.1007"	"0.0008"	"60"	""		"13307.10"	"47079.40"	"5d4.6s2"	"3P2"	"1"	""	"*"	"2"		""	"L153"	
"296.2577"	"296.2578"	"0.0008"	"15"	""		"16431.31"	"50185.70"	"5d4.6s2"	"3G"	"4"	""	"*"	"3"		""	"L153"	
"296.2987"	"296.2993"	"0.0008"	"2"	""		"23982.80"	"57732.46"	"5d5.(4D).6s"	"5D"	"2"	""	"*"	"3"		""	"L153"	
"296.3071"	""	""	"3"	""		""	""	""	""	""	""	""	""		""	"L153"	
"296.3478"	""	""	"3"	""		""	""	""	""	""	""	""	""		""	"L153"	
"296.4149"	"296.4153"	"0.0008"	"2"	""		"19256.24"	"52992.69"	"5d5.(4G).6s"	"5G"	"4"	""	"*"	"4"		""	"L153"	
"296.4298"	"296.4298"	"0.0008"	"8"	""		"18280.48"	"52015.28"	"5d5.(6S).6s"	"5S"	"2"	""	"*"	"3"		""	"L153"	
"296.4486"	""	""	"3"	""		""	""	""	""	""	""	""	""		""	"L153"	
"296.4648"	"296.4646"	"0.0008"	"10"	""		"13348.56"	"47079.40"	"5d4.6s2"	"3G"	"3"	""	"*"	"2"		""	"L153"	
"296.5386"	"296.5387"	"0.0008"	"150"	""		"2951.29"	"36673.70"	"5d5.(6S).6s"	"7S"	"3"	""	"*"	"2"		""	"L153"	
"296.6726"	"296.6730"	"0.0008"	"12"	""		"12161.96"	"45869.10"	"5d4.6s2"	"3H"	"4"	""	"*"	"4"		""	"L153"	
"296.6847"	"296.6833"	"0.0008"	"12*"	""		"13777.71"	"47483.68"	"5d4.6s2"	"3F2"	"2"	""	"*"	"3"		""	"L153"	
"296.6847"	"296.6868"	"0.0008"	"12*"	""		"24610.88"	"58316.46"	"5d4.6s2"	"1F"	"3"	""	"*"	"4"		""	"L153"	
"296.7063"	"296.7060"	"0.0008"	"4"	""		"19535.01"	"53238.41"	"5d5.(4G).6s"	"5G"	"5"	""	"*"	"4"		""	"L153"	
"296.7283"	"296.7266"	"0.0008"	"4"	""		"20174.20"	"53875.26"	"5d4.6s2"	"1S2"	"0"	""	"*"	"1"		""	"L153"	
"296.7441"	"296.7442"	"0.0008"	"35"	""		"17107.01"	"50806.07"	"5d4.6s2"	"3F2"	"4"	""	"*"	"5"		""	"L153"	
"296.7545"	"296.7540"	"0.0008"	"5*"	""		"22476.68"	"56174.63"	"5d5.(4D).6s"	"5D"	"4"	""	"*"	"4"		""	"L153"	
"296.7545"	"296.7547"	"0.0008"	"5*"	""		"24789.66"	"58487.52"	"5d4.6s2"	"1D2"	"2"	""	"*"	"3"		""	"L153"	
"296.7939"	"296.7938"	"0.0008"	"40*"	""		"17107.01"	"50800.44"	"5d4.6s2"	"3F2"	"4"	""	"*"	"3"		""	"L153"	
"296.7939"	"296.7939"	"0.0008"	"40*"	""		"19535.01"	"53228.42"	"5d5.(4G).6s"	"5G"	"5"	""	"*"	"6"		""	"L153"	
"296.8305"	"296.8303"	"0.0008"	"8c*"	""		"23930.08"	"57619.36"	"5d5.(4D).6s"	"5D"	"3"	""	"*"	"3"		""	"L153"	
"296.8305"	"296.8304"	"0.0008"	"8c*"	""		"9528.06"	"43217.33"	"5d4.6s2"	"3P2"	"0"	""	"*"	"1"		""	"L153"	
"296.8421"	"296.8421"	"0.0008"	"35"	""		"15460.01"	"49147.95"	"5d4.6s2"	"3D"	"3"	""	"*"	"4"		""	"L153"	
"296.9073"	"296.9067"	"0.0008"	"10"	""		"18082.83"	"51763.44"	"5d4.6s2"	"3D"	"1"	""	"*"	"1"		""	"L153"	
"296.9225"	"296.9203"	"0.0008"	"6"	""		"18974.51"	"52653.58"	"5d5.(4G).6s"	"5G"	"3"	""	"*"	"2"		""	"L153"	
"296.9655"	""	""	"10"	""		""	""	""	""	""	""	""	""		""	"L153"	
"297.0485"	"297.0460"	"0.0008"	"60c*"	""		"13777.71"	"47442.53"	"5d4.6s2"	"3F2"	"2"	""	"*"	"2"		""	"L153"	
"297.0485"	"297.0515"	"0.0008"	"60c*"	""		"23484.78"	"57148.98"	"5d4.6s2"	"1I"	"6"	""	"*"	"6"		""	"L153"	
"297.1058"	""	""	"3"	""		""	""	""	""	""	""	""	""		""	"L153"	
"297.1844"	"297.1830"	"0.0008"	"5"	""		"22852.80"	"56502.10"	"5d4.6s2"	"1G2"	"4"	""	"*"	"4"		""	"L153"	
"297.2070"	"297.2069"	"0.0008"	"10"	""		"18116.84"	"51763.44"	"5d5.(4G).6s"	"5G"	"2"	""	"*"	"1"		""	"L153"	
"297.2350"	""	""	"3"	""		""	""	""	""	""	""	""	""		""	"L153"	
"297.2543"	"297.2539"	"0.0008"	"40"	""		"1670.29"	"35311.56"	"5d4.6s2"	"5D"	"1"	""	"*"	"2"		""	"L153"	
"297.3366"	"297.3364"	"0.0008"	"25"	""		"19253.56"	"52885.50"	"5d4.6s2"	"3P2"	"2"	""	"*"	"2"		""	"L153"	
"297.3790"	"297.3785"	"0.0008"	"50"	""		"12161.96"	"45789.14"	"5d4.6s2"	"3H"	"4"	""	"*"	"5"		""	"L153"	
"297.4414"	""	""	"3"	""		""	""	""	""	""	""	""	""		""	"L153"	
"297.4660"	""	""	"3"	""		""	""	""	""	""	""	""	""		""	"L153"	
"297.4887"	"297.4885"	"0.0008"	"25"	""		"15069.93"	"48684.68"	"5d4.6s2"	"3H"	"5"	""	"*"	"6"		""	"L153"	
"297.5129"	"297.5116"	"0.0008"	"6"	""		"15460.01"	"49072.14"	"5d4.6s2"	"3D"	"3"	""	"*"	"3"		""	"L153"	
"297.6617"	"297.6623"	"0.0008"	"5"	""		"24610.88"	"58206.00"	"5d4.6s2"	"1F"	"3"	""	"*"	"3"		""	"L153"	
"297.6943"	""	""	"6"	""		""	""	""	""	""	""	""	""		""	"L153"	
"297.7671"	"297.7672"	"0.0008"	"40*"	""		"19535.01"	"53118.29"	"5d5.(4G).6s"	"5G"	"5"	""	"*"	"4"		""	"L153"	
"297.7671"	"297.7672"	"0.0008"	"40*"	""		"13348.56"	"46931.84"	"5d4.6s2"	"3G"	"3"	""	"*"	"4"		""	"L153"	
"297.7975"	"297.7974"	"0.0008"	"60"	""		"19648.54"	"53228.42"	"5d5.(4G).6s"	"5G"	"6"	""	"*"	"6"		""	"L153"	
"297.8083"	"297.8085"	"0.0008"	"30"	""		"3325.53"	"36904.16"	"5d4.6s2"	"5D"	"2"	""	"*"	"2"		""	"L153"	
"297.8551"	"297.8548"	"0.0008"	"10"	""		"20983.02"	"54556.43"	"5d5.(4P).6s"	"5P"	"2"	""	"*"	"3"		""	"L153"	
"297.9493"	"297.9495"	"0.0008"	"10"	""		"19827.68"	"53390.42"	"5d5.(4P).6s"	"5P"	"3"	""	"*"	"3"		""	"L153"	
"297.9737"	"297.9731"	"0.0008"	"4"	""		"13777.71"	"47337.79"	"5d4.6s2"	"3F2"	"2"	""	"*"	"2"		""	"L153"	
"298.0366"	"298.0359"	"0.0008"	"5"	""		"19253.56"	"52806.56"	"5d4.6s2"	"3P2"	"2"	""	"*"	"3"		""	"L153"	
"298.0584"	"298.0598"	"0.0008"	"30"	""		"19256.24"	"52806.56"	"5d5.(4G).6s"	"5G"	"4"	""	"*"	"3"		""	"L153"	
"298.0730"	"298.0730"	"0.0008"	"70r"	""		"3325.53"	"36874.36"	"5d4.6s2"	"5D"	"2"	""	"*"	"3"		""	"L153"	
"298.1008"	"298.1007"	"0.0008"	"6"	""		"19648.54"	"53194.25"	"5d5.(4G).6s"	"5G"	"6"	""	"*"	"5"		""	"L153"	
"298.1153"	"298.1134"	"0.0008"	"2"	""		"23455.02"	"56999.30"	"5d5.(4D).6s"	"5D"	"1"	""	"*"	"2"		""	"L153"	
"298.1999"	"298.1984"	"0.0008"	"10"	""		"16431.31"	"49966.03"	"5d4.6s2"	"3G"	"4"	""	"*"	"3"		""	"L153"	
"298.2277"	"298.2276"	"0.0008"	"5"	""		"20427.84"	"53959.28"	"5d5.(4P).6s"	"5P"	"1"	""	"*"	"2"		""	"L153"	
"298.2501"	"298.2502"	"0.0008"	"15"	""		"18974.51"	"52503.41"	"5d5.(4G).6s"	"5G"	"3"	""	"*"	"2"		""	"L153"	
"298.2632"	"298.2619"	"0.0008"	"3"	""		"27213.82"	"60741.40"	"5d5.(2F1).6s"	"3F"	"4"	""	"*"	"5"		""	"L153"	
"298.3476"	"298.3484"	"0.0008"	"40"	""		"19256.24"	"52774.10"	"5d5.(4G).6s"	"5G"	"4"	""	"*"	"5"		""	"L153"	
"298.3680"	"298.3674"	"0.0008"	"10"	""		"12161.96"	"45677.69"	"5d4.6s2"	"3H"	"4"	""	"*"	"3"		""	"L153"	
"298.5011"	"298.5018"	"0.0008"	"40"	"1.47e+06"	B	"6219.33"	"39719.96"	"5d4.6s2"	"5D"	"4"	""	"*"	"4"		"T6977"	"L153"	
"298.5135"	"298.5133"	"0.0008"	"3"	""		"13307.10"	"46806.45"	"5d4.6s2"	"3P2"	"1"	""	"*"	"2"		""	"L153"	
"298.6125"	""	""	"2"	""		""	""	""	""	""	""	""	""		""	"L153"	
"298.6539"	"298.6530"	"0.0008"	"12"	""		"18116.84"	"51600.52"	"5d5.(4G).6s"	"5G"	"2"	""	"*"	"3"		""	"L153"	
"298.6755"	"298.6751"	"0.0008"	"12"	""		"17701.18"	"51182.38"	"5d4.6s2"	"3F2"	"3"	""	"*"	"2"		""	"L153"	
"298.7056"	"298.7051"	"0.0008"	"12"	""		"13777.71"	"47255.55"	"5d4.6s2"	"3F2"	"2"	""	"*"	"1"		""	"L153"	
"298.8480"	"298.8471"	"0.0008"	"5"	""		"18974.51"	"52436.44"	"5d5.(4G).6s"	"5G"	"3"	""	"*"	"4"		""	"L153"	
"298.8832"	"298.8832"	"0.0008"	"15"	""		"13348.56"	"46806.45"	"5d4.6s2"	"3G"	"3"	""	"*"	"2"		""	"L153"	
"298.9116"	""	""	"6"	""		""	""	""	""	""	""	""	""		""	"L153"	
"298.9374"	""	""	"4"	""		""	""	""	""	""	""	""	""		""	"L153"	
"298.9770"	"298.9767"	"0.0008"	"8"	""		"20427.84"	"53875.26"	"5d5.(4P).6s"	"5P"	"1"	""	"*"	"1"		""	"L153"	
"299.1378"	"299.1379"	"0.0008"	"40"	"3.5e+06"	C	"4830.00"	"38259.40"	"5d4.6s2"	"5D"	"3"	""	"*"	"4"		"T6977"	"L153"	
"299.1586"	"299.1586"	"0.0008"	"50"	"2.64e+06"	B	"6219.33"	"39646.41"	"5d4.6s2"	"5D"	"4"	""	"*"	"3"		"T6977"	"L153"	
"299.2819"	"299.2814"	"0.0008"	"10"	""		"18280.48"	"51693.85"	"5d5.(6S).6s"	"5S"	"2"	""	"*"	"2"		""	"L153"	
"299.3051"	"299.3050"	"0.0008"	"18"	""		"19827.68"	"53238.41"	"5d5.(4P).6s"	"5P"	"3"	""	"*"	"4"		""	"L153"	
"299.3804"	"299.3799"	"0.0008"	"16"	""		"19826.04"	"53228.42"	"5d4.6s2"	"3G"	"5"	""	"*"	"6"		""	"L153"	
"299.4030"	"299.4010"	"0.0008"	"2"	""		"19253.56"	"52653.58"	"5d4.6s2"	"3P2"	"2"	""	"*"	"2"		""	"L153"	
"299.4487"	"299.4485"	"0.0008"	"125r"	""		"6219.33"	"39614.05"	"5d4.6s2"	"5D"	"4"	""	"*"	"5"		""	"L153"	
"299.4759"	"299.4749"	"0.0008"	"5"	""		"20983.02"	"54374.80"	"5d5.(4P).6s"	"5P"	"2"	""	"*"	"1"		""	"L153"	
"299.4868"	"299.4858"	"0.0008"	"5"	""		"22476.68"	"55867.24"	"5d5.(4D).6s"	"5D"	"4"	""	"*"	"4"		""	"L153"	
"299.4980"	"299.4966"	"0.0008"	"5"	""		"12161.96"	"45551.32"	"5d4.6s2"	"3H"	"4"	""	"*"	"3"		""	"L153"	
"299.6131"	"299.6131"	"0.0008"	"60"	""		"4830.00"	"38206.38"	"5d4.6s2"	"5D"	"3"	""	"*"	"3"		""	"L153"	
"299.6388"	""	""	"10"	""		""	""	""	""	""	""	""	""		""	"L153"	
"299.6622"	"299.6614"	"0.0008"	"12"	""		"17701.18"	"51072.18"	"5d4.6s2"	"3F2"	"3"	""	"*"	"3"		""	"L153"	
"299.6866"	"299.6864"	"0.0008"	"15"	""		"19826.04"	"53194.25"	"5d4.6s2"	"3G"	"5"	""	"*"	"5"		""	"L153"	
"299.7852"	"299.7847"	"0.0008"	"20"	""		"16431.31"	"49788.58"	"5d4.6s2"	"3G"	"4"	""	"*"	"4"		""	"L153"	
"299.8490"	"299.8480"	"0.0008"	"20"	""		"14976.18"	"48326.41"	"5d4.6s2"	"3D"	"2"	""	"*"	"3"		""	"L153"	
"299.8667"	"299.8665"	"0.0008"	"75"	""		"3325.53"	"36673.70"	"5d4.6s2"	"5D"	"2"	""	"*"	"2"		""	"L153"	
"299.9162"	"299.9161"	"0.0008"	"10"	""		"14976.18"	"48318.84"	"5d4.6s2"	"3D"	"2"	""	"*"	"2"		""	"L153"	
"299.9991"	""	""	"5"	""		""	""	""	""	""	""	""	""		""	"L153"	
"300.1038"	"300.1036"	"0.0008"	"5"	""		"22852.80"	"56174.63"	"5d4.6s2"	"1G2"	"4"	""	"*"	"4"		""	"L153"	
"300.1117"	"300.1113"	"0.0008"	"40"	""		"19535.01"	"52855.98"	"5d5.(4G).6s"	"5G"	"5"	""	"*"	"6"		""	"L153"	
"300.1314"	"300.1309"	"0.0008"	"30"	""		"22476.68"	"55795.48"	"5d5.(4D).6s"	"5D"	"4"	""	"*"	"5"		""	"L153"	
"300.1757"	""	""	"3"	""		""	""	""	""	""	""	""	""		""	"L153"	
"300.2411"	"300.2408"	"0.0008"	"6"	""		"13307.10"	"46613.70"	"5d4.6s2"	"3P2"	"1"	""	"*"	"0"		""	"L153"	
"300.2500"	"300.2478"	"0.0008"	"1"	""		"23484.78"	"56790.60"	"5d4.6s2"	"1I"	"6"	""	"*"	"7"		""	"L153"	
"300.2857"	"300.2851"	"0.0008"	"60"	""		"13777.71"	"47079.40"	"5d4.6s2"	"3F2"	"2"	""	"*"	"2"		""	"L153"	
"300.3293"	""	""	"4"	""		""	""	""	""	""	""	""	""		""	"L153"	
"300.3702"	"300.3702"	"0.0008"	"35"	""		"19826.04"	"53118.29"	"5d4.6s2"	"3G"	"5"	""	"*"	"4"		""	"L153"	
"300.3856"	"300.3850"	"0.0008"	"10"	""		"19827.68"	"53118.29"	"5d5.(4P).6s"	"5P"	"3"	""	"*"	"4"		""	"L153"	
"300.4700"	"300.4691"	"0.0008"	"5"	""		"18974.51"	"52255.80"	"5d5.(4G).6s"	"5G"	"3"	""	"*"	"3"		""	"L153"	
"300.5136"	"300.5125"	"0.0008"	"7"	""		"13348.56"	"46625.05"	"5d4.6s2"	"3G"	"3"	""	"*"	"4"		""	"L153"	
"300.5886"	"300.5882"	"0.0008"	"35"	""		"14976.18"	"48244.29"	"5d4.6s2"	"3D"	"2"	""	"*"	"2"		""	"L153"	
"300.7194"	""	""	"50"	""		""	""	""	""	""	""	""	""		""	"L153"	
"300.7534"	"300.7532"	"0.0008"	"20"	""		"19253.56"	"52503.41"	"5d4.6s2"	"3P2"	"2"	""	"*"	"2"		""	"L153"	
"300.8011"	""	""	"5"	""		""	""	""	""	""	""	""	""		""	"L153"	
"300.8204"	""	""	"3"	""		""	""	""	""	""	""	""	""		""	"L153"	
"300.8287"	"300.8286"	"0.0008"	"15"	""		"20427.84"	"53669.36"	"5d5.(4P).6s"	"5P"	"1"	""	"*"	"2"		""	"L153"	
"300.8514"	"300.8506"	"0.0008"	"12"	""		"19535.01"	"52774.10"	"5d5.(4G).6s"	"5G"	"5"	""	"*"	"5"		""	"L153"	
"300.8913"	""	""	"12"	""		""	""	""	""	""	""	""	""		""	"L153"	
"300.9379"	""	""	"4"	""		""	""	""	""	""	""	""	""		""	"L153"	
"300.9645"	"300.9644"	"0.0008"	"40"	""		"29460.98"	"62687.50"	"5d5.(2I).6s"	"3I"	"7"	""	"*"	"6"		""	"L153"	
"300.9864"	"300.9871"	"0.0008"	"5"	""		"19253.56"	"52477.57"	"5d4.6s2"	"3P2"	"2"	""	"*"	"1"		""	"L153"	
"300.9963"	"300.9958"	"0.0008"	"80"	""		"4830.00"	"38053.05"	"5d4.6s2"	"5D"	"3"	""	"*"	"3"		""	"L153"	
"301.0601"	"301.0591"	"0.0008"	"10"	""		"15460.01"	"48676.08"	"5d4.6s2"	"3D"	"3"	""	"*"	"4"		""	"L153"	
"301.1295"	"301.1296"	"0.0008"	"20"	""		"17701.18"	"50909.47"	"5d4.6s2"	"3F2"	"3"	""	"*"	"4"		""	"L153"	
"301.1372"	"301.1373"	"0.0008"	"15"	""		"19648.54"	"52855.98"	"5d5.(4G).6s"	"5G"	"6"	""	"*"	"6"		""	"L153"	
"301.1570"	"301.1576"	"0.0008"	"8"	""		"16431.31"	"49636.52"	"5d4.6s2"	"3G"	"4"	""	"*"	"4"		""	"L153"	
"301.2560"	"301.2559"	"0.0008"	"20"	""		"14976.18"	"48170.55"	"5d4.6s2"	"3D"	"2"	""	"*"	"3"		""	"L153"	
"301.2694"	"301.2689"	"0.0008"	"3c*"	""		"17701.18"	"50894.12"	"5d4.6s2"	"3F2"	"3"	""	"*"	"3"		""	"L153"	
"301.2694"	"301.2703"	"0.0008"	"3c*"	""		"24610.88"	"57803.66"	"5d4.6s2"	"1F"	"3"	""	"*"	"4"		""	"L153"	
"301.4070"	"301.4079"	"0.0008"	"30"	""		"17107.01"	"50284.64"	"5d4.6s2"	"3F2"	"4"	""	"*"	"4"		""	"L153"	
"301.4220"	"301.4224"	"0.0008"	"1"	""		"19827.68"	"53003.72"	"5d5.(4P).6s"	"5P"	"3"	""	"*"	"2"		""	"L153"	
"301.4666"	"301.4671"	"0.0008"	"120"	"6.4e+06"	B	"4830.00"	"38001.12"	"5d4.6s2"	"5D"	"3"	""	"*"	"4"		"T4976"	"L153"	
"301.5078"	"301.5077"	"0.0008"	"6"	""		"19826.04"	"52992.69"	"5d4.6s2"	"3G"	"5"	""	"*"	"4"		""	"L153"	
"301.5226"	"301.5226"	"0.0008"	"2"	""		"19827.68"	"52992.69"	"5d5.(4P).6s"	"5P"	"3"	""	"*"	"4"		""	"L153"	
"301.7151"	"301.7152"	"0.0008"	"3"	""		"18116.84"	"51260.68"	"5d5.(4G).6s"	"5G"	"2"	""	"*"	"1"		""	"L153"	
"301.7345"	"301.7349"	"0.0008"	"150"	"9.27e+06"	B	"6219.33"	"39361.01"	"5d4.6s2"	"5D"	"4"	""	"*"	"5"		"T4976"	"L153"	
"301.7564"	"301.7569"	"0.0008"	"8"	""		"19256.24"	"52395.50"	"5d5.(4G).6s"	"5G"	"4"	""	"*"	"5"		""	"L153"	
"301.7956"	"301.7948"	"0.0008"	"2"	""		"22852.80"	"55987.90"	"5d4.6s2"	"1G2"	"4"	""	"*"	"5"		""	"L153"	
"301.8315"	"301.8320"	"0.0008"	"200"	"1.21e+07"	B	"2951.29"	"36082.30"	"5d5.(6S).6s"	"7S"	"3"	""	"*"	"4"		"T4976"	"L153"	
"301.8496"	"301.8499"	"0.0008"	"5"	""		"17008.50"	"50137.55"	"5d4.6s2"	"3H"	"6"	""	"*"	"5"		""	"L153"	
"301.8815"	"301.8817"	"0.0008"	"12"	""		"19648.54"	"52774.10"	"5d5.(4G).6s"	"5G"	"6"	""	"*"	"5"		""	"L153"	
"301.9183"	"301.9180"	"0.0008"	"1"	""		"24610.88"	"57732.46"	"5d4.6s2"	"1F"	"3"	""	"*"	"3"		""	"L153"	
"301.9293"	"301.9304"	"0.0008"	"3"	""		"22476.68"	"55596.90"	"5d5.(4D).6s"	"5D"	"4"	""	"*"	"4"		""	"L153"	
"301.9699"	"301.9707"	"0.0008"	"3"	""		"19827.68"	"52943.48"	"5d5.(4P).6s"	"5P"	"3"	""	"*"	"3"		""	"L153"	
"302.0920"	"302.0914"	"0.0008"	"5"	""		"22852.80"	"55955.36"	"5d4.6s2"	"1G2"	"4"	""	"*"	"4"		""	"L153"	
"302.1094"	"302.1094"	"0.0008"	"15"	""		"12161.96"	"45262.55"	"5d4.6s2"	"3H"	"4"	""	"*"	"4"		""	"L153"	
"302.1208"	"302.1216"	"0.0008"	"2"	""		"17701.18"	"50800.44"	"5d4.6s2"	"3F2"	"3"	""	"*"	"3"		""	"L153"	
"302.2086"	"302.2100"	"0.0008"	"3"	""		"18974.51"	"52064.08"	"5d5.(4G).6s"	"5G"	"3"	""	"*"	"2"		""	"L153"	
"302.2494"	"302.2493"	"0.0008"	"20"	""		"18974.51"	"52059.78"	"5d5.(4G).6s"	"5G"	"3"	""	"*"	"4"		""	"L153"	
"302.2614"	"302.2618"	"0.0008"	"4"	""		"28392.70"	"61476.60"	"5d5.(2I).6s"	"3I"	"6"	""	"*"	"5"		""	"L153"	
"302.2703"	"302.2698"	"0.0008"	"6"	""		"16431.31"	"49514.34"	"5d4.6s2"	"3G"	"4"	""	"*"	"3"		""	"L153"	
"302.3654"	"302.3667"	"0.0008"	"2"	""		"23484.78"	"56557.20"	"5d4.6s2"	"1I"	"6"	""	"*"	"7"		""	"L153"	
"302.4032"	"302.4030"	"0.0008"	"12"	""		"15069.93"	"48138.38"	"5d4.6s2"	"3H"	"5"	""	"*"	"5"		""	"L153"	
"302.4290"	"302.4297"	"0.0008"	"1"	""		"18116.84"	"51182.38"	"5d5.(4G).6s"	"5G"	"2"	""	"*"	"2"		""	"L153"	
"302.4527"	"302.4525"	"0.0008"	"12"	""		"29460.98"	"62524.02"	"5d5.(2I).6s"	"3I"	"7"	""	"*"	"6"		""	"L153"	
"302.5005"	"302.5003"	"0.0008"	"5"	""		"19827.68"	"52885.50"	"5d5.(4P).6s"	"5P"	"3"	""	"*"	"2"		""	"L153"	
"302.5471"	"302.5460"	"0.0008"	"1"	""		"20174.20"	"53227.03"	"5d4.6s2"	"1S2"	"0"	""	"*"	"1"		""	"L153"	
"302.5809"	"302.5806"	"0.0008"	"100"	"1.58e+07"	B	"1670.29"	"34719.33"	"5d4.6s2"	"5D"	"1"	""	"*"	"1"		"T6977"	"L153"	
"302.6144"	"302.6137"	"0.0008"	"50"	""		"9528.06"	"42573.49"	"5d4.6s2"	"3P2"	"0"	""	"*"	"1"		""	"L153"	
"302.6471"	"302.6470"	"0.0008"	"8"	""		"23484.78"	"56526.57"	"5d4.6s2"	"1I"	"6"	""	"*"	"6"		""	"L153"	
"302.6566"	"302.6564"	"0.0008"	"6"	""		"18974.51"	"52015.28"	"5d5.(4G).6s"	"5G"	"3"	""	"*"	"3"		""	"L153"	
"302.6920"	"302.6918"	"0.0008"	"4"	""		"13348.56"	"46385.46"	"5d4.6s2"	"3G"	"3"	""	"*"	"3"		""	"L153"	
"302.7553"	"302.7556"	"0.0008"	"50"	""		"19826.04"	"52855.98"	"5d4.6s2"	"3G"	"5"	""	"*"	"6"		""	"L153"	
"302.7669"	"302.7666"	"0.0008"	"50"	""		"13777.71"	"46806.45"	"5d4.6s2"	"3F2"	"2"	""	"*"	"2"		""	"L153"	
"302.7843"	""	""	"10"	""		""	""	""	""	""	""	""	""		""	"L153"	
"302.8408"	"302.8408"	"0.0008"	"6"	""		"13307.10"	"46327.75"	"5d4.6s2"	"3P2"	"1"	""	"*"	"2"		""	"L153"	
"302.8674"	"302.8677"	"0.0008"	"30"	""		"17701.18"	"50718.90"	"5d4.6s2"	"3F2"	"3"	""	"*"	"2"		""	"L153"	
"302.8784"	"302.8789"	"0.0008"	"2"	""		"23982.80"	"56999.30"	"5d5.(4D).6s"	"5D"	"2"	""	"*"	"2"		""	"L153"	
"302.8890"	"302.8893"	"0.0008"	"4"	""		"27213.82"	"60229.18"	"5d5.(2F1).6s"	"3F"	"4"	""	"*"	"5"		""	"L153"	
"302.8976"	"302.8978"	"0.0008"	"3"	""		"22852.80"	"55867.24"	"5d4.6s2"	"1G2"	"4"	""	"*"	"4"		""	"L153"	
"302.9533"	"302.9525"	"0.0008"	"1"	""		"24610.88"	"57619.36"	"5d4.6s2"	"1F"	"3"	""	"*"	"3"		""	"L153"	
"303.0099"	"303.0097"	"0.0008"	"10"	""		"19253.56"	"52255.80"	"5d4.6s2"	"3P2"	"2"	""	"*"	"3"		""	"L153"	
"303.1236"	""	""	"12"	""		""	""	""	""	""	""	""	""		""	"L153"	
"303.1538"	"303.1535"	"0.0008"	"6"	""		"16431.31"	"49417.90"	"5d4.6s2"	"3G"	"4"	""	"*"	"3"		""	"L153"	
"303.1722"	"303.1724"	"0.0008"	"8"	""		"13307.10"	"46291.63"	"5d4.6s2"	"3P2"	"1"	""	"*"	"1"		""	"L153"	
"303.2248"	"303.2244"	"0.0008"	"25"	""		"19827.68"	"52806.56"	"5d5.(4P).6s"	"5P"	"3"	""	"*"	"3"		""	"L153"	
"303.2467"	"303.2485"	"0.0008"	"2"	""		"20983.02"	"53959.28"	"5d5.(4P).6s"	"5P"	"2"	""	"*"	"2"		""	"L153"	
"303.4406"	"303.4410"	"0.0008"	"20"	""		"18116.84"	"51072.18"	"5d5.(4G).6s"	"5G"	"2"	""	"*"	"3"		""	"L153"	
"303.4441"	"303.4458"	"0.0008"	"30"	""		"12161.96"	"45116.77"	"5d4.6s2"	"3H"	"4"	""	"*"	"4"		""	"L153"	
"303.4937"	""	""	"2"	""		""	""	""	""	""	""	""	""		""	"L153"	
"303.5071"	"303.5080"	"0.0008"	"40"	""		"19826.04"	"52774.10"	"5d4.6s2"	"3G"	"5"	""	"*"	"5"		""	"L153"	
"303.5173"	""	""	"6"	""		""	""	""	""	""	""	""	""		""	"L153"	
"303.5399"	"303.5408"	"0.0008"	"4"	""		"27213.82"	"60158.32"	"5d5.(2F1).6s"	"3F"	"4"	""	"*"	"4"		""	"L153"	
"303.6784"	"303.6788"	"0.0008"	"5"	""		"20983.02"	"53912.55"	"5d5.(4P).6s"	"5P"	"2"	""	"*"	"2"		""	"L153"	
"303.8344"	"303.8348"	"0.0008"	"12"	""		"22476.68"	"55389.30"	"5d5.(4D).6s"	"5D"	"4"	""	"*"	"3"		""	"L153"	
"303.9372"	"303.9367"	"0.0008"	"8*"	""		"23930.08"	"56831.67"	"5d5.(4D).6s"	"5D"	"3"	""	"*"	"4"		""	"L153"	
"303.9372"	"303.9382"	"0.0008"	"8*"	""		"19535.01"	"52436.44"	"5d5.(4G).6s"	"5G"	"5"	""	"*"	"4"		""	"L153"	
"303.9592"	"303.9601"	"0.0008"	"25"	""		"19253.56"	"52152.62"	"5d4.6s2"	"3P2"	"2"	""	"*"	"2"		""	"L153"	
"304.0196"	"304.0196"	"0.0008"	"50"	""		"20064.30"	"52956.92"	"5d4.6s.(6D).6p"	"7F*"	"1"	""	""	"1"		""	"L153c23"	
"304.1218"	"304.1215"	"0.0008"	"3"	""		"18974.51"	"51856.10"	"5d5.(4G).6s"	"5G"	"3"	""	"*"	"4"		""	"L153"	
"304.2615"	"304.2621"	"0.0008"	"25"	""		"15460.01"	"48326.41"	"5d4.6s2"	"3D"	"3"	""	"*"	"3"		""	"L153"	
"304.2748"	"304.2754"	"0.0008"	"80"	""		"3325.53"	"36190.49"	"5d4.6s2"	"5D"	"2"	""	"*"	"1"		""	"L153"	
"304.3167"	"304.3168"	"0.0008"	"4"	""		"19535.01"	"52395.50"	"5d5.(4G).6s"	"5G"	"5"	""	"*"	"5"		""	"L153"	
"304.3301"	"304.3304"	"0.0008"	"15"	""		"17107.01"	"49966.03"	"5d4.6s2"	"3F2"	"4"	""	"*"	"3"		""	"L153"	
"304.3602"	""	""	"2"	""		""	""	""	""	""	""	""	""		""	"L153"	
"304.3895"	"304.3901"	"0.0008"	"12"	""		"12161.96"	"45014.54"	"5d4.6s2"	"3H"	"4"	""	"*"	"3"		""	"L153"	
"304.4686"	"304.4689"	"0.0008"	"150"	""		"4830.00"	"37674.08"	"5d4.6s2"	"5D"	"3"	""	"*"	"3"		""	"L153"	
"304.5938"	""	""	"2"	""		""	""	""	""	""	""	""	""		""	"L153"	
"304.6359"	"304.6375"	"0.0008"	"2"	""		"19827.68"	"52653.58"	"5d5.(4P).6s"	"5P"	"3"	""	"*"	"2"		""	"L153"	
"304.6462"	"304.6472"	"0.0008"	"15"	""		"19256.24"	"52081.09"	"5d5.(4G).6s"	"5G"	"4"	""	"*"	"5"		""	"L153"	
"304.7326"	"304.7334"	"0.0008"	"120"	"5.8e+06"	B	"1670.29"	"34485.86"	"5d4.6s2"	"5D"	"1"	""	"*"	"2"		"T4976"	"L153"	
"304.8443"	"304.8451"	"0.0008"	"40"	""		"19256.24"	"52059.78"	"5d5.(4G).6s"	"5G"	"4"	""	"*"	"4"		""	"L153"	
"304.9007"	"304.9011"	"0.0008"	"15"	""		"13307.10"	"46104.62"	"5d4.6s2"	"3P2"	"1"	""	"*"	"1"		""	"L153"	
"304.9389"	"304.9398"	"0.0008"	"3"	""		"17701.18"	"50494.54"	"5d4.6s2"	"3F2"	"3"	""	"*"	"2"		""	"L153"	
"304.9544"	"304.9552"	"0.0008"	"20"	""		"18280.48"	"51072.18"	"5d5.(6S).6s"	"5S"	"2"	""	"*"	"3"		""	"L153"	
"304.9887"	"304.9881"	"0.0008"	"20"	""		"28392.70"	"61180.86"	"5d5.(2I).6s"	"3I"	"6"	""	"*"	"7"		""	"L153"	
"305.0235"	"305.0242"	"0.0008"	"10"	""		"15460.01"	"48244.29"	"5d4.6s2"	"3D"	"3"	""	"*"	"2"		""	"L153"	
"305.0575"	"305.0578"	"0.0008"	"120"	"1.7e+07"	B	"2951.29"	"35731.96"	"5d5.(6S).6s"	"7S"	"3"	""	"*"	"2"		"T4976"	"L153"	
"305.0879"	"305.0894"	"0.0008"	"20"	""		"18116.84"	"50894.12"	"5d5.(4G).6s"	"5G"	"2"	""	"*"	"3"		""	"L153"	
"305.2339"	"305.2343"	"0.0008"	"6"	""		"19253.56"	"52015.28"	"5d4.6s2"	"3P2"	"2"	""	"*"	"3"		""	"L153"	
"305.2726"	""	""	"10"	""		""	""	""	""	""	""	""	""		""	"L153"	
"305.2813"	"305.2819"	"0.0008"	"10"	""		"16431.31"	"49187.92"	"5d4.6s2"	"3G"	"4"	""	"*"	"5"		""	"L153"	
"305.3704"	"305.3719"	"0.0008"	"10"	""		"19648.54"	"52395.50"	"5d5.(4G).6s"	"5G"	"6"	""	"*"	"5"		""	"L153"	
"305.4242"	"305.4233"	"0.0008"	"6"	""		"24610.88"	"57352.32"	"5d4.6s2"	"1F"	"3"	""	"*"	"3"		""	"L153"	
"305.4896"	"305.4905"	"0.0008"	"50"	""		"9528.06"	"42262.30"	"5d4.6s2"	"3P2"	"0"	""	"*"	"1"		""	"L153"	
"305.5264"	""	""	"5"	""		""	""	""	""	""	""	""	""		""	"L153"	
"305.6022"	""	""	"4"	""		""	""	""	""	""	""	""	""		""	"L153"	
"305.6272"	"305.6285"	"0.0008"	"30"	""		"13348.56"	"46068.02"	"5d4.6s2"	"3G"	"3"	""	"*"	"3"		""	"L153"	
"305.7107"	"305.7119"	"0.0008"	"10"	""		"15460.01"	"48170.55"	"5d4.6s2"	"3D"	"3"	""	"*"	"3"		""	"L153"	
"305.7676"	"305.7695"	"0.0008"	"2"	""		"24610.88"	"57315.25"	"5d4.6s2"	"1F"	"3"	""	"*"	"4"		""	"L153"	
"305.8662"	""	""	"2"	""		""	""	""	""	""	""	""	""		""	"L153"	
"305.8725"	"305.8734"	"0.0008"	"1"	""		"22852.80"	"55546.06"	"5d4.6s2"	"1G2"	"4"	""	"*"	"3"		""	"L153"	
"305.8993"	""	""	"3"	""		""	""	""	""	""	""	""	""		""	"L153"	
"305.9377"	"305.9382"	"0.0008"	"4"	""		"20983.02"	"53669.36"	"5d5.(4P).6s"	"5P"	"2"	""	"*"	"2"		""	"L153"	
"305.9622"	"305.9638"	"0.0008"	"8"	""		"18116.84"	"50800.44"	"5d5.(4G).6s"	"5G"	"2"	""	"*"	"3"		""	"L153"	
"305.9821"	"305.9829"	"0.0008"	"8"	""		"17107.01"	"49788.58"	"5d4.6s2"	"3F2"	"4"	""	"*"	"4"		""	"L153"	
"306.0363"	"306.0375"	"0.0008"	"4"	""		"19827.68"	"52503.41"	"5d5.(4P).6s"	"5P"	"3"	""	"*"	"2"		""	"L153"	
"306.0708"	"306.0711"	"0.0008"	"8"	"1.4e+05"	C	"1670.29"	"34342.44"	"5d4.6s2"	"5D"	"1"	""	"*"	"1"		"T4976"	"L153"	
"306.0880"	""	""	"3"	""		""	""	""	""	""	""	""	""		""	"L153"	
"306.1068"	"306.1065"	"0.0008"	"3"	""		"19389.43"	"52057.80"	"5d4.6s.(6D).6p"	"7F*"	"0"	""	""	"1"		""	"L153"	
"306.1338"	""	""	"5"	""		""	""	""	""	""	""	""	""		""	"L153"	
"306.3490"	"306.3484"	"0.0008"	"20"	""		"16431.31"	"49073.88"	"5d4.6s2"	"3G"	"4"	""	"*"	"5"		""	"L153"	
"306.3775"	"306.3780"	"0.0008"	"15"	""		"22852.80"	"55492.22"	"5d4.6s2"	"1G2"	"4"	""	"*"	"5"		""	"L153"	
"306.4064"	"306.4073"	"0.0008"	"60"	""		"4830.00"	"37466.30"	"5d4.6s2"	"5D"	"3"	""	"*"	"2"		""	"L153"	
"306.4451"	"306.4451"	"0.0008"	"15"	""		"18974.51"	"51606.78"	"5d5.(4G).6s"	"5G"	"3"	""	"*"	"2"		""	"L153"	
"306.5031"	"306.5039"	"0.0008"	"10"	""		"18974.51"	"51600.52"	"5d5.(4G).6s"	"5G"	"3"	""	"*"	"3"		""	"L153"	
"306.5659"	"306.5660"	"0.0008"	"15"	""		"15069.93"	"47689.33"	"5d4.6s2"	"3H"	"5"	""	"*"	"4"		""	"L153"	
"306.5818"	"306.5826"	"0.0008"	"60"	"1.1e+06"	C	"3325.53"	"35943.17"	"5d4.6s2"	"5D"	"2"	""	"*"	"3"		"T4976"	"L153"	
"306.6124"	"306.6153"	"0.0008"	"4"	""		"20427.84"	"53042.00"	"5d5.(4P).6s"	"5P"	"1"	""	"*"	"1"		""	"L153"	
"306.6194"	"306.6202"	"0.0008"	"5"	""		"18280.48"	"50894.12"	"5d5.(6S).6s"	"5S"	"2"	""	"*"	"3"		""	"L153"	
"306.6497"	"306.6488"	"0.0008"	"8*"	""		"22773.78"	"55384.38"	"5d5.(4D).6s"	"5D"	"0"	""	"*"	"1"		""	"L153"	
"306.6497"	"306.6506"	"0.0008"	"8*"	""		"19826.04"	"52436.44"	"5d4.6s2"	"3G"	"5"	""	"*"	"4"		""	"L153"	
"306.6752"	"306.6756"	"0.0008"	"6"	""		"13777.71"	"46385.46"	"5d4.6s2"	"3F2"	"2"	""	"*"	"3"		""	"L153"	
"306.7273"	"306.7245"	"0.0008"	"12*"	""		"22852.80"	"55455.35"	"5d4.6s2"	"1G2"	"4"	""	"*"	"5"		""	"L153"	
"306.7273"	"306.7291"	"0.0008"	"12*"	""		"18116.84"	"50718.90"	"5d5.(4G).6s"	"5G"	"2"	""	"*"	"2"		""	"L153"	
"306.7493"	"306.7498"	"0.0008"	"5"	""		"19256.24"	"51856.10"	"5d5.(4G).6s"	"5G"	"4"	""	"*"	"4"		""	"L153"	
"306.8614"	""	""	"6"	""		""	""	""	""	""	""	""	""		""	"L153"	
"306.9038"	"306.9042"	"0.0008"	"10"	""		"17701.18"	"50284.64"	"5d4.6s2"	"3F2"	"3"	""	"*"	"4"		""	"L153"	
"306.9148"	"306.9155"	"0.0008"	"4"	""		"23455.02"	"56037.28"	"5d5.(4D).6s"	"5D"	"1"	""	"*"	"2"		""	"L153"	
"307.0352"	"307.0361"	"0.0008"	"20"	""		"19826.04"	"52395.50"	"5d4.6s2"	"3G"	"5"	""	"*"	"5"		""	"L153"	
"307.0612"	"307.0625"	"0.0008"	"5"	""		"22476.68"	"55043.34"	"5d5.(4D).6s"	"5D"	"4"	""	"*"	"4"		""	"L153"	
"307.0779"	"307.0779"	"0.0008"	"3"	""		"27849.80"	"60414.83"	"5d5.(2I).6s"	"3I"	"5"	""	"*"	"6"		""	"L153"	
"307.1802"	"307.1796"	"0.0008"	"12"	""		"23930.08"	"56484.33"	"5d5.(4D).6s"	"5D"	"3"	""	"*"	"3"		""	"L153"	
"307.2194"	"307.2193"	"0.0008"	"5"	""		"13777.71"	"46327.75"	"5d4.6s2"	"3F2"	"2"	""	"*"	"2"		""	"L153"	
"307.2405"	"307.2399"	"0.0008"	"3"	""		"2951.29"	"35499.15"	"5d5.(6S).6s"	"7S"	"3"	""	"*"	"3"		""	"L153"	
"307.2571"	"307.2567"	"0.0008"	"5"	""		"19535.01"	"52081.09"	"5d5.(4G).6s"	"5G"	"5"	""	"*"	"5"		""	"L153"	
"307.3471"	"307.3471"	"0.0008"	"5"	""		"22852.80"	"55389.30"	"5d4.6s2"	"1G2"	"4"	""	"*"	"3"		""	"L153"	
"307.3849"	"307.3845"	"0.0008"	"6"	""		"22476.68"	"55009.22"	"5d5.(4D).6s"	"5D"	"4"	""	"*"	"5"		""	"L153"	
"307.4169"	"307.4170"	"0.0008"	"120"	""		"6219.33"	"38748.44"	"5d4.6s2"	"5D"	"4"	""	"*"	"4"		""	"L153"	
"307.4585"	"307.4580"	"0.0008"	"20"	""		"19535.01"	"52059.78"	"5d5.(4G).6s"	"5G"	"5"	""	"*"	"4"		""	"L153"	
"307.4977"	"307.4980"	"0.0008"	"50"	""		"13348.56"	"45869.10"	"5d4.6s2"	"3G"	"3"	""	"*"	"4"		""	"L153"	
"307.5606"	"307.5606"	"0.0008"	"5"	""		"13777.71"	"46291.63"	"5d4.6s2"	"3F2"	"2"	""	"*"	"1"		""	"L153"	
"307.6111"	"307.6108"	"0.0008"	"6"	""		"15460.01"	"47968.62"	"5d4.6s2"	"3D"	"3"	""	"*"	"4"		""	"L153"	
"307.6217"	"307.6213"	"0.0008"	"5"	""		"14976.18"	"47483.68"	"5d4.6s2"	"3D"	"2"	""	"*"	"3"		""	"L153"	
"307.7064"	"307.7062"	"0.0008"	"10"	""		"18974.51"	"51473.04"	"5d5.(4G).6s"	"5G"	"3"	""	"*"	"4"		""	"L153"	
"307.7746"	""	""	"12"	""		""	""	""	""	""	""	""	""		""	"L153"	
"307.9611"	"307.9611"	"0.0008"	"3"	""		"15069.93"	"47541.56"	"5d4.6s2"	"3H"	"5"	""	"*"	"6"		""	"L153"	
"307.9732"	""	""	"6"	""		""	""	""	""	""	""	""	""		""	"L153"	
"307.9926"	"307.9942"	"0.0008"	"15"	""		"21448.76"	"53916.90"	"5d4.6s.(6D).6p"	"7F*"	"2"	""	""	"3"		""	"L153"	
"308.0112"	"308.0112"	"0.0008"	"30"	""		"14976.18"	"47442.53"	"5d4.6s2"	"3D"	"2"	""	"*"	"2"		""	"L153"	
"308.0933"	"308.0937"	"0.0008"	"6"	""		"20427.84"	"52885.50"	"5d5.(4P).6s"	"5P"	"1"	""	"*"	"2"		""	"L153"	
"308.1311"	"308.1313"	"0.0008"	"25"	""		"13307.10"	"45760.80"	"5d4.6s2"	"3P2"	"1"	""	"*"	"1"		""	"L153"	
"308.1591"	"308.1596"	"0.0008"	"20"	""		"18082.83"	"50533.55"	"5d4.6s2"	"3D"	"1"	""	"*"	"1"		""	"L153"	
"308.1778"	""	""	"5"	""		""	""	""	""	""	""	""	""		""	"L153"	
"308.2263"	"308.2265"	"0.0008"	"12"	""		"19535.01"	"51978.68"	"5d5.(4G).6s"	"5G"	"5"	""	"*"	"6"		""	"L153"	
"308.2757"	"308.2764"	"0.0008"	"30"	""		"18280.48"	"50718.90"	"5d5.(6S).6s"	"5S"	"2"	""	"*"	"2"		""	"L153"	
"308.3095"	"308.3096"	"0.0008"	"6"	""		"22476.68"	"54911.61"	"5d5.(4D).6s"	"5D"	"4"	""	"*"	"4"		""	"L153"	
"308.3312"	"308.3322"	"0.0008"	"1"	""		"19648.54"	"52081.09"	"5d5.(4G).6s"	"5G"	"6"	""	"*"	"5"		""	"L153"	
"308.3737"	"308.3743"	"0.0008"	"5"	""		"19827.68"	"52255.80"	"5d5.(4P).6s"	"5P"	"3"	""	"*"	"3"		""	"L153"	
"308.4122"	"308.4114"	"0.0008"	"1"	""		"22476.68"	"54900.90"	"5d5.(4D).6s"	"5D"	"4"	""	"*"	"3"		""	"L153"	
"308.4830"	"308.4829"	"0.0008"	"6"	""		"18116.84"	"50533.55"	"5d5.(4G).6s"	"5G"	"2"	""	"*"	"1"		""	"L153"	
"308.5116"	""	""	"12"	""		""	""	""	""	""	""	""	""		""	"L153"	
"308.5309"	"308.5305"	"0.0008"	"8"	""		"18082.83"	"50494.54"	"5d4.6s2"	"3D"	"1"	""	"*"	"2"		""	"L153"	
"308.5722"	"308.5722"	"0.0008"	"20"	""		"17107.01"	"49514.34"	"5d4.6s2"	"3F2"	"4"	""	"*"	"3"		""	"L153"	
"308.5806"	"308.5807"	"0.0008"	"25"	"1.3e+06"	B	"3325.53"	"35731.96"	"5d4.6s2"	"5D"	"2"	""	"*"	"2"		"T4976"	"L153"	
"308.6009"	"308.6010"	"0.0008"	"2"	""		"23455.02"	"55859.32"	"5d5.(4D).6s"	"5D"	"1"	""	"*"	"1"		""	"L153"	
"308.6236"	"308.6237"	"0.0008"	"10"	""		"23930.08"	"56332.00"	"5d5.(4D).6s"	"5D"	"3"	""	"*"	"3"		""	"L153"	
"308.7869"	"308.7868"	"0.0008"	"40"	""		"12161.96"	"44546.76"	"5d4.6s2"	"3H"	"4"	""	"*"	"5"		""	"L153"	
"308.8076"	""	""	"3"	""		""	""	""	""	""	""	""	""		""	"L153"	
"308.8537"	"308.8546"	"0.0008"	"20"	""		"18116.84"	"50494.54"	"5d5.(4G).6s"	"5G"	"2"	""	"*"	"2"		""	"L153"	
"308.9952"	"308.9958"	"0.0008"	"25"	""		"23484.78"	"55847.68"	"5d4.6s2"	"1I"	"6"	""	"*"	"6"		""	"L153"	
"309.0077"	"309.0081"	"0.0008"	"30"	""		"14976.18"	"47337.79"	"5d4.6s2"	"3D"	"2"	""	"*"	"2"		""	"L153"	
"309.0205"	"309.0209"	"0.0008"	"25"	""		"2951.29"	"35311.56"	"5d5.(6S).6s"	"7S"	"3"	""	"*"	"2"		""	"L153"	
"309.0321"	""	""	"2"	""		""	""	""	""	""	""	""	""		""	"L153"	
"309.0871"	"309.0882"	"0.0008"	"2"	""		"19253.56"	"51606.78"	"5d4.6s2"	"3P2"	"2"	""	"*"	"2"		""	"L153"	
"309.0985"	""	""	"10"	""		""	""	""	""	""	""	""	""		""	"L153"	
"309.1310"	"309.1314"	"0.0008"	"15"	""		"28392.70"	"60741.40"	"5d5.(2I).6s"	"3I"	"6"	""	"*"	"5"		""	"L153"	
"309.1477"	"309.1481"	"0.0008"	"40"	""		"19253.56"	"51600.52"	"5d4.6s2"	"3P2"	"2"	""	"*"	"3"		""	"L153"	
"309.1733"	"309.1737"	"0.0008"	"5"	""		"19256.24"	"51600.52"	"5d5.(4G).6s"	"5G"	"4"	""	"*"	"3"		""	"L153"	
"309.1939"	"309.1943"	"0.0008"	"3"	""		"24789.66"	"57131.78"	"5d4.6s2"	"1D2"	"2"	""	"*"	"3"		""	"L153"	
"309.3082"	"309.3089"	"0.0008"	"8"	""		"19648.54"	"51978.68"	"5d5.(4G).6s"	"5G"	"6"	""	"*"	"6"		""	"L153"	
"309.3178"	"309.3186"	"0.0008"	"15"	""		"13348.56"	"45677.69"	"5d4.6s2"	"3G"	"3"	""	"*"	"3"		""	"L153"	
"309.3408"	"309.3398"	"0.0008"	"12"	""		"13777.71"	"46104.62"	"5d4.6s2"	"3F2"	"2"	""	"*"	"1"		""	"L153"	
"309.3574"	"309.3587"	"0.0008"	"3"	""		"19827.68"	"52152.62"	"5d5.(4P).6s"	"5P"	"3"	""	"*"	"2"		""	"L153"	
"309.3982"	"309.3955"	"0.0008"	"4"	""		"19535.01"	"51856.10"	"5d5.(4G).6s"	"5G"	"5"	""	"*"	"4"		""	"L153"	
"309.4208"	""	""	"10"	""		""	""	""	""	""	""	""	""		""	"L153"	
"309.4398"	"309.4408"	"0.0008"	"100"	"4.4e+06"	B	"4830.00"	"37146.36"	"5d4.6s2"	"5D"	"3"	""	"*"	"4"		"T4976"	"L153"	
"309.452"	""	""	"4"	""		""	""	""	""	""	""	""	""		""	"L153"	
"309.4924"	"309.4932"	"0.0008"	"15"	""		"17107.01"	"49417.90"	"5d4.6s2"	"3F2"	"4"	""	"*"	"3"		""	"L153"	
"309.495"	"309.4950"	"0.0008"	"100"	""		"23484.78"	"55795.48"	"5d4.6s2"	"1I"	"6"	""	"*"	"5"		""	"L153"	
"309.515"	"309.5159"	"0.0008"	"2"	""		"27849.80"	"60158.32"	"5d5.(2I).6s"	"3I"	"5"	""	"*"	"4"		""	"L153"	
"309.5655"	"309.5652"	"0.0008"	"5"	""		"20174.20"	"52477.57"	"5d4.6s2"	"1S2"	"0"	""	"*"	"1"		""	"L153"	
"309.5785"	"309.5793"	"0.0008"	"6"	""		"20983.02"	"53284.92"	"5d5.(4P).6s"	"5P"	"2"	""	"*"	"2"		""	"L153"	
"309.588"	"309.5895"	"0.0008"	"2"	""		"29853.66"	"62154.50"	"5d5.(4F).6s"	"5F"	"4"	""	"*"	"5"		""	"L153"	
"309.5949"	""	""	"4"	""		""	""	""	""	""	""	""	""		""	"L153"	
"309.690"	"309.6904"	"0.0008"	"15"	""		"13777.71"	"46068.02"	"5d4.6s2"	"3F2"	"2"	""	"*"	"3"		""	"L153"	
"309.7313"	"309.7336"	"0.0008"	"10"	""		"23047.31"	"55333.12"	"5d4.6s.(6D).6p"	"7F*"	"3"	""	""	"4"		""	"L153"	
"309.7397"	"309.7408"	"0.0008"	"10"	""		"12161.96"	"44447.02"	"5d4.6s2"	"3H"	"4"	""	"*"	"3"		""	"L153"	
"309.7736"	""	""	"20"	""		""	""	""	""	""	""	""	""		""	"L153"	
"309.7952"	"309.7954"	"0.0008"	"4"	""		"14976.18"	"47255.55"	"5d4.6s2"	"3D"	"2"	""	"*"	"1"		""	"L153"	
"309.8473"	"309.8491"	"0.0008"	"4"	""		"1670.29"	"33944.06"	"5d4.6s2"	"5D"	"1"	""	"*"	"2"		""	"L153"	
"309.9335"	"309.9348"	"0.0008"	"30"	""		"17701.18"	"49966.03"	"5d4.6s2"	"3F2"	"3"	""	"*"	"3"		""	"L153"	
"309.9934"	""	""	"20"	""		""	""	""	""	""	""	""	""		""	"L153"	
"310.2327"	"310.2339"	"0.0008"	"3"	""		"19826.04"	"52059.78"	"5d4.6s2"	"3G"	"5"	""	"*"	"4"		""	"L153"	
"310.2480"	"310.2497"	"0.0008"	"10"	""		"19827.68"	"52059.78"	"5d5.(4P).6s"	"5P"	"3"	""	"*"	"4"		""	"L153"	
"310.2752"	"310.2765"	"0.0008"	"5"	""		"15460.01"	"47689.33"	"5d4.6s2"	"3D"	"3"	""	"*"	"4"		""	"L153"	
"310.3554"	""	""	"6"	""		""	""	""	""	""	""	""	""		""	"L153"	
"310.3950"	"310.3971"	"0.0008"	"15"	""		"19256.24"	"51473.04"	"5d5.(4G).6s"	"5G"	"4"	""	"*"	"4"		""	"L153"	
"310.4221"	"310.4235"	"0.0008"	"4"	""		"18280.48"	"50494.54"	"5d5.(6S).6s"	"5S"	"2"	""	"*"	"2"		""	"L153"	
"310.4819"	"310.4831"	"0.0008"	"20"	""		"18974.51"	"51182.38"	"5d5.(4G).6s"	"5G"	"3"	""	"*"	"2"		""	"L153"	
"310.4989"	"310.5008"	"0.0008"	"8"	""		"23484.78"	"55690.82"	"5d4.6s2"	"1I"	"6"	""	"*"	"7"		""	"L153"	
"310.5314"	"310.5324"	"0.0008"	"15"	""		"13348.56"	"45551.32"	"5d4.6s2"	"3G"	"3"	""	"*"	"3"		""	"L153"	
"310.6777"	"310.6786"	"0.0008"	"40"	""		"19827.68"	"52015.28"	"5d5.(4P).6s"	"5P"	"3"	""	"*"	"3"		""	"L153"	
"310.739"	"310.7386"	"0.0008"	"2"	""		"28233.44"	"60414.83"	"5d5.(4F).6s"	"5F"	"5"	""	"*"	"6"		""	"L153"	
"310.8128"	"310.8136"	"0.0008"	"100"	"2.33e+06"	B	"3325.53"	"35499.15"	"5d4.6s2"	"5D"	"2"	""	"*"	"3"		"T4976"	"L153"	
"310.8920"	"310.8922"	"0.0008"	"100"	"1.58e+06"	B	"2951.29"	"35116.78"	"5d5.(6S).6s"	"7S"	"3"	""	"*"	"4"		"T4976"	"L153"	
"310.9030"	"310.9004"	"0.0008"	"3"	""		"23455.02"	"55619.66"	"5d5.(4D).6s"	"5D"	"1"	""	"*"	"2"		""	"L153"	
"311.1018"	"311.1030"	"0.0008"	"4"	""		"31389.08"	"63532.78"	"5d5.(4G).6s"	"3G"	"5"	""	"*"	"6"		""	"L153"	
"311.1938"	""	""	"4"	""		""	""	""	""	""	""	""	""		""	"L153"	
"311.2018"	"311.2024"	"0.0008"	"30"	""		"15460.01"	"47593.44"	"5d4.6s2"	"3D"	"3"	""	"*"	"3"		""	"L153"	
"311.2481"	""	""	"3"	""		""	""	""	""	""	""	""	""		""	"L153"	
"311.2851"	"311.2863"	"0.0008"	"20"	""		"13777.71"	"45902.48"	"5d4.6s2"	"3F2"	"2"	""	"*"	"2"		""	"L153"	
"311.4559"	"311.4566"	"0.0008"	"5"	""		"23930.08"	"56037.28"	"5d5.(4D).6s"	"5D"	"3"	""	"*"	"2"		""	"L153"	
"311.4649"	"311.4658"	"0.0008"	"5"	""		"24610.88"	"56717.13"	"5d4.6s2"	"1F"	"3"	""	"*"	"3"		""	"L153"	
"311.4779"	"311.4780"	"0.0008"	"8"	""		"29430.50"	"61535.50"	""	""	"3"	""	"*"	"4"		""	"L153,L416"	
"311.4945"	"311.4952"	"0.0008"	"5"	""		"14976.18"	"47079.40"	"5d4.6s2"	"3D"	"2"	""	"*"	"2"		""	"L153"	
"311.548"	"311.5491"	"0.0008"	"15"	""		"18974.51"	"51072.18"	"5d5.(4G).6s"	"5G"	"3"	""	"*"	"3"		""	"L153"	
"311.6368"	""	""	"8"	""		""	""	""	""	""	""	""	""		""	"L153"	
"311.649"	"311.6488"	"0.0008"	"3"	""		"17701.18"	"49788.58"	"5d4.6s2"	"3F2"	"3"	""	"*"	"4"		""	"L153"	
"311.711"	"311.7119"	"0.0008"	"25"	""		"17107.01"	"49187.92"	"5d4.6s2"	"3F2"	"4"	""	"*"	"5"		""	"L153"	
"311.7237"	"311.7231"	"0.0008"	"20"	""		"22476.68"	"54556.43"	"5d5.(4D).6s"	"5D"	"4"	""	"*"	"3"		""	"L153"	
"311.7768"	"311.7775"	"0.0008"	"25"	""		"4830.00"	"36904.16"	"5d4.6s2"	"5D"	"3"	""	"*"	"2"		""	"L153"	
"311.828"	"311.8290"	"0.0008"	"15"	""		"18116.84"	"50185.70"	"5d5.(4G).6s"	"5G"	"2"	""	"*"	"3"		""	"L153"	
"311.8476"	"311.8480"	"0.0008"	"120"	""		"13307.10"	"45374.00"	"5d4.6s2"	"3P2"	"1"	""	"*"	"1"		""	"L153"	
"311.9250"	"311.9251"	"0.0008"	"20"	""		"20983.02"	"53042.00"	"5d5.(4P).6s"	"5P"	"2"	""	"*"	"1"		""	"L153"	
"311.9680"	"311.9689"	"0.0008"	"8"	""		"23982.80"	"56037.28"	"5d5.(4D).6s"	"5D"	"2"	""	"*"	"2"		""	"L153"	
"312.0141"	"312.0143"	"0.0008"	"5"	""		"27213.82"	"59263.63"	"5d5.(2F1).6s"	"3F"	"4"	""	"*"	"5"		""	"L153"	
"312.0433"	""	""	"4"	""		""	""	""	""	""	""	""	""		""	"L153"	
"312.0667"	"312.0674"	"0.0008"	"50"	""		"4830.00"	"36874.36"	"5d4.6s2"	"5D"	"3"	""	"*"	"3"		""	"L153"	
"312.1003"	"312.1007"	"0.0008"	"15"	""		"17107.01"	"49147.95"	"5d4.6s2"	"3F2"	"4"	""	"*"	"4"		""	"L153"	
"312.108"	"312.1092"	"0.0008"	"60"	"3.9e+06"	B	"6219.33"	"38259.40"	"5d4.6s2"	"5D"	"4"	""	"*"	"4"		"T6977"	"L153"	
"312.1623"	"312.1635"	"0.0008"	"20"	""		"19256.24"	"51290.73"	"5d5.(4G).6s"	"5G"	"4"	""	"*"	"5"		""	"L153"	
"312.2051"	"312.2067"	"0.0008"	"2"	""		"19826.04"	"51856.10"	"5d4.6s2"	"3G"	"5"	""	"*"	"4"		""	"L153"	
"312.2699"	"312.2690"	"0.0008"	"8"	""		"15460.01"	"47483.68"	"5d4.6s2"	"3D"	"3"	""	"*"	"3"		""	"L153"	
"312.290"	""	""	"5"	""		""	""	""	""	""	""	""	""		""	"L153"	
"312.3360"	""	""	"4"	""		""	""	""	""	""	""	""	""		""	"L153"	
"312.427"	"312.4274"	"0.0008"	"5"	""		"23484.78"	"55492.22"	"5d4.6s2"	"1I"	"6"	""	"*"	"5"		""	"L153"	
"312.454"	"312.4544"	"0.0008"	"5"	""		"24763.39"	"56768.06"	"5d4.6s.(6D).6p"	"7F*"	"4"	""	""	"5"		""	"L153"	
"312.502"	"312.5021"	"0.0008"	"4"	""		"13307.10"	"45306.89"	"5d4.6s2"	"3P2"	"1"	""	"*"	"0"		""	"L153"	
"312.541"	"312.5416"	"0.0008"	"12"	""		"28233.44"	"60229.18"	"5d5.(4F).6s"	"5F"	"5"	""	"*"	"5"		""	"L153"	
"312.5628"	"312.5635"	"0.0008"	"15"	""		"20064.30"	"52057.80"	"5d4.6s.(6D).6p"	"7F*"	"1"	""	""	"1"		""	"L153"	
"312.5969"	""	""	"3"	""		""	""	""	""	""	""	""	""		""	"L153"	
"312.6254"	"312.6265"	"0.0008"	"50"	""		"6219.33"	"38206.38"	"5d4.6s2"	"5D"	"4"	""	"*"	"3"		""	"L153"	
"312.637"	"312.6365"	"0.0008"	"20"	""		"3325.53"	"35311.56"	"5d4.6s2"	"5D"	"2"	""	"*"	"2"		""	"L153"	
"312.8235"	"312.8239"	"0.0008"	"60"	""		"17107.01"	"49073.88"	"5d4.6s2"	"3F2"	"4"	""	"*"	"5"		""	"L153"	
"312.8405"	"312.8409"	"0.0008"	"8"	""		"17107.01"	"49072.14"	"5d4.6s2"	"3F2"	"4"	""	"*"	"3"		""	"L153"	
"312.8853"	"312.8866"	"0.0008"	"3"	""		"20983.02"	"52943.48"	"5d5.(4P).6s"	"5P"	"2"	""	"*"	"3"		""	"L153"	
"313.1059"	"313.1064"	"0.0008"	"15"	""		"19535.01"	"51473.04"	"5d5.(4G).6s"	"5G"	"5"	""	"*"	"4"		""	"L153"	
"313.1359"	"313.1364"	"0.0008"	"30"	""		"18974.51"	"50909.47"	"5d5.(4G).6s"	"5G"	"3"	""	"*"	"4"		""	"L153"	
"313.1901"	"313.1914"	"0.0008"	"5"	""		"23455.02"	"55384.38"	"5d5.(4D).6s"	"5D"	"1"	""	"*"	"1"		""	"L153"	
"313.1954"	"313.1967"	"0.0008"	"2"	""		"19253.56"	"51182.38"	"5d4.6s2"	"3P2"	"2"	""	"*"	"2"		""	"L153"	
"313.2090"	"313.2099"	"0.0008"	"4"	""		"24789.66"	"56717.13"	"5d4.6s2"	"1D2"	"2"	""	"*"	"3"		""	"L153"	
"313.342"	"313.3422"	"0.0008"	"2"	""		"13348.56"	"45262.55"	"5d4.6s2"	"3G"	"3"	""	"*"	"4"		""	"L153"	
"313.3501"	""	""	"25"	""		""	""	""	""	""	""	""	""		""	"L153"	
"313.428"	"313.4283"	"0.0008"	"6"	""		"18280.48"	"50185.70"	"5d5.(6S).6s"	"5S"	"2"	""	"*"	"3"		""	"L153"	
"313.4541"	"313.4553"	"0.0008"	"6"	""		"20983.02"	"52885.50"	"5d5.(4P).6s"	"5P"	"2"	""	"*"	"2"		""	"L153"	
"313.4624"	"313.4626"	"0.0008"	"12"	""		"15460.01"	"47361.74"	"5d4.6s2"	"3D"	"3"	""	"*"	"3"		""	"L153"	
"313.4792"	"313.4798"	"0.0008"	"80"	""		"13777.71"	"45677.69"	"5d4.6s2"	"3F2"	"2"	""	"*"	"3"		""	"L153"	
"313.5936"	""	""	"3"	""		""	""	""	""	""	""	""	""		""	"L153"	
"313.698"	"313.6981"	"0.0008"	"40"	""		"15460.01"	"47337.79"	"5d4.6s2"	"3D"	"3"	""	"*"	"2"		""	"L153"	
"313.709"	"313.7105"	"0.0008"	"40"	""		"23982.80"	"55859.32"	"5d5.(4D).6s"	"5D"	"2"	""	"*"	"1"		""	"L153"	
"313.7493"	"313.7497"	"0.0008"	"20"	""		"20064.30"	"51936.84"	"5d4.6s.(6D).6p"	"7F*"	"1"	""	""	"2"		""	"L153"	
"313.8133"	"313.8124"	"0.0008"	"4"	""		"19827.68"	"51693.85"	"5d5.(4P).6s"	"5P"	"3"	""	"*"	"2"		""	"L153"	
"313.8325"	""	""	"4"	""		""	""	""	""	""	""	""	""		""	"L153"	
"313.854"	"313.8544"	"0.0008"	"25"	""		"15069.93"	"46931.84"	"5d4.6s2"	"3H"	"5"	""	"*"	"4"		""	"L153"	
"313.8821"	"313.8827"	"0.0008"	"15"	""		"12161.96"	"44021.00"	"5d4.6s2"	"3H"	"4"	""	"*"	"3"		""	"L153"	
"313.979"	"313.9797"	"0.0008"	"15"	""		"18116.84"	"49966.03"	"5d5.(4G).6s"	"5G"	"2"	""	"*"	"3"		""	"L153"	
"314.0332"	"314.0339"	"0.0008"	"12"	""		"4830.00"	"36673.70"	"5d4.6s2"	"5D"	"3"	""	"*"	"2"		""	"L153"	
"314.1056"	"314.1051"	"0.0008"	"6"	""		"28392.70"	"60229.18"	"5d5.(2I).6s"	"3I"	"6"	""	"*"	"5"		""	"L153"	
"314.1321"	"314.1323"	"0.0008"	"30"	""		"6219.33"	"38053.05"	"5d4.6s2"	"5D"	"4"	""	"*"	"3"		""	"L153"	
"314.1662"	"314.1664"	"0.0008"	"60"	""		"14976.18"	"46806.45"	"5d4.6s2"	"3D"	"2"	""	"*"	"2"		""	"L153"	
"314.2084"	"314.2092"	"0.0008"	"12"	""		"18974.51"	"50800.44"	"5d5.(4G).6s"	"5G"	"3"	""	"*"	"3"		""	"L153"	
"314.2330"	"314.2337"	"0.0008"	"100"	""		"12161.96"	"43985.41"	"5d4.6s2"	"3H"	"4"	""	"*"	"4"		""	"L153"	
"314.2808"	"314.2814"	"0.0008"	"5"	""		"19253.56"	"51072.18"	"5d4.6s2"	"3P2"	"2"	""	"*"	"3"		""	"L153"	
"314.3057"	"314.3065"	"0.0008"	"80"	""		"17701.18"	"49517.26"	"5d4.6s2"	"3F2"	"3"	""	"*"	"2"		""	"L153"	
"314.3634"	"314.3651"	"0.0008"	"20w"	""		"24763.39"	"56573.54"	"5d4.6s.(6D).6p"	"7F*"	"4"	""	""	"5"		""	"L153"	
"314.4126"	"314.4134"	"0.0008"	"25"	""		"20427.84"	"52233.10"	"5d5.(4P).6s"	"5P"	"1"	""	"*"	"0"		""	"L153"	
"314.5326"	"314.5338"	"0.0008"	"3"	""		"22476.68"	"54269.77"	"5d5.(4D).6s"	"5D"	"4"	""	"*"	"3"		""	"L153"	
"314.615"	"314.6151"	"0.0008"	"12"	""		"15069.93"	"46854.80"	"5d4.6s2"	"3H"	"5"	""	"*"	"5"		""	"L153"	
"314.645"	"314.6456"	"0.0008"	"50"	"4.8e+05"	C	"6219.33"	"38001.12"	"5d4.6s2"	"5D"	"4"	""	"*"	"4"		"T4976"	"L153"	
"314.6715"	"314.6722"	"0.0008"	"3"	""		"19827.68"	"51606.78"	"5d5.(4P).6s"	"5P"	"3"	""	"*"	"2"		""	"L153"	
"314.6945"	""	""	"3"	""		""	""	""	""	""	""	""	""		""	"L153"	
"314.7263"	"314.7266"	"0.0008"	"20"	""		"13777.71"	"45551.32"	"5d4.6s2"	"3F2"	"2"	""	"*"	"3"		""	"L153"	
"314.7339"	"314.7342"	"0.0008"	"8"	""		"19827.68"	"51600.52"	"5d5.(4P).6s"	"5P"	"3"	""	"*"	"3"		""	"L153"	
"314.8088"	""	""	"3"	""		""	""	""	""	""	""	""	""		""	"L153"	
"314.8459"	""	""	"4"	""		""	""	""	""	""	""	""	""		""	"L153"	
"314.903"	"314.9039"	"0.0008"	"6"	""		"19535.01"	"51290.73"	"5d5.(4G).6s"	"5G"	"5"	""	"*"	"5"		""	"L153"	
"315.0164"	"315.0163"	"0.0008"	"2"	""		"18974.51"	"50718.90"	"5d5.(4G).6s"	"5G"	"3"	""	"*"	"2"		""	"L153"	
"315.0659"	"315.0674"	"0.0008"	"1"	""		"16431.31"	"48170.55"	"5d4.6s2"	"3G"	"4"	""	"*"	"3"		""	"L153"	
"315.137"	""	""	"2"	""		""	""	""	""	""	""	""	""		""	"L153"	
"315.2598"	"315.2597"	"0.0008"	"6"	""		"29460.98"	"61180.86"	"5d5.(2I).6s"	"3I"	"7"	""	"*"	"7"		""	"L153"	
"315.2909"	"315.2911"	"0.0008"	"15"	""		"17701.18"	"49417.90"	"5d4.6s2"	"3F2"	"3"	""	"*"	"3"		""	"L153"	
"315.3017"	"315.3018"	"0.0008"	"10"	""		"18082.83"	"49798.48"	"5d4.6s2"	"3D"	"1"	""	"*"	"0"		""	"L153"	
"315.3397"	"315.3388"	"0.0008"	"25"	""		"13307.10"	"45019.02"	"5d4.6s2"	"3P2"	"1"	""	"*"	"2"		""	"L153"	
"315.3867"	"315.3871"	"0.0008"	"80"	""		"16431.31"	"48138.38"	"5d4.6s2"	"3G"	"4"	""	"*"	"5"		""	"L153"	
"315.4566"	""	""	"3"	""		""	""	""	""	""	""	""	""		""	"L153"	
"315.5085"	"315.5105"	"0.0008"	"5"	""		"24789.66"	"56484.33"	"5d4.6s2"	"1D2"	"2"	""	"*"	"3"		""	"L153"	
"315.5675"	"315.5681"	"0.0008"	"8"	""		"12161.96"	"43850.84"	"5d4.6s2"	"3H"	"4"	""	"*"	"3"		""	"L153"	
"315.600"	"315.6013"	"0.0008"	"60"	""		"18280.48"	"49966.03"	"5d5.(6S).6s"	"5S"	"2"	""	"*"	"3"		""	"L153"	
"315.643"	"315.6435"	"0.0008"	"25"	""		"2951.29"	"34632.60"	"5d5.(6S).6s"	"7S"	"3"	""	"*"	"4"		""	"L153"	
"315.750"	"315.7507"	"0.0008"	"3*"	""		"20983.02"	"52653.58"	"5d5.(4P).6s"	"5P"	"2"	""	"*"	"2"		""	"L153c23"	
"315.750"	"315.7516"	"0.0008"	"3*"	""		"13348.56"	"45019.02"	"5d4.6s2"	"3G"	"3"	""	"*"	"2"		""	"L153"	
"315.907"	""	""	"15"	""		""	""	""	""	""	""	""	""		""	"L153"	
"315.923"	"315.9235"	"0.0008"	"4"	""		"19256.24"	"50909.47"	"5d5.(4G).6s"	"5G"	"4"	""	"*"	"4"		""	"L153"	
"315.9718"	"315.9719"	"0.0008"	"30"	""		"19648.54"	"51296.92"	"5d5.(4G).6s"	"5G"	"6"	""	"*"	"7"		""	"L153"	
"315.9957"	"315.9968"	"0.0008"	"5"	""		"22773.78"	"54419.67"	"5d5.(4D).6s"	"5D"	"0"	""	"*"	"1"		""	"L153"	
"316.0096"	"316.0102"	"0.0008"	"60"	""		"13777.71"	"45422.26"	"5d4.6s2"	"3F2"	"2"	""	"*"	"2"		""	"L153"	
"316.0333"	"316.0338"	"0.0008"	"10*"	""		"19648.54"	"51290.73"	"5d5.(4G).6s"	"5G"	"6"	""	"*"	"5"		""	"L153c23"	
"316.0333"	"316.0347"	"0.0008"	"10*"	""		"22476.68"	"54118.78"	"5d5.(4D).6s"	"5D"	"4"	""	"*"	"4"		""	"L153"	
"316.0487"	"316.0488"	"0.0008"	"12*"	""		"22476.68"	"54117.36"	"5d5.(4D).6s"	"5D"	"4"	""	"*"	"3"		""	"L153"	
"316.0487"	"316.0500"	"0.0008"	"12*"	""		"19253.56"	"50894.12"	"5d4.6s2"	"3P2"	"2"	""	"*"	"3"		""	"L153"	
"316.0773"	"316.0768"	"0.0008"	"2"	""		"19256.24"	"50894.12"	"5d5.(4G).6s"	"5G"	"4"	""	"*"	"3"		""	"L153"	
"316.1049"	"316.1048"	"0.0008"	"3"	""		"27213.82"	"58848.90"	"5d5.(2F1).6s"	"3F"	"4"	""	"*"	"4"		""	"L153"	
"316.2630"	"316.2616"	"0.0008"	"2"	""		"15460.01"	"47079.40"	"5d4.6s2"	"3D"	"3"	""	"*"	"2"		""	"L153"	
"316.2887"	"316.2882"	"0.0008"	"15"	""		"18082.83"	"49699.56"	"5d4.6s2"	"3D"	"1"	""	"*"	"2"		""	"L153"	
"316.3531"	"316.3531"	"0.0008"	"3"	""		"23047.31"	"54657.56"	"5d4.6s.(6D).6p"	"7F*"	"3"	""	""	"3"		""	"L153"	
"316.4332"	"316.4328"	"0.0008"	"80"	""		"15069.93"	"46672.22"	"5d4.6s2"	"3H"	"5"	""	"*"	"6"		""	"L153"	
"316.4924"	"316.4929"	"0.0008"	"12"	""		"13777.71"	"45374.00"	"5d4.6s2"	"3F2"	"2"	""	"*"	"1"		""	"L153"	
"316.536"	"316.5357"	"0.0008"	"60"	""		"13348.56"	"44940.57"	"5d4.6s2"	"3G"	"3"	""	"*"	"4"		""	"L153"	
"316.6291"	"316.6288"	"0.0008"	"60"	""		"18116.84"	"49699.56"	"5d5.(4G).6s"	"5G"	"2"	""	"*"	"2"		""	"L153"	
"316.6624"	"316.6620"	"0.0008"	"5"	""		"12161.96"	"43741.37"	"5d4.6s2"	"3H"	"4"	""	"*"	"5"		""	"L153"	
"316.6791"	"316.6797"	"0.0008"	"4"	""		"23455.02"	"55032.67"	"5d5.(4D).6s"	"5D"	"1"	""	"*"	"2"		""	"L153"	
"316.766"	"316.7657"	"0.0008"	"10"	""		"17107.01"	"48676.08"	"5d4.6s2"	"3F2"	"4"	""	"*"	"4"		""	"L153"	
"316.8189"	"316.8191"	"0.0008"	"10"	""		"24610.88"	"56174.63"	"5d4.6s2"	"1F"	"3"	""	"*"	"4"		""	"L153"	
"316.8502"	"316.8496"	"0.0008"	"30"	""		"27849.80"	"59410.52"	"5d5.(2I).6s"	"3I"	"5"	""	"*"	"6"		""	"L153"	
"316.9591"	"316.9589"	"0.0008"	"1"	""		"19256.24"	"50806.07"	"5d5.(4G).6s"	"5G"	"4"	""	"*"	"5"		""	"L153"	
"316.9893"	"316.9886"	"0.0008"	"15"	""		"19253.56"	"50800.44"	"5d4.6s2"	"3P2"	"2"	""	"*"	"3"		""	"L153"	
"317.0159"	"317.0155"	"0.0008"	"2"	""		"19256.24"	"50800.44"	"5d5.(4G).6s"	"5G"	"4"	""	"*"	"3"		""	"L153"	
"317.0253"	"317.0342"	"0.0008"	"1"	""		"24789.66"	"56332.00"	"5d4.6s2"	"1D2"	"2"	""	"*"	"3"		""	"L153"	
"317.0851"	"317.0847"	"0.0008"	"40"	""		"16431.31"	"47968.62"	"5d4.6s2"	"3G"	"4"	""	"*"	"4"		""	"L153"	
"317.1123"	"317.1123"	"0.0008"	"60"	"6.0e+05"	B	"2951.29"	"34485.86"	"5d5.(6S).6s"	"7S"	"3"	""	"*"	"2"		"T4976"	"L153"	
"317.1259"	""	""	"25"	""		""	""	""	""	""	""	""	""		""	"L153"	
"317.2561"	"317.2550"	"0.0008"	"15"	""		"20983.02"	"52503.41"	"5d5.(4P).6s"	"5P"	"2"	""	"*"	"2"		""	"L153"	
"317.4032"	""	""	"4"	""		""	""	""	""	""	""	""	""		""	"L153"	
"317.4254"	""	""	"4"	""		""	""	""	""	""	""	""	""		""	"L153"	
"317.7452"	"317.7445"	"0.0008"	"6"	""		"15460.01"	"46931.84"	"5d4.6s2"	"3D"	"3"	""	"*"	"4"		""	"L153"	
"317.7520"	"317.7519"	"0.0008"	"150"	"2.12e+06"	B	"1670.29"	"33141.38"	"5d4.6s2"	"5D"	"1"	""	"*"	"2"		"T4976"	"L153"	
"317.812"	"317.8100"	"0.0008"	"30"	""		"19253.56"	"50718.90"	"5d4.6s2"	"3P2"	"2"	""	"*"	"2"		""	"L153"	
"317.817"	"317.8166"	"0.0008"	"5"	""		"19826.04"	"51290.73"	"5d4.6s2"	"3G"	"5"	""	"*"	"5"		""	"L153"	
"317.8627"	"317.8631"	"0.0008"	"4"	""		"23930.08"	"55390.16"	"5d5.(4D).6s"	"5D"	"3"	""	"*"	"2"		""	"L153"	
"317.889"	"317.8892"	"0.0008"	"5"	""		"22852.80"	"54310.30"	"5d4.6s2"	"1G2"	"4"	""	"*"	"5"		""	"L153"	
"317.9175"	"317.9170"	"0.0008"	"25"	""		"6219.33"	"37674.08"	"5d4.6s2"	"5D"	"4"	""	"*"	"3"		""	"L153"	
"317.998"	"317.9977"	"0.0008"	"80"	""		"17701.18"	"49147.95"	"5d4.6s2"	"3F2"	"3"	""	"*"	"4"		""	"L153"	
"318.009"	""	""	"4"	""		""	""	""	""	""	""	""	""		""	"L153"	
"318.1033"	"318.1022"	"0.0008"	"4"	""		"15069.93"	"46506.37"	"5d4.6s2"	"3H"	"5"	""	"*"	"5"		""	"L153"	
"318.1118"	""	""	"5"	""		""	""	""	""	""	""	""	""		""	"L153"	
"318.123"	"318.1225"	"0.0008"	"20"	""		"18082.83"	"49517.26"	"5d4.6s2"	"3D"	"1"	""	"*"	"2"		""	"L153"	
"318.1665"	"318.1662"	"0.0008"	"60"	""		"13307.10"	"44737.21"	"5d4.6s2"	"3P2"	"1"	""	"*"	"1"		""	"L153"	
"318.2045"	"318.2038"	"0.0008"	"2"	""		"24610.88"	"56037.28"	"5d4.6s2"	"1F"	"3"	""	"*"	"2"		""	"L153"	
"318.2736"	"318.2734"	"0.0008"	"100"	""		"16431.31"	"47850.84"	"5d4.6s2"	"3G"	"4"	""	"*"	"5"		""	"L153"	
"318.2788"	"318.2779"	"0.0008"	"6"	""		"18280.48"	"49699.56"	"5d5.(6S).6s"	"5S"	"2"	""	"*"	"2"		""	"L153"	
"318.2994"	"318.2993"	"0.0008"	"8"	""		"22852.80"	"54269.77"	"5d4.6s2"	"1G2"	"4"	""	"*"	"3"		""	"L153"	
"318.3087"	"318.3079"	"0.0008"	"4"	""		"23930.08"	"55346.20"	"5d5.(4D).6s"	"5D"	"3"	""	"*"	"4"		""	"L153"	
"318.358"	"318.3580"	"0.0008"	"6"	""		"23484.78"	"54895.96"	"5d4.6s2"	"1I"	"6"	""	"*"	"6"		""	"L153"	
"318.378"	"318.3772"	"0.0008"	"60"	""		"14976.18"	"46385.46"	"5d4.6s2"	"3D"	"2"	""	"*"	"3"		""	"L153"	
"318.3966"	"318.3967"	"0.0008"	"4"	""		"23982.80"	"55390.16"	"5d5.(4D).6s"	"5D"	"2"	""	"*"	"2"		""	"L153"	
"318.4435"	"318.4430"	"0.0008"	"30"	"2.64e+05"	B	"2951.29"	"34354.08"	"5d5.(6S).6s"	"7S"	"3"	""	"*"	"3"		"T4976"	"L153"	
"318.4673"	"318.4671"	"0.0008"	"20"	""		"18116.84"	"49517.26"	"5d5.(4G).6s"	"5G"	"2"	""	"*"	"2"		""	"L153"	
"318.497"	"318.4967"	"0.0008"	"50"	""		"18116.84"	"49514.34"	"5d5.(4G).6s"	"5G"	"2"	""	"*"	"3"		""	"L153"	
"318.5339"	"318.5342"	"0.0008"	"120"	"2.53e+06"	B	"3325.53"	"34719.33"	"5d4.6s2"	"5D"	"2"	""	"*"	"1"		"T6977"	"L153"	
"318.6127"	"318.6130"	"0.0008"	"25"	""		"22476.68"	"53862.72"	"5d5.(4D).6s"	"5D"	"4"	""	"*"	"5"		""	"L153"	
"318.6323"	""	""	"6"	""		""	""	""	""	""	""	""	""		""	"L153"	
"318.7664"	"318.7661"	"0.0008"	"15"	""		"17701.18"	"49072.14"	"5d4.6s2"	"3F2"	"3"	""	"*"	"3"		""	"L153"	
"318.7893"	""	""	"8"	""		""	""	""	""	""	""	""	""		""	"L153"	
"318.8690"	"318.8687"	"0.0008"	"20"	""		"18082.83"	"49443.70"	"5d4.6s2"	"3D"	"1"	""	"*"	"1"		""	"L153"	
"318.9314"	"318.9315"	"0.0008"	"12"	""		"19827.68"	"51182.38"	"5d5.(4P).6s"	"5P"	"3"	""	"*"	"2"		""	"L153"	
"318.9631"	"318.9633"	"0.0008"	"3"	""		"14976.18"	"46327.75"	"5d4.6s2"	"3D"	"2"	""	"*"	"2"		""	"L153"	
"319.0160"	"319.0155"	"0.0008"	"50"	""		"15460.01"	"46806.45"	"5d4.6s2"	"3D"	"3"	""	"*"	"2"		""	"L153"	
"319.2151"	"319.2149"	"0.0008"	"10"	""		"18116.84"	"49443.70"	"5d5.(4G).6s"	"5G"	"2"	""	"*"	"1"		""	"L153"	
"319.2495"	"319.2493"	"0.0008"	"200"	"3.2e+06"	B	"0.00"	"31323.48"	"5d4.6s2"	"5D"	"0"	""	"*"	"1"		"T4976"	"L153"	
"319.2655"	"319.2653"	"0.0008"	"8"	""		"27849.80"	"59171.71"	"5d5.(2I).6s"	"3I"	"5"	""	"*"	"4"		""	"L153"	
"319.3189"	"319.3193"	"0.0008"	"8"	""		"12161.96"	"43478.58"	"5d4.6s2"	"3H"	"4"	""	"*"	"3"		""	"L153"	
"319.331"	"319.3312"	"0.0008"	"15"	""		"14976.18"	"46291.63"	"5d4.6s2"	"3D"	"2"	""	"*"	"1"		""	"L153"	
"319.3859"	"319.3855"	"0.0008"	"15"	""		"18974.51"	"50284.64"	"5d5.(4G).6s"	"5G"	"3"	""	"*"	"4"		""	"L153"	
"319.4547"	"319.4549"	"0.0008"	"4"	""		"19648.54"	"50951.86"	"5d5.(4G).6s"	"5G"	"6"	""	"*"	"6"		""	"L153"	
"319.4779"	"319.4780"	"0.0008"	"30"	""		"18116.84"	"49417.90"	"5d5.(4G).6s"	"5G"	"2"	""	"*"	"3"		""	"L153"	
"319.4907"	"319.4909"	"0.0008"	"20"	""		"27849.80"	"59149.60"	"5d5.(2I).6s"	"3I"	"5"	""	"*"	"5"		""	"L153c23"	
"319.5469"	""	""	"25"	""		""	""	""	""	""	""	""	""		""	"L153"	
"319.5994"	"319.5993"	"0.0008"	"25"	""		"13307.10"	"44596.28"	"5d4.6s2"	"3P2"	"1"	""	"*"	"2"		""	"L153"	
"319.6877"	"319.6868"	"0.0008"	"6"	""		"28392.70"	"59673.32"	"5d5.(2I).6s"	"3I"	"6"	""	"*"	"5"		""	"L153"	
"319.693"	"319.6932"	"0.0008"	"6"	""		"19253.56"	"50533.55"	"5d4.6s2"	"3P2"	"2"	""	"*"	"1"		""	"L153"	
"319.704"	"319.7033"	"0.0008"	"6"	""		"27849.80"	"59128.80"	"5d5.(2I).6s"	"3I"	"5"	""	"*"	"6"		""	"L153"	
"319.7850"	"319.7845"	"0.0008"	"8"	""		"19535.01"	"50806.07"	"5d5.(4G).6s"	"5G"	"5"	""	"*"	"5"		""	"L153"	
"319.8360"	"319.8361"	"0.0008"	"6"	""		"20427.84"	"51693.85"	"5d5.(4P).6s"	"5P"	"1"	""	"*"	"2"		""	"L153"	
"319.9186"	"319.9179"	"0.0008"	"10"	""		"16431.31"	"47689.33"	"5d4.6s2"	"3G"	"4"	""	"*"	"4"		""	"L153"	
"319.9765"	"319.9764"	"0.0008"	"200"	"4.6e+06"	B	"4830.00"	"36082.30"	"5d4.6s2"	"5D"	"3"	""	"*"	"4"		"T4976"	"L153"	
"320.0239"	"320.0233"	"0.0008"	"15"	""		"13348.56"	"44596.28"	"5d4.6s2"	"3G"	"3"	""	"*"	"2"		""	"L153"	
"320.0741"	"320.0746"	"0.0008"	"4"	""		"9528.06"	"40770.78"	"5d4.6s2"	"3P2"	"0"	""	"*"	"1"		""	"L153"	
"320.0802"	"320.0799"	"0.0008"	"4"	""		"17008.50"	"48250.70"	"5d4.6s2"	"3H"	"6"	""	"*"	"7"		""	"L153"	
"320.0891"	"320.0890"	"0.0008"	"30"	""		"13777.71"	"45019.02"	"5d4.6s2"	"3F2"	"2"	""	"*"	"2"		""	"L153"	
"320.1353"	"320.1354"	"0.0008"	"25"	""		"18280.48"	"49517.26"	"5d5.(6S).6s"	"5S"	"2"	""	"*"	"2"		""	"L153"	
"320.166"	"320.1654"	"0.0008"	"25"	""		"18280.48"	"49514.34"	"5d5.(6S).6s"	"5S"	"2"	""	"*"	"3"		""	"L153"	
"320.2955"	"320.2956"	"0.0008"	"8"	""		"20064.30"	"51285.46"	"5d4.6s.(6D).6p"	"7F*"	"1"	""	""	"0"		""	"L153"	
"320.314"	"320.3137"	"0.0008"	"6"	""		"17107.01"	"48326.41"	"5d4.6s2"	"3F2"	"4"	""	"*"	"3"		""	"L153"	
"320.3981"	"320.3979"	"0.0008"	"40"	""		"18974.51"	"50185.70"	"5d5.(4G).6s"	"5G"	"3"	""	"*"	"3"		""	"L153"	
"320.4610"	""	""	"10"	""		""	""	""	""	""	""	""	""		""	"L153"	
"320.6428"	"320.6430"	"0.0008"	"25"	""		"18082.83"	"49270.16"	"5d4.6s2"	"3D"	"1"	""	"*"	"2"		""	"L153"	
"320.7484"	"320.7484"	"0.0008"	"3"	""		"28233.44"	"59410.52"	"5d5.(4F).6s"	"5F"	"5"	""	"*"	"6"		""	"L153"	
"320.818"	"320.8173"	"0.0008"	"300"	"3.0e+06"	B	"2951.29"	"34121.68"	"5d5.(6S).6s"	"7S"	"3"	""	"*"	"4"		"T4976"	"L153"	
"320.873"	"320.8724"	"0.0008"	"25"	""		"15460.01"	"46625.05"	"5d4.6s2"	"3D"	"3"	""	"*"	"4"		""	"L153"	
"320.8915"	"320.8911"	"0.0008"	"20"	""		"18280.48"	"49443.70"	"5d5.(6S).6s"	"5S"	"2"	""	"*"	"1"		""	"L153"	
"320.903"	"320.9023"	"0.0008"	"40"	""		"16431.31"	"47593.44"	"5d4.6s2"	"3G"	"4"	""	"*"	"3"		""	"L153"	
"320.921"	"320.9209"	"0.0008"	"200"	"4.4e+06"	B	"3325.53"	"34485.86"	"5d4.6s2"	"5D"	"2"	""	"*"	"2"		"T4976"	"L153"	
"320.9493"	"320.9497"	"0.0008"	"60"	""		"19648.54"	"50806.07"	"5d5.(4G).6s"	"5G"	"6"	""	"*"	"5"		""	"L153"	
"320.9770"	""	""	"12"	""		""	""	""	""	""	""	""	""		""	"L153"	
"320.9935"	"320.9931"	"0.0008"	"12"	""		"18116.84"	"49270.16"	"5d5.(4G).6s"	"5G"	"2"	""	"*"	"2"		""	"L153"	
"321.124"	""	""	"3"	""		""	""	""	""	""	""	""	""		""	"L153"	
"321.1570"	"321.1570"	"0.0008"	"20"	""		"18280.48"	"49417.90"	"5d5.(6S).6s"	"5S"	"2"	""	"*"	"3"		""	"L153"	
"321.1850"	"321.1826"	"0.0008"	"1"	""		"31389.08"	"62524.02"	"5d5.(4G).6s"	"3G"	"5"	""	"*"	"6"		""	"L153"	
"321.2350"	"321.2348"	"0.0008"	"5"	""		"17008.50"	"48138.38"	"5d4.6s2"	"3H"	"6"	""	"*"	"5"		""	"L153"	
"321.2765"	"321.2767"	"0.0008"	"6"	""		"19826.04"	"50951.86"	"5d4.6s2"	"3G"	"5"	""	"*"	"6"		""	"L153"	
"321.3163"	""	""	"5"	""		""	""	""	""	""	""	""	""		""	"L153"	
"321.4064"	"321.4073"	"0.0008"	"12"	"9.7e+04"	C	"4830.00"	"35943.17"	"5d4.6s2"	"5D"	"3"	""	"*"	"3"		"T4976"	"L153"	
"321.516"	"321.5161"	"0.0008"	"10"	""		"27213.82"	"58316.46"	"5d5.(2F1).6s"	"3F"	"4"	""	"*"	"4"		""	"L153"	
"321.5595"	"321.5593"	"0.0008"	"6"	""		"13348.56"	"44447.02"	"5d4.6s2"	"3G"	"3"	""	"*"	"3"		""	"L153"	
"321.6075"	""	""	"8"	""		""	""	""	""	""	""	""	""		""	"L153"	
"321.6283"	"321.6278"	"0.0008"	"6"	""		"14976.18"	"46068.02"	"5d4.6s2"	"3D"	"2"	""	"*"	"3"		""	"L153"	
"321.6491"	"321.6486"	"0.0008"	"200"	"2.1e+07"	B	"6219.33"	"37309.16"	"5d4.6s2"	"5D"	"4"	""	"*"	"5"		"T4976"	"L153"	
"321.6577"	"321.6568"	"0.0008"	"150"	""		"12161.96"	"43251.00"	"5d4.6s2"	"3H"	"4"	""	"*"	"4"		""	"L153"	
"321.7143"	"321.7148"	"0.0008"	"20"	""		"19826.04"	"50909.47"	"5d4.6s2"	"3G"	"5"	""	"*"	"4"		""	"L153"	
"321.792"	""	""	"4"	""		""	""	""	""	""	""	""	""		""	"L153"	
"321.863"	"321.8631"	"0.0008"	"12"	""		"18082.83"	"49151.94"	"5d4.6s2"	"3D"	"1"	""	"*"	"2"		""	"L153"	
"321.8906"	"321.8908"	"0.0008"	"2"	""		"19827.68"	"50894.12"	"5d5.(4P).6s"	"5P"	"3"	""	"*"	"3"		""	"L153"	
"321.9374"	""	""	"3"	""		""	""	""	""	""	""	""	""		""	"L153"	
"321.9535"	"321.9534"	"0.0008"	"60"	""		"13307.10"	"44367.50"	"5d4.6s2"	"3P2"	"1"	""	"*"	"2"		""	"L153"	
"321.9984"	""	""	"10"	""		""	""	""	""	""	""	""	""		""	"L153"	
"322.037"	"322.0366"	"0.0008"	"4"	""		"16431.31"	"47483.68"	"5d4.6s2"	"3G"	"4"	""	"*"	"3"		""	"L153"	
"322.099"	"322.0990"	"0.0008"	"30"	""		"13307.10"	"44353.46"	"5d4.6s2"	"3P2"	"1"	""	"*"	"1"		""	"L153"	
"322.204"	"322.2037"	"0.0008"	"4"	""		"15069.93"	"46106.20"	"5d4.6s2"	"3H"	"5"	""	"*"	"6"		""	"L153"	
"322.2142"	"322.2158"	"0.0008"	"75"	""		"18116.84"	"49151.94"	"5d5.(4G).6s"	"5G"	"2"	""	"*"	"2"		""	"L153"	
"322.2445"	"322.2453"	"0.0008"	"3"	""		"20983.02"	"52015.28"	"5d5.(4P).6s"	"5P"	"2"	""	"*"	"3"		""	"L153"	
"322.2547"	"322.2545"	"0.0008"	"25"	""		"17107.01"	"48138.38"	"5d4.6s2"	"3F2"	"4"	""	"*"	"5"		""	"L153"	
"322.2844"	"322.2838"	"0.0008"	"60"	"1.61e+06"	B	"3325.53"	"34354.08"	"5d4.6s2"	"5D"	"2"	""	"*"	"3"		"T4976"	"L153"	
"322.360"	""	""	"8"	""		""	""	""	""	""	""	""	""		""	"L153"	
"322.4051"	"322.4048"	"0.0008"	"25"	"3.3e+05"	C	"3325.53"	"34342.44"	"5d4.6s2"	"5D"	"2"	""	"*"	"1"		"T6977"	"L153"	
"322.476"	"322.4775"	"0.0008"	"1"	""		"22852.80"	"53862.72"	"5d4.6s2"	"1G2"	"4"	""	"*"	"5"		""	"L153"	
"322.4958"	""	""	"4"	""		""	""	""	""	""	""	""	""		""	"L153"	
"322.5899"	"322.5900"	"0.0008"	"1"	""		"27849.80"	"58848.90"	"5d5.(2I).6s"	"3I"	"5"	""	"*"	"4"		""	"L153"	
"322.622"	"322.6240"	"0.0008"	"1"	""		"22852.80"	"53848.63"	"5d4.6s2"	"1G2"	"4"	""	"*"	"4"		""	"L153"	
"322.6563"	"322.6559"	"0.0008"	"50"	""		"2951.29"	"33944.06"	"5d5.(6S).6s"	"7S"	"3"	""	"*"	"2"		""	"L153"	
"322.6674"	"322.6689"	"0.0008"	"3"	""		"18974.51"	"49966.03"	"5d5.(4G).6s"	"5G"	"3"	""	"*"	"3"		""	"L153"	
"322.6878"	"322.6881"	"0.0008"	"15"	""		"18280.48"	"49270.16"	"5d5.(6S).6s"	"5S"	"2"	""	"*"	"2"		""	"L153"	
"322.725"	"322.7262"	"0.0008"	"2"	""		"24610.88"	"55596.90"	"5d4.6s2"	"1F"	"3"	""	"*"	"4"		""	"L153"	
"322.7345"	"322.7343"	"0.0008"	"2"	""		"27670.48"	"58655.72"	"5d5.(4F).6s"	"5F"	"1"	""	"*"	"2"		""	"L153"	
"322.7458"	""	""	"4"	""		""	""	""	""	""	""	""	""		""	"L153"	
"322.7725"	"322.7730"	"0.0008"	"4"	""		"23930.08"	"54911.61"	"5d5.(4D).6s"	"5D"	"3"	""	"*"	"4"		""	"L153"	
"322.8424"	"322.8420"	"0.0008"	"30"	""		"17701.18"	"48676.08"	"5d4.6s2"	"3F2"	"3"	""	"*"	"4"		""	"L153"	
"323.0159"	"323.0161"	"0.0008"	"3"	""		"23982.80"	"54941.01"	"5d5.(4D).6s"	"5D"	"2"	""	"*"	"1"		""	"L153"	
"323.0462"	"323.0465"	"0.0008"	"15"	""		"18116.84"	"49072.14"	"5d5.(4G).6s"	"5G"	"2"	""	"*"	"3"		""	"L153"	
"323.0573"	"323.0571"	"0.0008"	"20"	""		"28392.70"	"59346.98"	"5d5.(2I).6s"	"3I"	"6"	""	"*"	"7"		""	"L153"	
"323.0619"	"323.0616"	"0.0008"	"5"	""		"29460.98"	"60414.83"	"5d5.(2I).6s"	"3I"	"7"	""	"*"	"6"		""	"L153"	
"323.2230"	"323.2243"	"0.0008"	"2"	""		"28233.44"	"59171.71"	"5d5.(4F).6s"	"5F"	"5"	""	"*"	"4"		""	"L153"	
"323.2561"	"323.2566"	"0.0008"	"4"	""		"24610.88"	"55546.06"	"5d4.6s2"	"1F"	"3"	""	"*"	"3"		""	"L153"	
"323.2887"	"323.2883"	"0.0008"	"6"	""		"19253.56"	"50185.70"	"5d4.6s2"	"3P2"	"2"	""	"*"	"3"		""	"L153"	
"323.3065"	"323.3062"	"0.0008"	"15"	""		"16431.31"	"47361.74"	"5d4.6s2"	"3G"	"4"	""	"*"	"3"		""	"L153"	
"323.316"	"323.3163"	"0.0008"	"8"	""		"19256.24"	"50185.70"	"5d5.(4G).6s"	"5G"	"4"	""	"*"	"3"		""	"L153"	
"323.3235"	"323.3224"	"0.0008"	"2"	""		"16431.31"	"47360.19"	"5d4.6s2"	"3G"	"4"	""	"*"	"4"		""	"L153"	
"323.3420"	"323.3417"	"0.0008"	"80"	"2.4e+06"	B	"6219.33"	"37146.36"	"5d4.6s2"	"5D"	"4"	""	"*"	"4"		"T4976"	"L153"	
"323.350"	"323.3494"	"0.0008"	"2"	""		"14976.18"	"45902.48"	"5d4.6s2"	"3D"	"2"	""	"*"	"2"		""	"L153"	
"323.3587"	"323.3583"	"0.0008"	"60"	""		"15460.01"	"46385.46"	"5d4.6s2"	"3D"	"3"	""	"*"	"3"		""	"L153"	
"323.417"	"323.4176"	"0.0008"	"4"	""		"23455.02"	"54374.80"	"5d5.(4D).6s"	"5D"	"1"	""	"*"	"1"		""	"L153"	
"323.5928"	"323.5924"	"0.0008"	"30"	""		"3325.53"	"34228.60"	"5d4.6s2"	"5D"	"2"	""	"*"	"3"		""	"L153"	
"323.6042"	"323.6041"	"0.0008"	"15"	"2.68e+05"	D	"4830.00"	"35731.96"	"5d4.6s2"	"5D"	"3"	""	"*"	"2"		"T4976"	"L153"	
"323.6856"	"323.6857"	"0.0008"	"25"	""		"19535.01"	"50429.18"	"5d5.(4G).6s"	"5G"	"5"	""	"*"	"6"		""	"L153"	
"323.7420"	""	""	"4"	""		""	""	""	""	""	""	""	""		""	"L153"	
"323.8021"	"323.8021"	"0.0008"	"80"	"1.11e+07"	B	"9528.06"	"40411.12"	"5d4.6s2"	"3P2"	"0"	""	"*"	"1"		"T6977"	"L153"	
"323.8720"	"323.8725"	"0.0008"	"10"	""		"23982.80"	"54859.15"	"5d5.(4D).6s"	"5D"	"2"	""	"*"	"2"		""	"L153"	
"323.884"	""	""	"8"	""		""	""	""	""	""	""	""	""		""	"L153"	
"323.9052"	""	""	"5"	""		""	""	""	""	""	""	""	""		""	"L153"	
"323.9238"	"323.9238"	"0.0008"	"2"	""		"18280.48"	"49151.94"	"5d5.(6S).6s"	"5S"	"2"	""	"*"	"2"		""	"L153"	
"323.9431"	"323.9434"	"0.0008"	"50"	""		"23047.31"	"53916.90"	"5d4.6s.(6D).6p"	"7F*"	"3"	""	""	"3"		""	"L153"	
"323.962"	"323.9628"	"0.0008"	"12"	""		"15460.01"	"46327.75"	"5d4.6s2"	"3D"	"3"	""	"*"	"2"		""	"L153"	
"324.0273"	"324.0272"	"0.0008"	"10"	""		"17107.01"	"47968.62"	"5d4.6s2"	"3F2"	"4"	""	"*"	"4"		""	"L153"	
"324.1901"	""	""	"2"	""		""	""	""	""	""	""	""	""		""	"L153"	
"324.2049"	""	""	"3"	""		""	""	""	""	""	""	""	""		""	"L153"	
"324.2343"	"324.2342"	"0.0008"	"20"	""		"20064.30"	"50906.20"	"5d4.6s.(6D).6p"	"7F*"	"1"	""	""	"1"		""	"L153"	
"324.249"	"324.2477"	"0.0008"	"3"	""		"23455.02"	"54295.64"	"5d5.(4D).6s"	"5D"	"1"	""	"*"	"0"		""	"L153"	
"324.2961"	"324.2963"	"0.0008"	"100"	""		"21448.76"	"52284.76"	"5d4.6s.(6D).6p"	"7F*"	"2"	""	""	"3"		""	"L153"	
"324.3490"	""	""	"3"	""		""	""	""	""	""	""	""	""		""	"L153"	
"324.3608"	"324.3594"	"0.0008"	"4"	""		"24789.66"	"55619.66"	"5d4.6s2"	"1D2"	"2"	""	"*"	"2"		""	"L153"	
"324.4058"	"324.4065"	"0.0008"	"6"	""		"23484.78"	"54310.30"	"5d4.6s2"	"1I"	"6"	""	"*"	"5"		""	"L153"	
"324.5385"	""	""	"2"	""		""	""	""	""	""	""	""	""		""	"L153"	
"324.595"	""	""	"4"	""		""	""	""	""	""	""	""	""		""	"L153"	
"324.7635"	"324.7633"	"0.0008"	"4"	""		"18280.48"	"49072.14"	"5d5.(6S).6s"	"5S"	"2"	""	"*"	"3"		""	"L153"	
"324.8373"	"324.8375"	"0.0008"	"15"	""		"14976.18"	"45760.80"	"5d4.6s2"	"3D"	"2"	""	"*"	"1"		""	"L153"	
"324.8820"	"324.8819"	"0.0008"	"2"	""		"20983.02"	"51763.44"	"5d5.(4P).6s"	"5P"	"2"	""	"*"	"1"		""	"L153"	
"324.8968"	"324.8939"	"0.0008"	"2s"	""		"24610.88"	"55390.16"	"5d4.6s2"	"1F"	"3"	""	"*"	"2"		""	"L153"	
"324.9035"	"324.9030"	"0.0008"	"6"	""		"24610.88"	"55389.30"	"5d4.6s2"	"1F"	"3"	""	"*"	"3"		""	"L153"	
"325.0785"	"325.0792"	"0.0008"	"10"	""		"22476.68"	"53238.41"	"5d5.(4D).6s"	"5D"	"4"	""	"*"	"4"		""	"L153"	
"325.207"	"325.2072"	"0.0008"	"3"	""		"19535.01"	"50284.64"	"5d5.(4G).6s"	"5G"	"5"	""	"*"	"4"		""	"L153"	
"325.217"	"325.2162"	"0.0008"	"40"	""		"12161.96"	"42910.74"	"5d4.6s2"	"3H"	"4"	""	"*"	"4"		""	"L153"	
"325.2682"	"325.2685"	"0.0008"	"6"	""		"17107.01"	"47850.84"	"5d4.6s2"	"3F2"	"4"	""	"*"	"5"		""	"L153"	
"325.3230"	"325.3229"	"0.0008"	"100"	""		"23047.31"	"53786.00"	"5d4.6s.(6D).6p"	"7F*"	"3"	""	""	"4"		""	"L153"	
"325.3504"	"325.3503"	"0.0008"	"4"	""		"28392.70"	"59128.80"	"5d5.(2I).6s"	"3I"	"6"	""	"*"	"6"		""	"L153"	
"325.358"	"325.3586"	"0.0008"	"15"	""		"24610.88"	"55346.20"	"5d4.6s2"	"1F"	"3"	""	"*"	"4"		""	"L153"	
"325.3665"	"325.3679"	"0.0008"	"3"	""		"21448.76"	"52183.20"	"5d4.6s.(6D).6p"	"7F*"	"2"	""	""	"2"		""	"L153"	
"325.5299"	"325.5292"	"0.0008"	"50"	""		"15069.93"	"45789.14"	"5d4.6s2"	"3H"	"5"	""	"*"	"5"		""	"L153"	
"325.5465"	"325.5466"	"0.0008"	"12"	""		"22476.68"	"53194.25"	"5d5.(4D).6s"	"5D"	"4"	""	"*"	"5"		""	"L153"	
"325.5599"	"325.5604"	"0.0008"	"6"	""		"1670.29"	"32386.56"	"5d4.6s2"	"5D"	"1"	""	"*"	"0"		""	"L153"	
"325.6006"	"325.6006"	"0.0008"	"20"	""		"19253.56"	"49966.03"	"5d4.6s2"	"3P2"	"2"	""	"*"	"3"		""	"L153"	
"325.617"	"325.6180"	"0.0008"	"2"	""		"20983.02"	"51693.85"	"5d5.(4P).6s"	"5P"	"2"	""	"*"	"2"		""	"L153"	
"325.629"	"325.6291"	"0.0008"	"10"	""		"19256.24"	"49966.03"	"5d5.(4G).6s"	"5G"	"4"	""	"*"	"3"		""	"L153"	
"325.6896"	"325.6900"	"0.0008"	"60"	""		"12161.96"	"42866.00"	"5d4.6s2"	"3H"	"4"	""	"*"	"5"		""	"L153"	
"325.7169"	"325.7169"	"0.0008"	"100"	""		"14976.18"	"45677.69"	"5d4.6s2"	"3D"	"2"	""	"*"	"3"		""	"L153"	
"325.7432"	""	""	"25"	""		""	""	""	""	""	""	""	""		""	"L153"	
"325.9080"	"325.9076"	"0.0008"	"12"	""		"0.00"	"30683.54"	"5d4.6s2"	"5D"	"0"	""	"*"	"1"		""	"L153"	
"326.0374"	"326.0385"	"0.0009"	"60"	""		"18116.84"	"48788.06"	"5d5.(4G).6s"	"5G"	"2"	""	"*"	"1"		""	"L153"	
"326.060"	"326.0606"	"0.0009"	"60"	"1.3e+06"	B	"4830.00"	"35499.15"	"5d4.6s2"	"5D"	"3"	""	"*"	"3"		"T4976"	"L153"	
"326.0718"	"326.0715"	"0.0009"	"12"	""		"13307.10"	"43975.22"	"5d4.6s2"	"3P2"	"1"	""	"*"	"2"		""	"L153"	
"326.0845"	"326.0849"	"0.0009"	"12"	""		"19827.68"	"50494.54"	"5d5.(4P).6s"	"5P"	"3"	""	"*"	"2"		""	"L153"	
"326.2103"	"326.2107"	"0.0009"	"40"	""		"6219.33"	"36874.36"	"5d4.6s2"	"5D"	"4"	""	"*"	"3"		""	"L153"	
"326.3527"	"326.3536"	"0.0009"	"1"	""		"22476.68"	"53118.29"	"5d5.(4D).6s"	"5D"	"4"	""	"*"	"4"		""	"L153"	
"326.3617"	""	""	"3"	""		""	""	""	""	""	""	""	""		""	"L153"	
"326.4041"	"326.4043"	"0.0009"	"40"	""		"13348.56"	"43985.41"	"5d4.6s2"	"3G"	"3"	""	"*"	"4"		""	"L153"	
"326.513"	"326.5129"	"0.0009"	"6"	""		"13348.56"	"43975.22"	"5d4.6s2"	"3G"	"3"	""	"*"	"2"		""	"L153"	
"326.528"	"326.5282"	"0.0009"	"15"	""		"17701.18"	"48326.41"	"5d4.6s2"	"3F2"	"3"	""	"*"	"3"		""	"L153"	
"326.600"	"326.5996"	"0.0009"	"4"	""		"3325.53"	"33944.06"	"5d4.6s2"	"5D"	"2"	""	"*"	"2"		""	"L153"	
"326.6093"	"326.6089"	"0.0009"	"60*"	""		"17701.18"	"48318.84"	"5d4.6s2"	"3F2"	"3"	""	"*"	"2"		""	"L153"	
"326.6093"	"326.6094"	"0.0009"	"60*"	""		"24763.39"	"55381.00"	"5d4.6s.(6D).6p"	"7F*"	"4"	""	""	"5"		""	"L153"	
"326.7015"	"326.7009"	"0.0007"	"12"	""		"21448.76"	"52057.80"	"5d4.6s.(6D).6p"	"7F*"	"2"	""	""	"1"		""	"L153"	
"326.7124"	"326.7119"	"0.0007"	"8"	""		"15460.01"	"46068.02"	"5d4.6s2"	"3D"	"3"	""	"*"	"3"		""	"L153"	
"326.7562"	"326.7557"	"0.0007"	"40"	""		"21453.90"	"52057.80"	"5d4.6s.(6D).6p"	"7D*"	"1"	""	""	"1"		""	"L153"	
"326.7637"	"326.7639"	"0.0007"	"3"	""		"19826.04"	"50429.18"	"5d4.6s2"	"3G"	"5"	""	"*"	"6"		""	"L153"	
"326.7708"	"326.7703"	"0.0007"	"30"	""		"19535.01"	"50137.55"	"5d5.(4G).6s"	"5G"	"5"	""	"*"	"5"		""	"L153"	
"326.7912"	"326.7920"	"0.0007"	"3"	""		"24789.66"	"55390.16"	"5d4.6s2"	"1D2"	"2"	""	"*"	"2"		""	"L153"	
"326.8545"	"326.8538"	"0.0007"	"2"	""		"24789.66"	"55384.38"	"5d4.6s2"	"1D2"	"2"	""	"*"	"1"		""	"L153"	
"326.9066"	"326.9065"	"0.0007"	"12"	""		"13777.71"	"44367.50"	"5d4.6s2"	"3F2"	"2"	""	"*"	"2"		""	"L153"	
"326.9516"	"326.9521"	"0.0007"	"25"	""		"13307.10"	"43892.62"	"5d4.6s2"	"3P2"	"1"	""	"*"	"1"		""	"L153"	
"326.9866"	"326.9863"	"0.0007"	"40"	""		"17107.01"	"47689.33"	"5d4.6s2"	"3F2"	"4"	""	"*"	"4"		""	"L153"	
"327.0564"	"327.0566"	"0.0007"	"50"	""		"13777.71"	"44353.46"	"5d4.6s2"	"3F2"	"2"	""	"*"	"1"		""	"L153"	
"327.0637"	"327.0631"	"0.0007"	"4"	""		"14976.18"	"45551.32"	"5d4.6s2"	"3D"	"2"	""	"*"	"3"		""	"L153"	
"327.1209"	"327.1210"	"0.0007"	"60"	""		"24763.39"	"55333.12"	"5d4.6s.(6D).6p"	"7F*"	"4"	""	""	"4"		""	"L153"	
"327.2577"	"327.2570"	"0.0007"	"8"	""		"28291.88"	"58848.90"	"5d5.(2F1).6s"	"3F"	"3"	""	"*"	"4"		""	"L153"	
"327.294"	"327.2949"	"0.0007"	"15"	""		"21448.76"	"52002.25"	"5d4.6s.(6D).6p"	"7F*"	"2"	""	""	"3"		""	"L153"	
"327.406"	"327.4061"	"0.0008"	"20"	""		"17701.18"	"48244.29"	"5d4.6s2"	"3F2"	"3"	""	"*"	"2"		""	"L153"	
"327.4097"	"327.4099"	"0.0008"	"3"	""		"18974.51"	"49517.26"	"5d5.(4G).6s"	"5G"	"3"	""	"*"	"2"		""	"L153"	
"327.4417"	"327.4412"	"0.0008"	"15"	""		"18974.51"	"49514.34"	"5d5.(4G).6s"	"5G"	"3"	""	"*"	"3"		""	"L153"	
"327.5560"	""	""	"10"	""		""	""	""	""	""	""	""	""		""	"L153"	
"327.6468"	"327.6474"	"0.0008"	"3"	""		"18082.83"	"48603.44"	"5d4.6s2"	"3D"	"1"	""	"*"	"0"		""	"L153"	
"327.668"	"327.6686"	"0.0008"	"3"	""		"27213.82"	"57732.46"	"5d5.(2F1).6s"	"3F"	"4"	""	"*"	"3"		""	"L153"	
"327.6962"	"327.6968"	"0.0008"	"6"	""		"22476.68"	"52992.69"	"5d5.(4D).6s"	"5D"	"4"	""	"*"	"4"		""	"L153"	
"327.7476"	"327.7476"	"0.0008"	"5"	""		"28392.70"	"58903.98"	"5d5.(2I).6s"	"3I"	"6"	""	"*"	"5"		""	"L153"	
"327.7872"	"327.7874"	"0.0008"	"25"	""		"18280.48"	"48788.06"	"5d5.(6S).6s"	"5S"	"2"	""	"*"	"1"		""	"L153"	
"327.844"	"327.8443"	"0.0008"	"8"	""		"13348.56"	"43850.84"	"5d4.6s2"	"3G"	"3"	""	"*"	"3"		""	"L153"	
"327.8553"	"327.8549"	"0.0008"	"3"	""		"28347.60"	"58848.90"	"5d5.(4F).6s"	"5F"	"3"	""	"*"	"4"		""	"L153"	
"327.9469"	"327.9471"	"0.0008"	"12"	""		"22852.80"	"53345.52"	"5d4.6s2"	"1G2"	"4"	""	"*"	"3"		""	"L153"	
"327.9869"	"327.9870"	"0.0008"	"12"	""		"19648.54"	"50137.55"	"5d5.(4G).6s"	"5G"	"6"	""	"*"	"5"		""	"L153"	
"327.997"	"327.9970"	"0.0008"	"30"	""		"21448.76"	"51936.84"	"5d4.6s.(6D).6p"	"7F*"	"2"	""	""	"2"		""	"L153"	
"328.0152"	"328.0148"	"0.0008"	"12"	""		"17107.01"	"47593.44"	"5d4.6s2"	"3F2"	"4"	""	"*"	"3"		""	"L153"	
"328.0523"	"328.0523"	"0.0008"	"40"	""		"21453.90"	"51936.84"	"5d4.6s.(6D).6p"	"7D*"	"1"	""	""	"2"		""	"L153"	
"328.0669"	"328.0672"	"0.0008"	"6"	""		"4830.00"	"35311.56"	"5d4.6s2"	"5D"	"3"	""	"*"	"2"		""	"L153"	
"328.1251"	"328.1260"	"0.0008"	"5w"	""		"19827.68"	"50303.78"	"5d5.(4P).6s"	"5P"	"3"	""	"*"	"3"		""	"L153"	
"328.1986"	"328.1984"	"0.0008"	"3"	""		"17701.18"	"48170.55"	"5d4.6s2"	"3F2"	"3"	""	"*"	"3"		""	"L153"	
"328.2884"	"328.2881"	"0.0008"	"120"	""		"20064.30"	"50525.35"	"5d4.6s.(6D).6p"	"7F*"	"1"	""	""	"2"		""	"L153"	
"328.3142"	"328.3145"	"0.0008"	"15"	""		"19826.04"	"50284.64"	"5d4.6s2"	"3G"	"5"	""	"*"	"4"		""	"L153"	
"328.3322"	"328.3322"	"0.0008"	"10"	""		"19827.68"	"50284.64"	"5d5.(4P).6s"	"5P"	"3"	""	"*"	"4"		""	"L153"	
"328.4500"	"328.4495"	"0.0008"	"50*"	""		"14976.18"	"45422.26"	"5d4.6s2"	"3D"	"2"	""	"*"	"2"		""	"L153"	
"328.4500"	"328.4504"	"0.0008"	"50*"	""		"19253.56"	"49699.56"	"5d4.6s2"	"3P2"	"2"	""	"*"	"2"		""	"L153"	
"328.489"	"328.4885"	"0.0008"	"5"	""		"15460.01"	"45902.48"	"5d4.6s2"	"3D"	"3"	""	"*"	"2"		""	"L153"	
"328.5234"	"328.5234"	"0.0008"	"25"	""		"12161.96"	"42601.19"	"5d4.6s2"	"3H"	"4"	""	"*"	"3"		""	"L153"	
"328.5482"	"328.5489"	"0.0008"	"3"	""		"23982.80"	"54419.67"	"5d5.(4D).6s"	"5D"	"2"	""	"*"	"1"		""	"L153"	
"328.5628"	""	""	"2"	""		""	""	""	""	""	""	""	""		""	"L153"	
"328.597"	"328.5965"	"0.0008"	"12"	""		"24610.88"	"55043.34"	"5d4.6s2"	"1F"	"3"	""	"*"	"4"		""	"L153"	
"328.6939"	"328.6934"	"0.0008"	"15"	""		"16431.31"	"46854.80"	"5d4.6s2"	"3G"	"4"	""	"*"	"5"		""	"L153"	
"328.7124"	"328.7118"	"0.0008"	"1"	""		"24610.88"	"55032.67"	"5d4.6s2"	"1F"	"3"	""	"*"	"2"		""	"L153"	
"328.8072"	""	""	"2"	""		""	""	""	""	""	""	""	""		""	"L153"	
"328.8862"	"328.8874"	"0.0008"	"2"	""		"27213.82"	"57619.36"	"5d5.(2F1).6s"	"3F"	"4"	""	"*"	"3"		""	"L153"	
"328.9705"	"328.9710"	"0.0008"	"10"	""		"14976.18"	"45374.00"	"5d4.6s2"	"3D"	"2"	""	"*"	"1"		""	"L153"	
"329.0676"	""	""	"2"	""		""	""	""	""	""	""	""	""		""	"L153"	
"329.0991"	"329.1032"	"0.0008"	"2w"	""		"22852.80"	"53238.41"	"5d4.6s2"	"1G2"	"4"	""	"*"	"4"		""	"L153"	
"329.146"	"329.1453"	"0.0008"	"30"	""		"15069.93"	"45451.65"	"5d4.6s2"	"3H"	"5"	""	"*"	"5"		""	"L153"	
"329.1608"	"329.1609"	"0.0008"	"20"	""		"19256.24"	"49636.52"	"5d5.(4G).6s"	"5G"	"4"	""	"*"	"4"		""	"L153"	
"329.1854"	"329.1862"	"0.0008"	"2"	""		"23484.78"	"53862.72"	"5d4.6s2"	"1I"	"6"	""	"*"	"5"		""	"L153"	
"329.2002"	"329.2000"	"0.0008"	"25"	""		"17107.01"	"47483.68"	"5d4.6s2"	"3F2"	"4"	""	"*"	"3"		""	"L153"	
"329.2472"	"329.2473"	"0.0008"	"12"	""		"13348.56"	"43720.87"	"5d4.6s2"	"3G"	"3"	""	"*"	"4"		""	"L153"	
"329.2660"	"329.2652"	"0.0008"	"20"	""		"12161.96"	"42532.62"	"5d4.6s2"	"3H"	"4"	""	"*"	"4"		""	"L153"	
"329.3750"	""	""	"60"	""		""	""	""	""	""	""	""	""		""	"L153"	
"329.3886"	"329.3878"	"0.0008"	"20"	""		"20174.20"	"50533.55"	"5d4.6s2"	"1S2"	"0"	""	"*"	"1"		""	"L153"	
"329.4018"	"329.4022"	"0.0008"	"6"	""		"19827.68"	"50185.70"	"5d5.(4P).6s"	"5P"	"3"	""	"*"	"3"		""	"L153"	
"329.4661"	"329.4656"	"0.0008"	"80"	""		"12161.96"	"42514.14"	"5d4.6s2"	"3H"	"4"	""	"*"	"3"		""	"L153"	
"329.4895"	""	""	"3"	""		""	""	""	""	""	""	""	""		""	"L153"	
"329.5215"	"329.5218"	"0.0008"	"2"	""		"27213.82"	"57560.83"	"5d5.(2F1).6s"	"3F"	"4"	""	"*"	"5"		""	"L153"	
"329.6011"	"329.6013"	"0.0008"	"3"	""		"23930.08"	"54269.77"	"5d5.(4D).6s"	"5D"	"3"	""	"*"	"3"		""	"L153"	
"329.6149"	""	""	"3"	""		""	""	""	""	""	""	""	""		""	"L153"	
"329.6513"	""	""	"8"	""		""	""	""	""	""	""	""	""		""	"L153"	
"329.7136"	"329.7111"	"0.0008"	"25w*"	""		"27849.80"	"58179.38"	"5d5.(2I).6s"	"3I"	"5"	""	"*"	"5"		""	"L153"	
"329.7136"	"329.7148"	"0.0008"	"25w*"	""		"28233.44"	"58562.68"	"5d5.(4F).6s"	"5F"	"5"	""	"*"	"5"		""	"L153"	
"329.9080"	"329.9077"	"0.0008"	"60"	""		"19826.04"	"50137.55"	"5d4.6s2"	"3G"	"5"	""	"*"	"5"		""	"L153"	
"329.9457"	"329.9446"	"0.0008"	"2"	""		"28347.60"	"58655.72"	"5d5.(4F).6s"	"5F"	"3"	""	"*"	"2"		""	"L153"	
"329.9556"	"329.9554"	"0.0008"	"12"	""		"18082.83"	"48389.96"	"5d4.6s2"	"3D"	"1"	""	"*"	"1"		""	"L153"	
"329.9887"	""	""	"3"	""		""	""	""	""	""	""	""	""		""	"L153"	
"330.0250"	"330.0251"	"0.0008"	"10"	""		"24610.88"	"54911.61"	"5d4.6s2"	"1F"	"3"	""	"*"	"4"		""	"L153"	
"330.0610"	"330.0611"	"0.0008"	"6"	""		"22476.68"	"52774.10"	"5d5.(4D).6s"	"5D"	"4"	""	"*"	"5"		""	"L153"	
"330.0808"	"330.0804"	"0.0008"	"6"	""		"18974.51"	"49270.16"	"5d5.(4G).6s"	"5G"	"3"	""	"*"	"2"		""	"L153"	
"330.1294"	"330.1304"	"0.0008"	"5"	""		"20427.84"	"50718.90"	"5d5.(4P).6s"	"5P"	"1"	""	"*"	"2"		""	"L153"	
"330.1610"	"330.1607"	"0.0008"	"8"	""		"12161.96"	"42450.24"	"5d4.6s2"	"3H"	"4"	""	"*"	"4"		""	"L153"	
"330.1772"	"330.1771"	"0.0008"	"150"	"8.1e+06"	B	"4830.00"	"35116.78"	"5d4.6s2"	"5D"	"3"	""	"*"	"4"		"T4976"	"L153"	
"330.276"	"330.2765"	"0.0008"	"8"	""		"20983.02"	"51260.68"	"5d5.(4P).6s"	"5P"	"2"	""	"*"	"1"		""	"L153"	
"330.3226"	"330.3260"	"0.0008"	"2"	""		"18116.84"	"48389.96"	"5d5.(4G).6s"	"5G"	"2"	""	"*"	"1"		""	"L153"	
"330.3793"	"330.3795"	"0.0008"	"4"	""		"22773.78"	"53042.00"	"5d5.(4D).6s"	"5D"	"0"	""	"*"	"1"		""	"L153"	
"330.4289"	"330.4289"	"0.0008"	"12"	""		"19253.56"	"49517.26"	"5d4.6s2"	"3P2"	"2"	""	"*"	"2"		""	"L153"	
"330.4611"	"330.4607"	"0.0008"	"8"	""		"19253.56"	"49514.34"	"5d4.6s2"	"3P2"	"2"	""	"*"	"3"		""	"L153"	
"330.5201"	""	""	"3"	""		""	""	""	""	""	""	""	""		""	"L153"	
"330.5275"	"330.5268"	"0.0008"	"4"	""		"17107.01"	"47361.74"	"5d4.6s2"	"3F2"	"4"	""	"*"	"3"		""	"L153"	
"330.540"	"330.5395"	"0.0008"	"20"	""		"19535.01"	"49788.58"	"5d5.(4G).6s"	"5G"	"5"	""	"*"	"4"		""	"L153"	
"330.5433"	"330.5438"	"0.0008"	"20"	""		"17107.01"	"47360.19"	"5d4.6s2"	"3F2"	"4"	""	"*"	"4"		""	"L153"	
"330.6522"	"330.6519"	"0.0008"	"25"	""		"13777.71"	"44021.00"	"5d4.6s2"	"3F2"	"2"	""	"*"	"3"		""	"L153"	
"330.6777"	"330.6771"	"0.0008"	"3"	""		"33291.80"	"63532.78"	"5d5.(2I).6s"	"1I"	"6"	""	"*"	"6"		""	"L153"	
"330.7317"	"330.7315"	"0.0008"	"30"	""		"18082.83"	"48318.84"	"5d4.6s2"	"3D"	"1"	""	"*"	"2"		""	"L153"	
"330.9310"	"330.9321"	"0.0008"	"3"	""		"15460.01"	"45677.69"	"5d4.6s2"	"3D"	"3"	""	"*"	"3"		""	"L153"	
"330.9369"	""	""	"2"	""		""	""	""	""	""	""	""	""		""	"L153"	
"330.971"	"330.9687"	"0.0008"	"1"	""		"23455.02"	"53669.36"	"5d5.(4D).6s"	"5D"	"1"	""	"*"	"2"		""	"L153"	
"331.0211"	"331.0209"	"0.0008"	"2"	""		"18116.84"	"48326.41"	"5d5.(4G).6s"	"5G"	"2"	""	"*"	"3"		""	"L153"	
"331.0431"	"331.0427"	"0.0008"	"30"	""		"13307.10"	"43514.68"	"5d4.6s2"	"3P2"	"1"	""	"*"	"2"		""	"L153"	
"331.1036"	"331.1039"	"0.0008"	"5"	""		"18116.84"	"48318.84"	"5d5.(4G).6s"	"5G"	"2"	""	"*"	"2"		""	"L153"	
"331.1199"	""	""	"2"	""		""	""	""	""	""	""	""	""		""	"L153"	
"331.133"	"331.1328"	"0.0008"	"5w"	""		"20983.02"	"51182.38"	"5d5.(4P).6s"	"5P"	"2"	""	"*"	"2"		""	"L153"	
"331.152"	"331.1531"	"0.0008"	"1"	""		"13777.71"	"43975.22"	"5d4.6s2"	"3F2"	"2"	""	"*"	"2"		""	"L153"	
"331.167"	""	""	"1"	""		""	""	""	""	""	""	""	""		""	"L153"	
"331.1947"	"331.1945"	"0.0008"	"1"	""		"16431.31"	"46625.05"	"5d4.6s2"	"3G"	"4"	""	"*"	"4"		""	"L153"	
"331.2071"	"331.2068"	"0.0008"	"25"	""		"15069.93"	"45262.55"	"5d4.6s2"	"3H"	"5"	""	"*"	"4"		""	"L153"	
"331.2341"	"331.2345"	"0.0008"	"200"	"5.6e+06"	B	"2951.29"	"33141.38"	"5d5.(6S).6s"	"7S"	"3"	""	"*"	"2"		"T4976"	"L153"	
"331.2505"	"331.2498"	"0.0008"	"5"	""		"23930.08"	"54118.78"	"5d5.(4D).6s"	"5D"	"3"	""	"*"	"4"		""	"L153"	
"331.3256"	"331.3256"	"0.0008"	"3"	""		"18082.83"	"48264.62"	"5d4.6s2"	"3D"	"1"	""	"*"	"0"		""	"L153"	
"331.3729"	"331.3735"	"0.0008"	"3"	""		"18974.51"	"49151.94"	"5d5.(4G).6s"	"5G"	"3"	""	"*"	"2"		""	"L153"	
"331.4180"	"331.4173"	"0.0008"	"6"	""		"18974.51"	"49147.95"	"5d5.(4G).6s"	"5G"	"3"	""	"*"	"4"		""	"L153"	
"331.4560"	"331.4553"	"0.0008"	"4"	""		"28392.70"	"58562.68"	"5d5.(2I).6s"	"3I"	"6"	""	"*"	"5"		""	"L153"	
"331.4974"	"331.4977"	"0.0008"	"25"	""		"13348.56"	"43514.68"	"5d4.6s2"	"3G"	"3"	""	"*"	"2"		""	"L153"	
"331.5492"	"331.5489"	"0.0008"	"15"	""		"18082.83"	"48244.29"	"5d4.6s2"	"3D"	"1"	""	"*"	"2"		""	"L153"	
"331.6044"	"331.6043"	"0.0008"	"80"	""		"26676.48"	"56832.90"	"5d4.6s.(6D).6p"	"7F*"	"5"	""	""	"6"		""	"L153"	
"331.7042"	"331.7042"	"0.0008"	"60"	""		"1670.29"	"31817.63"	"5d4.6s2"	"5D"	"1"	""	"*"	"2"		""	"L153"	
"331.786"	"331.7859"	"0.0008"	"10*"	""		"28347.60"	"58487.52"	"5d5.(4F).6s"	"5F"	"3"	""	"*"	"3"		""	"L153"	
"331.786"	"331.7862"	"0.0008"	"10*"	""		"22852.80"	"52992.69"	"5d4.6s2"	"1G2"	"4"	""	"*"	"4"		""	"L153"	
"331.8033"	"331.8032"	"0.0008"	"15"	""		"19827.68"	"49966.03"	"5d5.(4P).6s"	"5P"	"3"	""	"*"	"3"		""	"L153"	
"331.845"	"331.8449"	"0.0008"	"3"	""		"23982.80"	"54117.36"	"5d5.(4D).6s"	"5D"	"2"	""	"*"	"3"		""	"L153"	
"331.870"	""	""	"4"	""		""	""	""	""	""	""	""	""		""	"L153"	
"331.8951"	"331.8949"	"0.0008"	"40"	""		"13348.56"	"43478.58"	"5d4.6s2"	"3G"	"3"	""	"*"	"3"		""	"L153"	
"332.0619"	"332.0614"	"0.0008"	"8"	""		"13777.71"	"43892.62"	"5d4.6s2"	"3F2"	"2"	""	"*"	"1"		""	"L153"	
"332.1212"	"332.1213"	"0.0008"	"8"	""		"18280.48"	"48389.96"	"5d5.(6S).6s"	"5S"	"2"	""	"*"	"1"		""	"L153"	
"332.1319"	"332.1315"	"0.0008"	"40"	"4.8e+06"	B	"9528.06"	"39636.62"	"5d4.6s2"	"3P2"	"0"	""	"*"	"1"		"T6977"	"L153"	
"332.1619"	"332.1629"	"0.0008"	"2"	""		"20427.84"	"50533.55"	"5d5.(4P).6s"	"5P"	"1"	""	"*"	"1"		""	"L153"	
"332.2096"	"332.2092"	"0.0008"	"25*"	""		"19535.01"	"49636.52"	"5d5.(4G).6s"	"5G"	"5"	""	"*"	"4"		""	"L153"	
"332.2096"	"332.2101"	"0.0008"	"25*"	""		"27213.82"	"57315.25"	"5d5.(2F1).6s"	"3F"	"4"	""	"*"	"4"		""	"L153"	
"332.241"	""	""	"2"	""		""	""	""	""	""	""	""	""		""	"L153"	
"332.2525"	"332.2521"	"0.0008"	"35"	""		"18974.51"	"49072.14"	"5d5.(4G).6s"	"5G"	"3"	""	"*"	"3"		""	"L153"	
"332.3212"	"332.3219"	"0.0008"	"80"	""		"15460.01"	"45551.32"	"5d4.6s2"	"3D"	"3"	""	"*"	"3"		""	"L153"	
"332.3460"	"332.3456"	"0.0008"	"12"	""		"20983.02"	"51072.18"	"5d5.(4P).6s"	"5P"	"2"	""	"*"	"3"		""	"L153"	
"332.3812"	"332.3807"	"0.0008"	"2"	""		"28204.20"	"58290.18"	"5d5.(4F).6s"	"5F"	"2"	""	"*"	"1"		""	"L153"	
"332.5020"	"332.5014"	"0.0008"	"30"	""		"16431.31"	"46506.37"	"5d4.6s2"	"3G"	"4"	""	"*"	"5"		""	"L153"	
"332.5236"	"332.5228"	"0.0008"	"4"	""		"13777.71"	"43850.84"	"5d4.6s2"	"3F2"	"2"	""	"*"	"3"		""	"L153"	
"332.5652"	"332.5643"	"0.0008"	"20"	""		"27849.80"	"57919.17"	"5d5.(2I).6s"	"3I"	"5"	""	"*"	"6"		""	"L153"	
"332.5941"	"332.5939"	"0.0008"	"10"	""		"20427.84"	"50494.54"	"5d5.(4P).6s"	"5P"	"1"	""	"*"	"2"		""	"L153"	
"332.7153"	"332.7148"	"0.0008"	"120"	""		"6219.33"	"36275.10"	"5d4.6s2"	"5D"	"4"	""	"*"	"5"		""	"L153"	
"332.7381"	"332.7376"	"0.0008"	"20"	""		"18116.84"	"48170.55"	"5d5.(4G).6s"	"5G"	"2"	""	"*"	"3"		""	"L153"	
"332.815"	"332.8137"	"0.0008"	"12"	""		"15069.93"	"45116.77"	"5d4.6s2"	"3H"	"5"	""	"*"	"4"		""	"L153"	
"332.859"	"332.8580"	"0.0008"	"50"	""		"14976.18"	"45019.02"	"5d4.6s2"	"3D"	"2"	""	"*"	"2"		""	"L153"	
"332.9081"	"332.9077"	"0.0008"	"60"	""		"18280.48"	"48318.84"	"5d5.(6S).6s"	"5S"	"2"	""	"*"	"2"		""	"L153"	
"332.930"	""	""	"2"	""		""	""	""	""	""	""	""	""		""	"L153"	
"333.0093"	"333.0092"	"0.0008"	"4"	""		"23930.08"	"53959.28"	"5d5.(4D).6s"	"5D"	"3"	""	"*"	"2"		""	"L153"	
"333.0608"	"333.0604"	"0.0008"	"2"	""		"28291.88"	"58316.46"	"5d5.(2F1).6s"	"3F"	"3"	""	"*"	"4"		""	"L153"	
"333.149"	"333.1490"	"0.0008"	"15"	""		"19253.56"	"49270.16"	"5d4.6s2"	"3P2"	"2"	""	"*"	"2"		""	"L153"	
"333.2645"	"333.2635"	"0.0008"	"150"	""		"2951.29"	"32957.58"	"5d5.(6S).6s"	"7S"	"3"	""	"*"	"3"		""	"L153"	
"333.3133"	"333.3133"	"0.0008"	"2"	""		"28204.20"	"58206.00"	"5d5.(4F).6s"	"5F"	"2"	""	"*"	"3"		""	"L153"	
"333.4663"	"333.4651"	"0.0008"	"6"	""		"17701.18"	"47689.33"	"5d4.6s2"	"3F2"	"3"	""	"*"	"4"		""	"L153"	
"333.5565"	""	""	"5"	""		""	""	""	""	""	""	""	""		""	"L153"	
"333.7541"	"333.7533"	"0.0008"	"40"	""		"15460.01"	"45422.26"	"5d4.6s2"	"3D"	"3"	""	"*"	"2"		""	"L153"	
"333.7820"	"333.7810"	"0.0008"	"30"	""		"22476.68"	"52436.44"	"5d5.(4D).6s"	"5D"	"4"	""	"*"	"4"		""	"L153"	
"333.8474"	"333.8468"	"0.0008"	"15w*"	""		"27849.80"	"57803.66"	"5d5.(2I).6s"	"3I"	"5"	""	"*"	"4"		""	"L153"	
"333.8474"	"333.8479"	"0.0008"	"15w*"	""		"22852.80"	"52806.56"	"5d4.6s2"	"1G2"	"4"	""	"*"	"3"		""	"L153"	
"333.8650"	"333.8650"	"0.0008"	"60"	""		"23964.67"	"53916.90"	"5d4.6s.(6D).6p"	"7D*"	"2"	""	""	"3"		""	"L153"	
"333.9407"	"333.9394"	"0.0008"	"1"	""		"24610.88"	"54556.43"	"5d4.6s2"	"1F"	"3"	""	"*"	"3"		""	"L153"	
"334.0956"	"334.0942"	"0.0008"	"6"	""		"19256.24"	"49187.92"	"5d5.(4G).6s"	"5G"	"4"	""	"*"	"5"		""	"L153"	
"334.1075"	""	""	"12"	""		""	""	""	""	""	""	""	""		""	"L153"	
"334.1166"	"334.1167"	"0.0008"	"3"	""		"27213.82"	"57143.48"	"5d5.(2F1).6s"	"3F"	"4"	""	"*"	"5"		""	"L153"	
"334.2107"	"334.2101"	"0.0008"	"3"	""		"22852.80"	"52774.10"	"5d4.6s2"	"1G2"	"4"	""	"*"	"5"		""	"L153"	
"334.2373"	"334.2378"	"0.0008"	"3"	""		"22476.68"	"52395.50"	"5d5.(4D).6s"	"5D"	"4"	""	"*"	"5"		""	"L153"	
"334.2407"	"334.2408"	"0.0008"	"1"	""		"23930.08"	"53848.63"	"5d5.(4D).6s"	"5D"	"3"	""	"*"	"4"		""	"L153"	
"334.324"	"334.3240"	"0.0008"	"2"	""		"20983.02"	"50894.12"	"5d5.(4P).6s"	"5P"	"2"	""	"*"	"3"		""	"L153"	
"334.4207"	"334.4209"	"0.0008"	"50"	""		"13348.56"	"43251.00"	"5d4.6s2"	"3G"	"3"	""	"*"	"4"		""	"L153"	
"334.4657"	"334.4663"	"0.0008"	"3"	""		"19253.56"	"49151.94"	"5d4.6s2"	"3P2"	"2"	""	"*"	"2"		""	"L153"	
"334.4813"	"334.4810"	"0.0008"	"20"	""		"26676.48"	"56573.54"	"5d4.6s.(6D).6p"	"7F*"	"5"	""	""	"5"		""	"L153"	
"334.512"	"334.5134"	"0.0008"	"2"	""		"24763.39"	"54657.56"	"5d4.6s.(6D).6p"	"7F*"	"4"	""	""	"3"		""	"L153"	
"334.536"	"334.5348"	"0.0008"	"3"	""		"17701.18"	"47593.44"	"5d4.6s2"	"3F2"	"3"	""	"*"	"3"		""	"L153"	
"334.5412"	"334.5409"	"0.0008"	"20"	""		"19256.24"	"49147.95"	"5d5.(4G).6s"	"5G"	"4"	""	"*"	"4"		""	"L153"	
"334.559"	"334.5593"	"0.0008"	"6"	""		"18280.48"	"48170.55"	"5d5.(6S).6s"	"5S"	"2"	""	"*"	"3"		""	"L153"	
"334.6050"	"334.6048"	"0.0008"	"60"	""		"29460.98"	"59346.98"	"5d5.(2I).6s"	"3I"	"7"	""	"*"	"7"		""	"L153"	
"334.6820"	"334.6821"	"0.0008"	"100"	"9.2e+06"	B	"13348.56"	"43227.66"	"5d4.6s2"	"3G"	"3"	""	"*"	"2"		"T6977"	"L153"	
"334.7076"	"334.7075"	"0.0008"	"40"	""		"2951.29"	"32828.12"	"5d5.(6S).6s"	"7S"	"3"	"5d4.6s.(6D).6p"	"5D*"	"4"		""	"L153"	
"334.762"	"334.7630"	"0.0008"	"5"	""		"19827.68"	"49699.56"	"5d5.(4P).6s"	"5P"	"3"	""	"*"	"2"		""	"L153"	
"334.777"	"334.7769"	"0.0008"	"3"	""		"15069.93"	"44940.57"	"5d4.6s2"	"3H"	"5"	""	"*"	"4"		""	"L153"	
"334.9459"	"334.9468"	"0.0008"	"5"	""		"26861.64"	"56717.13"	"5d5.(2F1).6s"	"3F"	"2"	""	"*"	"3"		""	"L153"	
"335.0501"	"335.0499"	"0.0008"	"6"	""		"17008.50"	"46854.80"	"5d4.6s2"	"3H"	"6"	""	"*"	"5"		""	"L153"	
"335.2165"	"335.2155"	"0.0008"	"15"	""		"21453.90"	"51285.46"	"5d4.6s.(6D).6p"	"7D*"	"1"	""	""	"0"		""	"L153"	
"335.2354"	"335.2341"	"0.0008"	"3"	""		"23455.02"	"53284.92"	"5d5.(4D).6s"	"5D"	"1"	""	"*"	"2"		""	"L153"	
"335.2934"	"335.2911"	"0.0008"	"15"	""		"17107.01"	"46931.84"	"5d4.6s2"	"3F2"	"4"	""	"*"	"4"		""	"L153"	
"335.3615"	"335.3614"	"0.0008"	"5"	""		"19253.56"	"49072.14"	"5d4.6s2"	"3P2"	"2"	""	"*"	"3"		""	"L153"	
"335.3918"	"335.3915"	"0.0008"	"20*"	""		"19256.24"	"49072.14"	"5d5.(4G).6s"	"5G"	"4"	""	"*"	"3"		""	"L153"	
"335.3918"	"335.3921"	"0.0008"	"20*"	""		"3325.53"	"33141.38"	"5d4.6s2"	"5D"	"2"	""	"*"	"2"		""	"L153"	
"335.4518"	"335.4525"	"0.0008"	"30"	""		"19826.04"	"49636.52"	"5d4.6s2"	"3G"	"5"	""	"*"	"4"		""	"L153"	
"335.4702"	"335.4710"	"0.0008"	"30"	""		"19827.68"	"49636.52"	"5d5.(4P).6s"	"5P"	"3"	""	"*"	"4"		""	"L153"	
"335.5416"	"335.5412"	"0.0008"	"120*"	""		"4830.00"	"34632.60"	"5d4.6s2"	"5D"	"3"	""	"*"	"4"		""	"L153"	
"335.5416"	"335.5419"	"0.0008"	"120*"	""		"15460.01"	"45262.55"	"5d4.6s2"	"3D"	"3"	""	"*"	"4"		""	"L153"	
"335.7206"	"335.7205"	"0.0008"	"4"	""		"28392.70"	"58179.38"	"5d5.(2I).6s"	"3I"	"6"	""	"*"	"5"		""	"L153"	
"335.7470"	"335.7472"	"0.0008"	"2"	""		"29479.32"	"59263.63"	"5d4.6s2"	"3F1"	"4"	""	"*"	"5"		""	"L153"	
"335.7677"	"335.7676"	"0.0008"	"15"	""		"17701.18"	"47483.68"	"5d4.6s2"	"3F2"	"3"	""	"*"	"3"		""	"L153"	
"335.8051"	"335.8058"	"0.0008"	"4"	""		"22476.68"	"52255.80"	"5d5.(4D).6s"	"5D"	"4"	""	"*"	"3"		""	"L153"	
"335.8857"	"335.8860"	"0.0008"	"3"	""		"23455.02"	"53227.03"	"5d5.(4D).6s"	"5D"	"1"	""	"*"	"1"		""	"L153"	
"336.160"	"336.1594"	"0.0008"	"2"	""		"17107.01"	"46854.80"	"5d4.6s2"	"3F2"	"4"	""	"*"	"5"		""	"L153"	
"336.1706"	"336.1708"	"0.0008"	"6"	""		"13307.10"	"43053.88"	"5d4.6s2"	"3P2"	"1"	""	"*"	"0"		""	"L153"	
"336.2070"	"336.2063"	"0.0008"	"40"	""		"23484.78"	"53228.42"	"5d4.6s2"	"1I"	"6"	""	"*"	"6"		""	"L153"	
"336.2330"	"336.2322"	"0.0008"	"20"	""		"17701.18"	"47442.53"	"5d4.6s2"	"3F2"	"3"	""	"*"	"2"		""	"L153"	
"336.2818"	"336.2817"	"0.0008"	"15"	""		"13777.71"	"43514.68"	"5d4.6s2"	"3F2"	"2"	""	"*"	"2"		""	"L153"	
"336.295"	"336.2941"	"0.0008"	"4"	""		"20983.02"	"50718.90"	"5d5.(4P).6s"	"5P"	"2"	""	"*"	"2"		""	"L153"	
"336.4302"	"336.4303"	"0.0008"	"80"	"6.6e+05"	C	"6219.33"	"35943.17"	"5d4.6s2"	"5D"	"4"	""	"*"	"3"		"T4976"	"L153"	
"336.5759"	"336.5753"	"0.0008"	"4"	""		"27849.80"	"57560.83"	"5d5.(2I).6s"	"3I"	"5"	""	"*"	"5"		""	"L153"	
"336.5865"	"336.5872"	"0.0008"	"6"	""		"12161.96"	"41871.94"	"5d4.6s2"	"3H"	"4"	""	"*"	"4"		""	"L153"	
"336.6903"	"336.6905"	"0.0008"	"40"	""		"13777.71"	"43478.58"	"5d4.6s2"	"3F2"	"2"	""	"*"	"3"		""	"L153"	
"336.8181"	"336.8185"	"0.0008"	"15"	""		"19827.68"	"49517.26"	"5d5.(4P).6s"	"5P"	"3"	""	"*"	"2"		""	"L153"	
"336.8517"	"336.8516"	"0.0008"	"15"	""		"19827.68"	"49514.34"	"5d5.(4P).6s"	"5P"	"3"	""	"*"	"3"		""	"L153"	
"336.8623"	"336.8622"	"0.0008"	"8"	""		"28233.44"	"57919.17"	"5d5.(4F).6s"	"5F"	"5"	""	"*"	"6"		""	"L153"	
"337.0648"	"337.0655"	"0.0008"	"20"	""		"29460.98"	"59128.80"	"5d5.(2I).6s"	"3I"	"7"	""	"*"	"6"		""	"L153"	
"337.1125"	"337.1121"	"0.0008"	"10"	""		"17008.50"	"46672.22"	"5d4.6s2"	"3H"	"6"	""	"*"	"6"		""	"L153"	
"337.1476"	"337.1481"	"0.0008"	"30"	""		"17701.18"	"47361.74"	"5d4.6s2"	"3F2"	"3"	""	"*"	"3"		""	"L153"	
"337.1659"	"337.1657"	"0.0008"	"12*"	""		"17701.18"	"47360.19"	"5d4.6s2"	"3F2"	"3"	""	"*"	"4"		""	"L153"	
"337.1659"	"337.1670"	"0.0008"	"12*"	""		"24610.88"	"54269.77"	"5d4.6s2"	"1F"	"3"	""	"*"	"3"		""	"L153"	
"337.191"	"337.1913"	"0.0008"	"6"	""		"15460.01"	"45116.77"	"5d4.6s2"	"3D"	"3"	""	"*"	"4"		""	"L153"	
"337.2012"	"337.2015"	"0.0008"	"40"	"1.0e+06"	B	"4830.00"	"34485.86"	"5d4.6s2"	"5D"	"3"	""	"*"	"2"		"T4976"	"L153"	
"337.209"	"337.2097"	"0.0008"	"20?"	""		"9528.06"	"39183.20"	"5d4.6s2"	"3P2"	"0"	""	"*"	"1"		""	"L153"	
"337.2320"	"337.2318"	"0.0008"	"50"	"6.7e+05"	B	"1670.29"	"31323.48"	"5d4.6s2"	"5D"	"1"	""	"*"	"1"		"T4976"	"L153"	
"337.4200"	"337.4194"	"0.0008"	"20*"	""		"16431.31"	"46068.02"	"5d4.6s2"	"3G"	"4"	""	"*"	"3"		""	"L153"	
"337.4200"	"337.4205"	"0.0008"	"20*"	""		"17701.18"	"47337.79"	"5d4.6s2"	"3F2"	"3"	""	"*"	"2"		""	"L153"	
"337.4721"	"337.4724"	"0.0008"	"300"	""		"3325.53"	"32957.58"	"5d4.6s2"	"5D"	"2"	""	"*"	"3"		""	"L153"	
"337.5543"	"337.5539"	"0.0008"	"3"	""		"30374.20"	"59999.10"	"5d4.6s2"	"3F1"	"2"	""	"*"	"2"		""	"L153"	
"337.6081"	"337.6086"	"0.0008"	"40"	""		"14976.18"	"44596.28"	"5d4.6s2"	"3D"	"2"	""	"*"	"2"		""	"L153"	
"337.6330"	"337.6342"	"0.0008"	"4"	""		"27213.82"	"56831.67"	"5d5.(2F1).6s"	"3F"	"4"	""	"*"	"4"		""	"L153"	
"337.7868"	"337.7875"	"0.0008"	"20"	""		"22476.68"	"52081.09"	"5d5.(4D).6s"	"5D"	"4"	""	"*"	"5"		""	"L153"	
"337.9485"	"337.9495"	"0.0008"	"40"	""		"19827.68"	"49417.90"	"5d5.(4P).6s"	"5P"	"3"	""	"*"	"3"		""	"L153"	
"337.9698"	"337.9685"	"0.0008"	"5"	""		"28898.96"	"58487.52"	"5d4.6s2"	"3P1"	"2"	""	"*"	"3"		""	"L153"	
"338.0066"	"338.0075"	"0.0008"	"8"	""		"24789.66"	"54374.80"	"5d4.6s2"	"1D2"	"2"	""	"*"	"1"		""	"L153"	
"338.0234"	"338.0247"	"0.0008"	"6"	""		"22852.80"	"52436.44"	"5d4.6s2"	"1G2"	"4"	""	"*"	"4"		""	"L153"	
"338.1003"	""	""	"4"	""		""	""	""	""	""	""	""	""		""	"L153"	
"338.1377"	""	""	"3"	""		""	""	""	""	""	""	""	""		""	"L153"	
"338.2696"	"338.2700"	"0.0008"	"40"	""		"13348.56"	"42910.74"	"5d4.6s2"	"3G"	"3"	""	"*"	"4"		""	"L153"	
"338.3057"	"338.3063"	"0.0008"	"30"	""		"15460.01"	"45019.02"	"5d4.6s2"	"3D"	"3"	""	"*"	"2"		""	"L153"	
"338.3569"	"338.3576"	"0.0008"	"50"	""		"15460.01"	"45014.54"	"5d4.6s2"	"3D"	"3"	""	"*"	"3"		""	"L153"	
"338.5304"	"338.5302"	"0.0008"	"80*"	""		"18280.48"	"47819.94"	"5d5.(6S).6s"	"5S"	"2"	""	"*"	"1"		""	"L153"	
"338.5304"	"338.5311"	"0.0008"	"80*"	""		"19648.54"	"49187.92"	"5d5.(4G).6s"	"5G"	"6"	""	"*"	"5"		""	"L153"	
"338.5860"	"338.5871"	"0.0008"	"25"	""		"19253.56"	"48788.06"	"5d4.6s2"	"3P2"	"2"	""	"*"	"1"		""	"L153"	
"338.6790"	"338.6792"	"0.0008"	"30"	""		"28392.70"	"57919.17"	"5d5.(2I).6s"	"3I"	"6"	""	"*"	"6"		""	"L153"	
"338.7062"	"338.7066"	"0.0008"	"80"	"2.64e+05"	B	"4830.00"	"34354.08"	"5d4.6s2"	"5D"	"3"	""	"*"	"3"		"T4976"	"L153"	
"338.7750"	"338.7759"	"0.0008"	"8"	""		"17107.01"	"46625.05"	"5d4.6s2"	"3F2"	"4"	""	"*"	"4"		""	"L153"	
"338.8465"	"338.8477"	"0.0008"	"1"	""		"28291.88"	"57803.66"	"5d5.(2F1).6s"	"3F"	"3"	""	"*"	"4"		""	"L153"	
"338.890"	"338.8923"	"0.0008"	"3"	""		"24610.88"	"54118.78"	"5d4.6s2"	"1F"	"3"	""	"*"	"4"		""	"L153"	
"338.9089"	"338.9086"	"0.0008"	"6"	""		"24610.88"	"54117.36"	"5d4.6s2"	"1F"	"3"	""	"*"	"3"		""	"L153"	
"338.9795"	"338.9795"	"0.0008"	"150"	""		"21448.76"	"50949.07"	"5d4.6s.(6D).6p"	"7F*"	"2"	""	""	"1"		""	"L153"	
"339.007"	"339.0075"	"0.0008"	"5"	""		"17008.50"	"46506.37"	"5d4.6s2"	"3H"	"6"	""	"*"	"5"		""	"L153"	
"339.079"	""	""	"3"	""		""	""	""	""	""	""	""	""		""	"L153"	
"339.2063"	"339.2066"	"0.0008"	"80"	""		"15460.01"	"44940.57"	"5d4.6s2"	"3D"	"3"	""	"*"	"4"		""	"L153"	
"339.2494"	"339.2495"	"0.0008"	"80"	""		"15069.93"	"44546.76"	"5d4.6s2"	"3H"	"5"	""	"*"	"5"		""	"L153"	
"339.3178"	"339.3185"	"0.0008"	"6"	""		"14976.18"	"44447.02"	"5d4.6s2"	"3D"	"2"	""	"*"	"3"		""	"L153"	
"339.322"	"339.3240"	"0.0008"	"1"	""		"26861.64"	"56332.00"	"5d5.(2F1).6s"	"3F"	"2"	""	"*"	"3"		""	"L153"	
"339.3436"	"339.3413"	"0.0008"	"2"	""		"28233.44"	"57702.30"	"5d5.(4F).6s"	"5F"	"5"	""	"*"	"6"		""	"L153"	
"339.3794"	"339.3805"	"0.0008"	"12"	""		"27849.80"	"57315.25"	"5d5.(2I).6s"	"3I"	"5"	""	"*"	"4"		""	"L153"	
"339.4401"	"339.4394"	"0.0008"	"2"	""		"23930.08"	"53390.42"	"5d5.(4D).6s"	"5D"	"3"	""	"*"	"3"		""	"L153"	
"339.4722"	"339.4728"	"0.0008"	"10"	""		"21448.76"	"50906.20"	"5d4.6s.(6D).6p"	"7F*"	"2"	""	""	"1"		""	"L153"	
"339.5587"	"339.5592"	"0.0008"	"8"	""		"13777.71"	"43227.66"	"5d4.6s2"	"3F2"	"2"	""	"*"	"2"		""	"L153"	
"339.6447"	"339.6453"	"0.0008"	"12"	""		"19827.68"	"49270.16"	"5d5.(4P).6s"	"5P"	"3"	""	"*"	"2"		""	"L153"	
"339.6781"	"339.6783"	"0.0008"	"40"	""		"13777.71"	"43217.33"	"5d4.6s2"	"3F2"	"2"	""	"*"	"1"		""	"L153"	
"339.7370"	""	""	"3"	""		""	""	""	""	""	""	""	""		""	"L153"	
"339.7825"	"339.7838"	"0.0008"	"6"	""		"23455.02"	"52885.50"	"5d5.(4D).6s"	"5D"	"1"	""	"*"	"2"		""	"L153"	
"339.8430"	"339.8431"	"0.0008"	"8"	""		"19648.54"	"49073.88"	"5d5.(4G).6s"	"5G"	"6"	""	"*"	"5"		""	"L153"	
"339.9064"	"339.9067"	"0.0008"	"50"	""		"19256.24"	"48676.08"	"5d5.(4G).6s"	"5G"	"4"	""	"*"	"4"		""	"L153"	
"339.9560"	"339.9575"	"0.0008"	"12"	""		"23930.08"	"53345.52"	"5d5.(4D).6s"	"5D"	"3"	""	"*"	"3"		""	"L153"	
"340.1429"	"340.1435"	"0.0008"	"5"	""		"17107.01"	"46506.37"	"5d4.6s2"	"3F2"	"4"	""	"*"	"5"		""	"L153"	
"340.1524"	"340.1523"	"0.0008"	"12"	""		"4830.00"	"34228.60"	"5d4.6s2"	"5D"	"3"	""	"*"	"3"		""	"L153"	
"340.1835"	"340.1858"	"0.0008"	"6"	""		"33291.80"	"62687.50"	"5d5.(2I).6s"	"1I"	"6"	""	"*"	"6"		""	"L153"	
"340.2364"	"340.2365"	"0.0008"	"30"	""		"14976.18"	"44367.50"	"5d4.6s2"	"3D"	"2"	""	"*"	"2"		""	"L153"	
"340.3734"	"340.3743"	"0.0008"	"12"	""		"22476.68"	"51856.10"	"5d5.(4D).6s"	"5D"	"4"	""	"*"	"4"		""	"L153"	
"340.3871"	"340.3882"	"0.0008"	"4"	""		"17701.18"	"47079.40"	"5d4.6s2"	"3F2"	"3"	""	"*"	"2"		""	"L153"	
"340.3986"	"340.3991"	"0.0008"	"1"	""		"14976.18"	"44353.46"	"5d4.6s2"	"3D"	"2"	""	"*"	"1"		""	"L153"	
"340.4347"	""	""	"5"	""		""	""	""	""	""	""	""	""		""	"L153"	
"340.4762"	"340.4761"	"0.0008"	"8"	""		"20427.84"	"49798.48"	"5d5.(4P).6s"	"5P"	"1"	""	"*"	"0"		""	"L153"	
"340.5193"	"340.5201"	"0.0008"	"30"	""		"18116.84"	"47483.68"	"5d5.(4G).6s"	"5G"	"2"	""	"*"	"3"		""	"L153"	
"340.5681"	"340.5679"	"0.0008"	"2"	""		"23982.80"	"53345.52"	"5d5.(4D).6s"	"5D"	"2"	""	"*"	"3"		""	"L153"	
"340.5769"	"340.5776"	"0.0008"	"25"	""		"19826.04"	"49187.92"	"5d4.6s2"	"3G"	"5"	""	"*"	"5"		""	"L153"	
"340.6029"	"340.6029"	"0.0008"	"4"	""		"18082.83"	"47442.53"	"5d4.6s2"	"3D"	"1"	""	"*"	"2"		""	"L153"	
"340.6243"	"340.6246"	"0.0008"	"25"	""		"16431.31"	"45789.14"	"5d4.6s2"	"3G"	"4"	""	"*"	"5"		""	"L153"	
"340.6929"	"340.6934"	"0.0008"	"25"	""		"18974.51"	"48326.41"	"5d5.(4G).6s"	"5G"	"3"	""	"*"	"3"		""	"L153"	
"340.7801"	"340.7813"	"0.0008"	"30"	""		"18974.51"	"48318.84"	"5d5.(4G).6s"	"5G"	"3"	""	"*"	"2"		""	"L153"	
"340.8222"	"340.8240"	"0.0008"	"2"	""		"32135.94"	"61476.60"	"5d5.(4G).6s"	"3G"	"4"	""	"*"	"5"		""	"L153"	
"340.8606"	"340.8610"	"0.0008"	"40"	""		"12161.96"	"41499.43"	"5d4.6s2"	"3H"	"4"	""	"*"	"3"		""	"L153"	
"340.9357"	"340.9373"	"0.0008"	"150"	""		"23047.31"	"52378.22"	"5d4.6s.(6D).6p"	"7F*"	"3"	""	""	"4"		""	"L153"	
"340.9748"	"340.9746"	"0.0008"	"5"	""		"24789.66"	"54117.36"	"5d4.6s2"	"1D2"	"2"	""	"*"	"3"		""	"L153"	
"340.9981"	"340.9979"	"0.0008"	"12"	""		"18116.84"	"47442.53"	"5d5.(4G).6s"	"5G"	"2"	""	"*"	"2"		""	"L153"	
"341.0142"	"341.0146"	"0.0008"	"5"	""		"19827.68"	"49151.94"	"5d5.(4P).6s"	"5P"	"3"	""	"*"	"2"		""	"L153"	
"341.0410"	"341.0419"	"0.0008"	"20"	""		"19826.04"	"49147.95"	"5d4.6s2"	"3G"	"5"	""	"*"	"4"		""	"L153"	
"341.0586"	"341.0584"	"0.0008"	"12"	""		"15069.93"	"44390.42"	"5d4.6s2"	"3H"	"5"	""	"*"	"6"		""	"L153"	
"341.1461"	"341.1460"	"0.0008"	"15"	""		"18280.48"	"47593.44"	"5d5.(6S).6s"	"5S"	"2"	""	"*"	"3"		""	"L153"	
"341.1850"	"341.1851"	"0.0008"	"40"	""		"28392.70"	"57702.30"	"5d5.(2I).6s"	"3I"	"6"	""	"*"	"6"		""	"L153"	
"341.1987"	"341.1999"	"0.0008"	"12"	""		"23930.08"	"53238.41"	"5d5.(4D).6s"	"5D"	"3"	""	"*"	"4"		""	"L153"	
"341.2759"	"341.2775"	"0.0008"	"2"	""		"24610.88"	"53912.55"	"5d4.6s2"	"1F"	"3"	""	"*"	"2"		""	"L153"	
"341.2976"	"341.2972"	"0.0008"	"5"	""		"29460.98"	"58760.96"	"5d5.(2I).6s"	"3I"	"7"	""	"*"	"6"		""	"L153"	
"341.3057"	"341.3065"	"0.0008"	"12"	""		"27849.80"	"57148.98"	"5d5.(2I).6s"	"3I"	"5"	""	"*"	"6"		""	"L153"	
"341.3715"	"341.3706"	"0.0008"	"3"	""		"27849.80"	"57143.48"	"5d5.(2I).6s"	"3I"	"5"	""	"*"	"5"		""	"L153"	
"341.3935"	"341.3939"	"0.0008"	"80"	"9.7e+05"	B	"4830.00"	"34121.68"	"5d4.6s2"	"5D"	"3"	""	"*"	"4"		"T4976"	"L153"	
"341.4389"	"341.4398"	"0.0008"	"4"	""		"6219.33"	"35507.07"	"5d4.6s2"	"5D"	"4"	""	"*"	"5"		""	"L153"	
"341.4507"	"341.4516"	"0.0008"	"80"	""		"2951.29"	"32238.02"	"5d5.(6S).6s"	"7S"	"3"	""	"*"	"3"		""	"L153"	
"341.5315"	"341.5322"	"0.0008"	"5"	"1.76e+04"	D	"6219.33"	"35499.15"	"5d4.6s2"	"5D"	"4"	""	"*"	"3"		"T4976"	"L153"	
"341.5996"	""	""	"3"	""		""	""	""	""	""	""	""	""		""	"L153"	
"341.6268"	"341.6262"	"0.0008"	"5*"	""		"28347.60"	"57619.36"	"5d5.(4F).6s"	"5F"	"3"	""	"*"	"3"		""	"L153"	
"341.6268"	"341.6267"	"0.0008"	"5*"	""		"20427.84"	"49699.56"	"5d5.(4P).6s"	"5P"	"1"	""	"*"	"2"		""	"L153"	
"341.6386"	"341.6408"	"0.0008"	"4"	""		"27213.82"	"56484.33"	"5d5.(2F1).6s"	"3F"	"4"	""	"*"	"3"		""	"L153"	
"341.6528"	"341.6526"	"0.0008"	"20"	""		"20174.20"	"49443.70"	"5d4.6s2"	"1S2"	"0"	""	"*"	"1"		""	"L153"	
"341.6888"	"341.6889"	"0.0008"	"5"	""		"13307.10"	"42573.49"	"5d4.6s2"	"3P2"	"1"	""	"*"	"1"		""	"L153"	
"341.8488"	"341.8496"	"0.0008"	"6"	""		"13348.56"	"42601.19"	"5d4.6s2"	"3G"	"3"	""	"*"	"3"		""	"L153"	
"341.905"	"341.9056"	"0.0008"	"2"	""		"19826.04"	"49073.88"	"5d4.6s2"	"3G"	"5"	""	"*"	"5"		""	"L153"	
"341.9221"	"341.9227"	"0.0008"	"10"	""		"16431.31"	"45677.69"	"5d4.6s2"	"3G"	"4"	""	"*"	"3"		""	"L153"	
"341.9436"	"341.9451"	"0.0008"	"20"	""		"19827.68"	"49072.14"	"5d5.(4P).6s"	"5P"	"3"	""	"*"	"3"		""	"L153"	
"342.0151"	"342.0164"	"0.0008"	"3"	""		"28233.44"	"57471.80"	"5d5.(4F).6s"	"5F"	"5"	""	"*"	"4"		""	"L153"	
"342.0258"	"342.0236"	"0.0008"	"30*"	""		"24610.88"	"53848.63"	"5d4.6s2"	"1F"	"3"	""	"*"	"4"		""	"L153"	
"342.0258"	"342.0271"	"0.0008"	"30*"	""		"23047.31"	"52284.76"	"5d4.6s.(6D).6p"	"7F*"	"3"	""	""	"3"		""	"L153"	
"342.1056"	"342.1065"	"0.0008"	"3"	""		"17701.18"	"46931.84"	"5d4.6s2"	"3F2"	"3"	""	"*"	"4"		""	"L153"	
"342.1329"	"342.1343"	"0.0008"	"25"	""		"22852.80"	"52081.09"	"5d4.6s2"	"1G2"	"4"	""	"*"	"5"		""	"L153"	
"342.2197"	"342.2202"	"0.0008"	"3"	""		"18116.84"	"47337.79"	"5d5.(4G).6s"	"5G"	"2"	""	"*"	"2"		""	"L153"	
"342.3396"	"342.3402"	"0.0008"	"100"	""		"24763.39"	"53974.10"	"5d4.6s.(6D).6p"	"7F*"	"4"	""	""	"5"		""	"L153"	
"342.3831"	"342.3839"	"0.0008"	"8"	""		"22852.80"	"52059.78"	"5d4.6s2"	"1G2"	"4"	""	"*"	"4"		""	"L153"	
"342.4092"	""	""	"1"	""		""	""	""	""	""	""	""	""		""	"L153"	
"342.4275"	"342.4282"	"0.0008"	"20"	""		"18280.48"	"47483.68"	"5d5.(6S).6s"	"5S"	"2"	""	"*"	"3"		""	"L153"	
"342.4816"	"342.4826"	"0.0008"	"10"	""		"23455.02"	"52653.58"	"5d5.(4D).6s"	"5D"	"1"	""	"*"	"2"		""	"L153"	
"342.5109"	"342.5122"	"0.0008"	"3"	""		"18974.51"	"48170.55"	"5d5.(4G).6s"	"5G"	"3"	""	"*"	"3"		""	"L153"	
"342.5798"	""	""	"10"	""		""	""	""	""	""	""	""	""		""	"L153"	
"342.5891"	""	""	"5"	""		""	""	""	""	""	""	""	""		""	"L153"	
"342.6026"	"342.6041"	"0.0008"	"10"	""		"23930.08"	"53118.29"	"5d5.(4D).6s"	"5D"	"3"	""	"*"	"4"		""	"L153"	
"342.6520"	"342.6528"	"0.0008"	"25"	""		"13348.56"	"42532.62"	"5d4.6s2"	"3G"	"3"	""	"*"	"4"		""	"L153"	
"342.7864"	"342.7860"	"0.0008"	"8"	""		"18082.83"	"47255.55"	"5d4.6s2"	"3D"	"1"	""	"*"	"1"		""	"L153"	
"342.8563"	""	""	"20"	""		""	""	""	""	""	""	""	""		""	"L153"	
"342.8693"	"342.8699"	"0.0008"	"80"	""		"13348.56"	"42514.14"	"5d4.6s2"	"3G"	"3"	""	"*"	"3"		""	"L153"	
"342.9114"	"342.9114"	"0.0008"	"12"	""		"18280.48"	"47442.53"	"5d5.(6S).6s"	"5S"	"2"	""	"*"	"2"		""	"L153"	
"342.9513"	""	""	"6"	""		""	""	""	""	""	""	""	""		""	"L153"	
"343.0111"	"343.0119"	"0.0008"	"2"	""		"24763.39"	"53916.90"	"5d4.6s.(6D).6p"	"7F*"	"4"	""	""	"3"		""	"L153"	
"343.0575"	"343.0571"	"0.0008"	"100"	""		"19535.01"	"48684.68"	"5d5.(4G).6s"	"5G"	"5"	""	"*"	"6"		""	"L153"	
"343.1238"	"343.1247"	"0.0008"	"30"	""		"26189.20"	"55333.12"	"5d4.6s.(6D).6p"	"7D*"	"3"	""	""	"4"		""	"L153"	
"343.1410"	"343.1415"	"0.0008"	"15"	""		"13307.10"	"42449.60"	"5d4.6s2"	"3P2"	"1"	""	"*"	"2"		""	"L153"	
"343.1855"	"343.1861"	"0.0008"	"15"	""		"18116.84"	"47255.55"	"5d5.(4G).6s"	"5G"	"2"	""	"*"	"1"		""	"L153"	
"343.3562"	"343.3571"	"0.0008"	"2"	""		"28347.60"	"57471.80"	"5d5.(4F).6s"	"5F"	"3"	""	"*"	"4"		""	"L153"	
"343.3609"	"343.3613"	"0.0008"	"2"	""		"22476.68"	"51600.52"	"5d5.(4D).6s"	"5D"	"4"	""	"*"	"3"		""	"L153"	
"343.4058"	"343.4065"	"0.0008"	"12"	""		"16431.31"	"45551.32"	"5d4.6s2"	"3G"	"4"	""	"*"	"3"		""	"L153"	
"343.4758"	"343.4767"	"0.0008"	"40"	""		"4830.00"	"33944.06"	"5d4.6s2"	"5D"	"3"	""	"*"	"2"		""	"L153"	
"343.5799"	"343.5804"	"0.0008"	"4"	""		"17701.18"	"46806.45"	"5d4.6s2"	"3F2"	"3"	""	"*"	"2"		""	"L153"	
"343.6220"	"343.6228"	"0.0008"	"20"	""		"13348.56"	"42450.24"	"5d4.6s2"	"3G"	"3"	""	"*"	"4"		""	"L153"	
"343.6695"	"343.6698"	"0.0008"	"30"	""		"17008.50"	"46106.20"	"5d4.6s2"	"3H"	"6"	""	"*"	"6"		""	"L153"	
"343.7701"	"343.7676"	"0.0008"	"2"	""		"20427.84"	"49517.26"	"5d5.(4P).6s"	"5P"	"1"	""	"*"	"2"		""	"L153"	
"343.8118"	"343.8127"	"0.0008"	"6"	""		"24789.66"	"53875.26"	"5d4.6s2"	"1D2"	"2"	""	"*"	"1"		""	"L153"	
"343.8559"	"343.8576"	"0.0008"	"4"	""		"28233.44"	"57315.25"	"5d5.(4F).6s"	"5F"	"5"	""	"*"	"4"		""	"L153"	
"343.8639"	"343.8641"	"0.0008"	"2"	""		"18280.48"	"47361.74"	"5d5.(6S).6s"	"5S"	"2"	""	"*"	"3"		""	"L153"	
"343.9176"	"343.9193"	"0.0008"	"20"	""		"21448.76"	"50525.35"	"5d4.6s.(6D).6p"	"7F*"	"2"	""	""	"2"		""	"L153"	
"343.9794"	"343.9801"	"0.0008"	"50"	""		"21453.90"	"50525.35"	"5d4.6s.(6D).6p"	"7D*"	"1"	""	""	"2"		""	"L153"	
"343.9940"	"343.9952"	"0.0008"	"15"	""		"19256.24"	"48326.41"	"5d5.(4G).6s"	"5G"	"4"	""	"*"	"3"		""	"L153"	
"344.0358"	"344.0371"	"0.0008"	"10"	""		"27213.82"	"56280.45"	"5d5.(2F1).6s"	"3F"	"4"	""	"*"	"5"		""	"L153"	
"344.0528"	"344.0531"	"0.0008"	"3"	""		"19253.56"	"48318.84"	"5d4.6s2"	"3P2"	"2"	""	"*"	"2"		""	"L153"	
"344.0977"	""	""	"15"	""		""	""	""	""	""	""	""	""		""	"L153"	
"344.1326"	"344.1336"	"0.0008"	"5"	""		"24610.88"	"53669.36"	"5d4.6s2"	"1F"	"3"	""	"*"	"2"		""	"L153"	
"344.1412"	""	""	"6"	""		""	""	""	""	""	""	""	""		""	"L153"	
"344.1468"	"344.1475"	"0.0008"	"4"	""		"18280.48"	"47337.79"	"5d5.(6S).6s"	"5S"	"2"	""	"*"	"2"		""	"L153"	
"344.230"	"344.2303"	"0.0008"	"2"	""		"29853.66"	"58903.98"	"5d5.(4F).6s"	"5F"	"4"	""	"*"	"5"		""	"L153"	
"344.2948"	"344.2955"	"0.0008"	"25"	""		"14976.18"	"44021.00"	"5d4.6s2"	"3D"	"2"	""	"*"	"3"		""	"L153"	
"344.3298"	"344.3309"	"0.0008"	"8"	""		"27213.82"	"56255.65"	"5d5.(2F1).6s"	"3F"	"4"	""	"*"	"4"		""	"L153"	
"344.3985"	"344.3984"	"0.0008"	"80"	""		"19648.54"	"48684.68"	"5d5.(4G).6s"	"5G"	"6"	""	"*"	"6"		""	"L153"	
"344.4674"	""	""	"3"	""		""	""	""	""	""	""	""	""		""	"L153"	
"344.5211"	"344.5217"	"0.0008"	"3"	""		"31389.08"	"60414.83"	"5d5.(4G).6s"	"3G"	"5"	""	"*"	"6"		""	"L153"	
"344.5585"	"344.5589"	"0.0008"	"30*"	""		"24763.39"	"53786.00"	"5d4.6s.(6D).6p"	"7F*"	"4"	""	""	"4"		""	"L153"	
"344.5585"	"344.5597"	"0.0008"	"30*"	""		"23455.02"	"52477.57"	"5d5.(4D).6s"	"5D"	"1"	""	"*"	"1"		""	"L153"	
"344.5861"	"344.5859"	"0.0008"	"1"	""		"16431.31"	"45451.65"	"5d4.6s2"	"3G"	"4"	""	"*"	"5"		""	"L153"	
"344.6382"	"344.6391"	"0.0008"	"15"	""		"20427.84"	"49443.70"	"5d5.(4P).6s"	"5P"	"1"	""	"*"	"1"		""	"L153"	
"344.6697"	"344.6701"	"0.0008"	"30"	""		"1670.29"	"30683.54"	"5d4.6s2"	"5D"	"1"	""	"*"	"1"		""	"L153"	
"344.7876"	"344.7884"	"0.0008"	"12"	""		"22852.80"	"51856.10"	"5d4.6s2"	"1G2"	"4"	""	"*"	"4"		""	"L153"	
"344.8554"	"344.8552"	"0.0008"	"2"	""		"26861.64"	"55859.32"	"5d5.(2F1).6s"	"3F"	"2"	""	"*"	"1"		""	"L153"	
"344.8700"	"344.8684"	"0.0008"	"8*"	""		"18082.83"	"47079.40"	"5d4.6s2"	"3D"	"1"	""	"*"	"2"		""	"L153"	
"344.8700"	"344.8709"	"0.0008"	"8*"	""		"22476.68"	"51473.04"	"5d5.(4D).6s"	"5D"	"4"	""	"*"	"4"		""	"L153c23"	
"344.8972"	"344.8976"	"0.0008"	"15"	""		"18974.51"	"47968.62"	"5d5.(4G).6s"	"5G"	"3"	""	"*"	"4"		""	"L153"	
"344.9196"	"344.9198"	"0.0008"	"40"	""		"23964.67"	"52956.92"	"5d4.6s.(6D).6p"	"7D*"	"2"	""	""	"1"		""	"L153"	
"344.9369"	"344.9378"	"0.0008"	"4"	""		"19253.56"	"48244.29"	"5d4.6s2"	"3P2"	"2"	""	"*"	"2"		""	"L153"	
"344.9814"	"344.9821"	"0.0008"	"50"	"6.3e+06"	B	"15460.01"	"44447.02"	"5d4.6s2"	"3D"	"3"	""	"*"	"3"		"T6977"	"L153"	
"345.0290"	"345.0297"	"0.0008"	"12"	""		"20983.02"	"49966.03"	"5d5.(4P).6s"	"5P"	"2"	""	"*"	"3"		""	"L153"	
"345.0425"	"345.0433"	"0.0008"	"8"	""		"27849.80"	"56831.67"	"5d5.(2I).6s"	"3I"	"5"	""	"*"	"4"		""	"L153"	
"345.1107"	""	""	"2"	""		""	""	""	""	""	""	""	""		""	"L153"	
"345.1235"	"345.1243"	"0.0008"	"2"	""		"18280.48"	"47255.55"	"5d5.(6S).6s"	"5S"	"2"	""	"*"	"1"		""	"L153"	
"345.1431"	"345.1432"	"0.0008"	"3"	""		"26861.64"	"55835.12"	"5d5.(2F1).6s"	"3F"	"2"	""	"*"	"2"		""	"L153"	
"345.2125"	"345.2127"	"0.0008"	"6"	""		"28347.60"	"57315.25"	"5d5.(4F).6s"	"5F"	"3"	""	"*"	"4"		""	"L153"	
"345.2728"	"345.2733"	"0.0008"	"50"	""		"18116.84"	"47079.40"	"5d5.(4G).6s"	"5G"	"2"	""	"*"	"2"		""	"L153"	
"345.2945"	"345.2942"	"0.0008"	"12*"	""		"27213.82"	"56174.63"	"5d5.(2F1).6s"	"3F"	"4"	""	"*"	"4"		""	"L153"	
"345.2945"	"345.2958"	"0.0008"	"12*"	""		"23982.80"	"52943.48"	"5d5.(4D).6s"	"5D"	"2"	""	"*"	"3"		""	"L153"	
"345.3605"	"345.3611"	"0.0008"	"30"	""		"13307.10"	"42262.30"	"5d4.6s2"	"3P2"	"1"	""	"*"	"1"		""	"L153"	
"345.6908"	"345.6909"	"0.0008"	"2"	""		"28204.20"	"57131.78"	"5d5.(4F).6s"	"5F"	"2"	""	"*"	"3"		""	"L153"	
"345.7348"	"345.7352"	"0.0008"	"10"	""		"17701.18"	"46625.05"	"5d4.6s2"	"3F2"	"3"	""	"*"	"4"		""	"L153"	
"345.8228"	"345.8240"	"0.0008"	"3"	""		"14976.18"	"43892.62"	"5d4.6s2"	"3D"	"2"	""	"*"	"1"		""	"L153"	
"345.8350"	"345.8348"	"0.0008"	"20*"	""		"28233.44"	"57148.98"	"5d5.(4F).6s"	"5F"	"5"	""	"*"	"6"		""	"L153"	
"345.8350"	"345.8355"	"0.0008"	"20*"	""		"15069.93"	"43985.41"	"5d4.6s2"	"3H"	"5"	""	"*"	"4"		""	"L153"	
"345.8479"	"345.8495"	"0.0008"	"5"	""		"19256.24"	"48170.55"	"5d5.(4G).6s"	"5G"	"4"	""	"*"	"3"		""	"L153"	
"345.8703"	"345.8713"	"0.0008"	"60"	""		"3325.53"	"32238.02"	"5d4.6s2"	"5D"	"2"	""	"*"	"3"		""	"L153"	
"345.8829"	""	""	"4"	""		""	""	""	""	""	""	""	""		""	"L153"	
"345.8997"	"345.9006"	"0.0008"	"4"	""		"28233.44"	"57143.48"	"5d5.(4F).6s"	"5F"	"5"	""	"*"	"5"		""	"L153"	
"345.9301"	"345.9311"	"0.0008"	"25"	""		"15460.01"	"44367.50"	"5d4.6s2"	"3D"	"3"	""	"*"	"2"		""	"L153"	
"345.9846"	"345.9854"	"0.0008"	"3"	""		"13348.56"	"42251.51"	"5d4.6s2"	"3G"	"3"	""	"*"	"3"		""	"L153"	
"345.9986"	""	""	"8"	""		""	""	""	""	""	""	""	""		""	"L153"	
"346.0507"	"346.0513"	"0.0008"	"30"	"2.04e+05"	C	"6219.33"	"35116.78"	"5d4.6s2"	"5D"	"4"	""	"*"	"4"		"T4976"	"L153"	
"346.1027"	""	""	"2"	""		""	""	""	""	""	""	""	""		""	"L153"	
"346.1451"	"346.1462"	"0.0008"	"1"	""		"23047.31"	"51936.84"	"5d4.6s.(6D).6p"	"7F*"	"3"	""	""	"2"		""	"L153"	
"346.2003"	""	""	"2"	""		""	""	""	""	""	""	""	""		""	"L153"	
"346.2345"	"346.2347"	"0.0008"	"15"	""		"19256.24"	"48138.38"	"5d5.(4G).6s"	"5G"	"4"	""	"*"	"5"		""	"L153"	
"346.2634"	"346.2640"	"0.0008"	"2"	""		"24789.66"	"53669.36"	"5d4.6s2"	"1D2"	"2"	""	"*"	"2"		""	"L153"	
"346.2794"	"346.2798"	"0.0008"	"15"	""		"27889.68"	"56768.06"	"5d5.(6S).6p"	"7P*"	"4"	""	""	"5"		""	"L153"	
"346.2862"	""	""	"2"	""		""	""	""	""	""	""	""	""		""	"L153"	
"346.3240"	"346.3244"	"0.0008"	"4"	""		"14976.18"	"43850.84"	"5d4.6s2"	"3D"	"2"	""	"*"	"3"		""	"L153"	
"346.3842"	""	""	"2"	""		""	""	""	""	""	""	""	""		""	"L153"	
"346.4239"	"346.4242"	"0.0008"	"50"	""		"2951.29"	"31817.63"	"5d5.(6S).6s"	"7S"	"3"	""	"*"	"2"		""	"L153"	
"346.5660"	"346.5686"	"0.0008"	"1"	""		"15069.93"	"43924.25"	"5d4.6s2"	"3H"	"5"	""	"*"	"5"		""	"L153"	
"346.6106"	"346.6107"	"0.0008"	"1"	""		"29479.32"	"58330.13"	"5d4.6s2"	"3F1"	"4"	""	"*"	"4"		""	"L153"	
"346.6198"	"346.6200"	"0.0008"	"2"	""		"19826.04"	"48676.08"	"5d4.6s2"	"3G"	"5"	""	"*"	"4"		""	"L153"	
"346.6391"	"346.6397"	"0.0008"	"6"	""		"19827.68"	"48676.08"	"5d5.(4P).6s"	"5P"	"3"	""	"*"	"4"		""	"L153"	
"346.7129"	"346.7127"	"0.0008"	"3"	""		"20427.84"	"49270.16"	"5d5.(4P).6s"	"5P"	"1"	""	"*"	"2"		""	"L153"	
"346.7400"	"346.7394"	"0.0008"	"6"	""		"31389.08"	"60229.18"	"5d5.(4G).6s"	"3G"	"5"	""	"*"	"5"		""	"L153"	
"346.7643"	""	""	"4"	""		""	""	""	""	""	""	""	""		""	"L153"	
"346.7734"	"346.7735"	"0.0008"	"1*"	""		"30374.20"	"59211.47"	"5d4.6s2"	"3F1"	"2"	""	"*"	"2"		""	"L153c23"	
"346.7734"	"346.7750"	"0.0008"	"1*"	""		"29479.32"	"58316.46"	"5d4.6s2"	"3F1"	"4"	""	"*"	"4"		""	"L153"	
"346.8453"	"346.8460"	"0.0008"	"4"	""		"16431.31"	"45262.55"	"5d4.6s2"	"3G"	"4"	""	"*"	"4"		""	"L153"	
"346.8656"	""	""	"3"	""		""	""	""	""	""	""	""	""		""	"L153"	
"346.8869"	"346.8876"	"0.0008"	"15"	""		"9528.06"	"38355.84"	"5d4.6s2"	"3P2"	"0"	""	"*"	"1"		""	"L153"	
"346.9391"	"346.9394"	"0.0008"	"40"	"2.83e+06"	B	"13777.71"	"42601.19"	"5d4.6s2"	"3F2"	"2"	""	"*"	"3"		"T6977"	"L153"	
"347.0528"	"347.0529"	"0.0008"	"3"	""		"22476.68"	"51290.73"	"5d5.(4D).6s"	"5D"	"4"	""	"*"	"5"		""	"L153"	
"347.1926"	""	""	"2"	""		""	""	""	""	""	""	""	""		""	"L153"	
"347.2105"	""	""	"3"	""		""	""	""	""	""	""	""	""		""	"L153"	
"347.2344"	"347.2352"	"0.0008"	"8"	""		"18280.48"	"47079.40"	"5d5.(6S).6s"	"5S"	"2"	""	"*"	"2"		""	"L153"	
"347.3951"	""	""	"4"	""		""	""	""	""	""	""	""	""		""	"L153"	
"347.5923"	"347.5935"	"0.0008"	"1"	""		"31389.08"	"60158.32"	"5d5.(4G).6s"	"3G"	"5"	""	"*"	"4"		""	"L153"	
"347.6818"	"347.6799"	"0.0008"	"40*"	""		"17107.01"	"45869.10"	"5d4.6s2"	"3F2"	"4"	""	"*"	"4"		""	"L153"	
"347.6818"	"347.6825"	"0.0008"	"40*"	""		"12161.96"	"40923.83"	"5d4.6s2"	"3H"	"4"	""	"*"	"3"		""	"L153"	
"347.7491"	"347.7501"	"0.0008"	"30"	""		"28392.70"	"57148.98"	"5d5.(2I).6s"	"3I"	"6"	""	"*"	"6"		""	"L153"	
"347.8165"	"347.8167"	"0.0008"	"4"	""		"28392.70"	"57143.48"	"5d5.(2I).6s"	"3I"	"6"	""	"*"	"5"		""	"L153"	
"347.8258"	"347.8258"	"0.0008"	"8"	""		"12161.96"	"40911.98"	"5d4.6s2"	"3H"	"4"	""	"*"	"5"		""	"L153"	
"347.8532"	"347.8537"	"0.0008"	"1"	""		"22852.80"	"51600.52"	"5d4.6s2"	"1G2"	"4"	""	"*"	"3"		""	"L153"	
"347.8939"	"347.8939"	"0.0008"	"80"	""		"26676.48"	"55420.88"	"5d4.6s.(6D).6p"	"7F*"	"5"	""	""	"6"		""	"L153"	
"347.9698"	""	""	"4"	""		""	""	""	""	""	""	""	""		""	"L153"	
"347.9902"	"347.9903"	"0.0008"	"8"	""		"13777.71"	"42514.14"	"5d4.6s2"	"3F2"	"2"	""	"*"	"3"		""	"L153"	
"348.0117"	"348.0120"	"0.0008"	"5"	""		"24610.88"	"53345.52"	"5d4.6s2"	"1F"	"3"	""	"*"	"3"		""	"L153"	
"348.1401"	"348.1397"	"0.0008"	"1"	""		"20427.84"	"49151.94"	"5d5.(4P).6s"	"5P"	"1"	""	"*"	"2"		""	"L153"	
"348.1449"	"348.1455"	"0.0008"	"10"	""		"18082.83"	"46806.45"	"5d4.6s2"	"3D"	"1"	""	"*"	"2"		""	"L153"	
"348.2317"	"348.2314"	"0.0008"	"8"	""		"20983.02"	"49699.56"	"5d5.(4P).6s"	"5P"	"2"	""	"*"	"2"		""	"L153"	
"348.2517"	"348.2522"	"0.0008"	"1"	""		"18974.51"	"47689.33"	"5d5.(4G).6s"	"5G"	"3"	""	"*"	"4"		""	"L153"	
"348.2813"	"348.2818"	"0.0008"	"40"	""		"19256.24"	"47968.62"	"5d5.(4G).6s"	"5G"	"4"	""	"*"	"4"		""	"L153"	
"348.3425"	"348.3420"	"0.0008"	"2"	""		"28291.88"	"56999.30"	"5d5.(2F1).6s"	"3F"	"3"	""	"*"	"2"		""	"L153"	
"348.3762"	"348.3772"	"0.0008"	"20"	""		"26676.48"	"55381.00"	"5d4.6s.(6D).6p"	"7F*"	"5"	""	""	"5"		""	"L153"	
"348.460"	"348.4612"	"0.0008"	"1"	""		"23455.02"	"52152.62"	"5d5.(4D).6s"	"5D"	"1"	""	"*"	"2"		""	"L153"	
"348.5577"	"348.5582"	"0.0009"	"2"	""		"18116.84"	"46806.45"	"5d5.(4G).6s"	"5G"	"2"	""	"*"	"2"		""	"L153"	
"348.6206"	"348.6213"	"0.0009"	"2*"	""		"26861.64"	"55546.06"	"5d5.(2F1).6s"	"3F"	"2"	""	"*"	"3"		""	"L153c23"	
"348.6206"	"348.6230"	"0.0009"	"2*"	""		"17701.18"	"46385.46"	"5d4.6s2"	"3F2"	"3"	""	"*"	"3"		""	"L153"	
"348.6276"	"348.6281"	"0.0009"	"15"	""		"27889.68"	"56573.54"	"5d5.(6S).6p"	"7P*"	"4"	""	""	"5"		""	"L153"	
"348.6488"	"348.6491"	"0.0009"	"30"	""		"17107.01"	"45789.14"	"5d4.6s2"	"3F2"	"4"	""	"*"	"5"		""	"L153"	
"348.7783"	"348.7782"	"0.0009"	"4*"	""		"13307.10"	"41978.62"	"5d4.6s2"	"3P2"	"1"	""	"*"	"2"		""	"L153"	
"348.7783"	"348.7791"	"0.0009"	"4*"	""		"15069.93"	"43741.37"	"5d4.6s2"	"3H"	"5"	""	"*"	"5"		""	"L153"	
"348.8140"	""	""	"2"	""		""	""	""	""	""	""	""	""		""	"L153"	
"348.9405"	"348.9410"	"0.0009"	"4"	""		"13307.10"	"41965.24"	"5d4.6s2"	"3P2"	"1"	""	"*"	"0"		""	"L153"	
"348.9588"	"348.9593"	"0.0009"	"3"	""		"26676.48"	"55333.12"	"5d4.6s.(6D).6p"	"7F*"	"5"	""	""	"4"		""	"L153"	
"349.012"	"349.0121"	"0.0009"	"1"	""		"27849.80"	"56502.10"	"5d5.(2I).6s"	"3I"	"5"	""	"*"	"4"		""	"L153"	
"349.0279"	"349.0287"	"0.0009"	"20"	""		"15069.93"	"43720.87"	"5d4.6s2"	"3H"	"5"	""	"*"	"4"		""	"L153"	
"349.238"	"349.2369"	"0.0009"	"2"	""		"29853.66"	"58487.52"	"5d5.(4F).6s"	"5F"	"4"	""	"*"	"3"		""	"L153"	
"349.2826"	"349.2832"	"0.0009"	"15"	""		"13348.56"	"41978.62"	"5d4.6s2"	"3G"	"3"	""	"*"	"2"		""	"L153"	
"349.3131"	"349.3141"	"0.0009"	"3"	""		"24610.88"	"53238.41"	"5d4.6s2"	"1F"	"3"	""	"*"	"4"		""	"L153"	
"349.3249"	"349.3258"	"0.0009"	"4"	""		"17701.18"	"46327.75"	"5d4.6s2"	"3F2"	"3"	""	"*"	"2"		""	"L153"	
"349.4025"	"349.4031"	"0.0009"	"8"	""		"22852.80"	"51473.04"	"5d4.6s2"	"1G2"	"4"	""	"*"	"4"		""	"L153"	
"349.4187"	"349.4191"	"0.0009"	"10"	""		"18974.51"	"47593.44"	"5d5.(4G).6s"	"5G"	"3"	""	"*"	"3"		""	"L153"	
"349.4803"	"349.4810"	"0.0009"	"3"	""		"20174.20"	"48788.06"	"5d4.6s2"	"1S2"	"0"	""	"*"	"1"		""	"L153"	
"349.5364"	"349.5396"	"0.0009"	"1"	""		"23455.02"	"52064.08"	"5d5.(4D).6s"	"5D"	"1"	""	"*"	"2"		""	"L153"	
"349.5752"	""	""	"4"	""		""	""	""	""	""	""	""	""		""	"L153"	
"349.6082"	"349.6092"	"0.0009"	"3"	""		"19535.01"	"48138.38"	"5d5.(4G).6s"	"5G"	"5"	""	"*"	"5"		""	"L153"	
"349.6236"	"349.6239"	"0.0009"	"75"	""		"19648.54"	"48250.70"	"5d5.(4G).6s"	"5G"	"6"	""	"*"	"7"		""	"L153"	
"349.6683"	"349.6720"	"0.0009"	"2"	""		"28233.44"	"56831.67"	"5d5.(4F).6s"	"5F"	"5"	""	"*"	"4"		""	"L153"	
"349.6927"	"349.6955"	"0.0009"	"3"	""		"23484.78"	"52081.09"	"5d4.6s2"	"1I"	"6"	""	"*"	"5"		""	"L153"	
"349.7154"	"349.7164"	"0.0009"	"3"	""		"19256.24"	"47850.84"	"5d5.(4G).6s"	"5G"	"4"	""	"*"	"5"		""	"L153"	
"349.9761"	"349.9767"	"0.0009"	"3"	""		"23930.08"	"52503.41"	"5d5.(4D).6s"	"5D"	"3"	""	"*"	"2"		""	"L153"	
"350.0621"	"350.0619"	"0.0009"	"15"	""		"19253.56"	"47819.94"	"5d4.6s2"	"3P2"	"2"	""	"*"	"1"		""	"L153"	
"350.1273"	"350.1279"	"0.0009"	"40"	""		"15460.01"	"44021.00"	"5d4.6s2"	"3D"	"3"	""	"*"	"3"		""	"L153"	
"350.1907"	"350.1908"	"0.0009"	"3"	""		"24789.66"	"53345.52"	"5d4.6s2"	"1D2"	"2"	""	"*"	"3"		""	"L153"	
"350.388"	"350.3880"	"0.0009"	"2"	""		"28291.88"	"56831.67"	"5d5.(2F1).6s"	"3F"	"3"	""	"*"	"4"		""	"L153"	
"350.4032"	"350.4038"	"0.0009"	"30"	""		"14976.18"	"43514.68"	"5d4.6s2"	"3D"	"2"	""	"*"	"2"		""	"L153"	
"350.4556"	"350.4562"	"0.0009"	"20"	""		"20983.02"	"49517.26"	"5d5.(4P).6s"	"5P"	"2"	""	"*"	"2"		""	"L153"	
"350.4911"	"350.4920"	"0.0009"	"4"	""		"20983.02"	"49514.34"	"5d5.(4P).6s"	"5P"	"2"	""	"*"	"3"		""	"L153"	
"350.5246"	"350.5264"	"0.0009"	"4"	""		"26861.64"	"55390.16"	"5d5.(2F1).6s"	"3F"	"2"	""	"*"	"2"		""	"L153"	
"350.557"	"350.5578"	"0.0009"	"2"	""		"18280.48"	"46806.45"	"5d5.(6S).6s"	"5S"	"2"	""	"*"	"2"		""	"L153"	
"350.5646"	"350.5648"	"0.0009"	"15"	""		"15460.01"	"43985.41"	"5d4.6s2"	"3D"	"3"	""	"*"	"4"		""	"L153"	
"350.5889"	"350.5896"	"0.0009"	"3"	""		"13348.56"	"41871.94"	"5d4.6s2"	"3G"	"3"	""	"*"	"4"		""	"L153"	
"350.6243"	"350.6236"	"0.0009"	"1"	""		"23982.80"	"52503.41"	"5d5.(4D).6s"	"5D"	"2"	""	"*"	"2"		""	"L153"	
"350.6900"	"350.6900"	"0.0009"	"2"	""		"15460.01"	"43975.22"	"5d4.6s2"	"3D"	"3"	""	"*"	"2"		""	"L153"	
"350.7637"	"350.7632"	"0.0009"	"20*"	""		"16431.31"	"44940.57"	"5d4.6s2"	"3G"	"4"	""	"*"	"4"		""	"L153"	
"350.7637"	"350.7643"	"0.0009"	"20*"	""		"18974.51"	"47483.68"	"5d5.(4G).6s"	"5G"	"3"	""	"*"	"3"		""	"L153"	
"350.785"	"350.7860"	"0.0009"	"3w"	""		"24610.88"	"53118.29"	"5d4.6s2"	"1F"	"3"	""	"*"	"4"		""	"L153"	
"350.8280"	"350.8293"	"0.0009"	"30"	""		"12161.96"	"40665.85"	"5d4.6s2"	"3H"	"4"	""	"*"	"3"		""	"L153"	
"350.8921"	"350.8928"	"0.0009"	"6"	""		"19827.68"	"48326.41"	"5d5.(4P).6s"	"5P"	"3"	""	"*"	"3"		""	"L153"	
"350.9355"	"350.9356"	"0.0009"	"2w"	""		"24789.66"	"53284.92"	"5d4.6s2"	"1D2"	"2"	""	"*"	"2"		""	"L153"	
"350.9736"	"350.9745"	"0.0009"	"40"	""		"3325.53"	"31817.63"	"5d4.6s2"	"5D"	"2"	""	"*"	"2"		""	"L153"	
"350.9853"	"350.9861"	"0.0009"	"8"	""		"19827.68"	"48318.84"	"5d5.(4P).6s"	"5P"	"3"	""	"*"	"2"		""	"L153"	
"351.0015"	"351.0023"	"0.0009"	"20"	""		"19648.54"	"48138.38"	"5d5.(4G).6s"	"5G"	"6"	""	"*"	"5"		""	"L153"	
"351.0378"	"351.0385"	"0.0009"	"3"	""		"22773.78"	"51260.68"	"5d5.(4D).6s"	"5D"	"0"	""	"*"	"1"		""	"L153"	
"351.0665"	"351.0670"	"0.0009"	"10"	""		"13777.71"	"42262.30"	"5d4.6s2"	"3F2"	"2"	""	"*"	"1"		""	"L153"	
"351.1029"	"351.1036"	"0.0009"	"200"	"5.2e+05"	B	"2951.29"	"31432.91"	"5d5.(6S).6s"	"7S"	"3"	"5d4.6s.(6D).6p"	"5F*"	"4"		"T4976"	"L153"	
"351.2670"	"351.2672"	"0.0009"	"3"	""		"26189.20"	"54657.56"	"5d4.6s.(6D).6p"	"7D*"	"3"	""	""	"3"		""	"L153"	
"351.2722"	"351.2714"	"0.0009"	"3"	""		"18974.51"	"47442.53"	"5d5.(4G).6s"	"5G"	"3"	""	"*"	"2"		""	"L153"	
"351.3618"	"351.3619"	"0.0009"	"8"	""		"20983.02"	"49443.70"	"5d5.(4P).6s"	"5P"	"2"	""	"*"	"1"		""	"L153"	
"351.3916"	"351.3927"	"0.0009"	"3"	""		"29460.98"	"57919.17"	"5d5.(2I).6s"	"3I"	"7"	""	"*"	"6"		""	"L153"	
"351.451"	"351.4523"	"0.0009"	"2"	""		"28898.96"	"57352.32"	"5d4.6s2"	"3P1"	"2"	""	"*"	"3"		""	"L153"	
"351.5201"	""	""	"3"	""		""	""	""	""	""	""	""	""		""	"L153"	
"351.5638"	"351.5642"	"0.0009"	"6"	""		"17107.01"	"45551.32"	"5d4.6s2"	"3F2"	"4"	""	"*"	"3"		""	"L153"	
"351.5780"	"351.5785"	"0.0009"	"8"	""		"17008.50"	"45451.65"	"5d4.6s2"	"3H"	"6"	""	"*"	"5"		""	"L153"	
"351.6802"	"351.6808"	"0.0009"	"6"	""		"20983.02"	"49417.90"	"5d5.(4P).6s"	"5P"	"2"	""	"*"	"3"		""	"L153"	
"351.6960"	"351.6965"	"0.0009"	"12"	""		"19535.01"	"47968.62"	"5d5.(4G).6s"	"5G"	"5"	""	"*"	"4"		""	"L153"	
"351.7023"	"351.7029"	"0.0009"	"3"	""		"19256.24"	"47689.33"	"5d5.(4G).6s"	"5G"	"4"	""	"*"	"4"		""	"L153"	
"351.7358"	"351.7331"	"0.0009"	"1"	""		"27849.80"	"56280.45"	"5d5.(2I).6s"	"3I"	"5"	""	"*"	"5"		""	"L153"	
"351.7777"	"351.7779"	"0.0009"	"10"	""		"13307.10"	"41734.13"	"5d4.6s2"	"3P2"	"1"	""	"*"	"2"		""	"L153"	
"351.8508"	"351.8511"	"0.0009"	"30"	""		"12161.96"	"40583.07"	"5d4.6s2"	"3H"	"4"	""	"*"	"4"		""	"L153"	
"351.9061"	"351.9069"	"0.0009"	"5"	""		"19827.68"	"48244.29"	"5d5.(4P).6s"	"5P"	"3"	""	"*"	"2"		""	"L153"	
"351.9479"	"351.9482"	"0.0009"	"40"	""		"6219.33"	"34632.60"	"5d4.6s2"	"5D"	"4"	""	"*"	"4"		""	"L153"	
"352.0400"	"352.0402"	"0.0009"	"3"	""		"27849.80"	"56255.65"	"5d5.(2I).6s"	"3I"	"5"	""	"*"	"4"		""	"L153"	
"352.1381"	"352.1387"	"0.0009"	"1"	""		"28392.70"	"56790.60"	"5d5.(2I).6s"	"3I"	"6"	""	"*"	"7"		""	"L153"	
"352.2021"	"352.2015"	"0.0009"	"1"	""		"24610.88"	"53003.72"	"5d4.6s2"	"1F"	"3"	""	"*"	"2"		""	"L153"	
"352.2713"	"352.2711"	"0.0009"	"20"	""		"18974.51"	"47361.74"	"5d5.(4G).6s"	"5G"	"3"	""	"*"	"3"		""	"L153"	
"352.2914"	"352.2917"	"0.0009"	"40"	"5.7e+06"	C	"13348.56"	"41734.13"	"5d4.6s2"	"3G"	"3"	""	"*"	"2"		"T6977"	"L153"	
"352.3374"	"352.3383"	"0.0009"	"3"	""		"24610.88"	"52992.69"	"5d4.6s2"	"1F"	"3"	""	"*"	"4"		""	"L153"	
"352.4453"	"352.4458"	"0.0009"	"3"	""		"29430.50"	"57803.66"	""	""	"3"	""	"*"	"4"		""	"L153,L416"	
"352.5244"	"352.5243"	"0.0009"	"15"	""		"17701.18"	"46068.02"	"5d4.6s2"	"3F2"	"3"	""	"*"	"3"		""	"L153"	
"352.5682"	"352.5685"	"0.0009"	"6"	""		"18974.51"	"47337.79"	"5d5.(4G).6s"	"5G"	"3"	""	"*"	"2"		""	"L153"	
"352.6058"	"352.6066"	"0.0009"	"2"	""		"20427.84"	"48788.06"	"5d5.(4P).6s"	"5P"	"1"	""	"*"	"1"		""	"L153"	
"352.7858"	"352.7862"	"0.0009"	"30"	"2.7e+06"	C	"13348.56"	"41694.34"	"5d4.6s2"	"3G"	"3"	""	"*"	"3"		"T6977"	"L153"	
"352.8003"	"352.8004"	"0.0009"	"30"	""		"17107.01"	"45451.65"	"5d4.6s2"	"3F2"	"4"	""	"*"	"5"		""	"L153"	
"352.8218"	"352.8224"	"0.0009"	"6"	""		"19827.68"	"48170.55"	"5d5.(4P).6s"	"5P"	"3"	""	"*"	"3"		""	"L153"	
"352.8596"	"352.8596"	"0.0009"	"8"	""		"19253.56"	"47593.44"	"5d4.6s2"	"3P2"	"2"	""	"*"	"3"		""	"L153"	
"352.8929"	"352.8930"	"0.0009"	"10"	""		"19256.24"	"47593.44"	"5d5.(4G).6s"	"5G"	"4"	""	"*"	"3"		""	"L153"	
"352.9499"	"352.9503"	"0.0009"	"6"	""		"24610.88"	"52943.48"	"5d4.6s2"	"1F"	"3"	""	"*"	"3"		""	"L153"	
"352.9906"	"352.9903"	"0.0009"	"5"	""		"22476.68"	"50806.07"	"5d5.(4D).6s"	"5D"	"4"	""	"*"	"5"		""	"L153"	
"353.0359"	"353.0360"	"0.0009"	"6*"	""		"23930.08"	"52255.80"	"5d5.(4D).6s"	"5D"	"3"	""	"*"	"3"		""	"L153"	
"353.0359"	"353.0360"	"0.0009"	"6*"	""		"29853.66"	"58179.38"	"5d5.(4F).6s"	"5F"	"4"	""	"*"	"5"		""	"L153"	
"353.0603"	"353.0605"	"0.0009"	"10"	""		"22476.68"	"50800.44"	"5d5.(4D).6s"	"5D"	"4"	""	"*"	"3"		""	"L153"	
"353.0964"	""	""	"3"	""		""	""	""	""	""	""	""	""		""	"L153"	
"353.1590"	"353.1593"	"0.0009"	"8"	""		"19535.01"	"47850.84"	"5d5.(4G).6s"	"5G"	"5"	""	"*"	"5"		""	"L153"	
"353.1763"	"353.1764"	"0.0009"	"20"	""		"12161.96"	"40476.42"	"5d4.6s2"	"3H"	"4"	""	"*"	"5"		""	"L153"	
"353.2027"	"353.2029"	"0.0009"	"12"	""		"19826.04"	"48138.38"	"5d4.6s2"	"3G"	"5"	""	"*"	"5"		""	"L153"	
"353.2135"	"353.2149"	"0.0009"	"6"	"3.18e+04"	D	"4830.00"	"33141.38"	"5d4.6s2"	"5D"	"3"	""	"*"	"2"		"T4976"	"L153"	
"353.481"	"353.4783"	"0.0009"	"1w"	""		"26367.28"	"54657.56"	""	"*"	"2"	""	""	"3"		""	"L153"	
"353.4932"	""	""	"1"	""		""	""	""	""	""	""	""	""		""	"L153"	
"353.5175"	"353.5175"	"0.0009"	"4"	""		"20983.02"	"49270.16"	"5d5.(4P).6s"	"5P"	"2"	""	"*"	"2"		""	"L153"	
"353.5553"	"353.5538"	"0.0009"	"1"	""		"31389.08"	"59673.32"	"5d5.(4G).6s"	"3G"	"5"	""	"*"	"5"		""	"L153"	
"353.6264"	"353.6265"	"0.0009"	"3*"	""		"28720.88"	"56999.30"	"5d5.(4P).6s"	"3P"	"1"	""	"*"	"2"		""	"L153"	
"353.6264"	"353.6268"	"0.0009"	"3*"	""		"27213.82"	"55492.22"	"5d5.(2F1).6s"	"3F"	"4"	""	"*"	"5"		""	"L153"	
"353.6549"	"353.6556"	"0.0009"	"100"	"7.6e+06"	C	"13307.10"	"41583.20"	"5d4.6s2"	"3P2"	"1"	""	"*"	"2"		"T6977"	"L153"	
"353.7035"	""	""	"2"	""		""	""	""	""	""	""	""	""		""	"L153"	
"353.7497"	"353.7486"	"0.0009"	"6*"	""		"28233.44"	"56502.10"	"5d5.(4F).6s"	"5F"	"5"	""	"*"	"4"		""	"L153"	
"353.7497"	"353.7491"	"0.0009"	"6*"	""		"18116.84"	"46385.46"	"5d5.(4G).6s"	"5G"	"2"	""	"*"	"3"		""	"L153"	
"353.8167"	""	""	"2"	""		""	""	""	""	""	""	""	""		""	"L153"	
"353.8457"	"353.8463"	"0.0009"	"80"	""		"15460.01"	"43720.87"	"5d4.6s2"	"3D"	"3"	""	"*"	"4"		""	"L153"	
"353.9637"	"353.9638"	"0.0009"	"15"	""		"14976.18"	"43227.66"	"5d4.6s2"	"3D"	"2"	""	"*"	"2"		""	"L153"	
"354.0334"	"354.0337"	"0.0009"	"8"	""		"9528.06"	"37773.96"	"5d4.6s2"	"3P2"	"0"	""	"*"	"1"		""	"L153"	
"354.0466"	"354.0460"	"0.0009"	"3"	""		"18082.83"	"46327.75"	"5d4.6s2"	"3D"	"1"	""	"*"	"2"		""	"L153"	
"354.0600"	""	""	"5"	""		""	""	""	""	""	""	""	""		""	"L153"	
"354.089"	"354.0885"	"0.0009"	"1"	""		"27213.82"	"55455.35"	"5d5.(2F1).6s"	"3F"	"4"	""	"*"	"5"		""	"L153"	
"354.0936"	"354.0932"	"0.0009"	"10"	""		"14976.18"	"43217.33"	"5d4.6s2"	"3D"	"2"	""	"*"	"1"		""	"L153"	
"354.1218"	"354.1223"	"0.0009"	"2"	""		"23455.02"	"51693.85"	"5d5.(4D).6s"	"5D"	"1"	""	"*"	"2"		""	"L153"	
"354.1746"	"354.1749"	"0.0009"	"20"	""		"13348.56"	"41583.20"	"5d4.6s2"	"3G"	"3"	""	"*"	"2"		""	"L153"	
"354.187"	""	""	"2w"	""		""	""	""	""	""	""	""	""		""	"L153"	
"354.197"	"354.1977"	"0.0009"	"1"	""		"28898.96"	"57131.78"	"5d4.6s2"	"3P1"	"2"	""	"*"	"3"		""	"L153"	
"354.2319"	"354.2316"	"0.0009"	"2"	""		"19253.56"	"47483.68"	"5d4.6s2"	"3P2"	"2"	""	"*"	"3"		""	"L153"	
"354.2651"	"354.2652"	"0.0009"	"25"	""		"19256.24"	"47483.68"	"5d5.(4G).6s"	"5G"	"4"	""	"*"	"3"		""	"L153"	
"354.3280"	"354.3267"	"0.0009"	"1*"	""		"23930.08"	"52152.62"	"5d5.(4D).6s"	"5D"	"3"	""	"*"	"2"		""	"L153"	
"354.3280"	"354.3287"	"0.0009"	"1*"	""		"26861.64"	"55084.02"	"5d5.(2F1).6s"	"3F"	"2"	""	"*"	"2"		""	"L153c23"	
"354.3659"	"354.3664"	"0.0009"	"6"	""		"22852.80"	"51072.18"	"5d4.6s2"	"1G2"	"4"	""	"*"	"3"		""	"L153"	
"354.4118"	"354.4119"	"0.0009"	"8"	""		"20174.20"	"48389.96"	"5d4.6s2"	"1S2"	"0"	""	"*"	"1"		""	"L153"	
"354.4337"	"354.4332"	"0.0009"	"1"	""		"24789.66"	"53003.72"	"5d4.6s2"	"1D2"	"2"	""	"*"	"2"		""	"L153"	
"354.4723"	"354.4728"	"0.0009"	"12"	""		"18116.84"	"46327.75"	"5d5.(4G).6s"	"5G"	"2"	""	"*"	"2"		""	"L153"	
"354.499"	"354.4993"	"0.0009"	"4"	""		"18082.83"	"46291.63"	"5d4.6s2"	"3D"	"1"	""	"*"	"1"		""	"L153"	
"354.517"	"354.5184"	"0.0009"	"2"	""		"21448.76"	"49656.04"	"5d4.6s.(6D).6p"	"7F*"	"2"	"5d4.6s.(6D).7s"	"5D"	"3"		""	"L153"	
"354.580"	"354.5810"	"0.0009"	"12"	""		"19648.54"	"47850.84"	"5d5.(4G).6s"	"5G"	"6"	""	"*"	"5"		""	"L153"	
"354.5986"	"354.5985"	"0.0009"	"12"	""		"13777.71"	"41978.62"	"5d4.6s2"	"3F2"	"2"	""	"*"	"2"		""	"L153"	
"354.6233"	"354.6238"	"0.0009"	"200"	"3.2e+06"	B	"0.00"	"28198.90"	"5d4.6s2"	"5D"	"0"	"5d4.6s.(6D).6p"	"5P*"	"1"		"T4976"	"L153"	
"354.6636"	"354.6643"	"0.0009"	"4"	""		"24610.88"	"52806.56"	"5d4.6s2"	"1F"	"3"	""	"*"	"3"		""	"L153"	
"354.7367"	""	""	"4"	""		""	""	""	""	""	""	""	""		""	"L153"	
"354.7487"	"354.7487"	"0.0009"	"3"	""		"19253.56"	"47442.53"	"5d4.6s2"	"3P2"	"2"	""	"*"	"2"		""	"L153"	
"354.801"	"354.8012"	"0.0009"	"1"	""		"33291.80"	"61476.60"	"5d5.(2I).6s"	"1I"	"6"	""	"*"	"5"		""	"L153"	
"354.8480"	"354.8481"	"0.0009"	"15"	""		"15069.93"	"43251.00"	"5d4.6s2"	"3H"	"5"	""	"*"	"4"		""	"L153"	
"354.9174"	"354.9170"	"0.0009"	"3*"	""		"20427.84"	"48603.44"	"5d5.(4P).6s"	"5P"	"1"	""	"*"	"0"		""	"L153"	
"354.9174"	"354.9185"	"0.0009"	"3*"	""		"27213.82"	"55389.30"	"5d5.(2F1).6s"	"3F"	"4"	""	"*"	"3"		""	"L153"	
"354.9272"	"354.9272"	"0.0009"	"15"	""		"18116.84"	"46291.63"	"5d5.(4G).6s"	"5G"	"2"	""	"*"	"1"		""	"L153"	
"354.976"	"354.9746"	"0.0009"	"2w"	""		"26861.64"	"55032.67"	"5d5.(2F1).6s"	"3F"	"2"	""	"*"	"2"		""	"L153"	
"355.061"	""	""	"3"	""		""	""	""	""	""	""	""	""		""	"L153"	
"355.1696"	"355.1699"	"0.0009"	"20"	""		"17107.01"	"45262.55"	"5d4.6s2"	"3F2"	"4"	""	"*"	"4"		""	"L153"	
"355.1852"	"355.1853"	"0.0009"	"40"	""		"19535.01"	"47689.33"	"5d5.(4G).6s"	"5G"	"5"	""	"*"	"4"		""	"L153"	
"355.2038"	""	""	"30"	""		""	""	""	""	""	""	""	""		""	"L153"	
"355.2156"	"355.2176"	"0.0009"	"2"	""		"23455.02"	"51606.78"	"5d5.(4D).6s"	"5D"	"1"	""	"*"	"2"		""	"L153"	
"355.2283"	"355.2288"	"0.0009"	"10"	""		"13348.56"	"41499.43"	"5d4.6s2"	"3G"	"3"	""	"*"	"3"		""	"L153"	
"355.3335"	"355.3334"	"0.0009"	"8"	""		"19826.04"	"47968.62"	"5d4.6s2"	"3G"	"5"	""	"*"	"4"		""	"L153"	
"355.3898"	"355.3900"	"0.0009"	"3w"	""		"27849.80"	"55987.90"	"5d5.(2I).6s"	"3I"	"5"	""	"*"	"5"		""	"L153"	
"355.4318"	"355.4323"	"0.0009"	"2"	"1.1e+04"	D	"6219.33"	"34354.08"	"5d4.6s2"	"5D"	"4"	""	"*"	"3"		"T4976"	"L153"	
"355.504"	""	""	"2"	""		""	""	""	""	""	""	""	""		""	"L153"	
"355.5221"	"355.5229"	"0.0009"	"100"	""		"4830.00"	"32957.58"	"5d4.6s2"	"5D"	"3"	""	"*"	"3"		""	"L153"	
"355.5340"	""	""	"3"	""		""	""	""	""	""	""	""	""		""	"L153"	
"355.6762"	"355.6763"	"0.0009"	"15"	""		"16431.31"	"44546.76"	"5d4.6s2"	"3G"	"4"	""	"*"	"5"		""	"L153"	
"355.703"	"355.7033"	"0.0009"	"1"	""		"30374.20"	"58487.52"	"5d4.6s2"	"3F1"	"2"	""	"*"	"3"		""	"L153"	
"355.7692"	"355.7683"	"0.0009"	"2"	""		"19253.56"	"47361.74"	"5d4.6s2"	"3P2"	"2"	""	"*"	"3"		""	"L153"	
"355.7780"	"355.7783"	"0.0009"	"3"	""		"12161.96"	"40269.35"	"5d4.6s2"	"3H"	"4"	""	"*"	"3"		""	"L153"	
"355.8024"	"355.8022"	"0.0009"	"6"	""		"19256.24"	"47361.74"	"5d5.(4G).6s"	"5G"	"4"	""	"*"	"3"		""	"L153"	
"355.810"	"355.8088"	"0.0009"	"2*"	""		"18280.48"	"46385.46"	"5d5.(6S).6s"	"5S"	"2"	""	"*"	"3"		""	"L153"	
"355.810"	"355.8100"	"0.0009"	"2*"	""		"18974.51"	"47079.40"	"5d5.(4G).6s"	"5G"	"3"	""	"*"	"2"		""	"L153"	
"355.8219"	"355.8219"	"0.0009"	"40"	""		"19256.24"	"47360.19"	"5d5.(4G).6s"	"5G"	"4"	""	"*"	"4"		""	"L153"	
"355.9242"	"355.9246"	"0.0009"	"2"	""		"24789.66"	"52885.50"	"5d4.6s2"	"1D2"	"2"	""	"*"	"2"		""	"L153"	
"355.9587"	"355.9589"	"0.0009"	"3w"	""		"23964.67"	"52057.80"	"5d4.6s.(6D).6p"	"7D*"	"2"	""	""	"1"		""	"L153"	
"356.0097"	"356.0097"	"0.0009"	"6"	""		"20983.02"	"49072.14"	"5d5.(4P).6s"	"5P"	"2"	""	"*"	"3"		""	"L153"	
"356.046"	""	""	"3"	""		""	""	""	""	""	""	""	""		""	"L153"	
"356.061"	"356.0594"	"0.0009"	"wl"	""		"23930.08"	"52015.28"	"5d5.(4D).6s"	"5D"	"3"	""	"*"	"3"		""	"L153"	
"356.0719"	"356.0717"	"0.0009"	"25"	""		"19253.56"	"47337.79"	"5d4.6s2"	"3P2"	"2"	""	"*"	"2"		""	"L153"	
"356.1077"	"356.1062"	"0.0009"	"12*"	""		"29479.32"	"57560.83"	"5d4.6s2"	"3F1"	"4"	""	"*"	"5"		""	"L153"	
"356.1077"	"356.1091"	"0.0009"	"12*"	""		"23982.80"	"52064.08"	"5d5.(4D).6s"	"5D"	"2"	""	"*"	"2"		""	"L153"	
"356.132"	"356.1333"	"0.0009"	"2"	""		"26861.64"	"54941.01"	"5d5.(2F1).6s"	"3F"	"2"	""	"*"	"1"		""	"L153"	
"356.2261"	"356.2267"	"0.0009"	"12"	""		"12161.96"	"40233.97"	"5d4.6s2"	"3H"	"4"	""	"*"	"4"		""	"L153"	
"356.4462"	"356.4469"	"0.0009"	"40"	""		"15460.01"	"43514.68"	"5d4.6s2"	"3D"	"3"	""	"*"	"2"		""	"L153"	
"356.543"	"356.5409"	"0.0009"	"2*"	""		"18280.48"	"46327.75"	"5d5.(6S).6s"	"5S"	"2"	""	"*"	"2"		""	"L153"	
"356.543"	"356.5442"	"0.0009"	"2*"	""		"28233.44"	"56280.45"	"5d5.(4F).6s"	"5F"	"5"	""	"*"	"5"		""	"L153"	
"356.6164"	"356.6166"	"0.0009"	"10"	""		"22852.80"	"50894.12"	"5d4.6s2"	"1G2"	"4"	""	"*"	"3"		""	"L153"	
"356.6627"	"356.6642"	"0.0009"	"12"	""		"23964.67"	"52002.25"	"5d4.6s.(6D).6p"	"7D*"	"2"	""	""	"3"		""	"L153"	
"356.8264"	"356.8268"	"0.0009"	"10"	""		"19826.04"	"47850.84"	"5d4.6s2"	"3G"	"5"	""	"*"	"5"		""	"L153"	
"356.866"	"356.8651"	"0.0009"	"3"	""		"18082.83"	"46104.62"	"5d4.6s2"	"3D"	"1"	""	"*"	"1"		""	"L153"	
"356.870"	"356.8696"	"0.0009"	"5"	""		"31389.08"	"59410.52"	"5d5.(4G).6s"	"3G"	"5"	""	"*"	"6"		""	"L153"	
"356.9055"	"356.9062"	"0.0009"	"60"	""		"15460.01"	"43478.58"	"5d4.6s2"	"3D"	"3"	""	"*"	"3"		""	"L153"	
"356.9423"	"356.9426"	"0.0009"	"12"	""		"16431.31"	"44447.02"	"5d4.6s2"	"3G"	"4"	""	"*"	"3"		""	"L153"	
"356.9637"	"356.9641"	"0.0009"	"3"	""		"20064.30"	"48078.32"	"5d4.6s.(6D).6p"	"7F*"	"1"	"5d4.6s.(6D).7s"	"5D"	"2"		""	"L153"	
"356.987"	""	""	"2"	""		""	""	""	""	""	""	""	""		""	"L153"	
"357.0002"	"357.0007"	"0.0009"	"20"	""		"18280.48"	"46291.63"	"5d5.(6S).6s"	"5S"	"2"	""	"*"	"1"		""	"L153"	
"357.018"	"357.0184"	"0.0009"	"12"	""		"17107.01"	"45116.77"	"5d4.6s2"	"3F2"	"4"	""	"*"	"4"		""	"L153"	
"357.0241"	"357.0247"	"0.0009"	"15"	""		"6219.33"	"34228.60"	"5d4.6s2"	"5D"	"4"	""	"*"	"3"		""	"L153"	
"357.0596"	"357.0593"	"0.0009"	"20"	""		"19535.01"	"47541.56"	"5d5.(4G).6s"	"5G"	"5"	""	"*"	"6"		""	"L153"	
"357.119"	"357.1175"	"0.0009"	"1"	""		"19253.56"	"47255.55"	"5d4.6s2"	"3P2"	"2"	""	"*"	"1"		""	"L153"	
"357.1668"	"357.1668"	"0.0009"	"150*"	""		"4830.00"	"32828.12"	"5d4.6s2"	"5D"	"3"	"5d4.6s.(6D).6p"	"5D*"	"4"		""	"L153"	
"357.1668"	"357.1690"	"0.0009"	"150*"	""		"3325.53"	"31323.48"	"5d4.6s2"	"5D"	"2"	""	"*"	"1"		""	"L153"	
"357.2054"	""	""	"6"	""		""	""	""	""	""	""	""	""		""	"L153"	
"357.2186"	""	""	"3"	""		""	""	""	""	""	""	""	""		""	"L153"	
"357.2382"	"357.2388"	"0.0009"	"2w"	""		"29479.32"	"57471.80"	"5d4.6s2"	"3F1"	"4"	""	"*"	"4"		""	"L153"	
"357.2992"	"357.2988"	"0.0009"	"3"	""		"18116.84"	"46104.62"	"5d5.(4G).6s"	"5G"	"2"	""	"*"	"1"		""	"L153"	
"357.4430"	"357.4427"	"0.0009"	"50"	""		"17701.18"	"45677.69"	"5d4.6s2"	"3F2"	"3"	""	"*"	"3"		""	"L153"	
"357.4980"	"357.4982"	"0.0009"	"8"	""		"23964.67"	"51936.84"	"5d4.6s.(6D).6p"	"7D*"	"2"	""	""	"2"		""	"L153"	
"357.6241"	"357.6241"	"0.0009"	"80"	""		"17008.50"	"44970.82"	"5d4.6s2"	"3H"	"6"	""	"*"	"7"		""	"L153"	
"357.636"	""	""	"3"	""		""	""	""	""	""	""	""	""		""	"L153"	
"357.6873"	"357.6879"	"0.0009"	"15"	""		"18974.51"	"46931.84"	"5d5.(4G).6s"	"5G"	"3"	""	"*"	"4"		""	"L153"	
"357.6989"	"357.6996"	"0.0009"	"60"	"6.2e+06"	C	"13777.71"	"41734.13"	"5d4.6s2"	"3F2"	"2"	""	"*"	"2"		"T6977"	"L153"	
"357.7391"	"357.7399"	"0.0009"	"10"	""		"22852.80"	"50806.07"	"5d4.6s2"	"1G2"	"4"	""	"*"	"5"		""	"L153"	
"357.789"	"357.7923"	"0.0009"	"1"	""		"27670.48"	"55619.66"	"5d5.(4F).6s"	"5F"	"1"	""	"*"	"2"		""	"L153"	
"357.8109"	"357.8120"	"0.0009"	"2"	""		"22852.80"	"50800.44"	"5d4.6s2"	"1G2"	"4"	""	"*"	"3"		""	"L153"	
"357.9032"	"357.9046"	"0.0009"	"2"	""		"32217.91"	"60158.32"	""	""	"3"	""	"*"	"4"		""	"L153,L416"	
"357.9512"	""	""	"3w"	""		""	""	""	""	""	""	""	""		""	"L153"	
"358.088"	"358.0890"	"0.0009"	"4"	""		"23930.08"	"51856.10"	"5d5.(4D).6s"	"5D"	"3"	""	"*"	"4"		""	"L153"	
"358.142"	"358.1428"	"0.0009"	"2"	""		"29430.50"	"57352.32"	""	""	"3"	""	"*"	"3"		""	"L153,L416"	
"358.2084"	"358.2094"	"0.0009"	"12"	""		"13777.71"	"41694.34"	"5d4.6s2"	"3F2"	"2"	""	"*"	"3"		""	"L153"	
"358.2244"	"358.2252"	"0.0009"	"30"	""		"17008.50"	"44923.90"	"5d4.6s2"	"3H"	"6"	""	"*"	"6"		""	"L153"	
"358.3256"	"358.3262"	"0.0009"	"25"	""		"17107.01"	"45014.54"	"5d4.6s2"	"3F2"	"4"	""	"*"	"3"		""	"L153"	
"358.3661"	"358.3685"	"0.0009"	"3"	""		"28204.20"	"56108.44"	"5d5.(4F).6s"	"5F"	"2"	""	"*"	"3"		""	"L153"	
"358.3921"	"358.3928"	"0.0009"	"10"	"1.97e+04"	D	"6219.33"	"34121.68"	"5d4.6s2"	"5D"	"4"	""	"*"	"4"		"T4976"	"L153"	
"358.5117"	"358.5126"	"0.0009"	"50"	""		"19648.54"	"47541.56"	"5d5.(4G).6s"	"5G"	"6"	""	"*"	"6"		""	"L153"	
"358.5356"	"358.5386"	"0.0009"	"3w"	""		"20427.84"	"48318.84"	"5d5.(4P).6s"	"5P"	"1"	""	"*"	"2"		""	"L153"	
"358.5794"	"358.5804"	"0.0009"	"8"	""		"28392.70"	"56280.45"	"5d5.(2I).6s"	"3I"	"6"	""	"*"	"5"		""	"L153"	
"358.607"	""	""	"2"	""		""	""	""	""	""	""	""	""		""	"L153"	
"358.693"	"358.6955"	"0.0009"	"2"	""		"29853.66"	"57732.46"	"5d5.(4F).6s"	"5F"	"4"	""	"*"	"3"		""	"L153"	
"358.7499"	"358.7502"	"0.0009"	"1w"	""		"31389.08"	"59263.63"	"5d5.(4G).6s"	"3G"	"5"	""	"*"	"5"		""	"L153"	
"358.8946"	"358.8952"	"0.0009"	"8"	""		"19826.04"	"47689.33"	"5d4.6s2"	"3G"	"5"	""	"*"	"4"		""	"L153"	
"358.9158"	"358.9163"	"0.0009"	"5"	""		"19827.68"	"47689.33"	"5d5.(4P).6s"	"5P"	"3"	""	"*"	"4"		""	"L153"	
"359.0648"	"359.0646"	"0.0009"	"8"	""		"17701.18"	"45551.32"	"5d4.6s2"	"3F2"	"3"	""	"*"	"3"		""	"L153"	
"359.0716"	"359.0718"	"0.0009"	"10"	""		"13348.56"	"41198.14"	"5d4.6s2"	"3G"	"3"	""	"*"	"4"		""	"L153"	
"359.1847"	"359.1850"	"0.0009"	"60"	""		"15069.93"	"42910.74"	"5d4.6s2"	"3H"	"5"	""	"*"	"4"		""	"L153"	
"359.2365"	"359.2370"	"0.0009"	"6"	""		"20427.84"	"48264.62"	"5d5.(4P).6s"	"5P"	"1"	""	"*"	"0"		""	"L153"	
"359.247"	"359.2479"	"0.0009"	"4"	""		"29479.32"	"57315.25"	"5d4.6s2"	"3F1"	"4"	""	"*"	"4"		""	"L153"	
"359.2790"	"359.2785"	"0.0009"	"15"	""		"17107.01"	"44940.57"	"5d4.6s2"	"3F2"	"4"	""	"*"	"4"		""	"L153"	
"359.2993"	"359.2994"	"0.0009"	"15"	""		"18974.51"	"46806.45"	"5d5.(4G).6s"	"5G"	"3"	""	"*"	"2"		""	"L153"	
"359.3299"	"359.3307"	"0.0009"	"2"	""		"27213.82"	"55043.34"	"5d5.(2F1).6s"	"3F"	"4"	""	"*"	"4"		""	"L153"	
"359.382"	"359.3818"	"0.0009"	"3"	""		"24610.88"	"52436.44"	"5d4.6s2"	"1F"	"3"	""	"*"	"4"		""	"L153"	
"359.3871"	"359.3867"	"0.0009"	"8"	""		"19535.01"	"47360.19"	"5d5.(4G).6s"	"5G"	"5"	""	"*"	"4"		""	"L153"	
"359.4000"	"359.4001"	"0.0009"	"10"	""		"18280.48"	"46104.62"	"5d5.(6S).6s"	"5S"	"2"	""	"*"	"1"		""	"L153"	
"359.4507"	"359.4500"	"0.0009"	"2"	""		"13307.10"	"41127.38"	"5d4.6s2"	"3P2"	"1"	""	"*"	"0"		""	"L153"	
"359.4580"	"359.4582"	"0.0009"	"8"	""		"18082.83"	"45902.48"	"5d4.6s2"	"3D"	"1"	""	"*"	"2"		""	"L153"	
"359.476"	"359.4773"	"0.0009"	"2w"	""		"28898.96"	"56717.13"	"5d4.6s2"	"3P1"	"2"	""	"*"	"3"		""	"L153"	
"359.4992"	"359.4995"	"0.0009"	"30"	""		"20427.84"	"48244.29"	"5d5.(4P).6s"	"5P"	"1"	""	"*"	"2"		""	"L153"	
"359.5551"	"359.5552"	"0.0009"	"25"	""		"23484.78"	"51296.92"	"5d4.6s2"	"1I"	"6"	""	"*"	"7"		""	"L153"	
"359.6081"	"359.6093"	"0.0009"	"1w"	""		"22476.68"	"50284.64"	"5d5.(4D).6s"	"5D"	"4"	""	"*"	"4"		""	"L153"	
"359.635"	"359.6353"	"0.0009"	"2"	""		"23484.78"	"51290.73"	"5d4.6s2"	"1I"	"6"	""	"*"	"5"		""	"L153"	
"359.6408"	"359.6412"	"0.0009"	"15"	""		"13777.71"	"41583.20"	"5d4.6s2"	"3F2"	"2"	""	"*"	"2"		""	"L153"	
"359.6466"	"359.6470"	"0.0009"	"8"	""		"20983.02"	"48788.06"	"5d5.(4P).6s"	"5P"	"2"	""	"*"	"1"		""	"L153"	
"359.7454"	"359.7456"	"0.0009"	"12"	""		"13307.10"	"41104.52"	"5d4.6s2"	"3P2"	"1"	""	"*"	"2"		""	"L153"	
"359.7627"	"359.7631"	"0.0009"	"8"	""		"15069.93"	"42866.00"	"5d4.6s2"	"3H"	"5"	""	"*"	"5"		""	"L153"	
"359.772"	"359.7718"	"0.0009"	"2"	""		"27213.82"	"55009.22"	"5d5.(2F1).6s"	"3F"	"4"	""	"*"	"5"		""	"L153"	
"359.8286"	"359.8289"	"0.0009"	"40"	""		"15460.01"	"43251.00"	"5d4.6s2"	"3D"	"3"	""	"*"	"4"		""	"L153"	
"359.8736"	"359.8735"	"0.0009"	"15"	""		"18280.48"	"46068.02"	"5d5.(6S).6s"	"5S"	"2"	""	"*"	"3"		""	"L153"	
"359.8983"	"359.8981"	"0.0009"	"8"	""		"18116.84"	"45902.48"	"5d5.(4G).6s"	"5G"	"2"	""	"*"	"2"		""	"L153"	
"359.915"	""	""	"2"	""		""	""	""	""	""	""	""	""		""	"L153"	
"359.9901"	"359.9906"	"0.0009"	"40"	"9.7e+04"	C	"0.00"	"27778.50"	"5d4.6s2"	"5D"	"0"	"5d4.6s.(6D).6p"	"5D*"	"1"		"T4976"	"L153"	
"360.0200"	"360.0192"	"0.0009"	"3"	""		"28797.24"	"56573.54"	"5d4.6s.(6D).6p"	"7D*"	"4"	""	""	"5"		""	"L153"	
"360.1314"	"360.1313"	"0.0009"	"10"	""		"15460.01"	"43227.66"	"5d4.6s2"	"3D"	"3"	""	"*"	"2"		""	"L153"	
"360.1559"	"360.1558"	"0.0009"	"2"	""		"19827.68"	"47593.44"	"5d5.(4P).6s"	"5P"	"3"	""	"*"	"3"		""	"L153"	
"360.1810"	"360.1816"	"0.0009"	"3"	""		"23930.08"	"51693.85"	"5d5.(4D).6s"	"5D"	"3"	""	"*"	"2"		""	"L153"	
"360.2191"	"360.2196"	"0.0009"	"2"	""		"28347.60"	"56108.44"	"5d5.(4F).6s"	"5F"	"3"	""	"*"	"3"		""	"L153"	
"360.2824"	"360.2830"	"0.0009"	"5"	""		"13348.56"	"41104.52"	"5d4.6s2"	"3G"	"3"	""	"*"	"2"		""	"L153"	
"360.303"	"360.3025"	"0.0009"	"1"	""		"28233.44"	"55987.90"	"5d5.(4F).6s"	"5F"	"5"	""	"*"	"5"		""	"L153"	
"360.4935"	"360.4939"	"0.0009"	"10"	""		"31389.08"	"59128.80"	"5d5.(4G).6s"	"3G"	"5"	""	"*"	"6"		""	"L153"	
"360.7092"	"360.7099"	"0.0009"	"150"	"9.6e+05"	B	"1670.29"	"29393.40"	"5d4.6s2"	"5D"	"1"	"5d4.6s.(6D).6p"	"5P*"	"2"		"T4976"	"L153"	
"360.7278"	"360.7280"	"0.0009"	"12"	""		"13777.71"	"41499.43"	"5d4.6s2"	"3F2"	"2"	""	"*"	"3"		""	"L153"	
"360.7362"	"360.7363"	"0.0009"	"10"	""		"17701.18"	"45422.26"	"5d4.6s2"	"3F2"	"3"	""	"*"	"2"		""	"L153"	
"360.8088"	"360.8087"	"0.0009"	"80"	""		"19826.04"	"47541.56"	"5d4.6s2"	"3G"	"5"	""	"*"	"6"		""	"L153"	
"360.8927"	"360.8933"	"0.0009"	"4"	""		"22476.68"	"50185.70"	"5d5.(4D).6s"	"5D"	"4"	""	"*"	"3"		""	"L153"	
"360.9175"	"360.9174"	"0.0009"	"2"	""		"29853.66"	"57560.83"	"5d5.(4F).6s"	"5F"	"4"	""	"*"	"5"		""	"L153"	
"360.9933"	"360.9941"	"0.0009"	"4"	""		"29430.50"	"57131.78"	""	""	"3"	""	"*"	"3"		""	"L153,L416"	
"361.0378"	"361.0396"	"0.0009"	"2"	""		"27213.82"	"54911.61"	"5d5.(2F1).6s"	"3F"	"4"	""	"*"	"4"		""	"L153"	
"361.0473"	""	""	"3"	""		""	""	""	""	""	""	""	""		""	"L153"	
"361.0982"	""	""	"3"	""		""	""	""	""	""	""	""	""		""	"L153"	
"361.1451"	"361.1454"	"0.0009"	"2"	""		"28347.60"	"56037.28"	"5d5.(4F).6s"	"5F"	"3"	""	"*"	"2"		""	"L153"	
"361.1664"	"361.1673"	"0.0009"	"2"	""		"29460.98"	"57148.98"	"5d5.(2I).6s"	"3I"	"7"	""	"*"	"6"		""	"L153"	
"361.178"	"361.1786"	"0.0009"	"1"	""		"26229.77"	"53916.90"	"5d5.(6S).6p"	"7P*"	"2"	""	""	"3"		""	"L153"	
"361.2986"	"361.2982"	"0.0009"	"1w"	""		"18082.83"	"45760.80"	"5d4.6s2"	"3D"	"1"	""	"*"	"1"		""	"L153"	
"361.330"	"361.3291"	"0.0009"	"1"	""		"19256.24"	"46931.84"	"5d5.(4G).6s"	"5G"	"4"	""	"*"	"4"		""	"L153"	
"361.373"	""	""	"2"	""		""	""	""	""	""	""	""	""		""	"L153"	
"361.3977"	"361.3965"	"0.0009"	"1"	""		"23930.08"	"51600.52"	"5d5.(4D).6s"	"5D"	"3"	""	"*"	"3"		""	"L153"	
"361.527"	""	""	"3"	""		""	""	""	""	""	""	""	""		""	"L153"	
"361.5829"	"361.5852"	"0.0009"	"15w"	""		"19827.68"	"47483.68"	"5d5.(4P).6s"	"5P"	"3"	""	"*"	"3"		""	"L153"	
"361.6155"	""	""	"2"	""		""	""	""	""	""	""	""	""		""	"L153"	
"361.6567"	"361.6566"	"0.0009"	"10"	""		"18974.51"	"46625.05"	"5d5.(4G).6s"	"5G"	"3"	""	"*"	"4"		""	"L153"	
"361.7186"	"361.7194"	"0.0009"	"5w"	""		"20174.20"	"47819.94"	"5d4.6s2"	"1S2"	"0"	""	"*"	"1"		""	"L153"	
"361.7429"	"361.7427"	"0.0009"	"8"	""		"18116.84"	"45760.80"	"5d5.(4G).6s"	"5G"	"2"	""	"*"	"1"		""	"L153"	
"361.7626"	"361.7628"	"0.0009"	"3"	""		"27849.80"	"55492.22"	"5d5.(2I).6s"	"3I"	"5"	""	"*"	"5"		""	"L153"	
"361.8136"	""	""	"4w"	""		""	""	""	""	""	""	""	""		""	"L153"	
"361.8547"	"361.8554"	"0.0009"	"500"	"1.1e+07"	B	"2951.29"	"30586.64"	"5d5.(6S).6s"	"7S"	"3"	"5d4.6s.(6D).6p"	"5P*"	"3"		"T4976"	"L153"	
"361.9135"	"361.9134"	"0.0009"	"2"	""		"28204.20"	"55835.12"	"5d5.(4F).6s"	"5F"	"2"	""	"*"	"2"		""	"L153"	
"361.9909"	"361.9908"	"0.0009"	"5"	""		"14976.18"	"42601.19"	"5d4.6s2"	"3D"	"2"	""	"*"	"3"		""	"L153"	
"362.0301"	"362.0303"	"0.0009"	"25"	""		"18280.48"	"45902.48"	"5d5.(6S).6s"	"5S"	"2"	""	"*"	"2"		""	"L153"	
"362.123"	"362.1240"	"0.0009"	"1w"	""		"19827.68"	"47442.53"	"5d5.(4P).6s"	"5P"	"3"	""	"*"	"2"		""	"L153"	
"362.1314"	"362.1320"	"0.0009"	"1"	""		"28233.44"	"55847.68"	"5d5.(4F).6s"	"5F"	"5"	""	"*"	"6"		""	"L153"	
"362.2161"	"362.2170"	"0.0009"	"4"	""		"28347.60"	"55955.36"	"5d5.(4F).6s"	"5F"	"3"	""	"*"	"4"		""	"L153"	
"362.2455"	"362.2460"	"0.0009"	"3"	""		"27849.80"	"55455.35"	"5d5.(2I).6s"	"3I"	"5"	""	"*"	"5"		""	"L153"	
"362.3137"	""	""	"3"	""		""	""	""	""	""	""	""	""		""	"L153"	
"362.3370"	"362.3377"	"0.0009"	"60"	""		"19256.24"	"46854.80"	"5d5.(4G).6s"	"5G"	"4"	""	"*"	"5"		""	"L153"	
"362.3539"	"362.3542"	"0.0009"	"20"	""		"14976.18"	"42573.49"	"5d4.6s2"	"3D"	"2"	""	"*"	"1"		""	"L153"	
"362.3617"	"362.3609"	"0.0009"	"1"	""		"26189.20"	"53786.00"	"5d4.6s.(6D).6p"	"7D*"	"3"	""	""	"4"		""	"L153"	
"362.4542"	"362.4542"	"0.0009"	"30"	""		"16431.31"	"44021.00"	"5d4.6s2"	"3G"	"4"	""	"*"	"3"		""	"L153"	
"362.5091"	"362.5110"	"0.0009"	"2"	""		"28898.96"	"56484.33"	"5d4.6s2"	"3P1"	"2"	""	"*"	"3"		""	"L153"	
"362.6093"	"362.6089"	"0.0009"	"2"	""		"31077.80"	"58655.72"	""	""	"2"	""	"*"	"2"		""	"L153,L416"	
"362.6432"	"362.6438"	"0.0009"	"60"	""		"13348.56"	"40923.83"	"5d4.6s2"	"3G"	"3"	""	"*"	"3"		""	"L153"	
"362.8166"	"362.8178"	"0.0009"	"2"	""		"28233.44"	"55795.48"	"5d5.(4F).6s"	"5F"	"5"	""	"*"	"5"		""	"L153"	
"362.8271"	"362.8267"	"0.0009"	"80*"	""		"17701.18"	"45262.55"	"5d4.6s2"	"3F2"	"3"	""	"*"	"4"		""	"L153"	
"362.8271"	"362.8276"	"0.0009"	"80*"	""		"13307.10"	"40868.40"	"5d4.6s2"	"3P2"	"1"	""	"*"	"2"		""	"L153"	
"362.8645"	"362.8650"	"0.0009"	"2"	""		"32826.63"	"60385.09"	""	""	"3"	""	"*"	"4"		""	"L153,L416"	
"362.8707"	"362.8710"	"0.0009"	"2"	""		"12161.96"	"39719.96"	"5d4.6s2"	"3H"	"4"	""	"*"	"4"		""	"L153"	
"362.9382"	"362.9383"	"0.0009"	"1"	""		"19253.56"	"46806.45"	"5d4.6s2"	"3P2"	"2"	""	"*"	"2"		""	"L153"	
"363.0695"	"363.0692"	"0.0009"	"2"	""		"23930.08"	"51473.04"	"5d5.(4D).6s"	"5D"	"3"	""	"*"	"4"		""	"L153"	
"363.0852"	"363.0853"	"0.0009"	"3"	""		"24610.88"	"52152.62"	"5d4.6s2"	"1F"	"3"	""	"*"	"2"		""	"L153"	
"363.1352"	"363.1351"	"0.0009"	"50"	""		"14976.18"	"42514.14"	"5d4.6s2"	"3D"	"2"	""	"*"	"3"		""	"L153"	
"363.1482"	""	""	"2"	""		""	""	""	""	""	""	""	""		""	"L153"	
"363.1854"	"363.1854"	"0.0009"	"60"	""		"19826.04"	"47360.19"	"5d4.6s2"	"3G"	"5"	""	"*"	"4"		""	"L153"	
"363.2073"	"363.2070"	"0.0009"	"3"	""		"19827.68"	"47360.19"	"5d5.(4P).6s"	"5P"	"3"	""	"*"	"4"		""	"L153"	
"363.2684"	""	""	"2"	""		""	""	""	""	""	""	""	""		""	"L153"	
"363.2978"	"363.2988"	"0.0009"	"200"	"1.3e+06"	B	"1670.29"	"29195.84"	"5d4.6s2"	"5D"	"1"	"5d4.6s.(6D).6p"	"5D*"	"2"		"T4976"	"L153"	
"363.3740"	"363.3742"	"0.0009"	"30"	""		"13348.56"	"40868.40"	"5d4.6s2"	"3G"	"3"	""	"*"	"2"		""	"L153"	
"363.4605"	"363.4624"	"0.0009"	"5"	""		"26861.64"	"54374.80"	"5d5.(2F1).6s"	"3F"	"2"	""	"*"	"1"		""	"L153"	
"363.506"	"363.5027"	"0.0009"	"1"	""		"19827.68"	"47337.79"	"5d5.(4P).6s"	"5P"	"3"	""	"*"	"2"		""	"L153"	
"363.5590"	""	""	"2"	""		""	""	""	""	""	""	""	""		""	"L153"	
"363.6292"	""	""	"3w"	""		""	""	""	""	""	""	""	""		""	"L153"	
"363.7515"	"363.7512"	"0.0009"	"3"	""		"27889.68"	"55381.00"	"5d5.(6S).6p"	"7P*"	"4"	""	""	"5"		""	"L153"	
"363.7763"	"363.7772"	"0.0009"	"10"	""		"22476.68"	"49966.03"	"5d5.(4D).6s"	"5D"	"4"	""	"*"	"3"		""	"L153"	
"363.7999"	"363.8015"	"0.0009"	"2"	""		"28347.60"	"55835.12"	"5d5.(4F).6s"	"5F"	"3"	""	"*"	"2"		""	"L153"	
"363.8417"	"363.8421"	"0.0009"	"60"	""		"12161.96"	"39646.41"	"5d4.6s2"	"3H"	"4"	""	"*"	"3"		""	"L153"	
"363.8969"	"363.8968"	"0.0009"	"8"	""		"18280.48"	"45760.80"	"5d5.(6S).6s"	"5S"	"2"	""	"*"	"1"		""	"L153"	
"363.939"	""	""	"2"	""		""	""	""	""	""	""	""	""		""	"L153"	
"363.957"	""	""	"2"	""		""	""	""	""	""	""	""	""		""	"L153"	
"364.0408"	""	""	"2"	""		""	""	""	""	""	""	""	""		""	"L153"	
"364.1171"	"364.1173"	"0.0009"	"40"	""		"13307.10"	"40770.78"	"5d4.6s2"	"3P2"	"1"	""	"*"	"1"		""	"L153"	
"364.1303"	"364.1304"	"0.0009"	"6"	""		"15069.93"	"42532.62"	"5d4.6s2"	"3H"	"5"	""	"*"	"4"		""	"L153"	
"364.1450"	"364.1450"	"0.0009"	"2"	""		"29853.66"	"57315.25"	"5d5.(4F).6s"	"5F"	"4"	""	"*"	"4"		""	"L153"	
"364.1679"	"364.1684"	"0.0009"	"2"	""		"31389.08"	"58848.90"	"5d5.(4G).6s"	"3G"	"5"	""	"*"	"4"		""	"L153"	
"364.2297"	"364.2326"	"0.0009"	"10"	""		"28392.70"	"55847.68"	"5d5.(2I).6s"	"3I"	"6"	""	"*"	"6"		""	"L153"	
"364.2702"	"364.2710"	"0.0009"	"2"	""		"12161.96"	"39614.05"	"5d4.6s2"	"3H"	"4"	""	"*"	"5"		""	"L153"	
"364.2886"	"364.2890"	"0.0009"	"20"	""		"15460.01"	"42910.74"	"5d4.6s2"	"3D"	"3"	""	"*"	"4"		""	"L153"	
"364.3133"	"364.3133"	"0.0009"	"8"	""		"24610.88"	"52059.78"	"5d4.6s2"	"1F"	"3"	""	"*"	"4"		""	"L153"	
"364.3851"	"364.3858"	"0.0009"	"20"	""		"27889.68"	"55333.12"	"5d5.(6S).6p"	"7P*"	"4"	""	""	"4"		""	"L153"	
"364.4348"	"364.4348"	"0.0009"	"10"	""		"17107.01"	"44546.76"	"5d4.6s2"	"3F2"	"4"	""	"*"	"5"		""	"L153"	
"364.5040"	"364.5048"	"0.0009"	"4"	""		"18116.84"	"45551.32"	"5d5.(4G).6s"	"5G"	"2"	""	"*"	"3"		""	"L153"	
"364.5399"	"364.5399"	"0.0009"	"3"	""		"22852.80"	"50284.64"	"5d4.6s2"	"1G2"	"4"	""	"*"	"4"		""	"L153"	
"364.7031"	"364.7036"	"0.0009"	"3"	""		"16431.31"	"43850.84"	"5d4.6s2"	"3G"	"4"	""	"*"	"3"		""	"L153"	
"364.7556"	"364.7560"	"0.0009"	"20"	""		"17701.18"	"45116.77"	"5d4.6s2"	"3F2"	"3"	""	"*"	"4"		""	"L153"	
"364.8177"	"364.8177"	"0.0009"	"8"	""		"18974.51"	"46385.46"	"5d5.(4G).6s"	"5G"	"3"	""	"*"	"3"		""	"L153"	
"364.8561"	"364.8567"	"0.0009"	"40"	""		"4830.00"	"32238.02"	"5d4.6s2"	"5D"	"3"	""	"*"	"3"		""	"L153"	
"364.8700"	"364.8711"	"0.0009"	"15"	""		"20983.02"	"48389.96"	"5d5.(4P).6s"	"5P"	"2"	""	"*"	"1"		""	"L153"	
"364.9043"	"364.9049"	"0.0009"	"1"	""		"24610.88"	"52015.28"	"5d4.6s2"	"1F"	"3"	""	"*"	"3"		""	"L153"	
"364.9253"	"364.9265"	"0.0009"	"2"	""		"28392.70"	"55795.48"	"5d5.(2I).6s"	"3I"	"6"	""	"*"	"5"		""	"L153"	
"365.0056"	"365.0057"	"0.0009"	"15"	""		"19535.01"	"46931.84"	"5d5.(4G).6s"	"5G"	"5"	""	"*"	"4"		""	"L153"	
"365.0270"	""	""	"3w"	""		""	""	""	""	""	""	""	""		""	"L153"	
"365.1129"	"365.1138"	"0.0009"	"8"	""		"31389.08"	"58777.80"	"5d5.(4G).6s"	"3G"	"5"	""	"*"	"4"		""	"L153"	
"365.2037"	"365.2045"	"0.0009"	"60"	""		"17008.50"	"44390.42"	"5d4.6s2"	"3H"	"6"	""	"*"	"6"		""	"L153"	
"365.2262"	"365.2260"	"0.0009"	"2"	""		"15069.93"	"42450.24"	"5d4.6s2"	"3H"	"5"	""	"*"	"4"		""	"L153"	
"365.2511"	""	""	"2"	""		""	""	""	""	""	""	""	""		""	"L153"	
"365.3793"	"365.3794"	"0.0009"	"5"	""		"19256.24"	"46625.05"	"5d5.(4G).6s"	"5G"	"4"	""	"*"	"4"		""	"L153"	
"365.409"	""	""	"2"	""		""	""	""	""	""	""	""	""		""	"L153"	
"365.418"	""	""	"2"	""		""	""	""	""	""	""	""	""		""	"L153"	
"365.4566"	"365.4575"	"0.0009"	"4"	""		"24789.66"	"52152.62"	"5d4.6s2"	"1D2"	"2"	""	"*"	"2"		""	"L153"	
"365.5235"	"365.5237"	"0.0009"	"100"	""		"3325.53"	"30683.54"	"5d4.6s2"	"5D"	"2"	""	"*"	"1"		""	"L153"	
"365.5482"	""	""	"2"	""		""	""	""	""	""	""	""	""		""	"L153"	
"365.5993"	"365.5993"	"0.0009"	"1"	""		"29479.32"	"56831.67"	"5d4.6s2"	"3F1"	"4"	""	"*"	"4"		""	"L153"	
"365.6169"	""	""	"8w"	""		""	""	""	""	""	""	""	""		""	"L153"	
"365.668"	""	""	"2"	""		""	""	""	""	""	""	""	""		""	"L153"	
"365.7192"	"365.7191"	"0.0009"	"6w"	""		"20983.02"	"48326.41"	"5d5.(4P).6s"	"5P"	"2"	""	"*"	"3"		""	"L153"	
"365.7719"	"365.7721"	"0.0009"	"15"	""		"18082.83"	"45422.26"	"5d4.6s2"	"3D"	"1"	""	"*"	"2"		""	"L153"	
"365.8249"	"365.8204"	"0.0009"	"3"	""		"20983.02"	"48318.84"	"5d5.(4P).6s"	"5P"	"2"	""	"*"	"2"		""	"L153"	
"365.911"	""	""	"2"	""		""	""	""	""	""	""	""	""		""	"L153"	
"365.9404"	"365.9410"	"0.0009"	"10"	""		"13777.71"	"41104.52"	"5d4.6s2"	"3F2"	"2"	""	"*"	"2"		""	"L153"	
"366.0350"	"366.0350"	"0.0009"	"10"	""		"19535.01"	"46854.80"	"5d5.(4G).6s"	"5G"	"5"	""	"*"	"5"		""	"L153"	
"366.0396"	""	""	"3"	""		""	""	""	""	""	""	""	""		""	"L153"	
"366.060"	"366.0612"	"0.0009"	"8w"	""		"17701.18"	"45019.02"	"5d4.6s2"	"3F2"	"3"	""	"*"	"2"		""	"L153"	
"366.1208"	"366.1212"	"0.0009"	"25"	""		"17701.18"	"45014.54"	"5d4.6s2"	"3F2"	"3"	""	"*"	"3"		""	"L153"	
"366.1402"	"366.1408"	"0.0009"	"20"	""		"22476.68"	"49788.58"	"5d5.(4D).6s"	"5D"	"4"	""	"*"	"4"		""	"L153"	
"366.1647"	"366.1654"	"0.0009"	"30"	""		"16431.31"	"43741.37"	"5d4.6s2"	"3G"	"4"	""	"*"	"5"		""	"L153"	
"366.2271"	"366.2277"	"0.0009"	"5"	""		"18116.84"	"45422.26"	"5d5.(4G).6s"	"5G"	"2"	""	"*"	"2"		""	"L153"	
"366.3250"	"366.3256"	"0.0009"	"1"	""		"28392.70"	"55690.82"	"5d5.(2I).6s"	"3I"	"6"	""	"*"	"7"		""	"L153"	
"366.3324"	"366.3323"	"0.0009"	"2"	""		"26676.48"	"53974.10"	"5d4.6s.(6D).6p"	"7F*"	"5"	""	""	"5"		""	"L153"	
"366.3629"	""	""	"3"	""		""	""	""	""	""	""	""	""		""	"L153"	
"366.3712"	""	""	"2"	""		""	""	""	""	""	""	""	""		""	"L153"	
"366.4187"	"366.4189"	"0.0009"	"30"	""		"18082.83"	"45374.00"	"5d4.6s2"	"3D"	"1"	""	"*"	"1"		""	"L153"	
"366.4396"	"366.4405"	"0.0009"	"100"	""		"16431.31"	"43720.87"	"5d4.6s2"	"3G"	"4"	""	"*"	"4"		""	"L153"	
"366.4740"	""	""	"3"	""		""	""	""	""	""	""	""	""		""	"L153"	
"366.4865"	"366.4867"	"0.0009"	"20"	""		"14976.18"	"42262.30"	"5d4.6s2"	"3D"	"2"	""	"*"	"1"		""	"L153"	
"366.5865"	""	""	"2"	""		""	""	""	""	""	""	""	""		""	"L153"	
"366.5932"	"366.5942"	"0.0009"	"1"	""		"29853.66"	"57131.78"	"5d5.(4F).6s"	"5F"	"4"	""	"*"	"3"		""	"L153"	
"366.5997"	"366.5974"	"0.0009"	"2"	""		"23982.80"	"51260.68"	"5d5.(4D).6s"	"5D"	"2"	""	"*"	"1"		""	"L153"	
"366.6317"	"366.6317"	"0.0009"	"3"	""		"14976.18"	"42251.51"	"5d4.6s2"	"3D"	"2"	""	"*"	"3"		""	"L153"	
"366.6433"	"366.6439"	"0.0009"	"3"	""		"24789.66"	"52064.08"	"5d4.6s2"	"1D2"	"2"	""	"*"	"2"		""	"L153"	
"366.6919"	"366.6920"	"0.0009"	"40"	""		"18280.48"	"45551.32"	"5d5.(6S).6s"	"5S"	"2"	""	"*"	"3"		""	"L153"	
"366.7150"	""	""	"2"	""		""	""	""	""	""	""	""	""		""	"L153"	
"366.7848"	"366.7857"	"0.0009"	"15"	""		"23455.02"	"50718.90"	"5d5.(4D).6s"	"5D"	"1"	""	"*"	"2"		""	"L153"	
"366.8218"	"366.8229"	"0.0009"	"50"	"1.0e+05"	C	"3325.53"	"30586.64"	"5d4.6s2"	"5D"	"2"	"5d4.6s.(6D).6p"	"5P*"	"3"		"T4976"	"L153"	
"366.8531"	"366.8543"	"0.0009"	"8"	""		"28233.44"	"55492.22"	"5d5.(4F).6s"	"5F"	"5"	""	"*"	"5"		""	"L153"	
"366.8756"	"366.8761"	"0.0009"	"60"	""		"18116.84"	"45374.00"	"5d5.(4G).6s"	"5G"	"2"	""	"*"	"1"		""	"L153"	
"366.950"	"366.9493"	"0.0009"	"1"	""		"19827.68"	"47079.40"	"5d5.(4P).6s"	"5P"	"3"	""	"*"	"2"		""	"L153"	
"366.9703"	"366.9707"	"0.0009"	"60"	"6.6e+06"	B	"19256.24"	"46506.37"	"5d5.(4G).6s"	"5G"	"4"	""	"*"	"5"		"T6977"	"L153"	
"367.0368"	"367.0369"	"0.0009"	"6"	""		"24610.88"	"51856.10"	"5d4.6s2"	"1F"	"3"	""	"*"	"4"		""	"L153"	
"367.069"	""	""	"2"	""		""	""	""	""	""	""	""	""		""	"L153"	
"367.1153"	"367.1154"	"0.0009"	"2w"	""		"17701.18"	"44940.57"	"5d4.6s2"	"3F2"	"3"	""	"*"	"4"		""	"L153"	
"367.1806"	"367.1812"	"0.0009"	"20"	""		"13348.56"	"40583.07"	"5d4.6s2"	"3G"	"3"	""	"*"	"4"		""	"L153"	
"367.2812"	""	""	"2"	""		""	""	""	""	""	""	""	""		""	"L153"	
"367.3008"	"367.3011"	"0.0009"	"3"	""		"24789.66"	"52015.28"	"5d4.6s2"	"1D2"	"2"	""	"*"	"3"		""	"L153"	
"367.3219"	"367.3221"	"0.0009"	"15"	""		"18082.83"	"45306.89"	"5d4.6s2"	"3D"	"1"	""	"*"	"0"		""	"L153"	
"367.3951"	""	""	"8w"	""		""	""	""	""	""	""	""	""		""	"L153"	
"367.4007"	""	""	"1"	""		""	""	""	""	""	""	""	""		""	"L153"	
"367.4210"	""	""	"2"	""		""	""	""	""	""	""	""	""		""	"L153"	
"367.5177"	"367.5190"	"0.0009"	"3"	""		"28898.96"	"56108.44"	"5d4.6s2"	"3P1"	"2"	""	"*"	"3"		""	"L153"	
"367.524"	""	""	"2"	""		""	""	""	""	""	""	""	""		""	"L153"	
"367.5621"	"367.5625"	"0.0009"	"50"	""		"19648.54"	"46854.80"	"5d5.(4G).6s"	"5G"	"6"	""	"*"	"5"		""	"L153"	
"367.6601"	"367.6599"	"0.0009"	"80"	"1.20e+06"	B	"12161.96"	"39361.01"	"5d4.6s2"	"3H"	"4"	""	"*"	"5"		"T4976"	"L153"	
"367.7333"	"367.7344"	"0.0009"	"8"	""		"27849.80"	"55043.34"	"5d5.(2I).6s"	"3I"	"5"	""	"*"	"4"		""	"L153"	
"367.7844"	"367.7844"	"0.0009"	"40"	""		"29643.06"	"56832.90"	"5d4.6s.(6D).6p"	"7F*"	"6"	""	""	"6"		""	"L153"	
"367.8159"	"367.8157"	"0.0009"	"3"	""		"20983.02"	"48170.55"	"5d5.(4P).6s"	"5P"	"2"	""	"*"	"3"		""	"L153"	
"368.0648"	"368.0648"	"0.0009"	"40"	""		"15069.93"	"42239.06"	"5d4.6s2"	"3H"	"5"	""	"*"	"6"		""	"L153"	
"368.0940"	""	""	"5w"	""		""	""	""	""	""	""	""	""		""	"L153"	
"368.1496"	""	""	"2"	""		""	""	""	""	""	""	""	""		""	"L153"	
"368.1758"	""	""	"2"	""		""	""	""	""	""	""	""	""		""	"L153"	
"368.1902"	"368.1907"	"0.0009"	"4"	""		"22476.68"	"49636.52"	"5d5.(4D).6s"	"5D"	"4"	""	"*"	"4"		""	"L153"	
"368.1968"	"368.1964"	"0.0009"	"4"	""		"27849.80"	"55009.22"	"5d5.(2I).6s"	"3I"	"5"	""	"*"	"5"		""	"L153"	
"368.3132"	"368.3145"	"0.0009"	"200"	"2.0e+06"	B	"6219.33"	"33370.04"	"5d4.6s2"	"5D"	"4"	"5d4.6s.(6D).6p"	"5F*"	"5"		"T4976"	"L153"	
"368.3586"	""	""	"3"	""		""	""	""	""	""	""	""	""		""	"L153"	
"368.3766"	"368.3768"	"0.0009"	"6"	""		"13777.71"	"40923.83"	"5d4.6s2"	"3F2"	"2"	""	"*"	"3"		""	"L153"	
"368.4345"	"368.4357"	"0.0010"	"40"	""		"18280.48"	"45422.26"	"5d5.(6S).6s"	"5S"	"2"	""	"*"	"2"		""	"L153"	
"368.4437"	"368.4438"	"0.0010"	"30"	""		"15460.01"	"42601.19"	"5d4.6s2"	"3D"	"3"	""	"*"	"3"		""	"L153"	
"368.4979"	"368.4977"	"0.0010"	"60"	""		"19535.01"	"46672.22"	"5d5.(4G).6s"	"5G"	"5"	""	"*"	"6"		""	"L153"	
"368.5699"	"368.5698"	"0.0010"	"40"	""		"19253.56"	"46385.46"	"5d4.6s2"	"3P2"	"2"	""	"*"	"3"		""	"L153"	
"368.6059"	"368.6062"	"0.0010"	"35"	""		"19256.24"	"46385.46"	"5d5.(4G).6s"	"5G"	"4"	""	"*"	"3"		""	"L153"	
"368.6635"	"368.6636"	"0.0010"	"15"	""		"29643.06"	"56768.06"	"5d4.6s.(6D).6p"	"7F*"	"6"	""	""	"5"		""	"L153"	
"368.8044"	""	""	"3w"	""		""	""	""	""	""	""	""	""		""	"L153"	
"368.9107"	""	""	"200"	""		""	""	""	""	""	""	""	""		""	"L153"	
"368.9240"	"368.9247"	"0.0010"	"5"	""		"19826.04"	"46931.84"	"5d4.6s2"	"3G"	"5"	""	"*"	"4"		""	"L153"	
"368.9464"	"368.9471"	"0.0010"	"20"	""		"19827.68"	"46931.84"	"5d5.(4P).6s"	"5P"	"3"	""	"*"	"4"		""	"L153"	
"369.0097"	"369.0102"	"0.0010"	"12"	""		"28392.70"	"55492.22"	"5d5.(2I).6s"	"3I"	"6"	""	"*"	"5"		""	"L153"	
"369.0383"	"369.0388"	"0.0010"	"2"	""		"28291.88"	"55389.30"	"5d5.(2F1).6s"	"3F"	"3"	""	"*"	"3"		""	"L153"	
"369.0556"	"369.0552"	"0.0010"	"5"	""		"29460.98"	"56557.20"	"5d5.(2I).6s"	"3I"	"7"	""	"*"	"7"		""	"L153"	
"369.0916"	"369.0921"	"0.0010"	"50"	""		"18974.51"	"46068.02"	"5d5.(4G).6s"	"5G"	"3"	""	"*"	"3"		""	"L153"	
"369.1298"	"369.1305"	"0.0010"	"50"	""		"13777.71"	"40868.40"	"5d4.6s2"	"3F2"	"2"	""	"*"	"2"		""	"L153"	
"369.1397"	"369.1394"	"0.0010"	"3"	""		"19535.01"	"46625.05"	"5d5.(4G).6s"	"5G"	"5"	""	"*"	"4"		""	"L153"	
"369.150"	"369.1484"	"0.0010"	"2"	""		"23982.80"	"51072.18"	"5d5.(4D).6s"	"5D"	"2"	""	"*"	"3"		""	"L153"	
"369.166"	""	""	"3"	""		""	""	""	""	""	""	""	""		""	"L153"	
"369.214"	""	""	"2"	""		""	""	""	""	""	""	""	""		""	"L153"	
"369.2597"	"369.2578"	"0.0010"	"6"	""		"20174.20"	"47255.55"	"5d4.6s2"	"1S2"	"0"	""	"*"	"1"		""	"L153"	
"369.2960"	"369.2963"	"0.0010"	"3"	""		"23455.02"	"50533.55"	"5d5.(4D).6s"	"5D"	"1"	""	"*"	"1"		""	"L153"	
"369.3383"	""	""	"2"	""		""	""	""	""	""	""	""	""		""	"L153"	
"369.354"	"369.3555"	"0.0010"	"2"	""		"19253.56"	"46327.75"	"5d4.6s2"	"3P2"	"2"	""	"*"	"2"		""	"L153"	
"369.3766"	"369.3770"	"0.0010"	"15"	""		"15460.01"	"42532.62"	"5d4.6s2"	"3D"	"3"	""	"*"	"4"		""	"L153"	
"369.4719"	"369.4728"	"0.0010"	"2w"	""		"29460.98"	"56526.57"	"5d5.(2I).6s"	"3I"	"7"	""	"*"	"6"		""	"L153"	
"369.512"	"369.5130"	"0.0010"	"3"	""		"28392.70"	"55455.35"	"5d5.(2I).6s"	"3I"	"6"	""	"*"	"5"		""	"L153"	
"369.5244"	"369.5244"	"0.0010"	"1"	""		"27849.80"	"54911.61"	"5d5.(2I).6s"	"3I"	"5"	""	"*"	"4"		""	"L153"	
"369.5552"	"369.5552"	"0.0010"	"40"	""		"29773.34"	"56832.90"	"5d4.6s.(6D).6p"	"7D*"	"5"	""	""	"6"		""	"L153"	
"369.6292"	"369.6293"	"0.0010"	"10"	""		"15460.01"	"42514.14"	"5d4.6s2"	"3D"	"3"	""	"*"	"3"		""	"L153"	
"369.6717"	"369.6733"	"0.0010"	"2"	""		"26861.64"	"53912.55"	"5d5.(2F1).6s"	"3F"	"2"	""	"*"	"2"		""	"L153"	
"369.7213"	"369.7231"	"0.0010"	"3"	""		"16431.31"	"43478.58"	"5d4.6s2"	"3G"	"4"	""	"*"	"3"		""	"L153"	
"369.7860"	"369.7875"	"0.0010"	"3"	""		"28347.60"	"55390.16"	"5d5.(4F).6s"	"5F"	"3"	""	"*"	"2"		""	"L153"	
"369.8483"	"369.8489"	"0.0010"	"4"	""		"19253.56"	"46291.63"	"5d4.6s2"	"3P2"	"2"	""	"*"	"1"		""	"L153"	
"369.8535"	"369.8545"	"0.0010"	"4"	""		"22476.68"	"49514.34"	"5d5.(4D).6s"	"5D"	"4"	""	"*"	"3"		""	"L153"	
"369.9248"	""	""	"3"	""		""	""	""	""	""	""	""	""		""	"L153"	
"369.9765"	"369.9763"	"0.0010"	"30"	""		"19826.04"	"46854.80"	"5d4.6s2"	"3G"	"5"	""	"*"	"5"		""	"L153"	
"370.0459"	"370.0458"	"0.0010"	"50"	""		"19648.54"	"46672.22"	"5d5.(4G).6s"	"5G"	"6"	""	"*"	"6"		""	"L153"	
"370.1231"	""	""	"4w"	""		""	""	""	""	""	""	""	""		""	"L153"	
"370.1695"	"370.1690"	"0.0010"	"8"	""		"20427.84"	"47442.53"	"5d5.(4P).6s"	"5P"	"1"	""	"*"	"2"		""	"L153"	
"370.1982"	""	""	"2"	""		""	""	""	""	""	""	""	""		""	"L153"	
"370.3364"	"370.3369"	"0.0010"	"50"	"3.2e+06"	C	"14976.18"	"41978.62"	"5d4.6s2"	"3D"	"2"	""	"*"	"2"		"T6977"	"L153"	
"370.3886"	"370.3896"	"0.0010"	"3"	""		"28347.60"	"55346.20"	"5d5.(4F).6s"	"5F"	"3"	""	"*"	"4"		""	"L153"	
"370.4256"	"370.4266"	"0.0010"	"6"	""		"24610.88"	"51606.78"	"5d4.6s2"	"1F"	"3"	""	"*"	"2"		""	"L153"	
"370.4377"	"370.4384"	"0.0010"	"10"	""		"27662.52"	"54657.56"	"5d4.6s.(6D).6p"	"5F*"	"2"	""	""	"3"		""	"L153"	
"370.4434"	"370.4428"	"0.0010"	"12"	""		"29773.34"	"56768.06"	"5d4.6s.(6D).6p"	"7D*"	"5"	""	""	"5"		""	"L153"	
"370.4651"	"370.4655"	"0.0010"	"50"	""		"13777.71"	"40770.78"	"5d4.6s2"	"3F2"	"2"	""	"*"	"1"		""	"L153"	
"370.5134"	"370.5132"	"0.0010"	"1"	""		"15460.01"	"42449.60"	"5d4.6s2"	"3D"	"3"	""	"*"	"2"		""	"L153"	
"370.5393"	"370.5401"	"0.0010"	"8"	""		"4830.00"	"31817.63"	"5d4.6s2"	"5D"	"3"	""	"*"	"2"		""	"L153"	
"370.5844"	"370.5845"	"0.0010"	"60"	""		"23964.67"	"50949.07"	"5d4.6s.(6D).6p"	"7D*"	"2"	""	""	"1"		""	"L153"	
"370.6534"	"370.6533"	"0.0010"	"40"	""		"23930.08"	"50909.47"	"5d5.(4D).6s"	"5D"	"3"	""	"*"	"4"		""	"L153"	
"370.6639"	"370.6618"	"0.0010"	"2"	""		"19827.68"	"46806.45"	"5d5.(4P).6s"	"5P"	"3"	""	"*"	"2"		""	"L153"	
"370.7633"	"370.7637"	"0.0010"	"2"	""		"19535.01"	"46506.37"	"5d5.(4G).6s"	"5G"	"5"	""	"*"	"5"		""	"L153"	
"370.8666"	"370.8643"	"0.0010"	"4w"	""		"23930.08"	"50894.12"	"5d5.(4D).6s"	"5D"	"3"	""	"*"	"3"		""	"L153"	
"370.8977"	"370.8984"	"0.0010"	"300"	"2.9e+06"	B	"2951.29"	"29912.85"	"5d5.(6S).6s"	"7S"	"3"	"5d4.6s.(6D).6p"	"5D*"	"3"		"T4976"	"L153"	
"371.1330"	"371.1346"	"0.0010"	"8"	""		"23484.78"	"50429.18"	"5d4.6s2"	"1I"	"6"	""	"*"	"6"		""	"L153"	
"371.1560"	""	""	"2"	""		""	""	""	""	""	""	""	""		""	"L153"	
"371.1728"	"371.1742"	"0.0010"	"2w"	""		"23964.67"	"50906.20"	"5d4.6s.(6D).6p"	"7D*"	"2"	""	""	"1"		""	"L153"	
"371.2474"	"371.2478"	"0.0010"	"2"	""		"18082.83"	"45019.02"	"5d4.6s2"	"3D"	"1"	""	"*"	"2"		""	"L153"	
"371.2531"	"371.2534"	"0.0010"	"10"	""		"22852.80"	"49788.58"	"5d4.6s2"	"1G2"	"4"	""	"*"	"4"		""	"L153"	
"371.3258"	"371.3265"	"0.0010"	"3"	""		"29643.06"	"56573.54"	"5d4.6s.(6D).6p"	"7F*"	"6"	""	""	"5"		""	"L153"	
"371.5289"	"371.5297"	"0.0010"	"30"	""		"17008.50"	"43924.25"	"5d4.6s2"	"3H"	"6"	""	"*"	"5"		""	"L153"	
"371.5899"	"371.5908"	"0.0010"	"30"	""		"23982.80"	"50894.12"	"5d5.(4D).6s"	"5D"	"2"	""	"*"	"3"		""	"L153"	
"371.6091"	"371.6098"	"0.0010"	"40"	""		"20427.84"	"47337.79"	"5d5.(4P).6s"	"5P"	"1"	""	"*"	"2"		""	"L153"	
"371.6753"	"371.6787"	"0.0010"	"4"	""		"27213.82"	"54118.78"	"5d5.(2F1).6s"	"3F"	"4"	""	"*"	"4"		""	"L153"	
"371.6889"	"371.6893"	"0.0010"	"5"	""		"24789.66"	"51693.85"	"5d4.6s2"	"1D2"	"2"	""	"*"	"2"		""	"L153"	
"371.6969"	"371.6983"	"0.0010"	"4"	""		"27213.82"	"54117.36"	"5d5.(2F1).6s"	"3F"	"4"	""	"*"	"3"		""	"L153"	
"371.7779"	"371.7790"	"0.0010"	"30"	""		"18116.84"	"45014.54"	"5d5.(4G).6s"	"5G"	"2"	""	"*"	"3"		""	"L153"	
"371.8139"	"371.8149"	"0.0010"	"30"	""		"17701.18"	"44596.28"	"5d4.6s2"	"3F2"	"3"	""	"*"	"2"		""	"L153"	
"371.8217"	"371.8220"	"0.0010"	"20"	""		"18974.51"	"45869.10"	"5d5.(4G).6s"	"5G"	"3"	""	"*"	"4"		""	"L153"	
"371.9734"	"371.9743"	"0.0010"	"4"	""		"27849.80"	"54733.38"	"5d5.(2I).6s"	"3I"	"5"	""	"*"	"6"		""	"L153"	
"372.0020"	""	""	"2"	""		""	""	""	""	""	""	""	""		""	"L153"	
"372.0449"	"372.0460"	"0.0010"	"100"	""		"17107.01"	"43985.41"	"5d4.6s2"	"3F2"	"4"	""	"*"	"4"		""	"L153"	
"372.1562"	"372.1573"	"0.0010"	"40"	""		"23930.08"	"50800.44"	"5d5.(4D).6s"	"5D"	"3"	""	"*"	"3"		""	"L153"	
"372.2791"	""	""	"4"	""		""	""	""	""	""	""	""	""		""	"L153"	
"372.3294"	"372.3309"	"0.0010"	"60"	"1.19e+07"	B	"19648.54"	"46506.37"	"5d5.(4G).6s"	"5G"	"6"	""	"*"	"5"		"T6977"	"L153"	
"372.4921"	"372.4925"	"0.0010"	"8"	""		"19826.04"	"46672.22"	"5d4.6s2"	"3G"	"5"	""	"*"	"6"		""	"L153"	
"372.6212"	"372.6210"	"0.0010"	"15"	""		"20983.02"	"47819.94"	"5d5.(4P).6s"	"5P"	"2"	""	"*"	"1"		""	"L153"	
"372.7489"	"372.7489"	"0.0010"	"4"	""		"20427.84"	"47255.55"	"5d5.(4P).6s"	"5P"	"1"	""	"*"	"1"		""	"L153"	
"372.7836"	"372.7845"	"0.0010"	"2"	""		"29430.50"	"56255.65"	""	""	"3"	""	"*"	"4"		""	"L153,L416"	
"372.8588"	"372.8604"	"0.0010"	"5"	""		"16431.31"	"43251.00"	"5d4.6s2"	"3G"	"4"	""	"*"	"4"		""	"L153"	
"372.8879"	"372.8889"	"0.0010"	"6"	""		"23982.80"	"50800.44"	"5d5.(4D).6s"	"5D"	"2"	""	"*"	"3"		""	"L153"	
"372.8942"	"372.8945"	"0.0010"	"8"	""		"17107.01"	"43924.25"	"5d4.6s2"	"3F2"	"4"	""	"*"	"5"		""	"L153"	
"372.9333"	"372.9331"	"0.0010"	"15"	""		"19253.56"	"46068.02"	"5d4.6s2"	"3P2"	"2"	""	"*"	"3"		""	"L153"	
"373.0255"	"373.0269"	"0.0010"	"8"	""		"26861.64"	"53669.36"	"5d5.(2F1).6s"	"3F"	"2"	""	"*"	"2"		""	"L153"	
"373.1051"	"373.1063"	"0.0010"	"5"	""		"15069.93"	"41871.94"	"5d4.6s2"	"3H"	"5"	""	"*"	"4"		""	"L153"	
"373.1312"	"373.1315"	"0.0010"	"3"	""		"29773.34"	"56573.54"	"5d4.6s.(6D).6p"	"7D*"	"5"	""	""	"5"		""	"L153"	
"373.1480"	"373.1481"	"0.0010"	"60"	"1.16e+07"	B	"19826.04"	"46625.05"	"5d4.6s2"	"3G"	"5"	""	"*"	"4"		"T6977"	"L153"	
"373.1707"	"373.1709"	"0.0010"	"8"	""		"19827.68"	"46625.05"	"5d5.(4P).6s"	"5P"	"3"	""	"*"	"4"		""	"L153"	
"373.2522"	"373.2527"	"0.0010"	"2"	""		"15460.01"	"42251.51"	"5d4.6s2"	"3D"	"3"	""	"*"	"3"		""	"L153"	
"373.2593"	""	""	"3"	""		""	""	""	""	""	""	""	""		""	"L153"	
"373.2879"	"373.2901"	"0.0010"	"1"	""		"23930.08"	"50718.90"	"5d5.(4D).6s"	"5D"	"3"	""	"*"	"2"		""	"L153"	
"373.3154"	""	""	"2"	""		""	""	""	""	""	""	""	""		""	"L153"	
"373.3602"	"373.3611"	"0.0010"	"20"	""		"22852.80"	"49636.52"	"5d4.6s2"	"1G2"	"4"	""	"*"	"4"		""	"L153"	
"373.4077"	""	""	"2"	""		""	""	""	""	""	""	""	""		""	"L153"	
"373.4732"	"373.4718"	"0.0010"	"6"	""		"28233.44"	"55009.22"	"5d5.(4F).6s"	"5F"	"5"	""	"*"	"5"		""	"L153"	
"373.5092"	""	""	"3w"	""		""	""	""	""	""	""	""	""		""	"L153"	
"373.5456"	""	""	"5w"	""		""	""	""	""	""	""	""	""		""	"L153"	
"373.5819"	"373.5821"	"0.0010"	"4w"	""		"27889.68"	"54657.56"	"5d5.(6S).6p"	"7P*"	"4"	""	""	"3"		""	"L153"	
"373.6204"	""	""	"4"	""		""	""	""	""	""	""	""	""		""	"L153"	
"373.6592"	""	""	"5"	""		""	""	""	""	""	""	""	""		""	"L153"	
"373.7000"	""	""	"3"	""		""	""	""	""	""	""	""	""		""	"L153"	
"373.7203"	"373.7207"	"0.0010"	"8"	""		"14976.18"	"41734.13"	"5d4.6s2"	"3D"	"2"	""	"*"	"2"		""	"L153"	
"373.7410"	""	""	"5"	""		""	""	""	""	""	""	""	""		""	"L153"	
"373.7824"	""	""	"4"	""		""	""	""	""	""	""	""	""		""	"L153"	
"373.8263"	""	""	"4"	""		""	""	""	""	""	""	""	""		""	"L153"	
"373.8409"	"373.8431"	"0.0010"	"2"	""		"27670.48"	"54419.67"	"5d5.(4F).6s"	"5F"	"1"	""	"*"	"1"		""	"L153"	
"373.8699"	""	""	"3"	""		""	""	""	""	""	""	""	""		""	"L153"	
"373.8901"	"373.8899"	"0.0010"	"10"	""		"17701.18"	"44447.02"	"5d4.6s2"	"3F2"	"3"	""	"*"	"3"		""	"L153"	
"373.9173"	"373.9180"	"0.0010"	"20"	""		"17107.01"	"43850.84"	"5d4.6s2"	"3F2"	"4"	""	"*"	"3"		""	"L153"	
"373.9614"	"373.9605"	"0.0010"	"6"	""		"28291.88"	"55032.67"	"5d5.(2F1).6s"	"3F"	"3"	""	"*"	"2"		""	"L153"	
"373.9951"	"373.9961"	"0.0010"	"25"	""		"6219.33"	"32957.58"	"5d4.6s2"	"5D"	"4"	""	"*"	"3"		""	"L153"	
"374.0087"	""	""	"4"	""		""	""	""	""	""	""	""	""		""	"L153"	
"374.0544"	"374.0547"	"0.0010"	"40"	""		"18280.48"	"45014.54"	"5d5.(6S).6s"	"5S"	"2"	""	"*"	"3"		""	"L153"	
"374.1059"	""	""	"3"	""		""	""	""	""	""	""	""	""		""	"L153"	
"374.1565"	""	""	"5"	""		""	""	""	""	""	""	""	""		""	"L153"	
"374.2080"	""	""	"4"	""		""	""	""	""	""	""	""	""		""	"L153"	
"374.2246"	""	""	"8"	""		""	""	""	""	""	""	""	""		""	"L153"	
"374.2402"	"374.2417"	"0.0010"	"2"	""		"28898.96"	"55619.66"	"5d4.6s2"	"3P1"	"2"	""	"*"	"2"		""	"L153"	
"374.2604"	""	""	"2"	""		""	""	""	""	""	""	""	""		""	"L153"	
"374.2770"	"374.2773"	"0.0010"	"30"	"3.6e+06"	C	"14976.18"	"41694.34"	"5d4.6s2"	"3D"	"2"	""	"*"	"3"		"T6977"	"L153"	
"374.3140"	""	""	"3"	""		""	""	""	""	""	""	""	""		""	"L153"	
"374.3665"	""	""	"15"	""		""	""	""	""	""	""	""	""		""	"L153"	
"374.3740"	"374.3742"	"0.0010"	"20"	""		"22476.68"	"49187.92"	"5d5.(4D).6s"	"5D"	"4"	""	"*"	"5"		""	"L153"	
"374.4241"	""	""	"4w"	""		""	""	""	""	""	""	""	""		""	"L153"	
"374.4871"	"374.4872"	"0.0010"	"20"	""		"18974.51"	"45677.69"	"5d5.(4G).6s"	"5G"	"3"	""	"*"	"3"		""	"L153"	
"374.5111"	""	""	"8"	""		""	""	""	""	""	""	""	""		""	"L153"	
"374.5964"	"374.5976"	"0.0010"	"6w"	""		"29479.32"	"56174.63"	"5d4.6s2"	"3F1"	"4"	""	"*"	"4"		""	"L153"	
"374.6951"	""	""	"2"	""		""	""	""	""	""	""	""	""		""	"L153"	
"374.7026"	""	""	"1"	""		""	""	""	""	""	""	""	""		""	"L153"	
"374.7128"	""	""	"4"	""		""	""	""	""	""	""	""	""		""	"L153"	
"374.7409"	"374.7414"	"0.0010"	"1"	""		"28347.60"	"55032.67"	"5d5.(4F).6s"	"5F"	"3"	""	"*"	"2"		""	"L153"	
"374.7799"	""	""	"3w"	""		""	""	""	""	""	""	""	""		""	"L153"	
"374.8386"	"374.8383"	"0.0010"	"3"	""		"28233.44"	"54911.61"	"5d5.(4F).6s"	"5F"	"5"	""	"*"	"4"		""	"L153"	
"374.8513"	""	""	"8"	""		""	""	""	""	""	""	""	""		""	"L153"	
"374.8646"	""	""	"3"	""		""	""	""	""	""	""	""	""		""	"L153"	
"374.9018"	""	""	"1"	""		""	""	""	""	""	""	""	""		""	"L153"	
"374.9092"	""	""	"2"	""		""	""	""	""	""	""	""	""		""	"L153"	
"374.9350"	"374.9353"	"0.0010"	"5"	""		"22476.68"	"49147.95"	"5d5.(4D).6s"	"5D"	"4"	""	"*"	"4"		""	"L153"	
"374.9540"	"374.9543"	"0.0010"	"4"	""		"22773.78"	"49443.70"	"5d5.(4D).6s"	"5D"	"0"	""	"*"	"1"		""	"L153"	
"374.9676"	"374.9633"	"0.0010"	"2"	""		"28720.88"	"55390.16"	"5d5.(4P).6s"	"3P"	"1"	""	"*"	"2"		""	"L153"	
"375.0047"	"375.0049"	"0.0010"	"2"	""		"17701.18"	"44367.50"	"5d4.6s2"	"3F2"	"3"	""	"*"	"2"		""	"L153"	
"375.0522"	"375.0524"	"0.0010"	"10"	""		"13348.56"	"40011.50"	"5d4.6s2"	"3G"	"3"	""	"*"	"2"		""	"L153"	
"375.0597"	"375.0596"	"0.0010"	"6"	""		"9528.06"	"36190.49"	"5d4.6s2"	"3P2"	"0"	""	"*"	"1"		""	"L153"	
"375.0721"	"375.0721"	"0.0010"	"50"	""		"22852.80"	"49514.34"	"5d4.6s2"	"1G2"	"4"	""	"*"	"3"		""	"L153"	
"375.1001"	"375.0987"	"0.0010"	"2"	""		"33569.53"	"60229.18"	""	""	"4"	""	"*"	"5"		""	"L153,L416"	
"375.1230"	""	""	"2"	""		""	""	""	""	""	""	""	""		""	"L153"	
"375.1671"	"375.1648"	"0.0010"	"3*"	""		"28204.20"	"54859.15"	"5d5.(4F).6s"	"5F"	"2"	""	"*"	"2"		""	"L153"	
"375.1671"	"375.1689"	"0.0010"	"3*"	""		"31077.80"	"57732.46"	""	""	"2"	""	"*"	"3"		""	"L153c23"	
"375.176"	"375.1729"	"0.0010"	"2"	""		"18082.83"	"44737.21"	"5d4.6s2"	"3D"	"1"	""	"*"	"1"		""	"L153"	
"375.2128"	"375.2126"	"0.0010"	"3"	""		"20427.84"	"47079.40"	"5d5.(4P).6s"	"5P"	"1"	""	"*"	"2"		""	"L153"	
"375.2488"	"375.2497"	"0.0010"	"20"	"2.7e+06"	C	"19253.56"	"45902.48"	"5d4.6s2"	"3P2"	"2"	""	"*"	"2"		"T6977"	"L153c23"	
"375.2754"	"375.2754"	"0.0010"	"2"	""		"28898.96"	"55546.06"	"5d4.6s2"	"3P1"	"2"	""	"*"	"3"		""	"L153"	
"375.3637"	""	""	"4"	""		""	""	""	""	""	""	""	""		""	"L153"	
"375.4547"	"375.4549"	"0.0010"	"8"	""		"17107.01"	"43741.37"	"5d4.6s2"	"3F2"	"4"	""	"*"	"5"		""	"L153"	
"375.5215"	"375.5225"	"0.0010"	"6"	""		"21448.76"	"48078.32"	"5d4.6s.(6D).6p"	"7F*"	"2"	"5d4.6s.(6D).7s"	"5D"	"2"		""	"L153"	
"375.5939"	"375.5950"	"0.0010"	"10w"	""		"21453.90"	"48078.32"	"5d4.6s.(6D).6p"	"7D*"	"1"	"5d4.6s.(6D).7s"	"5D"	"2"		""	"L153"	
"375.6517"	"375.6522"	"0.0010"	"4"	""		"18116.84"	"44737.21"	"5d5.(4G).6s"	"5G"	"2"	""	"*"	"1"		""	"L153"	
"375.6599"	"375.6612"	"0.0010"	"4"	""		"28291.88"	"54911.61"	"5d5.(2F1).6s"	"3F"	"3"	""	"*"	"4"		""	"L153"	
"375.7440"	"375.7441"	"0.0010"	"10"	""		"17107.01"	"43720.87"	"5d4.6s2"	"3F2"	"4"	""	"*"	"4"		""	"L153"	
"375.7935"	"375.7926"	"0.0010"	"10"	""		"20983.02"	"47593.44"	"5d5.(4P).6s"	"5P"	"2"	""	"*"	"3"		""	"L153"	
"375.8150"	"375.8157"	"0.0010"	"25*"	""		"6219.33"	"32828.12"	"5d4.6s2"	"5D"	"4"	"5d4.6s.(6D).6p"	"5D*"	"4"		""	"L153"	
"375.8150"	"375.8165"	"0.0010"	"25*"	""		"23047.31"	"49656.04"	"5d4.6s.(6D).6p"	"7F*"	"3"	"5d4.6s.(6D).7s"	"5D"	"3"		""	"L153"	
"375.8406"	"375.8407"	"0.0010"	"6"	""		"14976.18"	"41583.20"	"5d4.6s2"	"3D"	"2"	""	"*"	"2"		""	"L153"	
"375.8550"	""	""	"2"	""		""	""	""	""	""	""	""	""		""	"L153"	
"375.8672"	""	""	"1"	""		""	""	""	""	""	""	""	""		""	"L153"	
"375.8804"	""	""	"2"	""		""	""	""	""	""	""	""	""		""	"L153"	
"375.8991"	"375.8987"	"0.0010"	"200*"	""		"4830.00"	"31432.91"	"5d4.6s2"	"5D"	"3"	"5d4.6s.(6D).6p"	"5F*"	"4"		""	"L153"	
"375.8991"	"375.9004"	"0.0010"	"200*"	""		"16431.31"	"43034.10"	"5d4.6s2"	"3G"	"4"	""	"*"	"5"		""	"L153"	
"376.0516"	""	""	"2w"	""		""	""	""	""	""	""	""	""		""	"L153"	
"376.0746"	""	""	"2"	""		""	""	""	""	""	""	""	""		""	"L153"	
"376.1195"	"376.1191"	"0.0010"	"200"	"1.99e+06"	B	"3325.53"	"29912.85"	"5d4.6s2"	"5D"	"2"	"5d4.6s.(6D).6p"	"5D*"	"3"		"T4976"	"L153"	
"376.1699"	"376.1695"	"0.0010"	"15"	""		"28797.24"	"55381.00"	"5d4.6s.(6D).6p"	"7D*"	"4"	""	""	"5"		""	"L153"	
"376.2281"	""	""	"2"	""		""	""	""	""	""	""	""	""		""	"L153"	
"376.2677"	"376.2679"	"0.0010"	"10"	"6.2e+06"	B	"18974.51"	"45551.32"	"5d5.(4G).6s"	"5G"	"3"	""	"*"	"3"		"T6977"	"L153"	
"376.3252"	""	""	"1"	""		""	""	""	""	""	""	""	""		""	"L153"	
"376.3473"	"376.3475"	"0.0010"	"1"	""		"19535.01"	"46106.20"	"5d5.(4G).6s"	"5G"	"5"	""	"*"	"6"		""	"L153"	
"376.4325"	"376.4337"	"0.0010"	"2"	""		"22852.80"	"49417.90"	"5d4.6s2"	"1G2"	"4"	""	"*"	"3"		""	"L153"	
"376.4489"	"376.4492"	"0.0010"	"3"	""		"28347.60"	"54911.61"	"5d5.(4F).6s"	"5F"	"3"	""	"*"	"4"		""	"L153"	
"376.4951"	"376.4964"	"0.0010"	"2"	""		"23964.67"	"50525.35"	"5d4.6s.(6D).6p"	"7D*"	"2"	""	""	"2"		""	"L153"	
"376.5044"	""	""	"2"	""		""	""	""	""	""	""	""	""		""	"L153"	
"376.5382"	"376.5375"	"0.0010"	"20"	""		"19827.68"	"46385.46"	"5d5.(4P).6s"	"5P"	"3"	""	"*"	"3"		""	"L153"	
"376.6372"	"376.6372"	"0.0010"	"6"	""		"23982.80"	"50533.55"	"5d5.(4D).6s"	"5D"	"2"	""	"*"	"1"		""	"L153"	
"376.7646"	""	""	"2"	""		""	""	""	""	""	""	""	""		""	"L153"	
"376.8488"	"376.8483"	"0.0010"	"10"	""		"28797.24"	"55333.12"	"5d4.6s.(6D).6p"	"7D*"	"4"	""	""	"4"		""	"L153"	
"376.8909"	"376.8906"	"0.0010"	"30"	""		"19256.24"	"45789.14"	"5d5.(4G).6s"	"5G"	"4"	""	"*"	"5"		""	"L153"	
"376.9193"	""	""	"2"	""		""	""	""	""	""	""	""	""		""	"L153"	
"376.9518"	"376.9515"	"0.0010"	"250"	"3.47e+06"	B	"1670.29"	"28198.90"	"5d4.6s2"	"5D"	"1"	"5d4.6s.(6D).6p"	"5P*"	"1"		"T4976"	"L153"	
"377.0278"	"377.0277"	"0.0010"	"50"	"3.8e+06"	B	"14976.18"	"41499.43"	"5d4.6s2"	"3D"	"2"	""	"*"	"3"		"T6977"	"L153"	
"377.0607"	""	""	"1"	""		""	""	""	""	""	""	""	""		""	"L153"	
"377.0931"	"377.0937"	"0.0010"	"50"	"5.9e+06"	B	"15460.01"	"41978.62"	"5d4.6s2"	"3D"	"3"	""	"*"	"2"		"T6977"	"L153"	
"377.1063"	""	""	"2"	""		""	""	""	""	""	""	""	""		""	"L153"	
"377.1391"	""	""	"2"	""		""	""	""	""	""	""	""	""		""	"L153"	
"377.1669"	"377.1671"	"0.0010"	"6"	""		"18082.83"	"44596.28"	"5d4.6s2"	"3D"	"1"	""	"*"	"2"		""	"L153"	
"377.2563"	"377.2554"	"0.0010"	"2"	""		"19253.56"	"45760.80"	"5d4.6s2"	"3P2"	"2"	""	"*"	"1"		""	"L153"	
"377.3122"	"377.3121"	"0.0010"	"8"	""		"28392.70"	"54895.96"	"5d5.(2I).6s"	"3I"	"6"	""	"*"	"6"		""	"L153"	
"377.3492"	"377.3491"	"0.0010"	"10"	""		"20983.02"	"47483.68"	"5d5.(4P).6s"	"5P"	"2"	""	"*"	"3"		""	"L153"	
"377.3572"	"377.3575"	"0.0010"	"6"	""		"19827.68"	"46327.75"	"5d5.(4P).6s"	"5P"	"3"	""	"*"	"2"		""	"L153"	
"377.4778"	"377.4776"	"0.0010"	"150"	""		"13777.71"	"40269.35"	"5d4.6s2"	"3F2"	"2"	""	"*"	"3"		""	"L153"	
"377.5532"	""	""	"3"	""		""	""	""	""	""	""	""	""		""	"L153"	
"377.5872"	"377.5882"	"0.0010"	"2"	""		"26861.64"	"53345.52"	"5d5.(2F1).6s"	"3F"	"2"	""	"*"	"3"		""	"L153"	
"377.6514"	"377.6515"	"0.0010"	"15*"	""		"18116.84"	"44596.28"	"5d5.(4G).6s"	"5G"	"2"	""	"*"	"2"		""	"L153"	
"377.6514"	"377.6516"	"0.0010"	"15*"	""		"16431.31"	"42910.74"	"5d4.6s2"	"3G"	"4"	""	"*"	"4"		""	"L153"	
"377.7707"	"377.7716"	"0.0010"	"3w"	""		"24789.66"	"51260.68"	"5d4.6s2"	"1D2"	"2"	""	"*"	"1"		""	"L153"	
"377.8063"	""	""	"2"	""		""	""	""	""	""	""	""	""		""	"L153"	
"377.9217"	"377.9218"	"0.0010"	"10"	""		"27849.80"	"54310.30"	"5d5.(2I).6s"	"3I"	"5"	""	"*"	"5"		""	"L153"	
"377.9623"	"377.9624"	"0.0010"	"20"	""		"19648.54"	"46106.20"	"5d5.(4G).6s"	"5G"	"6"	""	"*"	"6"		""	"L153"	
"377.9759"	"377.9757"	"0.0010"	"30"	""		"18280.48"	"44737.21"	"5d5.(6S).6s"	"5S"	"2"	""	"*"	"1"		""	"L153"	
"378.1040"	"378.1040"	"0.0010"	"12"	""		"18974.51"	"45422.26"	"5d5.(4G).6s"	"5G"	"3"	""	"*"	"2"		""	"L153"	
"378.1414"	""	""	"2"	""		""	""	""	""	""	""	""	""		""	"L153"	
"378.1532"	""	""	"2"	""		""	""	""	""	""	""	""	""		""	"L153"	
"378.1846"	"378.1846"	"0.0010"	"200"	"4.2e+06"	B	"2951.29"	"29393.40"	"5d5.(6S).6s"	"7S"	"3"	"5d4.6s.(6D).6p"	"5P*"	"2"		"T4976"	"L153"	
"378.1995"	""	""	"6"	""		""	""	""	""	""	""	""	""		""	"L153"	
"378.2911"	"378.2908"	"0.0010"	"30"	""		"16431.31"	"42866.00"	"5d4.6s2"	"3G"	"4"	""	"*"	"5"		""	"L153"	
"378.3754"	"378.3752"	"0.0010"	"15"	""		"27488.11"	"53916.90"	"5d5.(6S).6p"	"7P*"	"3"	""	""	"3"		""	"L153"	
"378.4040"	"378.4039"	"0.0010"	"2"	""		"29853.66"	"56280.45"	"5d5.(4F).6s"	"5F"	"4"	""	"*"	"5"		""	"L153"	
"378.4802"	"378.4804"	"0.0010"	"40"	""		"19256.24"	"45677.69"	"5d5.(4G).6s"	"5G"	"4"	""	"*"	"3"		""	"L153"	
"378.5625"	""	""	"3"	""		""	""	""	""	""	""	""	""		""	"L153"	
"378.6161"	"378.6168"	"0.0010"	"6"	""		"15460.01"	"41871.94"	"5d4.6s2"	"3D"	"3"	""	"*"	"4"		""	"L153"	
"378.7445"	"378.7448"	"0.0010"	"25"	""		"17008.50"	"43411.50"	"5d4.6s2"	"3H"	"6"	""	"*"	"7"		""	"L153"	
"378.7585"	"378.7593"	"0.0010"	"4"	""		"29853.66"	"56255.65"	"5d5.(4F).6s"	"5F"	"4"	""	"*"	"4"		""	"L153"	
"378.7888"	"378.7890"	"0.0010"	"6"	""		"13307.10"	"39707.02"	"5d4.6s2"	"3P2"	"1"	""	"*"	"2"		""	"L153"	
"378.8722"	"378.8740"	"0.0010"	"2w"	""		"20064.30"	"46458.30"	"5d4.6s.(6D).6p"	"7F*"	"1"	"5d4.6s.(6D).7s"	"5D"	"1"		""	"L153"	
"379.1951"	"379.1962"	"0.0010"	"4"	""		"17107.01"	"43478.58"	"5d4.6s2"	"3F2"	"4"	""	"*"	"3"		""	"L153"	
"379.2847"	"379.2851"	"0.0010"	"2"	""		"26861.64"	"53227.03"	"5d5.(2F1).6s"	"3F"	"2"	""	"*"	"1"		""	"L153"	
"379.3647"	"379.3663"	"0.0010"	"3"	""		"24763.39"	"51123.14"	"5d4.6s.(6D).6p"	"7F*"	"4"	"5d4.6s.(6D).7s"	"5D"	"4"		""	"L153"	
"379.3836"	"379.3848"	"0.0010"	"100"	""		"13348.56"	"39707.02"	"5d4.6s2"	"3G"	"3"	""	"*"	"2"		""	"L153"	
"379.4388"	"379.4380"	"0.0010"	"12"	""		"20983.02"	"47337.79"	"5d5.(4P).6s"	"5P"	"2"	""	"*"	"2"		""	"L153"	
"379.521"	""	""	"2"	""		""	""	""	""	""	""	""	""		""	"L153"	
"379.5417"	"379.5414"	"0.0010"	"50"	""		"15069.93"	"41417.52"	"5d4.6s2"	"3H"	"5"	""	"*"	"6"		""	"L153"	
"379.7360"	"379.7359"	"0.0010"	"20"	"1.7e+06"	C	"19535.01"	"45869.10"	"5d5.(4G).6s"	"5G"	"5"	""	"*"	"4"		"T6977"	"L153"	
"379.8013"	"379.8018"	"0.0010"	"6"	""		"13307.10"	"39636.62"	"5d4.6s2"	"3P2"	"1"	""	"*"	"1"		""	"L153"	
"379.9422"	"379.9418"	"0.0010"	"30"	""		"17701.18"	"44021.00"	"5d4.6s2"	"3F2"	"3"	""	"*"	"3"		""	"L153"	
"379.956"	""	""	"2?"	""		""	""	""	""	""	""	""	""		""	"L153"	
"379.9994"	"379.9998"	"0.0010"	"15"	""		"18280.48"	"44596.28"	"5d5.(6S).6s"	"5S"	"2"	""	"*"	"2"		""	"L153"	
"380.2105"	"380.2114"	"0.0010"	"1"	""		"25983.60"	"52284.76"	"5d4.6s.(6D).6p"	"5F*"	"1"	""	""	"3"		""	"L153"	
"380.2244"	""	""	"2"	""		""	""	""	""	""	""	""	""		""	"L153"	
"380.2484"	"380.2485"	"0.0010"	"2"	""		"24610.88"	"50909.47"	"5d4.6s2"	"1F"	"3"	""	"*"	"4"		""	"L153"	
"380.2591"	"380.2586"	"0.0010"	"30*"	""		"27488.11"	"53786.00"	"5d5.(6S).6p"	"7P*"	"3"	""	""	"4"		""	"L153"	
"380.2591"	"380.2592"	"0.0010"	"30*"	""		"13348.56"	"39646.41"	"5d4.6s2"	"3G"	"3"	""	"*"	"3"		""	"L153"	
"380.2591"	"380.2605"	"0.0010"	"30*"	""		"19253.56"	"45551.32"	"5d4.6s2"	"3P2"	"2"	""	"*"	"3"		""	"L153"	
"380.2988"	"380.2983"	"0.0010"	"40*"	""		"22852.80"	"49147.95"	"5d4.6s2"	"1G2"	"4"	""	"*"	"4"		""	"L153"	
"380.2988"	"380.2993"	"0.0010"	"40*"	""		"19256.24"	"45551.32"	"5d5.(4G).6s"	"5G"	"4"	""	"*"	"3"		""	"L153"	
"380.3132"	""	""	"3?"	""		""	""	""	""	""	""	""	""		""	"L153"	
"380.4002"	"380.4011"	"0.0010"	"12"	""		"18974.51"	"45262.55"	"5d5.(4G).6s"	"5G"	"3"	""	"*"	"4"		""	"L153"	
"380.4489"	"380.4499"	"0.0010"	"5"	""		"18082.83"	"44367.50"	"5d4.6s2"	"3D"	"1"	""	"*"	"2"		""	"L153"	
"380.4560"	"380.4563"	"0.0010"	"3"	""		"17701.18"	"43985.41"	"5d4.6s2"	"3F2"	"3"	""	"*"	"4"		""	"L153"	
"380.4700"	"380.4706"	"0.0010"	"2"	""		"24610.88"	"50894.12"	"5d4.6s2"	"1F"	"3"	""	"*"	"3"		""	"L153"	
"380.5152"	"380.5152"	"0.0010"	"15"	""		"19826.04"	"46106.20"	"5d4.6s2"	"3G"	"5"	""	"*"	"6"		""	"L153"	
"380.5324"	""	""	"6"	""		""	""	""	""	""	""	""	""		""	"L153"	
"380.6022"	"380.6027"	"0.0010"	"10*"	""		"15460.01"	"41734.13"	"5d4.6s2"	"3D"	"3"	""	"*"	"2"		""	"L153"	
"380.6022"	"380.6038"	"0.0010"	"10*"	""		"17701.18"	"43975.22"	"5d4.6s2"	"3F2"	"3"	""	"*"	"2"		""	"L153"	
"380.6526"	"380.6532"	"0.0010"	"8"	""		"18082.83"	"44353.46"	"5d4.6s2"	"3D"	"1"	""	"*"	"1"		""	"L153"	
"380.7389"	"380.7413"	"0.0010"	"2"	""		"28291.88"	"54556.43"	"5d5.(2F1).6s"	"3F"	"3"	""	"*"	"3"		""	"L153"	
"380.8703"	"380.8708"	"0.0010"	"6"	""		"23930.08"	"50185.70"	"5d5.(4D).6s"	"5D"	"3"	""	"*"	"3"		""	"L153"	
"380.8921"	"380.8925"	"0.0010"	"5"	""		"19535.01"	"45789.14"	"5d5.(4G).6s"	"5G"	"5"	""	"*"	"5"		""	"L153"	
"380.998"	""	""	"2"	""		""	""	""	""	""	""	""	""		""	"L153"	
"381.0301"	"381.0315"	"0.0010"	"150"	"9.0e+05"	B	"2951.29"	"29195.84"	"5d5.(6S).6s"	"7S"	"3"	"5d4.6s.(6D).6p"	"5D*"	"2"		"T4976"	"L153"	
"381.0929"	"381.0926"	"0.0010"	"15"	""		"19827.68"	"46068.02"	"5d5.(4P).6s"	"5P"	"3"	""	"*"	"3"		""	"L153"	
"381.1462"	"381.1467"	"0.0010"	"100"	""		"18116.84"	"44353.46"	"5d5.(4G).6s"	"5G"	"2"	""	"*"	"1"		""	"L153"	
"381.1872"	"381.1878"	"0.0010"	"120"	"6.6e+06"	B	"13777.71"	"40011.50"	"5d4.6s2"	"3F2"	"2"	""	"*"	"2"		"T6977"	"L153"	
"381.3728"	"381.3725"	"0.0010"	"10"	""		"22852.80"	"49073.88"	"5d4.6s2"	"1G2"	"4"	""	"*"	"5"		""	"L153"	
"381.3978"	"381.3979"	"0.0010"	"4"	""		"22852.80"	"49072.14"	"5d4.6s2"	"1G2"	"4"	""	"*"	"3"		""	"L153"	
"381.5501"	"381.5508"	"0.0010"	"5"	""		"28347.60"	"54556.43"	"5d5.(4F).6s"	"5F"	"3"	""	"*"	"3"		""	"L153"	
"381.6109"	"381.6098"	"0.0010"	"3"	""		"27670.48"	"53875.26"	"5d5.(4F).6s"	"5F"	"1"	""	"*"	"1"		""	"L153"	
"381.6851"	"381.6852"	"0.0010"	"15"	""		"25983.60"	"52183.20"	"5d4.6s.(6D).6p"	"5F*"	"1"	""	""	"2"		""	"L153"	
"381.7469"	"381.7463"	"0.0010"	"40"	""		"19256.24"	"45451.65"	"5d5.(4G).6s"	"5G"	"4"	""	"*"	"5"		""	"L153"	
"381.8377"	"381.8374"	"0.0010"	"12?*"	""		"29430.50"	"55619.66"	""	""	"3"	""	"*"	"2"		""	"L153c23"	
"381.8377"	"381.8394"	"0.0010"	"12?*"	""		"26189.20"	"52378.22"	"5d4.6s.(6D).6p"	"7D*"	"3"	""	""	"4"		""	"L153"	
"381.8563"	"381.8568"	"0.0010"	"400"	"3.1e+06"	B	"2951.29"	"29139.12"	"5d5.(6S).6s"	"7S"	"3"	"5d4.6s.(6D).6p"	"5F*"	"3"		"T4976"	"L153"	
"381.8843"	"381.8855"	"0.0010"	"2?"	""		"20427.84"	"46613.70"	"5d5.(4P).6s"	"5P"	"1"	""	"*"	"0"		""	"L153"	
"381.9044"	""	""	"6"	""		""	""	""	""	""	""	""	""		""	"L153"	
"381.9428"	""	""	"2w"	""		""	""	""	""	""	""	""	""		""	"L153"	
"381.9660"	"381.9657"	"0.0010"	"4w"	""		"26861.64"	"53042.00"	"5d5.(2F1).6s"	"3F"	"2"	""	"*"	"1"		""	"L153"	
"382.0124"	""	""	"2"	""		""	""	""	""	""	""	""	""		""	"L153"	
"382.0486"	""	""	"2w"	""		""	""	""	""	""	""	""	""		""	"L153"	
"382.1194"	"382.1187"	"0.0010"	"50"	"2.72e+06"	B	"16431.31"	"42601.19"	"5d4.6s2"	"3G"	"4"	""	"*"	"3"		"T6977"	"L153"	
"382.4147"	"382.4141"	"0.0010"	"3"	""		"17701.18"	"43850.84"	"5d4.6s2"	"3F2"	"3"	""	"*"	"3"		""	"L153"	
"382.5231"	"382.5224"	"0.0010"	"25"	""		"18974.51"	"45116.77"	"5d5.(4G).6s"	"5G"	"3"	""	"*"	"4"		""	"L153"	
"382.5473"	"382.5467"	"0.0010"	"60"	""		"19648.54"	"45789.14"	"5d5.(4G).6s"	"5G"	"6"	""	"*"	"5"		""	"L153"	
"382.7279"	"382.7262"	"0.0010"	"50*"	""		"14976.18"	"41104.52"	"5d4.6s2"	"3D"	"2"	""	"*"	"2"		""	"L153"	
"382.7279"	"382.7281"	"0.0010"	"50*"	""		"15069.93"	"41198.14"	"5d4.6s2"	"3H"	"5"	""	"*"	"4"		""	"L153"	
"382.7753"	""	""	"1"	""		""	""	""	""	""	""	""	""		""	"L153"	
"382.8020"	"382.8016"	"0.0010"	"8"	""		"15460.01"	"41583.20"	"5d4.6s2"	"3D"	"3"	""	"*"	"2"		""	"L153"	
"382.8430"	"382.8419"	"0.0010"	"10"	""		"19253.56"	"45374.00"	"5d4.6s2"	"3P2"	"2"	""	"*"	"1"		""	"L153"	
"382.878"	""	""	"1w"	""		""	""	""	""	""	""	""	""		""	"L153"	
"382.8874"	"382.8861"	"0.0010"	"2"	""		"20174.20"	"46291.63"	"5d4.6s2"	"1S2"	"0"	""	"*"	"1"		""	"L153"	
"382.990"	""	""	"1"	""		""	""	""	""	""	""	""	""		""	"L153"	
"383.0214"	"383.0213"	"0.0010"	"50"	"3.83e+05"	C	"1670.29"	"27778.50"	"5d4.6s2"	"5D"	"1"	"5d4.6s.(6D).6p"	"5D*"	"1"		"T4976"	"L153"	
"383.0777"	"383.0763"	"0.0010"	"2"	""		"24789.66"	"50894.12"	"5d4.6s2"	"1D2"	"2"	""	"*"	"3"		""	"L153"	
"383.1217"	"383.1196"	"0.0010"	"12w*"	""		"15069.93"	"41171.44"	"5d4.6s2"	"3H"	"5"	""	"*"	"6"		""	"L153"	
"383.1217"	"383.1225"	"0.0010"	"12w*"	""		"16431.31"	"42532.62"	"5d4.6s2"	"3G"	"4"	""	"*"	"4"		""	"L153"	
"383.1801"	"383.1793"	"0.0010"	"20"	""		"12161.96"	"38259.40"	"5d4.6s2"	"3H"	"4"	""	"*"	"4"		""	"L153"	
"383.208"	"383.2070"	"0.0010"	"8w"	""		"26189.20"	"52284.76"	"5d4.6s.(6D).6p"	"7D*"	"3"	""	""	"3"		""	"L153"	
"383.3334"	"383.3324"	"0.0010"	"8"	""		"18280.48"	"44367.50"	"5d5.(6S).6s"	"5S"	"2"	""	"*"	"2"		""	"L153"	
"383.3715"	"383.3706"	"0.0010"	"4"	""		"27889.68"	"53974.10"	"5d5.(6S).6p"	"7P*"	"4"	""	""	"5"		""	"L153"	
"383.380"	""	""	"2"	""		""	""	""	""	""	""	""	""		""	"L153"	
"383.3949"	"383.3940"	"0.0010"	"15*"	""		"16431.31"	"42514.14"	"5d4.6s2"	"3G"	"4"	""	"*"	"3"		""	"L153"	
"383.3949"	"383.3956"	"0.0010"	"15*"	""		"31389.08"	"57471.80"	"5d5.(4G).6s"	"3G"	"5"	""	"*"	"4"		""	"L153"	
"383.4086"	"383.4085"	"0.0010"	"3"	""		"26861.64"	"52943.48"	"5d5.(2F1).6s"	"3F"	"2"	""	"*"	"3"		""	"L153"	
"383.5128"	"383.5120"	"0.0010"	"15"	"3.8e+06"	C	"19827.68"	"45902.48"	"5d5.(4P).6s"	"5P"	"3"	""	"*"	"2"		"T6977"	"L153"	
"383.5400"	"383.5388"	"0.0010"	"1"	""		"18280.48"	"44353.46"	"5d5.(6S).6s"	"5S"	"2"	""	"*"	"1"		""	"L153"	
"383.5700"	""	""	"3"	""		""	""	""	""	""	""	""	""		""	"L153"	
"383.5823"	"383.5818"	"0.0010"	"4"	""		"32135.94"	"58206.00"	"5d5.(4G).6s"	"3G"	"4"	""	"*"	"3"		""	"L153"	
"383.6146"	"383.6140"	"0.0010"	"250"	"5.2e+06"	B	"3325.53"	"29393.40"	"5d4.6s2"	"5D"	"2"	"5d4.6s.(6D).6p"	"5P*"	"2"		"T4976"	"L153"	
"383.640"	""	""	"2"	""		""	""	""	""	""	""	""	""		""	"L153"	
"383.6611"	""	""	"2"	""		""	""	""	""	""	""	""	""		""	"L153"	
"383.6978"	"383.6969"	"0.0010"	"8"	""		"23455.02"	"49517.26"	"5d5.(4D).6s"	"5D"	"1"	""	"*"	"2"		""	"L153"	
"383.8040"	"383.8036"	"0.0010"	"15"	""		"26229.77"	"52284.76"	"5d5.(6S).6p"	"7P*"	"2"	""	""	"3"		""	"L153"	
"383.9600"	"383.9581"	"0.0010"	"80*"	""		"18974.51"	"45019.02"	"5d5.(4G).6s"	"5G"	"3"	""	"*"	"2"		""	"L153"	
"383.9600"	"383.9594"	"0.0010"	"80*"	""		"12161.96"	"38206.38"	"5d4.6s2"	"3H"	"4"	""	"*"	"3"		""	"L153"	
"384.005"	"384.0036"	"0.0010"	"4"	""		"19827.68"	"45869.10"	"5d5.(4P).6s"	"5P"	"3"	""	"*"	"4"		""	"L153"	
"384.034"	"384.0331"	"0.0010"	"15"	""		"15460.01"	"41499.43"	"5d4.6s2"	"3D"	"3"	""	"*"	"3"		""	"L153"	
"384.0955"	""	""	"2"	""		""	""	""	""	""	""	""	""		""	"L153"	
"384.2140"	"384.2131"	"0.0010"	"3"	""		"27889.68"	"53916.90"	"5d5.(6S).6p"	"7P*"	"4"	""	""	"3"		""	"L153"	
"384.2364"	"384.2371"	"0.0010"	"4"	""		"17008.50"	"43034.10"	"5d4.6s2"	"3H"	"6"	""	"*"	"5"		""	"L153"	
"384.240"	""	""	"1"	""		""	""	""	""	""	""	""	""		""	"L153"	
"384.3064"	""	""	"2"	""		""	""	""	""	""	""	""	""		""	"L153"	
"384.3254"	"384.3243"	"0.0010"	"4"	""		"17701.18"	"43720.87"	"5d4.6s2"	"3F2"	"3"	""	"*"	"4"		""	"L153"	
"384.3400"	"384.3391"	"0.0010"	"50"	""		"6219.33"	"32238.02"	"5d4.6s2"	"5D"	"4"	""	"*"	"3"		""	"L153"	
"384.4252"	"384.4244"	"0.0010"	"4*"	""		"27849.80"	"53862.72"	"5d5.(2I).6s"	"3I"	"5"	""	"*"	"5"		""	"L153"	
"384.4252"	"384.4247"	"0.0010"	"4*"	""		"29479.32"	"55492.22"	"5d4.6s2"	"3F1"	"4"	""	"*"	"5"		""	"L153"	
"384.4566"	"384.4560"	"0.0010"	"3w"	""		"24789.66"	"50800.44"	"5d4.6s2"	"1D2"	"2"	""	"*"	"3"		""	"L153"	
"384.6875"	""	""	"1"	""		""	""	""	""	""	""	""	""		""	"L153"	
"384.7309"	"384.7304"	"0.0010"	"300"	"2.14e+06"	B	"1670.29"	"27662.52"	"5d4.6s2"	"5D"	"1"	"5d4.6s.(6D).6p"	"5F*"	"2"		"T4976"	"L153"	
"384.8111"	""	""	"4w"	""		""	""	""	""	""	""	""	""		""	"L153"	
"384.8335"	""	""	"4"	""		""	""	""	""	""	""	""	""		""	"L153"	
"384.8589"	"384.8581"	"0.0010"	"150"	"8.3e+05"	B	"0.00"	"25983.60"	"5d4.6s2"	"5D"	"0"	"5d4.6s.(6D).6p"	"5F*"	"1"		"T4976"	"L153"	
"384.9049"	"384.9051"	"0.0010"	"1"	""		"27213.82"	"53194.25"	"5d5.(2F1).6s"	"3F"	"4"	""	"*"	"5"		""	"L153"	
"384.9712"	"384.9703"	"0.0010"	"2w"	""		"29479.32"	"55455.35"	"5d4.6s2"	"3F1"	"4"	""	"*"	"5"		""	"L153"	
"385.0314"	"385.0326"	"0.0010"	"2"	""		"33291.80"	"59263.63"	"5d5.(2I).6s"	"1I"	"6"	""	"*"	"5"		""	"L153"	
"385.1182"	"385.1181"	"0.0010"	"3c"	""		"18974.51"	"44940.57"	"5d5.(4G).6s"	"5G"	"3"	""	"*"	"4"		""	"L153"	
"385.3046"	"385.3055"	"0.0010"	"2"	""		"26229.77"	"52183.20"	"5d5.(6S).6p"	"7P*"	"2"	""	""	"2"		""	"L153"	
"385.310"	"385.3083"	"0.0010"	"3"	""		"25983.60"	"51936.84"	"5d4.6s.(6D).6p"	"5F*"	"1"	""	""	"2"		""	"L153"	
"385.3928"	"385.3914"	"0.0010"	"12"	""		"14976.18"	"40923.83"	"5d4.6s2"	"3D"	"2"	""	"*"	"3"		""	"L153"	
"385.432"	"385.4319"	"0.0010"	"3"	""		"26861.64"	"52806.56"	"5d5.(2F1).6s"	"3F"	"2"	""	"*"	"3"		""	"L153"	
"385.4871"	""	""	"8"	""		""	""	""	""	""	""	""	""		""	"L153"	
"385.5608"	""	""	"2"	""		""	""	""	""	""	""	""	""		""	"L153"	
"385.6647"	"385.6639"	"0.0010"	"50"	""		"13777.71"	"39707.02"	"5d4.6s2"	"3F2"	"2"	""	"*"	"2"		""	"L153"	
"385.6973"	"385.6962"	"0.0010"	"3*"	""		"34302.04"	"60229.18"	"5d5.(2G2).6s"	"3G"	"4"	""	"*"	"5"		""	"L153"	
"385.6973"	"385.6970"	"0.0010"	"3*"	""		"17107.01"	"43034.10"	"5d4.6s2"	"3F2"	"4"	""	"*"	"5"		""	"L153"	
"385.7116"	"385.7107"	"0.0010"	"3"	""		"31389.08"	"57315.25"	"5d5.(4G).6s"	"3G"	"5"	""	"*"	"4"		""	"L153"	
"385.839"	"385.8382"	"0.0010"	"10*"	""		"28392.70"	"54310.30"	"5d5.(2I).6s"	"3I"	"6"	""	"*"	"5"		""	"L153"	
"385.839"	"385.8400"	"0.0010"	"10*"	""		"26367.28"	"52284.76"	""	"*"	"2"	""	""	"3"		""	"L153"	
"385.9941"	""	""	"5"	""		""	""	""	""	""	""	""	""		""	"L153"	
"386.0397"	"386.0384"	"0.0010"	"60"	"1.27e+07"	B	"18116.84"	"44021.00"	"5d5.(4G).6s"	"5G"	"2"	""	"*"	"3"		"T6977"	"L153"	
"386.1023"	"386.1017"	"0.0010"	"20"	""		"20427.84"	"46327.75"	"5d5.(4P).6s"	"5P"	"1"	""	"*"	"2"		""	"L153"	
"386.2161"	"386.2139"	"0.0010"	"30*"	""		"18082.83"	"43975.22"	"5d4.6s2"	"3D"	"1"	""	"*"	"2"		""	"L153"	
"386.2161"	"386.2164"	"0.0010"	"30*"	""		"14976.18"	"40868.40"	"5d4.6s2"	"3D"	"2"	""	"*"	"2"		""	"L153"	
"386.2340"	"386.2333"	"0.0010"	"25"	""		"12161.96"	"38053.05"	"5d4.6s2"	"3H"	"4"	""	"*"	"3"		""	"L153"	
"386.3767"	""	""	"1"	""		""	""	""	""	""	""	""	""		""	"L153"	
"386.4575"	"386.4570"	"0.0010"	"15"	""		"13307.10"	"39183.20"	"5d4.6s2"	"3P2"	"1"	""	"*"	"1"		""	"L153"	
"386.5439"	"386.5435"	"0.0010"	"60"	"5.6e+05"	B	"3325.53"	"29195.84"	"5d4.6s2"	"5D"	"2"	"5d4.6s.(6D).6p"	"5D*"	"2"		"T4976"	"L153"	
"386.5688"	"386.5676"	"0.0010"	"5"	""		"13777.71"	"39646.41"	"5d4.6s2"	"3F2"	"2"	""	"*"	"3"		""	"L153"	
"386.6422"	"386.6409"	"0.0010"	"8"	""		"20427.84"	"46291.63"	"5d5.(4P).6s"	"5P"	"1"	""	"*"	"1"		""	"L153"	
"386.7151"	"386.7139"	"0.0010"	"25"	"3.5e+06"	B	"13777.71"	"39636.62"	"5d4.6s2"	"3F2"	"2"	""	"*"	"1"		"T6977"	"L153"	
"386.7353"	"386.7350"	"0.0010"	"4"	""		"17008.50"	"42866.00"	"5d4.6s2"	"3H"	"6"	""	"*"	"5"		""	"L153"	
"386.7945"	""	""	"3"	""		""	""	""	""	""	""	""	""		""	"L153"	
"386.8254"	""	""	"3"	""		""	""	""	""	""	""	""	""		""	"L153"	
"386.8469"	"386.8470"	"0.0010"	"1"	""		"19827.68"	"45677.69"	"5d5.(4P).6s"	"5P"	"3"	""	"*"	"3"		""	"L153"	
"386.8518"	"386.8512"	"0.0010"	"3"	""		"22476.68"	"48326.41"	"5d5.(4D).6s"	"5D"	"4"	""	"*"	"3"		""	"L153"	
"386.8640"	""	""	"4"	""		""	""	""	""	""	""	""	""		""	"L153"	
"386.8762"	""	""	"5"	""		""	""	""	""	""	""	""	""		""	"L153"	
"386.9083"	"386.9078"	"0.0010"	"600"	"4.6e+06"	B	"2951.29"	"28797.24"	"5d5.(6S).6s"	"7S"	"3"	"5d4.6s.(6D).6p"	"7D*"	"4"		"T4976"	"L153"	
"386.9557"	""	""	"6"	""		""	""	""	""	""	""	""	""		""	"L153"	
"386.9675"	"386.9662"	"0.0010"	"12"	""		"15069.93"	"40911.98"	"5d4.6s2"	"3H"	"5"	""	"*"	"5"		""	"L153"	
"386.9954"	""	""	"2"	""		""	""	""	""	""	""	""	""		""	"L153"	
"387.0104"	"387.0095"	"0.0010"	"2"	""		"12161.96"	"38001.12"	"5d4.6s2"	"3H"	"4"	""	"*"	"4"		""	"L153"	
"387.0409"	"387.0418"	"0.0010"	"3"	""		"33291.80"	"59128.80"	"5d5.(2I).6s"	"1I"	"6"	""	"*"	"6"		""	"L153"	
"387.1025"	""	""	"2w"	""		""	""	""	""	""	""	""	""		""	"L153"	
"387.1781"	"387.1763"	"0.0010"	"3"	""		"26229.77"	"52057.80"	"5d5.(6S).6p"	"7P*"	"2"	""	""	"1"		""	"L153"	
"387.1915"	"387.1932"	"0.0010"	"6"	""		"28291.88"	"54118.78"	"5d5.(2F1).6s"	"3F"	"3"	""	"*"	"4"		""	"L153"	
"387.2467"	"387.2452"	"0.0010"	"3*"	""		"20983.02"	"46806.45"	"5d5.(4P).6s"	"5P"	"2"	""	"*"	"2"		""	"L153"	
"387.2467"	"387.2475"	"0.0010"	"3*"	""		"22852.80"	"48676.08"	"5d4.6s2"	"1G2"	"4"	""	"*"	"4"		""	"L153"	
"387.2792"	""	""	"4"	""		""	""	""	""	""	""	""	""		""	"L153"	
"387.2943"	"387.2937"	"0.0010"	"3"	""		"16431.31"	"42251.51"	"5d4.6s2"	"3G"	"4"	""	"*"	"3"		""	"L153"	
"387.3585"	"387.3579"	"0.0011"	"12"	""		"26367.28"	"52183.20"	""	"*"	"2"	""	""	"2"		""	"L153"	
"387.3938"	"387.3928"	"0.0011"	"100*"	""		"3325.53"	"29139.12"	"5d4.6s2"	"5D"	"2"	"5d4.6s.(6D).6p"	"5F*"	"3"		""	"L153"	
"387.3938"	"387.3942"	"0.0011"	"100*"	""		"17701.18"	"43514.68"	"5d4.6s2"	"3F2"	"3"	""	"*"	"2"		""	"L153"	
"387.4508"	"387.4499"	"0.0011"	"2"	""		"18082.83"	"43892.62"	"5d4.6s2"	"3D"	"1"	""	"*"	"1"		""	"L153"	
"387.5510"	"387.5502"	"0.0011"	"50"	""		"19648.54"	"45451.65"	"5d5.(4G).6s"	"5G"	"6"	""	"*"	"5"		""	"L153"	
"387.6783"	"387.6780"	"0.0011"	"40"	"9.3e+06"	C	"14976.18"	"40770.78"	"5d4.6s2"	"3D"	"2"	""	"*"	"1"		"T6977"	"L153"	
"387.852"	""	""	"3"	""		""	""	""	""	""	""	""	""		""	"L153"	
"387.8615"	""	""	"3"	""		""	""	""	""	""	""	""	""		""	"L153"	
"387.8937"	""	""	"2w"	""		""	""	""	""	""	""	""	""		""	"L153"	
"387.9378"	"387.9367"	"0.0011"	"1w"	""		"17701.18"	"43478.58"	"5d4.6s2"	"3F2"	"3"	""	"*"	"3"		""	"L153"	
"387.9623"	"387.9611"	"0.0011"	"6"	""		"18116.84"	"43892.62"	"5d5.(4G).6s"	"5G"	"2"	""	"*"	"1"		""	"L153"	
"388.0101"	"388.0108"	"0.0011"	"6"	""		"26229.77"	"52002.25"	"5d5.(6S).6p"	"7P*"	"2"	""	""	"3"		""	"L153"	
"388.030"	"388.0304"	"0.0011"	"5"	""		"28347.60"	"54118.78"	"5d5.(4F).6s"	"5F"	"3"	""	"*"	"4"		""	"L153"	
"388.053"	"388.0517"	"0.0011"	"1"	""		"28347.60"	"54117.36"	"5d5.(4F).6s"	"5F"	"3"	""	"*"	"3"		""	"L153"	
"388.0582"	"388.0559"	"0.0011"	"3"	""		"23930.08"	"49699.56"	"5d5.(4D).6s"	"5D"	"3"	""	"*"	"2"		""	"L153"	
"388.1182"	"388.1165"	"0.0011"	"12"	""		"19253.56"	"45019.02"	"5d4.6s2"	"3P2"	"2"	""	"*"	"2"		""	"L153"	
"388.167"	""	""	"2"	""		""	""	""	""	""	""	""	""		""	"L153"	
"388.187"	"388.1840"	"0.0011"	"8w"	""		"19253.56"	"45014.54"	"5d4.6s2"	"3P2"	"2"	""	"*"	"3"		""	"L153"	
"388.200"	"388.2003"	"0.0011"	"3"	""		"31389.08"	"57148.98"	"5d5.(4G).6s"	"3G"	"5"	""	"*"	"6"		""	"L153"	
"388.2051"	""	""	"2"	""		""	""	""	""	""	""	""	""		""	"L153"	
"388.2152"	"388.2140"	"0.0011"	"5"	""		"17107.01"	"42866.00"	"5d4.6s2"	"3F2"	"4"	""	"*"	"5"		""	"L153"	
"388.225"	"388.2244"	"0.0011"	"5?"	""		"19256.24"	"45014.54"	"5d5.(4G).6s"	"5G"	"4"	""	"*"	"3"		""	"L153"	
"388.2505"	"388.2494"	"0.0011"	"250"	"3.6e+06"	B	"4830.00"	"30586.64"	"5d4.6s2"	"5D"	"3"	"5d4.6s.(6D).6p"	"5P*"	"3"		"T4976"	"L153"	
"388.2977"	""	""	"2"	""		""	""	""	""	""	""	""	""		""	"L153"	
"388.3270"	""	""	"2"	""		""	""	""	""	""	""	""	""		""	"L153"	
"388.3374"	""	""	"2"	""		""	""	""	""	""	""	""	""		""	"L153"	
"388.3630"	""	""	"3w"	""		""	""	""	""	""	""	""	""		""	"L153"	
"388.4437"	"388.4417"	"0.0011"	"2"	""		"24789.66"	"50533.55"	"5d4.6s2"	"1D2"	"2"	""	"*"	"1"		""	"L153"	
"388.4933"	"388.4925"	"0.0011"	"20"	"4.6e+06"	B	"18280.48"	"44021.00"	"5d5.(6S).6s"	"5S"	"2"	""	"*"	"3"		"T6977"	"L153"	
"388.5298"	"388.5286"	"0.0011"	"4"	""		"15460.01"	"41198.14"	"5d4.6s2"	"3D"	"3"	""	"*"	"4"		""	"L153"	
"388.6224"	""	""	"2"	""		""	""	""	""	""	""	""	""		""	"L153"	
"388.6557"	"388.6565"	"0.0011"	"1"	""		"27213.82"	"52943.48"	"5d5.(2F1).6s"	"3F"	"4"	""	"*"	"3"		""	"L153"	
"388.6885"	"388.6885"	"0.0011"	"2"	""		"19535.01"	"45262.55"	"5d5.(4G).6s"	"5G"	"5"	""	"*"	"4"		""	"L153"	
"388.7553"	"388.7549"	"0.0011"	"20"	""		"13307.10"	"39030.25"	"5d4.6s2"	"3P2"	"1"	""	"*"	"2"		""	"L153"	
"388.8507"	"388.8515"	"0.0011"	"10w"	""		"23982.80"	"49699.56"	"5d5.(4D).6s"	"5D"	"2"	""	"*"	"2"		""	"L153"	
"388.9988"	"388.9980"	"0.0011"	"5"	""		"26229.77"	"51936.84"	"5d5.(6S).6p"	"7P*"	"2"	""	""	"2"		""	"L153c23"	
"389.0078"	"389.0076"	"0.0011"	"4"	""		"23930.08"	"49636.52"	"5d5.(4D).6s"	"5D"	"3"	""	"*"	"4"		""	"L153"	
"389.0309"	"389.0312"	"0.0011"	"1"	""		"24789.66"	"50494.54"	"5d4.6s2"	"1D2"	"2"	""	"*"	"2"		""	"L153"	
"389.0572"	"389.0575"	"0.0011"	"2"	""		"23484.78"	"49187.92"	"5d4.6s2"	"1I"	"6"	""	"*"	"5"		""	"L153"	
"389.1228"	"389.1234"	"0.0011"	"1"	""		"28720.88"	"54419.67"	"5d5.(4P).6s"	"3P"	"1"	""	"*"	"1"		""	"L153"	
"389.1522"	"389.1517"	"0.0011"	"8"	""		"23455.02"	"49151.94"	"5d5.(4D).6s"	"5D"	"1"	""	"*"	"2"		""	"L153"	
"389.1848"	"389.1847"	"0.0011"	"12"	"7.5e+06"	C	"18280.48"	"43975.22"	"5d5.(6S).6s"	"5S"	"2"	""	"*"	"2"		"T6977"	"L153"	
"389.2355"	"389.2358"	"0.0011"	"6"	""		"23964.67"	"49656.04"	"5d4.6s.(6D).6p"	"7D*"	"2"	"5d4.6s.(6D).7s"	"5D"	"3"		""	"L153"	
"389.3433"	"389.3425"	"0.0011"	"10"	""		"19256.24"	"44940.57"	"5d5.(4G).6s"	"5G"	"4"	""	"*"	"4"		""	"L153"	
"389.3827"	"389.3825"	"0.0011"	"40"	"2.71e+06"	B	"13348.56"	"39030.25"	"5d4.6s2"	"3G"	"3"	""	"*"	"2"		"T6977"	"L153"	
"389.4576"	"389.4569"	"0.0011"	"8"	""		"20427.84"	"46104.62"	"5d5.(4P).6s"	"5P"	"1"	""	"*"	"1"		""	"L153"	
"389.5034"	"389.5027"	"0.0011"	"8"	""		"24610.88"	"50284.64"	"5d4.6s2"	"1F"	"3"	""	"*"	"4"		""	"L153"	
"389.5978"	"389.5993"	"0.0011"	"1"	""		"28291.88"	"53959.28"	"5d5.(2F1).6s"	"3F"	"3"	""	"*"	"2"		""	"L153"	
"389.6862"	"389.6858"	"0.0011"	"3"	""		"22476.68"	"48138.38"	"5d5.(4D).6s"	"5D"	"4"	""	"*"	"5"		""	"L153"	
"389.8034"	"389.8040"	"0.0011"	"3"	""		"28720.88"	"54374.80"	"5d5.(4P).6s"	"3P"	"1"	""	"*"	"1"		""	"L153"	
"389.9016"	"389.9009"	"0.0011"	"30"	""		"29773.34"	"55420.88"	"5d4.6s.(6D).6p"	"7D*"	"5"	""	""	"6"		""	"L153"	
"389.9878"	"389.9887"	"0.0011"	"2"	""		"26861.64"	"52503.41"	"5d5.(2F1).6s"	"3F"	"2"	""	"*"	"2"		""	"L153"	
"390.0887"	"390.0921"	"0.0011"	"2"	""		"26367.28"	"52002.25"	""	"*"	"2"	""	""	"3"		""	"L153"	
"390.2355"	"390.2346"	"0.0011"	"3"	""		"19826.04"	"45451.65"	"5d4.6s2"	"3G"	"5"	""	"*"	"5"		""	"L153"	
"390.2931"	"390.2931"	"0.0011"	"20"	""		"18974.51"	"44596.28"	"5d5.(4G).6s"	"5G"	"3"	""	"*"	"2"		""	"L153"	
"390.3778"	"390.3783"	"0.0011"	"4"	""		"22773.78"	"48389.96"	"5d5.(4D).6s"	"5D"	"0"	""	"*"	"1"		""	"L153"	
"390.3836"	"390.3821"	"0.0011"	"1"	""		"26861.64"	"52477.57"	"5d5.(2F1).6s"	"3F"	"2"	""	"*"	"1"		""	"L153"	
"390.3926"	"390.3934"	"0.0011"	"2"	""		"28233.44"	"53848.63"	"5d5.(4F).6s"	"5F"	"5"	""	"*"	"4"		""	"L153"	
"390.4400"	"390.4398"	"0.0011"	"12"	""		"18280.48"	"43892.62"	"5d5.(6S).6s"	"5S"	"2"	""	"*"	"1"		""	"L153"	
"390.5090"	"390.5082"	"0.0011"	"20"	""		"29773.34"	"55381.00"	"5d4.6s.(6D).6p"	"7D*"	"5"	""	""	"5"		""	"L153"	
"390.5996"	"390.5992"	"0.0011"	"2"	""		"29853.66"	"55455.35"	"5d5.(4F).6s"	"5F"	"4"	""	"*"	"5"		""	"L153"	
"390.6766"	"390.6781"	"0.0011"	"1"	""		"32135.94"	"57732.46"	"5d5.(4G).6s"	"3G"	"4"	""	"*"	"3"		""	"L153"	
"390.7078"	"390.7077"	"0.0011"	"20"	""		"19827.68"	"45422.26"	"5d5.(4P).6s"	"5P"	"3"	""	"*"	"2"		""	"L153"	
"390.7347"	"390.7358"	"0.0011"	"4"	""		"27213.82"	"52806.56"	"5d5.(2F1).6s"	"3F"	"4"	""	"*"	"3"		""	"L153"	
"390.8197"	"390.8207"	"0.0011"	"2"	""		"23930.08"	"49517.26"	"5d5.(4D).6s"	"5D"	"3"	""	"*"	"2"		""	"L153"	
"390.8297"	"390.8296"	"0.0011"	"8"	""		"20174.20"	"45760.80"	"5d4.6s2"	"1S2"	"0"	""	"*"	"1"		""	"L153"	
"390.9031"	"390.9035"	"0.0011"	"1"	""		"19535.01"	"45116.77"	"5d5.(4G).6s"	"5G"	"5"	""	"*"	"4"		""	"L153"	
"391.0897"	"391.0900"	"0.0011"	"2"	""		"26367.28"	"51936.84"	""	"*"	"2"	""	""	"2"		""	"L153c23"	
"391.2388"	"391.2397"	"0.0011"	"5"	""		"29773.34"	"55333.12"	"5d4.6s.(6D).6p"	"7D*"	"5"	""	""	"4"		""	"L153"	
"391.2848"	"391.2861"	"0.0011"	"1"	""		"28291.88"	"53848.63"	"5d5.(2F1).6s"	"3F"	"3"	""	"*"	"4"		""	"L153"	
"391.3918"	"391.3922"	"0.0011"	"10"	""		"17701.18"	"43251.00"	"5d4.6s2"	"3F2"	"3"	""	"*"	"4"		""	"L153"	
"391.527"	""	""	"2w"	""		""	""	""	""	""	""	""	""		""	"L153"	
"391.626"	"391.6276"	"0.0011"	"2"	""		"23982.80"	"49517.26"	"5d5.(4D).6s"	"5D"	"2"	""	"*"	"2"		""	"L153"	
"391.6723"	"391.6724"	"0.0011"	"3"	""		"23982.80"	"49514.34"	"5d5.(4D).6s"	"5D"	"2"	""	"*"	"3"		""	"L153"	
"391.7495"	"391.7501"	"0.0011"	"4"	""		"17701.18"	"43227.66"	"5d4.6s2"	"3F2"	"3"	""	"*"	"2"		""	"L153"	
"391.8369"	"391.8386"	"0.0011"	"2"	""		"28898.96"	"54419.67"	"5d4.6s2"	"3P1"	"2"	""	"*"	"1"		""	"L153"	
"391.8733"	"391.8735"	"0.0011"	"6"	""		"29139.12"	"54657.56"	"5d4.6s.(6D).6p"	"5F*"	"3"	""	""	"3"		""	"L153"	
"391.9305"	"391.9332"	"0.0011"	"2"	""		"32217.91"	"57732.46"	""	""	"3"	""	"*"	"3"		""	"L153,L416"	
"391.9376"	"391.9398"	"0.0011"	"1w"	""		"24789.66"	"50303.78"	"5d4.6s2"	"1D2"	"2"	""	"*"	"3"		""	"L153"	
"391.9548"	"391.9549"	"0.0011"	"3"	""		"15069.93"	"40583.07"	"5d4.6s2"	"3H"	"5"	""	"*"	"4"		""	"L153"	
"391.9697"	"391.9706"	"0.0011"	"20"	""		"12161.96"	"37674.08"	"5d4.6s2"	"3H"	"4"	""	"*"	"3"		""	"L153"	
"392.0135"	""	""	"4"	""		""	""	""	""	""	""	""	""		""	"L153"	
"392.1756"	""	""	"1"	""		""	""	""	""	""	""	""	""		""	"L153"	
"392.3437"	"392.3443"	"0.0011"	"8"	""		"23930.08"	"49417.90"	"5d5.(4D).6s"	"5D"	"3"	""	"*"	"3"		""	"L153"	
"392.3717"	""	""	"1w"	""		""	""	""	""	""	""	""	""		""	"L153"	
"392.3827"	"392.3858"	"0.0011"	"1"	""		"30374.20"	"55859.32"	"5d4.6s2"	"3F1"	"2"	""	"*"	"1"		""	"L153"	
"392.5473"	"392.5473"	"0.0011"	"10"	"2.8e+06"	C	"20427.84"	"45902.48"	"5d5.(4P).6s"	"5P"	"1"	""	"*"	"2"		"T6977"	"L153"	
"392.5798"	"392.5801"	"0.0011"	"10"	"3.0e+06"	B	"18974.51"	"44447.02"	"5d5.(4G).6s"	"5G"	"3"	""	"*"	"3"		"T6977"	"L153"	
"392.6169"	"392.6185"	"0.0011"	"1"	""		"28392.70"	"53862.72"	"5d5.(2I).6s"	"3I"	"6"	""	"*"	"5"		""	"L153"	
"392.7139"	"392.7141"	"0.0011"	"10"	""		"15460.01"	"40923.83"	"5d4.6s2"	"3D"	"3"	""	"*"	"3"		""	"L153"	
"392.746"	"392.7464"	"0.0011"	"2w"	""		"29195.84"	"54657.56"	"5d4.6s.(6D).6p"	"5D*"	"2"	""	""	"3"		""	"L153"	
"392.757"	"392.7588"	"0.0011"	"1w*"	""		"30374.20"	"55835.12"	"5d4.6s2"	"3F1"	"2"	""	"*"	"2"		""	"L153c23"	
"392.757"	"392.7591"	"0.0011"	"1w*"	""		"23982.80"	"49443.70"	"5d5.(4D).6s"	"5D"	"2"	""	"*"	"1"		""	"L153"	
"393.0407"	"393.0417"	"0.0011"	"3"	""		"31389.08"	"56831.67"	"5d5.(4G).6s"	"3G"	"5"	""	"*"	"4"		""	"L153"	
"393.0777"	""	""	"3"	""		""	""	""	""	""	""	""	""		""	"L153"	
"393.1345"	"393.1357"	"0.0011"	"12"	"3.6e+06"	C	"19826.04"	"45262.55"	"5d4.6s2"	"3G"	"5"	""	"*"	"4"		"T6977"	"L153"	
"393.1587"	"393.1600"	"0.0011"	"15"	"2.37e+06"	B	"14976.18"	"40411.12"	"5d4.6s2"	"3D"	"2"	""	"*"	"1"		"T6977"	"L153c23"	
"393.207"	"393.2077"	"0.0011"	"12"	""		"18082.83"	"43514.68"	"5d4.6s2"	"3D"	"1"	""	"*"	"2"		""	"L153"	
"393.255"	"393.2572"	"0.0011"	"2"	""		"29430.50"	"54859.15"	""	""	"3"	""	"*"	"2"		""	"L153,L416"	
"393.3039"	"393.3042"	"0.0011"	"4"	""		"17107.01"	"42532.62"	"5d4.6s2"	"3F2"	"4"	""	"*"	"4"		""	"L153"	
"393.5707"	"393.5708"	"0.0011"	"4"	""		"15460.01"	"40868.40"	"5d4.6s2"	"3D"	"3"	""	"*"	"2"		""	"L153"	
"393.6001"	"393.6002"	"0.0011"	"5"	""		"15069.93"	"40476.42"	"5d4.6s2"	"3H"	"5"	""	"*"	"5"		""	"L153"	
"393.6147"	"393.6146"	"0.0011"	"25*"	""		"19535.01"	"44940.57"	"5d5.(4G).6s"	"5G"	"5"	""	"*"	"4"		""	"L153"	
"393.6147"	"393.6157"	"0.0011"	"25*"	""		"13777.71"	"39183.20"	"5d4.6s2"	"3F2"	"2"	""	"*"	"1"		""	"L153"	
"393.6466"	""	""	"5"	""		""	""	""	""	""	""	""	""		""	"L153"	
"393.7026"	"393.7026"	"0.0011"	"3"	""		"13348.56"	"38748.44"	"5d4.6s2"	"3G"	"3"	""	"*"	"4"		""	"L153"	
"393.7176"	""	""	"4"	""		""	""	""	""	""	""	""	""		""	"L153"	
"393.7334"	"393.7343"	"0.0011"	"12"	""		"18116.84"	"43514.68"	"5d5.(4G).6s"	"5G"	"2"	""	"*"	"2"		""	"L153"	
"393.7602"	"393.7622"	"0.0011"	"1"	""		"24789.66"	"50185.70"	"5d4.6s2"	"1D2"	"2"	""	"*"	"3"		""	"L153"	
"393.7896"	"393.7913"	"0.0011"	"1"	""		"26861.64"	"52255.80"	"5d5.(2F1).6s"	"3F"	"2"	""	"*"	"3"		""	"L153"	
"393.8089"	"393.8095"	"0.0011"	"25"	""		"18974.51"	"44367.50"	"5d5.(4G).6s"	"5G"	"3"	""	"*"	"2"		""	"L153"	
"393.8729"	"393.8731"	"0.0011"	"15"	""		"19535.01"	"44923.90"	"5d5.(4G).6s"	"5G"	"5"	""	"*"	"6"		""	"L153"	
"393.884"	""	""	"1"	""		""	""	""	""	""	""	""	""		""	"L153"	
"393.9892"	""	""	"3w"	""		""	""	""	""	""	""	""	""		""	"L153"	
"394.0549"	""	""	"8"	""		""	""	""	""	""	""	""	""		""	"L153"	
"394.0799"	""	""	"1w"	""		""	""	""	""	""	""	""	""		""	"L153"	
"394.1009"	"394.1017"	"0.0011"	"5"	""		"22476.68"	"47850.84"	"5d5.(4D).6s"	"5D"	"4"	""	"*"	"5"		""	"L153"	
"394.1530"	"394.1538"	"0.0011"	"1"	""		"28898.96"	"54269.77"	"5d4.6s2"	"3P1"	"2"	""	"*"	"3"		""	"L153"	
"394.2940"	"394.2947"	"0.0011"	"8"	""		"18116.84"	"43478.58"	"5d5.(4G).6s"	"5G"	"2"	""	"*"	"3"		""	"L153"	
"394.3454"	""	""	"4w"	""		""	""	""	""	""	""	""	""		""	"L153"	
"394.5907"	"394.5906"	"0.0011"	"6"	""		"19253.56"	"44596.28"	"5d4.6s2"	"3P2"	"2"	""	"*"	"2"		""	"L153"	
"394.6314"	"394.6317"	"0.0011"	"5"	""		"23930.08"	"49270.16"	"5d5.(4D).6s"	"5D"	"3"	""	"*"	"2"		""	"L153"	
"394.7088"	"394.7085"	"0.0011"	"1w"	""		"31432.91"	"56768.06"	"5d4.6s.(6D).6p"	"5F*"	"4"	""	""	"5"		""	"L153"	
"394.7413"	"394.7414"	"0.0011"	"8w*"	""		"23455.02"	"48788.06"	"5d5.(4D).6s"	"5D"	"1"	""	"*"	"1"		""	"L153"	
"394.7413"	"394.7427"	"0.0011"	"8w*"	""		"20427.84"	"45760.80"	"5d5.(4P).6s"	"5P"	"1"	""	"*"	"1"		""	"L153"	
"394.9094"	"394.9091"	"0.0011"	"20"	""		"19648.54"	"44970.82"	"5d5.(4G).6s"	"5G"	"6"	""	"*"	"7"		""	"L153"	
"394.9791"	"394.9798"	"0.0011"	"2"	""		"22852.80"	"48170.55"	"5d4.6s2"	"1G2"	"4"	""	"*"	"3"		""	"L153"	
"395.0754"	""	""	"2"	""		""	""	""	""	""	""	""	""		""	"L153"	
"395.1231"	"395.1225"	"0.0011"	"5"	""		"20983.02"	"46291.63"	"5d5.(4P).6s"	"5P"	"2"	""	"*"	"1"		""	"L153"	
"395.1502"	""	""	"1"	""		""	""	""	""	""	""	""	""		""	"L153"	
"395.2279"	"395.2279"	"0.0011"	"4w"	""		"25983.60"	"51285.46"	"5d4.6s.(6D).6p"	"5F*"	"1"	""	""	"0"		""	"L153"	
"395.2994"	""	""	"6"	""		""	""	""	""	""	""	""	""		""	"L153"	
"395.3373"	""	""	"5"	""		""	""	""	""	""	""	""	""		""	"L153"	
"395.3636"	"395.3636"	"0.0011"	"25"	""		"14976.18"	"40269.35"	"5d4.6s2"	"3D"	"2"	""	"*"	"3"		""	"L153"	
"395.4016"	"395.4018"	"0.0011"	"20"	""		"19826.04"	"45116.77"	"5d4.6s2"	"3G"	"5"	""	"*"	"4"		""	"L153"	
"395.4271"	"395.4274"	"0.0011"	"30"	""		"19827.68"	"45116.77"	"5d5.(4P).6s"	"5P"	"3"	""	"*"	"4"		""	"L153"	
"395.4541"	"395.4545"	"0.0011"	"5"	""		"23982.80"	"49270.16"	"5d5.(4D).6s"	"5D"	"2"	""	"*"	"2"		""	"L153"	
"395.4827"	"395.4823"	"0.0011"	"6"	""		"22852.80"	"48138.38"	"5d4.6s2"	"1G2"	"4"	""	"*"	"5"		""	"L153"	
"395.6423"	"395.6422"	"0.0011"	"40"	""		"19648.54"	"44923.90"	"5d5.(4G).6s"	"5G"	"6"	""	"*"	"6"		""	"L153"	
"395.6882"	"395.6886"	"0.0011"	"2"	""		"29460.98"	"54733.38"	"5d5.(2I).6s"	"3I"	"7"	""	"*"	"6"		""	"L153"	
"395.741"	"395.7412"	"0.0011"	"2"	""		"13307.10"	"38576.14"	"5d4.6s2"	"3P2"	"1"	""	"*"	"0"		""	"L153"	
"395.8186"	"395.8176"	"0.0011"	"3w"	""		"29393.40"	"54657.56"	"5d4.6s.(6D).6p"	"5P*"	"2"	""	""	"3"		""	"L153"	
"395.8339"	"395.8353"	"0.0011"	"1"	""		"16431.31"	"41694.34"	"5d4.6s2"	"3G"	"4"	""	"*"	"3"		""	"L153"	
"395.9994"	"395.9998"	"0.0011"	"20"	"1.96e+06"	B	"13777.71"	"39030.25"	"5d4.6s2"	"3F2"	"2"	""	"*"	"2"		"T6977"	"L153"	
"396.2877"	"396.2876"	"0.0011"	"4"	""		"18280.48"	"43514.68"	"5d5.(6S).6s"	"5S"	"2"	""	"*"	"2"		""	"L153"	
"396.3445"	"396.3448"	"0.0011"	"15"	""		"17008.50"	"42239.06"	"5d4.6s2"	"3H"	"6"	""	"*"	"6"		""	"L153"	
"396.4683"	"396.4695"	"0.0011"	"1"	""		"27213.82"	"52436.44"	"5d5.(2F1).6s"	"3F"	"4"	""	"*"	"4"		""	"L153"	
"396.4816"	"396.4815"	"0.0011"	"4"	""		"23930.08"	"49151.94"	"5d5.(4D).6s"	"5D"	"3"	""	"*"	"2"		""	"L153"	
"396.5441"	"396.5442"	"0.0011"	"3"	""		"23930.08"	"49147.95"	"5d5.(4D).6s"	"5D"	"3"	""	"*"	"4"		""	"L153"	
"396.5920"	"396.5890"	"0.0011"	"1w"	""		"27670.48"	"52885.50"	"5d5.(4F).6s"	"5F"	"1"	""	"*"	"2"		""	"L153"	
"396.6114"	"396.6117"	"0.0011"	"10"	"1.0e+05"	B	"6219.33"	"31432.91"	"5d4.6s2"	"5D"	"4"	"5d4.6s.(6D).6p"	"5F*"	"4"		"T4976"	"L153"	
"396.6259"	"396.6263"	"0.0011"	"20"	""		"22476.68"	"47689.33"	"5d5.(4D).6s"	"5D"	"4"	""	"*"	"4"		""	"L153"	
"396.6605"	""	""	"4w"	""		""	""	""	""	""	""	""	""		""	"L153"	
"396.6754"	"396.6749"	"0.0011"	"3"	""		"17701.18"	"42910.74"	"5d4.6s2"	"3F2"	"3"	""	"*"	"4"		""	"L153"	
"396.7027"	""	""	"1"	""		""	""	""	""	""	""	""	""		""	"L153"	
"396.7332"	"396.7335"	"0.0011"	"3"	""		"15460.01"	"40665.85"	"5d4.6s2"	"3D"	"3"	""	"*"	"3"		""	"L153"	
"396.7876"	"396.7870"	"0.0011"	"5w"	""		"26861.64"	"52064.08"	"5d5.(2F1).6s"	"3F"	"2"	""	"*"	"2"		""	"L153"	
"396.8297"	"396.8285"	"0.0011"	"2"	""		"20174.20"	"45374.00"	"5d4.6s2"	"1S2"	"0"	""	"*"	"1"		""	"L153"	
"396.8514"	"396.8553"	"0.0011"	"1w"	""		"18280.48"	"43478.58"	"5d5.(6S).6s"	"5S"	"2"	""	"*"	"3"		""	"L153"	
"396.9294"	"396.9284"	"0.0011"	"6"	""		"19253.56"	"44447.02"	"5d4.6s2"	"3P2"	"2"	""	"*"	"3"		""	"L153"	
"396.9625"	"396.9629"	"0.0011"	"6"	"5.07e+05"	D	"9528.06"	"34719.33"	"5d4.6s2"	"3P2"	"0"	""	"*"	"1"		"T4976"	"L153"	
"396.9713"	"396.9706"	"0.0011"	"20"	"9.3e+06"	C	"19256.24"	"44447.02"	"5d5.(4G).6s"	"5G"	"4"	""	"*"	"3"		"T6977"	"L153"	
"397.0127"	""	""	"1"	""		""	""	""	""	""	""	""	""		""	"L153"	
"397.0318"	"397.0324"	"0.0011"	"15"	""		"19827.68"	"45014.54"	"5d5.(4P).6s"	"5P"	"3"	""	"*"	"3"		""	"L153"	
"397.1921"	"397.1901"	"0.0011"	"30"	""		"28797.24"	"53974.10"	"5d4.6s.(6D).6p"	"7D*"	"4"	""	""	"5"		""	"L153"	
"397.2663"	"397.2690"	"0.0011"	"1"	""		"30374.20"	"55546.06"	"5d4.6s2"	"3F1"	"2"	""	"*"	"3"		""	"L153"	
"397.3126"	"397.3119"	"0.0011"	"6"	""		"23982.80"	"49151.94"	"5d5.(4D).6s"	"5D"	"2"	""	"*"	"2"		""	"L153"	
"397.3930"	"397.3925"	"0.0011"	"4"	""		"15069.93"	"40233.97"	"5d4.6s2"	"3H"	"5"	""	"*"	"4"		""	"L153"	
"397.4414"	"397.4417"	"0.0011"	"5"	""		"20064.30"	"45225.22"	"5d4.6s.(6D).6p"	"7F*"	"1"	"5d4.6s.(6D).7s"	"5D"	"0"		""	"L153"	
"397.527"	"397.5264"	"0.0011"	"2"	""		"29853.66"	"55009.22"	"5d5.(4F).6s"	"5F"	"4"	""	"*"	"5"		""	"L153"	
"397.5430"	"397.5451"	"0.0011"	"2"	""		"28720.88"	"53875.26"	"5d5.(4P).6s"	"3P"	"1"	""	"*"	"1"		""	"L153"	
"397.5575"	"397.5568"	"0.0011"	"1"	""		"26861.64"	"52015.28"	"5d5.(2F1).6s"	"3F"	"2"	""	"*"	"3"		""	"L153"	
"397.596"	""	""	"1"	""		""	""	""	""	""	""	""	""		""	"L153"	
"397.6595"	"397.6586"	"0.0011"	"12"	"4.1e+05"	C	"12161.96"	"37309.16"	"5d4.6s2"	"3H"	"4"	""	"*"	"5"		"T4976"	"L153"	
"397.7021"	"397.7013"	"0.0011"	"8"	"5.9e+06"	B	"17107.01"	"42251.51"	"5d4.6s2"	"3F2"	"4"	""	"*"	"3"		"T6977"	"L153"	
"397.7415"	"397.7399"	"0.0011"	"4"	""		"23930.08"	"49072.14"	"5d5.(4D).6s"	"5D"	"3"	""	"*"	"3"		""	"L153"	
"397.764"	"397.7625"	"0.0011"	"2"	""		"31432.91"	"56573.54"	"5d4.6s.(6D).6p"	"5F*"	"4"	""	""	"5"		""	"L153"	
"397.8126"	"397.8122"	"0.0011"	"2"	""		"31389.08"	"56526.57"	"5d5.(4G).6s"	"3G"	"5"	""	"*"	"6"		""	"L153"	
"397.9947"	"397.9952"	"0.0011"	"2"	""		"29430.50"	"54556.43"	""	""	"3"	""	"*"	"3"		""	"L153,L416"	
"398.0416"	"398.0407"	"0.0011"	"30"	"8.6e+06"	B	"15460.01"	"40583.07"	"5d4.6s2"	"3D"	"3"	""	"*"	"4"		"T6977"	"L153"	
"398.0645"	"398.0638"	"0.0011"	"1"	""		"20983.02"	"46104.62"	"5d5.(4P).6s"	"5P"	"2"	""	"*"	"1"		""	"L153"	
"398.069"	""	""	"1w"	""		""	""	""	""	""	""	""	""		""	"L153"	
"398.097"	"398.0946"	"0.0011"	"1w"	""		"28797.24"	"53916.90"	"5d4.6s.(6D).6p"	"7D*"	"4"	""	""	"3"		""	"L153"	
"398.1424"	"398.1405"	"0.0011"	"4"	""		"22476.68"	"47593.44"	"5d5.(4D).6s"	"5D"	"4"	""	"*"	"3"		""	"L153"	
"398.1770"	"398.1759"	"0.0011"	"25"	""		"19826.04"	"44940.57"	"5d4.6s2"	"3G"	"5"	""	"*"	"4"		""	"L153"	
"398.1868"	"398.1852"	"0.0011"	"3"	""		"19253.56"	"44367.50"	"5d4.6s2"	"3P2"	"2"	""	"*"	"2"		""	"L153"	
"398.2036"	"398.2019"	"0.0011"	"4"	""		"19827.68"	"44940.57"	"5d5.(4P).6s"	"5P"	"3"	""	"*"	"4"		""	"L153"	
"398.2359"	"398.2347"	"0.0011"	"6"	""		"18116.84"	"43227.66"	"5d5.(4G).6s"	"5G"	"2"	""	"*"	"2"		""	"L153"	
"398.2704"	""	""	"2"	""		""	""	""	""	""	""	""	""		""	"L153"	
"398.358"	""	""	"1"	""		""	""	""	""	""	""	""	""		""	"L153"	
"398.4000"	"398.3986"	"0.0011"	"6"	"1.39e+07"	C	"18116.84"	"43217.33"	"5d5.(4G).6s"	"5G"	"2"	""	"*"	"1"		"T6977"	"L153"	
"398.4095"	"398.4080"	"0.0011"	"10"	""		"19253.56"	"44353.46"	"5d4.6s2"	"3P2"	"2"	""	"*"	"1"		""	"L153"	
"398.4300"	"398.4296"	"0.0011"	"1"	""		"28291.88"	"53390.42"	"5d5.(2F1).6s"	"3F"	"3"	""	"*"	"3"		""	"L153"	
"398.4419"	"398.4403"	"0.0011"	"50*"	""		"19826.04"	"44923.90"	"5d4.6s2"	"3G"	"5"	""	"*"	"6"		""	"L153"	
"398.4419"	"398.4429"	"0.0011"	"50*"	""		"34302.04"	"59399.74"	"5d5.(2G2).6s"	"3G"	"4"	""	"*"	"3"		""	"L153c23"	
"398.5761"	"398.5757"	"0.0011"	"2"	""		"23982.80"	"49072.14"	"5d5.(4D).6s"	"5D"	"2"	""	"*"	"3"		""	"L153"	
"398.5884"	"398.5861"	"0.0011"	"1"	""		"24610.88"	"49699.56"	"5d4.6s2"	"1F"	"3"	""	"*"	"2"		""	"L153"	
"398.6795"	"398.6788"	"0.0011"	"5"	"1.74e+04"	D	"4830.00"	"29912.85"	"5d4.6s2"	"5D"	"3"	"5d4.6s.(6D).6p"	"5D*"	"3"		"T4976"	"L153"	
"398.6915"	""	""	"4"	""		""	""	""	""	""	""	""	""		""	"L153"	
"398.8659"	""	""	"5w"	""		""	""	""	""	""	""	""	""		""	"L153"	
"398.8982"	""	""	"3"	""		""	""	""	""	""	""	""	""		""	"L153"	
"398.9138"	"398.9130"	"0.0011"	"8"	""		"16431.31"	"41499.43"	"5d4.6s2"	"3G"	"4"	""	"*"	"3"		""	"L153"	
"399.1743"	""	""	"1"	""		""	""	""	""	""	""	""	""		""	"L153"	
"399.2356"	"399.2357"	"0.0011"	"15"	""		"21448.76"	"46496.62"	"5d4.6s.(6D).6p"	"7F*"	"2"	"5d4.6s.(6D).7s"	"7D"	"3"		""	"L153"	
"399.2647"	"399.2628"	"0.0011"	"4"	""		"22773.78"	"47819.94"	"5d5.(4D).6s"	"5D"	"0"	""	"*"	"1"		""	"L153"	
"399.3147"	"399.3161"	"0.0011"	"1w"	""		"28347.60"	"53390.42"	"5d5.(4F).6s"	"5F"	"3"	""	"*"	"3"		""	"L153"	
"399.3885"	""	""	"12"	""		""	""	""	""	""	""	""	""		""	"L153"	
"399.5040"	"399.5045"	"0.0011"	"8"	""		"23047.31"	"48078.32"	"5d4.6s.(6D).6p"	"7F*"	"3"	"5d4.6s.(6D).7s"	"5D"	"2"		""	"L153"	
"399.5904"	"399.5902"	"0.0011"	"3"	""		"24610.88"	"49636.52"	"5d4.6s2"	"1F"	"3"	""	"*"	"4"		""	"L153"	
"399.7580"	"399.7585"	"0.0011"	"3"	""		"30374.20"	"55389.30"	"5d4.6s2"	"3F1"	"2"	""	"*"	"3"		""	"L153"	
"399.8138"	"399.8121"	"0.0011"	"1"	""		"19535.01"	"44546.76"	"5d5.(4G).6s"	"5G"	"5"	""	"*"	"5"		""	"L153"	
"399.8266"	"399.8257"	"0.0011"	"8"	""		"18974.51"	"43985.41"	"5d5.(4G).6s"	"5G"	"3"	""	"*"	"4"		""	"L153"	
"399.8471"	"399.8474"	"0.0011"	"6"	""		"21448.76"	"46458.30"	"5d4.6s.(6D).6p"	"7F*"	"2"	"5d4.6s.(6D).7s"	"5D"	"1"		""	"L153"	
"399.8887"	"399.8880"	"0.0011"	"5"	""		"22476.68"	"47483.68"	"5d5.(4D).6s"	"5D"	"4"	""	"*"	"3"		""	"L153"	
"399.9021"	"399.9011"	"0.0011"	"2"	""		"27849.80"	"52855.98"	"5d5.(2I).6s"	"3I"	"5"	""	"*"	"6"		""	"L153"	
"399.9290"	"399.9296"	"0.0011"	"10"	""		"21453.90"	"46458.30"	"5d4.6s.(6D).6p"	"7D*"	"1"	"5d4.6s.(6D).7s"	"5D"	"1"		""	"L153"	
"399.9887"	"399.9886"	"0.0011"	"15"	"1.24e+07"	C	"18974.51"	"43975.22"	"5d5.(4G).6s"	"5G"	"3"	""	"*"	"2"		"T6977"	"L153"	
"400.0319"	"400.0314"	"0.0011"	"3*"	""		"22852.80"	"47850.84"	"5d4.6s2"	"1G2"	"4"	""	"*"	"5"		""	"L153"	
"400.0319"	"400.0333"	"0.0011"	"3*"	""		"28347.60"	"53345.52"	"5d5.(4F).6s"	"5F"	"3"	""	"*"	"3"		""	"L153"	
"400.0806"	"400.0803"	"0.0011"	"2"	""		"28233.44"	"53228.42"	"5d5.(4F).6s"	"5F"	"5"	""	"*"	"6"		""	"L153"	
"400.089"	"400.0893"	"0.0011"	"1"	""		"20427.84"	"45422.26"	"5d5.(4P).6s"	"5P"	"1"	""	"*"	"2"		""	"L153"	
"400.1826"	"400.1799"	"0.0011"	"15"	""		"28797.24"	"53786.00"	"5d4.6s.(6D).6p"	"7D*"	"4"	""	""	"4"		""	"L153"	
"400.2511"	"400.2498"	"0.0011"	"20"	"5.6e+05"	B	"12161.96"	"37146.36"	"5d4.6s2"	"3H"	"4"	""	"*"	"4"		"T4976"	"L153"	
"400.3788"	"400.3796"	"0.0011"	"3"	""		"28898.96"	"53875.26"	"5d4.6s2"	"3P1"	"2"	""	"*"	"1"		""	"L153"	
"400.3914"	""	""	"1"	""		""	""	""	""	""	""	""	""		""	"L153"	
"400.4088"	""	""	"1"	""		""	""	""	""	""	""	""	""		""	"L153"	
"400.6284"	"400.6280"	"0.0011"	"1"	""		"28233.44"	"53194.25"	"5d5.(4F).6s"	"5F"	"5"	""	"*"	"5"		""	"L153"	
"400.6536"	"400.6543"	"0.0011"	"25"	""		"1670.29"	"26629.46"	"5d4.6s2"	"5D"	"1"	"5d4.6s.(6D).6p"	"5D*"	"0"		""	"L153"	
"400.6820"	""	""	"1"	""		""	""	""	""	""	""	""	""		""	"L153"	
"400.7026"	"400.7025"	"0.0011"	"8"	""		"34465.83"	"59422.00"	""	""	"3"	""	"*"	"2"		""	"L153,L416"	
"400.8488"	"400.8469"	"0.0011"	"1"	""		"18280.48"	"43227.66"	"5d5.(6S).6s"	"5S"	"2"	""	"*"	"2"		""	"L153"	
"400.8570"	"400.8574"	"0.0011"	"1"	""		"28291.88"	"53238.41"	"5d5.(2F1).6s"	"3F"	"3"	""	"*"	"4"		""	"L153"	
"400.98839"	"400.9882"	"0.0011"	"1000"	"1.63e+07"	B	"2951.29"	"27889.68"	"5d5.(6S).6s"	"7S"	"3"	"5d5.(6S).6p"	"7P*"	"4"		"T7858"	"L11762"	
"401.0138"	"401.0130"	"0.0011"	"5"	""		"18280.48"	"43217.33"	"5d5.(6S).6s"	"5S"	"2"	""	"*"	"1"		""	"L153"	
"401.0587"	"401.0598"	"0.0011"	"3"	""		"26189.20"	"51123.14"	"5d4.6s.(6D).6p"	"7D*"	"3"	"5d4.6s.(6D).7s"	"5D"	"4"		""	"L153"	
"401.1511"	"401.1516"	"0.0011"	"15"	""		"23047.31"	"47975.54"	"5d4.6s.(6D).6p"	"7F*"	"3"	"5d4.6s.(6D).7s"	"7D"	"4"		""	"L153"	
"401.2156"	"401.2149"	"0.0011"	"3"	""		"27849.80"	"52774.10"	"5d5.(2I).6s"	"3I"	"5"	""	"*"	"5"		""	"L153"	
"401.2436"	"401.2422"	"0.0011"	"4"	""		"25983.60"	"50906.20"	"5d4.6s.(6D).6p"	"5F*"	"1"	""	""	"1"		""	"L153"	
"401.2944"	"401.2928"	"0.0011"	"4"	""		"20983.02"	"45902.48"	"5d5.(4P).6s"	"5P"	"2"	""	"*"	"2"		""	"L153"	
"401.3626"	""	""	"1w"	""		""	""	""	""	""	""	""	""		""	"L153"	
"401.3838"	"401.3828"	"0.0011"	"1"	""		"32217.91"	"57131.78"	""	""	"3"	""	"*"	"3"		""	"L153,L416"	
"401.4122"	""	""	"1"	""		""	""	""	""	""	""	""	""		""	"L153"	
"401.4320"	"401.4317"	"0.0011"	"10"	""		"13348.56"	"38259.40"	"5d4.6s2"	"3G"	"3"	""	"*"	"4"		""	"L153"	
"401.4574"	""	""	"1w"	""		""	""	""	""	""	""	""	""		""	"L153"	
"401.6070"	"401.6063"	"0.0011"	"6"	""		"17701.18"	"42601.19"	"5d4.6s2"	"3F2"	"3"	""	"*"	"3"		""	"L153"	
"401.6353"	"401.6351"	"0.0011"	"100"	""		"19648.54"	"44546.76"	"5d5.(4G).6s"	"5G"	"6"	""	"*"	"5"		""	"L153"	
"401.7243"	"401.7250"	"0.0011"	"6"	""		"24763.39"	"49656.04"	"5d4.6s.(6D).6p"	"7F*"	"4"	"5d4.6s.(6D).7s"	"5D"	"3"		""	"L153"	
"401.7659"	"401.7660"	"0.0011"	"50"	""		"27488.11"	"52378.22"	"5d5.(6S).6p"	"7P*"	"3"	""	""	"4"		""	"L153"	
"401.8057"	"401.8068"	"0.0011"	"3"	""		"33291.80"	"58179.38"	"5d5.(2I).6s"	"1I"	"6"	""	"*"	"5"		""	"L153"	
"401.8484"	"401.8475"	"0.0011"	"5*"	""		"22476.68"	"47361.74"	"5d5.(4D).6s"	"5D"	"4"	""	"*"	"3"		""	"L153"	
"401.8484"	"401.8509"	"0.0011"	"5*"	""		"28233.44"	"53118.29"	"5d5.(4F).6s"	"5F"	"5"	""	"*"	"4"		""	"L153"	
"401.9449"	"401.9446"	"0.0011"	"3"	""		"20427.84"	"45306.89"	"5d5.(4P).6s"	"5P"	"1"	""	"*"	"0"		""	"L153"	
"401.9886"	"401.9886"	"0.0011"	"3"	""		"18974.51"	"43850.84"	"5d5.(4G).6s"	"5G"	"3"	""	"*"	"3"		""	"L153"	
"402.0034"	""	""	"1"	""		""	""	""	""	""	""	""	""		""	"L153"	
"402.0259"	""	""	"2"	""		""	""	""	""	""	""	""	""		""	"L153"	
"402.0363"	"402.0364"	"0.0011"	"60"	"6.7e+05"	B	"3325.53"	"28198.90"	"5d4.6s2"	"5D"	"2"	"5d4.6s.(6D).6p"	"5P*"	"1"		"T4976"	"L153"	
"402.1340"	"402.1350"	"0.0011"	"2"	""		"27213.82"	"52081.09"	"5d5.(2F1).6s"	"3F"	"4"	""	"*"	"5"		""	"L153"	
"402.2883"	"402.2879"	"0.0011"	"3"	""		"13348.56"	"38206.38"	"5d4.6s2"	"3G"	"3"	""	"*"	"3"		""	"L153"	
"402.3252"	"402.3248"	"0.0011"	"15"	""		"20064.30"	"44919.84"	"5d4.6s.(6D).6p"	"7F*"	"1"	"5d4.6s.(6D).7s"	"7D"	"2"		""	"L153"	
"402.3967"	""	""	"4"	""		""	""	""	""	""	""	""	""		""	"L153"	
"402.4131"	""	""	"1w"	""		""	""	""	""	""	""	""	""		""	"L153"	
"402.4629"	""	""	"2"	""		""	""	""	""	""	""	""	""		""	"L153"	
"402.4803"	"402.4799"	"0.0011"	"1"	""		"27213.82"	"52059.78"	"5d5.(2F1).6s"	"3F"	"4"	""	"*"	"4"		""	"L153"	
"402.6332"	"402.6327"	"0.0011"	"5"	""		"22852.80"	"47689.33"	"5d4.6s2"	"1G2"	"4"	""	"*"	"4"		""	"L153"	
"402.6486"	"402.6459"	"0.0011"	"1"	""		"28392.70"	"53228.42"	"5d5.(2I).6s"	"3I"	"6"	""	"*"	"6"		""	"L153"	
"402.7026"	"402.7028"	"0.0011"	"1"	""		"26861.64"	"51693.85"	"5d5.(2F1).6s"	"3F"	"2"	""	"*"	"2"		""	"L153"	
"402.7166"	"402.7153"	"0.0011"	"2"	""		"17701.18"	"42532.62"	"5d4.6s2"	"3F2"	"3"	""	"*"	"4"		""	"L153"	
"402.7960"	"402.7969"	"0.0011"	"1w"	""		"28291.88"	"53118.29"	"5d5.(2F1).6s"	"3F"	"3"	""	"*"	"4"		""	"L153"	
"402.9924"	"402.9921"	"0.0011"	"40"	"2.48e+06"	B	"9528.06"	"34342.44"	"5d4.6s2"	"3P2"	"0"	""	"*"	"1"		"T6977"	"L153"	
"403.0162"	"403.0152"	"0.0011"	"5"	""		"17701.18"	"42514.14"	"5d4.6s2"	"3F2"	"3"	""	"*"	"3"		""	"L153"	
"403.0742"	"403.0740"	"0.0011"	"6"	""		"15460.01"	"40269.35"	"5d4.6s2"	"3D"	"3"	""	"*"	"3"		""	"L153"	
"403.1061"	""	""	"3"	""		""	""	""	""	""	""	""	""		""	"L153"	
"403.1121"	"403.1117"	"0.0011"	"3"	""		"24610.88"	"49417.90"	"5d4.6s2"	"1F"	"3"	""	"*"	"3"		""	"L153"	
"403.1983"	"403.2006"	"0.0011"	"1"	""		"28392.70"	"53194.25"	"5d5.(2I).6s"	"3I"	"6"	""	"*"	"5"		""	"L153"	
"403.2807"	"403.2803"	"0.0011"	"6"	""		"27488.11"	"52284.76"	"5d5.(6S).6p"	"7P*"	"3"	""	""	"3"		""	"L153"	
"403.3521"	""	""	"4"	""		""	""	""	""	""	""	""	""		""	"L153"	
"403.3761"	""	""	"3"	""		""	""	""	""	""	""	""	""		""	"L153"	
"403.4606"	"403.4609"	"0.0011"	"1w"	""		"31389.08"	"56174.63"	"5d5.(4G).6s"	"3G"	"5"	""	"*"	"4"		""	"L153"	
"403.5884"	"403.5874"	"0.0011"	"2"	""		"20983.02"	"45760.80"	"5d5.(4P).6s"	"5P"	"2"	""	"*"	"1"		""	"L153"	
"403.6038"	""	""	"1w"	""		""	""	""	""	""	""	""	""		""	"L153"	
"403.6496"	"403.6496"	"0.0011"	"12"	"2.90e+06"	B	"15460.01"	"40233.97"	"5d4.6s2"	"3D"	"3"	""	"*"	"4"		"T6977"	"L153"	
"403.7367"	"403.7370"	"0.0011"	"2"	""		"19827.68"	"44596.28"	"5d5.(4P).6s"	"5P"	"3"	""	"*"	"2"		""	"L153"	
"403.7568"	"403.7559"	"0.0011"	"2"	""		"19253.56"	"44021.00"	"5d4.6s2"	"3P2"	"2"	""	"*"	"3"		""	"L153"	
"403.7661"	"403.7658"	"0.0011"	"2"	""		"16431.31"	"41198.14"	"5d4.6s2"	"3G"	"4"	""	"*"	"4"		""	"L153"	
"403.7996"	"403.7996"	"0.0011"	"40"	"1.49e+07"	B	"19256.24"	"44021.00"	"5d5.(4G).6s"	"5G"	"4"	""	"*"	"3"		"T6977"	"L153"	
"404.0559"	"404.0557"	"0.0011"	"8"	""		"17701.18"	"42450.24"	"5d4.6s2"	"3F2"	"3"	""	"*"	"4"		""	"L153"	
"404.0995"	"404.0998"	"0.0011"	"12"	""		"18974.51"	"43720.87"	"5d5.(4G).6s"	"5G"	"3"	""	"*"	"4"		""	"L153"	
"404.1063"	"404.1057"	"0.0011"	"5"	""		"23930.08"	"48676.08"	"5d5.(4D).6s"	"5D"	"3"	""	"*"	"4"		""	"L153"	
"404.1730"	"404.1730"	"0.0011"	"10"	""		"19648.54"	"44390.42"	"5d5.(4G).6s"	"5G"	"6"	""	"*"	"6"		""	"L153"	
"404.194"	"404.1933"	"0.0011"	"3"	""		"22852.80"	"47593.44"	"5d4.6s2"	"1G2"	"4"	""	"*"	"3"		""	"L153"	
"404.222"	"404.2220"	"0.0011"	"2"	""		"26861.64"	"51600.52"	"5d5.(2F1).6s"	"3F"	"2"	""	"*"	"3"		""	"L153"	
"404.3532"	"404.3534"	"0.0011"	"6"	""		"14976.18"	"39707.02"	"5d4.6s2"	"3D"	"2"	""	"*"	"2"		""	"L153"	
"404.3816"	"404.3807"	"0.0011"	"3"	""		"19256.24"	"43985.41"	"5d5.(4G).6s"	"5G"	"4"	""	"*"	"4"		""	"L153"	
"404.4550"	"404.4542"	"0.0011"	"3"	""		"24789.66"	"49514.34"	"5d4.6s2"	"1D2"	"2"	""	"*"	"3"		""	"L153"	
"404.4668"	""	""	"2"	""		""	""	""	""	""	""	""	""		""	"L153"	
"404.5036"	"404.5036"	"0.0011"	"8"	"1.42e+07"	C	"19253.56"	"43975.22"	"5d4.6s2"	"3P2"	"2"	""	"*"	"2"		"T6977"	"L153"	
"404.5190"	"404.5190"	"0.0011"	"3"	""		"19826.04"	"44546.76"	"5d4.6s2"	"3G"	"5"	""	"*"	"5"		""	"L153"	
"404.5423"	"404.5422"	"0.0011"	"30"	""		"26229.77"	"50949.07"	"5d5.(6S).6p"	"7P*"	"2"	""	""	"1"		""	"L153"	
"404.6547"	"404.6552"	"0.0011"	"5w"	""		"12161.96"	"36874.36"	"5d4.6s2"	"3H"	"4"	""	"*"	"3"		""	"L153"	
"404.6737"	"404.6743"	"0.0011"	"100"	"2.88e+06"	B	"2951.29"	"27662.52"	"5d5.(6S).6s"	"7S"	"3"	"5d4.6s.(6D).6p"	"5F*"	"2"		"T4976"	"L153"	
"404.7845"	"404.7847"	"0.0011"	"25"	""		"13348.56"	"38053.05"	"5d4.6s2"	"3G"	"3"	""	"*"	"3"		""	"L153"	
"404.812"	"404.8129"	"0.0011"	"1"	""		"29853.66"	"54556.43"	"5d5.(4F).6s"	"5F"	"4"	""	"*"	"3"		""	"L153"	
"404.9082"	"404.9076"	"0.0011"	"12"	"5.0e+04"	C	"1670.29"	"26367.28"	"5d4.6s2"	"5D"	"1"	""	"*"	"2"		"T4976"	"L153"	
"404.9280"	"404.9283"	"0.0011"	"2"	""		"32135.94"	"56831.67"	"5d5.(4G).6s"	"3G"	"4"	""	"*"	"4"		""	"L153"	
"404.9464"	"404.9457"	"0.0011"	"5"	""		"20983.02"	"45677.69"	"5d5.(4P).6s"	"5P"	"2"	""	"*"	"3"		""	"L153"	
"404.9998"	"405.0018"	"0.0011"	"5"	""		"33952.85"	"58644.10"	"5d5.(4D).6s"	"3D"	"3"	""	"*"	"3"		""	"L153,L416"	
"405.1637"	"405.1650"	"0.0011"	"1"	""		"28204.20"	"52885.50"	"5d5.(4F).6s"	"5F"	"2"	""	"*"	"2"		""	"L153"	
"405.2444"	"405.2450"	"0.0011"	"3w"	""		"26229.77"	"50906.20"	"5d5.(6S).6p"	"7P*"	"2"	""	""	"1"		""	"L153"	
"405.346"	"405.3468"	"0.0012"	"6"	""		"14976.18"	"39646.41"	"5d4.6s2"	"3D"	"2"	""	"*"	"3"		""	"L153"	
"405.382"	"405.3833"	"0.0012"	"2w"	""		"19256.24"	"43924.25"	"5d5.(4G).6s"	"5G"	"4"	""	"*"	"5"		""	"L153"	
"405.5077"	"405.5078"	"0.0012"	"15"	"4.9e+06"	B	"14976.18"	"39636.62"	"5d4.6s2"	"3D"	"2"	""	"*"	"1"		"T6977"	"L153"	
"405.6201"	"405.6203"	"0.0012"	"1"	""		"23484.78"	"48138.38"	"5d4.6s2"	"1I"	"6"	""	"*"	"5"		""	"L153"	
"405.638"	"405.6374"	"0.0012"	"5"	"1.79e+05"	C	"13348.56"	"38001.12"	"5d4.6s2"	"3G"	"3"	""	"*"	"4"		"T4976"	"L153"	
"405.6788"	"405.6790"	"0.0012"	"4"	""		"15069.93"	"39719.96"	"5d4.6s2"	"3H"	"5"	""	"*"	"4"		""	"L153"	
"405.7327"	"405.7309"	"0.0012"	"2w"	""		"29139.12"	"53786.00"	"5d4.6s.(6D).6p"	"5F*"	"3"	""	""	"4"		""	"L153"	
"405.7605"	"405.7603"	"0.0012"	"2"	""		"28347.60"	"52992.69"	"5d5.(4F).6s"	"5F"	"3"	""	"*"	"4"		""	"L153"	
"405.8054"	"405.8066"	"0.0012"	"2"	""		"27213.82"	"51856.10"	"5d5.(2F1).6s"	"3F"	"4"	""	"*"	"4"		""	"L153"	
"405.8606"	"405.8596"	"0.0012"	"4"	""		"19253.56"	"43892.62"	"5d4.6s2"	"3P2"	"2"	""	"*"	"1"		""	"L153"	
"406.0390"	"406.0379"	"0.0012"	"4"	""		"24789.66"	"49417.90"	"5d4.6s2"	"1D2"	"2"	""	"*"	"3"		""	"L153"	
"406.1313"	"406.1319"	"0.0012"	"1"	""		"28233.44"	"52855.98"	"5d5.(4F).6s"	"5F"	"5"	""	"*"	"6"		""	"L153"	
"406.1381"	"406.1369"	"0.0012"	"2"	""		"27662.52"	"52284.76"	"5d4.6s.(6D).6p"	"5F*"	"2"	""	""	"3"		""	"L153"	
"406.1852"	"406.1847"	"0.0012"	"12"	"5.9e+06"	B	"19827.68"	"44447.02"	"5d5.(4P).6s"	"5P"	"3"	""	"*"	"3"		"T6977"	"L153"	
"406.3407"	"406.3414"	"0.0012"	"1"	""		"33569.53"	"58179.38"	""	""	"4"	""	"*"	"5"		""	"L153,L416"	
"406.5728"	"406.5722"	"0.0012"	"4"	""		"28347.60"	"52943.48"	"5d5.(4F).6s"	"5F"	"3"	""	"*"	"3"		""	"L153"	
"406.5939"	"406.5933"	"0.0012"	"40"	"1.59e+07"	B	"19256.24"	"43850.84"	"5d5.(4G).6s"	"5G"	"4"	""	"*"	"3"		"T6977"	"L153"	
"406.6468"	"406.6480"	"0.0012"	"6"	""		"24763.39"	"49354.68"	"5d4.6s.(6D).6p"	"7F*"	"4"	"5d4.6s.(6D).7s"	"7D"	"5"		""	"L153"	
"406.7140"	"406.7135"	"0.0012"	"5"	""		"17107.01"	"41694.34"	"5d4.6s2"	"3F2"	"4"	""	"*"	"3"		""	"L153"	
"406.8058"	"406.8052"	"0.0012"	"8"	""		"26367.28"	"50949.07"	""	"*"	"2"	""	""	"1"		""	"L153"	
"406.8662"	"406.8658"	"0.0012"	"2"	""		"13777.71"	"38355.84"	"5d4.6s2"	"3F2"	"2"	""	"*"	"1"		""	"L153"	
"407.0303"	"407.0286"	"0.0012"	"4"	""		"20983.02"	"45551.32"	"5d5.(4P).6s"	"5P"	"2"	""	"*"	"3"		""	"L153"	
"407.0943"	"407.0935"	"0.0012"	"12"	""		"19826.04"	"44390.42"	"5d4.6s2"	"3G"	"5"	""	"*"	"6"		""	"L153"	
"407.1099"	"407.1098"	"0.0012"	"80"	"3.60e+06"	B	"4830.00"	"29393.40"	"5d4.6s2"	"5D"	"3"	"5d4.6s.(6D).6p"	"5P*"	"2"		"T4976"	"L153"	
"407.1757"	"407.1747"	"0.0012"	"60"	"5.7e+05"	B	"1670.29"	"26229.77"	"5d4.6s2"	"5D"	"1"	"5d5.(6S).6p"	"7P*"	"2"		"T6977"	"L153"	
"407.2040"	""	""	"1w"	""		""	""	""	""	""	""	""	""		""	"L153"	
"407.3078"	"407.3073"	"0.0012"	"25"	"3.29e+06"	B	"15460.01"	"40011.50"	"5d4.6s2"	"3D"	"3"	""	"*"	"2"		"T6977"	"L153"	
"407.4300"	"407.4296"	"0.0012"	"12"	""		"15069.93"	"39614.05"	"5d4.6s2"	"3H"	"5"	""	"*"	"5"		""	"L153"	
"407.5014"	"407.5010"	"0.0012"	"3"	""		"19827.68"	"44367.50"	"5d5.(4P).6s"	"5P"	"3"	""	"*"	"2"		""	"L153"	
"407.5508"	"407.5508"	"0.0012"	"600"	"1.0e+07"	B	"2951.29"	"27488.11"	"5d5.(6S).6s"	"7S"	"3"	"5d5.(6S).6p"	"7P*"	"3"		"T4976"	"L153"	
"407.7275"	""	""	"2"	""		""	""	""	""	""	""	""	""		""	"L153"	
"407.8194"	"407.8190"	"0.0012"	"5"	""		"27662.52"	"52183.20"	"5d4.6s.(6D).6p"	"5F*"	"2"	""	""	"2"		""	"L153"	
"407.9270"	"407.9278"	"0.0012"	"6"	""		"27488.11"	"52002.25"	"5d5.(6S).6p"	"7P*"	"3"	""	""	"3"		""	"L153"	
"408.0410"	"408.0402"	"0.0012"	"4"	""		"22852.80"	"47360.19"	"5d4.6s2"	"1G2"	"4"	""	"*"	"4"		""	"L153"	
"408.0610"	"408.0608"	"0.0012"	"1"	""		"28720.88"	"53227.03"	"5d5.(4P).6s"	"3P"	"1"	""	"*"	"1"		""	"L153"	
"408.0956"	"408.0955"	"0.0012"	"3"	""		"18974.51"	"43478.58"	"5d5.(4G).6s"	"5G"	"3"	""	"*"	"3"		""	"L153"	
"408.1318"	""	""	"1w"	""		""	""	""	""	""	""	""	""		""	"L153"	
"408.2889"	"408.2879"	"0.0012"	"1"	""		"16431.31"	"40923.83"	"5d4.6s2"	"3G"	"4"	""	"*"	"3"		""	"L153"	
"408.3206"	"408.3189"	"0.0012"	"3"	""		"18082.83"	"42573.49"	"5d4.6s2"	"3D"	"1"	""	"*"	"1"		""	"L153"	
"408.4111"	"408.4111"	"0.0012"	"30"	""		"19256.24"	"43741.37"	"5d5.(4G).6s"	"5G"	"4"	""	"*"	"5"		""	"L153"	
"408.4864"	"408.4856"	"0.0012"	"6"	""		"16431.31"	"40911.98"	"5d4.6s2"	"3G"	"4"	""	"*"	"5"		""	"L153"	
"408.6197"	""	""	"2"	""		""	""	""	""	""	""	""	""		""	"L153"	
"408.715"	"408.7161"	"0.0012"	"2"	""		"13307.10"	"37773.96"	"5d4.6s2"	"3P2"	"1"	""	"*"	"1"		""	"L153"	
"408.7679"	""	""	"3"	""		""	""	""	""	""	""	""	""		""	"L153"	
"408.8115"	"408.8097"	"0.0012"	"2"	""		"24610.88"	"49072.14"	"5d4.6s2"	"1F"	"3"	""	"*"	"3"		""	"L153"	
"408.8542"	"408.8541"	"0.0012"	"4"	""		"31389.08"	"55847.68"	"5d5.(4G).6s"	"3G"	"5"	""	"*"	"6"		""	"L153"	
"408.8883"	"408.8867"	"0.0012"	"1"	""		"18116.84"	"42573.49"	"5d5.(4G).6s"	"5G"	"2"	""	"*"	"1"		""	"L153"	
"408.9134"	"408.9117"	"0.0012"	"1"	""		"22476.68"	"46931.84"	"5d5.(4D).6s"	"5D"	"4"	""	"*"	"4"		""	"L153"	
"408.9484"	"408.9483"	"0.0012"	"30"	"4.13e+05"	C	"3325.53"	"27778.50"	"5d4.6s2"	"5D"	"2"	"5d4.6s.(6D).6p"	"5D*"	"1"		"T4976"	"L153"	
"408.9922"	"408.9913"	"0.0012"	"10"	""		"19535.01"	"43985.41"	"5d5.(4G).6s"	"5G"	"5"	""	"*"	"4"		""	"L153"	
"409.0208"	"409.0192"	"0.0012"	"2w"	""		"27488.11"	"51936.84"	"5d5.(6S).6p"	"7P*"	"3"	""	""	"2"		""	"L153"	
"409.0534"	"409.0538"	"0.0012"	"8"	""		"26676.48"	"51123.14"	"5d4.6s.(6D).6p"	"7F*"	"5"	"5d4.6s.(6D).7s"	"5D"	"4"		""	"L153"	
"409.145"	""	""	"2"	""		""	""	""	""	""	""	""	""		""	"L153"	
"409.1791"	"409.1780"	"0.0012"	"6"	""		"20983.02"	"45422.26"	"5d5.(4P).6s"	"5P"	"2"	""	"*"	"2"		""	"L153"	
"409.2195"	""	""	"4"	""		""	""	""	""	""	""	""	""		""	"L153"	
"409.2367"	""	""	"3"	""		""	""	""	""	""	""	""	""		""	"L153"	
"409.3547"	"409.3551"	"0.0012"	"10w"	""		"13777.71"	"38206.38"	"5d4.6s2"	"3F2"	"2"	""	"*"	"3"		""	"L153"	
"409.4289"	""	""	"10w"	""		""	""	""	""	""	""	""	""		""	"L153"	
"409.5903"	""	""	"3"	""		""	""	""	""	""	""	""	""		""	"L153"	
"409.6849"	"409.6846"	"0.0012"	"15"	""		"17008.50"	"41417.52"	"5d4.6s2"	"3H"	"6"	""	"*"	"6"		""	"L153"	
"409.7148"	"409.7158"	"0.0012"	"2"	""		"23982.80"	"48389.96"	"5d5.(4D).6s"	"5D"	"2"	""	"*"	"1"		""	"L153"	
"409.7580"	"409.7571"	"0.0012"	"2w"	""		"27778.50"	"52183.20"	"5d4.6s.(6D).6p"	"5D*"	"1"	""	""	"2"		""	"L153"	
"409.7912"	""	""	"1w"	""		""	""	""	""	""	""	""	""		""	"L153"	
"409.8500"	"409.8522"	"0.0012"	"2w"	""		"26861.64"	"51260.68"	"5d5.(2F1).6s"	"3F"	"2"	""	"*"	"1"		""	"L153"	
"409.8821"	"409.8814"	"0.0012"	"10"	""		"18116.84"	"42514.14"	"5d5.(4G).6s"	"5G"	"2"	""	"*"	"3"		""	"L153"	
"409.8983"	"409.8977"	"0.0012"	"3"	""		"23930.08"	"48326.41"	"5d5.(4D).6s"	"5D"	"3"	""	"*"	"3"		""	"L153"	
"409.9185"	"409.9187"	"0.0012"	"2w"	""		"27889.68"	"52284.76"	"5d5.(6S).6p"	"7P*"	"4"	""	""	"3"		""	"L153"	
"409.964"	"409.9634"	"0.0012"	"3"	""		"17107.01"	"41499.43"	"5d4.6s2"	"3F2"	"4"	""	"*"	"3"		""	"L153"	
"410.0173"	"410.0169"	"0.0012"	"10"	""		"19535.01"	"43924.25"	"5d5.(4G).6s"	"5G"	"5"	""	"*"	"5"		""	"L153"	
"410.1491"	"410.1487"	"0.0012"	"2"	""		"28392.70"	"52774.10"	"5d5.(2I).6s"	"3I"	"6"	""	"*"	"5"		""	"L153"	
"410.2048"	"410.2039"	"0.0012"	"6"	""		"22476.68"	"46854.80"	"5d5.(4D).6s"	"5D"	"4"	""	"*"	"5"		""	"L153"	
"410.2806"	"410.2817"	"0.0012"	"3"	""		"35299.82"	"59673.32"	""	""	"4"	""	"*"	"5"		""	"L153,L416"	
"410.3003"	""	""	"8"	""		""	""	""	""	""	""	""	""		""	"L153"	
"410.3525"	"410.3522"	"0.0012"	"2w"	""		"29479.32"	"53848.63"	"5d4.6s2"	"3F1"	"4"	""	"*"	"4"		""	"L153"	
"410.3860"	"410.3859"	"0.0012"	"100"	"4.9e+06"	B	"6219.33"	"30586.64"	"5d4.6s2"	"5D"	"4"	"5d4.6s.(6D).6p"	"5P*"	"3"		"T4976"	"L153"	
"410.4100"	"410.4106"	"0.0012"	"4"	"4.2e+04"	C	"4830.00"	"29195.84"	"5d4.6s2"	"5D"	"3"	"5d4.6s.(6D).6p"	"5D*"	"2"		"T4976"	"L153"	
"410.4276"	"410.4261"	"0.0012"	"6"	""		"23455.02"	"47819.94"	"5d5.(4D).6s"	"5D"	"1"	""	"*"	"1"		""	"L153"	
"410.7857"	"410.7854"	"0.0012"	"6"	""		"23982.80"	"48326.41"	"5d5.(4D).6s"	"5D"	"2"	""	"*"	"3"		""	"L153"	
"410.8975"	"410.8972"	"0.0012"	"5"	"1.1e+04"	E	"3325.53"	"27662.52"	"5d4.6s2"	"5D"	"2"	"5d4.6s.(6D).6p"	"5F*"	"2"		"T4976"	"L153"	
"410.9688"	"410.9686"	"0.0012"	"12"	""		"18116.84"	"42449.60"	"5d5.(4G).6s"	"5G"	"2"	""	"*"	"2"		""	"L153"	
"411.0906"	"411.0909"	"0.0012"	"30"	""		"13348.56"	"37674.08"	"5d4.6s2"	"3G"	"3"	""	"*"	"3"		""	"L153"	
"411.1732"	"411.1722"	"0.0012"	"8"	"2.16e+06"	B	"18280.48"	"42601.19"	"5d5.(6S).6s"	"5S"	"2"	""	"*"	"3"		"T6977"	"L153"	
"411.2832"	"411.2821"	"0.0012"	"5"	""		"23930.08"	"48244.29"	"5d5.(4D).6s"	"5D"	"3"	""	"*"	"2"		""	"L153"	
"411.2975"	"411.2974"	"0.0012"	"25"	"1.6e+05"	B	"1670.29"	"25983.60"	"5d4.6s2"	"5D"	"1"	"5d4.6s.(6D).6p"	"5F*"	"1"		"T4976"	"L153"	
"411.3644"	"411.3640"	"0.0012"	"8"	""		"20427.84"	"44737.21"	"5d5.(4P).6s"	"5P"	"1"	""	"*"	"1"		""	"L153"	
"411.535"	"411.5360"	"0.0012"	"1"	""		"28204.20"	"52503.41"	"5d5.(4F).6s"	"5F"	"2"	""	"*"	"2"		""	"L153"	
"411.5982"	"411.5975"	"0.0012"	"6w"	""		"26229.77"	"50525.35"	"5d5.(6S).6p"	"7P*"	"2"	""	""	"2"		""	"L153"	
"411.6746"	"411.6738"	"0.0012"	"12"	"4.8e+05"	C	"15069.93"	"39361.01"	"5d4.6s2"	"3H"	"5"	""	"*"	"5"		"T4976"	"L153"	
"411.7880"	"411.7906"	"0.0012"	"3"	""		"32217.91"	"56502.10"	""	""	"3"	""	"*"	"4"		""	"L153,L416"	
"411.9214"	"411.9212"	"0.0012"	"25"	"9.3e+06"	B	"18974.51"	"43251.00"	"5d5.(4G).6s"	"5G"	"3"	""	"*"	"4"		"T6977"	"L153"	
"411.9348"	"411.9344"	"0.0012"	"15"	""		"19648.54"	"43924.25"	"5d5.(4G).6s"	"5G"	"6"	""	"*"	"5"		""	"L153"	
"411.9408"	"411.9407"	"0.0012"	"5"	""		"13777.71"	"38053.05"	"5d4.6s2"	"3F2"	"2"	""	"*"	"3"		""	"L153"	
"412.0138"	""	""	"6"	""		""	""	""	""	""	""	""	""		""	"L153"	
"412.0449"	"412.0478"	"0.0012"	"1w"	""		"33291.80"	"57560.83"	"5d5.(2I).6s"	"1I"	"6"	""	"*"	"5"		""	"L153"	
"412.138"	"412.1383"	"0.0012"	"1w"	""		"29853.66"	"54117.36"	"5d5.(4F).6s"	"5F"	"4"	""	"*"	"3"		""	"L153"	
"412.1518"	""	""	"1w"	""		""	""	""	""	""	""	""	""		""	"L153"	
"412.2017"	"412.2020"	"0.0012"	"15"	"1.96e+06"	B	"15460.01"	"39719.96"	"5d4.6s2"	"3D"	"3"	""	"*"	"4"		"T6977"	"L153"	
"412.3177"	"412.3176"	"0.0012"	"12"	"5.1e+06"	B	"18974.51"	"43227.66"	"5d5.(4G).6s"	"5G"	"3"	""	"*"	"2"		"T6977"	"L153"	
"412.4214"	"412.4220"	"0.0012"	"10"	""		"15460.01"	"39707.02"	"5d4.6s2"	"3D"	"3"	""	"*"	"2"		""	"L153"	
"412.5327"	"412.5333"	"0.0012"	"2w"	""		"23930.08"	"48170.55"	"5d5.(4D).6s"	"5D"	"3"	""	"*"	"3"		""	"L153"	
"412.6328"	"412.6342"	"0.0012"	"20"	"3.1e+06"	B	"16431.31"	"40665.85"	"5d4.6s2"	"3G"	"4"	""	"*"	"3"		"T6977"	"L153"	
"412.6489"	"412.6492"	"0.0012"	"8"	""		"18280.48"	"42514.14"	"5d5.(6S).6s"	"5S"	"2"	""	"*"	"3"		""	"L153"	
"412.6891"	"412.6895"	"0.0012"	"2"	""		"27849.80"	"52081.09"	"5d5.(2I).6s"	"3I"	"5"	""	"*"	"5"		""	"L153"	
"412.7967"	"412.7964"	"0.0012"	"30"	""		"19253.56"	"43478.58"	"5d4.6s2"	"3P2"	"2"	""	"*"	"3"		""	"L153"	
"412.8421"	"412.8420"	"0.0012"	"5"	""		"19256.24"	"43478.58"	"5d5.(4G).6s"	"5G"	"4"	""	"*"	"3"		""	"L153"	
"413.1147"	"413.1146"	"0.0012"	"3"	""		"19535.01"	"43741.37"	"5d5.(4G).6s"	"5G"	"5"	""	"*"	"5"		""	"L153"	
"413.1704"	"413.1719"	"0.0012"	"1"	""		"28233.44"	"52436.44"	"5d5.(4F).6s"	"5F"	"5"	""	"*"	"4"		""	"L153"	
"413.3368"	"413.3372"	"0.0012"	"10"	"5.9e+06"	B	"19827.68"	"44021.00"	"5d5.(4P).6s"	"5P"	"3"	""	"*"	"3"		"T6977"	"L153"	
"413.3638"	""	""	"3w"	""		""	""	""	""	""	""	""	""		""	"L153"	
"413.4326"	"413.4324"	"0.0012"	"2w"	""		"23982.80"	"48170.55"	"5d5.(4D).6s"	"5D"	"2"	""	"*"	"3"		""	"L153"	
"413.4554"	"413.4555"	"0.0012"	"8"	""		"15460.01"	"39646.41"	"5d4.6s2"	"3D"	"3"	""	"*"	"3"		""	"L153"	
"413.4647"	"413.4647"	"0.0012"	"5"	""		"19535.01"	"43720.87"	"5d5.(4G).6s"	"5G"	"5"	""	"*"	"4"		""	"L153"	
"413.5747"	"413.5740"	"0.0012"	"1"	""		"18082.83"	"42262.30"	"5d4.6s2"	"3D"	"1"	""	"*"	"1"		""	"L153"	
"413.7515"	"413.7511"	"0.0012"	"5"	""		"18280.48"	"42449.60"	"5d5.(6S).6s"	"5S"	"2"	""	"*"	"2"		""	"L153"	
"413.8624"	"413.8631"	"0.0012"	"80"	"8.4e+05"	B	"3325.53"	"27488.11"	"5d4.6s2"	"5D"	"2"	"5d5.(6S).6p"	"7P*"	"3"		"T4976"	"L153"	
"413.9185"	"413.9181"	"0.0012"	"40"	""		"19826.04"	"43985.41"	"5d4.6s2"	"3G"	"5"	""	"*"	"4"		""	"L153"	
"413.9471"	"413.9462"	"0.0012"	"15"	""		"19827.68"	"43985.41"	"5d5.(4P).6s"	"5P"	"3"	""	"*"	"4"		""	"L153"	
"414.0485"	"414.0485"	"0.0012"	"10"	"3.3e+06"	C	"16431.31"	"40583.07"	"5d4.6s2"	"3G"	"4"	""	"*"	"4"		"T6977"	"L153"	
"414.1207"	"414.1209"	"0.0012"	"8"	""		"19827.68"	"43975.22"	"5d5.(4P).6s"	"5P"	"3"	""	"*"	"2"		""	"L153"	
"414.1568"	"414.1565"	"0.0012"	"8"	""		"18116.84"	"42262.30"	"5d5.(4G).6s"	"5G"	"2"	""	"*"	"1"		""	"L153"	
"414.1965"	"414.1980"	"0.0012"	"1"	""		"28898.96"	"53042.00"	"5d4.6s2"	"3P1"	"2"	""	"*"	"1"		""	"L153"	
"414.3421"	"414.3417"	"0.0012"	"25"	"5.0e+06"	B	"18116.84"	"42251.51"	"5d5.(4G).6s"	"5G"	"2"	""	"*"	"3"		"T6977"	"L153"	
"414.3861"	""	""	"2"	""		""	""	""	""	""	""	""	""		""	"L153"	
"414.5981"	"414.5987"	"0.0012"	"2"	""		"32135.94"	"56255.65"	"5d5.(4G).6s"	"3G"	"4"	""	"*"	"4"		""	"L153"	
"414.6329"	"414.6325"	"0.0012"	"25"	""		"13348.56"	"37466.30"	"5d4.6s2"	"3G"	"3"	""	"*"	"2"		""	"L153"	
"414.7029"	"414.7029"	"0.0012"	"4"	""		"23964.67"	"48078.32"	"5d4.6s.(6D).6p"	"7D*"	"2"	"5d4.6s.(6D).7s"	"5D"	"2"		""	"L153"	
"414.7116"	"414.7116"	"0.0012"	"10"	""		"12161.96"	"36275.10"	"5d4.6s2"	"3H"	"4"	""	"*"	"5"		""	"L153"	
"414.8555"	"414.8558"	"0.0012"	"2"	""		"28898.96"	"53003.72"	"5d4.6s2"	"3P1"	"2"	""	"*"	"2"		""	"L153"	
"414.9686"	"414.9686"	"0.0012"	"3"	""		"19826.04"	"43924.25"	"5d4.6s2"	"3G"	"5"	""	"*"	"5"		""	"L153"	
"415.0244"	""	""	"3w"	""		""	""	""	""	""	""	""	""		""	"L153"	
"415.0605"	"415.0612"	"0.0012"	"10"	""		"19648.54"	"43741.37"	"5d5.(4G).6s"	"5G"	"6"	""	"*"	"5"		""	"L153"	
"415.0907"	"415.0905"	"0.0012"	"6"	""		"17107.01"	"41198.14"	"5d4.6s2"	"3F2"	"4"	""	"*"	"4"		""	"L153"	
"415.2993"	"415.2989"	"0.0012"	"2"	""		"22852.80"	"46931.84"	"5d4.6s2"	"1G2"	"4"	""	"*"	"4"		""	"L153"	
"415.3353"	"415.3357"	"0.0012"	"2"	""		"27213.82"	"51290.73"	"5d5.(2F1).6s"	"3F"	"4"	""	"*"	"5"		""	"L153"	
"415.5267"	""	""	"2"	""		""	""	""	""	""	""	""	""		""	"L153"	
"415.5835"	"415.5836"	"0.0012"	"20"	""		"19389.43"	"43451.98"	"5d4.6s.(6D).6p"	"7F*"	"0"	"5d4.6s.(6D).7s"	"7D"	"1"		""	"L153"	
"415.6449"	""	""	"2w"	""		""	""	""	""	""	""	""	""		""	"L153"	
"415.6699"	""	""	"2w"	""		""	""	""	""	""	""	""	""		""	"L153"	
"415.7236"	""	""	"3w"	""		""	""	""	""	""	""	""	""		""	"L153"	
"415.8849"	"415.8850"	"0.0012"	"2"	""		"16431.31"	"40476.42"	"5d4.6s2"	"3G"	"4"	""	"*"	"5"		""	"L153"	
"415.9995"	"415.9986"	"0.0012"	"2"	""		"23930.08"	"47968.62"	"5d5.(4D).6s"	"5D"	"3"	""	"*"	"4"		""	"L153"	
"416.0127"	"416.0125"	"0.0012"	"2"	""		"32217.91"	"56255.65"	""	""	"3"	""	"*"	"4"		""	"L153,L416"	
"416.0782"	""	""	"4"	""		""	""	""	""	""	""	""	""		""	"L153"	
"416.0955"	"416.0954"	"0.0012"	"5"	""		"17701.18"	"41734.13"	"5d4.6s2"	"3F2"	"3"	""	"*"	"2"		""	"L153"	
"416.1203"	"416.1202"	"0.0012"	"8"	""		"20983.02"	"45014.54"	"5d5.(4P).6s"	"5P"	"2"	""	"*"	"3"		""	"L153"	
"416.1514"	"416.1519"	"0.0012"	"8"	"6.0e+06"	B	"22476.68"	"46506.37"	"5d5.(4D).6s"	"5D"	"4"	""	"*"	"5"		"T6977"	"L153"	
"416.2649"	"416.2650"	"0.0012"	"4"	""		"19827.68"	"43850.84"	"5d5.(4P).6s"	"5P"	"3"	""	"*"	"3"		""	"L153"	
"416.5088"	"416.5094"	"0.0012"	"3"	""		"29853.66"	"53862.72"	"5d5.(4F).6s"	"5F"	"4"	""	"*"	"5"		""	"L153"	
"416.5572"	"416.5573"	"0.0012"	"2"	""		"27849.80"	"51856.10"	"5d5.(2I).6s"	"3I"	"5"	""	"*"	"4"		""	"L153"	
"416.6172"	"416.6181"	"0.0012"	"1"	""		"28392.70"	"52395.50"	"5d5.(2I).6s"	"3I"	"6"	""	"*"	"5"		""	"L153"	
"416.6326"	"416.6319"	"0.0012"	"4"	""		"22852.80"	"46854.80"	"5d4.6s2"	"1G2"	"4"	""	"*"	"5"		""	"L153"	
"416.7313"	"416.7318"	"0.0012"	"10"	""		"13777.71"	"37773.96"	"5d4.6s2"	"3F2"	"2"	""	"*"	"1"		""	"L153"	
"416.757"	"416.7577"	"0.0012"	"2"	""		"19256.24"	"43251.00"	"5d5.(4G).6s"	"5G"	"4"	""	"*"	"4"		""	"L153"	
"416.7851"	"416.7855"	"0.0012"	"2"	""		"17701.18"	"41694.34"	"5d4.6s2"	"3F2"	"3"	""	"*"	"3"		""	"L153"	
"416.8021"	""	""	"4"	""		""	""	""	""	""	""	""	""		""	"L153"	
"416.8177"	"416.8178"	"0.0012"	"2w"	""		"33569.53"	"57560.83"	""	""	"4"	""	"*"	"5"		""	"L153,L416"	
"416.9827"	"416.9825"	"0.0012"	"12"	""		"18280.48"	"42262.30"	"5d5.(6S).6s"	"5S"	"2"	""	"*"	"1"		""	"L153"	
"417.1171"	"417.1168"	"0.0012"	"4"	""		"19253.56"	"43227.66"	"5d4.6s2"	"3P2"	"2"	""	"*"	"2"		""	"L153"	
"417.1702"	"417.1702"	"0.0012"	"30"	"8.1e+06"	B	"18280.48"	"42251.51"	"5d5.(6S).6s"	"5S"	"2"	""	"*"	"3"		"T6977"	"L153"	
"417.1996"	""	""	"1"	""		""	""	""	""	""	""	""	""		""	"L153"	
"417.2350"	"417.2362"	"0.0012"	"60"	"8.6e+05"	B	"4830.00"	"28797.24"	"5d4.6s2"	"5D"	"3"	"5d4.6s.(6D).6p"	"7D*"	"4"		"T4976"	"L153"	
"417.2591"	""	""	"2"	""		""	""	""	""	""	""	""	""		""	"L153"	
"417.2970"	"417.2966"	"0.0012"	"2"	""		"19253.56"	"43217.33"	"5d4.6s2"	"3P2"	"2"	""	"*"	"1"		""	"L153"	
"417.4110"	"417.4124"	"0.0012"	"2"	""		"31389.08"	"55346.20"	"5d5.(4G).6s"	"3G"	"5"	""	"*"	"4"		""	"L153"	
"417.570"	"417.5698"	"0.0012"	"2w"	""		"31432.91"	"55381.00"	"5d4.6s.(6D).6p"	"5F*"	"4"	""	""	"5"		""	"L153"	
"417.7165"	"417.7169"	"0.0012"	"5"	""		"20427.84"	"44367.50"	"5d5.(4P).6s"	"5P"	"1"	""	"*"	"2"		""	"L153"	
"417.7766"	"417.7767"	"0.0012"	"2"	""		"18974.51"	"42910.74"	"5d5.(4G).6s"	"5G"	"3"	""	"*"	"4"		""	"L153"	
"417.9000"	""	""	"8w"	""		""	""	""	""	""	""	""	""		""	"L153"	
"417.9232"	""	""	"2"	""		""	""	""	""	""	""	""	""		""	"L153"	
"417.9623"	"417.9620"	"0.0012"	"1"	""		"20427.84"	"44353.46"	"5d5.(4P).6s"	"5P"	"1"	""	"*"	"1"		""	"L153"	
"418.0544"	"418.0543"	"0.0012"	"2w"	""		"12161.96"	"36082.30"	"5d4.6s2"	"3H"	"4"	""	"*"	"4"		""	"L153"	
"418.1410"	"418.1418"	"0.0012"	"10"	""		"19826.04"	"43741.37"	"5d4.6s2"	"3G"	"5"	""	"*"	"5"		""	"L153"	
"418.2566"	"418.2564"	"0.0012"	"5"	""		"22476.68"	"46385.46"	"5d5.(4D).6s"	"5D"	"4"	""	"*"	"3"		""	"L153"	
"418.3484"	"418.3491"	"0.0012"	"2"	""		"17008.50"	"40911.98"	"5d4.6s2"	"3H"	"6"	""	"*"	"5"		""	"L153"	
"418.407"	"418.4064"	"0.0012"	"2"	""		"31432.91"	"55333.12"	"5d4.6s.(6D).6p"	"5F*"	"4"	""	""	"4"		""	"L153"	
"418.4834"	"418.4838"	"0.0012"	"10"	"3.0e+06"	B	"18082.83"	"41978.62"	"5d4.6s2"	"3D"	"1"	""	"*"	"2"		"T6977"	"L153"	
"418.4995"	"418.5006"	"0.0012"	"12"	""		"19826.04"	"43720.87"	"5d4.6s2"	"3G"	"5"	""	"*"	"4"		""	"L153"	
"418.7182"	"418.7182"	"0.0012"	"6"	""		"18082.83"	"41965.24"	"5d4.6s2"	"3D"	"1"	""	"*"	"0"		""	"L153"	
"418.7251"	"418.7250"	"0.0012"	""	"2.22e+06"	B	"17701.18"	"41583.20"	"5d4.6s2"	"3F2"	"3"	""	"*"	"2"		"T6977"	"L14798"	
"418.8823"	"418.8806"	"0.0012"	"1w"	""		"29912.85"	"53786.00"	"5d4.6s.(6D).6p"	"5D*"	"3"	""	""	"4"		""	"L153"	
"419.0329"	""	""	"3w"	""		""	""	""	""	""	""	""	""		""	"L153"	
"419.0800"	"419.0802"	"0.0012"	"2"	""		"18116.84"	"41978.62"	"5d5.(4G).6s"	"5G"	"2"	""	"*"	"2"		""	"L153"	
"419.0969"	"419.0985"	"0.0012"	"1"	""		"28291.88"	"52152.62"	"5d5.(2F1).6s"	"3F"	"3"	""	"*"	"2"		""	"L153"	
"419.1141"	"419.1136"	"0.0012"	"1"	""		"28204.20"	"52064.08"	"5d5.(4F).6s"	"5F"	"2"	""	"*"	"2"		""	"L153"	
"419.1317"	"419.1308"	"0.0012"	"3w"	""		"28198.90"	"52057.80"	"5d4.6s.(6D).6p"	"5P*"	"1"	""	""	"1"		""	"L153"	
"419.1576"	"419.1596"	"0.0012"	"1w"	""		"26861.64"	"50718.90"	"5d5.(2F1).6s"	"3F"	"2"	""	"*"	"2"		""	"L153"	
"419.3268"	"419.3285"	"0.0012"	"2"	""		"28233.44"	"52081.09"	"5d5.(4F).6s"	"5F"	"5"	""	"*"	"5"		""	"L153"	
"419.3544"	""	""	"1"	""		""	""	""	""	""	""	""	""		""	"L153"	
"419.3759"	""	""	"1"	""		""	""	""	""	""	""	""	""		""	"L153"	
"419.4968"	"419.4976"	"0.0012"	"6"	""		"16431.31"	"40269.35"	"5d4.6s2"	"3G"	"4"	""	"*"	"3"		""	"L153"	
"419.5132"	"419.5134"	"0.0012"	"5"	""		"23982.80"	"47819.94"	"5d5.(4D).6s"	"5D"	"2"	""	"*"	"1"		""	"L153"	
"419.672"	""	""	"1"	""		""	""	""	""	""	""	""	""		""	"L153"	
"419.7022"	"419.7036"	"0.0012"	"1"	""		"28233.44"	"52059.78"	"5d5.(4F).6s"	"5F"	"5"	""	"*"	"4"		""	"L153"	
"419.8227"	""	""	"1"	""		""	""	""	""	""	""	""	""		""	"L153"	
"419.8713"	"419.8713"	"0.0012"	"2"	""		"17107.01"	"40923.83"	"5d4.6s2"	"3F2"	"4"	""	"*"	"3"		""	"L153"	
"419.9165"	""	""	"1w"	""		""	""	""	""	""	""	""	""		""	"L153"	
"419.975"	"419.9726"	"0.0012"	"1"	""		"28204.20"	"52015.28"	"5d5.(4F).6s"	"5F"	"2"	""	"*"	"3"		""	"L153"	
"420.0800"	"420.0803"	"0.0012"	"8"	""		"17107.01"	"40911.98"	"5d4.6s2"	"3F2"	"4"	""	"*"	"5"		""	"L153"	
"420.1203"	"420.1211"	"0.0014"	"15"	"3.12e+06"	B	"16431.31"	"40233.97"	"5d4.6s2"	"3G"	"4"	""	"*"	"4"		"T6977"	"L153"	
"420.1602"	"420.1587"	"0.0014"	"2"	""		"23455.02"	"47255.55"	"5d5.(4D).6s"	"5D"	"1"	""	"*"	"1"		""	"L153"	
"420.2069"	"420.2069"	"0.0014"	"4"	""		"13348.56"	"37146.36"	"5d4.6s2"	"3G"	"3"	""	"*"	"4"		""	"L153"	
"420.2799"	""	""	"1"	""		""	""	""	""	""	""	""	""		""	"L153"	
"420.4349"	""	""	"1"	""		""	""	""	""	""	""	""	""		""	"L153"	
"420.5000"	"420.5001"	"0.0014"	"15"	"4.9e+05"	C	"12161.96"	"35943.17"	"5d4.6s2"	"3H"	"4"	""	"*"	"3"		"T4976"	"L153"	
"420.5141"	""	""	"2"	""		""	""	""	""	""	""	""	""		""	"L153"	
"420.5589"	"420.5593"	"0.0014"	"30"	"5.2e+06"	B	"19256.24"	"43034.10"	"5d5.(4G).6s"	"5G"	"4"	""	"*"	"5"		"T6977"	"L153"	
"420.5909"	""	""	"2"	""		""	""	""	""	""	""	""	""		""	"L153"	
"420.6735"	"420.6750"	"0.0014"	"12"	""		"21453.90"	"45225.22"	"5d4.6s.(6D).6p"	"7D*"	"1"	"5d4.6s.(6D).7s"	"5D"	"0"		""	"L153"	
"420.7349"	"420.7355"	"0.0014"	"2"	""		"28291.88"	"52059.78"	"5d5.(2F1).6s"	"3F"	"3"	""	"*"	"4"		""	"L153"	
"420.7421"	"420.7437"	"0.0014"	"15"	""		"29460.98"	"53228.42"	"5d5.(2I).6s"	"3I"	"7"	""	"*"	"6"		""	"L153"	
"420.8237"	"420.8230"	"0.0014"	"50"	""		"19648.54"	"43411.50"	"5d5.(4G).6s"	"5G"	"6"	""	"*"	"7"		""	"L153"	
"420.890"	"420.8887"	"0.0014"	"1"	""		"23930.08"	"47689.33"	"5d5.(4D).6s"	"5D"	"3"	""	"*"	"4"		""	"L153"	
"420.9320"	"420.9341"	"0.0014"	"2"	""		"28720.88"	"52477.57"	"5d5.(4P).6s"	"3P"	"1"	""	"*"	"1"		""	"L153"	
"421.0074"	""	""	"3"	""		""	""	""	""	""	""	""	""		""	"L153"	
"421.069"	""	""	"2"	""		""	""	""	""	""	""	""	""		""	"L153"	
"421.0962"	""	""	"3"	""		""	""	""	""	""	""	""	""		""	"L153"	
"421.1371"	"421.1370"	"0.0014"	"5"	""		"28233.44"	"51978.68"	"5d5.(4F).6s"	"5F"	"5"	""	"*"	"6"		""	"L153"	
"421.4073"	""	""	"5"	""		""	""	""	""	""	""	""	""		""	"L153"	
"421.5243"	"421.5247"	"0.0014"	"4"	""		"28291.88"	"52015.28"	"5d5.(2F1).6s"	"3F"	"3"	""	"*"	"3"		""	"L153"	
"421.6141"	"421.6132"	"0.0014"	"6"	""		"20174.20"	"43892.62"	"5d4.6s2"	"1S2"	"0"	""	"*"	"1"		""	"L153"	
"421.6563"	"421.6564"	"0.0014"	"25"	"3.7e+06"	B	"19535.01"	"43251.00"	"5d5.(4G).6s"	"5G"	"5"	""	"*"	"4"		"T6977"	"L153"	
"421.6735"	"421.6753"	"0.0014"	"2w"	""		"29479.32"	"53194.25"	"5d4.6s2"	"3F1"	"4"	""	"*"	"5"		""	"L153"	
"421.7236"	"421.7242"	"0.0014"	"2w"	""		"28347.60"	"52059.78"	"5d5.(4F).6s"	"5F"	"3"	""	"*"	"4"		""	"L153"	
"421.7985"	"421.7993"	"0.0014"	"2w"	""		"24610.88"	"48318.84"	"5d4.6s2"	"1F"	"3"	""	"*"	"2"		""	"L153"	
"421.9740"	"421.9740"	"0.0014"	"15"	"2.2e+06"	C	"18280.48"	"41978.62"	"5d5.(6S).6s"	"5S"	"2"	""	"*"	"2"		"T6977"	"L153"	
"422.0199"	"422.0184"	"0.0014"	"2"	""		"27213.82"	"50909.47"	"5d5.(2F1).6s"	"3F"	"4"	""	"*"	"4"		""	"L153"	
"422.0560"	"422.0563"	"0.0014"	"80"	"6.1e+05"	B	"6219.33"	"29912.85"	"5d4.6s2"	"5D"	"4"	"5d4.6s.(6D).6p"	"5D*"	"3"		"T4976"	"L153"	
"422.1462"	"422.1442"	"0.0014"	"6*"	""		"13777.71"	"37466.30"	"5d4.6s2"	"3F2"	"2"	""	"*"	"2"		""	"L153"	
"422.1462"	"422.1477"	"0.0014"	"6*"	""		"28392.70"	"52081.09"	"5d5.(2I).6s"	"3I"	"6"	""	"*"	"5"		""	"L153"	
"422.1723"	"422.1725"	"0.0014"	"5"	""		"19827.68"	"43514.68"	"5d5.(4P).6s"	"5P"	"3"	""	"*"	"2"		""	"L153"	
"422.2906"	"422.2919"	"0.0014"	"6"	""		"27213.82"	"50894.12"	"5d5.(2F1).6s"	"3F"	"4"	""	"*"	"3"		""	"L153"	
"422.3234"	"422.3239"	"0.0014"	"20"	""		"15069.93"	"38748.44"	"5d4.6s2"	"3H"	"5"	""	"*"	"4"		""	"L153"	
"422.5168"	"422.5171"	"0.0014"	"4"	""		"28347.60"	"52015.28"	"5d5.(4F).6s"	"5F"	"3"	""	"*"	"3"		""	"L153"	
"422.5953"	"422.5943"	"0.0014"	"20"	""		"23930.08"	"47593.44"	"5d5.(4D).6s"	"5D"	"3"	""	"*"	"3"		""	"L153"	
"422.6450"	""	""	"3w"	""		""	""	""	""	""	""	""	""		""	"L153"	
"422.6817"	""	""	"3w"	""		""	""	""	""	""	""	""	""		""	"L153"	
"422.7528"	"422.7525"	"0.0014"	"20"	""		"19256.24"	"42910.74"	"5d5.(4G).6s"	"5G"	"4"	""	"*"	"4"		""	"L153"	
"422.7693"	"422.7692"	"0.0014"	"4"	""		"22852.80"	"46506.37"	"5d4.6s2"	"1G2"	"4"	""	"*"	"5"		""	"L153"	
"422.8105"	"422.8097"	"0.0014"	"25"	"3.7e+06"	C	"18082.83"	"41734.13"	"5d4.6s2"	"3D"	"1"	""	"*"	"2"		"T6977"	"L153"	
"423.0983"	"423.1008"	"0.0014"	"1"	""		"27488.11"	"51123.14"	"5d5.(6S).6p"	"7P*"	"3"	"5d4.6s.(6D).7s"	"5D"	"4"		""	"L153"	
"423.1341"	"423.1298"	"0.0014"	"2w*"	""		"24610.88"	"48244.29"	"5d4.6s2"	"1F"	"3"	""	"*"	"2"		""	"L153"	
"423.1341"	"423.1389"	"0.0014"	"2w*"	""		"26861.64"	"50494.54"	"5d5.(2F1).6s"	"3F"	"2"	""	"*"	"2"		""	"L153"	
"423.2512"	"423.2503"	"0.0014"	"8"	""		"18974.51"	"42601.19"	"5d5.(4G).6s"	"5G"	"3"	""	"*"	"3"		""	"L153"	
"423.2926"	"423.2915"	"0.0014"	"12"	""		"23455.02"	"47079.40"	"5d5.(4D).6s"	"5D"	"1"	""	"*"	"2"		""	"L153"	
"423.3130"	"423.3120"	"0.0014"	"4"	""		"27849.80"	"51473.04"	"5d5.(2I).6s"	"3I"	"5"	""	"*"	"4"		""	"L153"	
"423.3227"	"423.3224"	"0.0014"	"2"	""		"28233.44"	"51856.10"	"5d5.(4F).6s"	"5F"	"5"	""	"*"	"4"		""	"L153"	
"423.4188"	"423.4186"	"0.0014"	"20"	"3.5e+06"	C	"18116.84"	"41734.13"	"5d5.(4G).6s"	"5G"	"2"	""	"*"	"2"		"T6977"	"L153"	
"423.5537"	"423.5536"	"0.0014"	"40"	""		"19256.24"	"42866.00"	"5d5.(4G).6s"	"5G"	"4"	""	"*"	"5"		""	"L153"	
"423.7815"	"423.7816"	"0.0014"	"8"	""		"13307.10"	"36904.16"	"5d4.6s2"	"3P2"	"1"	""	"*"	"2"		""	"L153"	
"423.8680"	"423.8680"	"0.0014"	"2"	""		"27213.82"	"50806.07"	"5d5.(2F1).6s"	"3F"	"4"	""	"*"	"5"		""	"L153"	
"424.1334"	"424.1332"	"0.0014"	"15"	""		"18116.84"	"41694.34"	"5d5.(4G).6s"	"5G"	"2"	""	"*"	"3"		""	"L153"	
"424.2107"	"424.2102"	"0.0014"	"3"	""		"29430.50"	"53003.72"	""	""	"3"	""	"*"	"2"		""	"L153,L416"	
"424.2639"	"424.2638"	"0.0014"	"100"	"1.07e+07"	B	"15460.01"	"39030.25"	"5d4.6s2"	"3D"	"3"	""	"*"	"2"		"T6977"	"L153"	
"424.4545"	"424.4542"	"0.0014"	"8"	""		"24610.88"	"48170.55"	"5d4.6s2"	"1F"	"3"	""	"*"	"3"		""	"L153"	
"424.4825"	"424.4823"	"0.0014"	"20"	""		"18974.51"	"42532.62"	"5d5.(4G).6s"	"5G"	"3"	""	"*"	"4"		""	"L153"	
"424.5283"	"424.5275"	"0.0014"	"1"	""		"13348.56"	"36904.16"	"5d4.6s2"	"3G"	"3"	""	"*"	"2"		""	"L153"	
"424.5559"	"424.5562"	"0.0014"	"200"	"1.38e+06"	B	"6219.33"	"29773.34"	"5d4.6s2"	"5D"	"4"	"5d4.6s.(6D).6p"	"7D*"	"5"		"T4976"	"L153"	
"424.6752"	"424.6757"	"0.0014"	"10"	""		"20427.84"	"43975.22"	"5d5.(4P).6s"	"5P"	"1"	""	"*"	"2"		""	"L153"	
"424.8202"	"424.8155"	"0.0014"	"1"	""		"18974.51"	"42514.14"	"5d5.(4G).6s"	"5G"	"3"	""	"*"	"3"		""	"L153"	
"425.0048"	"425.0042"	"0.0014"	"5"	""		"24789.66"	"48318.84"	"5d4.6s2"	"1D2"	"2"	""	"*"	"2"		""	"L153"	
"425.0648"	"425.0652"	"0.0014"	"20"	"1.88e+06"	B	"13348.56"	"36874.36"	"5d4.6s2"	"3G"	"3"	""	"*"	"3"		"T6977"	"L153"	
"425.2009"	""	""	"10"	""		""	""	""	""	""	""	""	""		""	"L153"	
"425.2091"	"425.2089"	"0.0014"	"5"	""		"22773.78"	"46291.63"	"5d5.(4D).6s"	"5D"	"0"	""	"*"	"1"		""	"L153"	
"425.3077"	"425.3066"	"0.0014"	"5"	""		"23930.08"	"47442.53"	"5d5.(4D).6s"	"5D"	"3"	""	"*"	"2"		""	"L153"	
"425.4439"	""	""	"3"	""		""	""	""	""	""	""	""	""		""	"L153"	
"425.5250"	"425.5252"	"0.0014"	"12"	""		"18082.83"	"41583.20"	"5d4.6s2"	"3D"	"1"	""	"*"	"2"		""	"L153"	
"425.5482"	"425.5484"	"0.0014"	"15"	""		"19535.01"	"43034.10"	"5d5.(4G).6s"	"5G"	"5"	""	"*"	"5"		""	"L153"	
"425.5873"	"425.5870"	"0.0014"	"2"	""		"17701.18"	"41198.14"	"5d4.6s2"	"3F2"	"3"	""	"*"	"4"		""	"L153"	
"425.6792"	"425.6794"	"0.0014"	"3"	""		"29853.66"	"53345.52"	"5d5.(4F).6s"	"5F"	"4"	""	"*"	"3"		""	"L153"	
"425.9177"	"425.9192"	"0.0015"	"3"	""		"31077.80"	"54556.43"	""	""	"2"	""	"*"	"3"		""	"L153,L416"	
"425.9657"	"425.9659"	"0.0015"	"10"	"1.36e+06"	C	"17107.01"	"40583.07"	"5d4.6s2"	"3F2"	"4"	""	"*"	"4"		"T6977"	"L153"	
"425.9723"	"425.9718"	"0.0015"	"5"	""		"18974.51"	"42450.24"	"5d5.(4G).6s"	"5G"	"3"	""	"*"	"4"		""	"L153"	
"425.9825"	"425.9835"	"0.0015"	"1"	""		"18974.51"	"42449.60"	"5d5.(4G).6s"	"5G"	"3"	""	"*"	"2"		""	"L153"	
"426.0550"	"426.0562"	"0.0015"	"80"	""		"21448.76"	"44919.84"	"5d4.6s.(6D).6p"	"7F*"	"2"	"5d4.6s.(6D).7s"	"7D"	"2"		""	"L153"	
"426.1131"	"426.1136"	"0.0015"	"12"	""		"17008.50"	"40476.42"	"5d4.6s2"	"3H"	"6"	""	"*"	"5"		""	"L153"	
"426.1329"	"426.1332"	"0.0015"	"2"	""		"26189.20"	"49656.04"	"5d4.6s.(6D).6p"	"7D*"	"3"	"5d4.6s.(6D).7s"	"5D"	"3"		""	"L153"	
"426.142"	"426.1419"	"0.0015"	""	"1.74e+07"	B	"18116.84"	"41583.20"	"5d5.(4G).6s"	"5G"	"2"	""	"*"	"2"		"T6977"	"L14798"	
"426.1486"	"426.1496"	"0.0015"	"30"	""		"21453.90"	"44919.84"	"5d4.6s.(6D).6p"	"7D*"	"1"	"5d4.6s.(6D).7s"	"7D"	"2"		""	"L153"	
"426.1710"	"426.1706"	"0.0015"	"3"	""		"20427.84"	"43892.62"	"5d5.(4P).6s"	"5P"	"1"	""	"*"	"1"		""	"L153"	
"426.1851"	"426.1848"	"0.0015"	"2"	""		"20983.02"	"44447.02"	"5d5.(4P).6s"	"5P"	"2"	""	"*"	"3"		""	"L153"	
"426.206"	"426.2055"	"0.0015"	"2"	""		"33370.04"	"56832.90"	"5d4.6s.(6D).6p"	"5F*"	"5"	""	""	"6"		""	"L153"	
"426.3467"	"426.3483"	"0.0015"	"4"	""		"29430.50"	"52885.50"	""	""	"3"	""	"*"	"2"		""	"L153,L416"	
"426.4504"	"426.4518"	"0.0015"	"50"	""		"23047.31"	"46496.62"	"5d4.6s.(6D).6p"	"7F*"	"3"	"5d4.6s.(6D).7s"	"7D"	"3"		""	"L153"	
"426.5864"	"426.5822"	"0.0015"	"1"	""		"26861.64"	"50303.78"	"5d5.(2F1).6s"	"3F"	"2"	""	"*"	"3"		""	"L153"	
"426.6040"	"426.6042"	"0.0015"	"5"	""		"27849.80"	"51290.73"	"5d5.(2I).6s"	"3I"	"5"	""	"*"	"5"		""	"L153"	
"426.6180"	""	""	"10"	""		""	""	""	""	""	""	""	""		""	"L153"	
"426.7739"	"426.7730"	"0.0015"	"20"	""		"23930.08"	"47361.74"	"5d5.(4D).6s"	"5D"	"3"	""	"*"	"3"		""	"L153"	
"426.8023"	"426.8012"	"0.0015"	"3"	""		"23930.08"	"47360.19"	"5d5.(4D).6s"	"5D"	"3"	""	"*"	"4"		""	"L153"	
"426.8946"	"426.8951"	"0.0015"	"6"	""		"19826.04"	"43251.00"	"5d4.6s2"	"3G"	"5"	""	"*"	"4"		""	"L153"	
"426.9246"	"426.9250"	"0.0015"	"12"	"1.48e+06"	B	"19827.68"	"43251.00"	"5d5.(4P).6s"	"5P"	"3"	""	"*"	"4"		"T6977"	"L153"	
"427.0584"	"427.0586"	"0.0015"	"200"	"3.04e+06"	B	"2951.29"	"26367.28"	"5d5.(6S).6s"	"7S"	"3"	""	"*"	"2"		"T4976"	"L153"	
"427.0976"	"427.0975"	"0.0015"	"40"	"5.1e+06"	B	"18280.48"	"41694.34"	"5d5.(6S).6s"	"5S"	"2"	""	"*"	"3"		"T6977"	"L153"	
"427.2102"	"427.2097"	"0.0015"	"10"	""		"23930.08"	"47337.79"	"5d5.(4D).6s"	"5D"	"3"	""	"*"	"2"		""	"L153"	
"427.2430"	""	""	"4?"	""		""	""	""	""	""	""	""	""		""	"L153"	
"427.2897"	"427.2894"	"0.0015"	"1"	""		"17701.18"	"41104.52"	"5d4.6s2"	"3F2"	"3"	""	"*"	"2"		""	"L153"	
"427.3502"	"427.3508"	"0.0015"	"8"	""		"19827.68"	"43227.66"	"5d5.(4P).6s"	"5P"	"3"	""	"*"	"2"		""	"L153"	
"427.4188"	"427.4176"	"0.0015"	"1w"	""		"28204.20"	"51600.52"	"5d5.(4F).6s"	"5F"	"2"	""	"*"	"3"		""	"L153"	
"427.4413"	"427.4418"	"0.0015"	"2"	""		"29460.98"	"52855.98"	"5d5.(2I).6s"	"3I"	"7"	""	"*"	"6"		""	"L153"	
"427.4559"	""	""	"5"	""		""	""	""	""	""	""	""	""		""	"L153"	
"427.4891"	"427.4889"	"0.0015"	"20"	"2.4e+06"	C	"22476.68"	"45869.10"	"5d5.(4D).6s"	"5D"	"4"	""	"*"	"4"		"T6977"	"L153"	
"427.5053"	""	""	"5"	""		""	""	""	""	""	""	""	""		""	"L153"	
"427.5339"	""	""	"1w"	""		""	""	""	""	""	""	""	""		""	"L153"	
"427.5751"	"427.5755"	"0.0015"	"100"	""		"20064.30"	"43451.98"	"5d4.6s.(6D).6p"	"7F*"	"1"	"5d4.6s.(6D).7s"	"7D"	"1"		""	"L153"	
"427.6135"	"427.6143"	"0.0015"	"10"	""		"19648.54"	"43034.10"	"5d5.(4G).6s"	"5G"	"6"	""	"*"	"5"		""	"L153"	
"427.6345"	"427.6341"	"0.0015"	"6"	""		"20983.02"	"44367.50"	"5d5.(4P).6s"	"5P"	"2"	""	"*"	"2"		""	"L153"	
"427.6689"	"427.6686"	"0.0015"	"50"	"9.3e+06"	B	"18116.84"	"41499.43"	"5d5.(4G).6s"	"5G"	"2"	""	"*"	"3"		"T6977"	"L153"	
"427.7003"	"427.6997"	"0.0015"	"6"	""		"24789.66"	"48170.55"	"5d4.6s2"	"1D2"	"2"	""	"*"	"3"		""	"L153"	
"427.7219"	"427.7222"	"0.0015"	"20"	""		"14976.18"	"38355.84"	"5d4.6s2"	"3D"	"2"	""	"*"	"1"		""	"L153"	
"427.7944"	"427.7941"	"0.0015"	"60"	""		"19535.01"	"42910.74"	"5d5.(4G).6s"	"5G"	"5"	""	"*"	"4"		""	"L153"	
"427.8514"	""	""	"3"	""		""	""	""	""	""	""	""	""		""	"L153"	
"427.8907"	"427.8910"	"0.0015"	"3"	""		"20983.02"	"44353.46"	"5d5.(4P).6s"	"5P"	"2"	""	"*"	"1"		""	"L153"	
"427.9102"	"427.9098"	"0.0015"	"4"	""		"17107.01"	"40476.42"	"5d4.6s2"	"3F2"	"4"	""	"*"	"5"		""	"L153"	
"427.9609"	"427.9613"	"0.0015"	"12"	""		"13307.10"	"36673.70"	"5d4.6s2"	"3P2"	"1"	""	"*"	"2"		""	"L153"	
"428.1484"	"428.1504"	"0.0015"	"1w"	""		"32135.94"	"55492.22"	"5d5.(4G).6s"	"3G"	"4"	""	"*"	"5"		""	"L153"	
"428.1744"	"428.1740"	"0.0015"	"2"	""		"23982.80"	"47337.79"	"5d5.(4D).6s"	"5D"	"2"	""	"*"	"2"		""	"L153"	
"428.1965"	""	""	"4"	""		""	""	""	""	""	""	""	""		""	"L153"	
"428.2415"	"428.2393"	"0.0015"	"4"	""		"23455.02"	"46806.45"	"5d5.(4D).6s"	"5D"	"1"	""	"*"	"2"		""	"L153"	
"428.3103"	"428.3090"	"0.0015"	"3"	""		"19253.56"	"42601.19"	"5d4.6s2"	"3P2"	"2"	""	"*"	"3"		""	"L153"	
"428.3245"	""	""	"2"	""		""	""	""	""	""	""	""	""		""	"L153"	
"428.3550"	"428.3552"	"0.0015"	"30"	""		"12161.96"	"35507.07"	"5d4.6s2"	"3H"	"4"	""	"*"	"5"		""	"L153"	
"428.3582"	"428.3582"	"0.0015"	""	"2.07e+06"	B	"19256.24"	"42601.19"	"5d5.(4G).6s"	"5G"	"4"	""	"*"	"3"		"T6977"	"L14798"	
"428.3928"	"428.3903"	"0.0015"	"2"	""		"28720.88"	"52064.08"	"5d5.(4P).6s"	"3P"	"1"	""	"*"	"2"		""	"L153"	
"428.4127"	"428.4147"	"0.0015"	"1"	""		"31077.80"	"54419.67"	""	""	"2"	""	"*"	"1"		""	"L153,L416"	
"428.4385"	"428.4382"	"0.0015"	"1l"	""		"29853.66"	"53194.25"	"5d5.(4F).6s"	"5F"	"4"	""	"*"	"5"		""	"L153"	
"428.5005"	"428.5006"	"0.0015"	"20"	"1.69e+05"	C	"12161.96"	"35499.15"	"5d4.6s2"	"3H"	"4"	""	"*"	"3"		"T4976"	"L153"	
"428.5565"	""	""	"3"	""		""	""	""	""	""	""	""	""		""	"L153"	
"428.6170"	"428.6145"	"0.0015"	"25*"	""		"19535.01"	"42866.00"	"5d5.(4G).6s"	"5G"	"5"	""	"*"	"5"		""	"L153"	
"428.6170"	"428.6172"	"0.0015"	"25*"	""		"22773.78"	"46104.62"	"5d5.(4D).6s"	"5D"	"0"	""	"*"	"1"		""	"L153"	
"428.7214"	"428.7220"	"0.0015"	"30"	""		"13348.56"	"36673.70"	"5d4.6s2"	"3G"	"3"	""	"*"	"2"		""	"L153"	
"428.7414"	"428.7418"	"0.0015"	"6"	""		"26861.64"	"50185.70"	"5d5.(2F1).6s"	"3F"	"2"	""	"*"	"3"		""	"L153"	
"428.8188"	"428.8178"	"0.0015"	"2"	""		"19253.56"	"42573.49"	"5d4.6s2"	"3P2"	"2"	""	"*"	"1"		""	"L153"	
"428.9120"	"428.9103"	"0.0015"	"1w"	""		"28291.88"	"51606.78"	"5d5.(2F1).6s"	"3F"	"3"	""	"*"	"2"		""	"L153"	
"428.9557"	"428.9552"	"0.0015"	"2"	""		"22476.68"	"45789.14"	"5d5.(4D).6s"	"5D"	"4"	""	"*"	"5"		""	"L153"	
"429.1345"	"429.1345"	"0.0015"	"10"	""		"18280.48"	"41583.20"	"5d5.(6S).6s"	"5S"	"2"	""	"*"	"2"		""	"L153"	
"429.1737"	"429.1755"	"0.0015"	"2"	""		"33201.61"	"56502.10"	"5d5.(2G2).6s"	"3G"	"5"	""	"*"	"4"		""	"L153,L416"	
"429.2709"	"429.2737"	"0.0015"	"3"	""		"30374.20"	"53669.36"	"5d4.6s2"	"3F1"	"2"	""	"*"	"2"		""	"L153"	
"429.3357"	""	""	"1"	""		""	""	""	""	""	""	""	""		""	"L153"	
"429.3938"	"429.3937"	"0.0015"	"4"	""		"16431.31"	"39719.96"	"5d4.6s2"	"3G"	"4"	""	"*"	"4"		""	"L153"	
"429.4318"	"429.4324"	"0.0015"	"2"	""		"27662.52"	"50949.07"	"5d4.6s.(6D).6p"	"5F*"	"2"	""	""	"1"		""	"L153"	
"429.4488"	""	""	"2"	""		""	""	""	""	""	""	""	""		""	"L153"	
"429.4743"	""	""	"3"	""		""	""	""	""	""	""	""	""		""	"L153"	
"429.5305"	"429.5308"	"0.0015"	"30"	""		"13307.10"	"36588.32"	"5d4.6s2"	"3P2"	"1"	""	"*"	"0"		""	"L153"	
"429.5814"	"429.5813"	"0.0015"	"800"	"1.24e+07"	A	"2951.29"	"26229.77"	"5d5.(6S).6s"	"7S"	"3"	"5d5.(6S).6p"	"7P*"	"2"		"T6977"	"L153"	
"429.6204"	"429.6201"	"0.0015"	"12"	""		"19256.24"	"42532.62"	"5d5.(4G).6s"	"5G"	"4"	""	"*"	"4"		""	"L153"	
"429.6891"	"429.6871"	"0.0015"	"6"	""		"23982.80"	"47255.55"	"5d5.(4D).6s"	"5D"	"2"	""	"*"	"1"		""	"L153"	
"429.8349"	"429.8371"	"0.0015"	"3"	""		"29853.66"	"53118.29"	"5d5.(4F).6s"	"5F"	"4"	""	"*"	"4"		""	"L153"	
"429.9069"	"429.9119"	"0.0015"	"3w"	""		"19253.56"	"42514.14"	"5d4.6s2"	"3P2"	"2"	""	"*"	"3"		""	"L153"	
"429.9619"	"429.9614"	"0.0015"	"10"	""		"19256.24"	"42514.14"	"5d5.(4G).6s"	"5G"	"4"	""	"*"	"3"		""	"L153"	
"430.3320"	"430.3313"	"0.0015"	"200"	"3.6e+06"	B	"2951.29"	"26189.20"	"5d5.(6S).6s"	"7S"	"3"	"5d4.6s.(6D).6p"	"7D*"	"3"		"T4976"	"L153"	
"430.4107"	"430.4137"	"0.0015"	"4"	""		"27889.68"	"51123.14"	"5d5.(6S).6p"	"7P*"	"4"	"5d4.6s.(6D).7s"	"5D"	"4"		""	"L153"	
"430.4739"	"430.4741"	"0.0015"	"3"	""		"14976.18"	"38206.38"	"5d4.6s2"	"3D"	"2"	""	"*"	"3"		""	"L153"	
"430.6145"	"430.6141"	"0.0015"	"3"	""		"17701.18"	"40923.83"	"5d4.6s2"	"3F2"	"3"	""	"*"	"3"		""	"L153"	
"430.6529"	""	""	"3"	""		""	""	""	""	""	""	""	""		""	"L153"	
"430.6825"	"430.6827"	"0.0015"	"10"	""		"18280.48"	"41499.43"	"5d5.(6S).6s"	"5S"	"2"	""	"*"	"3"		""	"L153"	
"430.7536"	"430.7541"	"0.0015"	"4"	""		"16431.31"	"39646.41"	"5d4.6s2"	"3G"	"4"	""	"*"	"3"		""	"L153"	
"430.8081"	"430.8089"	"0.0015"	"60"	""		"24763.39"	"47975.54"	"5d4.6s.(6D).6p"	"7F*"	"4"	"5d4.6s.(6D).7s"	"7D"	"4"		""	"L153"	
"430.8850"	"430.8848"	"0.0015"	"50"	"5.4e+06"	B	"19826.04"	"43034.10"	"5d4.6s2"	"3G"	"5"	""	"*"	"5"		"T6977"	"L153"	
"430.9708"	"430.9695"	"0.0015"	"4"	""		"33370.04"	"56573.54"	"5d4.6s.(6D).6p"	"5F*"	"5"	""	""	"5"		""	"L153"	
"431.0156"	"431.0157"	"0.0015"	"15"	""		"22476.68"	"45677.69"	"5d5.(4D).6s"	"5D"	"4"	""	"*"	"3"		""	"L153"	
"431.0472"	"431.0464"	"0.0015"	"4w"	""		"30586.64"	"53786.00"	"5d4.6s.(6D).6p"	"5P*"	"3"	""	""	"4"		""	"L153"	
"431.1076"	"431.1081"	"0.0015"	"8"	""		"19253.56"	"42449.60"	"5d4.6s2"	"3P2"	"2"	""	"*"	"2"		""	"L153"	
"431.1460"	"431.1460"	"0.0015"	"20"	""		"19256.24"	"42450.24"	"5d5.(4G).6s"	"5G"	"4"	""	"*"	"4"		""	"L153"	
"431.2297"	"431.2302"	"0.0015"	"6"	""		"15069.93"	"38259.40"	"5d4.6s2"	"3H"	"5"	""	"*"	"4"		""	"L153"	
"431.2503"	""	""	"3"	""		""	""	""	""	""	""	""	""		""	"L153"	
"431.3549"	"431.3554"	"0.0015"	"15"	""		"16431.31"	"39614.05"	"5d4.6s2"	"3G"	"4"	""	"*"	"5"		""	"L153"	
"431.5637"	"431.5667"	"0.0015"	"2"	""		"32217.91"	"55389.30"	""	""	"3"	""	"*"	"3"		""	"L153,L416"	
"431.5838"	"431.5820"	"0.0015"	"1"	""		"27778.50"	"50949.07"	"5d4.6s.(6D).6p"	"5D*"	"1"	""	""	"1"		""	"L153"	
"431.6451"	"431.6444"	"0.0015"	"6"	""		"17701.18"	"40868.40"	"5d4.6s2"	"3F2"	"3"	""	"*"	"2"		""	"L153"	
"431.6700"	""	""	"3"	""		""	""	""	""	""	""	""	""		""	"L153"	
"431.7788"	""	""	"2"	""		""	""	""	""	""	""	""	""		""	"L153"	
"431.8016"	"431.8035"	"0.0015"	"20"	""		"23455.02"	"46613.70"	"5d5.(4D).6s"	"5D"	"1"	""	"*"	"0"		""	"L153"	
"431.8864"	""	""	"2"	""		""	""	""	""	""	""	""	""		""	"L153"	
"431.9785"	"431.9781"	"0.0015"	"8"	""		"23930.08"	"47079.40"	"5d5.(4D).6s"	"5D"	"3"	""	"*"	"2"		""	"L153"	
"431.9975"	""	""	"4"	""		""	""	""	""	""	""	""	""		""	"L153"	
"432.1080"	""	""	"4"	""		""	""	""	""	""	""	""	""		""	"L153"	
"432.1694"	"432.1702"	"0.0015"	"3"	""		"29853.66"	"52992.69"	"5d5.(4F).6s"	"5F"	"4"	""	"*"	"4"		""	"L153"	
"432.2200"	""	""	"3"	""		""	""	""	""	""	""	""	""		""	"L153"	
"432.3339"	""	""	"2"	""		""	""	""	""	""	""	""	""		""	"L153"	
"432.3956"	"432.3958"	"0.0015"	"12"	""		"17107.01"	"40233.97"	"5d4.6s2"	"3F2"	"4"	""	"*"	"4"		""	"L153"	
"432.4496"	""	""	"4"	""		""	""	""	""	""	""	""	""		""	"L153"	
"432.8177"	"432.8182"	"0.0015"	"4"	""		"26861.64"	"49966.03"	"5d5.(2F1).6s"	"3F"	"2"	""	"*"	"3"		""	"L153"	
"432.8617"	"432.8618"	"0.0015"	"3"	""		"27849.80"	"50951.86"	"5d5.(2I).6s"	"3I"	"5"	""	"*"	"6"		""	"L153"	
"432.9625"	"432.9632"	"0.0015"	"2"	""		"13777.71"	"36874.36"	"5d4.6s2"	"3F2"	"2"	""	"*"	"3"		""	"L153"	
"432.9999"	""	""	"1w"	""		""	""	""	""	""	""	""	""		""	"L153"	
"433.1524"	"433.1524"	"0.0015"	"2"	""		"28198.90"	"51285.46"	"5d4.6s.(6D).6p"	"5P*"	"1"	""	""	"0"		""	"L153"	
"433.1876"	"433.1873"	"0.0015"	"20"	""		"19826.04"	"42910.74"	"5d4.6s2"	"3G"	"5"	""	"*"	"4"		""	"L153"	
"433.2185"	"433.2181"	"0.0015"	"30"	""		"19827.68"	"42910.74"	"5d5.(4P).6s"	"5P"	"3"	""	"*"	"4"		""	"L153"	
"433.2838"	""	""	"2w"	""		""	""	""	""	""	""	""	""		""	"L153"	
"433.3348"	"433.3343"	"0.0015"	"25"	""		"14976.18"	"38053.05"	"5d4.6s2"	"3D"	"2"	""	"*"	"3"		""	"L153"	
"433.3754"	"433.3762"	"0.0015"	"4"	""		"22476.68"	"45551.32"	"5d5.(4D).6s"	"5D"	"4"	""	"*"	"3"		""	"L153"	
"433.4978"	""	""	"2"	""		""	""	""	""	""	""	""	""		""	"L153"	
"433.7545"	""	""	"4w"	""		""	""	""	""	""	""	""	""		""	"L153"	
"433.8850"	""	""	"3"	""		""	""	""	""	""	""	""	""		""	"L153"	
"433.9433"	"433.9421"	"0.0015"	"3"	""		"18082.83"	"41127.38"	"5d4.6s2"	"3D"	"1"	""	"*"	"0"		""	"L153"	
"433.9508"	"433.9509"	"0.0015"	"4"	""		"29139.12"	"52183.20"	"5d4.6s.(6D).6p"	"5F*"	"3"	""	""	"2"		""	"L153"	
"433.9947"	"433.9948"	"0.0015"	"3"	"6.e+03"	E	"3325.53"	"26367.28"	"5d4.6s2"	"5D"	"2"	""	"*"	"2"		"T4976"	"L153"	
"434.0290"	"434.0285"	"0.0015"	"8"	""		"19826.04"	"42866.00"	"5d4.6s2"	"3G"	"5"	""	"*"	"5"		""	"L153"	
"434.0666"	"434.0658"	"0.0015"	"15"	""		"20983.02"	"44021.00"	"5d5.(4P).6s"	"5P"	"2"	""	"*"	"3"		""	"L153"	
"434.1490"	""	""	"2"	""		""	""	""	""	""	""	""	""		""	"L153"	
"434.212"	"434.2110"	"0.0015"	"2w"	""		"24789.66"	"47819.94"	"5d4.6s2"	"1D2"	"2"	""	"*"	"1"		""	"L153"	
"434.2344"	""	""	"4"	""		""	""	""	""	""	""	""	""		""	"L153"	
"434.283"	""	""	"3"	""		""	""	""	""	""	""	""	""		""	"L153"	
"434.375"	"434.3749"	"0.0015"	"1"	""		"23484.78"	"46506.37"	"5d4.6s2"	"1I"	"6"	""	"*"	"5"		""	"L153"	
"434.4002"	""	""	"6"	""		""	""	""	""	""	""	""	""		""	"L153"	
"434.4754"	"434.4747"	"0.0015"	"2"	""		"22852.80"	"45869.10"	"5d4.6s2"	"1G2"	"4"	""	"*"	"4"		""	"L153"	
"434.5597"	"434.5604"	"0.0015"	"3"	""		"32378.40"	"55390.16"	"5d5.(2D3).6s"	"3D"	"1"	""	"*"	"2"		""	"L153"	
"434.5855"	""	""	"4"	""		""	""	""	""	""	""	""	""		""	"L153"	
"434.6184"	"434.6175"	"0.0015"	"8"	""		"19253.56"	"42262.30"	"5d4.6s2"	"3P2"	"2"	""	"*"	"1"		""	"L153"	
"434.7050"	"434.7049"	"0.0015"	"20"	"4.3e+06"	C	"18974.51"	"41978.62"	"5d5.(4G).6s"	"5G"	"3"	""	"*"	"2"		"T6977"	"L153"	
"434.7502"	"434.7493"	"0.0015"	"6"	""		"23930.08"	"46931.84"	"5d5.(4D).6s"	"5D"	"3"	""	"*"	"4"		""	"L153"	
"434.8199"	"434.8214"	"0.0015"	"30"	"4.1e+06"	B	"19253.56"	"42251.51"	"5d4.6s2"	"3P2"	"2"	""	"*"	"3"		"T6977"	"L153"	
"434.8717"	"434.8720"	"0.0015"	"20"	"2.62e+06"	B	"19256.24"	"42251.51"	"5d5.(4G).6s"	"5G"	"4"	""	"*"	"3"		"T6977"	"L153"	
"434.9330"	"434.9301"	"0.0015"	"20"	"1.45e+07"	B	"20983.02"	"43975.22"	"5d5.(4P).6s"	"5P"	"2"	""	"*"	"2"		"T6977"	"L153"	
"435.0149"	"435.0156"	"0.0015"	"1"	""		"18116.84"	"41104.52"	"5d5.(4G).6s"	"5G"	"2"	""	"*"	"2"		""	"L153"	
"435.0218"	"435.0217"	"0.0015"	"5"	""		"29195.84"	"52183.20"	"5d4.6s.(6D).6p"	"5D*"	"2"	""	""	"2"		""	"L153"	
"435.2320"	""	""	"2w"	""		""	""	""	""	""	""	""	""		""	"L153"	
"435.2559"	"435.2563"	"0.0015"	"2w"	""		"22476.68"	"45451.65"	"5d5.(4D).6s"	"5D"	"4"	""	"*"	"5"		""	"L153"	
"435.3333"	"435.3319"	"0.0015"	"2w"	""		"37414.11"	"60385.09"	""	""	"3"	""	"*"	"4"		""	"L153,L416"	
"435.432"	""	""	"10"	""		""	""	""	""	""	""	""	""		""	"L153"	
"435.451"	"435.4515"	"0.0015"	"8"	""		"17701.18"	"40665.85"	"5d4.6s2"	"3F2"	"3"	""	"*"	"3"		""	"L153"	
"435.594"	"435.5947"	"0.0015"	"6"	""		"29479.32"	"52436.44"	"5d4.6s2"	"3F1"	"4"	""	"*"	"4"		""	"L153"	
"435.612"	"435.6108"	"0.0015"	"6"	""		"27849.80"	"50806.07"	"5d5.(2I).6s"	"3I"	"5"	""	"*"	"5"		""	"L153"	
"435.6390"	"435.6384"	"0.0015"	"40"	"5.1e+05"	B	"12161.96"	"35116.78"	"5d4.6s2"	"3H"	"4"	""	"*"	"4"		"T4976"	"L153"	
"436.060"	"436.0610"	"0.0015"	"2"	""		"33569.53"	"56502.10"	""	""	"4"	""	"*"	"4"		""	"L153,L416"	
"436.0888"	"436.0873"	"0.0015"	"3"	""		"15069.93"	"38001.12"	"5d4.6s2"	"3H"	"5"	""	"*"	"4"		""	"L153"	
"436.2292"	"436.2292"	"0.0015"	"10"	""		"27213.82"	"50137.55"	"5d5.(2F1).6s"	"3F"	"4"	""	"*"	"5"		""	"L153"	
"436.2760"	"436.2770"	"0.0015"	"8"	""		"31389.08"	"54310.30"	"5d5.(4G).6s"	"3G"	"5"	""	"*"	"5"		""	"L153"	
"436.3040"	"436.3042"	"0.0015"	"25"	"1.64e+05"	B	"6219.33"	"29139.12"	"5d4.6s2"	"5D"	"4"	"5d4.6s.(6D).6p"	"5F*"	"3"		"T4976"	"L153"	
"436.3454"	""	""	"3"	""		""	""	""	""	""	""	""	""		""	"L153"	
"436.3896"	"436.3910"	"0.0015"	"3"	""		"19535.01"	"42450.24"	"5d5.(4G).6s"	"5G"	"5"	""	"*"	"4"		""	"L153"	
"436.4980"	"436.4982"	"0.0015"	"3"	""		"20983.02"	"43892.62"	"5d5.(4P).6s"	"5P"	"2"	""	"*"	"1"		""	"L153"	
"436.563"	"436.5634"	"0.0015"	"3"	""		"35299.82"	"58206.00"	""	""	"4"	""	"*"	"3"		""	"L153,L416"	
"436.6005"	"436.6004"	"0.0015"	"40"	"1.8e+05"	C	"3325.53"	"26229.77"	"5d4.6s2"	"5D"	"2"	"5d5.(6S).6p"	"7P*"	"2"		"T4976"	"L153"	
"436.7181"	"436.7188"	"0.0015"	"15"	""		"28392.70"	"51290.73"	"5d5.(2I).6s"	"3I"	"6"	""	"*"	"5"		""	"L153"	
"436.7300"	"436.7302"	"0.0015"	"20"	""		"18974.51"	"41871.94"	"5d5.(4G).6s"	"5G"	"3"	""	"*"	"4"		""	"L153"	
"436.7573"	"436.7577"	"0.0015"	"6"	""		"13777.71"	"36673.70"	"5d4.6s2"	"3F2"	"2"	""	"*"	"2"		""	"L153"	
"436.9990"	"436.9982"	"0.0015"	"12"	""		"13307.10"	"36190.49"	"5d4.6s2"	"3P2"	"1"	""	"*"	"1"		""	"L153"	
"437.0273"	"437.0268"	"0.0015"	"10"	""		"17701.18"	"40583.07"	"5d4.6s2"	"3F2"	"3"	""	"*"	"4"		""	"L153"	
"437.2023"	"437.2019"	"0.0015"	"5"	""		"23455.02"	"46327.75"	"5d5.(4D).6s"	"5D"	"1"	""	"*"	"2"		""	"L153"	
"437.2960"	"437.2957"	"0.0015"	"10"	""		"20983.02"	"43850.84"	"5d5.(4P).6s"	"5P"	"2"	""	"*"	"3"		""	"L153"	
"437.3751"	"437.3751"	"0.0015"	"40"	"1.1e+05"	B	"3325.53"	"26189.20"	"5d4.6s2"	"5D"	"2"	"5d4.6s.(6D).6p"	"7D*"	"3"		"T4976"	"L153"	
"437.4292"	""	""	"3w"	""		""	""	""	""	""	""	""	""		""	"L153"	
"437.8690"	"437.8682"	"0.0015"	"1"	""		"26861.64"	"49699.56"	"5d5.(2F1).6s"	"3F"	"2"	""	"*"	"2"		""	"L153"	
"437.9714"	"437.9718"	"0.0015"	"50"	"3.48e+05"	B	"4830.00"	"27662.52"	"5d4.6s2"	"5D"	"3"	"5d4.6s.(6D).6p"	"5F*"	"2"		"T4976"	"L153"	
"438.0278"	"438.0251"	"0.0015"	"2"	""		"34302.04"	"57131.78"	"5d5.(2G2).6s"	"3G"	"4"	""	"*"	"3"		""	"L153"	
"438.1349"	"438.1341"	"0.0015"	"12*"	""		"27670.48"	"50494.54"	"5d5.(4F).6s"	"5F"	"1"	""	"*"	"2"		""	"L153"	
"438.1349"	"438.1345"	"0.0015"	"12*"	""		"18280.48"	"41104.52"	"5d5.(6S).6s"	"5S"	"2"	""	"*"	"2"		""	"L153"	
"438.3093"	"438.3127"	"0.0015"	"5"	""		"32217.91"	"55032.67"	""	""	"3"	""	"*"	"2"		""	"L153,L416"	
"438.6082"	"438.6082"	"0.0015"	"40"	"3.1e+06"	C	"15460.01"	"38259.40"	"5d4.6s2"	"3D"	"3"	""	"*"	"4"		"T6977"	"L153"	
"438.6400"	"438.6392"	"0.0015"	"5*"	""		"14976.18"	"37773.96"	"5d4.6s2"	"3D"	"2"	""	"*"	"1"		""	"L153"	
"438.6400"	"438.6404"	"0.0015"	"5*"	""		"29139.12"	"51936.84"	"5d4.6s.(6D).6p"	"5F*"	"3"	""	""	"2"		""	"L153"	
"438.8002"	"438.7988"	"0.0015"	"15"	"8.4e+06"	B	"20427.84"	"43217.33"	"5d5.(4P).6s"	"5P"	"1"	""	"*"	"1"		"T6977"	"L153"	
"438.8683"	"438.8685"	"0.0015"	"2"	""		"22476.68"	"45262.55"	"5d5.(4D).6s"	"5D"	"4"	""	"*"	"4"		""	"L153"	
"439.1070"	"439.1067"	"0.0015"	"20"	"2.06e+06"	B	"19827.68"	"42601.19"	"5d5.(4P).6s"	"5P"	"3"	""	"*"	"3"		"T6977"	"L153"	
"439.2349"	""	""	"3"	""		""	""	""	""	""	""	""	""		""	"L153"	
"439.3744"	"439.3746"	"0.0015"	"1"	""		"18974.51"	"41734.13"	"5d5.(4G).6s"	"5G"	"3"	""	"*"	"2"		""	"L153"	
"439.5308"	"439.5303"	"0.0015"	"30"	"3.2e+06"	B	"18116.84"	"40868.40"	"5d5.(4G).6s"	"5G"	"2"	""	"*"	"2"		"T6977"	"L153"	
"439.5744"	"439.5738"	"0.0015"	"3"	""		"24610.88"	"47360.19"	"5d4.6s2"	"1F"	"3"	""	"*"	"4"		""	"L153"	
"439.6312"	"439.6306"	"0.0015"	"10"	""		"15460.01"	"38206.38"	"5d4.6s2"	"3D"	"3"	""	"*"	"3"		""	"L153"	
"439.8753"	"439.8748"	"0.0015"	"3"	"3.3e+04"	E	"13348.56"	"36082.30"	"5d4.6s2"	"3G"	"3"	""	"*"	"4"		"T4976"	"L153"	
"439.9505"	"439.9530"	"0.0015"	"2w"	""		"31389.08"	"54118.78"	"5d5.(4G).6s"	"3G"	"5"	""	"*"	"4"		""	"L153"	
"439.9934"	""	""	"1"	""		""	""	""	""	""	""	""	""		""	"L153"	
"440.0086"	"440.0070"	"0.0015"	"2"	""		"24610.88"	"47337.79"	"5d4.6s2"	"1F"	"3"	""	"*"	"2"		""	"L153"	
"440.0430"	"440.0428"	"0.0015"	"1"	""		"19253.56"	"41978.62"	"5d4.6s2"	"3P2"	"2"	""	"*"	"2"		""	"L153"	
"440.0553"	"440.0521"	"0.0015"	"1"	""		"28347.60"	"51072.18"	"5d5.(4F).6s"	"5F"	"3"	""	"*"	"3"		""	"L153"	
"440.1439"	"440.1441"	"0.0015"	"12"	"1.12e+06"	C	"18974.51"	"41694.34"	"5d5.(4G).6s"	"5G"	"3"	""	"*"	"3"		"T6977"	"L153"	
"440.2086"	""	""	"2"	""		""	""	""	""	""	""	""	""		""	"L153"	
"440.2552"	""	""	"2"	""		""	""	""	""	""	""	""	""		""	"L153"	
"440.3889"	"440.3870"	"0.0016"	"3"	""		"28198.90"	"50906.20"	"5d4.6s.(6D).6p"	"5P*"	"1"	""	""	"1"		""	"L153c23"	
"440.4511"	"440.4501"	"0.0016"	"6"	""		"19535.01"	"42239.06"	"5d5.(4G).6s"	"5G"	"5"	""	"*"	"6"		""	"L153"	
"440.5184"	"440.5182"	"0.0016"	"40"	""		"17008.50"	"39709.04"	"5d4.6s2"	"3H"	"6"	"5d4.6s.(4H).6p"	"5H*"	"7"		""	"L153"	
"440.5695"	"440.5694"	"0.0016"	"4"	""		"14976.18"	"37674.08"	"5d4.6s2"	"3D"	"2"	""	"*"	"3"		""	"L153"	
"440.6261"	"440.6263"	"0.0016"	"3"	""		"23930.08"	"46625.05"	"5d5.(4D).6s"	"5D"	"3"	""	"*"	"4"		""	"L153"	
"440.7234"	"440.7243"	"0.0016"	"1"	""		"28204.20"	"50894.12"	"5d5.(4F).6s"	"5F"	"2"	""	"*"	"3"		""	"L153"	
"440.7628"	"440.7626"	"0.0016"	"8"	""		"18082.83"	"40770.78"	"5d4.6s2"	"3D"	"1"	""	"*"	"1"		""	"L153"	
"440.7914"	"440.7916"	"0.0016"	"4"	""		"19827.68"	"42514.14"	"5d5.(4P).6s"	"5P"	"3"	""	"*"	"3"		""	"L153"	
"440.812"	""	""	"2"	""		""	""	""	""	""	""	""	""		""	"L153"	
"440.9520"	"440.9521"	"0.0016"	"50"	""		"26676.48"	"49354.68"	"5d4.6s.(6D).6p"	"7F*"	"5"	"5d4.6s.(6D).7s"	"7D"	"5"		""	"L153"	
"440.9944"	"440.9943"	"0.0016"	"8"	""		"28233.44"	"50909.47"	"5d5.(4F).6s"	"5F"	"5"	""	"*"	"4"		""	"L153"	
"441.1185"	""	""	"2"	""		""	""	""	""	""	""	""	""		""	"L153"	
"441.3427"	"441.3431"	"0.0016"	"40*"	""		"4830.00"	"27488.11"	"5d4.6s2"	"5D"	"3"	"5d5.(6S).6p"	"7P*"	"3"		""	"L153"	
"441.3427"	"441.3439"	"0.0016"	"40*"	""		"3325.53"	"25983.60"	"5d4.6s2"	"5D"	"2"	"5d4.6s.(6D).6p"	"5F*"	"1"		""	"L153"	
"441.4245"	"441.4243"	"0.0016"	"5"	""		"18116.84"	"40770.78"	"5d5.(4G).6s"	"5G"	"2"	""	"*"	"1"		""	"L153"	
"441.4479"	"441.4485"	"0.0016"	"2"	""		"26861.64"	"49514.34"	"5d5.(2F1).6s"	"3F"	"2"	""	"*"	"3"		""	"L153"	
"441.5100"	"441.5089"	"0.0016"	"4"	""		"23455.02"	"46104.62"	"5d5.(4D).6s"	"5D"	"1"	""	"*"	"1"		""	"L153"	
"441.6315"	"441.6308"	"0.0016"	"25"	""		"18280.48"	"40923.83"	"5d5.(6S).6s"	"5S"	"2"	""	"*"	"3"		""	"L153"	
"441.6943"	"441.6944"	"0.0016"	"12"	""		"22476.68"	"45116.77"	"5d5.(4D).6s"	"5D"	"4"	""	"*"	"4"		""	"L153"	
"441.9682"	"441.9686"	"0.0016"	"15"	""		"20427.84"	"43053.88"	"5d5.(4P).6s"	"5P"	"1"	""	"*"	"0"		""	"L153"	
"442.0052"	"442.0046"	"0.0016"	"6"	""		"19826.04"	"42450.24"	"5d4.6s2"	"3G"	"5"	""	"*"	"4"		""	"L153"	
"442.0488"	"442.0491"	"0.0016"	"12"	""		"19827.68"	"42449.60"	"5d5.(4P).6s"	"5P"	"3"	""	"*"	"2"		""	"L153"	
"442.1704"	"442.1707"	"0.0016"	"40"	""		"19256.24"	"41871.94"	"5d5.(4G).6s"	"5G"	"4"	""	"*"	"4"		""	"L153"	
"442.2239"	"442.2245"	"0.0016"	"20"	""		"17107.01"	"39719.96"	"5d4.6s2"	"3F2"	"4"	""	"*"	"4"		""	"L153"	
"442.3078"	"442.3078"	"0.0016"	"15"	""		"18974.51"	"41583.20"	"5d5.(4G).6s"	"5G"	"3"	""	"*"	"2"		""	"L153"	
"442.3689"	"442.3692"	"0.0016"	"3"	""		"17008.50"	"39614.05"	"5d4.6s2"	"3H"	"6"	""	"*"	"5"		""	"L153"	
"442.4749"	"442.4736"	"0.0016"	"2s"	""		"22773.78"	"45374.00"	"5d5.(4D).6s"	"5D"	"0"	""	"*"	"1"		""	"L153"	
"442.5011"	"442.5004"	"0.0016"	"20"	""		"22852.80"	"45451.65"	"5d4.6s2"	"1G2"	"4"	""	"*"	"5"		""	"L153"	
"442.6131"	"442.6142"	"0.0016"	"8"	""		"15460.01"	"38053.05"	"5d4.6s2"	"3D"	"3"	""	"*"	"3"		""	"L153"	
"442.7155"	"442.7145"	"0.0016"	"30"	"2.81e+06"	B	"18280.48"	"40868.40"	"5d5.(6S).6s"	"5S"	"2"	""	"*"	"2"		"T6977"	"L153"	
"442.8609"	"442.8608"	"0.0016"	"8"	""		"29479.32"	"52059.78"	"5d4.6s2"	"3F1"	"4"	""	"*"	"4"		""	"L153"	
"442.9719"	"442.9726"	"0.0016"	"6"	""		"27213.82"	"49788.58"	"5d5.(2F1).6s"	"3F"	"4"	""	"*"	"4"		""	"L153"	
"443.2074"	"443.2100"	"0.0016"	"2*"	""		"32826.63"	"55389.30"	""	""	"3"	""	"*"	"3"		""	"L153c23"	
"443.2074"	"443.2111"	"0.0016"	"2*"	""		"32378.40"	"54941.01"	"5d5.(2D3).6s"	"3D"	"1"	""	"*"	"1"		""	"L153"	
"443.2766"	"443.2789"	"0.0016"	"3"	""		"28392.70"	"50951.86"	"5d5.(2I).6s"	"3I"	"6"	""	"*"	"6"		""	"L153"	
"443.3207"	""	""	"2"	""		""	""	""	""	""	""	""	""		""	"L153"	
"443.3419"	"443.3434"	"0.0016"	"10"	""		"33291.80"	"55847.68"	"5d5.(2I).6s"	"1I"	"6"	""	"*"	"6"		""	"L153"	
"443.4727"	"443.4737"	"0.0016"	"1w*"	""		"33952.85"	"56502.10"	"5d5.(4D).6s"	"3D"	"3"	""	"*"	"4"		""	"L153c23"	
"443.4727"	"443.4784"	"0.0016"	"1w*"	""		"18116.84"	"40665.85"	"5d5.(4G).6s"	"5G"	"2"	""	"*"	"3"		""	"L153"	
"443.4879"	""	""	"2"	""		""	""	""	""	""	""	""	""		""	"L153"	
"443.6347"	"443.6339"	"0.0016"	"3w"	""		"15460.01"	"38001.12"	"5d4.6s2"	"3D"	"3"	""	"*"	"4"		""	"L153"	
"443.668"	"443.6675"	"0.0016"	"4w"	""		"17107.01"	"39646.41"	"5d4.6s2"	"3F2"	"4"	""	"*"	"3"		""	"L153"	
"443.6978"	"443.6978"	"0.0016"	"10"	""		"22476.68"	"45014.54"	"5d5.(4D).6s"	"5D"	"4"	""	"*"	"3"		""	"L153"	
"443.8144"	"443.8142"	"0.0016"	"40"	""		"23964.67"	"46496.62"	"5d4.6s.(6D).6p"	"7D*"	"2"	"5d4.6s.(6D).7s"	"7D"	"3"		""	"L153"	
"443.9530"	"443.9527"	"0.0016"	"25"	"1.83e+06"	B	"18974.51"	"41499.43"	"5d5.(4G).6s"	"5G"	"3"	""	"*"	"3"		"T6977"	"L153"	
"444.0955"	"444.0951"	"0.0016"	"12"	""		"29460.98"	"51978.68"	"5d5.(2I).6s"	"3I"	"7"	""	"*"	"6"		""	"L153"	
"444.3055"	"444.3054"	"0.0016"	"20"	""		"17107.01"	"39614.05"	"5d4.6s2"	"3F2"	"4"	""	"*"	"5"		""	"L153"	
"444.3690"	"444.3686"	"0.0016"	"3w*"	""		"35299.82"	"57803.66"	""	""	"4"	""	"*"	"4"		""	"L153c23"	
"444.3690"	"444.3718"	"0.0016"	"3w*"	""		"33291.80"	"55795.48"	"5d5.(2I).6s"	"1I"	"6"	""	"*"	"5"		""	"L153"	
"444.5314"	"444.5322"	"0.0016"	"4"	""		"20983.02"	"43478.58"	"5d5.(4P).6s"	"5P"	"2"	""	"*"	"3"		""	"L153"	
"444.5688"	"444.5703"	"0.0016"	"6"	""		"23964.67"	"46458.30"	"5d4.6s.(6D).6p"	"7D*"	"2"	"5d4.6s.(6D).7s"	"5D"	"1"		""	"L153"	
"444.6391"	"444.6397"	"0.0016"	"30"	""		"14976.18"	"37466.30"	"5d4.6s2"	"3D"	"2"	""	"*"	"2"		""	"L153"	
"444.8295"	"444.8286"	"0.0016"	"1"	""		"19253.56"	"41734.13"	"5d4.6s2"	"3P2"	"2"	""	"*"	"2"		""	"L153"	
"445.0249"	"445.0252"	"0.0016"	"40"	""		"12161.96"	"34632.60"	"5d4.6s2"	"3H"	"4"	""	"*"	"4"		""	"L153"	
"445.1589"	"445.1589"	"0.0016"	"20"	""		"22476.68"	"44940.57"	"5d5.(4D).6s"	"5D"	"4"	""	"*"	"4"		""	"L153"	
"445.3266"	"445.3276"	"0.0016"	"4w"	""		"23930.08"	"46385.46"	"5d5.(4D).6s"	"5D"	"3"	""	"*"	"3"		""	"L153"	
"445.4858"	"445.4847"	"0.0016"	"2"	""		"23455.02"	"45902.48"	"5d5.(4D).6s"	"5D"	"1"	""	"*"	"2"		""	"L153"	
"445.6709"	"445.6705"	"0.0016"	"20"	"1.33e+06"	C	"19256.24"	"41694.34"	"5d5.(4G).6s"	"5G"	"4"	""	"*"	"3"		"T6977"	"L153"	
"445.7347"	"445.7353"	"0.0016"	"15"	""		"27849.80"	"50284.64"	"5d5.(2I).6s"	"3I"	"5"	""	"*"	"4"		""	"L153"	
"445.9337"	"445.9337"	"0.0016"	"20"	"4.2e+05"	C	"13307.10"	"35731.96"	"5d4.6s2"	"3P2"	"1"	""	"*"	"2"		"T4976"	"L153"	
"445.9535"	"445.9541"	"0.0016"	"10"	"1.14e+06"	B	"19827.68"	"42251.51"	"5d5.(4P).6s"	"5P"	"3"	""	"*"	"3"		"T6977"	"L153"	
"445.9774"	"445.9766"	"0.0016"	"1wl"	""		"27213.82"	"49636.52"	"5d5.(2F1).6s"	"3F"	"4"	""	"*"	"4"		""	"L153"	
"446.1738"	"446.1740"	"0.0016"	"40"	"2.93e+06"	B	"13777.71"	"36190.49"	"5d4.6s2"	"3F2"	"2"	""	"*"	"1"		"T6977"	"L153"	
"446.3766"	"446.3756"	"0.0016"	"8"	""		"23982.80"	"46385.46"	"5d5.(4D).6s"	"5D"	"2"	""	"*"	"3"		""	"L153"	
"446.4751"	"446.4750"	"0.0016"	"12"	""		"23930.08"	"46327.75"	"5d5.(4D).6s"	"5D"	"3"	""	"*"	"2"		""	"L153"	
"446.7597"	"446.7597"	"0.0016"	"50"	"1.5e+06"	C	"13348.56"	"35731.96"	"5d4.6s2"	"3G"	"3"	""	"*"	"2"		"T4976"	"L153"	
"446.7996"	""	""	"40"	""		""	""	""	""	""	""	""	""		""	"L153"	
"446.893"	"446.8918"	"0.0016"	"3"	""		"29479.32"	"51856.10"	"5d4.6s2"	"3F1"	"4"	""	"*"	"4"		""	"L153"	
"446.9139"	"446.9166"	"0.0016"	"1"	""		"32957.58"	"55333.12"	""	"*"	"3"	""	""	"4"		""	"L153"	
"447.004"	"447.0013"	"0.0016"	"2"	""		"28347.60"	"50718.90"	"5d5.(4F).6s"	"5F"	"3"	""	"*"	"2"		""	"L153"	
"447.0968"	""	""	"10"	""		""	""	""	""	""	""	""	""		""	"L153"	
"447.3769"	"447.3771"	"0.0014"	"8"	"1.55e+05"	C	"17008.50"	"39361.01"	"5d4.6s2"	"3H"	"6"	""	"*"	"5"		"T4976"	"L153"	
"447.529"	"447.5284"	"0.0014"	"15"	""		"23982.80"	"46327.75"	"5d5.(4D).6s"	"5D"	"2"	""	"*"	"2"		""	"L153"	
"447.690"	"447.6891"	"0.0014"	"4"	""		"19535.01"	"41871.94"	"5d5.(4G).6s"	"5G"	"5"	""	"*"	"4"		""	"L153"	
"447.9080"	"447.9103"	"0.0014"	"4"	""		"28797.24"	"51123.14"	"5d4.6s.(6D).6p"	"7D*"	"4"	"5d4.6s.(6D).7s"	"5D"	"4"		""	"L153"	
"448.0083"	"448.0094"	"0.0014"	"2"	""		"24610.88"	"46931.84"	"5d4.6s2"	"1F"	"3"	""	"*"	"4"		""	"L153"	
"448.0851"	"448.0863"	"0.0014"	"3w"	""		"16431.31"	"38748.44"	"5d4.6s2"	"3G"	"4"	""	"*"	"4"		""	"L153"	
"448.2527"	"448.2530"	"0.0014"	"15"	""		"23982.80"	"46291.63"	"5d5.(4D).6s"	"5D"	"2"	""	"*"	"1"		""	"L153"	
"448.5446"	"448.5435"	"0.0014"	"100*"	""		"1670.29"	"23964.67"	"5d4.6s2"	"5D"	"1"	"5d4.6s.(6D).6p"	"7D*"	"2"		""	"L153"	
"448.5446"	"448.5455"	"0.0014"	"100*"	""		"18116.84"	"40411.12"	"5d5.(4G).6s"	"5G"	"2"	""	"*"	"1"		""	"L153"	
"448.6349"	"448.6369"	"0.0014"	"12c?"	""		"24789.66"	"47079.40"	"5d4.6s2"	"1D2"	"2"	""	"*"	"2"		""	"L153"	
"448.6734"	"448.6770"	"0.0014"	"4c"	""		"27849.80"	"50137.55"	"5d5.(2I).6s"	"3I"	"5"	""	"*"	"5"		""	"L153"	
"448.8415"	"448.8455"	"0.0014"	"4"	""		"30374.20"	"52653.58"	"5d4.6s2"	"3F1"	"2"	""	"*"	"2"		""	"L153"	
"449.0269"	"449.0275"	"0.0014"	"25"	""		"29912.85"	"52183.20"	"5d4.6s.(6D).6p"	"5D*"	"3"	""	""	"2"		""	"L153"	
"449.1562"	"449.1562"	"0.0014"	"2c"	""		"22852.80"	"45116.77"	"5d4.6s2"	"1G2"	"4"	""	"*"	"4"		""	"L153"	
"449.3558"	"449.3574"	"0.0014"	"15"	"3.6e+05"	C	"17107.01"	"39361.01"	"5d4.6s2"	"3F2"	"4"	""	"*"	"5"		"T4976"	"L153"	
"449.5219"	"449.5216"	"0.0014"	"20"	"2.80e+06"	B	"19253.56"	"41499.43"	"5d4.6s2"	"3P2"	"2"	""	"*"	"3"		"T6977"	"L153"	
"449.5438"	"449.5465"	"0.0014"	"1"	""		"20983.02"	"43227.66"	"5d5.(4P).6s"	"5P"	"2"	""	"*"	"2"		""	"L153"	
"449.5758"	"449.5758"	"0.0014"	"50"	"3.00e+06"	B	"19256.24"	"41499.43"	"5d5.(4G).6s"	"5G"	"4"	""	"*"	"3"		"T6977"	"L153"	
"449.6555"	"449.6559"	"0.0014"	"40"	"3.3e+05"	C	"15069.93"	"37309.16"	"5d4.6s2"	"3H"	"5"	""	"*"	"5"		"T4976"	"L153"	
"449.7489"	""	""	"5"	""		""	""	""	""	""	""	""	""		""	"L153"	
"449.8936"	"449.8946"	"0.0014"	"5"	""		"29853.66"	"52081.09"	"5d5.(4F).6s"	"5F"	"4"	""	"*"	"5"		""	"L153"	
"449.9710"	"449.9715"	"0.0014"	"15"	""		"18974.51"	"41198.14"	"5d5.(4G).6s"	"5G"	"3"	""	"*"	"4"		""	"L153"	
"450.0356"	""	""	"3"	""		""	""	""	""	""	""	""	""		""	"L153"	
"450.2366"	"450.2375"	"0.0016"	"3"	""		"26861.64"	"49072.14"	"5d5.(2F1).6s"	"3F"	"2"	""	"*"	"3"		""	"L153"	
"450.3853"	""	""	"4"	""		""	""	""	""	""	""	""	""		""	"L153"	
"450.4399"	"450.4419"	"0.0016"	"3"	""		"33291.80"	"55492.22"	"5d5.(2I).6s"	"1I"	"6"	""	"*"	"5"		""	"L153"	
"450.5396"	"450.5404"	"0.0016"	"30"	""		"24610.88"	"46806.45"	"5d4.6s2"	"1F"	"3"	""	"*"	"2"		""	"L153"	
"450.6102"	"450.6104"	"0.0016"	"60"	"7.0e+05"	B	"12161.96"	"34354.08"	"5d4.6s2"	"3H"	"4"	""	"*"	"3"		"T4976"	"L153"	
"451.0565"	"451.0596"	"0.0016"	"4w"	""		"29430.50"	"51600.52"	""	""	"3"	""	"*"	"3"		""	"L153,L416"	
"451.1018"	"451.1021"	"0.0016"	"2"	""		"27488.11"	"49656.04"	"5d5.(6S).6p"	"7P*"	"3"	"5d4.6s.(6D).7s"	"5D"	"3"		""	"L153"	
"451.1541"	"451.1524"	"0.0016"	"2"	""		"13777.71"	"35943.17"	"5d4.6s2"	"3F2"	"2"	""	"*"	"3"		""	"L153"	
"451.2566"	""	""	"3w"	""		""	""	""	""	""	""	""	""		""	"L153"	
"451.4146"	"451.4161"	"0.0016"	"50"	""		"18116.84"	"40269.35"	"5d5.(4G).6s"	"5G"	"2"	""	"*"	"3"		""	"L153"	
"451.4518"	"451.4481"	"0.0016"	"60*"	""		"19827.68"	"41978.62"	"5d5.(4P).6s"	"5P"	"3"	""	"*"	"2"		""	"L153"	
"451.4518"	"451.4552"	"0.0016"	"60*"	""		"13348.56"	"35499.15"	"5d4.6s2"	"3G"	"3"	""	"*"	"3"		""	"L153"	
"451.5550"	"451.5559"	"0.0016"	"5"	""		"20427.84"	"42573.49"	"5d5.(4P).6s"	"5P"	"1"	""	"*"	"1"		""	"L153"	
"451.7127"	"451.7132"	"0.0016"	"4"	"9.1e+06"	C	"23930.08"	"46068.02"	"5d5.(4D).6s"	"5D"	"3"	""	"*"	"3"		"T6977"	"L153"	
"451.7887"	""	""	"2"	""		""	""	""	""	""	""	""	""		""	"L153"	
"451.8611"	"451.8622"	"0.0016"	"12"	"3.5e+06"	B	"18280.48"	"40411.12"	"5d5.(6S).6s"	"5S"	"2"	""	"*"	"1"		"T6977"	"L153"	
"452.0420"	"452.0424"	"0.0016"	"15"	""		"23982.80"	"46104.62"	"5d5.(4D).6s"	"5D"	"2"	""	"*"	"1"		""	"L153"	
"452.1218"	""	""	"6w"	""		""	""	""	""	""	""	""	""		""	"L153"	
"452.3468"	""	""	"5w"	""		""	""	""	""	""	""	""	""		""	"L153"	
"452.7383"	"452.7392"	"0.0016"	"4"	""		"22852.80"	"44940.57"	"5d4.6s2"	"1G2"	"4"	""	"*"	"4"		""	"L153"	
"452.9713"	"452.9718"	"0.0016"	"2"	"3.8e+04"	D	"15069.93"	"37146.36"	"5d4.6s2"	"3H"	"5"	""	"*"	"4"		"T4976"	"L153"	
"453.1010"	"453.1021"	"0.0016"	"20"	""		"22476.68"	"44546.76"	"5d5.(4D).6s"	"5D"	"4"	""	"*"	"5"		""	"L153"	
"453.1718"	"453.1728"	"0.0016"	"25"	""		"12161.96"	"34228.60"	"5d4.6s2"	"3H"	"4"	""	"*"	"3"		""	"L153"	
"453.5956"	"453.5991"	"0.0016"	"30"	""		"19826.04"	"41871.94"	"5d4.6s2"	"3G"	"5"	""	"*"	"4"		""	"L153"	
"453.6303"	"453.6328"	"0.0016"	"30"	""		"19827.68"	"41871.94"	"5d5.(4P).6s"	"5P"	"3"	""	"*"	"4"		""	"L153"	
"453.6661"	"453.6682"	"0.0016"	"2"	""		"29430.50"	"51473.04"	""	""	"3"	""	"*"	"4"		""	"L153,L416"	
"453.7908"	"453.7930"	"0.0016"	"40"	""		"28392.70"	"50429.18"	"5d5.(2I).6s"	"3I"	"6"	""	"*"	"6"		""	"L153"	
"454.0947"	"454.0963"	"0.0016"	"4"	""		"20427.84"	"42449.60"	"5d5.(4P).6s"	"5P"	"1"	""	"*"	"2"		""	"L153"	
"454.1552"	"454.1578"	"0.0017"	"5"	""		"17701.18"	"39719.96"	"5d4.6s2"	"3F2"	"3"	""	"*"	"4"		""	"L153"	
"454.4147"	"454.4155"	"0.0017"	"30"	""		"15460.01"	"37466.30"	"5d4.6s2"	"3D"	"3"	""	"*"	"2"		""	"L153"	
"454.4519"	"454.4533"	"0.0017"	"8"	""		"13307.10"	"35311.56"	"5d4.6s2"	"3P2"	"1"	""	"*"	"2"		""	"L153"	
"454.4765"	"454.4789"	"0.0017"	"60"	""		"21448.76"	"43451.98"	"5d4.6s.(6D).6p"	"7F*"	"2"	"5d4.6s.(6D).7s"	"7D"	"1"		""	"L153"	
"454.5819"	"454.5851"	"0.0017"	"10"	""		"21453.90"	"43451.98"	"5d4.6s.(6D).6p"	"7D*"	"1"	"5d4.6s.(6D).7s"	"7D"	"1"		""	"L153"	
"454.7744"	"454.7755"	"0.0017"	"50"	""		"18280.48"	"40269.35"	"5d5.(6S).6s"	"5S"	"2"	""	"*"	"3"		""	"L153"	
"455.0785"	"455.0812"	"0.0017"	"6"	""		"27213.82"	"49187.92"	"5d5.(2F1).6s"	"3F"	"4"	""	"*"	"5"		""	"L153"	
"455.1556"	"455.1591"	"0.0017"	"8"	""		"22476.68"	"44447.02"	"5d5.(4D).6s"	"5D"	"4"	""	"*"	"3"		""	"L153"	
"455.3096"	"455.3095"	"0.0017"	"100*"	""		"33370.04"	"55333.12"	"5d4.6s.(6D).6p"	"5F*"	"5"	""	""	"4"		""	"L153"	
"455.3096"	"455.3112"	"0.0017"	"100*"	""		"13348.56"	"35311.56"	"5d4.6s2"	"3G"	"3"	""	"*"	"2"		""	"L153"	
"455.3776"	"455.3792"	"0.0017"	"25"	"1.42e+05"	C	"12161.96"	"34121.68"	"5d4.6s2"	"3H"	"4"	""	"*"	"4"		"T4976"	"L153"	
"455.4915"	"455.4927"	"0.0017"	"6"	""		"13777.71"	"35731.96"	"5d4.6s2"	"3F2"	"2"	""	"*"	"2"		""	"L153"	
"455.5941"	"455.5950"	"0.0017"	"2"	""		"18974.51"	"40923.83"	"5d5.(4G).6s"	"5G"	"3"	""	"*"	"3"		""	"L153"	
"455.6574"	""	""	"4"	""		""	""	""	""	""	""	""	""		""	"L153"	
"455.6805"	"455.6799"	"0.0017"	"3"	""		"17701.18"	"39646.41"	"5d4.6s2"	"3F2"	"3"	""	"*"	"3"		""	"L153"	
"455.7467"	"455.7490"	"0.0017"	"4"	""		"19256.24"	"41198.14"	"5d5.(4G).6s"	"5G"	"4"	""	"*"	"4"		""	"L153"	
"455.8105"	"455.8089"	"0.0017"	"20*"	""		"23930.08"	"45869.10"	"5d5.(4D).6s"	"5D"	"3"	""	"*"	"4"		""	"L153"	
"455.8105"	"455.8139"	"0.0017"	"20*"	""		"27849.80"	"49788.58"	"5d5.(2I).6s"	"3I"	"5"	""	"*"	"4"		""	"L153"	
"456.0221"	"456.0240"	"0.0017"	"12"	"1.06e+06"	B	"18082.83"	"40011.50"	"5d4.6s2"	"3D"	"1"	""	"*"	"2"		"T6977"	"L153"	
"456.0380"	"456.0384"	"0.0017"	"12"	"1.72e+06"	B	"14976.18"	"36904.16"	"5d4.6s2"	"3D"	"2"	""	"*"	"2"		"T6977"	"L153"	
"456.1752"	""	""	"4"	""		""	""	""	""	""	""	""	""		""	"L153"	
"456.4849"	"456.4866"	"0.0017"	"30"	"4.1e+06"	B	"19827.68"	"41734.13"	"5d5.(4P).6s"	"5P"	"3"	""	"*"	"2"		"T6977"	"L153"	
"456.5327"	"456.5353"	"0.0017"	"10"	""		"28233.44"	"50137.55"	"5d5.(4F).6s"	"5F"	"5"	""	"*"	"5"		""	"L153"	
"456.6577"	"456.6590"	"0.0017"	"25"	"1.15e+06"	B	"14976.18"	"36874.36"	"5d4.6s2"	"3D"	"2"	""	"*"	"3"		"T6977"	"L153"	
"456.7311"	"456.7324"	"0.0017"	"1"	""		"18116.84"	"40011.50"	"5d5.(4G).6s"	"5G"	"2"	""	"*"	"2"		""	"L153"	
"456.7478"	"456.7484"	"0.0017"	"8"	""		"18974.51"	"40868.40"	"5d5.(4G).6s"	"5G"	"3"	""	"*"	"2"		""	"L153"	
"456.8846"	""	""	"12"	""		""	""	""	""	""	""	""	""		""	"L153"	
"456.9877"	"456.9860"	"0.0017"	"4"	""		"19535.01"	"41417.52"	"5d5.(4G).6s"	"5G"	"5"	""	"*"	"6"		""	"L153"	
"457.1919"	"457.1932"	"0.0017"	"80*"	""		"34302.04"	"56174.63"	"5d5.(2G2).6s"	"3G"	"4"	""	"*"	"4"		""	"L153c23"	
"457.1919"	"457.1945"	"0.0017"	"80*"	""		"23047.31"	"44919.84"	"5d4.6s.(6D).6p"	"7F*"	"3"	"5d4.6s.(6D).7s"	"7D"	"2"		""	"L153"	
"457.3153"	"457.3172"	"0.0017"	"10"	""		"19827.68"	"41694.34"	"5d5.(4P).6s"	"5P"	"3"	""	"*"	"3"		""	"L153"	
"457.6634"	""	""	"2"	""		""	""	""	""	""	""	""	""		""	"L153"	
"457.6943"	"457.6963"	"0.0017"	"3"	""		"26229.77"	"48078.32"	"5d5.(6S).6p"	"7P*"	"2"	"5d4.6s.(6D).7s"	"5D"	"2"		""	"L153"	
"457.9599"	"457.9606"	"0.0017"	"20"	""		"29460.98"	"51296.92"	"5d5.(2I).6s"	"3I"	"7"	""	"*"	"7"		""	"L153"	
"458.0971"	"458.0970"	"0.0017"	"25"	""		"32828.12"	"54657.56"	"5d4.6s.(6D).6p"	"5D*"	"4"	""	""	"3"		""	"L153"	
"458.1235"	"458.1253"	"0.0017"	"4"	""		"16431.31"	"38259.40"	"5d4.6s2"	"3G"	"4"	""	"*"	"4"		""	"L153"	
"458.2919"	"458.2964"	"0.0017"	"3w"	""		"28898.96"	"50718.90"	"5d4.6s2"	"3P1"	"2"	""	"*"	"2"		""	"L153"	
"458.5529"	"458.5536"	"0.0017"	"3"	""		"31077.80"	"52885.50"	""	""	"2"	""	"*"	"2"		""	"L153,L416"	
"458.5821"	"458.5810"	"0.0017"	"3"	""		"34302.04"	"56108.44"	"5d5.(2G2).6s"	"3G"	"4"	""	"*"	"3"		""	"L153"	
"458.6909"	""	""	"3"	""		""	""	""	""	""	""	""	""		""	"L153"	
"458.8117"	"458.8120"	"0.0017"	"40"	"4.20e+05"	B	"9528.06"	"31323.48"	"5d4.6s2"	"3P2"	"0"	""	"*"	"1"		"T4976"	"L153"	
"459.0020"	"459.0032"	"0.0017"	"60"	""		"26189.20"	"47975.54"	"5d4.6s.(6D).6p"	"7D*"	"3"	"5d4.6s.(6D).7s"	"7D"	"4"		""	"L153"	
"459.3677"	"459.3692"	"0.0017"	"20"	""		"19648.54"	"41417.52"	"5d5.(4G).6s"	"5G"	"6"	""	"*"	"6"		""	"L153"	
"459.3853"	"459.3853"	"0.0017"	"15"	"3.4e+05"	B	"13348.56"	"35116.78"	"5d4.6s2"	"3G"	"3"	""	"*"	"4"		"T4976"	"L153"	
"459.4194"	"459.4245"	"0.0017"	"1"	""		"27889.68"	"49656.04"	"5d5.(6S).6p"	"7P*"	"4"	"5d4.6s.(6D).7s"	"5D"	"3"		""	"L153"	
"460.1229"	"460.1249"	"0.0017"	"40"	""		"24763.39"	"46496.62"	"5d4.6s.(6D).6p"	"7F*"	"4"	"5d4.6s.(6D).7s"	"7D"	"3"		""	"L153"	
"460.1702"	"460.1717"	"0.0017"	"15"	"1.00e+06"	B	"18280.48"	"40011.50"	"5d5.(6S).6s"	"5S"	"2"	""	"*"	"2"		"T6977"	"L153"	
"460.4560"	"460.4599"	"0.0017"	"4"	""		"33291.80"	"55009.22"	"5d5.(2I).6s"	"1I"	"6"	""	"*"	"5"		""	"L153"	
"460.4700"	"460.4715"	"0.0017"	"5"	""		"24610.88"	"46327.75"	"5d4.6s2"	"1F"	"3"	""	"*"	"2"		""	"L153"	
"460.8289"	"460.8299"	"0.0017"	"4w"	""		"32957.58"	"54657.56"	""	"*"	"3"	""	""	"3"		""	"L153"	
"460.8856"	"460.8822"	"0.0017"	"6w"	""		"14976.18"	"36673.70"	"5d4.6s2"	"3D"	"2"	""	"*"	"2"		""	"L153"	
"461.0107"	"461.0135"	"0.0017"	"8"	""		"18974.51"	"40665.85"	"5d5.(4G).6s"	"5G"	"3"	""	"*"	"3"		""	"L153"	
"461.1177"	"461.1196"	"0.0017"	"25"	"1.42e+06"	B	"15460.01"	"37146.36"	"5d4.6s2"	"3D"	"3"	""	"*"	"4"		"T4976"	"L153"	
"461.4279"	"461.4302"	"0.0017"	"5"	""		"19827.68"	"41499.43"	"5d5.(4P).6s"	"5P"	"3"	""	"*"	"3"		""	"L153"	
"461.4588"	"461.4600"	"0.0017"	"40"	"1.7e+05"	C	"6219.33"	"27889.68"	"5d4.6s2"	"5D"	"4"	"5d5.(6S).6p"	"7P*"	"4"		"T6977"	"L153"	
"461.5178"	"461.5188"	"0.0017"	"2"	""		"19256.24"	"40923.83"	"5d5.(4G).6s"	"5G"	"4"	""	"*"	"3"		""	"L153"	
"461.6123"	"461.6138"	"0.0017"	"6"	""		"19535.01"	"41198.14"	"5d5.(4G).6s"	"5G"	"5"	""	"*"	"4"		""	"L153"	
"461.7689"	"461.7713"	"0.0017"	"3"	""		"19256.24"	"40911.98"	"5d5.(4G).6s"	"5G"	"4"	""	"*"	"5"		""	"L153"	
"462.0742"	"462.0767"	"0.0017"	"4c"	""		"17107.01"	"38748.44"	"5d4.6s2"	"3F2"	"4"	""	"*"	"4"		""	"L153"	
"462.1814"	"462.1835"	"0.0017"	"15"	""		"19535.01"	"41171.44"	"5d5.(4G).6s"	"5G"	"5"	""	"*"	"6"		""	"L153"	
"462.3561"	""	""	"2"	""		""	""	""	""	""	""	""	""		""	"L153"	
"462.4435"	"462.4451"	"0.0017"	"5"	""		"18082.83"	"39707.02"	"5d4.6s2"	"3D"	"1"	""	"*"	"2"		""	"L153"	
"462.4940"	"462.4975"	"0.0017"	"10"	""		"16431.31"	"38053.05"	"5d4.6s2"	"3G"	"4"	""	"*"	"3"		""	"L153"	
"462.5063"	"462.5082"	"0.0017"	"3"	""		"23930.08"	"45551.32"	"5d5.(4D).6s"	"5D"	"3"	""	"*"	"3"		""	"L153"	
"462.5741"	"462.5738"	"0.0017"	"6"	""		"20983.02"	"42601.19"	"5d5.(4P).6s"	"5P"	"2"	""	"*"	"3"		""	"L153"	
"462.6435"	"462.6451"	"0.0017"	"8"	""		"19253.56"	"40868.40"	"5d4.6s2"	"3P2"	"2"	""	"*"	"2"		""	"L153"	
"462.7052"	""	""	"4"	""		""	""	""	""	""	""	""	""		""	"L153"	
"462.8026"	""	""	"3"	""		""	""	""	""	""	""	""	""		""	"L153"	
"462.8887"	"462.8856"	"0.0017"	"6"	""		"31389.08"	"52992.69"	"5d5.(4G).6s"	"3G"	"5"	""	"*"	"4"		""	"L153"	
"463.0526"	"463.0530"	"0.0017"	"4"	""		"24789.66"	"46385.46"	"5d4.6s2"	"1D2"	"2"	""	"*"	"3"		""	"L153"	
"463.0858"	"463.0869"	"0.0017"	"5w"	""		"22852.80"	"44447.02"	"5d4.6s2"	"1G2"	"4"	""	"*"	"3"		""	"L153"	
"463.1436"	"463.1456"	"0.0017"	"2"	""		"19826.04"	"41417.52"	"5d4.6s2"	"3G"	"5"	""	"*"	"6"		""	"L153"	
"463.1669"	"463.1673"	"0.0017"	"6"	""		"20983.02"	"42573.49"	"5d5.(4P).6s"	"5P"	"2"	""	"*"	"1"		""	"L153"	
"463.6084"	"463.6109"	"0.0017"	"20"	"8.8e+05"	B	"16431.31"	"38001.12"	"5d4.6s2"	"3G"	"4"	""	"*"	"4"		"T4976"	"L153"	
"463.6352"	"463.6387"	"0.0017"	"4"	""		"23982.80"	"45551.32"	"5d5.(4D).6s"	"5D"	"2"	""	"*"	"3"		""	"L153"	
"463.7342"	"463.7359"	"0.0017"	"4"	""		"23455.02"	"45019.02"	"5d5.(4D).6s"	"5D"	"1"	""	"*"	"2"		""	"L153"	
"463.8401"	""	""	"4"	""		""	""	""	""	""	""	""	""		""	"L153"	
"463.9156"	"463.9151"	"0.0017"	"8"	""		"29393.40"	"50949.07"	"5d4.6s.(6D).6p"	"5P*"	"2"	""	""	"1"		""	"L153"	
"463.9550"	"463.9555"	"0.0017"	"2w"	""		"18082.83"	"39636.62"	"5d4.6s2"	"3D"	"1"	""	"*"	"1"		""	"L153"	
"464.076"	"464.0806"	"0.0017"	"4"	""		"32238.02"	"53786.00"	""	"*"	"3"	""	""	"4"		""	"L153"	
"464.1569"	"464.1595"	"0.0017"	"8"	""		"22476.68"	"44021.00"	"5d5.(4D).6s"	"5D"	"4"	""	"*"	"3"		""	"L153"	
"464.3064"	"464.3086"	"0.0017"	"10*"	""		"20427.84"	"41965.24"	"5d5.(4P).6s"	"5P"	"1"	""	"*"	"0"		""	"L153"	
"464.3064"	"464.3112"	"0.0017"	"10*"	""		"4830.00"	"26367.28"	"5d4.6s2"	"5D"	"3"	""	"*"	"2"		""	"L153"	
"464.3830"	"464.3851"	"0.0017"	"40"	""		"13777.71"	"35311.56"	"5d4.6s2"	"3F2"	"2"	""	"*"	"2"		""	"L153"	
"464.4416"	"464.4440"	"0.0017"	"10"	""		"20983.02"	"42514.14"	"5d5.(4P).6s"	"5P"	"2"	""	"*"	"3"		""	"L153"	
"464.4746"	"464.4775"	"0.0017"	"2"	""		"18116.84"	"39646.41"	"5d5.(4G).6s"	"5G"	"2"	""	"*"	"3"		""	"L153"	
"464.6181"	"464.6214"	"0.0017"	"5"	""		"19648.54"	"41171.44"	"5d5.(4G).6s"	"5G"	"6"	""	"*"	"6"		""	"L153"	
"464.702"	""	""	"1"	""		""	""	""	""	""	""	""	""		""	"L153"	
"464.7436"	"464.7441"	"0.0017"	"8"	"2.6e+06"	E	"19253.56"	"40770.78"	"5d4.6s2"	"3P2"	"2"	""	"*"	"1"		"T6977"	"L153"	
"465.282"	"465.2855"	"0.0017"	"3"	""		"23930.08"	"45422.26"	"5d5.(4D).6s"	"5D"	"3"	""	"*"	"2"		""	"L153"	
"465.802"	""	""	"4"	""		""	""	""	""	""	""	""	""		""	"L153"	
"465.8338"	"465.8334"	"0.0017"	"4"	""		"31389.08"	"52855.98"	"5d5.(4G).6s"	"3G"	"5"	""	"*"	"6"		""	"L153"	
"465.8720"	"465.8747"	"0.0017"	"40"	""		"27889.68"	"49354.68"	"5d5.(6S).6p"	"7P*"	"4"	"5d4.6s.(6D).7s"	"7D"	"5"		""	"L153"	
"466.1172"	"466.1157"	"0.0017"	"60"	"1.0e+06"	B	"0.00"	"21453.90"	"5d4.6s2"	"5D"	"0"	"5d4.6s.(6D).6p"	"7D*"	"1"		"T4976"	"L153"	
"466.2540"	"466.2533"	"0.0017"	"8"	""		"22476.68"	"43924.25"	"5d5.(4D).6s"	"5D"	"4"	""	"*"	"5"		""	"L153"	
"466.3280"	"466.3276"	"0.0017"	"10"	"1.73e+06"	B	"15460.01"	"36904.16"	"5d4.6s2"	"3D"	"3"	""	"*"	"2"		"T6977"	"L153"	
"466.3947"	"466.3966"	"0.0017"	"2"	""		"28347.60"	"49788.58"	"5d5.(4F).6s"	"5F"	"3"	""	"*"	"4"		""	"L153"	
"466.425"	"466.4247"	"0.0017"	"6*"	""		"33569.53"	"55009.22"	""	""	"4"	""	"*"	"5"		""	"L153c23"	
"466.425"	"466.4297"	"0.0017"	"6*"	""		"23982.80"	"45422.26"	"5d5.(4D).6s"	"5D"	"2"	""	"*"	"2"		""	"L153"	
"466.7066"	"466.7109"	"0.0017"	"4"	""		"18280.48"	"39707.02"	"5d5.(6S).6s"	"5S"	"2"	""	"*"	"2"		""	"L153"	
"466.9483"	"466.9491"	"0.0017"	"2"	""		"30586.64"	"52002.25"	"5d4.6s.(6D).6p"	"5P*"	"3"	""	""	"3"		""	"L153"	
"466.9767"	"466.9766"	"0.0017"	"15"	"1.18e+06"	B	"15460.01"	"36874.36"	"5d4.6s2"	"3D"	"3"	""	"*"	"3"		"T6977"	"L153"	
"467.0202"	"467.0215"	"0.0017"	"2*"	""		"19253.56"	"40665.85"	"5d4.6s2"	"3P2"	"2"	""	"*"	"3"		""	"L153"	
"467.0202"	"467.0228"	"0.0017"	"2*"	""		"13307.10"	"34719.33"	"5d4.6s2"	"3P2"	"1"	""	"*"	"1"		""	"L153"	
"467.2934"	"467.2947"	"0.0017"	"8"	"1.4e+04"	D	"4830.00"	"26229.77"	"5d4.6s2"	"5D"	"3"	"5d5.(6S).6p"	"7P*"	"2"		"T6977"	"L153"	
"467.3861"	""	""	"2"	""		""	""	""	""	""	""	""	""		""	"L153"	
"467.6399"	""	""	"4"	""		""	""	""	""	""	""	""	""		""	"L153"	
"467.7932"	"467.7931"	"0.0018"	"20"	""		"19535.01"	"40911.98"	"5d5.(4G).6s"	"5G"	"5"	""	"*"	"5"		""	"L153"	
"467.824"	""	""	"2"	""		""	""	""	""	""	""	""	""		""	"L153"	
"467.8683"	""	""	"4"	""		""	""	""	""	""	""	""	""		""	"L153"	
"467.8999"	"467.8997"	"0.0018"	"20"	""		"19826.04"	"41198.14"	"5d4.6s2"	"3G"	"5"	""	"*"	"4"		""	"L153"	
"467.979"	""	""	"1"	""		""	""	""	""	""	""	""	""		""	"L153"	
"468.035"	"468.0349"	"0.0018"	"8"	"1.52e+06"	B	"18280.48"	"39646.41"	"5d5.(6S).6s"	"5S"	"2"	""	"*"	"3"		"T6977"	"L153"	
"468.1819"	"468.1823"	"0.0018"	"80"	"1.4e+06"	B	"4830.00"	"26189.20"	"5d4.6s2"	"5D"	"3"	"5d4.6s.(6D).6p"	"7D*"	"3"		"T4976"	"L153"	
"468.2492"	"468.2494"	"0.0018"	"5"	""		"18280.48"	"39636.62"	"5d5.(6S).6s"	"5S"	"2"	""	"*"	"1"		""	"L153"	
"468.3869"	"468.3885"	"0.0018"	"6"	""		"29773.34"	"51123.14"	"5d4.6s.(6D).6p"	"7D*"	"5"	"5d4.6s.(6D).7s"	"5D"	"4"		""	"L153"	
"468.4853"	"468.4850"	"0.0018"	"30"	""		"19826.04"	"41171.44"	"5d4.6s2"	"3G"	"5"	""	"*"	"6"		""	"L153"	
"468.731"	""	""	"1"	""		""	""	""	""	""	""	""	""		""	"L153"	
"468.7685"	"468.7690"	"0.0018"	"3"	""		"23930.08"	"45262.55"	"5d5.(4D).6s"	"5D"	"3"	""	"*"	"4"		""	"L153"	
"468.8430"	"468.8437"	"0.0018"	"3"	""		"17701.18"	"39030.25"	"5d4.6s2"	"3F2"	"3"	""	"*"	"2"		""	"L153"	
"468.8924"	"468.8929"	"0.0018"	"6"	"1.48e+06"	B	"19256.24"	"40583.07"	"5d5.(4G).6s"	"5G"	"4"	""	"*"	"4"		"T6977"	"L153"	
"469.0480"	"469.0509"	"0.0018"	"2"	""		"30374.20"	"51693.85"	"5d4.6s2"	"3F1"	"2"	""	"*"	"2"		""	"L153"	
"469.1550"	"469.1541"	"0.0018"	"1"	""		"24789.66"	"46104.62"	"5d4.6s2"	"1D2"	"2"	""	"*"	"1"		""	"L153"	
"469.193"	"469.1959"	"0.0018"	"1"	""		"28204.20"	"49517.26"	"5d5.(4F).6s"	"5F"	"2"	""	"*"	"2"		""	"L153"	
"469.286"	"469.2873"	"0.0018"	"5"	""		"26861.64"	"48170.55"	"5d5.(2F1).6s"	"3F"	"2"	""	"*"	"3"		""	"L153"	
"469.3425"	"469.3450"	"0.0018"	"2"	""		"20427.84"	"41734.13"	"5d5.(4P).6s"	"5P"	"1"	""	"*"	"2"		""	"L153"	
"469.5033"	"469.5043"	"0.0018"	"40"	""		"26676.48"	"47975.54"	"5d4.6s.(6D).6p"	"7F*"	"5"	"5d4.6s.(6D).7s"	"7D"	"4"		""	"L153"	
"469.5950"	"469.5969"	"0.0018"	"6*"	""		"34302.04"	"55596.90"	"5d5.(2G2).6s"	"3G"	"4"	""	"*"	"4"		""	"L153c23"	
"469.5950"	"469.5973"	"0.0018"	"6*"	""		"18974.51"	"40269.35"	"5d5.(4G).6s"	"5G"	"3"	""	"*"	"3"		""	"L153"	
"469.6841"	"469.6829"	"0.0018"	"2"	""		"32378.40"	"53669.36"	"5d5.(2D3).6s"	"3D"	"1"	""	"*"	"2"		""	"L153"	
"469.9423"	"469.9407"	"0.0018"	"8"	""		"20983.02"	"42262.30"	"5d5.(4P).6s"	"5P"	"2"	""	"*"	"1"		""	"L153"	
"469.993"	"469.9946"	"0.0018"	"10"	""		"19827.68"	"41104.52"	"5d5.(4P).6s"	"5P"	"3"	""	"*"	"2"		""	"L153"	
"470.1737"	"470.1727"	"0.0018"	"15"	"6.2e+04"	C	"6219.33"	"27488.11"	"5d4.6s2"	"5D"	"4"	"5d5.(6S).6p"	"7P*"	"3"		"T4191"	"L153"	
"470.2906"	"470.2908"	"0.0018"	"4"	""		"19648.54"	"40911.98"	"5d5.(4G).6s"	"5G"	"6"	""	"*"	"5"		""	"L153"	
"470.349"	""	""	"2"	""		""	""	""	""	""	""	""	""		""	"L153"	
"470.379"	"470.3788"	"0.0018"	"10"	"1.23e+06"	B	"18974.51"	"40233.97"	"5d5.(4G).6s"	"5G"	"3"	""	"*"	"4"		"T6977"	"L153"	
"470.696"	""	""	"1"	""		""	""	""	""	""	""	""	""		""	"L153"	
"470.7151"	"470.7169"	"0.0018"	"2"	""		"22476.68"	"43720.87"	"5d5.(4D).6s"	"5D"	"4"	""	"*"	"4"		""	"L153"	
"470.748"	"470.7484"	"0.0018"	"8"	""		"16431.31"	"37674.08"	"5d4.6s2"	"3G"	"4"	""	"*"	"3"		""	"L153"	
"471.090"	""	""	"2"	""		""	""	""	""	""	""	""	""		""	"L153"	
"471.107"	""	""	"2"	""		""	""	""	""	""	""	""	""		""	"L153"	
"471.164"	"471.1629"	"0.0018"	"6"	""		"27849.80"	"49073.88"	"5d5.(2I).6s"	"3I"	"5"	""	"*"	"5"		""	"L153"	
"471.2491"	"471.2495"	"0.0018"	"12"	""		"19256.24"	"40476.42"	"5d5.(4G).6s"	"5G"	"4"	""	"*"	"5"		""	"L153"	
"471.3804"	"471.3799"	"0.0018"	"15"	"1.57e+06"	B	"14976.18"	"36190.49"	"5d4.6s2"	"3D"	"2"	""	"*"	"1"		"T6977"	"L153"	
"471.4674"	"471.4693"	"0.0018"	"2"	""		"29912.85"	"51123.14"	"5d4.6s.(6D).6p"	"5D*"	"3"	"5d4.6s.(6D).7s"	"5D"	"4"		""	"L153"	
"471.483"	"471.4851"	"0.0018"	"2"	""		"32135.94"	"53345.52"	"5d5.(4G).6s"	"3G"	"4"	""	"*"	"3"		""	"L153"	
"471.5171"	"471.5184"	"0.0018"	"5"	"2.5e+04"	C	"12161.96"	"33370.04"	"5d4.6s2"	"3H"	"4"	"5d4.6s.(6D).6p"	"5F*"	"5"		"T4976"	"L153"	
"471.5826"	"471.5831"	"0.0018"	"5"	""		"15069.93"	"36275.10"	"5d4.6s2"	"3H"	"5"	""	"*"	"5"		""	"L153"	
"471.8184"	"471.8178"	"0.0018"	"8"	""		"17008.50"	"38203.12"	"5d4.6s2"	"3H"	"6"	""	"*"	"6"		""	"L153"	
"471.9938"	"471.9944"	"0.0018"	"8"	""		"23930.08"	"45116.77"	"5d5.(4D).6s"	"5D"	"3"	""	"*"	"4"		""	"L153"	
"472.1713"	"472.1712"	"0.0018"	"10"	"3.22e+05"	C	"13307.10"	"34485.86"	"5d4.6s2"	"3P2"	"1"	""	"*"	"2"		"T4976"	"L153"	
"472.4397"	"472.4393"	"0.0018"	"2"	""		"28347.60"	"49514.34"	"5d5.(4F).6s"	"5F"	"3"	""	"*"	"3"		""	"L153"	
"472.6440"	"472.6443"	"0.0018"	"20"	"3.8e+06"	B	"19253.56"	"40411.12"	"5d4.6s2"	"3P2"	"2"	""	"*"	"1"		"T6977"	"L153"	
"472.6914"	"472.6908"	"0.0018"	"2"	""		"9528.06"	"30683.54"	"5d4.6s2"	"3P2"	"0"	""	"*"	"1"		""	"L153"	
"472.7596"	"472.7598"	"0.0018"	"5"	""		"17107.01"	"38259.40"	"5d4.6s2"	"3F2"	"4"	""	"*"	"4"		""	"L153"	
"473.0091"	"473.0087"	"0.0018"	"4"	""		"23455.02"	"44596.28"	"5d5.(4D).6s"	"5D"	"1"	""	"*"	"2"		""	"L153"	
"473.0971"	"473.0973"	"0.0018"	"20"	"7.8e+05"	B	"13348.56"	"34485.86"	"5d4.6s2"	"3G"	"3"	""	"*"	"2"		"T4976"	"L153"	
"473.2018"	"473.2023"	"0.0018"	"4"	""		"22852.80"	"43985.41"	"5d4.6s2"	"1G2"	"4"	""	"*"	"4"		""	"L153"	
"473.2350"	"473.2346"	"0.0018"	"2*"	""		"33952.85"	"55084.02"	"5d5.(4D).6s"	"3D"	"3"	""	"*"	"2"		""	"L153,L416"	
"473.2350"	"473.2368"	"0.0018"	"2*"	""		"34465.83"	"55596.90"	""	""	"3"	""	"*"	"4"		""	"L416"	
"473.7361"	"473.7385"	"0.0018"	"3"	""		"33201.61"	"54310.30"	"5d5.(2G2).6s"	"3G"	"5"	""	"*"	"5"		""	"L153,L416"	
"473.827"	"473.8321"	"0.0018"	"2w"	""		"34228.60"	"55333.12"	""	"*"	"3"	""	""	"4"		""	"L153"	
"473.919"	"473.9253"	"0.0018"	"2w"	""		"18082.83"	"39183.20"	"5d4.6s2"	"3D"	"1"	""	"*"	"1"		""	"L153"	
"473.9477"	"473.9478"	"0.0018"	"4"	""		"17107.01"	"38206.38"	"5d4.6s2"	"3F2"	"4"	""	"*"	"3"		""	"L153"	
"474.2824"	"474.2830"	"0.0018"	"4"	""		"23930.08"	"45014.54"	"5d5.(4D).6s"	"5D"	"3"	""	"*"	"3"		""	"L153"	
"474.6913"	"474.6905"	"0.0018"	"8w"	"1.2e+06"	C	"18116.84"	"39183.20"	"5d5.(4G).6s"	"5G"	"2"	""	"*"	"1"		"T6977"	"L153"	
"474.8113"	""	""	"3w"	""		""	""	""	""	""	""	""	""		""	"L153"	
"474.9292"	"474.9283"	"0.0018"	"2"	""		"29853.66"	"50909.47"	"5d5.(4F).6s"	"5F"	"4"	""	"*"	"4"		""	"L153"	
"475.1025"	"475.1032"	"0.0018"	"5"	"8.7e+05"	B	"19535.01"	"40583.07"	"5d5.(4G).6s"	"5G"	"5"	""	"*"	"4"		"T6977"	"L153"	
"475.1237"	"475.1212"	"0.0018"	"1"	""		"17701.18"	"38748.44"	"5d4.6s2"	"3F2"	"3"	""	"*"	"4"		""	"L153"	
"475.2692"	"475.2689"	"0.0018"	"6"	""		"19827.68"	"40868.40"	"5d5.(4P).6s"	"5P"	"3"	""	"*"	"2"		""	"L153"	
"475.3529"	"475.3532"	"0.0018"	"8"	"7.6e+05"	B	"18974.51"	"40011.50"	"5d5.(4G).6s"	"5G"	"3"	""	"*"	"2"		"T6977"	"L153"	
"475.3913"	"475.3905"	"0.0018"	"8"	"4.3e+05"	B	"13307.10"	"34342.44"	"5d4.6s2"	"3P2"	"1"	""	"*"	"1"		"T6977"	"L153"	
"475.4717"	"475.4718"	"0.0018"	"6"	""		"23982.80"	"45014.54"	"5d5.(4D).6s"	"5D"	"2"	""	"*"	"3"		""	"L153"	
"475.831"	"475.8327"	"0.0018"	"3"	""		"19253.56"	"40269.35"	"5d4.6s2"	"3P2"	"2"	""	"*"	"3"		""	"L153"	
"475.8872"	"475.8873"	"0.0018"	"30"	"2.72e+05"	B	"2951.29"	"23964.67"	"5d5.(6S).6s"	"7S"	"3"	"5d4.6s.(6D).6p"	"7D*"	"2"		"T4976"	"L153"	
"475.9111"	"475.9101"	"0.0018"	"8"	"4.1e+05"	C	"15069.93"	"36082.30"	"5d4.6s2"	"3H"	"5"	""	"*"	"4"		"T4976"	"L153"	
"475.9528"	"475.9527"	"0.0018"	"10"	""		"23930.08"	"44940.57"	"5d5.(4D).6s"	"5D"	"3"	""	"*"	"4"		""	"L153"	
"476.0671"	"476.0653"	"0.0018"	"2w"	"2.49e+04"	C	"13348.56"	"34354.08"	"5d4.6s2"	"3G"	"3"	""	"*"	"3"		"T4976"	"L153"	
"476.2045"	""	""	"3"	""		""	""	""	""	""	""	""	""		""	"L153"	
"476.235"	"476.2349"	"0.0016"	"3"	""		"22852.80"	"43850.84"	"5d4.6s2"	"1G2"	"4"	""	"*"	"3"		""	"L153"	
"476.696"	"476.6960"	"0.0016"	"2"	""		"19256.24"	"40233.97"	"5d5.(4G).6s"	"5G"	"4"	""	"*"	"4"		""	"L153"	
"476.9115"	"476.9127"	"0.0016"	"8"	""		"29460.98"	"50429.18"	"5d5.(2I).6s"	"3I"	"7"	""	"*"	"6"		""	"L153"	
"476.9390"	"476.9402"	"0.0016"	"3"	"6.9e+04"	C	"14976.18"	"35943.17"	"5d4.6s2"	"3D"	"2"	""	"*"	"3"		"T4976"	"L153"	
"477.2058"	"477.2092"	"0.0016"	"3"	""		"23964.67"	"44919.84"	"5d4.6s.(6D).6p"	"7D*"	"2"	"5d4.6s.(6D).7s"	"7D"	"2"		""	"L153"	
"477.3826"	"477.3858"	"0.0016"	"8"	""		"18082.83"	"39030.25"	"5d4.6s2"	"3D"	"1"	""	"*"	"2"		""	"L153"	
"477.5180"	"477.5180"	"0.0016"	""	"1.12e+06"	B	"13777.71"	"34719.33"	"5d4.6s2"	"3F2"	"2"	""	"*"	"1"		"T6977"	"L14798"	
"477.522"	"477.5228"	"0.0016"	"15"	""		"19535.01"	"40476.42"	"5d5.(4G).6s"	"5G"	"5"	""	"*"	"5"		""	"L153"	
"477.836"	""	""	"2"	""		""	""	""	""	""	""	""	""		""	"L153"	
"478.163"	"478.1621"	"0.0016"	"2"	""		"18116.84"	"39030.25"	"5d5.(4G).6s"	"5G"	"2"	""	"*"	"2"		""	"L153"	
"478.184"	"478.1834"	"0.0016"	"6"	""		"23455.02"	"44367.50"	"5d5.(4D).6s"	"5D"	"1"	""	"*"	"2"		""	"L153"	
"478.5031"	"478.5046"	"0.0016"	"2"	""		"23455.02"	"44353.46"	"5d5.(4D).6s"	"5D"	"1"	""	"*"	"1"		""	"L153"	
"478.606"	"478.6038"	"0.0016"	"1"	""		"17107.01"	"38001.12"	"5d4.6s2"	"3F2"	"4"	""	"*"	"4"		""	"L153"	
"478.8544"	""	""	"2wl"	""		""	""	""	""	""	""	""	""		""	"L153"	
"478.9263"	"478.9263"	"0.0016"	"10"	""		"13348.56"	"34228.60"	"5d4.6s2"	"3G"	"3"	""	"*"	"3"		""	"L153"	
"478.9760"	"478.9765"	"0.0016"	"10"	"2.6e+05"	C	"16431.31"	"37309.16"	"5d4.6s2"	"3G"	"4"	""	"*"	"5"		"T4976"	"L153"	
"479.4146"	"479.4140"	"0.0016"	"2"	""		"28797.24"	"49656.04"	"5d4.6s.(6D).6p"	"7D*"	"4"	"5d4.6s.(6D).7s"	"5D"	"3"		""	"L153"	
"479.8371"	"479.8363"	"0.0016"	"3"	""		"28233.44"	"49073.88"	"5d5.(4F).6s"	"5F"	"5"	""	"*"	"5"		""	"L153"	
"479.8887"	"479.8886"	"0.0016"	"10"	"7.2e+05"	B	"19827.68"	"40665.85"	"5d5.(4P).6s"	"5P"	"3"	""	"*"	"3"		"T6977"	"L153"	
"480.1249"	"480.1257"	"0.0016"	"25"	""		"19648.54"	"40476.42"	"5d5.(4G).6s"	"5G"	"6"	""	"*"	"5"		""	"L153"	
"480.765"	"480.7611"	"0.0016"	"4wl"	""		"28347.60"	"49147.95"	"5d5.(4F).6s"	"5F"	"3"	""	"*"	"4"		""	"L153"	
"480.8724"	"480.8705"	"0.0016"	"20"	""		"12161.96"	"32957.58"	"5d4.6s2"	"3H"	"4"	""	"*"	"3"		""	"L153"	
"481.0986"	"481.0974"	"0.0016"	"3"	""		"32217.91"	"53003.72"	""	""	"3"	""	"*"	"2"		""	"L153,L416"	
"481.2232"	"481.2259"	"0.0016"	"3"	""		"28291.88"	"49072.14"	"5d5.(2F1).6s"	"3F"	"3"	""	"*"	"3"		""	"L153"	
"481.393"	"481.3913"	"0.0016"	"5"	"8.0e+04"	C	"13348.56"	"34121.68"	"5d4.6s2"	"3G"	"3"	""	"*"	"4"		"T4976"	"L153"	
"481.7451"	"481.7434"	"0.0016"	"6"	"7.5e+05"	B	"19253.56"	"40011.50"	"5d4.6s2"	"3P2"	"2"	""	"*"	"2"		"T6977"	"L153"	
"481.8191"	"481.8163"	"0.0016"	"8w*"	""		"27213.82"	"47968.62"	"5d5.(2F1).6s"	"3F"	"4"	""	"*"	"4"		""	"L153"	
"481.8191"	"481.8253"	"0.0016"	"8w*"	""		"23982.80"	"44737.21"	"5d5.(4D).6s"	"5D"	"2"	""	"*"	"1"		""	"L153"	
"481.9021"	"481.9019"	"0.0016"	"6"	""		"20983.02"	"41734.13"	"5d5.(4P).6s"	"5P"	"2"	""	"*"	"2"		""	"L153"	
"481.9705"	"481.9649"	"0.0016"	"3"	""		"34632.60"	"55381.00"	""	"*"	"4"	""	""	"5"		""	"L153"	
"482.8292"	"482.8277"	"0.0016"	"2"	""		"20983.02"	"41694.34"	"5d5.(4P).6s"	"5P"	"2"	""	"*"	"3"		""	"L153"	
"483.636"	"483.6366"	"0.0016"	"15"	""		"20427.84"	"41104.52"	"5d5.(4P).6s"	"5P"	"1"	""	"*"	"2"		""	"L153"	
"483.883"	"483.8819"	"0.0016"	"8*"	""		"23930.08"	"44596.28"	"5d5.(4D).6s"	"5D"	"3"	""	"*"	"2"		""	"L153"	
"483.883"	"483.8828"	"0.0016"	"8*"	""		"12161.96"	"32828.12"	"5d4.6s2"	"3H"	"4"	"5d4.6s.(6D).6p"	"5D*"	"4"		""	"L153"	
"484.5163"	"484.5163"	"0.0016"	"400"	"1.9e+06"	B	"3325.53"	"23964.67"	"5d4.6s2"	"5D"	"2"	"5d4.6s.(6D).6p"	"7D*"	"2"		"T4976"	"L153"	
"484.565"	"484.5661"	"0.0016"	"6*"	""		"27213.82"	"47850.84"	"5d5.(2F1).6s"	"3F"	"4"	""	"*"	"5"		""	"L153"	
"484.565"	"484.5675"	"0.0016"	"6*"	""		"13307.10"	"33944.06"	"5d4.6s2"	"3P2"	"1"	""	"*"	"2"		""	"L153"	
"484.9108"	"484.9122"	"0.0016"	"8"	""		"15460.01"	"36082.30"	"5d4.6s2"	"3D"	"3"	""	"*"	"4"		""	"L153"	
"485.0079"	"485.0060"	"0.0016"	"3"	""		"28898.96"	"49517.26"	"5d4.6s2"	"3P1"	"2"	""	"*"	"2"		""	"L153"	
"485.5187"	"485.5175"	"0.0017"	"5w"	""		"20174.20"	"40770.78"	"5d4.6s2"	"1S2"	"0"	""	"*"	"1"		""	"L153"	
"485.5438"	"485.5430"	"0.0017"	"40"	""		"13348.56"	"33944.06"	"5d4.6s2"	"3G"	"3"	""	"*"	"2"		""	"L153"	
"485.9953"	"485.9944"	"0.0017"	"12"	"1.3e+05"	B	"13777.71"	"34354.08"	"5d4.6s2"	"3F2"	"2"	""	"*"	"3"		"T4976"	"L153"	
"486.2132"	"486.2141"	"0.0017"	"4"	""		"17107.01"	"37674.08"	"5d4.6s2"	"3F2"	"4"	""	"*"	"3"		""	"L153"	
"486.320"	""	""	"3c"	""		""	""	""	""	""	""	""	""		""	"L153"	
"486.425"	"486.4234"	"0.0017"	"2"	""		"17701.18"	"38259.40"	"5d4.6s2"	"3F2"	"3"	""	"*"	"4"		""	"L153"	
"486.4420"	"486.4419"	"0.0017"	"15*"	""		"28797.24"	"49354.68"	"5d4.6s.(6D).6p"	"7D*"	"4"	"5d4.6s.(6D).7s"	"7D"	"5"		""	"L153"	
"486.4420"	"486.4424"	"0.0017"	"15*"	""		"22476.68"	"43034.10"	"5d5.(4D).6s"	"5D"	"4"	""	"*"	"5"		""	"L153"	
"486.634"	"486.6351"	"0.0017"	"3c"	""		"28720.88"	"49270.16"	"5d5.(4P).6s"	"3P"	"1"	""	"*"	"2"		""	"L153"	
"486.669"	"486.6694"	"0.0017"	"3"	""		"33569.53"	"54117.36"	""	""	"4"	""	"*"	"3"		""	"L153,L416"	
"486.791"	""	""	"3"	""		""	""	""	""	""	""	""	""		""	"L153"	
"486.9385"	"486.9379"	"0.0017"	"15"	""		"30586.64"	"51123.14"	"5d4.6s.(6D).6p"	"5P*"	"3"	"5d4.6s.(6D).7s"	"5D"	"4"		""	"L153"	
"487.3245"	"487.3247"	"0.0017"	"3w"	""		"23455.02"	"43975.22"	"5d5.(4D).6s"	"5D"	"1"	""	"*"	"2"		""	"L153"	
"487.4151"	"487.4147"	"0.0017"	"10w"	""		"20983.02"	"41499.43"	"5d5.(4P).6s"	"5P"	"2"	""	"*"	"3"		""	"L153"	
"487.5416"	""	""	"3w"	""		""	""	""	""	""	""	""	""		""	"L153"	
"487.6786"	"487.6812"	"0.0017"	"8"	""		"17701.18"	"38206.38"	"5d4.6s2"	"3F2"	"3"	""	"*"	"3"		""	"L153"	
"487.8052"	"487.8025"	"0.0017"	"6"	""		"26861.64"	"47361.74"	"5d5.(2F1).6s"	"3F"	"2"	""	"*"	"3"		""	"L153"	
"487.964"	"487.9641"	"0.0017"	"20"	""		"18082.83"	"38576.14"	"5d4.6s2"	"3D"	"1"	""	"*"	"0"		""	"L153"	
"488.1049"	"488.1042"	"0.0017"	"4"	""		"27488.11"	"47975.54"	"5d5.(6S).6p"	"7P*"	"3"	"5d4.6s.(6D).7s"	"7D"	"4"		""	"L153"	
"488.2076"	"488.2059"	"0.0017"	"8"	"8.4e+04"	C	"15460.01"	"35943.17"	"5d4.6s2"	"3D"	"3"	""	"*"	"3"		"T4976"	"L153"	
"488.3485"	""	""	"2"	""		""	""	""	""	""	""	""	""		""	"L153"	
"488.3892"	"488.3883"	"0.0017"	"3"	""		"27213.82"	"47689.33"	"5d5.(2F1).6s"	"3F"	"4"	""	"*"	"4"		""	"L153"	
"488.4108"	"488.4076"	"0.0017"	"3"	""		"25983.60"	"46458.30"	"5d4.6s.(6D).6p"	"5F*"	"1"	"5d4.6s.(6D).7s"	"5D"	"1"		""	"L153"	
"488.4884"	""	""	"3"	""		""	""	""	""	""	""	""	""		""	"L153"	
"488.5905"	"488.5909"	"0.0017"	"4"	""		"31389.08"	"51856.10"	"5d5.(4G).6s"	"3G"	"5"	""	"*"	"4"		""	"L153"	
"488.6589"	"488.6578"	"0.0017"	"5"	""		"23982.80"	"44447.02"	"5d5.(4D).6s"	"5D"	"2"	""	"*"	"3"		""	"L153"	
"488.7556"	"488.7538"	"0.0017"	"2"	""		"29195.84"	"49656.04"	"5d4.6s.(6D).6p"	"5D*"	"2"	"5d4.6s.(6D).7s"	"5D"	"3"		""	"L153"	
"488.8264"	"488.8266"	"0.0017"	"200"	"8.1e+05"	B	"6219.33"	"26676.48"	"5d4.6s2"	"5D"	"4"	"5d4.6s.(6D).6p"	"7F*"	"5"		"T4976"	"L153"	
"488.9135"	"488.9148"	"0.0017"	"4"	""		"19253.56"	"39707.02"	"5d4.6s2"	"3P2"	"2"	""	"*"	"2"		""	"L153"	
"488.9736"	"488.9763"	"0.0017"	"20"	""		"13777.71"	"34228.60"	"5d4.6s2"	"3F2"	"2"	""	"*"	"3"		""	"L153"	
"489.1639"	"489.1638"	"0.0017"	"25"	"1.01e+06"	B	"16431.31"	"36874.36"	"5d4.6s2"	"3G"	"4"	""	"*"	"3"		"T6977"	"L153"	
"489.1968"	"489.1968"	"0.0017"	"1w"	""		"19827.68"	"40269.35"	"5d5.(4P).6s"	"5P"	"3"	""	"*"	"3"		""	"L153"	
"489.2238"	"489.2234"	"0.0017"	"10"	"1.37e+06"	B	"20427.84"	"40868.40"	"5d5.(4P).6s"	"5P"	"1"	""	"*"	"2"		"T6977"	"L153"	
"489.2508"	"489.2495"	"0.0017"	"2"	""		"23484.78"	"43924.25"	"5d4.6s2"	"1I"	"6"	""	"*"	"5"		""	"L153"	
"489.2987"	"489.2986"	"0.0017"	"10"	""		"23930.08"	"44367.50"	"5d5.(4D).6s"	"5D"	"3"	""	"*"	"2"		""	"L153"	
"489.3788"	"489.3790"	"0.0017"	"40"	""		"22476.68"	"42910.74"	"5d5.(4D).6s"	"5D"	"4"	""	"*"	"4"		""	"L153"	
"489.4531"	"489.4528"	"0.0017"	"3"	""		"29853.66"	"50284.64"	"5d5.(4F).6s"	"5F"	"4"	""	"*"	"4"		""	"L153"	
"489.7885"	""	""	"2"	""		""	""	""	""	""	""	""	""		""	"L153"	
"489.8173"	"489.8167"	"0.0017"	"2"	""		"27662.52"	"48078.32"	"5d4.6s.(6D).6p"	"5F*"	"2"	"5d4.6s.(6D).7s"	"5D"	"2"		""	"L153"	
"489.9086"	""	""	"1"	""		""	""	""	""	""	""	""	""		""	"L153"	
"490.0050"	"490.0056"	"0.0017"	"2"	""		"19826.04"	"40233.97"	"5d4.6s2"	"3G"	"5"	""	"*"	"4"		""	"L153"	
"490.0436"	"490.0450"	"0.0017"	"4"	""		"19827.68"	"40233.97"	"5d5.(4P).6s"	"5P"	"3"	""	"*"	"4"		""	"L153"	
"490.2401"	"490.2393"	"0.0017"	"2"	""		"22852.80"	"43251.00"	"5d4.6s2"	"1G2"	"4"	""	"*"	"4"		""	"L153"	
"490.3442"	"490.3425"	"0.0017"	"2"	""		"26861.64"	"47255.55"	"5d5.(2F1).6s"	"3F"	"2"	""	"*"	"1"		""	"L153"	
"490.3689"	"490.3679"	"0.0017"	"25"	"2.76e+06"	B	"19253.56"	"39646.41"	"5d4.6s2"	"3P2"	"2"	""	"*"	"3"		"T6977"	"L153"	
"490.4319"	"490.4324"	"0.0017"	"20"	"2.06e+06"	B	"19256.24"	"39646.41"	"5d5.(4G).6s"	"5G"	"4"	""	"*"	"3"		"T6977"	"L153"	
"490.4526"	"490.4528"	"0.0017"	"4"	""		"22476.68"	"42866.00"	"5d5.(4D).6s"	"5D"	"4"	""	"*"	"5"		""	"L153"	
"490.569"	"490.5640"	"0.0017"	"3w*"	""		"23982.80"	"44367.50"	"5d5.(4D).6s"	"5D"	"2"	""	"*"	"2"		""	"L153"	
"490.569"	"490.5760"	"0.0017"	"3w*"	""		"28291.88"	"48676.08"	"5d5.(2F1).6s"	"3F"	"3"	""	"*"	"4"		""	"L153"	
"490.604"	"490.6035"	"0.0017"	"1"	""		"19253.56"	"39636.62"	"5d4.6s2"	"3P2"	"2"	""	"*"	"1"		""	"L153"	
"490.6857"	"490.6863"	"0.0017"	"5"	""		"27213.82"	"47593.44"	"5d5.(2F1).6s"	"3F"	"4"	""	"*"	"3"		""	"L153"	
"491.0265"	"491.0248"	"0.0017"	"3"	""		"31817.63"	"52183.20"	""	"*"	"2"	""	""	"2"		""	"L153"	
"491.2115"	"491.2120"	"0.0017"	"20"	""		"19256.24"	"39614.05"	"5d5.(4G).6s"	"5G"	"4"	""	"*"	"5"		""	"L153"	
"491.3563"	"491.3553"	"0.0017"	"4"	""		"17701.18"	"38053.05"	"5d4.6s2"	"3F2"	"3"	""	"*"	"3"		""	"L153"	
"491.4485"	""	""	"3"	""		""	""	""	""	""	""	""	""		""	"L153"	
"491.5703"	"491.5710"	"0.0017"	"5"	""		"20427.84"	"40770.78"	"5d5.(4P).6s"	"5P"	"1"	""	"*"	"1"		""	"L153"	
"491.7551"	"491.7538"	"0.0017"	"30"	""		"14976.18"	"35311.56"	"5d4.6s2"	"3D"	"2"	""	"*"	"2"		""	"L153"	
"491.8359"	"491.8346"	"0.0017"	"2"	""		"29853.66"	"50185.70"	"5d5.(4F).6s"	"5F"	"4"	""	"*"	"3"		""	"L153"	
"491.9217"	"491.9207"	"0.0017"	"3"	""		"28347.60"	"48676.08"	"5d5.(4F).6s"	"5F"	"3"	""	"*"	"4"		""	"L153"	
"492.1180"	""	""	"2"	""		""	""	""	""	""	""	""	""		""	"L153"	
"492.2176"	""	""	"1"	""		""	""	""	""	""	""	""	""		""	"L153"	
"492.3870"	"492.3862"	"0.0017"	"3"	""		"29479.32"	"49788.58"	"5d4.6s2"	"3F1"	"4"	""	"*"	"4"		""	"L153"	
"492.4300"	"492.4308"	"0.0017"	"15"	""		"26189.20"	"46496.62"	"5d4.6s.(6D).6p"	"7D*"	"3"	"5d4.6s.(6D).7s"	"7D"	"3"		""	"L153"	
"492.5936"	"492.5948"	"0.0017"	"15"	"1.75e+05"	C	"17008.50"	"37309.16"	"5d4.6s2"	"3H"	"6"	""	"*"	"5"		"T4976"	"L153"	
"492.6487"	"492.6487"	"0.0017"	"2w"	""		"36275.10"	"56573.54"	""	"*"	"5"	""	""	"5"		""	"L153"	
"492.8086"	"492.8055"	"0.0017"	"6"	""		"28392.70"	"48684.68"	"5d5.(2I).6s"	"3I"	"6"	""	"*"	"6"		""	"L153"	
"492.8886"	"492.8881"	"0.0017"	"2"	""		"27849.80"	"48138.38"	"5d5.(2I).6s"	"3I"	"5"	""	"*"	"5"		""	"L153"	
"493.2928"	"493.2925"	"0.0017"	"50"	"1.0e+06"	C	"15460.01"	"35731.96"	"5d4.6s2"	"3D"	"3"	""	"*"	"2"		"T4976"	"L153"	
"493.3425"	"493.3433"	"0.0017"	"2"	""		"27213.82"	"47483.68"	"5d5.(2F1).6s"	"3F"	"4"	""	"*"	"3"		""	"L153"	
"493.4154"	"493.4166"	"0.0017"	"4"	""		"26229.77"	"46496.62"	"5d5.(6S).6p"	"7P*"	"2"	"5d4.6s.(6D).7s"	"7D"	"3"		""	"L153"	
"493.5193"	"493.5191"	"0.0017"	"5"	""		"29393.40"	"49656.04"	"5d4.6s.(6D).6p"	"5P*"	"2"	"5d4.6s.(6D).7s"	"5D"	"3"		""	"L153"	
"493.5919"	"493.5941"	"0.0017"	"2"	""		"32135.94"	"52395.50"	"5d5.(4G).6s"	"3G"	"4"	""	"*"	"5"		""	"L153"	
"493.7162"	"493.7201"	"0.0017"	"2"	""		"34302.04"	"54556.43"	"5d5.(2G2).6s"	"3G"	"4"	""	"*"	"3"		""	"L153"	
"493.812"	""	""	"2s"	""		""	""	""	""	""	""	""	""		""	"L153"	
"493.911"	""	""	"1"	""		""	""	""	""	""	""	""	""		""	"L153"	
"494.064"	"494.0670"	"0.0017"	"2"	""		"31817.63"	"52057.80"	""	"*"	"2"	""	""	"1"		""	"L153"	
"494.147"	"494.1463"	"0.0017"	"4"	""		"20174.20"	"40411.12"	"5d4.6s2"	"1S2"	"0"	""	"*"	"1"		""	"L153"	
"494.3321"	"494.3310"	"0.0017"	"3"	""		"24789.66"	"45019.02"	"5d4.6s2"	"1D2"	"2"	""	"*"	"2"		""	"L153"	
"494.459"	""	""	"2w"	""		""	""	""	""	""	""	""	""		""	"L153"	
"494.6469"	"494.6494"	"0.0017"	"2w"	""		"35116.78"	"55333.12"	""	"*"	"4"	""	""	"4"		""	"L153"	
"494.8567"	""	""	"3"	""		""	""	""	""	""	""	""	""		""	"L153"	
"494.9968"	"494.9968"	"0.0017"	"10"	"1.36e+05"	D	"17107.01"	"37309.16"	"5d4.6s2"	"3F2"	"4"	""	"*"	"5"		"T4976"	"L153"	
"495.4172"	"495.4186"	"0.0017"	"3"	""		"19535.01"	"39719.96"	"5d5.(4G).6s"	"5G"	"5"	""	"*"	"4"		""	"L153"	
"495.4457"	"495.4464"	"0.0017"	"15"	"8.3e+05"	B	"19827.68"	"40011.50"	"5d5.(4P).6s"	"5P"	"3"	""	"*"	"2"		"T6977"	"L153"	
"495.5095"	"495.5082"	"0.0017"	"2"	""		"22852.80"	"43034.10"	"5d4.6s2"	"1G2"	"4"	""	"*"	"5"		""	"L153"	
"495.799"	""	""	"2w"	""		""	""	""	""	""	""	""	""		""	"L153"	
"495.8749"	"495.8756"	"0.0017"	"30"	""		"13777.71"	"33944.06"	"5d4.6s2"	"3F2"	"2"	""	"*"	"2"		""	"L153"	
"496.0984"	"496.1006"	"0.0017"	"3"	""		"29479.32"	"49636.52"	"5d4.6s2"	"3F1"	"4"	""	"*"	"4"		""	"L153"	
"496.1816"	""	""	"1"	""		""	""	""	""	""	""	""	""		""	"L153"	
"496.2899"	"496.2912"	"0.0017"	"5"	""		"27670.48"	"47819.94"	"5d5.(4F).6s"	"5F"	"1"	""	"*"	"1"		""	"L153"	
"496.329"	"496.3291"	"0.0017"	"2"	""		"27213.82"	"47361.74"	"5d5.(2F1).6s"	"3F"	"4"	""	"*"	"3"		""	"L153"	
"496.3673"	"496.3673"	"0.0017"	"8"	""		"27213.82"	"47360.19"	"5d5.(2F1).6s"	"3F"	"4"	""	"*"	"4"		""	"L153"	
"496.9071"	"496.9065"	"0.0017"	"4"	""		"22476.68"	"42601.19"	"5d5.(4D).6s"	"5D"	"4"	""	"*"	"3"		""	"L153"	
"496.9814"	"496.9808"	"0.0017"	"4"	""		"20983.02"	"41104.52"	"5d5.(4P).6s"	"5P"	"2"	""	"*"	"2"		""	"L153"	
"497.0497"	"497.0470"	"0.0017"	"2"	""		"27849.80"	"47968.62"	"5d5.(2I).6s"	"3I"	"5"	""	"*"	"4"		""	"L153"	
"497.207"	"497.2064"	"0.0017"	"3"	""		"29853.66"	"49966.03"	"5d5.(4F).6s"	"5F"	"4"	""	"*"	"3"		""	"L153"	
"497.395"	"497.3944"	"0.0017"	"30"	"3.9e+05"	C	"19256.24"	"39361.01"	"5d5.(4G).6s"	"5G"	"4"	""	"*"	"5"		"T4976"	"L153"	
"497.5412"	""	""	"2"	""		""	""	""	""	""	""	""	""		""	"L153"	
"497.6648"	""	""	"3"	""		""	""	""	""	""	""	""	""		""	"L153"	
"497.739"	"497.7373"	"0.0017"	"4"	""		"23930.08"	"44021.00"	"5d5.(4D).6s"	"5D"	"3"	""	"*"	"3"		""	"L153"	
"497.7721"	"497.7715"	"0.0017"	"10"	""		"18116.84"	"38206.38"	"5d5.(4G).6s"	"5G"	"2"	""	"*"	"3"		""	"L153"	
"497.8642"	"497.8627"	"0.0017"	"15"	""		"27889.68"	"47975.54"	"5d5.(6S).6p"	"7P*"	"4"	"5d4.6s.(6D).7s"	"7D"	"4"		""	"L153"	
"497.9095"	"497.9098"	"0.0017"	"4"	""		"31389.08"	"51473.04"	"5d5.(4G).6s"	"3G"	"5"	""	"*"	"4"		""	"L153"	
"498.1229"	"498.1231"	"0.0017"	"50"	""		"18280.48"	"38355.84"	"5d5.(6S).6s"	"5S"	"2"	""	"*"	"1"		""	"L153"	
"498.286"	""	""	"2"	""		""	""	""	""	""	""	""	""		""	"L153"	
"498.327"	"498.3261"	"0.0017"	"2"	""		"28720.88"	"48788.06"	"5d5.(4P).6s"	"3P"	"1"	""	"*"	"1"		""	"L153"	
"498.3983"	"498.3977"	"0.0017"	"200"	"4.17e+05"	B	"0.00"	"20064.30"	"5d4.6s2"	"5D"	"0"	"5d4.6s.(6D).6p"	"7F*"	"1"		"T4976"	"L153"	
"498.4919"	"498.4921"	"0.0017"	"15"	""		"19648.54"	"39709.04"	"5d5.(4G).6s"	"5G"	"6"	"5d4.6s.(4H).6p"	"5H*"	"7"		""	"L153"	
"498.555"	"498.5557"	"0.0017"	"5"	""		"22852.80"	"42910.74"	"5d4.6s2"	"1G2"	"4"	""	"*"	"4"		""	"L153"	
"498.6089"	"498.6104"	"0.0017"	"20"	"9.0e+05"	B	"18974.51"	"39030.25"	"5d5.(4G).6s"	"5G"	"3"	""	"*"	"2"		"T6977"	"L153"	
"498.831"	"498.8315"	"0.0017"	"80"	"6.3e+05"	C	"15069.93"	"35116.78"	"5d4.6s2"	"3H"	"5"	""	"*"	"4"		"T4976"	"L153"	
"498.8721"	"498.8740"	"0.0017"	"3w"	""		"23930.08"	"43975.22"	"5d5.(4D).6s"	"5D"	"3"	""	"*"	"2"		""	"L153"	
"498.9442"	""	""	"3w"	""		""	""	""	""	""	""	""	""		""	"L153"	
"499.047"	"499.0468"	"0.0017"	"15"	""		"23982.80"	"44021.00"	"5d5.(4D).6s"	"5D"	"2"	""	"*"	"3"		""	"L153"	
"499.126"	"499.1260"	"0.0017"	"5"	""		"29479.32"	"49514.34"	"5d4.6s2"	"3F1"	"4"	""	"*"	"3"		""	"L153"	
"499.221"	""	""	"1"	""		""	""	""	""	""	""	""	""		""	"L153"	
"499.324"	"499.3269"	"0.0017"	"2"	""		"28291.88"	"48318.84"	"5d5.(2F1).6s"	"3F"	"3"	""	"*"	"2"		""	"L153"	
"499.3767"	"499.3768"	"0.0017"	"4"	""		"34632.60"	"54657.56"	""	"*"	"4"	""	""	"3"		""	"L153"	
"499.5476"	""	""	"6"	""		""	""	""	""	""	""	""	""		""	"L153"	
"499.668"	"499.6702"	"0.0017"	"20"	""		"22852.80"	"42866.00"	"5d4.6s2"	"1G2"	"4"	""	"*"	"5"		""	"L153"	
"500.188"	"500.1896"	"0.0018"	"4"	""		"23982.80"	"43975.22"	"5d5.(4D).6s"	"5D"	"2"	""	"*"	"2"		""	"L153"	
"500.2467"	""	""	"5"	""		""	""	""	""	""	""	""	""		""	"L153"	
"500.419"	"500.4183"	"0.0018"	"12"	"1.09e+06"	B	"20427.84"	"40411.12"	"5d5.(4P).6s"	"5P"	"1"	""	"*"	"1"		"T6977"	"L153"	
"500.5329"	"500.5303"	"0.0018"	"2"	""		"28347.60"	"48326.41"	"5d5.(4F).6s"	"5F"	"3"	""	"*"	"3"		""	"L153"	
"500.6612"	"500.6619"	"0.0018"	"4"	""		"22476.68"	"42450.24"	"5d5.(4D).6s"	"5D"	"4"	""	"*"	"4"		""	"L153"	
"500.6788"	"500.6784"	"0.0018"	"6"	""		"17701.18"	"37674.08"	"5d4.6s2"	"3F2"	"3"	""	"*"	"3"		""	"L153"	
"500.7546"	"500.7544"	"0.0018"	"60"	"1.2e+06"	B	"6219.33"	"26189.20"	"5d4.6s2"	"5D"	"4"	"5d4.6s.(6D).6p"	"7D*"	"3"		"T4976"	"L153"	
"500.8618"	"500.8637"	"0.0018"	"8"	""		"19648.54"	"39614.05"	"5d5.(4G).6s"	"5G"	"6"	""	"*"	"5"		""	"L153"	
"500.9507"	"500.9523"	"0.0018"	"4"	""		"31323.48"	"51285.46"	""	"*"	"1"	""	""	"0"		""	"L153"	
"501.1271"	""	""	"4"	""		""	""	""	""	""	""	""	""		""	"L153"	
"501.1764"	""	""	"5w"	""		""	""	""	""	""	""	""	""		""	"L153"	
"501.2852"	""	""	"3"	""		""	""	""	""	""	""	""	""		""	"L153"	
"501.3166"	"501.3147"	"0.0018"	"1"	""		"24789.66"	"44737.21"	"5d4.6s2"	"1D2"	"2"	""	"*"	"1"		""	"L153"	
"501.369"	"501.3743"	"0.0018"	"3w"	""		"32238.02"	"52183.20"	""	"*"	"3"	""	""	"2"		""	"L153"	
"501.4834"	"501.4841"	"0.0018"	"10"	""		"20983.02"	"40923.83"	"5d5.(4P).6s"	"5P"	"2"	""	"*"	"3"		""	"L153"	
"501.5378"	"501.5370"	"0.0018"	"4*"	""		"30586.64"	"50525.35"	"5d4.6s.(6D).6p"	"5P*"	"3"	""	""	"2"		""	"L153"	
"501.5378"	"501.5402"	"0.0018"	"4*"	""		"29479.32"	"49417.90"	"5d4.6s2"	"3F1"	"4"	""	"*"	"3"		""	"L153"	
"501.597"	"501.5999"	"0.0018"	"8"	""		"18116.84"	"38053.05"	"5d5.(4G).6s"	"5G"	"2"	""	"*"	"3"		""	"L153"	
"501.6703"	"501.6708"	"0.0018"	"50"	"5.4e+05"	B	"4830.00"	"24763.39"	"5d4.6s2"	"5D"	"3"	"5d4.6s.(6D).6p"	"7F*"	"4"		"T4976"	"L153"	
"501.8611"	"501.8594"	"0.0018"	"12"	""		"18280.48"	"38206.38"	"5d5.(6S).6s"	"5S"	"2"	""	"*"	"3"		""	"L153"	
"501.9904"	"501.9889"	"0.0018"	"4"	""		"23930.08"	"43850.84"	"5d5.(4D).6s"	"5D"	"3"	""	"*"	"3"		""	"L153"	
"502.0920"	"502.0917"	"0.0018"	"3"	""		"33201.61"	"53118.29"	"5d5.(2G2).6s"	"3G"	"5"	""	"*"	"4"		""	"L153,L416"	
"502.2724"	"502.2647"	"0.0018"	"5"	""		"23982.80"	"43892.62"	"5d5.(4D).6s"	"5D"	"2"	""	"*"	"1"		""	"L153"	
"502.3897"	"502.3878"	"0.0018"	"5"	""		"28233.44"	"48138.38"	"5d5.(4F).6s"	"5F"	"5"	""	"*"	"5"		""	"L153"	
"502.4824"	"502.4838"	"0.0018"	"2w"	""		"37414.11"	"57315.25"	""	""	"3"	""	"*"	"4"		""	"L153,L416"	
"502.6671"	"502.6661"	"0.0018"	"5"	""		"19826.04"	"39719.96"	"5d4.6s2"	"3G"	"5"	""	"*"	"4"		""	"L153"	
"502.7086"	"502.7076"	"0.0018"	"6"	""		"19827.68"	"39719.96"	"5d5.(4P).6s"	"5P"	"3"	""	"*"	"4"		""	"L153"	
"502.884"	"502.8820"	"0.0018"	"5"	""		"20983.02"	"40868.40"	"5d5.(4P).6s"	"5P"	"2"	""	"*"	"2"		""	"L153"	
"503.0336"	"503.0328"	"0.0018"	"20*"	""		"28198.90"	"48078.32"	"5d4.6s.(6D).6p"	"5P*"	"1"	"5d4.6s.(6D).7s"	"5D"	"2"		""	"L153"	
"503.0336"	"503.0348"	"0.0018"	"20*"	""		"32135.94"	"52015.28"	"5d5.(4G).6s"	"3G"	"4"	""	"*"	"3"		""	"L153"	
"503.0336"	"503.0348"	"0.0018"	"20*"	""		"19827.68"	"39707.02"	"5d5.(4P).6s"	"5P"	"3"	""	"*"	"2"		""	"L153"	
"503.0515"	"503.0518"	"0.0018"	"6"	""		"28291.88"	"48170.55"	"5d5.(2F1).6s"	"3F"	"3"	""	"*"	"3"		""	"L153"	
"503.0901"	""	""	"2w"	""		""	""	""	""	""	""	""	""		""	"L153"	
"503.3216"	"503.3209"	"0.0018"	"15"	""		"23982.80"	"43850.84"	"5d5.(4D).6s"	"5D"	"2"	""	"*"	"3"		""	"L153"	
"503.5768"	"503.5754"	"0.0018"	"2w"	""		"28392.70"	"48250.70"	"5d5.(2I).6s"	"3I"	"6"	""	"*"	"7"		""	"L153"	
"503.715"	"503.7169"	"0.0018"	"4"	""		"34121.68"	"53974.10"	""	"*"	"4"	""	""	"5"		""	"L153"	
"503.7402"	"503.7390"	"0.0018"	"5"	""		"15460.01"	"35311.56"	"5d4.6s2"	"3D"	"3"	""	"*"	"2"		""	"L153"	
"504.0433"	"504.0442"	"0.0018"	"10"	""		"27849.80"	"47689.33"	"5d5.(2I).6s"	"3I"	"5"	""	"*"	"4"		""	"L153"	
"504.1766"	"504.1776"	"0.0018"	"60"	"5.2e+05"	C	"13307.10"	"33141.38"	"5d4.6s2"	"3P2"	"1"	""	"*"	"2"		"T4976"	"L153"	
"504.282"	""	""	"3w"	""		""	""	""	""	""	""	""	""		""	"L153"	
"504.3174"	"504.3159"	"0.0018"	"4w"	""		"26629.46"	"46458.30"	"5d4.6s.(6D).6p"	"5D*"	"0"	"5d4.6s.(6D).7s"	"5D"	"1"		""	"L153"	
"504.3888"	"504.3882"	"0.0018"	"3"	""		"19535.01"	"39361.01"	"5d5.(4G).6s"	"5G"	"5"	""	"*"	"5"		""	"L153"	
"504.573"	"504.5732"	"0.0018"	"20"	""		"19827.68"	"39646.41"	"5d5.(4P).6s"	"5P"	"3"	""	"*"	"3"		""	"L153"	
"504.6315"	"504.6346"	"0.0018"	"4"	""		"31077.80"	"50894.12"	""	""	"2"	""	"*"	"3"		""	"L153,L416"	
"505.282"	"505.2855"	"0.0018"	"1c"	""		"23930.08"	"43720.87"	"5d5.(4D).6s"	"5D"	"3"	""	"*"	"4"		""	"L153"	
"505.364"	"505.3629"	"0.0018"	"30"	"1.1e+06"	E	"20983.02"	"40770.78"	"5d5.(4P).6s"	"5P"	"2"	""	"*"	"1"		"T6977"	"L153"	
"505.4685"	"505.4689"	"0.0018"	"400"	"1.9e+06"	B	"1670.29"	"21453.90"	"5d4.6s2"	"5D"	"1"	"5d4.6s.(6D).6p"	"7D*"	"1"		"T4976"	"L153"	
"505.6005"	"505.6003"	"0.0018"	"150"	"3.3e+05"	D	"1670.29"	"21448.76"	"5d4.6s2"	"5D"	"1"	"5d4.6s.(6D).6p"	"7F*"	"2"		"T4191"	"L153"	
"505.6926"	"505.6933"	"0.0018"	"50"	"4.0e+06"	B	"22476.68"	"42251.51"	"5d5.(4D).6s"	"5D"	"4"	""	"*"	"3"		"T6977"	"L153"	
"505.7504"	"505.7511"	"0.0018"	"4"	""		"18280.48"	"38053.05"	"5d5.(6S).6s"	"5S"	"2"	""	"*"	"3"		""	"L153"	
"505.791"	""	""	"2"	""		""	""	""	""	""	""	""	""		""	"L153"	
"505.825"	""	""	"2"	""		""	""	""	""	""	""	""	""		""	"L153"	
"505.886"	"505.8847"	"0.0018"	"2"	""		"17107.01"	"36874.36"	"5d4.6s2"	"3F2"	"4"	""	"*"	"3"		""	"L153"	
"505.9416"	"505.9418"	"0.0018"	"30"	""		"17701.18"	"37466.30"	"5d4.6s2"	"3F2"	"3"	""	"*"	"2"		""	"L153"	
"506.0753"	""	""	"2"	""		""	""	""	""	""	""	""	""		""	"L153"	
"506.349"	""	""	"2"	""		""	""	""	""	""	""	""	""		""	"L153"	
"506.4554"	""	""	"5"	""		""	""	""	""	""	""	""	""		""	"L153"	
"506.5050"	"506.5048"	"0.0018"	"8"	"1.4e+05"	D	"14976.18"	"34719.33"	"5d4.6s2"	"3D"	"2"	""	"*"	"1"		"T4976"	"L153"	
"506.6219"	""	""	"5"	""		""	""	""	""	""	""	""	""		""	"L153"	
"506.7094"	"506.7093"	"0.0018"	"4"	""		"28233.44"	"47968.62"	"5d5.(4F).6s"	"5F"	"5"	""	"*"	"4"		""	"L153"	
"506.7985"	""	""	"3"	""		""	""	""	""	""	""	""	""		""	"L153"	
"506.860"	""	""	"2"	""		""	""	""	""	""	""	""	""		""	"L153"	
"507.0531"	"507.0536"	"0.0018"	"120"	""		"3325.53"	"23047.31"	"5d4.6s2"	"5D"	"2"	"5d4.6s.(6D).6p"	"7F*"	"3"		""	"L153"	
"507.2929"	"507.2931"	"0.0018"	"6"	"3.4e+05"	C	"19648.54"	"39361.01"	"5d5.(4G).6s"	"5G"	"6"	""	"*"	"5"		"T4976"	"L153"	
"507.3149"	"507.3150"	"0.0018"	"150"	""		"29643.06"	"49354.68"	"5d4.6s.(6D).6p"	"7F*"	"6"	"5d4.6s.(6D).7s"	"7D"	"5"		""	"L153"	
"507.3918"	"507.3927"	"0.0018"	"3"	""		"29479.32"	"49187.92"	"5d4.6s2"	"3F1"	"4"	""	"*"	"5"		""	"L153"	
"507.8425"	"507.8429"	"0.0018"	"10"	""		"18082.83"	"37773.96"	"5d4.6s2"	"3D"	"1"	""	"*"	"1"		""	"L153"	
"508.0620"	"508.0570"	"0.0018"	"4"	""		"20983.02"	"40665.85"	"5d5.(4P).6s"	"5P"	"2"	""	"*"	"3"		""	"L153"	
"508.1338"	"508.1347"	"0.0018"	"3"	""		"22852.80"	"42532.62"	"5d4.6s2"	"1G2"	"4"	""	"*"	"4"		""	"L153"	
"508.214"	"508.2143"	"0.0018"	"10"	""		"28291.88"	"47968.62"	"5d5.(2F1).6s"	"3F"	"3"	""	"*"	"4"		""	"L153"	
"508.342"	""	""	"3"	""		""	""	""	""	""	""	""	""		""	"L153"	
"508.4139"	"508.4122"	"0.0018"	"4"	""		"28720.88"	"48389.96"	"5d5.(4P).6s"	"3P"	"1"	""	"*"	"1"		""	"L153"	
"508.4559"	"508.4579"	"0.0018"	"4"	""		"27670.48"	"47337.79"	"5d5.(4F).6s"	"5F"	"1"	""	"*"	"2"		""	"L153"	
"508.7294"	"508.7306"	"0.0018"	"5w"	"3.0e+04"	D	"15460.01"	"35116.78"	"5d4.6s2"	"3D"	"3"	""	"*"	"4"		"T4976"	"L153"	
"509.1401"	"509.1396"	"0.0018"	"20"	""		"27213.82"	"46854.80"	"5d5.(2F1).6s"	"3F"	"4"	""	"*"	"5"		""	"L153"	
"509.534"	"509.5388"	"0.0018"	"2"	""		"31323.48"	"50949.07"	""	"*"	"1"	""	""	"1"		""	"L153"	
"509.5593"	"509.5614"	"0.0018"	"6"	""		"33569.53"	"53194.25"	""	""	"4"	""	"*"	"5"		""	"L153,L416"	
"509.644"	"509.6398"	"0.0018"	"2c"	""		"37146.36"	"56768.06"	""	"*"	"4"	""	""	"5"		""	"L153"	
"509.7546"	"509.7515"	"0.0018"	"2"	""		"28233.44"	"47850.84"	"5d5.(4F).6s"	"5F"	"5"	""	"*"	"5"		""	"L153"	
"509.792"	"509.7947"	"0.0018"	"2"	""		"28204.20"	"47819.94"	"5d5.(4F).6s"	"5F"	"2"	""	"*"	"1"		""	"L153"	
"509.967"	"509.9694"	"0.0018"	"2"	""		"13348.56"	"32957.58"	"5d4.6s2"	"3G"	"3"	""	"*"	"3"		""	"L153"	
"510.2698"	"510.2707"	"0.0018"	"3w"	""		"22852.80"	"42450.24"	"5d4.6s2"	"1G2"	"4"	""	"*"	"4"		""	"L153"	
"510.6066"	"510.6053"	"0.0018"	"2"	""		"23930.08"	"43514.68"	"5d5.(4D).6s"	"5D"	"3"	""	"*"	"2"		""	"L153"	
"510.6308"	"510.6298"	"0.0018"	"1"	""		"20427.84"	"40011.50"	"5d5.(4P).6s"	"5P"	"1"	""	"*"	"2"		""	"L153"	
"510.6567"	"510.6543"	"0.0018"	"4"	""		"31323.48"	"50906.20"	""	"*"	"1"	""	""	"1"		""	"L153"	
"510.6901"	"510.6903"	"0.0018"	"20"	""		"29773.34"	"49354.68"	"5d4.6s.(6D).6p"	"7D*"	"5"	"5d4.6s.(6D).7s"	"7D"	"5"		""	"L153"	
"510.7834"	"510.7816"	"0.0018"	"4"	""		"24789.66"	"44367.50"	"5d4.6s2"	"1D2"	"2"	""	"*"	"2"		""	"L153"	
"510.920"	"510.9212"	"0.0018"	"5"	""		"33201.61"	"52774.10"	"5d5.(2G2).6s"	"3G"	"5"	""	"*"	"5"		""	"L153,L416"	
"510.967"	""	""	"2"	""		""	""	""	""	""	""	""	""		""	"L153"	
"511.178"	"511.1777"	"0.0018"	"15"	""		"15069.93"	"34632.60"	"5d4.6s2"	"3H"	"5"	""	"*"	"4"		""	"L153"	
"511.3199"	"511.3196"	"0.0018"	"10"	""		"18116.84"	"37674.08"	"5d5.(4G).6s"	"5G"	"2"	""	"*"	"3"		""	"L153"	
"511.533"	"511.5267"	"0.0018"	"3w"	""		"23484.78"	"43034.10"	"5d4.6s2"	"1I"	"6"	""	"*"	"5"		""	"L153"	
"511.602"	"511.5982"	"0.0018"	"3"	""		"34302.04"	"53848.63"	"5d5.(2G2).6s"	"3G"	"4"	""	"*"	"4"		""	"L153"	
"511.672"	"511.6728"	"0.0018"	"4"	""		"28720.88"	"48264.62"	"5d5.(4P).6s"	"3P"	"1"	""	"*"	"0"		""	"L153"	
"511.9038"	"511.9025"	"0.0018"	"20"	"1.61e+05"	D	"19826.04"	"39361.01"	"5d4.6s2"	"3G"	"5"	""	"*"	"5"		"T4976"	"L153"	
"511.9844"	"511.9835"	"0.0018"	"8"	""		"23982.80"	"43514.68"	"5d5.(4D).6s"	"5D"	"2"	""	"*"	"2"		""	"L153"	
"512.1980"	"512.1969"	"0.0018"	"20"	""		"37309.16"	"56832.90"	""	"*"	"5"	""	""	"6"		""	"L153"	
"512.5053"	"512.5088"	"0.0018"	"1"	""		"16431.31"	"35943.17"	"5d4.6s2"	"3G"	"4"	""	"*"	"3"		""	"L153"	
"512.5662"	"512.5661"	"0.0018"	"40"	"4.0e+05"	C	"14976.18"	"34485.86"	"5d4.6s2"	"3D"	"2"	""	"*"	"2"		"T4976"	"L153"	
"512.675"	""	""	"1"	""		""	""	""	""	""	""	""	""		""	"L153"	
"512.931"	"512.9315"	"0.0018"	"4c"	""		"23982.80"	"43478.58"	"5d5.(4D).6s"	"5D"	"2"	""	"*"	"3"		""	"L153"	
"512.992"	"512.9920"	"0.0018"	"20"	""		"18280.48"	"37773.96"	"5d5.(6S).6s"	"5S"	"2"	""	"*"	"1"		""	"L153"	
"513.0265"	"513.0257"	"0.0018"	"6"	""		"19256.24"	"38748.44"	"5d5.(4G).6s"	"5G"	"4"	""	"*"	"4"		""	"L153"	
"513.124"	"513.1226"	"0.0018"	"25"	""		"22773.78"	"42262.30"	"5d5.(4D).6s"	"5D"	"0"	""	"*"	"1"		""	"L153"	
"513.1543"	"513.1545"	"0.0018"	"50"	""		"23964.67"	"43451.98"	"5d4.6s.(6D).6p"	"7D*"	"2"	"5d4.6s.(6D).7s"	"7D"	"1"		""	"L153"	
"513.2748"	""	""	"10"	""		""	""	""	""	""	""	""	""		""	"L153"	
"513.354"	"513.3586"	"0.0018"	"2c"	""		"13348.56"	"32828.12"	"5d4.6s2"	"3G"	"3"	"5d4.6s.(6D).6p"	"5D*"	"4"		""	"L153"	
"513.454"	"513.4540"	"0.0018"	"20"	""		"32217.91"	"51693.85"	""	""	"3"	""	"*"	"2"		""	"L153,L416"	
"513.751"	"513.7537"	"0.0018"	"5w"	""		"32135.94"	"51600.52"	"5d5.(4G).6s"	"3G"	"4"	""	"*"	"3"		""	"L153"	
"513.813"	"513.8107"	"0.0018"	"12"	""		"20174.20"	"39636.62"	"5d4.6s2"	"1S2"	"0"	""	"*"	"1"		""	"L153"	
"513.906"	"513.9037"	"0.0018"	"3"	""		"37309.16"	"56768.06"	""	"*"	"5"	""	""	"5"		""	"L153"	
"513.9229"	"513.9237"	"0.0018"	"6"	""		"28392.70"	"47850.84"	"5d5.(2I).6s"	"3I"	"6"	""	"*"	"5"		""	"L153"	
"513.9832"	"513.9832"	"0.0018"	"25"	""		"28233.44"	"47689.33"	"5d5.(4F).6s"	"5F"	"5"	""	"*"	"4"		""	"L153"	
"514.2680"	"514.2663"	"0.0019"	"12"	"1.12e+05"	C	"17701.18"	"37146.36"	"5d4.6s2"	"3F2"	"3"	""	"*"	"4"		"T4976"	"L153"	
"514.6886"	"514.6900"	"0.0019"	"8"	""		"32826.63"	"52255.80"	""	""	"3"	""	"*"	"3"		""	"L153,L416"	
"514.7208"	"514.7184"	"0.0019"	"25"	"2.10e+06"	B	"20983.02"	"40411.12"	"5d5.(4P).6s"	"5P"	"2"	""	"*"	"1"		"T6977"	"L153"	
"514.915"	"514.9161"	"0.0019"	"3c"	""		"32957.58"	"52378.22"	""	"*"	"3"	""	""	"4"		""	"L153"	
"515.0161"	"515.0129"	"0.0019"	"6*"	""		"31389.08"	"50806.07"	"5d5.(4G).6s"	"3G"	"5"	""	"*"	"5"		""	"L153"	
"515.0161"	"515.0195"	"0.0019"	"6*"	""		"31077.80"	"50494.54"	""	""	"2"	""	"*"	"2"		""	"L153c23"	
"515.1200"	""	""	"3"	""		""	""	""	""	""	""	""	""		""	"L153"	
"515.1687"	"515.1657"	"0.0019"	"4"	""		"27213.82"	"46625.05"	"5d5.(2F1).6s"	"3F"	"4"	""	"*"	"4"		""	"L153"	
"515.222"	"515.2270"	"0.0019"	"5"	""		"27670.48"	"47079.40"	"5d5.(4F).6s"	"5F"	"1"	""	"*"	"2"		""	"L153"	
"515.2721"	""	""	"3"	""		""	""	""	""	""	""	""	""		""	"L153"	
"515.4991"	"515.4982"	"0.0019"	"40"	""		"22852.80"	"42251.51"	"5d4.6s2"	"1G2"	"4"	""	"*"	"3"		""	"L153"	
"515.5316"	"515.5317"	"0.0019"	"20"	""		"28291.88"	"47689.33"	"5d5.(2F1).6s"	"3F"	"3"	""	"*"	"4"		""	"L153"	
"515.5898"	"515.5899"	"0.0019"	"30"	""		"22476.68"	"41871.94"	"5d5.(4D).6s"	"5D"	"4"	""	"*"	"4"		""	"L153"	
"515.6340"	"515.6340"	"0.0019"	"15"	""		"18280.48"	"37674.08"	"5d5.(6S).6s"	"5S"	"2"	""	"*"	"3"		""	"L153"	
"515.8158"	""	""	"4"	""		""	""	""	""	""	""	""	""		""	"L153"	
"515.9055"	"515.9035"	"0.0019"	"4"	""		"18082.83"	"37466.30"	"5d4.6s2"	"3D"	"1"	""	"*"	"2"		""	"L153"	
"515.9624"	"515.9634"	"0.0019"	"15"	""		"23484.78"	"42866.00"	"5d4.6s2"	"1I"	"6"	""	"*"	"5"		""	"L153"	
"516.0532"	"516.0518"	"0.0019"	"2"	"9.1e+03"	D	"14976.18"	"34354.08"	"5d4.6s2"	"3D"	"2"	""	"*"	"3"		"T4976"	"L153"	
"516.1001"	""	""	"3"	""		""	""	""	""	""	""	""	""		""	"L153"	
"516.144"	"516.1416"	"0.0019"	"5"	""		"24610.88"	"43985.41"	"5d4.6s2"	"1F"	"3"	""	"*"	"4"		""	"L153"	
"516.1759"	""	""	"4"	""		""	""	""	""	""	""	""	""		""	"L153"	
"516.250"	""	""	"4"	""		""	""	""	""	""	""	""	""		""	"L153"	
"516.3584"	"516.3620"	"0.0019"	"8"	""		"14976.18"	"34342.44"	"5d4.6s2"	"3D"	"2"	""	"*"	"1"		""	"L153"	
"516.4312"	"516.4310"	"0.0019"	"4"	"2.0e+04"	D	"13777.71"	"33141.38"	"5d4.6s2"	"3F2"	"2"	""	"*"	"2"		"T4976"	"L153"	
"516.492"	""	""	"4"	""		""	""	""	""	""	""	""	""		""	"L153"	
"516.8087"	"516.8103"	"0.0019"	"2"	""		"18116.84"	"37466.30"	"5d5.(4G).6s"	"5G"	"2"	""	"*"	"2"		""	"L153"	
"517.022"	"517.0230"	"0.0019"	"2w"	""		"34632.60"	"53974.10"	""	"*"	"4"	""	""	"5"		""	"L153"	
"517.209"	""	""	"2"	""		""	""	""	""	""	""	""	""		""	"L153"	
"517.4067"	"517.4061"	"0.0019"	"3"	""		"32957.58"	"52284.76"	""	"*"	"3"	""	""	"3"		""	"L153"	
"517.508"	""	""	"4"	""		""	""	""	""	""	""	""	""		""	"L153"	
"517.575"	"517.5737"	"0.0019"	"5"	""		"23930.08"	"43251.00"	"5d5.(4D).6s"	"5D"	"3"	""	"*"	"4"		""	"L153"	
"517.7174"	"517.7203"	"0.0019"	"6"	""		"32378.40"	"51693.85"	"5d5.(2D3).6s"	"3D"	"1"	""	"*"	"2"		""	"L153"	
"517.920"	"517.9168"	"0.0019"	"8"	""		"28233.44"	"47541.56"	"5d5.(4F).6s"	"5F"	"5"	""	"*"	"6"		""	"L153"	
"518.095"	"518.0928"	"0.0019"	"10"	""		"28291.88"	"47593.44"	"5d5.(2F1).6s"	"3F"	"3"	""	"*"	"3"		""	"L153"	
"518.148"	""	""	"3"	""		""	""	""	""	""	""	""	""		""	"L153"	
"518.201"	"518.1997"	"0.0019"	"1w"	""		"23930.08"	"43227.66"	"5d5.(4D).6s"	"5D"	"3"	""	"*"	"2"		""	"L153"	
"518.338"	"518.3348"	"0.0019"	"5w"	""		"27213.82"	"46506.37"	"5d5.(2F1).6s"	"3F"	"4"	""	"*"	"5"		""	"L153"	
"518.374"	""	""	"3w"	""		""	""	""	""	""	""	""	""		""	"L153"	
"518.5030"	"518.5020"	"0.0019"	"6"	""		"20983.02"	"40269.35"	"5d5.(4P).6s"	"5P"	"2"	""	"*"	"3"		""	"L153"	
"518.5409"	"518.5407"	"0.0019"	"40"	"9.6e+05"	B	"18974.51"	"38259.40"	"5d5.(4G).6s"	"5G"	"3"	""	"*"	"4"		"T6977"	"L153"	
"518.696"	"518.6943"	"0.0019"	"2"	""		"20427.84"	"39707.02"	"5d5.(4P).6s"	"5P"	"1"	""	"*"	"2"		""	"L153"	
"518.8982"	"518.8985"	"0.0019"	"6"	""		"28898.96"	"48170.55"	"5d4.6s2"	"3P1"	"2"	""	"*"	"3"		""	"L153"	
"519.0312"	"519.0329"	"0.0019"	"10"	""		"17008.50"	"36275.10"	"5d4.6s2"	"3H"	"6"	""	"*"	"5"		""	"L153"	
"519.0961"	"519.0928"	"0.0019"	"3"	""		"37309.16"	"56573.54"	""	"*"	"5"	""	""	"5"		""	"L153"	
"519.4151"	"519.4152"	"0.0019"	"40"	""		"14976.18"	"34228.60"	"5d4.6s2"	"3D"	"2"	""	"*"	"3"		""	"L153"	
"519.708"	"519.7068"	"0.0019"	"40"	""		"25983.60"	"45225.22"	"5d4.6s.(6D).6p"	"5F*"	"1"	"5d4.6s.(6D).7s"	"5D"	"0"		""	"L153"	
"519.794"	"519.7956"	"0.0019"	"9"	""		"28204.20"	"47442.53"	"5d5.(4F).6s"	"5F"	"2"	""	"*"	"2"		""	"L153"	
"519.973"	"519.9702"	"0.0019"	"5"	""		"18974.51"	"38206.38"	"5d5.(4G).6s"	"5G"	"3"	""	"*"	"3"		""	"L153"	
"520.141"	"520.1393"	"0.0019"	"2"	""		"32957.58"	"52183.20"	""	"*"	"3"	""	""	"2"		""	"L153"	
"520.289"	"520.2854"	"0.0019"	"4"	""		"29853.66"	"49073.88"	"5d5.(4F).6s"	"5F"	"4"	""	"*"	"5"		""	"L153"	
"520.356"	"520.3547"	"0.0019"	"2"	""		"22476.68"	"41694.34"	"5d5.(4D).6s"	"5D"	"4"	""	"*"	"3"		""	"L153"	
"520.470"	"520.4693"	"0.0019"	"10"	""		"19535.01"	"38748.44"	"5d5.(4G).6s"	"5G"	"5"	""	"*"	"4"		""	"L153"	
"520.597"	"520.5953"	"0.0019"	"12"	"6.8e+06"	B	"20427.84"	"39636.62"	"5d5.(4P).6s"	"5P"	"1"	""	"*"	"1"		"T6977"	"L153"	
"520.663"	"520.6603"	"0.0019"	"4"	""		"26861.64"	"46068.02"	"5d5.(2F1).6s"	"3F"	"2"	""	"*"	"3"		""	"L153"	
"520.763"	"520.7636"	"0.0019"	"12"	"2.49e+06"	B	"19827.68"	"39030.25"	"5d5.(4P).6s"	"5P"	"3"	""	"*"	"2"		"T6977"	"L153"	
"520.923"	"520.9212"	"0.0019"	"2"	""		"29479.32"	"48676.08"	"5d4.6s2"	"3F1"	"4"	""	"*"	"4"		""	"L153"	
"521.057"	"521.0559"	"0.0019"	"5"	""		"28291.88"	"47483.68"	"5d5.(2F1).6s"	"3F"	"3"	""	"*"	"3"		""	"L153"	
"521.219"	"521.2183"	"0.0019"	"1"	""		"18280.48"	"37466.30"	"5d5.(6S).6s"	"5S"	"2"	""	"*"	"2"		""	"L153"	
"521.379"	"521.3800"	"0.0019"	"3"	""		"13777.71"	"32957.58"	"5d4.6s2"	"3F2"	"2"	""	"*"	"3"		""	"L153"	
"521.426"	"521.4226"	"0.0019"	"16"	""		"28797.24"	"47975.54"	"5d4.6s.(6D).6p"	"7D*"	"4"	"5d4.6s.(6D).7s"	"7D"	"4"		""	"L153"	
"521.5627"	"521.5619"	"0.0019"	"12"	""		"17701.18"	"36874.36"	"5d4.6s2"	"3F2"	"3"	""	"*"	"3"		""	"L153"	
"521.700"	"521.7004"	"0.0019"	"3"	""		"17107.01"	"36275.10"	"5d4.6s2"	"3F2"	"4"	""	"*"	"5"		""	"L153"	
"521.9647"	"521.9640"	"0.0019"	"4"	""		"35499.15"	"54657.56"	""	"*"	"3"	""	""	"3"		""	"L153"	
"521.9885"	"521.9877"	"0.0019"	"10"	""		"28204.20"	"47361.74"	"5d5.(4F).6s"	"5F"	"2"	""	"*"	"3"		""	"L153"	
"522.067"	"522.0626"	"0.0019"	"3"	""		"32135.94"	"51290.73"	"5d5.(4G).6s"	"3G"	"4"	""	"*"	"5"		""	"L153"	
"522.101"	"522.1005"	"0.0019"	"2"	""		"34632.60"	"53786.00"	""	"*"	"4"	""	""	"4"		""	"L153"	
"522.1807"	"522.1755"	"0.0019"	"4w"	""		"28291.88"	"47442.53"	"5d5.(2F1).6s"	"3F"	"3"	""	"*"	"2"		""	"L153"	
"522.572"	"522.5731"	"0.0019"	"4"	""		"28347.60"	"47483.68"	"5d5.(4F).6s"	"5F"	"3"	""	"*"	"3"		""	"L153"	
"522.6112"	"522.6116"	"0.0019"	"250"	"1.2e+06"	B	"4830.00"	"23964.67"	"5d4.6s2"	"5D"	"3"	"5d4.6s.(6D).6p"	"7D*"	"2"		"T4976"	"L153"	
"523.0583"	"523.0544"	"0.0019"	"25"	""		"23455.02"	"42573.49"	"5d5.(4D).6s"	"5D"	"1"	""	"*"	"1"		""	"L153"	
"523.1702"	""	""	"2"	""		""	""	""	""	""	""	""	""		""	"L153"	
"523.4980"	"523.4977"	"0.0019"	"150"	""		"19253.56"	"38355.84"	"5d4.6s2"	"3P2"	"2"	""	"*"	"1"		""	"L153"	
"524.0550"	"524.0530"	"0.0019"	"4"	""		"27849.80"	"46931.84"	"5d5.(2I).6s"	"3I"	"5"	""	"*"	"4"		""	"L153"	
"524.1245"	"524.1238"	"0.0019"	"60"	""		"13307.10"	"32386.56"	"5d4.6s2"	"3P2"	"1"	""	"*"	"0"		""	"L153"	
"524.2241"	"524.2255"	"0.0019"	"15"	""		"16431.31"	"35507.07"	"5d4.6s2"	"3G"	"4"	""	"*"	"5"		""	"L153"	
"524.402"	"524.4003"	"0.0019"	"40"	""		"30586.64"	"49656.04"	"5d4.6s.(6D).6p"	"5P*"	"3"	"5d4.6s.(6D).7s"	"5D"	"3"		""	"L153"	
"524.444"	"524.4433"	"0.0019"	"250"	"1.1e+06"	B	"16431.31"	"35499.15"	"5d4.6s2"	"3G"	"4"	""	"*"	"3"		"T4976"	"L153"	
"524.5456"	""	""	"5w"	""		""	""	""	""	""	""	""	""		""	"L153"	
"524.7146"	"524.7135"	"0.0019"	"4"	""		"36275.10"	"55333.12"	""	"*"	"5"	""	""	"4"		""	"L153"	
"524.8878"	"524.8862"	"0.0019"	"25"	"3.0e+04"	D	"15069.93"	"34121.68"	"5d4.6s2"	"3H"	"5"	""	"*"	"4"		"T4976"	"L153"	
"525.0506"	"525.0471"	"0.0019"	"3"	""		"28291.88"	"47337.79"	"5d5.(2F1).6s"	"3F"	"3"	""	"*"	"2"		""	"L153"	
"525.1592"	"525.1599"	"0.0019"	"1w"	""		"33141.38"	"52183.20"	""	"*"	"2"	""	""	"2"		""	"L153"	
"525.1867"	"525.1869"	"0.0019"	"12"	""		"26861.64"	"45902.48"	"5d5.(2F1).6s"	"3F"	"2"	""	"*"	"2"		""	"L153"	
"525.6005"	"525.6007"	"0.0019"	"100"	"3.86e+05"	C	"15460.01"	"34485.86"	"5d4.6s2"	"3D"	"3"	""	"*"	"2"		"T4976"	"L153"	
"525.6859"	"525.6863"	"0.0019"	"120"	"2.61e+06"	B	"22476.68"	"41499.43"	"5d5.(4D).6s"	"5D"	"4"	""	"*"	"3"		"T6977"	"L153"	
"526.0806"	"526.0802"	"0.0019"	"300"	""		"27488.11"	"46496.62"	"5d5.(6S).6p"	"7P*"	"3"	"5d4.6s.(6D).7s"	"7D"	"3"		""	"L153"	
"526.4283"	""	""	"3"	""		""	""	""	""	""	""	""	""		""	"L153"	
"526.4680"	"526.4660"	"0.0019"	"100"	""		"23455.02"	"42449.60"	"5d5.(4D).6s"	"5D"	"1"	""	"*"	"2"		""	"L153"	
"526.8520"	"526.8521"	"0.0019"	"6"	""		"23930.08"	"42910.74"	"5d5.(4D).6s"	"5D"	"3"	""	"*"	"4"		""	"L153"	
"527.0016"	"527.0012"	"0.0019"	"80"	"1.4e+05"	C	"17107.01"	"36082.30"	"5d4.6s2"	"3F2"	"4"	""	"*"	"4"		"T4976"	"L153"	
"527.0792"	"527.0781"	"0.0019"	"100"	""		"17701.18"	"36673.70"	"5d4.6s2"	"3F2"	"3"	""	"*"	"2"		""	"L153"	
"527.6255"	"527.6260"	"0.0019"	"15"	""		"19253.56"	"38206.38"	"5d4.6s2"	"3P2"	"2"	""	"*"	"3"		""	"L153"	
"527.6997"	"527.7006"	"0.0019"	"150"	""		"19256.24"	"38206.38"	"5d5.(4G).6s"	"5G"	"4"	""	"*"	"3"		""	"L153"	
"528.006"	"528.0054"	"0.0020"	"20"	""		"29139.12"	"48078.32"	"5d4.6s.(6D).6p"	"5F*"	"3"	"5d4.6s.(6D).7s"	"5D"	"2"		""	"L153"	
"528.128"	""	""	"5w"	""		""	""	""	""	""	""	""	""		""	"L153"	
"528.268"	""	""	"5"	""		""	""	""	""	""	""	""	""		""	"L153"	
"528.4116"	"528.4130"	"0.0020"	"4w"	""		"34465.83"	"53390.42"	""	""	"3"	""	"*"	"3"		""	"L153,L416"	
"528.4744"	"528.4742"	"0.0020"	"15"	""		"19826.04"	"38748.44"	"5d4.6s2"	"3G"	"5"	""	"*"	"4"		""	"L153"	
"528.5202"	"528.5200"	"0.0020"	"4"	""		"19827.68"	"38748.44"	"5d5.(4P).6s"	"5P"	"3"	""	"*"	"4"		""	"L153"	
"528.5547"	""	""	"5"	""		""	""	""	""	""	""	""	""		""	"L153"	
"528.699"	""	""	"5"	""		""	""	""	""	""	""	""	""		""	"L153"	
"528.8588"	""	""	"3w"	""		""	""	""	""	""	""	""	""		""	"L153"	
"528.9977"	"528.9942"	"0.0020"	"3"	""		"24610.88"	"43514.68"	"5d4.6s2"	"1F"	"3"	""	"*"	"2"		""	"L153"	
"529.2109"	"529.2137"	"0.0020"	"4"	""		"30374.20"	"49270.16"	"5d4.6s2"	"3F1"	"2"	""	"*"	"2"		""	"L153"	
"529.2246"	"529.2249"	"0.0020"	"15"	""		"31389.08"	"50284.64"	"5d5.(4G).6s"	"3G"	"5"	""	"*"	"4"		""	"L153"	
"529.3959"	"529.3958"	"0.0020"	"2"	""		"13348.56"	"32238.02"	"5d4.6s2"	"3G"	"3"	""	"*"	"3"		""	"L153"	
"529.4507"	""	""	"20"	""		""	""	""	""	""	""	""	""		""	"L153"	
"529.5922"	"529.5915"	"0.0020"	"5"	""		"29195.84"	"48078.32"	"5d4.6s.(6D).6p"	"5D*"	"2"	"5d4.6s.(6D).7s"	"5D"	"2"		""	"L153"	
"529.6725"	"529.6697"	"0.0020"	"6*"	""		"34465.83"	"53345.52"	""	""	"3"	""	"*"	"3"		""	"L416"	
"529.6725"	"529.6756"	"0.0020"	"6*"	""		"33201.61"	"52081.09"	"5d5.(2G2).6s"	"3G"	"5"	""	"*"	"5"		""	"L153,L416"	
"529.7936"	"529.7957"	"0.0020"	"20"	""		"28204.20"	"47079.40"	"5d5.(4F).6s"	"5F"	"2"	""	"*"	"2"		""	"L153"	
"530.0059"	"530.0063"	"0.0020"	"8"	""		"24610.88"	"43478.58"	"5d4.6s2"	"1F"	"3"	""	"*"	"3"		""	"L153"	
"530.3853"	"530.3858"	"0.0020"	"15"	""		"27213.82"	"46068.02"	"5d5.(2F1).6s"	"3F"	"4"	""	"*"	"3"		""	"L153"	
"530.7415"	"530.7422"	"0.0020"	"12"	""		"22852.80"	"41694.34"	"5d4.6s2"	"1G2"	"4"	""	"*"	"3"		""	"L153"	
"530.8936"	"530.8938"	"0.0020"	"15"	"3.7e+04"	C	"17107.01"	"35943.17"	"5d4.6s2"	"3F2"	"4"	""	"*"	"3"		"T4976"	"L153"	
"530.9513"	"530.9518"	"0.0020"	"4"	""		"27662.52"	"46496.62"	"5d4.6s.(6D).6p"	"5F*"	"2"	"5d4.6s.(6D).7s"	"7D"	"3"		""	"L153"	
"531.185"	"531.1811"	"0.0020"	"4"	""		"33569.53"	"52395.50"	""	""	"4"	""	"*"	"5"		""	"L153,L416"	
"531.2831"	"531.2813"	"0.0020"	"20*"	""		"27849.80"	"46672.22"	"5d5.(2I).6s"	"3I"	"5"	""	"*"	"6"		""	"L153"	
"531.2831"	"531.2813"	"0.0020"	"20*"	""		"29853.66"	"48676.08"	"5d5.(4F).6s"	"5F"	"4"	""	"*"	"4"		""	"L153"	
"531.312"	"531.3121"	"0.0020"	"1"	""		"18082.83"	"36904.16"	"5d4.6s2"	"3D"	"1"	""	"*"	"2"		""	"L153"	
"531.3760"	"531.3753"	"0.0020"	"5*"	""		"34465.83"	"53284.92"	""	""	"3"	""	"*"	"2"		""	"L153,L416"	
"531.3760"	"531.3790"	"0.0020"	"5*"	""		"35299.82"	"54118.78"	""	""	"4"	""	"*"	"4"		""	"L416"	
"531.4602"	"531.4612"	"0.0020"	"6w"	""		"26861.64"	"45677.69"	"5d5.(2F1).6s"	"3F"	"2"	""	"*"	"3"		""	"L153"	
"531.5862"	""	""	"8w"	""		""	""	""	""	""	""	""	""		""	"L153"	
"531.7516"	""	""	"5w"	""		""	""	""	""	""	""	""	""		""	"L153"	
"531.9310"	"531.9293"	"0.0020"	"15"	""		"19253.56"	"38053.05"	"5d4.6s2"	"3P2"	"2"	""	"*"	"3"		""	"L153"	
"532.0342"	"532.0343"	"0.0020"	"40"	""		"27662.52"	"46458.30"	"5d4.6s.(6D).6p"	"5F*"	"2"	"5d4.6s.(6D).7s"	"5D"	"1"		""	"L153"	
"532.2084"	"532.2059"	"0.0020"	"10"	""		"29460.98"	"48250.70"	"5d5.(2I).6s"	"3I"	"7"	""	"*"	"7"		""	"L153"	
"532.2762"	"532.2739"	"0.0020"	"3w"	""		"18116.84"	"36904.16"	"5d5.(4G).6s"	"5G"	"2"	""	"*"	"2"		""	"L153"	
"532.7251"	""	""	"6w"	""		""	""	""	""	""	""	""	""		""	"L153"	
"532.8057"	"532.8051"	"0.0020"	"1w"	""		"15460.01"	"34228.60"	"5d4.6s2"	"3D"	"3"	""	"*"	"3"		""	"L153"	
"532.825"	""	""	"1"	""		""	""	""	""	""	""	""	""		""	"L153"	
"532.8534"	"532.8519"	"0.0020"	"4"	""		"38001.12"	"56768.06"	""	"*"	"4"	""	""	"5"		""	"L153"	
"533.1194"	"533.1195"	"0.0020"	"5"	""		"18116.84"	"36874.36"	"5d5.(4G).6s"	"5G"	"2"	""	"*"	"3"		""	"L153"	
"533.405"	""	""	"4w"	""		""	""	""	""	""	""	""	""		""	"L153"	
"533.771"	""	""	"3"	""		""	""	""	""	""	""	""	""		""	"L153"	
"533.8833"	"533.8846"	"0.0020"	"40"	""		"26189.20"	"44919.84"	"5d4.6s.(6D).6p"	"7D*"	"3"	"5d4.6s.(6D).7s"	"7D"	"2"		""	"L153"	
"534.0745"	"534.0739"	"0.0020"	"8"	""		"20983.02"	"39707.02"	"5d5.(4P).6s"	"5P"	"2"	""	"*"	"2"		""	"L153"	
"534.1425"	"534.1410"	"0.0020"	"10"	""		"28720.88"	"47442.53"	"5d5.(4P).6s"	"3P"	"1"	""	"*"	"2"		""	"L153"	
"534.4488"	""	""	"6"	""		""	""	""	""	""	""	""	""		""	"L153"	
"534.633"	""	""	"5w"	""		""	""	""	""	""	""	""	""		""	"L153"	
"534.7374"	"534.7385"	"0.0020"	"3w"	""		"33952.85"	"52653.58"	"5d5.(4D).6s"	"3D"	"3"	""	"*"	"2"		""	"L153,L416"	
"534.7680"	"534.7717"	"0.0020"	"4w"	""		"18974.51"	"37674.08"	"5d5.(4G).6s"	"5G"	"3"	""	"*"	"3"		""	"L153"	
"534.8178"	"534.8183"	"0.0020"	"5"	""		"30374.20"	"49072.14"	"5d4.6s2"	"3F1"	"2"	""	"*"	"3"		""	"L153"	
"534.9545"	""	""	"5w"	""		""	""	""	""	""	""	""	""		""	"L153"	
"535.0420"	"535.0435"	"0.0020"	"60"	""		"26229.77"	"44919.84"	"5d5.(6S).6p"	"7P*"	"2"	"5d4.6s.(6D).7s"	"7D"	"2"		""	"L153"	
"535.1342"	"535.1348"	"0.0020"	"8"	""		"33291.80"	"51978.68"	"5d5.(2I).6s"	"1I"	"6"	""	"*"	"6"		""	"L153"	
"535.1922"	"535.1909"	"0.0020"	"40"	""		"29393.40"	"48078.32"	"5d4.6s.(6D).6p"	"5P*"	"2"	"5d4.6s.(6D).7s"	"5D"	"2"		""	"L153"	
"535.3380"	"535.3376"	"0.0020"	"30"	""		"27778.50"	"46458.30"	"5d4.6s.(6D).6p"	"5D*"	"1"	"5d4.6s.(6D).7s"	"5D"	"1"		""	"L153"	
"535.5935"	"535.5945"	"0.0020"	"50"	"1.0e+05"	C	"9528.06"	"28198.90"	"5d4.6s2"	"3P2"	"0"	"5d4.6s.(6D).6p"	"5P*"	"1"		"T4976"	"L153"	
"535.674"	"535.6729"	"0.0020"	"25"	""		"19535.01"	"38203.12"	"5d5.(4G).6s"	"5G"	"5"	""	"*"	"6"		""	"L153"	
"535.8091"	"535.8083"	"0.0020"	"20"	""		"20983.02"	"39646.41"	"5d5.(4P).6s"	"5P"	"2"	""	"*"	"3"		""	"L153"	
"535.8584"	"535.8577"	"0.0020"	"40"	"8.4e+04"	C	"15460.01"	"34121.68"	"5d4.6s2"	"3D"	"3"	""	"*"	"4"		"T4976"	"L153"	
"535.981"	"535.9841"	"0.0020"	"25"	""		"27670.48"	"46327.75"	"5d5.(4F).6s"	"5F"	"1"	""	"*"	"2"		""	"L153"	
"536.290"	"536.2899"	"0.0020"	"15"	""		"22852.80"	"41499.43"	"5d4.6s2"	"1G2"	"4"	""	"*"	"3"		""	"L153"	
"536.4355"	"536.4392"	"0.0020"	"12"	""		"34302.04"	"52943.48"	"5d5.(2G2).6s"	"3G"	"4"	""	"*"	"3"		""	"L153"	
"536.4829"	"536.4818"	"0.0020"	"5w"	""		"28291.88"	"46931.84"	"5d5.(2F1).6s"	"3F"	"3"	""	"*"	"4"		""	"L153"	
"536.5208"	""	""	"2"	""		""	""	""	""	""	""	""	""		""	"L153"	
"536.6577"	""	""	"2"	""		""	""	""	""	""	""	""	""		""	"L153"	
"536.8617"	""	""	"2w"	""		""	""	""	""	""	""	""	""		""	"L153"	
"536.9507"	"536.9508"	"0.0020"	"5"	""		"18280.48"	"36904.16"	"5d5.(6S).6s"	"5S"	"2"	""	"*"	"2"		""	"L153"	
"537.0178"	"537.0177"	"0.0020"	"40"	""		"28233.44"	"46854.80"	"5d5.(4F).6s"	"5F"	"5"	""	"*"	"5"		""	"L153"	
"537.1027"	"537.1034"	"0.0020"	"1w"	""		"23982.80"	"42601.19"	"5d5.(4D).6s"	"5D"	"2"	""	"*"	"3"		""	"L153"	
"537.1497"	"537.1498"	"0.0020"	"4w"	""		"24610.88"	"43227.66"	"5d4.6s2"	"1F"	"3"	""	"*"	"2"		""	"L153"	
"537.3461"	""	""	"2"	""		""	""	""	""	""	""	""	""		""	"L153"	
"537.4322"	"537.4339"	"0.0020"	"25"	""		"27889.68"	"46496.62"	"5d5.(6S).6p"	"7P*"	"4"	"5d4.6s.(6D).7s"	"7D"	"3"		""	"L153"	
"537.5632"	"537.5610"	"0.0020"	"40*"	""		"23930.08"	"42532.62"	"5d5.(4D).6s"	"5D"	"3"	""	"*"	"4"		""	"L153"	
"537.5632"	"537.5648"	"0.0020"	"40*"	""		"20427.84"	"39030.25"	"5d5.(4P).6s"	"5P"	"1"	""	"*"	"2"		""	"L153"	
"537.5912"	""	""	"15"	""		""	""	""	""	""	""	""	""		""	"L153"	
"537.7612"	""	""	"2w"	""		""	""	""	""	""	""	""	""		""	"L153"	
"537.8098"	"537.8114"	"0.0020"	"2w"	""		"18280.48"	"36874.36"	"5d5.(6S).6s"	"5S"	"2"	""	"*"	"3"		""	"L153"	
"537.8983"	"537.8984"	"0.0020"	"3"	""		"18082.83"	"36673.70"	"5d4.6s2"	"3D"	"1"	""	"*"	"2"		""	"L153"	
"538.0934"	"538.0956"	"0.0020"	"10w"	""		"23930.08"	"42514.14"	"5d5.(4D).6s"	"5D"	"3"	""	"*"	"3"		""	"L153"	
"538.3489"	"538.3487"	"0.0020"	"10"	""		"27213.82"	"45789.14"	"5d5.(2F1).6s"	"3F"	"4"	""	"*"	"5"		""	"L153"	
"538.4310"	"538.4328"	"0.0020"	"4w"	""		"38001.12"	"56573.54"	""	"*"	"4"	""	""	"5"		""	"L153"	
"538.9502"	"538.9505"	"0.0020"	"40"	""		"19648.54"	"38203.12"	"5d5.(4G).6s"	"5G"	"6"	""	"*"	"6"		""	"L153"	
"539.0082"	"539.0092"	"0.0020"	"15"	""		"26367.28"	"44919.84"	""	"*"	"2"	"5d4.6s.(6D).7s"	"7D"	"2"		""	"L153"	
"539.1160"	"539.1181"	"0.0020"	"3"	""		"35299.82"	"53848.63"	""	""	"4"	""	"*"	"4"		""	"L153,L416"	
"539.2569"	"539.2562"	"0.0020"	"30"	"8.9e+03"	C	"6219.33"	"24763.39"	"5d4.6s2"	"5D"	"4"	"5d4.6s.(6D).6p"	"7F*"	"4"		"T4976"	"L153"	
"539.404"	""	""	"2"	""		""	""	""	""	""	""	""	""		""	"L153"	
"539.428"	"539.4290"	"0.0020"	"4"	""		"29430.50"	"47968.62"	""	""	"3"	""	"*"	"4"		""	"L153,L416"	
"539.531"	"539.5294"	"0.0020"	"2"	""		"28720.88"	"47255.55"	"5d5.(4P).6s"	"3P"	"1"	""	"*"	"1"		""	"L153"	
"539.6236"	"539.6264"	"0.0020"	"10"	""		"23982.80"	"42514.14"	"5d5.(4D).6s"	"5D"	"2"	""	"*"	"3"		""	"L153"	
"539.8006"	""	""	"5"	""		""	""	""	""	""	""	""	""		""	"L153"	
"539.8521"	"539.8519"	"0.0020"	"25"	""		"23455.02"	"41978.62"	"5d5.(4D).6s"	"5D"	"1"	""	"*"	"2"		""	"L153"	
"539.9449"	"539.9451"	"0.0020"	"30"	""		"19253.56"	"37773.96"	"5d4.6s2"	"3P2"	"2"	""	"*"	"1"		""	"L153"	
"539.9713"	"539.9708"	"0.0020"	"8"	""		"23930.08"	"42449.60"	"5d5.(4D).6s"	"5D"	"3"	""	"*"	"2"		""	"L153"	
"540.0889"	""	""	"1"	""		""	""	""	""	""	""	""	""		""	"L153"	
"540.1103"	"540.1152"	"0.0020"	"5w"	""		"28291.88"	"46806.45"	"5d5.(2F1).6s"	"3F"	"3"	""	"*"	"2"		""	"L153"	
"540.1790"	"540.1796"	"0.0020"	"8"	""		"26861.64"	"45374.00"	"5d5.(2F1).6s"	"3F"	"2"	""	"*"	"1"		""	"L153"	
"540.2438"	"540.2421"	"0.0020"	"15"	""		"23455.02"	"41965.24"	"5d5.(4D).6s"	"5D"	"1"	""	"*"	"0"		""	"L153"	
"540.3798"	"540.3802"	"0.0020"	"3"	""		"18082.83"	"36588.32"	"5d4.6s2"	"3D"	"1"	""	"*"	"0"		""	"L153"	
"540.4130"	"540.4085"	"0.0020"	"1"	""		"34302.04"	"52806.56"	"5d5.(2G2).6s"	"3G"	"4"	""	"*"	"3"		""	"L153"	
"540.5824"	"540.5823"	"0.0020"	"25"	""		"17008.50"	"35507.07"	"5d4.6s2"	"3H"	"6"	""	"*"	"5"		""	"L153"	
"540.7805"	"540.7805"	"0.0020"	"15"	""		"18974.51"	"37466.30"	"5d5.(4G).6s"	"5G"	"3"	""	"*"	"2"		""	"L153"	
"540.9639"	""	""	"1"	""		""	""	""	""	""	""	""	""		""	"L153"	
"541.0080"	"541.0070"	"0.0020"	"15"	""		"15460.01"	"33944.06"	"5d4.6s2"	"3D"	"3"	""	"*"	"2"		""	"L153"	
"541.3560"	"541.3581"	"0.0021"	"1w"	""		"34302.04"	"52774.10"	"5d5.(2G2).6s"	"3G"	"4"	""	"*"	"5"		""	"L153"	
"541.4465"	"541.4458"	"0.0021"	"6"	""		"13348.56"	"31817.63"	"5d4.6s2"	"3G"	"3"	""	"*"	"2"		""	"L153"	
"541.5337"	"541.5326"	"0.0021"	"10"	"1.0e+05"	D	"19535.01"	"38001.12"	"5d5.(4G).6s"	"5G"	"5"	""	"*"	"4"		"T4976"	"L153"	
"541.6331"	"541.6302"	"0.0021"	"1w"	""		"28898.96"	"47361.74"	"5d4.6s2"	"3P1"	"2"	""	"*"	"3"		""	"L153"	
"541.7033"	"541.7027"	"0.0021"	"12"	""		"13777.71"	"32238.02"	"5d4.6s2"	"3F2"	"2"	""	"*"	"3"		""	"L153"	
"541.7480"	"541.7482"	"0.0021"	"3"	""		"36874.36"	"55333.12"	""	"*"	"3"	""	""	"4"		""	"L153"	
"542.0896"	"542.0892"	"0.0021"	"40"	""		"22476.68"	"40923.83"	"5d5.(4D).6s"	"5D"	"4"	""	"*"	"3"		""	"L153"	
"542.3365"	"542.3352"	"0.0021"	"15"	""		"28233.44"	"46672.22"	"5d5.(4F).6s"	"5F"	"5"	""	"*"	"6"		""	"L153"	
"542.3597"	"542.3582"	"0.0021"	"2"	""		"24789.66"	"43227.66"	"5d4.6s2"	"1D2"	"2"	""	"*"	"2"		""	"L153"	
"542.4383"	"542.4376"	"0.0021"	"40"	""		"22476.68"	"40911.98"	"5d5.(4D).6s"	"5D"	"4"	""	"*"	"5"		""	"L153"	
"542.472"	"542.4717"	"0.0021"	"1"	""		"27670.48"	"46104.62"	"5d5.(4F).6s"	"5F"	"1"	""	"*"	"1"		""	"L153"	
"542.495"	"542.4947"	"0.0021"	"12"	""		"19826.04"	"38259.40"	"5d4.6s2"	"3G"	"5"	""	"*"	"4"		""	"L153"	
"542.544"	"542.5430"	"0.0021"	"40"	"2.9e+05"	B	"19827.68"	"38259.40"	"5d5.(4P).6s"	"5P"	"3"	""	"*"	"4"		"T6977"	"L153"	
"542.614"	""	""	"4"	""		""	""	""	""	""	""	""	""		""	"L153"	
"542.642"	""	""	"2"	""		""	""	""	""	""	""	""	""		""	"L153"	
"542.661"	"542.6622"	"0.0021"	"1"	""		"24789.66"	"43217.33"	"5d4.6s2"	"1D2"	"2"	""	"*"	"1"		""	"L153"	
"542.750"	"542.7503"	"0.0021"	"2"	""		"12161.96"	"30586.64"	"5d4.6s2"	"3H"	"4"	"5d4.6s.(6D).6p"	"5P*"	"3"		""	"L153"	
"542.872"	"542.8728"	"0.0021"	"10"	""		"19253.56"	"37674.08"	"5d4.6s2"	"3P2"	"2"	""	"*"	"3"		""	"L153"	
"542.950"	"542.9518"	"0.0021"	"5"	""		"19256.24"	"37674.08"	"5d5.(4G).6s"	"5G"	"4"	""	"*"	"3"		""	"L153"	
"543.065"	"543.0692"	"0.0021"	"3"	""		"30374.20"	"48788.06"	"5d4.6s2"	"3F1"	"2"	""	"*"	"1"		""	"L153"	
"543.245"	""	""	"2"	""		""	""	""	""	""	""	""	""		""	"L153"	
"543.4766"	"543.4765"	"0.0021"	"6"	""		"17107.01"	"35507.07"	"5d4.6s2"	"3F2"	"4"	""	"*"	"5"		""	"L153"	
"543.5394"	""	""	"2"	""		""	""	""	""	""	""	""	""		""	"L153"	
"543.6543"	"543.6552"	"0.0021"	"100"	"9.0e+04"	C	"1670.29"	"20064.30"	"5d4.6s2"	"5D"	"1"	"5d4.6s.(6D).6p"	"7F*"	"1"		"T4976"	"L153"	
"543.710"	"543.7105"	"0.0021"	"30"	"1.2e+05"	C	"17107.01"	"35499.15"	"5d4.6s2"	"3F2"	"4"	""	"*"	"3"		"T4976"	"L153"	
"543.726"	"543.7262"	"0.0021"	"4"	""		"28233.44"	"46625.05"	"5d5.(4F).6s"	"5F"	"5"	""	"*"	"4"		""	"L153"	
"543.9148"	""	""	"2w"	""		""	""	""	""	""	""	""	""		""	"L153"	
"544.0364"	"544.0365"	"0.0021"	"8"	"3.3e+04"	E	"17701.18"	"36082.30"	"5d4.6s2"	"3F2"	"3"	""	"*"	"4"		"T4976"	"L153"	
"544.1080"	"544.1081"	"0.0021"	"15"	""		"19827.68"	"38206.38"	"5d5.(4P).6s"	"5P"	"3"	""	"*"	"3"		""	"L153"	
"544.156"	"544.1561"	"0.0021"	"25"	""		"19826.04"	"38203.12"	"5d4.6s2"	"3G"	"5"	""	"*"	"6"		""	"L153"	
"544.262"	""	""	"8"	""		""	""	""	""	""	""	""	""		""	"L153"	
"544.3208"	"544.3208"	"0.0021"	"4"	""		"29479.32"	"47850.84"	"5d4.6s2"	"3F1"	"4"	""	"*"	"5"		""	"L153"	
"544.352"	"544.3534"	"0.0021"	"1"	""		"38203.12"	"56573.54"	""	"*"	"6"	""	""	"5"		""	"L153"	
"544.486"	"544.4873"	"0.0021"	"12"	""		"31077.80"	"49443.70"	""	""	"2"	""	"*"	"1"		""	"L153,L416"	
"544.7640"	"544.7635"	"0.0021"	"5"	""		"28898.96"	"47255.55"	"5d4.6s2"	"3P1"	"2"	""	"*"	"1"		""	"L153"	
"545.041"	""	""	"3"	""		""	""	""	""	""	""	""	""		""	"L153"	
"545.0969"	"545.0976"	"0.0021"	"2"	""		"22852.80"	"41198.14"	"5d4.6s2"	"1G2"	"4"	""	"*"	"4"		""	"L153"	
"545.331"	"545.3306"	"0.0021"	"4"	""		"27213.82"	"45551.32"	"5d5.(2F1).6s"	"3F"	"4"	""	"*"	"3"		""	"L153"	
"545.401"	""	""	"1"	""		""	""	""	""	""	""	""	""		""	"L153"	
"545.810"	"545.8089"	"0.0021"	"30"	""		"23930.08"	"42251.51"	"5d5.(4D).6s"	"5D"	"3"	""	"*"	"3"		""	"L153"	
"545.944"	"545.9442"	"0.0021"	"12"	""		"29853.66"	"48170.55"	"5d5.(4F).6s"	"5F"	"4"	""	"*"	"3"		""	"L153"	
"546.087"	""	""	"3w"	""		""	""	""	""	""	""	""	""		""	"L153"	
"546.204"	""	""	"3w"	""		""	""	""	""	""	""	""	""		""	"L153"	
"546.445"	"546.4448"	"0.0021"	"1"	"3.e+03"	E	"15069.93"	"33370.04"	"5d4.6s2"	"3H"	"5"	"5d4.6s.(6D).6p"	"5F*"	"5"		"T4976"	"L153"	
"546.597"	"546.5968"	"0.0021"	"3w"	""		"32828.12"	"51123.14"	"5d4.6s.(6D).6p"	"5D*"	"4"	"5d4.6s.(6D).7s"	"5D"	"4"		""	"L153"	
"546.847"	"546.8410"	"0.0021"	"4*"	""		"35499.15"	"53786.00"	""	"*"	"3"	""	""	"4"		""	"L153"	
"546.847"	"546.8494"	"0.0021"	"4*"	""		"33569.53"	"51856.10"	""	""	"4"	""	"*"	"4"		""	"L153c23"	
"546.905"	"546.9047"	"0.0021"	"12"	""		"29853.66"	"48138.38"	"5d5.(4F).6s"	"5F"	"4"	""	"*"	"5"		""	"L153"	
"547.012"	""	""	"1"	""		""	""	""	""	""	""	""	""		""	"L153"	
"547.0612"	"547.0603"	"0.0021"	"15*"	""		"28392.70"	"46672.22"	"5d5.(2I).6s"	"3I"	"6"	""	"*"	"6"		""	"L153"	
"547.0612"	"547.0609"	"0.0021"	"15*"	""		"23982.80"	"42262.30"	"5d5.(4D).6s"	"5D"	"2"	""	"*"	"1"		""	"L153"	
"547.122"	"547.1223"	"0.0021"	"2"	""		"28347.60"	"46625.05"	"5d5.(4F).6s"	"5F"	"3"	""	"*"	"4"		""	"L153"	
"547.1452"	"547.1468"	"0.0021"	"2"	""		"32217.91"	"50494.54"	""	""	"3"	""	"*"	"2"		""	"L153,L416"	
"547.254"	"547.2576"	"0.0021"	"2w"	""		"28233.44"	"46506.37"	"5d5.(4F).6s"	"5F"	"5"	""	"*"	"5"		""	"L153"	
"547.302"	"547.3025"	"0.0021"	"3"	""		"33201.61"	"51473.04"	"5d5.(2G2).6s"	"3G"	"5"	""	"*"	"4"		""	"L153,L416"	
"547.3835"	"547.3840"	"0.0021"	"6"	""		"23982.80"	"42251.51"	"5d5.(4D).6s"	"5D"	"2"	""	"*"	"3"		""	"L153"	
"547.6631"	"547.6631"	"0.0021"	"30"	""		"28198.90"	"46458.30"	"5d4.6s.(6D).6p"	"5P*"	"1"	"5d4.6s.(6D).7s"	"5D"	"1"		""	"L153"	
"547.7554"	"547.7531"	"0.0021"	"15"	""		"27849.80"	"46106.20"	"5d5.(2I).6s"	"3I"	"5"	""	"*"	"6"		""	"L153"	
"547.9298"	"547.9320"	"0.0021"	"80"	"2.6e+05"	C	"9528.06"	"27778.50"	"5d4.6s2"	"3P2"	"0"	"5d4.6s.(6D).6p"	"5D*"	"1"		"T4976"	"L153"	
"548.0178"	"548.0221"	"0.0021"	"3"	""		"31389.08"	"49636.52"	"5d5.(4G).6s"	"3G"	"5"	""	"*"	"4"		""	"L153"	
"548.0751"	"548.0788"	"0.0021"	"10"	""		"32826.63"	"51072.18"	""	""	"3"	""	"*"	"3"		""	"L153,L416"	
"548.2140"	""	""	"15"	""		""	""	""	""	""	""	""	""		""	"L153"	
"548.4389"	""	""	"2"	""		""	""	""	""	""	""	""	""		""	"L153"	
"548.4800"	"548.4862"	"0.0021"	"2"	""		"27670.48"	"45902.48"	"5d5.(4F).6s"	"5F"	"1"	""	"*"	"2"		""	"L153"	
"548.6010"	""	""	"4"	""		""	""	""	""	""	""	""	""		""	"L153"	
"548.6836"	"548.6857"	"0.0021"	"2"	""		"19827.68"	"38053.05"	"5d5.(4P).6s"	"5P"	"3"	""	"*"	"3"		""	"L153"	
"548.7530"	"548.7532"	"0.0021"	"60"	""		"31432.91"	"49656.04"	"5d4.6s.(6D).6p"	"5F*"	"4"	"5d4.6s.(6D).7s"	"5D"	"3"		""	"L153"	
"548.9291"	"548.9285"	"0.0021"	"40"	""		"4830.00"	"23047.31"	"5d4.6s2"	"5D"	"3"	"5d4.6s.(6D).6p"	"7F*"	"3"		""	"L153"	
"548.9991"	""	""	"6"	""		""	""	""	""	""	""	""	""		""	"L153"	
"549.066"	"549.0662"	"0.0021"	"4"	""		"19253.56"	"37466.30"	"5d4.6s2"	"3P2"	"2"	""	"*"	"2"		""	"L153"	
"549.149"	"549.1485"	"0.0021"	"20"	""		"29479.32"	"47689.33"	"5d4.6s2"	"3F1"	"4"	""	"*"	"4"		""	"L153"	
"549.3832"	"549.3841"	"0.0021"	"150"	""		"29773.34"	"47975.54"	"5d4.6s.(6D).6p"	"7D*"	"5"	"5d4.6s.(6D).7s"	"7D"	"4"		""	"L153"	
"549.409"	"549.4116"	"0.0021"	"3"	""		"16431.31"	"34632.60"	"5d4.6s2"	"3G"	"4"	""	"*"	"4"		""	"L153"	
"549.4434"	"549.4451"	"0.0021"	"4"	""		"20983.02"	"39183.20"	"5d5.(4P).6s"	"5P"	"2"	""	"*"	"1"		""	"L153"	
"549.6783"	"549.6813"	"0.0021"	"3"	""		"31077.80"	"49270.16"	""	""	"2"	""	"*"	"2"		""	"L153,L416"	
"549.7761"	"549.7777"	"0.0021"	"30"	"4.0e+05"	B	"22476.68"	"40665.85"	"5d5.(4D).6s"	"5D"	"4"	""	"*"	"3"		"T6977"	"L153"	
"550.0150"	"550.0169"	"0.0021"	"12"	""		"28204.20"	"46385.46"	"5d5.(4F).6s"	"5F"	"2"	""	"*"	"3"		""	"L153"	
"550.2018"	"550.2039"	"0.0021"	"75"	"6.9e+05"	C	"19826.04"	"38001.12"	"5d4.6s2"	"3G"	"5"	""	"*"	"4"		"T4976"	"L153"	
"550.2524"	"550.2536"	"0.0021"	"10"	"7.1e+04"	C	"19827.68"	"38001.12"	"5d5.(4P).6s"	"5P"	"3"	""	"*"	"4"		"T4976"	"L153"	
"550.300"	"550.3017"	"0.0021"	"5"	"4.1e+04"	E	"18974.51"	"37146.36"	"5d5.(4G).6s"	"5G"	"3"	""	"*"	"4"		"T4976"	"L153"	
"550.497"	"550.4923"	"0.0021"	"100*"	""		"32957.58"	"51123.14"	""	"*"	"3"	"5d4.6s.(6D).7s"	"5D"	"4"		""	"L153"	
"550.497"	"550.4950"	"0.0021"	"100*"	""		"29912.85"	"48078.32"	"5d4.6s.(6D).6p"	"5D*"	"3"	"5d4.6s.(6D).7s"	"5D"	"2"		""	"L153"	
"550.497"	"550.5032"	"0.0021"	"100*"	""		"14976.18"	"33141.38"	"5d4.6s2"	"3D"	"2"	""	"*"	"2"		""	"L153"	
"550.801"	"550.8079"	"0.0021"	"12"	""		"32378.40"	"50533.55"	"5d5.(2D3).6s"	"3D"	"1"	""	"*"	"1"		""	"L153"	
"551.0004"	"551.0037"	"0.0021"	"4"	""		"32135.94"	"50284.64"	"5d5.(4G).6s"	"3G"	"4"	""	"*"	"4"		""	"L153"	
"551.014"	"551.0158"	"0.0021"	"20"	""		"20427.84"	"38576.14"	"5d5.(4P).6s"	"5P"	"1"	""	"*"	"0"		""	"L153"	
"551.434"	"551.4382"	"0.0021"	"1"	""		"34302.04"	"52436.44"	"5d5.(2G2).6s"	"3G"	"4"	""	"*"	"4"		""	"L153"	
"551.6208"	"551.6216"	"0.0021"	"300"	"7.3e+05"	C	"3325.53"	"21453.90"	"5d4.6s2"	"5D"	"2"	"5d4.6s.(6D).6p"	"7D*"	"1"		"T4976"	"L153"	
"551.659"	""	""	"3"	""		""	""	""	""	""	""	""	""		""	"L153"	
"551.673"	""	""	"2"	""		""	""	""	""	""	""	""	""		""	"L153"	
"552.033"	"552.0299"	"0.0021"	"1w"	""		"29853.66"	"47968.62"	"5d5.(4F).6s"	"5F"	"4"	""	"*"	"4"		""	"L153"	
"552.0668"	"552.0671"	"0.0021"	"2"	""		"33944.06"	"52057.80"	""	"*"	"2"	""	""	"1"		""	"L153"	
"552.2538"	"552.2525"	"0.0021"	"10"	"4.7e+05"	B	"18082.83"	"36190.49"	"5d4.6s2"	"3D"	"1"	""	"*"	"1"		"T6977"	"L153"	
"552.6811"	"552.6822"	"0.0021"	"1w"	""		"28291.88"	"46385.46"	"5d5.(2F1).6s"	"3F"	"3"	""	"*"	"3"		""	"L153"	
"552.8179"	"552.8185"	"0.0021"	"2w"	""		"33201.61"	"51290.73"	"5d5.(2G2).6s"	"3G"	"5"	""	"*"	"5"		""	"L153,L416"	
"552.9626"	"552.9643"	"0.0021"	"6"	"1.1e+04"	D	"13348.56"	"31432.91"	"5d4.6s2"	"3G"	"3"	"5d4.6s.(6D).6p"	"5F*"	"4"		"T4976"	"L153"	
"553.2920"	"553.2917"	"0.0021"	"30"	"6.8e+05"	B	"18116.84"	"36190.49"	"5d5.(4G).6s"	"5G"	"2"	""	"*"	"1"		"T6977"	"L153"	
"553.4563"	""	""	"6"	""		""	""	""	""	""	""	""	""		""	"L153"	
"553.8827"	""	""	"3w"	""		""	""	""	""	""	""	""	""		""	"L153"	
"553.9260"	"553.9270"	"0.0021"	"10"	"2.2e+05"	C	"19256.24"	"37309.16"	"5d5.(4G).6s"	"5G"	"4"	""	"*"	"5"		"T4976"	"L153"	
"554.022"	"554.0240"	"0.0021"	"2"	""		"32135.94"	"50185.70"	"5d5.(4G).6s"	"3G"	"4"	""	"*"	"3"		""	"L153"	
"554.1021"	"554.1017"	"0.0021"	"6"	"4.8e+05"	B	"20983.02"	"39030.25"	"5d5.(4P).6s"	"5P"	"2"	""	"*"	"2"		"T6977"	"L153"	
"554.145"	"554.1486"	"0.0021"	"2"	""		"35299.82"	"53345.52"	""	""	"4"	""	"*"	"3"		""	"L153,L416"	
"554.3907"	"554.3895"	"0.0022"	"2"	""		"28347.60"	"46385.46"	"5d5.(4F).6s"	"5F"	"3"	""	"*"	"3"		""	"L153"	
"554.448"	"554.4507"	"0.0022"	"1"	""		"28291.88"	"46327.75"	"5d5.(2F1).6s"	"3F"	"3"	""	"*"	"2"		""	"L153"	
"554.9619"	"554.9605"	"0.0022"	"3w"	""		"27849.80"	"45869.10"	"5d5.(2I).6s"	"3I"	"5"	""	"*"	"4"		""	"L153"	
"555.1860"	"555.1845"	"0.0022"	"4"	""		"29430.50"	"47442.53"	""	""	"3"	""	"*"	"2"		""	"L153,L416"	
"555.2554"	"555.2542"	"0.0022"	"5"	"1.2e+04"	E	"17107.01"	"35116.78"	"5d4.6s2"	"3F2"	"4"	""	"*"	"4"		"T4976"	"L153"	
"555.4227"	"555.4210"	"0.0022"	"1"	""		"29479.32"	"47483.68"	"5d4.6s2"	"3F1"	"4"	""	"*"	"3"		""	"L153"	
"555.5654"	"555.5636"	"0.0022"	"4w"	""		"22476.68"	"40476.42"	"5d5.(4D).6s"	"5D"	"4"	""	"*"	"5"		""	"L153"	
"555.6430"	"555.6426"	"0.0022"	"3"	""		"29853.66"	"47850.84"	"5d5.(4F).6s"	"5F"	"4"	""	"*"	"5"		""	"L153"	
"555.6863"	"555.6846"	"0.0022"	"4"	""		"23982.80"	"41978.62"	"5d5.(4D).6s"	"5D"	"2"	""	"*"	"2"		""	"L153"	
"556.1308"	"556.1302"	"0.0022"	"4"	""		"14976.18"	"32957.58"	"5d4.6s2"	"3D"	"2"	""	"*"	"3"		""	"L153"	
"556.366"	"556.3675"	"0.0022"	"3"	""		"35943.17"	"53916.90"	""	"*"	"3"	""	""	"3"		""	"L153"	
"556.552"	"556.5515"	"0.0022"	"4w"	""		"32217.91"	"50185.70"	""	""	"3"	""	"*"	"3"		""	"L153,L416"	
"556.9632"	"556.9603"	"0.0022"	"10"	""		"34228.60"	"52183.20"	""	"*"	"3"	""	""	"2"		""	"L153"	
"557.198"	""	""	"3"	""		""	""	""	""	""	""	""	""		""	"L153"	
"557.354"	"557.3558"	"0.0022"	"2"	""		"23930.08"	"41871.94"	"5d5.(4D).6s"	"5D"	"3"	""	"*"	"4"		""	"L153"	
"557.4369"	"557.4341"	"0.0022"	"3"	""		"27849.80"	"45789.14"	"5d5.(2I).6s"	"3I"	"5"	""	"*"	"5"		""	"L153"	
"557.7360"	"557.7354"	"0.0022"	"4"	""		"18974.51"	"36904.16"	"5d5.(4G).6s"	"5G"	"3"	""	"*"	"2"		""	"L153"	
"557.7866"	"557.7867"	"0.0022"	"6"	""		"20427.84"	"38355.84"	"5d5.(4P).6s"	"5P"	"1"	""	"*"	"1"		""	"L153"	
"557.9494"	"557.9495"	"0.0022"	"1"	""		"16431.31"	"34354.08"	"5d4.6s2"	"3G"	"4"	""	"*"	"3"		""	"L153"	
"557.981"	"557.9806"	"0.0022"	"2"	""		"31432.91"	"49354.68"	"5d4.6s.(6D).6p"	"5F*"	"4"	"5d4.6s.(6D).7s"	"7D"	"5"		""	"L153"	
"558.1474"	""	""	"5"	""		""	""	""	""	""	""	""	""		""	"L153"	
"558.555"	"558.5575"	"0.0022"	"3w"	""		"24610.88"	"42514.14"	"5d4.6s2"	"1F"	"3"	""	"*"	"3"		""	"L153"	
"558.664"	"558.6639"	"0.0022"	"1"	""		"18974.51"	"36874.36"	"5d5.(4G).6s"	"5G"	"3"	""	"*"	"3"		""	"L153"	
"558.967"	"558.9677"	"0.0022"	"2"	""		"19256.24"	"37146.36"	"5d5.(4G).6s"	"5G"	"4"	""	"*"	"4"		""	"L153"	
"559.208"	"559.2084"	"0.0022"	"1"	""		"29479.32"	"47361.74"	"5d4.6s2"	"3F1"	"4"	""	"*"	"3"		""	"L153"	
"559.258"	"559.2569"	"0.0022"	"2"	""		"29479.32"	"47360.19"	"5d4.6s2"	"3F1"	"4"	""	"*"	"4"		""	"L153"	
"559.422"	"559.4227"	"0.0022"	"1"	""		"26861.64"	"44737.21"	"5d5.(2F1).6s"	"3F"	"2"	""	"*"	"1"		""	"L153"	
"559.511"	"559.5107"	"0.0022"	"10"	""		"28233.44"	"46106.20"	"5d5.(4F).6s"	"5F"	"5"	""	"*"	"6"		""	"L153"	
"559.592"	"559.5943"	"0.0022"	"1"	""		"30374.20"	"48244.29"	"5d4.6s2"	"3F1"	"2"	""	"*"	"2"		""	"L153"	
"560.3373"	"560.3371"	"0.0022"	"1"	""		"19827.68"	"37674.08"	"5d5.(4P).6s"	"5P"	"3"	""	"*"	"3"		""	"L153"	
"560.587"	"560.5881"	"0.0022"	"40"	""		"31817.63"	"49656.04"	""	"*"	"2"	"5d4.6s.(6D).7s"	"5D"	"3"		""	"L153"	
"560.676"	"560.6742"	"0.0022"	"3"	""		"29853.66"	"47689.33"	"5d5.(4F).6s"	"5F"	"4"	""	"*"	"4"		""	"L153"	
"560.9691"	"560.9680"	"0.0022"	"5"	"6.4e+04"	C	"18116.84"	"35943.17"	"5d5.(4G).6s"	"5G"	"2"	""	"*"	"3"		"T4976"	"L153"	
"561.3861"	"561.3862"	"0.0022"	"4"	""		"22852.80"	"40665.85"	"5d4.6s2"	"1G2"	"4"	""	"*"	"3"		""	"L153"	
"561.672"	"561.6700"	"0.0022"	"2"	""		"23930.08"	"41734.13"	"5d5.(4D).6s"	"5D"	"3"	""	"*"	"2"		""	"L153"	
"561.771"	"561.7750"	"0.0022"	"6"	""		"27213.82"	"45014.54"	"5d5.(2F1).6s"	"3F"	"4"	""	"*"	"3"		""	"L153"	
"561.861"	"561.8618"	"0.0022"	"5"	"1.47e+05"	C	"17701.18"	"35499.15"	"5d4.6s2"	"3F2"	"3"	""	"*"	"3"		"T4976"	"L153"	
"561.882"	"561.8833"	"0.0022"	"5"	""		"16431.31"	"34228.60"	"5d4.6s2"	"3G"	"4"	""	"*"	"3"		""	"L153"	
"562.030"	"562.0292"	"0.0022"	"2"	""		"22476.68"	"40269.35"	"5d5.(4D).6s"	"5D"	"4"	""	"*"	"3"		""	"L153"	
"562.553"	"562.5518"	"0.0022"	"2"	""		"28291.88"	"46068.02"	"5d5.(2F1).6s"	"3F"	"3"	""	"*"	"3"		""	"L153"	
"562.614"	"562.6148"	"0.0022"	"6"	"7.e+04"	D	"19535.01"	"37309.16"	"5d5.(4G).6s"	"5G"	"5"	""	"*"	"5"		"T4976"	"L153"	
"563.123"	"563.1205"	"0.0022"	"8"	""		"15069.93"	"32828.12"	"5d4.6s2"	"3H"	"5"	"5d4.6s.(6D).6p"	"5D*"	"4"		""	"L153"	
"563.146"	"563.1490"	"0.0022"	"3"	""		"22476.68"	"40233.97"	"5d5.(4D).6s"	"5D"	"4"	""	"*"	"4"		""	"L153"	
"563.283"	"563.2819"	"0.0022"	"10"	""		"33370.04"	"51123.14"	"5d4.6s.(6D).6p"	"5F*"	"5"	"5d4.6s.(6D).7s"	"5D"	"4"		""	"L153"	
"563.350"	"563.3520"	"0.0022"	"20"	"1.43e+05"	D	"12161.96"	"29912.85"	"5d4.6s2"	"3H"	"4"	"5d4.6s.(6D).6p"	"5D*"	"3"		"T4976"	"L153"	
"563.706"	"563.7048"	"0.0022"	"5"	""		"29853.66"	"47593.44"	"5d5.(4F).6s"	"5F"	"4"	""	"*"	"3"		""	"L153"	
"563.867"	"563.8682"	"0.0022"	"4"	""		"26861.64"	"44596.28"	"5d5.(2F1).6s"	"3F"	"2"	""	"*"	"2"		""	"L153"	
"564.121"	"564.1192"	"0.0022"	"5"	""		"27213.82"	"44940.57"	"5d5.(2F1).6s"	"3F"	"4"	""	"*"	"4"		""	"L153"	
"564.296"	"564.2959"	"0.0022"	"5"	""		"33569.53"	"51290.73"	""	""	"4"	""	"*"	"5"		""	"L153,L416"	
"564.360"	"564.3615"	"0.0022"	"6"	""		"1670.29"	"19389.43"	"5d4.6s2"	"5D"	"1"	"5d4.6s.(6D).6p"	"7F*"	"0"		""	"L153"	
"564.542"	"564.5412"	"0.0022"	"1"	""		"28392.70"	"46106.20"	"5d5.(2I).6s"	"3I"	"6"	""	"*"	"6"		""	"L153"	
"564.604"	"564.6036"	"0.0022"	"5"	""		"23982.80"	"41694.34"	"5d5.(4D).6s"	"5D"	"2"	""	"*"	"3"		""	"L153"	
"564.859"	"564.8594"	"0.0022"	"3w"	""		"27670.48"	"45374.00"	"5d5.(4F).6s"	"5F"	"1"	""	"*"	"1"		""	"L153"	
"564.994"	"564.9915"	"0.0022"	"50*"	""		"28797.24"	"46496.62"	"5d4.6s.(6D).6p"	"7D*"	"4"	"5d4.6s.(6D).7s"	"7D"	"3"		""	"L153c23"	
"564.994"	"564.9976"	"0.0022"	"50*"	""		"18974.51"	"36673.70"	"5d5.(4G).6s"	"5G"	"3"	""	"*"	"2"		""	"L153"	
"565.281"	"565.2793"	"0.0022"	"2"	"1.1e+04"	E	"16431.31"	"34121.68"	"5d4.6s2"	"3G"	"4"	""	"*"	"4"		"T4976"	"L153"	
"565.398"	"565.3979"	"0.0022"	"2"	""		"23484.78"	"41171.44"	"5d4.6s2"	"1I"	"6"	""	"*"	"6"		""	"L153"	
"565.567"	"565.5670"	"0.0022"	"3"	"2.6e+04"	D	"15460.01"	"33141.38"	"5d4.6s2"	"3D"	"3"	""	"*"	"2"		"T4976"	"L153"	
"565.857"	"565.8554"	"0.0022"	"3"	""		"23455.02"	"41127.38"	"5d5.(4D).6s"	"5D"	"1"	""	"*"	"0"		""	"L153"	
"565.945"	""	""	"2"	""		""	""	""	""	""	""	""	""		""	"L153"	
"566.164"	"566.1652"	"0.0022"	"6"	"1.2e+05"	C	"18280.48"	"35943.17"	"5d5.(6S).6s"	"5S"	"2"	""	"*"	"3"		"T4976"	"L153"	
"566.229"	"566.2315"	"0.0022"	"20"	"6.8e+05"	C	"19648.54"	"37309.16"	"5d5.(4G).6s"	"5G"	"6"	""	"*"	"5"		"T4976"	"L153"	
"566.487"	"566.4875"	"0.0022"	"3w"	""		"32135.94"	"49788.58"	"5d5.(4G).6s"	"3G"	"4"	""	"*"	"4"		""	"L153"	
"566.555"	"566.5530"	"0.0022"	"3"	""		"19253.56"	"36904.16"	"5d4.6s2"	"3P2"	"2"	""	"*"	"2"		""	"L153"	
"566.590"	"566.5883"	"0.0022"	"8"	""		"23455.02"	"41104.52"	"5d5.(4D).6s"	"5D"	"1"	""	"*"	"2"		""	"L153"	
"566.875"	"566.8732"	"0.0022"	"4"	""		"24610.88"	"42251.51"	"5d4.6s2"	"1F"	"3"	""	"*"	"3"		""	"L153"	
"567.213"	"567.2143"	"0.0023"	"1"	""		"29853.66"	"47483.68"	"5d5.(4F).6s"	"5F"	"4"	""	"*"	"3"		""	"L153"	
"567.510"	"567.5111"	"0.0023"	"5"	"4.6e+05"	C	"19253.56"	"36874.36"	"5d4.6s2"	"3P2"	"2"	""	"*"	"3"		"T6977"	"L153"	
"567.596"	"567.5975"	"0.0023"	"10"	"1.77e+06"	B	"19256.24"	"36874.36"	"5d5.(4G).6s"	"5G"	"4"	""	"*"	"3"		"T6977"	"L153"	
"567.694"	"567.6941"	"0.0023"	"5"	"2.20e+05"	C	"18116.84"	"35731.96"	"5d5.(4G).6s"	"5G"	"2"	""	"*"	"2"		"T4976"	"L153"	
"567.818"	"567.8156"	"0.0023"	"6"	""		"19535.01"	"37146.36"	"5d5.(4G).6s"	"5G"	"5"	""	"*"	"4"		""	"L153"	
"567.848"	"567.8469"	"0.0023"	"8"	""		"17701.18"	"35311.56"	"5d4.6s2"	"3F2"	"3"	""	"*"	"2"		""	"L153"	
"568.048"	""	""	"4"	""		""	""	""	""	""	""	""	""		""	"L153"	
"568.122"	"568.1221"	"0.0023"	"3"	""		"27849.80"	"45451.65"	"5d5.(2I).6s"	"3I"	"5"	""	"*"	"5"		""	"L153"	
"568.166"	"568.1689"	"0.0023"	"4"	""		"23982.80"	"41583.20"	"5d5.(4D).6s"	"5D"	"2"	""	"*"	"2"		""	"L153"	
"569.126"	"569.1277"	"0.0023"	"2"	""		"28720.88"	"46291.63"	"5d5.(4P).6s"	"3P"	"1"	""	"*"	"1"		""	"L153"	
"569.171"	"569.1730"	"0.0023"	"3"	""		"23930.08"	"41499.43"	"5d5.(4D).6s"	"5D"	"3"	""	"*"	"3"		""	"L153"	
"569.531"	""	""	"4w"	""		""	""	""	""	""	""	""	""		""	"L153"	
"569.614"	"569.6156"	"0.0023"	"3"	""		"28233.44"	"45789.14"	"5d5.(4F).6s"	"5F"	"5"	""	"*"	"5"		""	"L153"	
"569.664"	"569.6688"	"0.0023"	"3"	""		"34302.04"	"51856.10"	"5d5.(2G2).6s"	"3G"	"4"	""	"*"	"4"		""	"L153"	
"569.937"	"569.9379"	"0.0023"	"10"	"2.8e+05"	C	"13777.71"	"31323.48"	"5d4.6s2"	"3F2"	"2"	""	"*"	"1"		"T4976"	"L153"	
"570.595"	"570.594"	"0.003"	"4"	""		"17107.01"	"34632.60"	"5d4.6s2"	"3F2"	"4"	""	"*"	"4"		""	"L153"	
"570.729"	"570.727"	"0.003"	"5"	""		"28347.60"	"45869.10"	"5d5.(4F).6s"	"5F"	"3"	""	"*"	"4"		""	"L153"	
"570.887"	"570.886"	"0.003"	"1"	""		"23982.80"	"41499.43"	"5d5.(4D).6s"	"5D"	"2"	""	"*"	"3"		""	"L153"	
"570.958"	"570.963"	"0.003"	"2"	""		"33291.80"	"50806.07"	"5d5.(2I).6s"	"1I"	"6"	""	"*"	"5"		""	"L153"	
"571.063"	"571.063"	"0.003"	"4w"	""		"37146.36"	"54657.56"	""	"*"	"4"	""	""	"3"		""	"L153"	
"571.405"	"571.410"	"0.003"	"3"	""		"32135.94"	"49636.52"	"5d5.(4G).6s"	"3G"	"4"	""	"*"	"4"		""	"L153"	
"571.697"	"571.696"	"0.003"	"4*"	""		"26861.64"	"44353.46"	"5d5.(2F1).6s"	"3F"	"2"	""	"*"	"1"		""	"L153c23"	
"571.697"	"571.700"	"0.003"	"4*"	""		"30586.64"	"48078.32"	"5d4.6s.(6D).6p"	"5P*"	"3"	"5d4.6s.(6D).7s"	"5D"	"2"		""	"L153"	
"571.977"	"571.980"	"0.003"	"2"	""		"19826.04"	"37309.16"	"5d4.6s2"	"3G"	"5"	""	"*"	"5"		""	"L153"	
"572.269"	"572.270"	"0.003"	"2"	""		"35299.82"	"52774.10"	""	""	"4"	""	"*"	"5"		""	"L153,L416"	
"572.294"	"572.296"	"0.003"	"1"	""		"28204.20"	"45677.69"	"5d5.(4F).6s"	"5F"	"2"	""	"*"	"3"		""	"L153"	
"572.347"	"572.348"	"0.003"	"1"	""		"39361.01"	"56832.90"	""	"*"	"5"	""	""	"6"		""	"L153"	
"572.464"	"572.463"	"0.003"	"8"	""		"25983.60"	"43451.98"	"5d4.6s.(6D).6p"	"5F*"	"1"	"5d4.6s.(6D).7s"	"7D"	"1"		""	"L153"	
"572.613"	"572.611"	"0.003"	"1w"	""		"34719.33"	"52183.20"	""	"*"	"1"	""	""	"2"		""	"L153"	
"572.802"	"572.803"	"0.003"	"2"	""		"32826.63"	"50284.64"	""	""	"3"	""	"*"	"4"		""	"L153,L416"	
"573.015"	"573.017"	"0.003"	"4"	"1.0e+05"	D	"18280.48"	"35731.96"	"5d5.(6S).6s"	"5S"	"2"	""	"*"	"2"		"T4976"	"L153"	
"573.668"	"573.667"	"0.003"	"50"	""		"27488.11"	"44919.84"	"5d5.(6S).6p"	"7P*"	"3"	"5d4.6s.(6D).7s"	"7D"	"2"		""	"L153"	
"574.046"	"574.048"	"0.003"	"3"	""		"19253.56"	"36673.70"	"5d4.6s2"	"3P2"	"2"	""	"*"	"2"		""	"L153"	
"574.119"	"574.118"	"0.003"	"10"	""		"32238.02"	"49656.04"	""	"*"	"3"	"5d4.6s.(6D).7s"	"5D"	"3"		""	"L153"	
"574.165"	"574.167"	"0.003"	"2"	""		"22852.80"	"40269.35"	"5d4.6s2"	"1G2"	"4"	""	"*"	"3"		""	"L153"	
"574.271"	"574.271"	"0.003"	"4"	""		"23455.02"	"40868.40"	"5d5.(4D).6s"	"5D"	"1"	""	"*"	"2"		""	"L153"	
"574.886"	"574.885"	"0.003"	"8w"	""		"30683.54"	"48078.32"	""	"*"	"1"	"5d4.6s.(6D).7s"	"5D"	"2"		""	"L153"	
"575.083"	"575.080"	"0.003"	"20"	""		"30586.64"	"47975.54"	"5d4.6s.(6D).6p"	"5P*"	"3"	"5d4.6s.(6D).7s"	"7D"	"4"		""	"L153"	
"575.181"	"575.182"	"0.003"	"4"	""		"28291.88"	"45677.69"	"5d5.(2F1).6s"	"3F"	"3"	""	"*"	"3"		""	"L153"	
"575.297"	"575.298"	"0.003"	"2"	"1.76e+04"	D	"18116.84"	"35499.15"	"5d5.(4G).6s"	"5G"	"2"	""	"*"	"3"		"T4976"	"L153"	
"575.425"	"575.427"	"0.003"	"3"	""		"32135.94"	"49514.34"	"5d5.(4G).6s"	"3G"	"4"	""	"*"	"3"		""	"L153"	
"575.494"	"575.492"	"0.003"	"4w"	""		"13307.10"	"30683.54"	"5d4.6s2"	"3P2"	"1"	""	"*"	"1"		""	"L153"	
"575.545"	""	""	"6"	""		""	""	""	""	""	""	""	""		""	"L153"	
"575.617"	"575.612"	"0.003"	"5"	""		"20983.02"	"38355.84"	"5d5.(4P).6s"	"5P"	"2"	""	"*"	"1"		""	"L153"	
"575.770"	"575.768"	"0.003"	"8"	""		"15460.01"	"32828.12"	"5d4.6s2"	"3D"	"3"	"5d4.6s.(6D).6p"	"5D*"	"4"		""	"L153"	
"576.125"	"576.120"	"0.003"	"10"	""		"29139.12"	"46496.62"	"5d4.6s.(6D).6p"	"5F*"	"3"	"5d4.6s.(6D).7s"	"7D"	"3"		""	"L153"	
"576.500"	"576.498"	"0.003"	"3w"	""		"20427.84"	"37773.96"	"5d5.(4P).6s"	"5P"	"1"	""	"*"	"1"		""	"L153"	
"576.936"	"576.936"	"0.003"	"2w"	""		"27213.82"	"44546.76"	"5d5.(2F1).6s"	"3F"	"4"	""	"*"	"5"		""	"L153"	
"577.034"	"577.031"	"0.003"	"2"	""		"28347.60"	"45677.69"	"5d5.(4F).6s"	"5F"	"3"	""	"*"	"3"		""	"L153"	
"577.358"	"577.357"	"0.003"	"6"	"9.6e+04"	D	"19826.04"	"37146.36"	"5d4.6s2"	"3G"	"5"	""	"*"	"4"		"T4976"	"L153"	
"577.508"	"577.509"	"0.003"	"5"	""		"23455.02"	"40770.78"	"5d5.(4D).6s"	"5D"	"1"	""	"*"	"1"		""	"L153"	
"578.636"	"578.638"	"0.003"	"3"	""		"32135.94"	"49417.90"	"5d5.(4G).6s"	"3G"	"4"	""	"*"	"3"		""	"L153"	
"579.142"	"579.140"	"0.003"	"4"	""		"27849.80"	"45116.77"	"5d5.(2I).6s"	"3I"	"5"	""	"*"	"4"		""	"L153"	
"579.294"	"579.292"	"0.003"	"3"	""		"29195.84"	"46458.30"	"5d4.6s.(6D).6p"	"5D*"	"2"	"5d4.6s.(6D).7s"	"5D"	"1"		""	"L153"	
"579.341"	"579.339"	"0.003"	"1w"	""		"24610.88"	"41871.94"	"5d4.6s2"	"1F"	"3"	""	"*"	"4"		""	"L153"	
"579.395"	"579.393"	"0.003"	"1w"	""		"28291.88"	"45551.32"	"5d5.(2F1).6s"	"3F"	"3"	""	"*"	"3"		""	"L153"	
"579.426"	""	""	"3w"	""		""	""	""	""	""	""	""	""		""	"L153"	
"579.467"	"579.464"	"0.003"	"10"	""		"27662.52"	"44919.84"	"5d4.6s.(6D).6p"	"5F*"	"2"	"5d4.6s.(6D).7s"	"7D"	"2"		""	"L153"	
"579.810"	"579.809"	"0.003"	"8"	"2.21e+05"	C	"17107.01"	"34354.08"	"5d4.6s2"	"3F2"	"4"	""	"*"	"3"		"T4976"	"L153"	
"579.936"	"579.936"	"0.003"	"2"	""		"22476.68"	"39719.96"	"5d5.(4D).6s"	"5D"	"4"	""	"*"	"4"		""	"L153"	
"580.112"	"580.111"	"0.003"	"5"	"4.e+04"	E	"13348.56"	"30586.64"	"5d4.6s2"	"3G"	"3"	"5d4.6s.(6D).6p"	"5P*"	"3"		"T4976"	"L153"	
"580.274"	"580.275"	"0.003"	"1"	""		"27213.82"	"44447.02"	"5d5.(2F1).6s"	"3F"	"4"	""	"*"	"3"		""	"L153"	
"580.465"	"580.465"	"0.003"	"3"	""		"33201.61"	"50429.18"	"5d5.(2G2).6s"	"3G"	"5"	""	"*"	"6"		""	"L153,L416"	
"580.607"	"580.607"	"0.003"	"2"	""		"20983.02"	"38206.38"	"5d5.(4P).6s"	"5P"	"2"	""	"*"	"3"		""	"L153"	
"580.646"	"580.646"	"0.003"	"40"	""		"26229.77"	"43451.98"	"5d5.(6S).6p"	"7P*"	"2"	"5d4.6s.(6D).7s"	"7D"	"1"		""	"L153"	
"580.766"	"580.765"	"0.003"	"3"	"6.9e+04"	C	"18280.48"	"35499.15"	"5d5.(6S).6s"	"5S"	"2"	""	"*"	"3"		"T4976"	"L153"	
"580.785"	"580.786"	"0.003"	"6"	""		"28204.20"	"45422.26"	"5d5.(4F).6s"	"5F"	"2"	""	"*"	"2"		""	"L153"	
"581.207"	"581.204"	"0.003"	"1"	""		"28898.96"	"46104.62"	"5d4.6s2"	"3P1"	"2"	""	"*"	"1"		""	"L153"	
"581.575"	"581.574"	"0.003"	"2"	""		"18116.84"	"35311.56"	"5d5.(4G).6s"	"5G"	"2"	""	"*"	"2"		""	"L153"	
"581.697"	"581.691"	"0.003"	"1"	""		"37466.30"	"54657.56"	""	"*"	"2"	""	""	"3"		""	"L153"	
"582.018"	"582.018"	"0.003"	"1"	""		"28720.88"	"45902.48"	"5d5.(4P).6s"	"3P"	"1"	""	"*"	"2"		""	"L153"	
"582.261"	"582.261"	"0.003"	"4"	""		"23930.08"	"41104.52"	"5d5.(4D).6s"	"5D"	"3"	""	"*"	"2"		""	"L153"	
"582.374"	"582.377"	"0.003"	"1"	""		"34302.04"	"51473.04"	"5d5.(2G2).6s"	"3G"	"4"	""	"*"	"4"		""	"L153"	
"582.421"	"582.420"	"0.003"	"10"	"1.07e+06"	B	"22476.68"	"39646.41"	"5d5.(4D).6s"	"5D"	"4"	""	"*"	"3"		"T6977"	"L153"	
"582.772"	"582.772"	"0.003"	"2"	""		"26861.64"	"44021.00"	"5d5.(2F1).6s"	"3F"	"2"	""	"*"	"3"		""	"L153"	
"583.388"	"583.385"	"0.003"	"5"	""		"27778.50"	"44919.84"	"5d4.6s.(6D).6p"	"5D*"	"1"	"5d4.6s.(6D).7s"	"7D"	"2"		""	"L153"	
"583.523"	"583.520"	"0.003"	"8"	""		"22476.68"	"39614.05"	"5d5.(4D).6s"	"5D"	"4"	""	"*"	"5"		""	"L153"	
"583.756"	"583.758"	"0.003"	"1"	""		"28291.88"	"45422.26"	"5d5.(2F1).6s"	"3F"	"3"	""	"*"	"2"		""	"L153"	
"584.059"	"584.058"	"0.003"	"8"	""		"17107.01"	"34228.60"	"5d4.6s2"	"3F2"	"4"	""	"*"	"3"		""	"L153"	
"584.330"	"584.331"	"0.003"	"2"	""		"26861.64"	"43975.22"	"5d5.(2F1).6s"	"3F"	"2"	""	"*"	"2"		""	"L153"	
"584.532"	"584.529"	"0.003"	"1w"	""		"18974.51"	"36082.30"	"5d5.(4G).6s"	"5G"	"3"	""	"*"	"4"		""	"L153"	
"584.689"	"584.685"	"0.003"	"10"	""		"29393.40"	"46496.62"	"5d4.6s.(6D).6p"	"5P*"	"2"	"5d4.6s.(6D).7s"	"7D"	"3"		""	"L153"	
"585.043"	"585.043"	"0.003"	"2"	""		"31077.80"	"48170.55"	""	""	"2"	""	"*"	"3"		""	"L153,L416"	
"585.114"	"585.111"	"0.003"	"4"	""		"27849.80"	"44940.57"	"5d5.(2I).6s"	"3I"	"5"	""	"*"	"4"		""	"L153"	
"585.320"	"585.319"	"0.003"	"10"	""		"26367.28"	"43451.98"	""	"*"	"2"	"5d4.6s.(6D).7s"	"7D"	"1"		""	"L153"	
"585.601"	"585.601"	"0.003"	"5"	""		"19827.68"	"36904.16"	"5d5.(4P).6s"	"5P"	"3"	""	"*"	"2"		""	"L153"	
"585.823"	"585.822"	"0.003"	"6"	""		"20983.02"	"38053.05"	"5d5.(4P).6s"	"5P"	"2"	""	"*"	"3"		""	"L153"	
"585.932"	"585.935"	"0.003"	"2"	""		"27670.48"	"44737.21"	"5d5.(4F).6s"	"5F"	"1"	""	"*"	"1"		""	"L153"	
"585.984"	"585.984"	"0.003"	"4"	""		"32378.40"	"49443.70"	"5d5.(2D3).6s"	"3D"	"1"	""	"*"	"1"		""	"L153"	
"586.204"	"586.203"	"0.003"	"1"	""		"28392.70"	"45451.65"	"5d5.(2I).6s"	"3I"	"6"	""	"*"	"5"		""	"L153"	
"586.438"	"586.442"	"0.003"	"1"	""		"32135.94"	"49187.92"	"5d5.(4G).6s"	"3G"	"4"	""	"*"	"5"		""	"L153"	
"586.579"	"586.576"	"0.003"	"1"	""		"39719.96"	"56768.06"	""	"*"	"4"	""	""	"5"		""	"L153"	
"586.626"	"586.624"	"0.003"	"12"	"1.60e+06"	B	"19827.68"	"36874.36"	"5d5.(4P).6s"	"5P"	"3"	""	"*"	"3"		"T6977"	"L153"	
"586.765"	"586.767"	"0.003"	"1w"	""		"36874.36"	"53916.90"	""	"*"	"3"	""	""	"3"		""	"L153"	
"586.909"	"586.908"	"0.003"	"1"	""		"20427.84"	"37466.30"	"5d5.(4P).6s"	"5P"	"1"	""	"*"	"2"		""	"L153"	
"587.166"	"587.162"	"0.003"	"4*"	""		"18280.48"	"35311.56"	"5d5.(6S).6s"	"5S"	"2"	""	"*"	"2"		""	"L153"	
"587.166"	"587.165"	"0.003"	"4*"	""		"26861.64"	"43892.62"	"5d5.(2F1).6s"	"3F"	"2"	""	"*"	"1"		""	"L153"	
"587.228"	"587.230"	"0.003"	"1"	""		"28233.44"	"45262.55"	"5d5.(4F).6s"	"5F"	"5"	""	"*"	"4"		""	"L153"	
"587.300"	"587.301"	"0.003"	"1"	""		"29479.32"	"46506.37"	"5d4.6s2"	"3F1"	"4"	""	"*"	"5"		""	"L153"	
"587.327"	"587.326"	"0.003"	"4w"	""		"28198.90"	"45225.22"	"5d4.6s.(6D).6p"	"5P*"	"1"	"5d4.6s.(6D).7s"	"5D"	"0"		""	"L153"	
"587.585"	"587.583"	"0.003"	"6"	""		"19256.24"	"36275.10"	"5d5.(4G).6s"	"5G"	"4"	""	"*"	"5"		""	"L153"	
"587.732"	"587.728"	"0.003"	"5"	"3.9e+04"	D	"17107.01"	"34121.68"	"5d4.6s2"	"3F2"	"4"	""	"*"	"4"		"T4976"	"L153"	
"587.791"	"587.795"	"0.003"	"2"	""		"36904.16"	"53916.90"	""	"*"	"2"	""	""	"3"		""	"L153"	
"588.107"	"588.114"	"0.003"	"1"	""		"28898.96"	"45902.48"	"5d4.6s2"	"3P1"	"2"	""	"*"	"2"		""	"L153"	
"588.132"	""	""	"2"	""		""	""	""	""	""	""	""	""		""	"L153"	
"588.184"	"588.185"	"0.003"	"10"	""		"34121.68"	"51123.14"	""	"*"	"4"	"5d4.6s.(6D).7s"	"5D"	"4"		""	"L153"	
"588.445"	"588.452"	"0.003"	"1"	""		"23930.08"	"40923.83"	"5d5.(4D).6s"	"5D"	"3"	""	"*"	"3"		""	"L153"	
"588.480"	""	""	"2"	""		""	""	""	""	""	""	""	""		""	"L153"	
"588.511"	""	""	"2"	""		""	""	""	""	""	""	""	""		""	"L153"	
"588.625"	"588.627"	"0.003"	"4"	""		"34302.04"	"51290.73"	"5d5.(2G2).6s"	"3G"	"4"	""	"*"	"5"		""	"L153"	
"588.659"	"588.667"	"0.003"	"1"	""		"30374.20"	"47361.74"	"5d4.6s2"	"3F1"	"2"	""	"*"	"3"		""	"L153"	
"589.028"	"589.027"	"0.003"	"1"	""		"12161.96"	"29139.12"	"5d4.6s2"	"3H"	"4"	"5d4.6s.(6D).6p"	"5F*"	"3"		""	"L153"	
"589.195"	"589.195"	"0.003"	"5"	""		"24610.88"	"41583.20"	"5d4.6s2"	"1F"	"3"	""	"*"	"2"		""	"L153"	
"589.324"	"589.322"	"0.003"	"8"	"1.47e+05"	C	"18974.51"	"35943.17"	"5d5.(4G).6s"	"5G"	"3"	""	"*"	"3"		"T4976"	"L153"	
"589.497"	"589.498"	"0.003"	"1"	""		"30374.20"	"47337.79"	"5d4.6s2"	"3F1"	"2"	""	"*"	"2"		""	"L153"	
"589.761"	"589.758"	"0.003"	"1"	""		"23455.02"	"40411.12"	"5d5.(4D).6s"	"5D"	"1"	""	"*"	"1"		""	"L153"	
"590.166"	"590.163"	"0.003"	"1"	""		"24789.66"	"41734.13"	"5d4.6s2"	"1D2"	"2"	""	"*"	"2"		""	"L153"	
"590.284"	"590.283"	"0.003"	"8"	""		"23982.80"	"40923.83"	"5d5.(4D).6s"	"5D"	"2"	""	"*"	"3"		""	"L153"	
"590.364"	"590.363"	"0.003"	"4"	"1.39e+04"	C	"16431.31"	"33370.04"	"5d4.6s2"	"3G"	"4"	"5d4.6s.(6D).6p"	"5F*"	"5"		"T4976"	"L153"	
"590.394"	"590.391"	"0.003"	"4"	""		"32135.94"	"49073.88"	"5d5.(4G).6s"	"3G"	"4"	""	"*"	"5"		""	"L153"	
"590.428"	"590.426"	"0.003"	"20"	"1.36e+06"	B	"19253.56"	"36190.49"	"5d4.6s2"	"3P2"	"2"	""	"*"	"1"		"T6977"	"L153"	
"590.621"	"590.618"	"0.003"	"1"	""		"17701.18"	"34632.60"	"5d4.6s2"	"3F2"	"3"	""	"*"	"4"		""	"L153"	
"590.669"	"590.666"	"0.003"	"4"	""		"32217.91"	"49147.95"	""	""	"3"	""	"*"	"4"		""	"L153,L416"	
"590.816"	"590.814"	"0.003"	"2w"	""		"27670.48"	"44596.28"	"5d5.(4F).6s"	"5F"	"1"	""	"*"	"2"		""	"L153"	
"590.840"	""	""	"2"	""		""	""	""	""	""	""	""	""		""	"L153"	
"591.196"	"591.193"	"0.003"	"2"	""		"28347.60"	"45262.55"	"5d5.(4F).6s"	"5F"	"3"	""	"*"	"4"		""	"L153"	
"591.503"	"591.501"	"0.003"	"5"	""		"29479.32"	"46385.46"	"5d4.6s2"	"3F1"	"4"	""	"*"	"3"		""	"L153"	
"591.556"	"591.552"	"0.003"	"3"	""		"24789.66"	"41694.34"	"5d4.6s2"	"1D2"	"2"	""	"*"	"3"		""	"L153"	
"591.906"	"591.907"	"0.003"	"3w"	""		"34228.60"	"51123.14"	""	"*"	"3"	"5d4.6s.(6D).7s"	"5D"	"4"		""	"L153"	
"592.130"	""	""	"3w"	""		""	""	""	""	""	""	""	""		""	"L153"	
"592.224"	"592.221"	"0.003"	"4*"	""		"23982.80"	"40868.40"	"5d5.(4D).6s"	"5D"	"2"	""	"*"	"2"		""	"L153"	
"592.224"	"592.225"	"0.003"	"4*"	""		"35116.78"	"52002.25"	""	"*"	"4"	""	""	"3"		""	"L153c23"	
"592.269"	"592.265"	"0.003"	"3"	""		"22476.68"	"39361.01"	"5d5.(4D).6s"	"5D"	"4"	""	"*"	"5"		""	"L153"	
"592.301"	"592.300"	"0.003"	"3"	""		"28233.44"	"45116.77"	"5d5.(4F).6s"	"5F"	"5"	""	"*"	"4"		""	"L153"	
"592.351"	""	""	"1"	""		""	""	""	""	""	""	""	""		""	"L153"	
"592.371"	"592.370"	"0.003"	"1"	""		"30374.20"	"47255.55"	"5d4.6s2"	"3F1"	"2"	""	"*"	"1"		""	"L153"	
"592.869"	"592.868"	"0.003"	"3"	""		"22852.80"	"39719.96"	"5d4.6s2"	"1G2"	"4"	""	"*"	"4"		""	"L153"	
"593.022"	"593.020"	"0.003"	"10"	""		"22773.78"	"39636.62"	"5d5.(4D).6s"	"5D"	"0"	""	"*"	"1"		""	"L153"	
"593.057"	"593.055"	"0.003"	"1"	""		"28898.96"	"45760.80"	"5d4.6s2"	"3P1"	"2"	""	"*"	"1"		""	"L153"	
"593.277"	"593.273"	"0.003"	"2"	""		"37414.11"	"54269.77"	""	""	"3"	""	"*"	"3"		""	"L153,L416"	
"593.613"	"593.612"	"0.003"	"8"	""		"19827.68"	"36673.70"	"5d5.(4P).6s"	"5P"	"3"	""	"*"	"2"		""	"L153"	
"593.778"	"593.773"	"0.003"	"1"	""		"14976.18"	"31817.63"	"5d4.6s2"	"3D"	"2"	""	"*"	"2"		""	"L153"	
"593.872"	""	""	"3"	""		""	""	""	""	""	""	""	""		""	"L153"	
"594.254"	"594.248"	"0.003"	"10*"	""		"6219.33"	"23047.31"	"5d4.6s2"	"5D"	"4"	"5d4.6s.(6D).6p"	"7F*"	"3"		""	"L153"	
"594.254"	"594.251"	"0.003"	"10*"	""		"32828.12"	"49656.04"	"5d4.6s.(6D).6p"	"5D*"	"4"	"5d4.6s.(6D).7s"	"5D"	"3"		""	"L153"	
"594.319"	"594.316"	"0.003"	"3"	""		"19256.24"	"36082.30"	"5d5.(4G).6s"	"5G"	"4"	""	"*"	"4"		""	"L153"	
"594.359"	"594.358"	"0.003"	"3"	""		"28291.88"	"45116.77"	"5d5.(2F1).6s"	"3F"	"3"	""	"*"	"4"		""	"L153"	
"594.873"	"594.872"	"0.003"	"8"	""		"28204.20"	"45014.54"	"5d5.(4F).6s"	"5F"	"2"	""	"*"	"3"		""	"L153"	
"594.922"	"594.922"	"0.003"	"30"	"2.40e+05"	C	"13777.71"	"30586.64"	"5d4.6s2"	"3F2"	"2"	"5d4.6s.(6D).6p"	"5P*"	"3"		"T4976"	"L153"	
"594.984"	"594.984"	"0.003"	"3"	""		"27213.82"	"44021.00"	"5d5.(2F1).6s"	"3F"	"4"	""	"*"	"3"		""	"L153"	
"595.109"	""	""	"4"	""		""	""	""	""	""	""	""	""		""	"L153"	
"595.561"	"595.559"	"0.003"	"8"	""		"20983.02"	"37773.96"	"5d5.(4P).6s"	"5P"	"2"	""	"*"	"1"		""	"L153"	
"595.784"	"595.781"	"0.003"	"10"	"1.7e+05"	D	"17701.18"	"34485.86"	"5d4.6s2"	"3F2"	"3"	""	"*"	"2"		"T4976"	"L153"	
"595.988"	"595.993"	"0.003"	"1"	""		"28898.96"	"45677.69"	"5d4.6s2"	"3P1"	"2"	""	"*"	"3"		""	"L153"	
"596.018"	"596.018"	"0.003"	"2"	""		"15460.01"	"32238.02"	"5d4.6s2"	"3D"	"3"	""	"*"	"3"		""	"L153"	
"596.248"	"596.246"	"0.003"	"15*"	""		"27213.82"	"43985.41"	"5d5.(2F1).6s"	"3F"	"4"	""	"*"	"4"		""	"L153"	
"596.248"	"596.254"	"0.003"	"15*"	""		"29853.66"	"46625.05"	"5d5.(4F).6s"	"5F"	"4"	""	"*"	"4"		""	"L153"	
"596.613"	"596.614"	"0.003"	"3"	""		"22852.80"	"39614.05"	"5d4.6s2"	"1G2"	"4"	""	"*"	"5"		""	"L153"	
"596.751"	"596.750"	"0.003"	"40"	"1.0e+06"	C	"18974.51"	"35731.96"	"5d5.(4G).6s"	"5G"	"3"	""	"*"	"2"		"T4976"	"L153"	
"597.368"	"597.368"	"0.003"	"3"	""		"19535.01"	"36275.10"	"5d5.(4G).6s"	"5G"	"5"	""	"*"	"5"		""	"L153"	
"597.416"	"597.415"	"0.003"	"25"	"2.4e+04"	C	"3325.53"	"20064.30"	"5d4.6s2"	"5D"	"2"	"5d4.6s.(6D).6p"	"7F*"	"1"		"T4976"	"L153"	
"597.505"	""	""	"1"	""		""	""	""	""	""	""	""	""		""	"L153"	
"597.521"	"597.523"	"0.003"	"2"	""		"23930.08"	"40665.85"	"5d5.(4D).6s"	"5D"	"3"	""	"*"	"3"		""	"L153"	
"597.831"	"597.831"	"0.003"	"8"	""		"28291.88"	"45019.02"	"5d5.(2F1).6s"	"3F"	"3"	""	"*"	"2"		""	"L153"	
"598.052"	"598.053"	"0.003"	"15"	""		"28198.90"	"44919.84"	"5d4.6s.(6D).6p"	"5P*"	"1"	"5d4.6s.(6D).7s"	"7D"	"2"		""	"L153"	
"598.261"	"598.261"	"0.003"	"2"	""		"33569.53"	"50284.64"	""	""	"4"	""	"*"	"4"		""	"L153,L416"	
"598.426"	"598.429"	"0.003"	"2"	""		"27213.82"	"43924.25"	"5d5.(2F1).6s"	"3F"	"4"	""	"*"	"5"		""	"L153"	
"598.548"	"598.547"	"0.003"	"20"	""		"28233.44"	"44940.57"	"5d5.(4F).6s"	"5F"	"5"	""	"*"	"4"		""	"L153"	
"598.616"	"598.616"	"0.003"	"2w"	""		"30374.20"	"47079.40"	"5d4.6s2"	"3F1"	"2"	""	"*"	"2"		""	"L153"	
"598.860"	"598.858"	"0.003"	"6"	""		"32957.58"	"49656.04"	""	"*"	"3"	"5d4.6s.(6D).7s"	"5D"	"3"		""	"L153"	
"598.909"	"598.909"	"0.003"	"12w*"	""		"27670.48"	"44367.50"	"5d5.(4F).6s"	"5F"	"1"	""	"*"	"2"		""	"L153"	
"598.909"	"598.911"	"0.003"	"12w*"	""		"27849.80"	"44546.76"	"5d5.(2I).6s"	"3I"	"5"	""	"*"	"5"		""	"L153"	
"599.125"	"599.123"	"0.003"	"10"	""		"20983.02"	"37674.08"	"5d5.(4P).6s"	"5P"	"2"	""	"*"	"3"		""	"L153"	
"599.177"	"599.175"	"0.003"	"5"	"6.3e+04"	C	"19253.56"	"35943.17"	"5d4.6s2"	"3P2"	"2"	""	"*"	"3"		"T4976"	"L153"	
"599.273"	"599.271"	"0.003"	"3"	"2.29e+04"	D	"19256.24"	"35943.17"	"5d5.(4G).6s"	"5G"	"4"	""	"*"	"3"		"T4976"	"L153"	
"599.381"	"599.375"	"0.003"	"1"	""		"35499.15"	"52183.20"	""	"*"	"3"	""	""	"2"		""	"L153"	
"599.412"	"599.411"	"0.003"	"8*"	""		"23982.80"	"40665.85"	"5d5.(4D).6s"	"5D"	"2"	""	"*"	"3"		""	"L153"	
"599.412"	"599.413"	"0.003"	"8*"	""		"27670.48"	"44353.46"	"5d5.(4F).6s"	"5F"	"1"	""	"*"	"1"		""	"L153"	
"599.487"	""	""	"2w"	""		""	""	""	""	""	""	""	""		""	"L153"	
"599.786"	""	""	"2"	""		""	""	""	""	""	""	""	""		""	"L153"	
"599.994"	"599.990"	"0.003"	"3"	""		"28347.60"	"45014.54"	"5d5.(4F).6s"	"5F"	"3"	""	"*"	"3"		""	"L153"	
"600.268"	""	""	"2"	""		""	""	""	""	""	""	""	""		""	"L153"	
"600.487"	"600.488"	"0.003"	"4"	""		"28720.88"	"45374.00"	"5d5.(4P).6s"	"3P"	"1"	""	"*"	"1"		""	"L153"	
"601.067"	"601.069"	"0.003"	"10"	""		"27213.82"	"43850.84"	"5d5.(2F1).6s"	"3F"	"4"	""	"*"	"3"		""	"L153"	
"601.083"	"601.088"	"0.003"	"1"	"8.7e+04"	C	"18082.83"	"34719.33"	"5d4.6s2"	"3D"	"1"	""	"*"	"1"		"T6977"	"L153"	
"601.134"	"601.132"	"0.003"	"8"	"4.4e+03"	E	"12161.96"	"28797.24"	"5d4.6s2"	"3H"	"4"	"5d4.6s.(6D).6p"	"7D*"	"4"		"T4976"	"L153"	
"601.445"	"601.447"	"0.003"	"50"	""		"19648.54"	"36275.10"	"5d5.(4G).6s"	"5G"	"6"	""	"*"	"5"		""	"L153"	
"601.731"	"601.730"	"0.003"	"3w"	""		"4830.00"	"21448.76"	"5d4.6s2"	"5D"	"3"	"5d4.6s.(6D).6p"	"7F*"	"2"		""	"L153"	
"601.794"	"601.796"	"0.003"	"2"	""		"26861.64"	"43478.58"	"5d5.(2F1).6s"	"3F"	"2"	""	"*"	"3"		""	"L153"	
"602.140"	"602.140"	"0.003"	"3"	""		"34302.04"	"50909.47"	"5d5.(2G2).6s"	"3G"	"4"	""	"*"	"4"		""	"L153"	
"602.319"	"602.319"	"0.003"	"40"	"6.6e+05"	B	"18116.84"	"34719.33"	"5d5.(4G).6s"	"5G"	"2"	""	"*"	"1"		"T6977"	"L153"	
"602.883"	"602.872"	"0.003"	"1*"	""		"24610.88"	"41198.14"	"5d4.6s2"	"1F"	"3"	""	"*"	"4"		""	"L153"	
"602.883"	"602.883"	"0.003"	"1*"	""		"33201.61"	"49788.58"	"5d5.(2G2).6s"	"3G"	"5"	""	"*"	"4"		""	"L153c23"	
"602.999"	"602.999"	"0.003"	"15"	""		"29912.85"	"46496.62"	"5d4.6s.(6D).6p"	"5D*"	"3"	"5d4.6s.(6D).7s"	"7D"	"3"		""	"L153"	
"603.151"	"603.153"	"0.003"	"5"	""		"31389.08"	"47968.62"	"5d5.(4G).6s"	"3G"	"5"	""	"*"	"4"		""	"L153"	
"603.231"	""	""	"2s"	""		""	""	""	""	""	""	""	""		""	"L153"	
"603.639"	"603.641"	"0.003"	"3w"	""		"34719.33"	"51285.46"	""	"*"	"1"	""	""	"0"		""	"L153c23"	
"603.709"	"603.708"	"0.003"	"4"	"9.e+03"	E	"13348.56"	"29912.85"	"5d4.6s2"	"3G"	"3"	"5d4.6s.(6D).6p"	"5D*"	"3"		"T4976"	"L153"	
"603.898"	""	""	"3w"	""		""	""	""	""	""	""	""	""		""	"L153"	
"603.995"	"603.993"	"0.003"	"2"	""		"23455.02"	"40011.50"	"5d5.(4D).6s"	"5D"	"1"	""	"*"	"2"		""	"L153"	
"604.329"	"604.329"	"0.003"	"10"	"6.e+04"	E	"19535.01"	"36082.30"	"5d5.(4G).6s"	"5G"	"5"	""	"*"	"4"		"T4976"	"L153"	
"604.498"	"604.499"	"0.003"	"25"	""		"31432.91"	"47975.54"	"5d4.6s.(6D).6p"	"5F*"	"4"	"5d4.6s.(6D).7s"	"7D"	"4"		""	"L153"	
"604.847"	"604.851"	"0.003"	"3"	""		"28204.20"	"44737.21"	"5d5.(4F).6s"	"5F"	"2"	""	"*"	"1"		""	"L153"	
"605.054"	"605.055"	"0.003"	"2w"	""		"17701.18"	"34228.60"	"5d4.6s2"	"3F2"	"3"	""	"*"	"3"		""	"L153"	
"605.092"	"605.087"	"0.003"	"1w*"	""		"32828.12"	"49354.68"	"5d4.6s.(6D).6p"	"5D*"	"4"	"5d4.6s.(6D).7s"	"7D"	"5"		""	"L153"	
"605.092"	"605.097"	"0.003"	"1w*"	""		"16431.31"	"32957.58"	"5d4.6s2"	"3G"	"4"	""	"*"	"3"		""	"L153"	
"605.160"	"605.157"	"0.003"	"12"	"1.3e+05"	C	"18974.51"	"35499.15"	"5d5.(4G).6s"	"5G"	"3"	""	"*"	"3"		"T4976"	"L153"	
"605.485"	"605.487"	"0.003"	"2w"	""		"31077.80"	"47593.44"	""	""	"2"	""	"*"	"3"		""	"L153,L416"	
"605.761"	"605.759"	"0.003"	"2"	""		"22852.80"	"39361.01"	"5d4.6s2"	"1G2"	"4"	""	"*"	"5"		""	"L153"	
"605.909"	"605.913"	"0.003"	"5w"	""		"34302.04"	"50806.07"	"5d5.(2G2).6s"	"3G"	"4"	""	"*"	"5"		""	"L153"	
"606.297"	"606.294"	"0.003"	"1"	""		"24610.88"	"41104.52"	"5d4.6s2"	"1F"	"3"	""	"*"	"2"		""	"L153"	
"606.676"	"606.675"	"0.003"	"15"	""		"20983.02"	"37466.30"	"5d5.(4P).6s"	"5P"	"2"	""	"*"	"2"		""	"L153"	
"606.856"	"606.855"	"0.003"	"4"	"8.e+04"	E	"19253.56"	"35731.96"	"5d4.6s2"	"3P2"	"2"	""	"*"	"2"		"T4976"	"L153"	
"606.932"	"606.932"	"0.003"	"10"	""		"20427.84"	"36904.16"	"5d5.(4P).6s"	"5P"	"1"	""	"*"	"2"		""	"L153"	
"607.938"	"607.937"	"0.003"	"1"	""		"19826.04"	"36275.10"	"5d4.6s2"	"3G"	"5"	""	"*"	"5"		""	"L153"	
"608.312"	"608.315"	"0.003"	"30"	"4.0e+05"	B	"18280.48"	"34719.33"	"5d5.(6S).6s"	"5S"	"2"	""	"*"	"1"		"T6977"	"L153"	
"608.457"	"608.461"	"0.003"	"3"	""		"33201.61"	"49636.52"	"5d5.(2G2).6s"	"3G"	"5"	""	"*"	"4"		""	"L153,L416"	
"608.556"	"608.559"	"0.003"	"4"	""		"30374.20"	"46806.45"	"5d4.6s2"	"3F1"	"2"	""	"*"	"2"		""	"L153"	
"609.407"	"609.406"	"0.003"	"5"	""		"22773.78"	"39183.20"	"5d5.(4D).6s"	"5D"	"0"	""	"*"	"1"		""	"L153"	
"609.644"	"609.643"	"0.003"	"5"	"3.8e+04"	E	"18082.83"	"34485.86"	"5d4.6s2"	"3D"	"1"	""	"*"	"2"		"T4976"	"L153"	
"610.911"	"610.910"	"0.003"	"10"	"6.e+04"	E	"18116.84"	"34485.86"	"5d5.(4G).6s"	"5G"	"2"	""	"*"	"2"		"T4976"	"L153"	
"611.335"	"611.336"	"0.003"	"15"	""		"15460.01"	"31817.63"	"5d4.6s2"	"3D"	"3"	""	"*"	"2"		""	"L153"	
"611.721"	"611.722"	"0.003"	"12"	"1.3e+05"	C	"14976.18"	"31323.48"	"5d4.6s2"	"3D"	"2"	""	"*"	"1"		"T4976"	"L153"	
"612.108"	"612.106"	"0.003"	"4"	""		"18974.51"	"35311.56"	"5d5.(4G).6s"	"5G"	"3"	""	"*"	"2"		""	"L153"	
"612.995"	"612.996"	"0.003"	"20"	""		"28233.44"	"44546.76"	"5d5.(4F).6s"	"5F"	"5"	""	"*"	"5"		""	"L153"	
"613.130"	"613.128"	"0.003"	"3"	""		"29479.32"	"45789.14"	"5d4.6s2"	"3F1"	"4"	""	"*"	"5"		""	"L153"	
"613.333"	"613.331"	"0.003"	"2"	""		"28291.88"	"44596.28"	"5d5.(2F1).6s"	"3F"	"3"	""	"*"	"2"		""	"L153"	
"613.349"	"613.351"	"0.003"	"1"	""		"23930.08"	"40233.97"	"5d5.(4D).6s"	"5D"	"3"	""	"*"	"4"		""	"L153"	
"613.489"	"613.488"	"0.003"	"4"	""		"31389.08"	"47689.33"	"5d5.(4G).6s"	"3G"	"5"	""	"*"	"4"		""	"L153"	
"614.006"	"614.004"	"0.003"	"1"	""		"23982.80"	"40269.35"	"5d5.(4D).6s"	"5D"	"2"	""	"*"	"3"		""	"L153"	
"614.274"	""	""	"1"	""		""	""	""	""	""	""	""	""		""	"L153"	
"614.564"	"614.562"	"0.003"	"12"	""		"22476.68"	"38748.44"	"5d5.(4D).6s"	"5D"	"4"	""	"*"	"4"		""	"L153"	
"614.822"	"614.826"	"0.003"	"1"	""		"27213.82"	"43478.58"	"5d5.(2F1).6s"	"3F"	"4"	""	"*"	"3"		""	"L153"	
"614.893"	"614.892"	"0.003"	"3"	"1.8e+04"	C	"17107.01"	"33370.04"	"5d4.6s2"	"3F2"	"4"	"5d4.6s.(6D).6p"	"5F*"	"5"		"T4976"	"L153"	
"614.985"	"614.980"	"0.003"	"2w"	""		"31817.63"	"48078.32"	""	"*"	"2"	"5d4.6s.(6D).7s"	"5D"	"2"		""	"L153"	
"615.351"	"615.353"	"0.003"	"1"	""		"19256.24"	"35507.07"	"5d5.(4G).6s"	"5G"	"4"	""	"*"	"5"		""	"L153"	
"615.542"	"615.541"	"0.003"	"2w"	""		"20427.84"	"36673.70"	"5d5.(4P).6s"	"5P"	"1"	""	"*"	"2"		""	"L153"	
"615.657"	"615.654"	"0.003"	"6*"	""		"17701.18"	"33944.06"	"5d4.6s2"	"3F2"	"3"	""	"*"	"2"		""	"L153"	
"615.657"	"615.657"	"0.003"	"6*"	""		"28204.20"	"44447.02"	"5d5.(4F).6s"	"5F"	"2"	""	"*"	"3"		""	"L153"	
"616.314"	"616.310"	"0.003"	"8"	"2.6e+05"	C	"18116.84"	"34342.44"	"5d5.(4G).6s"	"5G"	"2"	""	"*"	"1"		"T6977"	"L153"	
"616.441"	"616.441"	"0.003"	"1"	""		"27670.48"	"43892.62"	"5d5.(4F).6s"	"5F"	"1"	""	"*"	"1"		""	"L153"	
"616.741"	"616.737"	"0.003"	"1"	""		"29853.66"	"46068.02"	"5d5.(4F).6s"	"5F"	"4"	""	"*"	"3"		""	"L153"	
"617.082"	"617.079"	"0.003"	"10"	"1.5e+05"	D	"18280.48"	"34485.86"	"5d5.(6S).6s"	"5S"	"2"	""	"*"	"2"		"T4976"	"L153"	
"617.789"	"617.785"	"0.003"	"1"	""		"34719.33"	"50906.20"	""	"*"	"1"	""	""	"1"		""	"L153c23"	
"618.137"	"618.133"	"0.003"	"3"	""		"31077.80"	"47255.55"	""	""	"2"	""	"*"	"1"		""	"L153,L416"	
"618.310"	"618.306"	"0.003"	"2"	""		"35299.82"	"51473.04"	""	""	"4"	""	"*"	"4"		""	"L153,L416"	
"618.795"	"618.794"	"0.003"	"15"	""		"20427.84"	"36588.32"	"5d5.(4P).6s"	"5P"	"1"	""	"*"	"0"		""	"L153"	
"618.928"	"618.928"	"0.003"	"5"	""		"28233.44"	"44390.42"	"5d5.(4F).6s"	"5F"	"5"	""	"*"	"6"		""	"L153"	
"619.044"	"619.039"	"0.003"	"3"	""		"28392.70"	"44546.76"	"5d5.(2I).6s"	"3I"	"6"	""	"*"	"5"		""	"L153"	
"619.494"	"619.492"	"0.003"	"10"	"4.6e+04"	C	"18974.51"	"35116.78"	"5d5.(4G).6s"	"5G"	"3"	""	"*"	"4"		"T4976"	"L153"	
"619.749"	"619.747"	"0.003"	"1"	""		"27849.80"	"43985.41"	"5d5.(2I).6s"	"3I"	"5"	""	"*"	"4"		""	"L153"	
"619.767"	"619.765"	"0.003"	"10"	"1.6e+04"	E	"13777.71"	"29912.85"	"5d4.6s2"	"3F2"	"2"	"5d4.6s.(6D).6p"	"5D*"	"3"		"T4976"	"L153"	
"619.807"	"619.803"	"0.003"	"10"	""		"24789.66"	"40923.83"	"5d4.6s2"	"1D2"	"2"	""	"*"	"3"		""	"L153"	
"619.990"	"619.991"	"0.003"	"2"	""		"23484.78"	"39614.05"	"5d4.6s2"	"1I"	"6"	""	"*"	"5"		""	"L153"	
"620.523"	"620.521"	"0.003"	"20"	"3.0e+05"	C	"19827.68"	"35943.17"	"5d5.(4P).6s"	"5P"	"3"	""	"*"	"3"		"T4976"	"L153"	
"621.837"	"621.836"	"0.003"	"3w"	""		"23930.08"	"40011.50"	"5d5.(4D).6s"	"5D"	"3"	""	"*"	"2"		""	"L153"	
"622.108"	"622.105"	"0.003"	"2"	""		"27849.80"	"43924.25"	"5d5.(2I).6s"	"3I"	"5"	""	"*"	"5"		""	"L153"	
"622.203"	"622.200"	"0.003"	"2w"	""		"29479.32"	"45551.32"	"5d4.6s2"	"3F1"	"4"	""	"*"	"3"		""	"L153"	
"622.590"	"622.589"	"0.003"	"3"	""		"18280.48"	"34342.44"	"5d5.(6S).6s"	"5S"	"2"	""	"*"	"1"		""	"L153"	
"622.747"	"622.743"	"0.003"	"4"	""		"19253.56"	"35311.56"	"5d4.6s2"	"3P2"	"2"	""	"*"	"2"		""	"L153"	
"623.646"	"623.651"	"0.003"	"1w"	""		"32135.94"	"48170.55"	"5d5.(4G).6s"	"3G"	"4"	""	"*"	"3"		""	"L153"	
"623.942"	""	""	"2"	""		""	""	""	""	""	""	""	""		""	"L153"	
"624.100"	""	""	"2w"	""		""	""	""	""	""	""	""	""		""	"L153"	
"624.227"	"624.224"	"0.003"	"5"	""		"28347.60"	"44367.50"	"5d5.(4F).6s"	"5F"	"3"	""	"*"	"2"		""	"L153"	
"624.367"	"624.364"	"0.003"	"4w"	""		"20174.20"	"36190.49"	"5d4.6s2"	"1S2"	"0"	""	"*"	"1"		""	"L153"	
"624.483"	"624.486"	"0.003"	"2"	""		"33952.85"	"49966.03"	"5d5.(4D).6s"	"3D"	"3"	""	"*"	"3"		""	"L153,L416"	
"624.545"	"624.549"	"0.003"	"2"	""		"32378.40"	"48389.96"	"5d5.(2D3).6s"	"3D"	"1"	""	"*"	"1"		""	"L153c23"	
"624.752"	"624.752"	"0.003"	"8w"	""		"35116.78"	"51123.14"	""	"*"	"4"	"5d4.6s.(6D).7s"	"5D"	"4"		""	"L153"	
"625.321"	"625.322"	"0.003"	"5"	""		"29430.50"	"45422.26"	""	""	"3"	""	"*"	"2"		""	"L153,L416"	
"625.536"	"625.535"	"0.003"	"6"	""		"33201.61"	"49187.92"	"5d5.(2G2).6s"	"3G"	"5"	""	"*"	"5"		""	"L153,L416"	
"625.601"	"625.601"	"0.003"	"25"	""		"33370.04"	"49354.68"	"5d4.6s.(6D).6p"	"5F*"	"5"	"5d4.6s.(6D).7s"	"7D"	"5"		""	"L153"	
"626.061"	"626.060"	"0.003"	"5"	"1.30e+04"	D	"15460.01"	"31432.91"	"5d4.6s2"	"3D"	"3"	"5d4.6s.(6D).6p"	"5F*"	"4"		"T4976"	"L153"	
"626.084"	"626.083"	"0.003"	"4w*"	""		"29479.32"	"45451.65"	"5d4.6s2"	"3F1"	"4"	""	"*"	"5"		""	"L153"	
"626.084"	"626.088"	"0.003"	"4w*"	""		"24610.88"	"40583.07"	"5d4.6s2"	"1F"	"3"	""	"*"	"4"		""	"L153"	
"627.101"	"627.103"	"0.003"	"4"	""		"33201.61"	"49147.95"	"5d5.(2G2).6s"	"3G"	"5"	""	"*"	"4"		""	"L153,L416"	
"628.142"	"628.143"	"0.003"	"3ws"	""		"36082.30"	"52002.25"	""	"*"	"4"	""	""	"3"		""	"L153c23"	
"628.762"	"628.762"	"0.003"	"25"	"6.6e+05"	C	"19827.68"	"35731.96"	"5d5.(4P).6s"	"5P"	"3"	""	"*"	"2"		"T4976"	"L153"	
"629.049"	""	""	"3"	""		""	""	""	""	""	""	""	""		""	"L153"	
"629.084"	"629.084"	"0.003"	"2"	""		"33291.80"	"49187.92"	"5d5.(2I).6s"	"1I"	"6"	""	"*"	"5"		""	"L153c23"	
"629.275"	"629.274"	"0.003"	"8"	""		"20983.02"	"36874.36"	"5d5.(4P).6s"	"5P"	"2"	""	"*"	"3"		""	"L153"	
"629.376"	"629.377"	"0.003"	"60"	"2.26e+05"	C	"13307.10"	"29195.84"	"5d4.6s2"	"3P2"	"1"	"5d4.6s.(6D).6p"	"5D*"	"2"		"T4976"	"L153"	
"629.905"	"629.905"	"0.003"	"3"	""		"28720.88"	"44596.28"	"5d5.(4P).6s"	"3P"	"1"	""	"*"	"2"		""	"L153"	
"630.031"	"630.030"	"0.003"	"6"	""		"33201.61"	"49073.88"	"5d5.(2G2).6s"	"3G"	"5"	""	"*"	"5"		""	"L153,L416"	
"630.470"	"630.468"	"0.003"	"1"	""		"18082.83"	"33944.06"	"5d4.6s2"	"3D"	"1"	""	"*"	"2"		""	"L153"	
"630.495"	"630.496"	"0.003"	"20"	"1.84e+05"	C	"19256.24"	"35116.78"	"5d5.(4G).6s"	"5G"	"4"	""	"*"	"4"		"T4976"	"L153"	
"630.577"	"630.575"	"0.003"	"3"	""		"19648.54"	"35507.07"	"5d5.(4G).6s"	"5G"	"6"	""	"*"	"5"		""	"L153"	
"631.024"	"631.023"	"0.003"	"10"	"1.9e+04"	D	"13348.56"	"29195.84"	"5d4.6s2"	"3G"	"3"	"5d4.6s.(6D).6p"	"5D*"	"2"		"T4976"	"L153"	
"631.145"	"631.146"	"0.003"	"2"	""		"27670.48"	"43514.68"	"5d5.(4F).6s"	"5F"	"1"	""	"*"	"2"		""	"L153"	
"631.490"	"631.492"	"0.003"	"2"	""		"34302.04"	"50137.55"	"5d5.(2G2).6s"	"3G"	"4"	""	"*"	"5"		""	"L153"	
"631.607"	"631.605"	"0.003"	"3"	""		"32135.94"	"47968.62"	"5d5.(4G).6s"	"3G"	"4"	""	"*"	"4"		""	"L153"	
"632.099"	"632.100"	"0.003"	"8"	""		"27213.82"	"43034.10"	"5d5.(2F1).6s"	"3F"	"4"	""	"*"	"5"		""	"L153"	
"632.642"	"632.643"	"0.003"	"2w"	""		"16431.31"	"32238.02"	"5d4.6s2"	"3G"	"4"	""	"*"	"3"		""	"L153"	
"633.319"	"633.317"	"0.003"	"4"	""		"23930.08"	"39719.96"	"5d5.(4D).6s"	"5D"	"3"	""	"*"	"4"		""	"L153"	
"633.685"	"633.685"	"0.003"	"3"	""		"29139.12"	"44919.84"	"5d4.6s.(6D).6p"	"5F*"	"3"	"5d4.6s.(6D).7s"	"7D"	"2"		""	"L153"	
"633.835"	"633.836"	"0.003"	"2"	""		"23930.08"	"39707.02"	"5d5.(4D).6s"	"5D"	"3"	""	"*"	"2"		""	"L153"	
"634.415"	"634.411"	"0.003"	"3"	""		"20427.84"	"36190.49"	"5d5.(4P).6s"	"5P"	"1"	""	"*"	"1"		""	"L153"	
"634.625"	""	""	"2"	""		""	""	""	""	""	""	""	""		""	"L153"	
"634.841"	"634.841"	"0.003"	"2"	""		"28233.44"	"43985.41"	"5d5.(4F).6s"	"5F"	"5"	""	"*"	"4"		""	"L153"	
"635.344"	"635.342"	"0.003"	"2"	""		"26861.64"	"42601.19"	"5d5.(2F1).6s"	"3F"	"2"	""	"*"	"3"		""	"L153"	
"635.427"	"635.424"	"0.003"	"4w"	""		"32238.02"	"47975.54"	""	"*"	"3"	"5d4.6s.(6D).7s"	"7D"	"4"		""	"L153"	
"635.742"	"635.740"	"0.003"	"3"	""		"22476.68"	"38206.38"	"5d5.(4D).6s"	"5D"	"4"	""	"*"	"3"		""	"L153"	
"635.766"	"635.763"	"0.003"	"10"	""		"28291.88"	"44021.00"	"5d5.(2F1).6s"	"3F"	"3"	""	"*"	"3"		""	"L153"	
"635.974"	"635.970"	"0.003"	"3"	""		"29195.84"	"44919.84"	"5d4.6s.(6D).6p"	"5D*"	"2"	"5d4.6s.(6D).7s"	"7D"	"2"		""	"L153"	
"636.090"	"636.087"	"0.003"	"6"	""		"17107.01"	"32828.12"	"5d4.6s2"	"3F2"	"4"	"5d4.6s.(6D).6p"	"5D*"	"4"		""	"L153"	
"636.282"	"636.281"	"0.003"	"4"	""		"23930.08"	"39646.41"	"5d5.(4D).6s"	"5D"	"3"	""	"*"	"3"		""	"L153"	
"636.411"	""	""	"1"	""		""	""	""	""	""	""	""	""		""	"L153"	
"636.555"	""	""	"1"	""		""	""	""	""	""	""	""	""		""	"L153"	
"636.649"	"636.644"	"0.003"	"10"	""		"14976.18"	"30683.54"	"5d4.6s2"	"3D"	"2"	""	"*"	"1"		""	"L153"	
"637.049"	"637.051"	"0.003"	"1"	""		"28898.96"	"44596.28"	"5d4.6s2"	"3P1"	"2"	""	"*"	"2"		""	"L153"	
"637.208"	"637.205"	"0.003"	"6"	""		"28291.88"	"43985.41"	"5d5.(2F1).6s"	"3F"	"3"	""	"*"	"4"		""	"L153"	
"637.319"	"637.321"	"0.003"	"20"	""		"20983.02"	"36673.70"	"5d5.(4P).6s"	"5P"	"2"	""	"*"	"2"		""	"L153"	
"637.716"	"637.713"	"0.003"	"10"	""		"19826.04"	"35507.07"	"5d4.6s2"	"3G"	"5"	""	"*"	"5"		""	"L153"	
"638.023"	"638.020"	"0.003"	"3*"	""		"27778.50"	"43451.98"	"5d4.6s.(6D).6p"	"5D*"	"1"	"5d4.6s.(6D).7s"	"7D"	"1"		""	"L153"	
"638.023"	"638.024"	"0.003"	"3*"	""		"28347.60"	"44021.00"	"5d5.(4F).6s"	"5F"	"3"	""	"*"	"3"		""	"L153"	
"638.105"	"638.102"	"0.003"	"3"	""		"19827.68"	"35499.15"	"5d5.(4P).6s"	"5P"	"3"	""	"*"	"3"		""	"L153"	
"638.425"	"638.422"	"0.003"	"8*"	""		"23982.80"	"39646.41"	"5d5.(4D).6s"	"5D"	"2"	""	"*"	"3"		""	"L153"	
"638.425"	"638.424"	"0.003"	"8*"	""		"18280.48"	"33944.06"	"5d5.(6S).6s"	"5S"	"2"	""	"*"	"2"		""	"L153"	
"638.649"	"638.647"	"0.003"	"8"	""		"18974.51"	"34632.60"	"5d5.(4G).6s"	"5G"	"3"	""	"*"	"4"		""	"L153"	
"638.824"	"638.822"	"0.003"	"20"	""		"23982.80"	"39636.62"	"5d5.(4D).6s"	"5D"	"2"	""	"*"	"1"		""	"L153"	
"638.890"	"638.889"	"0.003"	"4"	""		"27213.82"	"42866.00"	"5d5.(2F1).6s"	"3F"	"4"	""	"*"	"5"		""	"L153"	
"639.116"	"639.115"	"0.003"	"2"	""		"28204.20"	"43850.84"	"5d5.(4F).6s"	"5F"	"2"	""	"*"	"3"		""	"L153"	
"639.484"	"639.476"	"0.003"	"4*"	""		"28347.60"	"43985.41"	"5d5.(4F).6s"	"5F"	"3"	""	"*"	"4"		""	"L153"	
"639.484"	"639.488"	"0.003"	"4*"	""		"35311.56"	"50949.07"	""	"*"	"2"	""	""	"1"		""	"L153"	
"639.484"	"639.490"	"0.003"	"4*"	""		"29479.32"	"45116.77"	"5d4.6s2"	"3F1"	"4"	""	"*"	"4"		""	"L153"	
"639.697"	"639.690"	"0.003"	"1"	""		"28720.88"	"44353.46"	"5d5.(4P).6s"	"3P"	"1"	""	"*"	"1"		""	"L153"	
"639.907"	"639.905"	"0.003"	"3"	""		"39030.25"	"54657.56"	""	"*"	"2"	""	""	"3"		""	"L153c23"	
"640.151"	"640.145"	"0.003"	"10"	""		"24789.66"	"40411.12"	"5d4.6s2"	"1D2"	"2"	""	"*"	"1"		""	"L153"	
"640.384"	"640.382"	"0.003"	"12"	""		"13777.71"	"29393.40"	"5d4.6s2"	"3F2"	"2"	"5d4.6s.(6D).6p"	"5P*"	"2"		""	"L153"	
"640.598"	"640.596"	"0.003"	"30"	"1.50e+05"	D	"14976.18"	"30586.64"	"5d4.6s2"	"3D"	"2"	"5d4.6s.(6D).6p"	"5P*"	"3"		"T4976"	"L153"	
"641.111"	"641.108"	"0.003"	"1"	""		"29853.66"	"45451.65"	"5d5.(4F).6s"	"5F"	"4"	""	"*"	"5"		""	"L153c23"	
"641.680"	"641.682"	"0.003"	"1"	""		"29430.50"	"45014.54"	""	""	"3"	""	"*"	"3"		""	"L153,L416"	
"641.777"	"641.776"	"0.003"	"12"	""		"19535.01"	"35116.78"	"5d5.(4G).6s"	"5G"	"5"	""	"*"	"4"		""	"L153"	
"641.913"	"641.914"	"0.003"	"4"	""		"33569.53"	"49147.95"	""	""	"4"	""	"*"	"4"		""	"L153,L416"	
"641.999"	"641.998"	"0.003"	"2"	""		"22476.68"	"38053.05"	"5d5.(4D).6s"	"5D"	"4"	""	"*"	"3"		""	"L153"	
"642.046"	"642.045"	"0.003"	"3"	""		"23455.02"	"39030.25"	"5d5.(4D).6s"	"5D"	"1"	""	"*"	"2"		""	"L153"	
"642.720"	"642.716"	"0.003"	"10"	""		"28291.88"	"43850.84"	"5d5.(2F1).6s"	"3F"	"3"	""	"*"	"3"		""	"L153"	
"642.790"	"642.790"	"0.003"	"4"	""		"27670.48"	"43227.66"	"5d5.(4F).6s"	"5F"	"1"	""	"*"	"2"		""	"L153"	
"642.948"	"642.947"	"0.003"	"5"	""		"32135.94"	"47689.33"	"5d5.(4G).6s"	"3G"	"4"	""	"*"	"4"		""	"L153"	
"643.167"	"643.167"	"0.003"	"3"	""		"28898.96"	"44447.02"	"5d4.6s2"	"3P1"	"2"	""	"*"	"3"		""	"L153"	
"643.221"	"643.217"	"0.003"	"1"	""		"27670.48"	"43217.33"	"5d5.(4F).6s"	"5F"	"1"	""	"*"	"1"		""	"L153"	
"643.390"	"643.386"	"0.003"	"3"	""		"31389.08"	"46931.84"	"5d5.(4G).6s"	"3G"	"5"	""	"*"	"4"		""	"L153"	
"643.702"	"643.699"	"0.003"	"8"	""		"29479.32"	"45014.54"	"5d4.6s2"	"3F1"	"4"	""	"*"	"3"		""	"L153"	
"643.736"	"643.734"	"0.003"	"12"	""		"34121.68"	"49656.04"	""	"*"	"4"	"5d4.6s.(6D).7s"	"5D"	"3"		""	"L153"	
"643.990"	"643.986"	"0.003"	"4"	""		"30374.20"	"45902.48"	"5d4.6s2"	"3F1"	"2"	""	"*"	"2"		""	"L153"	
"644.063"	"644.063"	"0.003"	"3"	""		"29393.40"	"44919.84"	"5d4.6s.(6D).6p"	"5P*"	"2"	"5d4.6s.(6D).7s"	"7D"	"2"		""	"L153"	
"644.148"	"644.146"	"0.003"	"15"	"1.29e+05"	C	"22476.68"	"38001.12"	"5d5.(4D).6s"	"5D"	"4"	""	"*"	"4"		"T4976"	"L153"	
"644.486"	""	""	"1"	""		""	""	""	""	""	""	""	""		""	"L153"	
"644.573"	""	""	"2"	""		""	""	""	""	""	""	""	""		""	"L153"	
"644.690"	"644.689"	"0.003"	"50"	"6.4e+05"	C	"18974.51"	"34485.86"	"5d5.(4G).6s"	"5G"	"3"	""	"*"	"2"		"T4976"	"L153"	
"644.756"	"644.752"	"0.003"	"10"	""		"29460.98"	"44970.82"	"5d5.(2I).6s"	"3I"	"7"	""	"*"	"7"		""	"L153"	
"644.903"	"644.901"	"0.003"	"1"	""		"35299.82"	"50806.07"	""	""	"4"	""	"*"	"5"		""	"L153,L416"	
"645.003"	"645.001"	"0.003"	"6"	""		"36874.36"	"52378.22"	""	"*"	"3"	""	""	"4"		""	"L153c23"	
"645.054"	"645.053"	"0.003"	"1"	""		"33569.53"	"49072.14"	""	""	"4"	""	"*"	"3"		""	"L153,L416"	
"645.171"	"645.170"	"0.003"	"3"	""		"32826.63"	"48326.41"	""	""	"3"	""	"*"	"3"		""	"L153,L416"	
"645.190"	""	""	"2"	""		""	""	""	""	""	""	""	""		""	"L153"	
"645.254"	""	""	"1"	""		""	""	""	""	""	""	""	""		""	"L153"	
"645.302"	""	""	"2"	""		""	""	""	""	""	""	""	""		""	"L153"	
"645.839"	"645.833"	"0.003"	"7"	""		"19827.68"	"35311.56"	"5d5.(4P).6s"	"5P"	"3"	""	"*"	"2"		""	"L153"	
"646.013"	"646.008"	"0.003"	"10"	""		"24789.66"	"40269.35"	"5d4.6s2"	"1D2"	"2"	""	"*"	"3"		""	"L153"	
"646.357"	"646.353"	"0.003"	"5*"	""		"32217.91"	"47689.33"	""	""	"3"	""	"*"	"4"		""	"L153,L416"	
"646.357"	"646.354"	"0.003"	"5*"	""		"37414.11"	"52885.50"	""	""	"3"	""	"*"	"2"		""	"L416"	
"646.441"	"646.434"	"0.003"	"2"	""		"36588.32"	"52057.80"	""	"*"	"0"	""	""	"1"		""	"L153"	
"646.479"	"646.473"	"0.003"	"2w"	""		"28898.96"	"44367.50"	"5d4.6s2"	"3P1"	"2"	""	"*"	"2"		""	"L153"	
"646.592"	"646.589"	"0.003"	"18*"	""		"19253.56"	"34719.33"	"5d4.6s2"	"3P2"	"2"	""	"*"	"1"		""	"L153"	
"646.592"	"646.591"	"0.003"	"18*"	""		"31389.08"	"46854.80"	"5d5.(4G).6s"	"3G"	"5"	""	"*"	"5"		""	"L153"	
"646.622"	"646.619"	"0.003"	"4"	""		"33952.85"	"49417.90"	"5d5.(4D).6s"	"3D"	"3"	""	"*"	"3"		""	"L153,L416"	
"647.065"	"647.061"	"0.003"	"2"	""		"28898.96"	"44353.46"	"5d4.6s2"	"3P1"	"2"	""	"*"	"1"		""	"L153"	
"647.304"	"647.304"	"0.003"	"1"	""		"13348.56"	"28797.24"	"5d4.6s2"	"3G"	"3"	"5d4.6s.(6D).6p"	"7D*"	"4"		""	"L153"	
"647.663"	"647.660"	"0.003"	"8"	"2.4e+04"	D	"17701.18"	"33141.38"	"5d4.6s2"	"3F2"	"3"	""	"*"	"2"		"T4976"	"L153"	
"648.130"	"648.131"	"0.003"	"10"	""		"28291.88"	"43720.87"	"5d5.(2F1).6s"	"3F"	"3"	""	"*"	"4"		""	"L153"	
"648.198"	"648.196"	"0.003"	"4"	""		"34228.60"	"49656.04"	""	"*"	"3"	"5d4.6s.(6D).7s"	"5D"	"3"		""	"L153"	
"648.588"	"648.587"	"0.003"	"25"	"3.84e+04"	D	"13777.71"	"29195.84"	"5d4.6s2"	"3F2"	"2"	"5d4.6s.(6D).6p"	"5D*"	"2"		"T4976"	"L153"	
"648.917"	"648.912"	"0.003"	"2"	""		"36874.36"	"52284.76"	""	"*"	"3"	""	""	"3"		""	"L153"	
"649.329"	"649.323"	"0.003"	"6*"	""		"26861.64"	"42262.30"	"5d5.(2F1).6s"	"3F"	"2"	""	"*"	"1"		""	"L153"	
"649.329"	"649.325"	"0.003"	"6*"	""		"24610.88"	"40011.50"	"5d4.6s2"	"1F"	"3"	""	"*"	"2"		""	"L153"	
"649.654"	"649.651"	"0.003"	"6"	""		"33291.80"	"48684.68"	"5d5.(2I).6s"	"1I"	"6"	""	"*"	"6"		""	"L153"	
"650.176"	"650.170"	"0.003"	"5"	""		"36904.16"	"52284.76"	""	"*"	"2"	""	""	"3"		""	"L153"	
"650.218"	"650.213"	"0.003"	"15"	""		"18974.51"	"34354.08"	"5d5.(4G).6s"	"5G"	"3"	""	"*"	"3"		""	"L153"	
"650.350"	"650.349"	"0.003"	"1"	""		"19256.24"	"34632.60"	"5d5.(4G).6s"	"5G"	"4"	""	"*"	"4"		""	"L153"	
"650.389"	"650.390"	"0.003"	"4"	""		"41198.14"	"56573.54"	""	"*"	"4"	""	""	"5"		""	"L153"	
"650.487"	"650.480"	"0.003"	"3"	""		"28347.60"	"43720.87"	"5d5.(4F).6s"	"5F"	"3"	""	"*"	"4"		""	"L153"	
"650.806"	""	""	"6w"	""		""	""	""	""	""	""	""	""		""	"L153"	
"650.985"	"650.982"	"0.003"	"20"	"3.3e+04"	D	"13777.71"	"29139.12"	"5d4.6s2"	"3F2"	"2"	"5d4.6s.(6D).6p"	"5F*"	"3"		"T4976"	"L153"	
"651.524"	"651.522"	"0.003"	"5"	""		"28392.70"	"43741.37"	"5d5.(2I).6s"	"3I"	"6"	""	"*"	"5"		""	"L153"	
"651.645"	""	""	"2"	""		""	""	""	""	""	""	""	""		""	"L153"	
"651.724"	"651.724"	"0.003"	"3"	""		"32826.63"	"48170.55"	""	""	"3"	""	"*"	"3"		""	"L153,L416"	
"652.126"	"652.125"	"0.003"	"1"	""		"34302.04"	"49636.52"	"5d5.(2G2).6s"	"3G"	"4"	""	"*"	"4"		""	"L153"	
"652.378"	"652.377"	"0.003"	"4"	""		"36673.70"	"52002.25"	""	"*"	"2"	""	""	"3"		""	"L153"	
"652.481"	"652.480"	"0.003"	"6"	""		"12161.96"	"27488.11"	"5d4.6s2"	"3H"	"4"	"5d5.(6S).6p"	"7P*"	"3"		""	"L153"	
"652.553"	""	""	"1"	""		""	""	""	""	""	""	""	""		""	"L153"	
"652.795"	"652.793"	"0.003"	"12"	""		"27213.82"	"42532.62"	"5d5.(2F1).6s"	"3F"	"4"	""	"*"	"4"		""	"L153"	
"652.846"	""	""	"1"	""		""	""	""	""	""	""	""	""		""	"L153"	
"653.146"	"653.147"	"0.003"	"4"	""		"28204.20"	"43514.68"	"5d5.(4F).6s"	"5F"	"2"	""	"*"	"2"		""	"L153"	
"653.419"	"653.419"	"0.003"	"25"	"4.6e+05"	E	"20427.84"	"35731.96"	"5d5.(4P).6s"	"5P"	"1"	""	"*"	"2"		"T4976"	"L153"	
"653.509"	"653.511"	"0.003"	"5"	""		"34354.08"	"49656.04"	""	"*"	"3"	"5d4.6s.(6D).7s"	"5D"	"3"		""	"L153"	
"653.584"	"653.581"	"0.003"	"8"	""		"27213.82"	"42514.14"	"5d5.(2F1).6s"	"3F"	"4"	""	"*"	"3"		""	"L153"	
"653.992"	"653.991"	"0.003"	"30"	"2.7e+05"	C	"19826.04"	"35116.78"	"5d4.6s2"	"3G"	"5"	""	"*"	"4"		"T4976"	"L153"	
"654.322"	"654.316"	"0.003"	"8"	""		"31389.08"	"46672.22"	"5d5.(4G).6s"	"3G"	"5"	""	"*"	"6"		""	"L153"	
"654.670"	""	""	"2"	""		""	""	""	""	""	""	""	""		""	"L153"	
"654.699"	"654.691"	"0.003"	"1"	""		"28204.20"	"43478.58"	"5d5.(4F).6s"	"5F"	"2"	""	"*"	"3"		""	"L153"	
"655.177"	"655.173"	"0.003"	"2*"	""		"36673.70"	"51936.84"	""	"*"	"2"	""	""	"2"		""	"L153"	
"655.177"	"655.174"	"0.003"	"2*"	""		"29853.66"	"45116.77"	"5d5.(4F).6s"	"5F"	"4"	""	"*"	"4"		""	"L153"	
"655.465"	"655.463"	"0.003"	"15"	""		"17701.18"	"32957.58"	"5d4.6s2"	"3F2"	"3"	""	"*"	"3"		""	"L153"	
"655.564"	"655.562"	"0.003"	"8"	""		"18974.51"	"34228.60"	"5d5.(4G).6s"	"5G"	"3"	""	"*"	"3"		""	"L153"	
"655.606"	"655.605"	"0.003"	"20"	""		"28198.90"	"43451.98"	"5d4.6s.(6D).6p"	"5P*"	"1"	"5d4.6s.(6D).7s"	"7D"	"1"		""	"L153"	
"656.324"	"656.322"	"0.003"	"1"	""		"27213.82"	"42450.24"	"5d5.(2F1).6s"	"3F"	"4"	""	"*"	"4"		""	"L153"	
"656.407"	""	""	"1"	""		""	""	""	""	""	""	""	""		""	"L153"	
"656.470"	"656.470"	"0.003"	"8w"	""		"34121.68"	"49354.68"	""	"*"	"4"	"5d4.6s.(6D).7s"	"7D"	"5"		""	"L153"	
"656.501"	"656.500"	"0.003"	"25"	"2.04e+05"	D	"19253.56"	"34485.86"	"5d4.6s2"	"3P2"	"2"	""	"*"	"2"		"T4976"	"L153"	
"656.913"	"656.909"	"0.003"	"7"	""		"28291.88"	"43514.68"	"5d5.(2F1).6s"	"3F"	"3"	""	"*"	"2"		""	"L153"	
"656.960"	"656.951"	"0.003"	"15"	""		"24789.66"	"40011.50"	"5d4.6s2"	"1D2"	"2"	""	"*"	"2"		""	"L153"	
"657.158"	"657.155"	"0.003"	"5"	""		"35731.96"	"50949.07"	""	"*"	"2"	""	""	"1"		""	"L153"	
"657.363"	"657.363"	"0.003"	"3"	""		"34302.04"	"49514.34"	"5d5.(2G2).6s"	"3G"	"4"	""	"*"	"3"		""	"L153"	
"657.575"	"657.572"	"0.003"	"30"	"9.9e+05"	B	"20983.02"	"36190.49"	"5d5.(4P).6s"	"5P"	"2"	""	"*"	"1"		"T6977"	"L153"	
"657.890"	"657.884"	"0.003"	"1"	""		"22852.80"	"38053.05"	"5d4.6s2"	"1G2"	"4"	""	"*"	"3"		""	"L153"	
"658.009"	"658.007"	"0.003"	"4"	""		"22476.68"	"37674.08"	"5d5.(4D).6s"	"5D"	"4"	""	"*"	"3"		""	"L153"	
"658.159"	""	""	"1"	""		""	""	""	""	""	""	""	""		""	"L153"	
"658.473"	"658.471"	"0.003"	"12"	""		"28291.88"	"43478.58"	"5d5.(2F1).6s"	"3F"	"3"	""	"*"	"3"		""	"L153"	
"659.188"	"659.188"	"0.003"	"1"	""		"34485.86"	"49656.04"	""	"*"	"2"	"5d4.6s.(6D).7s"	"5D"	"3"		""	"L153"	
"659.595"	"659.592"	"0.003"	"3"	""		"29853.66"	"45014.54"	"5d5.(4F).6s"	"5F"	"4"	""	"*"	"3"		""	"L153"	
"660.180"	"660.178"	"0.003"	"2"	""		"32828.12"	"47975.54"	"5d4.6s.(6D).6p"	"5D*"	"4"	"5d4.6s.(6D).7s"	"7D"	"4"		""	"L153"	
"660.192"	"660.189"	"0.003"	"8"	""		"18974.51"	"34121.68"	"5d5.(4G).6s"	"5G"	"3"	""	"*"	"4"		""	"L153"	
"660.419"	"660.415"	"0.003"	"1"	""		"32826.63"	"47968.62"	""	""	"3"	""	"*"	"4"		""	"L153,L416"	
"660.577"	"660.572"	"0.003"	"1"	""		"37146.36"	"52284.76"	""	"*"	"4"	""	""	"3"		""	"L153"	
"660.728"	"660.728"	"0.003"	"2"	""		"31323.48"	"46458.30"	""	"*"	"1"	"5d4.6s.(6D).7s"	"5D"	"1"		""	"L153"	
"660.895"	"660.894"	"0.003"	"18*"	""		"17107.01"	"32238.02"	"5d4.6s2"	"3F2"	"4"	""	"*"	"3"		""	"L153"	
"660.895"	"660.896"	"0.003"	"18*"	""		"28347.60"	"43478.58"	"5d5.(4F).6s"	"5F"	"3"	""	"*"	"3"		""	"L153"	
"661.033"	"661.031"	"0.003"	"8"	""		"36874.36"	"52002.25"	""	"*"	"3"	""	""	"3"		""	"L153"	
"661.088"	"661.086"	"0.003"	"18"	"4.e+04"	E	"15460.01"	"30586.64"	"5d4.6s2"	"3D"	"3"	"5d4.6s.(6D).6p"	"5P*"	"3"		"T4976"	"L153"	
"661.345"	"661.343"	"0.003"	"20"	""		"32957.58"	"48078.32"	""	"*"	"3"	"5d4.6s.(6D).7s"	"5D"	"2"		""	"L153"	
"661.407"	"661.407"	"0.003"	"2"	""		"33952.85"	"49072.14"	"5d5.(4D).6s"	"3D"	"3"	""	"*"	"3"		""	"L153,L416"	
"661.503"	"661.494"	"0.003"	"4w*"	""		"31389.08"	"46506.37"	"5d5.(4G).6s"	"3G"	"5"	""	"*"	"5"		""	"L153"	
"661.503"	"661.508"	"0.003"	"4w*"	""		"26861.64"	"41978.62"	"5d5.(2F1).6s"	"3F"	"2"	""	"*"	"2"		""	"L153"	
"661.573"	"661.557"	"0.003"	"2"	""		"34302.04"	"49417.90"	"5d5.(2G2).6s"	"3G"	"4"	""	"*"	"3"		""	"L153"	
"661.802"	""	""	"2"	""		""	""	""	""	""	""	""	""		""	"L153"	
"662.247"	"662.244"	"0.003"	"10"	""		"23930.08"	"39030.25"	"5d5.(4D).6s"	"5D"	"3"	""	"*"	"2"		""	"L153"	
"662.334"	"662.335"	"0.003"	"15"	""		"36904.16"	"52002.25"	""	"*"	"2"	""	""	"3"		""	"L153"	
"662.357"	"662.357"	"0.003"	"20"	""		"19535.01"	"34632.60"	"5d5.(4G).6s"	"5G"	"5"	""	"*"	"4"		""	"L153"	
"662.425"	"662.421"	"0.003"	"8"	""		"24610.88"	"39707.02"	"5d4.6s2"	"1F"	"3"	""	"*"	"2"		""	"L153"	
"662.474"	"662.472"	"0.003"	"4"	""		"36190.49"	"51285.46"	""	"*"	"1"	""	""	"0"		""	"L153c23"	
"662.783"	""	""	"4"	""		""	""	""	""	""	""	""	""		""	"L153"	
"662.834"	"662.826"	"0.003"	"5"	""		"29853.66"	"44940.57"	"5d5.(4F).6s"	"5F"	"4"	""	"*"	"4"		""	"L153"	
"663.293"	"663.294"	"0.003"	"2w"	""		"28898.96"	"43975.22"	"5d4.6s2"	"3P1"	"2"	""	"*"	"2"		""	"L153"	
"663.637"	""	""	"2"	""		""	""	""	""	""	""	""	""		""	"L153"	
"663.687"	"663.683"	"0.003"	"6"	""		"29479.32"	"44546.76"	"5d4.6s2"	"3F1"	"4"	""	"*"	"5"		""	"L153"	
"663.785"	""	""	"6"	""		""	""	""	""	""	""	""	""		""	"L153"	
"663.832"	"663.829"	"0.003"	"4"	""		"32378.40"	"47442.53"	"5d5.(2D3).6s"	"3D"	"1"	""	"*"	"2"		""	"L153"	
"663.851"	"663.844"	"0.003"	"10*"	""		"40269.35"	"55333.12"	""	"*"	"3"	""	""	"4"		""	"L153"	
"663.851"	"663.847"	"0.003"	"10*"	""		"31432.91"	"46496.62"	"5d4.6s.(6D).6p"	"5F*"	"4"	"5d4.6s.(6D).7s"	"7D"	"3"		""	"L153"	
"664.080"	"664.075"	"0.003"	"4"	""		"18082.83"	"33141.38"	"5d4.6s2"	"3D"	"1"	""	"*"	"2"		""	"L153"	
"664.139"	""	""	"1"	""		""	""	""	""	""	""	""	""		""	"L153"	
"664.541"	"664.537"	"0.003"	"5"	""		"30374.20"	"45422.26"	"5d4.6s2"	"3F1"	"2"	""	"*"	"2"		""	"L153"	
"664.569"	"664.564"	"0.003"	"3"	""		"23982.80"	"39030.25"	"5d5.(4D).6s"	"5D"	"2"	""	"*"	"2"		""	"L153"	
"664.711"	""	""	"1"	""		""	""	""	""	""	""	""	""		""	"L153"	
"664.996"	"664.996"	"0.003"	"2"	""		"27213.82"	"42251.51"	"5d5.(2F1).6s"	"3F"	"4"	""	"*"	"3"		""	"L153"	
"665.375"	""	""	"1"	""		""	""	""	""	""	""	""	""		""	"L153"	
"665.421"	""	""	"1"	""		""	""	""	""	""	""	""	""		""	"L153"	
"665.482"	"665.477"	"0.003"	"1"	""		"31077.80"	"46104.62"	""	""	"2"	""	"*"	"1"		""	"L153,L416"	
"665.580"	"665.578"	"0.003"	"10"	""		"18116.84"	"33141.38"	"5d5.(4G).6s"	"5G"	"2"	""	"*"	"2"		""	"L153"	
"665.628"	"665.626"	"0.003"	"5*"	""		"28204.20"	"43227.66"	"5d5.(4F).6s"	"5F"	"2"	""	"*"	"2"		""	"L153"	
"665.628"	"665.627"	"0.003"	"5*"	""		"34632.60"	"49656.04"	""	"*"	"4"	"5d4.6s.(6D).7s"	"5D"	"3"		""	"L153"	
"665.838"	"665.832"	"0.003"	"12"	""		"28392.70"	"43411.50"	"5d5.(2I).6s"	"3I"	"6"	""	"*"	"7"		""	"L153"	
"665.868"	"665.869"	"0.003"	"1"	""		"32957.58"	"47975.54"	""	"*"	"3"	"5d4.6s.(6D).7s"	"7D"	"4"		""	"L153"	
"665.887"	"665.887"	"0.003"	"10w"	""		"28233.44"	"43251.00"	"5d5.(4F).6s"	"5F"	"5"	""	"*"	"4"		""	"L153"	
"665.950"	"665.947"	"0.003"	"4"	""		"27849.80"	"42866.00"	"5d5.(2I).6s"	"3I"	"5"	""	"*"	"5"		""	"L153"	
"666.088"	"666.084"	"0.003"	"4"	""		"28204.20"	"43217.33"	"5d5.(4F).6s"	"5F"	"2"	""	"*"	"1"		""	"L153"	
"666.120"	""	""	"1"	""		""	""	""	""	""	""	""	""		""	"L153"	
"666.502"	""	""	"1"	""		""	""	""	""	""	""	""	""		""	"L153"	
"666.545"	""	""	"1"	""		""	""	""	""	""	""	""	""		""	"L153"	
"666.600"	"666.596"	"0.003"	"15"	""		"16431.31"	"31432.91"	"5d4.6s2"	"3G"	"4"	"5d4.6s.(6D).6p"	"5F*"	"4"		""	"L153"	
"666.664"	"666.659"	"0.003"	"25"	""		"22773.78"	"37773.96"	"5d5.(4D).6s"	"5D"	"0"	""	"*"	"1"		""	"L153"	
"666.859"	""	""	"2w"	""		""	""	""	""	""	""	""	""		""	"L153"	
"667.106"	"667.102"	"0.003"	"2"	""		"31077.80"	"46068.02"	""	""	"2"	""	"*"	"3"		""	"L153,L416"	
"667.343"	"667.342"	"0.003"	"1"	""		"35299.82"	"50284.64"	""	""	"4"	""	"*"	"4"		""	"L153,L416"	
"667.596"	""	""	"1"	""		""	""	""	""	""	""	""	""		""	"L153"	
"667.781"	"667.778"	"0.003"	"15"	""		"19253.56"	"34228.60"	"5d4.6s2"	"3P2"	"2"	""	"*"	"3"		""	"L153"	
"667.901"	"667.897"	"0.003"	"15"	""		"19256.24"	"34228.60"	"5d5.(4G).6s"	"5G"	"4"	""	"*"	"3"		""	"L153"	
"668.026"	"668.023"	"0.003"	"80"	""		"18974.51"	"33944.06"	"5d5.(4G).6s"	"5G"	"3"	""	"*"	"2"		""	"L153"	
"668.112"	"668.105"	"0.003"	"2"	""		"29479.32"	"44447.02"	"5d4.6s2"	"3F1"	"4"	""	"*"	"3"		""	"L153"	
"668.163"	""	""	"1"	""		""	""	""	""	""	""	""	""		""	"L153"	
"668.445"	"668.442"	"0.003"	"12"	"4.3e+04"	D	"20983.02"	"35943.17"	"5d5.(4P).6s"	"5P"	"2"	""	"*"	"3"		"T4976"	"L153"	
"668.475"	"668.476"	"0.003"	"1"	""		"32378.40"	"47337.79"	"5d5.(2D3).6s"	"3D"	"1"	""	"*"	"2"		""	"L153"	
"669.493"	"669.493"	"0.003"	"30"	"3.6e+04"	D	"14976.18"	"29912.85"	"5d4.6s2"	"3D"	"2"	"5d4.6s.(6D).6p"	"5D*"	"3"		"T4976"	"L153"	
"669.817"	"669.817"	"0.003"	"3"	""		"29460.98"	"44390.42"	"5d5.(2I).6s"	"3I"	"7"	""	"*"	"6"		""	"L153"	
"670.366"	"670.360"	"0.004"	"4"	""		"24789.66"	"39707.02"	"5d4.6s2"	"1D2"	"2"	""	"*"	"2"		""	"L153"	
"670.753"	""	""	"4"	""		""	""	""	""	""	""	""	""		""	"L153"	
"671.002"	"671.005"	"0.004"	"2"	""		"27670.48"	"42573.49"	"5d5.(4F).6s"	"5F"	"1"	""	"*"	"1"		""	"L153"	
"671.045"	""	""	"2"	""		""	""	""	""	""	""	""	""		""	"L153"	
"671.109"	"671.104"	"0.004"	"4"	""		"23455.02"	"38355.84"	"5d5.(4D).6s"	"5D"	"1"	""	"*"	"1"		""	"L153"	
"671.242"	""	""	"3"	""		""	""	""	""	""	""	""	""		""	"L153"	
"671.513"	"671.510"	"0.004"	"15"	"2.3e+04"	E	"13307.10"	"28198.90"	"5d4.6s2"	"3P2"	"1"	"5d4.6s.(6D).6p"	"5P*"	"1"		"T4976"	"L153"	
"671.581"	""	""	"4"	""		""	""	""	""	""	""	""	""		""	"L153"	
"672.044"	"672.040"	"0.004"	"5"	""		"28347.60"	"43227.66"	"5d5.(4F).6s"	"5F"	"3"	""	"*"	"2"		""	"L153"	
"672.175"	"672.172"	"0.004"	"8"	""		"32378.40"	"47255.55"	"5d5.(2D3).6s"	"3D"	"1"	""	"*"	"1"		""	"L153"	
"672.704"	"672.701"	"0.004"	"15"	"3.2e+04"	E	"19256.24"	"34121.68"	"5d5.(4G).6s"	"5G"	"4"	""	"*"	"4"		"T4976"	"L153"	
"672.828"	"672.825"	"0.004"	"4"	""		"32826.63"	"47689.33"	""	""	"3"	""	"*"	"4"		""	"L153,L416"	
"673.101"	"673.097"	"0.004"	"4"	""		"40476.42"	"55333.12"	""	"*"	"5"	""	""	"4"		""	"L153"	
"673.490"	"673.490"	"0.004"	"14"	""		"36275.10"	"51123.14"	""	"*"	"5"	"5d4.6s.(6D).7s"	"5D"	"4"		""	"L153"	
"673.586"	"673.586"	"0.004"	"1"	""		"34302.04"	"49147.95"	"5d5.(2G2).6s"	"3G"	"4"	""	"*"	"4"		""	"L153"	
"674.194"	"674.196"	"0.004"	"12w"	""		"22476.68"	"37309.16"	"5d5.(4D).6s"	"5D"	"4"	""	"*"	"5"		""	"L153"	
"674.622"	""	""	"1"	""		""	""	""	""	""	""	""	""		""	"L153"	
"674.733"	""	""	"7"	""		""	""	""	""	""	""	""	""		""	"L153"	
"674.842"	"674.839"	"0.004"	"15"	""		"23930.08"	"38748.44"	"5d5.(4D).6s"	"5D"	"3"	""	"*"	"4"		""	"L153"	
"675.205"	""	""	"1"	""		""	""	""	""	""	""	""	""		""	"L153"	
"675.453"	"675.451"	"0.004"	"1"	""		"19827.68"	"34632.60"	"5d5.(4P).6s"	"5P"	"3"	""	"*"	"4"		""	"L153"	
"675.646"	"675.646"	"0.004"	"10"	""		"28233.44"	"43034.10"	"5d5.(4F).6s"	"5F"	"5"	""	"*"	"5"		""	"L153"	
"675.761"	""	""	"4"	""		""	""	""	""	""	""	""	""		""	"L153"	
"675.824"	""	""	"2"	""		""	""	""	""	""	""	""	""		""	"L153"	
"675.865"	"675.863"	"0.004"	"1"	""		"32135.94"	"46931.84"	"5d5.(4G).6s"	"3G"	"4"	""	"*"	"4"		""	"L153"	
"675.971"	"675.978"	"0.004"	"5w"	""		"35731.96"	"50525.35"	""	"*"	"2"	""	""	"2"		""	"L153"	
"676.632"	"676.630"	"0.004"	"15"	""		"27670.48"	"42449.60"	"5d5.(4F).6s"	"5F"	"1"	""	"*"	"2"		""	"L153"	
"676.791"	""	""	"1"	""		""	""	""	""	""	""	""	""		""	"L153"	
"676.965"	"676.964"	"0.004"	"8"	""		"34302.04"	"49073.88"	"5d5.(2G2).6s"	"3G"	"4"	""	"*"	"5"		""	"L153"	
"677.191"	"677.194"	"0.004"	"8"	""		"32826.63"	"47593.44"	""	""	"3"	""	"*"	"3"		""	"L153,L416"	
"678.020"	"678.015"	"0.004"	"10"	""		"20983.02"	"35731.96"	"5d5.(4P).6s"	"5P"	"2"	""	"*"	"2"		""	"L153"	
"678.465"	""	""	"2w"	""		""	""	""	""	""	""	""	""		""	"L153"	
"678.956"	""	""	"1"	""		""	""	""	""	""	""	""	""		""	"L153"	
"679.429"	"679.424"	"0.004"	"4"	""		"23484.78"	"38203.12"	"5d4.6s2"	"1I"	"6"	""	"*"	"6"		""	"L153"	
"679.485"	"679.481"	"0.004"	"10*"	""		"31389.08"	"46106.20"	"5d5.(4G).6s"	"3G"	"5"	""	"*"	"6"		""	"L153"	
"679.485"	"679.491"	"0.004"	"10*"	""		"37466.30"	"52183.20"	""	"*"	"2"	""	""	"2"		""	"L153"	
"679.551"	"679.546"	"0.004"	"3"	""		"36190.49"	"50906.20"	""	"*"	"1"	""	""	"1"		""	"L153"	
"679.744"	""	""	"2"	""		""	""	""	""	""	""	""	""		""	"L153"	
"679.822"	""	""	"6"	""		""	""	""	""	""	""	""	""		""	"L153"	
"680.118"	"680.114"	"0.004"	"12"	""		"15069.93"	"29773.34"	"5d4.6s2"	"3H"	"5"	"5d4.6s.(6D).6p"	"7D*"	"5"		""	"L153"	
"680.596"	"680.592"	"0.004"	"10"	""		"29853.66"	"44546.76"	"5d5.(4F).6s"	"5F"	"4"	""	"*"	"5"		""	"L153"	
"680.719"	"680.712"	"0.004"	"25"	""		"19253.56"	"33944.06"	"5d4.6s2"	"3P2"	"2"	""	"*"	"2"		""	"L153"	
"681.066"	"681.068"	"0.004"	"1"	""		"27849.80"	"42532.62"	"5d5.(2I).6s"	"3I"	"5"	""	"*"	"4"		""	"L153"	
"681.326"	"681.324"	"0.004"	"12"	""		"28233.44"	"42910.74"	"5d5.(4F).6s"	"5F"	"5"	""	"*"	"4"		""	"L153"	
"681.446"	""	""	"1"	""		""	""	""	""	""	""	""	""		""	"L153"	
"681.680"	"681.678"	"0.004"	"20"	"1.46e+05"	D	"22476.68"	"37146.36"	"5d5.(4D).6s"	"5D"	"4"	""	"*"	"4"		"T4976"	"L153"	
"681.812"	""	""	"12"	""		""	""	""	""	""	""	""	""		""	"L153"	
"681.958"	""	""	"1"	""		""	""	""	""	""	""	""	""		""	"L153"	
"682.177"	""	""	"4"	""		""	""	""	""	""	""	""	""		""	"L153"	
"682.215"	"682.213"	"0.004"	"20*"	""		"19827.68"	"34485.86"	"5d5.(4P).6s"	"5P"	"3"	""	"*"	"2"		""	"L153"	
"682.215"	"682.216"	"0.004"	"20*"	""		"27213.82"	"41871.94"	"5d5.(2F1).6s"	"3F"	"4"	""	"*"	"4"		""	"L153"	
"682.780"	"682.777"	"0.004"	"1"	""		"40011.50"	"54657.56"	""	"*"	"2"	""	""	"3"		""	"L153c23"	
"682.837"	"682.835"	"0.004"	"4"	""		"30374.20"	"45019.02"	"5d4.6s2"	"3F1"	"2"	""	"*"	"2"		""	"L153"	
"683.031"	"683.029"	"0.004"	"20"	""		"31817.63"	"46458.30"	""	"*"	"2"	"5d4.6s.(6D).7s"	"5D"	"1"		""	"L153"	
"683.163"	"683.163"	"0.004"	"1"	""		"26861.64"	"41499.43"	"5d5.(2F1).6s"	"3F"	"2"	""	"*"	"3"		""	"L153"	
"683.408"	"683.407"	"0.004"	"8"	""		"28233.44"	"42866.00"	"5d5.(4F).6s"	"5F"	"5"	""	"*"	"5"		""	"L153"	
"684.052"	"684.048"	"0.004"	"8"	""		"28291.88"	"42910.74"	"5d5.(2F1).6s"	"3F"	"3"	""	"*"	"4"		""	"L153"	
"684.197"	"684.195"	"0.004"	"8"	""		"28898.96"	"43514.68"	"5d4.6s2"	"3P1"	"2"	""	"*"	"2"		""	"L153"	
"684.677"	"684.674"	"0.004"	"10"	""		"33370.04"	"47975.54"	"5d4.6s.(6D).6p"	"5F*"	"5"	"5d4.6s.(6D).7s"	"7D"	"4"		""	"L153"	
"684.879"	"684.877"	"0.004"	"1*"	""		"37414.11"	"52015.28"	""	""	"3"	""	"*"	"3"		""	"L416"	
"684.879"	"684.884"	"0.004"	"1*"	""		"33569.53"	"48170.55"	""	""	"4"	""	"*"	"3"		""	"L153,L416"	
"684.914"	"684.911"	"0.004"	"12"	""		"27849.80"	"42450.24"	"5d5.(2I).6s"	"3I"	"5"	""	"*"	"4"		""	"L153"	
"685.314"	"685.315"	"0.004"	"2"	""		"27670.48"	"42262.30"	"5d5.(4F).6s"	"5F"	"1"	""	"*"	"1"		""	"L153"	
"685.473"	"685.470"	"0.004"	"2"	""		"32217.91"	"46806.45"	""	""	"3"	""	"*"	"2"		""	"L153,L416"	
"685.563"	"685.557"	"0.004"	"30"	"3.6e+04"	D	"19535.01"	"34121.68"	"5d5.(4G).6s"	"5G"	"5"	""	"*"	"4"		"T4976"	"L153"	
"685.889"	"685.889"	"0.004"	"1w"	""		"28898.96"	"43478.58"	"5d4.6s2"	"3P1"	"2"	""	"*"	"3"		""	"L153"	
"686.305"	""	""	"1"	""		""	""	""	""	""	""	""	""		""	"L153"	
"686.396"	"686.396"	"0.004"	"5"	""		"33569.53"	"48138.38"	""	""	"4"	""	"*"	"5"		""	"L153,L416"	
"686.670"	"686.665"	"0.004"	"15"	""		"28347.60"	"42910.74"	"5d5.(4F).6s"	"5F"	"3"	""	"*"	"4"		""	"L153"	
"686.854"	"686.858"	"0.004"	"2"	""		"33291.80"	"47850.84"	"5d5.(2I).6s"	"1I"	"6"	""	"*"	"5"		""	"L153"	
"687.303"	""	""	"1"	""		""	""	""	""	""	""	""	""		""	"L153"	
"687.674"	"687.678"	"0.004"	"10*"	""		"29479.32"	"44021.00"	"5d4.6s2"	"3F1"	"4"	""	"*"	"3"		""	"L153"	
"687.674"	"687.678"	"0.004"	"10*"	""		"30683.54"	"45225.22"	""	"*"	"1"	"5d4.6s.(6D).7s"	"5D"	"0"		""	"L153"	
"687.706"	"687.705"	"0.004"	"3"	""		"13348.56"	"27889.68"	"5d4.6s2"	"3G"	"3"	"5d5.(6S).6p"	"7P*"	"4"		""	"L153"	
"687.791"	"687.793"	"0.004"	"20"	""		"35116.78"	"49656.04"	""	"*"	"4"	"5d4.6s.(6D).7s"	"5D"	"3"		""	"L153"	
"687.863"	""	""	"2"	""		""	""	""	""	""	""	""	""		""	"L153"	
"687.913"	"687.907"	"0.004"	"1"	""		"17701.18"	"32238.02"	"5d4.6s2"	"3F2"	"3"	""	"*"	"3"		""	"L153"	
"687.949"	"687.950"	"0.004"	"15"	""		"37466.30"	"52002.25"	""	"*"	"2"	""	""	"3"		""	"L153"	
"688.405"	"688.402"	"0.004"	"5"	""		"19827.68"	"34354.08"	"5d5.(4P).6s"	"5P"	"3"	""	"*"	"3"		""	"L153"	
"688.893"	"688.889"	"0.004"	"5"	""		"20983.02"	"35499.15"	"5d5.(4P).6s"	"5P"	"2"	""	"*"	"3"		""	"L153"	
"688.971"	"688.965"	"0.004"	"10"	"2.e+03"	D	"12161.96"	"26676.48"	"5d4.6s2"	"3H"	"4"	"5d4.6s.(6D).6p"	"7F*"	"5"		"T4976"	"L153"	
"689.333"	"689.333"	"0.004"	"4"	""		"28720.88"	"43227.66"	"5d5.(4P).6s"	"3P"	"1"	""	"*"	"2"		""	"L153c23"	
"689.370"	"689.366"	"0.004"	"8"	""		"29479.32"	"43985.41"	"5d4.6s2"	"3F1"	"4"	""	"*"	"4"		""	"L153"	
"689.510"	""	""	"2"	""		""	""	""	""	""	""	""	""		""	"L153"	
"690.244"	"690.240"	"0.004"	"12"	""		"33201.61"	"47689.33"	"5d5.(2G2).6s"	"3G"	"5"	""	"*"	"4"		""	"L153,L416"	
"690.570"	""	""	"2w"	""		""	""	""	""	""	""	""	""		""	"L153"	
"690.610"	"690.607"	"0.004"	"3"	""		"31389.08"	"45869.10"	"5d5.(4G).6s"	"3G"	"5"	""	"*"	"4"		""	"L153"	
"690.678"	""	""	"3"	""		""	""	""	""	""	""	""	""		""	"L153"	
"690.864"	""	""	"3"	""		""	""	""	""	""	""	""	""		""	"L153"	
"690.937"	"690.927"	"0.004"	"5"	""		"28392.70"	"42866.00"	"5d5.(2I).6s"	"3I"	"6"	""	"*"	"5"		""	"L153"	
"691.020"	"691.018"	"0.004"	"20"	"3.37e+04"	C	"13307.10"	"27778.50"	"5d4.6s2"	"3P2"	"1"	"5d4.6s.(6D).6p"	"5D*"	"1"		"T4976"	"L153"	
"691.743"	"691.737"	"0.004"	"10"	""		"22852.80"	"37309.16"	"5d4.6s2"	"1G2"	"4"	""	"*"	"5"		""	"L153"	
"691.910"	"691.906"	"0.004"	"10"	"1.0e+04"	E	"15460.01"	"29912.85"	"5d4.6s2"	"3D"	"3"	"5d4.6s.(6D).6p"	"5D*"	"3"		"T4976"	"L153"	
"692.288"	"692.284"	"0.004"	"20"	""		"29479.32"	"43924.25"	"5d4.6s2"	"3F1"	"4"	""	"*"	"5"		""	"L153"	
"692.856"	""	""	"1w"	""		""	""	""	""	""	""	""	""		""	"L153"	
"693.093"	"693.094"	"0.004"	"1w"	""		"32378.40"	"46806.45"	"5d5.(2D3).6s"	"3D"	"1"	""	"*"	"2"		""	"L153"	
"693.614"	"693.615"	"0.004"	"30"	"1.5e+04"	D	"14976.18"	"29393.40"	"5d4.6s2"	"3D"	"2"	"5d4.6s.(6D).6p"	"5P*"	"2"		"T4976"	"L153"	
"694.401"	"694.400"	"0.004"	"3"	""		"19827.68"	"34228.60"	"5d5.(4P).6s"	"5P"	"3"	""	"*"	"3"		""	"L153"	
"694.448"	"694.442"	"0.004"	"3"	""		"31389.08"	"45789.14"	"5d5.(4G).6s"	"3G"	"5"	""	"*"	"5"		""	"L153"	
"694.500"	""	""	"3w"	""		""	""	""	""	""	""	""	""		""	"L153"	
"694.560"	"694.556"	"0.004"	"12"	""		"22476.68"	"36874.36"	"5d5.(4D).6s"	"5D"	"4"	""	"*"	"3"		""	"L153"	
"694.592"	"694.590"	"0.004"	"3"	""		"28204.20"	"42601.19"	"5d5.(4F).6s"	"5F"	"2"	""	"*"	"3"		""	"L153"	
"695.447"	""	""	"2"	""		""	""	""	""	""	""	""	""		""	"L153"	
"695.751"	"695.747"	"0.004"	"15"	""		"23982.80"	"38355.84"	"5d5.(4D).6s"	"5D"	"2"	""	"*"	"1"		""	"L153"	
"695.824"	"695.821"	"0.004"	"1"	""		"29479.32"	"43850.84"	"5d4.6s2"	"3F1"	"4"	""	"*"	"3"		""	"L153"	
"695.876"	"695.873"	"0.004"	"10"	""		"32135.94"	"46506.37"	"5d5.(4G).6s"	"3G"	"4"	""	"*"	"5"		""	"L153"	
"695.931"	"695.929"	"0.004"	"2"	""		"28204.20"	"42573.49"	"5d5.(4F).6s"	"5F"	"2"	""	"*"	"1"		""	"L153"	
"696.069"	""	""	"8"	""		""	""	""	""	""	""	""	""		""	"L153"	
"696.604"	"696.601"	"0.004"	"25"	"2.28e+04"	C	"13307.10"	"27662.52"	"5d4.6s2"	"3P2"	"1"	"5d4.6s.(6D).6p"	"5F*"	"2"		"T4976"	"L153"	
"696.688"	""	""	"4"	""		""	""	""	""	""	""	""	""		""	"L153"	
"697.135"	"697.132"	"0.004"	"6"	""		"35311.56"	"49656.04"	""	"*"	"2"	"5d4.6s.(6D).7s"	"5D"	"3"		""	"L153"	
"697.356"	"697.353"	"0.004"	"15"	""		"33201.61"	"47541.56"	"5d5.(2G2).6s"	"3G"	"5"	""	"*"	"6"		""	"L153,L416"	
"697.603"	"697.600"	"0.004"	"3"	""		"36190.49"	"50525.35"	""	"*"	"1"	""	""	"2"		""	"L153"	
"697.681"	"697.681"	"0.004"	"4"	""		"30586.64"	"44919.84"	"5d4.6s.(6D).6p"	"5P*"	"3"	"5d4.6s.(6D).7s"	"7D"	"2"		""	"L153"	
"697.921"	"697.908"	"0.004"	"5*"	""		"20983.02"	"35311.56"	"5d5.(4P).6s"	"5P"	"2"	""	"*"	"2"		""	"L153"	
"697.921"	"697.926"	"0.004"	"5*"	""		"37674.08"	"52002.25"	""	"*"	"3"	""	""	"3"		""	"L153c23"	
"697.976"	""	""	"2"	""		""	""	""	""	""	""	""	""		""	"L153"	
"698.039"	"698.036"	"0.004"	"3"	""		"17107.01"	"31432.91"	"5d4.6s2"	"3F2"	"4"	"5d4.6s.(6D).6p"	"5F*"	"4"		""	"L153"	
"698.381"	"698.376"	"0.004"	"6"	""		"23455.02"	"37773.96"	"5d5.(4D).6s"	"5D"	"1"	""	"*"	"1"		""	"L153"	
"698.620"	"698.619"	"0.004"	"40"	"4.4e+04"	D	"13348.56"	"27662.52"	"5d4.6s2"	"3G"	"3"	"5d4.6s.(6D).6p"	"5F*"	"2"		"T4976"	"L153"	
"698.773"	""	""	"1"	""		""	""	""	""	""	""	""	""		""	"L153"	
"699.120"	"699.118"	"0.004"	"15"	""		"18082.83"	"32386.56"	"5d4.6s2"	"3D"	"1"	""	"*"	"0"		""	"L153"	
"699.343"	"699.341"	"0.004"	"12"	""		"28233.44"	"42532.62"	"5d5.(4F).6s"	"5F"	"5"	""	"*"	"4"		""	"L153"	
"699.377"	""	""	"1"	""		""	""	""	""	""	""	""	""		""	"L153"	
"699.489"	"699.487"	"0.004"	"10"	""		"31077.80"	"45374.00"	""	""	"2"	""	"*"	"1"		""	"L153,L416"	
"699.520"	"699.514"	"0.004"	"30"	"5.8e+04"	D	"19826.04"	"34121.68"	"5d4.6s2"	"3G"	"5"	""	"*"	"4"		"T4976"	"L153"	
"699.558"	"699.557"	"0.004"	"4"	""		"27670.48"	"41965.24"	"5d5.(4F).6s"	"5F"	"1"	""	"*"	"0"		""	"L153"	
"699.599"	"699.594"	"0.004"	"15"	"5.2e+04"	D	"19827.68"	"34121.68"	"5d5.(4P).6s"	"5P"	"3"	""	"*"	"4"		"T4976"	"L153"	
"700.349"	""	""	"2"	""		""	""	""	""	""	""	""	""		""	"L153"	
"700.463"	"700.462"	"0.004"	"10"	""		"23930.08"	"38206.38"	"5d5.(4D).6s"	"5D"	"3"	""	"*"	"3"		""	"L153"	
"701.161"	"701.161"	"0.004"	"8"	""		"29479.32"	"43741.37"	"5d4.6s2"	"3F1"	"4"	""	"*"	"5"		""	"L153"	
"701.333"	"701.331"	"0.004"	"6"	""		"32238.02"	"46496.62"	""	"*"	"3"	"5d4.6s.(6D).7s"	"7D"	"3"		""	"L153"	
"701.531"	""	""	"1"	""		""	""	""	""	""	""	""	""		""	"L153"	
"701.645"	""	""	"3w"	""		""	""	""	""	""	""	""	""		""	"L153"	
"701.769"	"701.766"	"0.004"	"8"	""		"33291.80"	"47541.56"	"5d5.(2I).6s"	"1I"	"6"	""	"*"	"6"		""	"L153"	
"701.815"	"701.814"	"0.004"	"8"	""		"36874.36"	"51123.14"	""	"*"	"3"	"5d4.6s.(6D).7s"	"5D"	"4"		""	"L153"	
"701.982"	"701.981"	"0.004"	"20"	""		"28204.20"	"42449.60"	"5d5.(4F).6s"	"5F"	"2"	""	"*"	"2"		""	"L153"	
"702.220"	"702.218"	"0.004"	"8"	""		"24789.66"	"39030.25"	"5d4.6s2"	"1D2"	"2"	""	"*"	"2"		""	"L153"	
"702.983"	""	""	"5"	""		""	""	""	""	""	""	""	""		""	"L153"	
"703.062"	"703.058"	"0.004"	"12"	""		"23982.80"	"38206.38"	"5d5.(4D).6s"	"5D"	"2"	""	"*"	"3"		""	"L153"	
"703.244"	"703.252"	"0.004"	"10"	""		"14976.18"	"29195.84"	"5d4.6s2"	"3D"	"2"	"5d4.6s.(6D).6p"	"5D*"	"2"		""	"L153"	
"703.350"	"703.349"	"0.004"	"2"	""		"33952.85"	"48170.55"	"5d5.(4D).6s"	"3D"	"3"	""	"*"	"3"		""	"L153,L416"	
"703.393"	"703.393"	"0.004"	"3"	""		"28233.44"	"42450.24"	"5d5.(4F).6s"	"5F"	"5"	""	"*"	"4"		""	"L153"	
"703.432"	""	""	"4"	""		""	""	""	""	""	""	""	""		""	"L153"	
"703.508"	"703.506"	"0.004"	"2"	""		"35299.82"	"49514.34"	""	""	"4"	""	"*"	"3"		""	"L153,L416"	
"703.526"	""	""	"3"	""		""	""	""	""	""	""	""	""		""	"L153"	
"703.674"	""	""	"3"	""		""	""	""	""	""	""	""	""		""	"L153"	
"704.588"	"704.589"	"0.004"	"4w"	""		"37414.11"	"51606.78"	""	""	"3"	""	"*"	"2"		""	"L153,L416"	
"705.811"	"705.804"	"0.004"	"12"	""		"20174.20"	"34342.44"	"5d4.6s2"	"1S2"	"0"	""	"*"	"1"		""	"L153"	
"705.854"	"705.849"	"0.004"	"3"	""		"29853.66"	"44021.00"	"5d5.(4F).6s"	"5F"	"4"	""	"*"	"3"		""	"L153"	
"706.068"	"706.068"	"0.004"	"10*"	""		"14976.18"	"29139.12"	"5d4.6s2"	"3D"	"2"	"5d4.6s.(6D).6p"	"5F*"	"3"		""	"L153"	
"706.068"	"706.071"	"0.004"	"10*"	""		"37773.96"	"51936.84"	""	"*"	"1"	""	""	"2"		""	"L153"	
"706.281"	"706.286"	"0.004"	"5"	""		"33201.61"	"47360.19"	"5d5.(2G2).6s"	"3G"	"5"	""	"*"	"4"		""	"L153,L416"	
"706.299"	"706.296"	"0.004"	"10"	""		"28291.88"	"42450.24"	"5d5.(2F1).6s"	"3F"	"3"	""	"*"	"4"		""	"L153"	
"706.331"	"706.328"	"0.004"	"12"	""		"28291.88"	"42449.60"	"5d5.(2F1).6s"	"3F"	"3"	""	"*"	"2"		""	"L153"	
"706.371"	"706.370"	"0.004"	"2"	""		"35499.15"	"49656.04"	""	"*"	"3"	"5d4.6s.(6D).7s"	"5D"	"3"		""	"L153"	
"706.883"	""	""	"2w"	""		""	""	""	""	""	""	""	""		""	"L153"	
"706.944"	""	""	"2w"	""		""	""	""	""	""	""	""	""		""	"L153"	
"707.239"	"707.236"	"0.004"	"5"	""		"13348.56"	"27488.11"	"5d4.6s2"	"3G"	"3"	"5d5.(6S).6p"	"7P*"	"3"		""	"L153"	
"707.265"	""	""	"2"	""		""	""	""	""	""	""	""	""		""	"L153"	
"707.340"	"707.336"	"0.004"	"3"	""		"24610.88"	"38748.44"	"5d4.6s2"	"1F"	"3"	""	"*"	"4"		""	"L153"	
"707.376"	""	""	"2w"	""		""	""	""	""	""	""	""	""		""	"L153"	
"707.573"	""	""	"1"	""		""	""	""	""	""	""	""	""		""	"L153"	
"707.625"	"707.626"	"0.004"	"4"	""		"29853.66"	"43985.41"	"5d5.(4F).6s"	"5F"	"4"	""	"*"	"4"		""	"L153"	
"707.696"	"707.707"	"0.004"	"2w"	""		"38053.05"	"52183.20"	""	"*"	"3"	""	""	"2"		""	"L153"	
"707.780"	""	""	"1"	""		""	""	""	""	""	""	""	""		""	"L153"	
"707.870"	""	""	"2"	""		""	""	""	""	""	""	""	""		""	"L153"	
"708.069"	"708.066"	"0.004"	"2"	""		"23930.08"	"38053.05"	"5d5.(4D).6s"	"5D"	"3"	""	"*"	"3"		""	"L153"	
"708.156"	"708.156"	"0.004"	"1"	""		"18116.84"	"32238.02"	"5d5.(4G).6s"	"5G"	"2"	""	"*"	"3"		""	"L153"	
"708.316"	"708.312"	"0.004"	"1"	""		"35299.82"	"49417.90"	""	""	"4"	""	"*"	"3"		""	"L153,L416"	
"708.398"	"708.393"	"0.004"	"8w*"	""		"17701.18"	"31817.63"	"5d4.6s2"	"3F2"	"3"	""	"*"	"2"		""	"L153"	
"708.398"	"708.397"	"0.004"	"8w*"	""		"19827.68"	"33944.06"	"5d5.(4P).6s"	"5P"	"3"	""	"*"	"2"		""	"L153"	
"708.527"	"708.526"	"0.004"	"6"	""		"19256.24"	"33370.04"	"5d5.(4G).6s"	"5G"	"4"	"5d4.6s.(6D).6p"	"5F*"	"5"		""	"L153"	
"708.576"	""	""	"1"	""		""	""	""	""	""	""	""	""		""	"L153"	
"709.094"	"709.087"	"0.004"	"1"	""		"28347.60"	"42450.24"	"5d5.(4F).6s"	"5F"	"3"	""	"*"	"4"		""	"L153"	
"709.124"	"709.119"	"0.004"	"10"	""		"28347.60"	"42449.60"	"5d5.(4F).6s"	"5F"	"3"	""	"*"	"2"		""	"L153"	
"709.392"	""	""	"1"	""		""	""	""	""	""	""	""	""		""	"L153"	
"709.417"	""	""	"1"	""		""	""	""	""	""	""	""	""		""	"L153"	
"710.018"	"710.016"	"0.004"	"15"	""		"29430.50"	"43514.68"	""	""	"3"	""	"*"	"2"		""	"L416"	
"710.248"	""	""	"2"	""		""	""	""	""	""	""	""	""		""	"L153"	
"710.644"	"710.644"	"0.004"	"1"	""		"32386.56"	"46458.30"	""	"*"	"0"	"5d4.6s.(6D).7s"	"5D"	"1"		""	"L153"	
"710.682"	"710.680"	"0.004"	"3"	""		"23930.08"	"38001.12"	"5d5.(4D).6s"	"5D"	"3"	""	"*"	"4"		""	"L153"	
"710.722"	"710.719"	"0.004"	"4"	""		"23982.80"	"38053.05"	"5d5.(4D).6s"	"5D"	"2"	""	"*"	"3"		""	"L153"	
"711.053"	"711.053"	"0.004"	"8"	""		"27670.48"	"41734.13"	"5d5.(4F).6s"	"5F"	"1"	""	"*"	"2"		""	"L153"	
"711.112"	"711.108"	"0.004"	"1"	""		"31389.08"	"45451.65"	"5d5.(4G).6s"	"3G"	"5"	""	"*"	"5"		""	"L153"	
"711.130"	"711.127"	"0.004"	"6"	""		"26861.64"	"40923.83"	"5d5.(2F1).6s"	"3F"	"2"	""	"*"	"3"		""	"L153"	
"711.314"	"711.309"	"0.004"	"10"	""		"29393.40"	"43451.98"	"5d4.6s.(6D).6p"	"5P*"	"2"	"5d4.6s.(6D).7s"	"7D"	"1"		""	"L153"	
"711.881"	"711.880"	"0.004"	"6"	""		"28204.20"	"42251.51"	"5d5.(4F).6s"	"5F"	"2"	""	"*"	"3"		""	"L153"	
"712.015"	""	""	"2w"	""		""	""	""	""	""	""	""	""		""	"L153"	
"712.901"	"712.899"	"0.004"	"10"	""		"12161.96"	"26189.20"	"5d4.6s2"	"3H"	"4"	"5d4.6s.(6D).6p"	"7D*"	"3"		""	"L153"	
"713.068"	"713.068"	"0.004"	"2"	""		"33569.53"	"47593.44"	""	""	"4"	""	"*"	"3"		""	"L153,L416"	
"713.161"	"713.158"	"0.004"	"5"	""		"27849.80"	"41871.94"	"5d5.(2I).6s"	"3I"	"5"	""	"*"	"4"		""	"L153"	
"713.486"	"713.482"	"0.004"	"1"	""		"33952.85"	"47968.62"	"5d5.(4D).6s"	"3D"	"3"	""	"*"	"4"		""	"L153,L416"	
"713.520"	""	""	"3"	""		""	""	""	""	""	""	""	""		""	"L153"	
"713.631"	""	""	"1"	""		""	""	""	""	""	""	""	""		""	"L153"	
"713.947"	"713.941"	"0.004"	"8"	""		"26861.64"	"40868.40"	"5d5.(2F1).6s"	"3F"	"2"	""	"*"	"2"		""	"L153"	
"714.001"	"713.999"	"0.004"	"3"	""		"28233.44"	"42239.06"	"5d5.(4F).6s"	"5F"	"5"	""	"*"	"6"		""	"L153"	
"714.249"	"714.245"	"0.004"	"40"	"1.0e+05"	C	"13777.71"	"27778.50"	"5d4.6s2"	"3F2"	"2"	"5d4.6s.(6D).6p"	"5D*"	"1"		"T4976"	"L153"	
"714.437"	"714.430"	"0.004"	"2w"	""		"29853.66"	"43850.84"	"5d5.(4F).6s"	"5F"	"4"	""	"*"	"3"		""	"L153"	
"714.897"	""	""	"3w"	""		""	""	""	""	""	""	""	""		""	"L153"	
"715.089"	"715.087"	"0.004"	"10"	""		"27213.82"	"41198.14"	"5d5.(2F1).6s"	"3F"	"4"	""	"*"	"4"		""	"L153"	
"715.152"	"715.151"	"0.004"	"8"	""		"18974.51"	"32957.58"	"5d5.(4G).6s"	"5G"	"3"	""	"*"	"3"		""	"L153"	
"715.287"	""	""	"1w"	""		""	""	""	""	""	""	""	""		""	"L153"	
"715.317"	"715.317"	"0.004"	"1"	""		"32826.63"	"46806.45"	""	""	"3"	""	"*"	"2"		""	"L153,L416"	
"715.343"	"715.345"	"0.004"	"1"	""		"30374.20"	"44353.46"	"5d4.6s2"	"3F1"	"2"	""	"*"	"1"		""	"L153"	
"715.477"	"715.470"	"0.004"	"1*"	""		"38206.38"	"52183.20"	""	"*"	"3"	""	""	"2"		""	"L153"	
"715.477"	"715.472"	"0.004"	"1*"	""		"37146.36"	"51123.14"	""	"*"	"4"	"5d4.6s.(6D).7s"	"5D"	"4"		""	"L153"	
"715.727"	""	""	"1"	""		""	""	""	""	""	""	""	""		""	"L153"	
"715.781"	""	""	"1"	""		""	""	""	""	""	""	""	""		""	"L153"	
"715.833"	""	""	"1"	""		""	""	""	""	""	""	""	""		""	"L153"	
"716.356"	"716.351"	"0.004"	"5"	""		"28291.88"	"42251.51"	"5d5.(2F1).6s"	"3F"	"3"	""	"*"	"3"		""	"L153"	
"716.461"	"716.459"	"0.004"	"50"	""		"18280.48"	"32238.02"	"5d5.(6S).6s"	"5S"	"2"	""	"*"	"3"		""	"L153"	
"716.550"	""	""	"3"	""		""	""	""	""	""	""	""	""		""	"L153"	
"716.888"	"716.879"	"0.004"	"10*"	""		"32378.40"	"46327.75"	"5d5.(2D3).6s"	"3D"	"1"	""	"*"	"2"		""	"L153"	
"716.888"	"716.887"	"0.004"	"10*"	""		"38053.05"	"52002.25"	""	"*"	"3"	""	""	"3"		""	"L153c23"	
"717.536"	"717.528"	"0.004"	"5w"	""		"31077.80"	"45014.54"	""	""	"2"	""	"*"	"3"		""	"L153,L416"	
"717.847"	""	""	"4"	""		""	""	""	""	""	""	""	""		""	"L153"	
"718.183"	"718.180"	"0.004"	"10"	""		"35731.96"	"49656.04"	""	"*"	"2"	"5d4.6s.(6D).7s"	"5D"	"3"		""	"L153"	
"718.581"	""	""	"4"	""		""	""	""	""	""	""	""	""		""	"L153"	
"718.627"	""	""	"5"	""		""	""	""	""	""	""	""	""		""	"L153"	
"718.675"	"718.670"	"0.004"	"12"	""		"20427.84"	"34342.44"	"5d5.(4P).6s"	"5P"	"1"	""	"*"	"1"		""	"L153"	
"718.768"	"718.767"	"0.004"	"2w"	""		"27670.48"	"41583.20"	"5d5.(4F).6s"	"5F"	"1"	""	"*"	"2"		""	"L153"	
"718.954"	"718.952"	"0.004"	"6"	""		"26861.64"	"40770.78"	"5d5.(2F1).6s"	"3F"	"2"	""	"*"	"1"		""	"L153"	
"719.331"	"719.334"	"0.004"	"20"	""		"31323.48"	"45225.22"	""	"*"	"1"	"5d4.6s.(6D).7s"	"5D"	"0"		""	"L153"	
"719.766"	""	""	"4"	""		""	""	""	""	""	""	""	""		""	"L153"	
"720.060"	"720.055"	"0.004"	"20*"	""		"19253.56"	"33141.38"	"5d4.6s2"	"3P2"	"2"	""	"*"	"2"		""	"L153"	
"720.060"	"720.061"	"0.004"	"20*"	""		"29853.66"	"43741.37"	"5d5.(4F).6s"	"5F"	"4"	""	"*"	"5"		""	"L153"	
"720.214"	"720.212"	"0.004"	"40"	"4.2e+04"	C	"13777.71"	"27662.52"	"5d4.6s2"	"3F2"	"2"	"5d4.6s.(6D).6p"	"5F*"	"2"		"T4976"	"L153"	
"720.493"	""	""	"1"	""		""	""	""	""	""	""	""	""		""	"L153"	
"720.635"	""	""	"1"	""		""	""	""	""	""	""	""	""		""	"L153"	
"720.801"	"720.800"	"0.004"	"4"	""		"31389.08"	"45262.55"	"5d5.(4G).6s"	"3G"	"5"	""	"*"	"4"		""	"L153"	
"721.834"	"721.834"	"0.004"	"20"	""		"18974.51"	"32828.12"	"5d5.(4G).6s"	"5G"	"3"	"5d4.6s.(6D).6p"	"5D*"	"4"		""	"L153"	
"722.021"	"722.016"	"0.004"	"6w"	""		"32217.91"	"46068.02"	""	""	"3"	""	"*"	"3"		""	"L153,L416"	
"722.117"	"722.119"	"0.004"	"2"	""		"35299.82"	"49147.95"	""	""	"4"	""	"*"	"4"		""	"L153,L416"	
"722.217"	"722.211"	"0.004"	"8"	""		"28392.70"	"42239.06"	"5d5.(2I).6s"	"3I"	"6"	""	"*"	"6"		""	"L153"	
"722.805"	"722.803"	"0.004"	"20"	"2.8e+04"	D	"19535.01"	"33370.04"	"5d5.(4G).6s"	"5G"	"5"	"5d4.6s.(6D).6p"	"5F*"	"5"		"T4976"	"L153"	
"723.237"	""	""	"1"	""		""	""	""	""	""	""	""	""		""	"L153"	
"723.365"	"723.360"	"0.004"	"6"	""		"23484.78"	"37309.16"	"5d4.6s2"	"1I"	"6"	""	"*"	"5"		""	"L153"	
"723.911"	"723.904"	"0.004"	"30"	""		"37309.16"	"51123.14"	""	"*"	"5"	"5d4.6s.(6D).7s"	"5D"	"4"		""	"L153"	
"724.257"	""	""	"1"	""		""	""	""	""	""	""	""	""		""	"L153"	
"724.420"	"724.417"	"0.004"	"4"	""		"26861.64"	"40665.85"	"5d5.(2F1).6s"	"3F"	"2"	""	"*"	"3"		""	"L153"	
"724.721"	"724.721"	"0.004"	"12"	""		"22476.68"	"36275.10"	"5d5.(4D).6s"	"5D"	"4"	""	"*"	"5"		""	"L153"	
"724.788"	"724.787"	"0.004"	"1"	""		"29430.50"	"43227.66"	""	""	"3"	""	"*"	"2"		""	"L153,L416"	
"725.104"	"725.102"	"0.004"	"1"	""		"23982.80"	"37773.96"	"5d5.(4D).6s"	"5D"	"2"	""	"*"	"1"		""	"L153"	
"725.840"	""	""	"2"	""		""	""	""	""	""	""	""	""		""	"L153"	
"726.130"	"726.128"	"0.004"	"4"	""		"29479.32"	"43251.00"	"5d4.6s2"	"3F1"	"4"	""	"*"	"4"		""	"L153"	
"726.991"	""	""	"5w"	""		""	""	""	""	""	""	""	""		""	"L153"	
"727.197"	""	""	"4w"	""		""	""	""	""	""	""	""	""		""	"L153"	
"727.594"	"727.590"	"0.004"	"8"	""		"23930.08"	"37674.08"	"5d5.(4D).6s"	"5D"	"3"	""	"*"	"3"		""	"L153"	
"727.647"	"727.651"	"0.004"	"30"	""		"38259.40"	"52002.25"	""	"*"	"4"	""	""	"3"		""	"L153"	
"728.025"	"728.020"	"0.004"	"100*"	""		"34342.44"	"48078.32"	""	"*"	"1"	"5d4.6s.(6D).7s"	"5D"	"2"		""	"L153"	
"728.025"	"728.023"	"0.004"	"100*"	""		"15460.01"	"29195.84"	"5d4.6s2"	"3D"	"3"	"5d4.6s.(6D).6p"	"5D*"	"2"		""	"L153"	
"728.169"	"728.165"	"0.004"	"1"	""		"32135.94"	"45869.10"	"5d5.(4G).6s"	"3G"	"4"	""	"*"	"4"		""	"L153"	
"728.245"	"728.240"	"0.004"	"10"	"1.30e+04"	D	"17701.18"	"31432.91"	"5d4.6s2"	"3F2"	"3"	"5d4.6s.(6D).6p"	"5F*"	"4"		"T4976"	"L153"	
"728.471"	"728.475"	"0.004"	"10w"	""		"15069.93"	"28797.24"	"5d4.6s2"	"3H"	"5"	"5d4.6s.(6D).6p"	"7D*"	"4"		""	"L153"	
"728.499"	""	""	"10w"	""		""	""	""	""	""	""	""	""		""	"L153"	
"728.782"	"728.783"	"0.004"	"60"	"1.47e+05"	C	"19648.54"	"33370.04"	"5d5.(4G).6s"	"5G"	"6"	"5d4.6s.(6D).6p"	"5F*"	"5"		"T4976"	"L153"	
"729.049"	""	""	"1"	""		""	""	""	""	""	""	""	""		""	"L153"	
"729.375"	"729.373"	"0.004"	"8w"	""		"13777.71"	"27488.11"	"5d4.6s2"	"3F2"	"2"	"5d5.(6S).6p"	"7P*"	"3"		""	"L153"	
"729.398"	"729.394"	"0.004"	"6w"	""		"27213.82"	"40923.83"	"5d5.(2F1).6s"	"3F"	"4"	""	"*"	"3"		""	"L153"	
"729.717"	"729.713"	"0.004"	"8"	""		"19253.56"	"32957.58"	"5d4.6s2"	"3P2"	"2"	""	"*"	"3"		""	"L153"	
"729.812"	"729.808"	"0.004"	"5"	""		"28898.96"	"42601.19"	"5d4.6s2"	"3P1"	"2"	""	"*"	"3"		""	"L153"	
"729.856"	"729.856"	"0.004"	"80"	""		"19256.24"	"32957.58"	"5d5.(4G).6s"	"5G"	"4"	""	"*"	"3"		""	"L153"	
"729.888"	"729.885"	"0.004"	"15"	""		"18116.84"	"31817.63"	"5d5.(4G).6s"	"5G"	"2"	""	"*"	"2"		""	"L153"	
"730.026"	"730.025"	"0.004"	"18"	""		"27213.82"	"40911.98"	"5d5.(2F1).6s"	"3F"	"4"	""	"*"	"5"		""	"L153"	
"730.390"	"730.392"	"0.004"	"1"	""		"23982.80"	"37674.08"	"5d5.(4D).6s"	"5D"	"2"	""	"*"	"3"		""	"L153"	
"731.044"	"731.042"	"0.004"	"3"	""		"15460.01"	"29139.12"	"5d4.6s2"	"3D"	"3"	"5d4.6s.(6D).6p"	"5F*"	"3"		""	"L153"	
"731.115"	""	""	"1"	""		""	""	""	""	""	""	""	""		""	"L153"	
"731.228"	"731.230"	"0.004"	"3"	""		"44919.84"	"58595.42"	"5d4.6s.(6D).7s"	"7D"	"2"	""	"*"	"2"		""	"L153c23"	
"731.292"	"731.287"	"0.004"	"3"	""		"28898.96"	"42573.49"	"5d4.6s2"	"3P1"	"2"	""	"*"	"1"		""	"L153"	
"731.501"	""	""	"4"	""		""	""	""	""	""	""	""	""		""	"L153"	
"732.097"	"732.096"	"0.004"	"1"	""		"31077.80"	"44737.21"	""	""	"2"	""	"*"	"1"		""	"L153,L416"	
"732.431"	"732.429"	"0.004"	"3"	""		"32135.94"	"45789.14"	"5d5.(4G).6s"	"3G"	"4"	""	"*"	"5"		""	"L153"	
"732.681"	"732.680"	"0.004"	"2"	""		"24610.88"	"38259.40"	"5d4.6s2"	"1F"	"3"	""	"*"	"4"		""	"L153"	
"732.770"	"732.773"	"0.004"	"1"	""		"30374.20"	"44021.00"	"5d4.6s2"	"3F1"	"2"	""	"*"	"3"		""	"L153"	
"733.695"	"733.688"	"0.004"	"1"	""		"38748.44"	"52378.22"	""	"*"	"4"	""	""	"4"		""	"L153c23"	
"733.951"	"733.949"	"0.004"	"3"	""		"29853.66"	"43478.58"	"5d5.(4F).6s"	"5F"	"4"	""	"*"	"3"		""	"L153"	
"734.244"	""	""	"2"	""		""	""	""	""	""	""	""	""		""	"L153"	
"734.651"	""	""	"2w"	""		""	""	""	""	""	""	""	""		""	"L153"	
"734.993"	"734.990"	"0.004"	"12"	""		"22476.68"	"36082.30"	"5d5.(4D).6s"	"5D"	"4"	""	"*"	"4"		""	"L153"	
"735.338"	""	""	"3"	""		""	""	""	""	""	""	""	""		""	"L153"	
"735.703"	"735.702"	"0.004"	"8"	""		"34485.86"	"48078.32"	""	"*"	"2"	"5d4.6s.(6D).7s"	"5D"	"2"		""	"L153"	
"736.372"	"736.374"	"0.004"	"6"	""		"28291.88"	"41871.94"	"5d5.(2F1).6s"	"3F"	"3"	""	"*"	"4"		""	"L153"	
"736.576"	""	""	"1"	""		""	""	""	""	""	""	""	""		""	"L153"	
"736.719"	"736.717"	"0.004"	"8"	""		"36082.30"	"49656.04"	""	"*"	"4"	"5d4.6s.(6D).7s"	"5D"	"3"		""	"L153"	
"736.835"	""	""	"2w"	""		""	""	""	""	""	""	""	""		""	"L153"	
"737.051"	"737.044"	"0.004"	"10*"	""		"27849.80"	"41417.52"	"5d5.(2I).6s"	"3I"	"5"	""	"*"	"6"		""	"L153"	
"737.051"	"737.046"	"0.004"	"10*"	""		"44919.84"	"58487.52"	"5d4.6s.(6D).7s"	"7D"	"2"	""	"*"	"3"		""	"L153c23"	
"737.493"	""	""	"1"	""		""	""	""	""	""	""	""	""		""	"L153"	
"737.928"	"737.926"	"0.004"	"2"	""		"31389.08"	"44940.57"	"5d5.(4G).6s"	"3G"	"5"	""	"*"	"4"		""	"L153"	
"738.334"	"738.334"	"0.004"	"15"	"1.66e+04"	D	"19826.04"	"33370.04"	"5d4.6s2"	"3G"	"5"	"5d4.6s.(6D).6p"	"5F*"	"5"		"T4976"	"L153"	
"738.615"	"738.605"	"0.004"	"8w"	""		"32957.58"	"46496.62"	""	"*"	"3"	"5d4.6s.(6D).7s"	"7D"	"3"		""	"L153"	
"738.711"	"738.708"	"0.004"	"60"	""		"18280.48"	"31817.63"	"5d5.(6S).6s"	"5S"	"2"	""	"*"	"2"		""	"L153"	
"738.765"	"738.759"	"0.004"	"4"	""		"23930.08"	"37466.30"	"5d5.(4D).6s"	"5D"	"3"	""	"*"	"2"		""	"L153"	
"738.838"	"738.835"	"0.004"	"1"	""		"31389.08"	"44923.90"	"5d5.(4G).6s"	"3G"	"5"	""	"*"	"6"		""	"L153"	
"738.859"	""	""	"2"	""		""	""	""	""	""	""	""	""		""	"L153"	
"739.106"	"739.102"	"0.004"	"6"	""		"28204.20"	"41734.13"	"5d5.(4F).6s"	"5F"	"2"	""	"*"	"2"		""	"L153"	
"739.216"	""	""	"1"	""		""	""	""	""	""	""	""	""		""	"L153"	
"739.409"	"739.408"	"0.004"	"3"	""		"28347.60"	"41871.94"	"5d5.(4F).6s"	"5F"	"3"	""	"*"	"4"		""	"L153"	
"741.286"	"741.282"	"0.004"	"2"	""		"28204.20"	"41694.34"	"5d5.(4F).6s"	"5F"	"2"	""	"*"	"3"		""	"L153"	
"741.833"	"741.827"	"0.004"	"1*"	""		"29430.50"	"42910.74"	""	""	"3"	""	"*"	"4"		""	"L153,L416"	
"741.833"	"741.839"	"0.004"	"1*"	""		"37414.11"	"50894.12"	""	""	"3"	""	"*"	"3"		""	"L416"	
"741.868"	"741.860"	"0.004"	"1"	""		"17107.01"	"30586.64"	"5d4.6s2"	"3F2"	"4"	"5d4.6s.(6D).6p"	"5P*"	"3"		""	"L153"	
"743.115"	"743.113"	"0.004"	"5"	""		"27670.48"	"41127.38"	"5d5.(4F).6s"	"5F"	"1"	""	"*"	"0"		""	"L153"	
"743.383"	"743.382"	"0.004"	"2"	""		"27213.82"	"40665.85"	"5d5.(2F1).6s"	"3F"	"4"	""	"*"	"3"		""	"L153"	
"743.545"	"743.542"	"0.004"	"3*"	""		"23455.02"	"36904.16"	"5d5.(4D).6s"	"5D"	"1"	""	"*"	"2"		""	"L153"	
"743.545"	"743.546"	"0.004"	"3*"	""		"37674.08"	"51123.14"	""	"*"	"3"	"5d4.6s.(6D).7s"	"5D"	"4"		""	"L153"	
"743.924"	"743.923"	"0.004"	"8*"	""		"28291.88"	"41734.13"	"5d5.(2F1).6s"	"3F"	"3"	""	"*"	"2"		""	"L153"	
"743.924"	"743.928"	"0.004"	"8*"	""		"24610.88"	"38053.05"	"5d4.6s2"	"1F"	"3"	""	"*"	"3"		""	"L153"	
"744.150"	""	""	"8"	""		""	""	""	""	""	""	""	""		""	"L153"	
"745.026"	"745.029"	"0.004"	"6w"	""		"22852.80"	"36275.10"	"5d4.6s2"	"1G2"	"4"	""	"*"	"5"		""	"L153"	
"745.344"	"745.339"	"0.004"	"15*"	""		"24789.66"	"38206.38"	"5d4.6s2"	"1D2"	"2"	""	"*"	"3"		""	"L153"	
"745.344"	"745.339"	"0.004"	"15*"	""		"22773.78"	"36190.49"	"5d5.(4D).6s"	"5D"	"0"	""	"*"	"1"		""	"L153"	
"745.413"	"745.413"	"0.004"	"2w"	""		"32135.94"	"45551.32"	"5d5.(4G).6s"	"3G"	"4"	""	"*"	"3"		""	"L153"	
"745.842"	"745.840"	"0.004"	"10"	""		"26861.64"	"40269.35"	"5d5.(2F1).6s"	"3F"	"2"	""	"*"	"3"		""	"L153"	
"746.132"	"746.132"	"0.004"	"12"	""		"28291.88"	"41694.34"	"5d5.(2F1).6s"	"3F"	"3"	""	"*"	"3"		""	"L153"	
"746.425"	"746.417"	"0.004"	"4"	""		"29853.66"	"43251.00"	"5d5.(4F).6s"	"5F"	"4"	""	"*"	"4"		""	"L153"	
"746.817"	"746.813"	"0.004"	"5"	""		"24610.88"	"38001.12"	"5d4.6s2"	"1F"	"3"	""	"*"	"4"		""	"L153"	
"746.980"	"746.977"	"0.004"	"2"	""		"34302.04"	"47689.33"	"5d5.(2G2).6s"	"3G"	"4"	""	"*"	"4"		""	"L153"	
"747.028"	"747.020"	"0.004"	"8*"	""		"28347.60"	"41734.13"	"5d5.(4F).6s"	"5F"	"3"	""	"*"	"2"		""	"L153"	
"747.028"	"747.031"	"0.004"	"8*"	""		"37414.11"	"50800.44"	""	""	"3"	""	"*"	"3"		""	"L153c23"	
"747.247"	"747.250"	"0.004"	"7"	""		"32378.40"	"45760.80"	"5d5.(2D3).6s"	"3D"	"1"	""	"*"	"1"		""	"L153"	
"747.362"	"747.361"	"0.004"	"15"	""		"33291.80"	"46672.22"	"5d5.(2I).6s"	"1I"	"6"	""	"*"	"6"		""	"L153"	
"747.596"	"747.593"	"0.004"	"1"	""		"35299.82"	"48676.08"	""	""	"4"	""	"*"	"4"		""	"L153,L416"	
"748.541"	"748.535"	"0.004"	"30"	"3.1e+05"	B	"20983.02"	"34342.44"	"5d5.(4P).6s"	"5P"	"2"	""	"*"	"1"		"T6977"	"L153"	
"749.156"	"749.157"	"0.004"	"4"	""		"27849.80"	"41198.14"	"5d5.(2I).6s"	"3I"	"5"	""	"*"	"4"		""	"L153"	
"749.514"	"749.511"	"0.004"	"3"	""		"16431.31"	"29773.34"	"5d4.6s2"	"3G"	"4"	"5d4.6s.(6D).6p"	"7D*"	"5"		""	"L153"	
"750.002"	"750.005"	"0.004"	"2"	""		"33291.80"	"46625.05"	"5d5.(2I).6s"	"1I"	"6"	""	"*"	"4"		""	"L153"	
"750.620"	"750.618"	"0.004"	"40"	""		"13307.10"	"26629.46"	"5d4.6s2"	"3P2"	"1"	"5d4.6s.(6D).6p"	"5D*"	"0"		""	"L153"	
"750.666"	"750.658"	"0.004"	"2"	""		"27849.80"	"41171.44"	"5d5.(2I).6s"	"3I"	"5"	""	"*"	"6"		""	"L153"	
"750.928"	"750.924"	"0.004"	"1"	""		"33141.38"	"46458.30"	""	"*"	"2"	"5d4.6s.(6D).7s"	"5D"	"1"		""	"L153"	
"750.995"	"750.993"	"0.004"	"6"	""		"32135.94"	"45451.65"	"5d5.(4G).6s"	"3G"	"4"	""	"*"	"5"		""	"L153"	
"751.107"	"751.106"	"0.004"	"40"	"1.5e+05"	D	"19827.68"	"33141.38"	"5d5.(4P).6s"	"5P"	"3"	""	"*"	"2"		"T4976"	"L153"	
"751.715"	""	""	"1"	""		""	""	""	""	""	""	""	""		""	"L153"	
"752.273"	"752.269"	"0.004"	"20"	""		"19535.01"	"32828.12"	"5d5.(4G).6s"	"5G"	"5"	"5d4.6s.(6D).6p"	"5D*"	"4"		""	"L153"	
"752.366"	"752.366"	"0.004"	"6*"	""		"34302.04"	"47593.44"	"5d5.(2G2).6s"	"3G"	"4"	""	"*"	"3"		""	"L153"	
"752.366"	"752.371"	"0.004"	"6*"	""		"28291.88"	"41583.20"	"5d5.(2F1).6s"	"3F"	"3"	""	"*"	"2"		""	"L153"	
"752.761"	""	""	"1"	""		""	""	""	""	""	""	""	""		""	"L153"	
"753.445"	"753.444"	"0.004"	"1"	""		"36082.30"	"49354.68"	""	"*"	"4"	"5d4.6s.(6D).7s"	"7D"	"5"		""	"L153"	
"753.953"	"753.948"	"0.004"	"50*"	""		"18974.51"	"32238.02"	"5d5.(4G).6s"	"5G"	"3"	""	"*"	"3"		""	"L153"	
"753.953"	"753.955"	"0.004"	"50*"	""		"24789.66"	"38053.05"	"5d4.6s2"	"1D2"	"2"	""	"*"	"3"		""	"L153"	
"754.003"	"754.000"	"0.004"	"10"	""		"27213.82"	"40476.42"	"5d5.(2F1).6s"	"3F"	"4"	""	"*"	"5"		""	"L153"	
"754.497"	"754.500"	"0.004"	"4w"	""		"38748.44"	"52002.25"	""	"*"	"4"	""	""	"3"		""	"L153c23"	
"754.554"	""	""	"1w"	""		""	""	""	""	""	""	""	""		""	"L153"	
"755.256"	"755.250"	"0.004"	"40"	"1.5e+05"	C	"18082.83"	"31323.48"	"5d4.6s2"	"3D"	"1"	""	"*"	"1"		"T4976"	"L153"	
"755.865"	""	""	"1"	""		""	""	""	""	""	""	""	""		""	"L153"	
"756.376"	""	""	"3"	""		""	""	""	""	""	""	""	""		""	"L153"	
"756.508"	"756.505"	"0.004"	"2"	""		"23455.02"	"36673.70"	"5d5.(4D).6s"	"5D"	"1"	""	"*"	"2"		""	"L153"	
"756.646"	"756.643"	"0.004"	"4"	""		"23930.08"	"37146.36"	"5d5.(4D).6s"	"5D"	"3"	""	"*"	"4"		""	"L153"	
"757.144"	"757.143"	"0.004"	"2"	""		"28291.88"	"41499.43"	"5d5.(2F1).6s"	"3F"	"3"	""	"*"	"3"		""	"L153"	
"757.200"	"757.195"	"0.004"	"80"	"3.73e+05"	C	"18116.84"	"31323.48"	"5d5.(4G).6s"	"5G"	"2"	""	"*"	"1"		"T4976"	"L153"	
"757.693"	"757.695"	"0.004"	"2"	""		"27670.48"	"40868.40"	"5d5.(4F).6s"	"5F"	"1"	""	"*"	"2"		""	"L153"	
"757.890"	""	""	"1"	""		""	""	""	""	""	""	""	""		""	"L153"	
"758.402"	""	""	"1"	""		""	""	""	""	""	""	""	""		""	"L153"	
"758.426"	""	""	"1"	""		""	""	""	""	""	""	""	""		""	"L153"	
"758.497"	"758.491"	"0.004"	"50"	""		"28233.44"	"41417.52"	"5d5.(4F).6s"	"5F"	"5"	""	"*"	"6"		""	"L153"	
"759.264"	"759.262"	"0.004"	"1"	""		"29430.50"	"42601.19"	""	""	"3"	""	"*"	"3"		""	"L153,L416"	
"759.746"	""	""	"2"	""		""	""	""	""	""	""	""	""		""	"L153"	
"760.015"	"760.012"	"0.004"	"1"	""		"31389.08"	"44546.76"	"5d5.(4G).6s"	"3G"	"5"	""	"*"	"5"		""	"L153"	
"760.287"	"760.286"	"0.004"	"10w"	""		"39030.25"	"52183.20"	""	"*"	"2"	""	""	"2"		""	"L153"	
"760.357"	"760.350"	"0.004"	"15"	""		"28347.60"	"41499.43"	"5d5.(4F).6s"	"5F"	"3"	""	"*"	"3"		""	"L153"	
"760.894"	""	""	"1"	""		""	""	""	""	""	""	""	""		""	"L153"	
"761.006"	"761.007"	"0.004"	"3"	""		"30374.20"	"43514.68"	"5d4.6s2"	"3F1"	"2"	""	"*"	"2"		""	"L153"	
"761.428"	"761.423"	"0.004"	"50"	""		"23455.02"	"36588.32"	"5d5.(4D).6s"	"5D"	"1"	""	"*"	"0"		""	"L153"	
"761.625"	"761.620"	"0.004"	"150"	""		"19827.68"	"32957.58"	"5d5.(4P).6s"	"5P"	"3"	""	"*"	"3"		""	"L153"	
"762.816"	""	""	"2"	""		""	""	""	""	""	""	""	""		""	"L153"	
"763.004"	""	""	"3w"	""		""	""	""	""	""	""	""	""		""	"L153"	
"763.100"	"763.104"	"0.004"	"8"	""		"30374.20"	"43478.58"	"5d4.6s2"	"3F1"	"2"	""	"*"	"3"		""	"L153"	
"763.234"	"763.230"	"0.004"	"10"	""		"31817.63"	"44919.84"	""	"*"	"2"	"5d4.6s.(6D).7s"	"7D"	"2"		""	"L153"	
"763.339"	"763.341"	"0.004"	"40"	""		"27670.48"	"40770.78"	"5d5.(4F).6s"	"5F"	"1"	""	"*"	"1"		""	"L153"	
"763.398"	""	""	"3"	""		""	""	""	""	""	""	""	""		""	"L153"	
"763.967"	""	""	"2"	""		""	""	""	""	""	""	""	""		""	"L153"	
"764.001"	""	""	"2"	""		""	""	""	""	""	""	""	""		""	"L153"	
"764.314"	"764.313"	"0.004"	"3"	""		"29430.50"	"42514.14"	""	""	"3"	""	"*"	"3"		""	"L153,L416"	
"764.444"	"764.432"	"0.004"	"3"	""		"42251.51"	"55333.12"	""	"*"	"3"	""	""	"4"		""	"L153"	
"764.551"	"764.551"	"0.004"	"20"	""		"36275.10"	"49354.68"	""	"*"	"5"	"5d4.6s.(6D).7s"	"7D"	"5"		""	"L153"	
"764.619"	""	""	"3w"	""		""	""	""	""	""	""	""	""		""	"L153"	
"765.574"	"765.569"	"0.004"	"30"	""		"27849.80"	"40911.98"	"5d5.(2I).6s"	"3I"	"5"	""	"*"	"5"		""	"L153"	
"765.692"	"765.686"	"0.004"	"80"	"1.2e+04"	D	"13307.10"	"26367.28"	"5d4.6s2"	"3P2"	"1"	""	"*"	"2"		"T4976"	"L153"	
"765.859"	"765.868"	"0.004"	"2"	""		"29853.66"	"42910.74"	"5d5.(4F).6s"	"5F"	"4"	""	"*"	"4"		""	"L153"	
"765.959"	"765.959"	"0.004"	"10"	""		"27213.82"	"40269.35"	"5d5.(2F1).6s"	"3F"	"4"	""	"*"	"3"		""	"L153"	
"766.005"	""	""	"1"	""		""	""	""	""	""	""	""	""		""	"L153"	
"766.091"	"766.090"	"0.004"	"4"	""		"29479.32"	"42532.62"	"5d4.6s2"	"3F1"	"4"	""	"*"	"4"		""	"L153"	
"766.699"	"766.695"	"0.004"	"200"	"3.80e+05"	C	"18280.48"	"31323.48"	"5d5.(6S).6s"	"5S"	"2"	""	"*"	"1"		"T4976"	"L153"	
"766.906"	""	""	"2"	""		""	""	""	""	""	""	""	""		""	"L153"	
"767.183"	"767.176"	"0.004"	"1"	""		"29479.32"	"42514.14"	"5d4.6s2"	"3F1"	"4"	""	"*"	"3"		""	"L153"	
"767.440"	"767.437"	"0.004"	"15"	""		"22476.68"	"35507.07"	"5d5.(4D).6s"	"5D"	"4"	""	"*"	"5"		""	"L153"	
"767.772"	"767.765"	"0.004"	"20"	""		"28392.70"	"41417.52"	"5d5.(2I).6s"	"3I"	"6"	""	"*"	"6"		""	"L153"	
"767.909"	"767.903"	"0.004"	"6"	""		"22476.68"	"35499.15"	"5d5.(4D).6s"	"5D"	"4"	""	"*"	"3"		""	"L153"	
"768.068"	"768.064"	"0.004"	"6"	""		"29430.50"	"42450.24"	""	""	"3"	""	"*"	"4"		""	"L153,L416"	
"768.129"	"768.125"	"0.004"	"40"	"6.e+03"	E	"13348.56"	"26367.28"	"5d4.6s2"	"3G"	"3"	""	"*"	"2"		"T4976"	"L153"	
"768.223"	"768.222"	"0.004"	"1"	""		"21448.76"	"34465.83"	"5d4.6s.(6D).6p"	"7F*"	"2"	""	""	"3"		""	"L153,L416"	
"768.341"	""	""	"4"	""		""	""	""	""	""	""	""	""		""	"L153"	
"769.109"	"769.108"	"0.004"	"80"	""		"19826.04"	"32828.12"	"5d4.6s2"	"3G"	"5"	"5d4.6s.(6D).6p"	"5D*"	"4"		""	"L153"	
"769.209"	"769.205"	"0.004"	"25"	""		"19827.68"	"32828.12"	"5d5.(4P).6s"	"5P"	"3"	"5d4.6s.(6D).6p"	"5D*"	"4"		""	"L153"	
"769.492"	"769.491"	"0.004"	"6"	""		"32378.40"	"45374.00"	"5d5.(2D3).6s"	"3D"	"1"	""	"*"	"1"		""	"L153"	
"769.602"	""	""	"4"	""		""	""	""	""	""	""	""	""		""	"L153"	
"769.648"	"769.641"	"0.004"	"3"	""		"40923.83"	"53916.90"	""	"*"	"3"	""	""	"3"		""	"L153"	
"769.816"	""	""	"2"	""		""	""	""	""	""	""	""	""		""	"L153"	
"770.012"	""	""	"10"	""		""	""	""	""	""	""	""	""		""	"L153"	
"770.160"	"770.161"	"0.004"	"20"	""		"24789.66"	"37773.96"	"5d4.6s2"	"1D2"	"2"	""	"*"	"1"		""	"L153"	
"770.313"	"770.310"	"0.004"	"40"	""		"19256.24"	"32238.02"	"5d5.(4G).6s"	"5G"	"4"	""	"*"	"3"		""	"L153"	
"770.366"	"770.367"	"0.004"	"1"	""		"32135.94"	"45116.77"	"5d5.(4G).6s"	"3G"	"4"	""	"*"	"4"		""	"L153"	
"770.475"	"770.476"	"0.004"	"2w"	""		"33952.85"	"46931.84"	"5d5.(4D).6s"	"3D"	"3"	""	"*"	"4"		""	"L153,L416"	
"770.612"	"770.612"	"0.004"	"1w"	""		"34465.83"	"47442.53"	""	""	"3"	""	"*"	"2"		""	"L153,L416"	
"770.770"	"770.768"	"0.004"	"6"	""		"23930.08"	"36904.16"	"5d5.(4D).6s"	"5D"	"3"	""	"*"	"2"		""	"L153"	
"770.892"	"770.891"	"0.004"	"5w"	""		"39030.25"	"52002.25"	""	"*"	"2"	""	""	"3"		""	"L153"	
"771.320"	"771.325"	"0.004"	"1"	""		"28233.44"	"41198.14"	"5d5.(4F).6s"	"5F"	"5"	""	"*"	"4"		""	"L153c23"	
"772.362"	""	""	"2w"	""		""	""	""	""	""	""	""	""		""	"L153"	
"772.419"	""	""	"12"	""		""	""	""	""	""	""	""	""		""	"L153"	
"772.547"	"772.542"	"0.004"	"12"	""		"23930.08"	"36874.36"	"5d5.(4D).6s"	"5D"	"3"	""	"*"	"3"		""	"L153"	
"772.894"	""	""	"4"	""		""	""	""	""	""	""	""	""		""	"L153"	
"772.920"	"772.917"	"0.004"	"20"	""		"28233.44"	"41171.44"	"5d5.(4F).6s"	"5F"	"5"	""	"*"	"6"		""	"L153"	
"773.149"	""	""	"2"	""		""	""	""	""	""	""	""	""		""	"L153"	
"773.419"	"773.418"	"0.004"	"4"	""		"38355.84"	"51285.46"	""	"*"	"1"	""	""	"0"		""	"L153"	
"773.842"	"773.834"	"0.004"	"8"	""		"13307.10"	"26229.77"	"5d4.6s2"	"3P2"	"1"	"5d5.(6S).6p"	"7P*"	"2"		""	"L153"	
"774.821"	"774.818"	"0.004"	"20"	""		"28291.88"	"41198.14"	"5d5.(2F1).6s"	"3F"	"3"	""	"*"	"4"		""	"L153"	
"774.920"	"774.918"	"0.004"	"3"	""		"33201.61"	"46106.20"	"5d5.(2G2).6s"	"3G"	"5"	""	"*"	"6"		""	"L153,L416"	
"775.178"	"775.175"	"0.004"	"6"	""		"28204.20"	"41104.52"	"5d5.(4F).6s"	"5F"	"2"	""	"*"	"2"		""	"L153"	
"775.705"	"775.701"	"0.004"	"6"	""		"23982.80"	"36874.36"	"5d5.(4D).6s"	"5D"	"2"	""	"*"	"3"		""	"L153"	
"776.072"	"776.069"	"0.004"	"20"	""		"17701.18"	"30586.64"	"5d4.6s2"	"3F2"	"3"	"5d4.6s.(6D).6p"	"5P*"	"3"		""	"L153"	
"776.330"	"776.325"	"0.004"	"40"	""		"13348.56"	"26229.77"	"5d4.6s2"	"3G"	"3"	"5d5.(6S).6p"	"7P*"	"2"		""	"L153"	
"776.375"	""	""	"1"	""		""	""	""	""	""	""	""	""		""	"L153"	
"777.379"	"777.379"	"0.004"	"6"	""		"38259.40"	"51123.14"	""	"*"	"4"	"5d4.6s.(6D).7s"	"5D"	"4"		""	"L153"	
"777.466"	"777.465"	"0.004"	"8"	""		"28720.88"	"41583.20"	"5d5.(4P).6s"	"3P"	"1"	""	"*"	"2"		""	"L153"	
"777.682"	"777.680"	"0.004"	"10"	""		"35116.78"	"47975.54"	""	"*"	"4"	"5d4.6s.(6D).7s"	"7D"	"4"		""	"L153"	
"777.887"	"777.882"	"0.004"	"30"	""		"24610.88"	"37466.30"	"5d4.6s2"	"1F"	"3"	""	"*"	"2"		""	"L153"	
"777.995"	"778.001"	"0.004"	"6"	""		"30374.20"	"43227.66"	"5d4.6s2"	"3F1"	"2"	""	"*"	"2"		""	"L153"	
"778.185"	"778.177"	"0.004"	"5"	""		"28347.60"	"41198.14"	"5d5.(4F).6s"	"5F"	"3"	""	"*"	"4"		""	"L153"	
"778.491"	"778.490"	"0.004"	"12"	""		"26861.64"	"39707.02"	"5d5.(2F1).6s"	"3F"	"2"	""	"*"	"2"		""	"L153"	
"778.629"	"778.627"	"0.004"	"100"	""		"18974.51"	"31817.63"	"5d5.(4G).6s"	"5G"	"3"	""	"*"	"2"		""	"L153"	
"778.779"	"778.777"	"0.004"	"3"	""		"13348.56"	"26189.20"	"5d4.6s2"	"3G"	"3"	"5d4.6s.(6D).6p"	"7D*"	"3"		""	"L153"	
"779.227"	""	""	"5"	""		""	""	""	""	""	""	""	""		""	"L153"	
"779.547"	""	""	"4"	""		""	""	""	""	""	""	""	""		""	"L153"	
"779.972"	"779.970"	"0.004"	"5"	""		"29430.50"	"42251.51"	""	""	"3"	""	"*"	"3"		""	"L153,L416"	
"780.054"	"780.046"	"0.004"	"6"	""		"15069.93"	"27889.68"	"5d4.6s2"	"3H"	"5"	"5d5.(6S).6p"	"7P*"	"4"		""	"L153"	
"780.179"	""	""	"1"	""		""	""	""	""	""	""	""	""		""	"L153"	
"780.375"	"780.372"	"0.004"	"8"	""		"33291.80"	"46106.20"	"5d5.(2I).6s"	"1I"	"6"	""	"*"	"6"		""	"L153"	
"780.480"	"780.479"	"0.004"	"2"	""		"28291.88"	"41104.52"	"5d5.(2F1).6s"	"3F"	"3"	""	"*"	"2"		""	"L153"	
"780.802"	""	""	"2"	""		""	""	""	""	""	""	""	""		""	"L153"	
"780.896"	"780.894"	"0.004"	"8"	""		"17107.01"	"29912.85"	"5d4.6s2"	"3F2"	"4"	"5d4.6s.(6D).6p"	"5D*"	"3"		""	"L153"	
"781.111"	"781.108"	"0.004"	"60"	"4.9e+04"	C	"14976.18"	"27778.50"	"5d4.6s2"	"3D"	"2"	"5d4.6s.(6D).6p"	"5D*"	"1"		"T4976"	"L153"	
"781.459"	"781.456"	"0.004"	"7"	""		"32217.91"	"45014.54"	""	""	"3"	""	"*"	"3"		""	"L153,L416"	
"782.129"	"782.129"	"0.004"	"1"	""		"41871.94"	"54657.56"	""	"*"	"4"	""	""	"3"		""	"L153c23"	
"782.182"	"782.181"	"0.004"	"7"	""		"26861.64"	"39646.41"	"5d5.(2F1).6s"	"3F"	"2"	""	"*"	"3"		""	"L153"	
"782.243"	""	""	"2"	""		""	""	""	""	""	""	""	""		""	"L153"	
"782.597"	"782.590"	"0.004"	"40"	""		"29460.98"	"42239.06"	"5d5.(2I).6s"	"3I"	"7"	""	"*"	"6"		""	"L153"	
"782.779"	"782.780"	"0.004"	"3"	""		"26861.64"	"39636.62"	"5d5.(2F1).6s"	"3F"	"2"	""	"*"	"1"		""	"L153"	
"782.901"	"782.899"	"0.004"	"3"	""		"31077.80"	"43850.84"	""	""	"2"	""	"*"	"3"		""	"L153,L416"	
"782.957"	"782.951"	"0.004"	"15"	""		"29479.32"	"42251.51"	"5d4.6s2"	"3F1"	"4"	""	"*"	"3"		""	"L153"	
"783.798"	""	""	"12"	""		""	""	""	""	""	""	""	""		""	"L153"	
"783.894"	"783.888"	"0.004"	"5"	""		"28347.60"	"41104.52"	"5d5.(4F).6s"	"5F"	"3"	""	"*"	"2"		""	"L153"	
"784.100"	"784.090"	"0.004"	"4"	""		"39183.20"	"51936.84"	""	"*"	"1"	""	""	"2"		""	"L153"	
"784.166"	""	""	"12"	""		""	""	""	""	""	""	""	""		""	"L153"	
"784.711"	"784.706"	"0.004"	"7"	""		"23930.08"	"36673.70"	"5d5.(4D).6s"	"5D"	"3"	""	"*"	"2"		""	"L153"	
"784.849"	""	""	"5w"	""		""	""	""	""	""	""	""	""		""	"L153"	
"785.209"	"785.209"	"0.004"	"2"	""		"23455.02"	"36190.49"	"5d5.(4D).6s"	"5D"	"1"	""	"*"	"1"		""	"L153"	
"786.563"	"786.563"	"0.004"	"60"	"1.2e+05"	D	"20427.84"	"33141.38"	"5d5.(4P).6s"	"5P"	"1"	""	"*"	"2"		"T4976"	"L153"	
"786.920"	"786.918"	"0.004"	"50"	"2.09e+04"	D	"16431.31"	"29139.12"	"5d4.6s2"	"3G"	"4"	"5d4.6s.(6D).6p"	"5F*"	"3"		"T4976"	"L153"	
"787.968"	"787.966"	"0.004"	"15"	""		"23982.80"	"36673.70"	"5d5.(4D).6s"	"5D"	"2"	""	"*"	"2"		""	"L153"	
"788.065"	""	""	"5"	""		""	""	""	""	""	""	""	""		""	"L153"	
"788.257"	"788.249"	"0.004"	"70"	"1.8e+04"	E	"14976.18"	"27662.52"	"5d4.6s2"	"3D"	"2"	"5d4.6s.(6D).6p"	"5F*"	"2"		"T4976"	"L153"	
"788.533"	"788.530"	"0.004"	"10"	""		"32238.02"	"44919.84"	""	"*"	"3"	"5d4.6s.(6D).7s"	"7D"	"2"		""	"L153"	
"788.713"	"788.708"	"0.004"	"7"	""		"29853.66"	"42532.62"	"5d5.(4F).6s"	"5F"	"4"	""	"*"	"4"		""	"L153"	
"788.742"	"788.734"	"0.004"	"6"	""		"28233.44"	"40911.98"	"5d5.(4F).6s"	"5F"	"5"	""	"*"	"5"		""	"L153"	
"788.865"	"788.861"	"0.004"	"80"	"3.0e+04"	C	"13307.10"	"25983.60"	"5d4.6s2"	"3P2"	"1"	"5d4.6s.(6D).6p"	"5F*"	"1"		"T4976"	"L153"	
"789.498"	"789.495"	"0.004"	"5"	""		"17107.01"	"29773.34"	"5d4.6s2"	"3F2"	"4"	"5d4.6s.(6D).6p"	"7D*"	"5"		""	"L153"	
"789.625"	"789.627"	"0.004"	"2"	""		"28204.20"	"40868.40"	"5d5.(4F).6s"	"5F"	"2"	""	"*"	"2"		""	"L153"	
"789.678"	""	""	"2"	""		""	""	""	""	""	""	""	""		""	"L153"	
"789.865"	"789.859"	"0.004"	"6"	""		"29853.66"	"42514.14"	"5d5.(4F).6s"	"5F"	"4"	""	"*"	"3"		""	"L153"	
"790.400"	""	""	"3w"	""		""	""	""	""	""	""	""	""		""	"L153"	
"790.747"	"790.742"	"0.004"	"40"	""		"22852.80"	"35499.15"	"5d4.6s2"	"1G2"	"4"	""	"*"	"3"		""	"L153"	
"790.854"	""	""	"1"	""		""	""	""	""	""	""	""	""		""	"L153"	
"791.139"	"791.133"	"0.004"	"40"	""		"22476.68"	"35116.78"	"5d5.(4D).6s"	"5D"	"4"	""	"*"	"4"		""	"L153"	
"791.482"	"791.480"	"0.004"	"8"	""		"17008.50"	"29643.06"	"5d4.6s2"	"3H"	"6"	"5d4.6s.(6D).6p"	"7F*"	"6"		""	"L153"	
"791.649"	"791.643"	"0.004"	"15"	""		"28291.88"	"40923.83"	"5d5.(2F1).6s"	"3F"	"3"	""	"*"	"3"		""	"L153"	
"791.982"	"791.978"	"0.004"	"5"	""		"27849.80"	"40476.42"	"5d5.(2I).6s"	"3I"	"5"	""	"*"	"5"		""	"L153"	
"792.045"	""	""	"2"	""		""	""	""	""	""	""	""	""		""	"L153"	
"793.618"	"793.621"	"0.004"	"6"	""		"28898.96"	"41499.43"	"5d4.6s2"	"3P1"	"2"	""	"*"	"3"		""	"L153"	
"794.310"	"794.308"	"0.004"	"120"	"5.0e+04"	D	"13777.71"	"26367.28"	"5d4.6s2"	"3F2"	"2"	""	"*"	"2"		"T4976"	"L153"	
"794.964"	"794.965"	"0.004"	"7"	""		"35499.15"	"48078.32"	""	"*"	"3"	"5d4.6s.(6D).7s"	"5D"	"2"		""	"L153"	
"795.031"	""	""	"3w"	""		""	""	""	""	""	""	""	""		""	"L153"	
"795.136"	"795.133"	"0.004"	"5"	""		"28291.88"	"40868.40"	"5d5.(2F1).6s"	"3F"	"3"	""	"*"	"2"		""	"L153"	
"795.522"	""	""	"2"	""		""	""	""	""	""	""	""	""		""	"L153"	
"795.760"	"795.761"	"0.004"	"25"	""		"28204.20"	"40770.78"	"5d5.(4F).6s"	"5F"	"2"	""	"*"	"1"		""	"L153"	
"795.925"	"795.920"	"0.004"	"40"	""		"19253.56"	"31817.63"	"5d4.6s2"	"3P2"	"2"	""	"*"	"2"		""	"L153"	
"796.795"	"796.790"	"0.004"	"5"	""		"38355.84"	"50906.20"	""	"*"	"1"	""	""	"1"		""	"L153"	
"796.933"	"796.932"	"0.004"	"20"	""		"29430.50"	"41978.62"	""	""	"3"	""	"*"	"2"		""	"L153,L416"	
"797.034"	"797.030"	"0.004"	"2"	""		"39636.62"	"52183.20"	""	"*"	"1"	""	""	"2"		""	"L153"	
"797.757"	"797.755"	"0.004"	"10"	""		"31389.08"	"43924.25"	"5d5.(4G).6s"	"3G"	"5"	""	"*"	"5"		""	"L153"	
"797.937"	""	""	"2"	""		""	""	""	""	""	""	""	""		""	"L153"	
"798.173"	""	""	"1"	""		""	""	""	""	""	""	""	""		""	"L153"	
"798.328"	""	""	"1"	""		""	""	""	""	""	""	""	""		""	"L153"	
"798.771"	"798.768"	"0.004"	"12"	""		"28392.70"	"40911.98"	"5d5.(2I).6s"	"3I"	"6"	""	"*"	"5"		""	"L153"	
"798.811"	""	""	"2"	""		""	""	""	""	""	""	""	""		""	"L153"	
"799.092"	"799.090"	"0.004"	"10"	""		"33944.06"	"46458.30"	""	"*"	"2"	"5d4.6s.(6D).7s"	"5D"	"1"		""	"L153"	
"799.240"	"799.237"	"0.004"	"4"	""		"14976.18"	"27488.11"	"5d4.6s2"	"3D"	"2"	"5d5.(6S).6p"	"7P*"	"3"		""	"L153"	
"799.382"	"799.381"	"0.004"	"25"	""		"37146.36"	"49656.04"	""	"*"	"4"	"5d4.6s.(6D).7s"	"5D"	"3"		""	"L153"	
"799.509"	""	""	"2"	""		""	""	""	""	""	""	""	""		""	"L153"	
"799.607"	"799.607"	"0.004"	"4"	""		"27213.82"	"39719.96"	"5d5.(2F1).6s"	"3F"	"4"	""	"*"	"4"		""	"L153"	
"800.094"	"800.097"	"0.004"	"2"	""		"33569.53"	"46068.02"	""	""	"4"	""	"*"	"3"		""	"L153,L416"	
"801.939"	"801.937"	"0.005"	"120"	"1.6e+05"	E	"18116.84"	"30586.64"	"5d5.(4G).6s"	"5G"	"2"	"5d4.6s.(6D).6p"	"5P*"	"3"		"T4976"	"L153"	
"802.461"	"802.462"	"0.005"	"20"	""		"28204.20"	"40665.85"	"5d5.(4F).6s"	"5F"	"2"	""	"*"	"3"		""	"L153"	
"802.673"	"802.671"	"0.005"	"6"	""		"18974.51"	"31432.91"	"5d5.(4G).6s"	"5G"	"3"	"5d4.6s.(6D).6p"	"5F*"	"4"		""	"L153"	
"803.083"	"803.080"	"0.005"	"1"	""		"13777.71"	"26229.77"	"5d4.6s2"	"3F2"	"2"	"5d5.(6S).6p"	"7P*"	"2"		""	"L153"	
"803.943"	""	""	"1"	""		""	""	""	""	""	""	""	""		""	"L153"	
"804.125"	"804.122"	"0.005"	"1"	""		"32826.63"	"45262.55"	""	""	"3"	""	"*"	"4"		""	"L153,L416"	
"804.532"	"804.527"	"0.005"	"1"	""		"15460.01"	"27889.68"	"5d4.6s2"	"3D"	"3"	"5d5.(6S).6p"	"7P*"	"4"		""	"L153"	
"805.711"	"805.705"	"0.005"	"30"	"3.3e+04"	D	"13777.71"	"26189.20"	"5d4.6s2"	"3F2"	"2"	"5d4.6s.(6D).6p"	"7D*"	"3"		"T4976"	"L153"	
"805.786"	"805.780"	"0.005"	"120"	""		"19827.68"	"32238.02"	"5d5.(4P).6s"	"5P"	"3"	""	"*"	"3"		""	"L153"	
"805.935"	""	""	"10"	""		""	""	""	""	""	""	""	""		""	"L153"	
"806.037"	"806.029"	"0.005"	"20"	""		"28720.88"	"41127.38"	"5d5.(4P).6s"	"3P"	"1"	""	"*"	"0"		""	"L153"	
"806.260"	"806.253"	"0.005"	"60"	""		"18280.48"	"30683.54"	"5d5.(6S).6s"	"5S"	"2"	""	"*"	"1"		""	"L153"	
"806.400"	"806.401"	"0.005"	"2w"	""		"31077.80"	"43478.58"	""	""	"2"	""	"*"	"3"		""	"L153,L416"	
"806.705"	""	""	"5"	""		""	""	""	""	""	""	""	""		""	"L153"	
"807.431"	""	""	"1"	""		""	""	""	""	""	""	""	""		""	"L153"	
"807.863"	"807.861"	"0.005"	"2"	""		"32217.91"	"44596.28"	""	""	"3"	""	"*"	"2"		""	"L153,L416"	
"808.080"	"808.085"	"0.005"	"2w"	""		"34121.68"	"46496.62"	""	"*"	"4"	"5d4.6s.(6D).7s"	"7D"	"3"		""	"L153"	
"808.148"	"808.148"	"0.005"	"5"	""		"28291.88"	"40665.85"	"5d5.(2F1).6s"	"3F"	"3"	""	"*"	"3"		""	"L153"	
"808.676"	"808.674"	"0.005"	"12"	""		"16431.31"	"28797.24"	"5d4.6s2"	"3G"	"4"	"5d4.6s.(6D).6p"	"7D*"	"4"		""	"L153"	
"809.336"	"809.334"	"0.005"	"30"	""		"39646.41"	"52002.25"	""	"*"	"3"	""	""	"3"		""	"L153"	
"809.567"	"809.566"	"0.005"	"15"	""		"31389.08"	"43741.37"	"5d5.(4G).6s"	"3G"	"5"	""	"*"	"5"		""	"L153"	
"810.303"	"810.306"	"0.005"	"1"	""		"27670.48"	"40011.50"	"5d5.(4F).6s"	"5F"	"1"	""	"*"	"2"		""	"L153"	
"810.328"	"810.332"	"0.005"	"1"	""		"34465.83"	"46806.45"	""	""	"3"	""	"*"	"2"		""	"L153,L416"	
"810.911"	"810.912"	"0.005"	"5"	""		"31389.08"	"43720.87"	"5d5.(4G).6s"	"3G"	"5"	""	"*"	"4"		""	"L153"	
"811.409"	""	""	"3"	""		""	""	""	""	""	""	""	""		""	"L153"	
"811.493"	"811.490"	"0.005"	"10"	""		"34302.04"	"46625.05"	"5d5.(2G2).6s"	"3G"	"4"	""	"*"	"4"		""	"L153"	
"811.808"	"811.804"	"0.005"	"8"	""		"28347.60"	"40665.85"	"5d5.(4F).6s"	"5F"	"3"	""	"*"	"3"		""	"L153"	
"812.486"	""	""	"1"	""		""	""	""	""	""	""	""	""		""	"L153"	
"812.605"	"812.601"	"0.005"	"150"	"1.0e+05"	E	"18280.48"	"30586.64"	"5d5.(6S).6s"	"5S"	"2"	"5d4.6s.(6D).6p"	"5P*"	"3"		"T4976"	"L153"	
"812.731"	""	""	"1"	""		""	""	""	""	""	""	""	""		""	"L153"	
"812.770"	"812.768"	"0.005"	"10"	""		"29430.50"	"41734.13"	""	""	"3"	""	"*"	"2"		""	"L153,L416"	
"813.001"	"812.994"	"0.005"	"5"	""		"39636.62"	"51936.84"	""	"*"	"1"	""	""	"2"		""	"L153"	
"813.100"	""	""	"4"	""		""	""	""	""	""	""	""	""		""	"L153"	
"813.459"	"813.453"	"0.005"	"15"	""		"24610.88"	"36904.16"	"5d4.6s2"	"1F"	"3"	""	"*"	"2"		""	"L153"	
"813.850"	""	""	"2w"	""		""	""	""	""	""	""	""	""		""	"L153"	
"813.922"	"813.925"	"0.005"	"1"	""		"44546.76"	"56832.90"	""	"*"	"5"	""	""	"6"		""	"L153"	
"813.962"	"813.971"	"0.005"	"8"	""		"37414.11"	"49699.56"	""	""	"3"	""	"*"	"2"		""	"L153,L416"	
"814.020"	""	""	"1"	""		""	""	""	""	""	""	""	""		""	"L153"	
"814.181"	"814.180"	"0.005"	"30"	""		"39719.96"	"52002.25"	""	"*"	"4"	""	""	"3"		""	"L153"	
"814.543"	"814.535"	"0.005"	"60"	""		"23455.02"	"35731.96"	"5d5.(4D).6s"	"5D"	"1"	""	"*"	"2"		""	"L153"	
"814.782"	"814.779"	"0.005"	"1"	""		"40011.50"	"52284.76"	""	"*"	"2"	""	""	"3"		""	"L153"	
"814.859"	""	""	"1"	""		""	""	""	""	""	""	""	""		""	"L153"	
"815.157"	""	""	"1"	""		""	""	""	""	""	""	""	""		""	"L153"	
"815.310"	""	""	"1"	""		""	""	""	""	""	""	""	""		""	"L153"	
"815.404"	"815.405"	"0.005"	"1"	""		"29430.50"	"41694.34"	""	""	"3"	""	"*"	"3"		""	"L153,L416"	
"816.304"	""	""	"5"	""		""	""	""	""	""	""	""	""		""	"L153"	
"816.328"	"816.324"	"0.005"	"1"	""		"33201.61"	"45451.65"	"5d5.(2G2).6s"	"3G"	"5"	""	"*"	"5"		""	"L153,L416"	
"816.368"	""	""	"5"	""		""	""	""	""	""	""	""	""		""	"L153"	
"816.797"	"816.795"	"0.005"	"30"	""		"28233.44"	"40476.42"	"5d5.(4F).6s"	"5F"	"5"	""	"*"	"5"		""	"L153"	
"817.727"	"817.721"	"0.005"	"1"	""		"32217.91"	"44447.02"	""	""	"3"	""	"*"	"3"		""	"L153,L416"	
"818.251"	"818.244"	"0.005"	"1"	""		"44546.76"	"56768.06"	""	"*"	"5"	""	""	"5"		""	"L153c23"	
"818.359"	"818.357"	"0.005"	"1"	""		"33569.53"	"45789.14"	""	""	"4"	""	"*"	"5"		""	"L153,L416"	
"818.894"	"818.889"	"0.005"	"12"	""		"17701.18"	"29912.85"	"5d4.6s2"	"3F2"	"3"	"5d4.6s.(6D).6p"	"5D*"	"3"		""	"L153"	
"819.086"	""	""	"1"	""		""	""	""	""	""	""	""	""		""	"L153"	
"819.161"	"819.156"	"0.005"	"15"	""		"23982.80"	"36190.49"	"5d5.(4D).6s"	"5D"	"2"	""	"*"	"1"		""	"L153"	
"819.299"	"819.299"	"0.005"	"2"	""		"28898.96"	"41104.52"	"5d4.6s2"	"3P1"	"2"	""	"*"	"2"		""	"L153c23"	
"819.505"	"819.504"	"0.005"	"3"	""		"15460.01"	"27662.52"	"5d4.6s2"	"3D"	"3"	"5d4.6s.(6D).6p"	"5F*"	"2"		""	"L153"	
"821.248"	"821.243"	"0.005"	"50"	"6.0e+04"	C	"19256.24"	"31432.91"	"5d5.(4G).6s"	"5G"	"4"	"5d4.6s.(6D).6p"	"5F*"	"4"		"T4976"	"L153"	
"821.734"	"821.726"	"0.005"	"1"	""		"38355.84"	"50525.35"	""	"*"	"1"	""	""	"2"		""	"L153c23"	
"821.778"	"821.787"	"0.005"	"5"	""		"26861.64"	"39030.25"	"5d5.(2F1).6s"	"3F"	"2"	""	"*"	"2"		""	"L153"	
"822.478"	"822.479"	"0.005"	"1"	""		"20983.02"	"33141.38"	"5d5.(4P).6s"	"5P"	"2"	""	"*"	"2"		""	"L153"	
"822.899"	"822.895"	"0.005"	"1"	""		"23930.08"	"36082.30"	"5d5.(4D).6s"	"5D"	"3"	""	"*"	"4"		""	"L153"	
"823.207"	"823.213"	"0.005"	"4"	""		"28720.88"	"40868.40"	"5d5.(4P).6s"	"3P"	"1"	""	"*"	"2"		""	"L153"	
"823.251"	""	""	"1"	""		""	""	""	""	""	""	""	""		""	"L153"	
"823.725"	"823.727"	"0.005"	"8"	""		"30374.20"	"42514.14"	"5d4.6s2"	"3F1"	"2"	""	"*"	"3"		""	"L153"	
"824.508"	"824.504"	"0.005"	"3w"	""		"31323.48"	"43451.98"	""	"*"	"1"	"5d4.6s.(6D).7s"	"7D"	"1"		""	"L153"	
"825.117"	""	""	"3w"	""		""	""	""	""	""	""	""	""		""	"L153"	
"825.416"	"825.411"	"0.005"	"1"	""		"33952.85"	"46068.02"	"5d5.(4D).6s"	"3D"	"3"	""	"*"	"3"		""	"L153,L416"	
"825.465"	"825.457"	"0.005"	"8"	""		"24789.66"	"36904.16"	"5d4.6s2"	"1D2"	"2"	""	"*"	"2"		""	"L153"	
"826.295"	"826.299"	"0.005"	"12"	""		"41871.94"	"53974.10"	""	"*"	"4"	""	""	"5"		""	"L153"	
"826.569"	""	""	"2w"	""		""	""	""	""	""	""	""	""		""	"L153"	
"826.777"	""	""	"15"	""		""	""	""	""	""	""	""	""		""	"L153"	
"827.036"	""	""	"1"	""		""	""	""	""	""	""	""	""		""	"L153"	
"827.129"	""	""	"2"	""		""	""	""	""	""	""	""	""		""	"L153"	
"827.274"	""	""	"1"	""		""	""	""	""	""	""	""	""		""	"L153"	
"827.501"	"827.493"	"0.005"	"10"	""		"24789.66"	"36874.36"	"5d4.6s2"	"1D2"	"2"	""	"*"	"3"		""	"L153"	
"827.563"	"827.560"	"0.005"	"8"	""		"28392.70"	"40476.42"	"5d5.(2I).6s"	"3I"	"6"	""	"*"	"5"		""	"L153"	
"828.072"	""	""	"1"	""		""	""	""	""	""	""	""	""		""	"L153"	
"828.513"	"828.506"	"0.005"	"5"	""		"19253.56"	"31323.48"	"5d4.6s2"	"3P2"	"2"	""	"*"	"1"		""	"L153"	
"828.548"	""	""	"1"	""		""	""	""	""	""	""	""	""		""	"L153"	
"828.578"	"828.574"	"0.005"	"2"	""		"29430.50"	"41499.43"	""	""	"3"	""	"*"	"3"		""	"L153,L416"	
"828.833"	"828.833"	"0.005"	"10"	""		"28204.20"	"40269.35"	"5d5.(4F).6s"	"5F"	"2"	""	"*"	"3"		""	"L153"	
"829.000"	"828.994"	"0.005"	"8"	""		"24610.88"	"36673.70"	"5d4.6s2"	"1F"	"3"	""	"*"	"2"		""	"L153"	
"829.129"	"829.123"	"0.005"	"1"	""		"33201.61"	"45262.55"	"5d5.(2G2).6s"	"3G"	"5"	""	"*"	"4"		""	"L153,L416"	
"829.272"	""	""	"10"	""		""	""	""	""	""	""	""	""		""	"L153"	
"829.492"	""	""	"1"	""		""	""	""	""	""	""	""	""		""	"L153"	
"829.667"	""	""	"1w"	""		""	""	""	""	""	""	""	""		""	"L153"	
"829.707"	""	""	"1"	""		""	""	""	""	""	""	""	""		""	"L153"	
"829.830"	"829.821"	"0.005"	"2"	""		"40233.97"	"52284.76"	""	"*"	"4"	""	""	"3"		""	"L153"	
"830.184"	"830.184"	"0.005"	"8"	""		"37309.16"	"49354.68"	""	"*"	"5"	"5d4.6s.(6D).7s"	"7D"	"5"		""	"L153"	
"830.346"	""	""	"1"	""		""	""	""	""	""	""	""	""		""	"L153"	
"830.840"	""	""	"3"	""		""	""	""	""	""	""	""	""		""	"L153"	
"831.111"	"831.109"	"0.006"	"6"	""		"17107.01"	"29139.12"	"5d4.6s2"	"3F2"	"4"	"5d4.6s.(6D).6p"	"5F*"	"3"		""	"L153"	
"831.391"	"831.387"	"0.006"	"25"	""		"15460.01"	"27488.11"	"5d4.6s2"	"3D"	"3"	"5d5.(6S).6p"	"7P*"	"3"		""	"L153"	
"831.494"	""	""	"1"	""		""	""	""	""	""	""	""	""		""	"L153"	
"831.593"	""	""	"1"	""		""	""	""	""	""	""	""	""		""	"L153"	
"831.609"	"831.610"	"0.006"	"1"	""		"28898.96"	"40923.83"	"5d4.6s2"	"3P1"	"2"	""	"*"	"3"		""	"L153"	
"831.943"	"831.939"	"0.006"	"15"	""		"29479.32"	"41499.43"	"5d4.6s2"	"3F1"	"4"	""	"*"	"3"		""	"L153"	
"832.434"	"832.425"	"0.006"	"50"	"7.4e+04"	D	"23930.08"	"35943.17"	"5d5.(4D).6s"	"5D"	"3"	""	"*"	"3"		"T4976"	"L153"	
"833.166"	""	""	"1"	""		""	""	""	""	""	""	""	""		""	"L153"	
"833.299"	"833.297"	"0.006"	"1w"	""		"28233.44"	"40233.97"	"5d5.(4F).6s"	"5F"	"5"	""	"*"	"4"		""	"L153c23"	
"833.829"	""	""	"1"	""		""	""	""	""	""	""	""	""		""	"L153"	
"833.879"	""	""	"1"	""		""	""	""	""	""	""	""	""		""	"L153"	
"834.037"	"834.032"	"0.006"	"120"	""		"19827.68"	"31817.63"	"5d5.(4P).6s"	"5P"	"3"	""	"*"	"2"		""	"L153"	
"834.136"	""	""	"4"	""		""	""	""	""	""	""	""	""		""	"L153"	
"834.590"	"834.588"	"0.006"	"6"	""		"37674.08"	"49656.04"	""	"*"	"3"	"5d4.6s.(6D).7s"	"5D"	"3"		""	"L153"	
"834.637"	""	""	"1"	""		""	""	""	""	""	""	""	""		""	"L153"	
"834.901"	"834.901"	"0.006"	"5"	""		"28291.88"	"40269.35"	"5d5.(2F1).6s"	"3F"	"3"	""	"*"	"3"		""	"L153"	
"835.110"	"835.104"	"0.006"	"50"	""		"20983.02"	"32957.58"	"5d5.(4P).6s"	"5P"	"2"	""	"*"	"3"		""	"L153"	
"835.253"	"835.252"	"0.006"	"15"	""		"34485.86"	"46458.30"	""	"*"	"2"	"5d4.6s.(6D).7s"	"5D"	"1"		""	"L153"	
"835.690"	"835.691"	"0.006"	"5"	""		"27670.48"	"39636.62"	"5d5.(4F).6s"	"5F"	"1"	""	"*"	"1"		""	"L153"	
"835.962"	"835.962"	"0.006"	"1"	""		"32957.58"	"44919.84"	""	"*"	"3"	"5d4.6s.(6D).7s"	"7D"	"2"		""	"L153"	
"836.102"	"836.095"	"0.006"	"75"	"1.89e+05"	D	"23982.80"	"35943.17"	"5d5.(4D).6s"	"5D"	"2"	""	"*"	"3"		"T4976"	"L153"	
"836.215"	"836.210"	"0.006"	"20"	""		"20427.84"	"32386.56"	"5d5.(4P).6s"	"5P"	"1"	""	"*"	"0"		""	"L153"	
"836.708"	""	""	"1w"	""		""	""	""	""	""	""	""	""		""	"L153"	
"837.027"	""	""	"1"	""		""	""	""	""	""	""	""	""		""	"L153"	
"837.057"	""	""	"6"	""		""	""	""	""	""	""	""	""		""	"L153"	
"837.136"	"837.132"	"0.006"	"20"	""		"22773.78"	"34719.33"	"5d5.(4D).6s"	"5D"	"0"	""	"*"	"1"		""	"L153"	
"838.524"	"838.515"	"0.006"	"30"	"1.0e+04"	E	"9528.06"	"21453.90"	"5d4.6s2"	"3P2"	"0"	"5d4.6s.(6D).6p"	"7D*"	"1"		"T4976"	"L153"	
"838.811"	"838.803"	"0.006"	"2"	""		"28347.60"	"40269.35"	"5d5.(4F).6s"	"5F"	"3"	""	"*"	"3"		""	"L153"	
"839.018"	"839.009"	"0.006"	"1w"	""		"39030.25"	"50949.07"	""	"*"	"2"	""	""	"1"		""	"L153c23"	
"839.177"	""	""	"1"	""		""	""	""	""	""	""	""	""		""	"L153"	
"839.270"	"839.267"	"0.006"	"10"	""		"33201.61"	"45116.77"	"5d5.(2G2).6s"	"3G"	"5"	""	"*"	"4"		""	"L153,L416"	
"840.049"	""	""	"1"	""		""	""	""	""	""	""	""	""		""	"L153"	
"840.190"	""	""	"2"	""		""	""	""	""	""	""	""	""		""	"L153"	
"840.339"	""	""	"6"	""		""	""	""	""	""	""	""	""		""	"L153"	
"840.491"	"840.484"	"0.006"	"40"	"3.8e+04"	D	"19535.01"	"31432.91"	"5d5.(4G).6s"	"5G"	"5"	"5d4.6s.(6D).6p"	"5F*"	"4"		"T4976"	"L153"	
"840.561"	""	""	"1"	""		""	""	""	""	""	""	""	""		""	"L153"	
"840.659"	""	""	"1w"	""		""	""	""	""	""	""	""	""		""	"L153"	
"840.817"	"840.814"	"0.006"	"5"	""		"36082.30"	"47975.54"	""	"*"	"4"	"5d4.6s.(6D).7s"	"7D"	"4"		""	"L153"	
"841.175"	"841.177"	"0.006"	"8"	""		"30374.20"	"42262.30"	"5d4.6s2"	"3F1"	"2"	""	"*"	"1"		""	"L153"	
"841.944"	"841.935"	"0.006"	"40*"	""		"22476.68"	"34354.08"	"5d5.(4D).6s"	"5D"	"4"	""	"*"	"3"		""	"L153"	
"841.944"	"841.941"	"0.006"	"40*"	""		"30374.20"	"42251.51"	"5d4.6s2"	"3F1"	"2"	""	"*"	"3"		""	"L153"	
"842.332"	"842.331"	"0.006"	"3"	""		"28898.96"	"40770.78"	"5d4.6s2"	"3P1"	"2"	""	"*"	"1"		""	"L153"	
"842.451"	"842.449"	"0.006"	"4"	""		"27849.80"	"39719.96"	"5d5.(2I).6s"	"3I"	"5"	""	"*"	"4"		""	"L153"	
"842.546"	""	""	"1"	""		""	""	""	""	""	""	""	""		""	"L153"	
"843.042"	"843.034"	"0.006"	"1"	""		"34465.83"	"46327.75"	""	""	"3"	""	"*"	"2"		""	"L153,L416"	
"843.427"	"843.416"	"0.006"	"20"	""		"23455.02"	"35311.56"	"5d5.(4D).6s"	"5D"	"1"	""	"*"	"2"		""	"L153"	
"843.544"	""	""	"1"	""		""	""	""	""	""	""	""	""		""	"L153"	
"843.720"	"843.711"	"0.006"	"1"	""		"41104.52"	"52956.92"	""	"*"	"2"	""	""	"1"		""	"L153c23"	
"843.922"	"843.920"	"0.006"	"3"	""		"32135.94"	"43985.41"	"5d5.(4G).6s"	"3G"	"4"	""	"*"	"4"		""	"L153"	
"845.133"	""	""	"4"	""		""	""	""	""	""	""	""	""		""	"L153"	
"846.930"	"846.934"	"0.006"	"1"	""		"28204.20"	"40011.50"	"5d5.(4F).6s"	"5F"	"2"	""	"*"	"2"		""	"L153"	
"847.241"	"847.236"	"0.006"	"4"	""		"32217.91"	"44021.00"	""	""	"3"	""	"*"	"3"		""	"L153,L416"	
"847.286"	""	""	"5"	""		""	""	""	""	""	""	""	""		""	"L153"	
"847.328"	"847.323"	"0.006"	"15"	""		"23930.08"	"35731.96"	"5d5.(4D).6s"	"5D"	"3"	""	"*"	"2"		""	"L153"	
"847.747"	"847.744"	"0.006"	"40"	""		"18116.84"	"29912.85"	"5d5.(4G).6s"	"5G"	"2"	"5d4.6s.(6D).6p"	"5D*"	"3"		""	"L153"	
"848.914"	"848.911"	"0.006"	"20"	""		"22852.80"	"34632.60"	"5d4.6s2"	"1G2"	"4"	""	"*"	"4"		""	"L153"	
"849.740"	"849.742"	"0.006"	"15"	""		"40233.97"	"52002.25"	""	"*"	"4"	""	""	"3"		""	"L153"	
"849.803"	"849.798"	"0.006"	"8"	""		"32217.91"	"43985.41"	""	""	"3"	""	"*"	"4"		""	"L153,L416"	
"849.903"	"849.908"	"0.006"	"1"	""		"34302.04"	"46068.02"	"5d5.(2G2).6s"	"3G"	"4"	""	"*"	"3"		""	"L153"	
"849.975"	""	""	"4"	""		""	""	""	""	""	""	""	""		""	"L153"	
"850.033"	"850.033"	"0.006"	"1"	""		"27849.80"	"39614.05"	"5d5.(2I).6s"	"3I"	"5"	""	"*"	"5"		""	"L153"	
"850.185"	"850.186"	"0.006"	"12"	""		"39361.01"	"51123.14"	""	"*"	"5"	"5d4.6s.(6D).7s"	"5D"	"4"		""	"L153"	
"850.931"	"850.925"	"0.007"	"30"	""		"22476.68"	"34228.60"	"5d5.(4D).6s"	"5D"	"4"	""	"*"	"3"		""	"L153"	
"851.127"	"851.125"	"0.007"	"4"	""		"23982.80"	"35731.96"	"5d5.(4D).6s"	"5D"	"2"	""	"*"	"2"		""	"L153"	
"851.177"	""	""	"1"	""		""	""	""	""	""	""	""	""		""	"L153"	
"851.774"	""	""	"25"	""		""	""	""	""	""	""	""	""		""	"L153"	
"851.868"	"851.863"	"0.007"	"20"	""		"34719.33"	"46458.30"	""	"*"	"1"	"5d4.6s.(6D).7s"	"5D"	"1"		""	"L153"	
"852.121"	""	""	"4"	""		""	""	""	""	""	""	""	""		""	"L153"	
"852.442"	""	""	"3"	""		""	""	""	""	""	""	""	""		""	"L153"	
"853.032"	"853.024"	"0.007"	"8"	""		"39183.20"	"50906.20"	""	"*"	"1"	""	""	"1"		""	"L153"	
"853.333"	"853.328"	"0.007"	"15"	""		"29479.32"	"41198.14"	"5d4.6s2"	"3F1"	"4"	""	"*"	"4"		""	"L153"	
"853.611"	"853.614"	"0.007"	"2"	""		"32135.94"	"43850.84"	"5d5.(4G).6s"	"3G"	"4"	""	"*"	"3"		""	"L153"	
"853.942"	"853.937"	"0.007"	"2"	""		"29460.98"	"41171.44"	"5d5.(2I).6s"	"3I"	"7"	""	"*"	"6"		""	"L153"	
"854.012"	"854.016"	"0.007"	"1"	""		"46496.62"	"58206.00"	"5d4.6s.(6D).7s"	"7D"	"3"	""	"*"	"3"		""	"L153c23"	
"854.525"	""	""	"3"	""		""	""	""	""	""	""	""	""		""	"L153"	
"854.586"	"854.577"	"0.007"	"1"	""		"40583.07"	"52284.76"	""	"*"	"4"	""	""	"3"		""	"L153c23"	
"855.272"	"855.270"	"0.007"	"8"	""		"17701.18"	"29393.40"	"5d4.6s2"	"3F2"	"3"	"5d4.6s.(6D).6p"	"5P*"	"2"		""	"L153"	
"855.421"	"855.415"	"0.007"	"1"	""		"17107.01"	"28797.24"	"5d4.6s2"	"3F2"	"4"	"5d4.6s.(6D).6p"	"7D*"	"4"		""	"L153"	
"856.896"	""	""	"1"	""		""	""	""	""	""	""	""	""		""	"L153"	
"857.351"	"857.346"	"0.007"	"4"	""		"28347.60"	"40011.50"	"5d5.(4F).6s"	"5F"	"3"	""	"*"	"2"		""	"L153"	
"857.415"	""	""	"1"	""		""	""	""	""	""	""	""	""		""	"L153"	
"857.706"	""	""	"2"	""		""	""	""	""	""	""	""	""		""	"L153"	
"858.005"	"858.007"	"0.007"	"5"	""		"38001.12"	"49656.04"	""	"*"	"4"	"5d4.6s.(6D).7s"	"5D"	"3"		""	"L153"	
"858.031"	""	""	"2"	""		""	""	""	""	""	""	""	""		""	"L153"	
"858.687"	"858.681"	"0.007"	"2"	""		"29853.66"	"41499.43"	"5d5.(4F).6s"	"5F"	"4"	""	"*"	"3"		""	"L153"	
"858.747"	"858.736"	"0.007"	"300*"	""		"31389.08"	"43034.10"	"5d5.(4G).6s"	"3G"	"5"	""	"*"	"5"		""	"L153"	
"858.747"	"858.738"	"0.007"	"300*"	""		"22476.68"	"34121.68"	"5d5.(4D).6s"	"5D"	"4"	""	"*"	"4"		""	"L153"	
"858.979"	""	""	"1"	""		""	""	""	""	""	""	""	""		""	"L153"	
"859.521"	"859.524"	"0.007"	"1"	""		"31817.63"	"43451.98"	""	"*"	"2"	"5d4.6s.(6D).7s"	"7D"	"1"		""	"L153"	
"859.630"	"859.626"	"0.007"	"3"	""		"44940.57"	"56573.54"	""	"*"	"4"	""	""	"5"		""	"L153"	
"859.678"	"859.670"	"0.007"	"120*"	""		"18280.48"	"29912.85"	"5d5.(6S).6s"	"5S"	"2"	"5d4.6s.(6D).6p"	"5D*"	"3"		""	"L153"	
"859.678"	"859.690"	"0.007"	"120*"	""		"33291.80"	"44923.90"	"5d5.(2I).6s"	"1I"	"6"	""	"*"	"6"		""	"L153"	
"861.564"	"861.559"	"0.007"	"50"	"5.7e+04"	D	"19826.04"	"31432.91"	"5d4.6s2"	"3G"	"5"	"5d4.6s.(6D).6p"	"5F*"	"4"		"T4976"	"L153"	
"861.687"	"861.680"	"0.007"	"30"	"2.6e+04"	D	"19827.68"	"31432.91"	"5d5.(4P).6s"	"5P"	"3"	"5d4.6s.(6D).6p"	"5F*"	"4"		"T4976"	"L153"	
"861.739"	"861.741"	"0.007"	"3"	""		"30374.20"	"41978.62"	"5d4.6s2"	"3F1"	"2"	""	"*"	"2"		""	"L153"	
"861.849"	"861.847"	"0.007"	"1"	""		"38053.05"	"49656.04"	""	"*"	"3"	"5d4.6s.(6D).7s"	"5D"	"3"		""	"L153"	
"862.186"	"862.183"	"0.007"	"2"	""		"33952.85"	"45551.32"	"5d5.(4D).6s"	"3D"	"3"	""	"*"	"3"		""	"L153,L416"	
"862.351"	""	""	"1"	""		""	""	""	""	""	""	""	""		""	"L153"	
"862.837"	""	""	"10"	""		""	""	""	""	""	""	""	""		""	"L153"	
"863.041"	""	""	"1"	""		""	""	""	""	""	""	""	""		""	"L153"	
"864.249"	""	""	"1"	""		""	""	""	""	""	""	""	""		""	"L153"	
"864.296"	""	""	"3"	""		""	""	""	""	""	""	""	""		""	"L153"	
"864.379"	"864.374"	"0.007"	"25"	""		"23930.08"	"35499.15"	"5d5.(4D).6s"	"5D"	"3"	""	"*"	"3"		""	"L153"	
"864.412"	"864.404"	"0.007"	"20"	""		"22773.78"	"34342.44"	"5d5.(4D).6s"	"5D"	"0"	""	"*"	"1"		""	"L153"	
"865.430"	"865.428"	"0.007"	"1"	""		"35299.82"	"46854.80"	""	""	"4"	""	"*"	"5"		""	"L153,L416"	
"865.715"	""	""	"2"	""		""	""	""	""	""	""	""	""		""	"L153"	
"866.267"	""	""	"1"	""		""	""	""	""	""	""	""	""		""	"L153"	
"866.491"	"866.486"	"0.007"	"1"	""		"32826.63"	"44367.50"	""	""	"3"	""	"*"	"2"		""	"L153,L416"	
"867.631"	"867.625"	"0.007"	"2"	""		"40411.12"	"51936.84"	""	"*"	"1"	""	""	"2"		""	"L153"	
"867.931"	"867.930"	"0.007"	"6"	""		"31389.08"	"42910.74"	"5d5.(4G).6s"	"3G"	"5"	""	"*"	"4"		""	"L153"	
"868.336"	"868.331"	"0.007"	"5"	""		"23982.80"	"35499.15"	"5d5.(4D).6s"	"5D"	"2"	""	"*"	"3"		""	"L153"	
"868.598"	"868.604"	"0.007"	"1"	""		"27670.48"	"39183.20"	"5d5.(4F).6s"	"5F"	"1"	""	"*"	"1"		""	"L153"	
"868.725"	"868.718"	"0.007"	"6"	""		"27849.80"	"39361.01"	"5d5.(2I).6s"	"3I"	"5"	""	"*"	"5"		""	"L153"	
"868.879"	"868.878"	"0.007"	"8"	""		"39614.05"	"51123.14"	""	"*"	"5"	"5d4.6s.(6D).7s"	"5D"	"4"		""	"L153"	
"869.342"	"869.341"	"0.007"	"1w"	""		"32217.91"	"43720.87"	""	""	"3"	""	"*"	"4"		""	"L153,L416"	
"869.477"	"869.468"	"0.007"	"5"	""		"22852.80"	"34354.08"	"5d4.6s2"	"1G2"	"4"	""	"*"	"3"		""	"L153"	
"869.971"	"869.969"	"0.007"	"4"	""		"17701.18"	"29195.84"	"5d4.6s2"	"3F2"	"3"	"5d4.6s.(6D).6p"	"5D*"	"2"		""	"L153"	
"870.009"	"870.004"	"0.007"	"1"	""		"26861.64"	"38355.84"	"5d5.(2F1).6s"	"3F"	"2"	""	"*"	"1"		""	"L153"	
"870.074"	"870.070"	"0.007"	"8"	""		"29430.50"	"40923.83"	""	""	"3"	""	"*"	"3"		""	"L153,L416"	
"870.584"	"870.586"	"0.007"	"2"	""		"28233.44"	"39719.96"	"5d5.(4F).6s"	"5F"	"5"	""	"*"	"4"		""	"L153"	
"871.316"	"871.314"	"0.007"	"12"	""		"31389.08"	"42866.00"	"5d5.(4G).6s"	"3G"	"5"	""	"*"	"5"		""	"L153"	
"871.737"	"871.732"	"0.007"	"4"	""		"24610.88"	"36082.30"	"5d4.6s2"	"1F"	"3"	""	"*"	"4"		""	"L153c23"	
"872.630"	""	""	"1"	""		""	""	""	""	""	""	""	""		""	"L153"	
"873.388"	"873.388"	"0.007"	"1"	""		"38206.38"	"49656.04"	""	"*"	"3"	"5d4.6s.(6D).7s"	"5D"	"3"		""	"L153"	
"873.533"	""	""	"3"	""		""	""	""	""	""	""	""	""		""	"L153"	
"873.958"	"873.957"	"0.007"	"1"	""		"28204.20"	"39646.41"	"5d5.(4F).6s"	"5F"	"2"	""	"*"	"3"		""	"L153"	
"874.287"	"874.283"	"0.007"	"25"	"2.74e+04"	D	"17701.18"	"29139.12"	"5d4.6s2"	"3F2"	"3"	"5d4.6s.(6D).6p"	"5F*"	"3"		"T4976"	"L153"	
"874.700"	"874.705"	"0.007"	"15"	""		"28204.20"	"39636.62"	"5d5.(4F).6s"	"5F"	"2"	""	"*"	"1"		""	"L153"	
"874.903"	"874.892"	"0.007"	"40"	""		"19253.56"	"30683.54"	"5d4.6s2"	"3P2"	"2"	""	"*"	"1"		""	"L153"	
"875.716"	"875.720"	"0.007"	"10"	""		"40583.07"	"52002.25"	""	"*"	"4"	""	""	"3"		""	"L153"	
"876.841"	"876.838"	"0.007"	"4"	""		"36673.70"	"48078.32"	""	"*"	"2"	"5d4.6s.(6D).7s"	"5D"	"2"		""	"L153"	
"876.949"	"876.948"	"0.007"	"1"	""		"39719.96"	"51123.14"	""	"*"	"4"	"5d4.6s.(6D).7s"	"5D"	"4"		""	"L153"	
"877.453"	"877.452"	"0.007"	"1"	""		"38259.40"	"49656.04"	""	"*"	"4"	"5d4.6s.(6D).7s"	"5D"	"3"		""	"L153"	
"877.883"	"877.878"	"0.007"	"8"	""		"14976.18"	"26367.28"	"5d4.6s2"	"3D"	"2"	""	"*"	"2"		""	"L153"	
"877.984"	"877.979"	"0.007"	"12"	""		"20427.84"	"31817.63"	"5d5.(4P).6s"	"5P"	"1"	""	"*"	"2"		""	"L153"	
"878.688"	"878.688"	"0.007"	"6"	""		"28233.44"	"39614.05"	"5d5.(4F).6s"	"5F"	"5"	""	"*"	"5"		""	"L153"	
"878.872"	""	""	"1"	""		""	""	""	""	""	""	""	""		""	"L153"	
"879.065"	"879.059"	"0.007"	"4"	""		"22852.80"	"34228.60"	"5d4.6s2"	"1G2"	"4"	""	"*"	"3"		""	"L153"	
"879.430"	"879.427"	"0.007"	"1"	""		"33569.53"	"44940.57"	""	""	"4"	""	"*"	"4"		""	"L153,L416"	
"880.281"	"880.287"	"0.008"	"1"	""		"30374.20"	"41734.13"	"5d4.6s2"	"3F1"	"2"	""	"*"	"2"		""	"L153c23"	
"882.379"	"882.373"	"0.008"	"5"	""		"19253.56"	"30586.64"	"5d4.6s2"	"3P2"	"2"	"5d4.6s.(6D).6p"	"5P*"	"3"		""	"L153"	
"882.584"	"882.581"	"0.008"	"7"	""		"19256.24"	"30586.64"	"5d5.(4G).6s"	"5G"	"4"	"5d4.6s.(6D).6p"	"5P*"	"3"		""	"L153"	
"883.677"	"883.678"	"0.008"	"1"	""		"28392.70"	"39709.04"	"5d5.(2I).6s"	"3I"	"6"	"5d4.6s.(4H).6p"	"5H*"	"7"		""	"L153c23"	
"884.129"	"884.129"	"0.008"	"1"	""		"18082.83"	"29393.40"	"5d4.6s2"	"3D"	"1"	"5d4.6s.(6D).6p"	"5P*"	"2"		""	"L153"	
"886.796"	"886.795"	"0.008"	"10"	"1.4e+05"	D	"18116.84"	"29393.40"	"5d5.(4G).6s"	"5G"	"2"	"5d4.6s.(6D).6p"	"5P*"	"2"		"T4976"	"L153"	
"887.406"	"887.400"	"0.008"	"8"	"8.3e+04"	D	"22852.80"	"34121.68"	"5d4.6s2"	"1G2"	"4"	""	"*"	"4"		"T4976"	"L153"	
"887.764"	"887.760"	"0.008"	"1w"	""		"23455.02"	"34719.33"	"5d5.(4D).6s"	"5D"	"1"	""	"*"	"1"		""	"L153c23"	
"888.496"	"888.494"	"0.008"	"1w*"	""		"20983.02"	"32238.02"	"5d5.(4P).6s"	"5P"	"2"	""	"*"	"3"		""	"L153c23"	
"888.496"	"888.497"	"0.008"	"1w*"	""		"33291.80"	"44546.76"	"5d5.(2I).6s"	"1I"	"6"	""	"*"	"5"		""	"L153c23"	
"888.610"	"888.605"	"0.008"	"5"	""		"14976.18"	"26229.77"	"5d4.6s2"	"3D"	"2"	"5d5.(6S).6p"	"7P*"	"2"		""	"L153"	
"891.159"	"891.158"	"0.008"	"1"	""		"28392.70"	"39614.05"	"5d5.(2I).6s"	"3I"	"6"	""	"*"	"5"		""	"L153c23"	
"891.744"	""	""	"1"	""		""	""	""	""	""	""	""	""		""	"L153"	
"891.828"	"891.820"	"0.008"	"8"	""		"14976.18"	"26189.20"	"5d4.6s2"	"3D"	"2"	"5d4.6s.(6D).6p"	"7D*"	"3"		""	"L153"	
"892.543"	"892.542"	"0.008"	"5"	""		"36874.36"	"48078.32"	""	"*"	"3"	"5d4.6s.(6D).7s"	"5D"	"2"		""	"L153"	
"893.925"	"893.919"	"0.008"	"5"	""		"23930.08"	"35116.78"	"5d5.(4D).6s"	"5D"	"3"	""	"*"	"4"		""	"L153"	
"894.922"	"894.922"	"0.008"	"1"	""		"36904.16"	"48078.32"	""	"*"	"2"	"5d4.6s.(6D).7s"	"5D"	"2"		""	"L153"	
"894.956"	"894.958"	"0.008"	"1"	""		"31077.80"	"42251.51"	""	""	"2"	""	"*"	"3"		""	"L153,L416"	
"896.893"	"896.892"	"0.008"	"3"	""		"34302.04"	"45451.65"	"5d5.(2G2).6s"	"3G"	"4"	""	"*"	"5"		""	"L153"	
"897.961"	"897.966"	"0.008"	"1"	""		"32378.40"	"43514.68"	"5d5.(2D3).6s"	"3D"	"1"	""	"*"	"2"		""	"L153"	
"898.386"	""	""	"20"	""		""	""	""	""	""	""	""	""		""	"L153"	
"898.672"	"898.669"	"0.008"	"6"	""		"28233.44"	"39361.01"	"5d5.(4F).6s"	"5F"	"5"	""	"*"	"5"		""	"L153"	
"899.199"	"899.193"	"0.008"	"2"	""		"24610.88"	"35731.96"	"5d4.6s2"	"1F"	"3"	""	"*"	"2"		""	"L153c23"	
"899.456"	""	""	"6w"	""		""	""	""	""	""	""	""	""		""	"L153"	
"899.855"	"899.846"	"0.008"	"6*"	""		"18082.83"	"29195.84"	"5d4.6s2"	"3D"	"1"	"5d4.6s.(6D).6p"	"5D*"	"2"		""	"L153"	
"899.855"	"899.854"	"0.008"	"6*"	""		"18280.48"	"29393.40"	"5d5.(6S).6s"	"5S"	"2"	"5d4.6s.(6D).6p"	"5P*"	"2"		""	"L153"	
"900.808"	"900.805"	"0.007"	"1"	""		"36874.36"	"47975.54"	""	"*"	"3"	"5d4.6s.(6D).7s"	"7D"	"4"		""	"L153"	
"901.002"	"901.013"	"0.007"	"1"	""		"33291.80"	"44390.42"	"5d5.(2I).6s"	"1I"	"6"	""	"*"	"6"		""	"L153"	
"901.220"	"901.221"	"0.007"	"1"	""		"17701.18"	"28797.24"	"5d4.6s2"	"3F2"	"3"	"5d4.6s.(6D).6p"	"7D*"	"4"		""	"L153"	
"901.281"	"901.284"	"0.007"	"1"	""		"38259.40"	"49354.68"	""	"*"	"4"	"5d4.6s.(6D).7s"	"7D"	"5"		""	"L153"	
"902.032"	""	""	"1"	""		""	""	""	""	""	""	""	""		""	"L153"	
"902.081"	"902.080"	"0.007"	"1"	""		"34465.83"	"45551.32"	""	""	"3"	""	"*"	"3"		""	"L153,L416"	
"902.628"	"902.609"	"0.007"	"1*"	""		"18116.84"	"29195.84"	"5d5.(4G).6s"	"5G"	"2"	"5d4.6s.(6D).6p"	"5D*"	"2"		""	"L153"	
"902.628"	"902.635"	"0.007"	"1*"	""		"41104.52"	"52183.20"	""	"*"	"2"	""	""	"2"		""	"L153c23"	
"904.401"	"904.421"	"0.007"	"0"	""		"16431.31"	"27488.11"	"5d4.6s2"	"3G"	"4"	"5d5.(6S).6p"	"7P*"	"3"		""	"L153"	
"905.328"	"905.340"	"0.007"	"1"	""		"27213.82"	"38259.40"	"5d5.(2F1).6s"	"3F"	"4"	""	"*"	"4"		""	"L153"	
"907.247"	"907.253"	"0.007"	"5"	"2.04e+04"	D	"18116.84"	"29139.12"	"5d5.(4G).6s"	"5G"	"2"	"5d4.6s.(6D).6p"	"5F*"	"3"		"T4976"	"L153"	
"908.482"	"908.478"	"0.007"	"3"	"2.0e+04"	D	"14976.18"	"25983.60"	"5d4.6s2"	"3D"	"2"	"5d4.6s.(6D).6p"	"5F*"	"1"		"T4976"	"L153"	
"908.639"	""	""	"2"	""		""	""	""	""	""	""	""	""		""	"L153"	
"909.336"	"909.331"	"0.007"	"2"	""		"29479.32"	"40476.42"	"5d4.6s2"	"3F1"	"4"	""	"*"	"5"		""	"L153"	
"911.333"	""	""	"10"	""		""	""	""	""	""	""	""	""		""	"L153"	
"911.722"	"911.717"	"0.007"	"1"	""		"28392.70"	"39361.01"	"5d5.(2I).6s"	"3I"	"6"	""	"*"	"5"		""	"L153"	
"914.221"	"914.216"	"0.007"	"5"	""		"18974.51"	"29912.85"	"5d5.(4G).6s"	"5G"	"3"	"5d4.6s.(6D).6p"	"5D*"	"3"		""	"L153"	
"916.040"	""	""	"1"	""		""	""	""	""	""	""	""	""		""	"L153"	
"916.141"	"916.140"	"0.007"	"20"	"1.2e+05"	D	"18280.48"	"29195.84"	"5d5.(6S).6s"	"5S"	"2"	"5d4.6s.(6D).6p"	"5D*"	"2"		"T4976"	"L153"	
"916.398"	"916.395"	"0.007"	"6"	""		"26861.64"	"37773.96"	"5d5.(2F1).6s"	"3F"	"2"	""	"*"	"1"		""	"L153"	
"916.790"	"916.792"	"0.007"	"4"	""		"38748.44"	"49656.04"	""	"*"	"4"	"5d4.6s.(6D).7s"	"5D"	"3"		""	"L153"	
"916.830"	"916.820"	"0.007"	"1"	""		"15460.01"	"26367.28"	"5d4.6s2"	"3D"	"3"	""	"*"	"2"		""	"L153"	
"916.952"	"916.955"	"0.007"	"4"	""		"27670.48"	"38576.14"	"5d5.(4F).6s"	"5F"	"1"	""	"*"	"0"		""	"L153"	
"917.229"	""	""	"2"	""		""	""	""	""	""	""	""	""		""	"L153"	
"917.804"	"917.798"	"0.007"	"2"	""		"20427.84"	"31323.48"	"5d5.(4P).6s"	"5P"	"1"	""	"*"	"1"		""	"L153"	
"917.991"	"917.990"	"0.007"	"7"	"2.5e+04"	D	"22476.68"	"33370.04"	"5d5.(4D).6s"	"5D"	"4"	"5d4.6s.(6D).6p"	"5F*"	"5"		"T4976"	"L153"	
"918.427"	"918.420"	"0.007"	"4"	""		"24610.88"	"35499.15"	"5d4.6s2"	"1F"	"3"	""	"*"	"3"		""	"L153"	
"918.498"	"918.491"	"0.007"	"1"	""		"23455.02"	"34342.44"	"5d5.(4D).6s"	"5D"	"1"	""	"*"	"1"		""	"L153c23"	
"920.560"	""	""	"0"	""		""	""	""	""	""	""	""	""		""	"L153"	
"920.633"	""	""	"3"	""		""	""	""	""	""	""	""	""		""	"L153"	
"920.931"	"920.926"	"0.008"	"3"	""		"18280.48"	"29139.12"	"5d5.(6S).6s"	"5S"	"2"	"5d4.6s.(6D).6p"	"5F*"	"3"		""	"L153"	
"921.667"	"921.661"	"0.008"	"2"	""		"31389.08"	"42239.06"	"5d5.(4G).6s"	"3G"	"5"	""	"*"	"6"		""	"L153"	
"922.967"	"922.968"	"0.008"	"2"	""		"20983.02"	"31817.63"	"5d5.(4P).6s"	"5P"	"2"	""	"*"	"2"		""	"L153"	
"923.695"	"923.698"	"0.008"	"5"	""		"28204.20"	"39030.25"	"5d5.(4F).6s"	"5F"	"2"	""	"*"	"2"		""	"L153"	
"924.882"	"924.882"	"0.008"	"3w"	""		"29853.66"	"40665.85"	"5d5.(4F).6s"	"5F"	"4"	""	"*"	"3"		""	"L153"	
"925.575"	"925.574"	"0.008"	"1"	""		"41198.14"	"52002.25"	""	"*"	"4"	""	""	"3"		""	"L153c23"	
"926.542"	""	""	"1"	""		""	""	""	""	""	""	""	""		""	"L153"	
"926.786"	"926.781"	"0.008"	"2"	""		"29479.32"	"40269.35"	"5d4.6s2"	"3F1"	"4"	""	"*"	"3"		""	"L153c23"	
"927.019"	"927.016"	"0.008"	"3"	""		"27213.82"	"38001.12"	"5d5.(2F1).6s"	"3F"	"4"	""	"*"	"4"		""	"L153"	
"927.323"	"927.317"	"0.008"	"1"	""		"33201.61"	"43985.41"	"5d5.(2G2).6s"	"3G"	"5"	""	"*"	"4"		""	"L153,L416"	
"928.536"	"928.526"	"0.008"	"7"	""		"15460.01"	"26229.77"	"5d4.6s2"	"3D"	"3"	"5d5.(6S).6p"	"7P*"	"2"		""	"L153"	
"929.464"	"929.458"	"0.008"	"5"	""		"19827.68"	"30586.64"	"5d5.(4P).6s"	"5P"	"3"	"5d4.6s.(6D).6p"	"5P*"	"3"		""	"L153"	
"932.040"	"932.037"	"0.008"	"5w"	""		"15460.01"	"26189.20"	"5d4.6s2"	"3D"	"3"	"5d4.6s.(6D).6p"	"7D*"	"3"		""	"L153"	
"932.288"	"932.284"	"0.008"	"7"	""		"35731.96"	"46458.30"	""	"*"	"2"	"5d4.6s.(6D).7s"	"5D"	"1"		""	"L153"	
"934.364"	"934.359"	"0.008"	"1"	""		"23930.08"	"34632.60"	"5d5.(4D).6s"	"5D"	"3"	""	"*"	"4"		""	"L153c23"	
"934.532"	"934.520"	"0.008"	"4"	""		"24610.88"	"35311.56"	"5d4.6s2"	"1F"	"3"	""	"*"	"2"		""	"L153"	
"935.629"	"935.624"	"0.008"	"2"	""		"32826.63"	"43514.68"	""	""	"3"	""	"*"	"2"		""	"L153,L416"	
"938.157"	"938.149"	"0.008"	"5"	""		"19253.56"	"29912.85"	"5d4.6s2"	"3P2"	"2"	"5d4.6s.(6D).6p"	"5D*"	"3"		""	"L153"	
"938.393"	"938.385"	"0.008"	"30"	"1.53e+05"	D	"19256.24"	"29912.85"	"5d5.(4G).6s"	"5G"	"4"	"5d4.6s.(6D).6p"	"5D*"	"3"		"T4976"	"L153"	
"939.257"	"939.256"	"0.008"	"3"	""		"40476.42"	"51123.14"	""	"*"	"5"	"5d4.6s.(6D).7s"	"5D"	"4"		""	"L153"	
"940.161"	"940.154"	"0.008"	"1"	""		"44021.00"	"54657.56"	""	"*"	"3"	""	""	"3"		""	"L153"	
"940.516"	"940.517"	"0.008"	"1"	""		"33291.80"	"43924.25"	"5d5.(2I).6s"	"1I"	"6"	""	"*"	"5"		""	"L153c23"	
"948.784"	"948.760"	"0.008"	"1*"	""		"40583.07"	"51123.14"	""	"*"	"4"	"5d4.6s.(6D).7s"	"5D"	"4"		""	"L153"	
"948.784"	"948.788"	"0.008"	"1*"	""		"33201.61"	"43741.37"	"5d5.(2G2).6s"	"3G"	"5"	""	"*"	"5"		""	"L153c23"	
"950.823"	"950.820"	"0.009"	"2w"	""		"22852.80"	"33370.04"	"5d4.6s2"	"1G2"	"4"	"5d4.6s.(6D).6p"	"5F*"	"5"		""	"L153"	
"951.023"	"951.022"	"0.009"	"2"	""		"28233.44"	"38748.44"	"5d5.(4F).6s"	"5F"	"5"	""	"*"	"4"		""	"L153"	
"951.546"	"951.535"	"0.009"	"2"	""		"20174.20"	"30683.54"	"5d4.6s2"	"1S2"	"0"	""	"*"	"1"		""	"L153c23"	
"951.849"	"951.846"	"0.009"	"5*"	""		"24610.88"	"35116.78"	"5d4.6s2"	"1F"	"3"	""	"*"	"4"		""	"L153"	
"951.849"	"951.847"	"0.009"	"5*"	""		"34719.33"	"45225.22"	""	"*"	"1"	"5d4.6s.(6D).7s"	"5D"	"0"		""	"L153"	
"952.111"	"952.103"	"0.009"	"1*"	""		"23982.80"	"34485.86"	"5d5.(4D).6s"	"5D"	"2"	""	"*"	"2"		""	"L153c23"	
"952.111"	"952.125"	"0.009"	"1*"	""		"41499.43"	"52002.25"	""	"*"	"3"	""	""	"3"		""	"L153"	
"953.228"	""	""	"1"	""		""	""	""	""	""	""	""	""		""	"L153"	
"953.386"	"953.376"	"0.009"	"7*"	""		"23455.02"	"33944.06"	"5d5.(4D).6s"	"5D"	"1"	""	"*"	"2"		""	"L153c23"	
"953.386"	"953.392"	"0.009"	"7*"	""		"41694.34"	"52183.20"	""	"*"	"3"	""	""	"2"		""	"L153c23"	
"954.120"	"954.117"	"0.009"	"20"	""		"22476.68"	"32957.58"	"5d5.(4D).6s"	"5D"	"4"	""	"*"	"3"		""	"L153"	
"959.337"	"959.325"	"0.009"	"1"	""		"23930.08"	"34354.08"	"5d5.(4D).6s"	"5D"	"3"	""	"*"	"3"		""	"L153"	
"959.798"	"959.795"	"0.009"	"3"	""		"18974.51"	"29393.40"	"5d5.(4G).6s"	"5G"	"3"	"5d4.6s.(6D).6p"	"5P*"	"2"		""	"L153"	
"961.852"	"961.855"	"0.009"	"1"	""		"30374.20"	"40770.78"	"5d4.6s2"	"3F1"	"2"	""	"*"	"1"		""	"L153"	
"963.562"	"963.558"	"0.009"	"1"	""		"32135.94"	"42514.14"	"5d5.(4G).6s"	"3G"	"4"	""	"*"	"3"		""	"L153c23"	
"964.211"	"964.201"	"0.009"	"1"	""		"23982.80"	"34354.08"	"5d5.(4D).6s"	"5D"	"2"	""	"*"	"3"		""	"L153c23"	
"967.078"	"967.075"	"0.009"	"1"	""		"20983.02"	"31323.48"	"5d5.(4P).6s"	"5P"	"2"	""	"*"	"1"		""	"L153"	
"971.019"	"971.013"	"0.009"	"1"	""		"23930.08"	"34228.60"	"5d5.(4D).6s"	"5D"	"3"	""	"*"	"3"		""	"L153"	
"972.875"	""	""	"2"	""		""	""	""	""	""	""	""	""		""	"L153"	
"973.070"	""	""	"2"	""		""	""	""	""	""	""	""	""		""	"L153"	
"973.898"	"973.888"	"0.009"	"1*"	""		"41734.13"	"52002.25"	""	"*"	"2"	""	""	"3"		""	"L153c23"	
"973.898"	"973.918"	"0.009"	"1*"	""		"36190.49"	"46458.30"	""	"*"	"1"	"5d4.6s.(6D).7s"	"5D"	"1"		""	"L153"	
"975.065"	"975.068"	"0.009"	"4"	""		"20427.84"	"30683.54"	"5d5.(4P).6s"	"5P"	"1"	""	"*"	"1"		""	"L153"	
"975.795"	"975.794"	"0.009"	"2"	""		"29460.98"	"39709.04"	"5d5.(2I).6s"	"3I"	"7"	"5d4.6s.(4H).6p"	"5H*"	"7"		""	"L153"	
"976.019"	"976.010"	"0.009"	"5"	""		"23982.80"	"34228.60"	"5d5.(4D).6s"	"5D"	"2"	""	"*"	"3"		""	"L153c23"	
"976.729"	"976.722"	"0.009"	"6"	"1.9e+04"	D	"19535.01"	"29773.34"	"5d5.(4G).6s"	"5G"	"5"	"5d4.6s.(6D).6p"	"7D*"	"5"		"T4976"	"L153"	
"978.163"	""	""	"0"	""		""	""	""	""	""	""	""	""		""	"L153"	
"978.347"	"978.346"	"0.009"	"4"	""		"18974.51"	"29195.84"	"5d5.(4G).6s"	"5G"	"3"	"5d4.6s.(6D).6p"	"5D*"	"2"		""	"L153"	
"981.212"	"981.200"	"0.009"	"12"	"9.7e+04"	D	"23930.08"	"34121.68"	"5d5.(4D).6s"	"5D"	"3"	""	"*"	"4"		"T4976"	"L153"	
"981.643"	"981.647"	"0.009"	"10"	""		"13777.71"	"23964.67"	"5d4.6s2"	"3F2"	"2"	"5d4.6s.(6D).6p"	"7D*"	"2"		""	"L153"	
"983.582"	"983.566"	"0.009"	"0"	""		"29479.32"	"39646.41"	"5d4.6s2"	"3F1"	"4"	""	"*"	"3"		""	"L153"	
"983.790"	"983.806"	"0.009"	"10"	"4.1e+04"	D	"18974.51"	"29139.12"	"5d5.(4G).6s"	"5G"	"3"	"5d4.6s.(6D).6p"	"5F*"	"3"		"T4976"	"L153"	
"985.050"	"985.044"	"0.009"	"1*"	""		"35299.82"	"45451.65"	""	""	"4"	""	"*"	"5"		""	"L153c23"	
"985.050"	"985.063"	"0.009"	"1*"	""		"28204.20"	"38355.84"	"5d5.(4F).6s"	"5F"	"2"	""	"*"	"1"		""	"L153"	
"986.216"	"986.209"	"0.009"	"3"	""		"19253.56"	"29393.40"	"5d4.6s2"	"3P2"	"2"	"5d4.6s.(6D).6p"	"5P*"	"2"		""	"L153"	
"987.678"	"987.674"	"0.009"	"8"	"3.0e+04"	D	"19648.54"	"29773.34"	"5d5.(4G).6s"	"5G"	"6"	"5d4.6s.(6D).6p"	"7D*"	"5"		"T4976"	"L153"	
"991.125"	""	""	"0"	""		""	""	""	""	""	""	""	""		""	"L153"	
"991.548"	"991.555"	"0.009"	"3"	""		"19827.68"	"29912.85"	"5d5.(4P).6s"	"5P"	"3"	"5d4.6s.(6D).6p"	"5D*"	"3"		""	"L153"	
"991.870"	"991.861"	"0.009"	"10"	"9.7e+04"	D	"18116.84"	"28198.90"	"5d5.(4G).6s"	"5G"	"2"	"5d4.6s.(6D).6p"	"5P*"	"1"		"T4976"	"L153"	
"993.082"	"993.091"	"0.009"	"5"	""		"37414.11"	"47483.68"	""	""	"3"	""	"*"	"3"		""	"L153,L416"	
"994.717"	""	""	"6"	""		""	""	""	""	""	""	""	""		""	"L153"	
"996.648"	"996.651"	"0.009"	"0"	""		"32217.91"	"42251.51"	""	""	"3"	""	"*"	"3"		""	"L153c23"	
"997.158"	"997.166"	"0.009"	"2"	""		"37414.11"	"47442.53"	""	""	"3"	""	"*"	"2"		""	"L153,L416"	
"998.596"	"998.604"	"0.009"	"2"	""		"23930.08"	"33944.06"	"5d5.(4D).6s"	"5D"	"3"	""	"*"	"2"		""	"L153"	
"1000.340"	""	""	"1"	""		""	""	""	""	""	""	""	""		""	"L153"	
"1000.539"	"1000.548"	"0.012"	"15"	""		"19648.54"	"29643.06"	"5d5.(4G).6s"	"5G"	"6"	"5d4.6s.(6D).6p"	"7F*"	"6"		""	"L153"	
"1002.425"	""	""	"2"	""		""	""	""	""	""	""	""	""		""	"L153"	
"1005.307"	"1005.298"	"0.012"	"4"	"1.0e+04"	E	"19826.04"	"29773.34"	"5d4.6s2"	"3G"	"5"	"5d4.6s.(6D).6p"	"7D*"	"5"		"T4976"	"L153"	
"1008.228"	"1008.225"	"0.012"	"1"	""		"18280.48"	"28198.90"	"5d5.(6S).6s"	"5S"	"2"	"5d4.6s.(6D).6p"	"5P*"	"1"		""	"L153"	
"1010.444"	""	""	"1"	""		""	""	""	""	""	""	""	""		""	"L153"	
"1010.668"	""	""	"2"	""		""	""	""	""	""	""	""	""		""	"L153"	
"1011.829"	"1011.851"	"0.012"	"3"	""		"19256.24"	"29139.12"	"5d5.(4G).6s"	"5G"	"4"	"5d4.6s.(6D).6p"	"5F*"	"3"		""	"L153"	
"1012.971"	"1012.972"	"0.012"	"2"	""		"38206.38"	"48078.32"	""	"*"	"3"	"5d4.6s.(6D).7s"	"5D"	"2"		""	"L153"	
"1014.332"	"1014.324"	"0.012"	"1"	""		"28347.60"	"38206.38"	"5d5.(4F).6s"	"5F"	"3"	""	"*"	"3"		""	"L153"	
"1022.018"	"1022.014"	"0.011"	"0"	""		"36673.70"	"46458.30"	""	"*"	"2"	"5d4.6s.(6D).7s"	"5D"	"1"		""	"L153"	
"1024.444"	"1024.450"	"0.012"	"4"	""		"22476.68"	"32238.02"	"5d5.(4D).6s"	"5D"	"4"	""	"*"	"3"		""	"L153"	
"1030.886"	"1030.873"	"0.012"	"0"	""		"20983.02"	"30683.54"	"5d5.(4P).6s"	"5P"	"2"	""	"*"	"1"		""	"L153"	
"1035.011"	"1035.019"	"0.012"	"3"	"5.7e+04"	E	"18116.84"	"27778.50"	"5d5.(4G).6s"	"5G"	"2"	"5d4.6s.(6D).6p"	"5D*"	"1"		"T4976"	"L153"	
"1041.262"	"1041.274"	"0.012"	"2"	""		"20983.02"	"30586.64"	"5d5.(4P).6s"	"5P"	"2"	"5d4.6s.(6D).6p"	"5P*"	"3"		""	"L153"	
"1045.383"	"1045.400"	"0.012"	"1"	""		"19827.68"	"29393.40"	"5d5.(4P).6s"	"5P"	"3"	"5d4.6s.(6D).6p"	"5P*"	"2"		""	"L153"	
"1048.084"	"1048.108"	"0.012"	"0"	""		"19256.24"	"28797.24"	"5d5.(4G).6s"	"5G"	"4"	"5d4.6s.(6D).6p"	"7D*"	"4"		""	"L153"	
