wavelength_vac_nm,lower_E_cm,lower_J,lower_level,upper_E_cm,upper_J,upper_level,gf,A_s,cancellation_factor
120.7837,0.0,1.5,5s2.5p5 2P*,82792.608,2.5,5s2.5p4.(3P<1>).6d 2[2],0.4677,3.564e+08,0.36
121.2179,0.0,1.5,5s2.5p5 2P*,82496.05,1.5,5s2.5p4.(3P<1>).6d 2[2],0.06101,6.924e+07,-0.1
121.2245,0.0,1.5,5s2.5p5 2P*,82491.59,2.5,5s2.5p4.(3P<1>).6d 2[3],0.0808,6.112e+07,-0.32
121.3202,0.0,1.5,5s2.5p5 2P*,82426.508,1.5,5s2.5p4.(3P<0>).6d 2[2],0.04539,5.142e+07,-0.08
121.3632,0.0,1.5,5s2.5p5 2P*,82397.325,2.5,5s2.5p4.(3P<0>).6d 2[2],0.2962,2.235e+08,-0.07
121.6023,0.0,1.5,5s2.5p5 2P*,82235.315,1.5,5s2.5p4.(1D<2>).5d 2[2],0.2567,2.895e+08,-0.17
121.7143,0.0,1.5,5s2.5p5 2P*,82159.624,1.5,5s2.5p4.(3P<1>).6d 2[1],0.08105,9.123e+07,-0.03
121.7369,0.0,1.5,5s2.5p5 2P*,82144.343,2.5,5s2.5p4.(1D<2>).5d 2[3],0.2034,1.526e+08,-0.13
121.8902,0.0,1.5,5s2.5p5 2P*,82041.027,2.5,5s2.5p4.(1D<2>).5d 2[2],0.112,8.381e+07,-0.13
121.9090,0.0,1.5,5s2.5p5 2P*,82028.417,0.5,5s2.5p4.(3P<1>).6d 2[1],0.1684,3.779e+08,0.17
123.3465,0.0,1.5,5s2.5p5 2P*,81072.448,1.5,5s2.5p4.(1D<2>).5d 2[1],0.07007,7.68e+07,0.02
125.9155,0.0,1.5,5s2.5p5 2P*,79418.34,2.5,5s2.5p4.(3P<2>).7d 2[2],0.5648,3.96e+08,-0.18
125.9513,0.0,1.5,5s2.5p5 2P*,79395.7471,1.5,5s2.5p4.(3P<2>).7d 2[2],0.06211,6.529e+07,-0.03
125.9556,0.0,1.5,5s2.5p5 2P*,79393.0339,0.5,5s2.5p4.(3P<2>).7d 2[0],0.009665,2.032e+07,0.03
126.1271,0.0,1.5,5s2.5p5 2P*,79285.106,0.5,5s2.5p4.(3P<1>).7s 2[1],0.09654,2.024e+08,-0.2
126.5329,0.0,1.5,5s2.5p5 2P*,79030.8318,1.5,5s2.5p4.(3P<2>).7d 2[1],0.001583,1.649e+06,0.01
126.6734,0.0,1.5,5s2.5p5 2P*,78943.1882,2.5,5s2.5p4.(3P<2>).7d 2[3],0.0001946,1.349e+05,-0.0
126.7571,0.0,1.5,5s2.5p5 2P*,78891.0285,1.5,5s2.5p4.(3P<1>).7s 2[1],0.03047,3.163e+07,-0.03
126.7598,0.0,1.5,5s2.5p5 2P*,78889.3531,0.5,5s2.5p4.(3P<2>).7d 2[1],0.004906,1.018e+07,-0.03
127.5258,0.0,1.5,5s2.5p5 2P*,78415.508,0.5,5s2.5p4.(3P<0>).7s 2[0],0.02772,5.685e+07,0.1
128.9397,0.0,1.5,5s2.5p5 2P*,77555.6542,1.5,5s2.5p4.(3P<2>).8s 2[2],0.03822,3.833e+07,-0.04
129.1146,0.0,1.5,5s2.5p5 2P*,77450.5492,2.5,5s2.5p4.(3P<2>).8s 2[2],0.1137,7.583e+07,-0.09
130.0338,0.0,1.5,5s2.5p5 2P*,76903.0932,2.5,5s2.5p4.(3P<2>).6d 2[2],0.4249,2.793e+08,-0.1
130.2986,0.0,1.5,5s2.5p5 2P*,76746.7844,1.5,5s2.5p4.(3P<2>).6d 2[2],0.005718,5.617e+06,0.0
130.8599,0.0,1.5,5s2.5p5 2P*,76417.6231,0.5,5s2.5p4.(3P<2>).6d 2[1],0.02716,5.29e+07,0.06
131.3435,0.0,1.5,5s2.5p5 2P*,76136.2488,1.5,5s2.5p4.(3P<2>).6d 2[1],0.03241,3.133e+07,0.03
131.3950,0.0,1.5,5s2.5p5 2P*,76106.3914,2.5,5s2.5p4.(3P<2>).6d 2[3],0.001174,7.558e+05,0.0
131.7545,0.0,1.5,5s2.5p5 2P*,75898.7307,2.5,5s2.5p4.(3P<1>).5d 2[2],0.0002857,1.83e+05,0.0
131.8848,0.0,1.5,5s2.5p5 2P*,75823.7462,1.5,5s2.5p4.(3P<1>).5d 2[2],0.06528,6.259e+07,-0.02
132.0755,0.0,1.5,5s2.5p5 2P*,75714.2677,0.5,5s2.5p4.(3P<2>).6d 2[0],0.0002269,4.337e+05,0.0
133.0193,0.0,1.5,5s2.5p5 2P*,75177.074,2.5,5s2.5p4.(3P<1>).5d 2[3],0.1082,6.801e+07,-0.05
133.5237,7602.9762,0.5,5s2.5p5 2P*,82496.05,1.5,5s2.5p4.(3P<1>).6d 2[2],0.00715,6.688e+06,0.01
133.6478,7602.9762,0.5,5s2.5p5 2P*,82426.508,1.5,5s2.5p4.(3P<0>).6d 2[2],0.005876,5.486e+06,0.01
133.9902,7602.9762,0.5,5s2.5p5 2P*,82235.315,1.5,5s2.5p4.(1D<2>).5d 2[2],2.256,2.095e+09,-0.53
134.0712,0.0,1.5,5s2.5p5 2P*,74587.2507,1.5,5s2.5p4.(3P<1>).5d 2[1],0.000659,6.114e+05,-0.0
134.1262,7602.9762,0.5,5s2.5p5 2P*,82159.624,1.5,5s2.5p4.(3P<1>).6d 2[1],0.08831,8.185e+07,0.03
134.3627,7602.9762,0.5,5s2.5p5 2P*,82028.417,0.5,5s2.5p4.(3P<1>).6d 2[1],0.3237,5.979e+08,-0.35
135.5102,0.0,1.5,5s2.5p5 2P*,73795.1649,2.5,5s2.5p4.(3P<0>).5d 2[2],2.722e-05,1.648e+04,-0.0
135.7974,0.0,1.5,5s2.5p5 2P*,73639.1366,1.5,5s2.5p4.(3P<0>).5d 2[2],0.01272,1.151e+07,0.02
136.0958,0.0,1.5,5s2.5p5 2P*,73477.6678,0.5,5s2.5p4.(1D<2>).5d 2[0],0.3506,6.312e+08,-0.46
136.1110,7602.9762,0.5,5s2.5p5 2P*,81072.448,1.5,5s2.5p4.(1D<2>).5d 2[1],0.09215,8.294e+07,-0.03
136.7715,0.0,1.5,5s2.5p5 2P*,73114.655,0.5,5s2.5p4.(3P<1>).5d 2[1],0.003803,6.78e+06,0.02
138.3227,0.0,1.5,5s2.5p5 2P*,72294.7216,1.5,5s2.5p4.(3P<2>).7s 2[2],0.2758,2.404e+08,-0.26
139.0751,0.0,1.5,5s2.5p5 2P*,71903.5759,2.5,5s2.5p4.(3P<2>).7s 2[2],0.09421,5.415e+07,-0.25
139.2898,7602.9762,0.5,5s2.5p5 2P*,79395.7471,1.5,5s2.5p4.(3P<2>).7d 2[2],0.005023,4.317e+06,-0.0
139.2951,7602.9762,0.5,5s2.5p5 2P*,79393.0339,0.5,5s2.5p4.(3P<2>).7d 2[0],0.008934,1.536e+07,-0.02
139.5048,7602.9762,0.5,5s2.5p5 2P*,79285.106,0.5,5s2.5p4.(3P<1>).7s 2[1],0.005312,9.103e+06,0.01
140.0014,7602.9762,0.5,5s2.5p5 2P*,79030.8318,1.5,5s2.5p4.(3P<2>).7d 2[1],0.0116,9.869e+06,-0.03
140.2760,7602.9762,0.5,5s2.5p5 2P*,78891.0285,1.5,5s2.5p4.(3P<1>).7s 2[1],8.734e-05,7.401e+04,-0.0
140.2793,7602.9762,0.5,5s2.5p5 2P*,78889.3531,0.5,5s2.5p4.(3P<2>).7d 2[1],0.001149,1.948e+06,0.01
141.2179,7602.9762,0.5,5s2.5p5 2P*,78415.508,0.5,5s2.5p4.(3P<0>).7s 2[0],0.001881,3.146e+06,-0.01
142.1370,0.0,1.5,5s2.5p5 2P*,70354.673,1.5,5s2.5p4.(3P<2>).5d 2[2],0.3932,3.246e+08,-0.13
142.5496,0.0,1.5,5s2.5p5 2P*,70151.0423,2.5,5s2.5p4.(3P<2>).5d 2[2],1.213,6.638e+08,-0.32
142.9538,7602.9762,0.5,5s2.5p5 2P*,77555.6542,1.5,5s2.5p4.(3P<2>).8s 2[2],0.02969,2.423e+07,0.07
144.6261,7602.9762,0.5,5s2.5p5 2P*,76746.7844,1.5,5s2.5p4.(3P<2>).6d 2[2],0.0008495,6.773e+05,-0.0
145.3179,7602.9762,0.5,5s2.5p5 2P*,76417.6231,0.5,5s2.5p4.(3P<2>).6d 2[1],0.003704,5.85e+06,0.01
145.7395,0.0,1.5,5s2.5p5 2P*,68615.5757,0.5,5s2.5p4.(3P<2>).5d 2[0],0.1417,2.225e+08,-0.28
145.7988,0.0,1.5,5s2.5p5 2P*,68587.6921,2.5,5s2.5p4.(1D<2>).6s 2[2],0.3771,1.972e+08,-0.31
145.8798,0.0,1.5,5s2.5p5 2P*,68549.5824,1.5,5s2.5p4.(1D<2>).6s 2[2],0.1218,9.544e+07,0.1
145.9145,7602.9762,0.5,5s2.5p5 2P*,76136.2488,1.5,5s2.5p4.(3P<2>).6d 2[1],0.01594,1.249e+07,0.02
146.5829,7602.9762,0.5,5s2.5p5 2P*,75823.7462,1.5,5s2.5p4.(3P<1>).5d 2[2],0.3817,2.963e+08,-0.1
146.8185,7602.9762,0.5,5s2.5p5 2P*,75714.2677,0.5,5s2.5p4.(3P<2>).6d 2[0],0.0003068,4.747e+05,0.0
148.5925,0.0,1.5,5s2.5p5 2P*,67298.1641,0.5,5s2.5p4.(3P<2>).5d 2[1],0.001739,2.627e+06,0.01
149.2888,7602.9762,0.5,5s2.5p5 2P*,74587.2507,1.5,5s2.5p4.(3P<1>).5d 2[1],0.01347,1.008e+07,-0.02
150.7047,0.0,1.5,5s2.5p5 2P*,66354.9277,1.5,5s2.5p4.(3P<2>).5d 2[1],0.03145,2.309e+07,-0.03
151.4322,7602.9762,0.5,5s2.5p5 2P*,73639.1366,1.5,5s2.5p4.(3P<0>).5d 2[2],0.005335,3.88e+06,0.01
151.4686,0.0,1.5,5s2.5p5 2P*,66020.3051,2.5,5s2.5p4.(3P<2>).5d 2[3],0.08449,4.094e+07,0.11
151.8034,7602.9762,0.5,5s2.5p5 2P*,73477.6678,0.5,5s2.5p4.(1D<2>).5d 2[0],0.1526,2.208e+08,0.26
152.6445,7602.9762,0.5,5s2.5p5 2P*,73114.655,0.5,5s2.5p4.(3P<1>).5d 2[1],0.003779,5.409e+06,0.01
154.5792,7602.9762,0.5,5s2.5p5 2P*,72294.7216,1.5,5s2.5p4.(3P<2>).7s 2[2],0.002661,1.857e+06,0.01
158.2614,0.0,1.5,5s2.5p5 2P*,63186.5971,0.5,5s2.5p4.(3P<1>).6s 2[1],0.3342,4.45e+08,-0.59
159.3582,7602.9762,0.5,5s2.5p5 2P*,70354.673,1.5,5s2.5p4.(3P<2>).5d 2[2],0.2344,1.539e+08,-0.08
161.7610,0.0,1.5,5s2.5p5 2P*,61819.6111,1.5,5s2.5p4.(3P<1>).6s 2[1],0.3634,2.316e+08,0.78
163.9006,7602.9762,0.5,5s2.5p5 2P*,68615.5757,0.5,5s2.5p4.(3P<2>).5d 2[0],0.0003821,4.744e+05,-0.0
164.0780,7602.9762,0.5,5s2.5p5 2P*,68549.5824,1.5,5s2.5p4.(1D<2>).6s 2[2],0.2173,1.346e+08,-0.15
164.2142,0.0,1.5,5s2.5p5 2P*,60896.0739,0.5,5s2.5p4.(3P<0>).6s 2[0],0.08013,9.911e+07,0.9
167.5177,7602.9762,0.5,5s2.5p5 2P*,67298.1641,0.5,5s2.5p4.(3P<2>).5d 2[1],0.0009386,1.115e+06,0.0
170.2071,7602.9762,0.5,5s2.5p5 2P*,66354.9277,1.5,5s2.5p4.(3P<2>).5d 2[1],0.046,2.648e+07,0.03
178.2763,0.0,1.5,5s2.5p5 2P*,56092.7112,1.5,5s2.5p4.(3P<2>).6s 2[2],0.8295,4.352e+08,-0.67
179.9091,7602.9762,0.5,5s2.5p5 2P*,63186.5971,0.5,5s2.5p4.(3P<1>).6s 2[1],0.3335,3.436e+08,-0.38
183.0386,0.0,1.5,5s2.5p5 2P*,54633.2819,2.5,5s2.5p4.(3P<2>).6s 2[2],0.04834,1.604e+07,-0.47
184.4452,7602.9762,0.5,5s2.5p5 2P*,61819.6111,1.5,5s2.5p4.(3P<1>).6s 2[1],0.03414,1.674e+07,-0.27
187.6416,7602.9762,0.5,5s2.5p5 2P*,60896.0739,0.5,5s2.5p4.(3P<0>).6s 2[0],0.0009592,9.086e+05,-0.02
206.2292,7602.9762,0.5,5s2.5p5 2P*,56092.7112,1.5,5s2.5p4.(3P<2>).6s 2[2],0.03181,1.247e+07,0.07
359.7416,54633.2819,2.5,5s2.5p4.(3P<2>).6s 2[2],82431.01,1.5,5s2.5p4.(3P<1>).7p 2[2]*,0.0007248,9.339e+04,0.0
359.8335,54633.2819,2.5,5s2.5p4.(3P<2>).6s 2[2],82423.916,1.5,5s2.5p4.(3P<1>).7p 2[1]*,6.988e-07,89.99,-0.0
362.5749,54633.2819,2.5,5s2.5p4.(3P<2>).6s 2[2],82213.791,2.5,5s2.5p4.(3P<1>).7p 2[2]*,5.101e-05,4314,0.0
369.1472,54633.2819,2.5,5s2.5p4.(3P<2>).6s 2[2],81722.75,1.5,5s2.5p4.(3P<0>).7p 2[1]*,0.0004334,5.303e+04,0.0
377.0342,56092.7112,1.5,5s2.5p4.(3P<2>).6s 2[2],82615.505,0.5,5s2.5p4.(3P<1>).7p 2[1]*,0.00041,9.62e+04,0.0
379.6752,56092.7112,1.5,5s2.5p4.(3P<2>).6s 2[2],82431.01,1.5,5s2.5p4.(3P<1>).7p 2[2]*,0.002856,3.304e+05,0.0
379.7775,56092.7112,1.5,5s2.5p4.(3P<2>).6s 2[2],82423.916,1.5,5s2.5p4.(3P<1>).7p 2[1]*,0.0009334,1.079e+05,0.0
382.8326,56092.7112,1.5,5s2.5p4.(3P<2>).6s 2[2],82213.791,2.5,5s2.5p4.(3P<1>).7p 2[2]*,0.004309,3.268e+05,0.01
390.1672,56092.7112,1.5,5s2.5p4.(3P<2>).6s 2[2],81722.75,1.5,5s2.5p4.(3P<0>).7p 2[1]*,7.679e-05,8411,-0.0
391.9731,56092.7112,1.5,5s2.5p4.(3P<2>).6s 2[2],81604.664,0.5,5s2.5p4.(3P<0>).7p 2[1]*,0.0009577,2.079e+05,0.0
392.2799,54633.2819,2.5,5s2.5p4.(3P<2>).6s 2[2],80125.2861,2.5,5s2.5p4.(1D<2>).6p 2[2]*,0.00891,6.437e+05,0.0
393.4845,56092.7112,1.5,5s2.5p4.(3P<2>).6s 2[2],81506.674,0.5,5s2.5p4.(3P<1>).7p 2[0]*,3.48e-05,7496,0.0
393.6021,54633.2819,2.5,5s2.5p4.(3P<2>).6s 2[2],80039.65,1.5,5s2.5p4.(1D<2>).6p 2[2]*,0.001729,1.862e+05,-0.01
396.0721,54633.2819,2.5,5s2.5p4.(3P<2>).6s 2[2],79881.208,1.5,5s2.5p4.(3P<2>).5f 2[1]*,0.001467,1.559e+05,0.0
396.6012,54633.2819,2.5,5s2.5p4.(3P<2>).6s 2[2],79847.529,3.5,5s2.5p4.(3P<2>).5f 2[3]*,8.461e-05,4485,-0.0
396.6518,54633.2819,2.5,5s2.5p4.(3P<2>).6s 2[2],79844.3129,2.5,5s2.5p4.(3P<2>).5f 2[3]*,0.0002403,1.698e+04,0.0
396.7197,54633.2819,2.5,5s2.5p4.(3P<2>).6s 2[2],79839.9979,2.5,5s2.5p4.(3P<2>).5f 2[2]*,2.576e-05,1819,0.0
396.8331,54633.2819,2.5,5s2.5p4.(3P<2>).6s 2[2],79832.7939,3.5,5s2.5p4.(3P<2>).5f 2[4]*,0.002984,1.58e+05,0.0
406.6493,54633.2819,2.5,5s2.5p4.(3P<2>).6s 2[2],79224.4978,1.5,5s2.5p4.(3P<2>).8p 2[1]*,0.005867,5.917e+05,0.01
410.3380,54633.2819,2.5,5s2.5p4.(3P<2>).6s 2[2],79003.437,3.5,5s2.5p4.(1D<2>).6p 2[3]*,0.001815,8.986e+04,0.0
412.8595,54633.2819,2.5,5s2.5p4.(3P<2>).6s 2[2],78854.595,2.5,5s2.5p4.(3P<2>).8p 2[3]*,0.001304,8.506e+04,0.02
413.0377,54633.2819,2.5,5s2.5p4.(3P<2>).6s 2[2],78844.149,3.5,5s2.5p4.(3P<2>).8p 2[3]*,0.04162,2.034e+06,0.37
413.5311,54633.2819,2.5,5s2.5p4.(3P<2>).6s 2[2],78815.2628,1.5,5s2.5p4.(3P<2>).8p 2[2]*,0.01492,1.455e+06,-0.05
414.9586,54633.2819,2.5,5s2.5p4.(3P<2>).6s 2[2],78732.074,2.5,5s2.5p4.(3P<2>).8p 2[2]*,0.03098,2e+06,0.15
416.1019,56092.7112,1.5,5s2.5p4.(3P<2>).6s 2[2],80125.2861,2.5,5s2.5p4.(1D<2>).6p 2[2]*,0.004626,2.971e+05,0.0
417.3774,54633.2819,2.5,5s2.5p4.(3P<2>).6s 2[2],78592.4119,2.5,5s2.5p4.(1D<2>).6p 2[3]*,0.0009045,5.772e+04,-0.0
417.5899,56092.7112,1.5,5s2.5p4.(3P<2>).6s 2[2],80039.65,1.5,5s2.5p4.(1D<2>).6p 2[2]*,0.002781,2.66e+05,0.0
420.3645,56092.7112,1.5,5s2.5p4.(3P<2>).6s 2[2],79881.588,0.5,5s2.5p4.(3P<2>).5f 2[1]*,3.101e-05,5852,-0.0
420.3712,56092.7112,1.5,5s2.5p4.(3P<2>).6s 2[2],79881.208,1.5,5s2.5p4.(3P<2>).5f 2[1]*,0.007595,7.167e+05,0.02
420.4895,54633.2819,2.5,5s2.5p4.(3P<2>).6s 2[2],78415.0912,1.5,5s2.5p4.(1D<2>).6p 2[1]*,0.002391,2.255e+05,0.0
421.0242,56092.7112,1.5,5s2.5p4.(3P<2>).6s 2[2],79844.3129,2.5,5s2.5p4.(3P<2>).5f 2[3]*,0.001439,9.023e+04,-0.0
421.1007,56092.7112,1.5,5s2.5p4.(3P<2>).6s 2[2],79839.9979,2.5,5s2.5p4.(3P<2>).5f 2[2]*,2.133e-05,1338,0.0
421.1940,56092.7112,1.5,5s2.5p4.(3P<2>).6s 2[2],79834.739,1.5,5s2.5p4.(3P<2>).5f 2[2]*,0.0004541,4.269e+04,0.01
423.5722,56092.7112,1.5,5s2.5p4.(3P<2>).6s 2[2],79701.4352,0.5,5s2.5p4.(1D<2>).6p 2[1]*,3.39e-05,6303,0.0
432.3056,56092.7112,1.5,5s2.5p4.(3P<2>).6s 2[2],79224.4978,1.5,5s2.5p4.(3P<2>).8p 2[1]*,0.0001464,1.306e+04,-0.0
439.1098,54633.2819,2.5,5s2.5p4.(3P<2>).6s 2[2],77406.6276,1.5,5s2.5p4.(3P<2>).4f 2[1]*,3.522e-06,304.6,-0.0
439.3309,56092.7112,1.5,5s2.5p4.(3P<2>).6s 2[2],78854.595,2.5,5s2.5p4.(3P<2>).8p 2[3]*,0.0005048,2.908e+04,0.0
440.0217,54633.2819,2.5,5s2.5p4.(3P<2>).6s 2[2],77359.4339,2.5,5s2.5p4.(3P<2>).4f 2[2]*,1.111e-05,638.1,-0.0
440.0789,54633.2819,2.5,5s2.5p4.(3P<2>).6s 2[2],77356.4812,1.5,5s2.5p4.(3P<2>).4f 2[2]*,6.728e-07,57.93,-0.0
440.0914,56092.7112,1.5,5s2.5p4.(3P<2>).6s 2[2],78815.2628,1.5,5s2.5p4.(3P<2>).8p 2[2]*,2.068e-06,178.1,-0.0
440.7771,56092.7112,1.5,5s2.5p4.(3P<2>).6s 2[2],78779.9156,0.5,5s2.5p4.(3P<2>).8p 2[1]*,0.001685,2.893e+05,0.01
440.9168,54633.2819,2.5,5s2.5p4.(3P<2>).6s 2[2],77313.2986,3.5,5s2.5p4.(3P<2>).4f 2[3]*,0.0001425,6114,0.0
441.0364,54633.2819,2.5,5s2.5p4.(3P<2>).6s 2[2],77307.1471,2.5,5s2.5p4.(3P<2>).4f 2[3]*,2.023e-05,1156,-0.0
441.0369,54633.2819,2.5,5s2.5p4.(3P<2>).6s 2[2],77307.1197,3.5,5s2.5p4.(3P<2>).4f 2[4]*,3.266e-05,1400,0.0
441.7085,56092.7112,1.5,5s2.5p4.(3P<2>).6s 2[2],78732.074,2.5,5s2.5p4.(3P<2>).8p 2[2]*,0.0001702,9697,0.0
444.4504,56092.7112,1.5,5s2.5p4.(3P<2>).6s 2[2],78592.4119,2.5,5s2.5p4.(1D<2>).6p 2[3]*,0.008463,4.763e+05,0.0
447.9809,56092.7112,1.5,5s2.5p4.(3P<2>).6s 2[2],78415.0912,1.5,5s2.5p4.(1D<2>).6p 2[1]*,0.01941,1.613e+06,0.03
460.4172,60896.0739,0.5,5s2.5p4.(3P<0>).6s 2[0],82615.505,0.5,5s2.5p4.(3P<1>).7p 2[1]*,2.761e-05,4344,0.0
464.3617,60896.0739,0.5,5s2.5p4.(3P<0>).6s 2[0],82431.01,1.5,5s2.5p4.(3P<1>).7p 2[2]*,0.003638,2.813e+05,-0.01
464.5147,60896.0739,0.5,5s2.5p4.(3P<0>).6s 2[0],82423.916,1.5,5s2.5p4.(3P<1>).7p 2[1]*,0.001524,1.178e+05,0.01
469.1770,56092.7112,1.5,5s2.5p4.(3P<2>).6s 2[2],77406.6276,1.5,5s2.5p4.(3P<2>).4f 2[1]*,0.00194,1.47e+05,0.03
469.2303,56092.7112,1.5,5s2.5p4.(3P<2>).6s 2[2],77404.2088,0.5,5s2.5p4.(3P<2>).4f 2[1]*,0.0001819,2.756e+04,0.01
470.2182,56092.7112,1.5,5s2.5p4.(3P<2>).6s 2[2],77359.4339,2.5,5s2.5p4.(3P<2>).4f 2[2]*,0.004988,2.508e+05,0.03
470.2835,56092.7112,1.5,5s2.5p4.(3P<2>).6s 2[2],77356.4812,1.5,5s2.5p4.(3P<2>).4f 2[2]*,1.626e-05,1226,-0.0
471.3771,56092.7112,1.5,5s2.5p4.(3P<2>).6s 2[2],77307.1471,2.5,5s2.5p4.(3P<2>).4f 2[3]*,0.0007943,3.974e+04,0.01
476.4630,54633.2819,2.5,5s2.5p4.(3P<2>).6s 2[2],75621.2694,1.5,5s2.5p4.(3P<2>).7p 2[1]*,0.009504,6.981e+05,0.02
480.1534,60896.0739,0.5,5s2.5p4.(3P<0>).6s 2[0],81722.75,1.5,5s2.5p4.(3P<0>).7p 2[1]*,0.03579,2.589e+06,0.12
480.8642,61819.6111,1.5,5s2.5p4.(3P<1>).6s 2[1],82615.505,0.5,5s2.5p4.(3P<1>).7p 2[1]*,0.0003913,5.644e+04,0.0
482.8914,60896.0739,0.5,5s2.5p4.(3P<0>).6s 2[0],81604.664,0.5,5s2.5p4.(3P<0>).7p 2[1]*,0.003638,5.203e+05,-0.03
485.1684,61819.6111,1.5,5s2.5p4.(3P<1>).6s 2[1],82431.01,1.5,5s2.5p4.(3P<1>).7p 2[2]*,0.02969,2.103e+06,-0.04
485.1872,60896.0739,0.5,5s2.5p4.(3P<0>).6s 2[0],81506.674,0.5,5s2.5p4.(3P<1>).7p 2[0]*,0.01562,2.213e+06,-0.12
485.3355,61819.6111,1.5,5s2.5p4.(3P<1>).6s 2[1],82423.916,1.5,5s2.5p4.(3P<1>).7p 2[1]*,0.01227,8.686e+05,0.03
486.3668,54633.2819,2.5,5s2.5p4.(3P<2>).6s 2[2],75193.8973,3.5,5s2.5p4.(3P<2>).7p 2[3]*,0.07019,2.474e+06,0.26
486.4311,54633.2819,2.5,5s2.5p4.(3P<2>).6s 2[2],75191.1777,2.5,5s2.5p4.(3P<2>).7p 2[3]*,0.0005695,2.676e+04,0.0
489.8102,54633.2819,2.5,5s2.5p4.(3P<2>).6s 2[2],75049.3522,1.5,5s2.5p4.(3P<2>).7p 2[2]*,0.02854,1.983e+06,-0.04
490.3360,61819.6111,1.5,5s2.5p4.(3P<1>).6s 2[1],82213.791,2.5,5s2.5p4.(3P<1>).7p 2[2]*,0.04315,1.995e+06,0.08
491.8308,54633.2819,2.5,5s2.5p4.(3P<2>).6s 2[2],74965.4759,2.5,5s2.5p4.(3P<2>).7p 2[2]*,0.05554,2.552e+06,0.11
502.4333,61819.6111,1.5,5s2.5p4.(3P<1>).6s 2[1],81722.75,1.5,5s2.5p4.(3P<0>).7p 2[1]*,0.002336,1.543e+05,-0.01
505.4321,61819.6111,1.5,5s2.5p4.(3P<1>).6s 2[1],81604.664,0.5,5s2.5p4.(3P<0>).7p 2[1]*,0.01176,1.535e+06,0.04
507.9478,61819.6111,1.5,5s2.5p4.(3P<1>).6s 2[1],81506.674,0.5,5s2.5p4.(3P<1>).7p 2[0]*,0.003518,4.548e+05,-0.01
512.0706,56092.7112,1.5,5s2.5p4.(3P<2>).6s 2[2],75621.2694,1.5,5s2.5p4.(3P<2>).7p 2[1]*,0.05485,3.488e+06,0.09
514.6970,63186.5971,0.5,5s2.5p4.(3P<1>).6s 2[1],82615.505,0.5,5s2.5p4.(3P<1>).7p 2[1]*,0.02825,3.557e+06,0.05
519.6313,63186.5971,0.5,5s2.5p4.(3P<1>).6s 2[1],82431.01,1.5,5s2.5p4.(3P<1>).7p 2[2]*,0.01856,1.146e+06,0.05
519.8230,63186.5971,0.5,5s2.5p4.(3P<1>).6s 2[1],82423.916,1.5,5s2.5p4.(3P<1>).7p 2[1]*,0.0104,6.418e+05,0.06
520.5569,56092.7112,1.5,5s2.5p4.(3P<2>).6s 2[2],75302.906,0.5,5s2.5p4.(3P<2>).7p 2[1]*,0.01041,1.282e+06,0.03
522.3684,60896.0739,0.5,5s2.5p4.(3P<0>).6s 2[0],80039.65,1.5,5s2.5p4.(1D<2>).6p 2[2]*,6.502e-06,397.4,0.0
523.6022,56092.7112,1.5,5s2.5p4.(3P<2>).6s 2[2],75191.1777,2.5,5s2.5p4.(3P<2>).7p 2[3]*,0.02546,1.032e+06,0.08
526.7174,60896.0739,0.5,5s2.5p4.(3P<0>).6s 2[0],79881.588,0.5,5s2.5p4.(3P<2>).5f 2[1]*,0.000163,1.959e+04,-0.0
526.7279,60896.0739,0.5,5s2.5p4.(3P<0>).6s 2[0],79881.208,1.5,5s2.5p4.(3P<2>).5f 2[1]*,0.001057,6.355e+04,-0.0
527.5196,56092.7112,1.5,5s2.5p4.(3P<2>).6s 2[2],75049.3522,1.5,5s2.5p4.(3P<2>).7p 2[2]*,0.003747,2.245e+05,0.01
528.0203,60896.0739,0.5,5s2.5p4.(3P<0>).6s 2[0],79834.739,1.5,5s2.5p4.(3P<2>).5f 2[2]*,4.884e-05,2921,0.0
529.8641,56092.7112,1.5,5s2.5p4.(3P<2>).6s 2[2],74965.4759,2.5,5s2.5p4.(3P<2>).7p 2[2]*,0.0008748,3.464e+04,-0.01
531.7632,60896.0739,0.5,5s2.5p4.(3P<0>).6s 2[0],79701.4352,0.5,5s2.5p4.(1D<2>).6p 2[1]*,0.00022,2.595e+04,0.0
539.4863,63186.5971,0.5,5s2.5p4.(3P<1>).6s 2[1],81722.75,1.5,5s2.5p4.(3P<0>).7p 2[1]*,5.335e-05,3057,0.0
542.8541,54633.2819,2.5,5s2.5p4.(3P<2>).6s 2[2],73054.4376,1.5,5s2.5p4.(3P<1>).6p 2[1]*,0.000404,2.286e+04,0.01
542.9451,63186.5971,0.5,5s2.5p4.(3P<1>).6s 2[1],81604.664,0.5,5s2.5p4.(3P<0>).7p 2[1]*,0.001017,1.151e+05,-0.01
545.6007,60896.0739,0.5,5s2.5p4.(3P<0>).6s 2[0],79224.4978,1.5,5s2.5p4.(3P<2>).8p 2[1]*,0.0002109,1.181e+04,-0.0
545.8492,63186.5971,0.5,5s2.5p4.(3P<1>).6s 2[1],81506.674,0.5,5s2.5p4.(3P<1>).7p 2[0]*,4.072e-05,4558,0.0
546.2787,61819.6111,1.5,5s2.5p4.(3P<1>).6s 2[1],80125.2861,2.5,5s2.5p4.(1D<2>).6p 2[2]*,0.003046,1.135e+05,-0.01
548.8462,61819.6111,1.5,5s2.5p4.(3P<1>).6s 2[1],80039.65,1.5,5s2.5p4.(1D<2>).6p 2[2]*,0.002375,1.315e+05,-0.0
550.2451,54633.2819,2.5,5s2.5p4.(3P<2>).6s 2[2],72807.0009,1.5,5s2.5p4.(3P<1>).6p 2[2]*,0.00461,2.539e+05,0.0
553.6493,61819.6111,1.5,5s2.5p4.(3P<1>).6s 2[1],79881.588,0.5,5s2.5p4.(3P<2>).5f 2[1]*,0.000188,2.045e+04,0.01
553.6609,61819.6111,1.5,5s2.5p4.(3P<1>).6s 2[1],79881.208,1.5,5s2.5p4.(3P<2>).5f 2[1]*,0.0009598,5.221e+04,-0.0
554.7942,61819.6111,1.5,5s2.5p4.(3P<1>).6s 2[1],79844.3129,2.5,5s2.5p4.(3P<2>).5f 2[3]*,0.001338,4.833e+04,0.01
554.9270,61819.6111,1.5,5s2.5p4.(3P<1>).6s 2[1],79839.9979,2.5,5s2.5p4.(3P<2>).5f 2[2]*,0.0002016,7280,0.0
555.0890,61819.6111,1.5,5s2.5p4.(3P<1>).6s 2[1],79834.739,1.5,5s2.5p4.(3P<2>).5f 2[2]*,0.0006787,3.673e+04,-0.01
558.0610,60896.0739,0.5,5s2.5p4.(3P<0>).6s 2[0],78815.2628,1.5,5s2.5p4.(3P<2>).8p 2[2]*,5.681e-05,3042,0.0
558.7923,54633.2819,2.5,5s2.5p4.(3P<2>).6s 2[2],72529.02,2.5,5s2.5p4.(3P<1>).6p 2[2]*,0.003424,1.219e+05,-0.0
559.0814,64906.1234,2.5,5s2.5p4.(3P<2>).6p 2[2]*,82792.608,2.5,5s2.5p4.(3P<1>).6d 2[2],0.0009823,3.494e+04,0.0
559.1640,60896.0739,0.5,5s2.5p4.(3P<0>).6s 2[0],78779.9156,0.5,5s2.5p4.(3P<2>).8p 2[1]*,1.873e-06,199.8,-0.0
559.2271,61819.6111,1.5,5s2.5p4.(3P<1>).6s 2[1],79701.4352,0.5,5s2.5p4.(1D<2>).6p 2[1]*,0.0009448,1.008e+05,-0.0
561.7101,64989.8299,1.5,5s2.5p4.(3P<2>).6p 2[2]*,82792.608,2.5,5s2.5p4.(3P<1>).6d 2[2],0.0009875,3.48e+04,0.0
568.5072,64906.1234,2.5,5s2.5p4.(3P<2>).6p 2[2]*,82496.05,1.5,5s2.5p4.(3P<1>).6d 2[2],0.0008745,4.512e+04,-0.0
568.6514,64906.1234,2.5,5s2.5p4.(3P<2>).6p 2[2]*,82491.59,2.5,5s2.5p4.(3P<1>).6d 2[3],0.0002199,7562,-0.0
570.7637,64906.1234,2.5,5s2.5p4.(3P<2>).6p 2[2]*,82426.508,1.5,5s2.5p4.(3P<0>).6d 2[2],7.146e-06,365.8,-0.0
570.8083,60896.0739,0.5,5s2.5p4.(3P<0>).6s 2[0],78415.0912,1.5,5s2.5p4.(1D<2>).6p 2[1]*,0.001117,5.719e+04,-0.0
571.2255,64989.8299,1.5,5s2.5p4.(3P<2>).6p 2[2]*,82496.05,1.5,5s2.5p4.(3P<1>).6d 2[2],0.006554,3.35e+05,-0.01
571.3711,64989.8299,1.5,5s2.5p4.(3P<2>).6p 2[2]*,82491.59,2.5,5s2.5p4.(3P<1>).6d 2[3],0.0107,3.642e+05,-0.0
571.7160,64906.1234,2.5,5s2.5p4.(3P<2>).6p 2[2]*,82397.325,2.5,5s2.5p4.(3P<0>).6d 2[2],0.02235,7.601e+05,-0.01
573.5037,64989.8299,1.5,5s2.5p4.(3P<2>).6p 2[2]*,82426.508,1.5,5s2.5p4.(3P<0>).6d 2[2],0.000257,1.303e+04,-0.0
574.4652,64989.8299,1.5,5s2.5p4.(3P<2>).6p 2[2]*,82397.325,2.5,5s2.5p4.(3P<0>).6d 2[2],2.358e-05,794.4,-0.0
574.5513,61819.6111,1.5,5s2.5p4.(3P<1>).6s 2[1],79224.4978,1.5,5s2.5p4.(3P<2>).8p 2[1]*,0.009515,4.807e+05,0.03
576.5912,54633.2819,2.5,5s2.5p4.(3P<2>).6s 2[2],71976.5916,1.5,5s2.5p4.(3P<0>).6p 2[1]*,0.003709,1.86e+05,0.0
577.0610,64906.1234,2.5,5s2.5p4.(3P<2>).6p 2[2]*,82235.315,1.5,5s2.5p4.(1D<2>).5d 2[2],2.655e-05,1330,-0.0
578.2251,56092.7112,1.5,5s2.5p4.(3P<2>).6s 2[2],73387.0136,0.5,5s2.5p4.(3P<1>).6p 2[1]*,0.0003903,3.893e+04,0.0
579.5925,64906.1234,2.5,5s2.5p4.(3P<2>).6p 2[2]*,82159.624,1.5,5s2.5p4.(3P<1>).6d 2[1],0.003202,1.589e+05,0.0
579.8619,64989.8299,1.5,5s2.5p4.(3P<2>).6p 2[2]*,82235.315,1.5,5s2.5p4.(1D<2>).5d 2[2],8.135e-05,4035,-0.0
580.1063,64906.1234,2.5,5s2.5p4.(3P<2>).6p 2[2]*,82144.343,2.5,5s2.5p4.(1D<2>).5d 2[3],0.001174,3.88e+04,-0.0
582.4182,64989.8299,1.5,5s2.5p4.(3P<2>).6p 2[2]*,82159.624,1.5,5s2.5p4.(3P<1>).6d 2[1],0.0001404,6903,-0.0
582.9370,64989.8299,1.5,5s2.5p4.(3P<2>).6p 2[2]*,82144.343,2.5,5s2.5p4.(1D<2>).5d 2[3],0.0002668,8729,0.0
583.1483,65644.311,2.5,5s2.5p4.(3P<2>).6p 2[3]*,82792.608,2.5,5s2.5p4.(3P<1>).6d 2[2],0.001045,3.416e+04,0.0
583.6041,64906.1234,2.5,5s2.5p4.(3P<2>).6p 2[2]*,82041.027,2.5,5s2.5p4.(1D<2>).5d 2[2],0.001753,5.722e+04,0.0
584.0171,65669.8213,3.5,5s2.5p4.(3P<2>).6p 2[3]*,82792.608,2.5,5s2.5p4.(3P<1>).6d 2[2],0.0004225,1.377e+04,-0.0
586.4691,64989.8299,1.5,5s2.5p4.(3P<2>).6p 2[2]*,82041.027,2.5,5s2.5p4.(1D<2>).5d 2[2],0.008519,2.754e+05,-0.0
586.9031,64989.8299,1.5,5s2.5p4.(3P<2>).6p 2[2]*,82028.417,0.5,5s2.5p4.(3P<1>).6d 2[1],0.001753,1.697e+05,-0.0
587.0273,61819.6111,1.5,5s2.5p4.(3P<1>).6s 2[1],78854.595,2.5,5s2.5p4.(3P<2>).8p 2[3]*,0.01155,3.727e+05,0.09
588.3858,61819.6111,1.5,5s2.5p4.(3P<1>).6s 2[1],78815.2628,1.5,5s2.5p4.(3P<2>).8p 2[2]*,0.00724,3.487e+05,0.03
589.5626,56092.7112,1.5,5s2.5p4.(3P<2>).6s 2[2],73054.4376,1.5,5s2.5p4.(3P<1>).6p 2[1]*,0.008331,3.997e+05,0.01
589.6121,61819.6111,1.5,5s2.5p4.(3P<1>).6s 2[1],78779.9156,0.5,5s2.5p4.(3P<2>).8p 2[1]*,0.001685,1.617e+05,0.02
591.2799,61819.6111,1.5,5s2.5p4.(3P<1>).6s 2[1],78732.074,2.5,5s2.5p4.(3P<2>).8p 2[2]*,0.0004231,1.345e+04,-0.0
593.3643,63186.5971,0.5,5s2.5p4.(3P<1>).6s 2[1],80039.65,1.5,5s2.5p4.(1D<2>).6p 2[2]*,0.0007351,3.482e+04,0.0
593.4106,65644.311,2.5,5s2.5p4.(3P<2>).6p 2[3]*,82496.05,1.5,5s2.5p4.(3P<1>).6d 2[2],0.001254,5.938e+04,0.01
594.4678,65669.8213,3.5,5s2.5p4.(3P<2>).6p 2[3]*,82491.59,2.5,5s2.5p4.(3P<1>).6d 2[3],0.01059,3.33e+05,0.02
595.8695,65644.311,2.5,5s2.5p4.(3P<2>).6p 2[3]*,82426.508,1.5,5s2.5p4.(3P<0>).6d 2[2],2.626e-06,123.3,0.0
596.2033,61819.6111,1.5,5s2.5p4.(3P<1>).6s 2[1],78592.4119,2.5,5s2.5p4.(1D<2>).6p 2[3]*,0.007469,2.336e+05,-0.01
596.9075,65644.311,2.5,5s2.5p4.(3P<2>).6p 2[3]*,82397.325,2.5,5s2.5p4.(3P<0>).6d 2[2],0.005999,1.872e+05,0.0
597.8178,65669.8213,3.5,5s2.5p4.(3P<2>).6p 2[3]*,82397.325,2.5,5s2.5p4.(3P<0>).6d 2[2],0.00498,1.549e+05,-0.01
598.2905,56092.7112,1.5,5s2.5p4.(3P<2>).6s 2[2],72807.0009,1.5,5s2.5p4.(3P<1>).6p 2[2]*,0.00753,3.508e+05,0.0
598.9821,63186.5971,0.5,5s2.5p4.(3P<1>).6s 2[1],79881.588,0.5,5s2.5p4.(3P<2>).5f 2[1]*,8.078e-05,7509,-0.0
598.9957,63186.5971,0.5,5s2.5p4.(3P<1>).6s 2[1],79881.208,1.5,5s2.5p4.(3P<2>).5f 2[1]*,0.002913,1.354e+05,0.01
600.6676,63186.5971,0.5,5s2.5p4.(3P<1>).6s 2[1],79834.739,1.5,5s2.5p4.(3P<2>).5f 2[2]*,0.0002471,1.142e+04,0.0
600.9885,65856.7962,0.5,5s2.5p4.(3P<2>).6p 2[1]*,82496.05,1.5,5s2.5p4.(3P<1>).6d 2[2],0.002637,1.217e+05,0.0
602.5737,61819.6111,1.5,5s2.5p4.(3P<1>).6s 2[1],78415.0912,1.5,5s2.5p4.(1D<2>).6p 2[1]*,0.006227,2.86e+05,-0.01
602.7363,65644.311,2.5,5s2.5p4.(3P<2>).6p 2[3]*,82235.315,1.5,5s2.5p4.(1D<2>).5d 2[2],5.375e-05,2467,0.0
603.5108,65856.7962,0.5,5s2.5p4.(3P<2>).6p 2[1]*,82426.508,1.5,5s2.5p4.(3P<0>).6d 2[2],0.001301,5.956e+04,0.0
605.4987,65644.311,2.5,5s2.5p4.(3P<2>).6p 2[3]*,82159.624,1.5,5s2.5p4.(3P<1>).6d 2[1],0.0004942,2.248e+04,-0.0
605.5161,63186.5971,0.5,5s2.5p4.(3P<1>).6s 2[1],79701.4352,0.5,5s2.5p4.(1D<2>).6p 2[1]*,0.002793,2.541e+05,0.0
605.6732,60896.0739,0.5,5s2.5p4.(3P<0>).6s 2[0],77406.6276,1.5,5s2.5p4.(3P<2>).4f 2[1]*,0.003837,1.744e+05,-0.03
605.7620,60896.0739,0.5,5s2.5p4.(3P<0>).6s 2[0],77404.2088,0.5,5s2.5p4.(3P<2>).4f 2[1]*,0.003163,2.874e+05,-0.02
606.0594,65644.311,2.5,5s2.5p4.(3P<2>).6p 2[3]*,82144.343,2.5,5s2.5p4.(1D<2>).5d 2[3],0.004973,1.505e+05,0.0
606.9979,65669.8213,3.5,5s2.5p4.(3P<2>).6p 2[3]*,82144.343,2.5,5s2.5p4.(1D<2>).5d 2[3],0.008323,2.511e+05,-0.01
607.5184,60896.0739,0.5,5s2.5p4.(3P<0>).6s 2[0],77356.4812,1.5,5s2.5p4.(3P<2>).4f 2[2]*,0.0002743,1.239e+04,0.0
608.4091,56092.7112,1.5,5s2.5p4.(3P<2>).6s 2[2],72529.02,2.5,5s2.5p4.(3P<1>).6p 2[2]*,0.02164,6.499e+05,0.01
609.3583,66020.3051,2.5,5s2.5p4.(3P<2>).5d 2[3],82431.01,1.5,5s2.5p4.(3P<1>).7p 2[2]*,0.007912,3.553e+05,-0.0
609.6219,66020.3051,2.5,5s2.5p4.(3P<2>).5d 2[3],82423.916,1.5,5s2.5p4.(3P<1>).7p 2[1]*,0.005416,2.43e+05,0.01
609.8782,65644.311,2.5,5s2.5p4.(3P<2>).6p 2[3]*,82041.027,2.5,5s2.5p4.(1D<2>).5d 2[2],7.44e-05,2224,-0.0
610.5558,65856.7962,0.5,5s2.5p4.(3P<2>).6p 2[1]*,82235.315,1.5,5s2.5p4.(1D<2>).5d 2[2],0.002719,1.216e+05,0.0
610.8286,65669.8213,3.5,5s2.5p4.(3P<2>).6p 2[3]*,82041.027,2.5,5s2.5p4.(1D<2>).5d 2[2],0.004743,1.413e+05,0.01
613.3905,65856.7962,0.5,5s2.5p4.(3P<2>).6p 2[1]*,82159.624,1.5,5s2.5p4.(3P<1>).6d 2[1],0.0001782,7900,0.0
614.9843,66354.9277,1.5,5s2.5p4.(3P<2>).5d 2[1],82615.505,0.5,5s2.5p4.(3P<1>).7p 2[1]*,0.05171,4.56e+06,-0.04
617.3248,66014.863,3.5,5s2.5p4.(3P<2>).5d 2[3],82213.791,2.5,5s2.5p4.(3P<1>).7p 2[2]*,0.01389,4.051e+05,0.01
617.5323,66020.3051,2.5,5s2.5p4.(3P<2>).5d 2[3],82213.791,2.5,5s2.5p4.(3P<1>).7p 2[2]*,0.003869,1.128e+05,-0.0
618.3672,65856.7962,0.5,5s2.5p4.(3P<2>).6p 2[1]*,82028.417,0.5,5s2.5p4.(3P<1>).6d 2[1],0.002644,2.306e+05,0.0
618.5698,64906.1234,2.5,5s2.5p4.(3P<2>).6p 2[2]*,81072.448,1.5,5s2.5p4.(1D<2>).5d 2[1],0.003087,1.346e+05,0.01
621.7893,64989.8299,1.5,5s2.5p4.(3P<2>).6p 2[2]*,81072.448,1.5,5s2.5p4.(1D<2>).5d 2[1],0.00476,2.053e+05,0.0
622.0421,66354.9277,1.5,5s2.5p4.(3P<2>).5d 2[1],82431.01,1.5,5s2.5p4.(3P<1>).7p 2[2]*,0.000525,2.262e+04,-0.0
622.3167,66354.9277,1.5,5s2.5p4.(3P<2>).5d 2[1],82423.916,1.5,5s2.5p4.(3P<1>).7p 2[1]*,0.005207,2.242e+05,0.01
623.5230,63186.5971,0.5,5s2.5p4.(3P<1>).6s 2[1],79224.4978,1.5,5s2.5p4.(3P<2>).8p 2[1]*,0.0003893,1.67e+04,0.0
629.5691,56092.7112,1.5,5s2.5p4.(3P<2>).6s 2[2],71976.5916,1.5,5s2.5p4.(3P<0>).6p 2[1]*,0.002362,9.937e+04,-0.0
630.5622,66354.9277,1.5,5s2.5p4.(3P<2>).5d 2[1],82213.791,2.5,5s2.5p4.(3P<1>).7p 2[2]*,0.002538,7.098e+04,-0.01
635.7019,67061.9638,1.5,5s2.5p4.(3P<2>).6p 2[1]*,82792.608,2.5,5s2.5p4.(3P<1>).6d 2[2],0.002055,5.653e+04,0.0
636.0884,56092.7112,1.5,5s2.5p4.(3P<2>).6s 2[2],71813.7975,0.5,5s2.5p4.(3P<0>).6p 2[1]*,0.002554,2.105e+05,0.01
636.8435,66020.3051,2.5,5s2.5p4.(3P<2>).5d 2[3],81722.75,1.5,5s2.5p4.(3P<0>).7p 2[1]*,0.001068,4.39e+04,0.0
639.8499,63186.5971,0.5,5s2.5p4.(3P<1>).6s 2[1],78815.2628,1.5,5s2.5p4.(3P<2>).8p 2[2]*,0.001143,4.657e+04,0.01
641.5596,61819.6111,1.5,5s2.5p4.(3P<1>).6s 2[1],77406.6276,1.5,5s2.5p4.(3P<2>).4f 2[1]*,6.09e-05,2467,0.0
641.6592,61819.6111,1.5,5s2.5p4.(3P<1>).6s 2[1],77404.2088,0.5,5s2.5p4.(3P<2>).4f 2[1]*,0.0002161,1.751e+04,0.01
643.5080,61819.6111,1.5,5s2.5p4.(3P<1>).6s 2[1],77359.4339,2.5,5s2.5p4.(3P<2>).4f 2[2]*,0.0001273,3417,0.0
643.6303,61819.6111,1.5,5s2.5p4.(3P<1>).6s 2[1],77356.4812,1.5,5s2.5p4.(3P<2>).4f 2[2]*,0.001202,4.838e+04,-0.01
645.6805,61819.6111,1.5,5s2.5p4.(3P<1>).6s 2[1],77307.1471,2.5,5s2.5p4.(3P<2>).4f 2[3]*,0.002013,5.368e+04,-0.02
647.9166,67061.9638,1.5,5s2.5p4.(3P<2>).6p 2[1]*,82496.05,1.5,5s2.5p4.(3P<1>).6d 2[2],0.003155,1.253e+05,-0.0
648.1038,67061.9638,1.5,5s2.5p4.(3P<2>).6p 2[1]*,82491.59,2.5,5s2.5p4.(3P<1>).6d 2[3],0.0001833,4851,0.0
648.1664,65644.311,2.5,5s2.5p4.(3P<2>).6p 2[3]*,81072.448,1.5,5s2.5p4.(1D<2>).5d 2[1],0.01427,5.664e+05,-0.02
648.9880,56092.7112,1.5,5s2.5p4.(3P<2>).6s 2[2],71501.3162,0.5,5s2.5p4.(3P<1>).6p 2[0]*,0.000333,2.637e+04,0.0
650.7103,66354.9277,1.5,5s2.5p4.(3P<2>).5d 2[1],81722.75,1.5,5s2.5p4.(3P<0>).7p 2[1]*,0.004268,1.681e+05,-0.01
650.8491,67061.9638,1.5,5s2.5p4.(3P<2>).6p 2[1]*,82426.508,1.5,5s2.5p4.(3P<0>).6d 2[2],0.001149,4.524e+04,-0.0
652.0877,67061.9638,1.5,5s2.5p4.(3P<2>).6p 2[1]*,82397.325,2.5,5s2.5p4.(3P<0>).6d 2[2],0.03023,7.903e+05,-0.01
652.8548,67298.1641,0.5,5s2.5p4.(3P<2>).5d 2[1],82615.505,0.5,5s2.5p4.(3P<1>).7p 2[1]*,0.005031,3.936e+05,-0.01
655.7490,66354.9277,1.5,5s2.5p4.(3P<2>).5d 2[1],81604.664,0.5,5s2.5p4.(3P<0>).7p 2[1]*,0.01512,1.172e+06,-0.02
656.6637,63186.5971,0.5,5s2.5p4.(3P<1>).6s 2[1],78415.0912,1.5,5s2.5p4.(1D<2>).6p 2[1]*,0.003718,1.438e+05,0.01
657.2180,65856.7962,0.5,5s2.5p4.(3P<2>).6p 2[1]*,81072.448,1.5,5s2.5p4.(1D<2>).5d 2[1],0.06496,2.508e+06,-0.02
659.0502,67061.9638,1.5,5s2.5p4.(3P<2>).6p 2[1]*,82235.315,1.5,5s2.5p4.(1D<2>).5d 2[2],0.001331,5.109e+04,-0.0
659.9899,66354.9277,1.5,5s2.5p4.(3P<2>).5d 2[1],81506.674,0.5,5s2.5p4.(3P<1>).7p 2[0]*,0.0003377,2.585e+04,0.0
660.8142,67298.1641,0.5,5s2.5p4.(3P<2>).5d 2[1],82431.01,1.5,5s2.5p4.(3P<1>).7p 2[2]*,0.003914,1.495e+05,-0.01
661.1242,67298.1641,0.5,5s2.5p4.(3P<2>).5d 2[1],82423.916,1.5,5s2.5p4.(3P<1>).7p 2[1]*,0.001056,4.027e+04,0.0
662.3543,67061.9638,1.5,5s2.5p4.(3P<2>).6p 2[1]*,82159.624,1.5,5s2.5p4.(3P<1>).6d 2[1],0.03816,1.45e+06,-0.01
663.0254,67061.9638,1.5,5s2.5p4.(3P<2>).6p 2[1]*,82144.343,2.5,5s2.5p4.(1D<2>).5d 2[3],0.05985,1.513e+06,-0.02
667.5985,67061.9638,1.5,5s2.5p4.(3P<2>).6p 2[1]*,82041.027,2.5,5s2.5p4.(1D<2>).5d 2[2],1.091e-05,272.1,-0.0
668.1610,67061.9638,1.5,5s2.5p4.(3P<2>).6p 2[1]*,82028.417,0.5,5s2.5p4.(3P<1>).6d 2[1],0.006742,5.037e+05,0.0
669.9136,65669.8213,3.5,5s2.5p4.(3P<2>).6p 2[3]*,80597.12,4.5,5s2.5p4.(1D<2>).5d 2[4],0.0175,2.601e+05,-0.0
679.1081,60896.0739,0.5,5s2.5p4.(3P<0>).6s 2[0],75621.2694,1.5,5s2.5p4.(3P<2>).7p 2[1]*,0.0003358,1.214e+04,0.0
689.0746,64906.1234,2.5,5s2.5p4.(3P<2>).6p 2[2]*,79418.34,2.5,5s2.5p4.(3P<2>).7d 2[2],0.0008295,1.942e+04,-0.0
690.1490,64906.1234,2.5,5s2.5p4.(3P<2>).6p 2[2]*,79395.7471,1.5,5s2.5p4.(3P<2>).7d 2[2],0.0004415,1.546e+04,0.0
693.0723,64989.8299,1.5,5s2.5p4.(3P<2>).6p 2[2]*,79418.34,2.5,5s2.5p4.(3P<2>).7d 2[2],0.005732,1.327e+05,-0.0
693.2608,67298.1641,0.5,5s2.5p4.(3P<2>).5d 2[1],81722.75,1.5,5s2.5p4.(3P<0>).7p 2[1]*,0.0001998,6932,-0.0
694.1151,60896.0739,0.5,5s2.5p4.(3P<0>).6s 2[0],75302.906,0.5,5s2.5p4.(3P<2>).7p 2[1]*,0.003379,2.339e+05,-0.06
694.1592,64989.8299,1.5,5s2.5p4.(3P<2>).6p 2[2]*,79395.7471,1.5,5s2.5p4.(3P<2>).7d 2[2],0.001046,3.62e+04,-0.0
694.2900,64989.8299,1.5,5s2.5p4.(3P<2>).6p 2[2]*,79393.0339,0.5,5s2.5p4.(3P<2>).7d 2[0],0.0007812,5.405e+04,-0.0
698.9830,67298.1641,0.5,5s2.5p4.(3P<2>).5d 2[1],81604.664,0.5,5s2.5p4.(3P<0>).7p 2[1]*,0.01347,9.194e+05,-0.02
699.5318,64989.8299,1.5,5s2.5p4.(3P<2>).6p 2[2]*,79285.106,0.5,5s2.5p4.(3P<1>).7s 2[1],1.395e-05,951,0.0
702.0376,64906.1234,2.5,5s2.5p4.(3P<2>).6p 2[2]*,79150.374,3.5,5s2.5p4.(3P<2>).7d 2[4],8.896e-05,1505,0.0
703.2334,63186.5971,0.5,5s2.5p4.(3P<1>).6s 2[1],77406.6276,1.5,5s2.5p4.(3P<2>).4f 2[1]*,0.003886,1.31e+05,0.03
703.3530,63186.5971,0.5,5s2.5p4.(3P<1>).6s 2[1],77404.2088,0.5,5s2.5p4.(3P<2>).4f 2[1]*,0.003737,2.52e+05,-0.09
703.8036,67298.1641,0.5,5s2.5p4.(3P<2>).5d 2[1],81506.674,0.5,5s2.5p4.(3P<1>).7p 2[0]*,0.001606,1.081e+05,0.0
705.7221,63186.5971,0.5,5s2.5p4.(3P<1>).6s 2[1],77356.4812,1.5,5s2.5p4.(3P<2>).4f 2[2]*,0.0138,4.619e+05,0.09
706.5501,60896.0739,0.5,5s2.5p4.(3P<0>).6s 2[0],75049.3522,1.5,5s2.5p4.(3P<2>).7p 2[2]*,0.01869,6.243e+05,-0.04
707.9792,64906.1234,2.5,5s2.5p4.(3P<2>).6p 2[2]*,79030.8318,1.5,5s2.5p4.(3P<2>).7d 2[1],0.03588,1.194e+06,-0.07
708.6960,66014.863,3.5,5s2.5p4.(3P<2>).5d 2[3],80125.2861,2.5,5s2.5p4.(1D<2>).6p 2[2]*,0.004495,9.949e+04,0.0
708.9694,66020.3051,2.5,5s2.5p4.(3P<2>).5d 2[3],80125.2861,2.5,5s2.5p4.(1D<2>).6p 2[2]*,0.1044,2.309e+06,-0.03
710.9381,68549.5824,1.5,5s2.5p4.(1D<2>).6s 2[2],82615.505,0.5,5s2.5p4.(3P<1>).7p 2[1]*,0.1265,8.348e+06,0.08
712.1999,64989.8299,1.5,5s2.5p4.(3P<2>).6p 2[2]*,79030.8318,1.5,5s2.5p4.(3P<2>).7d 2[1],0.1454,4.781e+06,-0.15
712.3996,64906.1234,2.5,5s2.5p4.(3P<2>).6p 2[2]*,78943.1882,2.5,5s2.5p4.(3P<2>).7d 2[3],0.1326,2.904e+06,-0.12
713.3001,66020.3051,2.5,5s2.5p4.(3P<2>).5d 2[3],80039.65,1.5,5s2.5p4.(1D<2>).6p 2[2]*,0.02604,8.534e+05,0.02
713.7512,67061.9638,1.5,5s2.5p4.(3P<2>).6p 2[1]*,81072.448,1.5,5s2.5p4.(1D<2>).5d 2[1],0.008142,2.665e+05,0.0
714.2893,68615.5757,0.5,5s2.5p4.(3P<2>).5d 2[0],82615.505,0.5,5s2.5p4.(3P<1>).7p 2[1]*,0.001991,1.301e+05,-0.0
714.4001,64906.1234,2.5,5s2.5p4.(3P<2>).6p 2[2]*,78903.8826,3.5,5s2.5p4.(3P<2>).7d 2[3],0.1563,2.553e+06,-0.1
715.0567,64906.1234,2.5,5s2.5p4.(3P<2>).6p 2[2]*,78891.0285,1.5,5s2.5p4.(3P<1>).7s 2[1],0.0001112,3625,-0.0
716.6733,64989.8299,1.5,5s2.5p4.(3P<2>).6p 2[2]*,78943.1882,2.5,5s2.5p4.(3P<2>).7d 2[3],0.09778,2.116e+06,-0.08
719.3624,64989.8299,1.5,5s2.5p4.(3P<2>).6p 2[2]*,78891.0285,1.5,5s2.5p4.(3P<1>).7s 2[1],0.005143,1.657e+05,-0.0
719.4491,64989.8299,1.5,5s2.5p4.(3P<2>).6p 2[2]*,78889.3531,0.5,5s2.5p4.(3P<2>).7d 2[1],0.06477,4.173e+06,0.14
720.3870,68549.5824,1.5,5s2.5p4.(1D<2>).6s 2[2],82431.01,1.5,5s2.5p4.(3P<1>).7p 2[2]*,0.003496,1.123e+05,-0.0
720.7553,68549.5824,1.5,5s2.5p4.(1D<2>).6s 2[2],82423.916,1.5,5s2.5p4.(3P<1>).7p 2[1]*,0.001241,3.985e+04,-0.0
721.4537,66020.3051,2.5,5s2.5p4.(3P<2>).5d 2[3],79881.208,1.5,5s2.5p4.(3P<2>).5f 2[1]*,0.07857,2.517e+06,-0.05
722.3071,66014.863,3.5,5s2.5p4.(3P<2>).5d 2[3],79859.389,4.5,5s2.5p4.(3P<2>).5f 2[5]*,5.333e-06,68.19,0.0
722.3702,68587.6921,2.5,5s2.5p4.(1D<2>).6s 2[2],82431.01,1.5,5s2.5p4.(3P<1>).7p 2[2]*,0.1305,4.169e+06,0.15
722.7405,68587.6921,2.5,5s2.5p4.(1D<2>).6s 2[2],82423.916,1.5,5s2.5p4.(3P<1>).7p 2[1]*,3.827e-05,1222,0.0
722.9264,66014.863,3.5,5s2.5p4.(3P<2>).5d 2[3],79847.529,3.5,5s2.5p4.(3P<2>).5f 2[3]*,0.01241,1.979e+05,0.03
723.0946,66014.863,3.5,5s2.5p4.(3P<2>).5d 2[3],79844.3129,2.5,5s2.5p4.(3P<2>).5f 2[3]*,0.0001408,2993,0.0
723.2110,66020.3051,2.5,5s2.5p4.(3P<2>).5d 2[3],79847.529,3.5,5s2.5p4.(3P<2>).5f 2[3]*,0.0394,6.281e+05,-0.03
723.3202,66014.863,3.5,5s2.5p4.(3P<2>).5d 2[3],79839.9979,2.5,5s2.5p4.(3P<2>).5f 2[2]*,0.01296,2.754e+05,0.04
723.3792,66020.3051,2.5,5s2.5p4.(3P<2>).5d 2[3],79844.3129,2.5,5s2.5p4.(3P<2>).5f 2[3]*,1.834e-05,389.5,0.0
723.6051,66020.3051,2.5,5s2.5p4.(3P<2>).5d 2[3],79839.9979,2.5,5s2.5p4.(3P<2>).5f 2[2]*,0.06479,1.376e+06,-0.04
723.6974,66014.863,3.5,5s2.5p4.(3P<2>).5d 2[3],79832.7939,3.5,5s2.5p4.(3P<2>).5f 2[4]*,0.03404,5.42e+05,0.02
723.8281,68615.5757,0.5,5s2.5p4.(3P<2>).5d 2[0],82431.01,1.5,5s2.5p4.(3P<1>).7p 2[2]*,0.0001863,5930,-0.0
723.8743,66014.863,3.5,5s2.5p4.(3P<2>).5d 2[3],79829.417,4.5,5s2.5p4.(3P<2>).5f 2[4]*,0.2886,3.674e+06,-0.06
723.8805,66020.3051,2.5,5s2.5p4.(3P<2>).5d 2[3],79834.739,1.5,5s2.5p4.(3P<2>).5f 2[2]*,0.008485,2.7e+05,0.03
723.9825,66020.3051,2.5,5s2.5p4.(3P<2>).5d 2[3],79832.7939,3.5,5s2.5p4.(3P<2>).5f 2[4]*,0.4394,6.989e+06,-0.09
724.5506,61819.6111,1.5,5s2.5p4.(3P<1>).6s 2[1],75621.2694,1.5,5s2.5p4.(3P<2>).7p 2[1]*,0.0009544,3.032e+04,-0.0
726.0040,65644.311,2.5,5s2.5p4.(3P<2>).6p 2[3]*,79418.34,2.5,5s2.5p4.(3P<2>).7d 2[2],0.03442,7.261e+05,0.03
726.1975,66354.9277,1.5,5s2.5p4.(3P<2>).5d 2[1],80125.2861,2.5,5s2.5p4.(1D<2>).6p 2[2]*,0.03011,6.347e+05,-0.03
727.1968,65644.311,2.5,5s2.5p4.(3P<2>).6p 2[3]*,79395.7471,1.5,5s2.5p4.(3P<2>).7d 2[2],0.002954,9.316e+04,0.0
727.3511,65669.8213,3.5,5s2.5p4.(3P<2>).6p 2[3]*,79418.34,2.5,5s2.5p4.(3P<2>).7d 2[2],0.0004483,9421,-0.0
730.7419,66354.9277,1.5,5s2.5p4.(3P<2>).5d 2[1],80039.65,1.5,5s2.5p4.(1D<2>).6p 2[2]*,0.1398,4.367e+06,-0.06
731.8389,68549.5824,1.5,5s2.5p4.(1D<2>).6s 2[2],82213.791,2.5,5s2.5p4.(3P<1>).7p 2[2]*,0.002311,4.796e+04,0.0
732.3638,68559.3743,3.5,5s2.5p4.(3P<2>).5d 2[4],82213.791,2.5,5s2.5p4.(3P<1>).7p 2[2]*,0.00642,1.331e+05,0.01
733.8858,68587.6921,2.5,5s2.5p4.(1D<2>).6s 2[2],82213.791,2.5,5s2.5p4.(3P<1>).7p 2[2]*,0.02003,4.134e+05,0.04
738.6097,65856.7962,0.5,5s2.5p4.(3P<2>).6p 2[1]*,79395.7471,1.5,5s2.5p4.(3P<2>).7d 2[2],0.05708,1.745e+06,0.04
738.7577,65856.7962,0.5,5s2.5p4.(3P<2>).6p 2[1]*,79393.0339,0.5,5s2.5p4.(3P<2>).7d 2[0],0.05234,3.198e+06,-0.12
739.2808,66354.9277,1.5,5s2.5p4.(3P<2>).5d 2[1],79881.588,0.5,5s2.5p4.(3P<2>).5f 2[1]*,0.01288,7.859e+05,0.07
739.3016,66354.9277,1.5,5s2.5p4.(3P<2>).5d 2[1],79881.208,1.5,5s2.5p4.(3P<2>).5f 2[1]*,0.007926,2.418e+05,-0.01
740.4082,65644.311,2.5,5s2.5p4.(3P<2>).6p 2[3]*,79150.374,3.5,5s2.5p4.(3P<2>).7d 2[4],0.4504,6.85e+06,-0.45
741.3236,66354.9277,1.5,5s2.5p4.(3P<2>).5d 2[1],79844.3129,2.5,5s2.5p4.(3P<2>).5f 2[3]*,0.007196,1.456e+05,-0.0
741.5608,66354.9277,1.5,5s2.5p4.(3P<2>).5d 2[1],79839.9979,2.5,5s2.5p4.(3P<2>).5f 2[2]*,0.005537,1.119e+05,0.0
741.6585,61819.6111,1.5,5s2.5p4.(3P<1>).6s 2[1],75302.906,0.5,5s2.5p4.(3P<2>).7p 2[1]*,0.002197,1.332e+05,-0.01
741.8501,66354.9277,1.5,5s2.5p4.(3P<2>).5d 2[1],79834.739,1.5,5s2.5p4.(3P<2>).5f 2[2]*,0.08117,2.46e+06,-0.08
744.6954,65856.7962,0.5,5s2.5p4.(3P<2>).6p 2[1]*,79285.106,0.5,5s2.5p4.(3P<1>).7s 2[1],0.01051,6.323e+05,-0.01
744.8413,64989.8299,1.5,5s2.5p4.(3P<2>).6p 2[2]*,78415.508,0.5,5s2.5p4.(3P<0>).7s 2[0],0.01118,6.722e+05,-0.01
747.0201,65644.311,2.5,5s2.5p4.(3P<2>).6p 2[3]*,79030.8318,1.5,5s2.5p4.(3P<2>).7d 2[1],0.001352,4.041e+04,0.01
747.1043,65669.8213,3.5,5s2.5p4.(3P<2>).6p 2[3]*,79054.833,4.5,5s2.5p4.(3P<2>).7d 2[4],0.466,5.568e+06,-0.4
747.8555,61819.6111,1.5,5s2.5p4.(3P<1>).6s 2[1],75191.1777,2.5,5s2.5p4.(3P<2>).7p 2[3]*,0.0005692,1.131e+04,-0.0
749.2597,66354.9277,1.5,5s2.5p4.(3P<2>).5d 2[1],79701.4352,0.5,5s2.5p4.(1D<2>).6p 2[1]*,0.09682,5.752e+06,-0.05
751.9432,65644.311,2.5,5s2.5p4.(3P<2>).6p 2[3]*,78943.1882,2.5,5s2.5p4.(3P<2>).7d 2[3],0.01037,2.038e+05,0.04
753.3884,65669.8213,3.5,5s2.5p4.(3P<2>).6p 2[3]*,78943.1882,2.5,5s2.5p4.(3P<2>).7d 2[3],0.01556,3.048e+05,0.09
754.1722,65644.311,2.5,5s2.5p4.(3P<2>).6p 2[3]*,78903.8826,3.5,5s2.5p4.(3P<2>).7d 2[3],0.006753,9.9e+04,0.02
754.9040,65644.311,2.5,5s2.5p4.(3P<2>).6p 2[3]*,78891.0285,1.5,5s2.5p4.(3P<1>).7s 2[1],9.199e-06,269.2,-0.0
755.6259,65669.8213,3.5,5s2.5p4.(3P<2>).6p 2[3]*,78903.8826,3.5,5s2.5p4.(3P<2>).7d 2[3],0.1172,1.712e+06,0.23
755.8727,61819.6111,1.5,5s2.5p4.(3P<1>).6s 2[1],75049.3522,1.5,5s2.5p4.(3P<2>).7p 2[2]*,0.009542,2.785e+05,-0.02
757.3352,66020.3051,2.5,5s2.5p4.(3P<2>).5d 2[3],79224.4978,1.5,5s2.5p4.(3P<2>).8p 2[1]*,0.01089,3.167e+05,0.01
759.0688,65856.7962,0.5,5s2.5p4.(3P<2>).6p 2[1]*,79030.8318,1.5,5s2.5p4.(3P<2>).7d 2[1],0.01715,4.964e+05,0.03
759.1189,68549.5824,1.5,5s2.5p4.(1D<2>).6s 2[2],81722.75,1.5,5s2.5p4.(3P<0>).7p 2[1]*,0.007603,2.2e+05,0.01
760.6955,61819.6111,1.5,5s2.5p4.(3P<1>).6s 2[1],74965.4759,2.5,5s2.5p4.(3P<2>).7p 2[2]*,0.00378,7.262e+04,-0.01
761.3213,68587.6921,2.5,5s2.5p4.(1D<2>).6s 2[2],81722.75,1.5,5s2.5p4.(3P<0>).7p 2[1]*,0.007045,2.027e+05,0.02
762.9409,68615.5757,0.5,5s2.5p4.(3P<2>).5d 2[0],81722.75,1.5,5s2.5p4.(3P<0>).7p 2[1]*,0.006677,1.913e+05,-0.02
765.9853,68549.5824,1.5,5s2.5p4.(1D<2>).6s 2[2],81604.664,0.5,5s2.5p4.(3P<0>).7p 2[1]*,0.03156,1.794e+06,0.04
767.2105,65856.7962,0.5,5s2.5p4.(3P<2>).6p 2[1]*,78891.0285,1.5,5s2.5p4.(3P<1>).7s 2[1],0.006029,1.708e+05,0.0
767.3091,65856.7962,0.5,5s2.5p4.(3P<2>).6p 2[1]*,78889.3531,0.5,5s2.5p4.(3P<2>).7d 2[1],0.02346,1.329e+06,-0.06
769.8770,68615.5757,0.5,5s2.5p4.(3P<2>).5d 2[0],81604.664,0.5,5s2.5p4.(3P<0>).7p 2[1]*,0.002135,1.201e+05,-0.01
769.9075,66014.863,3.5,5s2.5p4.(3P<2>).5d 2[3],79003.437,3.5,5s2.5p4.(1D<2>).6p 2[3]*,0.04008,5.637e+05,-0.02
770.2302,66020.3051,2.5,5s2.5p4.(3P<2>).5d 2[3],79003.437,3.5,5s2.5p4.(1D<2>).6p 2[3]*,0.06036,8.483e+05,-0.02
771.7781,68549.5824,1.5,5s2.5p4.(1D<2>).6s 2[2],81506.674,0.5,5s2.5p4.(3P<1>).7p 2[0]*,0.01116,6.249e+05,0.02
775.7291,68615.5757,0.5,5s2.5p4.(3P<2>).5d 2[0],81506.674,0.5,5s2.5p4.(3P<1>).7p 2[0]*,0.005426,3.007e+05,0.03
778.8325,66014.863,3.5,5s2.5p4.(3P<2>).5d 2[3],78854.595,2.5,5s2.5p4.(3P<2>).8p 2[3]*,0.01037,1.901e+05,0.03
779.1627,66020.3051,2.5,5s2.5p4.(3P<2>).5d 2[3],78854.595,2.5,5s2.5p4.(3P<2>).8p 2[3]*,0.0002689,4925,0.0
779.4666,66014.863,3.5,5s2.5p4.(3P<2>).5d 2[3],78844.149,3.5,5s2.5p4.(3P<2>).8p 2[3]*,0.02387,3.276e+05,-0.05
779.7974,66020.3051,2.5,5s2.5p4.(3P<2>).5d 2[3],78844.149,3.5,5s2.5p4.(3P<2>).8p 2[3]*,1.144e-05,156.9,-0.0
781.5579,66020.3051,2.5,5s2.5p4.(3P<2>).5d 2[3],78815.2628,1.5,5s2.5p4.(3P<2>).8p 2[2]*,0.02062,5.63e+05,0.02
784.8378,67298.1641,0.5,5s2.5p4.(3P<2>).5d 2[1],80039.65,1.5,5s2.5p4.(1D<2>).6p 2[2]*,0.001904,5.156e+04,0.0
786.3359,66014.863,3.5,5s2.5p4.(3P<2>).5d 2[3],78732.074,2.5,5s2.5p4.(3P<2>).8p 2[2]*,0.0313,5.628e+05,0.02
786.6726,66020.3051,2.5,5s2.5p4.(3P<2>).5d 2[3],78732.074,2.5,5s2.5p4.(3P<2>).8p 2[2]*,0.05424,9.743e+05,0.06
790.5432,64906.1234,2.5,5s2.5p4.(3P<2>).6p 2[2]*,77555.6542,1.5,5s2.5p4.(3P<2>).8s 2[2],0.0006281,1.676e+04,-0.0
794.6963,67298.1641,0.5,5s2.5p4.(3P<2>).5d 2[1],79881.588,0.5,5s2.5p4.(3P<2>).5f 2[1]*,0.03821,2.018e+06,-0.16
794.7203,67298.1641,0.5,5s2.5p4.(3P<2>).5d 2[1],79881.208,1.5,5s2.5p4.(3P<2>).5f 2[1]*,0.007069,1.867e+05,0.01
795.0675,66014.863,3.5,5s2.5p4.(3P<2>).5d 2[3],78592.4119,2.5,5s2.5p4.(1D<2>).6p 2[3]*,0.00133,2.339e+04,-0.0
795.4116,66020.3051,2.5,5s2.5p4.(3P<2>).5d 2[3],78592.4119,2.5,5s2.5p4.(1D<2>).6p 2[3]*,0.05231,9.192e+05,0.05
795.8093,64989.8299,1.5,5s2.5p4.(3P<2>).6p 2[2]*,77555.6542,1.5,5s2.5p4.(3P<2>).8s 2[2],0.01175,3.093e+05,-0.02
796.2600,65856.7962,0.5,5s2.5p4.(3P<2>).6p 2[1]*,78415.508,0.5,5s2.5p4.(3P<0>).7s 2[0],0.004598,2.419e+05,0.01
797.1668,64906.1234,2.5,5s2.5p4.(3P<2>).6p 2[2]*,77450.5492,2.5,5s2.5p4.(3P<2>).8s 2[2],0.2192,3.835e+06,-0.06
797.6660,67298.1641,0.5,5s2.5p4.(3P<2>).5d 2[1],79834.739,1.5,5s2.5p4.(3P<2>).5f 2[2]*,0.1039,2.724e+06,0.1
800.0213,66354.9277,1.5,5s2.5p4.(3P<2>).5d 2[1],78854.595,2.5,5s2.5p4.(3P<2>).8p 2[3]*,0.001787,3.103e+04,-0.02
800.5803,60896.0739,0.5,5s2.5p4.(3P<0>).6s 2[0],73387.0136,0.5,5s2.5p4.(3P<1>).6p 2[1]*,0.009462,4.923e+05,0.03
802.5219,64989.8299,1.5,5s2.5p4.(3P<2>).6p 2[2]*,77450.5492,2.5,5s2.5p4.(3P<2>).8s 2[2],0.0001419,2450,-0.0
802.5466,66354.9277,1.5,5s2.5p4.(3P<2>).5d 2[1],78815.2628,1.5,5s2.5p4.(3P<2>).8p 2[2]*,0.02605,6.746e+05,0.04
804.2029,63186.5971,0.5,5s2.5p4.(3P<1>).6s 2[1],75621.2694,1.5,5s2.5p4.(3P<2>).7p 2[1]*,0.01614,4.161e+05,0.07
804.5905,54633.2819,2.5,5s2.5p4.(3P<2>).6s 2[2],67061.9638,1.5,5s2.5p4.(3P<2>).6p 2[1]*,0.239,6.156e+06,0.25
804.8298,66354.9277,1.5,5s2.5p4.(3P<2>).5d 2[1],78779.9156,0.5,5s2.5p4.(3P<2>).8p 2[1]*,0.008078,4.159e+05,-0.03
806.2389,67298.1641,0.5,5s2.5p4.(3P<2>).5d 2[1],79701.4352,0.5,5s2.5p4.(1D<2>).6p 2[1]*,0.002561,1.314e+05,-0.0
806.7908,66020.3051,2.5,5s2.5p4.(3P<2>).5d 2[3],78415.0912,1.5,5s2.5p4.(1D<2>).6p 2[1]*,0.06687,1.713e+06,-0.03
807.9407,66354.9277,1.5,5s2.5p4.(3P<2>).5d 2[1],78732.074,2.5,5s2.5p4.(3P<2>).8p 2[2]*,0.009305,1.585e+05,0.05
809.2988,67061.9638,1.5,5s2.5p4.(3P<2>).6p 2[1]*,79418.34,2.5,5s2.5p4.(3P<2>).7d 2[2],0.2295,3.895e+06,-0.06
810.7812,67061.9638,1.5,5s2.5p4.(3P<2>).6p 2[1]*,79395.7471,1.5,5s2.5p4.(3P<2>).7d 2[2],0.108,2.739e+06,-0.04
810.9596,67061.9638,1.5,5s2.5p4.(3P<2>).6p 2[1]*,79393.0339,0.5,5s2.5p4.(3P<2>).7d 2[0],0.03059,1.551e+06,0.05
814.3344,70151.0423,2.5,5s2.5p4.(3P<2>).5d 2[2],82431.01,1.5,5s2.5p4.(3P<1>).7p 2[2]*,0.02002,5.034e+05,-0.0
814.8051,70151.0423,2.5,5s2.5p4.(3P<2>).5d 2[2],82423.916,1.5,5s2.5p4.(3P<1>).7p 2[1]*,0.002197,5.518e+04,-0.0
815.6053,70354.673,1.5,5s2.5p4.(3P<2>).5d 2[2],82615.505,0.5,5s2.5p4.(3P<1>).7p 2[1]*,0.06573,3.296e+06,0.02
817.1614,66354.9277,1.5,5s2.5p4.(3P<2>).5d 2[1],78592.4119,2.5,5s2.5p4.(1D<2>).6p 2[3]*,0.4727,7.87e+06,-0.21
818.1202,67061.9638,1.5,5s2.5p4.(3P<2>).6p 2[1]*,79285.106,0.5,5s2.5p4.(3P<1>).7s 2[1],0.003069,1.529e+05,0.0
822.4791,60896.0739,0.5,5s2.5p4.(3P<0>).6s 2[0],73054.4376,1.5,5s2.5p4.(3P<1>).6p 2[1]*,0.08671,2.138e+06,-0.53
824.1892,67726.2533,4.5,5s2.5p4.(3P<2>).5d 2[4],79859.389,4.5,5s2.5p4.(3P<2>).5f 2[5]*,0.009213,9.047e+04,0.14
824.2284,67726.2533,4.5,5s2.5p4.(3P<2>).5d 2[4],79858.813,5.5,5s2.5p4.(3P<2>).5f 2[5]*,0.9067,7.419e+06,-0.29
824.9957,67726.2533,4.5,5s2.5p4.(3P<2>).5d 2[4],79847.529,3.5,5s2.5p4.(3P<2>).5f 2[3]*,0.001443,1.767e+04,0.02
825.3339,63186.5971,0.5,5s2.5p4.(3P<1>).6s 2[1],75302.906,0.5,5s2.5p4.(3P<2>).7p 2[1]*,0.02047,1.002e+06,0.09
825.9998,67726.2533,4.5,5s2.5p4.(3P<2>).5d 2[4],79832.7939,3.5,5s2.5p4.(3P<2>).5f 2[4]*,0.02635,3.22e+05,0.02
826.2303,67726.2533,4.5,5s2.5p4.(3P<2>).5d 2[4],79829.417,4.5,5s2.5p4.(3P<2>).5f 2[4]*,0.1218,1.19e+06,-0.27
828.0657,70354.673,1.5,5s2.5p4.(3P<2>).5d 2[2],82431.01,1.5,5s2.5p4.(3P<1>).7p 2[2]*,0.03921,9.536e+05,-0.01
828.5524,70354.673,1.5,5s2.5p4.(3P<2>).5d 2[2],82423.916,1.5,5s2.5p4.(3P<1>).7p 2[1]*,2.04e-05,495.6,-0.0
828.9985,70151.0423,2.5,5s2.5p4.(3P<2>).5d 2[2],82213.791,2.5,5s2.5p4.(3P<1>).7p 2[2]*,0.004442,7.185e+04,-0.0
829.1762,66354.9277,1.5,5s2.5p4.(3P<2>).5d 2[1],78415.0912,1.5,5s2.5p4.(1D<2>).6p 2[1]*,0.03234,7.843e+05,-0.02
833.5438,64906.1234,2.5,5s2.5p4.(3P<2>).6p 2[2]*,76903.0932,2.5,5s2.5p4.(3P<2>).6d 2[2],2.373e-06,37.98,0.0
835.5009,67061.9638,1.5,5s2.5p4.(3P<2>).6p 2[1]*,79030.8318,1.5,5s2.5p4.(3P<2>).7d 2[1],0.0001532,3659,0.0
838.4806,67298.1641,0.5,5s2.5p4.(3P<2>).5d 2[1],79224.4978,1.5,5s2.5p4.(3P<2>).8p 2[1]*,7.598e-05,1802,-0.0
839.4006,64989.8299,1.5,5s2.5p4.(3P<2>).6p 2[2]*,76903.0932,2.5,5s2.5p4.(3P<2>).6d 2[2],0.002266,3.576e+04,0.0
839.5359,65644.311,2.5,5s2.5p4.(3P<2>).6p 2[3]*,77555.6542,1.5,5s2.5p4.(3P<2>).8s 2[2],0.1439,3.406e+06,-0.32
839.5652,60896.0739,0.5,5s2.5p4.(3P<0>).6s 2[0],72807.0009,1.5,5s2.5p4.(3P<1>).6p 2[2]*,0.2323,5.495e+06,0.1
841.6641,67061.9638,1.5,5s2.5p4.(3P<2>).6p 2[1]*,78943.1882,2.5,5s2.5p4.(3P<2>).7d 2[3],0.005788,9.083e+04,0.01
842.9745,63186.5971,0.5,5s2.5p4.(3P<1>).6s 2[1],75049.3522,1.5,5s2.5p4.(3P<2>).7p 2[2]*,0.0003897,9145,-0.0
843.2330,70354.673,1.5,5s2.5p4.(3P<2>).5d 2[2],82213.791,2.5,5s2.5p4.(3P<1>).7p 2[2]*,3.283e-05,513.4,0.0
844.5474,64906.1234,2.5,5s2.5p4.(3P<2>).6p 2[2]*,76746.7844,1.5,5s2.5p4.(3P<2>).6d 2[2],0.000483,1.129e+04,-0.0
845.3754,67061.9638,1.5,5s2.5p4.(3P<2>).6p 2[1]*,78891.0285,1.5,5s2.5p4.(3P<1>).7s 2[1],0.07977,1.861e+06,-0.03
845.4951,67061.9638,1.5,5s2.5p4.(3P<2>).6p 2[1]*,78889.3531,0.5,5s2.5p4.(3P<2>).7d 2[1],0.01161,5.418e+05,-0.02
847.0098,65644.311,2.5,5s2.5p4.(3P<2>).6p 2[3]*,77450.5492,2.5,5s2.5p4.(3P<2>).8s 2[2],0.03119,4.833e+05,-0.03
848.8440,65669.8213,3.5,5s2.5p4.(3P<2>).6p 2[3]*,77450.5492,2.5,5s2.5p4.(3P<2>).8s 2[2],0.02058,3.175e+05,-0.02
850.5604,64989.8299,1.5,5s2.5p4.(3P<2>).6p 2[2]*,76746.7844,1.5,5s2.5p4.(3P<2>).6d 2[2],6.247e-05,1440,0.0
854.7843,65856.7962,0.5,5s2.5p4.(3P<2>).6p 2[1]*,77555.6542,1.5,5s2.5p4.(3P<2>).8s 2[2],0.05336,1.218e+06,-0.1
863.8784,68549.5824,1.5,5s2.5p4.(1D<2>).6s 2[2],80125.2861,2.5,5s2.5p4.(1D<2>).6p 2[2]*,0.1938,2.887e+06,0.17
864.1767,70151.0423,2.5,5s2.5p4.(3P<2>).5d 2[2],81722.75,1.5,5s2.5p4.(3P<0>).7p 2[1]*,0.009094,2.031e+05,-0.01
864.4983,61819.6111,1.5,5s2.5p4.(3P<1>).6s 2[1],73387.0136,0.5,5s2.5p4.(3P<1>).6p 2[1]*,0.003097,1.382e+05,-0.01
864.6097,68559.3743,3.5,5s2.5p4.(3P<2>).5d 2[4],80125.2861,2.5,5s2.5p4.(1D<2>).6p 2[2]*,0.008287,1.232e+05,0.01
866.7318,68587.6921,2.5,5s2.5p4.(1D<2>).6s 2[2],80125.2861,2.5,5s2.5p4.(1D<2>).6p 2[2]*,1.695,2.508e+07,0.48
868.2742,67298.1641,0.5,5s2.5p4.(3P<2>).5d 2[1],78815.2628,1.5,5s2.5p4.(3P<2>).8p 2[2]*,0.003528,7.803e+04,0.02
870.3169,68549.5824,1.5,5s2.5p4.(1D<2>).6s 2[2],80039.65,1.5,5s2.5p4.(1D<2>).6p 2[2]*,0.7216,1.589e+07,0.27
870.9473,67298.1641,0.5,5s2.5p4.(3P<2>).5d 2[1],78779.9156,0.5,5s2.5p4.(3P<2>).8p 2[1]*,0.002379,1.046e+05,-0.01
873.2131,68587.6921,2.5,5s2.5p4.(1D<2>).6s 2[2],80039.65,1.5,5s2.5p4.(1D<2>).6p 2[2]*,0.177,3.872e+06,-0.3
875.0596,64989.8299,1.5,5s2.5p4.(3P<2>).6p 2[2]*,76417.6231,0.5,5s2.5p4.(3P<2>).6d 2[1],0.00441,1.921e+05,0.01
875.3444,68615.5757,0.5,5s2.5p4.(3P<2>).5d 2[0],80039.65,1.5,5s2.5p4.(1D<2>).6p 2[2]*,0.003227,7.024e+04,0.02
878.2467,66020.3051,2.5,5s2.5p4.(3P<2>).5d 2[3],77406.6276,1.5,5s2.5p4.(3P<2>).4f 2[1]*,0.02848,6.157e+05,-0.12
880.7822,67061.9638,1.5,5s2.5p4.(3P<2>).6p 2[1]*,78415.508,0.5,5s2.5p4.(3P<0>).7s 2[0],0.000336,1.444e+04,-0.0
881.2302,66014.863,3.5,5s2.5p4.(3P<2>).5d 2[3],77362.6361,4.5,5s2.5p4.(3P<2>).4f 2[5]*,0.001992,1.711e+04,0.0
881.4789,66014.863,3.5,5s2.5p4.(3P<2>).5d 2[3],77359.4339,2.5,5s2.5p4.(3P<2>).4f 2[2]*,0.04479,6.409e+05,0.15
881.9020,66020.3051,2.5,5s2.5p4.(3P<2>).5d 2[3],77359.4339,2.5,5s2.5p4.(3P<2>).4f 2[2]*,0.23,3.288e+06,-0.14
882.1317,66020.3051,2.5,5s2.5p4.(3P<2>).5d 2[3],77356.4812,1.5,5s2.5p4.(3P<2>).4f 2[2]*,0.05608,1.202e+06,0.16
882.4563,68549.5824,1.5,5s2.5p4.(1D<2>).6s 2[2],79881.588,0.5,5s2.5p4.(3P<2>).5f 2[1]*,0.0111,4.754e+05,0.13
882.4859,68549.5824,1.5,5s2.5p4.(1D<2>).6s 2[2],79881.208,1.5,5s2.5p4.(3P<2>).5f 2[1]*,0.2738,5.864e+06,0.24
884.9546,68559.3743,3.5,5s2.5p4.(3P<2>).5d 2[4],79859.389,4.5,5s2.5p4.(3P<2>).5f 2[5]*,1.068,9.093e+06,-0.61
885.0783,66014.863,3.5,5s2.5p4.(3P<2>).5d 2[3],77313.2986,3.5,5s2.5p4.(3P<2>).4f 2[3]*,0.1631,1.736e+06,-0.16
885.3686,68549.5824,1.5,5s2.5p4.(1D<2>).6s 2[2],79844.3129,2.5,5s2.5p4.(3P<2>).5f 2[3]*,0.01515,2.148e+05,-0.01
885.4638,68587.6921,2.5,5s2.5p4.(1D<2>).6s 2[2],79881.208,1.5,5s2.5p4.(3P<2>).5f 2[1]*,0.3797,8.076e+06,0.38
885.5048,66020.3051,2.5,5s2.5p4.(3P<2>).5d 2[3],77313.2986,3.5,5s2.5p4.(3P<2>).4f 2[3]*,0.1132,1.204e+06,0.04
885.5604,66014.863,3.5,5s2.5p4.(3P<2>).5d 2[3],77307.1471,2.5,5s2.5p4.(3P<2>).4f 2[3]*,0.02496,3.539e+05,-0.16
885.5626,66014.863,3.5,5s2.5p4.(3P<2>).5d 2[3],77307.1197,3.5,5s2.5p4.(3P<2>).4f 2[4]*,0.3669,3.901e+06,0.18
885.6194,66014.863,3.5,5s2.5p4.(3P<2>).5d 2[3],77306.3948,4.5,5s2.5p4.(3P<2>).4f 2[4]*,1.744,1.483e+07,-0.2
885.7070,68549.5824,1.5,5s2.5p4.(1D<2>).6s 2[2],79839.9979,2.5,5s2.5p4.(3P<2>).5f 2[2]*,0.3755,5.321e+06,0.32
885.8844,68559.3743,3.5,5s2.5p4.(3P<2>).5d 2[4],79847.529,3.5,5s2.5p4.(3P<2>).5f 2[3]*,0.126,1.338e+06,-0.39
885.9874,66020.3051,2.5,5s2.5p4.(3P<2>).5d 2[3],77307.1471,2.5,5s2.5p4.(3P<2>).4f 2[3]*,0.2697,3.819e+06,0.18
885.9896,66020.3051,2.5,5s2.5p4.(3P<2>).5d 2[3],77307.1197,3.5,5s2.5p4.(3P<2>).4f 2[4]*,0.8632,9.168e+06,-0.15
886.1197,68549.5824,1.5,5s2.5p4.(1D<2>).6s 2[2],79834.739,1.5,5s2.5p4.(3P<2>).5f 2[2]*,0.006898,1.465e+05,-0.02
886.1369,68559.3743,3.5,5s2.5p4.(3P<2>).5d 2[4],79844.3129,2.5,5s2.5p4.(3P<2>).5f 2[3]*,0.002453,3.474e+04,0.01
886.4758,68559.3743,3.5,5s2.5p4.(3P<2>).5d 2[4],79839.9979,2.5,5s2.5p4.(3P<2>).5f 2[2]*,0.0001459,2064,-0.0
886.7462,67726.2533,4.5,5s2.5p4.(3P<2>).5d 2[4],79003.437,3.5,5s2.5p4.(1D<2>).6p 2[3]*,0.0005273,5591,0.0
887.0423,68559.3743,3.5,5s2.5p4.(3P<2>).5d 2[4],79832.7939,3.5,5s2.5p4.(3P<2>).5f 2[4]*,0.0003624,3840,-0.0
887.3081,68559.3743,3.5,5s2.5p4.(3P<2>).5d 2[4],79829.417,4.5,5s2.5p4.(3P<2>).5f 2[4]*,0.0001161,983.5,0.0
887.6255,68615.5757,0.5,5s2.5p4.(3P<2>).5d 2[0],79881.588,0.5,5s2.5p4.(3P<2>).5f 2[1]*,0.1793,7.588e+06,0.59
887.6555,68615.5757,0.5,5s2.5p4.(3P<2>).5d 2[0],79881.208,1.5,5s2.5p4.(3P<2>).5f 2[1]*,0.2017,4.268e+06,0.14
888.1123,68587.6921,2.5,5s2.5p4.(1D<2>).6s 2[2],79847.529,3.5,5s2.5p4.(3P<2>).5f 2[3]*,0.04443,4.697e+05,-0.11
888.1955,65644.311,2.5,5s2.5p4.(3P<2>).6p 2[3]*,76903.0932,2.5,5s2.5p4.(3P<2>).6d 2[2],0.004653,6.558e+04,0.0
888.3661,68587.6921,2.5,5s2.5p4.(1D<2>).6s 2[2],79844.3129,2.5,5s2.5p4.(3P<2>).5f 2[3]*,0.03368,4.744e+05,0.13
888.7067,68587.6921,2.5,5s2.5p4.(1D<2>).6s 2[2],79839.9979,2.5,5s2.5p4.(3P<2>).5f 2[2]*,0.05218,7.345e+05,-0.17
888.8896,70354.673,1.5,5s2.5p4.(3P<2>).5d 2[2],81604.664,0.5,5s2.5p4.(3P<0>).7p 2[1]*,0.001803,7.61e+04,-0.0
889.1223,68587.6921,2.5,5s2.5p4.(1D<2>).6s 2[2],79834.739,1.5,5s2.5p4.(3P<2>).5f 2[2]*,0.01054,2.223e+05,0.15
889.2761,68587.6921,2.5,5s2.5p4.(1D<2>).6s 2[2],79832.7939,3.5,5s2.5p4.(3P<2>).5f 2[4]*,1.204,1.269e+07,0.36
890.0894,61819.6111,1.5,5s2.5p4.(3P<1>).6s 2[1],73054.4376,1.5,5s2.5p4.(3P<1>).6p 2[1]*,0.0001591,3349,-0.0
890.2126,65669.8213,3.5,5s2.5p4.(3P<2>).6p 2[3]*,76903.0932,2.5,5s2.5p4.(3P<2>).6d 2[2],0.007884,1.106e+05,-0.05
890.4620,64906.1234,2.5,5s2.5p4.(3P<2>).6p 2[2]*,76136.2488,1.5,5s2.5p4.(3P<2>).6d 2[1],0.0322,6.771e+05,0.02
891.3321,68615.5757,0.5,5s2.5p4.(3P<2>).5d 2[0],79834.739,1.5,5s2.5p4.(3P<2>).5f 2[2]*,0.002535,5.321e+04,-0.0
892.8358,64906.1234,2.5,5s2.5p4.(3P<2>).6p 2[2]*,76106.3914,2.5,5s2.5p4.(3P<2>).6d 2[3],0.3577,4.988e+06,-0.17
896.7001,70354.673,1.5,5s2.5p4.(3P<2>).5d 2[2],81506.674,0.5,5s2.5p4.(3P<1>).7p 2[0]*,0.006271,2.601e+05,0.01
896.7120,68549.5824,1.5,5s2.5p4.(1D<2>).6s 2[2],79701.4352,0.5,5s2.5p4.(1D<2>).6p 2[1]*,0.4466,1.852e+07,0.24
897.1491,64989.8299,1.5,5s2.5p4.(3P<2>).6p 2[2]*,76136.2488,1.5,5s2.5p4.(3P<2>).6d 2[1],0.08298,1.719e+06,0.03
899.4508,67726.2533,4.5,5s2.5p4.(3P<2>).5d 2[4],78844.149,3.5,5s2.5p4.(3P<2>).8p 2[3]*,0.001181,1.217e+04,0.0
899.5292,67298.1641,0.5,5s2.5p4.(3P<2>).5d 2[1],78415.0912,1.5,5s2.5p4.(1D<2>).6p 2[1]*,0.01954,4.027e+05,-0.02
899.5587,64989.8299,1.5,5s2.5p4.(3P<2>).6p 2[2]*,76106.3914,2.5,5s2.5p4.(3P<2>).6d 2[3],0.3043,4.181e+06,-0.1
900.7002,65644.311,2.5,5s2.5p4.(3P<2>).6p 2[3]*,76746.7844,1.5,5s2.5p4.(3P<2>).6d 2[2],0.00123,2.529e+04,-0.0
901.0272,64906.1234,2.5,5s2.5p4.(3P<2>).6p 2[2]*,76004.5671,3.5,5s2.5p4.(3P<2>).6d 2[4],0.346,3.554e+06,-0.14
902.0500,68615.5757,0.5,5s2.5p4.(3P<2>).5d 2[0],79701.4352,0.5,5s2.5p4.(1D<2>).6p 2[1]*,0.005401,2.214e+05,-0.01
902.4849,60896.0739,0.5,5s2.5p4.(3P<0>).6s 2[0],71976.5916,1.5,5s2.5p4.(3P<0>).6p 2[1]*,1.288,2.638e+07,0.63
904.8382,66354.9277,1.5,5s2.5p4.(3P<2>).5d 2[1],77406.6276,1.5,5s2.5p4.(3P<2>).4f 2[1]*,0.02435,4.959e+05,0.04
905.0363,66354.9277,1.5,5s2.5p4.(3P<2>).5d 2[1],77404.2088,0.5,5s2.5p4.(3P<2>).4f 2[1]*,0.06318,2.573e+06,0.25
906.0811,54633.2819,2.5,5s2.5p4.(3P<2>).6s 2[2],65669.8213,3.5,5s2.5p4.(3P<2>).6p 2[3]*,3.461,3.515e+07,0.85
908.1803,54633.2819,2.5,5s2.5p4.(3P<2>).6s 2[2],65644.311,2.5,5s2.5p4.(3P<2>).6p 2[3]*,3.302e-05,445.1,-0.0
908.7186,66354.9277,1.5,5s2.5p4.(3P<2>).5d 2[1],77359.4339,2.5,5s2.5p4.(3P<2>).4f 2[2]*,0.02098,2.824e+05,0.01
908.9625,66354.9277,1.5,5s2.5p4.(3P<2>).5d 2[1],77356.4812,1.5,5s2.5p4.(3P<2>).4f 2[2]*,0.3688,7.444e+06,-0.28
909.5263,71501.3162,0.5,5s2.5p4.(3P<1>).6p 2[0]*,82496.05,1.5,5s2.5p4.(3P<1>).6d 2[2],0.02225,4.484e+05,-0.03
909.7023,64906.1234,2.5,5s2.5p4.(3P<2>).6p 2[2]*,75898.7307,2.5,5s2.5p4.(3P<1>).5d 2[2],0.03961,5.321e+05,-0.03
910.1343,61819.6111,1.5,5s2.5p4.(3P<1>).6s 2[1],72807.0009,1.5,5s2.5p4.(3P<1>).6p 2[2]*,1.243,2.502e+07,0.48
911.6391,56092.7112,1.5,5s2.5p4.(3P<2>).6s 2[2],67061.9638,1.5,5s2.5p4.(3P<2>).6p 2[1]*,1.319,2.648e+07,0.58
913.0569,66354.9277,1.5,5s2.5p4.(3P<2>).5d 2[1],77307.1471,2.5,5s2.5p4.(3P<2>).4f 2[3]*,0.6805,9.075e+06,-0.23
915.3157,71501.3162,0.5,5s2.5p4.(3P<1>).6p 2[0]*,82426.508,1.5,5s2.5p4.(3P<0>).6d 2[2],0.2386,4.748e+06,-0.2
915.9419,60896.0739,0.5,5s2.5p4.(3P<0>).6s 2[0],71813.7975,0.5,5s2.5p4.(3P<0>).6p 2[1]*,0.5827,2.316e+07,-0.59
915.9503,64906.1234,2.5,5s2.5p4.(3P<2>).6p 2[2]*,75823.7462,1.5,5s2.5p4.(3P<1>).5d 2[2],5.761e-05,1145,0.0
916.6826,64989.8299,1.5,5s2.5p4.(3P<2>).6p 2[2]*,75898.7307,2.5,5s2.5p4.(3P<1>).5d 2[2],0.03274,4.332e+05,0.01
918.2746,65856.7962,0.5,5s2.5p4.(3P<2>).6p 2[1]*,76746.7844,1.5,5s2.5p4.(3P<2>).6d 2[2],0.0002066,4086,-0.0
923.0273,64989.8299,1.5,5s2.5p4.(3P<2>).6p 2[2]*,75823.7462,1.5,5s2.5p4.(3P<1>).5d 2[2],0.01444,2.827e+05,-0.01
924.5548,71976.5916,1.5,5s2.5p4.(3P<0>).6p 2[1]*,82792.608,2.5,5s2.5p4.(3P<1>).6d 2[2],0.4288,5.577e+06,0.25
931.6193,71501.3162,0.5,5s2.5p4.(3P<1>).6p 2[0]*,82235.315,1.5,5s2.5p4.(1D<2>).5d 2[2],8.1e-05,1556,0.0
932.4498,64989.8299,1.5,5s2.5p4.(3P<2>).6p 2[2]*,75714.2677,0.5,5s2.5p4.(3P<2>).6d 2[0],0.1377,5.281e+06,0.12
933.7584,61819.6111,1.5,5s2.5p4.(3P<1>).6s 2[1],72529.02,2.5,5s2.5p4.(3P<1>).6p 2[2]*,2.565,3.271e+07,0.75
936.1322,71813.7975,0.5,5s2.5p4.(3P<0>).6p 2[1]*,82496.05,1.5,5s2.5p4.(3P<1>).6d 2[2],0.03586,6.825e+05,-0.04
936.7756,68549.5824,1.5,5s2.5p4.(1D<2>).6s 2[2],79224.4978,1.5,5s2.5p4.(3P<2>).8p 2[1]*,0.008942,1.699e+05,0.02
938.2352,71501.3162,0.5,5s2.5p4.(3P<1>).6p 2[0]*,82159.624,1.5,5s2.5p4.(3P<1>).6d 2[1],0.001328,2.516e+04,0.0
940.1319,68587.6921,2.5,5s2.5p4.(1D<2>).6s 2[2],79224.4978,1.5,5s2.5p4.(3P<2>).8p 2[1]*,0.1367,2.579e+06,-0.29
942.2664,71813.7975,0.5,5s2.5p4.(3P<0>).6p 2[1]*,82426.508,1.5,5s2.5p4.(3P<0>).6d 2[2],0.2772,5.206e+06,-0.3
942.6028,68615.5757,0.5,5s2.5p4.(3P<2>).5d 2[0],79224.4978,1.5,5s2.5p4.(3P<2>).8p 2[1]*,0.01148,2.155e+05,-0.03
942.9299,60896.0739,0.5,5s2.5p4.(3P<0>).6s 2[0],71501.3162,0.5,5s2.5p4.(3P<1>).6p 2[0]*,0.2271,8.519e+06,-0.51
942.9647,64906.1234,2.5,5s2.5p4.(3P<2>).6p 2[2]*,75510.9743,3.5,5s2.5p4.(3P<2>).6d 2[3],0.5624,5.274e+06,0.37
946.8956,65856.7962,0.5,5s2.5p4.(3P<2>).6p 2[1]*,76417.6231,0.5,5s2.5p4.(3P<2>).6d 2[1],0.1675,6.232e+06,-0.17
949.8991,71903.5759,2.5,5s2.5p4.(3P<2>).7s 2[2],82431.01,1.5,5s2.5p4.(3P<1>).7p 2[2]*,0.01068,1.974e+05,-0.0
949.9292,71501.3162,0.5,5s2.5p4.(3P<1>).6p 2[0]*,82028.417,0.5,5s2.5p4.(3P<1>).6d 2[1],0.04355,1.61e+06,-0.03
950.5396,71903.5759,2.5,5s2.5p4.(3P<2>).7s 2[2],82423.916,1.5,5s2.5p4.(3P<1>).7p 2[1]*,3.901e-06,72,0.0
950.6193,71976.5916,1.5,5s2.5p4.(3P<0>).6p 2[1]*,82496.05,1.5,5s2.5p4.(3P<1>).6d 2[2],0.005798,1.07e+05,-0.01
951.0225,71976.5916,1.5,5s2.5p4.(3P<0>).6p 2[1]*,82491.59,2.5,5s2.5p4.(3P<1>).6d 2[3],0.1602,1.969e+06,-0.13
952.9536,67061.9638,1.5,5s2.5p4.(3P<2>).6p 2[1]*,77555.6542,1.5,5s2.5p4.(3P<2>).8s 2[2],0.05068,9.306e+05,-0.04
953.1128,65644.311,2.5,5s2.5p4.(3P<2>).6p 2[3]*,76136.2488,1.5,5s2.5p4.(3P<2>).6d 2[1],0.007856,1.442e+05,0.01
955.8328,65644.311,2.5,5s2.5p4.(3P<2>).6p 2[3]*,76106.3914,2.5,5s2.5p4.(3P<2>).6d 2[3],0.06678,8.126e+05,0.06
956.9455,71976.5916,1.5,5s2.5p4.(3P<0>).6p 2[1]*,82426.508,1.5,5s2.5p4.(3P<0>).6d 2[2],0.04973,9.056e+05,-0.03
957.4818,68559.3743,3.5,5s2.5p4.(3P<2>).5d 2[4],79003.437,3.5,5s2.5p4.(1D<2>).6p 2[3]*,0.004459,4.056e+04,-0.01
958.1692,65669.8213,3.5,5s2.5p4.(3P<2>).6p 2[3]*,76106.3914,2.5,5s2.5p4.(3P<2>).6d 2[3],0.05707,6.911e+05,0.17
959.5532,71813.7975,0.5,5s2.5p4.(3P<0>).6p 2[1]*,82235.315,1.5,5s2.5p4.(1D<2>).5d 2[2],0.009446,1.711e+05,-0.02
959.6254,71976.5916,1.5,5s2.5p4.(3P<0>).6p 2[1]*,82397.325,2.5,5s2.5p4.(3P<0>).6d 2[2],0.2417,2.918e+06,-0.14
960.0850,68587.6921,2.5,5s2.5p4.(1D<2>).6s 2[2],79003.437,3.5,5s2.5p4.(1D<2>).6p 2[3]*,2.176,1.969e+07,0.67
962.5950,67061.9638,1.5,5s2.5p4.(3P<2>).6p 2[1]*,77450.5492,2.5,5s2.5p4.(3P<2>).8s 2[2],0.1753,2.103e+06,0.06
965.2271,65644.311,2.5,5s2.5p4.(3P<2>).6p 2[3]*,76004.5671,3.5,5s2.5p4.(3P<2>).6d 2[4],0.608,5.442e+06,-0.25
965.5727,54633.2819,2.5,5s2.5p4.(3P<2>).6s 2[2],64989.8299,1.5,5s2.5p4.(3P<2>).6p 2[2]*,1.35,2.415e+07,-0.7
966.5733,71813.7975,0.5,5s2.5p4.(3P<0>).6p 2[1]*,82159.624,1.5,5s2.5p4.(3P<1>).6d 2[1],0.05687,1.015e+06,-0.11
967.6097,65669.8213,3.5,5s2.5p4.(3P<2>).6p 2[3]*,76004.5671,3.5,5s2.5p4.(3P<2>).6d 2[4],0.2242,1.996e+06,0.32
968.9187,72294.7216,1.5,5s2.5p4.(3P<2>).7s 2[2],82615.505,0.5,5s2.5p4.(3P<1>).7p 2[1]*,0.01066,3.787e+05,-0.0
969.9119,71903.5759,2.5,5s2.5p4.(3P<2>).7s 2[2],82213.791,2.5,5s2.5p4.(3P<1>).7p 2[2]*,0.002306,2.725e+04,-0.0
970.4015,68549.5824,1.5,5s2.5p4.(1D<2>).6s 2[2],78854.595,2.5,5s2.5p4.(3P<2>).8p 2[3]*,0.04572,5.398e+05,0.26
971.3245,68559.3743,3.5,5s2.5p4.(3P<2>).5d 2[4],78854.595,2.5,5s2.5p4.(3P<2>).8p 2[3]*,0.01184,1.395e+05,-0.06
972.3110,68559.3743,3.5,5s2.5p4.(3P<2>).5d 2[4],78844.149,3.5,5s2.5p4.(3P<2>).8p 2[3]*,0.001292,1.139e+04,-0.04
972.8144,65856.7962,0.5,5s2.5p4.(3P<2>).6p 2[1]*,76136.2488,1.5,5s2.5p4.(3P<2>).6d 2[1],0.02249,3.963e+05,0.01
973.4405,54633.2819,2.5,5s2.5p4.(3P<2>).6s 2[2],64906.1234,2.5,5s2.5p4.(3P<2>).6p 2[2]*,2.715,3.185e+07,0.86
973.6197,64906.1234,2.5,5s2.5p4.(3P<2>).6p 2[2]*,75177.074,2.5,5s2.5p4.(3P<1>).5d 2[3],0.00255,2.99e+04,0.0
974.0036,68587.6921,2.5,5s2.5p4.(1D<2>).6s 2[2],78854.595,2.5,5s2.5p4.(3P<2>).8p 2[3]*,0.002561,3.001e+04,-0.04
974.1196,68549.5824,1.5,5s2.5p4.(1D<2>).6s 2[2],78815.2628,1.5,5s2.5p4.(3P<2>).8p 2[2]*,0.001078,1.894e+04,-0.0
974.3181,72529.02,2.5,5s2.5p4.(3P<1>).6p 2[2]*,82792.608,2.5,5s2.5p4.(3P<1>).6d 2[2],0.01377,1.613e+05,0.01
974.7802,71976.5916,1.5,5s2.5p4.(3P<0>).6p 2[1]*,82235.315,1.5,5s2.5p4.(1D<2>).5d 2[2],0.001471,2.582e+04,-0.01
974.9956,68587.6921,2.5,5s2.5p4.(1D<2>).6s 2[2],78844.149,3.5,5s2.5p4.(3P<2>).8p 2[3]*,0.0004058,3559,0.01
975.1893,65644.311,2.5,5s2.5p4.(3P<2>).6p 2[3]*,75898.7307,2.5,5s2.5p4.(3P<1>).5d 2[2],0.01038,1.214e+05,-0.01
977.4853,68549.5824,1.5,5s2.5p4.(1D<2>).6s 2[2],78779.9156,0.5,5s2.5p4.(3P<2>).8p 2[1]*,0.02709,9.456e+05,0.07
977.6213,65669.8213,3.5,5s2.5p4.(3P<2>).6p 2[3]*,75898.7307,2.5,5s2.5p4.(3P<1>).5d 2[2],0.009702,1.129e+05,-0.03
977.7493,68587.6921,2.5,5s2.5p4.(1D<2>).6s 2[2],78815.2628,1.5,5s2.5p4.(3P<2>).8p 2[2]*,0.04333,7.559e+05,-0.12
978.9890,71813.7975,0.5,5s2.5p4.(3P<0>).6p 2[1]*,82028.417,0.5,5s2.5p4.(3P<1>).6d 2[1],0.0553,1.924e+06,0.07
980.3521,63186.5971,0.5,5s2.5p4.(3P<1>).6s 2[1],73387.0136,0.5,5s2.5p4.(3P<1>).6p 2[1]*,0.7795,2.705e+07,0.62
980.4222,68615.5757,0.5,5s2.5p4.(3P<2>).5d 2[0],78815.2628,1.5,5s2.5p4.(3P<2>).8p 2[2]*,0.008748,1.518e+05,0.04
981.6197,64989.8299,1.5,5s2.5p4.(3P<2>).6p 2[2]*,75177.074,2.5,5s2.5p4.(3P<1>).5d 2[3],0.08293,9.568e+05,-0.03
982.0257,71976.5916,1.5,5s2.5p4.(3P<0>).6p 2[1]*,82159.624,1.5,5s2.5p4.(3P<1>).6d 2[1],0.03791,6.556e+05,-0.04
982.0779,68549.5824,1.5,5s2.5p4.(1D<2>).6s 2[2],78732.074,2.5,5s2.5p4.(3P<2>).8p 2[2]*,0.008447,9.737e+04,-0.06
982.3728,65644.311,2.5,5s2.5p4.(3P<2>).6p 2[3]*,75823.7462,1.5,5s2.5p4.(3P<1>).5d 2[2],0.001355,2.341e+04,-0.0
983.0232,68559.3743,3.5,5s2.5p4.(3P<2>).5d 2[4],78732.074,2.5,5s2.5p4.(3P<2>).8p 2[2]*,0.003564,4.1e+04,0.03
983.5016,71976.5916,1.5,5s2.5p4.(3P<0>).6p 2[1]*,82144.343,2.5,5s2.5p4.(1D<2>).5d 2[3],0.0003664,4211,0.0
983.8317,68615.5757,0.5,5s2.5p4.(3P<2>).5d 2[0],78779.9156,0.5,5s2.5p4.(3P<2>).8p 2[1]*,0.004578,1.577e+05,0.02
984.5446,61819.6111,1.5,5s2.5p4.(3P<1>).6s 2[1],71976.5916,1.5,5s2.5p4.(3P<0>).6p 2[1]*,0.2857,4.916e+06,-0.16
985.7673,68587.6921,2.5,5s2.5p4.(1D<2>).6s 2[2],78732.074,2.5,5s2.5p4.(3P<2>).8p 2[2]*,0.009682,1.108e+05,-0.05
986.5544,72294.7216,1.5,5s2.5p4.(3P<2>).7s 2[2],82431.01,1.5,5s2.5p4.(3P<1>).7p 2[2]*,0.02308,3.954e+05,0.0
989.2700,67298.1641,0.5,5s2.5p4.(3P<2>).5d 2[1],77406.6276,1.5,5s2.5p4.(3P<2>).4f 2[1]*,0.1022,1.741e+06,0.13
989.5068,67298.1641,0.5,5s2.5p4.(3P<2>).5d 2[1],77404.2088,0.5,5s2.5p4.(3P<2>).4f 2[1]*,0.1851,6.305e+06,-0.48
993.5977,71976.5916,1.5,5s2.5p4.(3P<0>).6p 2[1]*,82041.027,2.5,5s2.5p4.(1D<2>).5d 2[2],0.0847,9.538e+05,0.07
994.2021,67298.1641,0.5,5s2.5p4.(3P<2>).5d 2[1],77356.4812,1.5,5s2.5p4.(3P<2>).4f 2[2]*,0.5441,9.179e+06,0.32
994.8442,71976.5916,1.5,5s2.5p4.(3P<0>).6p 2[1]*,82028.417,0.5,5s2.5p4.(3P<1>).6d 2[1],0.017,5.727e+05,-0.01
995.7353,68549.5824,1.5,5s2.5p4.(1D<2>).6s 2[2],78592.4119,2.5,5s2.5p4.(1D<2>).6p 2[3]*,1.194,1.339e+07,0.41
996.6000,65669.8213,3.5,5s2.5p4.(3P<2>).6p 2[3]*,75703.9375,4.5,5s2.5p4.(3P<2>).6d 2[4],1.633,1.097e+07,-0.76
996.7071,68559.3743,3.5,5s2.5p4.(3P<2>).5d 2[4],78592.4119,2.5,5s2.5p4.(1D<2>).6p 2[3]*,0.02915,3.262e+05,0.01
999.5282,68587.6921,2.5,5s2.5p4.(1D<2>).6s 2[2],78592.4119,2.5,5s2.5p4.(1D<2>).6p 2[3]*,0.2767,3.079e+06,-0.4
1000.5817,61819.6111,1.5,5s2.5p4.(3P<1>).6s 2[1],71813.7975,0.5,5s2.5p4.(3P<0>).6p 2[1]*,0.224,7.463e+06,0.68
1001.4414,72807.0009,1.5,5s2.5p4.(3P<1>).6p 2[2]*,82792.608,2.5,5s2.5p4.(3P<1>).6d 2[2],0.0006617,7335,0.0
1002.5823,70151.0423,2.5,5s2.5p4.(3P<2>).5d 2[2],80125.2861,2.5,5s2.5p4.(1D<2>).6p 2[2]*,0.01976,2.186e+05,0.02
1003.3079,72529.02,2.5,5s2.5p4.(3P<1>).6p 2[2]*,82496.05,1.5,5s2.5p4.(3P<1>).6d 2[2],0.0007777,1.288e+04,0.0
1003.3160,65856.7962,0.5,5s2.5p4.(3P<2>).6p 2[1]*,75823.7462,1.5,5s2.5p4.(3P<1>).5d 2[2],0.01149,1.903e+05,0.0
1003.7571,72529.02,2.5,5s2.5p4.(3P<1>).6p 2[2]*,82491.59,2.5,5s2.5p4.(3P<1>).6d 2[3],0.05804,6.404e+05,0.05
1008.1591,72294.7216,1.5,5s2.5p4.(3P<2>).7s 2[2],82213.791,2.5,5s2.5p4.(3P<1>).7p 2[2]*,0.002974,3.253e+04,-0.0
1010.3574,72529.02,2.5,5s2.5p4.(3P<1>).6p 2[2]*,82426.508,1.5,5s2.5p4.(3P<0>).6d 2[2],0.003695,6.037e+04,0.01
1011.2647,70151.0423,2.5,5s2.5p4.(3P<2>).5d 2[2],80039.65,1.5,5s2.5p4.(1D<2>).6p 2[2]*,0.002227,3.631e+04,-0.0
1013.3453,72529.02,2.5,5s2.5p4.(3P<1>).6p 2[2]*,82397.325,2.5,5s2.5p4.(3P<0>).6d 2[2],0.0774,8.38e+05,-0.05
1013.3930,63186.5971,0.5,5s2.5p4.(3P<1>).6s 2[1],73054.4376,1.5,5s2.5p4.(3P<1>).6p 2[1]*,1.599,2.597e+07,0.84
1013.5139,65644.311,2.5,5s2.5p4.(3P<2>).6p 2[3]*,75510.9743,3.5,5s2.5p4.(3P<2>).6d 2[3],0.4117,3.341e+06,-0.33
1013.6325,68549.5824,1.5,5s2.5p4.(1D<2>).6s 2[2],78415.0912,1.5,5s2.5p4.(1D<2>).6p 2[1]*,0.06676,1.083e+06,0.05
1014.4589,65856.7962,0.5,5s2.5p4.(3P<2>).6p 2[1]*,75714.2677,0.5,5s2.5p4.(3P<2>).6d 2[0],0.001569,5.085e+04,0.0
1016.1411,65669.8213,3.5,5s2.5p4.(3P<2>).6p 2[3]*,75510.9743,3.5,5s2.5p4.(3P<2>).6d 2[3],0.3617,2.921e+06,-0.67
1016.1435,67061.9638,1.5,5s2.5p4.(3P<2>).6p 2[1]*,76903.0932,2.5,5s2.5p4.(3P<2>).6d 2[2],0.07818,8.418e+05,-0.02
1017.5632,68587.6921,2.5,5s2.5p4.(1D<2>).6s 2[2],78415.0912,1.5,5s2.5p4.(1D<2>).6p 2[1]*,0.7696,1.239e+07,0.53
1018.4156,71903.5759,2.5,5s2.5p4.(3P<2>).7s 2[2],81722.75,1.5,5s2.5p4.(3P<0>).7p 2[1]*,0.001854,2.981e+04,0.0
1020.4586,68615.5757,0.5,5s2.5p4.(3P<2>).5d 2[0],78415.0912,1.5,5s2.5p4.(1D<2>).6p 2[1]*,0.1141,1.827e+06,-0.09
1023.4772,70354.673,1.5,5s2.5p4.(3P<2>).5d 2[2],80125.2861,2.5,5s2.5p4.(1D<2>).6p 2[2]*,0.1442,1.53e+06,0.16
1024.1615,56092.7112,1.5,5s2.5p4.(3P<2>).6s 2[2],65856.7962,0.5,5s2.5p4.(3P<2>).6p 2[1]*,0.9077,2.886e+07,0.86
1026.8869,73054.4376,1.5,5s2.5p4.(3P<1>).6p 2[1]*,82792.608,2.5,5s2.5p4.(3P<1>).6d 2[2],0.1846,1.946e+06,-0.13
1027.7317,70151.0423,2.5,5s2.5p4.(3P<2>).5d 2[2],79881.208,1.5,5s2.5p4.(3P<2>).5f 2[1]*,0.00445,7.026e+04,0.0
1030.2592,72529.02,2.5,5s2.5p4.(3P<1>).6p 2[2]*,82235.315,1.5,5s2.5p4.(1D<2>).5d 2[2],2.007e-05,315.4,0.0
1031.3014,70151.0423,2.5,5s2.5p4.(3P<2>).5d 2[2],79847.529,3.5,5s2.5p4.(3P<2>).5f 2[3]*,1.284,1.007e+07,-0.37
1031.6435,70151.0423,2.5,5s2.5p4.(3P<2>).5d 2[2],79844.3129,2.5,5s2.5p4.(3P<2>).5f 2[3]*,0.4296,4.487e+06,0.29
1032.0930,72807.0009,1.5,5s2.5p4.(3P<1>).6p 2[2]*,82496.05,1.5,5s2.5p4.(3P<1>).6d 2[2],0.001176,1.842e+04,-0.0
1032.1030,70151.0423,2.5,5s2.5p4.(3P<2>).5d 2[2],79839.9979,2.5,5s2.5p4.(3P<2>).5f 2[2]*,0.06058,6.322e+05,0.13
1032.5270,70354.673,1.5,5s2.5p4.(3P<2>).5d 2[2],80039.65,1.5,5s2.5p4.(1D<2>).6p 2[2]*,0.3324,5.199e+06,0.14
1032.5436,67061.9638,1.5,5s2.5p4.(3P<2>).6p 2[1]*,76746.7844,1.5,5s2.5p4.(3P<2>).6d 2[2],0.00238,3.722e+04,-0.0
1032.5683,72807.0009,1.5,5s2.5p4.(3P<1>).6p 2[2]*,82491.59,2.5,5s2.5p4.(3P<1>).6d 2[3],0.3895,4.061e+06,-0.12
1032.6635,70151.0423,2.5,5s2.5p4.(3P<2>).5d 2[2],79834.739,1.5,5s2.5p4.(3P<2>).5f 2[2]*,0.001036,1.621e+04,0.01
1032.8710,70151.0423,2.5,5s2.5p4.(3P<2>).5d 2[2],79832.7939,3.5,5s2.5p4.(3P<2>).5f 2[4]*,0.4368,3.413e+06,0.23
1032.8759,61819.6111,1.5,5s2.5p4.(3P<1>).6s 2[1],71501.3162,0.5,5s2.5p4.(3P<1>).6p 2[0]*,0.6289,1.966e+07,-0.51
1032.9376,64906.1234,2.5,5s2.5p4.(3P<2>).6p 2[2]*,74587.2507,1.5,5s2.5p4.(3P<1>).5d 2[1],0.0577,9.018e+05,0.18
1037.7338,67726.2533,4.5,5s2.5p4.(3P<2>).5d 2[4],77362.6361,4.5,5s2.5p4.(3P<2>).4f 2[5]*,0.0586,3.63e+05,0.47
1037.8063,67726.2533,4.5,5s2.5p4.(3P<2>).5d 2[4],77361.963,5.5,5s2.5p4.(3P<2>).4f 2[5]*,3.436,1.773e+07,-0.52
1038.3565,72529.02,2.5,5s2.5p4.(3P<1>).6p 2[2]*,82159.624,1.5,5s2.5p4.(3P<1>).6d 2[1],0.0008274,1.28e+04,0.0
1039.4574,63186.5971,0.5,5s2.5p4.(3P<1>).6s 2[1],72807.0009,1.5,5s2.5p4.(3P<1>).6p 2[2]*,0.00542,8.365e+04,0.01
1039.5543,72807.0009,1.5,5s2.5p4.(3P<1>).6p 2[2]*,82426.508,1.5,5s2.5p4.(3P<0>).6d 2[2],0.1145,1.767e+06,-0.06
1040.0067,72529.02,2.5,5s2.5p4.(3P<1>).6p 2[2]*,82144.343,2.5,5s2.5p4.(1D<2>).5d 2[3],0.01247,1.281e+05,0.01
1041.5620,66020.3051,2.5,5s2.5p4.(3P<2>).5d 2[3],75621.2694,1.5,5s2.5p4.(3P<2>).7p 2[1]*,0.01452,2.231e+05,0.02
1041.9466,64989.8299,1.5,5s2.5p4.(3P<2>).6p 2[2]*,74587.2507,1.5,5s2.5p4.(3P<1>).5d 2[1],0.161,2.473e+06,0.17
1042.7176,72807.0009,1.5,5s2.5p4.(3P<1>).6p 2[2]*,82397.325,2.5,5s2.5p4.(3P<0>).6d 2[2],0.07071,7.23e+05,0.02
1043.0742,67726.2533,4.5,5s2.5p4.(3P<2>).5d 2[4],77313.2986,3.5,5s2.5p4.(3P<2>).4f 2[3]*,0.01069,8.194e+04,-0.28
1043.7469,67726.2533,4.5,5s2.5p4.(3P<2>).5d 2[4],77307.1197,3.5,5s2.5p4.(3P<2>).4f 2[4]*,0.0419,3.207e+05,0.49
1043.8259,67726.2533,4.5,5s2.5p4.(3P<2>).5d 2[4],77306.3948,4.5,5s2.5p4.(3P<2>).4f 2[4]*,0.4745,2.905e+06,-0.53
1044.8085,71501.3162,0.5,5s2.5p4.(3P<1>).6p 2[0]*,81072.448,1.5,5s2.5p4.(1D<2>).5d 2[1],0.01784,2.725e+05,0.01
1046.9450,56092.7112,1.5,5s2.5p4.(3P<2>).6s 2[2],65644.311,2.5,5s2.5p4.(3P<2>).6p 2[3]*,2.495,2.53e+07,0.95
1049.0138,65644.311,2.5,5s2.5p4.(3P<2>).6p 2[3]*,75177.074,2.5,5s2.5p4.(3P<1>).5d 2[3],0.02554,2.58e+05,-0.02
1049.6577,70354.673,1.5,5s2.5p4.(3P<2>).5d 2[2],79881.588,0.5,5s2.5p4.(3P<2>).5f 2[1]*,0.01789,5.415e+05,-0.2
1049.6996,70354.673,1.5,5s2.5p4.(3P<2>).5d 2[2],79881.208,1.5,5s2.5p4.(3P<2>).5f 2[1]*,0.1606,2.431e+06,-0.08
1051.3028,72529.02,2.5,5s2.5p4.(3P<1>).6p 2[2]*,82041.027,2.5,5s2.5p4.(1D<2>).5d 2[2],0.0003558,3579,-0.0
1051.8286,65669.8213,3.5,5s2.5p4.(3P<2>).6p 2[3]*,75177.074,2.5,5s2.5p4.(3P<1>).5d 2[3],0.1137,1.142e+06,0.22
1052.5374,73114.655,0.5,5s2.5p4.(3P<1>).5d 2[1],82615.505,0.5,5s2.5p4.(3P<1>).7p 2[1]*,8.746e-06,263.3,0.0
1053.7808,70354.673,1.5,5s2.5p4.(3P<2>).5d 2[2],79844.3129,2.5,5s2.5p4.(3P<2>).5f 2[3]*,0.9045,9.055e+06,-0.29
1054.2601,70354.673,1.5,5s2.5p4.(3P<2>).5d 2[2],79839.9979,2.5,5s2.5p4.(3P<2>).5f 2[2]*,0.08926,8.928e+05,-0.08
1054.8450,70354.673,1.5,5s2.5p4.(3P<2>).5d 2[2],79834.739,1.5,5s2.5p4.(3P<2>).5f 2[2]*,0.0001782,2671,0.0
1059.1411,73054.4376,1.5,5s2.5p4.(3P<1>).6p 2[1]*,82496.05,1.5,5s2.5p4.(3P<1>).6d 2[2],0.002247,3.34e+04,0.01
1059.6417,73054.4376,1.5,5s2.5p4.(3P<1>).6p 2[1]*,82491.59,2.5,5s2.5p4.(3P<1>).6d 2[3],0.1492,1.477e+06,-0.17
1060.6350,72807.0009,1.5,5s2.5p4.(3P<1>).6p 2[2]*,82235.315,1.5,5s2.5p4.(1D<2>).5d 2[2],0.0005605,8309,0.0
1060.6671,72294.7216,1.5,5s2.5p4.(3P<2>).7s 2[2],81722.75,1.5,5s2.5p4.(3P<0>).7p 2[1]*,8.55e-05,1267,-0.0
1067.0001,73054.4376,1.5,5s2.5p4.(3P<1>).6p 2[1]*,82426.508,1.5,5s2.5p4.(3P<0>).6d 2[2],0.00037,5420,0.0
1068.8718,67061.9638,1.5,5s2.5p4.(3P<2>).6p 2[1]*,76417.6231,0.5,5s2.5p4.(3P<2>).6d 2[1],0.03299,9.632e+05,0.05
1069.2188,72807.0009,1.5,5s2.5p4.(3P<1>).6p 2[2]*,82159.624,1.5,5s2.5p4.(3P<1>).6d 2[1],0.1399,2.041e+06,0.06
1069.8892,70354.673,1.5,5s2.5p4.(3P<2>).5d 2[2],79701.4352,0.5,5s2.5p4.(1D<2>).6p 2[1]*,0.07846,2.286e+06,0.03
1070.3329,73054.4376,1.5,5s2.5p4.(3P<1>).6p 2[1]*,82397.325,2.5,5s2.5p4.(3P<0>).6d 2[2],0.003696,3.587e+04,-0.0
1070.9686,72807.0009,1.5,5s2.5p4.(3P<1>).6p 2[2]*,82144.343,2.5,5s2.5p4.(1D<2>).5d 2[3],0.02216,2.148e+05,-0.01
1073.3812,73114.655,0.5,5s2.5p4.(3P<1>).5d 2[1],82431.01,1.5,5s2.5p4.(3P<1>).7p 2[2]*,0.0003096,4480,-0.0
1074.1205,72294.7216,1.5,5s2.5p4.(3P<2>).7s 2[2],81604.664,0.5,5s2.5p4.(3P<0>).7p 2[1]*,0.007276,2.103e+05,-0.0
1074.1991,73114.655,0.5,5s2.5p4.(3P<1>).5d 2[1],82423.916,1.5,5s2.5p4.(3P<1>).7p 2[1]*,0.000528,7630,-0.0
1079.1745,66354.9277,1.5,5s2.5p4.(3P<2>).5d 2[1],75621.2694,1.5,5s2.5p4.(3P<2>).7p 2[1]*,0.0002144,3070,0.0
1080.0710,71813.7975,0.5,5s2.5p4.(3P<0>).6p 2[1]*,81072.448,1.5,5s2.5p4.(1D<2>).5d 2[1],0.002775,3.967e+04,-0.0
1082.9512,72807.0009,1.5,5s2.5p4.(3P<1>).6p 2[2]*,82041.027,2.5,5s2.5p4.(1D<2>).5d 2[2],0.06295,5.967e+05,0.03
1084.4321,72807.0009,1.5,5s2.5p4.(3P<1>).6p 2[2]*,82028.417,0.5,5s2.5p4.(3P<1>).6d 2[1],0.08791,2.493e+06,-0.04
1085.5462,72294.7216,1.5,5s2.5p4.(3P<2>).7s 2[2],81506.674,0.5,5s2.5p4.(3P<1>).7p 2[0]*,0.001363,3.857e+04,0.0
1089.2205,73054.4376,1.5,5s2.5p4.(3P<1>).6p 2[1]*,82235.315,1.5,5s2.5p4.(1D<2>).5d 2[2],0.003033,4.263e+04,-0.0
1089.4392,66014.863,3.5,5s2.5p4.(3P<2>).5d 2[3],75193.8973,3.5,5s2.5p4.(3P<2>).7p 2[3]*,9.734e-06,68.38,-0.0
1089.7621,66014.863,3.5,5s2.5p4.(3P<2>).5d 2[3],75191.1777,2.5,5s2.5p4.(3P<2>).7p 2[3]*,0.002131,1.995e+04,-0.0
1090.0855,66020.3051,2.5,5s2.5p4.(3P<2>).5d 2[3],75193.8973,3.5,5s2.5p4.(3P<2>).7p 2[3]*,0.00183,1.284e+04,0.01
1090.4088,66020.3051,2.5,5s2.5p4.(3P<2>).5d 2[3],75191.1777,2.5,5s2.5p4.(3P<2>).7p 2[3]*,0.002207,2.063e+04,-0.01
1094.3509,73477.6678,0.5,5s2.5p4.(1D<2>).5d 2[0],82615.505,0.5,5s2.5p4.(3P<1>).7p 2[1]*,0.08102,2.256e+06,-0.06
1097.8110,73387.0136,0.5,5s2.5p4.(3P<1>).6p 2[1]*,82496.05,1.5,5s2.5p4.(3P<1>).6d 2[2],0.000165,2282,-0.0
1098.2752,73054.4376,1.5,5s2.5p4.(3P<1>).6p 2[1]*,82159.624,1.5,5s2.5p4.(3P<1>).6d 2[1],0.06371,8.808e+05,0.05
1099.4017,71976.5916,1.5,5s2.5p4.(3P<0>).6p 2[1]*,81072.448,1.5,5s2.5p4.(1D<2>).5d 2[1],0.0139,1.918e+05,-0.01
1100.1215,73054.4376,1.5,5s2.5p4.(3P<1>).6p 2[1]*,82144.343,2.5,5s2.5p4.(1D<2>).5d 2[3],0.07206,6.619e+05,0.11
1102.0152,67061.9638,1.5,5s2.5p4.(3P<2>).6p 2[1]*,76136.2488,1.5,5s2.5p4.(3P<2>).6d 2[1],0.1594,2.189e+06,-0.07
1102.1159,70151.0423,2.5,5s2.5p4.(3P<2>).5d 2[2],79224.4978,1.5,5s2.5p4.(3P<2>).8p 2[1]*,0.4033,5.537e+06,-0.22
1102.3625,64906.1234,2.5,5s2.5p4.(3P<2>).6p 2[2]*,73977.5493,3.5,5s2.5p4.(3P<1>).5d 2[3],0.08813,6.047e+05,-0.03
1105.6532,67061.9638,1.5,5s2.5p4.(3P<2>).6p 2[1]*,76106.3914,2.5,5s2.5p4.(3P<2>).6d 2[3],0.01057,9.611e+04,-0.01
1106.2566,73387.0136,0.5,5s2.5p4.(3P<1>).6p 2[1]*,82426.508,1.5,5s2.5p4.(3P<0>).6d 2[2],0.02973,4.051e+05,0.05
1107.5366,66020.3051,2.5,5s2.5p4.(3P<2>).5d 2[3],75049.3522,1.5,5s2.5p4.(3P<2>).7p 2[2]*,0.0002775,3773,0.0
1112.7692,73054.4376,1.5,5s2.5p4.(3P<1>).6p 2[1]*,82041.027,2.5,5s2.5p4.(1D<2>).5d 2[2],0.01192,1.07e+05,-0.02
1114.0363,73639.1366,1.5,5s2.5p4.(3P<0>).5d 2[2],82615.505,0.5,5s2.5p4.(3P<1>).7p 2[1]*,0.007042,1.892e+05,-0.0
1114.3328,73054.4376,1.5,5s2.5p4.(3P<1>).6p 2[1]*,82028.417,0.5,5s2.5p4.(3P<1>).6d 2[1],0.08461,2.273e+06,-0.07
1116.9014,73477.6678,0.5,5s2.5p4.(1D<2>).5d 2[0],82431.01,1.5,5s2.5p4.(3P<1>).7p 2[2]*,0.06554,8.762e+05,-0.04
1117.2419,66014.863,3.5,5s2.5p4.(3P<2>).5d 2[3],74965.4759,2.5,5s2.5p4.(3P<2>).7p 2[2]*,0.001694,1.509e+04,-0.0
1117.5709,66354.9277,1.5,5s2.5p4.(3P<2>).5d 2[1],75302.906,0.5,5s2.5p4.(3P<2>).7p 2[1]*,2.026e-05,541,0.0
1117.7870,73477.6678,0.5,5s2.5p4.(1D<2>).5d 2[0],82423.916,1.5,5s2.5p4.(3P<1>).7p 2[1]*,0.2685,3.583e+06,0.22
1117.9216,66020.3051,2.5,5s2.5p4.(3P<2>).5d 2[3],74965.4759,2.5,5s2.5p4.(3P<2>).7p 2[2]*,0.001507,1.341e+04,0.0
1118.2005,65644.311,2.5,5s2.5p4.(3P<2>).6p 2[3]*,74587.2507,1.5,5s2.5p4.(3P<1>).5d 2[1],0.0083,1.107e+05,-0.03
1123.9594,56092.7112,1.5,5s2.5p4.(3P<2>).6s 2[2],64989.8299,1.5,5s2.5p4.(3P<2>).6p 2[2]*,0.3153,4.161e+06,0.31
1124.9807,64906.1234,2.5,5s2.5p4.(3P<2>).6p 2[2]*,73795.1649,2.5,5s2.5p4.(3P<0>).5d 2[2],0.4419,3.881e+06,-0.14
1127.4180,70354.673,1.5,5s2.5p4.(3P<2>).5d 2[2],79224.4978,1.5,5s2.5p4.(3P<2>).8p 2[1]*,0.2118,2.778e+06,-0.18
1129.0447,68549.5824,1.5,5s2.5p4.(1D<2>).6s 2[2],77406.6276,1.5,5s2.5p4.(3P<2>).4f 2[1]*,0.1529,2.001e+06,0.47
1129.3531,68549.5824,1.5,5s2.5p4.(1D<2>).6s 2[2],77404.2088,0.5,5s2.5p4.(3P<2>).4f 2[1]*,0.02777,7.263e+05,0.3
1129.6378,70151.0423,2.5,5s2.5p4.(3P<2>).5d 2[2],79003.437,3.5,5s2.5p4.(1D<2>).6p 2[3]*,0.3223,2.106e+06,-0.16
1130.1604,73387.0136,0.5,5s2.5p4.(3P<1>).6p 2[1]*,82235.315,1.5,5s2.5p4.(1D<2>).5d 2[2],0.005959,7.78e+04,-0.01
1131.6356,67061.9638,1.5,5s2.5p4.(3P<2>).6p 2[1]*,75898.7307,2.5,5s2.5p4.(3P<1>).5d 2[2],0.005878,5.103e+04,0.0
1131.7018,66354.9277,1.5,5s2.5p4.(3P<2>).5d 2[1],75191.1777,2.5,5s2.5p4.(3P<2>).7p 2[3]*,0.0001988,1725,-0.0
1133.9237,68587.6921,2.5,5s2.5p4.(1D<2>).6s 2[2],77406.6276,1.5,5s2.5p4.(3P<2>).4f 2[1]*,0.002403,3.117e+04,-0.07
1134.6343,56092.7112,1.5,5s2.5p4.(3P<2>).6s 2[2],64906.1234,2.5,5s2.5p4.(3P<2>).6p 2[2]*,0.009246,7.985e+04,0.01
1135.0929,68549.5824,1.5,5s2.5p4.(1D<2>).6s 2[2],77359.4339,2.5,5s2.5p4.(3P<2>).4f 2[2]*,0.3792,3.272e+06,0.37
1135.4735,68549.5824,1.5,5s2.5p4.(1D<2>).6s 2[2],77356.4812,1.5,5s2.5p4.(3P<2>).4f 2[2]*,0.02648,3.425e+05,-0.05
1135.6751,64989.8299,1.5,5s2.5p4.(3P<2>).6p 2[2]*,73795.1649,2.5,5s2.5p4.(3P<0>).5d 2[2],0.01298,1.119e+05,-0.0
1135.9426,68559.3743,3.5,5s2.5p4.(3P<2>).5d 2[4],77362.6361,4.5,5s2.5p4.(3P<2>).4f 2[5]*,3.503,1.811e+07,-0.85
1136.3559,68559.3743,3.5,5s2.5p4.(3P<2>).5d 2[4],77359.4339,2.5,5s2.5p4.(3P<2>).4f 2[2]*,0.00107,9215,0.02
1137.4140,73639.1366,1.5,5s2.5p4.(3P<0>).5d 2[2],82431.01,1.5,5s2.5p4.(3P<1>).7p 2[2]*,0.007591,9.785e+04,0.0
1137.5203,68615.5757,0.5,5s2.5p4.(3P<2>).5d 2[0],77406.6276,1.5,5s2.5p4.(3P<2>).4f 2[1]*,1.008,1.299e+07,0.78
1137.6571,63186.5971,0.5,5s2.5p4.(3P<1>).6s 2[1],71976.5916,1.5,5s2.5p4.(3P<0>).6p 2[1]*,0.03675,4.735e+05,0.13
1137.8334,68615.5757,0.5,5s2.5p4.(3P<2>).5d 2[0],77404.2088,0.5,5s2.5p4.(3P<2>).4f 2[1]*,0.3721,9.585e+06,0.71
1138.3325,73639.1366,1.5,5s2.5p4.(3P<0>).5d 2[2],82423.916,1.5,5s2.5p4.(3P<1>).7p 2[1]*,0.00296,3.809e+04,-0.0
1139.9116,73387.0136,0.5,5s2.5p4.(3P<1>).6p 2[1]*,82159.624,1.5,5s2.5p4.(3P<1>).6d 2[1],0.2611,3.351e+06,-0.2
1140.0244,68587.6921,2.5,5s2.5p4.(1D<2>).6s 2[2],77359.4339,2.5,5s2.5p4.(3P<2>).4f 2[2]*,0.01968,1.684e+05,-0.08
1140.4083,68587.6921,2.5,5s2.5p4.(1D<2>).6s 2[2],77356.4812,1.5,5s2.5p4.(3P<2>).4f 2[2]*,0.0047,6.027e+04,0.1
1141.3203,67061.9638,1.5,5s2.5p4.(3P<2>).6p 2[1]*,75823.7462,1.5,5s2.5p4.(3P<1>).5d 2[2],0.1038,1.329e+06,-0.04
1141.8700,68549.5824,1.5,5s2.5p4.(1D<2>).6s 2[2],77307.1471,2.5,5s2.5p4.(3P<2>).4f 2[3]*,0.003026,2.58e+04,0.0
1142.3448,68559.3743,3.5,5s2.5p4.(3P<2>).5d 2[4],77313.2986,3.5,5s2.5p4.(3P<2>).4f 2[3]*,0.2263,1.446e+06,-0.45
1143.1481,68559.3743,3.5,5s2.5p4.(3P<2>).5d 2[4],77307.1471,2.5,5s2.5p4.(3P<2>).4f 2[3]*,0.03465,2.947e+05,0.45
1143.1517,68559.3743,3.5,5s2.5p4.(3P<2>).5d 2[4],77307.1197,3.5,5s2.5p4.(3P<2>).4f 2[4]*,0.2208,1.408e+06,-0.41
1143.2464,68559.3743,3.5,5s2.5p4.(3P<2>).5d 2[4],77306.3948,4.5,5s2.5p4.(3P<2>).4f 2[4]*,0.04786,2.442e+05,-0.03
1144.0462,68615.5757,0.5,5s2.5p4.(3P<2>).5d 2[0],77356.4812,1.5,5s2.5p4.(3P<2>).4f 2[2]*,0.005335,6.797e+04,0.01
1145.0801,64906.1234,2.5,5s2.5p4.(3P<2>).6p 2[2]*,73639.1366,1.5,5s2.5p4.(3P<0>).5d 2[2],0.09183,1.168e+06,-0.12
1145.4157,65856.7962,0.5,5s2.5p4.(3P<2>).6p 2[1]*,74587.2507,1.5,5s2.5p4.(3P<1>).5d 2[1],0.02689,3.418e+05,-0.04
1146.0521,68587.6921,2.5,5s2.5p4.(1D<2>).6s 2[2],77313.2986,3.5,5s2.5p4.(3P<2>).4f 2[3]*,0.01615,1.025e+05,0.03
1146.8607,68587.6921,2.5,5s2.5p4.(1D<2>).6s 2[2],77307.1471,2.5,5s2.5p4.(3P<2>).4f 2[3]*,0.009208,7.783e+04,0.04
1146.8643,68587.6921,2.5,5s2.5p4.(1D<2>).6s 2[2],77307.1197,3.5,5s2.5p4.(3P<2>).4f 2[4]*,0.03593,2.277e+05,-0.05
1148.9561,70151.0423,2.5,5s2.5p4.(3P<2>).5d 2[2],78854.595,2.5,5s2.5p4.(3P<2>).8p 2[3]*,0.1456,1.226e+06,0.21
1150.1624,66354.9277,1.5,5s2.5p4.(3P<2>).5d 2[1],75049.3522,1.5,5s2.5p4.(3P<2>).7p 2[2]*,0.0008089,1.02e+04,-0.0
1150.3367,70151.0423,2.5,5s2.5p4.(3P<2>).5d 2[2],78844.149,3.5,5s2.5p4.(3P<2>).8p 2[3]*,0.06934,4.369e+05,-0.57
1154.1719,70151.0423,2.5,5s2.5p4.(3P<2>).5d 2[2],78815.2628,1.5,5s2.5p4.(3P<2>).8p 2[2]*,0.02573,3.221e+05,-0.02
1155.7615,67061.9638,1.5,5s2.5p4.(3P<2>).6p 2[1]*,75714.2677,0.5,5s2.5p4.(3P<2>).6d 2[0],0.07173,1.791e+06,-0.15
1156.1620,64989.8299,1.5,5s2.5p4.(3P<2>).6p 2[2]*,73639.1366,1.5,5s2.5p4.(3P<0>).5d 2[2],0.2591,3.232e+06,-0.13
1157.2194,73387.0136,0.5,5s2.5p4.(3P<1>).6p 2[1]*,82028.417,0.5,5s2.5p4.(3P<1>).6d 2[1],0.1576,3.926e+06,-0.13
1157.9643,73795.1649,2.5,5s2.5p4.(3P<0>).5d 2[2],82431.01,1.5,5s2.5p4.(3P<1>).7p 2[2]*,0.01696,2.11e+05,0.0
1158.9163,73795.1649,2.5,5s2.5p4.(3P<0>).5d 2[2],82423.916,1.5,5s2.5p4.(3P<1>).7p 2[1]*,0.0004953,6150,-0.0
1159.1246,63186.5971,0.5,5s2.5p4.(3P<1>).6s 2[1],71813.7975,0.5,5s2.5p4.(3P<0>).6p 2[1]*,0.0149,3.7e+05,0.06
1161.3662,66354.9277,1.5,5s2.5p4.(3P<2>).5d 2[1],74965.4759,2.5,5s2.5p4.(3P<2>).7p 2[2]*,0.0009546,7869,-0.0
1161.6972,73114.655,0.5,5s2.5p4.(3P<1>).5d 2[1],81722.75,1.5,5s2.5p4.(3P<0>).7p 2[1]*,8.608e-05,1064,-0.0
1165.3610,70151.0423,2.5,5s2.5p4.(3P<2>).5d 2[2],78732.074,2.5,5s2.5p4.(3P<2>).8p 2[2]*,0.01566,1.282e+05,-0.04
1166.2278,73639.1366,1.5,5s2.5p4.(3P<0>).5d 2[2],82213.791,2.5,5s2.5p4.(3P<1>).7p 2[2]*,0.0002639,2157,-0.0
1170.4903,72529.02,2.5,5s2.5p4.(3P<1>).6p 2[2]*,81072.448,1.5,5s2.5p4.(1D<2>).5d 2[1],0.05274,6.419e+05,-0.08
1176.4814,70354.673,1.5,5s2.5p4.(3P<2>).5d 2[2],78854.595,2.5,5s2.5p4.(3P<2>).8p 2[3]*,0.0006541,5254,-0.0
1177.8551,73114.655,0.5,5s2.5p4.(3P<1>).5d 2[1],81604.664,0.5,5s2.5p4.(3P<0>).7p 2[1]*,0.0001533,3685,0.0
1178.1563,64989.8299,1.5,5s2.5p4.(3P<2>).6p 2[2]*,73477.6678,0.5,5s2.5p4.(1D<2>).5d 2[0],0.0001348,3240,-0.0
1181.9507,70354.673,1.5,5s2.5p4.(3P<2>).5d 2[2],78815.2628,1.5,5s2.5p4.(3P<2>).8p 2[2]*,0.02018,2.409e+05,-0.03
1184.6419,70151.0423,2.5,5s2.5p4.(3P<2>).5d 2[2],78592.4119,2.5,5s2.5p4.(1D<2>).6p 2[3]*,0.0005169,4095,-0.0
1186.9094,70354.673,1.5,5s2.5p4.(3P<2>).5d 2[2],78779.9156,0.5,5s2.5p4.(3P<2>).8p 2[1]*,0.04194,9.929e+05,0.04
1187.8423,73795.1649,2.5,5s2.5p4.(3P<0>).5d 2[2],82213.791,2.5,5s2.5p4.(3P<1>).7p 2[2]*,0.0009121,7187,0.0
1191.6084,73114.655,0.5,5s2.5p4.(3P<1>).5d 2[1],81506.674,0.5,5s2.5p4.(3P<1>).7p 2[0]*,0.0005141,1.208e+04,-0.0
1193.6876,70354.673,1.5,5s2.5p4.(3P<2>).5d 2[2],78732.074,2.5,5s2.5p4.(3P<2>).8p 2[2]*,0.009404,7.337e+04,0.06
1200.0137,65644.311,2.5,5s2.5p4.(3P<2>).6p 2[3]*,73977.5493,3.5,5s2.5p4.(3P<1>).5d 2[3],0.1646,9.531e+05,-0.05
1201.4746,67298.1641,0.5,5s2.5p4.(3P<2>).5d 2[1],75621.2694,1.5,5s2.5p4.(3P<2>).7p 2[1]*,0.0007686,8879,-0.0
1202.6865,63186.5971,0.5,5s2.5p4.(3P<1>).6s 2[1],71501.3162,0.5,5s2.5p4.(3P<1>).6p 2[0]*,0.001577,3.637e+04,-0.0
1203.6985,65669.8213,3.5,5s2.5p4.(3P<2>).6p 2[3]*,73977.5493,3.5,5s2.5p4.(3P<1>).5d 2[3],0.09789,5.633e+05,0.08
1209.8559,72807.0009,1.5,5s2.5p4.(3P<1>).6p 2[2]*,81072.448,1.5,5s2.5p4.(1D<2>).5d 2[1],0.0004734,5393,0.0
1210.0606,70151.0423,2.5,5s2.5p4.(3P<2>).5d 2[2],78415.0912,1.5,5s2.5p4.(1D<2>).6p 2[1]*,0.02731,3.11e+05,-0.02
1212.8442,73477.6678,0.5,5s2.5p4.(1D<2>).5d 2[0],81722.75,1.5,5s2.5p4.(3P<0>).7p 2[1]*,0.001931,2.189e+04,0.0
1213.9253,70354.673,1.5,5s2.5p4.(3P<2>).5d 2[2],78592.4119,2.5,5s2.5p4.(1D<2>).6p 2[3]*,0.2373,1.79e+06,0.12
1214.1460,73977.5493,3.5,5s2.5p4.(3P<1>).5d 2[3],82213.791,2.5,5s2.5p4.(3P<1>).7p 2[2]*,0.01254,9.459e+04,-0.0
1216.2920,71903.5759,2.5,5s2.5p4.(3P<2>).7s 2[2],80125.2861,2.5,5s2.5p4.(1D<2>).6p 2[2]*,0.009475,7.12e+04,-0.01
1226.8653,65644.311,2.5,5s2.5p4.(3P<2>).6p 2[3]*,73795.1649,2.5,5s2.5p4.(3P<0>).5d 2[2],0.0003946,2914,0.0
1229.0940,71903.5759,2.5,5s2.5p4.(3P<2>).7s 2[2],80039.65,1.5,5s2.5p4.(1D<2>).6p 2[2]*,4.791e-06,52.88,0.0
1230.4669,73477.6678,0.5,5s2.5p4.(1D<2>).5d 2[0],81604.664,0.5,5s2.5p4.(3P<0>).7p 2[1]*,1.59,3.503e+07,-0.66
1230.7172,65669.8213,3.5,5s2.5p4.(3P<2>).6p 2[3]*,73795.1649,2.5,5s2.5p4.(3P<0>).5d 2[2],0.002812,2.064e+04,0.0
1230.7957,64989.8299,1.5,5s2.5p4.(3P<2>).6p 2[2]*,73114.655,0.5,5s2.5p4.(3P<1>).5d 2[1],0.08937,1.967e+06,-0.11
1232.2692,67061.9638,1.5,5s2.5p4.(3P<2>).6p 2[1]*,75177.074,2.5,5s2.5p4.(3P<1>).5d 2[3],0.1793,1.313e+06,0.06
1237.0705,73639.1366,1.5,5s2.5p4.(3P<0>).5d 2[2],81722.75,1.5,5s2.5p4.(3P<0>).7p 2[1]*,0.002683,2.924e+04,-0.0
1240.6304,70354.673,1.5,5s2.5p4.(3P<2>).5d 2[2],78415.0912,1.5,5s2.5p4.(1D<2>).6p 2[1]*,0.1045,1.132e+06,0.05
1245.4842,73477.6678,0.5,5s2.5p4.(1D<2>).5d 2[0],81506.674,0.5,5s2.5p4.(3P<1>).7p 2[0]*,0.2703,5.812e+06,0.1
1245.6008,74587.2507,1.5,5s2.5p4.(3P<1>).5d 2[1],82615.505,0.5,5s2.5p4.(3P<1>).7p 2[1]*,0.001745,3.751e+04,0.0
1247.1922,73054.4376,1.5,5s2.5p4.(3P<1>).6p 2[1]*,81072.448,1.5,5s2.5p4.(1D<2>).5d 2[1],0.104,1.115e+06,-0.06
1249.2595,67298.1641,0.5,5s2.5p4.(3P<2>).5d 2[1],75302.906,0.5,5s2.5p4.(3P<2>).7p 2[1]*,0.008217,1.756e+05,0.03
1250.8090,65644.311,2.5,5s2.5p4.(3P<2>).6p 2[3]*,73639.1366,1.5,5s2.5p4.(3P<0>).5d 2[2],0.0009809,1.045e+04,0.0
1253.5048,71903.5759,2.5,5s2.5p4.(3P<2>).7s 2[2],79881.208,1.5,5s2.5p4.(3P<2>).5f 2[1]*,0.001108,1.175e+04,-0.0
1255.4097,73639.1366,1.5,5s2.5p4.(3P<0>).5d 2[2],81604.664,0.5,5s2.5p4.(3P<0>).7p 2[1]*,0.0003498,7403,0.0
1258.8191,71903.5759,2.5,5s2.5p4.(3P<2>).7s 2[2],79847.529,3.5,5s2.5p4.(3P<2>).5f 2[3]*,0.04063,2.138e+05,-0.11
1259.3290,71903.5759,2.5,5s2.5p4.(3P<2>).7s 2[2],79844.3129,2.5,5s2.5p4.(3P<2>).5f 2[3]*,0.01054,7.387e+04,0.05
1260.0136,71903.5759,2.5,5s2.5p4.(3P<2>).7s 2[2],79839.9979,2.5,5s2.5p4.(3P<2>).5f 2[2]*,0.0004899,3430,0.0
1260.8491,71903.5759,2.5,5s2.5p4.(3P<2>).7s 2[2],79834.739,1.5,5s2.5p4.(3P<2>).5f 2[2]*,0.0001518,1593,0.0
1261.1584,71903.5759,2.5,5s2.5p4.(3P<2>).7s 2[2],79832.7939,3.5,5s2.5p4.(3P<2>).5f 2[4]*,0.0009335,4894,-0.0
1261.4182,73795.1649,2.5,5s2.5p4.(3P<0>).5d 2[2],81722.75,1.5,5s2.5p4.(3P<0>).7p 2[1]*,0.05095,5.34e+05,-0.01
1266.7158,71501.3162,0.5,5s2.5p4.(3P<1>).6p 2[0]*,79395.7471,1.5,5s2.5p4.(3P<2>).7d 2[2],0.09771,1.015e+06,-0.09
1267.1513,71501.3162,0.5,5s2.5p4.(3P<1>).6p 2[0]*,79393.0339,0.5,5s2.5p4.(3P<2>).7d 2[0],0.0129,2.679e+05,-0.04
1271.0458,73639.1366,1.5,5s2.5p4.(3P<0>).5d 2[2],81506.674,0.5,5s2.5p4.(3P<1>).7p 2[0]*,0.01992,4.111e+05,-0.01
1274.8989,74587.2507,1.5,5s2.5p4.(3P<1>).5d 2[1],82431.01,1.5,5s2.5p4.(3P<1>).7p 2[2]*,0.0001196,1227,-0.0
1276.0530,74587.2507,1.5,5s2.5p4.(3P<1>).5d 2[1],82423.916,1.5,5s2.5p4.(3P<1>).7p 2[1]*,0.001233,1.262e+04,0.0
1277.0471,72294.7216,1.5,5s2.5p4.(3P<2>).7s 2[2],80125.2861,2.5,5s2.5p4.(1D<2>).6p 2[2]*,0.0009756,6651,-0.0
1277.6072,74965.4759,2.5,5s2.5p4.(3P<2>).7p 2[2]*,82792.608,2.5,5s2.5p4.(3P<1>).6d 2[2],0.003683,2.509e+04,-0.0
1284.7212,71501.3162,0.5,5s2.5p4.(3P<1>).6p 2[0]*,79285.106,0.5,5s2.5p4.(3P<1>).7s 2[1],0.09991,2.019e+06,0.1
1284.9605,65856.7962,0.5,5s2.5p4.(3P<2>).6p 2[1]*,73639.1366,1.5,5s2.5p4.(3P<0>).5d 2[2],0.01217,1.229e+05,0.01
1290.1248,67298.1641,0.5,5s2.5p4.(3P<2>).5d 2[1],75049.3522,1.5,5s2.5p4.(3P<2>).7p 2[2]*,0.007496,7.51e+04,-0.03
1291.1675,72294.7216,1.5,5s2.5p4.(3P<2>).7s 2[2],80039.65,1.5,5s2.5p4.(1D<2>).6p 2[2]*,0.03349,3.35e+05,-0.02
1291.4464,75049.3522,1.5,5s2.5p4.(3P<2>).7p 2[2]*,82792.608,2.5,5s2.5p4.(3P<1>).6d 2[2],0.04502,3.001e+05,-0.0
1301.1626,73387.0136,0.5,5s2.5p4.(3P<1>).6p 2[1]*,81072.448,1.5,5s2.5p4.(1D<2>).5d 2[1],0.6977,6.872e+06,0.27
1311.2105,74587.2507,1.5,5s2.5p4.(3P<1>).5d 2[1],82213.791,2.5,5s2.5p4.(3P<1>).7p 2[2]*,0.002097,1.356e+04,-0.0
1312.1859,65856.7962,0.5,5s2.5p4.(3P<2>).6p 2[1]*,73477.6678,0.5,5s2.5p4.(1D<2>).5d 2[0],0.003504,6.788e+04,0.01
1315.5419,75191.1777,2.5,5s2.5p4.(3P<2>).7p 2[3]*,82792.608,2.5,5s2.5p4.(3P<1>).6d 2[2],0.04559,2.929e+05,0.01
1316.0127,75193.8973,3.5,5s2.5p4.(3P<2>).7p 2[3]*,82792.608,2.5,5s2.5p4.(3P<1>).6d 2[2],0.001365,8761,-0.0
1318.0672,72294.7216,1.5,5s2.5p4.(3P<2>).7s 2[2],79881.588,0.5,5s2.5p4.(3P<2>).5f 2[1]*,0.0008814,1.692e+04,-0.04
1318.1333,72294.7216,1.5,5s2.5p4.(3P<2>).7s 2[2],79881.208,1.5,5s2.5p4.(3P<2>).5f 2[1]*,0.001063,1.02e+04,-0.0
1318.9220,71813.7975,0.5,5s2.5p4.(3P<0>).6p 2[1]*,79395.7471,1.5,5s2.5p4.(3P<2>).7d 2[2],0.04705,4.51e+05,0.14
1319.3941,71813.7975,0.5,5s2.5p4.(3P<0>).6p 2[1]*,79393.0339,0.5,5s2.5p4.(3P<2>).7d 2[0],0.002826,5.414e+04,-0.02
1324.5750,72294.7216,1.5,5s2.5p4.(3P<2>).7s 2[2],79844.3129,2.5,5s2.5p4.(3P<2>).5f 2[3]*,0.02327,1.474e+05,-0.06
1325.3325,72294.7216,1.5,5s2.5p4.(3P<2>).7s 2[2],79839.9979,2.5,5s2.5p4.(3P<2>).5f 2[2]*,0.03289,2.082e+05,-0.14
1326.2569,72294.7216,1.5,5s2.5p4.(3P<2>).7s 2[2],79834.739,1.5,5s2.5p4.(3P<2>).5f 2[2]*,9.513e-05,901.8,0.0
1327.9200,74965.4759,2.5,5s2.5p4.(3P<2>).7p 2[2]*,82496.05,1.5,5s2.5p4.(3P<1>).6d 2[2],8.211e-05,776.5,-0.0
1328.1067,71501.3162,0.5,5s2.5p4.(3P<1>).6p 2[0]*,79030.8318,1.5,5s2.5p4.(3P<2>).7d 2[1],0.01009,9.539e+04,-0.02
1328.7069,74965.4759,2.5,5s2.5p4.(3P<2>).7p 2[2]*,82491.59,2.5,5s2.5p4.(3P<1>).6d 2[3],0.0004567,2876,0.0
1328.8530,67061.9638,1.5,5s2.5p4.(3P<2>).6p 2[1]*,74587.2507,1.5,5s2.5p4.(3P<1>).5d 2[1],0.008362,7.897e+04,-0.01
1338.4536,71813.7975,0.5,5s2.5p4.(3P<0>).6p 2[1]*,79285.106,0.5,5s2.5p4.(3P<1>).7s 2[1],8.811e-06,164,-0.0
1339.1104,67726.2533,4.5,5s2.5p4.(3P<2>).5d 2[4],75193.8973,3.5,5s2.5p4.(3P<2>).7p 2[3]*,0.103,4.791e+05,-0.13
1340.2971,74965.4759,2.5,5s2.5p4.(3P<2>).7p 2[2]*,82426.508,1.5,5s2.5p4.(3P<0>).6d 2[2],0.004312,4.002e+04,0.0
1342.8771,75049.3522,1.5,5s2.5p4.(3P<2>).7p 2[2]*,82496.05,1.5,5s2.5p4.(3P<1>).6d 2[2],0.0007672,7094,0.0
1343.6819,75049.3522,1.5,5s2.5p4.(3P<2>).7p 2[2]*,82491.59,2.5,5s2.5p4.(3P<1>).6d 2[3],0.09475,5.834e+05,0.01
1343.7702,71976.5916,1.5,5s2.5p4.(3P<0>).6p 2[1]*,79418.34,2.5,5s2.5p4.(3P<2>).7d 2[2],0.2077,1.279e+06,0.16
1345.5602,74965.4759,2.5,5s2.5p4.(3P<2>).7p 2[2]*,82397.325,2.5,5s2.5p4.(3P<0>).6d 2[2],0.03749,2.302e+05,0.01
1347.8623,71976.5916,1.5,5s2.5p4.(3P<0>).6p 2[1]*,79395.7471,1.5,5s2.5p4.(3P<2>).7d 2[2],0.03561,3.269e+05,-0.03
1348.3554,71976.5916,1.5,5s2.5p4.(3P<0>).6p 2[1]*,79393.0339,0.5,5s2.5p4.(3P<2>).7d 2[0],0.01825,3.348e+05,0.05
1350.1265,72294.7216,1.5,5s2.5p4.(3P<2>).7s 2[2],79701.4352,0.5,5s2.5p4.(1D<2>).6p 2[1]*,0.04041,7.394e+05,-0.02
1353.2327,71501.3162,0.5,5s2.5p4.(3P<1>).6p 2[0]*,78891.0285,1.5,5s2.5p4.(3P<1>).7s 2[1],0.06591,6.002e+05,0.05
1353.4367,64906.1234,2.5,5s2.5p4.(3P<2>).6p 2[2]*,72294.7216,1.5,5s2.5p4.(3P<2>).7s 2[2],0.004353,3.963e+04,-0.01
1353.5395,71501.3162,0.5,5s2.5p4.(3P<1>).6p 2[0]*,78889.3531,0.5,5s2.5p4.(3P<2>).7d 2[1],0.001372,2.498e+04,0.0
1355.5360,75049.3522,1.5,5s2.5p4.(3P<2>).7p 2[2]*,82426.508,1.5,5s2.5p4.(3P<0>).6d 2[2],0.04917,4.462e+05,0.01
1360.9196,75049.3522,1.5,5s2.5p4.(3P<2>).7p 2[2]*,82397.325,2.5,5s2.5p4.(3P<0>).6d 2[2],0.003862,2.318e+04,0.0
1365.9482,71903.5759,2.5,5s2.5p4.(3P<2>).7s 2[2],79224.4978,1.5,5s2.5p4.(3P<2>).8p 2[1]*,0.03025,2.703e+05,0.04
1368.2671,71976.5916,1.5,5s2.5p4.(3P<0>).6p 2[1]*,79285.106,0.5,5s2.5p4.(3P<1>).7s 2[1],0.2527,4.502e+06,-0.26
1368.9457,64989.8299,1.5,5s2.5p4.(3P<2>).6p 2[2]*,72294.7216,1.5,5s2.5p4.(3P<2>).7s 2[2],0.1427,1.269e+06,-0.19
1368.9493,75191.1777,2.5,5s2.5p4.(3P<2>).7p 2[3]*,82496.05,1.5,5s2.5p4.(3P<1>).6d 2[2],0.002275,2.024e+04,-0.0
1369.7856,75191.1777,2.5,5s2.5p4.(3P<2>).7p 2[3]*,82491.59,2.5,5s2.5p4.(3P<1>).6d 2[3],4.677e-06,27.71,0.0
1370.2961,75193.8973,3.5,5s2.5p4.(3P<2>).7p 2[3]*,82491.59,2.5,5s2.5p4.(3P<1>).6d 2[3],0.008703,5.153e+04,-0.01
1377.8168,65856.7962,0.5,5s2.5p4.(3P<2>).6p 2[1]*,73114.655,0.5,5s2.5p4.(3P<1>).5d 2[1],0.0529,9.294e+05,0.06
1378.2486,70151.0423,2.5,5s2.5p4.(3P<2>).5d 2[2],77406.6276,1.5,5s2.5p4.(3P<2>).4f 2[1]*,0.02782,2.442e+05,0.21
1378.5619,75177.074,2.5,5s2.5p4.(3P<1>).5d 2[3],82431.01,1.5,5s2.5p4.(3P<1>).7p 2[2]*,0.07527,6.605e+05,-0.01
1379.9114,75177.074,2.5,5s2.5p4.(3P<1>).5d 2[3],82423.916,1.5,5s2.5p4.(3P<1>).7p 2[1]*,0.03644,3.191e+05,-0.01
1382.1069,75191.1777,2.5,5s2.5p4.(3P<2>).7p 2[3]*,82426.508,1.5,5s2.5p4.(3P<0>).6d 2[2],0.001165,1.017e+04,-0.0
1385.6107,71813.7975,0.5,5s2.5p4.(3P<0>).6p 2[1]*,79030.8318,1.5,5s2.5p4.(3P<2>).7d 2[1],0.009763,8.48e+04,-0.05
1387.2720,70151.0423,2.5,5s2.5p4.(3P<2>).5d 2[2],77359.4339,2.5,5s2.5p4.(3P<2>).4f 2[2]*,0.388,2.241e+06,0.37
1387.7041,75191.1777,2.5,5s2.5p4.(3P<2>).7p 2[3]*,82397.325,2.5,5s2.5p4.(3P<0>).6d 2[2],0.002954,1.705e+04,-0.0
1387.8405,70151.0423,2.5,5s2.5p4.(3P<2>).5d 2[2],77356.4812,1.5,5s2.5p4.(3P<2>).4f 2[2]*,0.01807,1.564e+05,0.13
1388.2280,75193.8973,3.5,5s2.5p4.(3P<2>).7p 2[3]*,82397.325,2.5,5s2.5p4.(3P<0>).6d 2[2],0.005842,3.37e+04,0.01
1390.0186,74965.4759,2.5,5s2.5p4.(3P<2>).7p 2[2]*,82159.624,1.5,5s2.5p4.(3P<1>).6d 2[1],0.0001717,1482,-0.0
1390.2127,75302.906,0.5,5s2.5p4.(3P<2>).7p 2[1]*,82496.05,1.5,5s2.5p4.(3P<1>).6d 2[2],0.02269,1.958e+05,-0.01
1391.6020,75049.3522,1.5,5s2.5p4.(3P<2>).7p 2[2]*,82235.315,1.5,5s2.5p4.(1D<2>).5d 2[2],0.008465,7.289e+04,0.01
1392.9775,74965.4759,2.5,5s2.5p4.(3P<2>).7p 2[2]*,82144.343,2.5,5s2.5p4.(1D<2>).5d 2[3],0.01245,7.133e+04,0.0
1394.4398,75621.2694,1.5,5s2.5p4.(3P<2>).7p 2[1]*,82792.608,2.5,5s2.5p4.(3P<1>).6d 2[2],0.07174,4.102e+05,-0.01
1396.2081,70151.0423,2.5,5s2.5p4.(3P<2>).5d 2[2],77313.2986,3.5,5s2.5p4.(3P<2>).4f 2[3]*,3.128,1.338e+07,-0.6
1397.4083,70151.0423,2.5,5s2.5p4.(3P<2>).5d 2[2],77307.1471,2.5,5s2.5p4.(3P<2>).4f 2[3]*,0.3785,2.155e+06,0.36
1397.4136,70151.0423,2.5,5s2.5p4.(3P<2>).5d 2[2],77307.1197,3.5,5s2.5p4.(3P<2>).4f 2[4]*,0.5577,2.381e+06,-0.22
1401.4436,74587.2507,1.5,5s2.5p4.(3P<1>).5d 2[1],81722.75,1.5,5s2.5p4.(3P<0>).7p 2[1]*,0.0003474,2950,-0.0
1403.7842,75302.906,0.5,5s2.5p4.(3P<2>).7p 2[1]*,82426.508,1.5,5s2.5p4.(3P<0>).6d 2[2],0.01037,8.774e+04,-0.0
1406.4160,75049.3522,1.5,5s2.5p4.(3P<2>).7p 2[2]*,82159.624,1.5,5s2.5p4.(3P<1>).6d 2[1],0.002015,1.699e+04,-0.0
1408.4783,71903.5759,2.5,5s2.5p4.(3P<2>).7s 2[2],79003.437,3.5,5s2.5p4.(1D<2>).6p 2[3]*,0.04159,1.748e+05,-0.03
1409.4451,75049.3522,1.5,5s2.5p4.(3P<2>).7p 2[2]*,82144.343,2.5,5s2.5p4.(1D<2>).5d 2[3],0.003284,1.838e+04,-0.0
1412.9820,71813.7975,0.5,5s2.5p4.(3P<0>).6p 2[1]*,78891.0285,1.5,5s2.5p4.(3P<1>).7s 2[1],0.002085,1.742e+04,-0.0
1413.3166,71813.7975,0.5,5s2.5p4.(3P<0>).6p 2[1]*,78889.3531,0.5,5s2.5p4.(3P<2>).7d 2[1],0.01528,2.551e+05,-0.09
1413.3175,74965.4759,2.5,5s2.5p4.(3P<2>).7p 2[2]*,82041.027,2.5,5s2.5p4.(1D<2>).5d 2[2],0.02709,1.508e+05,-0.01
1414.0897,68549.5824,1.5,5s2.5p4.(1D<2>).6s 2[2],75621.2694,1.5,5s2.5p4.(3P<2>).7p 2[1]*,0.03358,2.801e+05,0.05
1417.5871,71976.5916,1.5,5s2.5p4.(3P<0>).6p 2[1]*,79030.8318,1.5,5s2.5p4.(3P<2>).7d 2[1],0.02137,1.773e+05,0.03
1418.0466,70354.673,1.5,5s2.5p4.(3P<2>).5d 2[2],77406.6276,1.5,5s2.5p4.(3P<2>).4f 2[1]*,0.4994,4.141e+06,-0.55
1418.5331,70354.673,1.5,5s2.5p4.(3P<2>).5d 2[2],77404.2088,0.5,5s2.5p4.(3P<2>).4f 2[1]*,0.01308,2.168e+05,-0.17
1419.6203,75191.1777,2.5,5s2.5p4.(3P<2>).7p 2[3]*,82235.315,1.5,5s2.5p4.(1D<2>).5d 2[2],0.005597,4.631e+04,-0.02
1421.1173,75177.074,2.5,5s2.5p4.(3P<1>).5d 2[3],82213.791,2.5,5s2.5p4.(3P<1>).7p 2[2]*,0.005505,3.03e+04,-0.0
1421.6394,66020.3051,2.5,5s2.5p4.(3P<2>).5d 2[3],73054.4376,1.5,5s2.5p4.(3P<1>).6p 2[1]*,4.402e-05,363.2,0.0
1421.7516,68587.6921,2.5,5s2.5p4.(1D<2>).6s 2[2],75621.2694,1.5,5s2.5p4.(3P<2>).7p 2[1]*,0.03629,2.993e+05,-0.16
1422.0532,66354.9277,1.5,5s2.5p4.(3P<2>).5d 2[1],73387.0136,0.5,5s2.5p4.(3P<1>).6p 2[1]*,0.002689,4.434e+04,0.0
1425.0265,74587.2507,1.5,5s2.5p4.(3P<1>).5d 2[1],81604.664,0.5,5s2.5p4.(3P<0>).7p 2[1]*,0.00559,9.181e+04,-0.0
1427.4104,68615.5757,0.5,5s2.5p4.(3P<2>).5d 2[0],75621.2694,1.5,5s2.5p4.(3P<2>).7p 2[1]*,0.02544,2.082e+05,-0.08
1427.6005,70354.673,1.5,5s2.5p4.(3P<2>).5d 2[2],77359.4339,2.5,5s2.5p4.(3P<2>).4f 2[2]*,1.37,7.474e+06,-0.52
1428.2025,70354.673,1.5,5s2.5p4.(3P<2>).5d 2[2],77356.4812,1.5,5s2.5p4.(3P<2>).4f 2[2]*,0.03395,2.776e+05,-0.04
1429.0915,64906.1234,2.5,5s2.5p4.(3P<2>).6p 2[2]*,71903.5759,2.5,5s2.5p4.(3P<2>).7s 2[2],1.072,5.835e+06,-0.46
1430.2725,75049.3522,1.5,5s2.5p4.(3P<2>).7p 2[2]*,82041.027,2.5,5s2.5p4.(1D<2>).5d 2[2],0.000538,2924,0.0
1432.8567,75049.3522,1.5,5s2.5p4.(3P<2>).7p 2[2]*,82028.417,0.5,5s2.5p4.(3P<1>).6d 2[1],0.04994,8.112e+05,0.01
1435.0401,75191.1777,2.5,5s2.5p4.(3P<2>).7p 2[3]*,82159.624,1.5,5s2.5p4.(3P<1>).6d 2[1],0.0005608,4541,-0.0
1435.4211,71976.5916,1.5,5s2.5p4.(3P<0>).6p 2[1]*,78943.1882,2.5,5s2.5p4.(3P<2>).7d 2[3],0.03477,1.876e+05,-0.05
1438.1939,75191.1777,2.5,5s2.5p4.(3P<2>).7p 2[3]*,82144.343,2.5,5s2.5p4.(1D<2>).5d 2[3],0.00168,9032,-0.0
1438.3369,70354.673,1.5,5s2.5p4.(3P<2>).5d 2[2],77307.1471,2.5,5s2.5p4.(3P<2>).4f 2[3]*,0.5806,3.12e+06,-0.25
1438.6380,71903.5759,2.5,5s2.5p4.(3P<2>).7s 2[2],78854.595,2.5,5s2.5p4.(3P<2>).8p 2[3]*,0.0132,7.091e+04,0.06
1438.7567,75193.8973,3.5,5s2.5p4.(3P<2>).7p 2[3]*,82144.343,2.5,5s2.5p4.(1D<2>).5d 2[3],0.02283,1.226e+05,0.02
1440.8032,71903.5759,2.5,5s2.5p4.(3P<2>).7s 2[2],78844.149,3.5,5s2.5p4.(3P<2>).8p 2[3]*,0.1878,7.542e+05,0.52
1442.5000,75302.906,0.5,5s2.5p4.(3P<2>).7p 2[1]*,82235.315,1.5,5s2.5p4.(1D<2>).5d 2[2],0.04038,3.236e+05,-0.02
1443.0480,72294.7216,1.5,5s2.5p4.(3P<2>).7s 2[2],79224.4978,1.5,5s2.5p4.(3P<2>).8p 2[1]*,0.001326,1.062e+04,0.0
1444.0444,73114.655,0.5,5s2.5p4.(3P<1>).5d 2[1],80039.65,1.5,5s2.5p4.(1D<2>).6p 2[2]*,4.784e-05,382.6,0.0
1445.2071,74587.2507,1.5,5s2.5p4.(3P<1>).5d 2[1],81506.674,0.5,5s2.5p4.(3P<1>).7p 2[0]*,0.0005631,8992,-0.0
1446.2494,71976.5916,1.5,5s2.5p4.(3P<0>).6p 2[1]*,78891.0285,1.5,5s2.5p4.(3P<1>).7s 2[1],0.1239,9.878e+05,0.07
1446.3006,71501.3162,0.5,5s2.5p4.(3P<1>).6p 2[0]*,78415.508,0.5,5s2.5p4.(3P<0>).7s 2[0],0.07748,1.235e+06,0.13
1446.3939,64989.8299,1.5,5s2.5p4.(3P<2>).6p 2[2]*,71903.5759,2.5,5s2.5p4.(3P<2>).7s 2[2],0.7425,3.946e+06,0.44
1446.5999,71976.5916,1.5,5s2.5p4.(3P<0>).6p 2[1]*,78889.3531,0.5,5s2.5p4.(3P<2>).7d 2[1],0.001247,1.987e+04,0.0
1446.8248,71903.5759,2.5,5s2.5p4.(3P<2>).7s 2[2],78815.2628,1.5,5s2.5p4.(3P<2>).8p 2[2]*,0.08098,6.451e+05,-0.12
1449.0155,75714.2677,0.5,5s2.5p4.(3P<2>).6d 2[0],82615.505,0.5,5s2.5p4.(3P<1>).7p 2[1]*,0.0001358,2157,0.0
1451.5221,72529.02,2.5,5s2.5p4.(3P<1>).6p 2[2]*,79418.34,2.5,5s2.5p4.(3P<2>).7d 2[2],0.0681,3.593e+05,0.08
1454.5919,75621.2694,1.5,5s2.5p4.(3P<2>).7p 2[1]*,82496.05,1.5,5s2.5p4.(3P<1>).6d 2[2],0.003924,3.092e+04,0.0
1455.5362,75621.2694,1.5,5s2.5p4.(3P<2>).7p 2[1]*,82491.59,2.5,5s2.5p4.(3P<1>).6d 2[3],0.06585,3.456e+05,-0.01
1456.2979,72529.02,2.5,5s2.5p4.(3P<1>).6p 2[2]*,79395.7471,1.5,5s2.5p4.(3P<2>).7d 2[2],0.3961,3.115e+06,0.36
1458.4237,75302.906,0.5,5s2.5p4.(3P<2>).7p 2[1]*,82159.624,1.5,5s2.5p4.(3P<1>).6d 2[1],0.06929,5.432e+05,-0.01
1459.8861,75191.1777,2.5,5s2.5p4.(3P<2>).7p 2[3]*,82041.027,2.5,5s2.5p4.(1D<2>).5d 2[2],0.05287,2.758e+05,-0.04
1460.4660,75193.8973,3.5,5s2.5p4.(3P<2>).7p 2[3]*,82041.027,2.5,5s2.5p4.(1D<2>).5d 2[2],0.005944,3.098e+04,-0.01
1464.4509,71903.5759,2.5,5s2.5p4.(3P<2>).7s 2[2],78732.074,2.5,5s2.5p4.(3P<2>).8p 2[2]*,0.08905,4.616e+05,0.15
1469.4562,75621.2694,1.5,5s2.5p4.(3P<2>).7p 2[1]*,82426.508,1.5,5s2.5p4.(3P<0>).6d 2[2],0.02141,1.653e+05,-0.01
1472.3727,75823.7462,1.5,5s2.5p4.(3P<1>).5d 2[2],82615.505,0.5,5s2.5p4.(3P<1>).7p 2[1]*,0.2588,3.981e+06,-0.04
1473.4711,66020.3051,2.5,5s2.5p4.(3P<2>).5d 2[3],72807.0009,1.5,5s2.5p4.(3P<1>).6p 2[2]*,0.0006963,5348,-0.0
1475.7848,75621.2694,1.5,5s2.5p4.(3P<2>).7p 2[1]*,82397.325,2.5,5s2.5p4.(3P<0>).6d 2[2],0.000349,1782,-0.0
1477.7743,73114.655,0.5,5s2.5p4.(3P<1>).5d 2[1],79881.588,0.5,5s2.5p4.(3P<2>).5f 2[1]*,0.002477,3.783e+04,-0.01
1477.8573,73114.655,0.5,5s2.5p4.(3P<1>).5d 2[1],79881.208,1.5,5s2.5p4.(3P<2>).5f 2[1]*,0.01149,8.771e+04,-0.01
1480.7524,68549.5824,1.5,5s2.5p4.(1D<2>).6s 2[2],75302.906,0.5,5s2.5p4.(3P<2>).7p 2[1]*,0.0005771,8779,0.0
1485.1777,67061.9638,1.5,5s2.5p4.(3P<2>).6p 2[1]*,73795.1649,2.5,5s2.5p4.(3P<0>).5d 2[2],0.00823,4.148e+04,0.01
1486.8759,75302.906,0.5,5s2.5p4.(3P<2>).7p 2[1]*,82028.417,0.5,5s2.5p4.(3P<1>).6d 2[1],0.03163,4.772e+05,-0.01
1488.0766,73114.655,0.5,5s2.5p4.(3P<1>).5d 2[1],79834.739,1.5,5s2.5p4.(3P<2>).5f 2[2]*,0.0007016,5283,-0.0
1488.8170,75714.2677,0.5,5s2.5p4.(3P<2>).6d 2[0],82431.01,1.5,5s2.5p4.(3P<1>).7p 2[2]*,0.008591,6.463e+04,0.0
1490.3911,75714.2677,0.5,5s2.5p4.(3P<2>).6d 2[0],82423.916,1.5,5s2.5p4.(3P<1>).7p 2[1]*,9.607e-05,721.3,0.0
1491.9101,75510.9743,3.5,5s2.5p4.(3P<2>).6d 2[3],82213.791,2.5,5s2.5p4.(3P<1>).7p 2[2]*,0.04642,2.318e+05,0.0
1492.6465,66354.9277,1.5,5s2.5p4.(3P<2>).5d 2[1],73054.4376,1.5,5s2.5p4.(3P<1>).6p 2[1]*,0.0007049,5276,-0.0
1495.0284,71903.5759,2.5,5s2.5p4.(3P<2>).7s 2[2],78592.4119,2.5,5s2.5p4.(1D<2>).6p 2[3]*,0.002076,1.033e+04,0.01
1495.3650,68615.5757,0.5,5s2.5p4.(3P<2>).5d 2[0],75302.906,0.5,5s2.5p4.(3P<2>).7p 2[1]*,0.06202,9.25e+05,0.23
1503.6666,65644.311,2.5,5s2.5p4.(3P<2>).6p 2[3]*,72294.7216,1.5,5s2.5p4.(3P<2>).7s 2[2],1.216,8.968e+06,-0.75
1505.6624,68549.5824,1.5,5s2.5p4.(1D<2>).6s 2[2],75191.1777,2.5,5s2.5p4.(3P<2>).7p 2[3]*,0.02209,1.083e+05,0.07
1507.2674,68559.3743,3.5,5s2.5p4.(3P<2>).5d 2[4],75193.8973,3.5,5s2.5p4.(3P<2>).7p 2[3]*,0.004154,1.524e+04,-0.11
1507.8855,68559.3743,3.5,5s2.5p4.(3P<2>).5d 2[4],75191.1777,2.5,5s2.5p4.(3P<2>).7p 2[3]*,0.207,1.012e+06,-0.49
1510.2651,72529.02,2.5,5s2.5p4.(3P<1>).6p 2[2]*,79150.374,3.5,5s2.5p4.(3P<2>).7d 2[4],0.01913,6.994e+04,-0.03
1511.9339,75621.2694,1.5,5s2.5p4.(3P<2>).7p 2[1]*,82235.315,1.5,5s2.5p4.(1D<2>).5d 2[2],0.0269,1.963e+05,0.01
1512.5529,72807.0009,1.5,5s2.5p4.(3P<1>).6p 2[2]*,79418.34,2.5,5s2.5p4.(3P<2>).7d 2[2],0.108,5.25e+05,-0.05
1513.4858,75823.7462,1.5,5s2.5p4.(3P<1>).5d 2[2],82431.01,1.5,5s2.5p4.(3P<1>).7p 2[2]*,0.02841,2.068e+05,0.01
1514.7589,71813.7975,0.5,5s2.5p4.(3P<0>).6p 2[1]*,78415.508,0.5,5s2.5p4.(3P<0>).7s 2[0],0.2204,3.204e+06,0.44
1515.1125,75823.7462,1.5,5s2.5p4.(3P<1>).5d 2[2],82423.916,1.5,5s2.5p4.(3P<1>).7p 2[1]*,0.0279,2.027e+05,0.02
1517.7394,72807.0009,1.5,5s2.5p4.(3P<1>).6p 2[2]*,79395.7471,1.5,5s2.5p4.(3P<2>).7d 2[2],0.1174,8.497e+05,0.07
1518.1925,73114.655,0.5,5s2.5p4.(3P<1>).5d 2[1],79701.4352,0.5,5s2.5p4.(1D<2>).6p 2[1]*,0.004917,7.114e+04,0.0
1518.3647,72807.0009,1.5,5s2.5p4.(3P<1>).6p 2[2]*,79393.0339,0.5,5s2.5p4.(3P<2>).7d 2[0],0.009822,1.421e+05,0.02
1520.4101,67061.9638,1.5,5s2.5p4.(3P<2>).6p 2[1]*,73639.1366,1.5,5s2.5p4.(3P<0>).5d 2[2],0.01464,1.056e+05,-0.01
1523.9298,73477.6678,0.5,5s2.5p4.(1D<2>).5d 2[0],80039.65,1.5,5s2.5p4.(1D<2>).6p 2[2]*,0.03181,2.284e+05,-0.12
1524.4197,72294.7216,1.5,5s2.5p4.(3P<2>).7s 2[2],78854.595,2.5,5s2.5p4.(3P<2>).8p 2[3]*,0.01696,8.114e+04,0.05
1527.7261,75177.074,2.5,5s2.5p4.(3P<1>).5d 2[3],81722.75,1.5,5s2.5p4.(3P<0>).7p 2[1]*,0.001665,1.19e+04,-0.0
1529.4368,75621.2694,1.5,5s2.5p4.(3P<2>).7p 2[1]*,82159.624,1.5,5s2.5p4.(3P<1>).6d 2[1],0.02294,1.635e+05,0.0
1530.8592,75898.7307,2.5,5s2.5p4.(3P<1>).5d 2[2],82431.01,1.5,5s2.5p4.(3P<1>).7p 2[2]*,0.005439,3.871e+04,-0.0
1532.5235,75898.7307,2.5,5s2.5p4.(3P<1>).5d 2[2],82423.916,1.5,5s2.5p4.(3P<1>).7p 2[1]*,0.1866,1.325e+06,-0.06
1533.0196,75621.2694,1.5,5s2.5p4.(3P<2>).7p 2[1]*,82144.343,2.5,5s2.5p4.(1D<2>).5d 2[3],0.003637,1.72e+04,-0.0
1533.6150,72294.7216,1.5,5s2.5p4.(3P<2>).7s 2[2],78815.2628,1.5,5s2.5p4.(3P<2>).8p 2[2]*,0.0006197,4394,0.0
1535.1181,66014.863,3.5,5s2.5p4.(3P<2>).5d 2[3],72529.02,2.5,5s2.5p4.(3P<1>).6p 2[2]*,0.009468,4.466e+04,0.0
1535.7408,71903.5759,2.5,5s2.5p4.(3P<2>).7s 2[2],78415.0912,1.5,5s2.5p4.(1D<2>).6p 2[1]*,0.004716,3.334e+04,-0.0
1536.4016,66020.3051,2.5,5s2.5p4.(3P<2>).5d 2[3],72529.02,2.5,5s2.5p4.(3P<1>).6p 2[2]*,0.005762,2.714e+04,-0.0
1538.0328,72529.02,2.5,5s2.5p4.(3P<1>).6p 2[2]*,79030.8318,1.5,5s2.5p4.(3P<2>).7d 2[1],0.005185,3.655e+04,-0.01
1538.5160,68549.5824,1.5,5s2.5p4.(1D<2>).6s 2[2],75049.3522,1.5,5s2.5p4.(3P<2>).7p 2[2]*,0.002112,1.488e+04,0.0
1541.7468,73639.1366,1.5,5s2.5p4.(3P<0>).5d 2[2],80125.2861,2.5,5s2.5p4.(1D<2>).6p 2[2]*,0.0002629,1230,0.0
1541.9739,72294.7216,1.5,5s2.5p4.(3P<2>).7s 2[2],78779.9156,0.5,5s2.5p4.(3P<2>).8p 2[1]*,0.01493,2.095e+05,0.04
1543.3870,76136.2488,1.5,5s2.5p4.(3P<2>).6d 2[1],82615.505,0.5,5s2.5p4.(3P<1>).7p 2[1]*,0.01315,1.841e+05,-0.01
1543.6613,72807.0009,1.5,5s2.5p4.(3P<1>).6p 2[2]*,79285.106,0.5,5s2.5p4.(3P<1>).7s 2[1],0.00329,4.604e+04,-0.0
1547.5899,68587.6921,2.5,5s2.5p4.(1D<2>).6s 2[2],75049.3522,1.5,5s2.5p4.(3P<2>).7p 2[2]*,0.009496,6.612e+04,-0.03
1549.8894,66354.9277,1.5,5s2.5p4.(3P<2>).5d 2[1],72807.0009,1.5,5s2.5p4.(3P<1>).6p 2[2]*,0.01954,1.357e+05,-0.01
1553.0563,71976.5916,1.5,5s2.5p4.(3P<0>).6p 2[1]*,78415.508,0.5,5s2.5p4.(3P<0>).7s 2[0],0.2982,4.123e+06,-0.29
1553.2954,65856.7962,0.5,5s2.5p4.(3P<2>).6p 2[1]*,72294.7216,1.5,5s2.5p4.(3P<2>).7s 2[2],0.5291,3.657e+06,-0.6
1554.2971,68615.5757,0.5,5s2.5p4.(3P<2>).5d 2[0],75049.3522,1.5,5s2.5p4.(3P<2>).7p 2[2]*,0.009631,6.648e+04,0.02
1557.6912,75621.2694,1.5,5s2.5p4.(3P<2>).7p 2[1]*,82041.027,2.5,5s2.5p4.(1D<2>).5d 2[2],0.129,5.909e+05,0.03
1558.6294,68549.5824,1.5,5s2.5p4.(1D<2>).6s 2[2],74965.4759,2.5,5s2.5p4.(3P<2>).7p 2[2]*,0.004322,1.978e+04,-0.02
1558.6754,67061.9638,1.5,5s2.5p4.(3P<2>).6p 2[1]*,73477.6678,0.5,5s2.5p4.(1D<2>).5d 2[0],0.007224,9.916e+04,-0.02
1559.0486,72529.02,2.5,5s2.5p4.(3P<1>).6p 2[2]*,78943.1882,2.5,5s2.5p4.(3P<2>).7d 2[3],0.01492,6.824e+04,0.03
1560.7569,75621.2694,1.5,5s2.5p4.(3P<2>).7p 2[1]*,82028.417,0.5,5s2.5p4.(3P<1>).6d 2[1],0.0002523,3455,-0.0
1561.0118,68559.3743,3.5,5s2.5p4.(3P<2>).5d 2[4],74965.4759,2.5,5s2.5p4.(3P<2>).7p 2[2]*,0.01042,4.753e+04,0.07
1562.3747,73639.1366,1.5,5s2.5p4.(3P<0>).5d 2[2],80039.65,1.5,5s2.5p4.(1D<2>).6p 2[2]*,0.004218,2.881e+04,0.01
1564.9343,75823.7462,1.5,5s2.5p4.(3P<1>).5d 2[2],82213.791,2.5,5s2.5p4.(3P<1>).7p 2[2]*,0.0002677,1215,0.0
1567.9428,68587.6921,2.5,5s2.5p4.(1D<2>).6s 2[2],74965.4759,2.5,5s2.5p4.(3P<2>).7p 2[2]*,0.001868,8449,-0.01
1568.6613,72529.02,2.5,5s2.5p4.(3P<1>).6p 2[2]*,78903.8826,3.5,5s2.5p4.(3P<2>).7d 2[3],0.02302,7.801e+04,-0.03
1571.3629,73054.4376,1.5,5s2.5p4.(3P<1>).6p 2[1]*,79418.34,2.5,5s2.5p4.(3P<2>).7d 2[2],0.1337,6.019e+05,0.11
1571.8307,72529.02,2.5,5s2.5p4.(3P<1>).6p 2[2]*,78891.0285,1.5,5s2.5p4.(3P<1>).7s 2[1],0.3662,2.472e+06,-0.24
1576.9614,73054.4376,1.5,5s2.5p4.(3P<1>).6p 2[1]*,79395.7471,1.5,5s2.5p4.(3P<2>).7d 2[2],0.001755,1.177e+04,0.0
1577.6364,73054.4376,1.5,5s2.5p4.(3P<1>).6p 2[1]*,79393.0339,0.5,5s2.5p4.(3P<2>).7d 2[0],0.02692,3.607e+05,0.11
1579.7486,73795.1649,2.5,5s2.5p4.(3P<0>).5d 2[2],80125.2861,2.5,5s2.5p4.(1D<2>).6p 2[2]*,0.004912,2.188e+04,0.01
1581.1230,76106.3914,2.5,5s2.5p4.(3P<2>).6d 2[3],82431.01,1.5,5s2.5p4.(3P<1>).7p 2[2]*,0.002998,2e+04,-0.0
1582.8985,76106.3914,2.5,5s2.5p4.(3P<2>).6d 2[3],82423.916,1.5,5s2.5p4.(3P<1>).7p 2[1]*,0.00654,4.353e+04,-0.0
1583.5162,75898.7307,2.5,5s2.5p4.(3P<1>).5d 2[2],82213.791,2.5,5s2.5p4.(3P<1>).7p 2[2]*,0.02107,9.343e+04,0.01
1587.8837,72294.7216,1.5,5s2.5p4.(3P<2>).7s 2[2],78592.4119,2.5,5s2.5p4.(1D<2>).6p 2[3]*,0.04181,1.844e+05,-0.05
1588.6226,76136.2488,1.5,5s2.5p4.(3P<2>).6d 2[1],82431.01,1.5,5s2.5p4.(3P<1>).7p 2[2]*,0.02825,1.866e+05,0.01
1590.4150,76136.2488,1.5,5s2.5p4.(3P<2>).6d 2[1],82423.916,1.5,5s2.5p4.(3P<1>).7p 2[1]*,0.003026,1.995e+04,-0.0
1597.6317,65644.311,2.5,5s2.5p4.(3P<2>).6p 2[3]*,71903.5759,2.5,5s2.5p4.(3P<2>).7s 2[2],0.0103,4.485e+04,-0.02
1601.4131,73795.1649,2.5,5s2.5p4.(3P<0>).5d 2[2],80039.65,1.5,5s2.5p4.(1D<2>).6p 2[2]*,0.005541,3.603e+04,0.01
1601.9348,73639.1366,1.5,5s2.5p4.(3P<0>).5d 2[2],79881.588,0.5,5s2.5p4.(3P<2>).5f 2[1]*,0.002357,3.063e+04,-0.01
1602.0323,73639.1366,1.5,5s2.5p4.(3P<0>).5d 2[2],79881.208,1.5,5s2.5p4.(3P<2>).5f 2[1]*,0.003968,2.578e+04,0.0
1604.1697,65669.8213,3.5,5s2.5p4.(3P<2>).6p 2[3]*,71903.5759,2.5,5s2.5p4.(3P<2>).7s 2[2],1.478,6.386e+06,-0.75
1604.9642,73054.4376,1.5,5s2.5p4.(3P<1>).6p 2[1]*,79285.106,0.5,5s2.5p4.(3P<1>).7s 2[1],0.3674,4.757e+06,-0.39
1606.7275,72807.0009,1.5,5s2.5p4.(3P<1>).6p 2[2]*,79030.8318,1.5,5s2.5p4.(3P<2>).7d 2[1],0.03938,2.544e+05,-0.04
1606.7439,73477.6678,0.5,5s2.5p4.(1D<2>).5d 2[0],79701.4352,0.5,5s2.5p4.(1D<2>).6p 2[1]*,0.05292,6.837e+05,0.04
1610.5072,76004.5671,3.5,5s2.5p4.(3P<2>).6d 2[4],82213.791,2.5,5s2.5p4.(3P<1>).7p 2[2]*,0.07341,3.147e+05,0.01
1611.5578,73639.1366,1.5,5s2.5p4.(3P<0>).5d 2[2],79844.3129,2.5,5s2.5p4.(3P<2>).5f 2[3]*,0.03868,1.656e+05,0.03
1612.6792,73639.1366,1.5,5s2.5p4.(3P<0>).5d 2[2],79839.9979,2.5,5s2.5p4.(3P<2>).5f 2[2]*,0.0001032,441.3,-0.0
1613.4544,76417.6231,0.5,5s2.5p4.(3P<2>).6d 2[1],82615.505,0.5,5s2.5p4.(3P<1>).7p 2[1]*,0.01167,1.495e+05,-0.0
1614.0481,73639.1366,1.5,5s2.5p4.(3P<0>).5d 2[2],79834.739,1.5,5s2.5p4.(3P<2>).5f 2[2]*,0.00938,6.004e+04,0.01
1619.6713,66354.9277,1.5,5s2.5p4.(3P<2>).5d 2[1],72529.02,2.5,5s2.5p4.(3P<1>).6p 2[2]*,0.05023,2.129e+05,-0.09
1621.8259,60896.0739,0.5,5s2.5p4.(3P<0>).6s 2[0],67061.9638,1.5,5s2.5p4.(3P<2>).6p 2[1]*,0.01611,1.021e+05,-0.04
1626.6149,73977.5493,3.5,5s2.5p4.(3P<1>).5d 2[3],80125.2861,2.5,5s2.5p4.(1D<2>).6p 2[2]*,6.415e-05,269.5,-0.0
1629.6765,72807.0009,1.5,5s2.5p4.(3P<1>).6p 2[2]*,78943.1882,2.5,5s2.5p4.(3P<2>).7d 2[3],0.01767,7.396e+04,-0.02
1633.8883,72294.7216,1.5,5s2.5p4.(3P<2>).7s 2[2],78415.0912,1.5,5s2.5p4.(1D<2>).6p 2[1]*,0.033,2.061e+05,0.04
1636.7033,73114.655,0.5,5s2.5p4.(3P<1>).5d 2[1],79224.4978,1.5,5s2.5p4.(3P<2>).8p 2[1]*,0.002956,1.84e+04,0.01
1637.3581,76106.3914,2.5,5s2.5p4.(3P<2>).6d 2[3],82213.791,2.5,5s2.5p4.(3P<1>).7p 2[2]*,7.889e-05,327.1,0.0
1637.4727,74965.4759,2.5,5s2.5p4.(3P<2>).7p 2[2]*,81072.448,1.5,5s2.5p4.(1D<2>).5d 2[1],0.03844,2.391e+05,0.04
1642.3464,67298.1641,0.5,5s2.5p4.(3P<2>).5d 2[1],73387.0136,0.5,5s2.5p4.(3P<1>).6p 2[1]*,0.04142,5.121e+05,-0.07
1643.1037,73795.1649,2.5,5s2.5p4.(3P<0>).5d 2[2],79881.208,1.5,5s2.5p4.(3P<2>).5f 2[1]*,0.002021,1.248e+04,0.0
1643.6480,72807.0009,1.5,5s2.5p4.(3P<1>).6p 2[2]*,78891.0285,1.5,5s2.5p4.(3P<1>).7s 2[1],0.5256,3.245e+06,-0.21
1644.1008,72807.0009,1.5,5s2.5p4.(3P<1>).6p 2[2]*,78889.3531,0.5,5s2.5p4.(3P<2>).7d 2[1],0.0002412,2976,0.0
1645.4020,76136.2488,1.5,5s2.5p4.(3P<2>).6d 2[1],82213.791,2.5,5s2.5p4.(3P<1>).7p 2[2]*,0.03568,1.465e+05,-0.01
1649.5393,73639.1366,1.5,5s2.5p4.(3P<0>).5d 2[2],79701.4352,0.5,5s2.5p4.(1D<2>).6p 2[1]*,0.003122,3.827e+04,0.0
1651.7082,71501.3162,0.5,5s2.5p4.(3P<1>).6p 2[0]*,77555.6542,1.5,5s2.5p4.(3P<2>).8s 2[2],0.01571,9.605e+04,0.04
1652.1576,67061.9638,1.5,5s2.5p4.(3P<2>).6p 2[1]*,73114.655,0.5,5s2.5p4.(3P<1>).5d 2[1],6.653e-05,812.9,0.0
1652.2469,73795.1649,2.5,5s2.5p4.(3P<0>).5d 2[2],79847.529,3.5,5s2.5p4.(3P<2>).5f 2[3]*,0.00253,7727,-0.0
1653.1254,73795.1649,2.5,5s2.5p4.(3P<0>).5d 2[2],79844.3129,2.5,5s2.5p4.(3P<2>).5f 2[3]*,0.006244,2.54e+04,0.02
1654.3054,73795.1649,2.5,5s2.5p4.(3P<0>).5d 2[2],79839.9979,2.5,5s2.5p4.(3P<2>).5f 2[2]*,0.0557,2.263e+05,0.04
1655.7459,73795.1649,2.5,5s2.5p4.(3P<0>).5d 2[2],79834.739,1.5,5s2.5p4.(3P<2>).5f 2[2]*,0.005275,3.208e+04,-0.03
1656.2793,73795.1649,2.5,5s2.5p4.(3P<0>).5d 2[2],79832.7939,3.5,5s2.5p4.(3P<2>).5f 2[4]*,0.04914,1.494e+05,0.02
1660.2758,75049.3522,1.5,5s2.5p4.(3P<2>).7p 2[2]*,81072.448,1.5,5s2.5p4.(1D<2>).5d 2[1],0.1372,8.298e+05,-0.04
1662.9564,76417.6231,0.5,5s2.5p4.(3P<2>).6d 2[1],82431.01,1.5,5s2.5p4.(3P<1>).7p 2[2]*,0.1244,7.501e+05,-0.05
1664.2442,73387.0136,0.5,5s2.5p4.(3P<1>).6p 2[1]*,79395.7471,1.5,5s2.5p4.(3P<2>).7d 2[2],0.01327,7.987e+04,-0.02
1664.3138,75714.2677,0.5,5s2.5p4.(3P<2>).6d 2[0],81722.75,1.5,5s2.5p4.(3P<0>).7p 2[1]*,0.05461,3.288e+05,-0.02
1664.9205,76417.6231,0.5,5s2.5p4.(3P<2>).6d 2[1],82423.916,1.5,5s2.5p4.(3P<1>).7p 2[1]*,0.01828,1.1e+05,-0.01
1664.9960,73387.0136,0.5,5s2.5p4.(3P<1>).6p 2[1]*,79393.0339,0.5,5s2.5p4.(3P<2>).7d 2[0],0.001864,2.243e+04,0.01
1673.2497,73054.4376,1.5,5s2.5p4.(3P<1>).6p 2[1]*,79030.8318,1.5,5s2.5p4.(3P<2>).7d 2[1],1.837e-05,109.4,0.0
1678.8984,66020.3051,2.5,5s2.5p4.(3P<2>).5d 2[3],71976.5916,1.5,5s2.5p4.(3P<0>).6p 2[1]*,0.01984,1.174e+05,0.01
1695.2015,75823.7462,1.5,5s2.5p4.(3P<1>).5d 2[2],81722.75,1.5,5s2.5p4.(3P<0>).7p 2[1]*,0.0003884,2254,-0.0
1695.4634,73387.0136,0.5,5s2.5p4.(3P<1>).6p 2[1]*,79285.106,0.5,5s2.5p4.(3P<1>).7s 2[1],0.239,2.773e+06,-0.28
1697.6786,75714.2677,0.5,5s2.5p4.(3P<2>).6d 2[0],81604.664,0.5,5s2.5p4.(3P<0>).7p 2[1]*,0.0008398,9718,0.0
1698.1531,73054.4376,1.5,5s2.5p4.(3P<1>).6p 2[1]*,78943.1882,2.5,5s2.5p4.(3P<2>).7d 2[3],0.006079,2.344e+04,-0.05
1700.1483,73977.5493,3.5,5s2.5p4.(3P<1>).5d 2[3],79859.389,4.5,5s2.5p4.(3P<2>).5f 2[5]*,0.0436,1.006e+05,0.04
1700.3129,75191.1777,2.5,5s2.5p4.(3P<2>).7p 2[3]*,81072.448,1.5,5s2.5p4.(1D<2>).5d 2[1],0.03521,2.031e+05,0.03
1703.5834,73977.5493,3.5,5s2.5p4.(3P<1>).5d 2[3],79847.529,3.5,5s2.5p4.(3P<2>).5f 2[3]*,0.0005498,1580,-0.0
1703.9489,76746.7844,1.5,5s2.5p4.(3P<2>).6d 2[2],82615.505,0.5,5s2.5p4.(3P<1>).7p 2[1]*,0.03188,3.662e+05,-0.01
1704.5173,73977.5493,3.5,5s2.5p4.(3P<1>).5d 2[3],79844.3129,2.5,5s2.5p4.(3P<2>).5f 2[3]*,0.0002638,1010,-0.0
1705.7719,73977.5493,3.5,5s2.5p4.(3P<1>).5d 2[3],79839.9979,2.5,5s2.5p4.(3P<2>).5f 2[2]*,0.01377,5.26e+04,-0.06
1707.8706,73977.5493,3.5,5s2.5p4.(3P<1>).5d 2[3],79832.7939,3.5,5s2.5p4.(3P<2>).5f 2[4]*,0.01494,4.271e+04,-0.01
1708.8561,73977.5493,3.5,5s2.5p4.(3P<1>).5d 2[3],79829.417,4.5,5s2.5p4.(3P<2>).5f 2[4]*,0.1868,4.268e+05,0.06
1713.3289,73054.4376,1.5,5s2.5p4.(3P<1>).6p 2[1]*,78891.0285,1.5,5s2.5p4.(3P<1>).7s 2[1],0.007285,4.139e+04,0.01
1713.8209,73054.4376,1.5,5s2.5p4.(3P<1>).6p 2[1]*,78889.3531,0.5,5s2.5p4.(3P<2>).7d 2[1],0.03073,3.489e+05,0.14
1717.0273,75898.7307,2.5,5s2.5p4.(3P<1>).5d 2[2],81722.75,1.5,5s2.5p4.(3P<0>).7p 2[1]*,0.005944,3.362e+04,0.0
1726.3982,75714.2677,0.5,5s2.5p4.(3P<2>).6d 2[0],81506.674,0.5,5s2.5p4.(3P<1>).7p 2[0]*,0.03103,3.472e+05,0.02
1729.8291,75823.7462,1.5,5s2.5p4.(3P<1>).5d 2[2],81604.664,0.5,5s2.5p4.(3P<0>).7p 2[1]*,0.01406,1.567e+05,0.01
1733.2398,75302.906,0.5,5s2.5p4.(3P<2>).7p 2[1]*,81072.448,1.5,5s2.5p4.(1D<2>).5d 2[1],1.118,6.205e+06,0.29
1737.2350,67298.1641,0.5,5s2.5p4.(3P<2>).5d 2[1],73054.4376,1.5,5s2.5p4.(3P<1>).6p 2[1]*,0.02827,1.562e+05,-0.14
1740.0898,73477.6678,0.5,5s2.5p4.(1D<2>).5d 2[0],79224.4978,1.5,5s2.5p4.(3P<2>).8p 2[1]*,0.003173,1.747e+04,-0.01
1741.5969,71813.7975,0.5,5s2.5p4.(3P<0>).6p 2[1]*,77555.6542,1.5,5s2.5p4.(3P<2>).8s 2[2],0.0003304,1816,-0.0
1754.1989,73114.655,0.5,5s2.5p4.(3P<1>).5d 2[1],78815.2628,1.5,5s2.5p4.(3P<2>).8p 2[2]*,0.006866,3.721e+04,-0.02
1759.2546,76746.7844,1.5,5s2.5p4.(3P<2>).6d 2[2],82431.01,1.5,5s2.5p4.(3P<1>).7p 2[2]*,0.08927,4.81e+05,0.01
1759.6564,75823.7462,1.5,5s2.5p4.(3P<1>).5d 2[2],81506.674,0.5,5s2.5p4.(3P<1>).7p 2[0]*,0.01308,1.409e+05,-0.01
1761.4529,76746.7844,1.5,5s2.5p4.(3P<2>).6d 2[2],82423.916,1.5,5s2.5p4.(3P<1>).7p 2[1]*,0.006385,3.432e+04,0.0
1765.1439,73114.655,0.5,5s2.5p4.(3P<1>).5d 2[1],78779.9156,0.5,5s2.5p4.(3P<2>).8p 2[1]*,0.001407,1.507e+04,-0.0
1771.8501,73387.0136,0.5,5s2.5p4.(3P<1>).6p 2[1]*,79030.8318,1.5,5s2.5p4.(3P<2>).7d 2[1],0.005183,2.753e+04,0.02
1778.8328,66354.9277,1.5,5s2.5p4.(3P<2>).5d 2[1],71976.5916,1.5,5s2.5p4.(3P<0>).6p 2[1]*,0.0001629,858.6,0.0
1780.5131,76106.3914,2.5,5s2.5p4.(3P<2>).6d 2[3],81722.75,1.5,5s2.5p4.(3P<0>).7p 2[1]*,0.001115,5866,-0.0
1783.0057,72807.0009,1.5,5s2.5p4.(3P<1>).6p 2[2]*,78415.508,0.5,5s2.5p4.(3P<0>).7s 2[0],0.08143,8.543e+05,-0.06
1790.0292,76136.2488,1.5,5s2.5p4.(3P<2>).6d 2[1],81722.75,1.5,5s2.5p4.(3P<0>).7p 2[1]*,0.006038,3.142e+04,0.0
1790.3945,73639.1366,1.5,5s2.5p4.(3P<0>).5d 2[2],79224.4978,1.5,5s2.5p4.(3P<2>).8p 2[1]*,0.0003358,1747,0.0
1792.4158,71976.5916,1.5,5s2.5p4.(3P<0>).6p 2[1]*,77555.6542,1.5,5s2.5p4.(3P<2>).8s 2[2],0.0001577,818.3,-0.0
1805.6945,74587.2507,1.5,5s2.5p4.(3P<1>).5d 2[1],80125.2861,2.5,5s2.5p4.(1D<2>).6p 2[2]*,4.378e-05,149.3,0.0
1808.9997,76903.0932,2.5,5s2.5p4.(3P<2>).6d 2[2],82431.01,1.5,5s2.5p4.(3P<1>).7p 2[2]*,0.1778,9.062e+05,-0.02
1811.3242,76903.0932,2.5,5s2.5p4.(3P<2>).6d 2[2],82423.916,1.5,5s2.5p4.(3P<1>).7p 2[1]*,5.526e-05,280.9,0.0
1815.2652,67298.1641,0.5,5s2.5p4.(3P<2>).5d 2[1],72807.0009,1.5,5s2.5p4.(3P<1>).6p 2[2]*,0.007893,3.994e+04,-0.01
1816.8555,73387.0136,0.5,5s2.5p4.(3P<1>).6p 2[1]*,78891.0285,1.5,5s2.5p4.(3P<1>).7s 2[1],0.05553,2.805e+05,-0.07
1817.1736,71903.5759,2.5,5s2.5p4.(3P<2>).7s 2[2],77406.6276,1.5,5s2.5p4.(3P<2>).4f 2[1]*,0.000931,4701,0.05
1817.4088,73387.0136,0.5,5s2.5p4.(3P<1>).6p 2[1]*,78889.3531,0.5,5s2.5p4.(3P<2>).7d 2[1],0.02389,2.412e+05,0.1
1822.9918,77307.1197,3.5,5s2.5p4.(3P<2>).4f 2[4]*,82792.608,2.5,5s2.5p4.(3P<1>).6d 2[2],0.02142,7.165e+04,-0.0
1823.0009,77307.1471,2.5,5s2.5p4.(3P<2>).4f 2[3]*,82792.608,2.5,5s2.5p4.(3P<1>).6d 2[2],0.01141,3.816e+04,0.0
1825.0475,77313.2986,3.5,5s2.5p4.(3P<2>).4f 2[3]*,82792.608,2.5,5s2.5p4.(3P<1>).6d 2[2],0.0582,1.943e+05,-0.01
1826.8318,71976.5916,1.5,5s2.5p4.(3P<0>).6p 2[1]*,77450.5492,2.5,5s2.5p4.(3P<2>).8s 2[2],0.03184,1.061e+05,0.02
1828.0777,70151.0423,2.5,5s2.5p4.(3P<2>).5d 2[2],75621.2694,1.5,5s2.5p4.(3P<2>).7p 2[1]*,0.3153,1.573e+06,-0.14
1828.6834,76136.2488,1.5,5s2.5p4.(3P<2>).6d 2[1],81604.664,0.5,5s2.5p4.(3P<0>).7p 2[1]*,0.0001982,1977,-0.0
1829.1546,76746.7844,1.5,5s2.5p4.(3P<2>).6d 2[2],82213.791,2.5,5s2.5p4.(3P<1>).7p 2[2]*,2.907,9.66e+06,0.56
1831.8810,66354.9277,1.5,5s2.5p4.(3P<2>).5d 2[1],71813.7975,0.5,5s2.5p4.(3P<0>).6p 2[1]*,0.004209,4.183e+04,0.01
1832.8923,71903.5759,2.5,5s2.5p4.(3P<2>).7s 2[2],77359.4339,2.5,5s2.5p4.(3P<2>).4f 2[2]*,0.01869,6.185e+04,0.12
1833.8848,71903.5759,2.5,5s2.5p4.(3P<2>).7s 2[2],77356.4812,1.5,5s2.5p4.(3P<2>).4f 2[2]*,0.000837,4150,0.04
1834.0550,74587.2507,1.5,5s2.5p4.(3P<1>).5d 2[1],80039.65,1.5,5s2.5p4.(1D<2>).6p 2[2]*,0.008077,4.004e+04,0.02
1834.4657,75621.2694,1.5,5s2.5p4.(3P<2>).7p 2[1]*,81072.448,1.5,5s2.5p4.(1D<2>).5d 2[1],2.314,1.146e+07,-0.51
1835.3508,64906.1234,2.5,5s2.5p4.(3P<2>).6p 2[2]*,70354.673,1.5,5s2.5p4.(3P<2>).5d 2[2],0.03369,1.668e+05,-0.1
1839.5450,77356.4812,1.5,5s2.5p4.(3P<2>).4f 2[2]*,82792.608,2.5,5s2.5p4.(3P<1>).6d 2[2],0.0004997,1642,0.0
1840.5447,77359.4339,2.5,5s2.5p4.(3P<2>).4f 2[2]*,82792.608,2.5,5s2.5p4.(3P<1>).6d 2[2],0.008847,2.903e+04,0.0
1841.8469,73795.1649,2.5,5s2.5p4.(3P<0>).5d 2[2],79224.4978,1.5,5s2.5p4.(3P<2>).8p 2[1]*,0.05338,2.624e+05,-0.06
1848.5236,71903.5759,2.5,5s2.5p4.(3P<2>).7s 2[2],77313.2986,3.5,5s2.5p4.(3P<2>).4f 2[3]*,0.1449,3.536e+05,-0.33
1850.6280,71903.5759,2.5,5s2.5p4.(3P<2>).7s 2[2],77307.1471,2.5,5s2.5p4.(3P<2>).4f 2[3]*,0.01836,5.961e+04,0.17
1850.6374,71903.5759,2.5,5s2.5p4.(3P<2>).7s 2[2],77307.1197,3.5,5s2.5p4.(3P<2>).4f 2[4]*,0.02713,6.604e+04,-0.09
1850.7473,75193.8973,3.5,5s2.5p4.(3P<2>).7p 2[3]*,80597.12,4.5,5s2.5p4.(1D<2>).5d 2[4],0.06171,1.202e+05,0.2
1856.6722,77406.6276,1.5,5s2.5p4.(3P<2>).4f 2[1]*,82792.608,2.5,5s2.5p4.(3P<1>).6d 2[2],0.003089,9961,0.01
1862.0500,76136.2488,1.5,5s2.5p4.(3P<2>).6d 2[1],81506.674,0.5,5s2.5p4.(3P<1>).7p 2[0]*,0.002219,2.134e+04,0.0
1863.9874,64989.8299,1.5,5s2.5p4.(3P<2>).6p 2[2]*,70354.673,1.5,5s2.5p4.(3P<2>).5d 2[2],0.01208,5.798e+04,0.01
1865.2991,73054.4376,1.5,5s2.5p4.(3P<1>).6p 2[1]*,78415.508,0.5,5s2.5p4.(3P<0>).7s 2[0],0.1369,1.312e+06,0.24
1873.5030,73477.6678,0.5,5s2.5p4.(1D<2>).5d 2[0],78815.2628,1.5,5s2.5p4.(3P<2>).8p 2[2]*,0.0586,2.784e+05,-0.12
1882.9917,76903.0932,2.5,5s2.5p4.(3P<2>).6d 2[2],82213.791,2.5,5s2.5p4.(3P<1>).7p 2[2]*,0.08505,2.667e+05,-0.02
1884.9690,76417.6231,0.5,5s2.5p4.(3P<2>).6d 2[1],81722.75,1.5,5s2.5p4.(3P<0>).7p 2[1]*,0.3076,1.444e+06,0.26
1886.6372,73114.655,0.5,5s2.5p4.(3P<1>).5d 2[1],78415.0912,1.5,5s2.5p4.(1D<2>).6p 2[1]*,0.01156,5.416e+04,0.01
1888.8105,74587.2507,1.5,5s2.5p4.(3P<1>).5d 2[1],79881.588,0.5,5s2.5p4.(3P<2>).5f 2[1]*,0.01421,1.329e+05,-0.12
1898.7595,70354.673,1.5,5s2.5p4.(3P<2>).5d 2[2],75621.2694,1.5,5s2.5p4.(3P<2>).7p 2[1]*,0.2884,1.334e+06,-0.2
1902.2031,74587.2507,1.5,5s2.5p4.(3P<1>).5d 2[1],79844.3129,2.5,5s2.5p4.(3P<2>).5f 2[3]*,0.01302,3.999e+04,0.02
1903.7657,74587.2507,1.5,5s2.5p4.(3P<1>).5d 2[1],79839.9979,2.5,5s2.5p4.(3P<2>).5f 2[2]*,0.03908,1.199e+05,-0.04
1905.6736,74587.2507,1.5,5s2.5p4.(3P<1>).5d 2[1],79834.739,1.5,5s2.5p4.(3P<2>).5f 2[2]*,0.05156,2.367e+05,0.11
1906.4075,71501.3162,0.5,5s2.5p4.(3P<1>).6p 2[0]*,76746.7844,1.5,5s2.5p4.(3P<2>).6d 2[2],0.2076,9.527e+05,0.19
1906.6072,64906.1234,2.5,5s2.5p4.(3P<2>).6p 2[2]*,70151.0423,2.5,5s2.5p4.(3P<2>).5d 2[2],0.005025,1.537e+04,0.01
1907.5405,61819.6111,1.5,5s2.5p4.(3P<1>).6s 2[1],67061.9638,1.5,5s2.5p4.(3P<2>).6p 2[1]*,0.0415,1.902e+05,-0.04
1911.0382,67061.9638,1.5,5s2.5p4.(3P<2>).6p 2[1]*,72294.7216,1.5,5s2.5p4.(3P<2>).7s 2[2],0.4564,2.084e+06,-0.31
1917.3770,73639.1366,1.5,5s2.5p4.(3P<0>).5d 2[2],78854.595,2.5,5s2.5p4.(3P<2>).8p 2[3]*,0.01385,4.188e+04,-0.08
1920.0226,73795.1649,2.5,5s2.5p4.(3P<0>).5d 2[2],79003.437,3.5,5s2.5p4.(1D<2>).6p 2[3]*,0.0643,1.454e+05,-0.04
1927.1897,77307.1471,2.5,5s2.5p4.(3P<2>).4f 2[3]*,82496.05,1.5,5s2.5p4.(3P<1>).6d 2[2],0.005878,2.639e+04,0.0
1927.8815,76417.6231,0.5,5s2.5p4.(3P<2>).6d 2[1],81604.664,0.5,5s2.5p4.(3P<0>).7p 2[1]*,0.02517,2.258e+05,-0.01
1928.8374,77307.1197,3.5,5s2.5p4.(3P<2>).4f 2[4]*,82491.59,2.5,5s2.5p4.(3P<1>).6d 2[3],0.01528,4.565e+04,0.0
1928.8476,77307.1471,2.5,5s2.5p4.(3P<2>).4f 2[3]*,82491.59,2.5,5s2.5p4.(3P<1>).6d 2[3],0.003703,1.107e+04,-0.0
1931.1389,77313.2986,3.5,5s2.5p4.(3P<2>).4f 2[3]*,82491.59,2.5,5s2.5p4.(3P<1>).6d 2[3],0.0143,4.264e+04,-0.0
1931.9467,73639.1366,1.5,5s2.5p4.(3P<0>).5d 2[2],78815.2628,1.5,5s2.5p4.(3P<2>).8p 2[2]*,0.0004892,2186,-0.0
1937.5293,64989.8299,1.5,5s2.5p4.(3P<2>).6p 2[2]*,70151.0423,2.5,5s2.5p4.(3P<2>).5d 2[2],0.08575,2.539e+05,0.06
1943.1102,66354.9277,1.5,5s2.5p4.(3P<2>).5d 2[1],71501.3162,0.5,5s2.5p4.(3P<1>).6p 2[0]*,0.02684,2.371e+05,0.03
1945.2305,73639.1366,1.5,5s2.5p4.(3P<0>).5d 2[2],78779.9156,0.5,5s2.5p4.(3P<2>).8p 2[1]*,0.01066,9.396e+04,-0.02
1945.6885,77356.4812,1.5,5s2.5p4.(3P<2>).4f 2[2]*,82496.05,1.5,5s2.5p4.(3P<1>).6d 2[2],3.704e-05,163.2,0.0
1946.8070,77359.4339,2.5,5s2.5p4.(3P<2>).4f 2[2]*,82496.05,1.5,5s2.5p4.(3P<1>).6d 2[2],0.008032,3.534e+04,0.0
1947.3784,77356.4812,1.5,5s2.5p4.(3P<2>).4f 2[2]*,82491.59,2.5,5s2.5p4.(3P<1>).6d 2[3],6.202e-05,181.8,-0.0
1948.4988,77359.4339,2.5,5s2.5p4.(3P<2>).4f 2[2]*,82491.59,2.5,5s2.5p4.(3P<1>).6d 2[3],0.01066,3.121e+04,0.0
1953.3688,77307.1471,2.5,5s2.5p4.(3P<2>).4f 2[3]*,82426.508,1.5,5s2.5p4.(3P<0>).6d 2[2],0.01363,5.955e+04,0.0
1955.3460,74587.2507,1.5,5s2.5p4.(3P<1>).5d 2[1],79701.4352,0.5,5s2.5p4.(1D<2>).6p 2[1]*,0.01234,1.077e+05,0.01
1956.2175,72294.7216,1.5,5s2.5p4.(3P<2>).7s 2[2],77406.6276,1.5,5s2.5p4.(3P<2>).4f 2[1]*,0.0219,9.543e+04,-0.32
1957.1436,72294.7216,1.5,5s2.5p4.(3P<2>).7s 2[2],77404.2088,0.5,5s2.5p4.(3P<2>).4f 2[1]*,0.001071,9322,-0.13
1963.5034,73639.1366,1.5,5s2.5p4.(3P<0>).5d 2[2],78732.074,2.5,5s2.5p4.(3P<2>).8p 2[2]*,0.0001124,324.2,-0.0
1963.9261,77404.2088,0.5,5s2.5p4.(3P<2>).4f 2[1]*,82496.05,1.5,5s2.5p4.(3P<1>).6d 2[2],0.0005305,2294,0.0
1964.5573,77307.1197,3.5,5s2.5p4.(3P<2>).4f 2[4]*,82397.325,2.5,5s2.5p4.(3P<0>).6d 2[2],0.02622,7.552e+04,0.0
1964.5679,77307.1471,2.5,5s2.5p4.(3P<2>).4f 2[3]*,82397.325,2.5,5s2.5p4.(3P<0>).6d 2[2],0.008403,2.42e+04,-0.0
1964.8595,77406.6276,1.5,5s2.5p4.(3P<2>).4f 2[1]*,82496.05,1.5,5s2.5p4.(3P<1>).6d 2[2],0.003326,1.437e+04,0.0
1965.0029,76417.6231,0.5,5s2.5p4.(3P<2>).6d 2[1],81506.674,0.5,5s2.5p4.(3P<1>).7p 2[0]*,0.09123,7.88e+05,-0.06
1966.5829,77406.6276,1.5,5s2.5p4.(3P<2>).4f 2[1]*,82491.59,2.5,5s2.5p4.(3P<1>).6d 2[3],0.0021,6036,0.01
1966.9449,77313.2986,3.5,5s2.5p4.(3P<2>).4f 2[3]*,82397.325,2.5,5s2.5p4.(3P<0>).6d 2[2],0.0001369,393.4,-0.0
1972.3762,77356.4812,1.5,5s2.5p4.(3P<2>).4f 2[2]*,82426.508,1.5,5s2.5p4.(3P<0>).6d 2[2],0.01372,5.881e+04,0.01
1973.5255,77359.4339,2.5,5s2.5p4.(3P<2>).4f 2[2]*,82426.508,1.5,5s2.5p4.(3P<0>).6d 2[2],0.01171,5.015e+04,-0.0
1974.4458,72294.7216,1.5,5s2.5p4.(3P<2>).7s 2[2],77359.4339,2.5,5s2.5p4.(3P<2>).4f 2[2]*,0.05943,1.695e+05,-0.34
1975.5976,72294.7216,1.5,5s2.5p4.(3P<2>).7s 2[2],77356.4812,1.5,5s2.5p4.(3P<2>).4f 2[2]*,0.0001286,549.3,-0.0
1976.3429,77555.6542,1.5,5s2.5p4.(3P<2>).8s 2[2],82615.505,0.5,5s2.5p4.(3P<1>).7p 2[1]*,3.733e-05,318.8,0.0
1976.5072,73795.1649,2.5,5s2.5p4.(3P<0>).5d 2[2],78854.595,2.5,5s2.5p4.(3P<2>).8p 2[3]*,0.003977,1.132e+04,0.01
1980.5965,73795.1649,2.5,5s2.5p4.(3P<0>).5d 2[2],78844.149,3.5,5s2.5p4.(3P<2>).8p 2[3]*,0.07219,1.534e+05,-0.2
1983.0037,70151.0423,2.5,5s2.5p4.(3P<2>).5d 2[2],75193.8973,3.5,5s2.5p4.(3P<2>).7p 2[3]*,0.1034,2.192e+05,-0.3
1983.7949,77356.4812,1.5,5s2.5p4.(3P<2>).4f 2[2]*,82397.325,2.5,5s2.5p4.(3P<0>).6d 2[2],0.0006749,1907,-0.0
1984.0737,70151.0423,2.5,5s2.5p4.(3P<2>).5d 2[2],75191.1777,2.5,5s2.5p4.(3P<2>).7p 2[3]*,0.1695,4.786e+05,0.23
1984.9576,77359.4339,2.5,5s2.5p4.(3P<2>).4f 2[2]*,82397.325,2.5,5s2.5p4.(3P<0>).6d 2[2],0.009431,2.661e+04,0.0
1988.6668,73387.0136,0.5,5s2.5p4.(3P<1>).6p 2[1]*,78415.508,0.5,5s2.5p4.(3P<0>).7s 2[0],0.04739,3.996e+05,0.09
1989.4028,72529.02,2.5,5s2.5p4.(3P<1>).6p 2[2]*,77555.6542,1.5,5s2.5p4.(3P<2>).8s 2[2],0.003513,1.48e+04,-0.01
1989.6983,73977.5493,3.5,5s2.5p4.(3P<1>).5d 2[3],79003.437,3.5,5s2.5p4.(1D<2>).6p 2[3]*,0.04357,9.177e+04,0.05
1991.1199,77404.2088,0.5,5s2.5p4.(3P<2>).4f 2[1]*,82426.508,1.5,5s2.5p4.(3P<0>).6d 2[2],0.001002,4216,-0.0
1991.9930,73795.1649,2.5,5s2.5p4.(3P<0>).5d 2[2],78815.2628,1.5,5s2.5p4.(3P<2>).8p 2[2]*,0.008655,3.637e+04,0.01
1992.0793,77406.6276,1.5,5s2.5p4.(3P<2>).4f 2[1]*,82426.508,1.5,5s2.5p4.(3P<0>).6d 2[2],0.005839,2.453e+04,-0.0
1995.0421,72294.7216,1.5,5s2.5p4.(3P<2>).7s 2[2],77307.1471,2.5,5s2.5p4.(3P<2>).4f 2[3]*,0.01511,4.219e+04,-0.11
2007.8463,77450.5492,2.5,5s2.5p4.(3P<2>).8s 2[2],82431.01,1.5,5s2.5p4.(3P<1>).7p 2[2]*,0.01019,4.217e+04,-0.0
2009.6602,76746.7844,1.5,5s2.5p4.(3P<2>).6d 2[2],81722.75,1.5,5s2.5p4.(3P<0>).7p 2[1]*,0.0355,1.466e+05,0.01
2010.7103,77450.5492,2.5,5s2.5p4.(3P<2>).8s 2[2],82423.916,1.5,5s2.5p4.(3P<1>).7p 2[1]*,0.00134,5527,0.0
2015.8355,60896.0739,0.5,5s2.5p4.(3P<0>).6s 2[0],65856.7962,0.5,5s2.5p4.(3P<2>).6p 2[1]*,0.007544,6.191e+04,0.06
2018.8662,73639.1366,1.5,5s2.5p4.(3P<0>).5d 2[2],78592.4119,2.5,5s2.5p4.(1D<2>).6p 2[3]*,0.000558,1522,-0.0
2020.9234,70354.673,1.5,5s2.5p4.(3P<2>).5d 2[2],75302.906,0.5,5s2.5p4.(3P<2>).7p 2[1]*,0.06823,5.571e+05,0.06
2020.9320,75177.074,2.5,5s2.5p4.(3P<1>).5d 2[3],80125.2861,2.5,5s2.5p4.(1D<2>).6p 2[2]*,0.001835,4996,0.0
2025.3479,73477.6678,0.5,5s2.5p4.(1D<2>).5d 2[0],78415.0912,1.5,5s2.5p4.(1D<2>).6p 2[1]*,0.1784,7.252e+05,0.13
2025.5589,73795.1649,2.5,5s2.5p4.(3P<0>).5d 2[2],78732.074,2.5,5s2.5p4.(3P<2>).8p 2[2]*,0.003956,1.072e+04,-0.0
2027.1694,71813.7975,0.5,5s2.5p4.(3P<0>).6p 2[1]*,76746.7844,1.5,5s2.5p4.(3P<2>).6d 2[2],0.1053,4.271e+05,-0.27
2029.1516,77307.1471,2.5,5s2.5p4.(3P<2>).4f 2[3]*,82235.315,1.5,5s2.5p4.(1D<2>).5d 2[2],0.01505,6.096e+04,0.01
2029.8380,71976.5916,1.5,5s2.5p4.(3P<0>).6p 2[1]*,76903.0932,2.5,5s2.5p4.(3P<2>).6d 2[2],0.02697,7.277e+04,0.03
2031.8888,72529.02,2.5,5s2.5p4.(3P<1>).6p 2[2]*,77450.5492,2.5,5s2.5p4.(3P<2>).8s 2[2],0.2068,5.569e+05,0.13
2034.0471,71501.3162,0.5,5s2.5p4.(3P<1>).6p 2[0]*,76417.6231,0.5,5s2.5p4.(3P<2>).6d 2[1],0.003648,2.941e+04,0.01
2041.5205,70151.0423,2.5,5s2.5p4.(3P<2>).5d 2[2],75049.3522,1.5,5s2.5p4.(3P<2>).7p 2[2]*,0.02194,8.778e+04,-0.02
2049.6701,77356.4812,1.5,5s2.5p4.(3P<2>).4f 2[2]*,82235.315,1.5,5s2.5p4.(1D<2>).5d 2[2],0.0009622,3819,0.0
2050.4216,73977.5493,3.5,5s2.5p4.(3P<1>).5d 2[3],78854.595,2.5,5s2.5p4.(3P<2>).8p 2[3]*,0.0372,9.835e+04,0.06
2050.9114,77359.4339,2.5,5s2.5p4.(3P<2>).4f 2[2]*,82235.315,1.5,5s2.5p4.(1D<2>).5d 2[2],0.01664,6.598e+04,0.01
2051.1324,77555.6542,1.5,5s2.5p4.(3P<2>).8s 2[2],82431.01,1.5,5s2.5p4.(3P<1>).7p 2[2]*,0.01918,7.604e+04,0.0
2054.1212,77555.6542,1.5,5s2.5p4.(3P<2>).8s 2[2],82423.916,1.5,5s2.5p4.(3P<1>).7p 2[1]*,0.0004261,1684,-0.0
2054.8228,73977.5493,3.5,5s2.5p4.(3P<1>).5d 2[3],78844.149,3.5,5s2.5p4.(3P<2>).8p 2[3]*,0.02847,5.623e+04,-0.09
2056.5231,75177.074,2.5,5s2.5p4.(3P<1>).5d 2[3],80039.65,1.5,5s2.5p4.(1D<2>).6p 2[2]*,0.0005772,2276,-0.0
2058.5113,76746.7844,1.5,5s2.5p4.(3P<2>).6d 2[2],81604.664,0.5,5s2.5p4.(3P<0>).7p 2[1]*,3.269,2.573e+07,0.54
2060.8032,77307.1471,2.5,5s2.5p4.(3P<2>).4f 2[3]*,82159.624,1.5,5s2.5p4.(3P<1>).6d 2[1],0.01876,7.366e+04,0.0
2065.4278,67061.9638,1.5,5s2.5p4.(3P<2>).6p 2[1]*,71903.5759,2.5,5s2.5p4.(3P<2>).7s 2[2],0.02463,6.418e+04,-0.03
2067.2129,68549.5824,1.5,5s2.5p4.(1D<2>).6s 2[2],73387.0136,0.5,5s2.5p4.(3P<1>).6p 2[1]*,0.03224,2.516e+05,-0.07
2067.3017,77307.1197,3.5,5s2.5p4.(3P<2>).4f 2[4]*,82144.343,2.5,5s2.5p4.(1D<2>).5d 2[3],0.0003439,894.5,0.0
2067.3134,77307.1471,2.5,5s2.5p4.(3P<2>).4f 2[3]*,82144.343,2.5,5s2.5p4.(1D<2>).5d 2[3],8.051e-05,209.4,0.0
2067.6089,70354.673,1.5,5s2.5p4.(3P<2>).5d 2[2],75191.1777,2.5,5s2.5p4.(3P<2>).7p 2[3]*,0.008321,2.164e+04,-0.02
2069.9193,77404.2088,0.5,5s2.5p4.(3P<2>).4f 2[1]*,82235.315,1.5,5s2.5p4.(1D<2>).5d 2[2],6.519e-05,253.7,0.0
2069.9458,77313.2986,3.5,5s2.5p4.(3P<2>).4f 2[3]*,82144.343,2.5,5s2.5p4.(1D<2>).5d 2[3],0.0007406,1922,-0.0
2070.9562,77406.6276,1.5,5s2.5p4.(3P<2>).4f 2[1]*,82235.315,1.5,5s2.5p4.(1D<2>).5d 2[2],0.004833,1.879e+04,0.01
2074.8365,76903.0932,2.5,5s2.5p4.(3P<2>).6d 2[2],81722.75,1.5,5s2.5p4.(3P<0>).7p 2[1]*,0.04638,1.797e+05,-0.01
2077.0875,70151.0423,2.5,5s2.5p4.(3P<2>).5d 2[2],74965.4759,2.5,5s2.5p4.(3P<2>).7p 2[2]*,0.1245,3.209e+05,-0.21
2081.9702,77356.4812,1.5,5s2.5p4.(3P<2>).4f 2[2]*,82159.624,1.5,5s2.5p4.(3P<1>).6d 2[1],0.001602,6162,0.0
2083.2508,77359.4339,2.5,5s2.5p4.(3P<2>).4f 2[2]*,82159.624,1.5,5s2.5p4.(3P<1>).6d 2[1],0.04353,1.673e+05,0.01
2088.6150,77356.4812,1.5,5s2.5p4.(3P<2>).4f 2[2]*,82144.343,2.5,5s2.5p4.(1D<2>).5d 2[3],0.000192,489.2,-0.0
2089.9039,77359.4339,2.5,5s2.5p4.(3P<2>).4f 2[2]*,82144.343,2.5,5s2.5p4.(1D<2>).5d 2[3],3.984e-05,101.4,0.0
2093.8222,73639.1366,1.5,5s2.5p4.(3P<0>).5d 2[2],78415.0912,1.5,5s2.5p4.(1D<2>).6p 2[1]*,1.742e-05,66.28,-0.0
2095.8043,68615.5757,0.5,5s2.5p4.(3P<2>).5d 2[0],73387.0136,0.5,5s2.5p4.(3P<1>).6p 2[1]*,0.005238,3.977e+04,-0.02
2096.3513,71976.5916,1.5,5s2.5p4.(3P<0>).6p 2[1]*,76746.7844,1.5,5s2.5p4.(3P<2>).6d 2[2],3.636e-05,138,-0.0
2099.4105,77450.5492,2.5,5s2.5p4.(3P<2>).8s 2[2],82213.791,2.5,5s2.5p4.(3P<1>).7p 2[2]*,0.00775,1.955e+04,-0.0
2100.8891,76746.7844,1.5,5s2.5p4.(3P<2>).6d 2[2],81506.674,0.5,5s2.5p4.(3P<1>).7p 2[0]*,0.4625,3.495e+06,-0.09
2102.8658,77404.2088,0.5,5s2.5p4.(3P<2>).4f 2[1]*,82159.624,1.5,5s2.5p4.(3P<1>).6d 2[1],0.0007041,2655,0.0
2103.2597,73977.5493,3.5,5s2.5p4.(3P<1>).5d 2[3],78732.074,2.5,5s2.5p4.(3P<2>).8p 2[2]*,0.02375,5.967e+04,0.02
2103.9360,77406.6276,1.5,5s2.5p4.(3P<2>).4f 2[1]*,82159.624,1.5,5s2.5p4.(3P<1>).6d 2[1],0.009506,3.581e+04,0.01
2105.8602,72807.0009,1.5,5s2.5p4.(3P<1>).6p 2[2]*,77555.6542,1.5,5s2.5p4.(3P<2>).8s 2[2],6.101e-05,229.4,0.0
2112.4321,77307.1471,2.5,5s2.5p4.(3P<2>).4f 2[3]*,82041.027,2.5,5s2.5p4.(1D<2>).5d 2[2],0.00343,8544,-0.0
2115.1807,77313.2986,3.5,5s2.5p4.(3P<2>).4f 2[3]*,82041.027,2.5,5s2.5p4.(1D<2>).5d 2[2],0.1507,3.744e+05,0.05
2122.9791,65644.311,2.5,5s2.5p4.(3P<2>).6p 2[3]*,70354.673,1.5,5s2.5p4.(3P<2>).5d 2[2],0.003104,1.149e+04,-0.01
2125.7898,75177.074,2.5,5s2.5p4.(3P<1>).5d 2[3],79881.208,1.5,5s2.5p4.(3P<2>).5f 2[1]*,0.005695,2.102e+04,-0.0
2130.0710,70354.673,1.5,5s2.5p4.(3P<2>).5d 2[2],75049.3522,1.5,5s2.5p4.(3P<2>).7p 2[2]*,0.05789,2.128e+05,-0.08
2134.6787,77356.4812,1.5,5s2.5p4.(3P<2>).4f 2[2]*,82041.027,2.5,5s2.5p4.(1D<2>).5d 2[2],0.0008514,2077,0.01
2136.0250,77359.4339,2.5,5s2.5p4.(3P<2>).4f 2[2]*,82041.027,2.5,5s2.5p4.(1D<2>).5d 2[2],0.04585,1.117e+05,-0.05
2137.4703,67298.1641,0.5,5s2.5p4.(3P<2>).5d 2[1],71976.5916,1.5,5s2.5p4.(3P<0>).6p 2[1]*,0.03202,1.169e+05,-0.09
2140.4404,77356.4812,1.5,5s2.5p4.(3P<2>).4f 2[2]*,82028.417,0.5,5s2.5p4.(3P<1>).6d 2[1],0.02605,1.896e+05,-0.01
2141.1190,75177.074,2.5,5s2.5p4.(3P<1>).5d 2[3],79847.529,3.5,5s2.5p4.(3P<2>).5f 2[3]*,0.09604,1.747e+05,-0.07
2142.5944,75177.074,2.5,5s2.5p4.(3P<1>).5d 2[3],79844.3129,2.5,5s2.5p4.(3P<2>).5f 2[3]*,0.01361,3.297e+04,0.02
2144.5771,75177.074,2.5,5s2.5p4.(3P<1>).5d 2[3],79839.9979,2.5,5s2.5p4.(3P<2>).5f 2[2]*,0.03538,8.552e+04,-0.08
2146.7811,77555.6542,1.5,5s2.5p4.(3P<2>).8s 2[2],82213.791,2.5,5s2.5p4.(3P<1>).7p 2[2]*,0.0008695,2097,-0.0
2146.9985,75177.074,2.5,5s2.5p4.(3P<1>).5d 2[3],79834.739,1.5,5s2.5p4.(3P<2>).5f 2[2]*,0.003868,1.399e+04,0.03
2147.8955,75177.074,2.5,5s2.5p4.(3P<1>).5d 2[3],79832.7939,3.5,5s2.5p4.(3P<2>).5f 2[4]*,0.01652,2.986e+04,-0.01
2153.5256,72807.0009,1.5,5s2.5p4.(3P<1>).6p 2[2]*,77450.5492,2.5,5s2.5p4.(3P<2>).8s 2[2],0.1598,3.831e+05,-0.05
2156.4518,74587.2507,1.5,5s2.5p4.(3P<1>).5d 2[1],79224.4978,1.5,5s2.5p4.(3P<2>).8p 2[1]*,0.01484,5.321e+04,-0.04
2157.5287,71501.3162,0.5,5s2.5p4.(3P<1>).6p 2[0]*,76136.2488,1.5,5s2.5p4.(3P<2>).6d 2[1],0.114,4.085e+05,0.09
2157.7769,77406.6276,1.5,5s2.5p4.(3P<2>).4f 2[1]*,82041.027,2.5,5s2.5p4.(1D<2>).5d 2[2],0.002311,5518,-0.02
2162.5324,77404.2088,0.5,5s2.5p4.(3P<2>).4f 2[1]*,82028.417,0.5,5s2.5p4.(3P<1>).6d 2[1],0.01166,8.315e+04,0.02
2163.6641,77406.6276,1.5,5s2.5p4.(3P<2>).4f 2[1]*,82028.417,0.5,5s2.5p4.(3P<1>).6d 2[1],0.0009404,6700,-0.0
2164.5367,73795.1649,2.5,5s2.5p4.(3P<0>).5d 2[2],78415.0912,1.5,5s2.5p4.(1D<2>).6p 2[1]*,0.01029,3.664e+04,-0.01
2166.9118,73977.5493,3.5,5s2.5p4.(3P<1>).5d 2[3],78592.4119,2.5,5s2.5p4.(1D<2>).6p 2[3]*,0.001497,3544,-0.0
2167.1704,75510.9743,3.5,5s2.5p4.(3P<2>).6d 2[3],80125.2861,2.5,5s2.5p4.(1D<2>).6p 2[2]*,0.008671,2.053e+04,-0.01
2168.8197,70354.673,1.5,5s2.5p4.(3P<2>).5d 2[2],74965.4759,2.5,5s2.5p4.(3P<2>).7p 2[2]*,0.00637,1.505e+04,0.03
2172.1066,71813.7975,0.5,5s2.5p4.(3P<0>).6p 2[1]*,76417.6231,0.5,5s2.5p4.(3P<2>).6d 2[1],0.003888,2.749e+04,0.02
2214.5288,67298.1641,0.5,5s2.5p4.(3P<2>).5d 2[1],71813.7975,0.5,5s2.5p4.(3P<0>).6p 2[1]*,0.00234,1.592e+04,-0.01
2218.9031,65644.311,2.5,5s2.5p4.(3P<2>).6p 2[3]*,70151.0423,2.5,5s2.5p4.(3P<2>).5d 2[2],0.5916,1.336e+06,-0.74
2221.6216,73054.4376,1.5,5s2.5p4.(3P<1>).6p 2[1]*,77555.6542,1.5,5s2.5p4.(3P<2>).8s 2[2],0.01496,5.056e+04,0.05
2223.2712,65856.7962,0.5,5s2.5p4.(3P<2>).6p 2[1]*,70354.673,1.5,5s2.5p4.(3P<2>).5d 2[2],0.2751,9.281e+05,-0.23
2231.5347,65669.8213,3.5,5s2.5p4.(3P<2>).6p 2[3]*,70151.0423,2.5,5s2.5p4.(3P<2>).5d 2[2],0.05831,1.302e+05,0.34
2238.7665,68587.6921,2.5,5s2.5p4.(1D<2>).6s 2[2],73054.4376,1.5,5s2.5p4.(3P<1>).6p 2[1]*,0.003849,1.281e+04,-0.07
2245.7456,74965.4759,2.5,5s2.5p4.(3P<2>).7p 2[2]*,79418.34,2.5,5s2.5p4.(3P<2>).7d 2[2],0.0004089,901.3,-0.0
2251.7291,71976.5916,1.5,5s2.5p4.(3P<0>).6p 2[1]*,76417.6231,0.5,5s2.5p4.(3P<2>).6d 2[1],0.03828,2.518e+05,-0.15
2252.8297,68615.5757,0.5,5s2.5p4.(3P<2>).5d 2[0],73054.4376,1.5,5s2.5p4.(3P<1>).6p 2[1]*,5.7e-05,187.3,-0.0
2257.1982,74965.4759,2.5,5s2.5p4.(3P<2>).7p 2[2]*,79395.7471,1.5,5s2.5p4.(3P<2>).7d 2[2],0.006473,2.119e+04,0.0
2274.7375,73054.4376,1.5,5s2.5p4.(3P<1>).6p 2[1]*,77450.5492,2.5,5s2.5p4.(3P<2>).8s 2[2],0.0411,8.831e+04,0.09
2284.4001,78415.0912,1.5,5s2.5p4.(1D<2>).6p 2[1]*,82792.608,2.5,5s2.5p4.(3P<1>).6d 2[2],0.1057,2.252e+05,-0.03
2286.1986,72529.02,2.5,5s2.5p4.(3P<1>).6p 2[2]*,76903.0932,2.5,5s2.5p4.(3P<2>).6d 2[2],0.01009,2.146e+04,0.02
2288.8597,75049.3522,1.5,5s2.5p4.(3P<2>).7p 2[2]*,79418.34,2.5,5s2.5p4.(3P<2>).7d 2[2],0.0002444,518.6,0.0
2299.6887,75510.9743,3.5,5s2.5p4.(3P<2>).6d 2[3],79859.389,4.5,5s2.5p4.(3P<2>).5f 2[5]*,0.6906,8.71e+05,-0.5
2300.7573,75049.3522,1.5,5s2.5p4.(3P<2>).7p 2[2]*,79395.7471,1.5,5s2.5p4.(3P<2>).7d 2[2],0.002406,7581,0.0
2302.1945,75049.3522,1.5,5s2.5p4.(3P<2>).7p 2[2]*,79393.0339,0.5,5s2.5p4.(3P<2>).7d 2[0],0.01234,7.766e+04,-0.02
2305.9781,75510.9743,3.5,5s2.5p4.(3P<2>).6d 2[3],79847.529,3.5,5s2.5p4.(3P<2>).5f 2[3]*,0.1346,2.11e+05,-0.37
2307.6895,75510.9743,3.5,5s2.5p4.(3P<2>).6d 2[3],79844.3129,2.5,5s2.5p4.(3P<2>).5f 2[3]*,0.00102,2129,0.01
2309.9897,75510.9743,3.5,5s2.5p4.(3P<2>).6d 2[3],79839.9979,2.5,5s2.5p4.(3P<2>).5f 2[2]*,0.003991,8315,-0.03
2311.9344,75714.2677,0.5,5s2.5p4.(3P<2>).6d 2[0],80039.65,1.5,5s2.5p4.(1D<2>).6p 2[2]*,0.002796,8723,-0.02
2313.5021,71813.7975,0.5,5s2.5p4.(3P<0>).6p 2[1]*,76136.2488,1.5,5s2.5p4.(3P<2>).6d 2[1],0.02155,6.714e+04,-0.04
2313.5135,71501.3162,0.5,5s2.5p4.(3P<1>).6p 2[0]*,75823.7462,1.5,5s2.5p4.(3P<1>).5d 2[2],0.004396,1.37e+04,-0.01
2313.8402,75510.9743,3.5,5s2.5p4.(3P<2>).6d 2[3],79832.7939,3.5,5s2.5p4.(3P<2>).5f 2[4]*,0.01411,2.197e+04,-0.02
2315.6496,75510.9743,3.5,5s2.5p4.(3P<2>).6d 2[3],79829.417,4.5,5s2.5p4.(3P<2>).5f 2[4]*,0.08217,1.022e+05,0.04
2324.7489,75823.7462,1.5,5s2.5p4.(3P<1>).5d 2[2],80125.2861,2.5,5s2.5p4.(1D<2>).6p 2[2]*,0.02415,4.968e+04,0.09
2329.9310,73114.655,0.5,5s2.5p4.(3P<1>).5d 2[1],77406.6276,1.5,5s2.5p4.(3P<2>).4f 2[1]*,0.05177,1.59e+05,-0.03
2331.2448,73114.655,0.5,5s2.5p4.(3P<1>).5d 2[1],77404.2088,0.5,5s2.5p4.(3P<2>).4f 2[1]*,0.4379,2.687e+06,0.51
2340.7139,77450.5492,2.5,5s2.5p4.(3P<2>).8s 2[2],81722.75,1.5,5s2.5p4.(3P<0>).7p 2[1]*,4.179e-05,127.2,-0.0
2343.3778,74587.2507,1.5,5s2.5p4.(3P<1>).5d 2[1],78854.595,2.5,5s2.5p4.(3P<2>).8p 2[3]*,0.007553,1.529e+04,-0.07
2348.8412,68549.5824,1.5,5s2.5p4.(1D<2>).6s 2[2],72807.0009,1.5,5s2.5p4.(3P<1>).6p 2[2]*,3.41e-05,103.1,0.0
2357.4752,73114.655,0.5,5s2.5p4.(3P<1>).5d 2[1],77356.4812,1.5,5s2.5p4.(3P<2>).4f 2[2]*,0.7838,2.352e+06,-0.28
2360.8549,75049.3522,1.5,5s2.5p4.(3P<2>).7p 2[2]*,79285.106,0.5,5s2.5p4.(3P<1>).7s 2[1],0.0005523,3305,-0.0
2365.1777,74587.2507,1.5,5s2.5p4.(3P<1>).5d 2[1],78815.2628,1.5,5s2.5p4.(3P<2>).8p 2[2]*,0.02594,7.732e+04,0.06
2365.6532,75191.1777,2.5,5s2.5p4.(3P<2>).7p 2[3]*,79418.34,2.5,5s2.5p4.(3P<2>).7d 2[2],0.001348,2678,0.0
2365.9929,75898.7307,2.5,5s2.5p4.(3P<1>).5d 2[2],80125.2861,2.5,5s2.5p4.(1D<2>).6p 2[2]*,0.01235,2.452e+04,-0.03
2367.1761,75193.8973,3.5,5s2.5p4.(3P<2>).7p 2[3]*,79418.34,2.5,5s2.5p4.(3P<2>).7d 2[2],0.0004237,840.6,0.0
2370.0564,68587.6921,2.5,5s2.5p4.(1D<2>).6s 2[2],72807.0009,1.5,5s2.5p4.(3P<1>).6p 2[2]*,0.02446,7.262e+04,0.04
2370.9243,72529.02,2.5,5s2.5p4.(3P<1>).6p 2[2]*,76746.7844,1.5,5s2.5p4.(3P<2>).6d 2[2],0.2611,7.745e+05,-0.3
2371.9706,75823.7462,1.5,5s2.5p4.(3P<1>).5d 2[2],80039.65,1.5,5s2.5p4.(1D<2>).6p 2[2]*,0.2057,6.097e+05,0.19
2373.6328,71501.3162,0.5,5s2.5p4.(3P<1>).6p 2[0]*,75714.2677,0.5,5s2.5p4.(3P<2>).6d 2[0],0.02266,1.342e+05,0.07
2378.3648,75191.1777,2.5,5s2.5p4.(3P<2>).7p 2[3]*,79395.7471,1.5,5s2.5p4.(3P<2>).7d 2[2],0.001993,5876,0.0
2379.1668,67298.1641,0.5,5s2.5p4.(3P<2>).5d 2[1],71501.3162,0.5,5s2.5p4.(3P<1>).6p 2[0]*,0.004015,2.366e+04,0.01
2380.8412,78592.4119,2.5,5s2.5p4.(1D<2>).6p 2[3]*,82792.608,2.5,5s2.5p4.(3P<1>).6d 2[2],0.01793,3.516e+04,-0.02
2380.9541,78415.508,0.5,5s2.5p4.(3P<0>).7s 2[0],82615.505,0.5,5s2.5p4.(3P<1>).7p 2[1]*,0.1475,8.676e+05,-0.08
2385.1179,74587.2507,1.5,5s2.5p4.(3P<1>).5d 2[1],78779.9156,0.5,5s2.5p4.(3P<2>).8p 2[1]*,0.0114,6.685e+04,-0.05
2385.8233,68615.5757,0.5,5s2.5p4.(3P<2>).5d 2[0],72807.0009,1.5,5s2.5p4.(3P<1>).6p 2[2]*,0.03703,1.085e+05,0.05
2389.5444,74965.4759,2.5,5s2.5p4.(3P<2>).7p 2[2]*,79150.374,3.5,5s2.5p4.(3P<2>).7d 2[4],0.01792,2.617e+04,0.02
2398.8636,73387.0136,0.5,5s2.5p4.(3P<1>).6p 2[1]*,77555.6542,1.5,5s2.5p4.(3P<2>).8s 2[2],0.007591,2.2e+04,-0.03
2399.6236,75714.2677,0.5,5s2.5p4.(3P<2>).6d 2[0],79881.588,0.5,5s2.5p4.(3P<2>).5f 2[1]*,0.2011,1.165e+06,0.59
2399.7528,77555.6542,1.5,5s2.5p4.(3P<2>).8s 2[2],81722.75,1.5,5s2.5p4.(3P<0>).7p 2[1]*,2.721e-05,78.8,0.0
2399.8424,75714.2677,0.5,5s2.5p4.(3P<2>).6d 2[0],79881.208,1.5,5s2.5p4.(3P<2>).5f 2[1]*,0.04072,1.179e+05,0.06
2404.0443,71976.5916,1.5,5s2.5p4.(3P<0>).6p 2[1]*,76136.2488,1.5,5s2.5p4.(3P<2>).6d 2[1],0.1869,5.391e+05,-0.16
2406.4774,75703.9375,4.5,5s2.5p4.(3P<2>).6d 2[4],79859.389,4.5,5s2.5p4.(3P<2>).5f 2[5]*,0.006811,7845,0.11
2406.8110,75703.9375,4.5,5s2.5p4.(3P<2>).6d 2[4],79858.813,5.5,5s2.5p4.(3P<2>).5f 2[5]*,0.7269,6.976e+05,-0.26
2412.6481,74587.2507,1.5,5s2.5p4.(3P<1>).5d 2[1],78732.074,2.5,5s2.5p4.(3P<2>).8p 2[2]*,0.03195,6.102e+04,0.17
2413.3653,75703.9375,4.5,5s2.5p4.(3P<2>).6d 2[4],79847.529,3.5,5s2.5p4.(3P<2>).5f 2[3]*,0.001284,1838,0.07
2414.9227,75898.7307,2.5,5s2.5p4.(3P<1>).5d 2[2],80039.65,1.5,5s2.5p4.(1D<2>).6p 2[2]*,0.000312,892.1,-0.0
2421.4249,71976.5916,1.5,5s2.5p4.(3P<0>).6p 2[1]*,76106.3914,2.5,5s2.5p4.(3P<2>).6d 2[3],0.199,3.774e+05,-0.11
2421.9782,75703.9375,4.5,5s2.5p4.(3P<2>).6d 2[4],79832.7939,3.5,5s2.5p4.(3P<2>).5f 2[4]*,0.02865,4.072e+04,0.17
2423.9607,75703.9375,4.5,5s2.5p4.(3P<2>).6d 2[4],79829.417,4.5,5s2.5p4.(3P<2>).5f 2[4]*,0.1189,1.35e+05,-0.29
2426.7610,76004.5671,3.5,5s2.5p4.(3P<2>).6d 2[4],80125.2861,2.5,5s2.5p4.(1D<2>).6p 2[2]*,0.02948,5.566e+04,0.06
2426.9068,75714.2677,0.5,5s2.5p4.(3P<2>).6d 2[0],79834.739,1.5,5s2.5p4.(3P<2>).5f 2[2]*,0.1394,3.946e+05,-0.33
2441.3512,72807.0009,1.5,5s2.5p4.(3P<1>).6p 2[2]*,76903.0932,2.5,5s2.5p4.(3P<2>).6d 2[2],0.02865,5.345e+04,-0.02
2442.7445,60896.0739,0.5,5s2.5p4.(3P<0>).6s 2[0],64989.8299,1.5,5s2.5p4.(3P<2>).6p 2[2]*,0.0448,1.252e+05,0.06
2443.2906,75302.906,0.5,5s2.5p4.(3P<2>).7p 2[1]*,79395.7471,1.5,5s2.5p4.(3P<2>).7d 2[2],0.04958,1.385e+05,0.03
2444.9113,75302.906,0.5,5s2.5p4.(3P<2>).7p 2[1]*,79393.0339,0.5,5s2.5p4.(3P<2>).7d 2[0],0.1929,1.076e+06,-0.36
2450.4045,78415.0912,1.5,5s2.5p4.(1D<2>).6p 2[1]*,82496.05,1.5,5s2.5p4.(3P<1>).6d 2[2],0.02016,5.598e+04,0.01
2453.0855,78415.0912,1.5,5s2.5p4.(1D<2>).6p 2[1]*,82491.59,2.5,5s2.5p4.(3P<1>).6d 2[3],0.01441,2.663e+04,0.01
2459.8092,74965.4759,2.5,5s2.5p4.(3P<2>).7p 2[2]*,79030.8318,1.5,5s2.5p4.(3P<2>).7d 2[1],0.09926,2.736e+05,-0.16
2462.7303,78732.074,2.5,5s2.5p4.(3P<2>).8p 2[2]*,82792.608,2.5,5s2.5p4.(3P<1>).6d 2[2],0.005602,1.027e+04,0.0
2464.3642,75823.7462,1.5,5s2.5p4.(3P<1>).5d 2[2],79881.588,0.5,5s2.5p4.(3P<2>).5f 2[1]*,0.0002996,1645,-0.0
2464.5950,75823.7462,1.5,5s2.5p4.(3P<1>).5d 2[2],79881.208,1.5,5s2.5p4.(3P<2>).5f 2[1]*,0.112,3.075e+05,-0.09
2469.7396,77555.6542,1.5,5s2.5p4.(3P<2>).8s 2[2],81604.664,0.5,5s2.5p4.(3P<0>).7p 2[1]*,0.002464,1.347e+04,-0.0
2470.7074,75177.074,2.5,5s2.5p4.(3P<1>).5d 2[3],79224.4978,1.5,5s2.5p4.(3P<2>).8p 2[1]*,1.465,4.002e+06,-0.29
2476.9734,61819.6111,1.5,5s2.5p4.(3P<1>).6s 2[1],65856.7962,0.5,5s2.5p4.(3P<2>).6p 2[1]*,0.0001361,739.9,-0.0
2487.2116,75823.7462,1.5,5s2.5p4.(3P<1>).5d 2[2],79844.3129,2.5,5s2.5p4.(3P<2>).5f 2[3]*,1.217,2.187e+06,-0.42
2488.2463,76106.3914,2.5,5s2.5p4.(3P<2>).6d 2[3],80125.2861,2.5,5s2.5p4.(1D<2>).6p 2[2]*,0.000536,962.5,0.0
2489.8838,75823.7462,1.5,5s2.5p4.(3P<1>).5d 2[2],79839.9979,2.5,5s2.5p4.(3P<2>).5f 2[2]*,0.03829,6.867e+04,-0.05
2490.3487,78415.508,0.5,5s2.5p4.(3P<0>).7s 2[0],82431.01,1.5,5s2.5p4.(3P<1>).7p 2[2]*,0.3583,9.634e+05,-0.12
2493.1483,75823.7462,1.5,5s2.5p4.(3P<1>).5d 2[2],79834.739,1.5,5s2.5p4.(3P<2>).5f 2[2]*,0.07193,1.93e+05,-0.11
2493.7975,71813.7975,0.5,5s2.5p4.(3P<0>).6p 2[1]*,75823.7462,1.5,5s2.5p4.(3P<1>).5d 2[2],0.01331,3.568e+04,0.04
2494.7560,78415.508,0.5,5s2.5p4.(3P<0>).7s 2[0],82423.916,1.5,5s2.5p4.(3P<1>).7p 2[1]*,0.05022,1.346e+05,-0.02
2496.7784,74587.2507,1.5,5s2.5p4.(3P<1>).5d 2[1],78592.4119,2.5,5s2.5p4.(1D<2>).6p 2[3]*,0.05325,9.496e+04,0.15
2506.8705,76136.2488,1.5,5s2.5p4.(3P<2>).6d 2[1],80125.2861,2.5,5s2.5p4.(1D<2>).6p 2[2]*,0.01726,3.053e+04,-0.05
2508.0461,75714.2677,0.5,5s2.5p4.(3P<2>).6d 2[0],79701.4352,0.5,5s2.5p4.(1D<2>).6p 2[1]*,0.0002803,1486,0.0
2510.9999,75898.7307,2.5,5s2.5p4.(3P<1>).5d 2[2],79881.208,1.5,5s2.5p4.(3P<2>).5f 2[1]*,0.0003191,844,0.0
2511.1534,78415.0912,1.5,5s2.5p4.(1D<2>).6p 2[1]*,82397.325,2.5,5s2.5p4.(3P<0>).6d 2[2],0.0143,2.522e+04,-0.01
2511.1747,75302.906,0.5,5s2.5p4.(3P<2>).7p 2[1]*,79285.106,0.5,5s2.5p4.(3P<1>).7s 2[1],0.002545,1.346e+04,-0.0
2511.6291,75049.3522,1.5,5s2.5p4.(3P<2>).7p 2[2]*,79030.8318,1.5,5s2.5p4.(3P<2>).7d 2[1],0.3339,8.827e+05,-0.27
2512.9179,68549.5824,1.5,5s2.5p4.(1D<2>).6s 2[2],72529.02,2.5,5s2.5p4.(3P<1>).6p 2[2]*,0.006602,1.162e+04,-0.01
2514.0079,74965.4759,2.5,5s2.5p4.(3P<2>).7p 2[2]*,78943.1882,2.5,5s2.5p4.(3P<2>).7d 2[3],0.4637,8.156e+05,-0.33
2514.2399,78815.2628,1.5,5s2.5p4.(3P<2>).8p 2[2]*,82792.608,2.5,5s2.5p4.(3P<1>).6d 2[2],0.001386,2437,0.0
2519.1165,68559.3743,3.5,5s2.5p4.(3P<2>).5d 2[4],72529.02,2.5,5s2.5p4.(3P<1>).6p 2[2]*,0.006323,1.108e+04,0.0
2525.7651,75191.1777,2.5,5s2.5p4.(3P<2>).7p 2[3]*,79150.374,3.5,5s2.5p4.(3P<2>).7d 2[4],1.067,1.395e+06,-0.67
2527.5013,75193.8973,3.5,5s2.5p4.(3P<2>).7p 2[3]*,79150.374,3.5,5s2.5p4.(3P<2>).7d 2[4],1.835e-05,23.95,0.0
2530.9921,77555.6542,1.5,5s2.5p4.(3P<2>).8s 2[2],81506.674,0.5,5s2.5p4.(3P<1>).7p 2[0]*,0.001649,8587,0.0
2532.4160,75898.7307,2.5,5s2.5p4.(3P<1>).5d 2[2],79847.529,3.5,5s2.5p4.(3P<2>).5f 2[3]*,0.7843,1.02e+06,0.56
2532.6336,78844.149,3.5,5s2.5p4.(3P<2>).8p 2[3]*,82792.608,2.5,5s2.5p4.(3P<1>).6d 2[2],0.001902,3297,-0.01
2534.4802,75898.7307,2.5,5s2.5p4.(3P<1>).5d 2[2],79844.3129,2.5,5s2.5p4.(3P<2>).5f 2[3]*,0.1386,2.399e+05,-0.31
2537.2159,68587.6921,2.5,5s2.5p4.(1D<2>).6s 2[2],72529.02,2.5,5s2.5p4.(3P<1>).6p 2[2]*,0.008834,1.526e+04,-0.02
2537.2550,75898.7307,2.5,5s2.5p4.(3P<1>).5d 2[2],79839.9979,2.5,5s2.5p4.(3P<2>).5f 2[2]*,0.06928,1.196e+05,0.17
2538.2105,72807.0009,1.5,5s2.5p4.(3P<1>).6p 2[2]*,76746.7844,1.5,5s2.5p4.(3P<2>).6d 2[2],0.003033,7851,-0.0
2539.0979,74965.4759,2.5,5s2.5p4.(3P<2>).7p 2[2]*,78903.8826,3.5,5s2.5p4.(3P<2>).7d 2[3],0.8455,1.094e+06,-0.3
2539.3517,78854.595,2.5,5s2.5p4.(3P<2>).8p 2[3]*,82792.608,2.5,5s2.5p4.(3P<1>).6d 2[2],8.992e-05,155,0.0
2540.6450,75898.7307,2.5,5s2.5p4.(3P<1>).5d 2[2],79834.739,1.5,5s2.5p4.(3P<2>).5f 2[2]*,0.02846,7.353e+04,-0.31
2542.4212,76106.3914,2.5,5s2.5p4.(3P<2>).6d 2[3],80039.65,1.5,5s2.5p4.(1D<2>).6p 2[2]*,0.008892,2.294e+04,0.02
2545.2029,73477.6678,0.5,5s2.5p4.(1D<2>).5d 2[0],77406.6276,1.5,5s2.5p4.(3P<2>).4f 2[1]*,0.02119,5.454e+04,-0.02
2546.7708,73477.6678,0.5,5s2.5p4.(1D<2>).5d 2[0],77404.2088,0.5,5s2.5p4.(3P<2>).4f 2[1]*,0.0001422,731.1,-0.0
2547.4121,74965.4759,2.5,5s2.5p4.(3P<2>).7p 2[2]*,78891.0285,1.5,5s2.5p4.(3P<1>).7s 2[1],0.00245,6296,0.0
2549.6291,71976.5916,1.5,5s2.5p4.(3P<0>).6p 2[1]*,75898.7307,2.5,5s2.5p4.(3P<1>).5d 2[2],0.01178,2.015e+04,0.02
2561.7129,78592.4119,2.5,5s2.5p4.(1D<2>).6p 2[3]*,82496.05,1.5,5s2.5p4.(3P<1>).6d 2[2],0.002954,7508,0.0
2561.8684,76136.2488,1.5,5s2.5p4.(3P<2>).6d 2[1],80039.65,1.5,5s2.5p4.(1D<2>).6p 2[2]*,0.009047,2.299e+04,-0.02
2563.7935,71813.7975,0.5,5s2.5p4.(3P<0>).6p 2[1]*,75714.2677,0.5,5s2.5p4.(3P<2>).6d 2[0],0.06469,3.282e+05,-0.38
2564.6430,78592.4119,2.5,5s2.5p4.(1D<2>).6p 2[3]*,82491.59,2.5,5s2.5p4.(3P<1>).6d 2[3],0.006124,1.035e+04,-0.01
2568.1616,75049.3522,1.5,5s2.5p4.(3P<2>).7p 2[2]*,78943.1882,2.5,5s2.5p4.(3P<2>).7d 2[3],0.2826,4.764e+05,-0.19
2578.1080,73477.6678,0.5,5s2.5p4.(1D<2>).5d 2[0],77356.4812,1.5,5s2.5p4.(3P<2>).4f 2[2]*,0.01515,3.801e+04,-0.01
2578.8556,75823.7462,1.5,5s2.5p4.(3P<1>).5d 2[2],79701.4352,0.5,5s2.5p4.(1D<2>).6p 2[1]*,0.05615,2.816e+05,0.02
2580.4010,63186.5971,0.5,5s2.5p4.(3P<1>).6s 2[1],67061.9638,1.5,5s2.5p4.(3P<2>).6p 2[1]*,0.003224,8074,-0.01
2590.0457,75193.8973,3.5,5s2.5p4.(3P<2>).7p 2[3]*,79054.833,4.5,5s2.5p4.(3P<2>).7d 2[4],1.455,1.447e+06,-0.7
2594.1536,76004.5671,3.5,5s2.5p4.(3P<2>).6d 2[4],79859.389,4.5,5s2.5p4.(3P<2>).5f 2[5]*,1.004,9.955e+05,-0.6
2598.3099,73054.4376,1.5,5s2.5p4.(3P<1>).6p 2[1]*,76903.0932,2.5,5s2.5p4.(3P<2>).6d 2[2],0.2552,4.202e+05,0.16
2599.3237,71976.5916,1.5,5s2.5p4.(3P<0>).6p 2[1]*,75823.7462,1.5,5s2.5p4.(3P<1>).5d 2[2],0.002333,5759,-0.01
2602.1595,76004.5671,3.5,5s2.5p4.(3P<2>).6d 2[4],79847.529,3.5,5s2.5p4.(3P<2>).5f 2[3]*,0.1123,1.382e+05,-0.28
2603.0303,75049.3522,1.5,5s2.5p4.(3P<2>).7p 2[2]*,78891.0285,1.5,5s2.5p4.(3P<1>).7s 2[1],0.04752,1.17e+05,0.01
2604.1661,75049.3522,1.5,5s2.5p4.(3P<2>).7p 2[2]*,78889.3531,0.5,5s2.5p4.(3P<2>).7d 2[1],0.1712,8.42e+05,0.25
2604.3391,76004.5671,3.5,5s2.5p4.(3P<2>).6d 2[4],79844.3129,2.5,5s2.5p4.(3P<2>).5f 2[3]*,0.004103,6725,0.04
2604.4013,75191.1777,2.5,5s2.5p4.(3P<2>).7p 2[3]*,79030.8318,1.5,5s2.5p4.(3P<2>).7d 2[1],0.01245,3.062e+04,0.04
2607.2690,76004.5671,3.5,5s2.5p4.(3P<2>).6d 2[4],79839.9979,2.5,5s2.5p4.(3P<2>).5f 2[2]*,0.0007533,1232,0.0
2608.1767,78592.4119,2.5,5s2.5p4.(1D<2>).6p 2[3]*,82426.508,1.5,5s2.5p4.(3P<0>).6d 2[2],0.01592,3.902e+04,-0.01
2612.1754,76004.5671,3.5,5s2.5p4.(3P<2>).6d 2[4],79832.7939,3.5,5s2.5p4.(3P<2>).5f 2[4]*,0.003778,4616,0.01
2612.4391,74587.2507,1.5,5s2.5p4.(3P<1>).5d 2[1],78415.0912,1.5,5s2.5p4.(1D<2>).6p 2[1]*,0.006599,1.612e+04,0.01
2613.4478,75177.074,2.5,5s2.5p4.(3P<1>).5d 2[3],79003.437,3.5,5s2.5p4.(1D<2>).6p 2[3]*,0.004034,4924,0.0
2614.4817,76004.5671,3.5,5s2.5p4.(3P<2>).6d 2[4],79829.417,4.5,5s2.5p4.(3P<2>).5f 2[4]*,0.02133,2.082e+04,-0.01
2614.5842,61819.6111,1.5,5s2.5p4.(3P<1>).6s 2[1],65644.311,2.5,5s2.5p4.(3P<2>).6p 2[3]*,0.01598,2.598e+04,-0.02
2628.1809,78592.4119,2.5,5s2.5p4.(1D<2>).6p 2[3]*,82397.325,2.5,5s2.5p4.(3P<0>).6d 2[2],0.09405,1.514e+05,-0.11
2633.6092,75621.2694,1.5,5s2.5p4.(3P<2>).7p 2[1]*,79418.34,2.5,5s2.5p4.(3P<2>).7d 2[2],0.06276,1.006e+05,-0.01
2639.0997,79003.437,3.5,5s2.5p4.(1D<2>).6p 2[3]*,82792.608,2.5,5s2.5p4.(3P<1>).6d 2[2],0.02065,3.296e+04,-0.0
2649.1353,76106.3914,2.5,5s2.5p4.(3P<2>).6d 2[3],79881.208,1.5,5s2.5p4.(3P<2>).5f 2[1]*,0.003987,9473,-0.01
2649.3732,75621.2694,1.5,5s2.5p4.(3P<2>).7p 2[1]*,79395.7471,1.5,5s2.5p4.(3P<2>).7d 2[2],0.3436,8.163e+05,-0.11
2651.2790,75621.2694,1.5,5s2.5p4.(3P<2>).7p 2[1]*,79393.0339,0.5,5s2.5p4.(3P<2>).7d 2[0],0.1619,7.682e+05,0.24
2654.2864,73639.1366,1.5,5s2.5p4.(3P<0>).5d 2[2],77406.6276,1.5,5s2.5p4.(3P<2>).4f 2[1]*,0.06498,1.538e+05,-0.06
2655.8302,77307.1471,2.5,5s2.5p4.(3P<2>).4f 2[3]*,81072.448,1.5,5s2.5p4.(1D<2>).5d 2[1],0.6593,1.559e+06,-0.18
2655.9916,73639.1366,1.5,5s2.5p4.(3P<0>).5d 2[2],77404.2088,0.5,5s2.5p4.(3P<2>).4f 2[1]*,0.1607,7.598e+05,-0.49
2656.7651,78732.074,2.5,5s2.5p4.(3P<2>).8p 2[2]*,82496.05,1.5,5s2.5p4.(3P<1>).6d 2[2],0.01995,4.714e+04,0.02
2659.9169,78732.074,2.5,5s2.5p4.(3P<2>).8p 2[2]*,82491.59,2.5,5s2.5p4.(3P<1>).6d 2[3],0.0228,3.582e+04,-0.02
2665.2377,75191.1777,2.5,5s2.5p4.(3P<2>).7p 2[3]*,78943.1882,2.5,5s2.5p4.(3P<2>).7d 2[3],0.006061,9486,0.02
2667.1710,75193.8973,3.5,5s2.5p4.(3P<2>).7p 2[3]*,78943.1882,2.5,5s2.5p4.(3P<2>).7d 2[3],0.08412,1.315e+05,0.48
2669.9851,76136.2488,1.5,5s2.5p4.(3P<2>).6d 2[1],79881.588,0.5,5s2.5p4.(3P<2>).5f 2[1]*,0.03456,1.617e+05,-0.27
2670.2561,76136.2488,1.5,5s2.5p4.(3P<2>).6d 2[1],79881.208,1.5,5s2.5p4.(3P<2>).5f 2[1]*,0.02863,6.697e+04,-0.02
2670.5601,78415.0912,1.5,5s2.5p4.(1D<2>).6p 2[1]*,82159.624,1.5,5s2.5p4.(3P<1>).6d 2[1],0.03476,8.128e+04,0.01
2672.9837,76106.3914,2.5,5s2.5p4.(3P<2>).6d 2[3],79847.529,3.5,5s2.5p4.(3P<2>).5f 2[3]*,0.1349,1.575e+05,-0.11
2675.2836,76106.3914,2.5,5s2.5p4.(3P<2>).6d 2[3],79844.3129,2.5,5s2.5p4.(3P<2>).5f 2[3]*,0.01849,2.872e+04,0.05
2678.3755,76106.3914,2.5,5s2.5p4.(3P<2>).6d 2[3],79839.9979,2.5,5s2.5p4.(3P<2>).5f 2[2]*,0.03929,6.089e+04,-0.06
2681.5030,78415.0912,1.5,5s2.5p4.(1D<2>).6p 2[1]*,82144.343,2.5,5s2.5p4.(1D<2>).5d 2[3],0.4479,6.925e+05,0.11
2682.1533,76106.3914,2.5,5s2.5p4.(3P<2>).6d 2[3],79834.739,1.5,5s2.5p4.(3P<2>).5f 2[2]*,0.01073,2.487e+04,0.09
2682.4568,75302.906,0.5,5s2.5p4.(3P<2>).7p 2[1]*,79030.8318,1.5,5s2.5p4.(3P<2>).7d 2[1],0.06493,1.505e+05,0.11
2683.5534,76106.3914,2.5,5s2.5p4.(3P<2>).6d 2[3],79832.7939,3.5,5s2.5p4.(3P<2>).5f 2[4]*,0.05048,5.845e+04,-0.04
2683.7339,78889.3531,0.5,5s2.5p4.(3P<2>).7d 2[1],82615.505,0.5,5s2.5p4.(3P<1>).7p 2[1]*,0.0458,2.121e+05,-0.06
2684.9411,78891.0285,1.5,5s2.5p4.(3P<1>).7s 2[1],82615.505,0.5,5s2.5p4.(3P<1>).7p 2[1]*,0.2415,1.117e+06,0.09
2687.9572,73639.1366,1.5,5s2.5p4.(3P<0>).5d 2[2],77359.4339,2.5,5s2.5p4.(3P<2>).4f 2[2]*,0.05864,9.023e+04,-0.02
2689.8398,71903.5759,2.5,5s2.5p4.(3P<2>).7s 2[2],75621.2694,1.5,5s2.5p4.(3P<2>).7p 2[1]*,0.2442,5.629e+05,0.12
2690.0923,73639.1366,1.5,5s2.5p4.(3P<0>).5d 2[2],77356.4812,1.5,5s2.5p4.(3P<2>).4f 2[2]*,0.7489,1.726e+06,0.45
2690.9683,78779.9156,0.5,5s2.5p4.(3P<2>).8p 2[1]*,82496.05,1.5,5s2.5p4.(3P<1>).6d 2[2],0.03222,7.421e+04,-0.01
2691.0897,77356.4812,1.5,5s2.5p4.(3P<2>).4f 2[2]*,81072.448,1.5,5s2.5p4.(1D<2>).5d 2[1],0.05267,1.213e+05,-0.05
2693.2297,77359.4339,2.5,5s2.5p4.(3P<2>).4f 2[2]*,81072.448,1.5,5s2.5p4.(1D<2>).5d 2[1],1.206,2.772e+06,-0.31
2693.4540,75191.1777,2.5,5s2.5p4.(3P<2>).7p 2[3]*,78903.8826,3.5,5s2.5p4.(3P<2>).7d 2[3],0.07122,8.186e+04,-0.08
2695.4285,75193.8973,3.5,5s2.5p4.(3P<2>).7p 2[3]*,78903.8826,3.5,5s2.5p4.(3P<2>).7d 2[3],0.6226,7.145e+05,0.73
2696.8250,76136.2488,1.5,5s2.5p4.(3P<2>).6d 2[1],79844.3129,2.5,5s2.5p4.(3P<2>).5f 2[3]*,0.0655,1.001e+05,0.07
2699.9669,76136.2488,1.5,5s2.5p4.(3P<2>).6d 2[1],79839.9979,2.5,5s2.5p4.(3P<2>).5f 2[2]*,0.2041,3.112e+05,-0.17
2702.8117,75191.1777,2.5,5s2.5p4.(3P<2>).7p 2[3]*,78891.0285,1.5,5s2.5p4.(3P<1>).7s 2[1],0.0005731,1308,0.0
2703.8060,76136.2488,1.5,5s2.5p4.(3P<2>).6d 2[1],79834.739,1.5,5s2.5p4.(3P<2>).5f 2[2]*,0.1711,3.902e+05,0.29
2706.7746,78732.074,2.5,5s2.5p4.(3P<2>).8p 2[2]*,82426.508,1.5,5s2.5p4.(3P<0>).6d 2[2],0.118,2.686e+05,-0.08
2708.3046,73054.4376,1.5,5s2.5p4.(3P<1>).6p 2[1]*,76746.7844,1.5,5s2.5p4.(3P<2>).6d 2[2],0.0001407,319.9,0.0
2716.2334,64906.1234,2.5,5s2.5p4.(3P<2>).6p 2[2]*,68587.6921,2.5,5s2.5p4.(1D<2>).6s 2[2],0.04247,6.4e+04,0.06
2716.8101,78815.2628,1.5,5s2.5p4.(3P<2>).8p 2[2]*,82496.05,1.5,5s2.5p4.(3P<1>).6d 2[2],0.07153,1.616e+05,0.02
2719.2231,75177.074,2.5,5s2.5p4.(3P<1>).5d 2[3],78854.595,2.5,5s2.5p4.(3P<2>).8p 2[3]*,0.09515,1.431e+05,-0.04
2720.1061,78815.2628,1.5,5s2.5p4.(3P<2>).8p 2[2]*,82491.59,2.5,5s2.5p4.(3P<1>).6d 2[3],0.00497,7468,0.0
2726.1036,77404.2088,0.5,5s2.5p4.(3P<2>).4f 2[1]*,81072.448,1.5,5s2.5p4.(1D<2>).5d 2[1],0.007066,1.585e+04,-0.07
2726.2735,73639.1366,1.5,5s2.5p4.(3P<0>).5d 2[2],77307.1471,2.5,5s2.5p4.(3P<2>).4f 2[3]*,1.211,1.811e+06,0.34
2726.9690,75177.074,2.5,5s2.5p4.(3P<1>).5d 2[3],78844.149,3.5,5s2.5p4.(3P<2>).8p 2[3]*,6.455,7.238e+06,-0.84
2727.9023,77406.6276,1.5,5s2.5p4.(3P<2>).4f 2[1]*,81072.448,1.5,5s2.5p4.(1D<2>).5d 2[1],0.4534,1.016e+06,-0.36
2728.3261,78732.074,2.5,5s2.5p4.(3P<2>).8p 2[2]*,82397.325,2.5,5s2.5p4.(3P<0>).6d 2[2],0.002119,3164,-0.0
2729.3794,75621.2694,1.5,5s2.5p4.(3P<2>).7p 2[1]*,79285.106,0.5,5s2.5p4.(3P<1>).7s 2[1],0.005134,2.298e+04,-0.0
2737.2880,64906.1234,2.5,5s2.5p4.(3P<2>).6p 2[2]*,68559.3743,3.5,5s2.5p4.(3P<2>).5d 2[4],0.05819,6.475e+04,-0.23
2741.6482,78844.149,3.5,5s2.5p4.(3P<2>).8p 2[3]*,82491.59,2.5,5s2.5p4.(3P<1>).6d 2[3],0.036,5.325e+04,0.24
2742.2862,78779.9156,0.5,5s2.5p4.(3P<2>).8p 2[1]*,82426.508,1.5,5s2.5p4.(3P<0>).6d 2[2],0.00447,9911,-0.0
2744.6446,64906.1234,2.5,5s2.5p4.(3P<2>).6p 2[2]*,68549.5824,1.5,5s2.5p4.(1D<2>).6s 2[2],0.06093,1.349e+05,0.17
2745.0634,78592.4119,2.5,5s2.5p4.(1D<2>).6p 2[3]*,82235.315,1.5,5s2.5p4.(1D<2>).5d 2[2],0.0264,5.843e+04,0.03
2746.1550,78854.595,2.5,5s2.5p4.(3P<2>).8p 2[3]*,82496.05,1.5,5s2.5p4.(3P<1>).6d 2[2],1.574e-05,34.8,0.0
2748.6204,75177.074,2.5,5s2.5p4.(3P<1>).5d 2[3],78815.2628,1.5,5s2.5p4.(3P<2>).8p 2[2]*,1.675,3.697e+06,0.31
2749.5226,78854.595,2.5,5s2.5p4.(3P<2>).8p 2[3]*,82491.59,2.5,5s2.5p4.(3P<1>).6d 2[3],0.06029,8.866e+04,-0.13
2757.9087,78415.0912,1.5,5s2.5p4.(1D<2>).6p 2[1]*,82041.027,2.5,5s2.5p4.(1D<2>).5d 2[2],0.01863,2.724e+04,-0.01
2758.0533,64989.8299,1.5,5s2.5p4.(3P<2>).6p 2[2]*,68615.5757,0.5,5s2.5p4.(3P<2>).5d 2[0],0.1303,5.711e+05,-0.25
2760.8851,76417.6231,0.5,5s2.5p4.(3P<2>).6d 2[1],80039.65,1.5,5s2.5p4.(1D<2>).6p 2[2]*,0.0567,1.24e+05,-0.19
2768.9612,73795.1649,2.5,5s2.5p4.(3P<0>).5d 2[2],77406.6276,1.5,5s2.5p4.(3P<2>).4f 2[1]*,0.04576,9.953e+04,0.29
2769.1279,78815.2628,1.5,5s2.5p4.(3P<2>).8p 2[2]*,82426.508,1.5,5s2.5p4.(3P<0>).6d 2[2],0.09889,2.151e+05,-0.02
2769.6057,72807.0009,1.5,5s2.5p4.(3P<1>).6p 2[2]*,76417.6231,0.5,5s2.5p4.(3P<2>).6d 2[1],0.001825,7936,-0.01
2779.4283,64989.8299,1.5,5s2.5p4.(3P<2>).6p 2[2]*,68587.6921,2.5,5s2.5p4.(1D<2>).6s 2[2],0.02328,3.351e+04,0.04
2786.9729,75302.906,0.5,5s2.5p4.(3P<2>).7p 2[1]*,78891.0285,1.5,5s2.5p4.(3P<1>).7s 2[1],0.01315,2.824e+04,-0.0
2788.2748,75302.906,0.5,5s2.5p4.(3P<2>).7p 2[1]*,78889.3531,0.5,5s2.5p4.(3P<2>).7d 2[1],0.08333,3.575e+05,-0.15
2789.6546,79030.8318,1.5,5s2.5p4.(3P<2>).7d 2[1],82615.505,0.5,5s2.5p4.(3P<1>).7p 2[1]*,0.0002777,1190,-0.0
2791.6880,78815.2628,1.5,5s2.5p4.(3P<2>).8p 2[2]*,82397.325,2.5,5s2.5p4.(3P<0>).6d 2[2],0.1922,2.741e+05,0.07
2795.3486,72529.02,2.5,5s2.5p4.(3P<1>).6p 2[2]*,76106.3914,2.5,5s2.5p4.(3P<2>).6d 2[3],0.03965,5.64e+04,-0.04
2799.6203,78854.595,2.5,5s2.5p4.(3P<2>).8p 2[3]*,82426.508,1.5,5s2.5p4.(3P<0>).6d 2[2],0.000311,661.6,-0.0
2802.6040,79224.4978,1.5,5s2.5p4.(3P<2>).8p 2[1]*,82792.608,2.5,5s2.5p4.(3P<1>).6d 2[2],7.317e-05,103.6,0.0
2804.9024,76136.2488,1.5,5s2.5p4.(3P<2>).6d 2[1],79701.4352,0.5,5s2.5p4.(1D<2>).6p 2[1]*,0.0002646,1122,0.0
2805.6244,73795.1649,2.5,5s2.5p4.(3P<0>).5d 2[2],77359.4339,2.5,5s2.5p4.(3P<2>).4f 2[2]*,0.2565,3.623e+05,0.23
2807.9505,73795.1649,2.5,5s2.5p4.(3P<0>).5d 2[2],77356.4812,1.5,5s2.5p4.(3P<2>).4f 2[2]*,0.07914,1.674e+05,-0.35
2809.1841,64989.8299,1.5,5s2.5p4.(3P<2>).6p 2[2]*,68549.5824,1.5,5s2.5p4.(1D<2>).6s 2[2],0.0506,1.069e+05,0.07
2812.9395,75177.074,2.5,5s2.5p4.(3P<1>).5d 2[3],78732.074,2.5,5s2.5p4.(3P<2>).8p 2[2]*,5.962,8.376e+06,-0.8
2814.3835,78844.149,3.5,5s2.5p4.(3P<2>).8p 2[3]*,82397.325,2.5,5s2.5p4.(3P<0>).6d 2[2],0.02016,2.829e+04,0.13
2815.3699,78592.4119,2.5,5s2.5p4.(1D<2>).6p 2[3]*,82144.343,2.5,5s2.5p4.(1D<2>).5d 2[3],0.0001295,181.6,0.0
2822.6819,78854.595,2.5,5s2.5p4.(3P<2>).8p 2[3]*,82397.325,2.5,5s2.5p4.(3P<0>).6d 2[2],0.3757,5.242e+05,-0.3
2823.5372,78889.3531,0.5,5s2.5p4.(3P<2>).7d 2[1],82431.01,1.5,5s2.5p4.(3P<1>).7p 2[2]*,0.0564,1.18e+05,-0.07
2824.8735,78891.0285,1.5,5s2.5p4.(3P<1>).7s 2[1],82431.01,1.5,5s2.5p4.(3P<1>).7p 2[2]*,1.829,3.821e+06,-0.35
2829.2041,78889.3531,0.5,5s2.5p4.(3P<2>).7d 2[1],82423.916,1.5,5s2.5p4.(3P<1>).7p 2[1]*,0.03664,7.633e+04,-0.06
2830.5458,78891.0285,1.5,5s2.5p4.(3P<1>).7s 2[1],82423.916,1.5,5s2.5p4.(3P<1>).7p 2[1]*,0.9192,1.913e+06,0.31
2842.4161,73795.1649,2.5,5s2.5p4.(3P<0>).5d 2[2],77313.2986,3.5,5s2.5p4.(3P<2>).4f 2[3]*,0.07321,7.555e+04,-0.04
2847.3948,73795.1649,2.5,5s2.5p4.(3P<0>).5d 2[2],77307.1471,2.5,5s2.5p4.(3P<2>).4f 2[3]*,0.3462,4.747e+05,-0.36
2847.4171,73795.1649,2.5,5s2.5p4.(3P<0>).5d 2[2],77307.1197,3.5,5s2.5p4.(3P<2>).4f 2[4]*,1.045,1.074e+06,0.27
2848.8161,75714.2677,0.5,5s2.5p4.(3P<2>).6d 2[0],79224.4978,1.5,5s2.5p4.(3P<2>).8p 2[1]*,0.04426,9.094e+04,-0.17
2854.4996,78732.074,2.5,5s2.5p4.(3P<2>).8p 2[2]*,82235.315,1.5,5s2.5p4.(1D<2>).5d 2[2],6.435e-06,13.17,0.0
2863.3090,75510.9743,3.5,5s2.5p4.(3P<2>).6d 2[3],79003.437,3.5,5s2.5p4.(1D<2>).6p 2[3]*,0.001947,1981,0.0
2866.8467,79003.437,3.5,5s2.5p4.(1D<2>).6p 2[3]*,82491.59,2.5,5s2.5p4.(3P<1>).6d 2[3],0.02194,2.968e+04,0.01
2867.1190,78943.1882,2.5,5s2.5p4.(3P<2>).7d 2[3],82431.01,1.5,5s2.5p4.(3P<1>).7p 2[2]*,0.02028,4.114e+04,0.02
2872.9624,78943.1882,2.5,5s2.5p4.(3P<2>).7d 2[3],82423.916,1.5,5s2.5p4.(3P<1>).7p 2[1]*,0.0001175,237.5,0.0
2877.2449,72529.02,2.5,5s2.5p4.(3P<1>).6p 2[2]*,76004.5671,3.5,5s2.5p4.(3P<2>).6d 2[4],0.04638,4.671e+04,-0.04
2886.8653,76417.6231,0.5,5s2.5p4.(3P<2>).6d 2[1],79881.588,0.5,5s2.5p4.(3P<2>).5f 2[1]*,0.007864,3.147e+04,-0.13
2887.1820,76417.6231,0.5,5s2.5p4.(3P<2>).6d 2[1],79881.208,1.5,5s2.5p4.(3P<2>).5f 2[1]*,0.09401,1.881e+05,-0.16
2894.0215,78779.9156,0.5,5s2.5p4.(3P<2>).8p 2[1]*,82235.315,1.5,5s2.5p4.(1D<2>).5d 2[2],0.02375,4.728e+04,-0.01
2899.7147,78592.4119,2.5,5s2.5p4.(1D<2>).6p 2[3]*,82041.027,2.5,5s2.5p4.(1D<2>).5d 2[2],0.1539,2.034e+05,-0.12
2917.9963,68549.5824,1.5,5s2.5p4.(1D<2>).6s 2[2],71976.5916,1.5,5s2.5p4.(3P<0>).6p 2[1]*,0.00721,1.412e+04,-0.02
2923.9320,78815.2628,1.5,5s2.5p4.(3P<2>).8p 2[2]*,82235.315,1.5,5s2.5p4.(1D<2>).5d 2[2],0.005033,9816,0.0
2926.4445,76417.6231,0.5,5s2.5p4.(3P<2>).6d 2[1],79834.739,1.5,5s2.5p4.(3P<2>).5f 2[2]*,0.06537,1.273e+05,-0.16
2927.9680,75177.074,2.5,5s2.5p4.(3P<1>).5d 2[3],78592.4119,2.5,5s2.5p4.(1D<2>).6p 2[3]*,0.001052,1365,0.0
2930.6013,78732.074,2.5,5s2.5p4.(3P<2>).8p 2[2]*,82144.343,2.5,5s2.5p4.(1D<2>).5d 2[3],0.01472,1.905e+04,-0.0
2932.9277,75621.2694,1.5,5s2.5p4.(3P<2>).7p 2[1]*,79030.8318,1.5,5s2.5p4.(3P<2>).7d 2[1],0.009152,1.774e+04,0.01
2940.5264,75823.7462,1.5,5s2.5p4.(3P<1>).5d 2[2],79224.4978,1.5,5s2.5p4.(3P<2>).8p 2[1]*,0.03321,6.405e+04,-0.02
2941.0223,79030.8318,1.5,5s2.5p4.(3P<2>).7d 2[1],82431.01,1.5,5s2.5p4.(3P<1>).7p 2[2]*,0.001109,2138,-0.0
2946.4732,79003.437,3.5,5s2.5p4.(1D<2>).6p 2[3]*,82397.325,2.5,5s2.5p4.(3P<0>).6d 2[2],0.4685,5.999e+05,0.18
2947.1712,79030.8318,1.5,5s2.5p4.(3P<2>).7d 2[1],82423.916,1.5,5s2.5p4.(3P<1>).7p 2[1]*,0.002993,5747,0.0
2950.8104,68587.6921,2.5,5s2.5p4.(1D<2>).6s 2[2],71976.5916,1.5,5s2.5p4.(3P<0>).6p 2[1]*,0.002782,5328,-0.01
2954.1340,73977.5493,3.5,5s2.5p4.(3P<1>).5d 2[3],77362.6361,4.5,5s2.5p4.(3P<2>).4f 2[5]*,0.1727,1.32e+05,0.1
2956.9312,73977.5493,3.5,5s2.5p4.(3P<1>).5d 2[3],77359.4339,2.5,5s2.5p4.(3P<2>).4f 2[2]*,0.03424,4.354e+04,-0.26
2957.9498,78854.595,2.5,5s2.5p4.(3P<2>).8p 2[3]*,82235.315,1.5,5s2.5p4.(1D<2>).5d 2[2],0.003147,5998,-0.01
2958.8351,78779.9156,0.5,5s2.5p4.(3P<2>).8p 2[1]*,82159.624,1.5,5s2.5p4.(3P<1>).6d 2[1],0.001583,3016,0.0
2959.8920,76746.7844,1.5,5s2.5p4.(3P<2>).6d 2[2],80125.2861,2.5,5s2.5p4.(1D<2>).6p 2[2]*,0.002037,2585,-0.0
2967.6138,72529.02,2.5,5s2.5p4.(3P<1>).6p 2[2]*,75898.7307,2.5,5s2.5p4.(3P<1>).5d 2[2],0.07102,8.965e+04,-0.12
2970.7478,75049.3522,1.5,5s2.5p4.(3P<2>).7p 2[2]*,78415.508,0.5,5s2.5p4.(3P<0>).7s 2[0],0.0003568,1348,-0.0
2973.3715,73054.4376,1.5,5s2.5p4.(3P<1>).6p 2[1]*,76417.6231,0.5,5s2.5p4.(3P<2>).6d 2[1],0.1053,3.972e+05,0.39
2975.2909,68615.5757,0.5,5s2.5p4.(3P<2>).5d 2[0],71976.5916,1.5,5s2.5p4.(3P<0>).6p 2[1]*,0.03867,7.284e+04,0.14
2976.3935,73387.0136,0.5,5s2.5p4.(3P<1>).6p 2[1]*,76746.7844,1.5,5s2.5p4.(3P<2>).6d 2[2],0.003535,6654,0.01
2990.1076,78815.2628,1.5,5s2.5p4.(3P<2>).8p 2[2]*,82159.624,1.5,5s2.5p4.(3P<1>).6d 2[1],0.0009392,1752,-0.0
2990.7699,75510.9743,3.5,5s2.5p4.(3P<2>).6d 2[3],78854.595,2.5,5s2.5p4.(3P<2>).8p 2[3]*,0.1904,2.366e+05,-0.24
2997.8272,73977.5493,3.5,5s2.5p4.(3P<1>).5d 2[3],77313.2986,3.5,5s2.5p4.(3P<2>).4f 2[3]*,0.1438,1.335e+05,0.23
3000.1428,75510.9743,3.5,5s2.5p4.(3P<2>).6d 2[3],78844.149,3.5,5s2.5p4.(3P<2>).8p 2[3]*,0.05627,5.212e+04,-0.16
3002.6432,79285.106,0.5,5s2.5p4.(3P<1>).7s 2[1],82615.505,0.5,5s2.5p4.(3P<1>).7p 2[1]*,0.5226,1.933e+06,0.33
3003.3658,73977.5493,3.5,5s2.5p4.(3P<1>).5d 2[3],77307.1471,2.5,5s2.5p4.(3P<2>).4f 2[3]*,0.004204,5182,0.05
3003.3905,73977.5493,3.5,5s2.5p4.(3P<1>).5d 2[3],77307.1197,3.5,5s2.5p4.(3P<2>).4f 2[4]*,0.08083,7.472e+04,-0.09
3003.6814,72807.0009,1.5,5s2.5p4.(3P<1>).6p 2[2]*,76136.2488,1.5,5s2.5p4.(3P<2>).6d 2[1],0.1282,2.369e+05,0.08
3003.8327,78815.2628,1.5,5s2.5p4.(3P<2>).8p 2[2]*,82144.343,2.5,5s2.5p4.(1D<2>).5d 2[3],0.07611,9.377e+04,0.01
3004.0445,73977.5493,3.5,5s2.5p4.(3P<1>).5d 2[3],77306.3948,4.5,5s2.5p4.(3P<2>).4f 2[4]*,0.8143,6.019e+05,0.21
3006.1194,72294.7216,1.5,5s2.5p4.(3P<2>).7s 2[2],75621.2694,1.5,5s2.5p4.(3P<2>).7p 2[1]*,1.535,2.832e+06,0.49
3006.8251,75898.7307,2.5,5s2.5p4.(3P<1>).5d 2[2],79224.4978,1.5,5s2.5p4.(3P<2>).8p 2[1]*,0.4963,9.154e+05,0.3
3009.5440,78891.0285,1.5,5s2.5p4.(3P<1>).7s 2[1],82213.791,2.5,5s2.5p4.(3P<1>).7p 2[2]*,1.071,1.315e+06,0.28
3010.3084,75621.2694,1.5,5s2.5p4.(3P<2>).7p 2[1]*,78943.1882,2.5,5s2.5p4.(3P<2>).7d 2[3],0.03431,4.209e+04,0.04
3021.2316,78903.8826,3.5,5s2.5p4.(3P<2>).7d 2[3],82213.791,2.5,5s2.5p4.(3P<1>).7p 2[2]*,0.0006355,774,0.0
3022.1040,78732.074,2.5,5s2.5p4.(3P<2>).8p 2[2]*,82041.027,2.5,5s2.5p4.(1D<2>).5d 2[2],0.1686,2.053e+05,0.05
3023.6675,78415.508,0.5,5s2.5p4.(3P<0>).7s 2[0],81722.75,1.5,5s2.5p4.(3P<0>).7p 2[1]*,1.508,2.75e+06,0.63
3025.6921,78854.595,2.5,5s2.5p4.(3P<2>).8p 2[3]*,82159.624,1.5,5s2.5p4.(3P<1>).6d 2[1],0.0273,4.973e+04,0.07
3030.1249,78844.149,3.5,5s2.5p4.(3P<2>).8p 2[3]*,82144.343,2.5,5s2.5p4.(1D<2>).5d 2[3],0.00775,9384,0.01
3030.7627,75703.9375,4.5,5s2.5p4.(3P<2>).6d 2[4],79003.437,3.5,5s2.5p4.(1D<2>).6p 2[3]*,0.001606,1458,0.01
3030.8628,72807.0009,1.5,5s2.5p4.(3P<1>).6p 2[2]*,76106.3914,2.5,5s2.5p4.(3P<2>).6d 2[3],0.2778,3.362e+05,0.17
3035.1536,72529.02,2.5,5s2.5p4.(3P<1>).6p 2[2]*,75823.7462,1.5,5s2.5p4.(3P<1>).5d 2[2],0.002519,4559,0.01
3036.8686,76746.7844,1.5,5s2.5p4.(3P<2>).6d 2[2],80039.65,1.5,5s2.5p4.(1D<2>).6p 2[2]*,0.01587,2.87e+04,0.02
3037.0128,67061.9638,1.5,5s2.5p4.(3P<2>).6p 2[1]*,70354.673,1.5,5s2.5p4.(3P<2>).5d 2[2],0.6086,1.1e+06,0.53
3038.8438,77306.3948,4.5,5s2.5p4.(3P<2>).4f 2[4]*,80597.12,4.5,5s2.5p4.(1D<2>).5d 2[4],0.01275,9211,0.1
3039.2168,71903.5759,2.5,5s2.5p4.(3P<2>).7s 2[2],75193.8973,3.5,5s2.5p4.(3P<2>).7p 2[3]*,4.316,3.896e+06,0.84
3039.5134,77307.1197,3.5,5s2.5p4.(3P<2>).4f 2[4]*,80597.12,4.5,5s2.5p4.(1D<2>).5d 2[4],4.435e-05,32.02,0.0
3039.7465,78854.595,2.5,5s2.5p4.(3P<2>).8p 2[3]*,82144.343,2.5,5s2.5p4.(1D<2>).5d 2[3],0.299,3.597e+05,-0.1
3041.7309,71903.5759,2.5,5s2.5p4.(3P<2>).7s 2[2],75191.1777,2.5,5s2.5p4.(3P<2>).7p 2[3]*,0.0696,8.363e+04,0.06
3045.2326,77313.2986,3.5,5s2.5p4.(3P<2>).4f 2[3]*,80597.12,4.5,5s2.5p4.(1D<2>).5d 2[4],0.001456,1047,-0.09
3045.2412,76417.6231,0.5,5s2.5p4.(3P<2>).6d 2[1],79701.4352,0.5,5s2.5p4.(1D<2>).6p 2[1]*,0.098,3.525e+05,0.08
3056.6530,79224.4978,1.5,5s2.5p4.(3P<2>).8p 2[1]*,82496.05,1.5,5s2.5p4.(3P<1>).6d 2[2],0.0001392,248.4,-0.0
3057.5403,78943.1882,2.5,5s2.5p4.(3P<2>).7d 2[3],82213.791,2.5,5s2.5p4.(3P<1>).7p 2[2]*,0.008525,1.014e+04,-0.01
3058.3293,75621.2694,1.5,5s2.5p4.(3P<2>).7p 2[1]*,78891.0285,1.5,5s2.5p4.(3P<1>).7s 2[1],6.174e-05,110.1,0.0
3059.8972,75621.2694,1.5,5s2.5p4.(3P<2>).7p 2[1]*,78889.3531,0.5,5s2.5p4.(3P<2>).7d 2[1],0.0141,5.023e+04,-0.02
3060.8258,79224.4978,1.5,5s2.5p4.(3P<2>).8p 2[1]*,82491.59,2.5,5s2.5p4.(3P<1>).6d 2[3],0.0704,8.354e+04,0.05
3063.5236,68549.5824,1.5,5s2.5p4.(1D<2>).6s 2[2],71813.7975,0.5,5s2.5p4.(3P<0>).6p 2[1]*,0.01159,4.117e+04,-0.07
3078.3425,78779.9156,0.5,5s2.5p4.(3P<2>).8p 2[1]*,82028.417,0.5,5s2.5p4.(3P<1>).6d 2[1],0.06743,2.373e+05,0.11
3088.3097,75177.074,2.5,5s2.5p4.(3P<1>).5d 2[3],78415.0912,1.5,5s2.5p4.(1D<2>).6p 2[1]*,0.0004684,819,-0.0
3091.0401,77361.963,5.5,5s2.5p4.(3P<2>).4f 2[5]*,80597.12,4.5,5s2.5p4.(1D<2>).5d 2[4],0.09249,6.457e+04,0.1
3091.6833,77362.6361,4.5,5s2.5p4.(3P<2>).4f 2[5]*,80597.12,4.5,5s2.5p4.(1D<2>).5d 2[4],0.001586,1107,-0.09
3100.0406,78815.2628,1.5,5s2.5p4.(3P<2>).8p 2[2]*,82041.027,2.5,5s2.5p4.(1D<2>).5d 2[2],0.01779,2.058e+04,0.0
3103.2086,79393.0339,0.5,5s2.5p4.(3P<2>).7d 2[0],82615.505,0.5,5s2.5p4.(3P<1>).7p 2[1]*,0.00788,2.729e+04,-0.01
3103.4765,76903.0932,2.5,5s2.5p4.(3P<2>).6d 2[2],80125.2861,2.5,5s2.5p4.(1D<2>).6p 2[2]*,0.006495,7497,0.01
3104.5298,75510.9743,3.5,5s2.5p4.(3P<2>).6d 2[3],78732.074,2.5,5s2.5p4.(3P<2>).8p 2[2]*,0.1814,2.092e+05,0.16
3112.2067,78815.2628,1.5,5s2.5p4.(3P<2>).8p 2[2]*,82028.417,0.5,5s2.5p4.(3P<1>).6d 2[1],0.06295,2.168e+05,-0.11
3123.0381,79224.4978,1.5,5s2.5p4.(3P<2>).8p 2[1]*,82426.508,1.5,5s2.5p4.(3P<0>).6d 2[2],0.08596,1.47e+05,0.03
3124.5290,71976.5916,1.5,5s2.5p4.(3P<0>).6p 2[1]*,75177.074,2.5,5s2.5p4.(3P<1>).5d 2[3],0.003258,3710,0.0
3126.7375,68615.5757,0.5,5s2.5p4.(3P<2>).5d 2[0],71813.7975,0.5,5s2.5p4.(3P<0>).6p 2[1]*,0.01116,3.806e+04,-0.11
3128.0518,78844.149,3.5,5s2.5p4.(3P<2>).8p 2[3]*,82041.027,2.5,5s2.5p4.(1D<2>).5d 2[2],0.06949,7.896e+04,-0.15
3135.6259,78415.508,0.5,5s2.5p4.(3P<0>).7s 2[0],81604.664,0.5,5s2.5p4.(3P<0>).7p 2[1]*,0.06428,2.18e+05,-0.05
3138.3064,78854.595,2.5,5s2.5p4.(3P<2>).8p 2[3]*,82041.027,2.5,5s2.5p4.(1D<2>).5d 2[2],0.04078,4.603e+04,0.03
3141.7305,79030.8318,1.5,5s2.5p4.(3P<2>).7d 2[1],82213.791,2.5,5s2.5p4.(3P<1>).7p 2[2]*,0.01901,2.142e+04,0.04
3151.7632,79224.4978,1.5,5s2.5p4.(3P<2>).8p 2[1]*,82397.325,2.5,5s2.5p4.(3P<0>).6d 2[2],0.6809,7.62e+05,0.24
3154.3564,61819.6111,1.5,5s2.5p4.(3P<1>).6s 2[1],64989.8299,1.5,5s2.5p4.(3P<2>).6p 2[2]*,0.01009,1.692e+04,0.02
3178.7365,79285.106,0.5,5s2.5p4.(3P<1>).7s 2[1],82431.01,1.5,5s2.5p4.(3P<1>).7p 2[2]*,0.6084,1.004e+06,0.26
3178.8656,71903.5759,2.5,5s2.5p4.(3P<2>).7s 2[2],75049.3522,1.5,5s2.5p4.(3P<2>).7p 2[2]*,1.68,2.773e+06,-0.55
3183.7947,79003.437,3.5,5s2.5p4.(1D<2>).6p 2[3]*,82144.343,2.5,5s2.5p4.(1D<2>).5d 2[3],0.7038,7.719e+05,0.1
3184.4989,75703.9375,4.5,5s2.5p4.(3P<2>).6d 2[4],78844.149,3.5,5s2.5p4.(3P<2>).8p 2[3]*,0.435,3.577e+05,-0.29
3185.9208,79285.106,0.5,5s2.5p4.(3P<1>).7s 2[1],82423.916,1.5,5s2.5p4.(3P<1>).7p 2[1]*,0.7278,1.196e+06,0.32
3188.2094,76903.0932,2.5,5s2.5p4.(3P<2>).6d 2[2],80039.65,1.5,5s2.5p4.(1D<2>).6p 2[2]*,0.0002039,334.5,0.0
3189.9925,76746.7844,1.5,5s2.5p4.(3P<2>).6d 2[2],79881.588,0.5,5s2.5p4.(3P<2>).5f 2[1]*,0.01881,6.164e+04,0.13
3190.3792,76746.7844,1.5,5s2.5p4.(3P<2>).6d 2[2],79881.208,1.5,5s2.5p4.(3P<2>).5f 2[1]*,0.1659,2.717e+05,0.07
3207.0747,76106.3914,2.5,5s2.5p4.(3P<2>).6d 2[3],79224.4978,1.5,5s2.5p4.(3P<2>).8p 2[1]*,0.0004153,673.4,0.0
3212.7461,75302.906,0.5,5s2.5p4.(3P<2>).7p 2[1]*,78415.508,0.5,5s2.5p4.(3P<0>).7s 2[0],0.1735,5.607e+05,-0.13
3220.9166,75898.7307,2.5,5s2.5p4.(3P<1>).5d 2[2],79003.437,3.5,5s2.5p4.(1D<2>).6p 2[3]*,0.000124,99.67,-0.0
3224.7713,75714.2677,0.5,5s2.5p4.(3P<2>).6d 2[0],78815.2628,1.5,5s2.5p4.(3P<2>).8p 2[2]*,0.1094,1.754e+05,0.38
3228.3803,76746.7844,1.5,5s2.5p4.(3P<2>).6d 2[2],79844.3129,2.5,5s2.5p4.(3P<2>).5f 2[3]*,0.8783,9.369e+05,0.29
3232.8839,76746.7844,1.5,5s2.5p4.(3P<2>).6d 2[2],79839.9979,2.5,5s2.5p4.(3P<2>).5f 2[2]*,0.2319,2.467e+05,0.17
3234.4353,72807.0009,1.5,5s2.5p4.(3P<1>).6p 2[2]*,75898.7307,2.5,5s2.5p4.(3P<1>).5d 2[2],0.2147,2.281e+05,0.17
3235.0252,78415.508,0.5,5s2.5p4.(3P<0>).7s 2[0],81506.674,0.5,5s2.5p4.(3P<1>).7p 2[0]*,0.6461,2.059e+06,-0.52
3237.2114,67061.9638,1.5,5s2.5p4.(3P<2>).6p 2[1]*,70151.0423,2.5,5s2.5p4.(3P<2>).5d 2[2],0.9967,1.057e+06,0.66
3238.0809,76136.2488,1.5,5s2.5p4.(3P<2>).6d 2[1],79224.4978,1.5,5s2.5p4.(3P<2>).8p 2[1]*,0.1271,2.021e+05,-0.12
3239.9029,61819.6111,1.5,5s2.5p4.(3P<1>).6s 2[1],64906.1234,2.5,5s2.5p4.(3P<2>).6p 2[2]*,0.0137,1.451e+04,0.02
3240.5095,71501.3162,0.5,5s2.5p4.(3P<1>).6p 2[0]*,74587.2507,1.5,5s2.5p4.(3P<1>).5d 2[1],3.982e-05,63.24,-0.0
3244.8451,73054.4376,1.5,5s2.5p4.(3P<1>).6p 2[1]*,76136.2488,1.5,5s2.5p4.(3P<2>).6d 2[1],0.01036,1.64e+04,-0.04
3245.2385,75510.9743,3.5,5s2.5p4.(3P<2>).6d 2[3],78592.4119,2.5,5s2.5p4.(1D<2>).6p 2[3]*,0.02354,2.485e+04,0.15
3261.9532,75714.2677,0.5,5s2.5p4.(3P<2>).6d 2[0],78779.9156,0.5,5s2.5p4.(3P<2>).8p 2[1]*,0.001628,5102,-0.03
3264.3287,79150.374,3.5,5s2.5p4.(3P<2>).7d 2[4],82213.791,2.5,5s2.5p4.(3P<1>).7p 2[2]*,0.0004934,514.8,0.0
3265.9460,71903.5759,2.5,5s2.5p4.(3P<2>).7s 2[2],74965.4759,2.5,5s2.5p4.(3P<2>).7p 2[2]*,3.075,3.205e+06,0.73
3291.6651,79393.0339,0.5,5s2.5p4.(3P<2>).7d 2[0],82431.01,1.5,5s2.5p4.(3P<1>).7p 2[2]*,0.003976,6119,-0.01
3292.0835,79003.437,3.5,5s2.5p4.(1D<2>).6p 2[3]*,82041.027,2.5,5s2.5p4.(1D<2>).5d 2[2],0.3625,3.719e+05,-0.09
3294.6075,79395.7471,1.5,5s2.5p4.(3P<2>).7d 2[2],82431.01,1.5,5s2.5p4.(3P<1>).7p 2[2]*,0.1004,1.542e+05,0.04
3297.7826,70354.673,1.5,5s2.5p4.(3P<2>).5d 2[2],73387.0136,0.5,5s2.5p4.(3P<1>).6p 2[1]*,0.007794,2.39e+04,-0.01
3299.3695,79393.0339,0.5,5s2.5p4.(3P<2>).7d 2[0],82423.916,1.5,5s2.5p4.(3P<1>).7p 2[1]*,0.04913,7.527e+04,-0.11
3299.4058,75823.7462,1.5,5s2.5p4.(3P<1>).5d 2[2],78854.595,2.5,5s2.5p4.(3P<2>).8p 2[3]*,0.3712,3.791e+05,0.73
3299.6663,73387.0136,0.5,5s2.5p4.(3P<1>).6p 2[1]*,76417.6231,0.5,5s2.5p4.(3P<2>).6d 2[1],0.001704,5221,-0.0
3302.3257,79395.7471,1.5,5s2.5p4.(3P<2>).7d 2[2],82423.916,1.5,5s2.5p4.(3P<1>).7p 2[1]*,0.1064,1.626e+05,-0.09
3314.8307,72807.0009,1.5,5s2.5p4.(3P<1>).6p 2[2]*,75823.7462,1.5,5s2.5p4.(3P<1>).5d 2[2],0.008796,1.335e+04,-0.01
3319.3148,79418.34,2.5,5s2.5p4.(3P<2>).7d 2[2],82431.01,1.5,5s2.5p4.(3P<1>).7p 2[2]*,1.144,1.732e+06,-0.25
3321.3574,79224.4978,1.5,5s2.5p4.(3P<2>).8p 2[1]*,82235.315,1.5,5s2.5p4.(1D<2>).5d 2[2],0.01294,1.955e+04,0.01
3324.2643,72294.7216,1.5,5s2.5p4.(3P<2>).7s 2[2],75302.906,0.5,5s2.5p4.(3P<2>).7p 2[1]*,1.215,3.668e+06,0.73
3327.1493,79418.34,2.5,5s2.5p4.(3P<2>).7d 2[2],82423.916,1.5,5s2.5p4.(3P<1>).7p 2[1]*,0.005746,8655,-0.0
3334.5895,76004.5671,3.5,5s2.5p4.(3P<2>).6d 2[4],79003.437,3.5,5s2.5p4.(1D<2>).6p 2[3]*,0.007119,5338,-0.01
3342.7861,75823.7462,1.5,5s2.5p4.(3P<1>).5d 2[2],78815.2628,1.5,5s2.5p4.(3P<2>).8p 2[2]*,0.01915,2.858e+04,-0.02
3353.5055,72529.02,2.5,5s2.5p4.(3P<1>).6p 2[2]*,75510.9743,3.5,5s2.5p4.(3P<2>).6d 2[3],0.002622,1944,0.0
3357.8289,76903.0932,2.5,5s2.5p4.(3P<2>).6d 2[2],79881.208,1.5,5s2.5p4.(3P<2>).5f 2[1]*,0.01374,2.032e+04,0.01
3378.5906,79832.7939,3.5,5s2.5p4.(3P<2>).5f 2[4]*,82792.608,2.5,5s2.5p4.(3P<1>).6d 2[2],0.003463,3373,-0.0
3380.8123,79834.739,1.5,5s2.5p4.(3P<2>).5f 2[2]*,82792.608,2.5,5s2.5p4.(3P<1>).6d 2[2],0.0008572,833.7,-0.0
3382.7561,75823.7462,1.5,5s2.5p4.(3P<1>).5d 2[2],78779.9156,0.5,5s2.5p4.(3P<2>).8p 2[1]*,0.6618,1.929e+06,0.48
3383.1052,75898.7307,2.5,5s2.5p4.(3P<1>).5d 2[2],78854.595,2.5,5s2.5p4.(3P<2>).8p 2[3]*,0.007471,7257,-0.01
3384.4947,76746.7844,1.5,5s2.5p4.(3P<2>).6d 2[2],79701.4352,0.5,5s2.5p4.(1D<2>).6p 2[1]*,0.01125,3.276e+04,-0.01
3386.8339,79839.9979,2.5,5s2.5p4.(3P<2>).5f 2[2]*,82792.608,2.5,5s2.5p4.(3P<1>).6d 2[2],0.002347,2275,0.0
3387.8394,68549.5824,1.5,5s2.5p4.(1D<2>).6s 2[2],71501.3162,0.5,5s2.5p4.(3P<1>).6p 2[0]*,0.009499,2.76e+04,0.02
3391.7907,79844.3129,2.5,5s2.5p4.(3P<2>).5f 2[3]*,82792.608,2.5,5s2.5p4.(3P<1>).6d 2[2],0.0001901,183.7,0.0
3395.1035,75898.7307,2.5,5s2.5p4.(3P<1>).5d 2[2],78844.149,3.5,5s2.5p4.(3P<2>).8p 2[3]*,0.9118,6.596e+05,0.62
3395.4947,79847.529,3.5,5s2.5p4.(3P<2>).5f 2[3]*,82792.608,2.5,5s2.5p4.(3P<1>).6d 2[2],0.008463,8161,0.0
3396.2364,76903.0932,2.5,5s2.5p4.(3P<2>).6d 2[2],79847.529,3.5,5s2.5p4.(3P<2>).5f 2[3]*,5.772,4.172e+06,-0.65
3397.4534,65644.311,2.5,5s2.5p4.(3P<2>).6p 2[3]*,68587.6921,2.5,5s2.5p4.(1D<2>).6s 2[2],0.0007694,741.1,0.0
3399.9500,76903.0932,2.5,5s2.5p4.(3P<2>).6d 2[2],79844.3129,2.5,5s2.5p4.(3P<2>).5f 2[3]*,1.782,1.714e+06,0.62
3404.9453,76903.0932,2.5,5s2.5p4.(3P<2>).6d 2[2],79839.9979,2.5,5s2.5p4.(3P<2>).5f 2[2]*,0.2897,2.778e+05,0.25
3407.0085,79224.4978,1.5,5s2.5p4.(3P<2>).8p 2[1]*,82159.624,1.5,5s2.5p4.(3P<1>).6d 2[1],0.0001441,207,-0.0
3411.0533,76903.0932,2.5,5s2.5p4.(3P<2>).6d 2[2],79834.739,1.5,5s2.5p4.(3P<2>).5f 2[2]*,0.00138,1978,0.0
3413.3180,76903.0932,2.5,5s2.5p4.(3P<2>).6d 2[2],79832.7939,3.5,5s2.5p4.(3P<2>).5f 2[4]*,1.738,1.244e+06,0.51
3424.8391,79224.4978,1.5,5s2.5p4.(3P<2>).8p 2[1]*,82144.343,2.5,5s2.5p4.(1D<2>).5d 2[3],0.2616,2.479e+05,0.05
3427.1565,65669.8213,3.5,5s2.5p4.(3P<2>).6p 2[3]*,68587.6921,2.5,5s2.5p4.(1D<2>).6s 2[2],0.01226,1.16e+04,-0.03
3428.7296,75898.7307,2.5,5s2.5p4.(3P<1>).5d 2[2],78815.2628,1.5,5s2.5p4.(3P<2>).8p 2[2]*,0.03024,4.29e+04,-0.02
3430.4572,65644.311,2.5,5s2.5p4.(3P<2>).6p 2[3]*,68559.3743,3.5,5s2.5p4.(3P<2>).5d 2[4],1.396,9.893e+05,0.96
3434.7736,79881.208,1.5,5s2.5p4.(3P<2>).5f 2[1]*,82792.608,2.5,5s2.5p4.(3P<1>).6d 2[2],0.009692,9133,-0.01
3438.4020,75823.7462,1.5,5s2.5p4.(3P<1>).5d 2[2],78732.074,2.5,5s2.5p4.(3P<2>).8p 2[2]*,0.004245,3991,-0.02
3439.6568,72807.0009,1.5,5s2.5p4.(3P<1>).6p 2[2]*,75714.2677,0.5,5s2.5p4.(3P<2>).6d 2[0],0.008314,2.344e+04,-0.01
3442.0192,65644.311,2.5,5s2.5p4.(3P<2>).6p 2[3]*,68549.5824,1.5,5s2.5p4.(1D<2>).6s 2[2],0.01067,1.501e+04,-0.02
3444.2434,70151.0423,2.5,5s2.5p4.(3P<2>).5d 2[2],73054.4376,1.5,5s2.5p4.(3P<1>).6p 2[1]*,0.006412,9013,0.01
3451.7924,76106.3914,2.5,5s2.5p4.(3P<2>).6d 2[3],79003.437,3.5,5s2.5p4.(1D<2>).6p 2[3]*,2.944e-05,20.6,0.0
3452.4949,72294.7216,1.5,5s2.5p4.(3P<2>).7s 2[2],75191.1777,2.5,5s2.5p4.(3P<2>).7p 2[3]*,3.322,3.098e+06,0.93
3460.7429,65669.8213,3.5,5s2.5p4.(3P<2>).6p 2[3]*,68559.3743,3.5,5s2.5p4.(3P<2>).5d 2[4],0.03401,2.368e+04,0.3
3465.3151,68615.5757,0.5,5s2.5p4.(3P<2>).5d 2[0],71501.3162,0.5,5s2.5p4.(3P<1>).6p 2[0]*,0.01272,3.534e+04,-0.08
3508.7376,76004.5671,3.5,5s2.5p4.(3P<2>).6d 2[4],78854.595,2.5,5s2.5p4.(3P<2>).8p 2[3]*,0.4351,3.929e+05,-0.38
3515.8121,73054.4376,1.5,5s2.5p4.(3P<1>).6p 2[1]*,75898.7307,2.5,5s2.5p4.(3P<1>).5d 2[2],0.6437,5.789e+05,0.63
3521.6452,76004.5671,3.5,5s2.5p4.(3P<2>).6d 2[4],78844.149,3.5,5s2.5p4.(3P<2>).8p 2[3]*,0.004532,3047,-0.01
3529.3326,78889.3531,0.5,5s2.5p4.(3P<2>).7d 2[1],81722.75,1.5,5s2.5p4.(3P<0>).7p 2[1]*,0.001795,2403,0.0
3529.3993,75898.7307,2.5,5s2.5p4.(3P<1>).5d 2[2],78732.074,2.5,5s2.5p4.(3P<2>).8p 2[2]*,1.539,1.374e+06,0.82
3531.4207,78891.0285,1.5,5s2.5p4.(3P<1>).7s 2[1],81722.75,1.5,5s2.5p4.(3P<0>).7p 2[1]*,0.2511,3.357e+05,-0.08
3546.8830,74587.2507,1.5,5s2.5p4.(3P<1>).5d 2[1],77406.6276,1.5,5s2.5p4.(3P<2>).4f 2[1]*,0.1042,1.382e+05,0.17
3548.5608,79395.7471,1.5,5s2.5p4.(3P<2>).7d 2[2],82213.791,2.5,5s2.5p4.(3P<1>).7p 2[2]*,0.7757,6.848e+05,-0.48
3549.9286,74587.2507,1.5,5s2.5p4.(3P<1>).5d 2[1],77404.2088,0.5,5s2.5p4.(3P<2>).4f 2[1]*,0.1165,3.083e+05,0.54
3550.4691,79224.4978,1.5,5s2.5p4.(3P<2>).8p 2[1]*,82041.027,2.5,5s2.5p4.(1D<2>).5d 2[2],0.1139,1.004e+05,-0.04
3562.6813,76417.6231,0.5,5s2.5p4.(3P<2>).6d 2[1],79224.4978,1.5,5s2.5p4.(3P<2>).8p 2[1]*,0.01135,1.491e+04,0.07
3566.4366,79224.4978,1.5,5s2.5p4.(3P<2>).8p 2[1]*,82028.417,0.5,5s2.5p4.(3P<1>).6d 2[1],0.01594,4.181e+04,0.03
3577.2403,79418.34,2.5,5s2.5p4.(3P<2>).7d 2[2],82213.791,2.5,5s2.5p4.(3P<1>).7p 2[2]*,0.2989,2.596e+05,-0.16
3578.3107,79701.4352,0.5,5s2.5p4.(1D<2>).6p 2[1]*,82496.05,1.5,5s2.5p4.(3P<1>).6d 2[2],0.1492,1.942e+05,-0.12
3578.7924,75621.2694,1.5,5s2.5p4.(3P<2>).7p 2[1]*,78415.508,0.5,5s2.5p4.(3P<0>).7s 2[0],0.1082,2.817e+05,0.08
3597.6894,78943.1882,2.5,5s2.5p4.(3P<2>).7d 2[3],81722.75,1.5,5s2.5p4.(3P<0>).7p 2[1]*,0.0001372,176.8,-0.0
3605.6134,71813.7975,0.5,5s2.5p4.(3P<0>).6p 2[1]*,74587.2507,1.5,5s2.5p4.(3P<1>).5d 2[1],0.2775,3.56e+05,0.48
3607.2652,74587.2507,1.5,5s2.5p4.(3P<1>).5d 2[1],77359.4339,2.5,5s2.5p4.(3P<2>).4f 2[2]*,0.1097,9.375e+04,0.05
3611.0096,73054.4376,1.5,5s2.5p4.(3P<1>).6p 2[1]*,75823.7462,1.5,5s2.5p4.(3P<1>).5d 2[2],0.0861,1.101e+05,-0.14
3611.1115,74587.2507,1.5,5s2.5p4.(3P<1>).5d 2[1],77356.4812,1.5,5s2.5p4.(3P<2>).4f 2[2]*,0.6451,8.249e+05,-0.61
3611.8481,75823.7462,1.5,5s2.5p4.(3P<1>).5d 2[2],78592.4119,2.5,5s2.5p4.(1D<2>).6p 2[3]*,0.03515,2.995e+04,-0.06
3624.7913,65856.7962,0.5,5s2.5p4.(3P<2>).6p 2[1]*,68615.5757,0.5,5s2.5p4.(3P<2>).5d 2[0],0.1275,3.235e+05,-0.62
3630.2508,72294.7216,1.5,5s2.5p4.(3P<2>).7s 2[2],75049.3522,1.5,5s2.5p4.(3P<2>).7p 2[2]*,0.4218,5.337e+05,0.29
3632.4564,80039.65,1.5,5s2.5p4.(1D<2>).6p 2[2]*,82792.608,2.5,5s2.5p4.(3P<1>).6d 2[2],0.1545,1.301e+05,0.22
3637.3752,73387.0136,0.5,5s2.5p4.(3P<1>).6p 2[1]*,76136.2488,1.5,5s2.5p4.(3P<2>).6d 2[1],0.01026,1.293e+04,0.02
3638.7406,76106.3914,2.5,5s2.5p4.(3P<2>).6d 2[3],78854.595,2.5,5s2.5p4.(3P<2>).8p 2[3]*,0.002766,2323,0.01
3652.6243,76106.3914,2.5,5s2.5p4.(3P<2>).6d 2[3],78844.149,3.5,5s2.5p4.(3P<2>).8p 2[3]*,0.01507,9420,0.22
3666.3519,76004.5671,3.5,5s2.5p4.(3P<2>).6d 2[4],78732.074,2.5,5s2.5p4.(3P<2>).8p 2[2]*,0.01957,1.618e+04,0.02
3669.6267,79701.4352,0.5,5s2.5p4.(1D<2>).6p 2[1]*,82426.508,1.5,5s2.5p4.(3P<0>).6d 2[2],0.0106,1.313e+04,0.01
3676.6106,74587.2507,1.5,5s2.5p4.(3P<1>).5d 2[1],77307.1471,2.5,5s2.5p4.(3P<2>).4f 2[3]*,0.929,7.64e+05,-0.39
3678.7073,76136.2488,1.5,5s2.5p4.(3P<2>).6d 2[1],78854.595,2.5,5s2.5p4.(3P<2>).8p 2[3]*,0.1644,1.351e+05,-0.35
3682.8195,78889.3531,0.5,5s2.5p4.(3P<2>).7d 2[1],81604.664,0.5,5s2.5p4.(3P<0>).7p 2[1]*,0.01093,2.687e+04,0.03
3685.0933,78891.0285,1.5,5s2.5p4.(3P<1>).7s 2[1],81604.664,0.5,5s2.5p4.(3P<0>).7p 2[1]*,0.04714,1.158e+05,-0.02
3691.5743,76106.3914,2.5,5s2.5p4.(3P<2>).6d 2[3],78815.2628,1.5,5s2.5p4.(3P<2>).8p 2[2]*,0.05926,7.252e+04,-0.09
3702.5744,75714.2677,0.5,5s2.5p4.(3P<2>).6d 2[0],78415.0912,1.5,5s2.5p4.(1D<2>).6p 2[1]*,0.00011,133.8,-0.0
3704.0266,70354.673,1.5,5s2.5p4.(3P<2>).5d 2[2],73054.4376,1.5,5s2.5p4.(3P<1>).6p 2[1]*,0.004947,6012,0.01
3712.3918,75898.7307,2.5,5s2.5p4.(3P<1>).5d 2[2],78592.4119,2.5,5s2.5p4.(1D<2>).6p 2[3]*,0.01594,1.286e+04,-0.08
3713.6257,65856.7962,0.5,5s2.5p4.(3P<2>).6p 2[1]*,68549.5824,1.5,5s2.5p4.(1D<2>).6s 2[2],0.005811,7026,0.01
3714.8231,79030.8318,1.5,5s2.5p4.(3P<2>).7d 2[1],81722.75,1.5,5s2.5p4.(3P<0>).7p 2[1]*,0.02637,3.186e+04,-0.04
3732.7166,76136.2488,1.5,5s2.5p4.(3P<2>).6d 2[1],78815.2628,1.5,5s2.5p4.(3P<2>).8p 2[2]*,0.02092,2.503e+04,0.02
3738.6855,77450.5492,2.5,5s2.5p4.(3P<2>).8s 2[2],80125.2861,2.5,5s2.5p4.(1D<2>).6p 2[2]*,0.02488,1.979e+04,0.05
3744.2606,72294.7216,1.5,5s2.5p4.(3P<2>).7s 2[2],74965.4759,2.5,5s2.5p4.(3P<2>).7p 2[2]*,0.008795,6974,-0.01
3745.0391,63186.5971,0.5,5s2.5p4.(3P<1>).6s 2[1],65856.7962,0.5,5s2.5p4.(3P<2>).6p 2[1]*,0.01491,3.546e+04,-0.06
3749.0788,80125.2861,2.5,5s2.5p4.(1D<2>).6p 2[2]*,82792.608,2.5,5s2.5p4.(3P<1>).6d 2[2],0.02833,2.24e+04,0.06
3757.5466,79834.739,1.5,5s2.5p4.(3P<2>).5f 2[2]*,82496.05,1.5,5s2.5p4.(3P<1>).6d 2[2],0.04601,5.434e+04,0.03
3759.6386,73054.4376,1.5,5s2.5p4.(3P<1>).6p 2[1]*,75714.2677,0.5,5s2.5p4.(3P<2>).6d 2[0],0.003436,8108,-0.08
3761.1007,79832.7939,3.5,5s2.5p4.(3P<2>).5f 2[4]*,82491.59,2.5,5s2.5p4.(3P<1>).6d 2[3],0.1562,1.227e+05,-0.13
3763.1379,78415.0912,1.5,5s2.5p4.(1D<2>).6p 2[1]*,81072.448,1.5,5s2.5p4.(1D<2>).5d 2[1],0.03309,3.897e+04,-0.02
3763.8543,79834.739,1.5,5s2.5p4.(3P<2>).5f 2[2]*,82491.59,2.5,5s2.5p4.(3P<1>).6d 2[3],0.008861,6953,0.1
3764.9864,79839.9979,2.5,5s2.5p4.(3P<2>).5f 2[2]*,82496.05,1.5,5s2.5p4.(3P<1>).6d 2[2],0.03105,3.652e+04,-0.01
3765.1189,70151.0423,2.5,5s2.5p4.(3P<2>).5d 2[2],72807.0009,1.5,5s2.5p4.(3P<1>).6p 2[2]*,0.006207,7302,0.01
3771.1129,79844.3129,2.5,5s2.5p4.(3P<2>).5f 2[3]*,82496.05,1.5,5s2.5p4.(3P<1>).6d 2[2],0.05399,6.331e+04,0.01
3771.3191,79839.9979,2.5,5s2.5p4.(3P<2>).5f 2[2]*,82491.59,2.5,5s2.5p4.(3P<1>).6d 2[3],0.05521,4.316e+04,-0.11
3776.3580,72529.02,2.5,5s2.5p4.(3P<1>).6p 2[2]*,75177.074,2.5,5s2.5p4.(3P<1>).5d 2[3],0.08659,6.75e+04,0.14
3777.4663,79844.3129,2.5,5s2.5p4.(3P<2>).5f 2[3]*,82491.59,2.5,5s2.5p4.(3P<1>).6d 2[3],0.01448,1.128e+04,-0.05
3782.0610,79847.529,3.5,5s2.5p4.(3P<2>).5f 2[3]*,82491.59,2.5,5s2.5p4.(3P<1>).6d 2[3],0.03664,2.848e+04,0.07
3782.6250,76136.2488,1.5,5s2.5p4.(3P<2>).6d 2[1],78779.9156,0.5,5s2.5p4.(3P<2>).8p 2[1]*,0.111,2.587e+05,-0.18
3808.5334,76106.3914,2.5,5s2.5p4.(3P<2>).6d 2[3],78732.074,2.5,5s2.5p4.(3P<2>).8p 2[2]*,0.0444,3.403e+04,-0.09
3820.7008,78889.3531,0.5,5s2.5p4.(3P<2>).7d 2[1],81506.674,0.5,5s2.5p4.(3P<1>).7p 2[0]*,0.000238,543.8,0.0
3823.1481,78891.0285,1.5,5s2.5p4.(3P<1>).7s 2[1],81506.674,0.5,5s2.5p4.(3P<1>).7p 2[0]*,0.05724,1.306e+05,-0.02
3824.3228,79881.208,1.5,5s2.5p4.(3P<2>).5f 2[1]*,82496.05,1.5,5s2.5p4.(3P<1>).6d 2[2],0.002031,2315,0.0
3824.8787,79881.588,0.5,5s2.5p4.(3P<2>).5f 2[1]*,82496.05,1.5,5s2.5p4.(3P<1>).6d 2[2],0.0006345,723.2,-0.0
3830.4503,71976.5916,1.5,5s2.5p4.(3P<0>).6p 2[1]*,74587.2507,1.5,5s2.5p4.(3P<1>).5d 2[1],0.02786,3.167e+04,0.06
3852.3395,76136.2488,1.5,5s2.5p4.(3P<2>).6d 2[1],78732.074,2.5,5s2.5p4.(3P<2>).8p 2[2]*,0.1155,8.654e+04,0.26
3858.3686,79834.739,1.5,5s2.5p4.(3P<2>).5f 2[2]*,82426.508,1.5,5s2.5p4.(3P<0>).6d 2[2],0.08442,9.456e+04,-0.04
3858.9999,75823.7462,1.5,5s2.5p4.(3P<1>).5d 2[2],78415.0912,1.5,5s2.5p4.(1D<2>).6p 2[1]*,0.06138,6.873e+04,0.06
3860.7381,74965.4759,2.5,5s2.5p4.(3P<2>).7p 2[2]*,77555.6542,1.5,5s2.5p4.(3P<2>).8s 2[2],0.0001511,169.1,0.0
3862.3448,77450.5492,2.5,5s2.5p4.(3P<2>).8s 2[2],80039.65,1.5,5s2.5p4.(1D<2>).6p 2[2]*,0.004746,5305,-0.01
3864.2194,76004.5671,3.5,5s2.5p4.(3P<2>).6d 2[4],78592.4119,2.5,5s2.5p4.(1D<2>).6p 2[3]*,0.01291,9615,0.07
3866.2134,79839.9979,2.5,5s2.5p4.(3P<2>).5f 2[2]*,82426.508,1.5,5s2.5p4.(3P<0>).6d 2[2],0.1804,2.013e+05,0.04
3872.6741,79844.3129,2.5,5s2.5p4.(3P<2>).5f 2[3]*,82426.508,1.5,5s2.5p4.(3P<0>).6d 2[2],0.0005652,628.5,0.0
3885.2572,79030.8318,1.5,5s2.5p4.(3P<2>).7d 2[1],81604.664,0.5,5s2.5p4.(3P<0>).7p 2[1]*,0.0043,9501,0.01
3891.6080,77555.6542,1.5,5s2.5p4.(3P<2>).8s 2[2],80125.2861,2.5,5s2.5p4.(1D<2>).6p 2[2]*,0.0002245,164.8,-0.0
3899.3483,79832.7939,3.5,5s2.5p4.(3P<2>).5f 2[4]*,82397.325,2.5,5s2.5p4.(3P<0>).6d 2[2],0.1385,1.013e+05,-0.08
3910.3328,79839.9979,2.5,5s2.5p4.(3P<2>).5f 2[2]*,82397.325,2.5,5s2.5p4.(3P<0>).6d 2[2],0.04756,3.458e+04,-0.09
3916.9419,79844.3129,2.5,5s2.5p4.(3P<2>).5f 2[3]*,82397.325,2.5,5s2.5p4.(3P<0>).6d 2[2],0.1249,9.051e+04,-0.12
3921.8824,79847.529,3.5,5s2.5p4.(3P<2>).5f 2[3]*,82397.325,2.5,5s2.5p4.(3P<0>).6d 2[2],0.6134,4.434e+05,0.21
3928.8100,79881.208,1.5,5s2.5p4.(3P<2>).5f 2[1]*,82426.508,1.5,5s2.5p4.(3P<0>).6d 2[2],0.1057,1.141e+05,0.04
3929.3966,79881.588,0.5,5s2.5p4.(3P<2>).5f 2[1]*,82426.508,1.5,5s2.5p4.(3P<0>).6d 2[2],0.04285,4.628e+04,0.11
3946.5171,79701.4352,0.5,5s2.5p4.(1D<2>).6p 2[1]*,82235.315,1.5,5s2.5p4.(1D<2>).5d 2[2],0.01067,1.143e+04,-0.01
3973.9934,75898.7307,2.5,5s2.5p4.(3P<1>).5d 2[2],78415.0912,1.5,5s2.5p4.(1D<2>).6p 2[1]*,0.001502,1586,0.0
3974.3780,79881.208,1.5,5s2.5p4.(3P<2>).5f 2[1]*,82397.325,2.5,5s2.5p4.(3P<0>).6d 2[2],0.05408,3.806e+04,-0.05
3989.4449,73114.655,0.5,5s2.5p4.(3P<1>).5d 2[1],75621.2694,1.5,5s2.5p4.(3P<2>).7p 2[1]*,0.01001,1.049e+04,-0.03
3989.9422,75049.3522,1.5,5s2.5p4.(3P<2>).7p 2[2]*,77555.6542,1.5,5s2.5p4.(3P<2>).8s 2[2],0.4682,4.904e+05,-0.36
4022.4930,76106.3914,2.5,5s2.5p4.(3P<2>).6d 2[3],78592.4119,2.5,5s2.5p4.(1D<2>).6p 2[3]*,0.009091,6246,0.04
4024.0262,74965.4759,2.5,5s2.5p4.(3P<2>).7p 2[2]*,77450.5492,2.5,5s2.5p4.(3P<2>).8s 2[2],0.2046,1.405e+05,-0.04
4025.7717,77555.6542,1.5,5s2.5p4.(3P<2>).8s 2[2],80039.65,1.5,5s2.5p4.(1D<2>).6p 2[2]*,0.01105,1.137e+04,-0.04
4032.1994,78592.4119,2.5,5s2.5p4.(1D<2>).6p 2[3]*,81072.448,1.5,5s2.5p4.(1D<2>).5d 2[1],0.04805,4.928e+04,0.12
4035.9793,76746.7844,1.5,5s2.5p4.(3P<2>).6d 2[2],79224.4978,1.5,5s2.5p4.(3P<2>).8p 2[1]*,0.3255,3.332e+05,0.21
4039.0296,79030.8318,1.5,5s2.5p4.(3P<2>).7d 2[1],81506.674,0.5,5s2.5p4.(3P<1>).7p 2[0]*,0.0004622,945,-0.0
4068.0358,79701.4352,0.5,5s2.5p4.(1D<2>).6p 2[1]*,82159.624,1.5,5s2.5p4.(3P<1>).6d 2[1],0.4431,4.465e+05,-0.25
4070.9982,80039.65,1.5,5s2.5p4.(1D<2>).6p 2[2]*,82496.05,1.5,5s2.5p4.(3P<1>).6d 2[2],0.002618,2634,0.01
4071.3909,76136.2488,1.5,5s2.5p4.(3P<2>).6d 2[1],78592.4119,2.5,5s2.5p4.(1D<2>).6p 2[3]*,0.01664,1.116e+04,0.05
4077.7581,70354.673,1.5,5s2.5p4.(3P<2>).5d 2[2],72807.0009,1.5,5s2.5p4.(3P<1>).6p 2[2]*,0.01518,1.523e+04,0.02
4078.4032,80039.65,1.5,5s2.5p4.(1D<2>).6p 2[2]*,82491.59,2.5,5s2.5p4.(3P<1>).6d 2[3],0.09581,6.404e+04,0.15
4102.3218,79285.106,0.5,5s2.5p4.(3P<1>).7s 2[1],81722.75,1.5,5s2.5p4.(3P<0>).7p 2[1]*,0.2392,2.37e+05,0.18
4103.8561,73387.0136,0.5,5s2.5p4.(3P<1>).6p 2[1]*,75823.7462,1.5,5s2.5p4.(3P<1>).5d 2[2],0.3447,3.413e+05,0.43
4114.1110,77450.5492,2.5,5s2.5p4.(3P<2>).8s 2[2],79881.208,1.5,5s2.5p4.(3P<2>).5f 2[1]*,0.0001134,111.7,0.0
4164.5896,75049.3522,1.5,5s2.5p4.(3P<2>).7p 2[2]*,77450.5492,2.5,5s2.5p4.(3P<2>).8s 2[2],1.302,8.344e+05,0.3
4165.6669,79834.739,1.5,5s2.5p4.(3P<2>).5f 2[2]*,82235.315,1.5,5s2.5p4.(1D<2>).5d 2[2],0.001435,1379,0.0
4170.7684,76417.6231,0.5,5s2.5p4.(3P<2>).6d 2[1],78815.2628,1.5,5s2.5p4.(3P<2>).8p 2[2]*,0.003499,3355,0.03
4171.9167,77450.5492,2.5,5s2.5p4.(3P<2>).8s 2[2],79847.529,3.5,5s2.5p4.(3P<2>).5f 2[3]*,0.123,5.894e+04,-0.19
4174.8126,79839.9979,2.5,5s2.5p4.(3P<2>).5f 2[2]*,82235.315,1.5,5s2.5p4.(1D<2>).5d 2[2],0.00324,3100,0.0
4177.5218,77450.5492,2.5,5s2.5p4.(3P<2>).8s 2[2],79844.3129,2.5,5s2.5p4.(3P<2>).5f 2[3]*,0.02557,1.629e+04,0.09
4182.3468,79844.3129,2.5,5s2.5p4.(3P<2>).5f 2[3]*,82235.315,1.5,5s2.5p4.(1D<2>).5d 2[2],0.02663,2.539e+04,0.01
4185.0658,77450.5492,2.5,5s2.5p4.(3P<2>).8s 2[2],79839.9979,2.5,5s2.5p4.(3P<2>).5f 2[2]*,0.01507,9564,-0.06
4189.6083,80039.65,1.5,5s2.5p4.(1D<2>).6p 2[2]*,82426.508,1.5,5s2.5p4.(3P<0>).6d 2[2],0.01204,1.144e+04,-0.04
4194.2969,77450.5492,2.5,5s2.5p4.(3P<2>).8s 2[2],79834.739,1.5,5s2.5p4.(3P<2>).5f 2[2]*,0.003533,3349,0.06
4197.7216,77450.5492,2.5,5s2.5p4.(3P<2>).8s 2[2],79832.7939,3.5,5s2.5p4.(3P<2>).5f 2[4]*,0.003193,1511,-0.0
4205.2539,70151.0423,2.5,5s2.5p4.(3P<2>).5d 2[2],72529.02,2.5,5s2.5p4.(3P<1>).6p 2[2]*,0.001516,952.9,-0.0
4218.0497,80125.2861,2.5,5s2.5p4.(1D<2>).6p 2[2]*,82496.05,1.5,5s2.5p4.(3P<1>).6d 2[2],0.0009264,868.2,-0.01
4219.2791,72807.0009,1.5,5s2.5p4.(3P<1>).6p 2[2]*,75177.074,2.5,5s2.5p4.(3P<1>).5d 2[3],0.1051,6.565e+04,-0.08
4225.9999,80125.2861,2.5,5s2.5p4.(1D<2>).6p 2[2]*,82491.59,2.5,5s2.5p4.(3P<1>).6d 2[3],0.00865,5385,-0.02
4229.2660,75191.1777,2.5,5s2.5p4.(3P<2>).7p 2[3]*,77555.6542,1.5,5s2.5p4.(3P<2>).8s 2[2],1.916,1.786e+06,-0.79
4233.1760,76417.6231,0.5,5s2.5p4.(3P<2>).6d 2[1],78779.9156,0.5,5s2.5p4.(3P<2>).8p 2[1]*,0.05826,1.084e+05,-0.21
4241.4667,80039.65,1.5,5s2.5p4.(1D<2>).6p 2[2]*,82397.325,2.5,5s2.5p4.(3P<0>).6d 2[2],0.02298,1.42e+04,0.03
4247.8953,79881.208,1.5,5s2.5p4.(3P<2>).5f 2[1]*,82235.315,1.5,5s2.5p4.(1D<2>).5d 2[2],0.009036,8351,0.01
4248.5811,79881.588,0.5,5s2.5p4.(3P<2>).5f 2[1]*,82235.315,1.5,5s2.5p4.(1D<2>).5d 2[2],9.935e-05,91.79,0.0
4272.8214,78732.074,2.5,5s2.5p4.(3P<2>).8p 2[2]*,81072.448,1.5,5s2.5p4.(1D<2>).5d 2[1],0.08226,7.513e+04,-0.18
4292.3685,79393.0339,0.5,5s2.5p4.(3P<2>).7d 2[0],81722.75,1.5,5s2.5p4.(3P<0>).7p 2[1]*,0.06537,5.917e+04,-0.18
4296.9094,73387.0136,0.5,5s2.5p4.(3P<1>).6p 2[1]*,75714.2677,0.5,5s2.5p4.(3P<2>).6d 2[0],0.003466,6260,0.05
4297.3732,79395.7471,1.5,5s2.5p4.(3P<2>).7d 2[2],81722.75,1.5,5s2.5p4.(3P<0>).7p 2[1]*,0.02084,1.882e+04,0.02
4297.4122,79701.4352,0.5,5s2.5p4.(1D<2>).6p 2[1]*,82028.417,0.5,5s2.5p4.(3P<1>).6d 2[1],0.01057,1.908e+04,0.01
4299.3485,77555.6542,1.5,5s2.5p4.(3P<2>).8s 2[2],79881.588,0.5,5s2.5p4.(3P<2>).5f 2[1]*,0.005278,9524,-0.26
4300.0510,77555.6542,1.5,5s2.5p4.(3P<2>).8s 2[2],79881.208,1.5,5s2.5p4.(3P<2>).5f 2[1]*,0.025,2.254e+04,0.04
4307.7368,76903.0932,2.5,5s2.5p4.(3P<2>).6d 2[2],79224.4978,1.5,5s2.5p4.(3P<2>).8p 2[1]*,2.1,1.887e+06,-0.44
4311.0396,79839.9979,2.5,5s2.5p4.(3P<2>).5f 2[2]*,82159.624,1.5,5s2.5p4.(3P<1>).6d 2[1],0.0005178,464.6,-0.0
4311.1662,79285.106,0.5,5s2.5p4.(3P<1>).7s 2[1],81604.664,0.5,5s2.5p4.(3P<0>).7p 2[1]*,0.005228,9381,-0.0
4319.0740,79844.3129,2.5,5s2.5p4.(3P<2>).5f 2[3]*,82159.624,1.5,5s2.5p4.(3P<1>).6d 2[1],0.008317,7435,-0.0
4326.1032,79832.7939,3.5,5s2.5p4.(3P<2>).5f 2[4]*,82144.343,2.5,5s2.5p4.(1D<2>).5d 2[3],0.0288,1.711e+04,-0.0
4329.7466,79834.739,1.5,5s2.5p4.(3P<2>).5f 2[2]*,82144.343,2.5,5s2.5p4.(1D<2>).5d 2[3],0.001185,703,0.0
4331.4423,76106.3914,2.5,5s2.5p4.(3P<2>).6d 2[3],78415.0912,1.5,5s2.5p4.(1D<2>).6p 2[1]*,8.224e-05,73.1,-0.0
4332.1283,64989.8299,1.5,5s2.5p4.(3P<2>).6p 2[2]*,67298.1641,0.5,5s2.5p4.(3P<2>).5d 2[1],0.1189,2.112e+05,0.46
4339.5056,79418.34,2.5,5s2.5p4.(3P<2>).7d 2[2],81722.75,1.5,5s2.5p4.(3P<0>).7p 2[1]*,0.2129,1.885e+05,-0.09
4339.6278,79839.9979,2.5,5s2.5p4.(3P<2>).5f 2[2]*,82144.343,2.5,5s2.5p4.(1D<2>).5d 2[3],0.04542,2.681e+04,-0.02
4345.5175,80125.2861,2.5,5s2.5p4.(1D<2>).6p 2[2]*,82426.508,1.5,5s2.5p4.(3P<0>).6d 2[2],0.0102,9005,-0.05
4347.7692,79844.3129,2.5,5s2.5p4.(3P<2>).5f 2[3]*,82144.343,2.5,5s2.5p4.(1D<2>).5d 2[3],0.1485,8.736e+04,-0.07
4353.8571,79847.529,3.5,5s2.5p4.(3P<2>).5f 2[3]*,82144.343,2.5,5s2.5p4.(1D<2>).5d 2[3],0.3686,2.162e+05,0.04
4361.9885,78779.9156,0.5,5s2.5p4.(3P<2>).8p 2[1]*,81072.448,1.5,5s2.5p4.(1D<2>).5d 2[1],0.1646,1.442e+05,-0.11
4369.3715,77555.6542,1.5,5s2.5p4.(3P<2>).8s 2[2],79844.3129,2.5,5s2.5p4.(3P<2>).5f 2[3]*,0.0003206,186.7,0.0
4377.6250,77555.6542,1.5,5s2.5p4.(3P<2>).8s 2[2],79839.9979,2.5,5s2.5p4.(3P<2>).5f 2[2]*,0.05264,3.054e+04,-0.34
4387.7262,77555.6542,1.5,5s2.5p4.(3P<2>).8s 2[2],79834.739,1.5,5s2.5p4.(3P<2>).5f 2[2]*,0.02738,2.371e+04,0.34
4388.1929,76136.2488,1.5,5s2.5p4.(3P<2>).6d 2[1],78415.0912,1.5,5s2.5p4.(1D<2>).6p 2[1]*,0.001789,1549,0.0
4389.0141,79881.208,1.5,5s2.5p4.(3P<2>).5f 2[1]*,82159.624,1.5,5s2.5p4.(3P<1>).6d 2[1],0.0005093,440.9,0.0
4389.7463,79881.588,0.5,5s2.5p4.(3P<2>).5f 2[1]*,82159.624,1.5,5s2.5p4.(3P<1>).6d 2[1],0.0003779,327,0.01
4401.3331,80125.2861,2.5,5s2.5p4.(1D<2>).6p 2[2]*,82397.325,2.5,5s2.5p4.(3P<0>).6d 2[2],0.2659,1.526e+05,0.3
4418.6494,79881.208,1.5,5s2.5p4.(3P<2>).5f 2[1]*,82144.343,2.5,5s2.5p4.(1D<2>).5d 2[3],0.05246,2.987e+04,0.03
4426.0096,75191.1777,2.5,5s2.5p4.(3P<2>).7p 2[3]*,77450.5492,2.5,5s2.5p4.(3P<2>).8s 2[2],0.03865,2.193e+04,0.03
4430.2966,78815.2628,1.5,5s2.5p4.(3P<2>).8p 2[2]*,81072.448,1.5,5s2.5p4.(1D<2>).5d 2[1],0.0748,6.355e+04,0.05
4431.3436,75193.8973,3.5,5s2.5p4.(3P<2>).7p 2[3]*,77450.5492,2.5,5s2.5p4.(3P<2>).8s 2[2],2.218,1.256e+06,-0.86
4439.0225,75302.906,0.5,5s2.5p4.(3P<2>).7p 2[1]*,77555.6542,1.5,5s2.5p4.(3P<2>).8s 2[2],0.6222,5.265e+05,-0.63
4485.2028,75177.074,2.5,5s2.5p4.(3P<1>).5d 2[3],77406.6276,1.5,5s2.5p4.(3P<2>).4f 2[1]*,0.02864,2.374e+04,0.3
4501.3252,79285.106,0.5,5s2.5p4.(3P<1>).7s 2[1],81506.674,0.5,5s2.5p4.(3P<1>).7p 2[0]*,0.1701,2.8e+05,-0.17
4508.8651,78854.595,2.5,5s2.5p4.(3P<2>).8p 2[3]*,81072.448,1.5,5s2.5p4.(1D<2>).5d 2[1],0.008628,7077,0.02
4527.1056,79395.7471,1.5,5s2.5p4.(3P<2>).7d 2[2],81604.664,0.5,5s2.5p4.(3P<0>).7p 2[1]*,0.2025,3.296e+05,-0.22
4528.5074,79832.7939,3.5,5s2.5p4.(3P<2>).5f 2[4]*,82041.027,2.5,5s2.5p4.(1D<2>).5d 2[2],0.09101,4.934e+04,0.03
4532.4998,79834.739,1.5,5s2.5p4.(3P<2>).5f 2[2]*,82041.027,2.5,5s2.5p4.(1D<2>).5d 2[2],0.005219,2824,-0.02
4543.3293,79839.9979,2.5,5s2.5p4.(3P<2>).5f 2[2]*,82041.027,2.5,5s2.5p4.(1D<2>).5d 2[2],0.09827,5.292e+04,0.05
4552.2538,79844.3129,2.5,5s2.5p4.(3P<2>).5f 2[3]*,82041.027,2.5,5s2.5p4.(1D<2>).5d 2[2],0.02035,1.091e+04,0.02
4554.4288,80039.65,1.5,5s2.5p4.(1D<2>).6p 2[2]*,82235.315,1.5,5s2.5p4.(1D<2>).5d 2[2],0.06316,5.078e+04,-0.13
4558.9283,79847.529,3.5,5s2.5p4.(3P<2>).5f 2[3]*,82041.027,2.5,5s2.5p4.(1D<2>).5d 2[2],0.0004902,262.2,0.0
4569.8597,73114.655,0.5,5s2.5p4.(3P<1>).5d 2[1],75302.906,0.5,5s2.5p4.(3P<2>).7p 2[1]*,0.09507,1.518e+05,-0.22
4582.1956,75177.074,2.5,5s2.5p4.(3P<1>).5d 2[3],77359.4339,2.5,5s2.5p4.(3P<2>).4f 2[2]*,0.3375,1.787e+05,0.43
4588.4037,75177.074,2.5,5s2.5p4.(3P<1>).5d 2[3],77356.4812,1.5,5s2.5p4.(3P<2>).4f 2[2]*,0.02235,1.77e+04,-0.22
4599.0819,70354.673,1.5,5s2.5p4.(3P<2>).5d 2[2],72529.02,2.5,5s2.5p4.(3P<1>).6p 2[2]*,0.002013,1058,0.01
4630.0176,79881.208,1.5,5s2.5p4.(3P<2>).5f 2[1]*,82041.027,2.5,5s2.5p4.(1D<2>).5d 2[2],0.002627,1362,0.0
4660.3078,77555.6542,1.5,5s2.5p4.(3P<2>).8s 2[2],79701.4352,0.5,5s2.5p4.(1D<2>).6p 2[1]*,0.02761,4.24e+04,-0.04
4665.0460,73477.6678,0.5,5s2.5p4.(1D<2>).5d 2[0],75621.2694,1.5,5s2.5p4.(3P<2>).7p 2[1]*,0.0003167,242.7,-0.0
4677.6614,71501.3162,0.5,5s2.5p4.(3P<1>).6p 2[0]*,73639.1366,1.5,5s2.5p4.(3P<0>).5d 2[2],0.14,1.067e+05,0.27
4681.1557,75177.074,2.5,5s2.5p4.(3P<1>).5d 2[3],77313.2986,3.5,5s2.5p4.(3P<2>).4f 2[3]*,0.7285,2.772e+05,-0.3
4694.6746,75177.074,2.5,5s2.5p4.(3P<1>).5d 2[3],77307.1471,2.5,5s2.5p4.(3P<2>).4f 2[3]*,0.01981,9992,-0.04
4694.7350,75177.074,2.5,5s2.5p4.(3P<1>).5d 2[3],77307.1197,3.5,5s2.5p4.(3P<2>).4f 2[4]*,0.1333,5.044e+04,0.08
4711.1225,73054.4376,1.5,5s2.5p4.(3P<1>).6p 2[1]*,75177.074,2.5,5s2.5p4.(3P<1>).5d 2[3],0.2452,1.228e+05,0.48
4731.1744,79393.0339,0.5,5s2.5p4.(3P<2>).7d 2[0],81506.674,0.5,5s2.5p4.(3P<1>).7p 2[0]*,0.04237,6.313e+04,0.17
4736.5971,77307.1197,3.5,5s2.5p4.(3P<2>).4f 2[4]*,79418.34,2.5,5s2.5p4.(3P<2>).7d 2[2],0.002957,1465,-0.0
4736.6586,77307.1471,2.5,5s2.5p4.(3P<2>).4f 2[3]*,79418.34,2.5,5s2.5p4.(3P<2>).7d 2[2],0.002193,1087,0.0
4737.2555,79395.7471,1.5,5s2.5p4.(3P<2>).7d 2[2],81506.674,0.5,5s2.5p4.(3P<1>).7p 2[0]*,0.02935,4.362e+04,0.04
4739.2716,80125.2861,2.5,5s2.5p4.(1D<2>).6p 2[2]*,82235.315,1.5,5s2.5p4.(1D<2>).5d 2[2],0.003039,2257,-0.03
4744.2593,76746.7844,1.5,5s2.5p4.(3P<2>).6d 2[2],78854.595,2.5,5s2.5p4.(3P<2>).8p 2[3]*,0.0806,3.981e+04,-0.27
4750.5004,77313.2986,3.5,5s2.5p4.(3P<2>).4f 2[3]*,79418.34,2.5,5s2.5p4.(3P<2>).7d 2[2],0.04127,2.033e+04,-0.01
4751.2868,80039.65,1.5,5s2.5p4.(1D<2>).6p 2[2]*,82144.343,2.5,5s2.5p4.(1D<2>).5d 2[3],0.0242,1.192e+04,-0.05
4761.1253,76903.0932,2.5,5s2.5p4.(3P<2>).6d 2[2],79003.437,3.5,5s2.5p4.(1D<2>).6p 2[3]*,1.416,5.208e+05,-0.51
4787.8962,77307.1471,2.5,5s2.5p4.(3P<2>).4f 2[3]*,79395.7471,1.5,5s2.5p4.(3P<2>).7d 2[2],0.01476,1.074e+04,-0.02
4834.4716,76746.7844,1.5,5s2.5p4.(3P<2>).6d 2[2],78815.2628,1.5,5s2.5p4.(3P<2>).8p 2[2]*,0.0142,1.013e+04,0.01
4849.9926,77356.4812,1.5,5s2.5p4.(3P<2>).4f 2[2]*,79418.34,2.5,5s2.5p4.(3P<2>).7d 2[2],0.0003592,169.8,-0.0
4856.9481,77359.4339,2.5,5s2.5p4.(3P<2>).4f 2[2]*,79418.34,2.5,5s2.5p4.(3P<2>).7d 2[2],0.009721,4581,0.01
4858.5419,72529.02,2.5,5s2.5p4.(3P<1>).6p 2[2]*,74587.2507,1.5,5s2.5p4.(3P<1>).5d 2[1],0.00462,3264,0.04
4862.7915,65669.8213,3.5,5s2.5p4.(3P<2>).6p 2[3]*,67726.2533,4.5,5s2.5p4.(3P<2>).5d 2[4],1.206,3.403e+05,0.85
4903.7254,77356.4812,1.5,5s2.5p4.(3P<2>).4f 2[2]*,79395.7471,1.5,5s2.5p4.(3P<2>).7d 2[2],0.001808,1254,0.01
4910.2584,77356.4812,1.5,5s2.5p4.(3P<2>).4f 2[2]*,79393.0339,0.5,5s2.5p4.(3P<2>).7d 2[0],0.02897,4.008e+04,-0.11
4910.8359,77359.4339,2.5,5s2.5p4.(3P<2>).4f 2[2]*,79395.7471,1.5,5s2.5p4.(3P<2>).7d 2[2],0.2036,1.408e+05,-0.29
4918.5217,76746.7844,1.5,5s2.5p4.(3P<2>).6d 2[2],78779.9156,0.5,5s2.5p4.(3P<2>).8p 2[1]*,0.241,3.323e+05,-0.21
4952.8074,80125.2861,2.5,5s2.5p4.(1D<2>).6p 2[2]*,82144.343,2.5,5s2.5p4.(1D<2>).5d 2[3],0.01681,7620,-0.02
4970.8895,77406.6276,1.5,5s2.5p4.(3P<2>).4f 2[1]*,79418.34,2.5,5s2.5p4.(3P<2>).7d 2[2],0.0003431,154.4,0.0
4996.5599,80039.65,1.5,5s2.5p4.(1D<2>).6p 2[2]*,82041.027,2.5,5s2.5p4.(1D<2>).5d 2[2],0.287,1.278e+05,0.37
5006.3378,76417.6231,0.5,5s2.5p4.(3P<2>).6d 2[1],78415.0912,1.5,5s2.5p4.(1D<2>).6p 2[1]*,0.07092,4.719e+04,0.17
5021.2441,77404.2088,0.5,5s2.5p4.(3P<2>).4f 2[1]*,79395.7471,1.5,5s2.5p4.(3P<2>).7d 2[2],0.009473,6266,-0.28
5027.3500,77406.6276,1.5,5s2.5p4.(3P<2>).4f 2[1]*,79395.7471,1.5,5s2.5p4.(3P<2>).7d 2[2],0.1041,6.867e+04,-0.43
5028.0942,77404.2088,0.5,5s2.5p4.(3P<2>).4f 2[1]*,79393.0339,0.5,5s2.5p4.(3P<2>).7d 2[0],0.02725,3.594e+04,-0.26
5028.2411,80039.65,1.5,5s2.5p4.(1D<2>).6p 2[2]*,82028.417,0.5,5s2.5p4.(3P<1>).6d 2[1],0.003276,4321,0.02
5034.2168,77406.6276,1.5,5s2.5p4.(3P<2>).4f 2[1]*,79393.0339,0.5,5s2.5p4.(3P<2>).7d 2[0],0.2224,2.927e+05,-0.7
5037.0485,76746.7844,1.5,5s2.5p4.(3P<2>).6d 2[2],78732.074,2.5,5s2.5p4.(3P<2>).8p 2[2]*,0.007653,3353,-0.02
5045.0706,73639.1366,1.5,5s2.5p4.(3P<0>).5d 2[2],75621.2694,1.5,5s2.5p4.(3P<2>).7p 2[1]*,0.00396,2594,0.01
5059.8284,71501.3162,0.5,5s2.5p4.(3P<1>).6p 2[0]*,73477.6678,0.5,5s2.5p4.(1D<2>).5d 2[0],0.02544,3.313e+04,-0.14
5124.2587,76903.0932,2.5,5s2.5p4.(3P<2>).6d 2[2],78854.595,2.5,5s2.5p4.(3P<2>).8p 2[3]*,1.519,6.43e+05,0.76
5151.8354,76903.0932,2.5,5s2.5p4.(3P<2>).6d 2[2],78844.149,3.5,5s2.5p4.(3P<2>).8p 2[3]*,0.008354,2624,0.04
5160.9779,74965.4759,2.5,5s2.5p4.(3P<2>).7p 2[2]*,76903.0932,2.5,5s2.5p4.(3P<2>).6d 2[2],0.07416,3.095e+04,-0.08
5168.7675,73114.655,0.5,5s2.5p4.(3P<1>).5d 2[1],75049.3522,1.5,5s2.5p4.(3P<2>).7p 2[2]*,0.2049,1.279e+05,0.47
5169.6022,75621.2694,1.5,5s2.5p4.(3P<2>).7p 2[1]*,77555.6542,1.5,5s2.5p4.(3P<2>).8s 2[2],0.955,5.959e+05,-0.5
5185.0417,77356.4812,1.5,5s2.5p4.(3P<2>).4f 2[2]*,79285.106,0.5,5s2.5p4.(3P<1>).7s 2[1],0.001472,1826,0.0
5219.9126,80125.2861,2.5,5s2.5p4.(1D<2>).6p 2[2]*,82041.027,2.5,5s2.5p4.(1D<2>).5d 2[2],0.0585,2.387e+04,-0.12
5229.6616,76903.0932,2.5,5s2.5p4.(3P<2>).6d 2[2],78815.2628,1.5,5s2.5p4.(3P<2>).8p 2[2]*,1.011,6.164e+05,-0.29
5316.6117,77404.2088,0.5,5s2.5p4.(3P<2>).4f 2[1]*,79285.106,0.5,5s2.5p4.(3P<1>).7s 2[1],0.00175,2065,-0.03
5323.4575,77406.6276,1.5,5s2.5p4.(3P<2>).4f 2[1]*,79285.106,0.5,5s2.5p4.(3P<1>).7s 2[1],0.001434,1688,-0.01
5394.4969,75049.3522,1.5,5s2.5p4.(3P<2>).7p 2[2]*,76903.0932,2.5,5s2.5p4.(3P<2>).6d 2[2],0.1574,6.011e+04,0.07
5400.5542,75510.9743,3.5,5s2.5p4.(3P<2>).6d 2[3],77362.6361,4.5,5s2.5p4.(3P<2>).4f 2[5]*,3.889,8.895e+05,0.92
5409.9100,75510.9743,3.5,5s2.5p4.(3P<2>).6d 2[3],77359.4339,2.5,5s2.5p4.(3P<2>).4f 2[2]*,0.03249,1.234e+04,0.24
5411.4012,79224.4978,1.5,5s2.5p4.(3P<2>).8p 2[1]*,81072.448,1.5,5s2.5p4.(1D<2>).5d 2[1],0.66,3.759e+05,0.48
5423.0547,77306.3948,4.5,5s2.5p4.(3P<2>).4f 2[4]*,79150.374,3.5,5s2.5p4.(3P<2>).7d 2[4],0.07935,2.25e+04,-0.11
5425.1874,77307.1197,3.5,5s2.5p4.(3P<2>).4f 2[4]*,79150.374,3.5,5s2.5p4.(3P<2>).7d 2[4],0.01489,4217,-0.07
5425.2680,77307.1471,2.5,5s2.5p4.(3P<2>).4f 2[3]*,79150.374,3.5,5s2.5p4.(3P<2>).7d 2[4],0.001021,289.1,0.03
5443.4347,77313.2986,3.5,5s2.5p4.(3P<2>).4f 2[3]*,79150.374,3.5,5s2.5p4.(3P<2>).7d 2[4],0.07401,2.083e+04,-0.39
5466.6323,75621.2694,1.5,5s2.5p4.(3P<2>).7p 2[1]*,77450.5492,2.5,5s2.5p4.(3P<2>).8s 2[2],0.7625,2.836e+05,-0.35
5467.5260,76903.0932,2.5,5s2.5p4.(3P<2>).6d 2[2],78732.074,2.5,5s2.5p4.(3P<2>).8p 2[2]*,0.08804,3.274e+04,0.07
5476.1379,73795.1649,2.5,5s2.5p4.(3P<0>).5d 2[2],75621.2694,1.5,5s2.5p4.(3P<2>).7p 2[1]*,0.003581,1991,0.01
5477.8033,70151.0423,2.5,5s2.5p4.(3P<2>).5d 2[2],71976.5916,1.5,5s2.5p4.(3P<0>).6p 2[1]*,0.0001739,96.66,-0.0
5478.4341,71813.7975,0.5,5s2.5p4.(3P<0>).6p 2[1]*,73639.1366,1.5,5s2.5p4.(3P<0>).5d 2[2],0.09143,5.08e+04,0.28
5478.7370,73477.6678,0.5,5s2.5p4.(1D<2>).5d 2[0],75302.906,0.5,5s2.5p4.(3P<2>).7p 2[1]*,0.0185,2.055e+04,-0.06
5498.8160,71976.5916,1.5,5s2.5p4.(3P<0>).6p 2[1]*,73795.1649,2.5,5s2.5p4.(3P<0>).5d 2[2],0.4078,1.499e+05,0.42
5545.5957,63186.5971,0.5,5s2.5p4.(3P<1>).6s 2[1],64989.8299,1.5,5s2.5p4.(3P<2>).6p 2[2]*,0.00421,2283,0.04
5548.3910,75510.9743,3.5,5s2.5p4.(3P<2>).6d 2[3],77313.2986,3.5,5s2.5p4.(3P<2>).4f 2[3]*,0.001489,403.3,0.0
5567.3931,75510.9743,3.5,5s2.5p4.(3P<2>).6d 2[3],77307.1471,2.5,5s2.5p4.(3P<2>).4f 2[3]*,0.1033,3.705e+04,-0.81
5567.4780,75510.9743,3.5,5s2.5p4.(3P<2>).6d 2[3],77307.1197,3.5,5s2.5p4.(3P<2>).4f 2[4]*,1.26,3.388e+05,0.85
5569.7259,75510.9743,3.5,5s2.5p4.(3P<2>).6d 2[3],77306.3948,4.5,5s2.5p4.(3P<2>).4f 2[4]*,1.385,2.978e+05,-0.25
5583.6597,77359.4339,2.5,5s2.5p4.(3P<2>).4f 2[2]*,79150.374,3.5,5s2.5p4.(3P<2>).7d 2[4],0.001325,354.4,0.05
5593.6611,77362.6361,4.5,5s2.5p4.(3P<2>).4f 2[5]*,79150.374,3.5,5s2.5p4.(3P<2>).7d 2[4],0.768,2.047e+05,-0.69
5613.8507,74965.4759,2.5,5s2.5p4.(3P<2>).7p 2[2]*,76746.7844,1.5,5s2.5p4.(3P<2>).6d 2[2],0.0001484,78.52,0.0
5617.1892,72807.0009,1.5,5s2.5p4.(3P<1>).6p 2[2]*,74587.2507,1.5,5s2.5p4.(3P<1>).5d 2[1],0.06797,3.592e+04,-0.19
5637.1419,77450.5492,2.5,5s2.5p4.(3P<2>).8s 2[2],79224.4978,1.5,5s2.5p4.(3P<2>).8p 2[1]*,0.3985,2.091e+05,0.17
5704.6009,78844.149,3.5,5s2.5p4.(3P<2>).8p 2[3]*,80597.12,4.5,5s2.5p4.(1D<2>).5d 2[4],0.07356,1.508e+04,-0.27
5719.3900,77306.3948,4.5,5s2.5p4.(3P<2>).4f 2[4]*,79054.833,4.5,5s2.5p4.(3P<2>).7d 2[4],0.1522,3.103e+04,-0.73
5721.7623,77307.1197,3.5,5s2.5p4.(3P<2>).4f 2[4]*,79054.833,4.5,5s2.5p4.(3P<2>).7d 2[4],0.008121,1655,0.38
5742.0629,77313.2986,3.5,5s2.5p4.(3P<2>).4f 2[3]*,79054.833,4.5,5s2.5p4.(3P<2>).7d 2[4],0.0005263,106.5,-0.05
5801.5251,77307.1471,2.5,5s2.5p4.(3P<2>).4f 2[3]*,79030.8318,1.5,5s2.5p4.(3P<2>).7d 2[1],0.2472,1.225e+05,-0.38
5841.4098,75191.1777,2.5,5s2.5p4.(3P<2>).7p 2[3]*,76903.0932,2.5,5s2.5p4.(3P<2>).6d 2[2],0.6272,2.043e+05,-0.61
5850.7044,75193.8973,3.5,5s2.5p4.(3P<2>).7p 2[3]*,76903.0932,2.5,5s2.5p4.(3P<2>).6d 2[2],0.005091,1653,0.03
5891.2515,75049.3522,1.5,5s2.5p4.(3P<2>).7p 2[2]*,76746.7844,1.5,5s2.5p4.(3P<2>).6d 2[2],0.0001026,49.31,-0.0
5907.1281,77361.963,5.5,5s2.5p4.(3P<2>).4f 2[5]*,79054.833,4.5,5s2.5p4.(3P<2>).7d 2[4],1.235,2.362e+05,-0.87
5908.9086,75714.2677,0.5,5s2.5p4.(3P<2>).6d 2[0],77406.6276,1.5,5s2.5p4.(3P<2>).4f 2[1]*,0.2595,1.239e+05,-0.47
5909.4778,77362.6361,4.5,5s2.5p4.(3P<2>).4f 2[5]*,79054.833,4.5,5s2.5p4.(3P<2>).7d 2[4],0.02134,4076,0.79
5917.3660,75714.2677,0.5,5s2.5p4.(3P<2>).6d 2[0],77404.2088,0.5,5s2.5p4.(3P<2>).4f 2[1]*,0.6764,6.443e+05,-0.78
5919.5461,76903.0932,2.5,5s2.5p4.(3P<2>).6d 2[2],78592.4119,2.5,5s2.5p4.(1D<2>).6p 2[3]*,0.006155,1953,0.01
5972.4648,77356.4812,1.5,5s2.5p4.(3P<2>).4f 2[2]*,79030.8318,1.5,5s2.5p4.(3P<2>).7d 2[1],0.1897,8.868e+04,-0.63
5983.0158,77359.4339,2.5,5s2.5p4.(3P<2>).4f 2[2]*,79030.8318,1.5,5s2.5p4.(3P<2>).7d 2[1],0.01446,6735,0.02
5992.1733,77555.6542,1.5,5s2.5p4.(3P<2>).8s 2[2],79224.4978,1.5,5s2.5p4.(3P<2>).8p 2[1]*,1.455,6.759e+05,0.48
5994.1013,76746.7844,1.5,5s2.5p4.(3P<2>).6d 2[2],78415.0912,1.5,5s2.5p4.(1D<2>).6p 2[1]*,0.08169,3.792e+04,-0.06
6010.0838,71813.7975,0.5,5s2.5p4.(3P<0>).6p 2[1]*,73477.6678,0.5,5s2.5p4.(1D<2>).5d 2[0],0.01321,1.22e+04,0.14
6010.4483,73639.1366,1.5,5s2.5p4.(3P<0>).5d 2[2],75302.906,0.5,5s2.5p4.(3P<2>).7p 2[1]*,0.01366,1.261e+04,-0.02
6014.8748,71976.5916,1.5,5s2.5p4.(3P<0>).6p 2[1]*,73639.1366,1.5,5s2.5p4.(3P<0>).5d 2[2],0.0288,1.328e+04,0.07
6028.8228,75703.9375,4.5,5s2.5p4.(3P<2>).6d 2[4],77362.6361,4.5,5s2.5p4.(3P<2>).4f 2[5]*,0.1124,2.063e+04,-0.84
6031.2703,75703.9375,4.5,5s2.5p4.(3P<2>).6d 2[4],77361.963,5.5,5s2.5p4.(3P<2>).4f 2[5]*,6.564,1.003e+06,0.93
6089.3422,75714.2677,0.5,5s2.5p4.(3P<2>).6d 2[0],77356.4812,1.5,5s2.5p4.(3P<2>).4f 2[2]*,0.2781,1.25e+05,0.4
6112.2135,77307.1197,3.5,5s2.5p4.(3P<2>).4f 2[4]*,78943.1882,2.5,5s2.5p4.(3P<2>).7d 2[3],0.4607,1.371e+05,-0.47
6112.3159,77307.1471,2.5,5s2.5p4.(3P<2>).4f 2[3]*,78943.1882,2.5,5s2.5p4.(3P<2>).7d 2[3],0.1658,4.934e+04,0.66
6135.3849,77313.2986,3.5,5s2.5p4.(3P<2>).4f 2[3]*,78943.1882,2.5,5s2.5p4.(3P<2>).7d 2[3],0.02378,7022,0.05
6147.7060,77404.2088,0.5,5s2.5p4.(3P<2>).4f 2[1]*,79030.8318,1.5,5s2.5p4.(3P<2>).7d 2[1],0.03743,1.651e+04,0.64
6156.8613,77406.6276,1.5,5s2.5p4.(3P<2>).4f 2[1]*,79030.8318,1.5,5s2.5p4.(3P<2>).7d 2[1],0.02046,9001,0.1
6157.0971,78415.508,0.5,5s2.5p4.(3P<0>).7s 2[0],80039.65,1.5,5s2.5p4.(1D<2>).6p 2[2]*,0.01407,6190,-0.1
6198.3261,71501.3162,0.5,5s2.5p4.(3P<1>).6p 2[0]*,73114.655,0.5,5s2.5p4.(3P<1>).5d 2[1],0.09072,7.876e+04,0.33
6213.6459,75703.9375,4.5,5s2.5p4.(3P<2>).6d 2[4],77313.2986,3.5,5s2.5p4.(3P<2>).4f 2[3]*,0.01135,2451,0.45
6237.5942,75703.9375,4.5,5s2.5p4.(3P<2>).6d 2[4],77307.1197,3.5,5s2.5p4.(3P<2>).4f 2[4]*,0.06361,1.363e+04,-0.84
6240.4159,75703.9375,4.5,5s2.5p4.(3P<2>).6d 2[4],77306.3948,4.5,5s2.5p4.(3P<2>).4f 2[4]*,0.8649,1.481e+05,0.92
6259.8287,77306.3948,4.5,5s2.5p4.(3P<2>).4f 2[4]*,78903.8826,3.5,5s2.5p4.(3P<2>).7d 2[3],0.9873,2.101e+05,-0.62
6262.6706,77307.1197,3.5,5s2.5p4.(3P<2>).4f 2[4]*,78903.8826,3.5,5s2.5p4.(3P<2>).7d 2[3],0.2588,5.502e+04,0.62
6262.7780,77307.1471,2.5,5s2.5p4.(3P<2>).4f 2[3]*,78903.8826,3.5,5s2.5p4.(3P<2>).7d 2[3],0.01516,3223,-0.43
6274.7736,79003.437,3.5,5s2.5p4.(1D<2>).6p 2[3]*,80597.12,4.5,5s2.5p4.(1D<2>).5d 2[4],0.4796,8.125e+04,0.73
6286.9990,77313.2986,3.5,5s2.5p4.(3P<2>).4f 2[3]*,78903.8826,3.5,5s2.5p4.(3P<2>).7d 2[3],0.09007,1.9e+04,-0.47
6302.3608,77356.4812,1.5,5s2.5p4.(3P<2>).4f 2[2]*,78943.1882,2.5,5s2.5p4.(3P<2>).7d 2[3],0.0291,8144,0.49
6313.6040,77307.1471,2.5,5s2.5p4.(3P<2>).4f 2[3]*,78891.0285,1.5,5s2.5p4.(3P<1>).7s 2[1],0.01018,4260,0.01
6314.1107,77359.4339,2.5,5s2.5p4.(3P<2>).4f 2[2]*,78943.1882,2.5,5s2.5p4.(3P<2>).7d 2[3],0.1377,3.839e+04,-0.48
6317.5927,75823.7462,1.5,5s2.5p4.(3P<1>).5d 2[2],77406.6276,1.5,5s2.5p4.(3P<2>).4f 2[1]*,0.2039,8.521e+04,0.41
6327.2614,75823.7462,1.5,5s2.5p4.(3P<1>).5d 2[2],77404.2088,0.5,5s2.5p4.(3P<2>).4f 2[1]*,0.0006758,563,0.02
6362.6005,73477.6678,0.5,5s2.5p4.(1D<2>).5d 2[0],75049.3522,1.5,5s2.5p4.(3P<2>).7p 2[2]*,0.0003841,158.2,0.0
6428.3601,75191.1777,2.5,5s2.5p4.(3P<2>).7p 2[3]*,76746.7844,1.5,5s2.5p4.(3P<2>).6d 2[2],0.005646,2278,0.01
6436.6139,67061.9638,1.5,5s2.5p4.(3P<2>).6p 2[1]*,68615.5757,0.5,5s2.5p4.(3P<2>).5d 2[0],0.06181,4.976e+04,0.43
6443.1283,73639.1366,1.5,5s2.5p4.(3P<0>).5d 2[2],75191.1777,2.5,5s2.5p4.(3P<2>).7p 2[3]*,0.005712,1530,0.03
6474.8023,77359.4339,2.5,5s2.5p4.(3P<2>).4f 2[2]*,78903.8826,3.5,5s2.5p4.(3P<2>).7d 2[3],0.01547,3077,0.28
6480.6420,81072.448,1.5,5s2.5p4.(1D<2>).5d 2[1],82615.505,0.5,5s2.5p4.(3P<1>).7p 2[1]*,0.003928,3119,-0.0
6488.2548,77362.6361,4.5,5s2.5p4.(3P<2>).4f 2[5]*,78903.8826,3.5,5s2.5p4.(3P<2>).7d 2[3],0.03,5943,0.1
6508.0414,77406.6276,1.5,5s2.5p4.(3P<2>).4f 2[1]*,78943.1882,2.5,5s2.5p4.(3P<2>).7d 2[3],0.01611,4228,-0.44
6511.7406,75823.7462,1.5,5s2.5p4.(3P<1>).5d 2[2],77359.4339,2.5,5s2.5p4.(3P<2>).4f 2[2]*,0.5264,1.38e+05,0.33
6516.5798,77356.4812,1.5,5s2.5p4.(3P<2>).4f 2[2]*,78891.0285,1.5,5s2.5p4.(3P<1>).7s 2[1],0.003439,1351,0.01
6523.7023,77356.4812,1.5,5s2.5p4.(3P<2>).4f 2[2]*,78889.3531,0.5,5s2.5p4.(3P<2>).7d 2[1],0.1345,1.054e+05,-0.43
6523.9526,73054.4376,1.5,5s2.5p4.(3P<1>).6p 2[1]*,74587.2507,1.5,5s2.5p4.(3P<1>).5d 2[1],0.003698,1449,-0.05
6524.2850,75823.7462,1.5,5s2.5p4.(3P<1>).5d 2[2],77356.4812,1.5,5s2.5p4.(3P<2>).4f 2[2]*,0.07048,2.761e+04,0.15
6529.1429,77359.4339,2.5,5s2.5p4.(3P<2>).4f 2[2]*,78891.0285,1.5,5s2.5p4.(3P<1>).7s 2[1],0.001241,485.4,0.0
6554.2469,67061.9638,1.5,5s2.5p4.(3P<2>).6p 2[1]*,68587.6921,2.5,5s2.5p4.(1D<2>).6s 2[2],0.01771,4582,-0.14
6613.7654,76903.0932,2.5,5s2.5p4.(3P<2>).6d 2[2],78415.0912,1.5,5s2.5p4.(1D<2>).6p 2[1]*,0.07956,3.033e+04,-0.06
6661.8870,71976.5916,1.5,5s2.5p4.(3P<0>).6p 2[1]*,73477.6678,0.5,5s2.5p4.(1D<2>).5d 2[0],0.0001637,123,0.0
6722.1531,67061.9638,1.5,5s2.5p4.(3P<2>).6p 2[1]*,68549.5824,1.5,5s2.5p4.(1D<2>).6s 2[2],0.0922,3.402e+04,-0.29
6725.7651,77404.2088,0.5,5s2.5p4.(3P<2>).4f 2[1]*,78891.0285,1.5,5s2.5p4.(3P<1>).7s 2[1],0.0005167,190.5,-0.01
6733.3524,77404.2088,0.5,5s2.5p4.(3P<2>).4f 2[1]*,78889.3531,0.5,5s2.5p4.(3P<2>).7d 2[1],0.09733,7.159e+04,0.78
6736.7246,77406.6276,1.5,5s2.5p4.(3P<2>).4f 2[1]*,78891.0285,1.5,5s2.5p4.(3P<1>).7s 2[1],9.946e-05,36.55,0.0
6741.2660,75823.7462,1.5,5s2.5p4.(3P<1>).5d 2[2],77307.1471,2.5,5s2.5p4.(3P<2>).4f 2[3]*,0.4242,1.038e+05,0.25
6744.3367,77406.6276,1.5,5s2.5p4.(3P<2>).4f 2[1]*,78889.3531,0.5,5s2.5p4.(3P<2>).7d 2[1],0.004915,3603,-0.02
6820.9102,78415.508,0.5,5s2.5p4.(3P<0>).7s 2[0],79881.588,0.5,5s2.5p4.(3P<2>).5f 2[1]*,0.04757,3.41e+04,0.47
6822.6786,78415.508,0.5,5s2.5p4.(3P<0>).7s 2[0],79881.208,1.5,5s2.5p4.(3P<2>).5f 2[1]*,0.09951,3.565e+04,0.24
6846.0177,75898.7307,2.5,5s2.5p4.(3P<1>).5d 2[2],77359.4339,2.5,5s2.5p4.(3P<2>).4f 2[2]*,0.0231,5480,0.07
6853.4248,70354.673,1.5,5s2.5p4.(3P<2>).5d 2[2],71813.7975,0.5,5s2.5p4.(3P<0>).6p 2[1]*,0.0003143,223.2,-0.0
6859.8845,75898.7307,2.5,5s2.5p4.(3P<1>).5d 2[2],77356.4812,1.5,5s2.5p4.(3P<2>).4f 2[2]*,0.003218,1140,0.07
6902.2435,64906.1234,2.5,5s2.5p4.(3P<2>).6p 2[2]*,66354.9277,1.5,5s2.5p4.(3P<2>).5d 2[1],0.05141,1.799e+04,0.42
6903.5538,72529.02,2.5,5s2.5p4.(3P<1>).6p 2[2]*,73977.5493,3.5,5s2.5p4.(3P<1>).5d 2[3],0.6215,1.087e+05,0.64
6925.7910,75302.906,0.5,5s2.5p4.(3P<2>).7p 2[1]*,76746.7844,1.5,5s2.5p4.(3P<2>).6d 2[2],0.0188,6536,0.01
6937.8540,65856.7962,0.5,5s2.5p4.(3P<2>).6p 2[1]*,67298.1641,0.5,5s2.5p4.(3P<2>).5d 2[1],0.07403,5.129e+04,-0.4
7046.0693,78415.508,0.5,5s2.5p4.(3P<0>).7s 2[0],79834.739,1.5,5s2.5p4.(3P<2>).5f 2[2]*,1.533e-05,5.149,0.0
7069.2966,75898.7307,2.5,5s2.5p4.(3P<1>).5d 2[2],77313.2986,3.5,5s2.5p4.(3P<2>).4f 2[3]*,0.3038,5.068e+04,-0.23
7091.1143,73639.1366,1.5,5s2.5p4.(3P<0>).5d 2[2],75049.3522,1.5,5s2.5p4.(3P<2>).7p 2[2]*,0.3164,1.049e+05,0.4
7100.1729,75898.7307,2.5,5s2.5p4.(3P<1>).5d 2[2],77307.1471,2.5,5s2.5p4.(3P<2>).4f 2[3]*,0.07137,1.574e+04,0.25
7100.3111,75898.7307,2.5,5s2.5p4.(3P<1>).5d 2[2],77307.1197,3.5,5s2.5p4.(3P<2>).4f 2[4]*,0.1244,2.058e+04,-0.15
7122.2748,77450.5492,2.5,5s2.5p4.(3P<2>).8s 2[2],78854.595,2.5,5s2.5p4.(3P<2>).8p 2[3]*,0.09643,2.113e+04,0.1
7149.3304,73795.1649,2.5,5s2.5p4.(3P<0>).5d 2[2],75193.8973,3.5,5s2.5p4.(3P<2>).7p 2[3]*,0.01259,2054,0.04
7175.6612,77450.5492,2.5,5s2.5p4.(3P<2>).8s 2[2],78844.149,3.5,5s2.5p4.(3P<2>).8p 2[3]*,2.9,4.696e+05,0.91
7293.8779,79701.4352,0.5,5s2.5p4.(1D<2>).6p 2[1]*,81072.448,1.5,5s2.5p4.(1D<2>).5d 2[1],0.005605,1757,0.01
7308.4942,75049.3522,1.5,5s2.5p4.(3P<2>).7p 2[2]*,76417.6231,0.5,5s2.5p4.(3P<2>).6d 2[1],0.009525,5947,-0.02
7325.4825,64989.8299,1.5,5s2.5p4.(3P<2>).6p 2[2]*,66354.9277,1.5,5s2.5p4.(3P<2>).5d 2[1],0.158,4.909e+04,0.46
7327.5448,77450.5492,2.5,5s2.5p4.(3P<2>).8s 2[2],78815.2628,1.5,5s2.5p4.(3P<2>).8p 2[2]*,1.166,3.621e+05,-0.54
7360.7241,81072.448,1.5,5s2.5p4.(1D<2>).5d 2[1],82431.01,1.5,5s2.5p4.(3P<1>).7p 2[2]*,0.007342,2260,0.01
7363.3961,76004.5671,3.5,5s2.5p4.(3P<2>).6d 2[4],77362.6361,4.5,5s2.5p4.(3P<2>).4f 2[5]*,1.504,1.85e+05,0.63
7380.7994,76004.5671,3.5,5s2.5p4.(3P<2>).6d 2[4],77359.4339,2.5,5s2.5p4.(3P<2>).4f 2[2]*,0.04622,9433,-0.45
7399.3613,81072.448,1.5,5s2.5p4.(1D<2>).5d 2[1],82423.916,1.5,5s2.5p4.(3P<1>).7p 2[1]*,0.00173,526.8,0.0
7539.5489,73639.1366,1.5,5s2.5p4.(3P<0>).5d 2[2],74965.4759,2.5,5s2.5p4.(3P<2>).7p 2[2]*,0.1142,2.234e+04,0.47
7640.9867,76004.5671,3.5,5s2.5p4.(3P<2>).6d 2[4],77313.2986,3.5,5s2.5p4.(3P<2>).4f 2[3]*,0.5244,7.489e+04,0.69
7677.0717,76004.5671,3.5,5s2.5p4.(3P<2>).6d 2[4],77307.1471,2.5,5s2.5p4.(3P<2>).4f 2[3]*,0.003095,583.8,0.05
7677.2331,76004.5671,3.5,5s2.5p4.(3P<2>).6d 2[4],77307.1197,3.5,5s2.5p4.(3P<2>).4f 2[4]*,0.08738,1.236e+04,-0.13
7681.5081,76004.5671,3.5,5s2.5p4.(3P<2>).6d 2[4],77306.3948,4.5,5s2.5p4.(3P<2>).4f 2[4]*,2.112,2.387e+05,0.64
7687.2371,71813.7975,0.5,5s2.5p4.(3P<0>).6p 2[1]*,73114.655,0.5,5s2.5p4.(3P<1>).5d 2[1],0.01505,8491,-0.22
7690.9103,76106.3914,2.5,5s2.5p4.(3P<2>).6d 2[3],77406.6276,1.5,5s2.5p4.(3P<2>).4f 2[1]*,0.01635,4609,0.16
7698.5803,77555.6542,1.5,5s2.5p4.(3P<2>).8s 2[2],78854.595,2.5,5s2.5p4.(3P<2>).8p 2[3]*,3.809,7.145e+05,0.95
7776.4900,78415.508,0.5,5s2.5p4.(3P<0>).7s 2[0],79701.4352,0.5,5s2.5p4.(1D<2>).6p 2[1]*,0.03503,1.932e+04,0.1
7801.3842,75621.2694,1.5,5s2.5p4.(3P<2>).7p 2[1]*,76903.0932,2.5,5s2.5p4.(3P<2>).6d 2[2],1.269,2.318e+05,0.55
7803.2044,77450.5492,2.5,5s2.5p4.(3P<2>).8s 2[2],78732.074,2.5,5s2.5p4.(3P<2>).8p 2[2]*,1.524,2.783e+05,0.52
7871.6679,76136.2488,1.5,5s2.5p4.(3P<2>).6d 2[1],77406.6276,1.5,5s2.5p4.(3P<2>).4f 2[1]*,0.2429,6.536e+04,0.45
7886.6841,76136.2488,1.5,5s2.5p4.(3P<2>).6d 2[1],77404.2088,0.5,5s2.5p4.(3P<2>).4f 2[1]*,0.08047,4.315e+04,0.53
7897.9902,72529.02,2.5,5s2.5p4.(3P<1>).6p 2[2]*,73795.1649,2.5,5s2.5p4.(3P<0>).5d 2[2],0.01048,1868,0.02
7938.9741,77555.6542,1.5,5s2.5p4.(3P<2>).8s 2[2],78815.2628,1.5,5s2.5p4.(3P<2>).8p 2[2]*,1.079,2.855e+05,0.52
7973.2908,73795.1649,2.5,5s2.5p4.(3P<0>).5d 2[2],75049.3522,1.5,5s2.5p4.(3P<2>).7p 2[2]*,0.008043,2110,0.01
7980.5753,76106.3914,2.5,5s2.5p4.(3P<2>).6d 2[3],77359.4339,2.5,5s2.5p4.(3P<2>).4f 2[2]*,0.128,2.234e+04,0.16
7999.4253,76106.3914,2.5,5s2.5p4.(3P<2>).6d 2[3],77356.4812,1.5,5s2.5p4.(3P<2>).4f 2[2]*,0.08219,2.142e+04,-0.54
8079.4436,79834.739,1.5,5s2.5p4.(3P<2>).5f 2[2]*,81072.448,1.5,5s2.5p4.(1D<2>).5d 2[1],0.001706,435.8,0.01
8102.0364,78891.0285,1.5,5s2.5p4.(3P<1>).7s 2[1],80125.2861,2.5,5s2.5p4.(1D<2>).6p 2[2]*,0.02794,4731,-0.15
8113.9188,79839.9979,2.5,5s2.5p4.(3P<2>).5f 2[2]*,81072.448,1.5,5s2.5p4.(1D<2>).5d 2[1],0.1957,4.957e+04,0.41
8142.4267,79844.3129,2.5,5s2.5p4.(3P<2>).5f 2[3]*,81072.448,1.5,5s2.5p4.(1D<2>).5d 2[1],0.6061,1.524e+05,0.51
8168.1902,77555.6542,1.5,5s2.5p4.(3P<2>).8s 2[2],78779.9156,0.5,5s2.5p4.(3P<2>).8p 2[1]*,1.209,6.041e+05,0.82
8175.3775,76136.2488,1.5,5s2.5p4.(3P<2>).6d 2[1],77359.4339,2.5,5s2.5p4.(3P<2>).4f 2[2]*,0.4941,8.218e+04,0.33
8187.3026,78903.8826,3.5,5s2.5p4.(3P<2>).7d 2[3],80125.2861,2.5,5s2.5p4.(1D<2>).6p 2[2]*,0.002663,441.6,0.01
8195.1602,76136.2488,1.5,5s2.5p4.(3P<2>).6d 2[1],77356.4812,1.5,5s2.5p4.(3P<2>).4f 2[2]*,0.1663,4.129e+04,-0.27
8221.3314,73977.5493,3.5,5s2.5p4.(3P<1>).5d 2[3],75193.8973,3.5,5s2.5p4.(3P<2>).7p 2[3]*,0.05263,6493,-0.38
8239.7544,73977.5493,3.5,5s2.5p4.(3P<1>).5d 2[3],75191.1777,2.5,5s2.5p4.(3P<2>).7p 2[3]*,0.0924,1.513e+04,0.26
8285.6412,76106.3914,2.5,5s2.5p4.(3P<2>).6d 2[3],77313.2986,3.5,5s2.5p4.(3P<2>).4f 2[3]*,0.02693,3271,0.01
8328.0887,76106.3914,2.5,5s2.5p4.(3P<2>).6d 2[3],77307.1471,2.5,5s2.5p4.(3P<2>).4f 2[3]*,0.5342,8.563e+04,-0.62
8328.2788,76106.3914,2.5,5s2.5p4.(3P<2>).6d 2[3],77307.1197,3.5,5s2.5p4.(3P<2>).4f 2[4]*,1.411,1.696e+05,0.45
8331.6871,73387.0136,0.5,5s2.5p4.(3P<1>).6p 2[1]*,74587.2507,1.5,5s2.5p4.(3P<1>).5d 2[1],0.003312,795.6,-0.02
8394.6140,79881.208,1.5,5s2.5p4.(3P<2>).5f 2[1]*,81072.448,1.5,5s2.5p4.(1D<2>).5d 2[1],0.2866,6.782e+04,0.37
8397.2927,79881.588,0.5,5s2.5p4.(3P<2>).5f 2[1]*,81072.448,1.5,5s2.5p4.(1D<2>).5d 2[1],0.01437,3398,0.3
8459.5362,78943.1882,2.5,5s2.5p4.(3P<2>).7d 2[3],80125.2861,2.5,5s2.5p4.(1D<2>).6p 2[2]*,0.0002488,38.65,0.0
8500.3670,77555.6542,1.5,5s2.5p4.(3P<2>).8s 2[2],78732.074,2.5,5s2.5p4.(3P<2>).8p 2[2]*,0.03539,5445,-0.03
8540.4514,76136.2488,1.5,5s2.5p4.(3P<2>).6d 2[1],77307.1471,2.5,5s2.5p4.(3P<2>).4f 2[3]*,0.0697,1.062e+04,-0.07
8541.3661,74965.4759,2.5,5s2.5p4.(3P<2>).7p 2[2]*,76136.2488,1.5,5s2.5p4.(3P<2>).6d 2[1],0.2074,4.74e+04,-0.39
8544.7373,73795.1649,2.5,5s2.5p4.(3P<0>).5d 2[2],74965.4759,2.5,5s2.5p4.(3P<2>).7p 2[2]*,0.481,7.323e+04,0.57
8693.4078,78889.3531,0.5,5s2.5p4.(3P<2>).7d 2[1],80039.65,1.5,5s2.5p4.(1D<2>).6p 2[2]*,0.02001,4414,-0.21
8706.0881,78891.0285,1.5,5s2.5p4.(3P<1>).7s 2[1],80039.65,1.5,5s2.5p4.(1D<2>).6p 2[2]*,0.007419,1632,-0.03
8721.1087,70354.673,1.5,5s2.5p4.(3P<2>).5d 2[2],71501.3162,0.5,5s2.5p4.(3P<1>).6p 2[0]*,0.0008566,375.6,-0.0
8757.6203,77450.5492,2.5,5s2.5p4.(3P<2>).8s 2[2],78592.4119,2.5,5s2.5p4.(1D<2>).6p 2[3]*,0.0004847,70.25,0.0
8761.6080,81072.448,1.5,5s2.5p4.(1D<2>).5d 2[1],82213.791,2.5,5s2.5p4.(3P<1>).7p 2[2]*,0.005704,826,0.02
8786.8567,71976.5916,1.5,5s2.5p4.(3P<0>).6p 2[1]*,73114.655,0.5,5s2.5p4.(3P<1>).5d 2[1],6.627e-05,28.63,-0.0
8884.8216,75621.2694,1.5,5s2.5p4.(3P<2>).7p 2[1]*,76746.7844,1.5,5s2.5p4.(3P<2>).6d 2[2],0.002949,623,-0.0
8970.8860,75302.906,0.5,5s2.5p4.(3P<2>).7p 2[1]*,76417.6231,0.5,5s2.5p4.(3P<2>).6d 2[1],0.4446,1.842e+05,0.56
8975.1968,64906.1234,2.5,5s2.5p4.(3P<2>).6p 2[2]*,66020.3051,2.5,5s2.5p4.(3P<2>).5d 2[3],0.1658,2.289e+04,0.43
9019.2503,64906.1234,2.5,5s2.5p4.(3P<2>).6p 2[2]*,66014.863,3.5,5s2.5p4.(3P<2>).5d 2[3],0.2867,2.939e+04,0.47
9120.2448,78943.1882,2.5,5s2.5p4.(3P<2>).7d 2[3],80039.65,1.5,5s2.5p4.(1D<2>).6p 2[2]*,0.002196,440.3,0.02
9136.9736,79030.8318,1.5,5s2.5p4.(3P<2>).7d 2[1],80125.2861,2.5,5s2.5p4.(1D<2>).6p 2[2]*,0.002691,358.4,0.03
9155.0611,72294.7216,1.5,5s2.5p4.(3P<2>).7s 2[2],73387.0136,0.5,5s2.5p4.(3P<1>).6p 2[1]*,0.01163,4628,-0.06
9200.5072,75049.3522,1.5,5s2.5p4.(3P<2>).7p 2[2]*,76136.2488,1.5,5s2.5p4.(3P<2>).6d 2[1],0.2157,4.249e+04,-0.21
9347.0348,81722.75,1.5,5s2.5p4.(3P<0>).7p 2[1]*,82792.608,2.5,5s2.5p4.(3P<1>).6d 2[2],0.8811,1.121e+05,-0.58
9442.6317,77356.4812,1.5,5s2.5p4.(3P<2>).4f 2[2]*,78415.508,0.5,5s2.5p4.(3P<0>).7s 2[0],0.01637,6121,-0.11
9600.0734,66020.3051,2.5,5s2.5p4.(3P<2>).5d 2[3],67061.9638,1.5,5s2.5p4.(3P<2>).6p 2[1]*,0.004846,876.9,-0.03
9623.7943,74965.4759,2.5,5s2.5p4.(3P<2>).7p 2[2]*,76004.5671,3.5,5s2.5p4.(3P<2>).6d 2[4],0.3531,3.179e+04,0.26
9645.4552,77555.6542,1.5,5s2.5p4.(3P<2>).8s 2[2],78592.4119,2.5,5s2.5p4.(1D<2>).6p 2[3]*,0.00225,268.9,-0.03
9671.0050,74587.2507,1.5,5s2.5p4.(3P<1>).5d 2[1],75621.2694,1.5,5s2.5p4.(3P<2>).7p 2[1]*,0.01958,3491,0.05
9682.4355,80039.65,1.5,5s2.5p4.(1D<2>).6p 2[2]*,81072.448,1.5,5s2.5p4.(1D<2>).5d 2[1],3.639e-06,0.6473,-0.0
9704.2607,64989.8299,1.5,5s2.5p4.(3P<2>).6p 2[2]*,66020.3051,2.5,5s2.5p4.(3P<2>).5d 2[3],0.1056,1.247e+04,0.25
9888.2705,77404.2088,0.5,5s2.5p4.(3P<2>).4f 2[1]*,78415.508,0.5,5s2.5p4.(3P<0>).7s 2[0],0.01856,6330,-0.4
9911.9777,77406.6276,1.5,5s2.5p4.(3P<2>).4f 2[1]*,78415.508,0.5,5s2.5p4.(3P<0>).7s 2[0],0.1321,4.483e+04,-0.7
9912.5888,79030.8318,1.5,5s2.5p4.(3P<2>).7d 2[1],80039.65,1.5,5s2.5p4.(1D<2>).6p 2[2]*,0.002062,349.9,-0.02
9967.6172,78415.0912,1.5,5s2.5p4.(1D<2>).6p 2[1]*,79418.34,2.5,5s2.5p4.(3P<2>).7d 2[2],0.3327,3.722e+04,0.32
10078.2587,78889.3531,0.5,5s2.5p4.(3P<2>).7d 2[1],79881.588,0.5,5s2.5p4.(3P<2>).5f 2[1]*,1.223,4.015e+05,-0.92
10095.3047,78891.0285,1.5,5s2.5p4.(3P<1>).7s 2[1],79881.588,0.5,5s2.5p4.(3P<2>).5f 2[1]*,0.01984,6493,0.28
10099.1790,78891.0285,1.5,5s2.5p4.(3P<1>).7s 2[1],79881.208,1.5,5s2.5p4.(3P<2>).5f 2[1]*,0.3633,5.941e+04,0.45
10107.3808,81506.674,0.5,5s2.5p4.(3P<1>).7p 2[0]*,82496.05,1.5,5s2.5p4.(3P<1>).6d 2[2],0.6098,9.954e+04,0.77
10111.1775,76417.6231,0.5,5s2.5p4.(3P<2>).6d 2[1],77406.6276,1.5,5s2.5p4.(3P<2>).4f 2[1]*,0.402,6.556e+04,0.78
10119.7777,72807.0009,1.5,5s2.5p4.(3P<1>).6p 2[2]*,73795.1649,2.5,5s2.5p4.(3P<0>).5d 2[2],0.04014,4357,0.07
10122.2095,73977.5493,3.5,5s2.5p4.(3P<1>).5d 2[3],74965.4759,2.5,5s2.5p4.(3P<2>).7p 2[2]*,0.05277,5726,0.13
10135.9669,76417.6231,0.5,5s2.5p4.(3P<2>).6d 2[1],77404.2088,0.5,5s2.5p4.(3P<2>).4f 2[1]*,0.0002922,94.86,0.01
10197.2568,78415.0912,1.5,5s2.5p4.(1D<2>).6p 2[1]*,79395.7471,1.5,5s2.5p4.(3P<2>).7d 2[2],0.1773,2.844e+04,-0.11
10225.5480,78415.0912,1.5,5s2.5p4.(1D<2>).6p 2[1]*,79393.0339,0.5,5s2.5p4.(3P<2>).7d 2[0],0.9377,2.991e+05,-0.57
10257.3350,79150.374,3.5,5s2.5p4.(3P<2>).7d 2[4],80125.2861,2.5,5s2.5p4.(1D<2>).6p 2[2]*,0.0001983,20.95,-0.0
10367.6149,77450.5492,2.5,5s2.5p4.(3P<2>).8s 2[2],78415.0912,1.5,5s2.5p4.(1D<2>).6p 2[1]*,0.0002367,36.72,0.0
10465.6547,78903.8826,3.5,5s2.5p4.(3P<2>).7d 2[3],79859.389,4.5,5s2.5p4.(3P<2>).5f 2[5]*,0.4201,2.558e+04,-0.32
10490.0489,78891.0285,1.5,5s2.5p4.(3P<1>).7s 2[1],79844.3129,2.5,5s2.5p4.(3P<2>).5f 2[3]*,0.1904,1.924e+04,0.23
10537.7476,78891.0285,1.5,5s2.5p4.(3P<1>).7s 2[1],79839.9979,2.5,5s2.5p4.(3P<2>).5f 2[2]*,0.1745,1.747e+04,0.28
10557.8571,80125.2861,2.5,5s2.5p4.(1D<2>).6p 2[2]*,81072.448,1.5,5s2.5p4.(1D<2>).5d 2[1],0.01089,1629,-0.14
10577.6911,78889.3531,0.5,5s2.5p4.(3P<2>).7d 2[1],79834.739,1.5,5s2.5p4.(3P<2>).5f 2[2]*,1.523,2.27e+05,0.64
10581.2145,75191.1777,2.5,5s2.5p4.(3P<2>).7p 2[3]*,76136.2488,1.5,5s2.5p4.(3P<2>).6d 2[1],0.008978,1337,0.04
10596.4700,78891.0285,1.5,5s2.5p4.(3P<1>).7s 2[1],79834.739,1.5,5s2.5p4.(3P<2>).5f 2[2]*,0.008866,1317,-0.03
10597.1898,78903.8826,3.5,5s2.5p4.(3P<2>).7d 2[3],79847.529,3.5,5s2.5p4.(3P<2>).5f 2[3]*,0.6697,4.972e+04,-0.9
10633.4302,78903.8826,3.5,5s2.5p4.(3P<2>).7d 2[3],79844.3129,2.5,5s2.5p4.(3P<2>).5f 2[3]*,0.0047,462.1,0.05
10651.2369,76417.6231,0.5,5s2.5p4.(3P<2>).6d 2[1],77356.4812,1.5,5s2.5p4.(3P<2>).4f 2[2]*,0.1971,2.898e+04,0.4
10660.7558,78943.1882,2.5,5s2.5p4.(3P<2>).7d 2[3],79881.208,1.5,5s2.5p4.(3P<2>).5f 2[1]*,0.1293,1.897e+04,0.22
10682.4448,78903.8826,3.5,5s2.5p4.(3P<2>).7d 2[3],79839.9979,2.5,5s2.5p4.(3P<2>).5f 2[2]*,0.3399,3.312e+04,-0.84
10715.1873,74965.4759,2.5,5s2.5p4.(3P<2>).7p 2[2]*,75898.7307,2.5,5s2.5p4.(3P<1>).5d 2[2],0.09397,9099,-0.25
10765.2905,78903.8826,3.5,5s2.5p4.(3P<2>).7d 2[3],79832.7939,3.5,5s2.5p4.(3P<2>).5f 2[4]*,1.278,9.197e+04,-0.77
10804.5687,78903.8826,3.5,5s2.5p4.(3P<2>).7d 2[3],79829.417,4.5,5s2.5p4.(3P<2>).5f 2[4]*,8.346,4.769e+05,0.83
10926.4099,75191.1777,2.5,5s2.5p4.(3P<2>).7p 2[3]*,76106.3914,2.5,5s2.5p4.(3P<2>).6d 2[3],0.04612,4295,-0.11
10958.9750,75193.8973,3.5,5s2.5p4.(3P<2>).7p 2[3]*,76106.3914,2.5,5s2.5p4.(3P<2>).6d 2[3],0.09227,8541,-0.81
11057.7782,78943.1882,2.5,5s2.5p4.(3P<2>).7d 2[3],79847.529,3.5,5s2.5p4.(3P<2>).5f 2[3]*,2.22,1.514e+05,0.84
11068.9875,71903.5759,2.5,5s2.5p4.(3P<2>).7s 2[2],72807.0009,1.5,5s2.5p4.(3P<1>).6p 2[2]*,0.04949,6735,-0.14
11097.2433,78943.1882,2.5,5s2.5p4.(3P<2>).7d 2[3],79844.3129,2.5,5s2.5p4.(3P<2>).5f 2[3]*,0.1436,1.297e+04,-0.17
11150.6376,78943.1882,2.5,5s2.5p4.(3P<2>).7d 2[3],79839.9979,2.5,5s2.5p4.(3P<2>).5f 2[2]*,2.415,2.16e+05,0.85
11216.4108,78943.1882,2.5,5s2.5p4.(3P<2>).7d 2[3],79834.739,1.5,5s2.5p4.(3P<2>).5f 2[2]*,0.3207,4.25e+04,-0.81
11218.4845,81604.664,0.5,5s2.5p4.(3P<0>).7p 2[1]*,82496.05,1.5,5s2.5p4.(3P<1>).6d 2[2],0.09199,1.219e+04,0.12
11240.9352,78943.1882,2.5,5s2.5p4.(3P<2>).7d 2[3],79832.7939,3.5,5s2.5p4.(3P<2>).5f 2[4]*,1.909,1.26e+05,0.47
11494.0573,78415.0912,1.5,5s2.5p4.(1D<2>).6p 2[1]*,79285.106,0.5,5s2.5p4.(3P<1>).7s 2[1],0.06384,1.612e+04,-0.2
11635.5242,77555.6542,1.5,5s2.5p4.(3P<2>).8s 2[2],78415.0912,1.5,5s2.5p4.(1D<2>).6p 2[1]*,0.06055,7458,0.16
11651.3411,74965.4759,2.5,5s2.5p4.(3P<2>).7p 2[2]*,75823.7462,1.5,5s2.5p4.(3P<1>).5d 2[2],0.0001894,23.26,-0.0
11754.2487,79030.8318,1.5,5s2.5p4.(3P<2>).7d 2[1],79881.588,0.5,5s2.5p4.(3P<2>).5f 2[1]*,0.3352,8.091e+04,-0.88
11759.5013,79030.8318,1.5,5s2.5p4.(3P<2>).7d 2[1],79881.208,1.5,5s2.5p4.(3P<2>).5f 2[1]*,0.08542,1.03e+04,-0.06
11773.3143,75049.3522,1.5,5s2.5p4.(3P<2>).7p 2[2]*,75898.7307,2.5,5s2.5p4.(3P<1>).5d 2[2],0.01209,969.8,-0.02
12017.2707,72807.0009,1.5,5s2.5p4.(3P<1>).6p 2[2]*,73639.1366,1.5,5s2.5p4.(3P<0>).5d 2[2],0.06736,7778,0.23
12107.5914,78592.4119,2.5,5s2.5p4.(1D<2>).6p 2[3]*,79418.34,2.5,5s2.5p4.(3P<2>).7d 2[2],0.02073,1572,-0.07
12292.8486,79030.8318,1.5,5s2.5p4.(3P<2>).7d 2[1],79844.3129,2.5,5s2.5p4.(3P<2>).5f 2[3]*,0.8817,6.487e+04,0.39
12294.2345,75191.1777,2.5,5s2.5p4.(3P<2>).7p 2[3]*,76004.5671,3.5,5s2.5p4.(3P<2>).6d 2[4],1.431,7.896e+04,0.8
12314.0259,78889.3531,0.5,5s2.5p4.(3P<2>).7d 2[1],79701.4352,0.5,5s2.5p4.(1D<2>).6p 2[1]*,0.006105,1343,-0.03
12335.4786,75193.8973,3.5,5s2.5p4.(3P<2>).7p 2[3]*,76004.5671,3.5,5s2.5p4.(3P<2>).6d 2[4],0.1973,1.081e+04,-0.68
12339.4834,78891.0285,1.5,5s2.5p4.(3P<1>).7s 2[1],79701.4352,0.5,5s2.5p4.(1D<2>).6p 2[1]*,0.02068,4530,-0.05
12358.4021,79030.8318,1.5,5s2.5p4.(3P<2>).7d 2[1],79839.9979,2.5,5s2.5p4.(3P<2>).5f 2[2]*,1.556,1.132e+05,-0.37
12361.0953,78415.508,0.5,5s2.5p4.(3P<0>).7s 2[0],79224.4978,1.5,5s2.5p4.(3P<2>).8p 2[1]*,0.03107,3391,-0.3
12429.2156,79054.833,4.5,5s2.5p4.(3P<2>).7d 2[4],79859.389,4.5,5s2.5p4.(3P<2>).5f 2[5]*,0.1088,4696,-0.45
12438.1204,79054.833,4.5,5s2.5p4.(3P<2>).7d 2[4],79858.813,5.5,5s2.5p4.(3P<2>).5f 2[5]*,10.99,3.948e+05,0.99
12439.2467,79030.8318,1.5,5s2.5p4.(3P<2>).7d 2[1],79834.739,1.5,5s2.5p4.(3P<2>).5f 2[2]*,1.641,1.768e+05,0.91
12448.1039,78592.4119,2.5,5s2.5p4.(1D<2>).6p 2[3]*,79395.7471,1.5,5s2.5p4.(3P<2>).7d 2[2],0.05421,5833,0.14
12557.2343,75621.2694,1.5,5s2.5p4.(3P<2>).7p 2[1]*,76417.6231,0.5,5s2.5p4.(3P<2>).6d 2[1],0.04958,1.049e+04,-0.2
12603.8971,71501.3162,0.5,5s2.5p4.(3P<1>).6p 2[0]*,72294.7216,1.5,5s2.5p4.(3P<2>).7s 2[2],0.01133,1189,-0.13
12615.1766,79054.833,4.5,5s2.5p4.(3P<2>).7d 2[4],79847.529,3.5,5s2.5p4.(3P<2>).5f 2[3]*,0.03194,1674,-0.77
12854.1164,79054.833,4.5,5s2.5p4.(3P<2>).7d 2[4],79832.7939,3.5,5s2.5p4.(3P<2>).5f 2[4]*,0.06534,3297,-0.44
12910.1556,79054.833,4.5,5s2.5p4.(3P<2>).7d 2[4],79829.417,4.5,5s2.5p4.(3P<2>).5f 2[4]*,1.541,6.166e+04,0.99
12913.3232,75049.3522,1.5,5s2.5p4.(3P<2>).7p 2[2]*,75823.7462,1.5,5s2.5p4.(3P<1>).5d 2[2],0.02742,2742,0.08
12931.5919,81722.75,1.5,5s2.5p4.(3P<0>).7p 2[1]*,82496.05,1.5,5s2.5p4.(3P<1>).6d 2[2],0.122,1.216e+04,0.24
13025.8707,79829.417,4.5,5s2.5p4.(3P<2>).5f 2[4]*,80597.12,4.5,5s2.5p4.(1D<2>).5d 2[4],0.00637,250.4,-0.15
13083.4208,79832.7939,3.5,5s2.5p4.(3P<2>).5f 2[4]*,80597.12,4.5,5s2.5p4.(1D<2>).5d 2[4],0.2267,8834,0.8
13162.8135,72294.7216,1.5,5s2.5p4.(3P<2>).7s 2[2],73054.4376,1.5,5s2.5p4.(3P<1>).6p 2[1]*,0.006628,637.9,-0.05
13253.0376,79285.106,0.5,5s2.5p4.(3P<1>).7s 2[1],80039.65,1.5,5s2.5p4.(1D<2>).6p 2[2]*,0.006159,584.7,0.08
13340.6084,79847.529,3.5,5s2.5p4.(3P<2>).5f 2[3]*,80597.12,4.5,5s2.5p4.(1D<2>).5d 2[4],0.00298,111.7,-0.3
13500.2450,73054.4376,1.5,5s2.5p4.(3P<1>).6p 2[1]*,73795.1649,2.5,5s2.5p4.(3P<0>).5d 2[2],0.01121,684.1,-0.27
13544.5011,79858.813,5.5,5s2.5p4.(3P<2>).5f 2[5]*,80597.12,4.5,5s2.5p4.(1D<2>).5d 2[4],0.04226,1537,-0.15
13555.0763,79859.389,4.5,5s2.5p4.(3P<2>).5f 2[5]*,80597.12,4.5,5s2.5p4.(1D<2>).5d 2[4],0.0004167,15.13,0.07
13707.2864,79395.7471,1.5,5s2.5p4.(3P<2>).7d 2[2],80125.2861,2.5,5s2.5p4.(1D<2>).6p 2[2]*,0.005626,332.9,0.04
13724.1797,81506.674,0.5,5s2.5p4.(3P<1>).7p 2[0]*,82235.315,1.5,5s2.5p4.(1D<2>).5d 2[2],0.001511,133.8,0.05
13973.2075,74587.2507,1.5,5s2.5p4.(3P<1>).5d 2[1],75302.906,0.5,5s2.5p4.(3P<2>).7p 2[1]*,0.0345,5893,0.17
14072.2840,65644.311,2.5,5s2.5p4.(3P<2>).6p 2[3]*,66354.9277,1.5,5s2.5p4.(3P<2>).5d 2[1],0.001636,137.8,-0.03
14104.0740,79150.374,3.5,5s2.5p4.(3P<2>).7d 2[4],79859.389,4.5,5s2.5p4.(3P<2>).5f 2[5]*,7.182,2.408e+05,0.97
14133.2169,75191.1777,2.5,5s2.5p4.(3P<2>).7p 2[3]*,75898.7307,2.5,5s2.5p4.(3P<1>).5d 2[2],0.05758,3205,0.28
14143.5494,66354.9277,1.5,5s2.5p4.(3P<2>).5d 2[1],67061.9638,1.5,5s2.5p4.(3P<2>).6p 2[1]*,0.0005733,47.79,0.0
14145.3500,79418.34,2.5,5s2.5p4.(3P<2>).7d 2[2],80125.2861,2.5,5s2.5p4.(1D<2>).6p 2[2]*,0.0447,2483,0.33
14187.7499,75193.8973,3.5,5s2.5p4.(3P<2>).7p 2[3]*,75898.7307,2.5,5s2.5p4.(3P<1>).5d 2[2],0.04868,2688,-0.33
14344.0125,79150.374,3.5,5s2.5p4.(3P<2>).7d 2[4],79847.529,3.5,5s2.5p4.(3P<2>).5f 2[3]*,0.6713,2.72e+04,0.6
14410.4906,79150.374,3.5,5s2.5p4.(3P<2>).7d 2[4],79844.3129,2.5,5s2.5p4.(3P<2>).5f 2[3]*,0.03565,1908,-0.3
14571.6093,78732.074,2.5,5s2.5p4.(3P<2>).8p 2[2]*,79418.34,2.5,5s2.5p4.(3P<2>).7d 2[2],0.001444,75.62,0.0
14653.7345,79150.374,3.5,5s2.5p4.(3P<2>).7d 2[4],79832.7939,3.5,5s2.5p4.(3P<2>).5f 2[4]*,0.06324,2456,-0.12
14726.6079,79150.374,3.5,5s2.5p4.(3P<2>).7d 2[4],79829.417,4.5,5s2.5p4.(3P<2>).5f 2[4]*,0.3881,1.194e+04,0.12
14824.1485,81722.75,1.5,5s2.5p4.(3P<0>).7p 2[1]*,82397.325,2.5,5s2.5p4.(3P<0>).6d 2[2],0.1245,6298,0.22
14910.5316,72807.0009,1.5,5s2.5p4.(3P<1>).6p 2[2]*,73477.6678,0.5,5s2.5p4.(1D<2>).5d 2[0],0.002172,325.8,-0.02
14911.9435,79030.8318,1.5,5s2.5p4.(3P<2>).7d 2[1],79701.4352,0.5,5s2.5p4.(1D<2>).6p 2[1]*,0.002508,376.1,0.01
15039.5050,75049.3522,1.5,5s2.5p4.(3P<2>).7p 2[2]*,75714.2677,0.5,5s2.5p4.(3P<2>).6d 2[0],0.2736,4.035e+04,-0.6
15067.6591,78732.074,2.5,5s2.5p4.(3P<2>).8p 2[2]*,79395.7471,1.5,5s2.5p4.(3P<2>).7d 2[2],0.05999,4406,-0.25
15155.1156,76746.7844,1.5,5s2.5p4.(3P<2>).6d 2[2],77406.6276,1.5,5s2.5p4.(3P<2>).4f 2[1]*,0.002641,191.8,-0.01
15315.1084,81506.674,0.5,5s2.5p4.(3P<1>).7p 2[0]*,82159.624,1.5,5s2.5p4.(3P<1>).6d 2[1],0.01529,1087,-0.05
15377.4708,81072.448,1.5,5s2.5p4.(1D<2>).5d 2[1],81722.75,1.5,5s2.5p4.(3P<0>).7p 2[1]*,0.0002986,21.06,0.0
15465.1268,79393.0339,0.5,5s2.5p4.(3P<2>).7d 2[0],80039.65,1.5,5s2.5p4.(1D<2>).6p 2[2]*,0.00143,99.69,-0.03
15530.2919,79395.7471,1.5,5s2.5p4.(3P<2>).7d 2[2],80039.65,1.5,5s2.5p4.(1D<2>).6p 2[2]*,0.003312,229,0.02
15808.5646,75191.1777,2.5,5s2.5p4.(3P<2>).7p 2[3]*,75823.7462,1.5,5s2.5p4.(3P<1>).5d 2[2],0.04249,2835,-0.31
15856.6307,81604.664,0.5,5s2.5p4.(3P<0>).7p 2[1]*,82235.315,1.5,5s2.5p4.(1D<2>).5d 2[2],0.0007759,51.46,0.02
16095.0250,79418.34,2.5,5s2.5p4.(3P<2>).7d 2[2],80039.65,1.5,5s2.5p4.(1D<2>).6p 2[2]*,0.0134,862.6,-0.09
16238.2080,78779.9156,0.5,5s2.5p4.(3P<2>).8p 2[1]*,79395.7471,1.5,5s2.5p4.(3P<2>).7d 2[2],0.5188,3.281e+04,-0.47
16240.6052,78415.0912,1.5,5s2.5p4.(1D<2>).6p 2[1]*,79030.8318,1.5,5s2.5p4.(3P<2>).7d 2[1],0.0656,4147,0.08
16310.0661,78779.9156,0.5,5s2.5p4.(3P<2>).8p 2[1]*,79393.0339,0.5,5s2.5p4.(3P<2>).7d 2[0],0.7177,8.999e+04,0.87
16322.5466,76746.7844,1.5,5s2.5p4.(3P<2>).6d 2[2],77359.4339,2.5,5s2.5p4.(3P<2>).4f 2[2]*,0.003512,146.6,-0.01
16401.5950,76746.7844,1.5,5s2.5p4.(3P<2>).6d 2[2],77356.4812,1.5,5s2.5p4.(3P<2>).4f 2[2]*,0.0006247,38.72,-0.0
16558.2926,74587.2507,1.5,5s2.5p4.(3P<1>).5d 2[1],75191.1777,2.5,5s2.5p4.(3P<2>).7p 2[3]*,0.00813,329.7,0.14
16581.6250,78815.2628,1.5,5s2.5p4.(3P<2>).8p 2[2]*,79418.34,2.5,5s2.5p4.(3P<2>).7d 2[2],0.2568,1.038e+04,0.17
16775.6525,79285.106,0.5,5s2.5p4.(3P<1>).7s 2[1],79881.208,1.5,5s2.5p4.(3P<2>).5f 2[1]*,0.01097,650.3,0.06
17033.2216,82028.417,0.5,5s2.5p4.(3P<1>).6d 2[1],82615.505,0.5,5s2.5p4.(3P<1>).7p 2[1]*,0.02374,2730,0.09
17102.8170,73054.4376,1.5,5s2.5p4.(3P<1>).6p 2[1]*,73639.1366,1.5,5s2.5p4.(3P<0>).5d 2[2],0.001123,64.05,-0.03
17226.9948,78815.2628,1.5,5s2.5p4.(3P<2>).8p 2[2]*,79395.7471,1.5,5s2.5p4.(3P<2>).7d 2[2],0.03648,2050,0.04
17276.6177,82213.791,2.5,5s2.5p4.(3P<1>).7p 2[2]*,82792.608,2.5,5s2.5p4.(3P<1>).6d 2[2],0.0004589,17.09,-0.0
17307.8923,78815.2628,1.5,5s2.5p4.(3P<2>).8p 2[2]*,79393.0339,0.5,5s2.5p4.(3P<2>).7d 2[0],0.02012,2240,0.04
17415.8076,78844.149,3.5,5s2.5p4.(3P<2>).8p 2[3]*,79418.34,2.5,5s2.5p4.(3P<2>).7d 2[2],0.009092,333.2,0.16
17738.5165,78854.595,2.5,5s2.5p4.(3P<2>).8p 2[3]*,79418.34,2.5,5s2.5p4.(3P<2>).7d 2[2],0.4319,1.526e+04,-0.59
17845.5847,76746.7844,1.5,5s2.5p4.(3P<2>).6d 2[2],77307.1471,2.5,5s2.5p4.(3P<2>).4f 2[3]*,0.003414,119.2,-0.01
18019.3167,81604.664,0.5,5s2.5p4.(3P<0>).7p 2[1]*,82159.624,1.5,5s2.5p4.(3P<1>).6d 2[1],0.00208,106.8,-0.01
18193.9585,79285.106,0.5,5s2.5p4.(3P<1>).7s 2[1],79834.739,1.5,5s2.5p4.(3P<2>).5f 2[2]*,0.03068,1546,0.22
18479.0930,78854.595,2.5,5s2.5p4.(3P<2>).8p 2[3]*,79395.7471,1.5,5s2.5p4.(3P<2>).7d 2[2],0.06749,3296,-0.36
18789.3637,81072.448,1.5,5s2.5p4.(1D<2>).5d 2[1],81604.664,0.5,5s2.5p4.(3P<0>).7p 2[1]*,0.008089,764.2,0.04
18935.9152,78415.0912,1.5,5s2.5p4.(1D<2>).6p 2[1]*,78943.1882,2.5,5s2.5p4.(3P<2>).7d 2[3],0.008111,251.5,-0.02
19166.5245,81506.674,0.5,5s2.5p4.(3P<1>).7p 2[0]*,82028.417,0.5,5s2.5p4.(3P<1>).6d 2[1],0.0136,1235,0.06
19199.7469,75302.906,0.5,5s2.5p4.(3P<2>).7p 2[1]*,75823.7462,1.5,5s2.5p4.(3P<1>).5d 2[2],0.1279,5786,-0.27
19509.7207,81722.75,1.5,5s2.5p4.(3P<0>).7p 2[1]*,82235.315,1.5,5s2.5p4.(1D<2>).5d 2[2],0.001344,58.89,0.06
19520.6014,72294.7216,1.5,5s2.5p4.(3P<2>).7s 2[2],72807.0009,1.5,5s2.5p4.(3P<1>).6p 2[2]*,0.002378,104.1,0.02
19606.2977,75193.8973,3.5,5s2.5p4.(3P<2>).7p 2[3]*,75703.9375,4.5,5s2.5p4.(3P<2>).6d 2[4],1.632,2.831e+04,0.93
19794.5171,78779.9156,0.5,5s2.5p4.(3P<2>).8p 2[1]*,79285.106,0.5,5s2.5p4.(3P<1>).7s 2[1],0.0261,2222,0.25
20075.0204,65856.7962,0.5,5s2.5p4.(3P<2>).6p 2[1]*,66354.9277,1.5,5s2.5p4.(3P<2>).5d 2[1],0.01182,489.2,-0.14
20468.5622,79393.0339,0.5,5s2.5p4.(3P<2>).7d 2[0],79881.588,0.5,5s2.5p4.(3P<2>).5f 2[1]*,0.1601,1.274e+04,0.47
20484.4952,79393.0339,0.5,5s2.5p4.(3P<2>).7d 2[0],79881.208,1.5,5s2.5p4.(3P<2>).5f 2[1]*,0.6129,2.436e+04,0.57
20582.8698,79395.7471,1.5,5s2.5p4.(3P<2>).7d 2[2],79881.588,0.5,5s2.5p4.(3P<2>).5f 2[1]*,0.01662,1309,0.33
20598.9813,79395.7471,1.5,5s2.5p4.(3P<2>).7d 2[2],79881.208,1.5,5s2.5p4.(3P<2>).5f 2[1]*,0.3257,1.28e+04,0.39
20613.3715,75621.2694,1.5,5s2.5p4.(3P<2>).7p 2[1]*,76106.3914,2.5,5s2.5p4.(3P<2>).6d 2[3],0.006532,170.9,0.02
20793.3019,71813.7975,0.5,5s2.5p4.(3P<0>).6p 2[1]*,72294.7216,1.5,5s2.5p4.(3P<2>).7s 2[2],0.0007108,27.41,-0.05
21011.1710,78415.0912,1.5,5s2.5p4.(1D<2>).6p 2[1]*,78891.0285,1.5,5s2.5p4.(3P<1>).7s 2[1],0.009577,361.8,0.02
21085.3961,78415.0912,1.5,5s2.5p4.(1D<2>).6p 2[1]*,78889.3531,0.5,5s2.5p4.(3P<2>).7d 2[1],0.006904,517.9,-0.01
21283.6963,78815.2628,1.5,5s2.5p4.(3P<2>).8p 2[2]*,79285.106,0.5,5s2.5p4.(3P<1>).7s 2[1],0.003299,242.9,-0.05
21604.4315,79418.34,2.5,5s2.5p4.(3P<2>).7d 2[2],79881.208,1.5,5s2.5p4.(3P<2>).5f 2[1]*,0.0208,743,0.06
21640.2673,74587.2507,1.5,5s2.5p4.(3P<1>).5d 2[1],75049.3522,1.5,5s2.5p4.(3P<2>).7p 2[2]*,0.1224,4360,-0.51
21935.5490,82159.624,1.5,5s2.5p4.(3P<1>).6d 2[1],82615.505,0.5,5s2.5p4.(3P<1>).7p 2[1]*,0.02903,2012,0.06
22293.2734,79395.7471,1.5,5s2.5p4.(3P<2>).7d 2[2],79844.3129,2.5,5s2.5p4.(3P<2>).5f 2[3]*,0.9569,2.14e+04,0.65
22509.8075,79395.7471,1.5,5s2.5p4.(3P<2>).7d 2[2],79839.9979,2.5,5s2.5p4.(3P<2>).5f 2[2]*,0.2498,5481,0.47
22512.6149,75177.074,2.5,5s2.5p4.(3P<1>).5d 2[3],75621.2694,1.5,5s2.5p4.(3P<2>).7p 2[1]*,0.005764,189.6,-0.01
22639.5394,79393.0339,0.5,5s2.5p4.(3P<2>).7d 2[0],79834.739,1.5,5s2.5p4.(3P<2>).5f 2[2]*,0.08112,2639,0.11
22779.4636,79395.7471,1.5,5s2.5p4.(3P<2>).7d 2[2],79834.739,1.5,5s2.5p4.(3P<2>).5f 2[2]*,0.004858,156.1,0.01
22809.1836,78592.4119,2.5,5s2.5p4.(1D<2>).6p 2[3]*,79030.8318,1.5,5s2.5p4.(3P<2>).7d 2[1],0.1632,5232,0.57
22889.8950,81722.75,1.5,5s2.5p4.(3P<0>).7p 2[1]*,82159.624,1.5,5s2.5p4.(3P<1>).6d 2[1],0.007344,233.7,0.04
23029.4823,81072.448,1.5,5s2.5p4.(1D<2>).5d 2[1],81506.674,0.5,5s2.5p4.(3P<1>).7p 2[0]*,0.001098,69.07,-0.01
23299.7584,79418.34,2.5,5s2.5p4.(3P<2>).7d 2[2],79847.529,3.5,5s2.5p4.(3P<2>).5f 2[3]*,0.8455,1.299e+04,0.45
23475.6718,79418.34,2.5,5s2.5p4.(3P<2>).7d 2[2],79844.3129,2.5,5s2.5p4.(3P<2>).5f 2[3]*,0.2392,4825,-0.44
23598.6530,81604.664,0.5,5s2.5p4.(3P<0>).7p 2[1]*,82028.417,0.5,5s2.5p4.(3P<1>).6d 2[1],0.1003,6008,-0.51
23627.8035,73054.4376,1.5,5s2.5p4.(3P<1>).6p 2[1]*,73477.6678,0.5,5s2.5p4.(1D<2>).5d 2[0],0.0004746,28.35,-0.04
23715.9081,79418.34,2.5,5s2.5p4.(3P<2>).7d 2[2],79839.9979,2.5,5s2.5p4.(3P<2>).5f 2[2]*,0.02596,513.1,-0.1
23719.5589,81722.75,1.5,5s2.5p4.(3P<0>).7p 2[1]*,82144.343,2.5,5s2.5p4.(1D<2>).5d 2[3],0.07885,1558,0.29
23906.2874,78732.074,2.5,5s2.5p4.(3P<2>).8p 2[2]*,79150.374,3.5,5s2.5p4.(3P<2>).7d 2[4],0.1002,1462,-0.08
24015.4275,79418.34,2.5,5s2.5p4.(3P<2>).7d 2[2],79834.739,1.5,5s2.5p4.(3P<2>).5f 2[2]*,0.0009636,27.86,-0.02
24019.4538,79285.106,0.5,5s2.5p4.(3P<1>).7s 2[1],79701.4352,0.5,5s2.5p4.(1D<2>).6p 2[1]*,0.05015,2899,-0.34
24102.0190,79003.437,3.5,5s2.5p4.(1D<2>).6p 2[3]*,79418.34,2.5,5s2.5p4.(3P<2>).7d 2[2],0.2564,4908,0.36
24128.1358,79418.34,2.5,5s2.5p4.(3P<2>).7d 2[2],79832.7939,3.5,5s2.5p4.(3P<2>).5f 2[4]*,0.1684,2413,-0.25
24838.9813,82028.417,0.5,5s2.5p4.(3P<1>).6d 2[1],82431.01,1.5,5s2.5p4.(3P<1>).7p 2[2]*,0.001117,30.2,0.01
25015.3344,78415.508,0.5,5s2.5p4.(3P<0>).7s 2[0],78815.2628,1.5,5s2.5p4.(3P<2>).8p 2[2]*,0.009226,245.8,0.19
25284.5140,82028.417,0.5,5s2.5p4.(3P<1>).6d 2[1],82423.916,1.5,5s2.5p4.(3P<1>).7p 2[1]*,0.08756,2284,0.49
26117.2298,82041.027,2.5,5s2.5p4.(1D<2>).5d 2[2],82423.916,1.5,5s2.5p4.(3P<1>).7p 2[1]*,0.04806,1175,-0.22
26302.6382,82235.315,1.5,5s2.5p4.(1D<2>).5d 2[2],82615.505,0.5,5s2.5p4.(3P<1>).7p 2[1]*,0.01913,922,0.09
26439.2748,74587.2507,1.5,5s2.5p4.(3P<1>).5d 2[1],74965.4759,2.5,5s2.5p4.(3P<2>).7p 2[2]*,0.0503,800,-0.71
26596.1620,65644.311,2.5,5s2.5p4.(3P<2>).6p 2[3]*,66020.3051,2.5,5s2.5p4.(3P<2>).5d 2[3],0.0009931,15.61,-0.03
26986.7657,65644.311,2.5,5s2.5p4.(3P<2>).6p 2[3]*,66014.863,3.5,5s2.5p4.(3P<2>).5d 2[3],0.00845,96.75,0.14
27122.9102,82423.916,1.5,5s2.5p4.(3P<1>).7p 2[1]*,82792.608,2.5,5s2.5p4.(3P<1>).6d 2[2],0.05986,904.6,0.1
27441.7987,78415.508,0.5,5s2.5p4.(3P<0>).7s 2[0],78779.9156,0.5,5s2.5p4.(3P<2>).8p 2[1]*,0.01622,718.3,0.44
27655.0202,82431.01,1.5,5s2.5p4.(3P<1>).7p 2[2]*,82792.608,2.5,5s2.5p4.(3P<1>).6d 2[2],0.1418,2061,0.21
28508.1974,78592.4119,2.5,5s2.5p4.(1D<2>).6p 2[3]*,78943.1882,2.5,5s2.5p4.(3P<2>).7d 2[3],0.06821,933,-0.54
28531.9892,65669.8213,3.5,5s2.5p4.(3P<2>).6p 2[3]*,66020.3051,2.5,5s2.5p4.(3P<2>).5d 2[3],0.01043,142.5,-0.38
28982.0042,65669.8213,3.5,5s2.5p4.(3P<2>).6p 2[3]*,66014.863,3.5,5s2.5p4.(3P<2>).5d 2[3],0.04867,483.1,-0.7
29987.7680,78891.0285,1.5,5s2.5p4.(3P<1>).7s 2[1],79224.4978,1.5,5s2.5p4.(3P<2>).8p 2[1]*,0.06131,1137,0.27
31419.1726,81722.75,1.5,5s2.5p4.(3P<0>).7p 2[1]*,82041.027,2.5,5s2.5p4.(1D<2>).5d 2[2],0.01916,215.7,0.12
32105.7486,78592.4119,2.5,5s2.5p4.(1D<2>).6p 2[3]*,78903.8826,3.5,5s2.5p4.(3P<2>).7d 2[3],0.004961,40.13,0.16
32425.2848,79393.0339,0.5,5s2.5p4.(3P<2>).7d 2[0],79701.4352,0.5,5s2.5p4.(1D<2>).6p 2[1]*,0.00139,44.08,-0.02
32504.0362,72807.0009,1.5,5s2.5p4.(3P<1>).6p 2[2]*,73114.655,0.5,5s2.5p4.(3P<1>).5d 2[1],0.009709,306.5,0.23
32655.7270,78844.149,3.5,5s2.5p4.(3P<2>).8p 2[3]*,79150.374,3.5,5s2.5p4.(3P<2>).7d 2[4],0.0007019,5.488,0.0
32713.0824,79395.7471,1.5,5s2.5p4.(3P<2>).7d 2[2],79701.4352,0.5,5s2.5p4.(1D<2>).6p 2[1]*,0.01864,581,0.14
32715.3406,81722.75,1.5,5s2.5p4.(3P<0>).7p 2[1]*,82028.417,0.5,5s2.5p4.(3P<1>).6d 2[1],0.001057,32.92,0.01
33809.0263,78854.595,2.5,5s2.5p4.(3P<2>).8p 2[3]*,79150.374,3.5,5s2.5p4.(3P<2>).7d 2[4],2.267,1.654e+04,0.97
34883.6804,82144.343,2.5,5s2.5p4.(1D<2>).5d 2[3],82431.01,1.5,5s2.5p4.(3P<1>).7p 2[2]*,0.07747,1062,0.26
35768.8332,82144.343,2.5,5s2.5p4.(1D<2>).5d 2[3],82423.916,1.5,5s2.5p4.(3P<1>).7p 2[1]*,0.001188,15.48,-0.01
36041.0623,75621.2694,1.5,5s2.5p4.(3P<2>).7p 2[1]*,75898.7307,2.5,5s2.5p4.(3P<1>).5d 2[2],0.05423,464.2,-0.29
36847.8846,82159.624,1.5,5s2.5p4.(3P<1>).6d 2[1],82431.01,1.5,5s2.5p4.(3P<1>).7p 2[2]*,0.02311,283.8,0.08
37836.9379,82159.624,1.5,5s2.5p4.(3P<1>).6d 2[1],82423.916,1.5,5s2.5p4.(3P<1>).7p 2[1]*,0.07497,873.2,-0.51
40240.2990,77307.1471,2.5,5s2.5p4.(3P<2>).4f 2[3]*,77555.6542,1.5,5s2.5p4.(3P<2>).8s 2[2],0.002149,22.13,-0.18
47259.4036,74965.4759,2.5,5s2.5p4.(3P<2>).7p 2[2]*,75177.074,2.5,5s2.5p4.(3P<1>).5d 2[3],0.1662,827.2,0.52
47464.4491,78844.149,3.5,5s2.5p4.(3P<2>).8p 2[3]*,79054.833,4.5,5s2.5p4.(3P<2>).7d 2[4],2.224,6585,1.0
49388.3744,75621.2694,1.5,5s2.5p4.(3P<2>).7p 2[1]*,75823.7462,1.5,5s2.5p4.(3P<1>).5d 2[2],0.03967,271.2,0.23
50207.6085,77356.4812,1.5,5s2.5p4.(3P<2>).4f 2[2]*,77555.6542,1.5,5s2.5p4.(3P<2>).8s 2[2],0.001695,11.21,-0.28
50963.1266,77359.4339,2.5,5s2.5p4.(3P<2>).4f 2[2]*,77555.6542,1.5,5s2.5p4.(3P<2>).8s 2[2],0.0009356,6.007,0.07
51099.9259,82235.315,1.5,5s2.5p4.(1D<2>).5d 2[2],82431.01,1.5,5s2.5p4.(3P<1>).7p 2[2]*,5.435e-05,0.3471,0.0
51588.3538,79224.4978,1.5,5s2.5p4.(3P<2>).8p 2[1]*,79418.34,2.5,5s2.5p4.(3P<2>).7d 2[2],0.2248,939.1,0.48
52910.8928,82426.508,1.5,5s2.5p4.(3P<0>).6d 2[2],82615.505,0.5,5s2.5p4.(3P<1>).7p 2[1]*,0.04404,524.6,-0.5
53021.9882,82235.315,1.5,5s2.5p4.(1D<2>).5d 2[2],82423.916,1.5,5s2.5p4.(3P<1>).7p 2[1]*,0.002885,17.11,-0.13
54485.8173,82213.791,2.5,5s2.5p4.(3P<1>).7p 2[2]*,82397.325,2.5,5s2.5p4.(3P<0>).6d 2[2],0.05135,192.3,0.38
57882.4292,82041.027,2.5,5s2.5p4.(1D<2>).5d 2[2],82213.791,2.5,5s2.5p4.(3P<1>).7p 2[2]*,0.005047,16.75,0.08
58204.3041,78732.074,2.5,5s2.5p4.(3P<2>).8p 2[2]*,78903.8826,3.5,5s2.5p4.(3P<2>).7d 2[3],0.9188,2261,0.66
58394.3993,79224.4978,1.5,5s2.5p4.(3P<2>).8p 2[1]*,79395.7471,1.5,5s2.5p4.(3P<2>).7d 2[2],0.2185,1069,0.67
59334.4690,79224.4978,1.5,5s2.5p4.(3P<2>).8p 2[1]*,79393.0339,0.5,5s2.5p4.(3P<2>).7d 2[0],0.0938,888.6,-0.59
62911.0846,78732.074,2.5,5s2.5p4.(3P<2>).8p 2[2]*,78891.0285,1.5,5s2.5p4.(3P<1>).7s 2[1],0.00663,27.93,-0.18
66030.3978,77404.2088,0.5,5s2.5p4.(3P<2>).4f 2[1]*,77555.6542,1.5,5s2.5p4.(3P<2>).8s 2[2],0.0003086,1.18,0.31
67102.1147,77406.6276,1.5,5s2.5p4.(3P<2>).4f 2[1]*,77555.6542,1.5,5s2.5p4.(3P<2>).8s 2[2],0.000301,1.115,0.08
68056.3779,79003.437,3.5,5s2.5p4.(1D<2>).6p 2[3]*,79150.374,3.5,5s2.5p4.(3P<2>).7d 2[4],0.02584,46.51,0.23
69720.6642,77307.1197,3.5,5s2.5p4.(3P<2>).4f 2[4]*,77450.5492,2.5,5s2.5p4.(3P<2>).8s 2[2],0.01621,37.07,0.13
69733.9858,77307.1471,2.5,5s2.5p4.(3P<2>).4f 2[3]*,77450.5492,2.5,5s2.5p4.(3P<2>).8s 2[2],0.003414,7.804,-0.09
72859.4265,77313.2986,3.5,5s2.5p4.(3P<2>).4f 2[3]*,77450.5492,2.5,5s2.5p4.(3P<2>).8s 2[2],0.03184,66.68,-0.26
78295.1697,75049.3522,1.5,5s2.5p4.(3P<2>).7p 2[2]*,75177.074,2.5,5s2.5p4.(3P<1>).5d 2[3],0.01019,18.47,-0.05
83713.5323,82496.05,1.5,5s2.5p4.(3P<1>).6d 2[2],82615.505,0.5,5s2.5p4.(3P<1>).7p 2[1]*,0.004905,23.34,0.09
89998.5510,78779.9156,0.5,5s2.5p4.(3P<2>).8p 2[1]*,78891.0285,1.5,5s2.5p4.(3P<1>).7s 2[1],0.009416,19.39,-0.17
91376.3564,78779.9156,0.5,5s2.5p4.(3P<2>).8p 2[1]*,78889.3531,0.5,5s2.5p4.(3P<2>).7d 2[1],0.03899,155.8,0.38
100447.5945,78903.8826,3.5,5s2.5p4.(3P<2>).7d 2[3],79003.437,3.5,5s2.5p4.(1D<2>).6p 2[3]*,0.1053,86.99,0.78
106306.0765,77356.4812,1.5,5s2.5p4.(3P<2>).4f 2[2]*,77450.5492,2.5,5s2.5p4.(3P<2>).8s 2[2],0.0008659,0.8518,-0.18
107528.8473,75621.2694,1.5,5s2.5p4.(3P<2>).7p 2[1]*,75714.2677,0.5,5s2.5p4.(3P<2>).6d 2[0],0.01133,32.67,0.42
109751.0517,77359.4339,2.5,5s2.5p4.(3P<2>).4f 2[2]*,77450.5492,2.5,5s2.5p4.(3P<2>).8s 2[2],0.01105,10.2,0.34
110309.2852,73387.0136,0.5,5s2.5p4.(3P<1>).6p 2[1]*,73477.6678,0.5,5s2.5p4.(1D<2>).5d 2[0],3.271e-06,0.008966,-0.0
131985.8458,78815.2628,1.5,5s2.5p4.(3P<2>).8p 2[2]*,78891.0285,1.5,5s2.5p4.(3P<1>).7s 2[1],0.0002724,0.2608,-0.01
134970.4347,78815.2628,1.5,5s2.5p4.(3P<2>).8p 2[2]*,78889.3531,0.5,5s2.5p4.(3P<2>).7d 2[1],0.09595,175.7,-0.88
136956.8463,71903.5759,2.5,5s2.5p4.(3P<2>).7s 2[2],71976.5916,1.5,5s2.5p4.(3P<0>).6p 2[1]*,0.002471,2.197,-0.19
143992.6276,82144.343,2.5,5s2.5p4.(1D<2>).5d 2[3],82213.791,2.5,5s2.5p4.(3P<1>).7p 2[2]*,0.00372,1.995,0.11
147767.2370,82423.916,1.5,5s2.5p4.(3P<1>).7p 2[1]*,82491.59,2.5,5s2.5p4.(3P<1>).6d 2[3],0.09139,46.53,0.69
164994.1757,79224.4978,1.5,5s2.5p4.(3P<2>).8p 2[1]*,79285.106,0.5,5s2.5p4.(3P<1>).7s 2[1],0.0007007,0.8584,-0.09
165978.4095,78943.1882,2.5,5s2.5p4.(3P<2>).7d 2[3],79003.437,3.5,5s2.5p4.(1D<2>).6p 2[3]*,0.07044,21.32,-0.33
167409.9669,78844.149,3.5,5s2.5p4.(3P<2>).8p 2[3]*,78903.8826,3.5,5s2.5p4.(3P<2>).7d 2[3],0.1798,53.5,-0.98
184614.2485,82159.624,1.5,5s2.5p4.(3P<1>).6d 2[1],82213.791,2.5,5s2.5p4.(3P<1>).7p 2[2]*,0.0009536,0.311,-0.05
194567.6706,79003.437,3.5,5s2.5p4.(1D<2>).6p 2[3]*,79054.833,4.5,5s2.5p4.(3P<2>).7d 2[4],0.002247,0.3958,0.25
202890.7879,78854.595,2.5,5s2.5p4.(3P<2>).8p 2[3]*,78903.8826,3.5,5s2.5p4.(3P<2>).7d 2[3],0.01068,2.163,0.11
227678.4088,77406.6276,1.5,5s2.5p4.(3P<2>).4f 2[1]*,77450.5492,2.5,5s2.5p4.(3P<2>).8s 2[2],0.0006662,0.1429,0.36
274472.6694,78854.595,2.5,5s2.5p4.(3P<2>).8p 2[3]*,78891.0285,1.5,5s2.5p4.(3P<1>).7s 2[1],0.0002455,0.05434,-0.05
296868.0422,82397.325,2.5,5s2.5p4.(3P<0>).6d 2[2],82431.01,1.5,5s2.5p4.(3P<1>).7p 2[2]*,0.01989,3.763,0.38
376067.0904,82397.325,2.5,5s2.5p4.(3P<0>).6d 2[2],82423.916,1.5,5s2.5p4.(3P<1>).7p 2[1]*,0.0001233,0.01453,-0.01
464597.6584,82213.791,2.5,5s2.5p4.(3P<1>).7p 2[2]*,82235.315,1.5,5s2.5p4.(1D<2>).5d 2[2],7.189e-06,0.0005554,0.01
594413.7000,75177.074,2.5,5s2.5p4.(3P<1>).5d 2[3],75193.8973,3.5,5s2.5p4.(3P<2>).7p 2[3]*,0.004453,0.1051,0.29
709033.7996,75177.074,2.5,5s2.5p4.(3P<1>).5d 2[3],75191.1777,2.5,5s2.5p4.(3P<2>).7p 2[3]*,0.001007,0.02228,0.12
3858024.6914,82423.916,1.5,5s2.5p4.(3P<1>).7p 2[1]*,82426.508,1.5,5s2.5p4.(3P<0>).6d 2[2],0.0002756,0.0003088,0.21
23992322.4564,78415.0912,1.5,5s2.5p4.(1D<2>).6p 2[1]*,78415.508,0.5,5s2.5p4.(3P<0>).7s 2[0],6.419e-06,3.719e-07,-0.05
