wavelength_vac_nm,lower_E_cm,lower_J,lower_level,upper_E_cm,upper_J,upper_level,gf,A_s,cancellation_factor
88.0824,0.0,0.0,4s2.4p6 1S,113530.0,1.0,4s2.4p5.(2P*<1/2>).6d 2[3/2]*,0.01351,3.871e+07,-0.62
90.0313,0.0,0.0,4s2.4p6 1S,111072.5,1.0,4s2.4p5.(2P*<1/2>).7s 2[1/2]*,0.0003907,1.072e+06,-0.0
90.3071,0.0,0.0,4s2.4p6 1S,110733.27,1.0,4s2.4p5.(2P*<1/2>).5d 2[3/2]*,1.928,5.257e+09,0.68
92.3713,0.0,0.0,4s2.4p6 1S,108258.7553,1.0,4s2.4p5.(2P*<3/2>).6d 2[3/2]*,0.2528,6.589e+08,0.34
92.8711,0.0,0.0,4s2.4p6 1S,107676.1489,1.0,4s2.4p5.(2P*<3/2>).6d 2[1/2]*,0.03648,9.404e+07,-0.22
94.5441,0.0,0.0,4s2.4p6 1S,105770.7014,1.0,4s2.4p5.(2P*<3/2>).7s 2[3/2]*,0.03881,9.654e+07,0.16
94.6536,0.0,0.0,4s2.4p6 1S,105648.434,1.0,4s2.4p5.(2P*<3/2>).5d 2[3/2]*,2.297e-05,5.699e+04,-0.0
95.1056,0.0,0.0,4s2.4p6 1S,105146.33,1.0,4s2.4p5.(2P*<1/2>).6s 2[1/2]*,0.02849,7.003e+07,-0.15
95.3404,0.0,0.0,4s2.4p6 1S,104887.315,1.0,4s2.4p5.(2P*<1/2>).4d 2[3/2]*,0.05577,1.364e+08,0.05
96.3374,0.0,0.0,4s2.4p6 1S,103801.7929,1.0,4s2.4p5.(2P*<3/2>).5d 2[1/2]*,0.05028,1.204e+08,-0.09
100.1061,0.0,0.0,4s2.4p6 1S,99894.0485,1.0,4s2.4p5.(2P*<3/2>).6s 2[3/2]*,0.1195,2.652e+08,0.33
100.3550,0.0,0.0,4s2.4p6 1S,99646.212,1.0,4s2.4p5.(2P*<3/2>).4d 2[3/2]*,0.3744,8.266e+08,0.2
103.0023,0.0,0.0,4s2.4p6 1S,97085.193,1.0,4s2.4p5.(2P*<3/2>).4d 2[1/2]*,0.0118,2.473e+07,-0.15
116.4867,0.0,0.0,4s2.4p6 1S,85846.7046,1.0,4s2.4p5.(2P*<1/2>).5s 2[1/2]*,0.3219,5.274e+08,0.9
123.5838,0.0,0.0,4s2.4p6 1S,80916.768,1.0,4s2.4p5.(2P*<3/2>).5s 2[3/2]*,0.2982,4.342e+08,0.94
307.0116,79971.7417,2.0,4s2.4p5.(2P*<3/2>).5s 2[3/2]*,112543.8,2.0,4s2.4p5.(2P*<1/2>).7p 2[3/2],0.0002097,2.969e+04,0.0
307.4430,79971.7417,2.0,4s2.4p5.(2P*<3/2>).5s 2[3/2]*,112498.1,1.0,4s2.4p5.(2P*<1/2>).7p 2[1/2],0.001042,2.451e+05,-0.01
307.5167,79971.7417,2.0,4s2.4p5.(2P*<3/2>).5s 2[3/2]*,112490.3,1.0,4s2.4p5.(2P*<1/2>).7p 2[3/2],2.41e-05,5666,-0.0
314.9454,80916.768,1.0,4s2.4p5.(2P*<3/2>).5s 2[3/2]*,112668.3,0.0,4s2.4p5.(2P*<1/2>).7p 2[1/2],0.000251,1.688e+05,-0.0
316.1852,80916.768,1.0,4s2.4p5.(2P*<3/2>).5s 2[3/2]*,112543.8,2.0,4s2.4p5.(2P*<1/2>).7p 2[3/2],0.004824,6.437e+05,-0.09
316.6428,80916.768,1.0,4s2.4p5.(2P*<3/2>).5s 2[3/2]*,112498.1,1.0,4s2.4p5.(2P*<1/2>).7p 2[1/2],0.002111,4.682e+05,-0.03
316.7210,80916.768,1.0,4s2.4p5.(2P*<3/2>).5s 2[3/2]*,112490.3,1.0,4s2.4p5.(2P*<1/2>).7p 2[3/2],0.001108,2.456e+05,0.06
318.3758,79971.7417,2.0,4s2.4p5.(2P*<3/2>).5s 2[3/2]*,111381.16,2.0,4s2.4p5.(2P*<1/2>).4f 2[5/2],1.546e-05,2035,-0.0
318.4040,79971.7417,2.0,4s2.4p5.(2P*<3/2>).5s 2[3/2]*,111378.38,3.0,4s2.4p5.(2P*<1/2>).4f 2[7/2],0.000181,1.701e+04,0.0
328.2521,80916.768,1.0,4s2.4p5.(2P*<3/2>).5s 2[3/2]*,111381.16,2.0,4s2.4p5.(2P*<1/2>).4f 2[5/2],4.612e-05,5710,0.0
349.6989,79971.7417,2.0,4s2.4p5.(2P*<3/2>).5s 2[3/2]*,108567.7689,2.0,4s2.4p5.(2P*<1/2>).6p 2[3/2],3.407e-07,37.17,-0.0
350.3555,79971.7417,2.0,4s2.4p5.(2P*<3/2>).5s 2[3/2]*,108514.1824,1.0,4s2.4p5.(2P*<1/2>).6p 2[1/2],7.056e-05,1.278e+04,0.0
350.4821,79971.7417,2.0,4s2.4p5.(2P*<3/2>).5s 2[3/2]*,108503.871,2.0,4s2.4p5.(2P*<3/2>).5f 2[5/2],0.0002427,2.636e+04,0.02
350.4899,79971.7417,2.0,4s2.4p5.(2P*<3/2>).5s 2[3/2]*,108503.238,3.0,4s2.4p5.(2P*<3/2>).5f 2[5/2],0.003461,2.684e+05,0.02
350.7663,79971.7417,2.0,4s2.4p5.(2P*<3/2>).5s 2[3/2]*,108480.751,1.0,4s2.4p5.(2P*<3/2>).5f 2[3/2],8.712e-05,1.574e+04,0.01
350.8848,79971.7417,2.0,4s2.4p5.(2P*<3/2>).5s 2[3/2]*,108471.1277,2.0,4s2.4p5.(2P*<3/2>).5f 2[3/2],0.0008549,9.263e+04,-0.02
351.2899,79971.7417,2.0,4s2.4p5.(2P*<3/2>).5s 2[3/2]*,108438.2603,1.0,4s2.4p5.(2P*<1/2>).6p 2[3/2],1.045e-05,1883,-0.0
358.3613,80916.768,1.0,4s2.4p5.(2P*<3/2>).5s 2[3/2]*,108821.569,0.0,4s2.4p5.(2P*<1/2>).6p 2[1/2],0.001301,6.76e+05,-0.01
361.6506,80916.768,1.0,4s2.4p5.(2P*<3/2>).5s 2[3/2]*,108567.7689,2.0,4s2.4p5.(2P*<1/2>).6p 2[3/2],0.00324,3.304e+05,-0.02
362.3528,80916.768,1.0,4s2.4p5.(2P*<3/2>).5s 2[3/2]*,108514.1824,1.0,4s2.4p5.(2P*<1/2>).6p 2[1/2],0.000299,5.063e+04,-0.0
362.4882,80916.768,1.0,4s2.4p5.(2P*<3/2>).5s 2[3/2]*,108503.871,2.0,4s2.4p5.(2P*<3/2>).5f 2[5/2],0.0004501,4.569e+04,-0.02
362.7923,80916.768,1.0,4s2.4p5.(2P*<3/2>).5s 2[3/2]*,108480.751,1.0,4s2.4p5.(2P*<3/2>).5f 2[3/2],0.0004531,7.655e+04,-0.01
362.9190,80916.768,1.0,4s2.4p5.(2P*<3/2>).5s 2[3/2]*,108471.1277,2.0,4s2.4p5.(2P*<3/2>).5f 2[3/2],0.0007482,7.579e+04,0.01
363.3524,80916.768,1.0,4s2.4p5.(2P*<3/2>).5s 2[3/2]*,108438.2603,1.0,4s2.4p5.(2P*<1/2>).6p 2[3/2],0.0007231,1.218e+05,0.01
366.2134,85191.6166,0.0,4s2.4p5.(2P*<1/2>).5s 2[1/2]*,112498.1,1.0,4s2.4p5.(2P*<1/2>).7p 2[1/2],0.002653,4.399e+05,-0.04
366.3180,85191.6166,0.0,4s2.4p5.(2P*<1/2>).5s 2[1/2]*,112490.3,1.0,4s2.4p5.(2P*<1/2>).7p 2[3/2],0.005469,9.061e+05,-0.19
366.6368,79971.7417,2.0,4s2.4p5.(2P*<3/2>).5s 2[3/2]*,107246.688,2.0,4s2.4p5.(2P*<3/2>).7p 2[3/2],0.01009,1.001e+06,-0.08
366.9780,79971.7417,2.0,4s2.4p5.(2P*<3/2>).5s 2[3/2]*,107221.333,1.0,4s2.4p5.(2P*<3/2>).7p 2[3/2],0.001123,1.854e+05,0.07
368.0607,79971.7417,2.0,4s2.4p5.(2P*<3/2>).5s 2[3/2]*,107141.171,3.0,4s2.4p5.(2P*<3/2>).7p 2[5/2],0.01911,1.344e+06,-0.34
368.0658,79971.7417,2.0,4s2.4p5.(2P*<3/2>).5s 2[3/2]*,107140.8,2.0,4s2.4p5.(2P*<3/2>).7p 2[5/2],0.00143,1.408e+05,0.22
369.9096,79971.7417,2.0,4s2.4p5.(2P*<3/2>).5s 2[3/2]*,107005.371,1.0,4s2.4p5.(2P*<3/2>).7p 2[1/2],0.008011,1.302e+06,-0.04
372.8339,85846.7046,1.0,4s2.4p5.(2P*<1/2>).5s 2[1/2]*,112668.3,0.0,4s2.4p5.(2P*<1/2>).7p 2[1/2],0.004485,2.152e+06,-0.06
374.5726,85846.7046,1.0,4s2.4p5.(2P*<1/2>).5s 2[1/2]*,112543.8,2.0,4s2.4p5.(2P*<1/2>).7p 2[3/2],0.003274,3.113e+05,0.04
375.2149,85846.7046,1.0,4s2.4p5.(2P*<1/2>).5s 2[1/2]*,112498.1,1.0,4s2.4p5.(2P*<1/2>).7p 2[1/2],0.002535,4.004e+05,0.02
375.3247,85846.7046,1.0,4s2.4p5.(2P*<1/2>).5s 2[1/2]*,112490.3,1.0,4s2.4p5.(2P*<1/2>).7p 2[3/2],0.001295,2.043e+05,-0.05
377.4495,80916.768,1.0,4s2.4p5.(2P*<3/2>).5s 2[3/2]*,107410.379,0.0,4s2.4p5.(2P*<3/2>).7p 2[1/2],0.004734,2.216e+06,-0.09
379.7961,80916.768,1.0,4s2.4p5.(2P*<3/2>).5s 2[3/2]*,107246.688,2.0,4s2.4p5.(2P*<3/2>).7p 2[3/2],1.459e-05,1349,-0.0
380.1622,80916.768,1.0,4s2.4p5.(2P*<3/2>).5s 2[3/2]*,107221.333,1.0,4s2.4p5.(2P*<3/2>).7p 2[3/2],0.001071,1.647e+05,-0.03
381.3296,80916.768,1.0,4s2.4p5.(2P*<3/2>).5s 2[3/2]*,107140.8,2.0,4s2.4p5.(2P*<3/2>).7p 2[5/2],0.00109,1e+05,-0.03
383.3091,80916.768,1.0,4s2.4p5.(2P*<3/2>).5s 2[3/2]*,107005.371,1.0,4s2.4p5.(2P*<3/2>).7p 2[1/2],0.0006575,9.95e+04,-0.01
383.4996,79971.7417,2.0,4s2.4p5.(2P*<3/2>).5s 2[3/2]*,106047.39,3.0,4s2.4p5.(2P*<3/2>).4f 2[7/2],0.0001062,6881,-0.0
383.8791,79971.7417,2.0,4s2.4p5.(2P*<3/2>).5s 2[3/2]*,106021.607,2.0,4s2.4p5.(2P*<3/2>).4f 2[5/2],4.334e-06,392.3,-0.0
384.7068,79971.7417,2.0,4s2.4p5.(2P*<3/2>).5s 2[3/2]*,105965.562,2.0,4s2.4p5.(2P*<3/2>).4f 2[3/2],3.032e-05,2733,0.0
384.7233,79971.7417,2.0,4s2.4p5.(2P*<3/2>).5s 2[3/2]*,105964.446,1.0,4s2.4p5.(2P*<3/2>).4f 2[3/2],3.189e-06,479.1,-0.0
391.6277,85846.7046,1.0,4s2.4p5.(2P*<1/2>).5s 2[1/2]*,111381.16,2.0,4s2.4p5.(2P*<1/2>).4f 2[5/2],1.022e-05,888.6,-0.0
398.3296,80916.768,1.0,4s2.4p5.(2P*<3/2>).5s 2[3/2]*,106021.607,2.0,4s2.4p5.(2P*<3/2>).4f 2[5/2],3.288e-06,276.4,0.0
399.2208,80916.768,1.0,4s2.4p5.(2P*<3/2>).5s 2[3/2]*,105965.562,2.0,4s2.4p5.(2P*<3/2>).4f 2[3/2],5.022e-05,4203,-0.0
399.2386,80916.768,1.0,4s2.4p5.(2P*<3/2>).5s 2[3/2]*,105964.446,1.0,4s2.4p5.(2P*<3/2>).4f 2[3/2],2.722e-05,3796,0.0
427.5172,79971.7417,2.0,4s2.4p5.(2P*<3/2>).5s 2[3/2]*,103362.6124,2.0,4s2.4p5.(2P*<3/2>).6p 2[3/2],0.03037,2.217e+06,-0.14
428.4172,79971.7417,2.0,4s2.4p5.(2P*<3/2>).5s 2[3/2]*,103313.4726,1.0,4s2.4p5.(2P*<3/2>).6p 2[3/2],0.002585,3.131e+05,0.06
428.7693,85191.6166,0.0,4s2.4p5.(2P*<1/2>).5s 2[1/2]*,108514.1824,1.0,4s2.4p5.(2P*<1/2>).6p 2[1/2],0.01205,1.458e+06,-0.08
429.3848,85191.6166,0.0,4s2.4p5.(2P*<1/2>).5s 2[1/2]*,108480.751,1.0,4s2.4p5.(2P*<3/2>).5f 2[3/2],0.0002542,3.065e+04,0.0
430.1696,85191.6166,0.0,4s2.4p5.(2P*<1/2>).5s 2[1/2]*,108438.2603,1.0,4s2.4p5.(2P*<1/2>).6p 2[3/2],0.01153,1.385e+06,-0.13
431.9766,79971.7417,2.0,4s2.4p5.(2P*<3/2>).5s 2[3/2]*,103121.1419,2.0,4s2.4p5.(2P*<3/2>).6p 2[5/2],0.01002,7.163e+05,0.19
432.0794,79971.7417,2.0,4s2.4p5.(2P*<3/2>).5s 2[3/2]*,103115.6343,3.0,4s2.4p5.(2P*<3/2>).6p 2[5/2],0.05019,2.562e+06,-0.33
435.2583,85846.7046,1.0,4s2.4p5.(2P*<1/2>).5s 2[1/2]*,108821.569,0.0,4s2.4p5.(2P*<1/2>).6p 2[1/2],0.01565,5.511e+06,-0.11
436.3868,79971.7417,2.0,4s2.4p5.(2P*<3/2>).5s 2[3/2]*,102887.1936,1.0,4s2.4p5.(2P*<3/2>).6p 2[1/2],0.01846,2.155e+06,-0.05
437.7351,80916.768,1.0,4s2.4p5.(2P*<3/2>).5s 2[3/2]*,103761.6336,0.0,4s2.4p5.(2P*<3/2>).6p 2[1/2],0.01933,6.73e+06,-0.16
440.1202,85846.7046,1.0,4s2.4p5.(2P*<1/2>).5s 2[1/2]*,108567.7689,2.0,4s2.4p5.(2P*<1/2>).6p 2[3/2],0.02747,1.892e+06,0.13
441.1607,85846.7046,1.0,4s2.4p5.(2P*<1/2>).5s 2[1/2]*,108514.1824,1.0,4s2.4p5.(2P*<1/2>).6p 2[1/2],0.008218,9.388e+05,0.04
441.3615,85846.7046,1.0,4s2.4p5.(2P*<1/2>).5s 2[1/2]*,108503.871,2.0,4s2.4p5.(2P*<3/2>).5f 2[5/2],0.0003775,2.585e+04,0.01
441.8123,85846.7046,1.0,4s2.4p5.(2P*<1/2>).5s 2[1/2]*,108480.751,1.0,4s2.4p5.(2P*<3/2>).5f 2[3/2],1.076e-05,1226,0.0
442.0002,85846.7046,1.0,4s2.4p5.(2P*<1/2>).5s 2[1/2]*,108471.1277,2.0,4s2.4p5.(2P*<3/2>).5f 2[3/2],0.0003271,2.233e+04,-0.0
442.6433,85846.7046,1.0,4s2.4p5.(2P*<1/2>).5s 2[1/2]*,108438.2603,1.0,4s2.4p5.(2P*<1/2>).6p 2[3/2],0.01128,1.28e+06,-0.1
445.5168,80916.768,1.0,4s2.4p5.(2P*<3/2>).5s 2[3/2]*,103362.6124,2.0,4s2.4p5.(2P*<3/2>).6p 2[3/2],0.006991,4.699e+05,-0.07
446.4943,80916.768,1.0,4s2.4p5.(2P*<3/2>).5s 2[3/2]*,103313.4726,1.0,4s2.4p5.(2P*<3/2>).6p 2[3/2],0.01642,1.832e+06,-0.16
447.1975,91168.515,1.0,4s2.4p5.(2P*<3/2>).5p 2[1/2],113530.0,1.0,4s2.4p5.(2P*<1/2>).6d 2[3/2]*,0.002687,2.987e+05,-0.19
450.3617,80916.768,1.0,4s2.4p5.(2P*<3/2>).5s 2[3/2]*,103121.1419,2.0,4s2.4p5.(2P*<3/2>).6p 2[5/2],0.01559,1.026e+06,-0.13
453.9323,85191.6166,0.0,4s2.4p5.(2P*<1/2>).5s 2[1/2]*,107221.333,1.0,4s2.4p5.(2P*<3/2>).7p 2[3/2],7.599e-05,8200,0.0
455.1573,80916.768,1.0,4s2.4p5.(2P*<3/2>).5s 2[3/2]*,102887.1936,1.0,4s2.4p5.(2P*<3/2>).6p 2[1/2],0.000919,9.863e+04,-0.01
458.4264,85191.6166,0.0,4s2.4p5.(2P*<1/2>).5s 2[1/2]*,107005.371,1.0,4s2.4p5.(2P*<3/2>).7p 2[1/2],0.0002193,2.32e+04,-0.0
463.7429,85846.7046,1.0,4s2.4p5.(2P*<1/2>).5s 2[1/2]*,107410.379,0.0,4s2.4p5.(2P*<3/2>).7p 2[1/2],9.526e-05,2.955e+04,-0.0
467.2901,85846.7046,1.0,4s2.4p5.(2P*<1/2>).5s 2[1/2]*,107246.688,2.0,4s2.4p5.(2P*<3/2>).7p 2[3/2],0.0002456,1.5e+04,0.0
467.8444,85846.7046,1.0,4s2.4p5.(2P*<1/2>).5s 2[1/2]*,107221.333,1.0,4s2.4p5.(2P*<3/2>).7p 2[3/2],0.001736,1.764e+05,0.04
469.6138,85846.7046,1.0,4s2.4p5.(2P*<1/2>).5s 2[1/2]*,107140.8,2.0,4s2.4p5.(2P*<3/2>).7p 2[5/2],0.005353,3.238e+05,0.12
471.1953,92307.3786,2.0,4s2.4p5.(2P*<3/2>).5p 2[5/2],113530.0,1.0,4s2.4p5.(2P*<1/2>).6d 2[3/2]*,0.001157,1.158e+05,-0.07
472.6196,85846.7046,1.0,4s2.4p5.(2P*<1/2>).5s 2[1/2]*,107005.371,1.0,4s2.4p5.(2P*<3/2>).7p 2[1/2],0.001175,1.169e+05,0.01
481.3981,85191.6166,0.0,4s2.4p5.(2P*<1/2>).5s 2[1/2]*,105964.446,1.0,4s2.4p5.(2P*<3/2>).4f 2[3/2],0.0002811,2.697e+04,-0.0
486.2487,92964.3943,1.0,4s2.4p5.(2P*<3/2>).5p 2[3/2],113530.0,1.0,4s2.4p5.(2P*<1/2>).6d 2[3/2]*,0.009713,9.134e+05,0.14
490.0361,93123.3409,2.0,4s2.4p5.(2P*<3/2>).5p 2[3/2],113530.0,1.0,4s2.4p5.(2P*<1/2>).6d 2[3/2]*,0.001288,1.192e+05,0.12
495.6653,85846.7046,1.0,4s2.4p5.(2P*<1/2>).5s 2[1/2]*,106021.607,2.0,4s2.4p5.(2P*<3/2>).4f 2[5/2],5.24e-05,2845,-0.0
497.0461,85846.7046,1.0,4s2.4p5.(2P*<1/2>).5s 2[1/2]*,105965.562,2.0,4s2.4p5.(2P*<3/2>).4f 2[3/2],0.0002721,1.469e+04,0.0
497.0737,85846.7046,1.0,4s2.4p5.(2P*<1/2>).5s 2[1/2]*,105964.446,1.0,4s2.4p5.(2P*<3/2>).4f 2[3/2],0.0001465,1.318e+04,-0.0
502.4120,91168.515,1.0,4s2.4p5.(2P*<3/2>).5p 2[1/2],111072.5,1.0,4s2.4p5.(2P*<1/2>).7s 2[1/2]*,0.003218,2.834e+05,0.02
502.8541,91168.515,1.0,4s2.4p5.(2P*<3/2>).5p 2[1/2],111055.0,0.0,4s2.4p5.(2P*<1/2>).7s 2[1/2]*,0.001712,4.515e+05,0.02
511.1232,91168.515,1.0,4s2.4p5.(2P*<3/2>).5p 2[1/2],110733.27,1.0,4s2.4p5.(2P*<1/2>).5d 2[3/2]*,0.0005431,4.622e+04,0.0
514.4791,94092.8626,0.0,4s2.4p5.(2P*<3/2>).5p 2[1/2],113530.0,1.0,4s2.4p5.(2P*<1/2>).6d 2[3/2]*,0.02756,2.315e+06,-0.27
527.6076,91168.515,1.0,4s2.4p5.(2P*<3/2>).5p 2[1/2],110121.9961,2.0,4s2.4p5.(2P*<1/2>).5d 2[5/2]*,3.989e-05,1912,0.0
528.1304,91168.515,1.0,4s2.4p5.(2P*<3/2>).5p 2[1/2],110103.2339,2.0,4s2.4p5.(2P*<1/2>).5d 2[3/2]*,1.264e-05,604.6,0.0
532.9036,92307.3786,2.0,4s2.4p5.(2P*<3/2>).5p 2[5/2],111072.5,1.0,4s2.4p5.(2P*<1/2>).7s 2[1/2]*,0.0001466,1.148e+04,0.0
542.7146,92307.3786,2.0,4s2.4p5.(2P*<3/2>).5p 2[5/2],110733.27,1.0,4s2.4p5.(2P*<1/2>).5d 2[3/2]*,0.0004267,3.221e+04,0.0
551.8199,85191.6166,0.0,4s2.4p5.(2P*<1/2>).5s 2[1/2]*,103313.4726,1.0,4s2.4p5.(2P*<3/2>).6p 2[3/2],0.0001221,8912,-0.0
552.2389,92964.3943,1.0,4s2.4p5.(2P*<3/2>).5p 2[3/2],111072.5,1.0,4s2.4p5.(2P*<1/2>).7s 2[1/2]*,0.0001975,1.44e+04,0.0
552.7731,92964.3943,1.0,4s2.4p5.(2P*<3/2>).5p 2[3/2],111055.0,0.0,4s2.4p5.(2P*<1/2>).7s 2[1/2]*,0.0003172,6.925e+04,-0.0
556.3770,79971.7417,2.0,4s2.4p5.(2P*<3/2>).5s 2[3/2]*,97945.1664,2.0,4s2.4p5.(2P*<1/2>).5p 2[3/2],0.005455,2.351e+05,-0.0
557.1292,93123.3409,2.0,4s2.4p5.(2P*<3/2>).5p 2[3/2],111072.5,1.0,4s2.4p5.(2P*<1/2>).7s 2[1/2]*,0.0007214,5.168e+04,-0.0
557.1836,79971.7417,2.0,4s2.4p5.(2P*<3/2>).5s 2[3/2]*,97919.1468,1.0,4s2.4p5.(2P*<1/2>).5p 2[1/2],0.02059,1.475e+06,0.01
557.3198,92294.4012,3.0,4s2.4p5.(2P*<3/2>).5p 2[5/2],110237.421,3.0,4s2.4p5.(2P*<1/2>).5d 2[5/2]*,0.008304,2.547e+05,0.05
557.4664,80916.768,1.0,4s2.4p5.(2P*<3/2>).5s 2[3/2]*,98855.0698,0.0,4s2.4p5.(2P*<1/2>).5p 2[1/2],0.0003253,6.983e+04,0.0
557.7232,92307.3786,2.0,4s2.4p5.(2P*<3/2>).5p 2[5/2],110237.421,3.0,4s2.4p5.(2P*<1/2>).5d 2[5/2]*,0.0478,1.464e+06,0.07
558.1937,85846.7046,1.0,4s2.4p5.(2P*<1/2>).5s 2[1/2]*,103761.6336,0.0,4s2.4p5.(2P*<3/2>).6p 2[1/2],0.01131,2.422e+06,-0.09
560.9282,92294.4012,3.0,4s2.4p5.(2P*<3/2>).5p 2[5/2],110121.9961,2.0,4s2.4p5.(2P*<1/2>).5d 2[5/2]*,7.357e-07,31.2,0.0
561.3368,92307.3786,2.0,4s2.4p5.(2P*<3/2>).5p 2[5/2],110121.9961,2.0,4s2.4p5.(2P*<1/2>).5d 2[5/2]*,3.054e-05,1293,0.0
561.5191,92294.4012,3.0,4s2.4p5.(2P*<3/2>).5p 2[5/2],110103.2339,2.0,4s2.4p5.(2P*<1/2>).5d 2[3/2]*,0.0002472,1.046e+04,0.02
561.9286,92307.3786,2.0,4s2.4p5.(2P*<3/2>).5p 2[5/2],110103.2339,2.0,4s2.4p5.(2P*<1/2>).5d 2[3/2]*,0.003874,1.637e+05,0.03
562.7818,92964.3943,1.0,4s2.4p5.(2P*<3/2>).5p 2[3/2],110733.27,1.0,4s2.4p5.(2P*<1/2>).5d 2[3/2]*,0.006219,4.366e+05,0.01
565.1130,85191.6166,0.0,4s2.4p5.(2P*<1/2>).5s 2[1/2]*,102887.1936,1.0,4s2.4p5.(2P*<3/2>).6p 2[1/2],0.00147,1.023e+05,0.01
567.4025,79971.7417,2.0,4s2.4p5.(2P*<3/2>).5s 2[3/2]*,97595.9153,1.0,4s2.4p5.(2P*<1/2>).5p 2[3/2],2.246e-06,155.1,-0.0
567.8615,93123.3409,2.0,4s2.4p5.(2P*<3/2>).5p 2[3/2],110733.27,1.0,4s2.4p5.(2P*<1/2>).5d 2[3/2]*,4.02e-05,2772,0.0
570.9096,85846.7046,1.0,4s2.4p5.(2P*<1/2>).5s 2[1/2]*,103362.6124,2.0,4s2.4p5.(2P*<3/2>).6p 2[3/2],0.0006706,2.745e+04,0.01
572.5158,85846.7046,1.0,4s2.4p5.(2P*<1/2>).5s 2[1/2]*,103313.4726,1.0,4s2.4p5.(2P*<3/2>).6p 2[3/2],0.0002514,1.705e+04,-0.0
583.4701,92964.3943,1.0,4s2.4p5.(2P*<3/2>).5p 2[3/2],110103.2339,2.0,4s2.4p5.(2P*<1/2>).5d 2[3/2]*,0.006936,2.718e+05,-0.02
584.3142,93123.3409,2.0,4s2.4p5.(2P*<3/2>).5p 2[3/2],110237.421,3.0,4s2.4p5.(2P*<1/2>).5d 2[5/2]*,2.074e-06,57.88,0.0
585.1293,91168.515,1.0,4s2.4p5.(2P*<3/2>).5p 2[1/2],108258.7553,1.0,4s2.4p5.(2P*<3/2>).6d 2[3/2]*,0.0005543,3.6e+04,0.0
586.8376,85846.7046,1.0,4s2.4p5.(2P*<1/2>).5s 2[1/2]*,102887.1936,1.0,4s2.4p5.(2P*<3/2>).6p 2[1/2],0.002312,1.493e+05,-0.01
587.2543,80916.768,1.0,4s2.4p5.(2P*<3/2>).5s 2[3/2]*,97945.1664,2.0,4s2.4p5.(2P*<1/2>).5p 2[3/2],0.05139,1.988e+06,-0.02
588.1530,80916.768,1.0,4s2.4p5.(2P*<3/2>).5s 2[3/2]*,97919.1468,1.0,4s2.4p5.(2P*<1/2>).5p 2[1/2],0.003146,2.022e+05,-0.0
588.2818,93123.3409,2.0,4s2.4p5.(2P*<3/2>).5p 2[3/2],110121.9961,2.0,4s2.4p5.(2P*<1/2>).5d 2[5/2]*,7.292e-05,2811,0.0
588.9319,93123.3409,2.0,4s2.4p5.(2P*<3/2>).5p 2[3/2],110103.2339,2.0,4s2.4p5.(2P*<1/2>).5d 2[3/2]*,0.0001988,7646,-0.0
588.9407,94092.8626,0.0,4s2.4p5.(2P*<3/2>).5p 2[1/2],111072.5,1.0,4s2.4p5.(2P*<1/2>).7s 2[1/2]*,0.0006112,3.918e+04,0.0
594.3794,91168.515,1.0,4s2.4p5.(2P*<3/2>).5p 2[1/2],107992.7867,2.0,4s2.4p5.(2P*<3/2>).6d 2[5/2]*,5.621e-05,2122,0.02
599.5510,80916.768,1.0,4s2.4p5.(2P*<3/2>).5s 2[3/2]*,97595.9153,1.0,4s2.4p5.(2P*<1/2>).5p 2[3/2],0.00186,1.15e+05,0.0
600.9468,94092.8626,0.0,4s2.4p5.(2P*<3/2>).5p 2[1/2],110733.27,1.0,4s2.4p5.(2P*<1/2>).5d 2[3/2]*,0.02576,1.586e+06,0.02
601.3821,91168.515,1.0,4s2.4p5.(2P*<3/2>).5p 2[1/2],107796.879,2.0,4s2.4p5.(2P*<3/2>).6d 2[3/2]*,0.001937,7.143e+04,0.0
605.7803,91168.515,1.0,4s2.4p5.(2P*<3/2>).5p 2[1/2],107676.1489,1.0,4s2.4p5.(2P*<3/2>).6d 2[1/2]*,0.009401,5.696e+05,0.03
608.4545,91168.515,1.0,4s2.4p5.(2P*<3/2>).5p 2[1/2],107603.5969,0.0,4s2.4p5.(2P*<3/2>).6d 2[1/2]*,0.006049,1.09e+06,0.04
626.9051,92307.3786,2.0,4s2.4p5.(2P*<3/2>).5p 2[5/2],108258.7553,1.0,4s2.4p5.(2P*<3/2>).6d 2[3/2]*,0.0011,6.226e+04,0.02
627.5855,97595.9153,1.0,4s2.4p5.(2P*<1/2>).5p 2[3/2],113530.0,1.0,4s2.4p5.(2P*<1/2>).6d 2[3/2]*,5.313e-05,2999,-0.0
634.8437,92294.4012,3.0,4s2.4p5.(2P*<3/2>).5p 2[5/2],108046.3102,3.0,4s2.4p5.(2P*<3/2>).6d 2[5/2]*,0.007517,1.777e+05,0.13
635.3671,92307.3786,2.0,4s2.4p5.(2P*<3/2>).5p 2[5/2],108046.3102,3.0,4s2.4p5.(2P*<3/2>).6d 2[5/2]*,0.002405,5.677e+04,0.01
635.8651,96771.494,0.0,4s2.4p5.(2P*<3/2>).4d 2[1/2]*,112498.1,1.0,4s2.4p5.(2P*<1/2>).7p 2[1/2],0.002061,1.133e+05,-0.01
636.1806,96771.494,0.0,4s2.4p5.(2P*<3/2>).4d 2[1/2]*,112490.3,1.0,4s2.4p5.(2P*<1/2>).7p 2[3/2],0.004992,2.742e+05,-0.08
637.0082,92294.4012,3.0,4s2.4p5.(2P*<3/2>).5p 2[5/2],107992.7867,2.0,4s2.4p5.(2P*<3/2>).6d 2[5/2]*,0.0002789,9170,0.08
637.5352,92307.3786,2.0,4s2.4p5.(2P*<3/2>).5p 2[5/2],107992.7867,2.0,4s2.4p5.(2P*<3/2>).6d 2[5/2]*,0.006188,2.031e+05,0.11
640.5800,97919.1468,1.0,4s2.4p5.(2P*<1/2>).5p 2[1/2],113530.0,1.0,4s2.4p5.(2P*<1/2>).6d 2[3/2]*,0.01428,7.737e+05,0.2
641.6495,97945.1664,2.0,4s2.4p5.(2P*<1/2>).5p 2[3/2],113530.0,1.0,4s2.4p5.(2P*<1/2>).6d 2[3/2]*,0.0001394,7531,0.01
641.7206,97085.193,1.0,4s2.4p5.(2P*<3/2>).4d 2[1/2]*,112668.3,0.0,4s2.4p5.(2P*<1/2>).7p 2[1/2],0.00474,7.678e+05,-0.01
641.7453,92294.4012,3.0,4s2.4p5.(2P*<3/2>).5p 2[5/2],107876.908,3.0,4s2.4p5.(2P*<3/2>).6d 2[7/2]*,0.0005722,1.324e+04,0.01
642.2802,92307.3786,2.0,4s2.4p5.(2P*<3/2>).5p 2[5/2],107876.908,3.0,4s2.4p5.(2P*<3/2>).6d 2[7/2]*,0.06709,1.55e+06,0.15
645.0582,92294.4012,3.0,4s2.4p5.(2P*<3/2>).5p 2[5/2],107796.879,2.0,4s2.4p5.(2P*<3/2>).6d 2[3/2]*,0.00488,1.564e+05,0.04
645.5986,92307.3786,2.0,4s2.4p5.(2P*<3/2>).5p 2[5/2],107796.879,2.0,4s2.4p5.(2P*<3/2>).6d 2[3/2]*,0.0007439,2.381e+04,0.01
645.8073,92294.4012,3.0,4s2.4p5.(2P*<3/2>).5p 2[5/2],107778.8962,4.0,4s2.4p5.(2P*<3/2>).6d 2[7/2]*,0.1417,2.518e+06,0.37
646.8888,97085.193,1.0,4s2.4p5.(2P*<3/2>).4d 2[1/2]*,112543.8,2.0,4s2.4p5.(2P*<1/2>).7p 2[3/2],0.005044,1.608e+05,-0.03
648.8069,97085.193,1.0,4s2.4p5.(2P*<3/2>).4d 2[1/2]*,112498.1,1.0,4s2.4p5.(2P*<1/2>).7p 2[1/2],0.01371,7.241e+05,-0.02
649.1354,97085.193,1.0,4s2.4p5.(2P*<3/2>).4d 2[1/2]*,112490.3,1.0,4s2.4p5.(2P*<1/2>).7p 2[3/2],0.007573,3.996e+05,0.07
650.6701,92307.3786,2.0,4s2.4p5.(2P*<3/2>).5p 2[5/2],107676.1489,1.0,4s2.4p5.(2P*<3/2>).6d 2[1/2]*,0.003095,1.625e+05,0.02
653.8358,92964.3943,1.0,4s2.4p5.(2P*<3/2>).5p 2[3/2],108258.7553,1.0,4s2.4p5.(2P*<3/2>).6d 2[3/2]*,0.0007869,4.093e+04,-0.0
660.7021,93123.3409,2.0,4s2.4p5.(2P*<3/2>).5p 2[3/2],108258.7553,1.0,4s2.4p5.(2P*<3/2>).6d 2[3/2]*,0.0009372,4.773e+04,-0.01
665.4072,92964.3943,1.0,4s2.4p5.(2P*<3/2>).5p 2[3/2],107992.7867,2.0,4s2.4p5.(2P*<3/2>).6d 2[5/2]*,0.01998,6.019e+05,-0.17
670.1079,93123.3409,2.0,4s2.4p5.(2P*<3/2>).5p 2[3/2],108046.3102,3.0,4s2.4p5.(2P*<3/2>).6d 2[5/2]*,0.03139,6.661e+05,-0.29
672.5200,93123.3409,2.0,4s2.4p5.(2P*<3/2>).5p 2[3/2],107992.7867,2.0,4s2.4p5.(2P*<3/2>).6d 2[5/2]*,0.0007346,2.167e+04,-0.06
673.1278,97687.779,2.0,4s2.4p5.(2P*<3/2>).4d 2[3/2]*,112543.8,2.0,4s2.4p5.(2P*<1/2>).7p 2[3/2],0.002872,8.456e+04,0.01
674.1959,92964.3943,1.0,4s2.4p5.(2P*<3/2>).5p 2[3/2],107796.879,2.0,4s2.4p5.(2P*<3/2>).6d 2[3/2]*,0.006021,1.767e+05,0.05
675.2048,97687.779,2.0,4s2.4p5.(2P*<3/2>).4d 2[3/2]*,112498.1,1.0,4s2.4p5.(2P*<1/2>).7p 2[1/2],0.01525,7.439e+05,-0.02
675.5606,97687.779,2.0,4s2.4p5.(2P*<3/2>).4d 2[3/2]*,112490.3,1.0,4s2.4p5.(2P*<1/2>).7p 2[3/2],0.0003248,1.582e+04,-0.0
677.8022,93123.3409,2.0,4s2.4p5.(2P*<3/2>).5p 2[3/2],107876.908,3.0,4s2.4p5.(2P*<3/2>).6d 2[7/2]*,0.01257,2.608e+05,0.05
679.7286,92964.3943,1.0,4s2.4p5.(2P*<3/2>).5p 2[3/2],107676.1489,1.0,4s2.4p5.(2P*<3/2>).6d 2[1/2]*,0.001009,4.855e+04,-0.01
681.4342,98855.0698,0.0,4s2.4p5.(2P*<1/2>).5p 2[1/2],113530.0,1.0,4s2.4p5.(2P*<1/2>).6d 2[3/2]*,0.00411,1.968e+05,0.07
681.4989,93123.3409,2.0,4s2.4p5.(2P*<3/2>).5p 2[3/2],107796.879,2.0,4s2.4p5.(2P*<3/2>).6d 2[3/2]*,0.05146,1.478e+06,-0.19
683.0973,92964.3943,1.0,4s2.4p5.(2P*<3/2>).5p 2[3/2],107603.5969,0.0,4s2.4p5.(2P*<3/2>).6d 2[1/2]*,0.006371,9.107e+05,-0.13
684.8290,91168.515,1.0,4s2.4p5.(2P*<3/2>).5p 2[1/2],105770.7014,1.0,4s2.4p5.(2P*<3/2>).7s 2[3/2]*,0.006269,2.972e+05,0.03
687.1526,93123.3409,2.0,4s2.4p5.(2P*<3/2>).5p 2[3/2],107676.1489,1.0,4s2.4p5.(2P*<3/2>).6d 2[1/2]*,0.01831,8.622e+05,-0.15
690.6116,91168.515,1.0,4s2.4p5.(2P*<3/2>).5p 2[1/2],105648.434,1.0,4s2.4p5.(2P*<3/2>).5d 2[3/2]*,3.123e-05,1456,-0.0
690.6584,91168.515,1.0,4s2.4p5.(2P*<3/2>).5p 2[1/2],105647.4536,2.0,4s2.4p5.(2P*<3/2>).7s 2[3/2]*,0.06615,1.85e+06,0.18
698.4444,98226.268,3.0,4s2.4p5.(2P*<3/2>).4d 2[7/2]*,112543.8,2.0,4s2.4p5.(2P*<1/2>).7p 2[3/2],0.005394,1.475e+05,-0.01
699.4980,97085.193,1.0,4s2.4p5.(2P*<3/2>).4d 2[1/2]*,111381.16,2.0,4s2.4p5.(2P*<1/2>).4f 2[5/2],0.003343,9.116e+04,-0.0
705.9209,94092.8626,0.0,4s2.4p5.(2P*<3/2>).5p 2[1/2],108258.7553,1.0,4s2.4p5.(2P*<3/2>).6d 2[3/2]*,0.02235,9.974e+05,0.04
714.5417,91168.515,1.0,4s2.4p5.(2P*<3/2>).5p 2[1/2],105163.499,2.0,4s2.4p5.(2P*<3/2>).5d 2[5/2]*,0.0001757,4592,-0.0
715.4194,91168.515,1.0,4s2.4p5.(2P*<3/2>).5p 2[1/2],105146.33,1.0,4s2.4p5.(2P*<1/2>).6s 2[1/2]*,0.009095,3.951e+05,0.01
718.2445,91168.515,1.0,4s2.4p5.(2P*<3/2>).5p 2[1/2],105091.35,0.0,4s2.4p5.(2P*<1/2>).6s 2[1/2]*,0.002666,3.447e+05,0.01
722.6097,91168.515,1.0,4s2.4p5.(2P*<3/2>).5p 2[1/2],105007.245,2.0,4s2.4p5.(2P*<3/2>).5d 2[3/2]*,0.04828,1.233e+06,0.03
728.9267,91168.515,1.0,4s2.4p5.(2P*<3/2>).5p 2[1/2],104887.315,1.0,4s2.4p5.(2P*<1/2>).4d 2[3/2]*,0.05317,2.225e+06,0.06
730.2798,97687.779,2.0,4s2.4p5.(2P*<3/2>).4d 2[3/2]*,111381.16,2.0,4s2.4p5.(2P*<1/2>).4f 2[5/2],0.002154,5.389e+04,0.0
730.4281,97687.779,2.0,4s2.4p5.(2P*<3/2>).4d 2[3/2]*,111378.38,3.0,4s2.4p5.(2P*<1/2>).4f 2[7/2],0.05865,1.047e+06,-0.01
731.1881,98867.429,2.0,4s2.4p5.(2P*<3/2>).4d 2[5/2]*,112543.8,2.0,4s2.4p5.(2P*<1/2>).7p 2[3/2],0.0003444,8595,0.0
734.0597,98867.429,2.0,4s2.4p5.(2P*<3/2>).4d 2[5/2]*,112490.3,1.0,4s2.4p5.(2P*<1/2>).7p 2[3/2],0.003217,1.327e+05,0.01
736.1989,94092.8626,0.0,4s2.4p5.(2P*<3/2>).5p 2[1/2],107676.1489,1.0,4s2.4p5.(2P*<3/2>).6d 2[1/2]*,0.02443,1.002e+06,-0.09
736.3178,97797.287,4.0,4s2.4p5.(2P*<3/2>).4d 2[7/2]*,111378.38,3.0,4s2.4p5.(2P*<1/2>).4f 2[7/2],0.0002549,4480,0.0
736.3178,97797.287,4.0,4s2.4p5.(2P*<3/2>).4d 2[7/2]*,111378.38,3.0,4s2.4p5.(2P*<1/2>).4f 2[7/2],1.144e-05,201,-0.0
742.0278,97595.9153,1.0,4s2.4p5.(2P*<1/2>).5p 2[3/2],111072.5,1.0,4s2.4p5.(2P*<1/2>).7s 2[1/2]*,0.03173,1.281e+06,-0.22
742.6974,99079.367,3.0,4s2.4p5.(2P*<3/2>).4d 2[5/2]*,112543.8,2.0,4s2.4p5.(2P*<1/2>).7p 2[3/2],0.000167,4039,0.0
742.7587,92307.3786,2.0,4s2.4p5.(2P*<3/2>).5p 2[5/2],105770.7014,1.0,4s2.4p5.(2P*<3/2>).7s 2[3/2]*,0.07774,3.133e+06,0.14
742.9926,97595.9153,1.0,4s2.4p5.(2P*<1/2>).5p 2[3/2],111055.0,0.0,4s2.4p5.(2P*<1/2>).7s 2[1/2]*,0.02943,3.556e+06,0.33
748.8924,92294.4012,3.0,4s2.4p5.(2P*<3/2>).5p 2[5/2],105647.4536,2.0,4s2.4p5.(2P*<3/2>).7s 2[3/2]*,0.1425,3.388e+06,0.5
749.5659,92307.3786,2.0,4s2.4p5.(2P*<3/2>).5p 2[5/2],105648.434,1.0,4s2.4p5.(2P*<3/2>).5d 2[3/2]*,0.0001061,4201,-0.0
749.6210,92307.3786,2.0,4s2.4p5.(2P*<3/2>).5p 2[5/2],105647.4536,2.0,4s2.4p5.(2P*<3/2>).7s 2[3/2]*,0.0271,6.433e+05,-0.36
758.9502,80916.768,1.0,4s2.4p5.(2P*<3/2>).5s 2[3/2]*,94092.8626,0.0,4s2.4p5.(2P*<3/2>).5p 2[1/2],0.4051,4.692e+07,-0.76
760.1735,98226.268,3.0,4s2.4p5.(2P*<3/2>).4d 2[7/2]*,111381.16,2.0,4s2.4p5.(2P*<1/2>).4f 2[5/2],3.84e-05,886.4,0.0
760.2624,97919.1468,1.0,4s2.4p5.(2P*<1/2>).5p 2[1/2],111072.5,1.0,4s2.4p5.(2P*<1/2>).7s 2[1/2]*,0.03092,1.189e+06,0.12
760.3342,98226.268,3.0,4s2.4p5.(2P*<3/2>).4d 2[7/2]*,111378.38,3.0,4s2.4p5.(2P*<1/2>).4f 2[7/2],5.122e-05,844.2,-0.0
760.3342,98226.268,3.0,4s2.4p5.(2P*<3/2>).4d 2[7/2]*,111378.38,3.0,4s2.4p5.(2P*<1/2>).4f 2[7/2],0.00186,3.065e+04,0.0
760.3619,98226.268,3.0,4s2.4p5.(2P*<3/2>).4d 2[7/2]*,111377.9,4.0,4s2.4p5.(2P*<1/2>).4f 2[7/2],1.267,1.624e+07,-0.31
760.3638,79971.7417,2.0,4s2.4p5.(2P*<3/2>).5s 2[3/2]*,93123.3409,2.0,4s2.4p5.(2P*<3/2>).5p 2[3/2],1.364,3.147e+07,-0.72
761.1882,97595.9153,1.0,4s2.4p5.(2P*<1/2>).5p 2[3/2],110733.27,1.0,4s2.4p5.(2P*<1/2>).5d 2[3/2]*,0.008631,3.312e+05,0.03
761.2753,97919.1468,1.0,4s2.4p5.(2P*<1/2>).5p 2[1/2],111055.0,0.0,4s2.4p5.(2P*<1/2>).7s 2[1/2]*,0.03009,3.464e+06,0.2
761.7693,97945.1664,2.0,4s2.4p5.(2P*<1/2>).5p 2[3/2],111072.5,1.0,4s2.4p5.(2P*<1/2>).7s 2[1/2]*,0.1004,3.848e+06,0.4
767.9260,99646.212,1.0,4s2.4p5.(2P*<3/2>).4d 2[3/2]*,112668.3,0.0,4s2.4p5.(2P*<1/2>).7p 2[1/2],0.09754,1.103e+07,0.07
768.7361,85846.7046,1.0,4s2.4p5.(2P*<1/2>).5s 2[1/2]*,98855.0698,0.0,4s2.4p5.(2P*<1/2>).5p 2[1/2],0.388,4.379e+07,-0.68
769.6658,79971.7417,2.0,4s2.4p5.(2P*<3/2>).5s 2[3/2]*,92964.3943,1.0,4s2.4p5.(2P*<3/2>).5p 2[3/2],0.1388,5.209e+06,0.45
774.3489,92294.4012,3.0,4s2.4p5.(2P*<3/2>).5p 2[5/2],105208.476,3.0,4s2.4p5.(2P*<3/2>).5d 2[5/2]*,0.01108,1.76e+05,-0.04
774.8961,91168.515,1.0,4s2.4p5.(2P*<3/2>).5p 2[1/2],104073.471,0.0,4s2.4p5.(2P*<3/2>).5d 2[1/2]*,0.04898,5.441e+06,0.14
775.1279,92307.3786,2.0,4s2.4p5.(2P*<3/2>).5p 2[5/2],105208.476,3.0,4s2.4p5.(2P*<3/2>).5d 2[5/2]*,0.000261,4140,-0.0
775.3388,99646.212,1.0,4s2.4p5.(2P*<3/2>).4d 2[3/2]*,112543.8,2.0,4s2.4p5.(2P*<1/2>).7p 2[3/2],0.004097,9.092e+04,-0.05
776.9272,99626.882,2.0,4s2.4p5.(2P*<3/2>).6s 2[3/2]*,112498.1,1.0,4s2.4p5.(2P*<1/2>).7p 2[1/2],7.98e-06,293.9,0.0
777.0552,92294.4012,3.0,4s2.4p5.(2P*<3/2>).5p 2[5/2],105163.499,2.0,4s2.4p5.(2P*<3/2>).5d 2[5/2]*,0.0006619,1.462e+04,-0.04
777.8396,92307.3786,2.0,4s2.4p5.(2P*<3/2>).5p 2[5/2],105163.499,2.0,4s2.4p5.(2P*<3/2>).5d 2[5/2]*,0.01738,3.832e+05,-0.07
778.0958,99646.212,1.0,4s2.4p5.(2P*<3/2>).4d 2[3/2]*,112498.1,1.0,4s2.4p5.(2P*<1/2>).7p 2[1/2],0.03368,1.237e+06,0.08
778.5683,99646.212,1.0,4s2.4p5.(2P*<3/2>).4d 2[3/2]*,112490.3,1.0,4s2.4p5.(2P*<1/2>).7p 2[3/2],0.01752,6.428e+05,-0.06
778.8798,92307.3786,2.0,4s2.4p5.(2P*<3/2>).5p 2[5/2],105146.33,1.0,4s2.4p5.(2P*<1/2>).6s 2[1/2]*,0.001938,7.103e+04,0.0
780.3889,97919.1468,1.0,4s2.4p5.(2P*<1/2>).5p 2[1/2],110733.27,1.0,4s2.4p5.(2P*<1/2>).5d 2[3/2]*,0.00593,2.165e+05,-0.02
780.8652,92964.3943,1.0,4s2.4p5.(2P*<3/2>).5p 2[3/2],105770.7014,1.0,4s2.4p5.(2P*<3/2>).7s 2[3/2]*,0.05323,1.941e+06,0.14
781.9768,97945.1664,2.0,4s2.4p5.(2P*<1/2>).5p 2[3/2],110733.27,1.0,4s2.4p5.(2P*<1/2>).5d 2[3/2]*,0.0007424,2.699e+04,-0.01
782.8247,99894.0485,1.0,4s2.4p5.(2P*<3/2>).6s 2[3/2]*,112668.3,0.0,4s2.4p5.(2P*<1/2>).7p 2[1/2],0.0003115,3.39e+04,0.0
785.6984,85191.6166,0.0,4s2.4p5.(2P*<1/2>).5s 2[1/2]*,97919.1468,1.0,4s2.4p5.(2P*<1/2>).5p 2[1/2],0.5748,2.07e+07,-0.68
786.6061,92294.4012,3.0,4s2.4p5.(2P*<3/2>).5p 2[5/2],105007.245,2.0,4s2.4p5.(2P*<3/2>).5d 2[3/2]*,0.01033,2.227e+05,0.05
787.4099,92307.3786,2.0,4s2.4p5.(2P*<3/2>).5p 2[5/2],105007.245,2.0,4s2.4p5.(2P*<3/2>).5d 2[3/2]*,1.331e-05,286.5,-0.0
788.3924,92964.3943,1.0,4s2.4p5.(2P*<3/2>).5p 2[3/2],105648.434,1.0,4s2.4p5.(2P*<3/2>).5d 2[3/2]*,0.0004422,1.582e+04,0.0
788.4533,92964.3943,1.0,4s2.4p5.(2P*<3/2>).5p 2[3/2],105647.4536,2.0,4s2.4p5.(2P*<3/2>).7s 2[3/2]*,0.006958,1.493e+05,-0.12
790.5294,99894.0485,1.0,4s2.4p5.(2P*<3/2>).6s 2[3/2]*,112543.8,2.0,4s2.4p5.(2P*<1/2>).7p 2[3/2],0.003909,8.345e+04,-0.02
790.6788,93123.3409,2.0,4s2.4p5.(2P*<3/2>).5p 2[3/2],105770.7014,1.0,4s2.4p5.(2P*<3/2>).7s 2[3/2]*,0.03139,1.116e+06,0.09
791.5602,91168.515,1.0,4s2.4p5.(2P*<3/2>).5p 2[1/2],103801.7929,1.0,4s2.4p5.(2P*<3/2>).5d 2[1/2]*,0.04005,1.421e+06,0.04
792.2626,92294.4012,3.0,4s2.4p5.(2P*<3/2>).5p 2[5/2],104916.4792,3.0,4s2.4p5.(2P*<3/2>).5d 2[7/2]*,0.01033,1.569e+05,0.06
793.0780,92307.3786,2.0,4s2.4p5.(2P*<3/2>).5p 2[5/2],104916.4792,3.0,4s2.4p5.(2P*<3/2>).5d 2[7/2]*,0.1736,2.63e+06,0.16
793.3957,99894.0485,1.0,4s2.4p5.(2P*<3/2>).6s 2[3/2]*,112498.1,1.0,4s2.4p5.(2P*<1/2>).7p 2[1/2],3.944e-06,139.3,0.0
793.8870,99894.0485,1.0,4s2.4p5.(2P*<3/2>).6s 2[3/2]*,112490.3,1.0,4s2.4p5.(2P*<1/2>).7p 2[3/2],3.085e-06,108.8,-0.0
794.9166,92307.3786,2.0,4s2.4p5.(2P*<3/2>).5p 2[5/2],104887.315,1.0,4s2.4p5.(2P*<1/2>).4d 2[3/2]*,0.009601,3.378e+05,0.02
798.3343,97595.9153,1.0,4s2.4p5.(2P*<1/2>).5p 2[3/2],110121.9961,2.0,4s2.4p5.(2P*<1/2>).5d 2[5/2]*,0.0007482,1.566e+04,-0.01
798.3973,93123.3409,2.0,4s2.4p5.(2P*<3/2>).5p 2[3/2],105648.434,1.0,4s2.4p5.(2P*<3/2>).5d 2[3/2]*,2.209e-05,770.4,-0.0
798.4598,93123.3409,2.0,4s2.4p5.(2P*<3/2>).5p 2[3/2],105647.4536,2.0,4s2.4p5.(2P*<3/2>).7s 2[3/2]*,0.06809,1.425e+06,0.3
799.1222,98867.429,2.0,4s2.4p5.(2P*<3/2>).4d 2[5/2]*,111381.16,2.0,4s2.4p5.(2P*<1/2>).4f 2[5/2],0.003742,7.817e+04,-0.0
799.2997,98867.429,2.0,4s2.4p5.(2P*<3/2>).4d 2[5/2]*,111378.38,3.0,4s2.4p5.(2P*<1/2>).4f 2[7/2],8.271e-06,123.4,-0.0
799.2997,98867.429,2.0,4s2.4p5.(2P*<3/2>).4d 2[5/2]*,111378.38,3.0,4s2.4p5.(2P*<1/2>).4f 2[7/2],0.03833,5.717e+05,0.01
799.5319,97595.9153,1.0,4s2.4p5.(2P*<1/2>).5p 2[3/2],110103.2339,2.0,4s2.4p5.(2P*<1/2>).5d 2[3/2]*,0.1945,4.06e+06,0.41
806.1721,85191.6166,0.0,4s2.4p5.(2P*<1/2>).5s 2[1/2]*,97595.9153,1.0,4s2.4p5.(2P*<1/2>).5p 2[3/2],0.5878,2.011e+07,-0.75
810.6244,92294.4012,3.0,4s2.4p5.(2P*<3/2>).5p 2[5/2],104630.57,4.0,4s2.4p5.(2P*<3/2>).5d 2[7/2]*,0.3701,4.174e+06,0.56
810.6594,79971.7417,2.0,4s2.4p5.(2P*<3/2>).5s 2[3/2]*,92307.3786,2.0,4s2.4p5.(2P*<3/2>).5p 2[5/2],0.5261,1.068e+07,0.84
811.5131,79971.7417,2.0,4s2.4p5.(2P*<3/2>).5s 2[3/2]*,92294.4012,3.0,4s2.4p5.(2P*<3/2>).5p 2[5/2],2.887,4.178e+07,-0.94
812.8896,99079.367,3.0,4s2.4p5.(2P*<3/2>).4d 2[5/2]*,111381.16,2.0,4s2.4p5.(2P*<1/2>).4f 2[5/2],5.574e-05,1125,0.0
813.0734,99079.367,3.0,4s2.4p5.(2P*<3/2>).4d 2[5/2]*,111378.38,3.0,4s2.4p5.(2P*<1/2>).4f 2[7/2],0.0009501,1.369e+04,-0.0
813.0734,99079.367,3.0,4s2.4p5.(2P*<3/2>).4d 2[5/2]*,111378.38,3.0,4s2.4p5.(2P*<1/2>).4f 2[7/2],0.0003637,5242,-0.0
813.1051,99079.367,3.0,4s2.4p5.(2P*<3/2>).4d 2[5/2]*,111377.9,4.0,4s2.4p5.(2P*<1/2>).4f 2[7/2],1.668,1.87e+07,-0.42
813.5204,97945.1664,2.0,4s2.4p5.(2P*<1/2>).5p 2[3/2],110237.421,3.0,4s2.4p5.(2P*<1/2>).5d 2[5/2]*,0.1548,2.228e+06,0.23
814.7187,91168.515,1.0,4s2.4p5.(2P*<3/2>).5p 2[1/2],103442.69,2.0,4s2.4p5.(2P*<1/2>).4d 2[5/2]*,0.003027,6.084e+04,0.0
818.5027,98855.0698,0.0,4s2.4p5.(2P*<1/2>).5p 2[1/2],111072.5,1.0,4s2.4p5.(2P*<1/2>).7s 2[1/2]*,0.01187,3.938e+05,-0.05
819.2308,80916.768,1.0,4s2.4p5.(2P*<3/2>).5s 2[3/2]*,93123.3409,2.0,4s2.4p5.(2P*<3/2>).5p 2[3/2],0.4796,9.534e+06,-0.37
819.4807,97919.1468,1.0,4s2.4p5.(2P*<1/2>).5p 2[1/2],110121.9961,2.0,4s2.4p5.(2P*<1/2>).5d 2[5/2]*,0.07418,1.474e+06,0.09
819.7323,92964.3943,1.0,4s2.4p5.(2P*<3/2>).5p 2[3/2],105163.499,2.0,4s2.4p5.(2P*<3/2>).5d 2[5/2]*,0.07121,1.414e+06,0.12
820.7427,97919.1468,1.0,4s2.4p5.(2P*<1/2>).5p 2[1/2],110103.2339,2.0,4s2.4p5.(2P*<1/2>).5d 2[3/2]*,0.006118,1.212e+05,0.05
820.8876,92964.3943,1.0,4s2.4p5.(2P*<3/2>).5p 2[3/2],105146.33,1.0,4s2.4p5.(2P*<1/2>).6s 2[1/2]*,0.003407,1.124e+05,0.0
821.2318,97945.1664,2.0,4s2.4p5.(2P*<1/2>).5p 2[3/2],110121.9961,2.0,4s2.4p5.(2P*<1/2>).5d 2[5/2]*,0.005342,1.057e+05,-0.02
822.4991,97945.1664,2.0,4s2.4p5.(2P*<1/2>).5p 2[3/2],110103.2339,2.0,4s2.4p5.(2P*<1/2>).5d 2[3/2]*,0.02371,4.676e+05,0.17
824.6093,92964.3943,1.0,4s2.4p5.(2P*<3/2>).5p 2[3/2],105091.35,0.0,4s2.4p5.(2P*<1/2>).6s 2[1/2]*,0.0004317,4.235e+04,-0.0
826.5514,85846.7046,1.0,4s2.4p5.(2P*<1/2>).5s 2[1/2]*,97945.1664,2.0,4s2.4p5.(2P*<1/2>).5p 2[3/2],1.928,3.765e+07,0.87
826.5949,91168.515,1.0,4s2.4p5.(2P*<3/2>).5p 2[1/2],103266.339,2.0,4s2.4p5.(2P*<1/2>).4d 2[3/2]*,0.0002127,4153,0.0
827.4628,93123.3409,2.0,4s2.4p5.(2P*<3/2>).5p 2[3/2],105208.476,3.0,4s2.4p5.(2P*<3/2>).5d 2[5/2]*,0.1032,1.436e+06,0.15
828.3328,85846.7046,1.0,4s2.4p5.(2P*<1/2>).5s 2[1/2]*,97919.1468,1.0,4s2.4p5.(2P*<1/2>).5p 2[1/2],0.5631,1.825e+07,0.5
830.0390,80916.768,1.0,4s2.4p5.(2P*<3/2>).5s 2[3/2]*,92964.3943,1.0,4s2.4p5.(2P*<3/2>).5p 2[3/2],1.018,3.284e+07,-0.88
830.3682,92964.3943,1.0,4s2.4p5.(2P*<3/2>).5p 2[3/2],105007.245,2.0,4s2.4p5.(2P*<3/2>).5d 2[3/2]*,0.005496,1.063e+05,0.01
830.5539,93123.3409,2.0,4s2.4p5.(2P*<3/2>).5p 2[3/2],105163.499,2.0,4s2.4p5.(2P*<3/2>).5d 2[5/2]*,0.002767,5.352e+04,0.02
831.7399,93123.3409,2.0,4s2.4p5.(2P*<3/2>).5p 2[3/2],105146.33,1.0,4s2.4p5.(2P*<1/2>).6s 2[1/2]*,0.0004414,1.419e+04,-0.0
838.7207,92964.3943,1.0,4s2.4p5.(2P*<3/2>).5p 2[3/2],104887.315,1.0,4s2.4p5.(2P*<1/2>).4d 2[3/2]*,0.008755,2.767e+05,-0.01
841.4743,93123.3409,2.0,4s2.4p5.(2P*<3/2>).5p 2[3/2],105007.245,2.0,4s2.4p5.(2P*<3/2>).5d 2[3/2]*,0.03933,7.409e+05,-0.04
841.8784,98855.0698,0.0,4s2.4p5.(2P*<1/2>).5p 2[1/2],110733.27,1.0,4s2.4p5.(2P*<1/2>).5d 2[3/2]*,0.03748,1.176e+06,0.03
847.9507,93123.3409,2.0,4s2.4p5.(2P*<3/2>).5p 2[3/2],104916.4792,3.0,4s2.4p5.(2P*<3/2>).5d 2[7/2]*,0.001057,1.4e+04,0.0
850.0529,93123.3409,2.0,4s2.4p5.(2P*<3/2>).5p 2[3/2],104887.315,1.0,4s2.4p5.(2P*<1/2>).4d 2[3/2]*,0.06582,2.025e+06,-0.17
850.7541,99626.882,2.0,4s2.4p5.(2P*<3/2>).6s 2[3/2]*,111381.16,2.0,4s2.4p5.(2P*<1/2>).4f 2[5/2],4.781e-05,881.3,-0.0
850.9553,99626.882,2.0,4s2.4p5.(2P*<3/2>).6s 2[3/2]*,111378.38,3.0,4s2.4p5.(2P*<1/2>).4f 2[7/2],0.002256,2.969e+04,0.0
851.1210,85846.7046,1.0,4s2.4p5.(2P*<1/2>).5s 2[1/2]*,97595.9153,1.0,4s2.4p5.(2P*<1/2>).5p 2[3/2],0.6142,1.885e+07,-0.68
851.5937,96771.494,0.0,4s2.4p5.(2P*<3/2>).4d 2[1/2]*,108514.1824,1.0,4s2.4p5.(2P*<1/2>).6p 2[1/2],0.00163,4.998e+04,-0.0
852.0518,97085.193,1.0,4s2.4p5.(2P*<3/2>).4d 2[1/2]*,108821.569,0.0,4s2.4p5.(2P*<1/2>).6p 2[1/2],0.0009946,9.138e+04,-0.0
852.1555,99646.212,1.0,4s2.4p5.(2P*<3/2>).4d 2[3/2]*,111381.16,2.0,4s2.4p5.(2P*<1/2>).4f 2[5/2],0.09629,1.769e+06,-0.02
854.0252,96771.494,0.0,4s2.4p5.(2P*<3/2>).4d 2[1/2]*,108480.751,1.0,4s2.4p5.(2P*<3/2>).5f 2[3/2],0.07951,2.424e+06,-0.1
856.3228,94092.8626,0.0,4s2.4p5.(2P*<3/2>).5p 2[1/2],105770.7014,1.0,4s2.4p5.(2P*<3/2>).7s 2[3/2]*,0.01194,3.619e+05,0.03
857.1355,96771.494,0.0,4s2.4p5.(2P*<3/2>).4d 2[1/2]*,108438.2603,1.0,4s2.4p5.(2P*<1/2>).6p 2[3/2],0.0003226,9764,0.0
865.3834,94092.8626,0.0,4s2.4p5.(2P*<3/2>).5p 2[1/2],105648.434,1.0,4s2.4p5.(2P*<3/2>).5d 2[3/2]*,0.004148,1.232e+05,-0.01
869.9878,92307.3786,2.0,4s2.4p5.(2P*<3/2>).5p 2[5/2],103801.7929,1.0,4s2.4p5.(2P*<3/2>).5d 2[1/2]*,0.005026,1.476e+05,0.01
870.5409,99894.0485,1.0,4s2.4p5.(2P*<3/2>).6s 2[3/2]*,111381.16,2.0,4s2.4p5.(2P*<1/2>).4f 2[5/2],0.0004586,8073,-0.0
870.8847,97085.193,1.0,4s2.4p5.(2P*<3/2>).4d 2[1/2]*,108567.7689,2.0,4s2.4p5.(2P*<1/2>).6p 2[3/2],0.0005784,1.017e+04,-0.0
874.9680,97085.193,1.0,4s2.4p5.(2P*<3/2>).4d 2[1/2]*,108514.1824,1.0,4s2.4p5.(2P*<1/2>).6p 2[1/2],0.004287,1.245e+05,-0.0
875.7581,97085.193,1.0,4s2.4p5.(2P*<3/2>).4d 2[1/2]*,108503.871,2.0,4s2.4p5.(2P*<3/2>).5f 2[5/2],0.02658,4.624e+05,0.03
876.6518,92294.4012,3.0,4s2.4p5.(2P*<3/2>).5p 2[5/2],103701.439,3.0,4s2.4p5.(2P*<1/2>).4d 2[5/2]*,0.04181,5.184e+05,-0.04
877.5349,97085.193,1.0,4s2.4p5.(2P*<3/2>).4d 2[1/2]*,108480.751,1.0,4s2.4p5.(2P*<3/2>).5f 2[3/2],0.08081,2.333e+06,0.11
877.6503,92307.3786,2.0,4s2.4p5.(2P*<3/2>).5p 2[5/2],103701.439,3.0,4s2.4p5.(2P*<1/2>).4d 2[5/2]*,0.04828,5.973e+05,-0.01
877.9161,80916.768,1.0,4s2.4p5.(2P*<3/2>).5s 2[3/2]*,92307.3786,2.0,4s2.4p5.(2P*<3/2>).5p 2[5/2],1.437,2.486e+07,-0.74
878.2766,97085.193,1.0,4s2.4p5.(2P*<3/2>).4d 2[1/2]*,108471.1277,2.0,4s2.4p5.(2P*<3/2>).5f 2[3/2],0.1799,3.111e+06,-0.12
880.8192,97085.193,1.0,4s2.4p5.(2P*<3/2>).4d 2[1/2]*,108438.2603,1.0,4s2.4p5.(2P*<1/2>).6p 2[3/2],1.882e-05,539.3,0.0
893.1144,79971.7417,2.0,4s2.4p5.(2P*<3/2>).5s 2[3/2]*,91168.515,1.0,4s2.4p5.(2P*<3/2>).5p 2[1/2],1.086,3.026e+07,-0.85
896.9986,92294.4012,3.0,4s2.4p5.(2P*<3/2>).5p 2[5/2],103442.69,2.0,4s2.4p5.(2P*<1/2>).4d 2[5/2]*,0.01228,2.035e+05,0.03
898.0440,92307.3786,2.0,4s2.4p5.(2P*<3/2>).5p 2[5/2],103442.69,2.0,4s2.4p5.(2P*<1/2>).4d 2[5/2]*,0.008681,1.436e+05,0.01
900.1648,92964.3943,1.0,4s2.4p5.(2P*<3/2>).5p 2[3/2],104073.471,0.0,4s2.4p5.(2P*<3/2>).5d 2[1/2]*,0.01975,1.626e+06,-0.14
904.6935,94092.8626,0.0,4s2.4p5.(2P*<3/2>).5p 2[1/2],105146.33,1.0,4s2.4p5.(2P*<1/2>).6s 2[1/2]*,7.87e-05,2138,0.0
911.4160,92294.4012,3.0,4s2.4p5.(2P*<3/2>).5p 2[5/2],103266.339,2.0,4s2.4p5.(2P*<1/2>).4d 2[3/2]*,0.002135,3.428e+04,0.03
912.4953,92307.3786,2.0,4s2.4p5.(2P*<3/2>).5p 2[5/2],103266.339,2.0,4s2.4p5.(2P*<1/2>).4d 2[3/2]*,0.0291,4.662e+05,0.03
919.1185,97687.779,2.0,4s2.4p5.(2P*<3/2>).4d 2[3/2]*,108567.7689,2.0,4s2.4p5.(2P*<1/2>).6p 2[3/2],0.0004546,7179,-0.0
922.7307,92964.3943,1.0,4s2.4p5.(2P*<3/2>).5p 2[3/2],103801.7929,1.0,4s2.4p5.(2P*<3/2>).5d 2[1/2]*,0.001374,3.588e+04,-0.0
923.6678,97687.779,2.0,4s2.4p5.(2P*<3/2>).4d 2[3/2]*,108514.1824,1.0,4s2.4p5.(2P*<1/2>).6p 2[1/2],0.0009024,2.352e+04,-0.0
924.5483,97687.779,2.0,4s2.4p5.(2P*<3/2>).4d 2[3/2]*,108503.871,2.0,4s2.4p5.(2P*<3/2>).5f 2[5/2],0.02554,3.986e+05,-0.08
924.6025,97687.779,2.0,4s2.4p5.(2P*<3/2>).4d 2[3/2]*,108503.238,3.0,4s2.4p5.(2P*<3/2>).5f 2[5/2],0.3542,3.948e+06,-0.14
926.4018,94092.8626,0.0,4s2.4p5.(2P*<3/2>).5p 2[1/2],104887.315,1.0,4s2.4p5.(2P*<1/2>).4d 2[3/2]*,0.0111,2.876e+05,-0.01
926.5289,97687.779,2.0,4s2.4p5.(2P*<3/2>).4d 2[3/2]*,108480.751,1.0,4s2.4p5.(2P*<3/2>).5f 2[3/2],0.008894,2.303e+05,-0.07
927.3557,97687.779,2.0,4s2.4p5.(2P*<3/2>).4d 2[3/2]*,108471.1277,2.0,4s2.4p5.(2P*<3/2>).5f 2[3/2],0.08484,1.316e+06,0.14
930.1909,97687.779,2.0,4s2.4p5.(2P*<3/2>).4d 2[3/2]*,108438.2603,1.0,4s2.4p5.(2P*<1/2>).6p 2[3/2],0.0007499,1.927e+04,0.0
932.8625,97797.287,4.0,4s2.4p5.(2P*<3/2>).4d 2[7/2]*,108516.98,4.0,4s2.4p5.(2P*<3/2>).5f 2[7/2],0.1174,1e+06,-0.33
932.8625,97797.287,4.0,4s2.4p5.(2P*<3/2>).4d 2[7/2]*,108516.98,3.0,4s2.4p5.(2P*<3/2>).5f 2[7/2],0.003325,3.641e+04,0.29
934.0599,97797.287,4.0,4s2.4p5.(2P*<3/2>).4d 2[7/2]*,108503.238,3.0,4s2.4p5.(2P*<3/2>).5f 2[5/2],0.004359,4.761e+04,-0.15
935.4719,97797.287,4.0,4s2.4p5.(2P*<3/2>).4d 2[7/2]*,108487.079,4.0,4s2.4p5.(2P*<3/2>).5f 2[9/2],0.02114,1.79e+05,0.3
935.4837,97797.287,4.0,4s2.4p5.(2P*<3/2>).4d 2[7/2]*,108486.944,5.0,4s2.4p5.(2P*<3/2>).5f 2[9/2],0.9619,6.665e+06,-0.32
936.4653,93123.3409,2.0,4s2.4p5.(2P*<3/2>).5p 2[3/2],103801.7929,1.0,4s2.4p5.(2P*<3/2>).5d 2[1/2]*,0.01343,3.405e+05,-0.04
937.8364,97595.9153,1.0,4s2.4p5.(2P*<1/2>).5p 2[3/2],108258.7553,1.0,4s2.4p5.(2P*<3/2>).6d 2[3/2]*,0.007317,1.85e+05,0.05
939.6018,102887.1936,1.0,4s2.4p5.(2P*<3/2>).6p 2[1/2],113530.0,1.0,4s2.4p5.(2P*<1/2>).6d 2[3/2]*,0.007283,1.834e+05,-0.13
945.3495,93123.3409,2.0,4s2.4p5.(2P*<3/2>).5p 2[3/2],103701.439,3.0,4s2.4p5.(2P*<1/2>).4d 2[5/2]*,0.005521,5.887e+04,0.0
954.3537,92964.3943,1.0,4s2.4p5.(2P*<3/2>).5p 2[3/2],103442.69,2.0,4s2.4p5.(2P*<1/2>).4d 2[5/2]*,0.02532,3.709e+05,0.01
956.9525,96771.494,0.0,4s2.4p5.(2P*<3/2>).4d 2[1/2]*,107221.333,1.0,4s2.4p5.(2P*<3/2>).7p 2[3/2],4.879e-05,1185,-0.0
960.7202,103121.1419,2.0,4s2.4p5.(2P*<3/2>).6p 2[5/2],113530.0,1.0,4s2.4p5.(2P*<1/2>).6d 2[3/2]*,7.416e-05,1786,-0.0
961.8278,97595.9153,1.0,4s2.4p5.(2P*<1/2>).5p 2[3/2],107992.7867,2.0,4s2.4p5.(2P*<3/2>).6d 2[5/2]*,0.01281,1.847e+05,0.06
966.9776,98226.268,3.0,4s2.4p5.(2P*<3/2>).4d 2[7/2]*,108567.7689,2.0,4s2.4p5.(2P*<1/2>).6p 2[3/2],0.0008417,1.201e+04,-0.0
967.1546,97919.1468,1.0,4s2.4p5.(2P*<1/2>).5p 2[1/2],108258.7553,1.0,4s2.4p5.(2P*<3/2>).6d 2[3/2]*,0.02473,5.879e+05,-0.08
968.5056,97085.193,1.0,4s2.4p5.(2P*<3/2>).4d 2[1/2]*,107410.379,0.0,4s2.4p5.(2P*<3/2>).7p 2[1/2],0.0119,8.462e+05,-0.04
969.0534,93123.3409,2.0,4s2.4p5.(2P*<3/2>).5p 2[3/2],103442.69,2.0,4s2.4p5.(2P*<1/2>).4d 2[5/2]*,0.2244,3.188e+06,-0.11
969.5946,97945.1664,2.0,4s2.4p5.(2P*<1/2>).5p 2[3/2],108258.7553,1.0,4s2.4p5.(2P*<3/2>).6d 2[3/2]*,0.0001311,3100,0.0
970.6905,92964.3943,1.0,4s2.4p5.(2P*<3/2>).5p 2[3/2],103266.339,2.0,4s2.4p5.(2P*<1/2>).4d 2[3/2]*,0.02445,3.462e+05,-0.01
971.7501,98226.268,3.0,4s2.4p5.(2P*<3/2>).4d 2[7/2]*,108516.98,4.0,4s2.4p5.(2P*<3/2>).5f 2[7/2],0.04638,3.64e+05,0.04
971.7501,98226.268,3.0,4s2.4p5.(2P*<3/2>).4d 2[7/2]*,108516.98,3.0,4s2.4p5.(2P*<3/2>).5f 2[7/2],0.1313,1.325e+06,-0.42
972.9895,98226.268,3.0,4s2.4p5.(2P*<3/2>).4d 2[7/2]*,108503.871,2.0,4s2.4p5.(2P*<3/2>).5f 2[5/2],0.007978,1.124e+05,0.24
973.0494,98226.268,3.0,4s2.4p5.(2P*<3/2>).4d 2[7/2]*,108503.238,3.0,4s2.4p5.(2P*<3/2>).5f 2[5/2],0.01403,1.412e+05,0.06
974.5818,98226.268,3.0,4s2.4p5.(2P*<3/2>).4d 2[7/2]*,108487.079,4.0,4s2.4p5.(2P*<3/2>).5f 2[9/2],0.8122,6.338e+06,-0.5
975.4435,80916.768,1.0,4s2.4p5.(2P*<3/2>).5s 2[3/2]*,91168.515,1.0,4s2.4p5.(2P*<3/2>).5p 2[1/2],0.1949,4.555e+06,-0.34
976.0993,98226.268,3.0,4s2.4p5.(2P*<3/2>).4d 2[7/2]*,108471.1277,2.0,4s2.4p5.(2P*<3/2>).5f 2[3/2],0.0008322,1.165e+04,-0.01
977.1468,96771.494,0.0,4s2.4p5.(2P*<3/2>).4d 2[1/2]*,107005.371,1.0,4s2.4p5.(2P*<3/2>).7p 2[1/2],0.0003847,8959,0.0
978.8062,103313.4726,1.0,4s2.4p5.(2P*<3/2>).6p 2[3/2],113530.0,1.0,4s2.4p5.(2P*<1/2>).6d 2[3/2]*,0.0002909,6752,0.0
980.2995,97595.9153,1.0,4s2.4p5.(2P*<1/2>).5p 2[3/2],107796.879,2.0,4s2.4p5.(2P*<3/2>).6d 2[3/2]*,0.0004852,6736,0.01
983.5368,103362.6124,2.0,4s2.4p5.(2P*<3/2>).6p 2[3/2],113530.0,1.0,4s2.4p5.(2P*<1/2>).6d 2[3/2]*,0.003577,8.222e+04,0.17
984.1072,97085.193,1.0,4s2.4p5.(2P*<3/2>).4d 2[1/2]*,107246.688,2.0,4s2.4p5.(2P*<3/2>).7p 2[3/2],0.00378,5.206e+04,-0.02
985.9018,93123.3409,2.0,4s2.4p5.(2P*<3/2>).5p 2[3/2],103266.339,2.0,4s2.4p5.(2P*<1/2>).4d 2[3/2]*,0.0005356,7350,-0.0
986.5689,97085.193,1.0,4s2.4p5.(2P*<3/2>).4d 2[1/2]*,107221.333,1.0,4s2.4p5.(2P*<3/2>).7p 2[3/2],0.002861,6.535e+04,-0.02
989.9869,97945.1664,2.0,4s2.4p5.(2P*<1/2>).5p 2[3/2],108046.3102,3.0,4s2.4p5.(2P*<3/2>).6d 2[5/2]*,0.03021,2.937e+05,0.12
992.0405,97595.9153,1.0,4s2.4p5.(2P*<1/2>).5p 2[3/2],107676.1489,1.0,4s2.4p5.(2P*<3/2>).6d 2[1/2]*,0.005987,1.353e+05,-0.05
992.6898,97919.1468,1.0,4s2.4p5.(2P*<1/2>).5p 2[1/2],107992.7867,2.0,4s2.4p5.(2P*<3/2>).6d 2[5/2]*,0.0004159,5630,0.01
994.4701,97085.193,1.0,4s2.4p5.(2P*<3/2>).4d 2[1/2]*,107140.8,2.0,4s2.4p5.(2P*<3/2>).7p 2[5/2],0.00909,1.226e+05,-0.18
995.2605,97945.1664,2.0,4s2.4p5.(2P*<1/2>).5p 2[3/2],107992.7867,2.0,4s2.4p5.(2P*<3/2>).6d 2[5/2]*,0.0008794,1.184e+04,0.02
999.2324,97595.9153,1.0,4s2.4p5.(2P*<1/2>).5p 2[3/2],107603.5969,0.0,4s2.4p5.(2P*<3/2>).6d 2[1/2]*,5.927e-05,3960,-0.0
1006.8728,97945.1664,2.0,4s2.4p5.(2P*<1/2>).5p 2[3/2],107876.908,3.0,4s2.4p5.(2P*<3/2>).6d 2[7/2]*,0.04508,4.237e+05,-0.12
1008.0464,97085.193,1.0,4s2.4p5.(2P*<3/2>).4d 2[1/2]*,107005.371,1.0,4s2.4p5.(2P*<3/2>).7p 2[1/2],0.0006611,1.446e+04,0.0
1012.3781,97919.1468,1.0,4s2.4p5.(2P*<1/2>).5p 2[1/2],107796.879,2.0,4s2.4p5.(2P*<3/2>).6d 2[3/2]*,0.06162,8.021e+05,0.13
1015.0519,97945.1664,2.0,4s2.4p5.(2P*<1/2>).5p 2[3/2],107796.879,2.0,4s2.4p5.(2P*<3/2>).6d 2[3/2]*,0.03749,4.854e+05,-0.23
1023.7126,103761.6336,0.0,4s2.4p5.(2P*<3/2>).6p 2[1/2],113530.0,1.0,4s2.4p5.(2P*<1/2>).6d 2[3/2]*,0.02461,5.222e+05,-0.07
1024.9050,97919.1468,1.0,4s2.4p5.(2P*<1/2>).5p 2[1/2],107676.1489,1.0,4s2.4p5.(2P*<3/2>).6d 2[1/2]*,0.002198,4.653e+04,-0.01
1027.6455,97945.1664,2.0,4s2.4p5.(2P*<1/2>).5p 2[3/2],107676.1489,1.0,4s2.4p5.(2P*<3/2>).6d 2[1/2]*,0.007098,1.494e+05,-0.05
1029.9796,94092.8626,0.0,4s2.4p5.(2P*<3/2>).5p 2[1/2],103801.7929,1.0,4s2.4p5.(2P*<3/2>).5d 2[1/2]*,0.003872,8.114e+04,-0.0
1030.8917,98867.429,2.0,4s2.4p5.(2P*<3/2>).4d 2[5/2]*,108567.7689,2.0,4s2.4p5.(2P*<1/2>).6p 2[3/2],4.725e-05,593.1,0.0
1032.5832,97919.1468,1.0,4s2.4p5.(2P*<1/2>).5p 2[1/2],107603.5969,0.0,4s2.4p5.(2P*<3/2>).6d 2[1/2]*,0.01354,8.471e+05,-0.12
1036.3176,98867.429,2.0,4s2.4p5.(2P*<3/2>).4d 2[5/2]*,108516.98,3.0,4s2.4p5.(2P*<3/2>).5f 2[7/2],0.6886,6.109e+06,-0.42
1036.6182,98867.429,2.0,4s2.4p5.(2P*<3/2>).4d 2[5/2]*,108514.1824,1.0,4s2.4p5.(2P*<1/2>).6p 2[1/2],1.066e-05,220.7,0.0
1037.7274,98867.429,2.0,4s2.4p5.(2P*<3/2>).4d 2[5/2]*,108503.871,2.0,4s2.4p5.(2P*<3/2>).5f 2[5/2],0.1366,1.693e+06,0.39
1037.7956,98867.429,2.0,4s2.4p5.(2P*<3/2>).4d 2[5/2]*,108503.238,3.0,4s2.4p5.(2P*<3/2>).5f 2[5/2],0.009921,8.778e+04,-0.01
1040.2231,98867.429,2.0,4s2.4p5.(2P*<3/2>).4d 2[5/2]*,108480.751,1.0,4s2.4p5.(2P*<3/2>).5f 2[3/2],0.006301,1.295e+05,0.05
1041.2655,98867.429,2.0,4s2.4p5.(2P*<3/2>).4d 2[5/2]*,108471.1277,2.0,4s2.4p5.(2P*<3/2>).5f 2[3/2],0.0007225,8890,0.0
1044.8413,98867.429,2.0,4s2.4p5.(2P*<3/2>).4d 2[5/2]*,108438.2603,1.0,4s2.4p5.(2P*<1/2>).6p 2[3/2],2.516e-05,512.3,0.0
1046.1445,97687.779,2.0,4s2.4p5.(2P*<3/2>).4d 2[3/2]*,107246.688,2.0,4s2.4p5.(2P*<3/2>).7p 2[3/2],0.06615,8.063e+05,-0.12
1048.9268,97687.779,2.0,4s2.4p5.(2P*<3/2>).4d 2[3/2]*,107221.333,1.0,4s2.4p5.(2P*<3/2>).7p 2[3/2],0.007353,1.486e+05,0.05
1053.9183,99079.367,3.0,4s2.4p5.(2P*<3/2>).4d 2[5/2]*,108567.7689,2.0,4s2.4p5.(2P*<1/2>).6p 2[3/2],4.772e-06,57.31,-0.0
1057.8214,97687.779,2.0,4s2.4p5.(2P*<3/2>).4d 2[3/2]*,107141.171,3.0,4s2.4p5.(2P*<3/2>).7p 2[5/2],0.03241,2.76e+05,-0.2
1057.8629,97687.779,2.0,4s2.4p5.(2P*<3/2>).4d 2[3/2]*,107140.8,2.0,4s2.4p5.(2P*<3/2>).7p 2[5/2],0.00251,2.993e+04,0.05
1059.5900,99079.367,3.0,4s2.4p5.(2P*<3/2>).4d 2[5/2]*,108516.98,4.0,4s2.4p5.(2P*<3/2>).5f 2[7/2],1.003,6.623e+06,-0.62
1059.5900,99079.367,3.0,4s2.4p5.(2P*<3/2>).4d 2[5/2]*,108516.98,3.0,4s2.4p5.(2P*<3/2>).5f 2[7/2],0.003129,2.656e+04,0.02
1061.0638,99079.367,3.0,4s2.4p5.(2P*<3/2>).4d 2[5/2]*,108503.871,2.0,4s2.4p5.(2P*<3/2>).5f 2[5/2],0.005297,6.276e+04,-0.2
1061.1351,99079.367,3.0,4s2.4p5.(2P*<3/2>).4d 2[5/2]*,108503.238,3.0,4s2.4p5.(2P*<3/2>).5f 2[5/2],0.1986,1.681e+06,-0.49
1062.9577,99079.367,3.0,4s2.4p5.(2P*<3/2>).4d 2[5/2]*,108487.079,4.0,4s2.4p5.(2P*<3/2>).5f 2[9/2],0.1488,9.764e+05,-0.32
1063.4129,98855.0698,0.0,4s2.4p5.(2P*<1/2>).5p 2[1/2],108258.7553,1.0,4s2.4p5.(2P*<3/2>).6d 2[3/2]*,0.004702,9.245e+04,-0.01
1064.7631,99079.367,3.0,4s2.4p5.(2P*<3/2>).4d 2[5/2]*,108471.1277,2.0,4s2.4p5.(2P*<3/2>).5f 2[3/2],0.009232,1.086e+05,0.13
1070.2188,97797.287,4.0,4s2.4p5.(2P*<3/2>).4d 2[7/2]*,107141.171,3.0,4s2.4p5.(2P*<3/2>).7p 2[5/2],0.04151,3.453e+05,0.07
1073.2387,97687.779,2.0,4s2.4p5.(2P*<3/2>).4d 2[3/2]*,107005.371,1.0,4s2.4p5.(2P*<3/2>).7p 2[1/2],0.001969,3.801e+04,-0.0
1077.8811,103266.339,2.0,4s2.4p5.(2P*<1/2>).4d 2[3/2]*,112543.8,2.0,4s2.4p5.(2P*<1/2>).7p 2[3/2],0.0008691,9980,0.0
1084.1329,103266.339,2.0,4s2.4p5.(2P*<1/2>).4d 2[3/2]*,112490.3,1.0,4s2.4p5.(2P*<1/2>).7p 2[3/2],0.00688,1.301e+05,0.01
1087.7899,96771.494,0.0,4s2.4p5.(2P*<3/2>).4d 2[1/2]*,105964.446,1.0,4s2.4p5.(2P*<3/2>).4f 2[3/2],0.4197,7.887e+06,-0.32
1089.8758,99646.212,1.0,4s2.4p5.(2P*<3/2>).4d 2[3/2]*,108821.569,0.0,4s2.4p5.(2P*<1/2>).6p 2[1/2],0.0186,1.045e+06,0.01
1098.7671,103442.69,2.0,4s2.4p5.(2P*<1/2>).4d 2[5/2]*,112543.8,2.0,4s2.4p5.(2P*<1/2>).7p 2[3/2],4.747e-05,524.6,0.0
1104.3122,103442.69,2.0,4s2.4p5.(2P*<1/2>).4d 2[5/2]*,112498.1,1.0,4s2.4p5.(2P*<1/2>).7p 2[1/2],0.0001464,2669,0.0
1105.2643,103442.69,2.0,4s2.4p5.(2P*<1/2>).4d 2[5/2]*,112490.3,1.0,4s2.4p5.(2P*<1/2>).7p 2[3/2],8.547e-06,155.6,-0.0
1108.5958,98226.268,3.0,4s2.4p5.(2P*<3/2>).4d 2[7/2]*,107246.688,2.0,4s2.4p5.(2P*<3/2>).7p 2[3/2],0.002531,2.748e+04,-0.02
1118.4573,99626.882,2.0,4s2.4p5.(2P*<3/2>).6s 2[3/2]*,108567.7689,2.0,4s2.4p5.(2P*<1/2>).6p 2[3/2],0.0004499,4798,-0.0
1119.0171,97085.193,1.0,4s2.4p5.(2P*<3/2>).4d 2[1/2]*,106021.607,2.0,4s2.4p5.(2P*<3/2>).4f 2[5/2],0.1381,1.471e+06,0.12
1120.1318,99894.0485,1.0,4s2.4p5.(2P*<3/2>).6s 2[3/2]*,108821.569,0.0,4s2.4p5.(2P*<1/2>).6p 2[1/2],0.0002279,1.212e+04,0.0
1120.8806,99646.212,1.0,4s2.4p5.(2P*<3/2>).4d 2[3/2]*,108567.7689,2.0,4s2.4p5.(2P*<1/2>).6p 2[3/2],0.009949,1.056e+05,-0.02
1121.7172,98226.268,3.0,4s2.4p5.(2P*<3/2>).4d 2[7/2]*,107141.171,3.0,4s2.4p5.(2P*<3/2>).7p 2[5/2],0.00595,4.506e+04,0.1
1121.7639,98226.268,3.0,4s2.4p5.(2P*<3/2>).4d 2[7/2]*,107140.8,2.0,4s2.4p5.(2P*<3/2>).7p 2[5/2],0.04051,4.295e+05,0.16
1125.2011,99626.882,2.0,4s2.4p5.(2P*<3/2>).6s 2[3/2]*,108514.1824,1.0,4s2.4p5.(2P*<1/2>).6p 2[1/2],0.00545,9.571e+04,0.0
1126.0793,97085.193,1.0,4s2.4p5.(2P*<3/2>).4d 2[1/2]*,105965.562,2.0,4s2.4p5.(2P*<3/2>).4f 2[3/2],0.7811,8.218e+06,-0.32
1126.2209,97085.193,1.0,4s2.4p5.(2P*<3/2>).4d 2[1/2]*,105964.446,1.0,4s2.4p5.(2P*<3/2>).4f 2[3/2],0.3959,6.941e+06,0.36
1126.5081,99626.882,2.0,4s2.4p5.(2P*<3/2>).6s 2[3/2]*,108503.871,2.0,4s2.4p5.(2P*<3/2>).5f 2[5/2],0.003807,4.002e+04,0.14
1126.5884,99626.882,2.0,4s2.4p5.(2P*<3/2>).6s 2[3/2]*,108503.238,3.0,4s2.4p5.(2P*<3/2>).5f 2[5/2],0.05267,3.954e+05,0.27
1127.6537,99646.212,1.0,4s2.4p5.(2P*<3/2>).4d 2[3/2]*,108514.1824,1.0,4s2.4p5.(2P*<1/2>).6p 2[1/2],0.00335,5.858e+04,0.0
1127.8398,103801.7929,1.0,4s2.4p5.(2P*<3/2>).5d 2[1/2]*,112668.3,0.0,4s2.4p5.(2P*<1/2>).7p 2[1/2],0.2238,1.174e+07,-0.08
1128.9665,99646.212,1.0,4s2.4p5.(2P*<3/2>).4d 2[3/2]*,108503.871,2.0,4s2.4p5.(2P*<3/2>).5f 2[5/2],0.8114,8.493e+06,0.31
1129.4497,99626.882,2.0,4s2.4p5.(2P*<3/2>).6s 2[3/2]*,108480.751,1.0,4s2.4p5.(2P*<3/2>).5f 2[3/2],0.001319,2.3e+04,0.02
1130.6787,99626.882,2.0,4s2.4p5.(2P*<3/2>).6s 2[3/2]*,108471.1277,2.0,4s2.4p5.(2P*<3/2>).5f 2[3/2],0.013,1.356e+05,-0.08
1130.9197,103701.439,3.0,4s2.4p5.(2P*<1/2>).4d 2[5/2]*,112543.8,2.0,4s2.4p5.(2P*<1/2>).7p 2[3/2],0.03713,3.873e+05,-0.02
1131.9210,99646.212,1.0,4s2.4p5.(2P*<3/2>).4d 2[3/2]*,108480.751,1.0,4s2.4p5.(2P*<3/2>).5f 2[3/2],0.01151,1.998e+05,0.07
1133.1553,99646.212,1.0,4s2.4p5.(2P*<3/2>).4d 2[3/2]*,108471.1277,2.0,4s2.4p5.(2P*<3/2>).5f 2[3/2],0.6615,6.873e+06,0.39
1133.6481,98855.0698,0.0,4s2.4p5.(2P*<1/2>).5p 2[1/2],107676.1489,1.0,4s2.4p5.(2P*<3/2>).6d 2[1/2]*,0.02907,5.029e+05,0.17
1134.8962,99626.882,2.0,4s2.4p5.(2P*<3/2>).6s 2[3/2]*,108438.2603,1.0,4s2.4p5.(2P*<1/2>).6p 2[3/2],0.0002194,3787,-0.0
1137.3914,99646.212,1.0,4s2.4p5.(2P*<3/2>).4d 2[3/2]*,108438.2603,1.0,4s2.4p5.(2P*<1/2>).6p 2[3/2],0.01236,2.124e+05,-0.02
1143.9021,103801.7929,1.0,4s2.4p5.(2P*<3/2>).5d 2[1/2]*,112543.8,2.0,4s2.4p5.(2P*<1/2>).7p 2[3/2],0.0009406,9590,0.0
1146.0617,91168.515,1.0,4s2.4p5.(2P*<3/2>).5p 2[1/2],99894.0485,1.0,4s2.4p5.(2P*<3/2>).6s 2[3/2]*,0.1206,2.041e+06,0.24
1149.9134,103801.7929,1.0,4s2.4p5.(2P*<3/2>).5d 2[1/2]*,112498.1,1.0,4s2.4p5.(2P*<1/2>).7p 2[1/2],0.1234,2.074e+06,-0.04
1150.9457,103801.7929,1.0,4s2.4p5.(2P*<3/2>).5d 2[1/2]*,112490.3,1.0,4s2.4p5.(2P*<1/2>).7p 2[3/2],0.06393,1.073e+06,0.07
1152.9078,99894.0485,1.0,4s2.4p5.(2P*<3/2>).6s 2[3/2]*,108567.7689,2.0,4s2.4p5.(2P*<1/2>).6p 2[3/2],0.02738,2.748e+05,-0.0
1160.0748,99894.0485,1.0,4s2.4p5.(2P*<3/2>).6s 2[3/2]*,108514.1824,1.0,4s2.4p5.(2P*<1/2>).6p 2[1/2],0.001382,2.284e+04,-0.0
1161.4641,99894.0485,1.0,4s2.4p5.(2P*<3/2>).6s 2[3/2]*,108503.871,2.0,4s2.4p5.(2P*<3/2>).5f 2[5/2],0.005892,5.827e+04,0.07
1164.5914,99894.0485,1.0,4s2.4p5.(2P*<3/2>).6s 2[3/2]*,108480.751,1.0,4s2.4p5.(2P*<3/2>).5f 2[3/2],0.001162,1.905e+04,-0.0
1165.8981,99894.0485,1.0,4s2.4p5.(2P*<3/2>).6s 2[3/2]*,108471.1277,2.0,4s2.4p5.(2P*<3/2>).5f 2[3/2],0.03031,2.974e+05,0.09
1170.3830,99894.0485,1.0,4s2.4p5.(2P*<3/2>).6s 2[3/2]*,108438.2603,1.0,4s2.4p5.(2P*<1/2>).6p 2[3/2],0.002176,3.532e+04,0.0
1179.5656,91168.515,1.0,4s2.4p5.(2P*<3/2>).5p 2[1/2],99646.212,1.0,4s2.4p5.(2P*<3/2>).4d 2[3/2]*,0.003133,5.006e+04,-0.02
1182.2613,91168.515,1.0,4s2.4p5.(2P*<3/2>).5p 2[1/2],99626.882,2.0,4s2.4p5.(2P*<3/2>).6s 2[3/2]*,0.7408,7.07e+06,0.58
1186.9959,104073.471,0.0,4s2.4p5.(2P*<3/2>).5d 2[1/2]*,112498.1,1.0,4s2.4p5.(2P*<1/2>).7p 2[1/2],0.003978,6.278e+04,-0.0
1188.0959,104073.471,0.0,4s2.4p5.(2P*<3/2>).5d 2[1/2]*,112490.3,1.0,4s2.4p5.(2P*<1/2>).7p 2[3/2],0.01092,1.72e+05,-0.04
1193.4230,98867.429,2.0,4s2.4p5.(2P*<3/2>).4d 2[5/2]*,107246.688,2.0,4s2.4p5.(2P*<3/2>).7p 2[3/2],0.00307,2.875e+04,0.06
1196.2279,97687.779,2.0,4s2.4p5.(2P*<3/2>).4d 2[3/2]*,106047.39,3.0,4s2.4p5.(2P*<3/2>).4f 2[7/2],1.653,1.101e+07,-0.41
1197.0451,98867.429,2.0,4s2.4p5.(2P*<3/2>).4d 2[5/2]*,107221.333,1.0,4s2.4p5.(2P*<3/2>).7p 2[3/2],0.02883,4.474e+05,0.14
1199.9288,97687.779,2.0,4s2.4p5.(2P*<3/2>).4d 2[3/2]*,106021.607,2.0,4s2.4p5.(2P*<3/2>).4f 2[5/2],0.08113,7.517e+05,-0.18
1208.0529,97687.779,2.0,4s2.4p5.(2P*<3/2>).4d 2[3/2]*,105965.562,2.0,4s2.4p5.(2P*<3/2>).4f 2[3/2],0.4426,4.046e+06,0.47
1208.2158,97687.779,2.0,4s2.4p5.(2P*<3/2>).4d 2[3/2]*,105964.446,1.0,4s2.4p5.(2P*<3/2>).4f 2[3/2],0.04497,6.85e+05,-0.46
1208.6430,98867.429,2.0,4s2.4p5.(2P*<3/2>).4d 2[5/2]*,107141.171,3.0,4s2.4p5.(2P*<3/2>).7p 2[5/2],0.0007523,4908,-0.11
1208.6972,98867.429,2.0,4s2.4p5.(2P*<3/2>).4d 2[5/2]*,107140.8,2.0,4s2.4p5.(2P*<3/2>).7p 2[5/2],0.01095,1e+05,-0.15
1212.1061,97797.287,4.0,4s2.4p5.(2P*<3/2>).4d 2[7/2]*,106047.39,3.0,4s2.4p5.(2P*<3/2>).4f 2[7/2],0.01718,1.115e+05,-0.32
1212.1061,97797.287,4.0,4s2.4p5.(2P*<3/2>).4d 2[7/2]*,106047.39,4.0,4s2.4p5.(2P*<3/2>).4f 2[7/2],3.051e-05,153.9,0.0
1212.6860,85846.7046,1.0,4s2.4p5.(2P*<1/2>).5s 2[1/2]*,94092.8626,0.0,4s2.4p5.(2P*<3/2>).5p 2[1/2],0.004042,1.833e+05,-0.01
1216.0190,97797.287,4.0,4s2.4p5.(2P*<3/2>).4d 2[7/2]*,106020.843,3.0,4s2.4p5.(2P*<3/2>).4f 2[5/2],0.01255,8.09e+04,0.52
1220.7742,97797.287,4.0,4s2.4p5.(2P*<3/2>).4d 2[7/2]*,105988.81,4.0,4s2.4p5.(2P*<3/2>).4f 2[9/2],0.5261,2.616e+06,-0.53
1220.7742,97797.287,4.0,4s2.4p5.(2P*<3/2>).4d 2[7/2]*,105988.81,5.0,4s2.4p5.(2P*<3/2>).4f 2[9/2],3.9,1.587e+07,-0.53
1221.7014,102887.1936,1.0,4s2.4p5.(2P*<3/2>).6p 2[1/2],111072.5,1.0,4s2.4p5.(2P*<1/2>).7s 2[1/2]*,0.002655,3.956e+04,0.0
1223.2736,97595.9153,1.0,4s2.4p5.(2P*<1/2>).5p 2[3/2],105770.7014,1.0,4s2.4p5.(2P*<3/2>).7s 2[3/2]*,0.02506,3.724e+05,0.11
1224.3189,102887.1936,1.0,4s2.4p5.(2P*<3/2>).6p 2[1/2],111055.0,0.0,4s2.4p5.(2P*<1/2>).7s 2[1/2]*,0.0009663,4.3e+04,0.0
1224.3917,99079.367,3.0,4s2.4p5.(2P*<3/2>).4d 2[5/2]*,107246.688,2.0,4s2.4p5.(2P*<3/2>).7p 2[3/2],0.04912,4.371e+05,0.18
1232.3131,103266.339,2.0,4s2.4p5.(2P*<1/2>).4d 2[3/2]*,111381.16,2.0,4s2.4p5.(2P*<1/2>).4f 2[5/2],0.1199,1.053e+06,-0.1
1232.7354,103266.339,2.0,4s2.4p5.(2P*<1/2>).4d 2[3/2]*,111378.38,3.0,4s2.4p5.(2P*<1/2>).4f 2[7/2],0.007613,4.774e+04,-0.0
1232.7354,103266.339,2.0,4s2.4p5.(2P*<1/2>).4d 2[3/2]*,111378.38,3.0,4s2.4p5.(2P*<1/2>).4f 2[7/2],2.201,1.38e+07,-0.29
1240.4172,99079.367,3.0,4s2.4p5.(2P*<3/2>).4d 2[5/2]*,107141.171,3.0,4s2.4p5.(2P*<3/2>).7p 2[5/2],0.01073,6.646e+04,-0.16
1240.4742,99079.367,3.0,4s2.4p5.(2P*<3/2>).4d 2[5/2]*,107140.8,2.0,4s2.4p5.(2P*<3/2>).7p 2[5/2],0.01662,1.441e+05,0.15
1241.8475,97595.9153,1.0,4s2.4p5.(2P*<1/2>).5p 2[3/2],105648.434,1.0,4s2.4p5.(2P*<3/2>).5d 2[3/2]*,0.0002488,3587,0.0
1241.9987,97595.9153,1.0,4s2.4p5.(2P*<1/2>).5p 2[3/2],105647.4536,2.0,4s2.4p5.(2P*<3/2>).7s 2[3/2]*,5.111e-05,442,-0.0
1257.6468,103121.1419,2.0,4s2.4p5.(2P*<3/2>).6p 2[5/2],111072.5,1.0,4s2.4p5.(2P*<1/2>).7s 2[1/2]*,0.0002954,4152,-0.0
1259.6886,103442.69,2.0,4s2.4p5.(2P*<1/2>).4d 2[5/2]*,111381.16,2.0,4s2.4p5.(2P*<1/2>).4f 2[5/2],0.1277,1.073e+06,0.06
1260.1299,103442.69,2.0,4s2.4p5.(2P*<1/2>).4d 2[5/2]*,111378.38,3.0,4s2.4p5.(2P*<1/2>).4f 2[7/2],1.581,9.486e+06,-0.13
1273.6331,97919.1468,1.0,4s2.4p5.(2P*<1/2>).5p 2[1/2],105770.7014,1.0,4s2.4p5.(2P*<3/2>).7s 2[3/2]*,0.02144,2.939e+05,-0.07
1274.5224,102887.1936,1.0,4s2.4p5.(2P*<3/2>).6p 2[1/2],110733.27,1.0,4s2.4p5.(2P*<1/2>).5d 2[3/2]*,0.06,8.213e+05,0.06
1277.8679,97945.1664,2.0,4s2.4p5.(2P*<1/2>).5p 2[3/2],105770.7014,1.0,4s2.4p5.(2P*<3/2>).7s 2[3/2]*,0.0659,8.973e+05,-0.16
1278.5889,98226.268,3.0,4s2.4p5.(2P*<3/2>).4d 2[7/2]*,106047.39,3.0,4s2.4p5.(2P*<3/2>).4f 2[7/2],0.05565,3.244e+05,0.12
1278.5889,98226.268,3.0,4s2.4p5.(2P*<3/2>).4d 2[7/2]*,106047.39,4.0,4s2.4p5.(2P*<3/2>).4f 2[7/2],1.266,5.739e+06,-0.3
1282.8178,98226.268,3.0,4s2.4p5.(2P*<3/2>).4d 2[7/2]*,106021.607,2.0,4s2.4p5.(2P*<3/2>).4f 2[5/2],0.004203,3.407e+04,-0.09
1282.9436,98226.268,3.0,4s2.4p5.(2P*<3/2>).4d 2[7/2]*,106020.843,3.0,4s2.4p5.(2P*<3/2>).4f 2[5/2],0.4699,2.721e+06,-0.69
1285.1843,104887.315,1.0,4s2.4p5.(2P*<1/2>).4d 2[3/2]*,112668.3,0.0,4s2.4p5.(2P*<1/2>).7p 2[1/2],0.1882,7.6e+06,0.08
1286.5414,85191.6166,0.0,4s2.4p5.(2P*<1/2>).5s 2[1/2]*,92964.3943,1.0,4s2.4p5.(2P*<3/2>).5p 2[3/2],0.006493,8.722e+04,0.02
1287.9682,99646.212,1.0,4s2.4p5.(2P*<3/2>).4d 2[3/2]*,107410.379,0.0,4s2.4p5.(2P*<3/2>).7p 2[1/2],0.1844,7.414e+06,0.19
1288.2378,98226.268,3.0,4s2.4p5.(2P*<3/2>).4d 2[7/2]*,105988.81,4.0,4s2.4p5.(2P*<3/2>).4f 2[9/2],1.26,5.625e+06,0.48
1288.8213,103313.4726,1.0,4s2.4p5.(2P*<3/2>).6p 2[3/2],111072.5,1.0,4s2.4p5.(2P*<1/2>).7s 2[1/2]*,0.001569,2.1e+04,0.0
1291.7348,103313.4726,1.0,4s2.4p5.(2P*<3/2>).6p 2[3/2],111055.0,0.0,4s2.4p5.(2P*<1/2>).7s 2[1/2]*,0.0001171,4682,-0.0
1292.1075,98226.268,3.0,4s2.4p5.(2P*<3/2>).4d 2[7/2]*,105965.562,2.0,4s2.4p5.(2P*<3/2>).4f 2[3/2],0.02811,2.246e+05,-0.44
1293.7804,97919.1468,1.0,4s2.4p5.(2P*<1/2>).5p 2[1/2],105648.434,1.0,4s2.4p5.(2P*<3/2>).5d 2[3/2]*,0.0002865,3805,0.0
1293.9445,97919.1468,1.0,4s2.4p5.(2P*<1/2>).5p 2[1/2],105647.4536,2.0,4s2.4p5.(2P*<3/2>).7s 2[3/2]*,0.007617,6.069e+04,0.03
1297.0358,103362.6124,2.0,4s2.4p5.(2P*<3/2>).6p 2[3/2],111072.5,1.0,4s2.4p5.(2P*<1/2>).7s 2[1/2]*,0.001257,1.661e+04,-0.0
1298.1504,97945.1664,2.0,4s2.4p5.(2P*<1/2>).5p 2[3/2],105648.434,1.0,4s2.4p5.(2P*<3/2>).5d 2[3/2]*,0.001523,2.01e+04,-0.02
1298.3156,97945.1664,2.0,4s2.4p5.(2P*<1/2>).5p 2[3/2],105647.4536,2.0,4s2.4p5.(2P*<3/2>).7s 2[3/2]*,0.0005773,4569,-0.0
1298.8845,91168.515,1.0,4s2.4p5.(2P*<3/2>).5p 2[1/2],98867.429,2.0,4s2.4p5.(2P*<3/2>).4d 2[5/2]*,0.004741,3.749e+04,0.03
1302.1306,103701.439,3.0,4s2.4p5.(2P*<1/2>).4d 2[5/2]*,111381.16,2.0,4s2.4p5.(2P*<1/2>).4f 2[5/2],0.007746,6.094e+04,-0.05
1302.6022,103701.439,3.0,4s2.4p5.(2P*<1/2>).4d 2[5/2]*,111378.38,3.0,4s2.4p5.(2P*<1/2>).4f 2[7/2],0.1624,9.118e+05,0.1
1302.6022,103701.439,3.0,4s2.4p5.(2P*<1/2>).4d 2[5/2]*,111378.38,3.0,4s2.4p5.(2P*<1/2>).4f 2[7/2],0.1201,6.744e+05,-0.1
1302.6836,103701.439,3.0,4s2.4p5.(2P*<1/2>).4d 2[5/2]*,111377.9,4.0,4s2.4p5.(2P*<1/2>).4f 2[7/2],3.284,1.434e+07,-0.59
1306.0824,104887.315,1.0,4s2.4p5.(2P*<1/2>).4d 2[3/2]*,112543.8,2.0,4s2.4p5.(2P*<1/2>).7p 2[3/2],0.03234,2.529e+05,-0.05
1311.0764,104916.4792,3.0,4s2.4p5.(2P*<3/2>).5d 2[7/2]*,112543.8,2.0,4s2.4p5.(2P*<1/2>).7p 2[3/2],0.02032,1.577e+05,-0.0
1312.3694,99626.882,2.0,4s2.4p5.(2P*<3/2>).6s 2[3/2]*,107246.688,2.0,4s2.4p5.(2P*<3/2>).7p 2[3/2],0.05013,3.883e+05,-0.23
1313.6931,103121.1419,2.0,4s2.4p5.(2P*<3/2>).6p 2[5/2],110733.27,1.0,4s2.4p5.(2P*<1/2>).5d 2[3/2]*,0.01816,2.34e+05,-0.04
1313.9249,104887.315,1.0,4s2.4p5.(2P*<1/2>).4d 2[3/2]*,112498.1,1.0,4s2.4p5.(2P*<1/2>).7p 2[1/2],0.03415,4.398e+05,0.01
1315.2729,104887.315,1.0,4s2.4p5.(2P*<1/2>).4d 2[3/2]*,112490.3,1.0,4s2.4p5.(2P*<1/2>).7p 2[3/2],0.01383,1.777e+05,-0.02
1315.7071,99646.212,1.0,4s2.4p5.(2P*<3/2>).4d 2[3/2]*,107246.688,2.0,4s2.4p5.(2P*<3/2>).7p 2[3/2],0.0005238,4037,0.02
1316.7509,99626.882,2.0,4s2.4p5.(2P*<3/2>).6s 2[3/2]*,107221.333,1.0,4s2.4p5.(2P*<3/2>).7p 2[3/2],0.005518,7.076e+04,0.12
1318.1014,92307.3786,2.0,4s2.4p5.(2P*<3/2>).5p 2[5/2],99894.0485,1.0,4s2.4p5.(2P*<3/2>).6s 2[3/2]*,0.6464,8.272e+06,0.58
1319.3714,103801.7929,1.0,4s2.4p5.(2P*<3/2>).5d 2[1/2]*,111381.16,2.0,4s2.4p5.(2P*<1/2>).4f 2[5/2],1.326,1.016e+07,0.16
1320.1109,99646.212,1.0,4s2.4p5.(2P*<3/2>).4d 2[3/2]*,107221.333,1.0,4s2.4p5.(2P*<3/2>).7p 2[3/2],0.07461,9.52e+05,-0.14
1321.4258,97595.9153,1.0,4s2.4p5.(2P*<1/2>).5p 2[3/2],105163.499,2.0,4s2.4p5.(2P*<3/2>).5d 2[5/2]*,0.07373,5.633e+05,-0.15
1321.7803,105964.446,1.0,4s2.4p5.(2P*<3/2>).4f 2[3/2],113530.0,1.0,4s2.4p5.(2P*<1/2>).6d 2[3/2]*,0.06089,7.749e+05,-0.33
1321.9753,105965.562,2.0,4s2.4p5.(2P*<3/2>).4f 2[3/2],113530.0,1.0,4s2.4p5.(2P*<1/2>).6d 2[3/2]*,0.1804,2.295e+06,0.2
1324.4306,97595.9153,1.0,4s2.4p5.(2P*<1/2>).5p 2[3/2],105146.33,1.0,4s2.4p5.(2P*<1/2>).6s 2[1/2]*,0.2677,3.393e+06,-0.42
1326.8662,105007.245,2.0,4s2.4p5.(2P*<3/2>).5d 2[3/2]*,112543.8,2.0,4s2.4p5.(2P*<1/2>).7p 2[3/2],0.002921,2.214e+04,0.0
1329.4390,105146.33,1.0,4s2.4p5.(2P*<1/2>).6s 2[1/2]*,112668.3,0.0,4s2.4p5.(2P*<1/2>).7p 2[1/2],0.01339,5.053e+05,0.01
1330.4364,99894.0485,1.0,4s2.4p5.(2P*<3/2>).6s 2[3/2]*,107410.379,0.0,4s2.4p5.(2P*<3/2>).7p 2[1/2],0.02185,8.232e+05,-0.08
1330.7979,99626.882,2.0,4s2.4p5.(2P*<3/2>).6s 2[3/2]*,107141.171,3.0,4s2.4p5.(2P*<3/2>).7p 2[5/2],0.07629,4.105e+05,-0.47
1330.8636,99626.882,2.0,4s2.4p5.(2P*<3/2>).6s 2[3/2]*,107140.8,2.0,4s2.4p5.(2P*<3/2>).7p 2[5/2],0.005631,4.241e+04,0.17
1331.8429,106021.607,2.0,4s2.4p5.(2P*<3/2>).4f 2[5/2],113530.0,1.0,4s2.4p5.(2P*<1/2>).6d 2[3/2]*,0.1791,2.245e+06,0.18
1334.1454,97595.9153,1.0,4s2.4p5.(2P*<1/2>).5p 2[3/2],105091.35,0.0,4s2.4p5.(2P*<1/2>).6s 2[1/2]*,0.2432,9.113e+06,0.61
1334.2962,99646.212,1.0,4s2.4p5.(2P*<3/2>).4d 2[3/2]*,107140.8,2.0,4s2.4p5.(2P*<3/2>).7p 2[5/2],0.01882,1.41e+05,0.28
1334.9611,105007.245,2.0,4s2.4p5.(2P*<3/2>).5d 2[3/2]*,112498.1,1.0,4s2.4p5.(2P*<1/2>).7p 2[1/2],0.01566,1.954e+05,-0.0
1336.3526,105007.245,2.0,4s2.4p5.(2P*<3/2>).5d 2[3/2]*,112490.3,1.0,4s2.4p5.(2P*<1/2>).7p 2[3/2],0.0003415,4252,-0.0
1347.7457,103313.4726,1.0,4s2.4p5.(2P*<3/2>).6p 2[3/2],110733.27,1.0,4s2.4p5.(2P*<1/2>).5d 2[3/2]*,0.4488,5.493e+06,0.14
1349.2855,97595.9153,1.0,4s2.4p5.(2P*<1/2>).5p 2[3/2],105007.245,2.0,4s2.4p5.(2P*<3/2>).5d 2[3/2]*,0.001008,7388,0.0
1350.1198,105091.35,0.0,4s2.4p5.(2P*<1/2>).6s 2[1/2]*,112498.1,1.0,4s2.4p5.(2P*<1/2>).7p 2[1/2],0.008676,1.058e+05,-0.04
1351.5431,105091.35,0.0,4s2.4p5.(2P*<1/2>).6s 2[1/2]*,112490.3,1.0,4s2.4p5.(2P*<1/2>).7p 2[3/2],0.01629,1.983e+05,-0.19
1351.8135,105146.33,1.0,4s2.4p5.(2P*<1/2>).6s 2[1/2]*,112543.8,2.0,4s2.4p5.(2P*<1/2>).7p 2[3/2],0.03491,2.549e+05,-0.02
1354.9583,105163.499,2.0,4s2.4p5.(2P*<3/2>).5d 2[5/2]*,112543.8,2.0,4s2.4p5.(2P*<1/2>).7p 2[3/2],3.051e-05,221.7,0.0
1355.2910,99626.882,2.0,4s2.4p5.(2P*<3/2>).6s 2[3/2]*,107005.371,1.0,4s2.4p5.(2P*<3/2>).7p 2[1/2],0.02343,2.836e+05,-0.08
1356.7310,103362.6124,2.0,4s2.4p5.(2P*<3/2>).6p 2[3/2],110733.27,1.0,4s2.4p5.(2P*<1/2>).5d 2[3/2]*,0.01179,1.424e+05,-0.04
1358.8509,99646.212,1.0,4s2.4p5.(2P*<3/2>).4d 2[3/2]*,107005.371,1.0,4s2.4p5.(2P*<3/2>).7p 2[1/2],0.003427,4.126e+04,-0.02
1360.0558,99894.0485,1.0,4s2.4p5.(2P*<3/2>).6s 2[3/2]*,107246.688,2.0,4s2.4p5.(2P*<3/2>).7p 2[3/2],0.003003,2.166e+04,-0.02
1360.2167,105146.33,1.0,4s2.4p5.(2P*<1/2>).6s 2[1/2]*,112498.1,1.0,4s2.4p5.(2P*<1/2>).7p 2[1/2],0.02749,3.304e+05,-0.02
1361.6613,105146.33,1.0,4s2.4p5.(2P*<1/2>).6s 2[1/2]*,112490.3,1.0,4s2.4p5.(2P*<1/2>).7p 2[3/2],0.01333,1.598e+05,0.02
1362.6144,92307.3786,2.0,4s2.4p5.(2P*<3/2>).5p 2[5/2],99646.212,1.0,4s2.4p5.(2P*<3/2>).4d 2[3/2]*,0.1389,1.663e+06,-0.71
1363.2663,105208.476,3.0,4s2.4p5.(2P*<3/2>).5d 2[5/2]*,112543.8,2.0,4s2.4p5.(2P*<1/2>).7p 2[3/2],0.0002599,1865,-0.0
1363.7949,92294.4012,3.0,4s2.4p5.(2P*<3/2>).5p 2[5/2],99626.882,2.0,4s2.4p5.(2P*<3/2>).6s 2[3/2]*,1.362,9.771e+06,0.85
1364.7621,99894.0485,1.0,4s2.4p5.(2P*<3/2>).6s 2[3/2]*,107221.333,1.0,4s2.4p5.(2P*<3/2>).7p 2[3/2],0.03615,4.316e+05,-0.25
1364.8521,105163.499,2.0,4s2.4p5.(2P*<3/2>).5d 2[5/2]*,112490.3,1.0,4s2.4p5.(2P*<1/2>).7p 2[3/2],0.00106,1.265e+04,0.0
1366.2129,92307.3786,2.0,4s2.4p5.(2P*<3/2>).5p 2[5/2],99626.882,2.0,4s2.4p5.(2P*<3/2>).6s 2[3/2]*,0.2102,1.502e+06,-0.45
1367.8269,103761.6336,0.0,4s2.4p5.(2P*<3/2>).6p 2[1/2],111072.5,1.0,4s2.4p5.(2P*<1/2>).7s 2[1/2]*,0.01218,1.448e+05,-0.01
1371.4788,97595.9153,1.0,4s2.4p5.(2P*<1/2>).5p 2[3/2],104887.315,1.0,4s2.4p5.(2P*<1/2>).4d 2[3/2]*,0.09202,1.088e+06,0.14
1374.2613,85846.7046,1.0,4s2.4p5.(2P*<1/2>).5s 2[1/2]*,93123.3409,2.0,4s2.4p5.(2P*<3/2>).5p 2[3/2],0.04621,3.264e+05,-0.06
1376.7828,97945.1664,2.0,4s2.4p5.(2P*<1/2>).5p 2[3/2],105208.476,3.0,4s2.4p5.(2P*<3/2>).5d 2[5/2]*,0.05921,2.976e+05,-0.11
1379.9286,99894.0485,1.0,4s2.4p5.(2P*<3/2>).6s 2[3/2]*,107140.8,2.0,4s2.4p5.(2P*<3/2>).7p 2[5/2],0.02272,1.592e+05,-0.15
1380.3857,97919.1468,1.0,4s2.4p5.(2P*<1/2>).5p 2[1/2],105163.499,2.0,4s2.4p5.(2P*<3/2>).5d 2[5/2]*,0.002142,1.5e+04,-0.01
1382.2077,102887.1936,1.0,4s2.4p5.(2P*<3/2>).6p 2[1/2],110121.9961,2.0,4s2.4p5.(2P*<1/2>).5d 2[5/2]*,0.01718,1.199e+05,0.0
1383.6649,97919.1468,1.0,4s2.4p5.(2P*<1/2>).5p 2[1/2],105146.33,1.0,4s2.4p5.(2P*<1/2>).6s 2[1/2]*,0.2826,3.282e+06,0.33
1385.3615,97945.1664,2.0,4s2.4p5.(2P*<1/2>).5p 2[3/2],105163.499,2.0,4s2.4p5.(2P*<3/2>).5d 2[5/2]*,0.004358,3.029e+04,-0.02
1385.8016,102887.1936,1.0,4s2.4p5.(2P*<3/2>).6p 2[1/2],110103.2339,2.0,4s2.4p5.(2P*<1/2>).5d 2[3/2]*,0.0008744,6074,0.0
1388.6645,97945.1664,2.0,4s2.4p5.(2P*<1/2>).5p 2[3/2],105146.33,1.0,4s2.4p5.(2P*<1/2>).6s 2[1/2]*,0.7901,9.11e+06,0.62
1392.7652,98867.429,2.0,4s2.4p5.(2P*<3/2>).4d 2[5/2]*,106047.39,3.0,4s2.4p5.(2P*<3/2>).4f 2[7/2],0.0369,1.813e+05,-0.03
1394.2717,97919.1468,1.0,4s2.4p5.(2P*<1/2>).5p 2[1/2],105091.35,0.0,4s2.4p5.(2P*<1/2>).6s 2[1/2]*,0.271,9.297e+06,0.58
1397.7846,98867.429,2.0,4s2.4p5.(2P*<3/2>).4d 2[5/2]*,106021.607,2.0,4s2.4p5.(2P*<3/2>).4f 2[5/2],0.2394,1.634e+06,-0.42
1397.9339,98867.429,2.0,4s2.4p5.(2P*<3/2>).4d 2[5/2]*,106020.843,3.0,4s2.4p5.(2P*<3/2>).4f 2[5/2],2.52,1.229e+07,-0.73
1404.1420,103115.6343,3.0,4s2.4p5.(2P*<3/2>).6p 2[5/2],110237.421,3.0,4s2.4p5.(2P*<1/2>).5d 2[5/2]*,0.07053,3.409e+05,0.02
1404.9503,85846.7046,1.0,4s2.4p5.(2P*<1/2>).5s 2[1/2]*,92964.3943,1.0,4s2.4p5.(2P*<3/2>).5p 2[3/2],0.01052,1.185e+05,-0.01
1405.2288,103121.1419,2.0,4s2.4p5.(2P*<3/2>).6p 2[5/2],110237.421,3.0,4s2.4p5.(2P*<1/2>).5d 2[5/2]*,0.1098,5.298e+05,0.01
1406.2082,99894.0485,1.0,4s2.4p5.(2P*<3/2>).6s 2[3/2]*,107005.371,1.0,4s2.4p5.(2P*<3/2>).7p 2[1/2],0.004578,5.147e+04,-0.02
1408.8212,98867.429,2.0,4s2.4p5.(2P*<3/2>).4d 2[5/2]*,105965.562,2.0,4s2.4p5.(2P*<3/2>).4f 2[3/2],0.2754,1.851e+06,-0.73
1409.0427,98867.429,2.0,4s2.4p5.(2P*<3/2>).4d 2[5/2]*,105964.446,1.0,4s2.4p5.(2P*<3/2>).4f 2[3/2],0.02333,2.612e+05,0.57
1410.8157,97919.1468,1.0,4s2.4p5.(2P*<1/2>).5p 2[1/2],105007.245,2.0,4s2.4p5.(2P*<3/2>).5d 2[3/2]*,0.2405,1.612e+06,0.17
1416.0137,97945.1664,2.0,4s2.4p5.(2P*<1/2>).5p 2[3/2],105007.245,2.0,4s2.4p5.(2P*<3/2>).5d 2[3/2]*,0.119,7.917e+05,-0.22
1424.5286,105648.434,1.0,4s2.4p5.(2P*<3/2>).5d 2[3/2]*,112668.3,0.0,4s2.4p5.(2P*<1/2>).7p 2[1/2],0.8163,2.683e+07,-0.13
1427.2743,103115.6343,3.0,4s2.4p5.(2P*<3/2>).6p 2[5/2],110121.9961,2.0,4s2.4p5.(2P*<1/2>).5d 2[5/2]*,0.004257,2.788e+04,0.01
1428.3971,103121.1419,2.0,4s2.4p5.(2P*<3/2>).6p 2[5/2],110121.9961,2.0,4s2.4p5.(2P*<1/2>).5d 2[5/2]*,0.003238,2.117e+04,0.0
1431.1066,103115.6343,3.0,4s2.4p5.(2P*<3/2>).6p 2[5/2],110103.2339,2.0,4s2.4p5.(2P*<1/2>).5d 2[3/2]*,0.003448,2.246e+04,0.02
1432.2355,103121.1419,2.0,4s2.4p5.(2P*<3/2>).6p 2[5/2],110103.2339,2.0,4s2.4p5.(2P*<1/2>).5d 2[3/2]*,0.05468,3.556e+05,0.02
1434.3835,103761.6336,0.0,4s2.4p5.(2P*<3/2>).6p 2[1/2],110733.27,1.0,4s2.4p5.(2P*<1/2>).5d 2[3/2]*,0.4459,4.819e+06,-0.09
1434.4501,97945.1664,2.0,4s2.4p5.(2P*<1/2>).5p 2[3/2],104916.4792,3.0,4s2.4p5.(2P*<3/2>).5d 2[7/2]*,0.1455,6.74e+05,0.21
1435.0974,97919.1468,1.0,4s2.4p5.(2P*<1/2>).5p 2[1/2],104887.315,1.0,4s2.4p5.(2P*<1/2>).4d 2[3/2]*,0.208,2.246e+06,-0.2
1435.1273,99079.367,3.0,4s2.4p5.(2P*<3/2>).4d 2[5/2]*,106047.39,3.0,4s2.4p5.(2P*<3/2>).4f 2[7/2],0.7335,3.394e+06,-0.9
1435.1273,99079.367,3.0,4s2.4p5.(2P*<3/2>).4d 2[5/2]*,106047.39,4.0,4s2.4p5.(2P*<3/2>).4f 2[7/2],1.001,3.603e+06,-0.41
1440.4573,99079.367,3.0,4s2.4p5.(2P*<3/2>).4d 2[5/2]*,106021.607,2.0,4s2.4p5.(2P*<3/2>).4f 2[5/2],0.00354,2.276e+04,-0.08
1440.4762,97945.1664,2.0,4s2.4p5.(2P*<1/2>).5p 2[3/2],104887.315,1.0,4s2.4p5.(2P*<1/2>).4d 2[3/2]*,0.09845,1.055e+06,0.26
1440.6158,99079.367,3.0,4s2.4p5.(2P*<3/2>).4d 2[5/2]*,106020.843,3.0,4s2.4p5.(2P*<3/2>).4f 2[5/2],0.01396,6.409e+04,0.04
1443.0735,92964.3943,1.0,4s2.4p5.(2P*<3/2>).5p 2[3/2],99894.0485,1.0,4s2.4p5.(2P*<3/2>).6s 2[3/2]*,0.6094,6.506e+06,0.82
1445.9995,98855.0698,0.0,4s2.4p5.(2P*<1/2>).5p 2[1/2],105770.7014,1.0,4s2.4p5.(2P*<3/2>).7s 2[3/2]*,0.006695,7.119e+04,0.02
1447.2947,99079.367,3.0,4s2.4p5.(2P*<3/2>).4d 2[5/2]*,105988.81,4.0,4s2.4p5.(2P*<3/2>).4f 2[9/2],1.985,7.024e+06,-0.83
1449.7799,105770.7014,1.0,4s2.4p5.(2P*<3/2>).7s 2[3/2]*,112668.3,0.0,4s2.4p5.(2P*<1/2>).7p 2[1/2],0.01261,4e+05,-0.0
1450.0432,105647.4536,2.0,4s2.4p5.(2P*<3/2>).7s 2[3/2]*,112543.8,2.0,4s2.4p5.(2P*<1/2>).7p 2[3/2],0.0007403,4697,0.0
1450.2493,105648.434,1.0,4s2.4p5.(2P*<3/2>).5d 2[3/2]*,112543.8,2.0,4s2.4p5.(2P*<1/2>).7p 2[3/2],0.03339,2.118e+05,0.04
1452.1808,99079.367,3.0,4s2.4p5.(2P*<3/2>).4d 2[5/2]*,105965.562,2.0,4s2.4p5.(2P*<3/2>).4f 2[3/2],0.05299,3.352e+05,0.78
1454.5860,103362.6124,2.0,4s2.4p5.(2P*<3/2>).6p 2[3/2],110237.421,3.0,4s2.4p5.(2P*<1/2>).5d 2[5/2]*,0.0368,1.657e+05,-0.0
1459.7163,105647.4536,2.0,4s2.4p5.(2P*<3/2>).7s 2[3/2]*,112498.1,1.0,4s2.4p5.(2P*<1/2>).7p 2[1/2],0.00371,3.871e+04,-0.0
1459.9252,105648.434,1.0,4s2.4p5.(2P*<3/2>).5d 2[3/2]*,112498.1,1.0,4s2.4p5.(2P*<1/2>).7p 2[1/2],0.3361,3.506e+06,-0.11
1461.3802,105647.4536,2.0,4s2.4p5.(2P*<3/2>).7s 2[3/2]*,112490.3,1.0,4s2.4p5.(2P*<1/2>).7p 2[3/2],7.798e-05,811.9,-0.0
1461.5896,105648.434,1.0,4s2.4p5.(2P*<3/2>).5d 2[3/2]*,112490.3,1.0,4s2.4p5.(2P*<1/2>).7p 2[3/2],0.1695,1.764e+06,0.08
1468.7472,103313.4726,1.0,4s2.4p5.(2P*<3/2>).6p 2[3/2],110121.9961,2.0,4s2.4p5.(2P*<1/2>).5d 2[5/2]*,0.01213,7.499e+04,0.0
1472.0247,98855.0698,0.0,4s2.4p5.(2P*<1/2>).5p 2[1/2],105648.434,1.0,4s2.4p5.(2P*<3/2>).5d 2[3/2]*,0.0001307,1341,0.0
1472.8058,103313.4726,1.0,4s2.4p5.(2P*<3/2>).6p 2[3/2],110103.2339,2.0,4s2.4p5.(2P*<1/2>).5d 2[3/2]*,0.0879,5.406e+05,-0.01
1473.8468,92294.4012,3.0,4s2.4p5.(2P*<3/2>).5p 2[5/2],99079.367,3.0,4s2.4p5.(2P*<3/2>).4d 2[5/2]*,0.56,2.457e+06,0.9
1476.4291,105770.7014,1.0,4s2.4p5.(2P*<3/2>).7s 2[3/2]*,112543.8,2.0,4s2.4p5.(2P*<1/2>).7p 2[3/2],0.0003166,1938,-0.0
1476.6712,92307.3786,2.0,4s2.4p5.(2P*<3/2>).5p 2[5/2],99079.367,3.0,4s2.4p5.(2P*<3/2>).4d 2[5/2]*,0.1953,8.534e+05,-0.12
1476.9505,93123.3409,2.0,4s2.4p5.(2P*<3/2>).5p 2[3/2],99894.0485,1.0,4s2.4p5.(2P*<3/2>).6s 2[3/2]*,0.1973,2.011e+06,0.31
1479.4248,103362.6124,2.0,4s2.4p5.(2P*<3/2>).6p 2[3/2],110121.9961,2.0,4s2.4p5.(2P*<1/2>).5d 2[5/2]*,0.08141,4.962e+05,-0.01
1481.9623,104630.57,4.0,4s2.4p5.(2P*<3/2>).5d 2[7/2]*,111378.38,3.0,4s2.4p5.(2P*<1/2>).4f 2[7/2],0.0005226,2268,-0.0
1483.5427,103362.6124,2.0,4s2.4p5.(2P*<3/2>).6p 2[3/2],110103.2339,2.0,4s2.4p5.(2P*<1/2>).5d 2[3/2]*,0.002674,1.621e+04,-0.0
1486.4587,105770.7014,1.0,4s2.4p5.(2P*<3/2>).7s 2[3/2]*,112498.1,1.0,4s2.4p5.(2P*<1/2>).7p 2[1/2],7.07e-05,711.5,0.0
1488.1841,105770.7014,1.0,4s2.4p5.(2P*<3/2>).7s 2[3/2]*,112490.3,1.0,4s2.4p5.(2P*<1/2>).7p 2[3/2],2.366e-05,237.5,-0.0
1496.5987,92964.3943,1.0,4s2.4p5.(2P*<3/2>).5p 2[3/2],99646.212,1.0,4s2.4p5.(2P*<3/2>).4d 2[3/2]*,0.4876,4.84e+06,0.59
1497.8041,97085.193,1.0,4s2.4p5.(2P*<3/2>).4d 2[1/2]*,103761.6336,0.0,4s2.4p5.(2P*<3/2>).6p 2[1/2],0.02084,6.195e+05,-0.07
1500.9409,92964.3943,1.0,4s2.4p5.(2P*<3/2>).5p 2[3/2],99626.882,2.0,4s2.4p5.(2P*<3/2>).6s 2[3/2]*,0.0333,1.972e+05,-0.1
1521.3689,92294.4012,3.0,4s2.4p5.(2P*<3/2>).5p 2[5/2],98867.429,2.0,4s2.4p5.(2P*<3/2>).4d 2[5/2]*,0.04085,2.354e+05,0.89
1524.3785,92307.3786,2.0,4s2.4p5.(2P*<3/2>).5p 2[5/2],98867.429,2.0,4s2.4p5.(2P*<3/2>).4d 2[5/2]*,0.6898,3.96e+06,0.93
1528.5895,96771.494,0.0,4s2.4p5.(2P*<3/2>).4d 2[1/2]*,103313.4726,1.0,4s2.4p5.(2P*<3/2>).6p 2[3/2],0.002443,2.324e+04,-0.02
1532.6542,107005.371,1.0,4s2.4p5.(2P*<3/2>).7p 2[1/2],113530.0,1.0,4s2.4p5.(2P*<1/2>).6d 2[3/2]*,0.8816,8.344e+06,0.53
1533.0672,93123.3409,2.0,4s2.4p5.(2P*<3/2>).5p 2[3/2],99646.212,1.0,4s2.4p5.(2P*<3/2>).4d 2[3/2]*,0.0004881,4617,-0.0
1533.9155,91168.515,1.0,4s2.4p5.(2P*<3/2>).5p 2[1/2],97687.779,2.0,4s2.4p5.(2P*<3/2>).4d 2[3/2]*,0.4887,2.771e+06,-0.22
1537.6239,93123.3409,2.0,4s2.4p5.(2P*<3/2>).5p 2[3/2],99626.882,2.0,4s2.4p5.(2P*<3/2>).6s 2[3/2]*,0.331,1.867e+06,0.3
1539.9197,104887.315,1.0,4s2.4p5.(2P*<1/2>).4d 2[3/2]*,111381.16,2.0,4s2.4p5.(2P*<1/2>).4f 2[5/2],0.8291,4.664e+06,-0.12
1543.7922,97595.9153,1.0,4s2.4p5.(2P*<1/2>).5p 2[3/2],104073.471,0.0,4s2.4p5.(2P*<3/2>).5d 2[1/2]*,0.03626,1.015e+06,0.34
1546.8668,104916.4792,3.0,4s2.4p5.(2P*<3/2>).5d 2[7/2]*,111381.16,2.0,4s2.4p5.(2P*<1/2>).4f 2[5/2],0.001918,1.069e+04,-0.01
1547.5323,104916.4792,3.0,4s2.4p5.(2P*<3/2>).5d 2[7/2]*,111378.38,3.0,4s2.4p5.(2P*<1/2>).4f 2[7/2],0.01953,7.771e+04,0.01
1547.5323,104916.4792,3.0,4s2.4p5.(2P*<3/2>).5d 2[7/2]*,111378.38,3.0,4s2.4p5.(2P*<1/2>).4f 2[7/2],0.008948,3.56e+04,-0.0
1547.6472,104916.4792,3.0,4s2.4p5.(2P*<3/2>).5d 2[7/2]*,111377.9,4.0,4s2.4p5.(2P*<1/2>).4f 2[7/2],4.422,1.368e+07,0.28
1547.8261,85846.7046,1.0,4s2.4p5.(2P*<1/2>).5s 2[1/2]*,92307.3786,2.0,4s2.4p5.(2P*<3/2>).5p 2[5/2],0.01216,6.773e+04,-0.01
1557.5092,99626.882,2.0,4s2.4p5.(2P*<3/2>).6s 2[3/2]*,106047.39,3.0,4s2.4p5.(2P*<3/2>).4f 2[7/2],0.1615,6.346e+05,0.62
1563.7889,99626.882,2.0,4s2.4p5.(2P*<3/2>).6s 2[3/2]*,106021.607,2.0,4s2.4p5.(2P*<3/2>).4f 2[5/2],0.007748,4.227e+04,0.21
1565.1412,107140.8,2.0,4s2.4p5.(2P*<3/2>).7p 2[5/2],113530.0,1.0,4s2.4p5.(2P*<1/2>).6d 2[3/2]*,0.3967,3.6e+06,0.72
1568.5303,99646.212,1.0,4s2.4p5.(2P*<3/2>).4d 2[3/2]*,106021.607,2.0,4s2.4p5.(2P*<3/2>).4f 2[5/2],2.463,1.336e+07,-0.72
1568.8945,105007.245,2.0,4s2.4p5.(2P*<3/2>).5d 2[3/2]*,111381.16,2.0,4s2.4p5.(2P*<1/2>).4f 2[5/2],0.06308,3.419e+05,-0.02
1569.5790,105007.245,2.0,4s2.4p5.(2P*<3/2>).5d 2[3/2]*,111378.38,3.0,4s2.4p5.(2P*<1/2>).4f 2[7/2],1.246,4.818e+06,0.07
1577.6155,99626.882,2.0,4s2.4p5.(2P*<3/2>).6s 2[3/2]*,105965.562,2.0,4s2.4p5.(2P*<3/2>).4f 2[3/2],0.04303,2.306e+05,-0.71
1577.8933,99626.882,2.0,4s2.4p5.(2P*<3/2>).6s 2[3/2]*,105964.446,1.0,4s2.4p5.(2P*<3/2>).4f 2[3/2],0.00436,3.894e+04,0.68
1582.4412,99646.212,1.0,4s2.4p5.(2P*<3/2>).4d 2[3/2]*,105965.562,2.0,4s2.4p5.(2P*<3/2>).4f 2[3/2],0.1297,6.911e+05,-0.23
1582.7207,99646.212,1.0,4s2.4p5.(2P*<3/2>).4d 2[3/2]*,105964.446,1.0,4s2.4p5.(2P*<3/2>).4f 2[3/2],0.06636,5.89e+05,0.61
1585.1209,107221.333,1.0,4s2.4p5.(2P*<3/2>).7p 2[3/2],113530.0,1.0,4s2.4p5.(2P*<1/2>).6d 2[3/2]*,3.581,3.168e+07,-0.78
1589.5067,98855.0698,0.0,4s2.4p5.(2P*<1/2>).5p 2[1/2],105146.33,1.0,4s2.4p5.(2P*<1/2>).6s 2[1/2]*,0.1832,1.613e+06,-0.41
1591.5173,107246.688,2.0,4s2.4p5.(2P*<3/2>).7p 2[3/2],113530.0,1.0,4s2.4p5.(2P*<1/2>).6d 2[3/2]*,0.6375,5.596e+06,-0.64
1593.0113,97085.193,1.0,4s2.4p5.(2P*<3/2>).4d 2[1/2]*,103362.6124,2.0,4s2.4p5.(2P*<3/2>).6p 2[3/2],0.04745,2.495e+05,-0.13
1603.8930,105146.33,1.0,4s2.4p5.(2P*<1/2>).6s 2[1/2]*,111381.16,2.0,4s2.4p5.(2P*<1/2>).4f 2[5/2],0.006746,3.498e+04,0.02
1605.5798,97085.193,1.0,4s2.4p5.(2P*<3/2>).4d 2[1/2]*,103313.4726,1.0,4s2.4p5.(2P*<3/2>).6p 2[3/2],0.01403,1.21e+05,-0.05
1608.3218,105163.499,2.0,4s2.4p5.(2P*<3/2>).5d 2[5/2]*,111381.16,2.0,4s2.4p5.(2P*<1/2>).4f 2[5/2],0.02265,1.168e+05,-0.01
1609.0413,105163.499,2.0,4s2.4p5.(2P*<3/2>).5d 2[5/2]*,111378.38,3.0,4s2.4p5.(2P*<1/2>).4f 2[7/2],0.002878,1.059e+04,-0.0
1609.0413,105163.499,2.0,4s2.4p5.(2P*<3/2>).5d 2[5/2]*,111378.38,3.0,4s2.4p5.(2P*<1/2>).4f 2[7/2],0.3981,1.465e+06,-0.03
1611.3756,97595.9153,1.0,4s2.4p5.(2P*<1/2>).5p 2[3/2],103801.7929,1.0,4s2.4p5.(2P*<3/2>).5d 2[1/2]*,0.1715,1.469e+06,-0.42
1620.0408,105208.476,3.0,4s2.4p5.(2P*<3/2>).5d 2[5/2]*,111381.16,2.0,4s2.4p5.(2P*<1/2>).4f 2[5/2],0.00253,1.286e+04,0.01
1620.7708,105208.476,3.0,4s2.4p5.(2P*<3/2>).5d 2[5/2]*,111378.38,3.0,4s2.4p5.(2P*<1/2>).4f 2[7/2],0.03982,1.444e+05,-0.01
1620.7708,105208.476,3.0,4s2.4p5.(2P*<3/2>).5d 2[5/2]*,111378.38,3.0,4s2.4p5.(2P*<1/2>).4f 2[7/2],0.01194,4.332e+04,0.01
1620.8969,105208.476,3.0,4s2.4p5.(2P*<3/2>).5d 2[5/2]*,111377.9,4.0,4s2.4p5.(2P*<1/2>).4f 2[7/2],3.676,1.037e+07,0.42
1624.8738,97919.1468,1.0,4s2.4p5.(2P*<1/2>).5p 2[1/2],104073.471,0.0,4s2.4p5.(2P*<3/2>).5d 2[1/2]*,0.001174,2.966e+04,0.0
1631.9714,99894.0485,1.0,4s2.4p5.(2P*<3/2>).6s 2[3/2]*,106021.607,2.0,4s2.4p5.(2P*<3/2>).4f 2[5/2],0.07372,3.693e+05,-0.67
1634.0881,107410.379,0.0,4s2.4p5.(2P*<3/2>).7p 2[1/2],113530.0,1.0,4s2.4p5.(2P*<1/2>).6d 2[3/2]*,2.205,1.836e+07,0.72
1635.1359,96771.494,0.0,4s2.4p5.(2P*<3/2>).4d 2[1/2]*,102887.1936,1.0,4s2.4p5.(2P*<3/2>).6p 2[1/2],0.03152,2.621e+05,0.08
1647.0358,99894.0485,1.0,4s2.4p5.(2P*<3/2>).6s 2[3/2]*,105965.562,2.0,4s2.4p5.(2P*<3/2>).4f 2[3/2],0.009374,4.61e+04,0.18
1647.3386,99894.0485,1.0,4s2.4p5.(2P*<3/2>).6s 2[3/2]*,105964.446,1.0,4s2.4p5.(2P*<3/2>).4f 2[3/2],0.004675,3.83e+04,-0.22
1656.7403,97085.193,1.0,4s2.4p5.(2P*<3/2>).4d 2[1/2]*,103121.1419,2.0,4s2.4p5.(2P*<3/2>).6p 2[5/2],0.005378,2.614e+04,-0.03
1657.7575,98855.0698,0.0,4s2.4p5.(2P*<1/2>).5p 2[1/2],104887.315,1.0,4s2.4p5.(2P*<1/2>).4d 2[3/2]*,0.6374,5.157e+06,-0.69
1673.1086,85191.6166,0.0,4s2.4p5.(2P*<1/2>).5s 2[1/2]*,91168.515,1.0,4s2.4p5.(2P*<3/2>).5p 2[1/2],0.0224,1.779e+05,-0.09
1678.9718,93123.3409,2.0,4s2.4p5.(2P*<3/2>).5p 2[3/2],99079.367,3.0,4s2.4p5.(2P*<3/2>).4d 2[5/2]*,2.161,7.304e+06,-0.88
1685.8099,92294.4012,3.0,4s2.4p5.(2P*<3/2>).5p 2[5/2],98226.268,3.0,4s2.4p5.(2P*<3/2>).4d 2[7/2]*,0.3753,1.258e+06,-0.91
1689.5061,92307.3786,2.0,4s2.4p5.(2P*<3/2>).5p 2[5/2],98226.268,3.0,4s2.4p5.(2P*<3/2>).4d 2[7/2]*,2.266,7.565e+06,-0.84
1690.1376,91168.515,1.0,4s2.4p5.(2P*<3/2>).5p 2[1/2],97085.193,1.0,4s2.4p5.(2P*<3/2>).4d 2[1/2]*,0.6346,4.94e+06,-0.55
1694.0439,92964.3943,1.0,4s2.4p5.(2P*<3/2>).5p 2[3/2],98867.429,2.0,4s2.4p5.(2P*<3/2>).4d 2[5/2]*,1.253,5.824e+06,-0.78
1699.9153,97919.1468,1.0,4s2.4p5.(2P*<1/2>).5p 2[1/2],103801.7929,1.0,4s2.4p5.(2P*<3/2>).5d 2[1/2]*,0.06066,4.667e+05,0.07
1707.4676,97945.1664,2.0,4s2.4p5.(2P*<1/2>).5p 2[3/2],103801.7929,1.0,4s2.4p5.(2P*<3/2>).5d 2[1/2]*,2.844e-05,216.9,0.0
1710.3447,97595.9153,1.0,4s2.4p5.(2P*<1/2>).5p 2[3/2],103442.69,2.0,4s2.4p5.(2P*<1/2>).4d 2[5/2]*,0.006433,2.934e+04,0.01
1723.5434,97085.193,1.0,4s2.4p5.(2P*<3/2>).4d 2[1/2]*,102887.1936,1.0,4s2.4p5.(2P*<3/2>).6p 2[1/2],0.0725,5.427e+05,0.08
1723.7855,94092.8626,0.0,4s2.4p5.(2P*<3/2>).5p 2[1/2],99894.0485,1.0,4s2.4p5.(2P*<3/2>).6s 2[3/2]*,0.1205,9.018e+05,0.28
1737.2353,97945.1664,2.0,4s2.4p5.(2P*<1/2>).5p 2[3/2],103701.439,3.0,4s2.4p5.(2P*<1/2>).4d 2[5/2]*,2.475,7.813e+06,0.84
1740.9204,93123.3409,2.0,4s2.4p5.(2P*<3/2>).5p 2[3/2],98867.429,2.0,4s2.4p5.(2P*<3/2>).4d 2[5/2]*,0.03873,1.705e+05,-0.11
1744.0726,105647.4536,2.0,4s2.4p5.(2P*<3/2>).7s 2[3/2]*,111381.16,2.0,4s2.4p5.(2P*<1/2>).4f 2[5/2],0.001766,7746,-0.03
1744.3708,105648.434,1.0,4s2.4p5.(2P*<3/2>).5d 2[3/2]*,111381.16,2.0,4s2.4p5.(2P*<1/2>).4f 2[5/2],0.1277,5.6e+05,0.01
1744.9186,105647.4536,2.0,4s2.4p5.(2P*<3/2>).7s 2[3/2]*,111378.38,3.0,4s2.4p5.(2P*<1/2>).4f 2[7/2],0.01669,5.223e+04,0.04
1762.1663,97687.779,2.0,4s2.4p5.(2P*<3/2>).4d 2[3/2]*,103362.6124,2.0,4s2.4p5.(2P*<3/2>).6p 2[3/2],0.4045,1.738e+06,-0.32
1763.5366,97595.9153,1.0,4s2.4p5.(2P*<1/2>).5p 2[3/2],103266.339,2.0,4s2.4p5.(2P*<1/2>).4d 2[3/2]*,1.511,6.483e+06,-0.83
1777.5586,97687.779,2.0,4s2.4p5.(2P*<3/2>).4d 2[3/2]*,103313.4726,1.0,4s2.4p5.(2P*<3/2>).6p 2[3/2],0.0534,3.757e+05,0.11
1784.7649,91168.515,1.0,4s2.4p5.(2P*<3/2>).5p 2[1/2],96771.494,0.0,4s2.4p5.(2P*<3/2>).4d 2[1/2]*,0.2588,5.42e+06,-0.59
1800.7151,94092.8626,0.0,4s2.4p5.(2P*<3/2>).5p 2[1/2],99646.212,1.0,4s2.4p5.(2P*<3/2>).4d 2[3/2]*,0.8084,5.543e+06,-0.89
1810.4321,97919.1468,1.0,4s2.4p5.(2P*<1/2>).5p 2[1/2],103442.69,2.0,4s2.4p5.(2P*<1/2>).4d 2[5/2]*,1.287,5.238e+06,-0.6
1817.2283,92294.4012,3.0,4s2.4p5.(2P*<3/2>).5p 2[5/2],97797.287,4.0,4s2.4p5.(2P*<3/2>).4d 2[7/2]*,3.096,6.949e+06,-0.9
1819.0008,97945.1664,2.0,4s2.4p5.(2P*<1/2>).5p 2[3/2],103442.69,2.0,4s2.4p5.(2P*<1/2>).4d 2[5/2]*,0.1443,5.816e+05,0.14
1840.4808,97687.779,2.0,4s2.4p5.(2P*<3/2>).4d 2[3/2]*,103121.1419,2.0,4s2.4p5.(2P*<3/2>).6p 2[5/2],0.05264,2.073e+05,0.14
1842.3483,97687.779,2.0,4s2.4p5.(2P*<3/2>).4d 2[3/2]*,103115.6343,3.0,4s2.4p5.(2P*<3/2>).6p 2[5/2],0.1083,3.039e+05,-0.17
1854.1256,92294.4012,3.0,4s2.4p5.(2P*<3/2>).5p 2[5/2],97687.779,2.0,4s2.4p5.(2P*<3/2>).4d 2[3/2]*,7.858e-05,304.9,0.0
1858.5977,92307.3786,2.0,4s2.4p5.(2P*<3/2>).5p 2[5/2],97687.779,2.0,4s2.4p5.(2P*<3/2>).4d 2[3/2]*,0.05669,2.189e+05,-0.13
1861.6560,102887.1936,1.0,4s2.4p5.(2P*<3/2>).6p 2[1/2],108258.7553,1.0,4s2.4p5.(2P*<3/2>).6d 2[3/2]*,0.001945,1.248e+04,0.0
1870.1404,97919.1468,1.0,4s2.4p5.(2P*<1/2>).5p 2[1/2],103266.339,2.0,4s2.4p5.(2P*<1/2>).4d 2[3/2]*,0.04559,1.739e+05,-0.08
1879.0598,85846.7046,1.0,4s2.4p5.(2P*<1/2>).5s 2[1/2]*,91168.515,1.0,4s2.4p5.(2P*<3/2>).5p 2[1/2],0.01745,1.099e+05,0.05
1879.2850,97945.1664,2.0,4s2.4p5.(2P*<1/2>).5p 2[3/2],103266.339,2.0,4s2.4p5.(2P*<1/2>).4d 2[3/2]*,0.1715,6.48e+05,-0.31
1880.2834,97797.287,4.0,4s2.4p5.(2P*<3/2>).4d 2[7/2]*,103115.6343,3.0,4s2.4p5.(2P*<3/2>).6p 2[5/2],0.5405,1.457e+06,0.34
1886.2835,103266.339,2.0,4s2.4p5.(2P*<1/2>).4d 2[3/2]*,108567.7689,2.0,4s2.4p5.(2P*<1/2>).6p 2[3/2],0.02708,1.015e+05,0.04
1904.5294,103266.339,2.0,4s2.4p5.(2P*<1/2>).4d 2[3/2]*,108516.98,3.0,4s2.4p5.(2P*<3/2>).5f 2[7/2],0.02119,5.567e+04,-0.01
1905.5447,103266.339,2.0,4s2.4p5.(2P*<1/2>).4d 2[3/2]*,108514.1824,1.0,4s2.4p5.(2P*<1/2>).6p 2[1/2],0.01183,7.246e+04,0.02
1909.2962,103266.339,2.0,4s2.4p5.(2P*<1/2>).4d 2[3/2]*,108503.871,2.0,4s2.4p5.(2P*<3/2>).5f 2[5/2],6.144e-05,224.8,0.0
1909.5270,103266.339,2.0,4s2.4p5.(2P*<1/2>).4d 2[3/2]*,108503.238,3.0,4s2.4p5.(2P*<3/2>).5f 2[5/2],1.609e-05,42.04,-0.0
1917.7618,103266.339,2.0,4s2.4p5.(2P*<1/2>).4d 2[3/2]*,108480.751,1.0,4s2.4p5.(2P*<3/2>).5f 2[3/2],0.01867,1.129e+05,0.11
1921.3076,103266.339,2.0,4s2.4p5.(2P*<1/2>).4d 2[3/2]*,108471.1277,2.0,4s2.4p5.(2P*<3/2>).5f 2[3/2],0.000577,2085,0.01
1923.2934,97687.779,2.0,4s2.4p5.(2P*<3/2>).4d 2[3/2]*,102887.1936,1.0,4s2.4p5.(2P*<3/2>).6p 2[1/2],0.005455,3.279e+04,0.0
1933.5174,103266.339,2.0,4s2.4p5.(2P*<1/2>).4d 2[3/2]*,108438.2603,1.0,4s2.4p5.(2P*<1/2>).6p 2[3/2],0.2175,1.293e+06,0.14
1946.4291,103121.1419,2.0,4s2.4p5.(2P*<3/2>).6p 2[5/2],108258.7553,1.0,4s2.4p5.(2P*<3/2>).6d 2[3/2]*,0.006368,3.737e+04,-0.02
1946.9099,98226.268,3.0,4s2.4p5.(2P*<3/2>).4d 2[7/2]*,103362.6124,2.0,4s2.4p5.(2P*<3/2>).6p 2[3/2],0.002385,8396,-0.01
1951.1895,103442.69,2.0,4s2.4p5.(2P*<1/2>).4d 2[5/2]*,108567.7689,2.0,4s2.4p5.(2P*<1/2>).6p 2[3/2],0.02091,7.328e+04,-0.01
1957.6927,105964.446,1.0,4s2.4p5.(2P*<3/2>).4f 2[3/2],111072.5,1.0,4s2.4p5.(2P*<1/2>).7s 2[1/2]*,0.0001163,674.6,0.04
1958.1205,105965.562,2.0,4s2.4p5.(2P*<3/2>).4f 2[3/2],111072.5,1.0,4s2.4p5.(2P*<1/2>).7s 2[1/2]*,0.0002134,1238,-0.02
1958.6363,102887.1936,1.0,4s2.4p5.(2P*<3/2>).6p 2[1/2],107992.7867,2.0,4s2.4p5.(2P*<3/2>).6d 2[5/2]*,0.0001375,478.3,0.0
1959.6596,93123.3409,2.0,4s2.4p5.(2P*<3/2>).5p 2[3/2],98226.268,3.0,4s2.4p5.(2P*<3/2>).4d 2[7/2]*,0.01245,3.09e+04,0.01
1963.9653,108438.2603,1.0,4s2.4p5.(2P*<1/2>).6p 2[3/2],113530.0,1.0,4s2.4p5.(2P*<1/2>).6d 2[3/2]*,0.2211,1.275e+06,-0.61
1964.4227,105964.446,1.0,4s2.4p5.(2P*<3/2>).4f 2[3/2],111055.0,0.0,4s2.4p5.(2P*<1/2>).7s 2[1/2]*,0.0002206,3813,-0.05
1971.8062,103442.69,2.0,4s2.4p5.(2P*<1/2>).4d 2[5/2]*,108514.1824,1.0,4s2.4p5.(2P*<1/2>).6p 2[1/2],0.1717,9.817e+05,0.04
1975.8234,103442.69,2.0,4s2.4p5.(2P*<1/2>).4d 2[5/2]*,108503.871,2.0,4s2.4p5.(2P*<3/2>).5f 2[5/2],0.005498,1.879e+04,0.01
1976.0706,103442.69,2.0,4s2.4p5.(2P*<1/2>).4d 2[5/2]*,108503.238,3.0,4s2.4p5.(2P*<3/2>).5f 2[5/2],0.06197,1.512e+05,0.02
1976.7251,108471.1277,2.0,4s2.4p5.(2P*<3/2>).5f 2[3/2],113530.0,1.0,4s2.4p5.(2P*<1/2>).6d 2[3/2]*,0.5093,2.898e+06,0.63
1979.8479,106021.607,2.0,4s2.4p5.(2P*<3/2>).4f 2[5/2],111072.5,1.0,4s2.4p5.(2P*<1/2>).7s 2[1/2]*,0.004393,2.492e+04,0.1
1980.4925,108480.751,1.0,4s2.4p5.(2P*<3/2>).5f 2[3/2],113530.0,1.0,4s2.4p5.(2P*<1/2>).6d 2[3/2]*,1.515,8.588e+06,0.6
1984.8906,103442.69,2.0,4s2.4p5.(2P*<1/2>).4d 2[5/2]*,108480.751,1.0,4s2.4p5.(2P*<3/2>).5f 2[3/2],0.0006237,3520,0.0
1988.6893,103442.69,2.0,4s2.4p5.(2P*<1/2>).4d 2[5/2]*,108471.1277,2.0,4s2.4p5.(2P*<3/2>).5f 2[3/2],0.008747,2.95e+04,-0.01
1989.6027,108503.871,2.0,4s2.4p5.(2P*<3/2>).5f 2[5/2],113530.0,1.0,4s2.4p5.(2P*<1/2>).6d 2[3/2]*,8.119,4.56e+07,0.49
1992.1207,103801.7929,1.0,4s2.4p5.(2P*<3/2>).5d 2[1/2]*,108821.569,0.0,4s2.4p5.(2P*<1/2>).6p 2[1/2],0.1229,2.065e+06,-0.05
2001.7735,103442.69,2.0,4s2.4p5.(2P*<1/2>).4d 2[5/2]*,108438.2603,1.0,4s2.4p5.(2P*<1/2>).6p 2[3/2],0.002243,1.245e+04,-0.0
2003.1445,107676.1489,1.0,4s2.4p5.(2P*<3/2>).6d 2[1/2]*,112668.3,0.0,4s2.4p5.(2P*<1/2>).7p 2[1/2],0.1518,2.523e+06,-0.05
2015.2225,108567.7689,2.0,4s2.4p5.(2P*<1/2>).6p 2[3/2],113530.0,1.0,4s2.4p5.(2P*<1/2>).6d 2[3/2]*,0.02094,1.147e+05,-0.39
2021.5403,98855.0698,0.0,4s2.4p5.(2P*<1/2>).5p 2[1/2],103801.7929,1.0,4s2.4p5.(2P*<3/2>).5d 2[1/2]*,0.1949,1.06e+06,0.37
2022.1291,103313.4726,1.0,4s2.4p5.(2P*<3/2>).6p 2[3/2],108258.7553,1.0,4s2.4p5.(2P*<3/2>).6d 2[3/2]*,0.08491,4.617e+05,0.07
2028.1195,103115.6343,3.0,4s2.4p5.(2P*<3/2>).6p 2[5/2],108046.3102,3.0,4s2.4p5.(2P*<3/2>).6d 2[5/2]*,0.005156,1.195e+04,0.03
2030.3875,103121.1419,2.0,4s2.4p5.(2P*<3/2>).6p 2[5/2],108046.3102,3.0,4s2.4p5.(2P*<3/2>).6d 2[5/2]*,0.008879,2.052e+04,0.01
2036.7904,102887.1936,1.0,4s2.4p5.(2P*<3/2>).6p 2[1/2],107796.879,2.0,4s2.4p5.(2P*<3/2>).6d 2[3/2]*,0.007512,2.416e+04,0.01
2042.4240,103362.6124,2.0,4s2.4p5.(2P*<3/2>).6p 2[3/2],108258.7553,1.0,4s2.4p5.(2P*<3/2>).6d 2[3/2]*,0.0002281,1216,-0.0
2042.9535,98226.268,3.0,4s2.4p5.(2P*<3/2>).4d 2[7/2]*,103121.1419,2.0,4s2.4p5.(2P*<3/2>).6p 2[5/2],0.4324,1.382e+06,0.49
2043.1083,107603.5969,0.0,4s2.4p5.(2P*<3/2>).6d 2[1/2]*,112498.1,1.0,4s2.4p5.(2P*<1/2>).7p 2[1/2],0.001693,9017,0.0
2045.2548,98226.268,3.0,4s2.4p5.(2P*<3/2>).4d 2[7/2]*,103115.6343,3.0,4s2.4p5.(2P*<3/2>).6p 2[5/2],0.07601,1.732e+05,0.53
2046.3695,107603.5969,0.0,4s2.4p5.(2P*<3/2>).6d 2[1/2]*,112490.3,1.0,4s2.4p5.(2P*<1/2>).7p 2[3/2],0.001278,6785,-0.0
2050.3768,103115.6343,3.0,4s2.4p5.(2P*<3/2>).6p 2[5/2],107992.7867,2.0,4s2.4p5.(2P*<3/2>).6d 2[5/2]*,0.0001195,379.1,0.01
2052.6948,103121.1419,2.0,4s2.4p5.(2P*<3/2>).6p 2[5/2],107992.7867,2.0,4s2.4p5.(2P*<3/2>).6d 2[5/2]*,0.003584,1.135e+04,0.01
2054.3790,107676.1489,1.0,4s2.4p5.(2P*<3/2>).6d 2[1/2]*,112543.8,2.0,4s2.4p5.(2P*<1/2>).7p 2[3/2],0.003052,9648,0.0
2054.9367,103701.439,3.0,4s2.4p5.(2P*<1/2>).4d 2[5/2]*,108567.7689,2.0,4s2.4p5.(2P*<1/2>).6p 2[3/2],0.4815,1.521e+06,-0.16
2073.8493,107676.1489,1.0,4s2.4p5.(2P*<3/2>).6d 2[1/2]*,112498.1,1.0,4s2.4p5.(2P*<1/2>).7p 2[1/2],0.05057,2.615e+05,-0.01
2076.6099,103701.439,3.0,4s2.4p5.(2P*<1/2>).4d 2[5/2]*,108516.98,4.0,4s2.4p5.(2P*<3/2>).5f 2[7/2],0.0002606,447.9,0.0
2076.6099,103701.439,3.0,4s2.4p5.(2P*<1/2>).4d 2[5/2]*,108516.98,3.0,4s2.4p5.(2P*<3/2>).5f 2[7/2],0.0007548,1668,-0.0
2077.2094,107676.1489,1.0,4s2.4p5.(2P*<3/2>).6d 2[1/2]*,112490.3,1.0,4s2.4p5.(2P*<1/2>).7p 2[3/2],0.05531,2.85e+05,0.05
2082.2783,103701.439,3.0,4s2.4p5.(2P*<1/2>).4d 2[5/2]*,108503.871,2.0,4s2.4p5.(2P*<3/2>).5f 2[5/2],1.194e-05,36.74,-0.0
2082.5528,103701.439,3.0,4s2.4p5.(2P*<1/2>).4d 2[5/2]*,108503.238,3.0,4s2.4p5.(2P*<3/2>).5f 2[5/2],0.0004603,1011,-0.0
2088.1381,102887.1936,1.0,4s2.4p5.(2P*<3/2>).6p 2[1/2],107676.1489,1.0,4s2.4p5.(2P*<3/2>).6d 2[1/2]*,0.03838,1.957e+05,0.08
2089.5847,103701.439,3.0,4s2.4p5.(2P*<1/2>).4d 2[5/2]*,108487.079,4.0,4s2.4p5.(2P*<3/2>).5f 2[9/2],0.0008083,1372,-0.0
2093.0072,92307.3786,2.0,4s2.4p5.(2P*<3/2>).5p 2[5/2],97085.193,1.0,4s2.4p5.(2P*<3/2>).4d 2[1/2]*,0.009086,4.612e+04,-0.05
2096.5729,103701.439,3.0,4s2.4p5.(2P*<1/2>).4d 2[5/2]*,108471.1277,2.0,4s2.4p5.(2P*<3/2>).5f 2[3/2],0.007703,2.338e+04,-0.08
2096.9530,105964.446,1.0,4s2.4p5.(2P*<3/2>).4f 2[3/2],110733.27,1.0,4s2.4p5.(2P*<1/2>).5d 2[3/2]*,3e-05,151.7,0.0
2097.4439,105965.562,2.0,4s2.4p5.(2P*<3/2>).4f 2[3/2],110733.27,1.0,4s2.4p5.(2P*<1/2>).5d 2[3/2]*,4.314e-05,218,-0.0
2098.2061,103801.7929,1.0,4s2.4p5.(2P*<3/2>).5d 2[1/2]*,108567.7689,2.0,4s2.4p5.(2P*<1/2>).6p 2[3/2],0.003388,1.027e+04,-0.0
2100.2783,103115.6343,3.0,4s2.4p5.(2P*<3/2>).6p 2[5/2],107876.908,3.0,4s2.4p5.(2P*<3/2>).6d 2[7/2]*,0.0009947,2149,-0.0
2102.7106,103121.1419,2.0,4s2.4p5.(2P*<3/2>).6p 2[5/2],107876.908,3.0,4s2.4p5.(2P*<3/2>).6d 2[7/2]*,0.04147,8.937e+04,0.01
2106.6287,107796.879,2.0,4s2.4p5.(2P*<3/2>).6d 2[3/2]*,112543.8,2.0,4s2.4p5.(2P*<1/2>).7p 2[3/2],0.9974,2.998e+06,0.26
2117.1259,92964.3943,1.0,4s2.4p5.(2P*<3/2>).5p 2[3/2],97687.779,2.0,4s2.4p5.(2P*<3/2>).4d 2[3/2]*,0.1383,4.116e+05,-0.22
2120.2597,102887.1936,1.0,4s2.4p5.(2P*<3/2>).6p 2[1/2],107603.5969,0.0,4s2.4p5.(2P*<3/2>).6d 2[1/2]*,0.02583,3.833e+05,0.13
2122.0657,103801.7929,1.0,4s2.4p5.(2P*<3/2>).5d 2[1/2]*,108514.1824,1.0,4s2.4p5.(2P*<1/2>).6p 2[1/2],0.1548,7.644e+05,-0.04
2122.3929,106021.607,2.0,4s2.4p5.(2P*<3/2>).4f 2[5/2],110733.27,1.0,4s2.4p5.(2P*<1/2>).5d 2[3/2]*,0.5815,2.87e+06,0.08
2123.8497,108821.569,0.0,4s2.4p5.(2P*<1/2>).6p 2[1/2],113530.0,1.0,4s2.4p5.(2P*<1/2>).6d 2[3/2]*,0.5688,2.804e+06,0.81
2126.7192,103801.7929,1.0,4s2.4p5.(2P*<3/2>).5d 2[1/2]*,108503.871,2.0,4s2.4p5.(2P*<3/2>).5f 2[5/2],0.00463,1.366e+04,0.0
2127.1070,107796.879,2.0,4s2.4p5.(2P*<3/2>).6d 2[3/2]*,112498.1,1.0,4s2.4p5.(2P*<1/2>).7p 2[1/2],4.732,2.325e+07,-0.36
2130.6420,107796.879,2.0,4s2.4p5.(2P*<3/2>).6d 2[3/2]*,112490.3,1.0,4s2.4p5.(2P*<1/2>).7p 2[3/2],0.1101,5.393e+05,-0.14
2135.0652,103362.6124,2.0,4s2.4p5.(2P*<3/2>).6p 2[3/2],108046.3102,3.0,4s2.4p5.(2P*<3/2>).6d 2[5/2]*,0.02215,4.631e+04,-0.05
2136.1840,103115.6343,3.0,4s2.4p5.(2P*<3/2>).6p 2[5/2],107796.879,2.0,4s2.4p5.(2P*<3/2>).6d 2[3/2]*,0.001518,4437,0.01
2137.0653,103313.4726,1.0,4s2.4p5.(2P*<3/2>).6p 2[3/2],107992.7867,2.0,4s2.4p5.(2P*<3/2>).6d 2[5/2]*,0.01581,4.617e+04,-0.03
2137.2279,103801.7929,1.0,4s2.4p5.(2P*<3/2>).5d 2[1/2]*,108480.751,1.0,4s2.4p5.(2P*<3/2>).5f 2[3/2],0.1954,9.51e+05,0.2
2138.7002,103121.1419,2.0,4s2.4p5.(2P*<3/2>).6p 2[5/2],107796.879,2.0,4s2.4p5.(2P*<3/2>).6d 2[3/2]*,0.009292,2.71e+04,0.02
2141.6327,103801.7929,1.0,4s2.4p5.(2P*<3/2>).5d 2[1/2]*,108471.1277,2.0,4s2.4p5.(2P*<3/2>).5f 2[3/2],0.6436,1.872e+06,-0.22
2142.7537,107876.908,3.0,4s2.4p5.(2P*<3/2>).6d 2[7/2]*,112543.8,2.0,4s2.4p5.(2P*<1/2>).7p 2[3/2],0.0476,1.383e+05,-0.0
2144.4217,103115.6343,3.0,4s2.4p5.(2P*<3/2>).6p 2[5/2],107778.8962,4.0,4s2.4p5.(2P*<3/2>).6d 2[7/2]*,0.189,3.046e+05,0.38
2156.8145,103801.7929,1.0,4s2.4p5.(2P*<3/2>).5d 2[1/2]*,108438.2603,1.0,4s2.4p5.(2P*<1/2>).6p 2[3/2],0.1259,6.016e+05,0.09
2159.7459,103362.6124,2.0,4s2.4p5.(2P*<3/2>).6p 2[3/2],107992.7867,2.0,4s2.4p5.(2P*<3/2>).6d 2[5/2]*,0.000673,1925,-0.01
2190.8502,93123.3409,2.0,4s2.4p5.(2P*<3/2>).5p 2[3/2],97687.779,2.0,4s2.4p5.(2P*<3/2>).4d 2[3/2]*,0.9566,2.659e+06,0.86
2195.3863,103121.1419,2.0,4s2.4p5.(2P*<3/2>).6p 2[5/2],107676.1489,1.0,4s2.4p5.(2P*<3/2>).6d 2[1/2]*,0.008102,3.738e+04,0.04
2197.3128,107992.7867,2.0,4s2.4p5.(2P*<3/2>).6d 2[5/2]*,112543.8,2.0,4s2.4p5.(2P*<1/2>).7p 2[3/2],1.674,4.625e+06,-0.6
2215.1850,103362.6124,2.0,4s2.4p5.(2P*<3/2>).6p 2[3/2],107876.908,3.0,4s2.4p5.(2P*<3/2>).6d 2[7/2]*,0.02507,4.869e+04,0.01
2223.4509,107992.7867,2.0,4s2.4p5.(2P*<3/2>).6d 2[5/2]*,112490.3,1.0,4s2.4p5.(2P*<1/2>).7p 2[3/2],14.94,6.72e+07,-0.82
2223.4625,108046.3102,3.0,4s2.4p5.(2P*<3/2>).6d 2[5/2]*,112543.8,2.0,4s2.4p5.(2P*<1/2>).7p 2[3/2],22.28,6.011e+07,-0.81
2223.6445,103761.6336,0.0,4s2.4p5.(2P*<3/2>).6p 2[1/2],108258.7553,1.0,4s2.4p5.(2P*<3/2>).6d 2[3/2]*,0.03258,1.465e+05,-0.02
2224.6033,98867.429,2.0,4s2.4p5.(2P*<3/2>).4d 2[5/2]*,103362.6124,2.0,4s2.4p5.(2P*<3/2>).6p 2[3/2],0.009454,2.549e+04,0.08
2230.4469,103313.4726,1.0,4s2.4p5.(2P*<3/2>).6p 2[3/2],107796.879,2.0,4s2.4p5.(2P*<3/2>).6d 2[3/2]*,0.03139,8.418e+04,0.04
2249.1907,98867.429,2.0,4s2.4p5.(2P*<3/2>).4d 2[5/2]*,103313.4726,1.0,4s2.4p5.(2P*<3/2>).6p 2[3/2],0.2865,1.259e+06,0.55
2251.8914,104073.471,0.0,4s2.4p5.(2P*<3/2>).5d 2[1/2]*,108514.1824,1.0,4s2.4p5.(2P*<1/2>).6p 2[1/2],0.0646,2.833e+05,-0.03
2255.1644,103362.6124,2.0,4s2.4p5.(2P*<3/2>).6p 2[3/2],107796.879,2.0,4s2.4p5.(2P*<3/2>).6d 2[3/2]*,0.2529,6.633e+05,-0.31
2267.8078,108258.7553,1.0,4s2.4p5.(2P*<3/2>).6d 2[3/2]*,112668.3,0.0,4s2.4p5.(2P*<1/2>).7p 2[1/2],2.688,3.487e+07,-0.66
2268.9732,104073.471,0.0,4s2.4p5.(2P*<3/2>).5d 2[1/2]*,108480.751,1.0,4s2.4p5.(2P*<3/2>).5f 2[3/2],0.06355,2.745e+05,-0.05
2291.0613,104073.471,0.0,4s2.4p5.(2P*<3/2>).5d 2[1/2]*,108438.2603,1.0,4s2.4p5.(2P*<1/2>).6p 2[3/2],0.04259,1.804e+05,-0.05
2292.1710,103313.4726,1.0,4s2.4p5.(2P*<3/2>).6p 2[3/2],107676.1489,1.0,4s2.4p5.(2P*<3/2>).6d 2[1/2]*,0.04694,1.986e+05,-0.11
2318.2834,103362.6124,2.0,4s2.4p5.(2P*<3/2>).6p 2[3/2],107676.1489,1.0,4s2.4p5.(2P*<3/2>).6d 2[1/2]*,0.06076,2.514e+05,-0.35
2330.9348,103313.4726,1.0,4s2.4p5.(2P*<3/2>).6p 2[3/2],107603.5969,0.0,4s2.4p5.(2P*<3/2>).6d 2[1/2]*,0.01202,1.476e+05,-0.2
2333.6979,108258.7553,1.0,4s2.4p5.(2P*<3/2>).6d 2[3/2]*,112543.8,2.0,4s2.4p5.(2P*<1/2>).7p 2[3/2],0.1525,3.735e+05,0.21
2334.6783,99079.367,3.0,4s2.4p5.(2P*<3/2>).4d 2[5/2]*,103362.6124,2.0,4s2.4p5.(2P*<3/2>).6p 2[3/2],0.5578,1.365e+06,0.72
2340.9012,105965.562,2.0,4s2.4p5.(2P*<3/2>).4f 2[3/2],110237.421,3.0,4s2.4p5.(2P*<1/2>).5d 2[5/2]*,0.01387,2.412e+04,-0.07
2350.8874,98867.429,2.0,4s2.4p5.(2P*<3/2>).4d 2[5/2]*,103121.1419,2.0,4s2.4p5.(2P*<3/2>).6p 2[5/2],0.1565,3.777e+05,-0.76
2353.7104,105988.81,4.0,4s2.4p5.(2P*<3/2>).4f 2[9/2],110237.421,3.0,4s2.4p5.(2P*<1/2>).5d 2[5/2]*,0.3965,6.82e+05,0.05
2353.9352,98867.429,2.0,4s2.4p5.(2P*<3/2>).4d 2[5/2]*,103115.6343,3.0,4s2.4p5.(2P*<3/2>).6p 2[5/2],0.009913,1.705e+04,-0.8
2358.8551,108258.7553,1.0,4s2.4p5.(2P*<3/2>).6d 2[3/2]*,112498.1,1.0,4s2.4p5.(2P*<1/2>).7p 2[1/2],1.465,5.853e+06,-0.37
2363.2032,108258.7553,1.0,4s2.4p5.(2P*<3/2>).6d 2[3/2]*,112490.3,1.0,4s2.4p5.(2P*<1/2>).7p 2[3/2],0.7884,3.139e+06,0.61
2371.5914,106020.843,3.0,4s2.4p5.(2P*<3/2>).4f 2[5/2],110237.421,3.0,4s2.4p5.(2P*<1/2>).5d 2[5/2]*,0.1205,2.041e+05,-0.06
2372.0212,106021.607,2.0,4s2.4p5.(2P*<3/2>).4f 2[5/2],110237.421,3.0,4s2.4p5.(2P*<1/2>).5d 2[5/2]*,0.0008933,1513,-0.01
2386.6172,106047.39,3.0,4s2.4p5.(2P*<3/2>).4f 2[7/2],110237.421,3.0,4s2.4p5.(2P*<1/2>).5d 2[5/2]*,0.02486,4.159e+04,0.01
2386.6172,106047.39,4.0,4s2.4p5.(2P*<3/2>).4f 2[7/2],110237.421,3.0,4s2.4p5.(2P*<1/2>).5d 2[5/2]*,2.503,4.187e+06,0.21
2405.2627,105964.446,1.0,4s2.4p5.(2P*<3/2>).4f 2[3/2],110121.9961,2.0,4s2.4p5.(2P*<1/2>).5d 2[5/2]*,0.00104,2398,-0.0
2405.9085,105965.562,2.0,4s2.4p5.(2P*<3/2>).4f 2[3/2],110121.9961,2.0,4s2.4p5.(2P*<1/2>).5d 2[5/2]*,0.01058,2.439e+04,0.0
2416.1663,105964.446,1.0,4s2.4p5.(2P*<3/2>).4f 2[3/2],110103.2339,2.0,4s2.4p5.(2P*<1/2>).5d 2[3/2]*,0.002954,6750,-0.03
2416.8180,105965.562,2.0,4s2.4p5.(2P*<3/2>).4f 2[3/2],110103.2339,2.0,4s2.4p5.(2P*<1/2>).5d 2[3/2]*,0.02483,5.672e+04,0.03
2426.7140,92964.3943,1.0,4s2.4p5.(2P*<3/2>).5p 2[3/2],97085.193,1.0,4s2.4p5.(2P*<3/2>).4d 2[1/2]*,0.03354,1.266e+05,0.14
2429.8847,99646.212,1.0,4s2.4p5.(2P*<3/2>).4d 2[3/2]*,103761.6336,0.0,4s2.4p5.(2P*<3/2>).6p 2[1/2],0.2874,3.247e+06,0.32
2438.7929,106021.607,2.0,4s2.4p5.(2P*<3/2>).4f 2[5/2],110121.9961,2.0,4s2.4p5.(2P*<1/2>).5d 2[5/2]*,0.0001196,268.3,0.0
2449.5449,106020.843,3.0,4s2.4p5.(2P*<3/2>).4f 2[5/2],110103.2339,2.0,4s2.4p5.(2P*<1/2>).5d 2[3/2]*,0.2482,5.518e+05,0.03
2450.0035,106021.607,2.0,4s2.4p5.(2P*<3/2>).4f 2[5/2],110103.2339,2.0,4s2.4p5.(2P*<1/2>).5d 2[3/2]*,0.01236,2.747e+04,0.01
2454.2250,106047.39,3.0,4s2.4p5.(2P*<3/2>).4f 2[7/2],110121.9961,2.0,4s2.4p5.(2P*<1/2>).5d 2[5/2]*,0.0396,8.772e+04,-0.0
2458.7369,107005.371,1.0,4s2.4p5.(2P*<3/2>).7p 2[1/2],111072.5,1.0,4s2.4p5.(2P*<1/2>).7s 2[1/2]*,0.008277,3.044e+04,0.0
2465.5781,106047.39,3.0,4s2.4p5.(2P*<3/2>).4f 2[7/2],110103.2339,2.0,4s2.4p5.(2P*<1/2>).5d 2[3/2]*,0.003297,7236,0.0
2469.3620,107005.371,1.0,4s2.4p5.(2P*<3/2>).7p 2[1/2],111055.0,0.0,4s2.4p5.(2P*<1/2>).7s 2[1/2]*,0.002713,2.968e+04,0.0
2474.1605,99079.367,3.0,4s2.4p5.(2P*<3/2>).4d 2[5/2]*,103121.1419,2.0,4s2.4p5.(2P*<3/2>).6p 2[5/2],0.05517,1.202e+05,0.13
2477.5366,99079.367,3.0,4s2.4p5.(2P*<3/2>).4d 2[5/2]*,103115.6343,3.0,4s2.4p5.(2P*<3/2>).6p 2[5/2],0.1467,2.277e+05,-0.89
2487.7079,98867.429,2.0,4s2.4p5.(2P*<3/2>).4d 2[5/2]*,102887.1936,1.0,4s2.4p5.(2P*<3/2>).6p 2[1/2],0.002292,8233,-0.03
2512.3425,103266.339,2.0,4s2.4p5.(2P*<1/2>).4d 2[3/2]*,107246.688,2.0,4s2.4p5.(2P*<3/2>).7p 2[3/2],0.0006127,1295,-0.01
2524.0720,93123.3409,2.0,4s2.4p5.(2P*<3/2>).5p 2[3/2],97085.193,1.0,4s2.4p5.(2P*<3/2>).4d 2[1/2]*,0.1727,6.027e+05,0.65
2528.4488,103266.339,2.0,4s2.4p5.(2P*<1/2>).4d 2[3/2]*,107221.333,1.0,4s2.4p5.(2P*<3/2>).7p 2[3/2],0.006347,2.207e+04,-0.02
2541.7779,104887.315,1.0,4s2.4p5.(2P*<1/2>).4d 2[3/2]*,108821.569,0.0,4s2.4p5.(2P*<1/2>).6p 2[1/2],0.0878,9.065e+05,0.05
2543.4291,107140.8,2.0,4s2.4p5.(2P*<3/2>).7p 2[5/2],111072.5,1.0,4s2.4p5.(2P*<1/2>).7s 2[1/2]*,0.006342,2.18e+04,0.0
2554.5947,103761.6336,0.0,4s2.4p5.(2P*<3/2>).6p 2[1/2],107676.1489,1.0,4s2.4p5.(2P*<3/2>).6d 2[1/2]*,0.0107,3.645e+04,-0.02
2573.0687,104630.57,4.0,4s2.4p5.(2P*<3/2>).5d 2[7/2]*,108516.98,4.0,4s2.4p5.(2P*<3/2>).5f 2[7/2],0.1294,1.448e+05,-0.28
2573.0687,104630.57,4.0,4s2.4p5.(2P*<3/2>).5d 2[7/2]*,108516.98,3.0,4s2.4p5.(2P*<3/2>).5f 2[7/2],0.003662,5270,0.24
2580.7570,103266.339,2.0,4s2.4p5.(2P*<1/2>).4d 2[3/2]*,107141.171,3.0,4s2.4p5.(2P*<3/2>).7p 2[5/2],0.00013,186,0.01
2581.0042,103266.339,2.0,4s2.4p5.(2P*<1/2>).4d 2[3/2]*,107140.8,2.0,4s2.4p5.(2P*<3/2>).7p 2[5/2],0.002071,4148,0.02
2582.1991,104630.57,4.0,4s2.4p5.(2P*<3/2>).5d 2[7/2]*,108503.238,3.0,4s2.4p5.(2P*<3/2>).5f 2[5/2],0.00594,8488,-0.17
2585.5928,99894.0485,1.0,4s2.4p5.(2P*<3/2>).6s 2[3/2]*,103761.6336,0.0,4s2.4p5.(2P*<3/2>).6p 2[1/2],0.4037,4.028e+06,-0.43
2593.0187,104630.57,4.0,4s2.4p5.(2P*<3/2>).5d 2[7/2]*,108487.079,4.0,4s2.4p5.(2P*<3/2>).5f 2[9/2],0.02736,3.016e+04,0.3
2593.1095,104630.57,4.0,4s2.4p5.(2P*<3/2>).5d 2[7/2]*,108486.944,5.0,4s2.4p5.(2P*<3/2>).5f 2[9/2],1.242,1.12e+06,-0.32
2596.6155,107221.333,1.0,4s2.4p5.(2P*<3/2>).7p 2[3/2],111072.5,1.0,4s2.4p5.(2P*<1/2>).7s 2[1/2]*,0.002588,8534,0.0
2608.4686,107221.333,1.0,4s2.4p5.(2P*<3/2>).7p 2[3/2],111055.0,0.0,4s2.4p5.(2P*<1/2>).7s 2[1/2]*,0.001061,1.04e+04,-0.0
2613.8242,107246.688,2.0,4s2.4p5.(2P*<3/2>).7p 2[3/2],111072.5,1.0,4s2.4p5.(2P*<1/2>).7s 2[1/2]*,0.0005472,1781,-0.0
2626.6714,92964.3943,1.0,4s2.4p5.(2P*<3/2>).5p 2[3/2],96771.494,0.0,4s2.4p5.(2P*<3/2>).4d 2[1/2]*,0.02889,2.793e+05,0.31
2628.8132,103442.69,2.0,4s2.4p5.(2P*<1/2>).4d 2[5/2]*,107246.688,2.0,4s2.4p5.(2P*<3/2>).7p 2[3/2],0.05639,1.089e+05,-0.05
2646.4527,103442.69,2.0,4s2.4p5.(2P*<1/2>).4d 2[5/2]*,107221.333,1.0,4s2.4p5.(2P*<3/2>).7p 2[3/2],0.006229,1.978e+04,0.01
2676.8527,99626.882,2.0,4s2.4p5.(2P*<3/2>).6s 2[3/2]*,103362.6124,2.0,4s2.4p5.(2P*<3/2>).6p 2[3/2],1.612,3.002e+06,-0.61
2682.4761,107005.371,1.0,4s2.4p5.(2P*<3/2>).7p 2[1/2],110733.27,1.0,4s2.4p5.(2P*<1/2>).5d 2[3/2]*,0.01223,3.779e+04,0.02
2690.7757,99646.212,1.0,4s2.4p5.(2P*<3/2>).4d 2[3/2]*,103362.6124,2.0,4s2.4p5.(2P*<3/2>).6p 2[3/2],0.009252,1.705e+04,0.1
2699.0472,107676.1489,1.0,4s2.4p5.(2P*<3/2>).6d 2[1/2]*,111381.16,2.0,4s2.4p5.(2P*<1/2>).4f 2[5/2],0.3956,7.245e+05,0.23
2703.8127,103442.69,2.0,4s2.4p5.(2P*<1/2>).4d 2[5/2]*,107141.171,3.0,4s2.4p5.(2P*<3/2>).7p 2[5/2],0.05439,7.09e+04,-0.2
2704.0840,103442.69,2.0,4s2.4p5.(2P*<1/2>).4d 2[5/2]*,107140.8,2.0,4s2.4p5.(2P*<3/2>).7p 2[5/2],0.003924,7159,0.03
2712.5334,99626.882,2.0,4s2.4p5.(2P*<3/2>).6s 2[3/2]*,103313.4726,1.0,4s2.4p5.(2P*<3/2>).6p 2[3/2],0.1174,3.548e+05,0.22
2717.0562,104887.315,1.0,4s2.4p5.(2P*<1/2>).4d 2[3/2]*,108567.7689,2.0,4s2.4p5.(2P*<1/2>).6p 2[3/2],0.08819,1.594e+05,-0.09
2720.9115,105146.33,1.0,4s2.4p5.(2P*<1/2>).6s 2[1/2]*,108821.569,0.0,4s2.4p5.(2P*<1/2>).6p 2[1/2],0.3506,3.159e+06,0.22
2726.8310,99646.212,1.0,4s2.4p5.(2P*<3/2>).4d 2[3/2]*,103313.4726,1.0,4s2.4p5.(2P*<3/2>).6p 2[3/2],0.1113,3.329e+05,-0.2
2730.6580,107410.379,0.0,4s2.4p5.(2P*<3/2>).7p 2[1/2],111072.5,1.0,4s2.4p5.(2P*<1/2>).7s 2[1/2]*,0.00759,2.263e+04,0.0
2738.7583,104916.4792,3.0,4s2.4p5.(2P*<3/2>).5d 2[7/2]*,108567.7689,2.0,4s2.4p5.(2P*<1/2>).6p 2[3/2],0.1013,1.802e+05,-0.01
2757.2003,104887.315,1.0,4s2.4p5.(2P*<1/2>).4d 2[3/2]*,108514.1824,1.0,4s2.4p5.(2P*<1/2>).6p 2[1/2],0.00398,1.164e+04,0.0
2765.0616,104887.315,1.0,4s2.4p5.(2P*<1/2>).4d 2[3/2]*,108503.871,2.0,4s2.4p5.(2P*<3/2>).5f 2[5/2],0.05351,9.338e+04,0.02
2771.1685,103801.7929,1.0,4s2.4p5.(2P*<3/2>).5d 2[1/2]*,107410.379,0.0,4s2.4p5.(2P*<3/2>).7p 2[1/2],0.07474,6.492e+05,-0.06
2777.3914,104916.4792,3.0,4s2.4p5.(2P*<3/2>).5d 2[7/2]*,108516.98,4.0,4s2.4p5.(2P*<3/2>).5f 2[7/2],0.0007025,675,0.0
2777.3914,104916.4792,3.0,4s2.4p5.(2P*<3/2>).5d 2[7/2]*,108516.98,3.0,4s2.4p5.(2P*<3/2>).5f 2[7/2],0.1756,2.169e+05,-0.44
2778.5467,107778.8962,4.0,4s2.4p5.(2P*<3/2>).6d 2[7/2]*,111377.9,4.0,4s2.4p5.(2P*<1/2>).4f 2[7/2],1.692e-05,16.24,-0.0
2783.6001,107140.8,2.0,4s2.4p5.(2P*<3/2>).7p 2[5/2],110733.27,1.0,4s2.4p5.(2P*<1/2>).5d 2[3/2]*,0.001767,5069,-0.01
2787.5405,104916.4792,3.0,4s2.4p5.(2P*<3/2>).5d 2[7/2]*,108503.871,2.0,4s2.4p5.(2P*<3/2>).5f 2[5/2],0.008231,1.413e+04,0.24
2789.9598,107796.879,2.0,4s2.4p5.(2P*<3/2>).6d 2[3/2]*,111381.16,2.0,4s2.4p5.(2P*<1/2>).4f 2[5/2],0.03324,5.696e+04,-0.06
2790.3244,104887.315,1.0,4s2.4p5.(2P*<1/2>).4d 2[3/2]*,108471.1277,2.0,4s2.4p5.(2P*<3/2>).5f 2[3/2],0.0951,1.629e+05,0.04
2792.1254,107796.879,2.0,4s2.4p5.(2P*<3/2>).6d 2[3/2]*,111378.38,3.0,4s2.4p5.(2P*<1/2>).4f 2[7/2],0.3101,3.79e+05,0.09
2800.6499,104916.4792,3.0,4s2.4p5.(2P*<3/2>).5d 2[7/2]*,108487.079,4.0,4s2.4p5.(2P*<3/2>).5f 2[9/2],1.566,1.48e+06,-0.61
2808.5754,105007.245,2.0,4s2.4p5.(2P*<3/2>).5d 2[3/2]*,108567.7689,2.0,4s2.4p5.(2P*<1/2>).6p 2[3/2],0.03806,6.436e+04,0.02
2813.2177,104916.4792,3.0,4s2.4p5.(2P*<3/2>).5d 2[7/2]*,108471.1277,2.0,4s2.4p5.(2P*<3/2>).5f 2[3/2],0.00193,3254,-0.01
2816.1515,104887.315,1.0,4s2.4p5.(2P*<1/2>).4d 2[3/2]*,108438.2603,1.0,4s2.4p5.(2P*<1/2>).6p 2[3/2],0.002423,6793,-0.0
2820.6763,103701.439,3.0,4s2.4p5.(2P*<1/2>).4d 2[5/2]*,107246.688,2.0,4s2.4p5.(2P*<3/2>).7p 2[3/2],0.01256,2.105e+04,0.03
2847.4315,107221.333,1.0,4s2.4p5.(2P*<3/2>).7p 2[3/2],110733.27,1.0,4s2.4p5.(2P*<1/2>).5d 2[3/2]*,0.02719,7.456e+04,0.01
2851.4909,105007.245,2.0,4s2.4p5.(2P*<3/2>).5d 2[3/2]*,108514.1824,1.0,4s2.4p5.(2P*<1/2>).6p 2[1/2],0.2969,8.119e+05,-0.05
2856.3333,107876.908,3.0,4s2.4p5.(2P*<3/2>).6d 2[7/2]*,111377.9,4.0,4s2.4p5.(2P*<1/2>).4f 2[7/2],0.2646,2.404e+05,0.05
2859.8998,105007.245,2.0,4s2.4p5.(2P*<3/2>).5d 2[3/2]*,108503.871,2.0,4s2.4p5.(2P*<3/2>).5f 2[5/2],0.05683,9.27e+04,-0.12
2860.4176,105007.245,2.0,4s2.4p5.(2P*<3/2>).5d 2[3/2]*,108503.238,3.0,4s2.4p5.(2P*<3/2>).5f 2[5/2],0.7736,9.01e+05,-0.26
2861.8364,99626.882,2.0,4s2.4p5.(2P*<3/2>).6s 2[3/2]*,103121.1419,2.0,4s2.4p5.(2P*<3/2>).6p 2[5/2],0.6541,1.065e+06,0.73
2866.3543,99626.882,2.0,4s2.4p5.(2P*<3/2>).6s 2[3/2]*,103115.6343,3.0,4s2.4p5.(2P*<3/2>).6p 2[5/2],3.884,4.504e+06,-0.98
2868.1385,107246.688,2.0,4s2.4p5.(2P*<3/2>).7p 2[3/2],110733.27,1.0,4s2.4p5.(2P*<1/2>).5d 2[3/2]*,0.006228,1.683e+04,-0.04
2877.7559,99646.212,1.0,4s2.4p5.(2P*<3/2>).4d 2[3/2]*,103121.1419,2.0,4s2.4p5.(2P*<3/2>).6p 2[5/2],0.1098,1.769e+05,0.7
2878.9356,105007.245,2.0,4s2.4p5.(2P*<3/2>).5d 2[3/2]*,108480.751,1.0,4s2.4p5.(2P*<3/2>).5f 2[3/2],0.01868,5.01e+04,-0.09
2883.0376,99894.0485,1.0,4s2.4p5.(2P*<3/2>).6s 2[3/2]*,103362.6124,2.0,4s2.4p5.(2P*<3/2>).6p 2[3/2],0.6376,1.023e+06,-0.41
2886.9338,105007.245,2.0,4s2.4p5.(2P*<3/2>).5d 2[3/2]*,108471.1277,2.0,4s2.4p5.(2P*<3/2>).5f 2[3/2],0.1909,3.055e+05,0.27
2902.8460,103801.7929,1.0,4s2.4p5.(2P*<3/2>).5d 2[1/2]*,107246.688,2.0,4s2.4p5.(2P*<3/2>).7p 2[3/2],0.1187,1.879e+05,-0.26
2907.2032,103701.439,3.0,4s2.4p5.(2P*<1/2>).4d 2[5/2]*,107141.171,3.0,4s2.4p5.(2P*<3/2>).7p 2[5/2],0.007394,8336,-0.04
2907.5168,103701.439,3.0,4s2.4p5.(2P*<1/2>).4d 2[5/2]*,107140.8,2.0,4s2.4p5.(2P*<3/2>).7p 2[5/2],0.01473,2.324e+04,-0.03
2914.5892,105007.245,2.0,4s2.4p5.(2P*<3/2>).5d 2[3/2]*,108438.2603,1.0,4s2.4p5.(2P*<1/2>).6p 2[3/2],0.005757,1.507e+04,0.01
2921.5570,105091.35,0.0,4s2.4p5.(2P*<1/2>).6s 2[1/2]*,108514.1824,1.0,4s2.4p5.(2P*<1/2>).6p 2[1/2],0.803,2.092e+06,-0.53
2922.7469,105146.33,1.0,4s2.4p5.(2P*<1/2>).6s 2[1/2]*,108567.7689,2.0,4s2.4p5.(2P*<1/2>).6p 2[3/2],2.374,3.707e+06,-0.53
2924.3699,103801.7929,1.0,4s2.4p5.(2P*<3/2>).5d 2[1/2]*,107221.333,1.0,4s2.4p5.(2P*<3/2>).7p 2[3/2],0.01203,3.128e+04,-0.02
2924.4691,99894.0485,1.0,4s2.4p5.(2P*<3/2>).6s 2[3/2]*,103313.4726,1.0,4s2.4p5.(2P*<3/2>).6p 2[3/2],1.571,4.083e+06,-0.89
2937.4874,105163.499,2.0,4s2.4p5.(2P*<3/2>).5d 2[5/2]*,108567.7689,2.0,4s2.4p5.(2P*<1/2>).6p 2[3/2],0.01399,2.162e+04,0.01
2950.3738,105091.35,0.0,4s2.4p5.(2P*<1/2>).6s 2[1/2]*,108480.751,1.0,4s2.4p5.(2P*<3/2>).5f 2[3/2],0.003271,8355,0.01
2951.2687,107992.7867,2.0,4s2.4p5.(2P*<3/2>).6d 2[5/2]*,111381.16,2.0,4s2.4p5.(2P*<1/2>).4f 2[5/2],0.1784,2.733e+05,-0.45
2953.6920,107992.7867,2.0,4s2.4p5.(2P*<3/2>).6d 2[5/2]*,111378.38,3.0,4s2.4p5.(2P*<1/2>).4f 2[7/2],0.01179,1.287e+04,-0.05
2953.6920,107992.7867,2.0,4s2.4p5.(2P*<3/2>).6d 2[5/2]*,111378.38,3.0,4s2.4p5.(2P*<1/2>).4f 2[7/2],1.855,2.026e+06,-0.54
2969.2513,105146.33,1.0,4s2.4p5.(2P*<1/2>).6s 2[1/2]*,108514.1824,1.0,4s2.4p5.(2P*<1/2>).6p 2[1/2],0.5948,1.5e+06,-0.21
2976.8169,105208.476,3.0,4s2.4p5.(2P*<3/2>).5d 2[5/2]*,108567.7689,2.0,4s2.4p5.(2P*<1/2>).6p 2[3/2],0.1024,1.542e+05,0.02
2978.3702,105146.33,1.0,4s2.4p5.(2P*<1/2>).6s 2[1/2]*,108503.871,2.0,4s2.4p5.(2P*<3/2>).5f 2[5/2],0.0646,9.716e+04,-0.56
2981.9760,105163.499,2.0,4s2.4p5.(2P*<3/2>).5d 2[5/2]*,108516.98,3.0,4s2.4p5.(2P*<3/2>).5f 2[7/2],1.297,1.389e+06,-0.56
2984.4658,105163.499,2.0,4s2.4p5.(2P*<3/2>).5d 2[5/2]*,108514.1824,1.0,4s2.4p5.(2P*<1/2>).6p 2[1/2],0.005801,1.448e+04,0.0
2987.8303,105091.35,0.0,4s2.4p5.(2P*<1/2>).6s 2[1/2]*,108438.2603,1.0,4s2.4p5.(2P*<1/2>).6p 2[3/2],0.7152,1.781e+06,-0.66
2993.6785,105163.499,2.0,4s2.4p5.(2P*<3/2>).5d 2[5/2]*,108503.871,2.0,4s2.4p5.(2P*<3/2>).5f 2[5/2],0.2447,3.643e+05,0.48
2994.2460,105163.499,2.0,4s2.4p5.(2P*<3/2>).5d 2[5/2]*,108503.238,3.0,4s2.4p5.(2P*<3/2>).5f 2[5/2],0.01748,1.858e+04,-0.02
2994.9023,103801.7929,1.0,4s2.4p5.(2P*<3/2>).5d 2[1/2]*,107140.8,2.0,4s2.4p5.(2P*<3/2>).7p 2[5/2],0.01914,2.847e+04,-0.09
2999.0214,105146.33,1.0,4s2.4p5.(2P*<1/2>).6s 2[1/2]*,108480.751,1.0,4s2.4p5.(2P*<3/2>).5f 2[3/2],0.002282,5641,-0.01
3001.1376,108046.3102,3.0,4s2.4p5.(2P*<3/2>).6d 2[5/2]*,111378.38,3.0,4s2.4p5.(2P*<1/2>).4f 2[7/2],0.1788,1.891e+05,-0.47
3001.1376,108046.3102,3.0,4s2.4p5.(2P*<3/2>).6d 2[5/2]*,111378.38,3.0,4s2.4p5.(2P*<1/2>).4f 2[7/2],0.05758,6.092e+04,0.13
3001.5700,108046.3102,3.0,4s2.4p5.(2P*<3/2>).6d 2[5/2]*,111377.9,4.0,4s2.4p5.(2P*<1/2>).4f 2[7/2],1.644,1.353e+06,0.9
3007.7018,105146.33,1.0,4s2.4p5.(2P*<1/2>).6s 2[1/2]*,108471.1277,2.0,4s2.4p5.(2P*<3/2>).5f 2[3/2],0.003834,5653,0.01
3009.4276,107410.379,0.0,4s2.4p5.(2P*<3/2>).7p 2[1/2],110733.27,1.0,4s2.4p5.(2P*<1/2>).5d 2[3/2]*,0.03067,7.529e+04,-0.01
3014.5434,105163.499,2.0,4s2.4p5.(2P*<3/2>).5d 2[5/2]*,108480.751,1.0,4s2.4p5.(2P*<3/2>).5f 2[3/2],0.03995,9.774e+04,0.1
3022.5141,105208.476,3.0,4s2.4p5.(2P*<3/2>).5d 2[5/2]*,108516.98,4.0,4s2.4p5.(2P*<3/2>).5f 2[7/2],1.79,1.452e+06,-0.69
3022.5141,105208.476,3.0,4s2.4p5.(2P*<3/2>).5d 2[5/2]*,108516.98,3.0,4s2.4p5.(2P*<3/2>).5f 2[7/2],0.02888,3.013e+04,0.1
3023.3140,105163.499,2.0,4s2.4p5.(2P*<3/2>).5d 2[5/2]*,108471.1277,2.0,4s2.4p5.(2P*<3/2>).5f 2[3/2],0.002817,4111,0.01
3034.5376,105208.476,3.0,4s2.4p5.(2P*<3/2>).5d 2[5/2]*,108503.871,2.0,4s2.4p5.(2P*<3/2>).5f 2[5/2],0.01354,1.961e+04,-0.29
3035.1206,105208.476,3.0,4s2.4p5.(2P*<3/2>).5d 2[5/2]*,108503.238,3.0,4s2.4p5.(2P*<3/2>).5f 2[5/2],0.3806,3.937e+05,-0.59
3037.7314,105146.33,1.0,4s2.4p5.(2P*<1/2>).6s 2[1/2]*,108438.2603,1.0,4s2.4p5.(2P*<1/2>).6p 2[3/2],0.8092,1.95e+06,0.41
3050.0796,105208.476,3.0,4s2.4p5.(2P*<3/2>).5d 2[5/2]*,108487.079,4.0,4s2.4p5.(2P*<3/2>).5f 2[9/2],0.08106,6.458e+04,-0.11
3053.6577,105163.499,2.0,4s2.4p5.(2P*<3/2>).5d 2[5/2]*,108438.2603,1.0,4s2.4p5.(2P*<1/2>).6p 2[3/2],0.09552,2.278e+05,0.02
3064.9916,105208.476,3.0,4s2.4p5.(2P*<3/2>).5d 2[5/2]*,108471.1277,2.0,4s2.4p5.(2P*<3/2>).5f 2[3/2],0.0344,4.885e+04,0.19
3067.1915,99626.882,2.0,4s2.4p5.(2P*<3/2>).6s 2[3/2]*,102887.1936,1.0,4s2.4p5.(2P*<3/2>).6p 2[1/2],1.658,3.919e+06,-0.84
3085.4850,99646.212,1.0,4s2.4p5.(2P*<3/2>).4d 2[3/2]*,102887.1936,1.0,4s2.4p5.(2P*<3/2>).6p 2[1/2],0.002372,5539,0.02
3098.7637,99894.0485,1.0,4s2.4p5.(2P*<3/2>).6s 2[3/2]*,103121.1419,2.0,4s2.4p5.(2P*<3/2>).6p 2[5/2],1.884,2.617e+06,-0.72
3121.5097,103801.7929,1.0,4s2.4p5.(2P*<3/2>).5d 2[1/2]*,107005.371,1.0,4s2.4p5.(2P*<3/2>).7p 2[1/2],0.2479,5.657e+05,0.19
3151.4575,105648.434,1.0,4s2.4p5.(2P*<3/2>).5d 2[3/2]*,108821.569,0.0,4s2.4p5.(2P*<1/2>).6p 2[1/2],0.1728,1.161e+06,-0.09
3176.7593,104073.471,0.0,4s2.4p5.(2P*<3/2>).5d 2[1/2]*,107221.333,1.0,4s2.4p5.(2P*<3/2>).7p 2[3/2],0.008065,1.777e+04,-0.06
3202.6598,108258.7553,1.0,4s2.4p5.(2P*<3/2>).6d 2[3/2]*,111381.16,2.0,4s2.4p5.(2P*<1/2>).4f 2[5/2],2.758,3.588e+06,-0.64
3208.5989,107005.371,1.0,4s2.4p5.(2P*<3/2>).7p 2[1/2],110121.9961,2.0,4s2.4p5.(2P*<1/2>).5d 2[5/2]*,0.0566,7.334e+04,0.01
3229.3264,107140.8,2.0,4s2.4p5.(2P*<3/2>).7p 2[5/2],110237.421,3.0,4s2.4p5.(2P*<1/2>).5d 2[5/2]*,5.729,5.235e+06,-0.49
3229.7134,107141.171,3.0,4s2.4p5.(2P*<3/2>).7p 2[5/2],110237.421,3.0,4s2.4p5.(2P*<1/2>).5d 2[5/2]*,0.7142,6.524e+05,-0.4
3277.7561,105770.7014,1.0,4s2.4p5.(2P*<3/2>).7s 2[3/2]*,108821.569,0.0,4s2.4p5.(2P*<1/2>).6p 2[1/2],0.1417,8.795e+05,-0.12
3340.9673,99894.0485,1.0,4s2.4p5.(2P*<3/2>).6s 2[3/2]*,102887.1936,1.0,4s2.4p5.(2P*<3/2>).6p 2[1/2],0.2227,4.436e+05,-0.26
3341.8770,94092.8626,0.0,4s2.4p5.(2P*<3/2>).5p 2[1/2],97085.193,1.0,4s2.4p5.(2P*<3/2>).4d 2[1/2]*,0.04925,9.806e+04,0.28
3343.6619,107246.688,2.0,4s2.4p5.(2P*<3/2>).7p 2[3/2],110237.421,3.0,4s2.4p5.(2P*<1/2>).5d 2[5/2]*,0.2545,2.169e+05,0.05
3354.3583,107140.8,2.0,4s2.4p5.(2P*<3/2>).7p 2[5/2],110121.9961,2.0,4s2.4p5.(2P*<1/2>).5d 2[5/2]*,0.0008668,1028,-0.0
3354.7758,107141.171,3.0,4s2.4p5.(2P*<3/2>).7p 2[5/2],110121.9961,2.0,4s2.4p5.(2P*<1/2>).5d 2[5/2]*,0.03408,4.04e+04,0.12
3375.6027,107140.8,2.0,4s2.4p5.(2P*<3/2>).7p 2[5/2],110103.2339,2.0,4s2.4p5.(2P*<1/2>).5d 2[3/2]*,0.2198,2.573e+05,-0.25
3376.0255,107141.171,3.0,4s2.4p5.(2P*<3/2>).7p 2[5/2],110103.2339,2.0,4s2.4p5.(2P*<1/2>).5d 2[3/2]*,0.01472,1.723e+04,-0.22
3410.7575,104073.471,0.0,4s2.4p5.(2P*<3/2>).5d 2[1/2]*,107005.371,1.0,4s2.4p5.(2P*<3/2>).7p 2[1/2],0.06935,1.325e+05,0.12
3424.2878,105647.4536,2.0,4s2.4p5.(2P*<3/2>).7s 2[3/2]*,108567.7689,2.0,4s2.4p5.(2P*<1/2>).6p 2[3/2],0.0008791,1000,-0.0
3425.4378,105648.434,1.0,4s2.4p5.(2P*<3/2>).5d 2[3/2]*,108567.7689,2.0,4s2.4p5.(2P*<1/2>).6p 2[3/2],0.09674,1.1e+05,0.17
3447.4876,107221.333,1.0,4s2.4p5.(2P*<3/2>).7p 2[3/2],110121.9961,2.0,4s2.4p5.(2P*<1/2>).5d 2[5/2]*,0.01062,1.192e+04,0.01
3467.9982,102887.1936,1.0,4s2.4p5.(2P*<3/2>).6p 2[1/2],105770.7014,1.0,4s2.4p5.(2P*<3/2>).7s 2[3/2]*,0.1083,2.001e+05,0.11
3469.9319,107221.333,1.0,4s2.4p5.(2P*<3/2>).7p 2[3/2],110103.2339,2.0,4s2.4p5.(2P*<1/2>).5d 2[3/2]*,0.5563,6.164e+05,0.24
3477.8882,107246.688,2.0,4s2.4p5.(2P*<3/2>).7p 2[3/2],110121.9961,2.0,4s2.4p5.(2P*<1/2>).5d 2[5/2]*,0.09283,1.024e+05,-0.04
3488.2965,105647.4536,2.0,4s2.4p5.(2P*<3/2>).7s 2[3/2]*,108514.1824,1.0,4s2.4p5.(2P*<1/2>).6p 2[1/2],0.006605,1.207e+04,0.0
3489.4899,105648.434,1.0,4s2.4p5.(2P*<3/2>).5d 2[3/2]*,108514.1824,1.0,4s2.4p5.(2P*<1/2>).6p 2[1/2],0.01225,2.237e+04,-0.01
3500.7314,107246.688,2.0,4s2.4p5.(2P*<3/2>).7p 2[3/2],110103.2339,2.0,4s2.4p5.(2P*<1/2>).5d 2[3/2]*,0.05597,6.093e+04,0.12
3500.8889,105647.4536,2.0,4s2.4p5.(2P*<3/2>).7s 2[3/2]*,108503.871,2.0,4s2.4p5.(2P*<3/2>).5f 2[5/2],0.005385,5861,0.32
3501.6649,105647.4536,2.0,4s2.4p5.(2P*<3/2>).7s 2[3/2]*,108503.238,3.0,4s2.4p5.(2P*<3/2>).5f 2[5/2],0.07642,5.939e+04,0.61
3502.0909,105648.434,1.0,4s2.4p5.(2P*<3/2>).5d 2[3/2]*,108503.871,2.0,4s2.4p5.(2P*<3/2>).5f 2[5/2],3.106,3.379e+06,-0.65
3529.4565,105647.4536,2.0,4s2.4p5.(2P*<3/2>).7s 2[3/2]*,108480.751,1.0,4s2.4p5.(2P*<3/2>).5f 2[3/2],0.002177,3886,0.08
3530.6782,105648.434,1.0,4s2.4p5.(2P*<3/2>).5d 2[3/2]*,108480.751,1.0,4s2.4p5.(2P*<3/2>).5f 2[3/2],0.008764,1.563e+04,-0.03
3541.4852,105647.4536,2.0,4s2.4p5.(2P*<3/2>).7s 2[3/2]*,108471.1277,2.0,4s2.4p5.(2P*<3/2>).5f 2[3/2],0.02084,2.217e+04,-0.27
3542.7152,105648.434,1.0,4s2.4p5.(2P*<3/2>).5d 2[3/2]*,108471.1277,2.0,4s2.4p5.(2P*<3/2>).5f 2[3/2],3.538,3.761e+06,-0.93
3575.1729,105770.7014,1.0,4s2.4p5.(2P*<3/2>).7s 2[3/2]*,108567.7689,2.0,4s2.4p5.(2P*<1/2>).6p 2[3/2],0.2066,2.156e+05,0.07
3583.1933,105647.4536,2.0,4s2.4p5.(2P*<3/2>).7s 2[3/2]*,108438.2603,1.0,4s2.4p5.(2P*<1/2>).6p 2[3/2],0.0002167,375.2,-0.0
3584.4526,105648.434,1.0,4s2.4p5.(2P*<3/2>).5d 2[3/2]*,108438.2603,1.0,4s2.4p5.(2P*<1/2>).6p 2[3/2],0.03075,5.322e+04,0.03
3595.7629,103266.339,2.0,4s2.4p5.(2P*<1/2>).4d 2[3/2]*,106047.39,3.0,4s2.4p5.(2P*<3/2>).4f 2[7/2],0.005202,3834,-0.01
3621.5608,102887.1936,1.0,4s2.4p5.(2P*<3/2>).6p 2[1/2],105648.434,1.0,4s2.4p5.(2P*<3/2>).5d 2[3/2]*,0.001925,3263,-0.0
3622.8471,102887.1936,1.0,4s2.4p5.(2P*<3/2>).6p 2[1/2],105647.4536,2.0,4s2.4p5.(2P*<3/2>).7s 2[3/2]*,1.114,1.133e+06,0.64
3629.4110,103266.339,2.0,4s2.4p5.(2P*<1/2>).4d 2[3/2]*,106021.607,2.0,4s2.4p5.(2P*<3/2>).4f 2[5/2],0.03098,3.137e+04,-0.09
3630.4177,103266.339,2.0,4s2.4p5.(2P*<1/2>).4d 2[3/2]*,106020.843,3.0,4s2.4p5.(2P*<3/2>).4f 2[5/2],0.3583,2.59e+05,-0.16
3645.0043,105770.7014,1.0,4s2.4p5.(2P*<3/2>).7s 2[3/2]*,108514.1824,1.0,4s2.4p5.(2P*<1/2>).6p 2[1/2],0.06908,1.156e+05,0.04
3658.7558,105770.7014,1.0,4s2.4p5.(2P*<3/2>).7s 2[3/2]*,108503.871,2.0,4s2.4p5.(2P*<3/2>).5f 2[5/2],0.006937,6913,-0.53
3689.9694,105770.7014,1.0,4s2.4p5.(2P*<3/2>).7s 2[3/2]*,108480.751,1.0,4s2.4p5.(2P*<3/2>).5f 2[3/2],0.0125,2.041e+04,-0.13
3703.1190,105770.7014,1.0,4s2.4p5.(2P*<3/2>).7s 2[3/2]*,108471.1277,2.0,4s2.4p5.(2P*<3/2>).5f 2[3/2],0.002074,2018,0.03
3704.7699,103266.339,2.0,4s2.4p5.(2P*<1/2>).4d 2[3/2]*,105965.562,2.0,4s2.4p5.(2P*<3/2>).4f 2[3/2],0.03656,3.554e+04,-0.15
3706.3022,103266.339,2.0,4s2.4p5.(2P*<1/2>).4d 2[3/2]*,105964.446,1.0,4s2.4p5.(2P*<3/2>).4f 2[3/2],0.005764,9329,0.23
3748.7457,105770.7014,1.0,4s2.4p5.(2P*<3/2>).7s 2[3/2]*,108438.2603,1.0,4s2.4p5.(2P*<1/2>).6p 2[3/2],0.08276,1.309e+05,-0.07
3774.2123,103121.1419,2.0,4s2.4p5.(2P*<3/2>).6p 2[5/2],105770.7014,1.0,4s2.4p5.(2P*<3/2>).7s 2[3/2]*,1.136,1.774e+06,0.41
3796.1618,108438.2603,1.0,4s2.4p5.(2P*<1/2>).6p 2[3/2],111072.5,1.0,4s2.4p5.(2P*<1/2>).7s 2[1/2]*,0.4897,7.556e+05,-0.54
3821.5494,108438.2603,1.0,4s2.4p5.(2P*<1/2>).6p 2[3/2],111055.0,0.0,4s2.4p5.(2P*<1/2>).7s 2[1/2]*,0.4295,1.962e+06,0.67
3839.2137,103442.69,2.0,4s2.4p5.(2P*<1/2>).4d 2[5/2]*,106047.39,3.0,4s2.4p5.(2P*<3/2>).4f 2[7/2],1.014,6.554e+05,0.28
3844.1249,108471.1277,2.0,4s2.4p5.(2P*<3/2>).5f 2[3/2],111072.5,1.0,4s2.4p5.(2P*<1/2>).7s 2[1/2]*,0.002142,3223,0.02
3858.3983,108480.751,1.0,4s2.4p5.(2P*<3/2>).5f 2[3/2],111072.5,1.0,4s2.4p5.(2P*<1/2>).7s 2[1/2]*,0.01221,1.824e+04,-0.16
3877.5967,103442.69,2.0,4s2.4p5.(2P*<1/2>).4d 2[5/2]*,106021.607,2.0,4s2.4p5.(2P*<3/2>).4f 2[5/2],0.04387,3.892e+04,0.08
3884.6281,108480.751,1.0,4s2.4p5.(2P*<3/2>).5f 2[3/2],111055.0,0.0,4s2.4p5.(2P*<1/2>).7s 2[1/2]*,0.01454,6.427e+04,0.2
3893.1274,108503.871,2.0,4s2.4p5.(2P*<3/2>).5f 2[5/2],111072.5,1.0,4s2.4p5.(2P*<1/2>).7s 2[1/2]*,8.184e-05,120.1,0.0
3908.8188,108514.1824,1.0,4s2.4p5.(2P*<1/2>).6p 2[1/2],111072.5,1.0,4s2.4p5.(2P*<1/2>).7s 2[1/2]*,0.4044,5.885e+05,0.35
3935.7410,108514.1824,1.0,4s2.4p5.(2P*<1/2>).6p 2[1/2],111055.0,0.0,4s2.4p5.(2P*<1/2>).7s 2[1/2]*,0.5408,2.329e+06,0.7
3949.7290,103115.6343,3.0,4s2.4p5.(2P*<3/2>).6p 2[5/2],105647.4536,2.0,4s2.4p5.(2P*<3/2>).7s 2[3/2]*,2.317,1.982e+06,0.87
3956.8042,103121.1419,2.0,4s2.4p5.(2P*<3/2>).6p 2[5/2],105648.434,1.0,4s2.4p5.(2P*<3/2>).5d 2[3/2]*,0.03929,5.579e+04,0.18
3958.3397,103121.1419,2.0,4s2.4p5.(2P*<3/2>).6p 2[5/2],105647.4536,2.0,4s2.4p5.(2P*<3/2>).7s 2[3/2]*,0.3954,3.366e+05,-0.6
3963.4349,104887.315,1.0,4s2.4p5.(2P*<1/2>).4d 2[3/2]*,107410.379,0.0,4s2.4p5.(2P*<3/2>).7p 2[1/2],0.00589,2.501e+04,0.01
3963.7366,103442.69,2.0,4s2.4p5.(2P*<1/2>).4d 2[5/2]*,105965.562,2.0,4s2.4p5.(2P*<3/2>).4f 2[3/2],0.2672,2.269e+05,-0.34
3965.4907,103442.69,2.0,4s2.4p5.(2P*<1/2>).4d 2[5/2]*,105964.446,1.0,4s2.4p5.(2P*<3/2>).4f 2[3/2],0.02725,3.853e+04,0.34
3983.1100,104630.57,4.0,4s2.4p5.(2P*<3/2>).5d 2[7/2]*,107141.171,3.0,4s2.4p5.(2P*<3/2>).7p 2[5/2],1.471,8.837e+05,0.49
3992.4445,108567.7689,2.0,4s2.4p5.(2P*<1/2>).6p 2[3/2],111072.5,1.0,4s2.4p5.(2P*<1/2>).7s 2[1/2]*,1.627,2.269e+06,0.83
4069.6251,103313.4726,1.0,4s2.4p5.(2P*<3/2>).6p 2[3/2],105770.7014,1.0,4s2.4p5.(2P*<3/2>).7s 2[3/2]*,0.7281,9.775e+05,0.45
4097.4100,110103.2339,2.0,4s2.4p5.(2P*<1/2>).5d 2[3/2]*,112543.8,2.0,4s2.4p5.(2P*<1/2>).7p 2[3/2],0.01005,7988,0.01
4129.1535,110121.9961,2.0,4s2.4p5.(2P*<1/2>).5d 2[5/2]*,112543.8,2.0,4s2.4p5.(2P*<1/2>).7p 2[3/2],0.4931,3.859e+05,-0.47
4152.6704,103362.6124,2.0,4s2.4p5.(2P*<3/2>).6p 2[3/2],105770.7014,1.0,4s2.4p5.(2P*<3/2>).7s 2[3/2]*,0.3575,4.61e+05,0.25
4189.2430,110103.2339,2.0,4s2.4p5.(2P*<1/2>).5d 2[3/2]*,112490.3,1.0,4s2.4p5.(2P*<1/2>).7p 2[3/2],0.1006,1.274e+05,0.03
4208.5702,110121.9961,2.0,4s2.4p5.(2P*<1/2>).5d 2[5/2]*,112498.1,1.0,4s2.4p5.(2P*<1/2>).7p 2[1/2],2.61,3.276e+06,0.92
4222.4311,110121.9961,2.0,4s2.4p5.(2P*<1/2>).5d 2[5/2]*,112490.3,1.0,4s2.4p5.(2P*<1/2>).7p 2[3/2],0.05562,6.937e+04,0.15
4238.4142,104887.315,1.0,4s2.4p5.(2P*<1/2>).4d 2[3/2]*,107246.688,2.0,4s2.4p5.(2P*<3/2>).7p 2[3/2],0.005898,4380,-0.02
4262.6636,103701.439,3.0,4s2.4p5.(2P*<1/2>).4d 2[5/2]*,106047.39,3.0,4s2.4p5.(2P*<3/2>).4f 2[7/2],0.0509,2.669e+04,0.1
4262.6636,103701.439,3.0,4s2.4p5.(2P*<1/2>).4d 2[5/2]*,106047.39,4.0,4s2.4p5.(2P*<3/2>).4f 2[7/2],0.1296,5.285e+04,0.04
4282.7260,103313.4726,1.0,4s2.4p5.(2P*<3/2>).6p 2[3/2],105648.434,1.0,4s2.4p5.(2P*<3/2>).5d 2[3/2]*,0.7601,9.215e+05,-0.75
4284.4571,104887.315,1.0,4s2.4p5.(2P*<1/2>).4d 2[3/2]*,107221.333,1.0,4s2.4p5.(2P*<3/2>).7p 2[3/2],0.06027,7.301e+04,-0.13
4284.5250,103313.4726,1.0,4s2.4p5.(2P*<3/2>).6p 2[3/2],105647.4536,2.0,4s2.4p5.(2P*<3/2>).7s 2[3/2]*,0.06592,4.791e+04,-0.16
4291.4609,104916.4792,3.0,4s2.4p5.(2P*<3/2>).5d 2[7/2]*,107246.688,2.0,4s2.4p5.(2P*<3/2>).7p 2[3/2],0.002788,2019,-0.01
4311.4524,103701.439,3.0,4s2.4p5.(2P*<1/2>).4d 2[5/2]*,106020.843,3.0,4s2.4p5.(2P*<3/2>).4f 2[5/2],0.09749,4.998e+04,-0.21
4335.8008,110237.421,3.0,4s2.4p5.(2P*<1/2>).5d 2[5/2]*,112543.8,2.0,4s2.4p5.(2P*<1/2>).7p 2[3/2],0.5642,4.004e+05,0.06
4351.3579,97595.9153,1.0,4s2.4p5.(2P*<1/2>).5p 2[3/2],99894.0485,1.0,4s2.4p5.(2P*<3/2>).6s 2[3/2]*,0.002701,3172,0.01
4357.2801,108438.2603,1.0,4s2.4p5.(2P*<1/2>).6p 2[3/2],110733.27,1.0,4s2.4p5.(2P*<1/2>).5d 2[3/2]*,0.1961,2.297e+05,0.36
4358.6102,105964.446,1.0,4s2.4p5.(2P*<3/2>).4f 2[3/2],108258.7553,1.0,4s2.4p5.(2P*<3/2>).6d 2[3/2]*,0.00173,2024,0.0
4360.7314,105965.562,2.0,4s2.4p5.(2P*<3/2>).4f 2[3/2],108258.7553,1.0,4s2.4p5.(2P*<3/2>).6d 2[3/2]*,0.004183,4891,-0.0
4371.8312,103701.439,3.0,4s2.4p5.(2P*<1/2>).4d 2[5/2]*,105988.81,4.0,4s2.4p5.(2P*<3/2>).4f 2[9/2],0.4698,1.822e+05,0.2
4374.7946,103362.6124,2.0,4s2.4p5.(2P*<3/2>).6p 2[3/2],105648.434,1.0,4s2.4p5.(2P*<3/2>).5d 2[3/2]*,0.001584,1840,-0.01
4376.6718,103362.6124,2.0,4s2.4p5.(2P*<3/2>).6p 2[3/2],105647.4536,2.0,4s2.4p5.(2P*<3/2>).7s 2[3/2]*,0.8455,5.888e+05,0.5
4393.0836,102887.1936,1.0,4s2.4p5.(2P*<3/2>).6p 2[1/2],105163.499,2.0,4s2.4p5.(2P*<3/2>).5d 2[5/2]*,0.01976,1.366e+04,0.04
4416.7212,103701.439,3.0,4s2.4p5.(2P*<1/2>).4d 2[5/2]*,105965.562,2.0,4s2.4p5.(2P*<3/2>).4f 2[3/2],0.01503,1.028e+04,-0.26
4416.8655,105146.33,1.0,4s2.4p5.(2P*<1/2>).6s 2[1/2]*,107410.379,0.0,4s2.4p5.(2P*<3/2>).7p 2[1/2],0.1269,4.338e+05,-0.3
4420.5884,108471.1277,2.0,4s2.4p5.(2P*<3/2>).5f 2[3/2],110733.27,1.0,4s2.4p5.(2P*<1/2>).5d 2[3/2]*,0.1807,2.056e+05,-0.09
4426.4702,102887.1936,1.0,4s2.4p5.(2P*<3/2>).6p 2[1/2],105146.33,1.0,4s2.4p5.(2P*<1/2>).6s 2[1/2]*,0.07877,8.939e+04,0.05
4437.5711,104887.315,1.0,4s2.4p5.(2P*<1/2>).4d 2[3/2]*,107140.8,2.0,4s2.4p5.(2P*<3/2>).7p 2[5/2],0.0009635,652.7,-0.01
4439.4742,108480.751,1.0,4s2.4p5.(2P*<3/2>).5f 2[3/2],110733.27,1.0,4s2.4p5.(2P*<1/2>).5d 2[3/2]*,0.02671,3.013e+04,0.23
4442.6062,108821.569,0.0,4s2.4p5.(2P*<1/2>).6p 2[1/2],111072.5,1.0,4s2.4p5.(2P*<1/2>).7s 2[1/2]*,0.5221,5.882e+05,-0.73
4465.3961,105007.245,2.0,4s2.4p5.(2P*<3/2>).5d 2[3/2]*,107246.688,2.0,4s2.4p5.(2P*<3/2>).7p 2[3/2],0.5793,3.876e+05,-0.5
4469.9764,106021.607,2.0,4s2.4p5.(2P*<3/2>).4f 2[5/2],108258.7553,1.0,4s2.4p5.(2P*<3/2>).6d 2[3/2]*,0.08398,9.345e+04,0.04
4485.5138,108503.871,2.0,4s2.4p5.(2P*<3/2>).5f 2[5/2],110733.27,1.0,4s2.4p5.(2P*<1/2>).5d 2[3/2]*,0.02253,2.489e+04,-0.01
4495.0047,104916.4792,3.0,4s2.4p5.(2P*<3/2>).5d 2[7/2]*,107141.171,3.0,4s2.4p5.(2P*<3/2>).7p 2[5/2],0.09,4.245e+04,0.59
4495.7544,104916.4792,3.0,4s2.4p5.(2P*<3/2>).5d 2[7/2]*,107140.8,2.0,4s2.4p5.(2P*<3/2>).7p 2[5/2],1.198,7.91e+05,0.69
4504.8817,103801.7929,1.0,4s2.4p5.(2P*<3/2>).5d 2[1/2]*,106021.607,2.0,4s2.4p5.(2P*<3/2>).4f 2[5/2],0.0285,1.873e+04,-0.02
4506.3566,108514.1824,1.0,4s2.4p5.(2P*<1/2>).6p 2[1/2],110733.27,1.0,4s2.4p5.(2P*<1/2>).5d 2[3/2]*,0.1762,1.929e+05,-0.3
4516.5323,105007.245,2.0,4s2.4p5.(2P*<3/2>).5d 2[3/2]*,107221.333,1.0,4s2.4p5.(2P*<3/2>).7p 2[3/2],0.06429,7.008e+04,0.11
4536.8831,102887.1936,1.0,4s2.4p5.(2P*<3/2>).6p 2[1/2],105091.35,0.0,4s2.4p5.(2P*<1/2>).6s 2[1/2]*,0.03063,9.926e+04,0.04
4617.8688,108567.7689,2.0,4s2.4p5.(2P*<1/2>).6p 2[3/2],110733.27,1.0,4s2.4p5.(2P*<1/2>).5d 2[3/2]*,0.01283,1.337e+04,0.05
4621.5652,103801.7929,1.0,4s2.4p5.(2P*<3/2>).5d 2[1/2]*,105965.562,2.0,4s2.4p5.(2P*<3/2>).4f 2[3/2],1.168,7.294e+05,0.45
4623.9501,103801.7929,1.0,4s2.4p5.(2P*<3/2>).5d 2[1/2]*,105964.446,1.0,4s2.4p5.(2P*<3/2>).4f 2[3/2],0.5773,6.004e+05,-0.59
4653.6736,111381.16,2.0,4s2.4p5.(2P*<1/2>).4f 2[5/2],113530.0,1.0,4s2.4p5.(2P*<1/2>).6d 2[3/2]*,0.4917,5.048e+05,-0.69
4686.1981,105007.245,2.0,4s2.4p5.(2P*<3/2>).5d 2[3/2]*,107141.171,3.0,4s2.4p5.(2P*<3/2>).7p 2[5/2],0.004658,2021,-0.02
4687.0130,105007.245,2.0,4s2.4p5.(2P*<3/2>).5d 2[3/2]*,107140.8,2.0,4s2.4p5.(2P*<3/2>).7p 2[5/2],0.001341,814.6,0.01
4694.8732,105091.35,0.0,4s2.4p5.(2P*<1/2>).6s 2[1/2]*,107221.333,1.0,4s2.4p5.(2P*<3/2>).7p 2[3/2],0.01412,1.425e+04,0.42
4716.8668,102887.1936,1.0,4s2.4p5.(2P*<3/2>).6p 2[1/2],105007.245,2.0,4s2.4p5.(2P*<3/2>).5d 2[3/2]*,0.8885,5.327e+05,-0.27
4721.3105,104887.315,1.0,4s2.4p5.(2P*<1/2>).4d 2[3/2]*,107005.371,1.0,4s2.4p5.(2P*<3/2>).7p 2[1/2],0.008492,8471,0.01
4778.1923,103115.6343,3.0,4s2.4p5.(2P*<3/2>).6p 2[5/2],105208.476,3.0,4s2.4p5.(2P*<3/2>).5d 2[5/2]*,1.1,4.592e+05,0.85
4790.7999,103121.1419,2.0,4s2.4p5.(2P*<3/2>).6p 2[5/2],105208.476,3.0,4s2.4p5.(2P*<3/2>).5d 2[5/2]*,0.02042,8479,-0.01
4800.3326,105163.499,2.0,4s2.4p5.(2P*<3/2>).5d 2[5/2]*,107246.688,2.0,4s2.4p5.(2P*<3/2>).7p 2[3/2],0.06605,3.824e+04,0.24
4805.9635,105965.562,2.0,4s2.4p5.(2P*<3/2>).4f 2[3/2],108046.3102,3.0,4s2.4p5.(2P*<3/2>).6d 2[5/2]*,0.005958,2458,-0.24
4819.2701,105146.33,1.0,4s2.4p5.(2P*<1/2>).6s 2[1/2]*,107221.333,1.0,4s2.4p5.(2P*<3/2>).7p 2[3/2],0.1049,1.004e+05,-0.25
4859.4785,105163.499,2.0,4s2.4p5.(2P*<3/2>).5d 2[5/2]*,107221.333,1.0,4s2.4p5.(2P*<3/2>).7p 2[3/2],0.589,5.545e+05,0.56
4860.2668,105988.81,4.0,4s2.4p5.(2P*<3/2>).4f 2[9/2],108046.3102,3.0,4s2.4p5.(2P*<3/2>).6d 2[5/2]*,0.1861,7.509e+04,0.2
4877.3429,97595.9153,1.0,4s2.4p5.(2P*<1/2>).5p 2[3/2],99646.212,1.0,4s2.4p5.(2P*<3/2>).4d 2[3/2]*,0.001862,1740,0.01
4883.1351,103115.6343,3.0,4s2.4p5.(2P*<3/2>).6p 2[5/2],105163.499,2.0,4s2.4p5.(2P*<3/2>).5d 2[5/2]*,0.06016,3.366e+04,0.83
4896.3034,103121.1419,2.0,4s2.4p5.(2P*<3/2>).6p 2[5/2],105163.499,2.0,4s2.4p5.(2P*<3/2>).5d 2[5/2]*,1.007,5.602e+05,0.86
4906.2610,105208.476,3.0,4s2.4p5.(2P*<3/2>).5d 2[5/2]*,107246.688,2.0,4s2.4p5.(2P*<3/2>).7p 2[3/2],0.9717,5.385e+05,0.61
4923.7636,97595.9153,1.0,4s2.4p5.(2P*<1/2>).5p 2[3/2],99626.882,2.0,4s2.4p5.(2P*<3/2>).6s 2[3/2]*,0.0001312,72.18,0.0
4930.1382,105964.446,1.0,4s2.4p5.(2P*<3/2>).4f 2[3/2],107992.7867,2.0,4s2.4p5.(2P*<3/2>).6d 2[5/2]*,0.001776,974.7,-0.17
4932.8523,105965.562,2.0,4s2.4p5.(2P*<3/2>).4f 2[3/2],107992.7867,2.0,4s2.4p5.(2P*<3/2>).6d 2[5/2]*,0.013,7125,0.11
4937.1325,106020.843,3.0,4s2.4p5.(2P*<3/2>).4f 2[5/2],108046.3102,3.0,4s2.4p5.(2P*<3/2>).6d 2[5/2]*,0.01545,6041,-0.06
4937.8129,103121.1419,2.0,4s2.4p5.(2P*<3/2>).6p 2[5/2],105146.33,1.0,4s2.4p5.(2P*<1/2>).6s 2[1/2]*,0.1402,1.279e+05,0.06
4977.4328,103761.6336,0.0,4s2.4p5.(2P*<3/2>).6p 2[1/2],105770.7014,1.0,4s2.4p5.(2P*<3/2>).7s 2[3/2]*,0.4671,4.192e+05,0.62
4999.6965,102887.1936,1.0,4s2.4p5.(2P*<3/2>).6p 2[1/2],104887.315,1.0,4s2.4p5.(2P*<1/2>).4d 2[3/2]*,0.4934,4.388e+05,-0.46
5002.7010,106047.39,3.0,4s2.4p5.(2P*<3/2>).4f 2[7/2],108046.3102,3.0,4s2.4p5.(2P*<3/2>).6d 2[5/2]*,0.03552,1.352e+04,0.21
5002.7010,106047.39,4.0,4s2.4p5.(2P*<3/2>).4f 2[7/2],108046.3102,3.0,4s2.4p5.(2P*<3/2>).6d 2[5/2]*,0.4536,1.727e+05,-0.3
5004.6894,105007.245,2.0,4s2.4p5.(2P*<3/2>).5d 2[3/2]*,107005.371,1.0,4s2.4p5.(2P*<3/2>).7p 2[1/2],0.1308,1.161e+05,0.08
5013.8633,105146.33,1.0,4s2.4p5.(2P*<1/2>).6s 2[1/2]*,107140.8,2.0,4s2.4p5.(2P*<3/2>).7p 2[5/2],0.3655,1.94e+05,-0.68
5056.4502,105163.499,2.0,4s2.4p5.(2P*<3/2>).5d 2[5/2]*,107141.171,3.0,4s2.4p5.(2P*<3/2>).7p 2[5/2],0.02164,8066,-0.74
5057.3989,105163.499,2.0,4s2.4p5.(2P*<3/2>).5d 2[5/2]*,107140.8,2.0,4s2.4p5.(2P*<3/2>).7p 2[5/2],0.2923,1.525e+05,-0.81
5063.5432,97919.1468,1.0,4s2.4p5.(2P*<1/2>).5p 2[1/2],99894.0485,1.0,4s2.4p5.(2P*<3/2>).6s 2[3/2]*,0.001968,1706,-0.01
5071.1387,106020.843,3.0,4s2.4p5.(2P*<3/2>).4f 2[5/2],107992.7867,2.0,4s2.4p5.(2P*<3/2>).6d 2[5/2]*,0.1217,6.316e+04,0.12
5073.1042,106021.607,2.0,4s2.4p5.(2P*<3/2>).4f 2[5/2],107992.7867,2.0,4s2.4p5.(2P*<3/2>).6d 2[5/2]*,0.01537,7968,0.14
5131.1467,97945.1664,2.0,4s2.4p5.(2P*<1/2>).5p 2[3/2],99894.0485,1.0,4s2.4p5.(2P*<3/2>).6s 2[3/2]*,0.0006632,560.1,0.0
5140.3398,106047.39,3.0,4s2.4p5.(2P*<3/2>).4f 2[7/2],107992.7867,2.0,4s2.4p5.(2P*<3/2>).6d 2[5/2]*,0.001694,855.3,0.01
5167.8785,110733.27,1.0,4s2.4p5.(2P*<1/2>).5d 2[3/2]*,112668.3,0.0,4s2.4p5.(2P*<1/2>).7p 2[1/2],0.07806,1.95e+05,-0.06
5174.1221,105208.476,3.0,4s2.4p5.(2P*<3/2>).5d 2[5/2]*,107141.171,3.0,4s2.4p5.(2P*<3/2>).7p 2[5/2],0.3855,1.372e+05,-0.89
5175.1156,105208.476,3.0,4s2.4p5.(2P*<3/2>).5d 2[5/2]*,107140.8,2.0,4s2.4p5.(2P*<3/2>).7p 2[5/2],0.1198,5.969e+04,0.17
5224.6031,105091.35,0.0,4s2.4p5.(2P*<1/2>).6s 2[1/2]*,107005.371,1.0,4s2.4p5.(2P*<3/2>).7p 2[1/2],0.0586,4.773e+04,-0.67
5230.9435,108821.569,0.0,4s2.4p5.(2P*<1/2>).6p 2[1/2],110733.27,1.0,4s2.4p5.(2P*<1/2>).5d 2[3/2]*,0.3284,2.668e+05,-0.33
5231.9151,105965.562,2.0,4s2.4p5.(2P*<3/2>).4f 2[3/2],107876.908,3.0,4s2.4p5.(2P*<3/2>).6d 2[7/2]*,0.0007734,269.2,-0.02
5286.5000,103115.6343,3.0,4s2.4p5.(2P*<3/2>).6p 2[5/2],105007.245,2.0,4s2.4p5.(2P*<3/2>).5d 2[3/2]*,0.02933,1.4e+04,-0.1
5288.2772,104073.471,0.0,4s2.4p5.(2P*<3/2>).5d 2[1/2]*,105964.446,1.0,4s2.4p5.(2P*<3/2>).4f 2[3/2],0.8421,6.695e+05,0.82
5296.3353,105988.81,4.0,4s2.4p5.(2P*<3/2>).4f 2[9/2],107876.908,3.0,4s2.4p5.(2P*<3/2>).6d 2[7/2]*,0.006119,2079,0.0
5299.9777,103761.6336,0.0,4s2.4p5.(2P*<3/2>).6p 2[1/2],105648.434,1.0,4s2.4p5.(2P*<3/2>).5d 2[3/2]*,0.9835,7.785e+05,0.79
5301.9371,103121.1419,2.0,4s2.4p5.(2P*<3/2>).6p 2[5/2],105007.245,2.0,4s2.4p5.(2P*<3/2>).5d 2[3/2]*,0.04232,2.009e+04,-0.06
5379.1175,105146.33,1.0,4s2.4p5.(2P*<1/2>).6s 2[1/2]*,107005.371,1.0,4s2.4p5.(2P*<3/2>).7p 2[1/2],0.2427,1.865e+05,-0.5
5387.7423,106020.843,3.0,4s2.4p5.(2P*<3/2>).4f 2[5/2],107876.908,3.0,4s2.4p5.(2P*<3/2>).6d 2[7/2]*,0.03857,1.266e+04,-0.08
5389.9610,106021.607,2.0,4s2.4p5.(2P*<3/2>).4f 2[5/2],107876.908,3.0,4s2.4p5.(2P*<3/2>).6d 2[7/2]*,0.002672,876.5,-0.07
5405.3283,103313.4726,1.0,4s2.4p5.(2P*<3/2>).6p 2[3/2],105163.499,2.0,4s2.4p5.(2P*<3/2>).5d 2[5/2]*,1.799,8.213e+05,-0.72
5417.5184,103362.6124,2.0,4s2.4p5.(2P*<3/2>).6p 2[3/2],105208.476,3.0,4s2.4p5.(2P*<3/2>).5d 2[5/2]*,3.077,9.989e+05,-0.81
5455.9618,103313.4726,1.0,4s2.4p5.(2P*<3/2>).6p 2[3/2],105146.33,1.0,4s2.4p5.(2P*<1/2>).6s 2[1/2]*,0.02334,1.743e+04,0.02
5457.2254,105964.446,1.0,4s2.4p5.(2P*<3/2>).4f 2[3/2],107796.879,2.0,4s2.4p5.(2P*<3/2>).6d 2[3/2]*,0.01099,4921,-0.37
5460.5511,105965.562,2.0,4s2.4p5.(2P*<3/2>).4f 2[3/2],107796.879,2.0,4s2.4p5.(2P*<3/2>).6d 2[3/2]*,0.1132,5.066e+04,0.4
5465.9205,106047.39,3.0,4s2.4p5.(2P*<3/2>).4f 2[7/2],107876.908,3.0,4s2.4p5.(2P*<3/2>).6d 2[7/2]*,0.00661,2108,-0.02
5465.9205,106047.39,4.0,4s2.4p5.(2P*<3/2>).4f 2[7/2],107876.908,3.0,4s2.4p5.(2P*<3/2>).6d 2[7/2]*,1.466,4.676e+05,-0.56
5523.2446,110733.27,1.0,4s2.4p5.(2P*<1/2>).5d 2[3/2]*,112543.8,2.0,4s2.4p5.(2P*<1/2>).7p 2[3/2],0.02285,9992,0.16
5552.8205,103362.6124,2.0,4s2.4p5.(2P*<3/2>).6p 2[3/2],105163.499,2.0,4s2.4p5.(2P*<3/2>).5d 2[5/2]*,0.05934,2.567e+04,-0.11
5552.9491,103115.6343,3.0,4s2.4p5.(2P*<3/2>).6p 2[5/2],104916.4792,3.0,4s2.4p5.(2P*<3/2>).5d 2[7/2]*,0.2759,8.525e+04,-0.78
5569.9840,103121.1419,2.0,4s2.4p5.(2P*<3/2>).6p 2[5/2],104916.4792,3.0,4s2.4p5.(2P*<3/2>).5d 2[7/2]*,3.522,1.082e+06,-0.85
5586.3232,105988.81,4.0,4s2.4p5.(2P*<3/2>).4f 2[9/2],107778.8962,4.0,4s2.4p5.(2P*<3/2>).6d 2[7/2]*,0.1477,3.508e+04,-0.89
5586.3232,105988.81,5.0,4s2.4p5.(2P*<3/2>).4f 2[9/2],107778.8962,4.0,4s2.4p5.(2P*<3/2>).6d 2[7/2]*,0.9692,2.302e+05,-0.82
5606.2686,103362.6124,2.0,4s2.4p5.(2P*<3/2>).6p 2[3/2],105146.33,1.0,4s2.4p5.(2P*<1/2>).6s 2[1/2]*,0.006017,4256,0.0
5624.6848,103313.4726,1.0,4s2.4p5.(2P*<3/2>).6p 2[3/2],105091.35,0.0,4s2.4p5.(2P*<1/2>).6s 2[1/2]*,0.00324,6831,-0.01
5632.9396,106021.607,2.0,4s2.4p5.(2P*<3/2>).4f 2[5/2],107796.879,2.0,4s2.4p5.(2P*<3/2>).6d 2[3/2]*,0.01572,6608,-0.1
5650.1108,97085.193,1.0,4s2.4p5.(2P*<3/2>).4d 2[1/2]*,98855.0698,0.0,4s2.4p5.(2P*<1/2>).5p 2[1/2],0.003014,6298,-0.03
5661.5739,108471.1277,2.0,4s2.4p5.(2P*<3/2>).5f 2[3/2],110237.421,3.0,4s2.4p5.(2P*<1/2>).5d 2[5/2]*,0.01308,3888,-0.08
5661.9592,103121.1419,2.0,4s2.4p5.(2P*<3/2>).6p 2[5/2],104887.315,1.0,4s2.4p5.(2P*<1/2>).4d 2[3/2]*,0.006222,4316,-0.02
5675.5461,105648.434,1.0,4s2.4p5.(2P*<3/2>).5d 2[3/2]*,107410.379,0.0,4s2.4p5.(2P*<3/2>).7p 2[1/2],1.021,2.115e+06,-0.5
5688.1100,106020.843,3.0,4s2.4p5.(2P*<3/2>).4f 2[5/2],107778.8962,4.0,4s2.4p5.(2P*<3/2>).6d 2[7/2]*,0.003528,808.2,0.9
5713.1692,108487.079,4.0,4s2.4p5.(2P*<3/2>).5f 2[9/2],110237.421,3.0,4s2.4p5.(2P*<1/2>).5d 2[5/2]*,5.208,1.52e+06,0.62
5715.9548,106047.39,3.0,4s2.4p5.(2P*<3/2>).4f 2[7/2],107796.879,2.0,4s2.4p5.(2P*<3/2>).6d 2[3/2]*,0.4283,1.749e+05,-0.36
5766.4041,108503.238,3.0,4s2.4p5.(2P*<3/2>).5f 2[5/2],110237.421,3.0,4s2.4p5.(2P*<1/2>).5d 2[5/2]*,0.04506,1.291e+04,-0.05
5768.5097,108503.871,2.0,4s2.4p5.(2P*<3/2>).5f 2[5/2],110237.421,3.0,4s2.4p5.(2P*<1/2>).5d 2[5/2]*,0.05148,1.474e+04,-0.49
5775.3186,106047.39,3.0,4s2.4p5.(2P*<3/2>).4f 2[7/2],107778.8962,4.0,4s2.4p5.(2P*<3/2>).6d 2[7/2]*,0.01012,2249,-0.9
5775.3186,106047.39,4.0,4s2.4p5.(2P*<3/2>).4f 2[7/2],107778.8962,4.0,4s2.4p5.(2P*<3/2>).6d 2[7/2]*,0.000853,189.6,-0.01
5790.1694,97919.1468,1.0,4s2.4p5.(2P*<1/2>).5p 2[1/2],99646.212,1.0,4s2.4p5.(2P*<3/2>).4d 2[3/2]*,6.789e-05,45.02,0.0
5812.4632,108516.98,4.0,4s2.4p5.(2P*<3/2>).5f 2[7/2],110237.421,3.0,4s2.4p5.(2P*<1/2>).5d 2[5/2]*,0.1058,2.984e+04,-0.02
5812.4632,108516.98,3.0,4s2.4p5.(2P*<3/2>).5f 2[7/2],110237.421,3.0,4s2.4p5.(2P*<1/2>).5d 2[5/2]*,0.6769,1.909e+05,0.52
5842.1353,105964.446,1.0,4s2.4p5.(2P*<3/2>).4f 2[3/2],107676.1489,1.0,4s2.4p5.(2P*<3/2>).6d 2[1/2]*,0.1198,7.807e+04,0.62
5845.9468,105965.562,2.0,4s2.4p5.(2P*<3/2>).4f 2[3/2],107676.1489,1.0,4s2.4p5.(2P*<3/2>).6d 2[1/2]*,0.2466,1.604e+05,-0.44
5855.7088,97919.1468,1.0,4s2.4p5.(2P*<1/2>).5p 2[1/2],99626.882,2.0,4s2.4p5.(2P*<3/2>).6s 2[3/2]*,0.02751,1.07e+04,-0.1
5878.7372,97945.1664,2.0,4s2.4p5.(2P*<1/2>).5p 2[3/2],99646.212,1.0,4s2.4p5.(2P*<3/2>).4d 2[3/2]*,0.0002344,150.8,0.0
5903.9810,103313.4726,1.0,4s2.4p5.(2P*<3/2>).6p 2[3/2],105007.245,2.0,4s2.4p5.(2P*<3/2>).5d 2[3/2]*,0.211,8.074e+04,-0.17
5939.1741,108438.2603,1.0,4s2.4p5.(2P*<1/2>).6p 2[3/2],110121.9961,2.0,4s2.4p5.(2P*<1/2>).5d 2[5/2]*,0.02281,8626,0.04
5946.3086,97945.1664,2.0,4s2.4p5.(2P*<1/2>).5p 2[3/2],99626.882,2.0,4s2.4p5.(2P*<3/2>).6s 2[3/2]*,0.003254,1228,0.01
5989.2717,108567.7689,2.0,4s2.4p5.(2P*<1/2>).6p 2[3/2],110237.421,3.0,4s2.4p5.(2P*<1/2>).5d 2[5/2]*,2.49,6.614e+05,-0.74
6006.1012,108438.2603,1.0,4s2.4p5.(2P*<1/2>).6p 2[3/2],110103.2339,2.0,4s2.4p5.(2P*<1/2>).5d 2[3/2]*,1.952,7.219e+05,-0.82
6043.9690,106021.607,2.0,4s2.4p5.(2P*<3/2>).4f 2[5/2],107676.1489,1.0,4s2.4p5.(2P*<3/2>).6d 2[1/2]*,0.006399,3895,0.01
6057.4180,108471.1277,2.0,4s2.4p5.(2P*<3/2>).5f 2[3/2],110121.9961,2.0,4s2.4p5.(2P*<1/2>).5d 2[5/2]*,0.07887,2.867e+04,0.12
6080.3854,103362.6124,2.0,4s2.4p5.(2P*<3/2>).6p 2[3/2],105007.245,2.0,4s2.4p5.(2P*<3/2>).5d 2[3/2]*,1.22,4.403e+05,0.74
6098.7599,105770.7014,1.0,4s2.4p5.(2P*<3/2>).7s 2[3/2]*,107410.379,0.0,4s2.4p5.(2P*<3/2>).7p 2[1/2],0.53,9.504e+05,-0.55
6100.7196,105964.446,1.0,4s2.4p5.(2P*<3/2>).4f 2[3/2],107603.5969,0.0,4s2.4p5.(2P*<3/2>).6d 2[1/2]*,0.1359,2.436e+05,-0.71
6163.3932,108480.751,1.0,4s2.4p5.(2P*<3/2>).5f 2[3/2],110103.2339,2.0,4s2.4p5.(2P*<1/2>).5d 2[3/2]*,0.06888,2.419e+04,-0.28
6177.5753,108503.238,3.0,4s2.4p5.(2P*<3/2>).5f 2[5/2],110121.9961,2.0,4s2.4p5.(2P*<1/2>).5d 2[5/2]*,0.3716,1.299e+05,-0.13
6179.9919,108503.871,2.0,4s2.4p5.(2P*<3/2>).5f 2[5/2],110121.9961,2.0,4s2.4p5.(2P*<1/2>).5d 2[5/2]*,0.03051,1.066e+04,-0.08
6219.6261,108514.1824,1.0,4s2.4p5.(2P*<1/2>).6p 2[1/2],110121.9961,2.0,4s2.4p5.(2P*<1/2>).5d 2[5/2]*,2.109,7.273e+05,-0.81
6250.0160,108503.238,3.0,4s2.4p5.(2P*<3/2>).5f 2[5/2],110103.2339,2.0,4s2.4p5.(2P*<1/2>).5d 2[3/2]*,0.008685,2966,-0.02
6252.4897,108503.871,2.0,4s2.4p5.(2P*<3/2>).5f 2[5/2],110103.2339,2.0,4s2.4p5.(2P*<1/2>).5d 2[3/2]*,0.1273,4.344e+04,0.3
6252.9921,105647.4536,2.0,4s2.4p5.(2P*<3/2>).7s 2[3/2]*,107246.688,2.0,4s2.4p5.(2P*<3/2>).7p 2[3/2],2.672,9.118e+05,-0.68
6293.0622,108514.1824,1.0,4s2.4p5.(2P*<1/2>).6p 2[1/2],110103.2339,2.0,4s2.4p5.(2P*<1/2>).5d 2[3/2]*,0.09762,3.288e+04,-0.14
6304.1610,108516.98,3.0,4s2.4p5.(2P*<3/2>).5f 2[7/2],110103.2339,2.0,4s2.4p5.(2P*<1/2>).5d 2[3/2]*,0.3845,1.291e+05,-0.17
6353.7270,105647.4536,2.0,4s2.4p5.(2P*<3/2>).7s 2[3/2]*,107221.333,1.0,4s2.4p5.(2P*<3/2>).7p 2[3/2],0.2953,1.627e+05,0.56
6353.8763,103313.4726,1.0,4s2.4p5.(2P*<3/2>).6p 2[3/2],104887.315,1.0,4s2.4p5.(2P*<1/2>).4d 2[3/2]*,0.008332,4589,0.02
6357.6873,105648.434,1.0,4s2.4p5.(2P*<3/2>).5d 2[3/2]*,107221.333,1.0,4s2.4p5.(2P*<3/2>).7p 2[3/2],1.111,6.112e+05,0.86
6434.0658,108567.7689,2.0,4s2.4p5.(2P*<1/2>).6p 2[3/2],110121.9961,2.0,4s2.4p5.(2P*<1/2>).5d 2[5/2]*,0.3127,1.008e+05,0.27
6435.5581,103362.6124,2.0,4s2.4p5.(2P*<3/2>).6p 2[3/2],104916.4792,3.0,4s2.4p5.(2P*<3/2>).5d 2[7/2]*,0.05088,1.171e+04,-0.06
6512.6851,108567.7689,2.0,4s2.4p5.(2P*<1/2>).6p 2[3/2],110103.2339,2.0,4s2.4p5.(2P*<1/2>).5d 2[3/2]*,0.2137,6.723e+04,-0.28
6558.6561,103362.6124,2.0,4s2.4p5.(2P*<3/2>).6p 2[3/2],104887.315,1.0,4s2.4p5.(2P*<1/2>).4d 2[3/2]*,0.15,7.754e+04,0.5
6600.9402,103115.6343,3.0,4s2.4p5.(2P*<3/2>).6p 2[5/2],104630.57,4.0,4s2.4p5.(2P*<3/2>).5d 2[7/2]*,4.457,7.581e+05,-0.95
6694.7068,105647.4536,2.0,4s2.4p5.(2P*<3/2>).7s 2[3/2]*,107141.171,3.0,4s2.4p5.(2P*<3/2>).7p 2[5/2],5.043,1.072e+06,-1.0
6696.3700,105647.4536,2.0,4s2.4p5.(2P*<3/2>).7s 2[3/2]*,107140.8,2.0,4s2.4p5.(2P*<3/2>).7p 2[5/2],0.377,1.122e+05,0.83
6700.7691,105648.434,1.0,4s2.4p5.(2P*<3/2>).5d 2[3/2]*,107140.8,2.0,4s2.4p5.(2P*<3/2>).7p 2[5/2],0.02836,8426,-0.17
6775.1293,105770.7014,1.0,4s2.4p5.(2P*<3/2>).7s 2[3/2]*,107246.688,2.0,4s2.4p5.(2P*<3/2>).7p 2[3/2],0.3101,9.013e+04,-0.2
6893.5490,105770.7014,1.0,4s2.4p5.(2P*<3/2>).7s 2[3/2]*,107221.333,1.0,4s2.4p5.(2P*<3/2>).7p 2[3/2],1.407,6.585e+05,-0.8
7058.0596,104630.57,4.0,4s2.4p5.(2P*<3/2>).5d 2[7/2]*,106047.39,3.0,4s2.4p5.(2P*<3/2>).4f 2[7/2],0.03351,6409,0.86
7192.8319,104630.57,4.0,4s2.4p5.(2P*<3/2>).5d 2[7/2]*,106020.843,3.0,4s2.4p5.(2P*<3/2>).4f 2[5/2],0.01779,3277,-0.93
7221.7997,103761.6336,0.0,4s2.4p5.(2P*<3/2>).6p 2[1/2],105146.33,1.0,4s2.4p5.(2P*<1/2>).6s 2[1/2]*,0.01629,6943,0.03
7298.7448,105770.7014,1.0,4s2.4p5.(2P*<3/2>).7s 2[3/2]*,107140.8,2.0,4s2.4p5.(2P*<3/2>).7p 2[5/2],2.647,6.629e+05,-0.92
7362.4691,104630.57,4.0,4s2.4p5.(2P*<3/2>).5d 2[7/2]*,105988.81,4.0,4s2.4p5.(2P*<3/2>).4f 2[9/2],0.7297,9.977e+04,0.93
7362.4691,104630.57,4.0,4s2.4p5.(2P*<3/2>).5d 2[7/2]*,105988.81,5.0,4s2.4p5.(2P*<3/2>).4f 2[9/2],5.323,5.954e+05,0.93
7364.2182,105647.4536,2.0,4s2.4p5.(2P*<3/2>).7s 2[3/2]*,107005.371,1.0,4s2.4p5.(2P*<3/2>).7p 2[1/2],1.982,8.128e+05,-0.89
7369.5389,105648.434,1.0,4s2.4p5.(2P*<3/2>).5d 2[3/2]*,107005.371,1.0,4s2.4p5.(2P*<3/2>).7p 2[1/2],0.08677,3.552e+04,0.22
7825.1786,110103.2339,2.0,4s2.4p5.(2P*<1/2>).5d 2[3/2]*,111381.16,2.0,4s2.4p5.(2P*<1/2>).4f 2[5/2],0.09884,2.153e+04,0.19
7864.6420,97595.9153,1.0,4s2.4p5.(2P*<1/2>).5p 2[3/2],98867.429,2.0,4s2.4p5.(2P*<3/2>).4d 2[5/2]*,0.001127,243.2,0.0
7978.3990,107005.371,1.0,4s2.4p5.(2P*<3/2>).7p 2[1/2],108258.7553,1.0,4s2.4p5.(2P*<3/2>).6d 2[3/2]*,0.08262,2.886e+04,-0.07
8099.3328,105770.7014,1.0,4s2.4p5.(2P*<3/2>).7s 2[3/2]*,107005.371,1.0,4s2.4p5.(2P*<3/2>).7p 2[1/2],0.2843,9.636e+04,-0.3
8429.7315,102887.1936,1.0,4s2.4p5.(2P*<3/2>).6p 2[1/2],104073.471,0.0,4s2.4p5.(2P*<3/2>).5d 2[1/2]*,0.3266,3.066e+05,-0.59
8713.4367,96771.494,0.0,4s2.4p5.(2P*<3/2>).4d 2[1/2]*,97919.1468,1.0,4s2.4p5.(2P*<1/2>).5p 2[1/2],0.008762,2566,0.1
8730.4213,107676.1489,1.0,4s2.4p5.(2P*<3/2>).6d 2[1/2]*,108821.569,0.0,4s2.4p5.(2P*<1/2>).6p 2[1/2],0.00726,6354,-0.03
8768.2456,110237.421,3.0,4s2.4p5.(2P*<1/2>).5d 2[5/2]*,111377.9,4.0,4s2.4p5.(2P*<1/2>).4f 2[7/2],1.916,1.847e+05,-0.8
8816.0721,104887.315,1.0,4s2.4p5.(2P*<1/2>).4d 2[3/2]*,106021.607,2.0,4s2.4p5.(2P*<3/2>).4f 2[5/2],0.06589,1.131e+04,-0.06
8816.7825,97945.1664,2.0,4s2.4p5.(2P*<1/2>).5p 2[3/2],99079.367,3.0,4s2.4p5.(2P*<3/2>).4d 2[5/2]*,0.0001853,22.71,0.0
8842.4304,104916.4792,3.0,4s2.4p5.(2P*<3/2>).5d 2[7/2]*,106047.39,3.0,4s2.4p5.(2P*<3/2>).4f 2[7/2],0.001947,237.3,-0.01
8842.4304,104916.4792,3.0,4s2.4p5.(2P*<3/2>).5d 2[7/2]*,106047.39,4.0,4s2.4p5.(2P*<3/2>).4f 2[7/2],1.935,1.834e+05,0.75
8944.9015,107140.8,2.0,4s2.4p5.(2P*<3/2>).7p 2[5/2],108258.7553,1.0,4s2.4p5.(2P*<3/2>).6d 2[3/2]*,0.02997,8328,-0.33
9048.7272,104916.4792,3.0,4s2.4p5.(2P*<3/2>).5d 2[7/2]*,106021.607,2.0,4s2.4p5.(2P*<3/2>).4f 2[5/2],0.007292,1188,0.28
9054.9871,104916.4792,3.0,4s2.4p5.(2P*<3/2>).5d 2[7/2]*,106020.843,3.0,4s2.4p5.(2P*<3/2>).4f 2[5/2],0.3894,4.526e+04,0.79
9274.3128,104887.315,1.0,4s2.4p5.(2P*<1/2>).4d 2[3/2]*,105965.562,2.0,4s2.4p5.(2P*<3/2>).4f 2[3/2],0.3733,5.789e+04,0.43
9283.9218,104887.315,1.0,4s2.4p5.(2P*<1/2>).4d 2[3/2]*,105964.446,1.0,4s2.4p5.(2P*<3/2>).4f 2[3/2],0.1902,4.906e+04,-0.6
9325.4805,104916.4792,3.0,4s2.4p5.(2P*<3/2>).5d 2[7/2]*,105988.81,4.0,4s2.4p5.(2P*<3/2>).4f 2[9/2],0.5736,4.889e+04,-0.48
9532.1361,104916.4792,3.0,4s2.4p5.(2P*<3/2>).5d 2[7/2]*,105965.562,2.0,4s2.4p5.(2P*<3/2>).4f 2[3/2],0.01504,2208,0.63
9614.0442,105007.245,2.0,4s2.4p5.(2P*<3/2>).5d 2[3/2]*,106047.39,3.0,4s2.4p5.(2P*<3/2>).4f 2[7/2],1.446,1.491e+05,0.54
9618.1591,112490.3,1.0,4s2.4p5.(2P*<1/2>).7p 2[3/2],113530.0,1.0,4s2.4p5.(2P*<1/2>).6d 2[3/2]*,0.2135,5.13e+04,0.24
9624.8364,98855.0698,0.0,4s2.4p5.(2P*<1/2>).5p 2[1/2],99894.0485,1.0,4s2.4p5.(2P*<3/2>).6s 2[3/2]*,0.003229,774.9,0.04
9639.2761,107221.333,1.0,4s2.4p5.(2P*<3/2>).7p 2[3/2],108258.7553,1.0,4s2.4p5.(2P*<3/2>).6d 2[3/2]*,0.2384,5.706e+04,0.31
9690.8615,112498.1,1.0,4s2.4p5.(2P*<1/2>).7p 2[1/2],113530.0,1.0,4s2.4p5.(2P*<1/2>).6d 2[3/2]*,0.4635,1.097e+05,-0.87
9858.4135,105007.245,2.0,4s2.4p5.(2P*<3/2>).5d 2[3/2]*,106021.607,2.0,4s2.4p5.(2P*<3/2>).4f 2[5/2],0.06664,9148,0.2
9880.7658,107246.688,2.0,4s2.4p5.(2P*<3/2>).7p 2[3/2],108258.7553,1.0,4s2.4p5.(2P*<3/2>).6d 2[3/2]*,0.0467,1.064e+04,0.22
10139.9310,112543.8,2.0,4s2.4p5.(2P*<1/2>).7p 2[3/2],113530.0,1.0,4s2.4p5.(2P*<1/2>).6d 2[3/2]*,0.04016,8685,0.22
10434.9605,105007.245,2.0,4s2.4p5.(2P*<3/2>).5d 2[3/2]*,105965.562,2.0,4s2.4p5.(2P*<3/2>).4f 2[3/2],0.3509,4.3e+04,-0.63
10447.1266,105007.245,2.0,4s2.4p5.(2P*<3/2>).5d 2[3/2]*,105964.446,1.0,4s2.4p5.(2P*<3/2>).4f 2[3/2],0.03498,7126,0.62
10933.7499,102887.1936,1.0,4s2.4p5.(2P*<3/2>).6p 2[1/2],103801.7929,1.0,4s2.4p5.(2P*<3/2>).5d 2[1/2]*,0.3422,6.364e+04,-0.49
10981.9451,107603.5969,0.0,4s2.4p5.(2P*<3/2>).6d 2[1/2]*,108514.1824,1.0,4s2.4p5.(2P*<1/2>).6p 2[1/2],0.01103,2034,0.14
11043.4979,107140.8,2.0,4s2.4p5.(2P*<3/2>).7p 2[5/2],108046.3102,3.0,4s2.4p5.(2P*<3/2>).6d 2[5/2]*,0.003649,285.1,-0.0
11048.0244,107141.171,3.0,4s2.4p5.(2P*<3/2>).7p 2[5/2],108046.3102,3.0,4s2.4p5.(2P*<3/2>).6d 2[5/2]*,0.5896,4.603e+04,-0.84
11215.5403,107676.1489,1.0,4s2.4p5.(2P*<3/2>).6d 2[1/2]*,108567.7689,2.0,4s2.4p5.(2P*<1/2>).6p 2[3/2],0.0002632,27.92,-0.0
11313.6122,105163.499,2.0,4s2.4p5.(2P*<3/2>).5d 2[5/2]*,106047.39,3.0,4s2.4p5.(2P*<3/2>).4f 2[7/2],0.02324,1730,0.02
11400.5053,107603.5969,0.0,4s2.4p5.(2P*<3/2>).6d 2[1/2]*,108480.751,1.0,4s2.4p5.(2P*<3/2>).5f 2[3/2],1.452,2.484e+05,0.98
11453.4942,105091.35,0.0,4s2.4p5.(2P*<1/2>).6s 2[1/2]*,105964.446,1.0,4s2.4p5.(2P*<3/2>).4f 2[3/2],0.04261,7222,-0.89
11604.9669,112668.3,0.0,4s2.4p5.(2P*<1/2>).7p 2[1/2],113530.0,1.0,4s2.4p5.(2P*<1/2>).6d 2[3/2]*,0.6454,1.066e+05,-0.9
11628.2666,97085.193,1.0,4s2.4p5.(2P*<3/2>).4d 2[1/2]*,97945.1664,2.0,4s2.4p5.(2P*<1/2>).5p 2[3/2],0.005054,498.7,0.09
11653.5448,105163.499,2.0,4s2.4p5.(2P*<3/2>).5d 2[5/2]*,106021.607,2.0,4s2.4p5.(2P*<3/2>).4f 2[5/2],0.1505,1.479e+04,0.41
11663.9295,105163.499,2.0,4s2.4p5.(2P*<3/2>).5d 2[5/2]*,106020.843,3.0,4s2.4p5.(2P*<3/2>).4f 2[5/2],1.602,1.122e+05,0.71
11737.2724,107140.8,2.0,4s2.4p5.(2P*<3/2>).7p 2[5/2],107992.7867,2.0,4s2.4p5.(2P*<3/2>).6d 2[5/2]*,0.323,3.128e+04,-0.75
11742.3857,107141.171,3.0,4s2.4p5.(2P*<3/2>).7p 2[5/2],107992.7867,2.0,4s2.4p5.(2P*<3/2>).6d 2[5/2]*,0.0231,2235,-0.74
11787.2223,107410.379,0.0,4s2.4p5.(2P*<3/2>).7p 2[1/2],108258.7553,1.0,4s2.4p5.(2P*<3/2>).6d 2[3/2]*,0.1818,2.909e+04,-0.19
11920.1730,105208.476,3.0,4s2.4p5.(2P*<3/2>).5d 2[5/2]*,106047.39,3.0,4s2.4p5.(2P*<3/2>).4f 2[7/2],0.4505,3.021e+04,0.8
11920.1730,105208.476,3.0,4s2.4p5.(2P*<3/2>).5d 2[5/2]*,106047.39,4.0,4s2.4p5.(2P*<3/2>).4f 2[7/2],0.2108,1.1e+04,0.1
11932.6972,107676.1489,1.0,4s2.4p5.(2P*<3/2>).6d 2[1/2]*,108514.1824,1.0,4s2.4p5.(2P*<1/2>).6p 2[1/2],0.005343,834.3,0.03
11980.8776,107603.5969,0.0,4s2.4p5.(2P*<3/2>).6d 2[1/2]*,108438.2603,1.0,4s2.4p5.(2P*<1/2>).6p 2[3/2],0.05608,8687,-0.38
11991.0719,97085.193,1.0,4s2.4p5.(2P*<3/2>).4d 2[1/2]*,97919.1468,1.0,4s2.4p5.(2P*<1/2>).5p 2[1/2],0.005516,853,0.04
12081.3495,107676.1489,1.0,4s2.4p5.(2P*<3/2>).6d 2[1/2]*,108503.871,2.0,4s2.4p5.(2P*<3/2>).5f 2[5/2],0.305,2.788e+04,-0.23
12129.7206,96771.494,0.0,4s2.4p5.(2P*<3/2>).4d 2[1/2]*,97595.9153,1.0,4s2.4p5.(2P*<1/2>).5p 2[3/2],0.0009692,146.5,0.07
12206.5544,105146.33,1.0,4s2.4p5.(2P*<1/2>).6s 2[1/2]*,105965.562,2.0,4s2.4p5.(2P*<3/2>).4f 2[3/2],0.04898,4386,-0.61
12223.2055,105146.33,1.0,4s2.4p5.(2P*<1/2>).6s 2[1/2]*,105964.446,1.0,4s2.4p5.(2P*<3/2>).4f 2[3/2],0.02396,3565,0.8
12298.1414,105208.476,3.0,4s2.4p5.(2P*<3/2>).5d 2[5/2]*,106021.607,2.0,4s2.4p5.(2P*<3/2>).4f 2[5/2],0.001558,137.4,0.06
12309.7073,105208.476,3.0,4s2.4p5.(2P*<3/2>).5d 2[5/2]*,106020.843,3.0,4s2.4p5.(2P*<3/2>).4f 2[5/2],0.04144,2606,-0.15
12428.5035,107676.1489,1.0,4s2.4p5.(2P*<3/2>).6d 2[1/2]*,108480.751,1.0,4s2.4p5.(2P*<3/2>).5f 2[3/2],0.8884,1.279e+05,-0.85
12467.8485,105163.499,2.0,4s2.4p5.(2P*<3/2>).5d 2[5/2]*,105965.562,2.0,4s2.4p5.(2P*<3/2>).4f 2[3/2],0.1583,1.358e+04,0.7
12485.2206,105163.499,2.0,4s2.4p5.(2P*<3/2>).5d 2[5/2]*,105964.446,1.0,4s2.4p5.(2P*<3/2>).4f 2[3/2],0.01498,2136,-0.71
12505.9059,107246.688,2.0,4s2.4p5.(2P*<3/2>).7p 2[3/2],108046.3102,3.0,4s2.4p5.(2P*<3/2>).6d 2[5/2]*,1.139,6.937e+04,0.76
12578.9518,107676.1489,1.0,4s2.4p5.(2P*<3/2>).6d 2[1/2]*,108471.1277,2.0,4s2.4p5.(2P*<3/2>).5f 2[3/2],2.224,1.875e+05,0.89
12634.1111,107005.371,1.0,4s2.4p5.(2P*<3/2>).7p 2[1/2],107796.879,2.0,4s2.4p5.(2P*<3/2>).6d 2[3/2]*,0.9183,7.675e+04,-0.31
12639.9527,98855.0698,0.0,4s2.4p5.(2P*<1/2>).5p 2[1/2],99646.212,1.0,4s2.4p5.(2P*<3/2>).4d 2[3/2]*,0.006676,929.1,-0.05
12815.0254,105208.476,3.0,4s2.4p5.(2P*<3/2>).5d 2[5/2]*,105988.81,4.0,4s2.4p5.(2P*<3/2>).4f 2[9/2],1.469,6.628e+04,0.75
12962.5407,107221.333,1.0,4s2.4p5.(2P*<3/2>).7p 2[3/2],107992.7867,2.0,4s2.4p5.(2P*<3/2>).6d 2[5/2]*,0.6619,5.255e+04,0.67
12972.0210,107796.879,2.0,4s2.4p5.(2P*<3/2>).6d 2[3/2]*,108567.7689,2.0,4s2.4p5.(2P*<1/2>).6p 2[3/2],0.04493,3562,0.24
13121.4413,107676.1489,1.0,4s2.4p5.(2P*<3/2>).6d 2[1/2]*,108438.2603,1.0,4s2.4p5.(2P*<1/2>).6p 2[3/2],0.06782,8759,0.31
13157.9224,103313.4726,1.0,4s2.4p5.(2P*<3/2>).6p 2[3/2],104073.471,0.0,4s2.4p5.(2P*<3/2>).5d 2[1/2]*,0.02529,9742,0.22
13208.5391,105208.476,3.0,4s2.4p5.(2P*<3/2>).5d 2[5/2]*,105965.562,2.0,4s2.4p5.(2P*<3/2>).4f 2[3/2],0.03685,2817,-0.77
13403.0524,107246.688,2.0,4s2.4p5.(2P*<3/2>).7p 2[3/2],107992.7867,2.0,4s2.4p5.(2P*<3/2>).6d 2[5/2]*,0.06932,5148,0.51
13548.5971,107778.8962,4.0,4s2.4p5.(2P*<3/2>).6d 2[7/2]*,108516.98,4.0,4s2.4p5.(2P*<3/2>).5f 2[7/2],1.116,4.505e+04,0.99
13548.5971,107778.8962,4.0,4s2.4p5.(2P*<3/2>).6d 2[7/2]*,108516.98,3.0,4s2.4p5.(2P*<3/2>).5f 2[7/2],0.03166,1644,-0.97
13584.9631,107140.8,2.0,4s2.4p5.(2P*<3/2>).7p 2[5/2],107876.908,3.0,4s2.4p5.(2P*<3/2>).6d 2[7/2]*,3.335,1.722e+05,-0.7
13591.8134,107141.171,3.0,4s2.4p5.(2P*<3/2>).7p 2[5/2],107876.908,3.0,4s2.4p5.(2P*<3/2>).6d 2[7/2]*,0.06599,3404,-0.23
13805.6371,107778.8962,4.0,4s2.4p5.(2P*<3/2>).6d 2[7/2]*,108503.238,3.0,4s2.4p5.(2P*<3/2>).5f 2[5/2],0.05673,2836,0.95
13941.1022,107796.879,2.0,4s2.4p5.(2P*<3/2>).6d 2[3/2]*,108514.1824,1.0,4s2.4p5.(2P*<1/2>).6p 2[1/2],0.02504,2864,-0.08
14120.6479,107778.8962,4.0,4s2.4p5.(2P*<3/2>).6d 2[7/2]*,108487.079,4.0,4s2.4p5.(2P*<3/2>).5f 2[9/2],0.2073,7704,-0.95
14123.3403,107778.8962,4.0,4s2.4p5.(2P*<3/2>).6d 2[7/2]*,108486.944,5.0,4s2.4p5.(2P*<3/2>).5f 2[9/2],9.407,2.86e+05,1.0
14144.4316,107796.879,2.0,4s2.4p5.(2P*<3/2>).6d 2[3/2]*,108503.871,2.0,4s2.4p5.(2P*<3/2>).5f 2[5/2],0.1788,1.192e+04,0.58
14157.1071,107796.879,2.0,4s2.4p5.(2P*<3/2>).6d 2[3/2]*,108503.238,3.0,4s2.4p5.(2P*<3/2>).5f 2[5/2],2.506,1.191e+05,0.8
14474.6938,107876.908,3.0,4s2.4p5.(2P*<3/2>).6d 2[7/2]*,108567.7689,2.0,4s2.4p5.(2P*<1/2>).6p 2[3/2],0.4143,2.638e+04,0.65
14622.6194,107796.879,2.0,4s2.4p5.(2P*<3/2>).6d 2[3/2]*,108480.751,1.0,4s2.4p5.(2P*<3/2>).5f 2[3/2],0.05893,6128,0.6
14691.8171,103121.1419,2.0,4s2.4p5.(2P*<3/2>).6p 2[5/2],103801.7929,1.0,4s2.4p5.(2P*<3/2>).5d 2[1/2]*,0.008723,898.6,-0.07
14831.3226,107796.879,2.0,4s2.4p5.(2P*<3/2>).6d 2[3/2]*,108471.1277,2.0,4s2.4p5.(2P*<3/2>).5f 2[3/2],0.5584,3.386e+04,-0.81
14908.0642,107005.371,1.0,4s2.4p5.(2P*<3/2>).7p 2[1/2],107676.1489,1.0,4s2.4p5.(2P*<3/2>).6d 2[1/2]*,1.158,1.159e+05,-0.9
15242.0669,107140.8,2.0,4s2.4p5.(2P*<3/2>).7p 2[5/2],107796.879,2.0,4s2.4p5.(2P*<3/2>).6d 2[3/2]*,0.001654,95.01,0.02
15250.6909,107141.171,3.0,4s2.4p5.(2P*<3/2>).7p 2[5/2],107796.879,2.0,4s2.4p5.(2P*<3/2>).6d 2[3/2]*,0.03259,1870,-0.18
15434.7189,110733.27,1.0,4s2.4p5.(2P*<1/2>).5d 2[3/2]*,111381.16,2.0,4s2.4p5.(2P*<1/2>).4f 2[5/2],0.2294,1.285e+04,0.24
15591.3495,107796.879,2.0,4s2.4p5.(2P*<3/2>).6d 2[3/2]*,108438.2603,1.0,4s2.4p5.(2P*<1/2>).6p 2[3/2],0.005104,466.8,-0.07
15623.2424,107876.908,3.0,4s2.4p5.(2P*<3/2>).6d 2[7/2]*,108516.98,4.0,4s2.4p5.(2P*<3/2>).5f 2[7/2],0.167,5071,0.07
15623.2424,107876.908,3.0,4s2.4p5.(2P*<3/2>).6d 2[7/2]*,108516.98,3.0,4s2.4p5.(2P*<3/2>).5f 2[7/2],0.4393,1.715e+04,0.64
15680.7352,107141.171,3.0,4s2.4p5.(2P*<3/2>).7p 2[5/2],107778.8962,4.0,4s2.4p5.(2P*<3/2>).6d 2[7/2]*,5.656,1.705e+05,-1.0
15867.4749,107246.688,2.0,4s2.4p5.(2P*<3/2>).7p 2[3/2],107876.908,3.0,4s2.4p5.(2P*<3/2>).6d 2[7/2]*,0.06068,2297,-0.06
15949.9045,107876.908,3.0,4s2.4p5.(2P*<3/2>).6d 2[7/2]*,108503.871,2.0,4s2.4p5.(2P*<3/2>).5f 2[5/2],0.01552,813.7,-0.41
15966.0243,107876.908,3.0,4s2.4p5.(2P*<3/2>).6d 2[7/2]*,108503.238,3.0,4s2.4p5.(2P*<3/2>).5f 2[5/2],0.03262,1219,0.08
16388.8484,107876.908,3.0,4s2.4p5.(2P*<3/2>).6d 2[7/2]*,108487.079,4.0,4s2.4p5.(2P*<3/2>).5f 2[9/2],4.456,1.23e+05,0.8
16716.0934,107005.371,1.0,4s2.4p5.(2P*<3/2>).7p 2[1/2],107603.5969,0.0,4s2.4p5.(2P*<3/2>).6d 2[1/2]*,0.4927,1.176e+05,-0.93
17070.5356,103115.6343,3.0,4s2.4p5.(2P*<3/2>).6p 2[5/2],103701.439,3.0,4s2.4p5.(2P*<1/2>).4d 2[5/2]*,0.03247,1062,0.38
17232.5521,103121.1419,2.0,4s2.4p5.(2P*<3/2>).6p 2[5/2],103701.439,3.0,4s2.4p5.(2P*<1/2>).4d 2[5/2]*,0.06665,2139,0.21
17374.8058,107221.333,1.0,4s2.4p5.(2P*<3/2>).7p 2[3/2],107796.879,2.0,4s2.4p5.(2P*<3/2>).6d 2[3/2]*,0.1012,4473,-0.34
17767.8688,108258.7553,1.0,4s2.4p5.(2P*<3/2>).6d 2[3/2]*,108821.569,0.0,4s2.4p5.(2P*<1/2>).6p 2[1/2],0.1751,3.7e+04,0.64
18001.9168,102887.1936,1.0,4s2.4p5.(2P*<3/2>).6p 2[1/2],103442.69,2.0,4s2.4p5.(2P*<1/2>).4d 2[5/2]*,0.02368,974.9,-0.06
18175.5063,107246.688,2.0,4s2.4p5.(2P*<3/2>).7p 2[3/2],107796.879,2.0,4s2.4p5.(2P*<3/2>).6d 2[3/2]*,0.8791,3.55e+04,0.77
18679.4070,107140.8,2.0,4s2.4p5.(2P*<3/2>).7p 2[5/2],107676.1489,1.0,4s2.4p5.(2P*<3/2>).6d 2[1/2]*,0.00213,135.7,-0.04
20478.3623,103313.4726,1.0,4s2.4p5.(2P*<3/2>).6p 2[3/2],103801.7929,1.0,4s2.4p5.(2P*<3/2>).5d 2[1/2]*,0.02765,1466,0.16
21986.9182,107221.333,1.0,4s2.4p5.(2P*<3/2>).7p 2[3/2],107676.1489,1.0,4s2.4p5.(2P*<3/2>).6d 2[1/2]*,0.01217,559.6,0.06
22769.6813,103362.6124,2.0,4s2.4p5.(2P*<3/2>).6p 2[3/2],103801.7929,1.0,4s2.4p5.(2P*<3/2>).5d 2[1/2]*,0.0604,2590,0.5
23285.0069,107246.688,2.0,4s2.4p5.(2P*<3/2>).7p 2[3/2],107676.1489,1.0,4s2.4p5.(2P*<3/2>).6d 2[1/2]*,0.2307,9459,0.9
25003.9756,105647.4536,2.0,4s2.4p5.(2P*<3/2>).7s 2[3/2]*,106047.39,3.0,4s2.4p5.(2P*<3/2>).4f 2[7/2],0.01518,231.4,-0.61
26159.9382,107221.333,1.0,4s2.4p5.(2P*<3/2>).7p 2[3/2],107603.5969,0.0,4s2.4p5.(2P*<3/2>).6d 2[1/2]*,0.06174,6018,0.84
29513.6214,103362.6124,2.0,4s2.4p5.(2P*<3/2>).6p 2[3/2],103701.439,3.0,4s2.4p5.(2P*<1/2>).4d 2[5/2]*,0.008076,88.35,-0.07
31099.5462,103121.1419,2.0,4s2.4p5.(2P*<3/2>).6p 2[5/2],103442.69,2.0,4s2.4p5.(2P*<1/2>).4d 2[5/2]*,0.005047,69.61,-0.08
31533.0088,105648.434,1.0,4s2.4p5.(2P*<3/2>).5d 2[3/2]*,105965.562,2.0,4s2.4p5.(2P*<3/2>).4f 2[3/2],0.01119,150.1,-0.08
31644.3679,105648.434,1.0,4s2.4p5.(2P*<3/2>).5d 2[3/2]*,105964.446,1.0,4s2.4p5.(2P*<3/2>).4f 2[3/2],0.00452,100.4,0.14
32361.0352,108258.7553,1.0,4s2.4p5.(2P*<3/2>).6d 2[3/2]*,108567.7689,2.0,4s2.4p5.(2P*<1/2>).6p 2[3/2],0.002343,29.85,-0.04
32398.1080,111072.5,1.0,4s2.4p5.(2P*<1/2>).7s 2[1/2]*,111381.16,2.0,4s2.4p5.(2P*<1/2>).4f 2[5/2],0.0003974,5.051,0.15
39150.1137,108258.7553,1.0,4s2.4p5.(2P*<3/2>).6d 2[3/2]*,108514.1824,1.0,4s2.4p5.(2P*<1/2>).6p 2[1/2],0.03056,443.4,0.26
40797.0603,108258.7553,1.0,4s2.4p5.(2P*<3/2>).6d 2[3/2]*,108503.871,2.0,4s2.4p5.(2P*<3/2>).5f 2[5/2],0.2305,1848,-0.45
45045.9176,108258.7553,1.0,4s2.4p5.(2P*<3/2>).6d 2[3/2]*,108480.751,1.0,4s2.4p5.(2P*<3/2>).5f 2[3/2],0.04469,489.7,-0.44
47087.0979,108258.7553,1.0,4s2.4p5.(2P*<3/2>).6d 2[3/2]*,108471.1277,2.0,4s2.4p5.(2P*<3/2>).5f 2[3/2],0.007589,45.66,-0.01
55708.7546,108258.7553,1.0,4s2.4p5.(2P*<3/2>).6d 2[3/2]*,108438.2603,1.0,4s2.4p5.(2P*<1/2>).6p 2[3/2],0.008832,63.27,-0.15
68871.8990,103121.1419,2.0,4s2.4p5.(2P*<3/2>).6p 2[5/2],103266.339,2.0,4s2.4p5.(2P*<1/2>).4d 2[3/2]*,0.004275,12.02,-0.28
249008.3243,103761.6336,0.0,4s2.4p5.(2P*<3/2>).6p 2[1/2],103801.7929,1.0,4s2.4p5.(2P*<3/2>).5d 2[1/2]*,0.0007235,0.2594,0.05
