wavelength_vac_nm,lower_E_cm,lower_J,lower_level,upper_E_cm,upper_J,upper_level,gf,A_s,cancellation_factor
145.6645,0.0,1.5,5p3 4S*,68650.9,2.5,5p2.(3P).8s 4P,0.03505,1.836e+07,-0.19
147.4031,0.0,1.5,5p3 4S*,67841.2,2.5,5p2.(3P).7d 4P?,0.1231,6.298e+07,-0.3
147.5042,0.0,1.5,5p3 4S*,67794.7,2.5,5p2.(3P).6d 4D?,0.06435,3.288e+07,-0.09
148.1347,0.0,1.5,5p3 4S*,67506.133,1.5,5p2.(3P).7d 4P,0.1216,9.244e+07,-0.34
148.3085,0.0,1.5,5p3 4S*,67427.025,0.5,5p2.(3P).7d ,0.000889,1.348e+06,-0.01
148.6580,0.0,1.5,5p3 4S*,67268.493,1.5,5p2.(3P).6d 2D?,0.04784,3.61e+07,-0.15
149.3233,0.0,1.5,5p3 4S*,66968.8,2.5,5p2.(3P).6d 2D,0.1979,9.868e+07,0.45
150.7071,0.0,1.5,5p3 4S*,66353.859,0.5,5p2.(3P).6d 2P,0.01524,2.237e+07,-0.08
151.2557,0.0,1.5,5p3 4S*,66113.217,1.5,5p2.(3P).8s 4P,0.001173,8.552e+05,0.01
151.4929,0.0,1.5,5p3 4S*,66009.712,0.5,5p2.(3P).8s 2P,0.002382,3.462e+06,-0.05
153.2726,0.0,1.5,5p3 4S*,65243.25,2.5,5p2.(1D).5d 2D,0.003766,1.782e+06,0.01
154.2176,0.0,1.5,5p3 4S*,64843.421,1.5,5p2.(1D).5d 2D,0.03966,2.781e+07,0.11
154.3944,0.0,1.5,5p3 4S*,64769.175,0.5,5p2.(3P).6d 4D,0.02994,4.188e+07,-0.51
155.0058,0.0,1.5,5p3 4S*,64513.705,2.5,5p2.(3P).6d 2F,0.07709,3.567e+07,-0.36
155.2014,0.0,1.5,5p3 4S*,64432.395,1.5,5p2.(3P).7d ,0.009194,6.365e+06,-0.07
155.7133,0.0,1.5,5p3 4S*,64220.607,1.5,5p2.(3P).6d 2P,0.04857,3.34e+07,-0.17
155.7300,0.0,1.5,5p3 4S*,64213.708,2.5,5p2.(3P).7d ,0.06297,2.887e+07,0.12
156.6766,0.0,1.5,5p3 4S*,63825.759,0.5,5p2.(3P).6d ,0.159,2.16e+08,-0.55
157.1105,0.0,1.5,5p3 4S*,63649.462,1.5,5p2.(3P).7s 2P,0.0005758,3.89e+05,-0.0
157.4399,0.0,1.5,5p3 4S*,63516.282,2.5,5p2.(3P).7s 4P,0.1203,5.397e+07,-0.45
158.2453,0.0,1.5,5p3 4S*,63193.033,1.5,5p2.(3P).5d ,0.02949,1.964e+07,-0.04
158.8302,0.0,1.5,5p3 4S*,62960.316,0.5,5p2.(3P).8s 4P,0.01353,1.789e+07,-0.32
159.9956,0.0,1.5,5p3 4S*,62501.728,2.5,5p2.(3P).6d 4F,0.08442,3.666e+07,0.15
161.7895,0.0,1.5,5p3 4S*,61808.698,1.5,5p2.(3P).5d 2D,0.007873,5.016e+06,-0.02
162.2558,0.0,1.5,5p3 4S*,61631.065,2.5,5p2.(3P).5d 2D,0.1168,4.931e+07,0.2
162.9022,0.0,1.5,5p3 4S*,61386.509,0.5,5p2.(3P).7s 2P,0.0007087,8.907e+05,-0.01
164.0294,0.0,1.5,5p3 4S*,60964.671,1.5,5p2.(3P).7s 4P,0.08853,5.487e+07,-0.46
165.0685,0.0,1.5,5p3 4S*,60580.899,1.5,5p2.(3P).6d 2D,0.001571,9.613e+05,0.01
165.5506,0.0,1.5,5p3 4S*,60404.475,2.5,5p2.(3P).5d ,0.006029,2.446e+06,0.01
166.2821,8512.125,1.5,5p3 2D*,68650.9,2.5,5p2.(3P).8s 4P,0.0403,1.621e+07,-0.23
167.3987,0.0,1.5,5p3 4S*,59737.625,0.5,5p2.(3P).5d 2P,0.01881,2.239e+07,-0.23
168.5514,8512.125,1.5,5p3 2D*,67841.2,2.5,5p2.(3P).7d 4P?,0.001609,6.297e+05,0.0
168.6836,8512.125,1.5,5p3 2D*,67794.7,2.5,5p2.(3P).6d 4D?,0.6202,2.423e+08,0.18
169.5087,8512.125,1.5,5p3 2D*,67506.133,1.5,5p2.(3P).7d 4P,0.007415,4.303e+06,-0.01
169.7363,8512.125,1.5,5p3 2D*,67427.025,0.5,5p2.(3P).7d ,0.0003824,4.427e+05,-0.01
169.8863,0.0,1.5,5p3 4S*,58862.889,2.5,5p2.(3P).5d 4D,0.451,1.737e+08,0.54
170.0770,9854.018,2.5,5p3 2D*,68650.9,2.5,5p2.(3P).8s 4P,0.01899,7.299e+06,-0.2
170.1943,8512.125,1.5,5p3 2D*,67268.493,1.5,5p2.(3P).6d 2D?,0.1515,8.722e+07,-0.18
170.2233,0.0,1.5,5p3 4S*,58746.356,1.5,5p2.(3P).5d 4D,0.4788,2.755e+08,0.65
171.0669,8512.125,1.5,5p3 2D*,66968.8,2.5,5p2.(3P).6d 2D,0.0001314,4.991e+04,-0.0
171.7455,9854.018,2.5,5p3 2D*,68079.696,3.5,5p2.(3P).6d 2F,0.6418,1.814e+08,0.2
172.0204,0.0,1.5,5p3 4S*,58132.656,0.5,5p2.(3P).7s 4P,0.1968,2.218e+08,-0.62
172.4519,9854.018,2.5,5p3 2D*,67841.2,2.5,5p2.(3P).7d 4P?,0.007352,2.748e+06,-0.04
172.5903,9854.018,2.5,5p3 2D*,67794.7,2.5,5p2.(3P).6d 4D?,0.02349,8.767e+06,0.05
172.8856,8512.125,1.5,5p3 2D*,66353.859,0.5,5p2.(3P).6d 2P,0.009094,1.015e+07,0.01
173.4542,9854.018,2.5,5p3 2D*,67506.133,1.5,5p2.(3P).7d 4P,0.02595,1.439e+07,-0.1
173.6078,8512.125,1.5,5p3 2D*,66113.217,1.5,5p2.(3P).8s 4P,0.0001698,9.394e+04,-0.0
173.6195,0.0,1.5,5p3 4S*,57597.203,0.5,5p2.(3P).5d 4D,0.2432,2.69e+08,-0.65
173.9004,9854.018,2.5,5p3 2D*,67358.201,3.5,5p2.(3P).7d 4F,0.0008058,2.222e+05,0.0
173.9203,8512.125,1.5,5p3 2D*,66009.712,0.5,5p2.(3P).8s 2P,0.01181,1.302e+07,-0.03
174.1721,9854.018,2.5,5p3 2D*,67268.493,1.5,5p2.(3P).6d 2D?,0.1305,7.174e+07,-0.45
174.5595,0.0,1.5,5p3 4S*,57287.052,2.5,5p2.(3P).5d 2F,0.2224,8.115e+07,-0.25
175.0860,9854.018,2.5,5p3 2D*,66968.8,2.5,5p2.(3P).6d 2D,0.08454,3.066e+07,-0.11
175.7806,9854.018,2.5,5p3 2D*,66743.125,3.5,5p2.(3P).6d 4D,0.009605,2.592e+06,0.01
176.2638,0.0,1.5,5p3 4S*,56733.162,1.5,5p2.(3P).5d 2P,0.2609,1.4e+08,0.24
176.2701,8512.125,1.5,5p3 2D*,65243.25,2.5,5p2.(1D).5d 2D,1.153,4.125e+08,-0.32
176.3712,0.0,1.5,5p3 4S*,56698.608,0.5,5p2.(3P).5d 4P,0.4802,5.149e+08,-0.51
177.5212,8512.125,1.5,5p3 2D*,64843.421,1.5,5p2.(1D).5d 2D,0.3042,1.61e+08,-0.17
177.7487,9854.018,2.5,5p3 2D*,66113.217,1.5,5p2.(3P).8s 4P,3.422e-05,1.806e+04,-0.0
177.7555,8512.125,1.5,5p3 2D*,64769.175,0.5,5p2.(3P).6d 4D,0.001686,1.78e+06,-0.04
178.0887,0.0,1.5,5p3 4S*,56151.802,1.5,5p2.(3P).5d 4P,0.6921,3.639e+08,-0.72
178.5664,8512.125,1.5,5p3 2D*,64513.705,2.5,5p2.(3P).6d 2F,1.188,4.143e+08,0.36
178.8260,8512.125,1.5,5p3 2D*,64432.395,1.5,5p2.(3P).7d ,0.002901,1.513e+06,0.01
179.4422,0.0,1.5,5p3 4S*,55728.264,2.5,5p2.(1D).6s 2D,0.06043,2.086e+07,0.06
179.5059,8512.125,1.5,5p3 2D*,64220.607,1.5,5p2.(3P).6d 2P,0.02009,1.039e+07,0.03
179.5281,8512.125,1.5,5p3 2D*,64213.708,2.5,5p2.(3P).7d ,0.003927,1.355e+06,0.0
180.0187,9854.018,2.5,5p3 2D*,65403.798,3.5,5p2.(1D).5d 2F,2.218,5.707e+08,0.75
180.5405,9854.018,2.5,5p3 2D*,65243.25,2.5,5p2.(1D).5d 2D,0.9779,3.335e+08,-0.47
180.7873,8512.125,1.5,5p3 2D*,63825.759,0.5,5p2.(3P).6d ,0.008465,8.638e+06,0.05
181.0513,0.0,1.5,5p3 4S*,55232.963,1.5,5p2.(1D).6s 2D,0.1815,9.235e+07,0.23
181.3653,8512.125,1.5,5p3 2D*,63649.462,1.5,5p2.(3P).7s 2P,0.03283,1.664e+07,-0.04
181.4192,0.0,1.5,5p3 4S*,55120.943,2.5,5p2.(3P).5d 4F,0.8983,3.034e+08,0.54
181.8044,8512.125,1.5,5p3 2D*,63516.282,2.5,5p2.(3P).7s 4P,0.003489,1.173e+06,0.02
181.8532,9854.018,2.5,5p3 2D*,64843.421,1.5,5p2.(1D).5d 2D,0.1458,7.352e+07,-0.44
182.8792,8512.125,1.5,5p3 2D*,63193.033,1.5,5p2.(3P).5d ,0.004617,2.302e+06,0.0
182.9502,9854.018,2.5,5p3 2D*,64513.705,2.5,5p2.(3P).6d 2F,0.09924,3.296e+07,-0.09
183.2227,9854.018,2.5,5p3 2D*,64432.395,1.5,5p2.(3P).7d ,0.006147,3.053e+06,-0.06
183.6608,8512.125,1.5,5p3 2D*,62960.316,0.5,5p2.(3P).8s 4P,0.003362,3.324e+06,0.04
183.9365,9854.018,2.5,5p3 2D*,64220.607,1.5,5p2.(3P).6d 2P,0.03845,1.895e+07,0.17
183.9598,9854.018,2.5,5p3 2D*,64213.708,2.5,5p2.(3P).7d ,0.1486,4.882e+07,-0.19
184.2745,9854.018,2.5,5p3 2D*,64120.879,3.5,5p2.(3P).6d 4F,0.02787,6.843e+06,-0.01
185.2208,8512.125,1.5,5p3 2D*,62501.728,2.5,5p2.(3P).6d 4F,0.1374,4.452e+07,0.11
185.8893,9854.018,2.5,5p3 2D*,63649.462,1.5,5p2.(3P).7s 2P,0.1348,6.504e+07,-0.21
186.3507,9854.018,2.5,5p3 2D*,63516.282,2.5,5p2.(3P).7s 4P,0.08533,2.732e+07,-0.4
186.8183,0.0,1.5,5p3 4S*,53527.956,1.5,5p2.(3P).5d 4F,0.09684,4.627e+07,-0.48
187.1154,0.0,1.5,5p3 4S*,53442.967,2.5,5p2.(3P).5d 4P,1.024,3.25e+08,-0.68
187.4800,9854.018,2.5,5p3 2D*,63193.033,1.5,5p2.(3P).5d ,0.2723,1.292e+08,0.22
187.6293,8512.125,1.5,5p3 2D*,61808.698,1.5,5p2.(3P).5d 2D,0.01672,7.918e+06,0.01
188.2568,8512.125,1.5,5p3 2D*,61631.065,2.5,5p2.(3P).5d 2D,0.4191,1.315e+08,-0.16
189.1275,8512.125,1.5,5p3 2D*,61386.509,0.5,5p2.(3P).7s 2P,0.07974,7.435e+07,-0.12
189.9418,9854.018,2.5,5p3 2D*,62501.728,2.5,5p2.(3P).6d 4F,0.03961,1.22e+07,-0.08
190.6485,8512.125,1.5,5p3 2D*,60964.671,1.5,5p2.(3P).7s 4P,0.0006864,3.149e+05,-0.01
192.0537,8512.125,1.5,5p3 2D*,60580.899,1.5,5p2.(3P).6d 2D,0.03599,1.627e+07,0.02
192.4754,9854.018,2.5,5p3 2D*,61808.698,1.5,5p2.(3P).5d 2D,0.03543,1.595e+07,0.08
192.7066,8512.125,1.5,5p3 2D*,60404.475,2.5,5p2.(3P).5d ,0.01595,4.775e+06,0.0
193.1358,9854.018,2.5,5p3 2D*,61631.065,2.5,5p2.(3P).5d 2D,0.3931,1.172e+08,0.24
195.0393,9854.018,2.5,5p3 2D*,61125.741,3.5,5p2.(3P).5d 2F,2.33,5.106e+08,-0.42
195.2153,8512.125,1.5,5p3 2D*,59737.625,0.5,5p2.(3P).5d 2P,9.677e-06,8469,0.0
195.6535,16395.359,0.5,5p3 2P*,67506.133,1.5,5p2.(3P).7d 4P,0.04417,1.924e+07,-0.05
195.6539,9854.018,2.5,5p3 2D*,60964.671,1.5,5p2.(3P).7s 4P,0.01706,7.43e+06,0.18
195.9568,16395.359,0.5,5p3 2P*,67427.025,0.5,5p2.(3P).7d ,0.005245,4.556e+06,-0.1
196.5674,16395.359,0.5,5p3 2P*,67268.493,1.5,5p2.(3P).6d 2D?,0.002873,1.24e+06,-0.01
197.1341,9854.018,2.5,5p3 2D*,60580.899,1.5,5p2.(3P).6d 2D,0.03468,1.488e+07,0.08
197.8221,9854.018,2.5,5p3 2D*,60404.475,2.5,5p2.(3P).5d ,0.02698,7.665e+06,0.01
198.6067,8512.125,1.5,5p3 2D*,58862.889,2.5,5p2.(3P).5d 4D,0.131,3.691e+07,-0.15
199.0674,8512.125,1.5,5p3 2D*,58746.356,1.5,5p2.(3P).5d 4D,0.03009,1.266e+07,-0.06
199.2560,18464.202,1.5,5p3 2P*,68650.9,2.5,5p2.(3P).8s 4P,0.002921,8.18e+05,0.02
200.1661,16395.359,0.5,5p3 2P*,66353.859,0.5,5p2.(3P).6d 2P,0.1408,1.172e+08,-0.14
201.1350,16395.359,0.5,5p3 2P*,66113.217,1.5,5p2.(3P).8s 4P,0.000639,2.634e+05,0.01
201.5295,8512.125,1.5,5p3 2D*,58132.656,0.5,5p2.(3P).7s 4P,0.01525,1.252e+07,0.07
201.5546,16395.359,0.5,5p3 2P*,66009.712,0.5,5p2.(3P).8s 2P,0.008498,6.977e+06,-0.02
202.4655,0.0,1.5,5p3 4S*,49391.133,1.5,5p2.(3P).6s 2P,0.02296,9.34e+06,-0.07
202.5235,18464.202,1.5,5p3 2P*,67841.2,2.5,5p2.(3P).7d 4P?,4.603e-06,1248,0.0
202.7144,18464.202,1.5,5p3 2P*,67794.7,2.5,5p2.(3P).6d 4D?,0.006599,1.785e+06,0.0
203.7069,9854.018,2.5,5p3 2D*,58944.148,3.5,5p2.(3P).5d 4D,0.01374,2.761e+06,0.01
203.7279,8512.125,1.5,5p3 2D*,57597.203,0.5,5p2.(3P).5d 4D,0.001589,1.277e+06,-0.01
203.9071,18464.202,1.5,5p3 2P*,67506.133,1.5,5p2.(3P).7d 4P,0.000896,3.593e+05,-0.0
204.0447,9854.018,2.5,5p3 2D*,58862.889,2.5,5p2.(3P).5d 4D,0.08759,2.339e+07,-0.22
204.2366,18464.202,1.5,5p3 2P*,67427.025,0.5,5p2.(3P).7d ,0.0009582,7.661e+05,-0.02
204.5310,9854.018,2.5,5p3 2D*,58746.356,1.5,5p2.(3P).5d 4D,0.01367,5.448e+06,-0.09
204.9000,18464.202,1.5,5p3 2P*,67268.493,1.5,5p2.(3P).6d 2D?,0.04109,1.632e+07,0.04
205.0234,8512.125,1.5,5p3 2D*,57287.052,2.5,5p2.(3P).5d 2F,0.7961,2.106e+08,-0.19
206.1660,18464.202,1.5,5p3 2P*,66968.8,2.5,5p2.(3P).6d 2D,0.01945,5.087e+06,0.02
206.4066,16395.359,0.5,5p3 2P*,64843.421,1.5,5p2.(1D).5d 2D,0.07715,3.02e+07,0.07
206.7234,16395.359,0.5,5p3 2P*,64769.175,0.5,5p2.(3P).6d 4D,8.582e-07,669.8,0.0
206.9004,0.0,1.5,5p3 4S*,48332.424,2.5,5p2.(3P).6s 4P,1.176,3.054e+08,-0.97
207.3784,8512.125,1.5,5p3 2D*,56733.162,1.5,5p2.(3P).5d 2P,0.1302,5.047e+07,0.08
207.5271,8512.125,1.5,5p3 2D*,56698.608,0.5,5p2.(3P).5d 4P,0.003597,2.786e+06,-0.02
208.1727,16395.359,0.5,5p3 2P*,64432.395,1.5,5p2.(3P).7d ,0.002389,9.193e+05,-0.0
208.8134,18464.202,1.5,5p3 2P*,66353.859,0.5,5p2.(3P).6d 2P,0.004761,3.641e+06,0.0
209.0946,16395.359,0.5,5p3 2P*,64220.607,1.5,5p2.(3P).6d 2P,0.03163,1.206e+07,0.05
209.8679,18464.202,1.5,5p3 2P*,66113.217,1.5,5p2.(3P).8s 4P,0.00112,4.241e+05,0.01
209.9091,8512.125,1.5,5p3 2D*,56151.802,1.5,5p2.(3P).5d 4P,0.219,8.29e+07,0.24
210.3248,18464.202,1.5,5p3 2P*,66009.712,0.5,5p2.(3P).8s 2P,0.0007791,5.874e+05,0.0
210.8235,9854.018,2.5,5p3 2D*,57287.052,2.5,5p2.(3P).5d 2F,0.002789,6.976e+05,0.0
210.8352,16395.359,0.5,5p3 2P*,63825.759,0.5,5p2.(3P).6d ,0.00626,4.697e+06,0.03
211.6218,16395.359,0.5,5p3 2P*,63649.462,1.5,5p2.(3P).7s 2P,0.02366,8.811e+06,-0.05
211.7920,8512.125,1.5,5p3 2D*,55728.264,2.5,5p2.(1D).6s 2D,0.06855,1.699e+07,-0.09
212.8064,0.0,1.5,5p3 4S*,46991.058,0.5,5p2.(3P).6s 2P,0.008122,5.981e+06,-0.05
213.3145,9854.018,2.5,5p3 2D*,56733.162,1.5,5p2.(3P).5d 2P,0.002022,7.41e+05,-0.0
213.6858,16395.359,0.5,5p3 2P*,63193.033,1.5,5p2.(3P).5d ,0.146,5.333e+07,0.16
213.7709,18464.202,1.5,5p3 2P*,65243.25,2.5,5p2.(1D).5d 2D,0.1062,2.583e+07,0.05
214.0373,8512.125,1.5,5p3 2D*,55232.963,1.5,5p2.(1D).6s 2D,0.5533,2.014e+08,0.36
214.2515,9854.018,2.5,5p3 2D*,56528.132,3.5,5p2.(3P).5d 4F,0.1755,3.188e+07,0.68
214.5517,8512.125,1.5,5p3 2D*,55120.943,2.5,5p2.(3P).5d 4F,0.1764,4.261e+07,0.32
214.7538,16395.359,0.5,5p3 2P*,62960.316,0.5,5p2.(3P).8s 4P,0.002849,2.06e+06,-0.06
215.6138,18464.202,1.5,5p3 2P*,64843.421,1.5,5p2.(1D).5d 2D,0.02029,7.278e+06,-0.01
215.9595,18464.202,1.5,5p3 2P*,64769.175,0.5,5p2.(3P).6d 4D,0.0008964,6.41e+05,-0.02
215.9931,9854.018,2.5,5p3 2D*,56151.802,1.5,5p2.(3P).5d 4P,0.0007082,2.531e+05,-0.0
217.1576,18464.202,1.5,5p3 2P*,64513.705,2.5,5p2.(3P).6d 2F,0.0023,5.422e+05,0.0
217.5417,18464.202,1.5,5p3 2P*,64432.395,1.5,5p2.(3P).7d ,0.02562,9.028e+06,-0.04
217.6499,0.0,1.5,5p3 4S*,45945.34,1.5,5p2.(3P).6s 4P,0.6633,2.335e+08,-0.9
217.9872,9854.018,2.5,5p3 2D*,55728.264,2.5,5p2.(1D).6s 2D,1.128,2.639e+08,0.8
218.5486,18464.202,1.5,5p3 2P*,64220.607,1.5,5p2.(3P).6d 2P,0.0002649,9.249e+04,0.0
218.5816,18464.202,1.5,5p3 2P*,64213.708,2.5,5p2.(3P).7d ,0.08026,1.867e+07,-0.04
220.1996,16395.359,0.5,5p3 2P*,61808.698,1.5,5p2.(3P).5d 2D,0.4352,1.497e+08,0.16
220.3665,9854.018,2.5,5p3 2D*,55232.963,1.5,5p2.(1D).6s 2D,0.009018,3.097e+06,-0.02
220.4510,18464.202,1.5,5p3 2P*,63825.759,0.5,5p2.(3P).6d ,0.01716,1.178e+07,-0.05
220.9118,9854.018,2.5,5p3 2D*,55120.943,2.5,5p2.(3P).5d 4F,0.09931,2.262e+07,-0.21
221.3111,18464.202,1.5,5p3 2P*,63649.462,1.5,5p2.(3P).7s 2P,0.00758,2.581e+06,0.01
221.9653,18464.202,1.5,5p3 2P*,63516.282,2.5,5p2.(3P).7s 4P,0.0009564,2.158e+05,-0.0
222.1441,8512.125,1.5,5p3 2D*,53527.956,1.5,5p2.(3P).5d 4F,0.04244,1.434e+07,0.16
222.2659,16395.359,0.5,5p3 2P*,61386.509,0.5,5p2.(3P).7s 2P,0.09301,6.279e+07,0.18
222.5643,8512.125,1.5,5p3 2D*,53442.967,2.5,5p2.(3P).5d 4P,0.0862,1.935e+07,0.12
223.5694,18464.202,1.5,5p3 2P*,63193.033,1.5,5p2.(3P).5d ,0.5078,1.694e+08,-0.2
224.3696,16395.359,0.5,5p3 2P*,60964.671,1.5,5p2.(3P).7s 4P,0.008466,2.804e+06,0.12
224.7387,18464.202,1.5,5p3 2P*,62960.316,0.5,5p2.(3P).8s 4P,1.663e-06,1098,-0.0
226.3184,16395.359,0.5,5p3 2P*,60580.899,1.5,5p2.(3P).6d 2D,0.2097,6.827e+07,0.12
227.0791,18464.202,1.5,5p3 2P*,62501.728,2.5,5p2.(3P).6d 4F,0.02428,5.235e+06,-0.02
228.9695,9854.018,2.5,5p3 2D*,53527.956,1.5,5p2.(3P).5d 4F,0.01929,6.136e+06,0.17
229.4159,9854.018,2.5,5p3 2D*,53442.967,2.5,5p2.(3P).5d 4P,0.02565,5.417e+06,0.19
230.7098,18464.202,1.5,5p3 2P*,61808.698,1.5,5p2.(3P).5d 2D,0.3412,1.069e+08,0.16
230.7217,16395.359,0.5,5p3 2P*,59737.625,0.5,5p2.(3P).5d 2P,0.2185,1.369e+08,-0.39
231.2174,0.0,1.5,5p3 4S*,43249.337,0.5,5p2.(3P).6s 4P,0.3302,2.06e+08,-0.95
231.6592,18464.202,1.5,5p3 2P*,61631.065,2.5,5p2.(3P).5d 2D,0.2919,6.047e+07,0.09
232.9791,18464.202,1.5,5p3 2P*,61386.509,0.5,5p2.(3P).7s 2P,0.01832,1.126e+07,0.03
235.2915,18464.202,1.5,5p3 2P*,60964.671,1.5,5p2.(3P).7s 4P,0.002066,6.224e+05,-0.01
236.1220,16395.359,0.5,5p3 2P*,58746.356,1.5,5p2.(3P).5d 4D,0.002729,8.162e+05,-0.01
237.4355,18464.202,1.5,5p3 2P*,60580.899,1.5,5p2.(3P).6d 2D,0.01074,3.177e+06,0.01
238.4343,18464.202,1.5,5p3 2P*,60404.475,2.5,5p2.(3P).5d ,1.561,3.053e+08,0.39
239.5939,16395.359,0.5,5p3 2P*,58132.656,0.5,5p2.(3P).7s 4P,0.01099,6.383e+06,0.08
242.2867,18464.202,1.5,5p3 2P*,59737.625,0.5,5p2.(3P).5d 2P,0.0748,4.25e+07,-0.16
242.7076,16395.359,0.5,5p3 2P*,57597.203,0.5,5p2.(3P).5d 4D,0.03573,2.023e+07,-0.32
244.6243,8512.125,1.5,5p3 2D*,49391.133,1.5,5p2.(3P).6s 2P,0.01422,3.962e+06,-0.01
247.5328,18464.202,1.5,5p3 2P*,58862.889,2.5,5p2.(3P).5d 4D,0.000853,1.548e+05,-0.0
247.9064,16395.359,0.5,5p3 2P*,56733.162,1.5,5p2.(3P).5d 2P,0.167,4.53e+07,0.16
248.1190,16395.359,0.5,5p3 2P*,56698.608,0.5,5p2.(3P).5d 4P,0.01289,6.985e+06,0.12
248.2489,18464.202,1.5,5p3 2P*,58746.356,1.5,5p2.(3P).5d 4D,0.01529,4.138e+06,0.03
251.1282,8512.125,1.5,5p3 2D*,48332.424,2.5,5p2.(3P).6s 4P,1.118e-07,19.72,0.0
251.5316,16395.359,0.5,5p3 2P*,56151.802,1.5,5p2.(3P).5d 4P,0.06418,1.692e+07,0.17
252.0895,18464.202,1.5,5p3 2P*,58132.656,0.5,5p2.(3P).7s 4P,0.001844,9.676e+05,0.01
252.9269,9854.018,2.5,5p3 2D*,49391.133,1.5,5p2.(3P).6s 2P,1.215,3.167e+08,-0.82
255.5388,18464.202,1.5,5p3 2P*,57597.203,0.5,5p2.(3P).5d 4D,0.009064,4.629e+06,-0.06
257.4824,16395.359,0.5,5p3 2P*,55232.963,1.5,5p2.(1D).6s 2D,0.02753,6.924e+06,0.06
257.5803,18464.202,1.5,5p3 2P*,57287.052,2.5,5p2.(3P).5d 2F,0.004819,8.074e+05,-0.0
259.8825,8512.125,1.5,5p3 2D*,46991.058,0.5,5p2.(3P).6s 2P,0.7171,3.541e+08,-0.71
259.8860,9854.018,2.5,5p3 2D*,48332.424,2.5,5p2.(3P).6s 4P,0.09046,1.489e+07,-0.84
261.3084,18464.202,1.5,5p3 2P*,56733.162,1.5,5p2.(3P).5d 2P,0.3206,7.83e+07,-0.14
261.5445,18464.202,1.5,5p3 2P*,56698.608,0.5,5p2.(3P).5d 4P,0.009842,4.799e+06,0.05
265.3393,18464.202,1.5,5p3 2P*,56151.802,1.5,5p2.(3P).5d 4P,0.008307,1.967e+06,0.01
267.1424,8512.125,1.5,5p3 2D*,45945.34,1.5,5p2.(3P).6s 4P,0.02564,5.992e+06,-0.22
268.3551,18464.202,1.5,5p3 2P*,55728.264,2.5,5p2.(1D).6s 2D,0.1069,1.651e+07,0.12
269.3052,16395.359,0.5,5p3 2P*,53527.956,1.5,5p2.(3P).5d 4F,0.02191,5.037e+06,0.09
271.9700,18464.202,1.5,5p3 2P*,55232.963,1.5,5p2.(1D).6s 2D,0.281,6.335e+07,0.3
272.8011,18464.202,1.5,5p3 2P*,55120.943,2.5,5p2.(3P).5d 4F,0.005538,8.273e+05,-0.01
277.0749,9854.018,2.5,5p3 2D*,45945.34,1.5,5p2.(3P).6s 4P,0.07126,1.548e+07,0.75
285.1948,18464.202,1.5,5p3 2P*,53527.956,1.5,5p2.(3P).5d 4F,0.02185,4.479e+06,-0.06
285.8877,18464.202,1.5,5p3 2P*,53442.967,2.5,5p2.(3P).5d 4P,0.001155,1.571e+05,0.0
287.8757,8512.125,1.5,5p3 2D*,43249.337,0.5,5p2.(3P).6s 4P,0.07066,2.843e+07,0.35
303.0691,16395.359,0.5,5p3 2P*,49391.133,1.5,5p2.(3P).6s 2P,0.108,1.96e+07,-0.2
323.3428,18464.202,1.5,5p3 2P*,49391.133,1.5,5p2.(3P).6s 2P,0.2288,3.649e+07,0.14
326.8433,16395.359,0.5,5p3 2P*,46991.058,0.5,5p2.(3P).6s 2P,0.118,3.684e+07,0.29
334.8040,18464.202,1.5,5p3 2P*,48332.424,2.5,5p2.(3P).6s 4P,0.0004119,4.085e+04,0.0
338.4097,16395.359,0.5,5p3 2P*,45945.34,1.5,5p2.(3P).6s 4P,0.003108,4.525e+05,0.17
350.5469,18464.202,1.5,5p3 2P*,46991.058,0.5,5p2.(3P).6s 2P,0.0003673,9.969e+04,0.0
363.8859,18464.202,1.5,5p3 2P*,45945.34,1.5,5p2.(3P).6s 4P,0.009568,1.205e+06,-0.07
372.3843,16395.359,0.5,5p3 2P*,43249.337,0.5,5p2.(3P).6s 4P,0.005637,1.356e+06,-0.07
402.8885,43249.337,0.5,5p2.(3P).6s 4P,68070.1,1.5,5p2.(3P<2>).4f 2[1]*,4.377e-06,449.6,-0.0
403.4676,18464.202,1.5,5p3 2P*,43249.337,0.5,5p2.(3P).6s 4P,0.000131,2.683e+04,-0.0
412.9542,43249.337,0.5,5p2.(3P).6s 4P,67465.1,1.5,"5p2.(3P<1>).8p (1,3/2)*",0.01298,1.27e+06,0.14
414.0399,43249.337,0.5,5p2.(3P).6s 4P,67401.6,0.5,"5p2.(3P<1>).8p (1,3/2)*",0.0001592,3.097e+04,0.0
414.4924,43249.337,0.5,5p2.(3P).6s 4P,67375.229,1.5,"5p2.(3P<1>).8p (1,1/2)*",0.0004931,4.786e+04,0.01
417.6645,43249.337,0.5,5p2.(3P).6s 4P,67192.0,0.5,"5p2.(3P<1>).8p (1,1/2)*",0.008688,1.661e+06,-0.14
421.7902,43249.337,0.5,5p2.(3P).6s 4P,66957.805,1.5,"5p2.(3P<2>).7p (2,3/2)*",0.0005928,5.557e+04,0.0
426.6983,43249.337,0.5,5p2.(3P).6s 4P,66685.1,0.5,"5p2.(3P<2>).7p (2,3/2)*",0.0004327,7.926e+04,-0.0
429.3280,43249.337,0.5,5p2.(3P).6s 4P,66541.554,1.5,"5p2.(3P<2>).7p (2,1/2)*",0.01455,1.316e+06,0.06
440.3412,43249.337,0.5,5p2.(3P).6s 4P,65959.0,1.5,"5p2.(1D<2>).6p (2,3/2)*",5.625e-05,4837,0.0
448.1110,43249.337,0.5,5p2.(3P).6s 4P,65565.236,1.5,5p2.(3P<1>).4f 2[2]*,6.217e-05,5163,0.0
449.8369,43249.337,0.5,5p2.(3P).6s 4P,65479.617,0.5,"5p2.(1D<2>).6p (2,3/2)*",0.0008656,1.427e+05,-0.0
450.2118,45945.34,1.5,5p2.(3P).6s 4P,68157.11,2.5,5p2.(3P<2>).4f 2[2]*,0.0006182,3.39e+04,-0.01
450.3920,45945.34,1.5,5p2.(3P).6s 4P,68148.219,2.5,5p2.(3P<2>).4f 2[3]*,4.349e-05,2384,0.0
451.9823,45945.34,1.5,5p2.(3P).6s 4P,68070.1,1.5,5p2.(3P<2>).4f 2[1]*,0.0001033,8429,0.0
460.0821,43249.337,0.5,5p2.(3P).6s 4P,64984.586,1.5,"5p2.(1D<2>).6p (2,1/2)*",0.0003583,2.823e+04,0.0
464.6892,45945.34,1.5,5p2.(3P).6s 4P,67465.1,1.5,"5p2.(3P<1>).8p (1,3/2)*",0.01079,8.336e+05,-0.11
466.0644,45945.34,1.5,5p2.(3P).6s 4P,67401.6,0.5,"5p2.(3P<1>).8p (1,3/2)*",0.0008572,1.316e+05,0.03
466.6380,45945.34,1.5,5p2.(3P).6s 4P,67375.229,1.5,"5p2.(3P<1>).8p (1,1/2)*",0.0002493,1.909e+04,-0.01
468.1284,45945.34,1.5,5p2.(3P).6s 4P,67307.0,2.5,"5p2.(3P<1>).8p (1,3/2)*",0.0005075,2.575e+04,0.01
470.6622,45945.34,1.5,5p2.(3P).6s 4P,67192.0,0.5,"5p2.(3P<1>).8p (1,1/2)*",0.0011,1.656e+05,0.07
474.4049,46991.058,0.5,5p2.(3P).6s 2P,68070.1,1.5,5p2.(3P<2>).4f 2[1]*,0.001392,1.032e+05,-0.01
475.6351,43249.337,0.5,5p2.(3P).6s 4P,64273.857,1.5,"5p2.(3P<0>).8p (0,3/2)*",0.05867,4.325e+06,0.11
475.9080,45945.34,1.5,5p2.(3P).6s 4P,66957.805,1.5,"5p2.(3P<2>).7p (2,3/2)*",0.0005481,4.035e+04,0.0
477.0971,43249.337,0.5,5p2.(3P).6s 4P,64209.43,0.5,"5p2.(3P<1>).7p (1,3/2)*",0.001816,2.66e+05,-0.03
478.6468,45945.34,1.5,5p2.(3P).6s 4P,66837.572,2.5,"5p2.(3P<2>).7p (2,3/2)*",0.01686,8.182e+05,0.03
479.6389,43249.337,0.5,5p2.(3P).6s 4P,64098.356,0.5,"5p2.(3P<0>).8p (0,1/2)*",0.0006647,9.636e+04,-0.01
482.1657,45945.34,1.5,5p2.(3P).6s 4P,66685.1,0.5,"5p2.(3P<2>).7p (2,3/2)*",0.0003461,4.965e+04,-0.0
484.2336,43249.337,0.5,5p2.(3P).6s 4P,63900.527,1.5,"5p2.(3P<1>).7p (1,3/2)*",0.0009258,6.584e+04,0.0
485.5261,45945.34,1.5,5p2.(3P).6s 4P,66541.554,1.5,"5p2.(3P<2>).7p (2,1/2)*",0.007155,5.061e+05,0.05
486.6391,43249.337,0.5,5p2.(3P).6s 4P,63798.447,1.5,"5p2.(3P<1>).7p (1,1/2)*",0.01226,8.635e+05,0.05
488.4233,46991.058,0.5,5p2.(3P).6s 2P,67465.1,1.5,"5p2.(3P<1>).8p (1,3/2)*",0.0002212,1.546e+04,0.0
489.8049,45945.34,1.5,5p2.(3P).6s 4P,66361.632,2.5,"5p2.(3P<2>).7p (2,1/2)*",0.004632,2.147e+05,0.0
489.9429,46991.058,0.5,5p2.(3P).6s 2P,67401.6,0.5,"5p2.(3P<1>).8p (1,3/2)*",0.001551,2.156e+05,0.02
490.5767,46991.058,0.5,5p2.(3P).6s 2P,67375.229,1.5,"5p2.(3P<1>).8p (1,1/2)*",0.007213,4.998e+05,-0.06
491.2317,43249.337,0.5,5p2.(3P).6s 4P,63606.331,0.5,"5p2.(3P<1>).7p (1,1/2)*",0.009784,1.352e+06,-0.08
495.0264,46991.058,0.5,5p2.(3P).6s 2P,67192.0,0.5,"5p2.(3P<1>).8p (1,1/2)*",0.00221,3.007e+05,-0.07
499.6587,45945.34,1.5,5p2.(3P).6s 4P,65959.0,1.5,"5p2.(1D<2>).6p (2,3/2)*",2.344e-05,1566,-0.0
500.8327,46991.058,0.5,5p2.(3P).6s 2P,66957.805,1.5,"5p2.(3P<2>).7p (2,3/2)*",0.02021,1.344e+06,0.04
504.2450,48332.424,2.5,5p2.(3P).6s 4P,68164.052,3.5,5p2.(3P<2>).4f 2[4]*,4.395e-06,144.1,-0.0
504.4216,48332.424,2.5,5p2.(3P).6s 4P,68157.11,2.5,5p2.(3P<2>).4f 2[2]*,0.0002541,1.11e+04,0.01
504.6479,48332.424,2.5,5p2.(3P).6s 4P,68148.219,2.5,5p2.(3P<2>).4f 2[3]*,0.0001607,7016,-0.0
506.6453,48332.424,2.5,5p2.(3P).6s 4P,68070.1,1.5,5p2.(3P<2>).4f 2[1]*,5.168e-05,3357,-0.0
507.7678,46991.058,0.5,5p2.(3P).6s 2P,66685.1,0.5,"5p2.(3P<2>).7p (2,3/2)*",0.01498,1.938e+06,0.02
509.6068,45945.34,1.5,5p2.(3P).6s 4P,65568.312,2.5,5p2.(3P<1>).4f 2[2]*,0.002846,1.218e+05,-0.01
509.6867,45945.34,1.5,5p2.(3P).6s 4P,65565.236,1.5,5p2.(3P<1>).4f 2[2]*,5.772e-06,370.5,-0.0
511.4960,46991.058,0.5,5p2.(3P).6s 2P,66541.554,1.5,"5p2.(3P<2>).7p (2,1/2)*",2.64e-06,168.2,0.0
511.9207,45945.34,1.5,5p2.(3P).6s 4P,65479.617,0.5,"5p2.(1D<2>).6p (2,3/2)*",0.0004447,5.66e+04,0.0
512.4314,45945.34,1.5,5p2.(3P).6s 4P,65460.149,2.5,5p2.(3P<1>).4f 2[3]*,0.0002709,1.147e+04,0.0
522.6660,48332.424,2.5,5p2.(3P).6s 4P,67465.1,1.5,"5p2.(3P<1>).8p (1,3/2)*",0.0004592,2.803e+04,0.02
525.1327,48332.424,2.5,5p2.(3P).6s 4P,67375.229,1.5,"5p2.(3P<1>).8p (1,1/2)*",0.001155,6.982e+04,0.08
525.2309,45945.34,1.5,5p2.(3P).6s 4P,64984.586,1.5,"5p2.(1D<2>).6p (2,1/2)*",0.0003159,1.91e+04,0.0
527.0210,48332.424,2.5,5p2.(3P).6s 4P,67307.0,2.5,"5p2.(3P<1>).8p (1,3/2)*",0.005887,2.356e+05,-0.16
527.2053,46991.058,0.5,5p2.(3P).6s 2P,65959.0,1.5,"5p2.(1D<2>).6p (2,3/2)*",0.001163,6.977e+04,0.0
528.1611,45945.34,1.5,5p2.(3P).6s 4P,64878.958,2.5,"5p2.(1D<2>).6p (2,3/2)*",0.0001112,4433,0.0
532.8793,49391.133,1.5,5p2.(3P).6s 2P,68157.11,2.5,5p2.(3P<2>).4f 2[2]*,0.001301,5.093e+04,0.0
533.1319,49391.133,1.5,5p2.(3P).6s 2P,68148.219,2.5,5p2.(3P<2>).4f 2[3]*,0.001684,6.589e+04,0.0
535.3615,49391.133,1.5,5p2.(3P).6s 2P,68070.1,1.5,5p2.(3P<2>).4f 2[1]*,0.00022,1.28e+04,0.0
536.9018,48332.424,2.5,5p2.(3P).6s 4P,66957.805,1.5,"5p2.(3P<2>).7p (2,3/2)*",0.00883,5.108e+05,-0.03
538.3818,46991.058,0.5,5p2.(3P).6s 2P,65565.236,1.5,5p2.(3P<1>).4f 2[2]*,0.003016,1.735e+05,-0.02
538.5886,45945.34,1.5,5p2.(3P).6s 4P,64512.389,2.5,"5p2.(1D<2>).6p (2,1/2)*",0.002999,1.15e+05,0.01
540.3902,48332.424,2.5,5p2.(3P).6s 4P,66837.572,2.5,"5p2.(3P<2>).7p (2,3/2)*",0.08934,3.401e+06,0.08
540.8750,46991.058,0.5,5p2.(3P).6s 2P,65479.617,0.5,"5p2.(1D<2>).6p (2,3/2)*",0.001539,1.754e+05,0.0
545.5979,45945.34,1.5,5p2.(3P).6s 4P,64273.857,1.5,"5p2.(3P<0>).8p (0,3/2)*",0.3361,1.883e+07,0.71
547.5225,45945.34,1.5,5p2.(3P).6s 4P,64209.43,0.5,"5p2.(3P<1>).7p (1,3/2)*",0.01911,2.126e+06,-0.16
549.1751,48332.424,2.5,5p2.(3P).6s 4P,66541.554,1.5,"5p2.(3P<2>).7p (2,1/2)*",0.02376,1.314e+06,-0.09
550.8726,45945.34,1.5,5p2.(3P).6s 4P,64098.356,0.5,"5p2.(3P<0>).8p (0,1/2)*",0.005289,5.813e+05,-0.04
553.2820,49391.133,1.5,5p2.(3P).6s 2P,67465.1,1.5,"5p2.(3P<1>).8p (1,3/2)*",0.001124,6.122e+04,-0.01
553.3129,48332.424,2.5,5p2.(3P).6s 4P,66405.382,3.5,"5p2.(3P<2>).7p (2,3/2)*",0.02378,6.475e+05,0.05
554.6555,48332.424,2.5,5p2.(3P).6s 4P,66361.632,2.5,"5p2.(3P<2>).7p (2,1/2)*",0.04223,1.526e+06,0.02
555.2327,49391.133,1.5,5p2.(3P).6s 2P,67401.6,0.5,"5p2.(3P<1>).8p (1,3/2)*",8.19e-07,88.6,0.0
555.7554,46991.058,0.5,5p2.(3P).6s 2P,64984.586,1.5,"5p2.(1D<2>).6p (2,1/2)*",4.495e-05,2427,0.0
556.0469,49391.133,1.5,5p2.(3P).6s 2P,67375.229,1.5,"5p2.(3P<1>).8p (1,1/2)*",0.001374,7.408e+04,0.02
556.9421,45945.34,1.5,5p2.(3P).6s 4P,63900.527,1.5,"5p2.(3P<1>).7p (1,3/2)*",0.0007948,4.273e+04,-0.0
558.1644,49391.133,1.5,5p2.(3P).6s 2P,67307.0,2.5,"5p2.(3P<1>).8p (1,3/2)*",0.06659,2.376e+06,-0.22
560.1266,45945.34,1.5,5p2.(3P).6s 4P,63798.447,1.5,"5p2.(3P<1>).7p (1,1/2)*",0.009308,4.947e+05,-0.05
560.3620,45945.34,1.5,5p2.(3P).6s 4P,63790.947,2.5,"5p2.(3P<1>).7p (1,3/2)*",0.01747,6.186e+05,0.03
561.7704,49391.133,1.5,5p2.(3P).6s 2P,67192.0,0.5,"5p2.(3P<1>).8p (1,1/2)*",0.003179,3.36e+05,0.05
563.3498,43249.337,0.5,5p2.(3P).6s 4P,61000.296,1.5,"5p2.(3P<0>).7p (0,3/2)*",0.02642,1.388e+06,0.22
566.2196,45945.34,1.5,5p2.(3P).6s 4P,63606.331,0.5,"5p2.(3P<1>).7p (1,1/2)*",0.0006182,6.431e+04,0.02
567.3252,48332.424,2.5,5p2.(3P).6s 4P,65959.0,1.5,"5p2.(1D<2>).6p (2,3/2)*",6.455e-05,3344,0.0
569.2598,49391.133,1.5,5p2.(3P).6s 2P,66957.805,1.5,"5p2.(3P<2>).7p (2,3/2)*",0.00941,4.842e+05,0.01
570.9080,43249.337,0.5,5p2.(3P).6s 4P,60765.293,0.5,"5p2.(3P<0>).7p (0,1/2)*",0.001748,1.788e+05,-0.02
573.1829,49391.133,1.5,5p2.(3P).6s 2P,66837.572,2.5,"5p2.(3P<2>).7p (2,3/2)*",0.0009326,3.156e+04,-0.0
578.2363,49391.133,1.5,5p2.(3P).6s 2P,66685.1,0.5,"5p2.(3P<2>).7p (2,3/2)*",0.0142,1.417e+06,-0.01
578.6100,46991.058,0.5,5p2.(3P).6s 2P,64273.857,1.5,"5p2.(3P<0>).8p (0,3/2)*",0.2011,1.002e+07,0.55
580.1848,48332.424,2.5,5p2.(3P).6s 4P,65568.312,2.5,5p2.(3P<1>).4f 2[2]*,6.558e-05,2166,-0.0
580.2883,48332.424,2.5,5p2.(3P).6s 4P,65565.236,1.5,5p2.(3P<1>).4f 2[2]*,1.154e-05,571.6,-0.0
580.7750,46991.058,0.5,5p2.(3P).6s 2P,64209.43,0.5,"5p2.(3P<1>).7p (1,3/2)*",0.001658,1.639e+05,-0.03
581.4296,48332.424,2.5,5p2.(3P).6s 4P,65531.41,3.5,5p2.(3P<1>).4f 2[4]*,0.003845,9.483e+04,-0.02
583.0761,49391.133,1.5,5p2.(3P).6s 2P,66541.554,1.5,"5p2.(3P<2>).7p (2,1/2)*",0.0002598,1.274e+04,-0.0
583.6079,48332.424,2.5,5p2.(3P).6s 4P,65467.216,3.5,5p2.(3P<1>).4f 2[3]*,0.0002971,7273,0.0
583.8487,48332.424,2.5,5p2.(3P).6s 4P,65460.149,2.5,5p2.(3P<1>).4f 2[3]*,0.0005139,1.676e+04,0.01
584.5458,46991.058,0.5,5p2.(3P).6s 2P,64098.356,0.5,"5p2.(3P<0>).8p (0,1/2)*",0.0003048,2.975e+04,0.0
589.2579,49391.133,1.5,5p2.(3P).6s 2P,66361.632,2.5,"5p2.(3P<2>).7p (2,1/2)*",0.05048,1.616e+06,0.05
591.3846,46991.058,0.5,5p2.(3P).6s 2P,63900.527,1.5,"5p2.(3P<1>).7p (1,3/2)*",0.02762,1.317e+06,0.07
594.9764,46991.058,0.5,5p2.(3P).6s 2P,63798.447,1.5,"5p2.(3P<1>).7p (1,1/2)*",0.0152,7.161e+05,-0.05
600.5226,48332.424,2.5,5p2.(3P).6s 4P,64984.586,1.5,"5p2.(1D<2>).6p (2,1/2)*",0.002731,1.263e+05,0.0
601.5107,48332.424,2.5,5p2.(3P).6s 4P,64957.231,3.5,"5p2.(1D<2>).6p (2,3/2)*",0.009232,2.127e+05,0.0
601.8559,46991.058,0.5,5p2.(3P).6s 2P,63606.331,0.5,"5p2.(3P<1>).7p (1,1/2)*",0.0005259,4.842e+04,-0.01
603.5780,49391.133,1.5,5p2.(3P).6s 2P,65959.0,1.5,"5p2.(1D<2>).6p (2,3/2)*",0.01463,6.695e+05,0.01
604.3562,48332.424,2.5,5p2.(3P).6s 4P,64878.958,2.5,"5p2.(1D<2>).6p (2,3/2)*",9.041e-05,2752,0.0
605.4343,45945.34,1.5,5p2.(3P).6s 4P,62462.408,2.5,5p2.(3P<0>).4f 2[3]*,0.0001579,4789,0.01
618.0483,48332.424,2.5,5p2.(3P).6s 4P,64512.389,2.5,"5p2.(1D<2>).6p (2,1/2)*",0.002975,8.658e+04,0.0
618.1547,49391.133,1.5,5p2.(3P).6s 2P,65568.312,2.5,5p2.(3P<1>).4f 2[2]*,0.02065,6.007e+05,0.02
618.2723,49391.133,1.5,5p2.(3P).6s 2P,65565.236,1.5,5p2.(3P<1>).4f 2[2]*,0.00161,7.025e+04,0.01
621.5626,49391.133,1.5,5p2.(3P).6s 2P,65479.617,0.5,"5p2.(1D<2>).6p (2,3/2)*",0.007267,6.273e+05,-0.01
622.3156,49391.133,1.5,5p2.(3P).6s 2P,65460.149,2.5,5p2.(3P<1>).4f 2[3]*,0.02782,7.985e+05,-0.03
623.5029,52612.483,1.5,"5p2.(3P<0>).6p (0,3/2)*",68650.9,2.5,5p2.(3P).8s 4P,0.03376,9.653e+05,-0.03
627.2962,48332.424,2.5,5p2.(3P).6s 4P,64273.857,1.5,"5p2.(3P<0>).8p (0,3/2)*",0.05441,2.306e+06,0.09
631.7241,51676.437,0.5,"5p2.(3P<0>).6p (0,1/2)*",67506.133,1.5,5p2.(3P).7d 4P,0.0001598,6676,0.0
634.8969,51676.437,0.5,"5p2.(3P<0>).6p (0,1/2)*",67427.025,0.5,5p2.(3P).7d ,0.001135,9.387e+04,0.0
641.2948,49391.133,1.5,5p2.(3P).6s 2P,64984.586,1.5,"5p2.(1D<2>).6p (2,1/2)*",0.03651,1.481e+06,-0.02
641.3522,51676.437,0.5,"5p2.(3P<0>).6p (0,1/2)*",67268.493,1.5,5p2.(3P).6d 2D?,0.001411,5.721e+04,-0.0
642.3390,48332.424,2.5,5p2.(3P).6s 4P,63900.527,1.5,"5p2.(3P<1>).7p (1,3/2)*",0.00144,5.821e+04,-0.01
645.6685,49391.133,1.5,5p2.(3P).6s 2P,64878.958,2.5,"5p2.(1D<2>).6p (2,3/2)*",0.01682,4.487e+05,0.01
646.5786,48332.424,2.5,5p2.(3P).6s 4P,63798.447,1.5,"5p2.(3P<1>).7p (1,1/2)*",0.0005729,2.285e+04,0.01
646.8923,48332.424,2.5,5p2.(3P).6s 4P,63790.947,2.5,"5p2.(3P<1>).7p (1,3/2)*",0.02209,5.869e+05,-0.03
649.1958,43249.337,0.5,5p2.(3P).6s 4P,58653.011,0.5,"5p2.(3P<2>).6p (2,3/2)*",0.0002253,1.783e+04,-0.0
651.8830,43249.337,0.5,5p2.(3P).6s 4P,58589.512,1.5,"5p2.(3P<2>).6p (2,3/2)*",0.001867,7.328e+04,-0.0
656.6541,52612.483,1.5,"5p2.(3P<0>).6p (0,3/2)*",67841.2,2.5,5p2.(3P).7d 4P?,0.02245,5.787e+05,-0.01
658.6653,52612.483,1.5,"5p2.(3P<0>).6p (0,3/2)*",67794.7,2.5,5p2.(3P).6d 4D?,0.3214,8.235e+06,-0.04
661.3207,49391.133,1.5,5p2.(3P).6s 2P,64512.389,2.5,"5p2.(1D<2>).6p (2,1/2)*",0.01718,4.367e+05,-0.01
664.2331,45945.34,1.5,5p2.(3P).6s 4P,61000.296,1.5,"5p2.(3P<0>).7p (0,3/2)*",0.04448,1.681e+06,0.27
671.4271,52612.483,1.5,"5p2.(3P<0>).6p (0,3/2)*",67506.133,1.5,5p2.(3P).7d 4P,0.06365,2.355e+06,-0.03
671.9200,49391.133,1.5,5p2.(3P).6s 2P,64273.857,1.5,"5p2.(3P<0>).8p (0,3/2)*",0.000385,1.422e+04,-0.0
674.4817,43249.337,0.5,5p2.(3P).6s 4P,58075.536,1.5,"5p2.(3P<2>).6p (2,1/2)*",0.04399,1.613e+06,0.02
674.7660,45945.34,1.5,5p2.(3P).6s 4P,60765.293,0.5,"5p2.(3P<0>).7p (0,1/2)*",0.0005109,3.742e+04,-0.01
674.8414,49391.133,1.5,5p2.(3P).6s 2P,64209.43,0.5,"5p2.(3P<1>).7p (1,3/2)*",5.665e-05,4149,0.0
675.0124,52612.483,1.5,"5p2.(3P<0>).6p (0,3/2)*",67427.025,0.5,5p2.(3P).7d ,0.002448,1.792e+05,-0.01
679.2978,53442.967,2.5,5p2.(3P).5d 4P,68164.052,3.5,5p2.(3P<2>).4f 2[4]*,0.04563,8.246e+05,0.01
679.6182,53442.967,2.5,5p2.(3P).5d 4P,68157.11,2.5,5p2.(3P<2>).4f 2[2]*,0.01538,3.702e+05,0.01
679.9380,49391.133,1.5,5p2.(3P).6s 2P,64098.356,0.5,"5p2.(3P<0>).8p (0,1/2)*",0.04689,3.383e+06,-0.06
680.0291,53442.967,2.5,5p2.(3P).5d 4P,68148.219,2.5,5p2.(3P<2>).4f 2[3]*,0.03521,8.465e+05,-0.01
681.3186,51676.437,0.5,"5p2.(3P<0>).6p (0,1/2)*",66353.859,0.5,5p2.(3P).6d 2P,0.002872,2.064e+05,0.0
682.3139,52612.483,1.5,"5p2.(3P<0>).6p (0,3/2)*",67268.493,1.5,5p2.(3P).6d 2D?,0.0001833,6567,-0.0
683.5665,53527.956,1.5,5p2.(3P).5d 4F,68157.11,2.5,5p2.(3P<2>).4f 2[2]*,0.002089,4.971e+04,0.0
683.6610,53442.967,2.5,5p2.(3P).5d 4P,68070.1,1.5,5p2.(3P<2>).4f 2[1]*,0.005996,2.139e+05,-0.01
683.9822,53527.956,1.5,5p2.(3P).5d 4F,68148.219,2.5,5p2.(3P<2>).4f 2[3]*,0.009257,2.2e+05,0.0
687.6565,53527.956,1.5,5p2.(3P).5d 4F,68070.1,1.5,5p2.(3P<2>).4f 2[1]*,0.01944,6.855e+05,0.01
689.2087,49391.133,1.5,5p2.(3P).6s 2P,63900.527,1.5,"5p2.(3P<1>).7p (1,3/2)*",0.002303,8.084e+04,0.0
692.6752,51676.437,0.5,"5p2.(3P<0>).6p (0,1/2)*",66113.217,1.5,5p2.(3P).8s 4P,0.0001211,4207,0.0
694.0919,49391.133,1.5,5p2.(3P).6s 2P,63798.447,1.5,"5p2.(3P<1>).7p (1,1/2)*",0.001751,6.061e+04,-0.0
694.4534,49391.133,1.5,5p2.(3P).6s 2P,63790.947,2.5,"5p2.(3P<1>).7p (1,3/2)*",0.02772,6.391e+05,-0.06
696.5575,52612.483,1.5,"5p2.(3P<0>).6p (0,3/2)*",66968.8,2.5,5p2.(3P).6d 2D,0.04836,1.108e+06,0.02
697.6773,51676.437,0.5,"5p2.(3P<0>).6p (0,1/2)*",66009.712,0.5,5p2.(3P).8s 2P,0.0014,9.593e+04,-0.0
703.4724,49391.133,1.5,5p2.(3P).6s 2P,63606.331,0.5,"5p2.(3P<1>).7p (1,1/2)*",0.0004802,3.236e+04,0.0
707.5377,48332.424,2.5,5p2.(3P).6s 4P,62465.946,3.5,5p2.(3P<0>).4f 2[3]*,0.0003815,6354,-0.0
707.7149,48332.424,2.5,5p2.(3P).6s 4P,62462.408,2.5,5p2.(3P<0>).4f 2[3]*,5.169e-05,1147,0.0
713.1583,53442.967,2.5,5p2.(3P).5d 4P,67465.1,1.5,"5p2.(3P<1>).8p (1,3/2)*",0.003634,1.191e+05,0.0
713.8147,46991.058,0.5,5p2.(3P).6s 2P,61000.296,1.5,"5p2.(3P<0>).7p (0,3/2)*",0.002749,8.997e+04,0.06
717.5071,53527.956,1.5,5p2.(3P).5d 4F,67465.1,1.5,"5p2.(3P<1>).8p (1,3/2)*",0.01639,5.307e+05,0.02
717.7585,53442.967,2.5,5p2.(3P).5d 4P,67375.229,1.5,"5p2.(3P<1>).8p (1,1/2)*",4.068e-05,1317,-0.0
720.7912,53527.956,1.5,5p2.(3P).5d 4F,67401.6,0.5,"5p2.(3P<1>).8p (1,3/2)*",0.001591,1.021e+05,-0.01
721.2908,53442.967,2.5,5p2.(3P).5d 4P,67307.0,2.5,"5p2.(3P<1>).8p (1,3/2)*",0.001425,3.045e+04,0.01
722.1639,53527.956,1.5,5p2.(3P).5d 4F,67375.229,1.5,"5p2.(3P<1>).8p (1,1/2)*",9.763e-05,3122,0.0
725.7398,53527.956,1.5,5p2.(3P).5d 4F,67307.0,2.5,"5p2.(3P<1>).8p (1,3/2)*",0.006687,1.412e+05,-0.04
725.9931,46991.058,0.5,5p2.(3P).6s 2P,60765.293,0.5,"5p2.(3P<0>).7p (0,1/2)*",3.291e-05,2082,0.0
727.7292,52612.483,1.5,"5p2.(3P<0>).6p (0,3/2)*",66353.859,0.5,5p2.(3P).6d 2P,0.003622,2.281e+05,-0.0
731.8478,53527.956,1.5,5p2.(3P).5d 4F,67192.0,0.5,"5p2.(3P<1>).8p (1,1/2)*",0.04244,2.643e+06,0.04
739.8286,55134.255,1.5,"5p2.(3P<1>).6p (1,1/2)*",68650.9,2.5,5p2.(3P).8s 4P,0.7896,1.604e+07,0.29
739.9275,53442.967,2.5,5p2.(3P).5d 4P,66957.805,1.5,"5p2.(3P<2>).7p (2,3/2)*",0.001769,5.388e+04,0.0
740.7005,52612.483,1.5,"5p2.(3P<0>).6p (0,3/2)*",66113.217,1.5,5p2.(3P).8s 4P,0.002921,8.878e+04,-0.0
744.6100,53527.956,1.5,5p2.(3P).5d 4F,66957.805,1.5,"5p2.(3P<2>).7p (2,3/2)*",0.0001492,4486,0.0
746.3373,55252.132,2.5,"5p2.(3P<1>).6p (1,3/2)*",68650.9,2.5,5p2.(3P).8s 4P,0.0005045,1.007e+04,0.0
746.4230,52612.483,1.5,"5p2.(3P<0>).6p (0,3/2)*",66009.712,0.5,5p2.(3P).8s 2P,0.003215,1.925e+05,0.01
746.5692,53442.967,2.5,5p2.(3P).5d 4P,66837.572,2.5,"5p2.(3P<2>).7p (2,3/2)*",0.02767,5.519e+05,0.03
751.3365,53527.956,1.5,5p2.(3P).5d 4F,66837.572,2.5,"5p2.(3P<2>).7p (2,3/2)*",2.233e-05,439.7,0.0
751.3422,54196.618,0.5,"5p2.(3P<1>).6p (1,1/2)*",67506.133,1.5,5p2.(3P).7d 4P,0.002098,6.197e+04,0.0
755.8346,54196.618,0.5,"5p2.(3P<1>).6p (1,1/2)*",67427.025,0.5,5p2.(3P).7d ,0.001674,9.775e+04,0.0
759.4754,51676.437,0.5,"5p2.(3P<0>).6p (0,1/2)*",64843.421,1.5,5p2.(1D).5d 2D,3.072e-05,888.2,0.0
760.0434,53527.956,1.5,5p2.(3P).5d 4F,66685.1,0.5,"5p2.(3P<2>).7p (2,3/2)*",0.000215,1.242e+04,-0.0
763.4411,53442.967,2.5,5p2.(3P).5d 4P,66541.554,1.5,"5p2.(3P<2>).7p (2,1/2)*",0.05392,1.543e+06,-0.06
763.7822,51676.437,0.5,"5p2.(3P<0>).6p (0,1/2)*",64769.175,0.5,5p2.(3P).6d 4D,9.457e-06,540.7,-0.0
765.0012,54196.618,0.5,"5p2.(3P<1>).6p (1,1/2)*",67268.493,1.5,5p2.(3P).6d 2D?,0.001707,4.865e+04,-0.0
765.0363,49391.133,1.5,5p2.(3P).6s 2P,62462.408,2.5,5p2.(3P<0>).4f 2[3]*,0.01601,3.041e+05,-0.03
766.6884,55120.943,2.5,5p2.(3P).5d 4F,68164.052,3.5,5p2.(3P<2>).4f 2[4]*,0.02648,3.756e+05,-0.01
767.0966,55120.943,2.5,5p2.(3P).5d 4F,68157.11,2.5,5p2.(3P<2>).4f 2[2]*,0.006543,1.236e+05,-0.01
767.6202,55120.943,2.5,5p2.(3P).5d 4F,68148.219,2.5,5p2.(3P<2>).4f 2[3]*,0.004415,8.329e+04,0.0
768.4270,53527.956,1.5,5p2.(3P).5d 4F,66541.554,1.5,"5p2.(3P<2>).7p (2,1/2)*",0.001768,4.992e+04,0.0
771.4612,53442.967,2.5,5p2.(3P).5d 4P,66405.382,3.5,"5p2.(3P<2>).7p (2,3/2)*",0.0002045,2865,-0.0
772.2510,55120.943,2.5,5p2.(3P).5d 4F,68070.1,1.5,5p2.(3P<2>).4f 2[1]*,0.01287,3.599e+05,0.02
773.7455,55232.963,1.5,5p2.(1D).6s 2D,68157.11,2.5,5p2.(3P<2>).4f 2[2]*,0.0697,1.294e+06,0.07
774.0738,53442.967,2.5,5p2.(3P).5d 4P,66361.632,2.5,"5p2.(3P<2>).7p (2,1/2)*",0.0009751,1.809e+04,-0.0
774.2781,55232.963,1.5,5p2.(1D).6s 2D,68148.219,2.5,5p2.(3P<2>).4f 2[3]*,0.05159,9.567e+05,-0.02
775.7863,45945.34,1.5,5p2.(3P).6s 4P,58835.487,2.5,"5p2.(3P<2>).6p (2,3/2)*",0.1134,2.096e+06,0.06
778.9899,55232.963,1.5,5p2.(1D).6s 2D,68070.1,1.5,5p2.(3P<2>).4f 2[1]*,0.04001,1.099e+06,-0.03
779.2000,53527.956,1.5,5p2.(3P).5d 4F,66361.632,2.5,"5p2.(3P<2>).7p (2,1/2)*",0.0006609,1.21e+04,-0.0
779.5712,55252.132,2.5,"5p2.(3P<1>).6p (1,3/2)*",68079.696,3.5,5p2.(3P).6d 2F,0.1791,2.457e+06,-0.04
782.1010,55864.828,1.5,"5p2.(3P<1>).6p (1,3/2)*",68650.9,2.5,5p2.(3P).8s 4P,1.245,2.263e+07,-0.45
783.9474,51676.437,0.5,"5p2.(3P<0>).6p (0,1/2)*",64432.395,1.5,5p2.(3P).7d ,0.07988,2.167e+06,-0.05
784.6509,43249.337,0.5,5p2.(3P).6s 4P,55993.858,0.5,"5p2.(3P<1>).6p (1,3/2)*",0.03226,1.747e+06,-0.07
786.9263,45945.34,1.5,5p2.(3P).6s 4P,58653.011,0.5,"5p2.(3P<2>).6p (2,3/2)*",0.05272,2.84e+06,-0.08
786.9712,55134.255,1.5,"5p2.(3P<1>).6p (1,1/2)*",67841.2,2.5,5p2.(3P).7d 4P?,1.598,2.868e+07,0.45
789.3986,48332.424,2.5,5p2.(3P).6s 4P,61000.296,1.5,"5p2.(3P<0>).7p (0,3/2)*",0.07898,2.113e+06,0.29
789.8617,55134.255,1.5,"5p2.(3P<1>).6p (1,1/2)*",67794.7,2.5,5p2.(3P).6d 4D?,0.04295,7.653e+05,-0.01
790.8782,45945.34,1.5,5p2.(3P).6s 4P,58589.512,1.5,"5p2.(3P<2>).6p (2,3/2)*",0.004256,1.135e+05,0.01
791.7176,52612.483,1.5,"5p2.(3P<0>).6p (0,3/2)*",65243.25,2.5,5p2.(1D).5d 2D,0.002571,4.56e+04,0.0
792.6762,43249.337,0.5,5p2.(3P).6s 4P,55864.828,1.5,"5p2.(3P<1>).6p (1,3/2)*",0.04486,1.191e+06,0.03
794.3400,55252.132,2.5,"5p2.(3P<1>).6p (1,3/2)*",67841.2,2.5,5p2.(3P).7d 4P?,0.04521,7.965e+05,0.08
797.1831,51676.437,0.5,"5p2.(3P<0>).6p (0,1/2)*",64220.607,1.5,5p2.(3P).6d 2P,0.002957,7.76e+04,0.0
797.2849,55252.132,2.5,"5p2.(3P<1>).6p (1,3/2)*",67794.7,2.5,5p2.(3P).6d 4D?,0.009588,1.677e+05,-0.0
798.9752,53442.967,2.5,5p2.(3P).5d 4P,65959.0,1.5,"5p2.(1D<2>).6p (2,3/2)*",0.004297,1.123e+05,0.0
804.1308,55728.264,2.5,5p2.(1D).6s 2D,68164.052,3.5,5p2.(3P<2>).4f 2[4]*,0.002883,3.717e+04,-0.0
804.4377,53527.956,1.5,5p2.(3P).5d 4F,65959.0,1.5,"5p2.(1D<2>).6p (2,3/2)*",0.0003232,8330,0.0
804.5799,55728.264,2.5,5p2.(1D).6s 2D,68157.11,2.5,5p2.(3P<2>).4f 2[2]*,0.01375,2.362e+05,-0.04
805.1559,55728.264,2.5,5p2.(1D).6s 2D,68148.219,2.5,5p2.(3P<2>).4f 2[3]*,0.002369,4.063e+04,0.0
808.2847,55134.255,1.5,"5p2.(3P<1>).6p (1,1/2)*",67506.133,1.5,5p2.(3P).7d 4P,0.5502,1.404e+07,0.19
810.0999,55120.943,2.5,5p2.(3P).5d 4F,67465.1,1.5,"5p2.(3P<1>).8p (1,3/2)*",0.0761,1.934e+06,0.05
810.2522,55728.264,2.5,5p2.(1D).6s 2D,68070.1,1.5,5p2.(3P<2>).4f 2[1]*,0.01021,2.594e+05,-0.04
813.4863,55134.255,1.5,"5p2.(3P<1>).6p (1,1/2)*",67427.025,0.5,5p2.(3P).7d ,0.1002,5.052e+06,0.17
816.0410,55120.943,2.5,5p2.(3P).5d 4F,67375.229,1.5,"5p2.(3P<1>).8p (1,1/2)*",0.0007893,1.977e+04,-0.01
816.0600,55252.132,2.5,"5p2.(3P<1>).6p (1,3/2)*",67506.133,1.5,5p2.(3P).7d 4P,0.001162,2.911e+04,0.0
817.5186,55232.963,1.5,5p2.(1D).6s 2D,67465.1,1.5,"5p2.(3P<1>).8p (1,3/2)*",0.006231,1.555e+05,-0.03
817.5988,52612.483,1.5,"5p2.(3P<0>).6p (0,3/2)*",64843.421,1.5,5p2.(1D).5d 2D,0.01378,3.438e+05,0.01
820.6100,55120.943,2.5,5p2.(3P).5d 4F,67307.0,2.5,"5p2.(3P<1>).8p (1,3/2)*",2.758e-05,455.3,-0.0
821.7847,55232.963,1.5,5p2.(1D).6s 2D,67401.6,0.5,"5p2.(3P<1>).8p (1,3/2)*",0.02551,1.26e+06,-0.12
822.5551,54196.618,0.5,"5p2.(3P<1>).6p (1,1/2)*",66353.859,0.5,5p2.(3P).6d 2P,0.003758,1.852e+05,-0.0
822.5922,52612.483,1.5,"5p2.(3P<0>).6p (0,3/2)*",64769.175,0.5,5p2.(3P).6d 4D,0.0002842,1.401e+04,-0.0
823.0912,51676.437,0.5,"5p2.(3P<0>).6p (0,1/2)*",63825.759,0.5,5p2.(3P).6d ,0.0004737,2.332e+04,0.0
823.5695,55232.963,1.5,5p2.(1D).6s 2D,67375.229,1.5,"5p2.(3P<1>).8p (1,1/2)*",0.005343,1.314e+05,0.04
824.1144,55134.255,1.5,"5p2.(3P<1>).6p (1,1/2)*",67268.493,1.5,5p2.(3P).6d 2D?,0.0007214,1.771e+04,0.0
824.3890,45945.34,1.5,5p2.(3P).6s 4P,58075.536,1.5,"5p2.(3P<2>).6p (2,1/2)*",0.06646,1.631e+06,0.04
824.7188,53442.967,2.5,5p2.(3P).5d 4P,65568.312,2.5,5p2.(3P<1>).4f 2[2]*,0.02064,3.373e+05,0.01
824.9281,53442.967,2.5,5p2.(3P).5d 4P,65565.236,1.5,5p2.(3P<1>).4f 2[2]*,0.0005515,1.351e+04,-0.0
826.0320,55252.132,2.5,"5p2.(3P<1>).6p (1,3/2)*",67358.201,3.5,5p2.(3P).7d 4F,0.02847,3.479e+05,-0.01
827.2364,53442.967,2.5,5p2.(3P).5d 4P,65531.41,3.5,5p2.(3P<1>).4f 2[4]*,0.2606,3.175e+06,-0.06
828.2234,55232.963,1.5,5p2.(1D).6s 2D,67307.0,2.5,"5p2.(3P<1>).8p (1,3/2)*",0.006266,1.016e+05,0.03
830.5402,53527.956,1.5,5p2.(3P).5d 4F,65568.312,2.5,5p2.(3P<1>).4f 2[2]*,0.04812,7.755e+05,-0.03
830.7525,53527.956,1.5,5p2.(3P).5d 4F,65565.236,1.5,5p2.(3P<1>).4f 2[2]*,0.0001393,3365,-0.0
831.6528,53442.967,2.5,5p2.(3P).5d 4P,65467.216,3.5,5p2.(3P<1>).4f 2[3]*,0.1155,1.392e+06,0.02
832.1418,53442.967,2.5,5p2.(3P).5d 4P,65460.149,2.5,5p2.(3P<1>).4f 2[3]*,0.002691,4.321e+04,0.0
832.1987,55252.132,2.5,"5p2.(3P<1>).6p (1,3/2)*",67268.493,1.5,5p2.(3P).6d 2D?,2.085e-06,50.21,-0.0
832.9649,56151.802,1.5,5p2.(3P).5d 4P,68157.11,2.5,5p2.(3P<2>).4f 2[2]*,0.02142,3.432e+05,-0.01
833.5822,56151.802,1.5,5p2.(3P).5d 4P,68148.219,2.5,5p2.(3P<2>).4f 2[3]*,0.04626,7.402e+05,0.02
834.9774,55864.828,1.5,"5p2.(3P<1>).6p (1,3/2)*",67841.2,2.5,5p2.(3P).7d 4P?,2.177,3.472e+07,-0.44
835.2108,51676.437,0.5,"5p2.(3P<0>).6p (0,1/2)*",63649.462,1.5,5p2.(3P).7s 2P,0.006716,1.605e+05,-0.0
836.1877,55232.963,1.5,5p2.(1D).6s 2D,67192.0,0.5,"5p2.(3P<1>).8p (1,1/2)*",0.004512,2.152e+05,0.04
836.7038,53527.956,1.5,5p2.(3P).5d 4F,65479.617,0.5,"5p2.(1D<2>).6p (2,3/2)*",3.845e-06,183.2,-0.0
838.0689,53527.956,1.5,5p2.(3P).5d 4F,65460.149,2.5,5p2.(3P<1>).4f 2[3]*,0.02825,4.471e+05,0.01
838.2320,55864.828,1.5,"5p2.(3P<1>).6p (1,3/2)*",67794.7,2.5,5p2.(3P).6d 4D?,1.088,1.721e+07,-0.18
839.0460,56151.802,1.5,5p2.(3P).5d 4P,68070.1,1.5,5p2.(3P<2>).4f 2[1]*,0.02375,5.626e+05,0.01
839.1656,54196.618,0.5,"5p2.(3P<1>).6p (1,1/2)*",66113.217,1.5,5p2.(3P).8s 4P,0.007188,1.702e+05,0.02
840.2498,52612.483,1.5,"5p2.(3P<0>).6p (0,3/2)*",64513.705,2.5,5p2.(3P).6d 2F,1.09e-05,171.6,0.0
841.4025,43249.337,0.5,5p2.(3P).6s 4P,55134.255,1.5,"5p2.(3P<1>).6p (1,1/2)*",0.004813,1.134e+05,0.0
844.8185,55120.943,2.5,5p2.(3P).5d 4F,66957.805,1.5,"5p2.(3P<2>).7p (2,3/2)*",0.01883,4.401e+05,0.02
844.9839,55134.255,1.5,"5p2.(3P<1>).6p (1,1/2)*",66968.8,2.5,5p2.(3P).6d 2D,0.114,1.776e+06,-0.07
846.0300,52612.483,1.5,"5p2.(3P<0>).6p (0,3/2)*",64432.395,1.5,5p2.(3P).7d ,0.04989,1.162e+06,-0.05
846.5183,54196.618,0.5,"5p2.(3P<1>).6p (1,1/2)*",66009.712,0.5,5p2.(3P).8s 2P,0.01421,6.612e+05,-0.03
852.0184,55728.264,2.5,5p2.(1D).6s 2D,67465.1,1.5,"5p2.(3P<1>).8p (1,3/2)*",0.005249,1.206e+05,0.02
852.8900,55232.963,1.5,5p2.(1D).6s 2D,66957.805,1.5,"5p2.(3P<2>).7p (2,3/2)*",0.3187,7.305e+06,-0.24
853.4850,55252.132,2.5,"5p2.(3P<1>).6p (1,3/2)*",66968.8,2.5,5p2.(3P).6d 2D,0.005383,8.215e+04,0.0
853.4878,55120.943,2.5,5p2.(3P).5d 4F,66837.572,2.5,"5p2.(3P<2>).7p (2,3/2)*",0.1375,2.099e+06,-0.08
857.4893,46991.058,0.5,5p2.(3P).6s 2P,58653.011,0.5,"5p2.(3P<2>).6p (2,3/2)*",0.06323,2.868e+06,0.04
858.5928,55728.264,2.5,5p2.(1D).6s 2D,67375.229,1.5,"5p2.(3P<1>).8p (1,1/2)*",0.001281,2.898e+04,0.02
859.0102,55864.828,1.5,"5p2.(3P<1>).6p (1,3/2)*",67506.133,1.5,5p2.(3P).7d 4P,0.6076,1.373e+07,-0.16
859.4078,56528.132,3.5,5p2.(3P).5d 4F,68164.052,3.5,5p2.(3P<2>).4f 2[4]*,0.01936,2.185e+05,-0.01
859.9208,56528.132,3.5,5p2.(3P).5d 4F,68157.11,2.5,5p2.(3P<2>).4f 2[2]*,2.91e-05,437.5,-0.0
860.5788,56528.132,3.5,5p2.(3P).5d 4F,68148.219,2.5,5p2.(3P<2>).4f 2[3]*,0.0007528,1.13e+04,0.0
861.3885,49391.133,1.5,5p2.(3P).6s 2P,61000.296,1.5,"5p2.(3P<0>).7p (0,3/2)*",0.001179,2.649e+04,0.02
861.4656,52612.483,1.5,"5p2.(3P<0>).6p (0,3/2)*",64220.607,1.5,5p2.(3P).6d 2P,0.001068,2.4e+04,-0.0
861.7266,55232.963,1.5,5p2.(1D).6s 2D,66837.572,2.5,"5p2.(3P<2>).7p (2,3/2)*",0.005313,7.954e+04,-0.01
861.9779,52612.483,1.5,"5p2.(3P<0>).6p (0,3/2)*",64213.708,2.5,5p2.(3P).7d ,0.3366,5.036e+06,0.14
862.1839,46991.058,0.5,5p2.(3P).6s 2P,58589.512,1.5,"5p2.(3P<2>).6p (2,3/2)*",0.008118,1.821e+05,0.01
863.6521,55728.264,2.5,5p2.(1D).6s 2D,67307.0,2.5,"5p2.(3P<1>).8p (1,3/2)*",0.00458,6.826e+04,0.03
864.8875,55864.828,1.5,"5p2.(3P<1>).6p (1,3/2)*",67427.025,0.5,5p2.(3P).7d ,0.0759,3.384e+06,-0.15
866.4296,53442.967,2.5,5p2.(3P).5d 4P,64984.586,1.5,"5p2.(1D<2>).6p (2,1/2)*",0.003539,7.862e+04,0.0
868.3121,51676.437,0.5,"5p2.(3P<0>).6p (0,1/2)*",63193.033,1.5,5p2.(3P).5d ,0.001197,2.647e+04,0.0
868.4880,53442.967,2.5,5p2.(3P).5d 4P,64957.231,3.5,"5p2.(1D<2>).6p (2,3/2)*",0.003573,3.95e+04,0.01
868.6380,55993.858,0.5,"5p2.(3P<1>).6p (1,3/2)*",67506.133,1.5,5p2.(3P).7d 4P,0.008218,1.816e+05,-0.01
870.2468,55252.132,2.5,"5p2.(3P<1>).6p (1,3/2)*",66743.125,3.5,5p2.(3P).6d 4D,1.712,1.885e+07,-0.38
872.2198,45945.34,1.5,5p2.(3P).6s 4P,57410.34,2.5,"5p2.(3P<2>).6p (2,1/2)*",0.002126,3.107e+04,0.0
872.8570,53527.956,1.5,5p2.(3P).5d 4F,64984.586,1.5,"5p2.(1D<2>).6p (2,1/2)*",0.0008698,1.904e+04,0.0
873.1995,55232.963,1.5,5p2.(1D).6s 2D,66685.1,0.5,"5p2.(3P<2>).7p (2,3/2)*",0.1374,6.01e+06,-0.17
874.4323,53442.967,2.5,5p2.(3P).5d 4P,64878.958,2.5,"5p2.(1D<2>).6p (2,3/2)*",0.003821,5.555e+04,-0.0
874.6483,55993.858,0.5,"5p2.(3P<1>).6p (1,3/2)*",67427.025,0.5,5p2.(3P).7d ,0.02779,1.212e+06,-0.07
875.3541,56733.162,1.5,5p2.(3P).5d 2P,68157.11,2.5,5p2.(3P<2>).4f 2[2]*,0.08316,1.207e+06,0.03
875.6099,55120.943,2.5,5p2.(3P).5d 4F,66541.554,1.5,"5p2.(3P<2>).7p (2,1/2)*",0.1705,3.709e+06,0.13
876.0359,56733.162,1.5,5p2.(3P).5d 2P,68148.219,2.5,5p2.(3P<2>).4f 2[3]*,0.05682,8.23e+05,-0.03
876.9111,55864.828,1.5,"5p2.(3P<1>).6p (1,3/2)*",67268.493,1.5,5p2.(3P).6d 2D?,5.197e-07,11.27,-0.0
879.1858,49391.133,1.5,5p2.(3P).6s 2P,60765.293,0.5,"5p2.(3P<0>).7p (0,1/2)*",0.006208,2.679e+05,-0.01
879.3921,56698.608,0.5,5p2.(3P).5d 4P,68070.1,1.5,5p2.(3P<2>).4f 2[1]*,0.5657,1.22e+07,-0.27
880.9795,53527.956,1.5,5p2.(3P).5d 4F,64878.958,2.5,"5p2.(1D<2>).6p (2,3/2)*",0.002359,3.379e+04,0.0
882.0724,56733.162,1.5,5p2.(3P).5d 2P,68070.1,1.5,5p2.(3P<2>).4f 2[1]*,0.05303,1.137e+06,-0.04
883.9155,56151.802,1.5,5p2.(3P).5d 4P,67465.1,1.5,"5p2.(3P<1>).8p (1,3/2)*",0.005445,1.162e+05,-0.02
884.2835,55232.963,1.5,5p2.(1D).6s 2D,66541.554,1.5,"5p2.(3P<2>).7p (2,1/2)*",0.07655,1.632e+06,0.11
886.1761,55120.943,2.5,5p2.(3P).5d 4F,66405.382,3.5,"5p2.(3P<2>).7p (2,3/2)*",0.006656,7.067e+04,-0.02
886.2201,51676.437,0.5,"5p2.(3P<0>).6p (0,1/2)*",62960.316,0.5,5p2.(3P).8s 4P,0.03657,1.553e+06,0.11
886.9467,55993.858,0.5,"5p2.(3P<1>).6p (1,3/2)*",67268.493,1.5,5p2.(3P).6d 2D?,0.002275,4.823e+04,0.0
888.9048,56151.802,1.5,5p2.(3P).5d 4P,67401.6,0.5,"5p2.(3P<1>).8p (1,3/2)*",0.0002058,8688,-0.0
889.6252,55120.943,2.5,5p2.(3P).5d 4F,66361.632,2.5,"5p2.(3P<2>).7p (2,1/2)*",0.1245,1.749e+06,-0.05
889.6354,57410.34,2.5,"5p2.(3P<2>).6p (2,1/2)*",68650.9,2.5,5p2.(3P).8s 4P,0.0112,1.573e+05,0.01
890.5083,55728.264,2.5,5p2.(1D).6s 2D,66957.805,1.5,"5p2.(3P<2>).7p (2,3/2)*",0.003375,7.097e+04,-0.0
890.9935,56151.802,1.5,5p2.(3P).5d 4P,67375.229,1.5,"5p2.(3P<1>).8p (1,1/2)*",0.0001271,2670,0.0
891.2971,55134.255,1.5,"5p2.(3P<1>).6p (1,1/2)*",66353.859,0.5,5p2.(3P).6d 2P,0.0001906,8003,-0.0
891.8000,52612.483,1.5,"5p2.(3P<0>).6p (0,3/2)*",63825.759,0.5,5p2.(3P).6d ,0.008085,3.39e+05,-0.02
896.4431,56151.802,1.5,5p2.(3P).5d 4P,67307.0,2.5,"5p2.(3P<1>).8p (1,3/2)*",0.0001253,1733,-0.0
898.5801,55232.963,1.5,5p2.(1D).6s 2D,66361.632,2.5,"5p2.(3P<2>).7p (2,1/2)*",0.01372,1.888e+05,0.01
900.1461,55728.264,2.5,5p2.(1D).6s 2D,66837.572,2.5,"5p2.(3P<2>).7p (2,3/2)*",0.2649,3.634e+06,0.17
900.5786,55864.828,1.5,"5p2.(3P<1>).6p (1,3/2)*",66968.8,2.5,5p2.(3P).6d 2D,0.000333,4565,-0.0
901.2626,57555.355,3.5,"5p2.(3P<2>).6p (2,3/2)*",68650.9,2.5,5p2.(3P).8s 4P,0.07966,1.09e+06,-0.04
902.1625,46991.058,0.5,5p2.(3P).6s 2P,58075.536,1.5,"5p2.(3P<2>).6p (2,1/2)*",0.04331,8.874e+05,0.08
903.3895,53442.967,2.5,5p2.(3P).5d 4P,64512.389,2.5,"5p2.(1D<2>).6p (2,1/2)*",0.004673,6.366e+04,0.0
905.7809,56151.802,1.5,5p2.(3P).5d 4P,67192.0,0.5,"5p2.(3P<1>).8p (1,1/2)*",0.02697,1.096e+06,-0.08
906.0450,52612.483,1.5,"5p2.(3P<0>).6p (0,3/2)*",63649.462,1.5,5p2.(3P).7s 2P,0.001425,2.895e+04,-0.0
910.3793,53527.956,1.5,5p2.(3P).5d 4F,64512.389,2.5,"5p2.(1D<2>).6p (2,1/2)*",0.009839,1.32e+05,-0.02
910.8329,55134.255,1.5,"5p2.(3P<1>).6p (1,1/2)*",66113.217,1.5,5p2.(3P).8s 4P,0.3889,7.818e+06,0.16
913.4688,43249.337,0.5,5p2.(3P).6s 4P,54196.618,0.5,"5p2.(3P<1>).6p (1,1/2)*",0.07147,2.856e+06,0.08
917.1115,52612.483,1.5,"5p2.(3P<0>).6p (0,3/2)*",63516.282,2.5,5p2.(3P).7s 4P,0.04437,5.865e+05,-0.03
919.3712,57287.052,2.5,5p2.(3P).5d 2F,68164.052,3.5,5p2.(3P<2>).4f 2[4]*,0.1674,1.651e+06,-0.02
919.5016,55134.255,1.5,"5p2.(3P<1>).6p (1,1/2)*",66009.712,0.5,5p2.(3P).8s 2P,0.0103,4.064e+05,0.04
920.7114,57287.052,2.5,5p2.(3P).5d 2F,68148.219,2.5,5p2.(3P<2>).4f 2[3]*,0.0339,4.446e+05,-0.01
920.7183,55252.132,2.5,"5p2.(3P<1>).6p (1,3/2)*",66113.217,1.5,5p2.(3P).8s 4P,0.09294,1.828e+06,-0.1
922.6746,55120.943,2.5,5p2.(3P).5d 4F,65959.0,1.5,"5p2.(1D<2>).6p (2,3/2)*",0.1295,2.538e+06,-0.1
923.2852,53442.967,2.5,5p2.(3P).5d 4P,64273.857,1.5,"5p2.(3P<0>).8p (0,3/2)*",0.01498,2.931e+05,0.02
924.7879,55728.264,2.5,5p2.(1D).6s 2D,66541.554,1.5,"5p2.(3P<2>).7p (2,1/2)*",2.123e-05,414,-0.0
925.4116,56151.802,1.5,5p2.(3P).5d 4P,66957.805,1.5,"5p2.(3P<2>).7p (2,3/2)*",0.0663,1.291e+06,-0.08
927.3816,57287.052,2.5,5p2.(3P).5d 2F,68070.1,1.5,5p2.(3P<2>).4f 2[1]*,0.000332,6437,-0.0
927.7412,56528.132,3.5,5p2.(3P).5d 4F,67307.0,2.5,"5p2.(3P<1>).8p (1,3/2)*",0.0008196,1.059e+04,0.0
928.8076,56698.608,0.5,5p2.(3P).5d 4P,67465.1,1.5,"5p2.(3P<1>).8p (1,3/2)*",0.0606,1.171e+06,-0.26
930.5874,53527.956,1.5,5p2.(3P).5d 4F,64273.857,1.5,"5p2.(3P<0>).8p (0,3/2)*",0.001542,2.97e+04,0.01
931.7982,56733.162,1.5,5p2.(3P).5d 2P,67465.1,1.5,"5p2.(3P<1>).8p (1,3/2)*",0.0001454,2792,-0.0
932.3108,55232.963,1.5,5p2.(1D).6s 2D,65959.0,1.5,"5p2.(1D<2>).6p (2,3/2)*",0.1181,2.266e+06,0.08
934.3182,56698.608,0.5,5p2.(3P).5d 4P,67401.6,0.5,"5p2.(3P<1>).8p (1,3/2)*",0.0009207,3.518e+04,0.0
935.8240,56151.802,1.5,5p2.(3P).5d 4P,66837.572,2.5,"5p2.(3P<2>).7p (2,3/2)*",0.001071,1.359e+04,0.0
936.2004,53527.956,1.5,5p2.(3P).5d 4F,64209.43,0.5,"5p2.(3P<1>).7p (1,3/2)*",0.0004218,1.605e+04,-0.0
936.5823,55728.264,2.5,5p2.(1D).6s 2D,66405.382,3.5,"5p2.(3P<2>).7p (2,3/2)*",0.02556,2.429e+05,0.12
936.6259,56698.608,0.5,5p2.(3P).5d 4P,67375.229,1.5,"5p2.(3P<1>).8p (1,1/2)*",0.004105,7.804e+04,0.07
937.2637,57410.34,2.5,"5p2.(3P<2>).6p (2,1/2)*",68079.696,3.5,5p2.(3P).6d 2F,0.2171,2.061e+06,-0.04
937.3443,56733.162,1.5,5p2.(3P).5d 2P,67401.6,0.5,"5p2.(3P<1>).8p (1,3/2)*",0.01311,4.978e+05,-0.04
939.2491,54196.618,0.5,"5p2.(3P<1>).6p (1,1/2)*",64843.421,1.5,5p2.(1D).5d 2D,0.007141,1.35e+05,0.01
939.6671,56733.162,1.5,5p2.(3P).5d 2P,67375.229,1.5,"5p2.(3P<1>).8p (1,1/2)*",0.000101,1907,-0.0
940.4358,55728.264,2.5,5p2.(1D).6s 2D,66361.632,2.5,"5p2.(3P<2>).7p (2,1/2)*",1.027,1.291e+07,0.41
945.1305,52612.483,1.5,"5p2.(3P<0>).6p (0,3/2)*",63193.033,1.5,5p2.(3P).5d ,8.669e-05,1618,0.0
945.5939,58075.536,1.5,"5p2.(3P<2>).6p (2,1/2)*",68650.9,2.5,5p2.(3P).8s 4P,0.01566,1.948e+05,-0.01
945.7304,56733.162,1.5,5p2.(3P).5d 2P,67307.0,2.5,"5p2.(3P<1>).8p (1,3/2)*",0.002363,2.938e+04,-0.01
945.8450,54196.618,0.5,"5p2.(3P<1>).6p (1,1/2)*",64769.175,0.5,5p2.(3P).6d 4D,0.07861,2.93e+06,-0.17
946.0380,53527.956,1.5,5p2.(3P).5d 4F,64098.356,0.5,"5p2.(3P<0>).8p (0,1/2)*",0.003801,1.416e+05,0.02
949.3703,56151.802,1.5,5p2.(3P).5d 4P,66685.1,0.5,"5p2.(3P<2>).7p (2,3/2)*",0.06786,2.511e+06,-0.09
950.1783,57555.355,3.5,"5p2.(3P<2>).6p (2,3/2)*",68079.696,3.5,5p2.(3P).6d 2F,0.275,2.539e+06,-0.2
952.1032,48332.424,2.5,5p2.(3P).6s 4P,58835.487,2.5,"5p2.(3P<2>).6p (2,3/2)*",1.622,1.99e+07,0.63
952.9807,56698.608,0.5,5p2.(3P).5d 4P,67192.0,0.5,"5p2.(3P<1>).8p (1,1/2)*",0.02916,1.071e+06,0.24
953.3769,55864.828,1.5,"5p2.(3P<1>).6p (1,3/2)*",66353.859,0.5,5p2.(3P).6d 2P,0.04852,1.78e+06,0.05
954.8456,57597.203,0.5,5p2.(3P).5d 4D,68070.1,1.5,5p2.(3P<2>).4f 2[1]*,0.03865,7.07e+05,-0.02
956.1292,56733.162,1.5,5p2.(3P).5d 2P,67192.0,0.5,"5p2.(3P<1>).8p (1,1/2)*",0.015,5.472e+05,-0.11
957.1788,55120.943,2.5,5p2.(3P).5d 4F,65568.312,2.5,5p2.(3P<1>).4f 2[2]*,0.1246,1.512e+06,-0.06
957.4607,55120.943,2.5,5p2.(3P).5d 4F,65565.236,1.5,5p2.(3P<1>).4f 2[2]*,0.03528,6.418e+05,0.1
958.6937,57410.34,2.5,"5p2.(3P<2>).6p (2,1/2)*",67841.2,2.5,5p2.(3P).7d 4P?,0.009819,1.188e+05,-0.01
960.5717,55120.943,2.5,5p2.(3P).5d 4F,65531.41,3.5,5p2.(3P<1>).4f 2[4]*,1.047,9.464e+06,0.35
962.4869,56151.802,1.5,5p2.(3P).5d 4P,66541.554,1.5,"5p2.(3P<2>).7p (2,1/2)*",0.005014,9.025e+04,0.01
962.9866,57410.34,2.5,"5p2.(3P<2>).6p (2,1/2)*",67794.7,2.5,5p2.(3P).6d 4D?,0.2546,3.052e+06,-0.13
964.0811,53527.956,1.5,5p2.(3P).5d 4F,63900.527,1.5,"5p2.(3P<1>).7p (1,3/2)*",0.0008683,1.558e+04,-0.0
965.2509,55993.858,0.5,"5p2.(3P<1>).6p (1,3/2)*",66353.859,0.5,5p2.(3P).6d 2P,0.0325,1.163e+06,-0.06
965.6723,53442.967,2.5,5p2.(3P).5d 4P,63798.447,1.5,"5p2.(3P<1>).7p (1,1/2)*",0.08598,1.538e+06,-0.09
966.3722,53442.967,2.5,5p2.(3P).5d 4P,63790.947,2.5,"5p2.(3P<1>).7p (1,3/2)*",0.00277,3.297e+04,0.0
966.3859,52612.483,1.5,"5p2.(3P<0>).6p (0,3/2)*",62960.316,0.5,5p2.(3P).8s 4P,0.118,4.215e+06,-0.22
966.5316,55120.943,2.5,5p2.(3P).5d 4F,65467.216,3.5,5p2.(3P<1>).4f 2[3]*,2.333,2.082e+07,-0.35
967.1923,55120.943,2.5,5p2.(3P).5d 4F,65460.149,2.5,5p2.(3P<1>).4f 2[3]*,0.411,4.884e+06,-0.3
967.5532,55232.963,1.5,5p2.(1D).6s 2D,65568.312,2.5,5p2.(3P<1>).4f 2[2]*,0.2351,2.792e+06,0.16
967.8412,55232.963,1.5,5p2.(1D).6s 2D,65565.236,1.5,5p2.(3P<1>).4f 2[2]*,0.1637,2.914e+06,-0.27
969.9848,56528.132,3.5,5p2.(3P).5d 4F,66837.572,2.5,"5p2.(3P<2>).7p (2,3/2)*",0.001359,1.606e+04,-0.0
972.2099,57555.355,3.5,"5p2.(3P<2>).6p (2,3/2)*",67841.2,2.5,5p2.(3P).7d 4P?,0.01308,1.539e+05,0.07
973.6633,53527.956,1.5,5p2.(3P).5d 4F,63798.447,1.5,"5p2.(3P<1>).7p (1,1/2)*",3.572e-06,62.83,-0.0
974.3748,53527.956,1.5,5p2.(3P).5d 4F,63790.947,2.5,"5p2.(3P<1>).7p (1,3/2)*",2.434e-05,285,0.0
974.7352,56698.608,0.5,5p2.(3P).5d 4P,66957.805,1.5,"5p2.(3P<2>).7p (2,3/2)*",0.008522,1.496e+05,0.01
974.9356,48332.424,2.5,5p2.(3P).6s 4P,58589.512,1.5,"5p2.(3P<2>).6p (2,3/2)*",0.06907,1.212e+06,0.24
975.7631,55864.828,1.5,"5p2.(3P<1>).6p (1,3/2)*",66113.217,1.5,5p2.(3P).8s 4P,0.3385,5.928e+06,-0.17
975.9283,55232.963,1.5,5p2.(1D).6s 2D,65479.617,0.5,"5p2.(1D<2>).6p (2,3/2)*",0.3824,1.339e+07,0.27
976.6250,57555.355,3.5,"5p2.(3P<2>).6p (2,3/2)*",67794.7,2.5,5p2.(3P).6d 4D?,0.1226,1.429e+06,-0.25
976.9654,54196.618,0.5,"5p2.(3P<1>).6p (1,1/2)*",64432.395,1.5,5p2.(3P).7d ,0.01275,2.227e+05,0.01
977.4468,55728.264,2.5,5p2.(1D).6s 2D,65959.0,1.5,"5p2.(1D<2>).6p (2,3/2)*",0.5726,9.993e+06,0.28
977.7861,55232.963,1.5,5p2.(1D).6s 2D,65460.149,2.5,5p2.(3P<1>).4f 2[3]*,0.2332,2.711e+06,0.2
978.0293,56733.162,1.5,5p2.(3P).5d 2P,66957.805,1.5,"5p2.(3P<2>).7p (2,3/2)*",0.03711,6.47e+05,0.03
979.4482,56151.802,1.5,5p2.(3P).5d 4P,66361.632,2.5,"5p2.(3P<2>).7p (2,1/2)*",0.0114,1.321e+05,0.02
982.5067,57287.052,2.5,5p2.(3P).5d 2F,67465.1,1.5,"5p2.(3P<1>).8p (1,3/2)*",0.2567,4.434e+06,0.1
985.0600,55252.132,2.5,"5p2.(3P<1>).6p (1,3/2)*",65403.798,3.5,5p2.(1D).5d 2F,0.04112,3.533e+05,-0.04
985.7185,55864.828,1.5,"5p2.(3P<1>).6p (1,3/2)*",66009.712,0.5,5p2.(3P).8s 2P,0.169,5.801e+06,-0.23
986.9465,51676.437,0.5,"5p2.(3P<0>).6p (0,1/2)*",61808.698,1.5,5p2.(3P).5d 2D,0.0117,2.003e+05,0.01
988.2049,55993.858,0.5,"5p2.(3P<1>).6p (1,3/2)*",66113.217,1.5,5p2.(3P).8s 4P,0.03634,6.206e+05,0.1
989.2180,55134.255,1.5,"5p2.(3P<1>).6p (1,1/2)*",65243.25,2.5,5p2.(1D).5d 2D,0.05434,6.174e+05,-0.04
989.6669,56733.162,1.5,5p2.(3P).5d 2P,66837.572,2.5,"5p2.(3P<2>).7p (2,3/2)*",0.00393,4.46e+04,-0.01
990.5116,57410.34,2.5,"5p2.(3P<2>).6p (2,1/2)*",67506.133,1.5,5p2.(3P).7d 4P,0.03573,6.073e+05,-0.03
991.2594,57287.052,2.5,5p2.(3P).5d 2F,67375.229,1.5,"5p2.(3P<1>).8p (1,1/2)*",0.1367,2.32e+06,-0.09
992.2234,53527.956,1.5,5p2.(3P).5d 4F,63606.331,0.5,"5p2.(3P<1>).7p (1,1/2)*",0.003279,1.111e+05,-0.0
993.8987,58589.512,1.5,"5p2.(3P<2>).6p (2,3/2)*",68650.9,2.5,5p2.(3P).8s 4P,0.0002156,2427,0.0
995.1716,45945.34,1.5,5p2.(3P).6s 4P,55993.858,0.5,"5p2.(3P<1>).6p (1,3/2)*",0.4899,1.65e+07,-0.52
997.6068,54196.618,0.5,"5p2.(3P<1>).6p (1,1/2)*",64220.607,1.5,5p2.(3P).6d 2P,0.09353,1.567e+06,0.06
998.0092,57287.052,2.5,5p2.(3P).5d 2F,67307.0,2.5,"5p2.(3P<1>).8p (1,3/2)*",0.0005718,6382,0.0
998.4171,55993.858,0.5,"5p2.(3P<1>).6p (1,3/2)*",66009.712,0.5,5p2.(3P).8s 2P,6.657e-05,2227,0.0
1000.8890,55252.132,2.5,"5p2.(3P<1>).6p (1,3/2)*",65243.25,2.5,5p2.(1D).5d 2D,0.007383,8.194e+04,0.01
1001.3526,56698.608,0.5,5p2.(3P).5d 4P,66685.1,0.5,"5p2.(3P<2>).7p (2,3/2)*",0.02003,6.663e+05,0.04
1004.8294,56733.162,1.5,5p2.(3P).5d 2P,66685.1,0.5,"5p2.(3P<2>).7p (2,3/2)*",1.347e-05,444.8,0.0
1005.2412,57410.34,2.5,"5p2.(3P<2>).6p (2,1/2)*",67358.201,3.5,5p2.(3P).7d 4F,0.00869,7.17e+04,0.0
1006.2950,58132.656,0.5,5p2.(3P).7s 4P,68070.1,1.5,5p2.(3P<2>).4f 2[1]*,0.01977,3.255e+05,-0.09
1008.1165,45945.34,1.5,5p2.(3P).6s 4P,55864.828,1.5,"5p2.(3P<1>).6p (1,3/2)*",0.008191,1.344e+05,0.01
1011.1995,52612.483,1.5,"5p2.(3P<0>).6p (0,3/2)*",62501.728,2.5,5p2.(3P).6d 4F,0.01575,1.713e+05,-0.01
1012.4275,56528.132,3.5,5p2.(3P).5d 4F,66405.382,3.5,"5p2.(3P<2>).7p (2,3/2)*",0.0008803,7161,-0.0
1013.3871,57597.203,0.5,5p2.(3P).5d 4D,67465.1,1.5,"5p2.(3P<1>).8p (1,3/2)*",0.001346,2.186e+04,-0.02
1013.8242,55120.943,2.5,5p2.(3P).5d 4F,64984.586,1.5,"5p2.(1D<2>).6p (2,1/2)*",0.05215,8.462e+05,-0.03
1014.3888,57410.34,2.5,"5p2.(3P<2>).6p (2,1/2)*",67268.493,1.5,5p2.(3P).6d 2D?,0.03946,6.395e+05,-0.07
1015.9560,56698.608,0.5,5p2.(3P).5d 4P,66541.554,1.5,"5p2.(3P<2>).7p (2,1/2)*",0.0157,2.537e+05,-0.01
1016.2552,55728.264,2.5,5p2.(1D).6s 2D,65568.312,2.5,5p2.(3P<1>).4f 2[2]*,0.3705,3.988e+06,-0.37
1016.5730,55728.264,2.5,5p2.(1D).6s 2D,65565.236,1.5,5p2.(3P<1>).4f 2[2]*,0.01313,2.119e+05,0.14
1016.6437,55120.943,2.5,5p2.(3P).5d 4F,64957.231,3.5,"5p2.(1D<2>).6p (2,3/2)*",0.3387,2.732e+06,-0.23
1016.9319,56528.132,3.5,5p2.(3P).5d 4F,66361.632,2.5,"5p2.(3P<2>).7p (2,1/2)*",0.001756,1.887e+04,-0.0
1018.8058,58835.487,2.5,"5p2.(3P<2>).6p (2,3/2)*",68650.9,2.5,5p2.(3P).8s 4P,0.02475,2.651e+05,-0.03
1019.5351,56733.162,1.5,5p2.(3P).5d 2P,66541.554,1.5,"5p2.(3P<2>).7p (2,1/2)*",0.02026,3.251e+05,-0.03
1019.6592,56151.802,1.5,5p2.(3P).5d 4P,65959.0,1.5,"5p2.(1D<2>).6p (2,3/2)*",0.06254,1.003e+06,0.05
1019.9505,57597.203,0.5,5p2.(3P).5d 4D,67401.6,0.5,"5p2.(3P<1>).8p (1,3/2)*",0.006307,2.022e+05,0.05
1020.0807,55728.264,2.5,5p2.(1D).6s 2D,65531.41,3.5,5p2.(3P<1>).4f 2[4]*,0.1649,1.321e+06,0.18
1020.1119,57555.355,3.5,"5p2.(3P<2>).6p (2,3/2)*",67358.201,3.5,5p2.(3P).7d 4F,0.0007392,5923,0.0
1022.7013,57597.203,0.5,5p2.(3P).5d 4D,67375.229,1.5,"5p2.(3P<1>).8p (1,1/2)*",5.834e-05,930.1,-0.0
1023.9959,58075.536,1.5,"5p2.(3P<2>).6p (2,1/2)*",67841.2,2.5,5p2.(3P).7d 4P?,0.2667,2.827e+06,-0.16
1024.7986,55120.943,2.5,5p2.(3P).5d 4F,64878.958,2.5,"5p2.(1D<2>).6p (2,3/2)*",0.09184,9.722e+05,0.07
1025.4703,55232.963,1.5,5p2.(1D).6s 2D,64984.586,1.5,"5p2.(1D<2>).6p (2,1/2)*",0.09908,1.571e+06,-0.05
1026.3661,48332.424,2.5,5p2.(3P).6s 4P,58075.536,1.5,"5p2.(3P<2>).6p (2,1/2)*",1.558,2.467e+07,-0.63
1026.8045,55728.264,2.5,5p2.(1D).6s 2D,65467.216,3.5,5p2.(3P<1>).4f 2[3]*,0.195,1.542e+06,-0.19
1027.5502,55728.264,2.5,5p2.(1D).6s 2D,65460.149,2.5,5p2.(3P<1>).4f 2[3]*,0.00882,9.287e+04,-0.03
1028.8951,58075.536,1.5,"5p2.(3P<2>).6p (2,1/2)*",67794.7,2.5,5p2.(3P).6d 4D?,0.1251,1.314e+06,0.05
1029.8585,51676.437,0.5,"5p2.(3P<0>).6p (0,1/2)*",61386.509,0.5,5p2.(3P).7s 2P,0.01918,6.032e+05,-0.01
1029.9546,55134.255,1.5,"5p2.(3P<1>).6p (1,1/2)*",64843.421,1.5,5p2.(1D).5d 2D,0.2417,3.8e+06,-0.16
1034.0456,57287.052,2.5,5p2.(3P).5d 2F,66957.805,1.5,"5p2.(3P<2>).7p (2,3/2)*",0.273,4.257e+06,-0.05
1036.6997,55232.963,1.5,5p2.(1D).6s 2D,64878.958,2.5,"5p2.(1D<2>).6p (2,3/2)*",0.7398,7.653e+06,0.26
1037.8913,55134.255,1.5,"5p2.(3P<1>).6p (1,1/2)*",64769.175,0.5,5p2.(3P).6d 4D,0.06193,1.917e+06,0.16
1038.5142,54196.618,0.5,"5p2.(3P<1>).6p (1,1/2)*",63825.759,0.5,5p2.(3P).6d ,0.0003081,9528,0.0
1038.5866,56733.162,1.5,5p2.(3P).5d 2P,66361.632,2.5,"5p2.(3P<2>).7p (2,1/2)*",0.05446,5.613e+05,0.05
1042.2315,57597.203,0.5,5p2.(3P).5d 4D,67192.0,0.5,"5p2.(3P<1>).8p (1,1/2)*",0.00193,5.926e+04,0.04
1042.6127,55252.132,2.5,"5p2.(3P<1>).6p (1,3/2)*",64843.421,1.5,5p2.(1D).5d 2D,0.0003272,5019,0.0
1046.1936,57410.34,2.5,"5p2.(3P<2>).6p (2,1/2)*",66968.8,2.5,5p2.(3P).6d 2D,0.00454,4.611e+04,0.0
1047.0634,57287.052,2.5,5p2.(3P).5d 2F,66837.572,2.5,"5p2.(3P<2>).7p (2,3/2)*",0.02458,2.493e+05,0.01
1057.8827,54196.618,0.5,"5p2.(3P<1>).6p (1,1/2)*",63649.462,1.5,5p2.(3P).7s 2P,0.09241,1.377e+06,-0.08
1058.8337,49391.133,1.5,5p2.(3P).6s 2P,58835.487,2.5,"5p2.(3P<2>).6p (2,3/2)*",0.8167,8.099e+06,0.55
1060.3783,58075.536,1.5,"5p2.(3P<2>).6p (2,1/2)*",67506.133,1.5,5p2.(3P).7d 4P,0.009272,1.375e+05,0.01
1061.9646,56151.802,1.5,5p2.(3P).5d 4P,65568.312,2.5,5p2.(3P<1>).4f 2[2]*,0.2417,2.383e+06,-0.11
1062.3103,57555.355,3.5,"5p2.(3P<2>).6p (2,3/2)*",66968.8,2.5,5p2.(3P).6d 2D,0.05504,5.422e+05,0.11
1062.3116,56151.802,1.5,5p2.(3P).5d 4P,65565.236,1.5,5p2.(3P<1>).4f 2[2]*,0.278,4.108e+06,0.29
1062.6141,58746.356,1.5,5p2.(3P).5d 4D,68157.11,2.5,5p2.(3P<2>).4f 2[2]*,0.07158,7.048e+05,0.01
1063.6190,58746.356,1.5,5p2.(3P).5d 4D,68148.219,2.5,5p2.(3P<2>).4f 2[3]*,0.9655,9.488e+06,-0.1
1064.7988,55120.943,2.5,5p2.(3P).5d 4F,64512.389,2.5,"5p2.(1D<2>).6p (2,1/2)*",0.1056,1.035e+06,-0.06
1066.1606,55134.255,1.5,"5p2.(3P<1>).6p (1,1/2)*",64513.705,2.5,5p2.(3P).6d 2F,0.002677,2.619e+04,0.0
1066.2775,55864.828,1.5,"5p2.(3P<1>).6p (1,3/2)*",65243.25,2.5,5p2.(1D).5d 2D,0.006134,5.998e+04,0.0
1068.0171,43249.337,0.5,5p2.(3P).6s 4P,52612.483,1.5,"5p2.(3P<0>).6p (0,3/2)*",1.708,2.497e+07,0.84
1068.3074,57597.203,0.5,5p2.(3P).5d 4D,66957.805,1.5,"5p2.(3P<2>).7p (2,3/2)*",0.006689,9.773e+04,0.02
1069.3484,58075.536,1.5,"5p2.(3P<2>).6p (2,1/2)*",67427.025,0.5,5p2.(3P).7d ,0.02794,8.148e+05,-0.08
1071.4915,57410.34,2.5,"5p2.(3P<2>).6p (2,1/2)*",66743.125,3.5,5p2.(3P).6d 4D,0.02951,2.143e+05,0.01
1071.5307,58132.656,0.5,5p2.(3P).7s 4P,67465.1,1.5,"5p2.(3P<1>).8p (1,3/2)*",0.527,7.655e+06,0.67
1072.0624,56151.802,1.5,5p2.(3P).5d 4P,65479.617,0.5,"5p2.(1D<2>).6p (2,3/2)*",0.116,3.365e+06,0.11
1072.5305,58746.356,1.5,5p2.(3P).5d 4D,68070.1,1.5,5p2.(3P<2>).4f 2[1]*,0.6422,9.31e+06,-0.15
1074.3046,56151.802,1.5,5p2.(3P).5d 4P,65460.149,2.5,5p2.(3P<1>).4f 2[3]*,1.337,1.288e+07,-0.44
1074.4841,45945.34,1.5,5p2.(3P).6s 4P,55252.132,2.5,"5p2.(3P<1>).6p (1,3/2)*",2.574,2.479e+07,0.86
1075.1344,58862.889,2.5,5p2.(3P).5d 4D,68164.052,3.5,5p2.(3P<2>).4f 2[4]*,1.591,1.148e+07,-0.3
1075.4839,55134.255,1.5,"5p2.(3P<1>).6p (1,1/2)*",64432.395,1.5,5p2.(3P).7d ,0.001507,2.173e+04,0.0
1075.9374,58862.889,2.5,5p2.(3P).5d 4D,68157.11,2.5,5p2.(3P<2>).4f 2[2]*,0.3535,3.395e+06,-0.31
1076.6309,51676.437,0.5,"5p2.(3P<0>).6p (0,1/2)*",60964.671,1.5,5p2.(3P).7s 4P,0.0007128,1.025e+04,0.0
1076.9676,58862.889,2.5,5p2.(3P).5d 4D,68148.219,2.5,5p2.(3P<2>).4f 2[3]*,0.9322,8.935e+06,0.36
1077.6529,55232.963,1.5,5p2.(1D).6s 2D,64512.389,2.5,"5p2.(1D<2>).6p (2,1/2)*",1.269,1.215e+07,0.51
1078.8716,58132.656,0.5,5p2.(3P).7s 4P,67401.6,0.5,"5p2.(3P<1>).8p (1,3/2)*",0.01152,3.301e+05,-0.02
1079.6946,49391.133,1.5,5p2.(3P).6s 2P,58653.011,0.5,"5p2.(3P<2>).6p (2,3/2)*",0.6046,1.73e+07,-0.33
1079.7302,55252.132,2.5,"5p2.(3P<1>).6p (1,3/2)*",64513.705,2.5,5p2.(3P).6d 2F,1.742e-05,166.1,0.0
1079.8679,56698.608,0.5,5p2.(3P).5d 4P,65959.0,1.5,"5p2.(1D<2>).6p (2,3/2)*",0.0001823,2607,-0.0
1080.3427,55728.264,2.5,5p2.(1D).6s 2D,64984.586,1.5,"5p2.(1D<2>).6p (2,1/2)*",0.6685,9.551e+06,0.35
1080.5552,57287.052,2.5,5p2.(3P).5d 2F,66541.554,1.5,"5p2.(3P<2>).7p (2,1/2)*",0.9932,1.419e+07,0.16
1080.8838,58589.512,1.5,"5p2.(3P<2>).6p (2,3/2)*",67841.2,2.5,5p2.(3P).7d 4P?,0.01813,1.725e+05,0.02
1081.7583,58835.487,2.5,"5p2.(3P<2>).6p (2,3/2)*",68079.696,3.5,5p2.(3P).6d 2F,0.4497,3.204e+06,0.12
1081.9498,58132.656,0.5,5p2.(3P).7s 4P,67375.229,1.5,"5p2.(3P<1>).8p (1,1/2)*",0.03519,5.013e+05,-0.16
1083.5449,55728.264,2.5,5p2.(1D).6s 2D,64957.231,3.5,"5p2.(1D<2>).6p (2,3/2)*",2.971,2.11e+07,0.72
1083.9124,56733.162,1.5,5p2.(3P).5d 2P,65959.0,1.5,"5p2.(1D<2>).6p (2,3/2)*",0.011,1.561e+05,-0.01
1084.2540,48332.424,2.5,5p2.(3P).6s 4P,57555.355,3.5,"5p2.(3P<2>).6p (2,3/2)*",3.618,2.566e+07,0.87
1084.6100,58944.148,3.5,5p2.(3P).5d 4D,68164.052,3.5,5p2.(3P<2>).4f 2[4]*,0.6974,4.943e+06,0.31
1085.4272,58944.148,3.5,5p2.(3P).5d 4D,68157.11,2.5,5p2.(3P<2>).4f 2[2]*,0.006326,5.969e+04,0.03
1086.1052,58862.889,2.5,5p2.(3P).5d 4D,68070.1,1.5,5p2.(3P<2>).4f 2[1]*,0.1391,1.966e+06,0.22
1086.3439,58589.512,1.5,"5p2.(3P<2>).6p (2,3/2)*",67794.7,2.5,5p2.(3P).6d 4D?,0.231,2.176e+06,0.13
1086.4758,58944.148,3.5,5p2.(3P).5d 4D,68148.219,2.5,5p2.(3P<2>).4f 2[3]*,0.06955,6.55e+05,-0.15
1087.1481,49391.133,1.5,5p2.(3P).6s 2P,58589.512,1.5,"5p2.(3P<2>).6p (2,3/2)*",1.345,1.897e+07,0.45
1087.4039,52612.483,1.5,"5p2.(3P<0>).6p (0,3/2)*",61808.698,1.5,5p2.(3P).5d 2D,0.007834,1.105e+05,0.01
1087.7893,58075.536,1.5,"5p2.(3P<2>).6p (2,1/2)*",67268.493,1.5,5p2.(3P).6d 2D?,0.087,1.226e+06,0.08
1088.2678,45945.34,1.5,5p2.(3P).6s 4P,55134.255,1.5,"5p2.(3P<1>).6p (1,1/2)*",1.615,2.274e+07,-0.78
1088.4034,57555.355,3.5,"5p2.(3P<2>).6p (2,3/2)*",66743.125,3.5,5p2.(3P).6d 4D,0.01281,9.02e+04,0.01
1089.2934,55252.132,2.5,"5p2.(3P<1>).6p (1,3/2)*",64432.395,1.5,5p2.(3P).7d ,0.0123,1.729e+05,0.04
1092.8133,55728.264,2.5,5p2.(1D).6s 2D,64878.958,2.5,"5p2.(1D<2>).6p (2,3/2)*",0.302,2.811e+06,-0.25
1096.6920,57287.052,2.5,5p2.(3P).5d 2F,66405.382,3.5,"5p2.(3P<2>).7p (2,3/2)*",0.001771,1.228e+04,0.0
1100.3646,57597.203,0.5,5p2.(3P).5d 4D,66685.1,0.5,"5p2.(3P<2>).7p (2,3/2)*",0.002417,6.659e+04,0.01
1100.5517,55134.255,1.5,"5p2.(3P<1>).6p (1,1/2)*",64220.607,1.5,5p2.(3P).6d 2P,0.01888,2.599e+05,-0.01
1101.3879,55134.255,1.5,"5p2.(3P<1>).6p (1,1/2)*",64213.708,2.5,5p2.(3P).7d ,0.4335,3.972e+06,-0.18
1101.5744,48332.424,2.5,5p2.(3P).6s 4P,57410.34,2.5,"5p2.(3P<2>).6p (2,1/2)*",0.9097,8.334e+06,-0.74
1101.9794,57287.052,2.5,5p2.(3P).5d 2F,66361.632,2.5,"5p2.(3P<2>).7p (2,1/2)*",0.01529,1.4e+05,0.0
1103.8327,58132.656,0.5,5p2.(3P).7s 4P,67192.0,0.5,"5p2.(3P<1>).8p (1,1/2)*",0.1796,4.915e+06,-0.56
1106.0853,55232.963,1.5,5p2.(1D).6s 2D,64273.857,1.5,"5p2.(3P<0>).8p (0,3/2)*",0.004615,6.291e+04,-0.02
1106.1727,56528.132,3.5,5p2.(3P).5d 4F,65568.312,2.5,5p2.(3P<1>).4f 2[2]*,0.01589,1.443e+05,0.03
1108.2814,53442.967,2.5,5p2.(3P).5d 4P,62465.946,3.5,5p2.(3P<0>).4f 2[3]*,3.476,2.36e+07,-0.65
1108.7162,53442.967,2.5,5p2.(3P).5d 4P,62462.408,2.5,5p2.(3P<0>).4f 2[3]*,0.1753,1.585e+06,0.18
1108.8218,52612.483,1.5,"5p2.(3P<0>).6p (0,3/2)*",61631.065,2.5,5p2.(3P).5d 2D,0.08637,7.81e+05,0.04
1110.4062,58835.487,2.5,"5p2.(3P<2>).6p (2,3/2)*",67841.2,2.5,5p2.(3P).7d 4P?,0.02703,2.437e+05,-0.04
1110.7066,56528.132,3.5,5p2.(3P).5d 4F,65531.41,3.5,5p2.(3P<1>).4f 2[4]*,0.09466,6.398e+05,-0.18
1110.7655,46991.058,0.5,5p2.(3P).6s 2P,55993.858,0.5,"5p2.(3P<1>).6p (1,3/2)*",0.2795,7.556e+06,-0.52
1111.1531,56528.132,3.5,5p2.(3P).5d 4F,65527.792,4.5,5p2.(3P<1>).4f 2[4]*,3.467,1.873e+07,-0.42
1111.5539,54196.618,0.5,"5p2.(3P<1>).6p (1,1/2)*",63193.033,1.5,5p2.(3P).5d ,0.007145,9.643e+04,0.01
1113.7603,55864.828,1.5,"5p2.(3P<1>).6p (1,3/2)*",64843.421,1.5,5p2.(1D).5d 2D,0.314,4.221e+06,0.16
1114.0240,55232.963,1.5,5p2.(1D).6s 2D,64209.43,0.5,"5p2.(3P<1>).7p (1,3/2)*",0.011,2.955e+05,0.07
1115.0168,55252.132,2.5,"5p2.(3P<1>).6p (1,3/2)*",64220.607,1.5,5p2.(3P).6d 2P,0.02559,3.433e+05,-0.07
1115.8752,55252.132,2.5,"5p2.(3P<1>).6p (1,3/2)*",64213.708,2.5,5p2.(3P).7d ,0.01225,1.093e+05,-0.01
1118.0241,57597.203,0.5,5p2.(3P).5d 4D,66541.554,1.5,"5p2.(3P<2>).7p (2,1/2)*",0.003715,4.956e+04,0.01
1118.6829,56528.132,3.5,5p2.(3P).5d 4F,65467.216,3.5,5p2.(3P<1>).4f 2[3]*,0.2838,1.891e+06,0.32
1119.2628,53527.956,1.5,5p2.(3P).5d 4F,62462.408,2.5,5p2.(3P<0>).4f 2[3]*,1.402,1.245e+07,-0.29
1119.5680,56528.132,3.5,5p2.(3P).5d 4F,65460.149,2.5,5p2.(3P<1>).4f 2[3]*,0.01378,1.222e+05,0.1
1121.5011,58589.512,1.5,"5p2.(3P<2>).6p (2,3/2)*",67506.133,1.5,5p2.(3P).7d 4P,0.001847,2.449e+04,-0.0
1123.0325,51676.437,0.5,"5p2.(3P<0>).6p (0,1/2)*",60580.899,1.5,5p2.(3P).6d 2D,0.0008,1.058e+04,0.0
1123.0470,55864.828,1.5,"5p2.(3P<1>).6p (1,3/2)*",64769.175,0.5,5p2.(3P).6d 4D,0.001072,2.834e+04,-0.0
1124.4465,58075.536,1.5,"5p2.(3P<2>).6p (2,1/2)*",66968.8,2.5,5p2.(3P).6d 2D,0.2678,2.354e+06,-0.13
1126.9167,46991.058,0.5,5p2.(3P).6s 2P,55864.828,1.5,"5p2.(3P<1>).6p (1,3/2)*",1.498,1.967e+07,0.79
1127.0472,57555.355,3.5,"5p2.(3P<2>).6p (2,3/2)*",66428.098,4.5,5p2.(3P).6d 4F,1.43,7.51e+06,-0.36
1127.5550,55252.132,2.5,"5p2.(3P<1>).6p (1,3/2)*",64120.879,3.5,5p2.(3P).6d 4F,0.01007,6.603e+04,0.0
1127.8245,56698.608,0.5,5p2.(3P).5d 4P,65565.236,1.5,5p2.(3P<1>).4f 2[2]*,0.02589,3.394e+05,0.02
1127.9816,55232.963,1.5,5p2.(1D).6s 2D,64098.356,0.5,"5p2.(3P<0>).8p (0,1/2)*",0.002582,6.767e+04,-0.01
1129.5450,58653.011,0.5,"5p2.(3P<2>).6p (2,3/2)*",67506.133,1.5,5p2.(3P).7d 4P,0.007938,1.037e+05,0.0
1129.9993,55993.858,0.5,"5p2.(3P<1>).6p (1,3/2)*",64843.421,1.5,5p2.(1D).5d 2D,0.002855,3.729e+04,-0.0
1131.5401,58589.512,1.5,"5p2.(3P<2>).6p (2,3/2)*",67427.025,0.5,5p2.(3P).7d ,0.004486,1.169e+05,0.04
1131.8427,56733.162,1.5,5p2.(3P).5d 2P,65568.312,2.5,5p2.(3P<1>).4f 2[2]*,1.469,1.274e+07,0.59
1132.1459,56151.802,1.5,5p2.(3P).5d 4P,64984.586,1.5,"5p2.(1D<2>).6p (2,1/2)*",0.02067,2.689e+05,-0.02
1132.2369,56733.162,1.5,5p2.(3P).5d 2P,65565.236,1.5,5p2.(3P<1>).4f 2[2]*,0.01136,1.478e+05,-0.02
1133.1253,58132.656,0.5,5p2.(3P).7s 4P,66957.805,1.5,"5p2.(3P<2>).7p (2,3/2)*",0.002877,3.736e+04,-0.0
1138.4173,55728.264,2.5,5p2.(1D).6s 2D,64512.389,2.5,"5p2.(1D<2>).6p (2,1/2)*",0.3128,2.683e+06,0.13
1138.8213,56698.608,0.5,5p2.(3P).5d 4P,65479.617,0.5,"5p2.(1D<2>).6p (2,3/2)*",0.05327,1.37e+06,-0.08
1139.0061,55120.943,2.5,5p2.(3P).5d 4F,63900.527,1.5,"5p2.(3P<1>).7p (1,3/2)*",0.001514,1.947e+04,0.0
1139.5600,55993.858,0.5,"5p2.(3P<1>).6p (1,3/2)*",64769.175,0.5,5p2.(3P).6d 4D,0.2524,6.482e+06,-0.49
1139.7276,52612.483,1.5,"5p2.(3P<0>).6p (0,3/2)*",61386.509,0.5,5p2.(3P).7s 2P,0.003517,9.029e+04,0.0
1139.7292,58653.011,0.5,"5p2.(3P<2>).6p (2,3/2)*",67427.025,0.5,5p2.(3P).7d ,0.08046,2.066e+06,-0.09
1141.0708,54196.618,0.5,"5p2.(3P<1>).6p (1,1/2)*",62960.316,0.5,5p2.(3P).8s 4P,0.0006557,1.68e+04,-0.0
1143.3204,56733.162,1.5,5p2.(3P).5d 2P,65479.617,0.5,"5p2.(1D<2>).6p (2,3/2)*",0.0544,1.388e+06,-0.05
1145.8487,56151.802,1.5,5p2.(3P).5d 4P,64878.958,2.5,"5p2.(1D<2>).6p (2,3/2)*",0.4022,3.406e+06,0.25
1145.8708,56733.162,1.5,5p2.(3P).5d 2P,65460.149,2.5,5p2.(3P<1>).4f 2[3]*,0.3653,3.093e+06,-0.15
1146.9542,58746.356,1.5,5p2.(3P).5d 4D,67465.1,1.5,"5p2.(3P<1>).8p (1,3/2)*",0.0423,5.362e+05,-0.04
1149.0453,57410.34,2.5,"5p2.(3P<2>).6p (2,1/2)*",66113.217,1.5,5p2.(3P).8s 4P,0.006565,8.292e+04,0.01
1150.5489,55134.255,1.5,"5p2.(3P<1>).6p (1,1/2)*",63825.759,0.5,5p2.(3P).6d ,0.002363,5.953e+04,0.01
1151.4896,49391.133,1.5,5p2.(3P).6s 2P,58075.536,1.5,"5p2.(3P<2>).6p (2,1/2)*",0.01582,1.99e+05,0.03
1152.2090,58589.512,1.5,"5p2.(3P<2>).6p (2,3/2)*",67268.493,1.5,5p2.(3P).6d 2D?,0.0008622,1.083e+04,-0.0
1152.4051,55120.943,2.5,5p2.(3P).5d 4F,63798.447,1.5,"5p2.(3P<1>).7p (1,1/2)*",0.03986,5.006e+05,0.03
1153.1434,57287.052,2.5,5p2.(3P).5d 2F,65959.0,1.5,"5p2.(1D<2>).6p (2,3/2)*",0.05294,6.639e+05,-0.02
1153.3166,58835.487,2.5,"5p2.(3P<2>).6p (2,3/2)*",67506.133,1.5,5p2.(3P).7d 4P,1.973e-05,247.4,0.0
1153.4020,55120.943,2.5,5p2.(3P).5d 4F,63790.947,2.5,"5p2.(3P<1>).7p (1,3/2)*",0.002335,1.952e+04,-0.0
1153.7267,55232.963,1.5,5p2.(1D).6s 2D,63900.527,1.5,"5p2.(3P<1>).7p (1,3/2)*",0.05398,6.762e+05,0.08
1155.3689,58746.356,1.5,5p2.(3P).5d 4D,67401.6,0.5,"5p2.(3P<1>).8p (1,3/2)*",0.01289,3.221e+05,0.01
1156.2195,55864.828,1.5,"5p2.(3P<1>).6p (1,3/2)*",64513.705,2.5,5p2.(3P).6d 2F,0.00315,2.62e+04,-0.0
1158.8999,58746.356,1.5,5p2.(3P).5d 4D,67375.229,1.5,"5p2.(3P<1>).8p (1,1/2)*",0.008103,1.006e+05,0.05
1160.7012,58653.011,0.5,"5p2.(3P<2>).6p (2,3/2)*",67268.493,1.5,5p2.(3P).6d 2D?,0.007454,9.226e+04,0.01
1162.4918,58862.889,2.5,5p2.(3P).5d 4D,67465.1,1.5,"5p2.(3P<1>).8p (1,3/2)*",0.0002917,3599,0.0
1167.1925,55864.828,1.5,"5p2.(3P<1>).6p (1,3/2)*",64432.395,1.5,5p2.(3P).7d ,0.002104,2.575e+04,-0.0
1167.4764,55232.963,1.5,5p2.(1D).6s 2D,63798.447,1.5,"5p2.(3P<1>).7p (1,1/2)*",0.09468,1.158e+06,-0.19
1168.1364,58746.356,1.5,5p2.(3P).5d 4D,67307.0,2.5,"5p2.(3P<1>).8p (1,3/2)*",0.03753,3.057e+05,-0.14
1168.4995,55232.963,1.5,5p2.(1D).6s 2D,63790.947,2.5,"5p2.(3P<1>).7p (1,3/2)*",0.0002469,2010,-0.0
1169.2564,58132.656,0.5,5p2.(3P).7s 4P,66685.1,0.5,"5p2.(3P<2>).7p (2,3/2)*",0.1665,4.062e+06,-0.11
1170.1938,55728.264,2.5,5p2.(1D).6s 2D,64273.857,1.5,"5p2.(3P<0>).8p (0,3/2)*",0.0102,1.242e+05,-0.04
1173.3352,58835.487,2.5,"5p2.(3P<2>).6p (2,3/2)*",67358.201,3.5,5p2.(3P).7d 4F,0.001284,7775,0.0
1174.3696,55134.255,1.5,"5p2.(3P<1>).6p (1,1/2)*",63649.462,1.5,5p2.(3P).7s 2P,0.01684,2.037e+05,0.02
1174.7651,58862.889,2.5,5p2.(3P).5d 4D,67375.229,1.5,"5p2.(3P<1>).8p (1,1/2)*",0.04868,5.883e+05,0.19
1184.0423,58746.356,1.5,5p2.(3P).5d 4D,67192.0,0.5,"5p2.(3P<1>).8p (1,1/2)*",0.002599,6.183e+04,-0.0
1184.2573,58862.889,2.5,5p2.(3P).5d 4D,67307.0,2.5,"5p2.(3P<1>).8p (1,3/2)*",0.0002571,2038,-0.0
1185.0395,55993.858,0.5,"5p2.(3P<1>).6p (1,3/2)*",64432.395,1.5,5p2.(3P).7d ,0.0001788,2124,0.0
1185.8168,58835.487,2.5,"5p2.(3P<2>).6p (2,3/2)*",67268.493,1.5,5p2.(3P).6d 2D?,0.0006072,7201,0.0
1186.3664,56528.132,3.5,5p2.(3P).5d 4F,64957.231,3.5,"5p2.(1D<2>).6p (2,3/2)*",0.0004775,2828,-0.0
1186.6478,43249.337,0.5,5p2.(3P).6s 4P,51676.437,0.5,"5p2.(3P<0>).6p (0,1/2)*",0.7436,1.761e+07,-0.84
1189.2165,58132.656,0.5,5p2.(3P).7s 4P,66541.554,1.5,"5p2.(3P<2>).7p (2,1/2)*",1.073,1.265e+07,0.31
1190.8547,55252.132,2.5,"5p2.(3P<1>).6p (1,3/2)*",63649.462,1.5,5p2.(3P).7s 2P,0.03108,3.654e+05,0.03
1193.0288,55134.255,1.5,"5p2.(3P<1>).6p (1,1/2)*",63516.282,2.5,5p2.(3P).7s 4P,0.1205,9.411e+05,0.11
1193.4188,58589.512,1.5,"5p2.(3P<2>).6p (2,3/2)*",66968.8,2.5,5p2.(3P).6d 2D,0.08549,6.673e+05,0.08
1194.2626,55232.963,1.5,5p2.(1D).6s 2D,63606.331,0.5,"5p2.(3P<1>).7p (1,1/2)*",0.001313,3.071e+04,-0.01
1195.7643,58944.148,3.5,5p2.(3P).5d 4D,67307.0,2.5,"5p2.(3P<1>).8p (1,3/2)*",0.0002981,2318,0.0
1195.9152,57597.203,0.5,5p2.(3P).5d 4D,65959.0,1.5,"5p2.(1D<2>).6p (2,3/2)*",0.0004838,5641,0.0
1196.0883,56151.802,1.5,5p2.(3P).5d 4P,64512.389,2.5,"5p2.(1D<2>).6p (2,1/2)*",0.07818,6.075e+05,0.05
1196.7765,55864.828,1.5,"5p2.(3P<1>).6p (1,3/2)*",64220.607,1.5,5p2.(3P).6d 2P,0.001135,1.322e+04,-0.0
1197.2911,52612.483,1.5,"5p2.(3P<0>).6p (0,3/2)*",60964.671,1.5,5p2.(3P).7s 4P,0.003696,4.299e+04,-0.0
1197.4863,56528.132,3.5,5p2.(3P).5d 4F,64878.958,2.5,"5p2.(1D<2>).6p (2,3/2)*",0.003165,2.454e+04,0.0
1197.7654,55864.828,1.5,"5p2.(3P<1>).6p (1,3/2)*",64213.708,2.5,5p2.(3P).7d ,0.1695,1.313e+06,0.05
1200.1236,59737.625,0.5,5p2.(3P).5d 2P,68070.1,1.5,5p2.(3P<2>).4f 2[1]*,0.2,2.316e+06,-0.27
1206.8581,56698.608,0.5,5p2.(3P).5d 4P,64984.586,1.5,"5p2.(1D<2>).6p (2,1/2)*",0.01353,1.549e+05,0.02
1207.5457,57287.052,2.5,5p2.(3P).5d 2F,65568.312,2.5,5p2.(3P<1>).4f 2[2]*,0.06204,4.73e+05,0.01
1207.9741,58075.536,1.5,"5p2.(3P<2>).6p (2,1/2)*",66353.859,0.5,5p2.(3P).6d 2P,0.04002,9.147e+05,0.07
1207.9944,57287.052,2.5,5p2.(3P).5d 2F,65565.236,1.5,5p2.(3P<1>).4f 2[2]*,0.006633,7.58e+04,0.01
1210.0458,55252.132,2.5,"5p2.(3P<1>).6p (1,3/2)*",63516.282,2.5,5p2.(3P).7s 4P,0.03873,2.94e+05,0.03
1211.9120,56733.162,1.5,5p2.(3P).5d 2P,64984.586,1.5,"5p2.(1D<2>).6p (2,1/2)*",0.01089,1.237e+05,0.01
1211.9335,45945.34,1.5,5p2.(3P).6s 4P,54196.618,0.5,"5p2.(3P<1>).6p (1,1/2)*",0.3055,6.936e+06,-0.73
1212.9507,57287.052,2.5,5p2.(3P).5d 2F,65531.41,3.5,5p2.(3P<1>).4f 2[4]*,1.79,1.014e+07,-0.14
1215.5470,55993.858,0.5,"5p2.(3P<1>).6p (1,3/2)*",64220.607,1.5,5p2.(3P).6d 2P,2.906e-06,32.8,-0.0
1217.8119,58746.356,1.5,5p2.(3P).5d 4D,66957.805,1.5,"5p2.(3P<2>).7p (2,3/2)*",0.0002389,2687,-0.0
1222.4694,57287.052,2.5,5p2.(3P).5d 2F,65467.216,3.5,5p2.(3P<1>).4f 2[3]*,1.582,8.826e+06,-0.14
1223.5264,57287.052,2.5,5p2.(3P).5d 2F,65460.149,2.5,5p2.(3P<1>).4f 2[3]*,0.06144,4.563e+05,-0.03
1223.6513,55728.264,2.5,5p2.(1D).6s 2D,63900.527,1.5,"5p2.(3P<1>).7p (1,3/2)*",0.03987,4.441e+05,-0.1
1227.6271,56733.162,1.5,5p2.(3P).5d 2P,64878.958,2.5,"5p2.(1D<2>).6p (2,3/2)*",0.2133,1.573e+06,-0.16
1228.0189,46991.058,0.5,5p2.(3P).6s 2P,55134.255,1.5,"5p2.(3P<1>).6p (1,1/2)*",0.0332,3.671e+05,0.08
1229.5113,58835.487,2.5,"5p2.(3P<2>).6p (2,3/2)*",66968.8,2.5,5p2.(3P).6d 2D,0.4475,3.291e+06,-0.31
1235.3433,58862.889,2.5,5p2.(3P).5d 4D,66957.805,1.5,"5p2.(3P<2>).7p (2,3/2)*",0.003038,3.32e+04,0.0
1235.9082,58746.356,1.5,5p2.(3P).5d 4D,66837.572,2.5,"5p2.(3P<2>).7p (2,3/2)*",0.006087,4.43e+04,-0.01
1239.1293,55728.264,2.5,5p2.(1D).6s 2D,63798.447,1.5,"5p2.(3P<1>).7p (1,1/2)*",0.0007965,8650,0.0
1240.2819,55728.264,2.5,5p2.(1D).6s 2D,63790.947,2.5,"5p2.(3P<1>).7p (1,3/2)*",0.2263,1.635e+06,-0.32
1240.5119,51676.437,0.5,"5p2.(3P<0>).6p (0,1/2)*",59737.625,0.5,5p2.(3P).5d 2P,0.0237,5.135e+05,0.02
1240.8829,55134.255,1.5,"5p2.(3P<1>).6p (1,1/2)*",63193.033,1.5,5p2.(3P).5d ,3.393e-05,367.4,0.0
1241.0600,56151.802,1.5,5p2.(3P).5d 4P,64209.43,0.5,"5p2.(3P<1>).7p (1,3/2)*",0.03471,7.515e+05,-0.2
1244.1399,58075.536,1.5,"5p2.(3P<2>).6p (2,1/2)*",66113.217,1.5,5p2.(3P).8s 4P,0.1366,1.472e+06,-0.15
1247.0061,49391.133,1.5,5p2.(3P).6s 2P,57410.34,2.5,"5p2.(3P<2>).6p (2,1/2)*",1.528,1.092e+07,0.62
1251.0230,57410.34,2.5,"5p2.(3P<2>).6p (2,1/2)*",65403.798,3.5,5p2.(1D).5d 2F,0.1005,5.353e+05,0.03
1252.4647,56528.132,3.5,5p2.(3P).5d 4F,64512.389,2.5,"5p2.(1D<2>).6p (2,1/2)*",0.002013,1.426e+04,0.0
1253.9683,58862.889,2.5,5p2.(3P).5d 4D,66837.572,2.5,"5p2.(3P<2>).7p (2,3/2)*",0.02333,1.649e+05,-0.01
1254.9546,52612.483,1.5,"5p2.(3P<0>).6p (0,3/2)*",60580.899,1.5,5p2.(3P).6d 2D,9.775e-05,1035,0.0
1255.0149,57597.203,0.5,5p2.(3P).5d 4D,65565.236,1.5,5p2.(3P<1>).4f 2[2]*,0.9187,9.726e+06,-0.55
1256.1345,55864.828,1.5,"5p2.(3P<1>).6p (1,3/2)*",63825.759,0.5,5p2.(3P).6d ,0.0001938,4096,0.0
1258.4071,56151.802,1.5,5p2.(3P).5d 4P,64098.356,0.5,"5p2.(3P<0>).8p (0,1/2)*",0.001298,2.734e+04,0.01
1259.3029,55252.132,2.5,"5p2.(3P<1>).6p (1,3/2)*",63193.033,1.5,5p2.(3P).5d ,0.003845,4.043e+04,-0.01
1259.6451,58746.356,1.5,5p2.(3P).5d 4D,66685.1,0.5,"5p2.(3P<2>).7p (2,3/2)*",0.1866,3.922e+06,-0.09
1260.3703,58075.536,1.5,"5p2.(3P<2>).6p (2,1/2)*",66009.712,0.5,5p2.(3P).8s 2P,0.0005628,1.182e+04,-0.0
1264.6001,58835.487,2.5,"5p2.(3P<2>).6p (2,3/2)*",66743.125,3.5,5p2.(3P).6d 4D,0.1291,6.732e+05,-0.05
1266.8773,58944.148,3.5,5p2.(3P).5d 4D,66837.572,2.5,"5p2.(3P<2>).7p (2,3/2)*",0.002589,1.793e+04,-0.0
1268.6469,57597.203,0.5,5p2.(3P).5d 4D,65479.617,0.5,"5p2.(1D<2>).6p (2,3/2)*",0.002879,5.965e+04,-0.01
1274.1381,57555.355,3.5,"5p2.(3P<2>).6p (2,3/2)*",65403.798,3.5,5p2.(1D).5d 2F,0.00243,1.248e+04,-0.0
1276.6647,57410.34,2.5,"5p2.(3P<2>).6p (2,1/2)*",65243.25,2.5,5p2.(1D).5d 2D,0.04232,2.887e+05,-0.02
1276.8292,55993.858,0.5,"5p2.(3P<1>).6p (1,3/2)*",63825.759,0.5,5p2.(3P).6d ,2.407e-05,492.5,0.0
1277.7358,58132.656,0.5,5p2.(3P).7s 4P,65959.0,1.5,"5p2.(1D<2>).6p (2,3/2)*",0.0009786,9995,-0.0
1277.7820,55134.255,1.5,"5p2.(3P<1>).6p (1,1/2)*",62960.316,0.5,5p2.(3P).8s 4P,0.1067,2.179e+06,0.14
1282.8411,58746.356,1.5,5p2.(3P).5d 4D,66541.554,1.5,"5p2.(3P<2>).7p (2,1/2)*",0.302,3.06e+06,-0.11
1283.3689,52612.483,1.5,"5p2.(3P<0>).6p (0,3/2)*",60404.475,2.5,5p2.(3P).5d ,0.003051,2.06e+04,-0.0
1284.5819,55864.828,1.5,"5p2.(3P<1>).6p (1,3/2)*",63649.462,1.5,5p2.(3P).7s 2P,0.007298,7.375e+04,0.01
1285.4748,56733.162,1.5,5p2.(3P).5d 2P,64512.389,2.5,"5p2.(1D<2>).6p (2,1/2)*",0.0001607,1081,-0.0
1287.9383,58589.512,1.5,"5p2.(3P<2>).6p (2,3/2)*",66353.859,0.5,5p2.(3P).6d 2P,0.02513,5.053e+05,0.03
1288.7300,60404.475,2.5,5p2.(3P).5d ,68164.052,3.5,5p2.(3P<2>).4f 2[4]*,0.00107,5370,0.0
1289.8840,60404.475,2.5,5p2.(3P).5d ,68157.11,2.5,5p2.(3P<2>).4f 2[2]*,0.02197,1.468e+05,0.01
1290.5349,56151.802,1.5,5p2.(3P).5d 4P,63900.527,1.5,"5p2.(3P<1>).7p (1,3/2)*",0.03318,3.323e+05,0.06
1291.3650,60404.475,2.5,5p2.(3P).5d ,68148.219,2.5,5p2.(3P<2>).4f 2[3]*,0.002782,1.854e+04,-0.0
1294.0838,59737.625,0.5,5p2.(3P).5d 2P,67465.1,1.5,"5p2.(3P<1>).8p (1,3/2)*",0.02837,2.825e+05,0.11
1298.5583,58653.011,0.5,"5p2.(3P<2>).6p (2,3/2)*",66353.859,0.5,5p2.(3P).6d 2P,0.2124,4.201e+06,0.1
1299.1174,57287.052,2.5,5p2.(3P).5d 2F,64984.586,1.5,"5p2.(1D<2>).6p (2,1/2)*",0.002055,2.031e+04,0.0
1300.7462,57555.355,3.5,"5p2.(3P<2>).6p (2,3/2)*",65243.25,2.5,5p2.(1D).5d 2D,0.003974,2.611e+04,-0.01
1302.3097,58862.889,2.5,5p2.(3P).5d 4D,66541.554,1.5,"5p2.(3P<2>).7p (2,1/2)*",0.07871,7.739e+05,-0.05
1303.7505,57287.052,2.5,5p2.(3P).5d 2F,64957.231,3.5,"5p2.(1D<2>).6p (2,3/2)*",0.009394,4.608e+04,0.01
1304.5251,60404.475,2.5,5p2.(3P).5d ,68070.1,1.5,5p2.(3P<2>).4f 2[1]*,0.04205,4.121e+05,-0.04
1304.8059,59737.625,0.5,5p2.(3P).5d 2P,67401.6,0.5,"5p2.(3P<1>).8p (1,3/2)*",0.03684,7.216e+05,0.12
1306.2327,55993.858,0.5,"5p2.(3P<1>).6p (1,3/2)*",63649.462,1.5,5p2.(3P).7s 2P,0.009512,9.297e+04,0.02
1306.9411,55864.828,1.5,"5p2.(3P<1>).6p (1,3/2)*",63516.282,2.5,5p2.(3P).7s 4P,0.1617,1.052e+06,-0.23
1307.0863,61000.296,1.5,"5p2.(3P<0>).7p (0,3/2)*",68650.9,2.5,5p2.(3P).8s 4P,2.101,1.367e+07,-0.38
1307.7631,56151.802,1.5,5p2.(3P).5d 4P,63798.447,1.5,"5p2.(3P<1>).7p (1,1/2)*",0.004409,4.299e+04,-0.01
1309.0470,56151.802,1.5,5p2.(3P).5d 4P,63790.947,2.5,"5p2.(3P<1>).7p (1,3/2)*",0.001813,1.176e+04,0.01
1309.3111,59737.625,0.5,5p2.(3P).5d 2P,67375.229,1.5,"5p2.(3P<1>).8p (1,1/2)*",0.0008088,7868,0.0
1313.1500,58746.356,1.5,5p2.(3P).5d 4D,66361.632,2.5,"5p2.(3P<2>).7p (2,1/2)*",0.001432,9232,0.0
1313.7014,54196.618,0.5,"5p2.(3P<1>).6p (1,1/2)*",61808.698,1.5,5p2.(3P).5d 2D,0.001809,1.748e+04,0.0
1317.1923,57287.052,2.5,5p2.(3P).5d 2F,64878.958,2.5,"5p2.(1D<2>).6p (2,3/2)*",0.007035,4.508e+04,-0.0
1319.9210,60580.899,1.5,5p2.(3P).6d 2D,68157.11,2.5,5p2.(3P<2>).4f 2[2]*,3.742,2.388e+07,0.39
1320.0886,56698.608,0.5,5p2.(3P).5d 4P,64273.857,1.5,"5p2.(3P<0>).8p (0,3/2)*",0.004428,4.237e+04,-0.01
1323.2188,53442.967,2.5,5p2.(3P).5d 4P,61000.296,1.5,"5p2.(3P<0>).7p (0,3/2)*",0.0553,5.266e+05,-0.23
1325.8216,58862.889,2.5,5p2.(3P).5d 4D,66405.382,3.5,"5p2.(3P<2>).7p (2,3/2)*",0.0145,6.878e+04,0.08
1326.1377,56733.162,1.5,5p2.(3P).5d 2P,64273.857,1.5,"5p2.(3P<0>).8p (0,3/2)*",0.006049,5.736e+04,-0.03
1327.5974,48332.424,2.5,5p2.(3P).6s 4P,55864.828,1.5,"5p2.(3P<1>).6p (1,3/2)*",0.08601,8.137e+05,0.17
1329.1324,58589.512,1.5,"5p2.(3P<2>).6p (2,3/2)*",66113.217,1.5,5p2.(3P).8s 4P,0.01795,1.695e+05,0.05
1331.4122,56698.608,0.5,5p2.(3P).5d 4P,64209.43,0.5,"5p2.(3P<1>).7p (1,3/2)*",0.00119,2.238e+04,0.0
1333.5568,58862.889,2.5,5p2.(3P).5d 4D,66361.632,2.5,"5p2.(3P<2>).7p (2,1/2)*",0.113,7.064e+05,0.06
1337.5657,56733.162,1.5,5p2.(3P).5d 2P,64209.43,0.5,"5p2.(3P<1>).7p (1,3/2)*",0.02915,5.434e+05,0.18
1338.2689,53527.956,1.5,5p2.(3P).5d 4F,61000.296,1.5,"5p2.(3P<0>).7p (0,3/2)*",0.0005273,4910,-0.01
1340.2609,58944.148,3.5,5p2.(3P).5d 4D,66405.382,3.5,"5p2.(3P<2>).7p (2,3/2)*",0.01588,7.372e+04,0.03
1340.4456,58653.011,0.5,"5p2.(3P<2>).6p (2,3/2)*",66113.217,1.5,5p2.(3P).8s 4P,0.04527,4.202e+05,0.07
1341.4664,56151.802,1.5,5p2.(3P).5d 4P,63606.331,0.5,"5p2.(3P<1>).7p (1,1/2)*",0.01043,1.933e+05,-0.03
1341.4941,59737.625,0.5,5p2.(3P).5d 2P,67192.0,0.5,"5p2.(3P<1>).8p (1,1/2)*",0.01772,3.284e+05,-0.16
1345.3371,57410.34,2.5,"5p2.(3P<2>).6p (2,1/2)*",64843.421,1.5,5p2.(1D).5d 2D,0.01951,1.798e+05,-0.03
1345.4278,58132.656,0.5,5p2.(3P).7s 4P,65565.236,1.5,5p2.(3P<1>).4f 2[2]*,0.0001566,1443,-0.0
1347.6726,58589.512,1.5,"5p2.(3P<2>).6p (2,3/2)*",66009.712,0.5,5p2.(3P).8s 2P,0.01204,2.211e+05,0.02
1348.1660,58944.148,3.5,5p2.(3P).5d 4D,66361.632,2.5,"5p2.(3P<2>).7p (2,1/2)*",0.05673,3.47e+05,0.02
1353.6593,57597.203,0.5,5p2.(3P).5d 4D,64984.586,1.5,"5p2.(1D<2>).6p (2,1/2)*",0.00163,1.483e+04,0.0
1357.3175,55134.255,1.5,"5p2.(3P<1>).6p (1,1/2)*",62501.728,2.5,5p2.(3P).6d 4F,0.09635,5.814e+05,-0.05
1357.7375,56733.162,1.5,5p2.(3P).5d 2P,64098.356,0.5,"5p2.(3P<0>).8p (0,1/2)*",0.0002728,4936,0.0
1359.3049,58653.011,0.5,"5p2.(3P<2>).6p (2,3/2)*",66009.712,0.5,5p2.(3P).8s 2P,0.00807,1.457e+05,-0.0
1361.1070,58132.656,0.5,5p2.(3P).7s 4P,65479.617,0.5,"5p2.(1D<2>).6p (2,3/2)*",0.0579,1.042e+06,-0.11
1361.4698,55120.943,2.5,5p2.(3P).5d 4F,62465.946,3.5,5p2.(3P<0>).4f 2[3]*,0.171,7.692e+05,0.04
1362.1260,55120.943,2.5,5p2.(3P).5d 4F,62462.408,2.5,5p2.(3P<0>).4f 2[3]*,0.008427,5.049e+04,-0.01
1364.5906,55864.828,1.5,"5p2.(3P<1>).6p (1,3/2)*",63193.033,1.5,5p2.(3P).5d ,4.394e-05,393.5,-0.0
1374.0548,58835.487,2.5,"5p2.(3P<2>).6p (2,3/2)*",66113.217,1.5,5p2.(3P).8s 4P,0.01345,1.188e+05,-0.03
1376.8766,56528.132,3.5,5p2.(3P).5d 4F,63790.947,2.5,"5p2.(3P<1>).7p (1,3/2)*",0.07,4.105e+05,-0.04
1379.3872,55252.132,2.5,"5p2.(3P<1>).6p (1,3/2)*",62501.728,2.5,5p2.(3P).6d 4F,0.08894,5.196e+05,-0.09
1381.7237,53527.956,1.5,5p2.(3P).5d 4F,60765.293,0.5,"5p2.(3P<0>).7p (0,1/2)*",2.108e-05,368.2,0.0
1383.2320,55232.963,1.5,5p2.(1D).6s 2D,62462.408,2.5,5p2.(3P<0>).4f 2[3]*,0.0002269,1318,0.0
1384.0185,57287.052,2.5,5p2.(3P).5d 2F,64512.389,2.5,"5p2.(1D<2>).6p (2,1/2)*",0.01009,5.855e+04,0.0
1385.0070,59737.625,0.5,5p2.(3P).5d 2P,66957.805,1.5,"5p2.(3P<2>).7p (2,3/2)*",0.1785,1.552e+06,0.23
1386.4541,58746.356,1.5,5p2.(3P).5d 4D,65959.0,1.5,"5p2.(1D<2>).6p (2,3/2)*",0.00594,5.153e+04,-0.0
1387.8172,46991.058,0.5,5p2.(3P).6s 2P,54196.618,0.5,"5p2.(3P<1>).6p (1,1/2)*",0.4009,6.942e+06,0.65
1388.5188,56698.608,0.5,5p2.(3P).5d 4P,63900.527,1.5,"5p2.(3P<1>).7p (1,3/2)*",0.02425,2.098e+05,-0.03
1389.0481,55993.858,0.5,"5p2.(3P<1>).6p (1,3/2)*",63193.033,1.5,5p2.(3P).5d ,0.00046,3975,0.0
1390.3489,60964.671,1.5,5p2.(3P).7s 4P,68157.11,2.5,5p2.(3P<2>).4f 2[2]*,0.003801,2.186e+04,-0.03
1390.8417,54196.618,0.5,"5p2.(3P<1>).6p (1,1/2)*",61386.509,0.5,5p2.(3P).7s 2P,0.2285,3.94e+06,-0.2
1392.0698,60964.671,1.5,5p2.(3P).7s 4P,68148.219,2.5,5p2.(3P<2>).4f 2[3]*,0.0008802,5049,-0.01
1395.1450,58075.536,1.5,"5p2.(3P<2>).6p (2,1/2)*",65243.25,2.5,5p2.(1D).5d 2D,0.004309,2.461e+04,0.0
1395.2129,56733.162,1.5,5p2.(3P).5d 2P,63900.527,1.5,"5p2.(3P<1>).7p (1,3/2)*",0.006682,5.724e+04,-0.01
1403.4808,52612.483,1.5,"5p2.(3P<0>).6p (0,3/2)*",59737.625,0.5,5p2.(3P).5d 2P,0.003082,5.218e+04,-0.0
1407.3746,60964.671,1.5,5p2.(3P).7s 4P,68070.1,1.5,5p2.(3P<2>).4f 2[1]*,0.0001174,988.3,0.0
1407.7835,57410.34,2.5,"5p2.(3P<2>).6p (2,1/2)*",64513.705,2.5,5p2.(3P).6d 2F,0.116,6.509e+05,-0.09
1408.4826,56698.608,0.5,5p2.(3P).5d 4P,63798.447,1.5,"5p2.(3P<1>).7p (1,1/2)*",0.2056,1.728e+06,-0.29
1409.2226,58862.889,2.5,5p2.(3P).5d 4D,65959.0,1.5,"5p2.(1D<2>).6p (2,3/2)*",0.06351,5.333e+05,0.07
1409.3463,55864.828,1.5,"5p2.(3P<1>).6p (1,3/2)*",62960.316,0.5,5p2.(3P).8s 4P,0.1329,2.231e+06,-0.17
1414.4434,51676.437,0.5,"5p2.(3P<0>).6p (0,1/2)*",58746.356,1.5,5p2.(3P).5d 4D,0.2131,1.776e+06,0.16
1415.3711,56733.162,1.5,5p2.(3P).5d 2P,63798.447,1.5,"5p2.(3P<1>).7p (1,1/2)*",0.012,9.985e+04,0.03
1416.3052,60404.475,2.5,5p2.(3P).5d ,67465.1,1.5,"5p2.(3P<1>).8p (1,3/2)*",0.09309,7.739e+05,-0.08
1416.8751,56733.162,1.5,5p2.(3P).5d 2P,63790.947,2.5,"5p2.(3P<1>).7p (1,3/2)*",0.03777,2.092e+05,-0.09
1420.7954,61125.741,3.5,5p2.(3P).5d 2F,68164.052,3.5,5p2.(3P<2>).4f 2[4]*,0.007519,3.106e+04,0.01
1422.1982,61125.741,3.5,5p2.(3P).5d 2F,68157.11,2.5,5p2.(3P<2>).4f 2[2]*,0.04352,2.392e+05,0.24
1423.9988,61125.741,3.5,5p2.(3P).5d 2F,68148.219,2.5,5p2.(3P<2>).4f 2[3]*,0.01016,5.571e+04,-0.04
1424.0845,57410.34,2.5,"5p2.(3P<2>).6p (2,1/2)*",64432.395,1.5,5p2.(3P).7d ,0.001822,1.498e+04,0.01
1431.2694,57287.052,2.5,5p2.(3P).5d 2F,64273.857,1.5,"5p2.(3P<0>).8p (0,3/2)*",0.02129,1.733e+05,0.03
1434.5650,60404.475,2.5,5p2.(3P).5d ,67375.229,1.5,"5p2.(3P<1>).8p (1,1/2)*",0.2267,1.837e+06,-0.07
1435.4497,55993.858,0.5,"5p2.(3P<1>).6p (1,3/2)*",62960.316,0.5,5p2.(3P).8s 4P,0.0006335,1.025e+04,0.01
1437.1223,57555.355,3.5,"5p2.(3P<2>).6p (2,3/2)*",64513.705,2.5,5p2.(3P).6d 2F,0.01289,6.937e+04,-0.08
1439.3719,59737.625,0.5,5p2.(3P).5d 2P,66685.1,0.5,"5p2.(3P<2>).7p (2,3/2)*",0.03446,5.547e+05,0.03
1445.1477,48332.424,2.5,5p2.(3P).6s 4P,55252.132,2.5,"5p2.(3P<1>).6p (1,3/2)*",0.06322,3.365e+05,-0.04
1447.6550,56698.608,0.5,5p2.(3P).5d 4P,63606.331,0.5,"5p2.(3P<1>).7p (1,1/2)*",0.16,2.546e+06,0.38
1448.7452,60404.475,2.5,5p2.(3P).5d ,67307.0,2.5,"5p2.(3P<1>).8p (1,3/2)*",0.2918,1.546e+06,0.11
1452.6014,60580.899,1.5,5p2.(3P).6d 2D,67465.1,1.5,"5p2.(3P<1>).8p (1,3/2)*",0.5964,4.713e+06,0.18
1454.9329,56733.162,1.5,5p2.(3P).5d 2P,63606.331,0.5,"5p2.(3P<1>).7p (1,1/2)*",0.007431,1.171e+05,0.05
1459.4428,58132.656,0.5,5p2.(3P).7s 4P,64984.586,1.5,"5p2.(1D<2>).6p (2,1/2)*",0.0007083,5545,-0.0
1461.7951,61000.296,1.5,"5p2.(3P<0>).7p (0,3/2)*",67841.2,2.5,5p2.(3P).7d 4P?,0.6431,3.346e+06,-0.34
1465.8552,58746.356,1.5,5p2.(3P).5d 4D,65568.312,2.5,5p2.(3P<1>).4f 2[2]*,0.5066,2.621e+06,-0.08
1466.1250,60580.899,1.5,5p2.(3P).6d 2D,67401.6,0.5,"5p2.(3P<1>).8p (1,3/2)*",0.9013,1.398e+07,0.22
1466.5165,58746.356,1.5,5p2.(3P).5d 4D,65565.236,1.5,5p2.(3P<1>).4f 2[2]*,0.008123,6.298e+04,0.0
1468.3712,57410.34,2.5,"5p2.(3P<2>).6p (2,1/2)*",64220.607,1.5,5p2.(3P).6d 2P,0.0005875,4544,-0.0
1469.7390,59737.625,0.5,5p2.(3P).5d 2P,66541.554,1.5,"5p2.(3P<2>).7p (2,1/2)*",0.05092,3.931e+05,0.05
1469.8602,57410.34,2.5,"5p2.(3P<2>).6p (2,1/2)*",64213.708,2.5,5p2.(3P).7d ,0.07195,3.703e+05,0.07
1470.1924,48332.424,2.5,5p2.(3P).6s 4P,55134.255,1.5,"5p2.(3P<1>).6p (1,1/2)*",0.05056,3.9e+05,-0.05
1471.7994,61000.296,1.5,"5p2.(3P<0>).7p (0,3/2)*",67794.7,2.5,5p2.(3P).6d 4D?,2.529,1.298e+07,0.79
1471.8155,60580.899,1.5,5p2.(3P).6d 2D,67375.229,1.5,"5p2.(3P<1>).8p (1,1/2)*",0.6971,5.366e+06,0.22
1477.5298,54196.618,0.5,"5p2.(3P<1>).6p (1,1/2)*",60964.671,1.5,5p2.(3P).7s 4P,0.1826,1.395e+06,0.37
1477.5665,58075.536,1.5,"5p2.(3P<2>).6p (2,1/2)*",64843.421,1.5,5p2.(1D).5d 2D,0.007317,5.589e+04,0.01
1483.4946,60765.293,0.5,"5p2.(3P<0>).7p (0,1/2)*",67506.133,1.5,5p2.(3P).7d 4P,0.0007146,5415,0.0
1484.1900,55728.264,2.5,5p2.(1D).6s 2D,62465.946,3.5,5p2.(3P<0>).4f 2[3]*,0.004098,1.551e+04,-0.01
1484.9697,55728.264,2.5,5p2.(1D).6s 2D,62462.408,2.5,5p2.(3P<0>).4f 2[3]*,0.000452,2279,0.0
1485.1645,58746.356,1.5,5p2.(3P).5d 4D,65479.617,0.5,"5p2.(1D<2>).6p (2,3/2)*",0.04592,6.944e+05,-0.04
1486.7454,60580.899,1.5,5p2.(3P).6d 2D,67307.0,2.5,"5p2.(3P<1>).8p (1,3/2)*",0.0003816,1919,-0.0
1489.4710,58746.356,1.5,5p2.(3P).5d 4D,65460.149,2.5,5p2.(3P<1>).4f 2[3]*,0.000404,2025,-0.0
1490.1933,57410.34,2.5,"5p2.(3P<2>).6p (2,1/2)*",64120.879,3.5,5p2.(3P).6d 4F,0.6177,2.319e+06,0.22
1491.3302,58862.889,2.5,5p2.(3P).5d 4D,65568.312,2.5,5p2.(3P<1>).4f 2[2]*,0.0016,7998,-0.0
1493.9557,58075.536,1.5,"5p2.(3P<2>).6p (2,1/2)*",64769.175,0.5,5p2.(3P).6d 4D,0.003212,4.8e+04,-0.01
1496.2017,61386.509,0.5,5p2.(3P).7s 2P,68070.1,1.5,5p2.(3P<2>).4f 2[1]*,0.06698,4.989e+05,0.15
1498.2524,55134.255,1.5,"5p2.(3P<1>).6p (1,1/2)*",61808.698,1.5,5p2.(3P).5d 2D,0.0332,2.467e+05,0.04
1499.5829,58862.889,2.5,5p2.(3P).5d 4D,65531.41,3.5,5p2.(3P<1>).4f 2[4]*,0.1896,7.029e+05,-0.07
1499.8928,45945.34,1.5,5p2.(3P).6s 4P,52612.483,1.5,"5p2.(3P<0>).6p (0,3/2)*",0.0009537,7069,-0.0
1501.1111,60765.293,0.5,"5p2.(3P<0>).7p (0,1/2)*",67427.025,0.5,5p2.(3P).7d ,0.35,5.18e+06,-0.48
1502.9146,58589.512,1.5,"5p2.(3P<2>).6p (2,3/2)*",65243.25,2.5,5p2.(1D).5d 2D,0.02259,1.112e+05,0.02
1506.7275,55864.828,1.5,"5p2.(3P<1>).6p (1,3/2)*",62501.728,2.5,5p2.(3P).6d 4F,0.01311,6.422e+04,0.01
1509.6245,58944.148,3.5,5p2.(3P).5d 4D,65568.312,2.5,5p2.(3P<1>).4f 2[2]*,0.0002787,1360,-0.0
1512.0644,57287.052,2.5,5p2.(3P).5d 2F,63900.527,1.5,"5p2.(3P<1>).7p (1,3/2)*",0.02232,1.628e+05,-0.0
1512.3498,57597.203,0.5,5p2.(3P).5d 4D,64209.43,0.5,"5p2.(3P<1>).7p (1,3/2)*",0.00848,1.236e+05,-0.04
1512.6074,60580.899,1.5,5p2.(3P).6d 2D,67192.0,0.5,"5p2.(3P<1>).8p (1,1/2)*",0.04307,6.279e+05,0.02
1514.1588,58862.889,2.5,5p2.(3P).5d 4D,65467.216,3.5,5p2.(3P<1>).4f 2[3]*,0.0002454,892.4,0.0
1514.5262,49391.133,1.5,5p2.(3P).6s 2P,55993.858,0.5,"5p2.(3P<1>).6p (1,3/2)*",0.005293,7.696e+04,-0.01
1515.7808,58862.889,2.5,5p2.(3P).5d 4D,65460.149,2.5,5p2.(3P<1>).4f 2[3]*,0.0002822,1365,0.0
1518.0814,58944.148,3.5,5p2.(3P).5d 4D,65531.41,3.5,5p2.(3P<1>).4f 2[4]*,0.0377,1.364e+05,-0.06
1518.9157,58944.148,3.5,5p2.(3P).5d 4D,65527.792,4.5,5p2.(3P<1>).4f 2[4]*,0.04956,1.433e+05,-0.01
1522.4614,58835.487,2.5,"5p2.(3P<2>).6p (2,3/2)*",65403.798,3.5,5p2.(1D).5d 2F,0.1837,6.607e+05,0.06
1523.1077,57555.355,3.5,"5p2.(3P<2>).6p (2,3/2)*",64120.879,3.5,5p2.(3P).6d 4F,0.05805,2.086e+05,0.09
1525.1886,55252.132,2.5,"5p2.(3P<1>).6p (1,3/2)*",61808.698,1.5,5p2.(3P).5d 2D,0.02181,1.563e+05,0.07
1525.9418,60404.475,2.5,5p2.(3P).5d ,66957.805,1.5,"5p2.(3P<2>).7p (2,3/2)*",1.075,7.697e+06,-0.2
1530.6934,61631.065,2.5,5p2.(3P).5d 2D,68164.052,3.5,5p2.(3P<2>).4f 2[4]*,1.11,3.951e+06,-0.15
1532.3216,61631.065,2.5,5p2.(3P).5d 2D,68157.11,2.5,5p2.(3P<2>).4f 2[2]*,0.3173,1.503e+06,0.16
1533.0210,58944.148,3.5,5p2.(3P).5d 4D,65467.216,3.5,5p2.(3P<1>).4f 2[3]*,0.001291,4579,0.0
1534.4121,61631.065,2.5,5p2.(3P).5d 2D,68148.219,2.5,5p2.(3P<2>).4f 2[3]*,0.07516,3.549e+05,0.03
1534.6836,58944.148,3.5,5p2.(3P).5d 4D,65460.149,2.5,5p2.(3P<1>).4f 2[3]*,0.0002881,1360,0.0
1535.7692,57287.052,2.5,5p2.(3P).5d 2F,63798.447,1.5,"5p2.(3P<1>).7p (1,1/2)*",2.593,1.834e+07,0.45
1537.0812,61000.296,1.5,"5p2.(3P<0>).7p (0,3/2)*",67506.133,1.5,5p2.(3P).7d 4P,0.02869,2.025e+05,-0.02
1537.5402,57287.052,2.5,5p2.(3P).5d 2F,63790.947,2.5,"5p2.(3P<1>).7p (1,3/2)*",0.01597,7.512e+04,-0.01
1537.7045,60765.293,0.5,"5p2.(3P<0>).7p (0,1/2)*",67268.493,1.5,5p2.(3P).6d 2D?,0.1492,1.052e+06,0.1
1538.1887,57597.203,0.5,5p2.(3P).5d 4D,64098.356,0.5,"5p2.(3P<0>).8p (0,1/2)*",0.001082,1.525e+04,0.01
1538.3600,60964.671,1.5,5p2.(3P).7s 4P,67465.1,1.5,"5p2.(3P<1>).8p (1,3/2)*",0.3914,2.758e+06,-0.33
1539.2169,55134.255,1.5,"5p2.(3P<1>).6p (1,1/2)*",61631.065,2.5,5p2.(3P).5d 2D,0.04624,2.17e+05,0.03
1544.7129,49391.133,1.5,5p2.(3P).6s 2P,55864.828,1.5,"5p2.(3P<1>).6p (1,3/2)*",0.04104,2.868e+05,-0.05
1548.8942,51676.437,0.5,"5p2.(3P<0>).6p (0,1/2)*",58132.656,0.5,5p2.(3P).7s 4P,0.3481,4.839e+06,0.39
1553.0277,61631.065,2.5,5p2.(3P).5d 2D,68070.1,1.5,5p2.(3P<2>).4f 2[1]*,0.01151,7.957e+04,0.02
1553.2366,58075.536,1.5,"5p2.(3P<2>).6p (2,1/2)*",64513.705,2.5,5p2.(3P).6d 2F,0.1194,5.503e+05,0.13
1553.5359,60964.671,1.5,5p2.(3P).7s 4P,67401.6,0.5,"5p2.(3P<1>).8p (1,3/2)*",0.1529,2.112e+06,0.24
1554.4612,60404.475,2.5,5p2.(3P).5d ,66837.572,2.5,"5p2.(3P<2>).7p (2,3/2)*",0.00864,3.975e+04,0.0
1556.0015,61000.296,1.5,"5p2.(3P<0>).7p (0,3/2)*",67427.025,0.5,5p2.(3P).7d ,0.1793,2.469e+06,-0.38
1559.9266,60964.671,1.5,5p2.(3P).7s 4P,67375.229,1.5,"5p2.(3P<1>).8p (1,1/2)*",0.01677,1.149e+05,0.13
1560.6070,58835.487,2.5,"5p2.(3P<2>).6p (2,3/2)*",65243.25,2.5,5p2.(1D).5d 2D,0.008297,3.787e+04,-0.0
1566.3471,54196.618,0.5,"5p2.(3P<1>).6p (1,1/2)*",60580.899,1.5,5p2.(3P).6d 2D,6.756e-05,459.2,0.0
1567.6603,55252.132,2.5,"5p2.(3P<1>).6p (1,3/2)*",61631.065,2.5,5p2.(3P).5d 2D,0.08024,3.63e+05,0.08
1568.1586,60580.899,1.5,5p2.(3P).6d 2D,66957.805,1.5,"5p2.(3P<2>).7p (2,3/2)*",0.3091,2.096e+06,-0.04
1573.1039,58075.536,1.5,"5p2.(3P<2>).6p (2,1/2)*",64432.395,1.5,5p2.(3P).7d ,0.02217,1.494e+05,-0.05
1575.1971,61808.698,1.5,5p2.(3P).5d 2D,68157.11,2.5,5p2.(3P<2>).4f 2[2]*,1.962,8.791e+06,-0.32
1576.7079,60964.671,1.5,5p2.(3P).7s 4P,67307.0,2.5,"5p2.(3P<1>).8p (1,3/2)*",0.03283,1.468e+05,-0.2
1577.4062,61808.698,1.5,5p2.(3P).5d 2D,68148.219,2.5,5p2.(3P<2>).4f 2[3]*,0.3223,1.44e+06,-0.08
1584.6339,56151.802,1.5,5p2.(3P).5d 4P,62462.408,2.5,5p2.(3P<0>).4f 2[3]*,0.1239,5.487e+05,-0.07
1586.4645,57597.203,0.5,5p2.(3P).5d 4D,63900.527,1.5,"5p2.(3P<1>).7p (1,3/2)*",0.002501,1.657e+04,0.01
1595.3551,61000.296,1.5,"5p2.(3P<0>).7p (0,3/2)*",67268.493,1.5,5p2.(3P).6d 2D?,0.37,2.424e+06,0.2
1597.0864,61808.698,1.5,5p2.(3P).5d 2D,68070.1,1.5,5p2.(3P<2>).4f 2[1]*,0.0471,3.079e+05,-0.03
1598.2935,60580.899,1.5,5p2.(3P).6d 2D,66837.572,2.5,"5p2.(3P<2>).7p (2,3/2)*",0.09237,4.02e+05,0.04
1598.9999,58589.512,1.5,"5p2.(3P<2>).6p (2,3/2)*",64843.421,1.5,5p2.(1D).5d 2D,0.01896,1.236e+05,0.01
1599.4232,55134.255,1.5,"5p2.(3P<1>).6p (1,1/2)*",61386.509,0.5,5p2.(3P).7s 2P,0.002636,3.436e+04,-0.0
1599.8961,52612.483,1.5,"5p2.(3P<0>).6p (0,3/2)*",58862.889,2.5,5p2.(3P).5d 4D,0.003111,1.351e+04,0.0
1602.7896,57410.34,2.5,"5p2.(3P<2>).6p (2,1/2)*",63649.462,1.5,5p2.(3P).7s 2P,0.931,6.043e+06,-0.46
1603.0188,58746.356,1.5,5p2.(3P).5d 4D,64984.586,1.5,"5p2.(1D<2>).6p (2,1/2)*",0.0002583,1676,-0.0
1605.8249,60964.671,1.5,5p2.(3P).7s 4P,67192.0,0.5,"5p2.(3P<1>).8p (1,1/2)*",0.3123,4.039e+06,0.78
1607.3617,59737.625,0.5,5p2.(3P).5d 2P,65959.0,1.5,"5p2.(1D<2>).6p (2,3/2)*",0.006575,4.244e+04,-0.01
1612.5797,57597.203,0.5,5p2.(3P).5d 4D,63798.447,1.5,"5p2.(3P<1>).7p (1,1/2)*",0.005064,3.247e+04,-0.03
1615.4019,58653.011,0.5,"5p2.(3P<2>).6p (2,3/2)*",64843.421,1.5,5p2.(1D).5d 2D,0.02349,1.501e+05,-0.01
1615.9025,62462.408,2.5,5p2.(3P<0>).4f 2[3]*,68650.9,2.5,5p2.(3P).8s 4P,0.002091,8903,0.04
1616.8269,62465.946,3.5,5p2.(3P<0>).4f 2[3]*,68650.9,2.5,5p2.(3P).8s 4P,0.001893,8050,-0.02
1617.7934,61125.741,3.5,5p2.(3P).5d 2F,67307.0,2.5,"5p2.(3P<1>).8p (1,3/2)*",0.01032,4.384e+04,-0.01
1618.2112,58589.512,1.5,"5p2.(3P<2>).6p (2,3/2)*",64769.175,0.5,5p2.(3P).6d 4D,0.001469,1.871e+04,0.02
1627.3205,58075.536,1.5,"5p2.(3P<2>).6p (2,1/2)*",64220.607,1.5,5p2.(3P).6d 2P,0.1574,9.911e+05,0.2
1628.3460,58132.656,0.5,5p2.(3P).7s 4P,64273.857,1.5,"5p2.(3P<0>).8p (0,3/2)*",0.0006104,3839,0.0
1629.1495,58075.536,1.5,"5p2.(3P<2>).6p (2,1/2)*",64213.708,2.5,5p2.(3P).7d ,0.001335,5594,0.0
1629.4397,60404.475,2.5,5p2.(3P).5d ,66541.554,1.5,"5p2.(3P<2>).7p (2,1/2)*",0.2664,1.673e+06,0.1
1630.2913,52612.483,1.5,"5p2.(3P<0>).6p (0,3/2)*",58746.356,1.5,5p2.(3P).5d 4D,0.02017,1.265e+05,0.01
1630.6292,58746.356,1.5,5p2.(3P).5d 4D,64878.958,2.5,"5p2.(1D<2>).6p (2,3/2)*",0.0001031,431.1,-0.0
1633.5340,58862.889,2.5,5p2.(3P).5d 4D,64984.586,1.5,"5p2.(1D<2>).6p (2,1/2)*",0.005494,3.434e+04,-0.0
1635.0117,58653.011,0.5,"5p2.(3P<2>).6p (2,3/2)*",64769.175,0.5,5p2.(3P).6d 4D,0.03131,3.906e+05,-0.07
1637.7489,57410.34,2.5,"5p2.(3P<2>).6p (2,1/2)*",63516.282,2.5,5p2.(3P).7s 4P,0.3793,1.572e+06,0.33
1638.2160,60580.899,1.5,5p2.(3P).6d 2D,66685.1,0.5,"5p2.(3P<2>).7p (2,3/2)*",1.432,1.78e+07,0.22
1640.8662,58862.889,2.5,5p2.(3P).5d 4D,64957.231,3.5,"5p2.(1D<2>).6p (2,3/2)*",0.002699,8359,-0.0
1645.1181,61386.509,0.5,5p2.(3P).7s 2P,67465.1,1.5,"5p2.(3P<1>).8p (1,3/2)*",0.005569,3.431e+04,0.01
1645.6100,58132.656,0.5,5p2.(3P).7s 4P,64209.43,0.5,"5p2.(3P<1>).7p (1,3/2)*",0.09087,1.119e+06,-0.14
1662.2150,58862.889,2.5,5p2.(3P).5d 4D,64878.958,2.5,"5p2.(1D<2>).6p (2,3/2)*",0.01044,4.2e+04,-0.01
1662.4852,61386.509,0.5,5p2.(3P).7s 2P,67401.6,0.5,"5p2.(3P<1>).8p (1,3/2)*",0.2888,3.485e+06,0.35
1663.0404,58944.148,3.5,5p2.(3P).5d 4D,64957.231,3.5,"5p2.(1D<2>).6p (2,3/2)*",0.0004597,1386,0.0
1664.1350,57597.203,0.5,5p2.(3P).5d 4D,63606.331,0.5,"5p2.(3P<1>).7p (1,1/2)*",0.01111,1.338e+05,0.13
1664.4657,58835.487,2.5,"5p2.(3P<2>).6p (2,3/2)*",64843.421,1.5,5p2.(1D).5d 2D,0.02108,1.269e+05,-0.05
1666.4148,60404.475,2.5,5p2.(3P).5d ,66405.382,3.5,"5p2.(3P<2>).7p (2,3/2)*",0.00286,8588,0.01
1668.5761,60964.671,1.5,5p2.(3P).7s 4P,66957.805,1.5,"5p2.(3P<2>).7p (2,3/2)*",0.01249,7.484e+04,0.01
1675.4617,61000.296,1.5,"5p2.(3P<0>).7p (0,3/2)*",66968.8,2.5,5p2.(3P).6d 2D,0.6352,2.516e+06,-0.19
1676.2492,58132.656,0.5,5p2.(3P).7s 4P,64098.356,0.5,"5p2.(3P<0>).8p (0,1/2)*",0.003102,3.682e+04,-0.02
1677.5914,57555.355,3.5,"5p2.(3P<2>).6p (2,3/2)*",63516.282,2.5,5p2.(3P).7s 4P,1.345,5.313e+06,-0.5
1677.6680,60580.899,1.5,5p2.(3P).6d 2D,66541.554,1.5,"5p2.(3P<2>).7p (2,1/2)*",0.01734,1.027e+05,0.0
1678.6531,60404.475,2.5,5p2.(3P).5d ,66361.632,2.5,"5p2.(3P<2>).7p (2,1/2)*",0.2255,8.895e+05,-0.06
1682.4056,55864.828,1.5,"5p2.(3P<1>).6p (1,3/2)*",61808.698,1.5,5p2.(3P).5d 2D,0.2149,1.266e+06,-0.14
1684.1215,56528.132,3.5,5p2.(3P).5d 4F,62465.946,3.5,5p2.(3P<0>).4f 2[3]*,0.007253,2.132e+04,0.01
1684.9739,58944.148,3.5,5p2.(3P).5d 4D,64878.958,2.5,"5p2.(1D<2>).6p (2,3/2)*",0.01821,7.131e+04,-0.01
1685.1255,56528.132,3.5,5p2.(3P).5d 4F,62462.408,2.5,5p2.(3P<0>).4f 2[3]*,5.762e-06,22.56,-0.0
1687.9936,58589.512,1.5,"5p2.(3P<2>).6p (2,3/2)*",64513.705,2.5,5p2.(3P).6d 2F,0.1696,6.616e+05,0.09
1688.9707,51676.437,0.5,"5p2.(3P<0>).6p (0,1/2)*",57597.203,0.5,5p2.(3P).5d 4D,0.001286,1.504e+04,-0.0
1700.8674,55120.943,2.5,5p2.(3P).5d 4F,61000.296,1.5,"5p2.(3P<0>).7p (0,3/2)*",0.1324,7.634e+05,0.34
1702.5308,55252.132,2.5,"5p2.(3P<1>).6p (1,3/2)*",61125.741,3.5,5p2.(3P).5d 2F,0.168,4.832e+05,-0.1
1702.7360,60964.671,1.5,5p2.(3P).7s 4P,66837.572,2.5,"5p2.(3P<2>).7p (2,3/2)*",0.8502,3.26e+06,0.18
1706.1938,49391.133,1.5,5p2.(3P).6s 2P,55252.132,2.5,"5p2.(3P<1>).6p (1,3/2)*",0.03513,1.342e+05,-0.05
1711.4839,58589.512,1.5,"5p2.(3P<2>).6p (2,3/2)*",64432.395,1.5,5p2.(3P).7d ,0.03028,1.724e+05,-0.05
1714.0795,61631.065,2.5,5p2.(3P).5d 2D,67465.1,1.5,"5p2.(3P<1>).8p (1,3/2)*",4.113,2.334e+07,-0.41
1715.1435,55134.255,1.5,"5p2.(3P<1>).6p (1,1/2)*",60964.671,1.5,5p2.(3P).7s 4P,1.021,5.788e+06,0.65
1715.9690,59737.625,0.5,5p2.(3P).5d 2P,65565.236,1.5,5p2.(3P<1>).4f 2[2]*,0.002701,1.53e+04,-0.0
1719.7378,55993.858,0.5,"5p2.(3P<1>).6p (1,3/2)*",61808.698,1.5,5p2.(3P).5d 2D,0.3459,1.95e+06,-0.31
1722.5072,61386.509,0.5,5p2.(3P).7s 2P,67192.0,0.5,"5p2.(3P<1>).8p (1,1/2)*",0.1856,2.086e+06,-0.55
1729.2981,57410.34,2.5,"5p2.(3P<2>).6p (2,1/2)*",63193.033,1.5,5p2.(3P).5d ,0.01868,1.041e+05,0.03
1729.8844,60580.899,1.5,5p2.(3P).6d 2D,66361.632,2.5,"5p2.(3P<2>).7p (2,1/2)*",0.2827,1.05e+06,-0.1
1730.2882,58653.011,0.5,"5p2.(3P<2>).6p (2,3/2)*",64432.395,1.5,5p2.(3P).7d ,0.4034,2.247e+06,-0.2
1733.7420,58132.656,0.5,5p2.(3P).7s 4P,63900.527,1.5,"5p2.(3P<1>).7p (1,3/2)*",0.03792,2.104e+05,0.01
1733.9037,55232.963,1.5,5p2.(1D).6s 2D,61000.296,1.5,"5p2.(3P<0>).7p (0,3/2)*",0.01001,5.554e+04,0.11
1734.2333,55864.828,1.5,"5p2.(3P<1>).6p (1,3/2)*",61631.065,2.5,5p2.(3P).5d 2D,0.3886,1.437e+06,0.21
1734.2946,58746.356,1.5,5p2.(3P).5d 4D,64512.389,2.5,"5p2.(1D<2>).6p (2,1/2)*",2.353e-05,86.99,0.0
1739.0630,58075.536,1.5,"5p2.(3P<2>).6p (2,1/2)*",63825.759,0.5,5p2.(3P).6d ,0.1768,1.949e+06,0.36
1740.8974,61631.065,2.5,5p2.(3P).5d 2D,67375.229,1.5,"5p2.(3P<1>).8p (1,1/2)*",0.2079,1.144e+06,-0.23
1741.2132,49391.133,1.5,5p2.(3P).6s 2P,55134.255,1.5,"5p2.(3P<1>).6p (1,1/2)*",0.002051,1.128e+04,-0.0
1741.5559,59737.625,0.5,5p2.(3P).5d 2P,65479.617,0.5,"5p2.(1D<2>).6p (2,3/2)*",0.007616,8.375e+04,0.01
1744.8666,45945.34,1.5,5p2.(3P).6s 4P,51676.437,0.5,"5p2.(3P<0>).6p (0,1/2)*",0.0005789,6341,-0.0
1745.4304,56733.162,1.5,5p2.(3P).5d 2P,62462.408,2.5,5p2.(3P<0>).4f 2[3]*,0.04464,1.629e+05,-0.04
1748.1206,60964.671,1.5,5p2.(3P).7s 4P,66685.1,0.5,"5p2.(3P<2>).7p (2,3/2)*",0.01204,1.314e+05,-0.01
1750.5351,55252.132,2.5,"5p2.(3P<1>).6p (1,3/2)*",60964.671,1.5,5p2.(3P).7s 4P,1.121,6.099e+06,-0.58
1750.7521,61125.741,3.5,5p2.(3P).5d 2F,66837.572,2.5,"5p2.(3P<2>).7p (2,3/2)*",0.0006128,2223,0.0
1761.1159,58835.487,2.5,"5p2.(3P<2>).6p (2,3/2)*",64513.705,2.5,5p2.(3P).6d 2F,0.0004627,1659,0.0
1764.9786,58132.656,0.5,5p2.(3P).7s 4P,63798.447,1.5,"5p2.(3P<1>).7p (1,1/2)*",1.836,9.826e+06,0.62
1766.0593,62501.728,2.5,5p2.(3P).6d 4F,68164.052,3.5,5p2.(3P<2>).4f 2[4]*,0.6007,1.606e+06,0.1
1768.2272,62501.728,2.5,5p2.(3P).6d 4F,68157.11,2.5,5p2.(3P<2>).4f 2[2]*,0.01481,5.267e+04,-0.01
1770.0681,58862.889,2.5,5p2.(3P).5d 4D,64512.389,2.5,"5p2.(1D<2>).6p (2,1/2)*",0.04458,1.582e+05,0.03
1771.0114,62501.728,2.5,5p2.(3P).6d 4F,68148.219,2.5,5p2.(3P<2>).4f 2[3]*,0.1268,4.495e+05,-0.05
1775.8535,58589.512,1.5,"5p2.(3P<2>).6p (2,3/2)*",64220.607,1.5,5p2.(3P).6d 2P,0.002489,1.316e+04,-0.0
1778.0319,58589.512,1.5,"5p2.(3P<2>).6p (2,3/2)*",64213.708,2.5,5p2.(3P).7d ,0.5725,2.013e+06,-0.36
1778.9084,46991.058,0.5,5p2.(3P).6s 2P,52612.483,1.5,"5p2.(3P<0>).6p (0,3/2)*",0.04375,2.305e+05,-0.05
1780.2185,62462.408,2.5,5p2.(3P<0>).4f 2[3]*,68079.696,3.5,5p2.(3P).6d 2F,0.009899,2.604e+04,0.03
1781.3405,62465.946,3.5,5p2.(3P<0>).4f 2[3]*,68079.696,3.5,5p2.(3P).6d 2F,0.0238,6.253e+04,-0.01
1786.7008,58835.487,2.5,"5p2.(3P<2>).6p (2,3/2)*",64432.395,1.5,5p2.(3P).7d ,0.001045,5461,-0.01
1787.9806,61808.698,1.5,5p2.(3P).5d 2D,67401.6,0.5,"5p2.(3P<1>).8p (1,3/2)*",0.266,2.775e+06,-0.17
1789.3678,60765.293,0.5,"5p2.(3P<0>).7p (0,1/2)*",66353.859,0.5,5p2.(3P).6d 2P,1.33,1.385e+07,0.48
1793.1163,60964.671,1.5,5p2.(3P).7s 4P,66541.554,1.5,"5p2.(3P<2>).7p (2,1/2)*",0.8048,4.174e+06,0.34
1794.0676,58075.536,1.5,"5p2.(3P<2>).6p (2,1/2)*",63649.462,1.5,5p2.(3P).7s 2P,0.009036,4.681e+04,-0.02
1794.9145,61386.509,0.5,5p2.(3P).7s 2P,66957.805,1.5,"5p2.(3P<2>).7p (2,3/2)*",0.3768,1.95e+06,0.19
1795.8570,62501.728,2.5,5p2.(3P).6d 4F,68070.1,1.5,5p2.(3P<2>).4f 2[1]*,0.06105,3.157e+05,-0.08
1795.8993,58944.148,3.5,5p2.(3P).5d 4D,64512.389,2.5,"5p2.(1D<2>).6p (2,1/2)*",0.0002786,960.3,0.0
1796.1073,58653.011,0.5,"5p2.(3P<2>).6p (2,3/2)*",64220.607,1.5,5p2.(3P).6d 2P,0.01046,5.409e+04,-0.0
1796.4510,61808.698,1.5,5p2.(3P).5d 2D,67375.229,1.5,"5p2.(3P<1>).8p (1,1/2)*",0.02541,1.313e+05,0.06
1800.3340,60404.475,2.5,5p2.(3P).5d ,65959.0,1.5,"5p2.(1D<2>).6p (2,3/2)*",0.1098,5.65e+05,0.02
1804.7261,54196.618,0.5,"5p2.(3P<1>).6p (1,1/2)*",59737.625,0.5,5p2.(3P).5d 2P,0.0008419,8621,-0.0
1807.5567,55232.963,1.5,5p2.(1D).6s 2D,60765.293,0.5,"5p2.(3P<0>).7p (0,1/2)*",0.0001175,1199,-0.0
1809.1358,58746.356,1.5,5p2.(3P).5d 4D,64273.857,1.5,"5p2.(3P<0>).8p (0,3/2)*",0.03774,1.923e+05,0.15
1811.0427,55864.828,1.5,"5p2.(3P<1>).6p (1,3/2)*",61386.509,0.5,5p2.(3P).7s 2P,0.7786,7.917e+06,-0.51
1811.5374,52612.483,1.5,"5p2.(3P<0>).6p (0,3/2)*",58132.656,0.5,5p2.(3P).7s 4P,0.7857,7.985e+06,-0.54
1826.9262,58132.656,0.5,5p2.(3P).7s 4P,63606.331,0.5,"5p2.(3P<1>).7p (1,1/2)*",1.071,1.07e+07,-0.62
1830.4713,58746.356,1.5,5p2.(3P).5d 4D,64209.43,0.5,"5p2.(3P<1>).7p (1,3/2)*",0.1246,1.24e+06,-0.1
1835.9930,55134.255,1.5,"5p2.(3P<1>).6p (1,1/2)*",60580.899,1.5,5p2.(3P).6d 2D,0.003234,1.6e+04,0.01
1837.9832,58075.536,1.5,"5p2.(3P<2>).6p (2,1/2)*",63516.282,2.5,5p2.(3P).7s 4P,0.7607,2.503e+06,0.53
1848.0982,58862.889,2.5,5p2.(3P).5d 4D,64273.857,1.5,"5p2.(3P<0>).8p (0,3/2)*",0.1678,8.195e+05,0.27
1852.8946,60964.671,1.5,5p2.(3P).7s 4P,66361.632,2.5,"5p2.(3P<2>).7p (2,1/2)*",0.3901,1.263e+06,0.09
1854.3755,55993.858,0.5,"5p2.(3P<1>).6p (1,3/2)*",61386.509,0.5,5p2.(3P).7s 2P,0.1237,1.2e+06,0.2
1854.4206,53442.967,2.5,5p2.(3P).5d 4P,58835.487,2.5,"5p2.(3P<2>).6p (2,3/2)*",0.06705,2.168e+05,-0.06
1856.9688,58835.487,2.5,"5p2.(3P<2>).6p (2,3/2)*",64220.607,1.5,5p2.(3P).6d 2P,0.05464,2.642e+05,0.2
1859.1535,62462.408,2.5,5p2.(3P<0>).4f 2[3]*,67841.2,2.5,5p2.(3P).7d 4P?,0.0003358,1080,0.0
1859.3509,58835.487,2.5,"5p2.(3P<2>).6p (2,3/2)*",64213.708,2.5,5p2.(3P).7d ,0.126,4.053e+05,0.17
1860.3772,62465.946,3.5,5p2.(3P<0>).4f 2[3]*,67841.2,2.5,5p2.(3P).7d 4P?,0.004016,1.29e+04,-0.0
1867.9149,61000.296,1.5,"5p2.(3P<0>).7p (0,3/2)*",66353.859,0.5,5p2.(3P).6d 2P,0.08605,8.226e+05,0.17
1869.8845,60765.293,0.5,"5p2.(3P<0>).7p (0,1/2)*",66113.217,1.5,5p2.(3P).8s 4P,0.1904,9.083e+05,0.23
1875.3662,62462.408,2.5,5p2.(3P<0>).4f 2[3]*,67794.7,2.5,5p2.(3P).6d 4D?,0.3747,1.185e+06,-0.19
1876.6067,55252.132,2.5,"5p2.(3P<1>).6p (1,3/2)*",60580.899,1.5,5p2.(3P).6d 2D,0.0005596,2650,-0.0
1876.6113,62465.946,3.5,5p2.(3P<0>).4f 2[3]*,67794.7,2.5,5p2.(3P).6d 4D?,6.687,2.111e+07,0.53
1877.3208,61631.065,2.5,5p2.(3P).5d 2D,66957.805,1.5,"5p2.(3P<2>).7p (2,3/2)*",0.9876,4.673e+06,-0.13
1884.1152,53527.956,1.5,5p2.(3P).5d 4F,58835.487,2.5,"5p2.(3P<2>).6p (2,3/2)*",0.01934,6.056e+04,-0.1
1887.2942,61386.509,0.5,5p2.(3P).7s 2P,66685.1,0.5,"5p2.(3P<2>).7p (2,3/2)*",0.4306,4.032e+06,0.19
1892.0073,58835.487,2.5,"5p2.(3P<2>).6p (2,3/2)*",64120.879,3.5,5p2.(3P).6d 4F,0.147,3.423e+05,0.08
1894.0682,61125.741,3.5,5p2.(3P).5d 2F,66405.382,3.5,"5p2.(3P<2>).7p (2,3/2)*",0.04703,1.093e+05,0.29
1896.8018,55728.264,2.5,5p2.(1D).6s 2D,61000.296,1.5,"5p2.(3P<0>).7p (0,3/2)*",0.00877,4.065e+04,0.09
1897.4540,55134.255,1.5,"5p2.(3P<1>).6p (1,1/2)*",60404.475,2.5,5p2.(3P).5d ,0.007823,2.416e+04,0.01
1905.8651,59737.625,0.5,5p2.(3P).5d 2P,64984.586,1.5,"5p2.(1D<2>).6p (2,1/2)*",0.03042,1.397e+05,0.04
1906.7889,60765.293,0.5,"5p2.(3P<0>).7p (0,1/2)*",66009.712,0.5,5p2.(3P).8s 2P,0.2309,2.118e+06,-0.1
1909.7648,58589.512,1.5,"5p2.(3P<2>).6p (2,3/2)*",63825.759,0.5,5p2.(3P).6d ,0.00531,4.856e+04,-0.04
1909.8946,61125.741,3.5,5p2.(3P).5d 2F,66361.632,2.5,"5p2.(3P<2>).7p (2,1/2)*",0.1786,5.444e+05,-0.06
1920.6735,61631.065,2.5,5p2.(3P).5d 2D,66837.572,2.5,"5p2.(3P<2>).7p (2,3/2)*",0.0108,3.254e+04,0.0
1930.9142,57287.052,2.5,5p2.(3P).5d 2F,62465.946,3.5,5p2.(3P<0>).4f 2[3]*,5.3,1.185e+07,0.58
1932.2342,57287.052,2.5,5p2.(3P).5d 2F,62462.408,2.5,5p2.(3P<0>).4f 2[3]*,0.2992,8.909e+05,-0.2
1933.2084,58653.011,0.5,"5p2.(3P<2>).6p (2,3/2)*",63825.759,0.5,5p2.(3P).6d ,0.01785,1.593e+05,-0.08
1936.5445,60404.475,2.5,5p2.(3P).5d ,65568.312,2.5,5p2.(3P<1>).4f 2[2]*,0.09954,2.951e+05,0.06
1937.6987,60404.475,2.5,5p2.(3P).5d ,65565.236,1.5,5p2.(3P<1>).4f 2[2]*,0.0003748,1665,-0.0
1939.8473,61386.509,0.5,5p2.(3P).7s 2P,66541.554,1.5,"5p2.(3P<2>).7p (2,1/2)*",0.004367,1.935e+04,0.0
1940.1762,58746.356,1.5,5p2.(3P).5d 4D,63900.527,1.5,"5p2.(3P<1>).7p (1,3/2)*",0.0001827,809.4,-0.0
1940.8646,55252.132,2.5,"5p2.(3P<1>).6p (1,3/2)*",60404.475,2.5,5p2.(3P).5d ,0.000164,484,-0.0
1942.0843,61808.698,1.5,5p2.(3P).5d 2D,66957.805,1.5,"5p2.(3P<2>).7p (2,3/2)*",0.02842,1.257e+05,0.01
1943.0511,53442.967,2.5,5p2.(3P).5d 4P,58589.512,1.5,"5p2.(3P<2>).6p (2,3/2)*",0.0009717,4292,-0.0
1950.4831,60404.475,2.5,5p2.(3P).5d ,65531.41,3.5,5p2.(3P<1>).4f 2[4]*,0.1326,2.906e+05,-0.09
1951.1986,53527.956,1.5,5p2.(3P).5d 4F,58653.011,0.5,"5p2.(3P<2>).6p (2,3/2)*",0.005965,5.225e+04,0.01
1954.0803,58075.536,1.5,"5p2.(3P<2>).6p (2,1/2)*",63193.033,1.5,5p2.(3P).5d ,0.005395,2.356e+04,0.01
1955.8292,61000.296,1.5,"5p2.(3P<0>).7p (0,3/2)*",66113.217,1.5,5p2.(3P).8s 4P,1.662,7.247e+06,-0.51
1957.0299,62960.316,0.5,5p2.(3P).8s 4P,68070.1,1.5,5p2.(3P<2>).4f 2[1]*,0.006951,3.026e+04,-0.15
1960.8447,55864.828,1.5,"5p2.(3P<1>).6p (1,3/2)*",60964.671,1.5,5p2.(3P).7s 4P,0.05345,2.318e+05,-0.07
1964.1009,57410.34,2.5,"5p2.(3P<2>).6p (2,1/2)*",62501.728,2.5,5p2.(3P).6d 4F,0.02015,5.806e+04,0.03
1975.2146,60404.475,2.5,5p2.(3P).5d ,65467.216,3.5,5p2.(3P<1>).4f 2[3]*,0.000474,1013,0.0
1975.6770,53527.956,1.5,5p2.(3P).5d 4F,58589.512,1.5,"5p2.(3P<2>).6p (2,3/2)*",0.06426,2.745e+05,-0.16
1976.3041,58589.512,1.5,"5p2.(3P<2>).6p (2,3/2)*",63649.462,1.5,5p2.(3P).7s 2P,0.721,3.078e+06,-0.37
1977.5645,51676.437,0.5,"5p2.(3P<0>).6p (0,1/2)*",56733.162,1.5,5p2.(3P).5d 2P,0.07585,3.234e+05,0.07
1977.9756,60404.475,2.5,5p2.(3P).5d ,65460.149,2.5,5p2.(3P<1>).4f 2[3]*,0.0001016,288.7,-0.0
1979.3784,58746.356,1.5,5p2.(3P).5d 4D,63798.447,1.5,"5p2.(3P<1>).7p (1,1/2)*",0.2239,9.53e+05,-0.13
1982.3213,58746.356,1.5,5p2.(3P).5d 4D,63790.947,2.5,"5p2.(3P<1>).7p (1,3/2)*",0.01257,3.555e+04,0.02
1982.6616,62462.408,2.5,5p2.(3P<0>).4f 2[3]*,67506.133,1.5,5p2.(3P).7d 4P,0.009429,4e+04,-0.01
1985.0573,58862.889,2.5,5p2.(3P).5d 4D,63900.527,1.5,"5p2.(3P<1>).7p (1,3/2)*",0.04475,1.894e+05,-0.05
1988.5167,61808.698,1.5,5p2.(3P).5d 2D,66837.572,2.5,"5p2.(3P<2>).7p (2,3/2)*",0.01101,3.095e+04,-0.01
1991.1708,51676.437,0.5,"5p2.(3P<0>).6p (0,1/2)*",56698.608,0.5,5p2.(3P).5d 4P,0.02625,2.208e+05,-0.06
1996.2407,61000.296,1.5,"5p2.(3P<0>).7p (0,3/2)*",66009.712,0.5,5p2.(3P).8s 2P,0.003892,3.258e+04,-0.01
2001.4206,58653.011,0.5,"5p2.(3P<2>).6p (2,3/2)*",63649.462,1.5,5p2.(3P).7s 2P,0.07295,3.037e+05,0.05
2002.2710,60964.671,1.5,5p2.(3P).7s 4P,65959.0,1.5,"5p2.(1D<2>).6p (2,3/2)*",0.01106,4.598e+04,-0.02
2005.0475,60580.899,1.5,5p2.(3P).6d 2D,65568.312,2.5,5p2.(3P<1>).4f 2[2]*,0.1478,4.088e+05,-0.04
2006.1307,52612.483,1.5,"5p2.(3P<0>).6p (0,3/2)*",57597.203,0.5,5p2.(3P).5d 4D,0.01184,9.813e+04,0.02
2006.2849,60580.899,1.5,5p2.(3P).6d 2D,65565.236,1.5,5p2.(3P<1>).4f 2[2]*,0.005288,2.191e+04,0.0
2011.7434,55993.858,0.5,"5p2.(3P<1>).6p (1,3/2)*",60964.671,1.5,5p2.(3P).7s 4P,0.1693,6.974e+05,0.31
2014.4732,63193.033,1.5,5p2.(3P).5d ,68157.11,2.5,5p2.(3P<2>).4f 2[2]*,0.2716,7.442e+05,0.08
2014.7593,62501.728,2.5,5p2.(3P).6d 4F,67465.1,1.5,"5p2.(3P<1>).8p (1,3/2)*",5.047,2.073e+07,-0.37
2018.0877,63193.033,1.5,5p2.(3P).5d ,68148.219,2.5,5p2.(3P<2>).4f 2[3]*,0.002297,6271,-0.0
2021.6834,57555.355,3.5,"5p2.(3P<2>).6p (2,3/2)*",62501.728,2.5,5p2.(3P).6d 4F,0.0003942,1072,0.0
2026.1134,58862.889,2.5,5p2.(3P).5d 4D,63798.447,1.5,"5p2.(3P<1>).7p (1,1/2)*",0.1848,7.509e+05,-0.23
2029.1969,58862.889,2.5,5p2.(3P).5d 4D,63790.947,2.5,"5p2.(3P<1>).7p (1,3/2)*",0.0004151,1121,-0.0
2029.7274,58589.512,1.5,"5p2.(3P<2>).6p (2,3/2)*",63516.282,2.5,5p2.(3P).7s 4P,0.06908,1.864e+05,-0.19
2036.4571,61631.065,2.5,5p2.(3P).5d 2D,66541.554,1.5,"5p2.(3P<2>).7p (2,1/2)*",0.318,1.279e+06,-0.06
2042.5700,62462.408,2.5,5p2.(3P<0>).4f 2[3]*,67358.201,3.5,5p2.(3P).7d 4F,0.01255,2.508e+04,-0.07
2044.0472,62465.946,3.5,5p2.(3P<0>).4f 2[3]*,67358.201,3.5,5p2.(3P).7d 4F,0.01492,2.978e+04,0.01
2047.1751,58075.536,1.5,"5p2.(3P<2>).6p (2,1/2)*",62960.316,0.5,5p2.(3P).8s 4P,0.02667,2.123e+05,-0.09
2049.4953,60580.899,1.5,5p2.(3P).6d 2D,65460.149,2.5,5p2.(3P<1>).4f 2[3]*,0.0789,2.088e+05,0.04
2050.4127,63193.033,1.5,5p2.(3P).5d ,68070.1,1.5,5p2.(3P<2>).4f 2[1]*,0.02069,8.206e+04,-0.01
2050.6923,61808.698,1.5,5p2.(3P).5d 2D,66685.1,0.5,"5p2.(3P<2>).7p (2,3/2)*",0.3042,2.412e+06,-0.11
2051.9130,62501.728,2.5,5p2.(3P).6d 4F,67375.229,1.5,"5p2.(3P<1>).8p (1,1/2)*",0.008579,3.398e+04,-0.0
2057.6238,58746.356,1.5,5p2.(3P).5d 4D,63606.331,0.5,"5p2.(3P<1>).7p (1,1/2)*",1.699,1.338e+07,-0.65
2057.6331,63790.947,2.5,"5p2.(3P<1>).7p (1,3/2)*",68650.9,2.5,5p2.(3P).8s 4P,1.472,3.866e+06,0.26
2060.8134,63798.447,1.5,"5p2.(3P<1>).7p (1,1/2)*",68650.9,2.5,5p2.(3P).8s 4P,0.01922,5.03e+04,-0.01
2062.4961,56151.802,1.5,5p2.(3P).5d 4P,61000.296,1.5,"5p2.(3P<0>).7p (0,3/2)*",0.01192,4.674e+04,-0.12
2063.2174,58944.148,3.5,5p2.(3P).5d 4D,63790.947,2.5,"5p2.(3P<1>).7p (1,3/2)*",0.01595,4.166e+04,-0.01
2077.2854,58835.487,2.5,"5p2.(3P<2>).6p (2,3/2)*",63649.462,1.5,5p2.(3P).7s 2P,0.5702,2.203e+06,-0.56
2080.6956,62462.408,2.5,5p2.(3P<0>).4f 2[3]*,67268.493,1.5,5p2.(3P).6d 2D?,0.0008712,3356,0.0
2080.9554,49391.133,1.5,5p2.(3P).6s 2P,54196.618,0.5,"5p2.(3P<1>).6p (1,1/2)*",0.1641,1.264e+06,0.25
2081.0476,62501.728,2.5,5p2.(3P).6d 4F,67307.0,2.5,"5p2.(3P<1>).8p (1,3/2)*",0.08803,2.26e+05,-0.09
2094.5404,61631.065,2.5,5p2.(3P).5d 2D,66405.382,3.5,"5p2.(3P<2>).7p (2,3/2)*",0.04241,8.061e+04,0.06
2105.0979,63900.527,1.5,"5p2.(3P<1>).7p (1,3/2)*",68650.9,2.5,5p2.(3P).8s 4P,0.01153,2.894e+04,-0.01
2112.8891,61808.698,1.5,5p2.(3P).5d 2D,66541.554,1.5,"5p2.(3P<2>).7p (2,1/2)*",0.06156,2.299e+05,0.03
2113.9115,61631.065,2.5,5p2.(3P).5d 2D,66361.632,2.5,"5p2.(3P<2>).7p (2,1/2)*",0.1577,3.924e+05,0.05
2120.4091,55864.828,1.5,"5p2.(3P<1>).6p (1,3/2)*",60580.899,1.5,5p2.(3P).6d 2D,0.0004899,1817,-0.0
2134.2991,46991.058,0.5,5p2.(3P).6s 2P,51676.437,0.5,"5p2.(3P<0>).6p (0,1/2)*",0.05022,3.677e+05,0.1
2136.3892,58835.487,2.5,"5p2.(3P<2>).6p (2,3/2)*",63516.282,2.5,5p2.(3P).7s 4P,0.6635,1.616e+06,-0.53
2139.2347,52612.483,1.5,"5p2.(3P<0>).6p (0,3/2)*",57287.052,2.5,5p2.(3P).5d 2F,0.5876,1.427e+06,-0.28
2151.5695,63516.282,2.5,5p2.(3P).7s 4P,68164.052,3.5,5p2.(3P<2>).4f 2[4]*,0.01098,1.977e+04,0.06
2154.7879,63516.282,2.5,5p2.(3P).7s 4P,68157.11,2.5,5p2.(3P<2>).4f 2[2]*,0.001708,4089,-0.02
2158.6295,53442.967,2.5,5p2.(3P).5d 4P,58075.536,1.5,"5p2.(3P<2>).6p (2,1/2)*",0.03571,1.278e+05,0.02
2158.9240,63516.282,2.5,5p2.(3P).7s 4P,68148.219,2.5,5p2.(3P<2>).4f 2[3]*,0.0001492,355.8,-0.0
2167.5560,56151.802,1.5,5p2.(3P).5d 4P,60765.293,0.5,"5p2.(3P<0>).7p (0,1/2)*",0.01164,8.265e+04,-0.09
2172.1937,60964.671,1.5,5p2.(3P).7s 4P,65568.312,2.5,5p2.(3P<1>).4f 2[2]*,0.03877,9.135e+04,0.09
2172.2503,58589.512,1.5,"5p2.(3P<2>).6p (2,3/2)*",63193.033,1.5,5p2.(3P).5d ,0.001172,4143,-0.0
2172.3216,55134.255,1.5,"5p2.(3P<1>).6p (1,1/2)*",59737.625,0.5,5p2.(3P).5d 2P,0.0008265,5841,-0.0
2173.6461,60964.671,1.5,5p2.(3P).7s 4P,65565.236,1.5,5p2.(3P<1>).4f 2[2]*,7.085e-05,250.1,-0.0
2180.0546,55993.858,0.5,"5p2.(3P<1>).6p (1,3/2)*",60580.899,1.5,5p2.(3P).6d 2D,0.01413,4.958e+04,0.02
2183.3532,60404.475,2.5,5p2.(3P).5d ,64984.586,1.5,"5p2.(1D<2>).6p (2,1/2)*",0.03906,1.367e+05,-0.01
2186.9917,61386.509,0.5,5p2.(3P).7s 2P,65959.0,1.5,"5p2.(1D<2>).6p (2,3/2)*",0.04501,1.569e+05,0.05
2195.9595,63516.282,2.5,5p2.(3P).7s 4P,68070.1,1.5,5p2.(3P<2>).4f 2[1]*,0.000359,1241,-0.01
2196.3859,61808.698,1.5,5p2.(3P).5d 2D,66361.632,2.5,"5p2.(3P<2>).7p (2,1/2)*",0.0219,5.047e+04,0.02
2196.4718,60404.475,2.5,5p2.(3P).5d ,64957.231,3.5,"5p2.(1D<2>).6p (2,3/2)*",2.028e-05,35.05,-0.0
2197.9288,54196.618,0.5,"5p2.(3P<1>).6p (1,1/2)*",58746.356,1.5,5p2.(3P).5d 4D,0.03454,1.192e+05,-0.05
2198.9718,53527.956,1.5,5p2.(3P).5d 4F,58075.536,1.5,"5p2.(3P<2>).6p (2,1/2)*",0.001391,4796,-0.0
2202.6325,58653.011,0.5,"5p2.(3P<2>).6p (2,3/2)*",63193.033,1.5,5p2.(3P).5d ,0.004884,1.679e+04,-0.0
2202.8144,55864.828,1.5,"5p2.(3P<1>).6p (1,3/2)*",60404.475,2.5,5p2.(3P).5d ,0.0006016,1378,-0.0
2204.4728,59737.625,0.5,5p2.(3P).5d 2P,64273.857,1.5,"5p2.(3P<0>).8p (0,3/2)*",0.0125,4.29e+04,-0.15
2214.8659,60964.671,1.5,5p2.(3P).7s 4P,65479.617,0.5,"5p2.(1D<2>).6p (2,3/2)*",0.001687,1.147e+04,-0.01
2218.4518,63649.462,1.5,5p2.(3P).7s 2P,68157.11,2.5,5p2.(3P<2>).4f 2[2]*,0.03134,7.079e+04,0.07
2219.0702,62462.408,2.5,5p2.(3P<0>).4f 2[3]*,66968.8,2.5,5p2.(3P).6d 2D,0.0004528,1022,-0.0
2219.8623,62960.316,0.5,5p2.(3P).8s 4P,67465.1,1.5,"5p2.(3P<1>).8p (1,3/2)*",1.907,6.453e+06,0.32
2220.8137,62465.946,3.5,5p2.(3P<0>).4f 2[3]*,66968.8,2.5,5p2.(3P).6d 2D,0.05612,1.265e+05,-0.01
2222.8362,63649.462,1.5,5p2.(3P).7s 2P,68148.219,2.5,5p2.(3P<2>).4f 2[3]*,0.01258,2.83e+04,-0.03
2224.4576,60964.671,1.5,5p2.(3P).7s 4P,65460.149,2.5,5p2.(3P<1>).4f 2[3]*,0.001058,2378,-0.01
2234.4546,51676.437,0.5,"5p2.(3P<0>).6p (0,1/2)*",56151.802,1.5,5p2.(3P).5d 4P,0.03916,1.308e+05,0.05
2234.8951,60404.475,2.5,5p2.(3P).5d ,64878.958,2.5,"5p2.(1D<2>).6p (2,3/2)*",0.0424,9.438e+04,-0.01
2236.2335,59737.625,0.5,5p2.(3P).5d 2P,64209.43,0.5,"5p2.(3P<1>).7p (1,3/2)*",0.008583,5.724e+04,-0.04
2244.1264,62501.728,2.5,5p2.(3P).6d 4F,66957.805,1.5,"5p2.(3P<2>).7p (2,3/2)*",0.2925,9.686e+05,-0.05
2250.9488,61125.741,3.5,5p2.(3P).5d 2F,65568.312,2.5,5p2.(3P<1>).4f 2[2]*,0.03459,7.589e+04,-0.09
2251.6011,62960.316,0.5,5p2.(3P).8s 4P,67401.6,0.5,"5p2.(3P<1>).8p (1,3/2)*",0.02958,1.946e+05,0.04
2259.2784,58075.536,1.5,"5p2.(3P<2>).6p (2,1/2)*",62501.728,2.5,5p2.(3P).6d 4F,8.519e-05,185.5,-0.0
2262.1169,63649.462,1.5,5p2.(3P).7s 2P,68070.1,1.5,5p2.(3P<2>).4f 2[1]*,0.07117,2.319e+05,-0.18
2265.0503,62960.316,0.5,5p2.(3P).8s 4P,67375.229,1.5,"5p2.(3P<1>).8p (1,1/2)*",0.1864,6.06e+05,0.36
2269.8028,61125.741,3.5,5p2.(3P).5d 2F,65531.41,3.5,5p2.(3P<1>).4f 2[4]*,0.01876,3.037e+04,0.05
2270.8244,60580.899,1.5,5p2.(3P).6d 2D,64984.586,1.5,"5p2.(1D<2>).6p (2,1/2)*",0.6757,2.185e+06,-0.14
2271.6684,61125.741,3.5,5p2.(3P).5d 2F,65527.792,4.5,5p2.(3P<1>).4f 2[4]*,0.1833,2.369e+05,0.11
2273.5757,57410.34,2.5,"5p2.(3P<2>).6p (2,1/2)*",61808.698,1.5,5p2.(3P).5d 2D,0.06029,1.945e+05,-0.13
2284.6474,64273.857,1.5,"5p2.(3P<0>).8p (0,3/2)*",68650.9,2.5,5p2.(3P).8s 4P,5.263,1.121e+07,0.84
2293.1935,59737.625,0.5,5p2.(3P).5d 2P,64098.356,0.5,"5p2.(3P<0>).8p (0,1/2)*",0.0122,7.738e+04,-0.05
2294.8696,58835.487,2.5,"5p2.(3P<2>).6p (2,3/2)*",63193.033,1.5,5p2.(3P).5d ,0.004156,1.316e+04,0.01
2303.3646,61125.741,3.5,5p2.(3P).5d 2F,65467.216,3.5,5p2.(3P<1>).4f 2[3]*,0.002865,4503,-0.01
2306.3560,62501.728,2.5,5p2.(3P).6d 4F,66837.572,2.5,"5p2.(3P<2>).7p (2,3/2)*",0.401,8.381e+05,0.11
2307.1201,61125.741,3.5,5p2.(3P).5d 2F,65460.149,2.5,5p2.(3P<1>).4f 2[3]*,0.0005201,1086,-0.01
2310.5707,61631.065,2.5,5p2.(3P).5d 2D,65959.0,1.5,"5p2.(1D<2>).6p (2,3/2)*",0.04841,1.512e+05,-0.02
2321.6373,58653.011,0.5,"5p2.(3P<2>).6p (2,3/2)*",62960.316,0.5,5p2.(3P).8s 4P,0.005909,3.656e+04,0.02
2324.6688,56698.608,0.5,5p2.(3P).5d 4P,61000.296,1.5,"5p2.(3P<0>).7p (0,3/2)*",0.1195,3.686e+05,-0.37
2326.6316,60580.899,1.5,5p2.(3P).6d 2D,64878.958,2.5,"5p2.(1D<2>).6p (2,3/2)*",0.1105,2.268e+05,0.05
2331.6823,63790.947,2.5,"5p2.(3P<1>).7p (1,3/2)*",68079.696,3.5,5p2.(3P).6d 2F,0.9059,1.389e+06,0.07
2336.0573,62462.408,2.5,5p2.(3P<0>).4f 2[3]*,66743.125,3.5,5p2.(3P).6d 4D,0.0003314,506.3,0.0
2336.4164,48332.424,2.5,5p2.(3P).6s 4P,52612.483,1.5,"5p2.(3P<0>).6p (0,3/2)*",0.03733,1.141e+05,0.06
2337.9896,62465.946,3.5,5p2.(3P<0>).4f 2[3]*,66743.125,3.5,5p2.(3P).6d 4D,0.01609,2.454e+04,-0.0
2340.7873,63193.033,1.5,5p2.(3P).5d ,67465.1,1.5,"5p2.(3P<1>).8p (1,3/2)*",0.01716,5.223e+04,0.05
2343.4933,56733.162,1.5,5p2.(3P).5d 2P,61000.296,1.5,"5p2.(3P<0>).7p (0,3/2)*",0.0007502,2278,0.01
2356.0784,63825.759,0.5,5p2.(3P).6d ,68070.1,1.5,5p2.(3P<2>).4f 2[1]*,0.9094,2.732e+06,0.38
2356.8486,61000.296,1.5,"5p2.(3P<0>).7p (0,3/2)*",65243.25,2.5,5p2.(1D).5d 2D,0.08476,1.696e+05,0.14
2363.1254,62960.316,0.5,5p2.(3P).8s 4P,67192.0,0.5,"5p2.(3P<1>).8p (1,1/2)*",2.718,1.623e+07,-0.59
2369.2612,57410.34,2.5,"5p2.(3P<2>).6p (2,1/2)*",61631.065,2.5,5p2.(3P).5d 2D,0.2219,4.394e+05,-0.19
2376.1057,63193.033,1.5,5p2.(3P).5d ,67401.6,0.5,"5p2.(3P<1>).8p (1,3/2)*",0.008858,5.233e+04,0.01
2391.0883,63193.033,1.5,5p2.(3P).5d ,67375.229,1.5,"5p2.(3P<1>).8p (1,1/2)*",0.01538,4.485e+04,0.04
2393.0733,61386.509,0.5,5p2.(3P).7s 2P,65565.236,1.5,5p2.(3P<1>).4f 2[2]*,0.0329,9.579e+04,0.09
2402.1704,59737.625,0.5,5p2.(3P).5d 2P,63900.527,1.5,"5p2.(3P<1>).7p (1,3/2)*",0.2303,6.654e+05,0.25
2409.4632,61808.698,1.5,5p2.(3P).5d 2D,65959.0,1.5,"5p2.(1D<2>).6p (2,3/2)*",0.01076,3.092e+04,0.01
2416.3280,64512.389,2.5,"5p2.(1D<2>).6p (2,1/2)*",68650.9,2.5,5p2.(3P).8s 4P,1.657,3.154e+06,0.38
2426.7845,52612.483,1.5,"5p2.(3P<0>).6p (0,3/2)*",56733.162,1.5,5p2.(3P).5d 2P,0.0001059,299.7,0.0
2430.7439,63193.033,1.5,5p2.(3P).5d ,67307.0,2.5,"5p2.(3P<1>).8p (1,3/2)*",0.039,7.338e+04,0.06
2431.6772,53442.967,2.5,5p2.(3P).5d 4P,57555.355,3.5,"5p2.(3P<2>).6p (2,3/2)*",2.363e-05,33.32,-0.0
2434.3255,60404.475,2.5,5p2.(3P).5d ,64512.389,2.5,"5p2.(1D<2>).6p (2,1/2)*",0.3708,6.956e+05,-0.09
2443.1312,61386.509,0.5,5p2.(3P).7s 2P,65479.617,0.5,"5p2.(1D<2>).6p (2,3/2)*",0.08436,4.714e+05,0.11
2447.3064,52612.483,1.5,"5p2.(3P<0>).6p (0,3/2)*",56698.608,0.5,5p2.(3P).5d 4P,0.09167,5.104e+05,0.11
2452.1055,60765.293,0.5,"5p2.(3P<0>).7p (0,1/2)*",64843.421,1.5,5p2.(1D).5d 2D,0.09561,2.652e+05,-0.12
2453.5602,57555.355,3.5,"5p2.(3P<2>).6p (2,3/2)*",61631.065,2.5,5p2.(3P).5d 2D,0.009663,1.785e+04,-0.05
2459.0053,56698.608,0.5,5p2.(3P).5d 4P,60765.293,0.5,"5p2.(3P<0>).7p (0,1/2)*",0.04276,2.358e+05,0.4
2462.5556,59737.625,0.5,5p2.(3P).5d 2P,63798.447,1.5,"5p2.(3P<1>).7p (1,1/2)*",0.01449,3.985e+04,0.02
2468.9816,63790.947,2.5,"5p2.(3P<1>).7p (1,3/2)*",67841.2,2.5,5p2.(3P).7d 4P?,0.3868,7.055e+05,0.2
2473.3050,64120.879,3.5,5p2.(3P).6d 4F,68164.052,3.5,5p2.(3P<2>).4f 2[4]*,0.9598,1.308e+06,-0.46
2473.5620,63798.447,1.5,"5p2.(3P<1>).7p (1,1/2)*",67841.2,2.5,5p2.(3P).7d 4P?,0.2594,4.714e+05,0.08
2475.3541,62501.728,2.5,5p2.(3P).6d 4F,66541.554,1.5,"5p2.(3P<2>).7p (2,1/2)*",0.3961,1.078e+06,-0.08
2477.5589,64120.879,3.5,5p2.(3P).6d 4F,68157.11,2.5,5p2.(3P<2>).4f 2[2]*,0.01139,2.063e+04,0.06
2480.0782,56733.162,1.5,5p2.(3P).5d 2P,60765.293,0.5,"5p2.(3P<0>).7p (0,1/2)*",0.003112,1.688e+04,-0.01
2483.0285,64120.879,3.5,5p2.(3P).6d 4F,68148.219,2.5,5p2.(3P<2>).4f 2[3]*,0.1125,2.029e+05,0.28
2487.6148,60964.671,1.5,5p2.(3P).7s 4P,64984.586,1.5,"5p2.(1D<2>).6p (2,1/2)*",0.05908,1.592e+05,0.1
2497.5761,60765.293,0.5,"5p2.(3P<0>).7p (0,1/2)*",64769.175,0.5,5p2.(3P).6d 4D,0.0401,2.144e+05,0.07
2497.6566,63790.947,2.5,"5p2.(3P<1>).7p (1,3/2)*",67794.7,2.5,5p2.(3P).6d 4D?,0.03119,5.558e+04,-0.01
2500.6458,63193.033,1.5,5p2.(3P).5d ,67192.0,0.5,"5p2.(3P<1>).8p (1,1/2)*",0.0006459,3445,-0.01
2501.5704,62960.316,0.5,5p2.(3P).8s 4P,66957.805,1.5,"5p2.(3P<2>).7p (2,3/2)*",0.4872,1.298e+06,0.12
2502.3441,63798.447,1.5,"5p2.(3P<1>).7p (1,1/2)*",67794.7,2.5,5p2.(3P).6d 4D?,1.998,3.547e+06,0.48
2520.5596,53442.967,2.5,5p2.(3P).5d 4P,57410.34,2.5,"5p2.(3P<2>).6p (2,1/2)*",0.01355,2.371e+04,0.02
2523.8810,62465.946,3.5,5p2.(3P<0>).4f 2[3]*,66428.098,4.5,5p2.(3P).6d 4F,0.0005419,567.4,-0.0
2531.4251,64213.708,2.5,5p2.(3P).7d ,68164.052,3.5,5p2.(3P<2>).4f 2[4]*,0.008069,1.05e+04,0.01
2535.8815,64213.708,2.5,5p2.(3P).7d ,68157.11,2.5,5p2.(3P<2>).4f 2[2]*,0.06455,1.116e+05,-0.12
2537.6376,63900.527,1.5,"5p2.(3P<1>).7p (1,3/2)*",67841.2,2.5,5p2.(3P).7d 4P?,0.00142,2451,0.0
2539.8457,61631.065,2.5,5p2.(3P).5d 2D,65568.312,2.5,5p2.(3P<1>).4f 2[2]*,0.05097,8.784e+04,0.02
2540.3258,64220.607,1.5,5p2.(3P).6d 2P,68157.11,2.5,5p2.(3P<2>).4f 2[2]*,0.09896,1.705e+05,0.02
2540.6259,54196.618,0.5,"5p2.(3P<1>).6p (1,1/2)*",58132.656,0.5,5p2.(3P).7s 4P,0.01736,8.971e+04,-0.04
2541.6119,64213.708,2.5,5p2.(3P).7d ,68148.219,2.5,5p2.(3P<2>).4f 2[3]*,0.0001142,196.5,-0.0
2541.8316,61631.065,2.5,5p2.(3P).5d 2D,65565.236,1.5,5p2.(3P<1>).4f 2[2]*,0.002575,6646,0.0
2543.5649,60580.899,1.5,5p2.(3P).6d 2D,64512.389,2.5,"5p2.(1D<2>).6p (2,1/2)*",0.02378,4.087e+04,0.01
2546.0763,64220.607,1.5,5p2.(3P).6d 2P,68148.219,2.5,5p2.(3P<2>).4f 2[3]*,1.255,2.152e+06,-0.27
2554.7437,60964.671,1.5,5p2.(3P).7s 4P,64878.958,2.5,"5p2.(1D<2>).6p (2,3/2)*",0.0005049,860.1,0.0
2556.0961,58589.512,1.5,"5p2.(3P<2>).6p (2,3/2)*",62501.728,2.5,5p2.(3P).6d 4F,0.01065,1.812e+04,-0.01
2563.8758,61631.065,2.5,5p2.(3P).5d 2D,65531.41,3.5,5p2.(3P<1>).4f 2[4]*,0.2509,3.183e+05,-0.15
2564.2327,63606.331,0.5,"5p2.(3P<1>).7p (1,1/2)*",67506.133,1.5,5p2.(3P).7d 4P,0.008054,2.043e+04,0.01
2567.9393,63900.527,1.5,"5p2.(3P<1>).7p (1,3/2)*",67794.7,2.5,5p2.(3P).6d 4D?,0.1345,2.267e+05,0.04
2575.7370,53527.956,1.5,5p2.(3P).5d 4F,57410.34,2.5,"5p2.(3P<2>).6p (2,1/2)*",0.008719,1.461e+04,-0.04
2582.1131,55864.828,1.5,"5p2.(3P<1>).6p (1,3/2)*",59737.625,0.5,5p2.(3P).5d 2P,0.13,6.501e+05,-0.26
2584.3920,60404.475,2.5,5p2.(3P).5d ,64273.857,1.5,"5p2.(3P<0>).8p (0,3/2)*",0.1032,2.576e+05,0.21
2584.8436,59737.625,0.5,5p2.(3P).5d 2P,63606.331,0.5,"5p2.(3P<1>).7p (1,1/2)*",0.173,8.636e+05,-0.5
2591.3805,63516.282,2.5,5p2.(3P).7s 4P,67375.229,1.5,"5p2.(3P<1>).8p (1,1/2)*",0.01033,2.566e+04,0.12
2593.0974,64213.708,2.5,5p2.(3P).7d ,68070.1,1.5,5p2.(3P<2>).4f 2[1]*,0.01376,3.413e+04,0.05
2597.7447,64220.607,1.5,5p2.(3P).6d 2P,68070.1,1.5,5p2.(3P<2>).4f 2[1]*,1.131,2.795e+06,-0.42
2602.0491,61000.296,1.5,"5p2.(3P<0>).7p (0,3/2)*",64843.421,1.5,5p2.(1D).5d 2D,0.04095,1.009e+05,0.1
2606.7796,61631.065,2.5,5p2.(3P).5d 2D,65467.216,3.5,5p2.(3P<1>).4f 2[3]*,0.4147,5.089e+05,-0.13
2609.9507,61125.741,3.5,5p2.(3P).5d 2F,64957.231,3.5,"5p2.(1D<2>).6p (2,3/2)*",0.003382,4140,0.01
2611.5907,61631.065,2.5,5p2.(3P).5d 2D,65460.149,2.5,5p2.(3P<1>).4f 2[3]*,0.1194,1.945e+05,-0.11
2617.3255,63606.331,0.5,"5p2.(3P<1>).7p (1,1/2)*",67427.025,0.5,5p2.(3P).7d ,0.3218,1.567e+06,0.58
2620.7937,63649.462,1.5,5p2.(3P).7s 2P,67465.1,1.5,"5p2.(3P<1>).8p (1,3/2)*",0.1402,3.404e+05,-0.19
2638.0227,63516.282,2.5,5p2.(3P).7s 4P,67307.0,2.5,"5p2.(3P<1>).8p (1,3/2)*",0.00993,1.586e+04,-0.07
2651.1542,64878.958,2.5,"5p2.(1D<2>).6p (2,3/2)*",68650.9,2.5,5p2.(3P).8s 4P,1.417,2.242e+06,-0.41
2653.3088,61000.296,1.5,"5p2.(3P<0>).7p (0,3/2)*",64769.175,0.5,5p2.(3P).6d 4D,0.09346,4.427e+05,0.24
2656.2034,63193.033,1.5,5p2.(3P).5d ,66957.805,1.5,"5p2.(3P<2>).7p (2,3/2)*",0.2874,6.792e+05,0.14
2659.8475,61808.698,1.5,5p2.(3P).5d 2D,65568.312,2.5,5p2.(3P<1>).4f 2[2]*,0.9282,1.459e+06,0.27
2662.0255,61808.698,1.5,5p2.(3P).5d 2D,65565.236,1.5,5p2.(3P<1>).4f 2[2]*,0.148,3.482e+05,-0.14
2664.3810,61125.741,3.5,5p2.(3P).5d 2F,64878.958,2.5,"5p2.(1D<2>).6p (2,3/2)*",0.0517,8.097e+04,-0.03
2665.1472,63649.462,1.5,5p2.(3P).7s 2P,67401.6,0.5,"5p2.(3P<1>).8p (1,3/2)*",0.007172,3.368e+04,-0.01
2671.1064,55993.858,0.5,"5p2.(3P<1>).6p (1,3/2)*",59737.625,0.5,5p2.(3P).5d 2P,0.009189,4.295e+04,0.02
2678.6944,58075.536,1.5,"5p2.(3P<2>).6p (2,1/2)*",61808.698,1.5,5p2.(3P).5d 2D,2.183e-05,50.73,0.0
2681.9473,55134.255,1.5,"5p2.(3P<1>).6p (1,1/2)*",58862.889,2.5,5p2.(3P).5d 4D,0.03259,5.038e+04,0.03
2684.0111,63649.462,1.5,5p2.(3P).7s 2P,67375.229,1.5,"5p2.(3P<1>).8p (1,1/2)*",0.0384,8.888e+04,-0.15
2684.7194,62960.316,0.5,5p2.(3P).8s 4P,66685.1,0.5,"5p2.(3P<2>).7p (2,3/2)*",0.005408,2.502e+04,0.01
2684.7692,64432.395,1.5,5p2.(3P).7d ,68157.11,2.5,5p2.(3P<2>).4f 2[2]*,0.002473,3814,0.0
2691.0280,58746.356,1.5,5p2.(3P).5d 4D,62462.408,2.5,5p2.(3P<0>).4f 2[3]*,3.028,4.648e+06,-0.68
2691.1931,64432.395,1.5,5p2.(3P).7d ,68148.219,2.5,5p2.(3P<2>).4f 2[3]*,0.004318,6629,0.0
2691.4995,57410.34,2.5,"5p2.(3P<2>).6p (2,1/2)*",61125.741,3.5,5p2.(3P).5d 2F,1.147,1.32e+06,0.42
2691.6553,63790.947,2.5,"5p2.(3P<1>).7p (1,3/2)*",67506.133,1.5,5p2.(3P).7d 4P,0.1476,3.396e+05,-0.09
2692.1205,55120.943,2.5,5p2.(3P).5d 4F,58835.487,2.5,"5p2.(3P<2>).6p (2,3/2)*",0.0865,1.327e+05,0.14
2693.0630,57287.052,2.5,5p2.(3P).5d 2F,61000.296,1.5,"5p2.(3P<0>).7p (0,3/2)*",0.5382,1.237e+06,0.56
2697.1000,63798.447,1.5,"5p2.(3P<1>).7p (1,1/2)*",67506.133,1.5,5p2.(3P).7d 4P,0.015,3.438e+04,-0.01
2707.3352,64957.231,3.5,"5p2.(1D<2>).6p (2,3/2)*",68650.9,2.5,5p2.(3P).8s 4P,0.02422,3.673e+04,0.05
2707.8564,60580.899,1.5,5p2.(3P).6d 2D,64273.857,1.5,"5p2.(3P<0>).8p (0,3/2)*",0.0763,1.735e+05,0.32
2708.5473,55252.132,2.5,"5p2.(3P<1>).6p (1,3/2)*",58944.148,3.5,5p2.(3P).5d 4D,0.02866,3.257e+04,0.01
2724.1135,61808.698,1.5,5p2.(3P).5d 2D,65479.617,0.5,"5p2.(1D<2>).6p (2,3/2)*",0.004268,1.918e+04,-0.0
2726.9490,60765.293,0.5,"5p2.(3P<0>).7p (0,1/2)*",64432.395,1.5,5p2.(3P).7d ,0.2849,6.389e+05,-0.33
2730.6274,63606.331,0.5,"5p2.(3P<1>).7p (1,1/2)*",67268.493,1.5,5p2.(3P).6d 2D?,0.006351,1.42e+04,-0.01
2734.0796,63649.462,1.5,5p2.(3P).7s 2P,67307.0,2.5,"5p2.(3P<1>).8p (1,3/2)*",0.0939,1.397e+05,0.22
2738.6373,61808.698,1.5,5p2.(3P).5d 2D,65460.149,2.5,5p2.(3P<1>).4f 2[3]*,0.006292,9326,-0.0
2739.1189,62462.408,2.5,5p2.(3P<0>).4f 2[3]*,66113.217,1.5,5p2.(3P).8s 4P,0.003156,7015,-0.02
2739.4656,64513.705,2.5,5p2.(3P).6d 2F,68164.052,3.5,5p2.(3P<2>).4f 2[4]*,3.206,3.562e+06,-0.45
2743.8312,63193.033,1.5,5p2.(3P).5d ,66837.572,2.5,"5p2.(3P<2>).7p (2,3/2)*",1.846e-05,27.25,-0.0
2744.6853,64513.705,2.5,5p2.(3P).6d 2F,68157.11,2.5,5p2.(3P<2>).4f 2[2]*,0.3841,5.669e+05,0.2
2747.7502,63825.759,0.5,5p2.(3P).6d ,67465.1,1.5,"5p2.(3P<1>).8p (1,3/2)*",0.02616,5.778e+04,-0.15
2748.9860,64432.395,1.5,5p2.(3P).7d ,68070.1,1.5,5p2.(3P<2>).4f 2[1]*,0.00225,4966,0.0
2751.3995,64513.705,2.5,5p2.(3P).6d 2F,68148.219,2.5,5p2.(3P<2>).4f 2[3]*,1.085,1.593e+06,0.46
2755.9005,63798.447,1.5,"5p2.(3P<1>).7p (1,1/2)*",67427.025,0.5,5p2.(3P).7d ,0.1637,7.19e+05,0.27
2755.9362,60580.899,1.5,5p2.(3P).6d 2D,64209.43,0.5,"5p2.(3P<1>).7p (1,3/2)*",0.02252,9.888e+04,0.02
2768.4719,55134.255,1.5,"5p2.(3P<1>).6p (1,1/2)*",58746.356,1.5,5p2.(3P).5d 4D,0.0016,3482,0.0
2769.5024,55252.132,2.5,"5p2.(3P<1>).6p (1,3/2)*",58862.889,2.5,5p2.(3P).5d 4D,0.02763,4.004e+04,-0.03
2773.4589,63900.527,1.5,"5p2.(3P<1>).7p (1,3/2)*",67506.133,1.5,5p2.(3P).7d 4P,0.1062,2.303e+05,-0.06
2775.4210,58862.889,2.5,5p2.(3P).5d 4D,62465.946,3.5,5p2.(3P<0>).4f 2[3]*,0.3748,4.057e+05,-0.15
2775.8316,55232.963,1.5,5p2.(1D).6s 2D,58835.487,2.5,"5p2.(3P<2>).6p (2,3/2)*",0.01027,1.482e+04,0.02
2778.1490,58862.889,2.5,5p2.(3P).5d 4D,62462.408,2.5,5p2.(3P<0>).4f 2[3]*,0.01628,2.345e+04,0.04
2779.2624,61386.509,0.5,5p2.(3P).7s 2P,64984.586,1.5,"5p2.(1D<2>).6p (2,1/2)*",0.01458,3.147e+04,0.01
2792.3305,62960.316,0.5,5p2.(3P).8s 4P,66541.554,1.5,"5p2.(3P<2>).7p (2,1/2)*",0.01651,3.532e+04,-0.01
2800.8176,57555.355,3.5,"5p2.(3P<2>).6p (2,3/2)*",61125.741,3.5,5p2.(3P).5d 2F,0.0745,7.919e+04,-0.44
2803.2068,64273.857,1.5,"5p2.(3P<0>).8p (0,3/2)*",67841.2,2.5,5p2.(3P).7d 4P?,5.109,7.228e+06,0.77
2803.2767,63790.947,2.5,"5p2.(3P<1>).7p (1,3/2)*",67358.201,3.5,5p2.(3P).7d 4F,6.49,6.886e+06,-0.59
2811.7326,51676.437,0.5,"5p2.(3P<0>).6p (0,1/2)*",55232.963,1.5,5p2.(1D).6s 2D,0.0001834,386.8,-0.0
2811.8361,64513.705,2.5,5p2.(3P).6d 2F,68070.1,1.5,5p2.(3P<2>).4f 2[1]*,0.3001,6.329e+05,0.43
2812.5210,58075.536,1.5,"5p2.(3P<2>).6p (2,1/2)*",61631.065,2.5,5p2.(3P).5d 2D,0.1289,1.811e+05,0.15
2813.4690,57410.34,2.5,"5p2.(3P<2>).6p (2,1/2)*",60964.671,1.5,5p2.(3P).7s 4P,0.00541,1.14e+04,0.01
2817.3220,63825.759,0.5,5p2.(3P).6d ,67375.229,1.5,"5p2.(3P<1>).8p (1,1/2)*",0.02456,5.161e+04,-0.31
2818.7133,60964.671,1.5,5p2.(3P).7s 4P,64512.389,2.5,"5p2.(1D<2>).6p (2,1/2)*",0.005776,8082,-0.01
2822.8349,63649.462,1.5,5p2.(3P).7s 2P,67192.0,0.5,"5p2.(3P<1>).8p (1,1/2)*",0.2218,9.284e+05,-0.35
2825.4023,52612.483,1.5,"5p2.(3P<0>).6p (0,3/2)*",56151.802,1.5,5p2.(3P).5d 4P,0.002893,6044,0.01
2835.6744,63900.527,1.5,"5p2.(3P<1>).7p (1,3/2)*",67427.025,0.5,5p2.(3P).7d ,0.01737,7.205e+04,0.05
2839.4587,58944.148,3.5,5p2.(3P).5d 4D,62465.946,3.5,5p2.(3P<0>).4f 2[3]*,0.0005945,614.8,-0.0
2840.2289,64273.857,1.5,"5p2.(3P<0>).8p (0,3/2)*",67794.7,2.5,5p2.(3P).6d 4D?,0.2076,2.861e+05,-0.42
2842.3141,58944.148,3.5,5p2.(3P).5d 4D,62462.408,2.5,5p2.(3P<0>).4f 2[3]*,0.0002512,345.7,-0.0
2842.9630,60580.899,1.5,5p2.(3P).6d 2D,64098.356,0.5,"5p2.(3P<0>).8p (0,1/2)*",0.9184,3.79e+06,0.36
2846.2385,61000.296,1.5,"5p2.(3P<0>).7p (0,3/2)*",64513.705,2.5,5p2.(3P).6d 2F,0.01465,2.011e+04,0.04
2860.3694,60404.475,2.5,5p2.(3P).5d ,63900.527,1.5,"5p2.(3P<1>).7p (1,3/2)*",0.1405,2.864e+05,0.13
2861.8658,55252.132,2.5,"5p2.(3P<1>).6p (1,3/2)*",58746.356,1.5,5p2.(3P).5d 4D,0.01115,2.271e+04,-0.03
2863.6335,63193.033,1.5,5p2.(3P).5d ,66685.1,0.5,"5p2.(3P<2>).7p (2,3/2)*",0.005093,2.071e+04,-0.0
2875.5910,63790.947,2.5,"5p2.(3P<1>).7p (1,3/2)*",67268.493,1.5,5p2.(3P).6d 2D?,0.03073,6.198e+04,0.04
2881.8062,63798.447,1.5,"5p2.(3P<1>).7p (1,1/2)*",67268.493,1.5,5p2.(3P).6d 2D?,0.001899,3813,-0.0
2883.0333,55120.943,2.5,5p2.(3P).5d 4F,58589.512,1.5,"5p2.(3P<2>).6p (2,3/2)*",0.001014,2034,-0.0
2892.4539,62501.728,2.5,5p2.(3P).6d 4F,65959.0,1.5,"5p2.(1D<2>).6p (2,3/2)*",0.4026,8.025e+05,0.2
2894.0930,60765.293,0.5,"5p2.(3P<0>).7p (0,1/2)*",64220.607,1.5,5p2.(3P).6d 2P,0.793,1.579e+06,-0.41
2905.6903,63516.282,2.5,5p2.(3P).7s 4P,66957.805,1.5,"5p2.(3P<2>).7p (2,3/2)*",0.06826,1.348e+05,-0.09
2913.6689,61000.296,1.5,"5p2.(3P<0>).7p (0,3/2)*",64432.395,1.5,5p2.(3P).7d ,0.09773,1.92e+05,-0.42
2923.9356,55232.963,1.5,5p2.(1D).6s 2D,58653.011,0.5,"5p2.(3P<2>).6p (2,3/2)*",0.06473,2.525e+05,-0.15
2934.4643,64098.356,0.5,"5p2.(3P<0>).8p (0,1/2)*",67506.133,1.5,5p2.(3P).7d 4P,0.1981,3.836e+05,0.23
2938.5033,57597.203,0.5,5p2.(3P).5d 4D,61000.296,1.5,"5p2.(3P<0>).7p (0,3/2)*",0.006532,1.261e+04,-0.16
2940.6705,54196.618,0.5,"5p2.(3P<1>).6p (1,1/2)*",57597.203,0.5,5p2.(3P).5d 4D,0.1206,4.652e+05,0.39
2946.4003,60404.475,2.5,5p2.(3P).5d ,63798.447,1.5,"5p2.(3P<1>).7p (1,1/2)*",0.003146,6043,-0.0
2952.7722,61125.741,3.5,5p2.(3P).5d 2F,64512.389,2.5,"5p2.(1D<2>).6p (2,1/2)*",0.2007,2.559e+05,0.12
2952.9256,60404.475,2.5,5p2.(3P).5d ,63790.947,2.5,"5p2.(3P<1>).7p (1,3/2)*",0.04795,6.114e+04,0.04
2969.1511,63900.527,1.5,"5p2.(3P<1>).7p (1,3/2)*",67268.493,1.5,5p2.(3P).6d 2D?,0.09531,1.803e+05,0.08
2970.6726,63825.759,0.5,5p2.(3P).6d ,67192.0,0.5,"5p2.(3P<1>).8p (1,1/2)*",0.005316,2.009e+04,-0.05
2979.2504,55232.963,1.5,5p2.(1D).6s 2D,58589.512,1.5,"5p2.(3P<2>).6p (2,3/2)*",0.04221,7.93e+04,-0.07
2981.9405,61631.065,2.5,5p2.(3P).5d 2D,64984.586,1.5,"5p2.(1D<2>).6p (2,1/2)*",0.04254,7.977e+04,0.02
2986.3931,63193.033,1.5,5p2.(3P).5d ,66541.554,1.5,"5p2.(3P<2>).7p (2,1/2)*",0.409,7.647e+05,-0.29
3004.0756,64512.389,2.5,"5p2.(1D<2>).6p (2,1/2)*",67841.2,2.5,5p2.(3P).7d 4P?,0.3227,3.976e+05,-0.11
3004.2038,64098.356,0.5,"5p2.(3P<0>).8p (0,1/2)*",67427.025,0.5,5p2.(3P).7d ,0.9509,3.514e+06,0.71
3006.4645,61631.065,2.5,5p2.(3P).5d 2D,64957.231,3.5,"5p2.(1D<2>).6p (2,3/2)*",0.003147,2903,0.01
3010.8783,63516.282,2.5,5p2.(3P).7s 4P,66837.572,2.5,"5p2.(3P<2>).7p (2,3/2)*",2.739,3.359e+06,0.59
3012.3857,60580.899,1.5,5p2.(3P).6d 2D,63900.527,1.5,"5p2.(3P<1>).7p (1,3/2)*",0.1015,1.865e+05,-0.05
3020.2602,58075.536,1.5,"5p2.(3P<2>).6p (2,1/2)*",61386.509,0.5,5p2.(3P).7s 2P,0.0122,4.46e+04,-0.03
3021.8912,60964.671,1.5,5p2.(3P).7s 4P,64273.857,1.5,"5p2.(3P<0>).8p (0,3/2)*",0.001482,2706,-0.01
3022.6612,63649.462,1.5,5p2.(3P).7s 2P,66957.805,1.5,"5p2.(3P<2>).7p (2,3/2)*",0.265,4.836e+05,0.13
3025.9035,64843.421,1.5,5p2.(1D).5d 2D,68148.219,2.5,5p2.(3P<2>).4f 2[3]*,0.005142,6244,-0.01
3029.4539,64769.175,0.5,5p2.(3P).6d 4D,68070.1,1.5,5p2.(3P<2>).4f 2[1]*,0.07872,1.43e+05,-0.03
3033.3336,64209.43,0.5,"5p2.(3P<1>).7p (1,3/2)*",67506.133,1.5,5p2.(3P).7d 4P,0.0001556,282.1,-0.0
3046.6339,64512.389,2.5,"5p2.(1D<2>).6p (2,1/2)*",67794.7,2.5,5p2.(3P).6d 4D?,0.0006599,790.4,0.0
3075.6058,64213.708,2.5,5p2.(3P).7d ,67465.1,1.5,"5p2.(3P<1>).8p (1,3/2)*",1.761,3.104e+06,-0.29
3078.9192,61631.065,2.5,5p2.(3P).5d 2D,64878.958,2.5,"5p2.(1D<2>).6p (2,3/2)*",0.02357,2.764e+04,0.01
3081.8930,60964.671,1.5,5p2.(3P).7s 4P,64209.43,0.5,"5p2.(3P<1>).7p (1,3/2)*",0.8175,2.87e+06,-0.54
3082.1457,64220.607,1.5,5p2.(3P).6d 2P,67465.1,1.5,"5p2.(3P<1>).8p (1,3/2)*",0.2538,4.456e+05,-0.1
3093.7952,64273.857,1.5,"5p2.(3P<0>).8p (0,3/2)*",67506.133,1.5,5p2.(3P).7d 4P,2.282,3.975e+06,0.7
3099.1617,64843.421,1.5,5p2.(1D).5d 2D,68070.1,1.5,5p2.(3P<2>).4f 2[1]*,0.02426,4.212e+04,-0.04
3104.2886,49391.133,1.5,5p2.(3P).6s 2P,52612.483,1.5,"5p2.(3P<0>).6p (0,3/2)*",0.01112,1.924e+04,0.03
3105.2901,61000.296,1.5,"5p2.(3P<0>).7p (0,3/2)*",64220.607,1.5,5p2.(3P).6d 2P,0.1267,2.191e+05,0.13
3106.3753,58589.512,1.5,"5p2.(3P<2>).6p (2,3/2)*",61808.698,1.5,5p2.(3P).5d 2D,0.216,3.733e+05,0.22
3107.9113,64209.43,0.5,"5p2.(3P<1>).7p (1,3/2)*",67427.025,0.5,5p2.(3P).7d ,0.07973,2.753e+05,-0.05
3107.9567,60580.899,1.5,5p2.(3P).6d 2D,63798.447,1.5,"5p2.(3P<1>).7p (1,1/2)*",0.004099,7076,-0.0
3115.2182,60580.899,1.5,5p2.(3P).6d 2D,63790.947,2.5,"5p2.(3P<1>).7p (1,3/2)*",0.02039,2.336e+04,-0.02
3134.0584,65460.149,2.5,5p2.(3P<1>).4f 2[3]*,68650.9,2.5,5p2.(3P).8s 4P,0.0003822,432.6,-0.01
3136.6546,63649.462,1.5,5p2.(3P).7s 2P,66837.572,2.5,"5p2.(3P<2>).7p (2,3/2)*",0.08626,9.747e+04,-0.06
3138.6128,64120.879,3.5,5p2.(3P).6d 4F,67307.0,2.5,"5p2.(3P<1>).8p (1,3/2)*",0.06709,7.572e+04,-0.05
3141.0153,65467.216,3.5,5p2.(3P<1>).4f 2[3]*,68650.9,2.5,5p2.(3P).8s 4P,0.01612,1.817e+04,0.2
3146.7787,63790.947,2.5,"5p2.(3P<1>).7p (1,3/2)*",66968.8,2.5,5p2.(3P).6d 2D,0.4499,5.051e+05,-0.19
3154.0180,57410.34,2.5,"5p2.(3P<2>).6p (2,1/2)*",60580.899,1.5,5p2.(3P).6d 2D,0.008822,1.479e+04,0.02
3154.2229,63798.447,1.5,"5p2.(3P<1>).7p (1,1/2)*",66968.8,2.5,5p2.(3P).6d 2D,0.1569,1.753e+05,-0.05
3154.4378,64098.356,0.5,"5p2.(3P<0>).8p (0,1/2)*",67268.493,1.5,5p2.(3P).6d 2D?,0.002486,4166,-0.01
3155.9689,63193.033,1.5,5p2.(3P).5d ,66361.632,2.5,"5p2.(3P<2>).7p (2,1/2)*",0.0241,2.69e+04,0.01
3156.4760,57597.203,0.5,5p2.(3P).5d 4D,60765.293,0.5,"5p2.(3P<0>).7p (0,1/2)*",5.069e-05,169.7,0.0
3163.0345,64213.708,2.5,5p2.(3P).7d ,67375.229,1.5,"5p2.(3P<1>).8p (1,1/2)*",0.7764,1.294e+06,-0.59
3168.8821,58653.011,0.5,"5p2.(3P<2>).6p (2,3/2)*",61808.698,1.5,5p2.(3P).5d 2D,0.4382,7.277e+05,0.3
3169.9519,64220.607,1.5,5p2.(3P).6d 2P,67375.229,1.5,"5p2.(3P<1>).8p (1,1/2)*",0.01093,1.814e+04,0.02
3171.4136,64273.857,1.5,"5p2.(3P<0>).8p (0,3/2)*",67427.025,0.5,5p2.(3P).7d ,0.3872,1.284e+06,0.78
3191.1312,60964.671,1.5,5p2.(3P).7s 4P,64098.356,0.5,"5p2.(3P<0>).8p (0,1/2)*",0.000858,2810,0.01
3192.8011,63825.759,0.5,5p2.(3P).6d ,66957.805,1.5,"5p2.(3P<2>).7p (2,3/2)*",0.002528,4136,-0.0
3202.5979,64957.231,3.5,"5p2.(1D<2>).6p (2,3/2)*",68079.696,3.5,5p2.(3P).6d 2F,0.131,1.065e+05,0.15
3205.6522,65531.41,3.5,5p2.(3P<1>).4f 2[4]*,68650.9,2.5,5p2.(3P).8s 4P,0.004399,4759,0.04
3218.3078,55728.264,2.5,5p2.(1D).6s 2D,58835.487,2.5,"5p2.(3P<2>).6p (2,3/2)*",0.002413,2590,-0.0
3240.0281,64220.607,1.5,5p2.(3P).6d 2P,67307.0,2.5,"5p2.(3P<1>).8p (1,3/2)*",0.0277,2.933e+04,-0.08
3240.7936,65565.236,1.5,5p2.(3P<1>).4f 2[2]*,68650.9,2.5,5p2.(3P).8s 4P,0.007692,8142,0.11
3244.0274,65568.312,2.5,5p2.(3P<1>).4f 2[2]*,68650.9,2.5,5p2.(3P).8s 4P,0.2324,2.455e+05,-0.33
3257.0531,61808.698,1.5,5p2.(3P).5d 2D,64878.958,2.5,"5p2.(1D<2>).6p (2,3/2)*",0.002121,2223,-0.0
3259.1624,63900.527,1.5,"5p2.(3P<1>).7p (1,3/2)*",66968.8,2.5,5p2.(3P).6d 2D,0.5436,5.689e+05,0.21
3260.9575,62501.728,2.5,5p2.(3P).6d 4F,65568.312,2.5,5p2.(3P<1>).4f 2[2]*,0.546,5.708e+05,0.24
3264.2317,62501.728,2.5,5p2.(3P).6d 4F,65565.236,1.5,5p2.(3P<1>).4f 2[2]*,0.06001,9.391e+04,-0.1
3267.4763,60765.293,0.5,"5p2.(3P<0>).7p (0,1/2)*",63825.759,0.5,5p2.(3P).6d ,0.04811,1.503e+05,-0.24
3268.9748,64209.43,0.5,"5p2.(3P<1>).7p (1,3/2)*",67268.493,1.5,5p2.(3P).6d 2D?,0.02973,4.639e+04,-0.02
3287.7941,58589.512,1.5,"5p2.(3P<2>).6p (2,3/2)*",61631.065,2.5,5p2.(3P).5d 2D,0.7307,7.515e+05,0.48
3294.2004,63649.462,1.5,5p2.(3P).7s 2P,66685.1,0.5,"5p2.(3P<2>).7p (2,3/2)*",0.2548,7.832e+05,-0.19
3297.3863,64432.395,1.5,5p2.(3P).7d ,67465.1,1.5,"5p2.(3P<1>).8p (1,3/2)*",0.345,5.291e+05,0.08
3300.6764,62501.728,2.5,5p2.(3P).6d 4F,65531.41,3.5,5p2.(3P<1>).4f 2[4]*,1.116,8.539e+05,-0.31
3305.3131,60580.899,1.5,5p2.(3P).6d 2D,63606.331,0.5,"5p2.(3P<1>).7p (1,1/2)*",0.03793,1.158e+05,-0.04
3305.4879,63516.282,2.5,5p2.(3P).7s 4P,66541.554,1.5,"5p2.(3P<2>).7p (2,1/2)*",0.9761,1.49e+06,-0.55
3334.7962,62960.316,0.5,5p2.(3P).8s 4P,65959.0,1.5,"5p2.(1D<2>).6p (2,3/2)*",0.0344,5.158e+04,0.14
3335.1109,55134.255,1.5,"5p2.(3P<1>).6p (1,1/2)*",58132.656,0.5,5p2.(3P).7s 4P,0.001278,3832,0.0
3335.4892,55864.828,1.5,"5p2.(3P<1>).6p (1,3/2)*",58862.889,2.5,5p2.(3P).5d 4D,0.02468,2.466e+04,0.03
3339.3040,64273.857,1.5,"5p2.(3P<0>).8p (0,3/2)*",67268.493,1.5,5p2.(3P).6d 2D?,0.03671,5.489e+04,-0.3
3340.2990,64512.389,2.5,"5p2.(1D<2>).6p (2,1/2)*",67506.133,1.5,5p2.(3P).7d 4P,0.5778,8.636e+05,-0.25
3363.3671,58835.487,2.5,"5p2.(3P<2>).6p (2,3/2)*",61808.698,1.5,5p2.(3P).5d 2D,0.02105,3.103e+04,-0.1
3365.4249,64220.607,1.5,5p2.(3P).6d 2P,67192.0,0.5,"5p2.(3P<1>).8p (1,1/2)*",0.5595,1.647e+06,-0.22
3367.9049,64432.395,1.5,5p2.(3P).7d ,67401.6,0.5,"5p2.(3P<1>).8p (1,3/2)*",0.02004,5.892e+04,-0.01
3372.1263,62501.728,2.5,5p2.(3P).6d 4F,65467.216,3.5,5p2.(3P<1>).4f 2[3]*,3.438,2.521e+06,0.53
3375.8214,64878.958,2.5,"5p2.(1D<2>).6p (2,3/2)*",67841.2,2.5,5p2.(3P).7d 4P?,0.1028,1.003e+05,0.05
3380.1815,62501.728,2.5,5p2.(3P).6d 4F,65460.149,2.5,5p2.(3P<1>).4f 2[3]*,0.8015,7.799e+05,0.64
3384.5609,55120.943,2.5,5p2.(3P).5d 4F,58075.536,1.5,"5p2.(3P<2>).6p (2,1/2)*",0.01594,2.321e+04,-0.02
3387.3296,63790.947,2.5,"5p2.(3P<1>).7p (1,3/2)*",66743.125,3.5,5p2.(3P).6d 4D,3.676,2.672e+06,0.37
3388.2283,64513.705,2.5,5p2.(3P).6d 2F,67465.1,1.5,"5p2.(3P<1>).8p (1,3/2)*",0.1937,2.814e+05,-0.17
3398.0850,64432.395,1.5,5p2.(3P).7d ,67375.229,1.5,"5p2.(3P<1>).8p (1,1/2)*",0.0652,9.416e+04,0.17
3399.7532,62462.408,2.5,5p2.(3P<0>).4f 2[3]*,65403.798,3.5,5p2.(1D).5d 2F,0.004245,3062,-0.07
3403.8474,62465.946,3.5,5p2.(3P<0>).4f 2[3]*,65403.798,3.5,5p2.(1D).5d 2F,0.0002008,144.5,-0.0
3406.1616,60964.671,1.5,5p2.(3P).7s 4P,63900.527,1.5,"5p2.(3P<1>).7p (1,3/2)*",0.3573,5.135e+05,-0.23
3423.7172,65243.25,2.5,5p2.(1D).5d 2D,68164.052,3.5,5p2.(3P<2>).4f 2[4]*,0.03611,2.569e+04,-0.02
3429.6587,64878.958,2.5,"5p2.(1D<2>).6p (2,3/2)*",67794.7,2.5,5p2.(3P).6d 4D?,0.001547,1462,0.0
3442.3775,65243.25,2.5,5p2.(1D).5d 2D,68148.219,2.5,5p2.(3P<2>).4f 2[3]*,0.004168,3910,0.0
3457.7047,63649.462,1.5,5p2.(3P).7s 2P,66541.554,1.5,"5p2.(3P<2>).7p (2,1/2)*",0.07345,1.025e+05,-0.06
3461.2436,58075.536,1.5,"5p2.(3P<2>).6p (2,1/2)*",60964.671,1.5,5p2.(3P).7s 4P,0.001998,2781,-0.0
3461.2855,63516.282,2.5,5p2.(3P).7s 4P,66405.382,3.5,"5p2.(3P<2>).7p (2,3/2)*",3.598,2.504e+06,0.79
3463.3858,61386.509,0.5,5p2.(3P).7s 2P,64273.857,1.5,"5p2.(3P<0>).8p (0,3/2)*",0.0005294,736,-0.0
3467.2032,60765.293,0.5,"5p2.(3P<0>).7p (0,1/2)*",63649.462,1.5,5p2.(3P).7s 2P,0.5257,7.293e+05,0.36
3467.4437,64957.231,3.5,"5p2.(1D<2>).6p (2,3/2)*",67841.2,2.5,5p2.(3P).7d 4P?,0.00764,7064,-0.08
3470.3810,55864.828,1.5,"5p2.(3P<1>).6p (1,3/2)*",58746.356,1.5,5p2.(3P).5d 4D,0.006357,8802,-0.02
3470.6267,61631.065,2.5,5p2.(3P).5d 2D,64512.389,2.5,"5p2.(1D<2>).6p (2,1/2)*",0.0026,2400,-0.0
3478.7388,64432.395,1.5,5p2.(3P).7d ,67307.0,2.5,"5p2.(3P<1>).8p (1,3/2)*",0.002218,2037,-0.01
3487.1881,58132.656,0.5,5p2.(3P).7s 4P,61000.296,1.5,"5p2.(3P<0>).7p (0,3/2)*",0.4405,6.04e+05,0.67
3494.6413,64513.705,2.5,5p2.(3P).6d 2F,67375.229,1.5,"5p2.(3P<1>).8p (1,1/2)*",0.01904,2.599e+04,-0.02
3494.9784,55728.264,2.5,5p2.(1D).6s 2D,58589.512,1.5,"5p2.(3P<2>).6p (2,3/2)*",0.004783,6529,-0.02
3497.3093,63825.759,0.5,5p2.(3P).6d ,66685.1,0.5,"5p2.(3P<2>).7p (2,3/2)*",0.003787,1.033e+04,0.01
3500.6480,64984.586,1.5,"5p2.(1D<2>).6p (2,1/2)*",67841.2,2.5,5p2.(3P).7d 4P?,0.5335,4.84e+05,0.22
3509.8557,57555.355,3.5,"5p2.(3P<2>).6p (2,3/2)*",60404.475,2.5,5p2.(3P).5d ,0.0001246,112.4,-0.0
3513.9356,64512.389,2.5,"5p2.(1D<2>).6p (2,1/2)*",67358.201,3.5,5p2.(3P).7d 4F,1.623,1.096e+06,0.35
3514.5061,63516.282,2.5,5p2.(3P).7s 4P,66361.632,2.5,"5p2.(3P<2>).7p (2,1/2)*",0.1721,1.549e+05,-0.11
3517.9396,55232.963,1.5,5p2.(1D).6s 2D,58075.536,1.5,"5p2.(3P<2>).6p (2,1/2)*",0.002543,3426,-0.0
3524.2676,64957.231,3.5,"5p2.(1D<2>).6p (2,3/2)*",67794.7,2.5,5p2.(3P).6d 4D?,0.02023,1.811e+04,0.06
3528.8604,60964.671,1.5,5p2.(3P).7s 4P,63798.447,1.5,"5p2.(3P<1>).7p (1,1/2)*",0.6579,8.811e+05,-0.43
3537.5064,65243.25,2.5,5p2.(1D).5d 2D,68070.1,1.5,5p2.(3P<2>).4f 2[1]*,0.0006605,880.2,0.0
3538.2249,60964.671,1.5,5p2.(3P).7s 4P,63790.947,2.5,"5p2.(3P<1>).7p (1,3/2)*",2.324,2.064e+06,0.66
3539.2429,61000.296,1.5,"5p2.(3P<0>).7p (0,3/2)*",63825.759,0.5,5p2.(3P).6d ,0.3578,9.525e+05,0.37
3542.4300,61386.509,0.5,5p2.(3P).7s 2P,64209.43,0.5,"5p2.(3P<1>).7p (1,3/2)*",0.04574,1.216e+05,-0.14
3558.5745,64984.586,1.5,"5p2.(1D<2>).6p (2,1/2)*",67794.7,2.5,5p2.(3P).6d 4D?,0.01726,1.515e+04,0.01
3575.2630,58589.512,1.5,"5p2.(3P<2>).6p (2,3/2)*",61386.509,0.5,5p2.(3P).7s 2P,0.004743,1.238e+04,-0.01
3577.0778,58835.487,2.5,"5p2.(3P<2>).6p (2,3/2)*",61631.065,2.5,5p2.(3P).5d 2D,0.1175,1.021e+05,-0.19
3580.0014,64513.705,2.5,5p2.(3P).6d 2F,67307.0,2.5,"5p2.(3P<1>).8p (1,3/2)*",0.03827,3.319e+04,0.08
3596.0331,62462.408,2.5,5p2.(3P<0>).4f 2[3]*,65243.25,2.5,5p2.(1D).5d 2D,0.0001744,150,0.0
3600.6141,62465.946,3.5,5p2.(3P<0>).4f 2[3]*,65243.25,2.5,5p2.(1D).5d 2D,0.0008068,691.8,0.0
3615.3721,63193.033,1.5,5p2.(3P).5d ,65959.0,1.5,"5p2.(1D<2>).6p (2,3/2)*",0.008126,1.037e+04,-0.0
3622.8550,65403.798,3.5,5p2.(1D).5d 2F,68164.052,3.5,5p2.(3P<2>).4f 2[4]*,0.00481,3056,-0.01
3623.7070,64432.395,1.5,5p2.(3P).7d ,67192.0,0.5,"5p2.(3P<1>).8p (1,1/2)*",4.918,1.249e+07,0.76
3628.3101,64512.389,2.5,"5p2.(1D<2>).6p (2,1/2)*",67268.493,1.5,5p2.(3P).6d 2D?,0.0002505,317.3,0.0
3631.9894,65403.798,3.5,5p2.(1D).5d 2F,68157.11,2.5,5p2.(3P<2>).4f 2[2]*,0.005223,4401,-0.06
3633.0635,55993.858,0.5,"5p2.(3P<1>).6p (1,3/2)*",58746.356,1.5,5p2.(3P).5d 4D,0.04302,5.435e+04,0.09
3639.6353,63606.331,0.5,"5p2.(3P<1>).7p (1,1/2)*",66353.859,0.5,5p2.(3P).6d 2P,0.04135,1.041e+05,-0.18
3643.7558,65403.798,3.5,5p2.(1D).5d 2F,68148.219,2.5,5p2.(3P<2>).4f 2[3]*,0.002187,1831,0.01
3644.1860,64213.708,2.5,5p2.(3P).7d ,66957.805,1.5,"5p2.(3P<2>).7p (2,3/2)*",0.1431,1.796e+05,-0.02
3653.3711,64220.607,1.5,5p2.(3P).6d 2P,66957.805,1.5,"5p2.(3P<2>).7p (2,3/2)*",0.1005,1.256e+05,-0.04
3658.3162,58653.011,0.5,"5p2.(3P<2>).6p (2,3/2)*",61386.509,0.5,5p2.(3P).7s 2P,0.008268,2.06e+04,-0.01
3680.9459,64120.879,3.5,5p2.(3P).6d 4F,66837.572,2.5,"5p2.(3P<2>).7p (2,3/2)*",0.3429,2.814e+05,0.17
3682.1630,63825.759,0.5,5p2.(3P).6d ,66541.554,1.5,"5p2.(3P<2>).7p (2,1/2)*",0.5503,6.768e+05,-0.48
3687.0845,63649.462,1.5,5p2.(3P).7s 2P,66361.632,2.5,"5p2.(3P<2>).7p (2,1/2)*",0.9568,7.824e+05,0.42
3687.5237,61386.509,0.5,5p2.(3P).7s 2P,64098.356,0.5,"5p2.(3P<0>).8p (0,1/2)*",0.01706,4.185e+04,0.06
3698.6475,61808.698,1.5,5p2.(3P).5d 2D,64512.389,2.5,"5p2.(1D<2>).6p (2,1/2)*",0.07037,5.719e+04,0.07
3709.3020,64769.175,0.5,5p2.(3P).6d 4D,67465.1,1.5,"5p2.(3P<1>).8p (1,3/2)*",0.03205,3.885e+04,-0.1
3710.6536,64273.857,1.5,"5p2.(3P<0>).8p (0,3/2)*",66968.8,2.5,5p2.(3P).6d 2D,0.04265,3.444e+04,-0.07
3714.8482,65959.0,1.5,"5p2.(1D<2>).6p (2,3/2)*",68650.9,2.5,5p2.(3P).8s 4P,0.03231,2.603e+04,-0.1
3726.2197,56151.802,1.5,5p2.(3P).5d 4P,58835.487,2.5,"5p2.(3P<2>).6p (2,3/2)*",0.0317,2.538e+04,-0.15
3752.0552,61125.741,3.5,5p2.(3P).5d 2F,63790.947,2.5,"5p2.(3P<1>).7p (1,3/2)*",0.09191,7.258e+04,0.09
3774.7729,61000.296,1.5,"5p2.(3P<0>).7p (0,3/2)*",63649.462,1.5,5p2.(3P).7s 2P,0.03264,3.819e+04,0.14
3783.8771,61631.065,2.5,5p2.(3P).5d 2D,64273.857,1.5,"5p2.(3P<0>).8p (0,3/2)*",0.1857,2.163e+05,-0.26
3785.4985,60964.671,1.5,5p2.(3P).7s 4P,63606.331,0.5,"5p2.(3P<1>).7p (1,1/2)*",0.07616,1.772e+05,0.16
3798.4728,58132.656,0.5,5p2.(3P).7s 4P,60765.293,0.5,"5p2.(3P<0>).7p (0,1/2)*",0.1965,4.543e+05,-0.57
3798.7787,64769.175,0.5,5p2.(3P).6d 4D,67401.6,0.5,"5p2.(3P<1>).8p (1,3/2)*",0.07782,1.798e+05,-0.21
3806.3700,64878.958,2.5,"5p2.(1D<2>).6p (2,3/2)*",67506.133,1.5,5p2.(3P).7d 4P,0.05864,6.749e+04,0.03
3811.1731,64213.708,2.5,5p2.(3P).7d ,66837.572,2.5,"5p2.(3P<2>).7p (2,3/2)*",0.008087,6190,-0.01
3814.3495,64843.421,1.5,5p2.(1D).5d 2D,67465.1,1.5,"5p2.(3P<1>).8p (1,3/2)*",0.003857,4421,0.01
3816.0948,52612.483,1.5,"5p2.(3P<0>).6p (0,3/2)*",55232.963,1.5,5p2.(1D).6s 2D,0.001567,1794,-0.0
3817.4539,65460.149,2.5,5p2.(3P<1>).4f 2[3]*,68079.696,3.5,5p2.(3P).6d 2F,0.000308,176.2,-0.0
3821.2204,64220.607,1.5,5p2.(3P).6d 2P,66837.572,2.5,"5p2.(3P<2>).7p (2,3/2)*",0.2002,1.524e+05,-0.17
3827.7805,65467.216,3.5,5p2.(3P<1>).4f 2[3]*,68079.696,3.5,5p2.(3P).6d 2F,0.04549,2.589e+04,-0.05
3837.2190,64769.175,0.5,5p2.(3P).6d 4D,67375.229,1.5,"5p2.(3P<1>).8p (1,1/2)*",0.0003909,442.7,0.01
3838.8895,62960.316,0.5,5p2.(3P).8s 4P,65565.236,1.5,5p2.(3P<1>).4f 2[2]*,0.00156,1765,0.01
3909.0306,64843.421,1.5,5p2.(1D).5d 2D,67401.6,0.5,"5p2.(3P<1>).8p (1,3/2)*",0.0206,4.495e+04,0.03
3913.2633,63798.447,1.5,"5p2.(3P<1>).7p (1,1/2)*",66353.859,0.5,5p2.(3P).6d 2P,0.006777,1.476e+04,-0.01
3918.6427,65527.792,4.5,5p2.(3P<1>).4f 2[4]*,68079.696,3.5,5p2.(3P).6d 2F,0.4526,2.458e+05,0.08
3942.3720,54196.618,0.5,"5p2.(3P<1>).6p (1,1/2)*",56733.162,1.5,5p2.(3P).5d 2P,0.1149,1.233e+05,0.22
3949.7466,64843.421,1.5,5p2.(1D).5d 2D,67375.229,1.5,"5p2.(3P<1>).8p (1,1/2)*",0.07414,7.925e+04,0.12
3959.7531,64432.395,1.5,5p2.(3P).7d ,66957.805,1.5,"5p2.(3P<2>).7p (2,3/2)*",0.03287,3.495e+04,0.02
3965.8194,64984.586,1.5,"5p2.(1D<2>).6p (2,1/2)*",67506.133,1.5,5p2.(3P).7d 4P,0.004455,4724,0.0
3969.3550,62960.316,0.5,5p2.(3P).8s 4P,65479.617,0.5,"5p2.(1D<2>).6p (2,3/2)*",0.01306,2.764e+04,0.07
3974.5849,61000.296,1.5,"5p2.(3P<0>).7p (0,3/2)*",63516.282,2.5,5p2.(3P).7s 4P,0.5919,4.165e+05,0.38
3977.6963,61386.509,0.5,5p2.(3P).7s 2P,63900.527,1.5,"5p2.(3P<1>).7p (1,3/2)*",1.068,1.126e+06,0.58
3986.5097,52612.483,1.5,"5p2.(3P<0>).6p (0,3/2)*",55120.943,2.5,5p2.(3P).5d 4F,0.001644,1150,-0.0
3989.0127,63606.331,0.5,"5p2.(3P<1>).7p (1,1/2)*",66113.217,1.5,5p2.(3P).8s 4P,0.1201,1.259e+05,-0.19
3991.4376,58075.536,1.5,"5p2.(3P<2>).6p (2,1/2)*",60580.899,1.5,5p2.(3P).6d 2D,0.0006075,635.9,-0.0
3996.8185,54196.618,0.5,"5p2.(3P<1>).6p (1,1/2)*",56698.608,0.5,5p2.(3P).5d 4P,0.00374,7809,-0.02
3998.0665,56151.802,1.5,5p2.(3P).5d 4P,58653.011,0.5,"5p2.(3P<2>).6p (2,3/2)*",0.02917,6.086e+04,0.07
4027.6166,62501.728,2.5,5p2.(3P).6d 4F,64984.586,1.5,"5p2.(1D<2>).6p (2,1/2)*",0.2592,2.665e+05,-0.11
4033.4893,64878.958,2.5,"5p2.(1D<2>).6p (2,3/2)*",67358.201,3.5,5p2.(3P).7d 4F,0.8055,4.128e+05,-0.25
4055.3112,53527.956,1.5,5p2.(3P).5d 4F,55993.858,0.5,"5p2.(3P<1>).6p (1,3/2)*",0.01415,2.87e+04,0.08
4056.5335,61808.698,1.5,5p2.(3P).5d 2D,64273.857,1.5,"5p2.(3P<0>).8p (0,3/2)*",0.01325,1.343e+04,0.05
4057.6297,64220.607,1.5,5p2.(3P).6d 2P,66685.1,0.5,"5p2.(3P<2>).7p (2,3/2)*",0.2446,4.955e+05,-0.17
4059.1351,64843.421,1.5,5p2.(1D).5d 2D,67307.0,2.5,"5p2.(3P<1>).8p (1,3/2)*",0.1426,9.623e+04,-0.27
4060.1750,55134.255,1.5,"5p2.(3P<1>).6p (1,1/2)*",57597.203,0.5,5p2.(3P).5d 4D,0.0725,1.467e+05,-0.34
4070.9800,64512.389,2.5,"5p2.(1D<2>).6p (2,1/2)*",66968.8,2.5,5p2.(3P).6d 2D,0.249,1.67e+05,-0.09
4072.4854,62501.728,2.5,5p2.(3P).6d 4F,64957.231,3.5,"5p2.(1D<2>).6p (2,3/2)*",0.005496,2763,-0.03
4076.0892,63900.527,1.5,"5p2.(3P<1>).7p (1,3/2)*",66353.859,0.5,5p2.(3P).6d 2P,0.1159,2.326e+05,0.15
4091.4856,64513.705,2.5,5p2.(3P).6d 2F,66957.805,1.5,"5p2.(3P<2>).7p (2,3/2)*",1.254,1.249e+06,-0.35
4093.8004,63516.282,2.5,5p2.(3P).7s 4P,65959.0,1.5,"5p2.(1D<2>).6p (2,3/2)*",0.007769,7730,0.01
4094.2681,64984.586,1.5,"5p2.(1D<2>).6p (2,1/2)*",67427.025,0.5,5p2.(3P).7d ,0.002501,4975,0.01
4102.2107,56151.802,1.5,5p2.(3P).5d 4P,58589.512,1.5,"5p2.(3P<2>).6p (2,3/2)*",0.0552,5.47e+04,-0.14
4119.0572,60765.293,0.5,"5p2.(3P<0>).7p (0,1/2)*",63193.033,1.5,5p2.(3P).5d ,0.00957,9406,-0.01
4127.4132,64769.175,0.5,5p2.(3P).6d 4D,67192.0,0.5,"5p2.(3P<1>).8p (1,1/2)*",0.0207,4.053e+04,-0.09
4129.0561,53442.967,2.5,5p2.(3P).5d 4P,55864.828,1.5,"5p2.(3P<1>).6p (1,3/2)*",0.03688,3.607e+04,0.05
4146.0436,61386.509,0.5,5p2.(3P).7s 2P,63798.447,1.5,"5p2.(3P<1>).7p (1,1/2)*",0.2351,2.281e+05,-0.14
4157.6982,64432.395,1.5,5p2.(3P).7d ,66837.572,2.5,"5p2.(3P<2>).7p (2,3/2)*",0.001049,674.9,-0.0
4160.8051,63606.331,0.5,"5p2.(3P<1>).7p (1,1/2)*",66009.712,0.5,5p2.(3P).8s 2P,0.0762,1.468e+05,0.21
4164.9833,64957.231,3.5,"5p2.(1D<2>).6p (2,3/2)*",67358.201,3.5,5p2.(3P).7d 4F,0.0002403,115.5,-0.0
4165.3962,61808.698,1.5,5p2.(3P).5d 2D,64209.43,0.5,"5p2.(3P<1>).7p (1,3/2)*",0.124,2.383e+05,0.18
4184.9146,64878.958,2.5,"5p2.(1D<2>).6p (2,3/2)*",67268.493,1.5,5p2.(3P).6d 2D?,0.06383,6.078e+04,-0.08
4199.8931,62462.408,2.5,5p2.(3P<0>).4f 2[3]*,64843.421,1.5,5p2.(1D).5d 2D,0.001239,1172,0.0
4206.5766,62501.728,2.5,5p2.(3P).6d 4F,64878.958,2.5,"5p2.(1D<2>).6p (2,3/2)*",0.1063,6.681e+04,0.07
4210.0317,63193.033,1.5,5p2.(3P).5d ,65568.312,2.5,5p2.(3P<1>).4f 2[2]*,0.004261,2673,-0.0
4210.2445,58589.512,1.5,"5p2.(3P<2>).6p (2,3/2)*",60964.671,1.5,5p2.(3P).7s 4P,0.0013,1223,0.01
4212.3283,65467.216,3.5,5p2.(3P<1>).4f 2[3]*,67841.2,2.5,5p2.(3P).7d 4P?,0.03713,2.326e+04,0.05
4215.4908,63193.033,1.5,5p2.(3P).5d ,65565.236,1.5,5p2.(3P<1>).4f 2[2]*,0.0002683,251.8,-0.0
4257.8938,64843.421,1.5,5p2.(1D).5d 2D,67192.0,0.5,"5p2.(3P<1>).8p (1,1/2)*",0.03087,5.679e+04,0.1
4260.2647,55728.264,2.5,5p2.(1D).6s 2D,58075.536,1.5,"5p2.(3P<2>).6p (2,1/2)*",0.01653,1.518e+04,-0.03
4279.2245,53527.956,1.5,5p2.(3P).5d 4F,55864.828,1.5,"5p2.(3P<1>).6p (1,3/2)*",0.009849,8969,0.05
4283.4789,65460.149,2.5,5p2.(3P<1>).4f 2[3]*,67794.7,2.5,5p2.(3P).6d 4D?,0.0007477,453,-0.0
4293.8007,58075.536,1.5,"5p2.(3P<2>).6p (2,1/2)*",60404.475,2.5,5p2.(3P).5d ,0.001173,707.6,-0.0
4295.8168,64213.708,2.5,5p2.(3P).7d ,66541.554,1.5,"5p2.(3P<2>).7p (2,1/2)*",0.1342,1.213e+05,-0.05
4296.4850,65467.216,3.5,5p2.(3P<1>).4f 2[3]*,67794.7,2.5,5p2.(3P).6d 4D?,0.004464,2688,-0.0
4303.1723,64513.705,2.5,5p2.(3P).6d 2F,66837.572,2.5,"5p2.(3P<2>).7p (2,3/2)*",0.4544,2.728e+05,-0.28
4306.1315,63790.947,2.5,"5p2.(3P<1>).7p (1,3/2)*",66113.217,1.5,5p2.(3P).8s 4P,3.182,2.861e+06,-0.68
4308.5861,64220.607,1.5,5p2.(3P).6d 2P,66541.554,1.5,"5p2.(3P<2>).7p (2,1/2)*",0.435,3.908e+05,-0.2
4320.0836,63798.447,1.5,"5p2.(3P<1>).7p (1,1/2)*",66113.217,1.5,5p2.(3P).8s 4P,0.9014,8.054e+05,0.4
4325.8957,58653.011,0.5,"5p2.(3P<2>).6p (2,3/2)*",60964.671,1.5,5p2.(3P).7s 4P,0.01588,1.415e+04,0.06
4329.3979,65531.41,3.5,5p2.(3P<1>).4f 2[4]*,67841.2,2.5,5p2.(3P).7d 4P?,0.45,2.669e+05,-0.58
4329.8703,63649.462,1.5,5p2.(3P).7s 2P,65959.0,1.5,"5p2.(1D<2>).6p (2,3/2)*",0.576,5.124e+05,0.33
4333.9668,56528.132,3.5,5p2.(3P).5d 4F,58835.487,2.5,"5p2.(3P<2>).6p (2,3/2)*",0.005739,3397,0.01
4366.3279,58835.487,2.5,"5p2.(3P<2>).6p (2,3/2)*",61125.741,3.5,5p2.(3P).5d 2F,1.023,4.474e+05,0.8
4367.4645,61808.698,1.5,5p2.(3P).5d 2D,64098.356,0.5,"5p2.(3P<0>).8p (0,1/2)*",0.1145,2.001e+05,0.45
4367.9624,55120.943,2.5,5p2.(3P).5d 4F,57410.34,2.5,"5p2.(3P<2>).6p (2,1/2)*",0.005473,3189,-0.02
4368.2085,66361.632,2.5,"5p2.(3P<2>).7p (2,1/2)*",68650.9,2.5,5p2.(3P).8s 4P,0.09601,5.594e+04,0.06
4373.3359,63193.033,1.5,5p2.(3P).5d ,65479.617,0.5,"5p2.(1D<2>).6p (2,3/2)*",0.08976,1.565e+05,0.12
4375.7855,49391.133,1.5,5p2.(3P).6s 2P,51676.437,0.5,"5p2.(3P<0>).6p (0,1/2)*",0.05541,9.651e+04,0.19
4377.3197,64120.879,3.5,5p2.(3P).6d 4F,66405.382,3.5,"5p2.(3P<2>).7p (2,3/2)*",0.1799,7.829e+04,-0.35
4378.4620,64984.586,1.5,"5p2.(1D<2>).6p (2,1/2)*",67268.493,1.5,5p2.(3P).6d 2D?,0.0001992,173.3,-0.0
4393.7426,65565.236,1.5,5p2.(3P<1>).4f 2[2]*,67841.2,2.5,5p2.(3P).7d 4P?,0.08958,5.159e+04,-0.33
4399.6889,65568.312,2.5,5p2.(3P<1>).4f 2[2]*,67841.2,2.5,5p2.(3P).7d 4P?,0.1913,1.099e+05,0.22
4406.3307,61631.065,2.5,5p2.(3P).5d 2D,63900.527,1.5,"5p2.(3P<1>).7p (1,3/2)*",0.06545,5.621e+04,-0.03
4409.5055,55864.828,1.5,"5p2.(3P<1>).6p (1,3/2)*",58132.656,0.5,5p2.(3P).7s 4P,0.004607,7902,0.01
4410.8903,63193.033,1.5,5p2.(3P).5d ,65460.149,2.5,5p2.(3P<1>).4f 2[3]*,0.003486,1992,-0.01
4418.3467,65531.41,3.5,5p2.(3P<1>).4f 2[4]*,67794.7,2.5,5p2.(3P).6d 4D?,0.3905,2.224e+05,0.1
4433.6008,64098.356,0.5,"5p2.(3P<0>).8p (0,1/2)*",66353.859,0.5,5p2.(3P).6d 2P,0.2323,3.942e+05,-0.33
4436.6753,58746.356,1.5,5p2.(3P).5d 4D,61000.296,1.5,"5p2.(3P<0>).7p (0,3/2)*",0.05397,4.572e+04,-0.27
4439.1077,64432.395,1.5,5p2.(3P).7d ,66685.1,0.5,"5p2.(3P<2>).7p (2,3/2)*",0.07744,1.311e+05,-0.07
4453.3154,66405.382,3.5,"5p2.(3P<2>).7p (2,3/2)*",68650.9,2.5,5p2.(3P).8s 4P,6.134,3.439e+06,-0.91
4462.7855,64120.879,3.5,5p2.(3P).6d 4F,66361.632,2.5,"5p2.(3P<2>).7p (2,1/2)*",2.047,1.143e+06,-0.39
4482.8254,64512.389,2.5,"5p2.(1D<2>).6p (2,1/2)*",66743.125,3.5,5p2.(3P).6d 4D,0.1188,4.928e+04,-0.04
4485.3830,65565.236,1.5,5p2.(3P<1>).4f 2[2]*,67794.7,2.5,5p2.(3P).6d 4D?,0.000945,522.2,0.0
4491.5801,65568.312,2.5,5p2.(3P<1>).4f 2[2]*,67794.7,2.5,5p2.(3P).6d 4D?,0.02117,1.167e+04,-0.01
4500.7539,65243.25,2.5,5p2.(1D).5d 2D,67465.1,1.5,"5p2.(3P<1>).8p (1,3/2)*",0.00765,6298,0.01
4504.8657,61386.509,0.5,5p2.(3P).7s 2P,63606.331,0.5,"5p2.(3P<1>).7p (1,1/2)*",0.09336,1.534e+05,-0.2
4519.3859,63900.527,1.5,"5p2.(3P<1>).7p (1,3/2)*",66113.217,1.5,5p2.(3P).8s 4P,0.4752,3.88e+05,0.33
4522.2983,63798.447,1.5,"5p2.(3P<1>).7p (1,1/2)*",66009.712,0.5,5p2.(3P).8s 2P,0.02108,3.437e+04,0.01
4555.7609,60765.293,0.5,"5p2.(3P<0>).7p (0,1/2)*",62960.316,0.5,5p2.(3P).8s 4P,0.06366,1.023e+05,0.24
4560.5104,61000.296,1.5,"5p2.(3P<0>).7p (0,3/2)*",63193.033,1.5,5p2.(3P).5d ,0.1027,8.232e+04,0.21
4562.7224,64213.708,2.5,5p2.(3P).7d ,66405.382,3.5,"5p2.(3P<2>).7p (2,3/2)*",0.002582,1034,-0.01
4569.0683,64769.175,0.5,5p2.(3P).6d 4D,66957.805,1.5,"5p2.(3P<2>).7p (2,3/2)*",0.01467,1.172e+04,0.03
4592.6819,55232.963,1.5,5p2.(1D).6s 2D,57410.34,2.5,"5p2.(3P<2>).6p (2,1/2)*",0.002861,1508,0.01
4613.8613,61631.065,2.5,5p2.(3P).5d 2D,63798.447,1.5,"5p2.(3P<1>).7p (1,1/2)*",0.0779,6.103e+04,0.03
4629.8826,61631.065,2.5,5p2.(3P).5d 2D,63790.947,2.5,"5p2.(3P<1>).7p (1,3/2)*",0.01725,8947,-0.01
4645.1198,55134.255,1.5,"5p2.(3P<1>).6p (1,1/2)*",57287.052,2.5,5p2.(3P).5d 2F,0.007683,3959,0.02
4655.6582,64213.708,2.5,5p2.(3P).7d ,66361.632,2.5,"5p2.(3P<2>).7p (2,1/2)*",0.004042,2073,-0.0
4663.2460,64209.43,0.5,"5p2.(3P<1>).7p (1,3/2)*",66353.859,0.5,5p2.(3P).6d 2P,0.01552,2.38e+04,-0.06
4670.6601,64220.607,1.5,5p2.(3P).6d 2P,66361.632,2.5,"5p2.(3P<2>).7p (2,1/2)*",0.006613,3370,0.01
4675.5234,55993.858,0.5,"5p2.(3P<1>).6p (1,3/2)*",58132.656,0.5,5p2.(3P).7s 4P,0.001182,1804,0.01
4678.5661,58862.889,2.5,5p2.(3P).5d 4D,61000.296,1.5,"5p2.(3P<0>).7p (0,3/2)*",0.03666,2.793e+04,-0.26
4687.7029,63825.759,0.5,5p2.(3P).6d ,65959.0,1.5,"5p2.(1D<2>).6p (2,3/2)*",0.07516,5.703e+04,0.15
4690.4777,65243.25,2.5,5p2.(1D).5d 2D,67375.229,1.5,"5p2.(3P<1>).8p (1,1/2)*",0.006152,4663,0.01
4696.6350,58835.487,2.5,"5p2.(3P<2>).6p (2,3/2)*",60964.671,1.5,5p2.(3P).7s 4P,0.005298,4005,-0.02
4729.5099,64843.421,1.5,5p2.(1D).5d 2D,66957.805,1.5,"5p2.(3P<2>).7p (2,3/2)*",0.5792,4.318e+05,0.35
4740.8059,66541.554,1.5,"5p2.(3P<2>).7p (2,1/2)*",68650.9,2.5,5p2.(3P).8s 4P,0.4348,2.151e+05,0.2
4741.1678,63900.527,1.5,"5p2.(3P<1>).7p (1,3/2)*",66009.712,0.5,5p2.(3P).8s 2P,0.6054,8.982e+05,-0.48
4741.2262,64432.395,1.5,5p2.(3P).7d ,66541.554,1.5,"5p2.(3P<2>).7p (2,1/2)*",0.003452,2561,0.0
4756.6385,56733.162,1.5,5p2.(3P).5d 2P,58835.487,2.5,"5p2.(3P<2>).6p (2,3/2)*",0.004552,2237,0.02
4780.5055,61808.698,1.5,5p2.(3P).5d 2D,63900.527,1.5,"5p2.(3P<1>).7p (1,3/2)*",0.04503,3.286e+04,0.06
4785.0507,64878.958,2.5,"5p2.(1D<2>).6p (2,3/2)*",66968.8,2.5,5p2.(3P).6d 2D,0.06195,3.008e+04,0.04
4807.6877,64273.857,1.5,"5p2.(3P<0>).8p (0,3/2)*",66353.859,0.5,5p2.(3P).6d 2P,0.04264,6.152e+04,-0.34
4845.5482,65243.25,2.5,5p2.(1D).5d 2D,67307.0,2.5,"5p2.(3P<1>).8p (1,3/2)*",0.09797,4.639e+04,-0.17
4850.9050,60404.475,2.5,5p2.(3P).5d ,62465.946,3.5,5p2.(3P<0>).4f 2[3]*,0.007851,2782,0.02
4853.4548,66009.712,0.5,5p2.(3P).8s 2P,68070.1,1.5,5p2.(3P<2>).4f 2[1]*,0.07132,5.049e+04,0.32
4859.2447,60404.475,2.5,5p2.(3P).5d ,62462.408,2.5,5p2.(3P<0>).4f 2[3]*,0.001178,554.6,-0.01
4873.2231,63516.282,2.5,5p2.(3P).7s 4P,65568.312,2.5,5p2.(3P<1>).4f 2[2]*,0.005357,2508,0.02
4874.9645,62462.408,2.5,5p2.(3P<0>).4f 2[3]*,64513.705,2.5,5p2.(3P).6d 2F,0.004049,1894,-0.01
4880.5390,63516.282,2.5,5p2.(3P).7s 4P,65565.236,1.5,5p2.(3P<1>).4f 2[2]*,0.000489,342.3,-0.03
4883.3872,62465.946,3.5,5p2.(3P<0>).4f 2[3]*,64513.705,2.5,5p2.(3P).6d 2F,0.03226,1.504e+04,-0.02
4887.6238,65460.149,2.5,5p2.(3P<1>).4f 2[3]*,67506.133,1.5,5p2.(3P).7d 4P,0.002995,2090,-0.01
4892.6240,66113.217,1.5,5p2.(3P).8s 4P,68157.11,2.5,5p2.(3P<2>).4f 2[2]*,0.1192,5.534e+04,-0.47
4914.0001,66113.217,1.5,5p2.(3P).8s 4P,68148.219,2.5,5p2.(3P<2>).4f 2[3]*,0.05415,2.493e+04,0.21
4914.1981,55252.132,2.5,"5p2.(3P<1>).6p (1,3/2)*",57287.052,2.5,5p2.(3P).5d 2F,0.0007726,355.6,-0.0
4940.0525,62960.316,0.5,5p2.(3P).8s 4P,64984.586,1.5,"5p2.(1D<2>).6p (2,1/2)*",0.009886,6756,-0.02
4953.1016,58746.356,1.5,5p2.(3P).5d 4D,60765.293,0.5,"5p2.(3P<0>).7p (0,1/2)*",0.2315,3.148e+05,-0.56
4962.4639,63516.282,2.5,5p2.(3P).7s 4P,65531.41,3.5,5p2.(3P<1>).4f 2[4]*,0.02337,7911,0.21
4963.1215,64098.356,0.5,"5p2.(3P<0>).8p (0,1/2)*",66113.217,1.5,5p2.(3P).8s 4P,0.1115,7.546e+04,-0.26
4971.2438,64957.231,3.5,"5p2.(1D<2>).6p (2,3/2)*",66968.8,2.5,5p2.(3P).6d 2D,0.1162,5.227e+04,0.29
4973.4888,62501.728,2.5,5p2.(3P).6d 4F,64512.389,2.5,"5p2.(1D<2>).6p (2,1/2)*",0.05286,2.376e+04,-0.03
5014.6654,64843.421,1.5,5p2.(1D).5d 2D,66837.572,2.5,"5p2.(3P<2>).7p (2,3/2)*",0.007882,3485,-0.02
5021.6256,58589.512,1.5,"5p2.(3P<2>).6p (2,3/2)*",60580.899,1.5,5p2.(3P).6d 2D,0.001491,985.8,0.0
5025.7595,61808.698,1.5,5p2.(3P).5d 2D,63798.447,1.5,"5p2.(3P<1>).7p (1,1/2)*",0.08247,5.445e+04,-0.1
5039.7790,64984.586,1.5,"5p2.(1D<2>).6p (2,1/2)*",66968.8,2.5,5p2.(3P).6d 2D,0.04349,1.904e+04,0.04
5044.7749,61808.698,1.5,5p2.(3P).5d 2D,63790.947,2.5,"5p2.(3P<1>).7p (1,3/2)*",0.05596,2.444e+04,-0.14
5076.1756,62462.408,2.5,5p2.(3P<0>).4f 2[3]*,64432.395,1.5,5p2.(3P).7d ,0.5128,3.318e+05,-0.63
5101.9888,61000.296,1.5,"5p2.(3P<0>).7p (0,3/2)*",62960.316,0.5,5p2.(3P).8s 4P,0.3779,4.842e+05,-0.72
5110.1675,66113.217,1.5,5p2.(3P).8s 4P,68070.1,1.5,5p2.(3P<2>).4f 2[1]*,0.05301,3.385e+04,0.26
5114.6081,54196.618,0.5,"5p2.(3P<1>).6p (1,1/2)*",56151.802,1.5,5p2.(3P).5d 4P,0.1089,6.944e+04,0.33
5125.7500,63516.282,2.5,5p2.(3P).7s 4P,65467.216,3.5,5p2.(3P<1>).4f 2[3]*,0.0004064,129,-0.01
5135.0308,65479.617,0.5,"5p2.(1D<2>).6p (2,3/2)*",67427.025,0.5,5p2.(3P).7d ,0.01066,1.349e+04,0.05
5152.2569,65565.236,1.5,5p2.(3P<1>).4f 2[2]*,67506.133,1.5,5p2.(3P).7d 4P,0.003001,1885,-0.01
5160.4354,65568.312,2.5,5p2.(3P<1>).4f 2[2]*,67506.133,1.5,5p2.(3P).7d 4P,0.1872,1.172e+05,0.17
5187.0233,58653.011,0.5,"5p2.(3P<2>).6p (2,3/2)*",60580.899,1.5,5p2.(3P).6d 2D,0.09752,6.044e+04,-0.09
5198.2239,56151.802,1.5,5p2.(3P).5d 4P,58075.536,1.5,"5p2.(3P<2>).6p (2,1/2)*",0.007986,4928,-0.02
5208.7430,56733.162,1.5,5p2.(3P).5d 2P,58653.011,0.5,"5p2.(3P<2>).6p (2,3/2)*",0.01947,2.394e+04,0.03
5219.4110,64769.175,0.5,5p2.(3P).6d 4D,66685.1,0.5,"5p2.(3P<2>).7p (2,3/2)*",0.007088,8678,0.02
5219.8224,63649.462,1.5,5p2.(3P).7s 2P,65565.236,1.5,5p2.(3P<1>).4f 2[2]*,0.008895,5444,-0.07
5231.8877,64098.356,0.5,"5p2.(3P<0>).8p (0,1/2)*",66009.712,0.5,5p2.(3P).8s 2P,0.5084,6.195e+05,0.52
5254.3030,65403.798,3.5,5p2.(1D).5d 2F,67307.0,2.5,"5p2.(3P<1>).8p (1,3/2)*",1.103,4.441e+05,0.44
5286.3147,64513.705,2.5,5p2.(3P).6d 2F,66405.382,3.5,"5p2.(3P<2>).7p (2,3/2)*",0.07262,2.167e+04,0.45
5312.9317,65959.0,1.5,"5p2.(1D<2>).6p (2,3/2)*",67841.2,2.5,5p2.(3P).7d 4P?,0.003623,1427,0.01
5314.8829,60580.899,1.5,5p2.(3P).6d 2D,62462.408,2.5,5p2.(3P<0>).4f 2[3]*,0.001499,590.1,-0.0
5364.3263,64878.958,2.5,"5p2.(1D<2>).6p (2,3/2)*",66743.125,3.5,5p2.(3P).6d 4D,0.05811,1.684e+04,0.02
5371.1779,65565.236,1.5,5p2.(3P<1>).4f 2[2]*,67427.025,0.5,5p2.(3P).7d ,0.4748,5.489e+05,-0.76
5386.9152,56733.162,1.5,5p2.(3P).5d 2P,58589.512,1.5,"5p2.(3P<2>).6p (2,3/2)*",0.1452,8.344e+04,-0.22
5400.9708,51676.437,0.5,"5p2.(3P<0>).6p (0,1/2)*",53527.956,1.5,5p2.(3P).5d 4F,0.3144,1.797e+05,0.56
5411.4692,64513.705,2.5,5p2.(3P).6d 2F,66361.632,2.5,"5p2.(3P<2>).7p (2,1/2)*",0.1838,6.977e+04,0.12
5429.8279,64843.421,1.5,5p2.(1D).5d 2D,66685.1,0.5,"5p2.(3P<2>).7p (2,3/2)*",2.142e-05,24.23,-0.0
5436.6736,64273.857,1.5,"5p2.(3P<0>).8p (0,3/2)*",66113.217,1.5,5p2.(3P).8s 4P,0.9108,5.138e+05,0.53
5447.5132,65959.0,1.5,"5p2.(1D<2>).6p (2,3/2)*",67794.7,2.5,5p2.(3P).6d 4D?,0.01412,5291,-0.03
5463.2599,65527.792,4.5,5p2.(3P<1>).4f 2[4]*,67358.201,3.5,5p2.(3P).7d 4F,1.861,5.2e+05,-0.9
5464.0181,63649.462,1.5,5p2.(3P).7s 2P,65479.617,0.5,"5p2.(1D<2>).6p (2,3/2)*",0.00318,3553,-0.01
5474.0800,65531.41,3.5,5p2.(3P<1>).4f 2[4]*,67358.201,3.5,5p2.(3P).7d 4F,0.07243,2.015e+04,-0.3
5509.7542,58589.512,1.5,"5p2.(3P<2>).6p (2,3/2)*",60404.475,2.5,5p2.(3P).5d ,0.0001707,62.51,-0.0
5514.7221,66837.572,2.5,"5p2.(3P<2>).7p (2,3/2)*",68650.9,2.5,5p2.(3P).8s 4P,0.7227,2.642e+05,-0.21
5522.7657,63649.462,1.5,5p2.(3P).7s 2P,65460.149,2.5,5p2.(3P<1>).4f 2[3]*,0.01869,6812,0.09
5529.9213,65460.149,2.5,5p2.(3P<1>).4f 2[3]*,67268.493,1.5,5p2.(3P).6d 2D?,0.001199,654,0.0
5554.6853,64209.43,0.5,"5p2.(3P<1>).7p (1,3/2)*",66009.712,0.5,5p2.(3P).8s 2P,0.006497,7023,0.04
5562.8707,61808.698,1.5,5p2.(3P).5d 2D,63606.331,0.5,"5p2.(3P<1>).7p (1,1/2)*",0.01394,1.502e+04,-0.04
5581.7495,63193.033,1.5,5p2.(3P).5d ,64984.586,1.5,"5p2.(1D<2>).6p (2,1/2)*",0.1993,1.067e+05,-0.15
5586.9386,65568.312,2.5,5p2.(3P<1>).4f 2[2]*,67358.201,3.5,5p2.(3P).7d 4F,0.1158,3.092e+04,-0.15
5590.1024,65479.617,0.5,"5p2.(1D<2>).6p (2,3/2)*",67268.493,1.5,5p2.(3P).6d 2D?,0.07864,4.197e+04,-0.17
5599.4365,64957.231,3.5,"5p2.(1D<2>).6p (2,3/2)*",66743.125,3.5,5p2.(3P).6d 4D,0.009333,2482,0.03
5642.1341,64769.175,0.5,5p2.(3P).6d 4D,66541.554,1.5,"5p2.(3P<2>).7p (2,1/2)*",0.01127,5904,0.01
5642.9301,62501.728,2.5,5p2.(3P).6d 4F,64273.857,1.5,"5p2.(3P<0>).8p (0,3/2)*",0.2003,1.049e+05,0.65
5687.6383,62462.408,2.5,5p2.(3P<0>).4f 2[3]*,64220.607,1.5,5p2.(3P).6d 2P,0.01251,6449,0.01
5710.0440,62462.408,2.5,5p2.(3P<0>).4f 2[3]*,64213.708,2.5,5p2.(3P).7d ,0.01623,5534,-0.09
5721.6028,62465.946,3.5,5p2.(3P<0>).4f 2[3]*,64213.708,2.5,5p2.(3P).7d ,0.4325,1.469e+05,0.58
5729.3063,58835.487,2.5,"5p2.(3P<2>).6p (2,3/2)*",60580.899,1.5,5p2.(3P).6d 2D,0.002718,1381,0.02
5729.7002,64213.708,2.5,5p2.(3P).7d ,65959.0,1.5,"5p2.(1D<2>).6p (2,3/2)*",0.1105,5.614e+04,-0.13
5748.8544,63825.759,0.5,5p2.(3P).6d ,65565.236,1.5,5p2.(3P<1>).4f 2[2]*,0.008694,4387,-0.02
5752.4392,64220.607,1.5,5p2.(3P).6d 2P,65959.0,1.5,"5p2.(1D<2>).6p (2,3/2)*",0.02641,1.331e+04,0.02
5760.5213,66428.098,4.5,5p2.(3P).6d 4F,68164.052,3.5,5p2.(3P<2>).4f 2[4]*,0.06487,1.63e+04,-0.58
5760.8498,64273.857,1.5,"5p2.(3P<0>).8p (0,3/2)*",66009.712,0.5,5p2.(3P).8s 2P,0.02551,2.564e+04,0.2
5772.4223,55864.828,1.5,"5p2.(3P<1>).6p (1,3/2)*",57597.203,0.5,5p2.(3P).5d 4D,0.0007177,718.4,-0.01
5799.8719,53527.956,1.5,5p2.(3P).5d 4F,55252.132,2.5,"5p2.(3P<1>).6p (1,3/2)*",0.001348,445.6,0.01
5820.5049,66361.632,2.5,"5p2.(3P<2>).7p (2,1/2)*",68079.696,3.5,5p2.(3P).6d 2F,0.01764,4341,-0.0
5826.6875,66353.859,0.5,5p2.(3P).6d 2P,68070.1,1.5,5p2.(3P<2>).4f 2[1]*,0.2163,1.062e+05,0.29
5832.4172,65243.25,2.5,5p2.(1D).5d 2D,66957.805,1.5,"5p2.(3P<2>).7p (2,3/2)*",0.2452,1.202e+05,0.11
5871.1046,65565.236,1.5,5p2.(3P<1>).4f 2[2]*,67268.493,1.5,5p2.(3P).6d 2D?,0.003783,1830,-0.01
5881.7267,65568.312,2.5,5p2.(3P<1>).4f 2[2]*,67268.493,1.5,5p2.(3P).6d 2D?,0.03254,1.568e+04,-0.02
5888.8203,64843.421,1.5,5p2.(1D).5d 2D,66541.554,1.5,"5p2.(3P<2>).7p (2,1/2)*",0.03448,1.658e+04,-0.05
5906.3431,66957.805,1.5,"5p2.(3P<2>).7p (2,3/2)*",68650.9,2.5,5p2.(3P).8s 4P,0.3825,1.219e+05,-0.21
5912.6536,53442.967,2.5,5p2.(3P).5d 4P,55134.255,1.5,"5p2.(3P<1>).6p (1,1/2)*",0.0006442,307.3,-0.0
5931.4620,63193.033,1.5,5p2.(3P).5d ,64878.958,2.5,"5p2.(1D<2>).6p (2,3/2)*",0.01173,3708,-0.02
5945.0346,55728.264,2.5,5p2.(1D).6s 2D,57410.34,2.5,"5p2.(3P<2>).6p (2,1/2)*",0.01699,5346,0.06
5972.5953,66405.382,3.5,"5p2.(3P<2>).7p (2,3/2)*",68079.696,3.5,5p2.(3P).6d 2F,0.8629,2.017e+05,0.61
6016.5250,58075.536,1.5,"5p2.(3P<2>).6p (2,1/2)*",59737.625,0.5,5p2.(3P).5d 2P,0.02666,2.456e+04,-0.2
6029.6502,62462.408,2.5,5p2.(3P<0>).4f 2[3]*,64120.879,3.5,5p2.(3P).6d 4F,0.0007177,164.6,0.01
6046.4683,63825.759,0.5,5p2.(3P).6d ,65479.617,0.5,"5p2.(1D<2>).6p (2,3/2)*",0.06233,5.686e+04,0.19
6200.2008,63790.947,2.5,"5p2.(3P<1>).7p (1,3/2)*",65403.798,3.5,5p2.(1D).5d 2F,0.08402,1.822e+04,0.06
6225.4910,53527.956,1.5,5p2.(3P).5d 4F,55134.255,1.5,"5p2.(3P<1>).6p (1,1/2)*",0.001312,564.4,0.0
6236.9609,55993.858,0.5,"5p2.(3P<1>).6p (1,3/2)*",57597.203,0.5,5p2.(3P).5d 4D,0.129,1.106e+05,0.6
6246.7673,64512.389,2.5,"5p2.(1D<2>).6p (2,1/2)*",66113.217,1.5,5p2.(3P).8s 4P,0.2946,1.259e+05,0.23
6254.2724,55134.255,1.5,"5p2.(3P<1>).6p (1,1/2)*",56733.162,1.5,5p2.(3P).5d 2P,0.0003605,153.7,0.0
6272.2587,65243.25,2.5,5p2.(1D).5d 2D,66837.572,2.5,"5p2.(3P<2>).7p (2,3/2)*",0.03946,1.115e+04,-0.03
6373.5350,58835.487,2.5,"5p2.(3P<2>).6p (2,3/2)*",60404.475,2.5,5p2.(3P).5d ,0.005873,1607,0.01
6392.4191,55134.255,1.5,"5p2.(3P<1>).6p (1,1/2)*",56698.608,0.5,5p2.(3P).5d 4P,0.004356,3555,-0.02
6458.1335,57287.052,2.5,5p2.(3P).5d 2F,58835.487,2.5,"5p2.(3P<2>).6p (2,3/2)*",0.00829,2210,-0.03
6463.5684,65959.0,1.5,"5p2.(1D<2>).6p (2,3/2)*",67506.133,1.5,5p2.(3P).7d 4P,0.01392,5556,-0.01
6519.7209,57410.34,2.5,"5p2.(3P<2>).6p (2,1/2)*",58944.148,3.5,5p2.(3P).5d 4D,0.3828,7.508e+04,-0.48
6550.4829,64432.395,1.5,5p2.(3P).7d ,65959.0,1.5,"5p2.(1D<2>).6p (2,3/2)*",0.009507,3695,0.02
6586.6997,64843.421,1.5,5p2.(1D).5d 2D,66361.632,2.5,"5p2.(3P<2>).7p (2,1/2)*",0.001737,445.2,0.0
6660.3083,61000.296,1.5,"5p2.(3P<0>).7p (0,3/2)*",62501.728,2.5,5p2.(3P).6d 4F,0.3936,9.865e+04,-0.41
6676.7396,60964.671,1.5,5p2.(3P).7s 4P,62462.408,2.5,5p2.(3P<0>).4f 2[3]*,0.003206,799.6,-0.11
6752.0577,55252.132,2.5,"5p2.(3P<1>).6p (1,3/2)*",56733.162,1.5,5p2.(3P).5d 2P,0.00742,2714,0.08
6758.7296,66361.632,2.5,"5p2.(3P<2>).7p (2,1/2)*",67841.2,2.5,5p2.(3P).7d 4P?,0.2079,5.059e+04,0.29
6810.5787,63516.282,2.5,5p2.(3P).7s 4P,64984.586,1.5,"5p2.(1D<2>).6p (2,1/2)*",0.0104,3740,0.03
6811.8731,65959.0,1.5,"5p2.(1D<2>).6p (2,3/2)*",67427.025,0.5,5p2.(3P).7d ,0.007326,5266,0.05
6871.0200,66009.712,0.5,5p2.(3P).8s 2P,67465.1,1.5,"5p2.(3P<1>).8p (1,3/2)*",0.3549,1.253e+05,0.62
6884.4493,57410.34,2.5,"5p2.(3P<2>).6p (2,1/2)*",58862.889,2.5,5p2.(3P).5d 4D,0.07814,1.833e+04,-0.26
6885.6155,63790.947,2.5,"5p2.(3P<1>).7p (1,3/2)*",65243.25,2.5,5p2.(1D).5d 2D,0.02202,5163,0.03
6919.0027,64513.705,2.5,5p2.(3P).6d 2F,65959.0,1.5,"5p2.(1D<2>).6p (2,3/2)*",0.4632,1.614e+05,-0.3
6921.3588,63798.447,1.5,"5p2.(3P<1>).7p (1,1/2)*",65243.25,2.5,5p2.(1D).5d 2D,0.001132,262.7,-0.0
6939.8709,63516.282,2.5,5p2.(3P).7s 4P,64957.231,3.5,"5p2.(1D<2>).6p (2,3/2)*",8.946e-05,15.49,0.0
6957.0541,65531.41,3.5,5p2.(3P<1>).4f 2[4]*,66968.8,2.5,5p2.(3P).6d 2D,0.2142,4.919e+04,0.11
6974.5999,65403.798,3.5,5p2.(1D).5d 2F,66837.572,2.5,"5p2.(3P<2>).7p (2,3/2)*",0.06693,1.53e+04,0.04
6978.0359,66361.632,2.5,"5p2.(3P<2>).7p (2,1/2)*",67794.7,2.5,5p2.(3P).6d 4D?,5.314e-05,12.13,0.0
7031.2412,55864.828,1.5,"5p2.(3P<1>).6p (1,3/2)*",57287.052,2.5,5p2.(3P).5d 2F,0.4566,1.027e+05,0.53
7037.6592,66743.125,3.5,5p2.(3P).6d 4D,68164.052,3.5,5p2.(3P<2>).4f 2[4]*,0.07618,1.282e+04,-0.06
7072.2108,66743.125,3.5,5p2.(3P).6d 4D,68157.11,2.5,5p2.(3P<2>).4f 2[2]*,0.002674,594.3,-0.03
7089.5287,64120.879,3.5,5p2.(3P).6d 4F,65531.41,3.5,5p2.(3P<1>).4f 2[4]*,0.003792,629.1,0.02
7107.7600,64120.879,3.5,5p2.(3P).6d 4F,65527.792,4.5,5p2.(3P<1>).4f 2[4]*,0.1818,2.401e+04,-0.09
7116.9616,66743.125,3.5,5p2.(3P).6d 4D,68148.219,2.5,5p2.(3P<2>).4f 2[3]*,0.009038,1984,0.04
7140.3682,65568.312,2.5,5p2.(3P<1>).4f 2[2]*,66968.8,2.5,5p2.(3P).6d 2D,0.008059,1757,0.01
7148.9900,62501.728,2.5,5p2.(3P).6d 4F,63900.527,1.5,"5p2.(3P<1>).7p (1,3/2)*",0.4624,1.509e+05,0.18
7184.4861,66009.712,0.5,5p2.(3P).8s 2P,67401.6,0.5,"5p2.(3P<1>).8p (1,3/2)*",0.134,8.656e+04,-0.43
7197.7762,66405.382,3.5,"5p2.(3P<2>).7p (2,3/2)*",67794.7,2.5,5p2.(3P).6d 4D?,0.0002524,54.17,0.0
7200.4971,57555.355,3.5,"5p2.(3P<2>).6p (2,3/2)*",58944.148,3.5,5p2.(3P).5d 4D,0.2306,3.708e+04,-0.64
7262.5439,56698.608,0.5,5p2.(3P).5d 4P,58075.536,1.5,"5p2.(3P<2>).6p (2,1/2)*",0.168,5.31e+04,-0.48
7303.1455,64984.586,1.5,"5p2.(1D<2>).6p (2,1/2)*",66353.859,0.5,5p2.(3P).6d 2P,0.006148,3844,0.01
7323.2336,66009.712,0.5,5p2.(3P).8s 2P,67375.229,1.5,"5p2.(3P<1>).8p (1,1/2)*",0.1859,5.779e+04,-0.51
7338.5016,63516.282,2.5,5p2.(3P).7s 4P,64878.958,2.5,"5p2.(1D<2>).6p (2,3/2)*",0.07819,1.614e+04,0.14
7382.2313,64213.708,2.5,5p2.(3P).7d ,65568.312,2.5,5p2.(3P<1>).4f 2[2]*,0.001968,401.4,-0.0
7397.0898,66113.217,1.5,5p2.(3P).8s 4P,67465.1,1.5,"5p2.(3P<1>).8p (1,3/2)*",0.7289,2.221e+05,-0.3
7399.0328,64213.708,2.5,5p2.(3P).7d ,65565.236,1.5,5p2.(3P<1>).4f 2[2]*,0.003973,1210,-0.02
7420.0214,64220.607,1.5,5p2.(3P).6d 2P,65568.312,2.5,5p2.(3P<1>).4f 2[2]*,0.1452,2.932e+04,0.09
7427.5609,64120.879,3.5,5p2.(3P).6d 4F,65467.216,3.5,5p2.(3P<1>).4f 2[3]*,0.04372,6607,0.13
7441.0298,67307.0,2.5,"5p2.(3P<1>).8p (1,3/2)*",68650.9,2.5,5p2.(3P).8s 4P,0.05659,1.136e+04,-0.18
7447.5525,63900.527,1.5,"5p2.(3P<1>).7p (1,3/2)*",65243.25,2.5,5p2.(1D).5d 2D,0.01692,3390,0.03
7449.4887,56733.162,1.5,5p2.(3P).5d 2P,58075.536,1.5,"5p2.(3P<2>).6p (2,1/2)*",0.01184,3557,0.08
7461.5451,61125.741,3.5,5p2.(3P).5d 2F,62465.946,3.5,5p2.(3P<0>).4f 2[3]*,0.002123,317.9,-0.02
7466.7543,64120.879,3.5,5p2.(3P).6d 4F,65460.149,2.5,5p2.(3P<1>).4f 2[3]*,0.0002233,44.52,-0.0
7481.2949,61125.741,3.5,5p2.(3P).5d 2F,62462.408,2.5,5p2.(3P<0>).4f 2[3]*,0.001367,271.5,0.06
7484.9403,57410.34,2.5,"5p2.(3P<2>).6p (2,1/2)*",58746.356,1.5,5p2.(3P).5d 4D,0.002695,802.3,-0.02
7489.9410,63649.462,1.5,5p2.(3P).7s 2P,64984.586,1.5,"5p2.(1D<2>).6p (2,1/2)*",0.2678,7.959e+04,-0.27
7579.4554,63193.033,1.5,5p2.(3P).5d ,64512.389,2.5,"5p2.(1D<2>).6p (2,1/2)*",0.07323,1.417e+04,0.09
7588.9693,64213.708,2.5,5p2.(3P).7d ,65531.41,3.5,5p2.(3P<1>).4f 2[4]*,0.002003,290,-0.0
7613.0094,62960.316,0.5,5p2.(3P).8s 4P,64273.857,1.5,"5p2.(3P<0>).8p (0,3/2)*",0.4178,1.202e+05,0.8
7636.5433,65959.0,1.5,"5p2.(1D<2>).6p (2,3/2)*",67268.493,1.5,5p2.(3P).6d 2D?,0.01941,5549,-0.02
7647.9847,57555.355,3.5,"5p2.(3P<2>).6p (2,3/2)*",58862.889,2.5,5p2.(3P).5d 4D,0.03104,5899,-0.29
7677.7790,57287.052,2.5,5p2.(3P).5d 2F,58589.512,1.5,"5p2.(3P<2>).6p (2,3/2)*",0.01255,3549,0.03
7694.4029,66541.554,1.5,"5p2.(3P<2>).7p (2,1/2)*",67841.2,2.5,5p2.(3P).7d 4P?,0.02152,4041,-0.02
7702.3563,65243.25,2.5,5p2.(1D).5d 2D,66541.554,1.5,"5p2.(3P<2>).7p (2,1/2)*",0.01308,3676,-0.01
7711.7710,62501.728,2.5,5p2.(3P).6d 4F,63798.447,1.5,"5p2.(3P<1>).7p (1,1/2)*",1.524,4.273e+05,0.5
7756.6341,62501.728,2.5,5p2.(3P).6d 4F,63790.947,2.5,"5p2.(3P<1>).7p (1,3/2)*",0.5989,1.107e+05,0.37
7794.3781,65460.149,2.5,5p2.(3P<1>).4f 2[3]*,66743.125,3.5,5p2.(3P).6d 4D,0.01069,1467,-0.1
7836.9906,55252.132,2.5,"5p2.(3P<1>).6p (1,3/2)*",56528.132,3.5,5p2.(3P).5d 4F,0.6826,9.267e+04,0.74
7837.5495,65467.216,3.5,5p2.(3P<1>).4f 2[3]*,66743.125,3.5,5p2.(3P).6d 4D,0.2376,3.225e+04,-0.46
7839.0118,67375.229,1.5,"5p2.(3P<1>).8p (1,1/2)*",68650.9,2.5,5p2.(3P).8s 4P,0.0009673,175,0.01
7919.7194,59737.625,0.5,5p2.(3P).5d 2P,61000.296,1.5,"5p2.(3P<0>).7p (0,3/2)*",0.03088,8210,0.48
7923.8549,66113.217,1.5,5p2.(3P).8s 4P,67375.229,1.5,"5p2.(3P<1>).8p (1,1/2)*",0.03389,9001,-0.2
7942.7487,64220.607,1.5,5p2.(3P).6d 2P,65479.617,0.5,"5p2.(1D<2>).6p (2,3/2)*",0.2553,1.35e+05,-0.43
7977.6116,64213.708,2.5,5p2.(3P).7d ,65467.216,3.5,5p2.(3P<1>).4f 2[3]*,0.01532,2007,-0.03
7979.9161,66541.554,1.5,"5p2.(3P<2>).7p (2,1/2)*",67794.7,2.5,5p2.(3P).6d 4D?,0.2137,3.731e+04,0.16
8005.6744,62960.316,0.5,5p2.(3P).8s 4P,64209.43,0.5,"5p2.(3P<1>).7p (1,3/2)*",0.02035,1.059e+04,0.07
8022.8426,64213.708,2.5,5p2.(3P).7d ,65460.149,2.5,5p2.(3P<1>).4f 2[3]*,0.0001973,34.08,0.0
8050.7260,66837.572,2.5,"5p2.(3P<2>).7p (2,3/2)*",68079.696,3.5,5p2.(3P).6d 2F,0.7048,9.066e+04,-0.25
8067.4959,64220.607,1.5,5p2.(3P).6d 2P,65460.149,2.5,5p2.(3P<1>).4f 2[3]*,0.7217,1.233e+05,-0.46
8083.4862,63606.331,0.5,"5p2.(3P<1>).7p (1,1/2)*",64843.421,1.5,5p2.(1D).5d 2D,0.002012,513.5,0.02
8102.0272,64878.958,2.5,"5p2.(1D<2>).6p (2,3/2)*",66113.217,1.5,5p2.(3P).8s 4P,0.1357,3.446e+04,-0.16
8133.4140,63649.462,1.5,5p2.(3P).7s 2P,64878.958,2.5,"5p2.(1D<2>).6p (2,3/2)*",0.1912,3.213e+04,0.23
8228.1975,65527.792,4.5,5p2.(3P<1>).4f 2[4]*,66743.125,3.5,5p2.(3P).6d 4D,2.857,3.519e+05,0.7
8252.7657,65531.41,3.5,5p2.(3P<1>).4f 2[4]*,66743.125,3.5,5p2.(3P).6d 4D,0.1026,1.256e+04,0.2
8366.4365,66968.8,2.5,5p2.(3P).6d 2D,68164.052,3.5,5p2.(3P<2>).4f 2[4]*,0.7363,8.771e+04,0.44
8376.7318,66113.217,1.5,5p2.(3P).8s 4P,67307.0,2.5,"5p2.(3P<1>).8p (1,3/2)*",0.115,1.822e+04,0.44
8404.5973,64769.175,0.5,5p2.(3P).6d 4D,65959.0,1.5,"5p2.(1D<2>).6p (2,3/2)*",0.00142,335.3,-0.01
8415.3125,66968.8,2.5,5p2.(3P).6d 2D,68157.11,2.5,5p2.(3P<2>).4f 2[2]*,0.3872,6.078e+04,0.54
8424.2166,62462.408,2.5,5p2.(3P<0>).4f 2[3]*,63649.462,1.5,5p2.(3P).7s 2P,0.002138,502.4,-0.01
8433.1253,67465.1,1.5,"5p2.(3P<1>).8p (1,3/2)*",68650.9,2.5,5p2.(3P).8s 4P,0.08537,1.334e+04,0.25
8458.1760,66009.712,0.5,5p2.(3P).8s 2P,67192.0,0.5,"5p2.(3P<1>).8p (1,1/2)*",0.04845,2.259e+04,-0.2
8478.7510,66968.8,2.5,5p2.(3P).6d 2D,68148.219,2.5,5p2.(3P<2>).4f 2[3]*,0.4113,6.36e+04,-0.45
8511.9930,65568.312,2.5,5p2.(3P<1>).4f 2[2]*,66743.125,3.5,5p2.(3P).6d 4D,0.0001034,11.9,-0.0
8599.6058,63606.331,0.5,"5p2.(3P<1>).7p (1,1/2)*",64769.175,0.5,5p2.(3P).6d 4D,0.05699,2.57e+04,-0.19
8604.8745,65243.25,2.5,5p2.(1D).5d 2D,66405.382,3.5,"5p2.(3P<2>).7p (2,3/2)*",0.04345,4893,0.24
8629.4158,63825.759,0.5,5p2.(3P).6d ,64984.586,1.5,"5p2.(1D<2>).6p (2,1/2)*",0.0004397,98.47,0.0
8709.9441,58589.512,1.5,"5p2.(3P<2>).6p (2,3/2)*",59737.625,0.5,5p2.(3P).5d 2P,0.02982,1.311e+04,-0.26
8737.4323,66361.632,2.5,"5p2.(3P<2>).7p (2,1/2)*",67506.133,1.5,5p2.(3P).7d 4P,0.02549,5567,0.05
8787.0374,62960.316,0.5,5p2.(3P).8s 4P,64098.356,0.5,"5p2.(3P<0>).8p (0,1/2)*",0.08604,3.717e+04,-0.72
8803.4601,64432.395,1.5,5p2.(3P).7d ,65568.312,2.5,5p2.(3P<1>).4f 2[2]*,0.003902,559.7,-0.01
8827.3641,64432.395,1.5,5p2.(3P).7d ,65565.236,1.5,5p2.(3P<1>).4f 2[2]*,0.003882,830.8,0.01
8860.2918,64984.586,1.5,"5p2.(1D<2>).6p (2,1/2)*",66113.217,1.5,5p2.(3P).8s 4P,0.002319,492.7,0.01
8941.4887,65243.25,2.5,5p2.(1D).5d 2D,66361.632,2.5,"5p2.(3P<2>).7p (2,1/2)*",0.0599,8329,-0.07
8963.9550,64843.421,1.5,5p2.(1D).5d 2D,65959.0,1.5,"5p2.(1D<2>).6p (2,3/2)*",0.1405,2.917e+04,0.17
8998.9480,66353.859,0.5,5p2.(3P).6d 2P,67465.1,1.5,"5p2.(3P<1>).8p (1,3/2)*",0.06258,1.289e+04,-0.41
9080.1780,66968.8,2.5,5p2.(3P).6d 2D,68070.1,1.5,5p2.(3P<2>).4f 2[1]*,0.05552,1.123e+04,-0.26
9219.8699,58653.011,0.5,"5p2.(3P<2>).6p (2,3/2)*",59737.625,0.5,5p2.(3P).5d 2P,0.1351,5.301e+04,-0.48
9252.2002,63193.033,1.5,5p2.(3P).5d ,64273.857,1.5,"5p2.(3P<0>).8p (0,3/2)*",0.003848,749.7,-0.04
9269.7048,66113.217,1.5,5p2.(3P).8s 4P,67192.0,0.5,"5p2.(3P<1>).8p (1,1/2)*",0.08028,3.116e+04,0.21
9471.4190,57597.203,0.5,5p2.(3P).5d 4D,58653.011,0.5,"5p2.(3P<2>).6p (2,3/2)*",0.0001617,60.12,0.0
9482.2052,64513.705,2.5,5p2.(3P).6d 2F,65568.312,2.5,5p2.(3P<1>).4f 2[2]*,0.009266,1146,0.01
9501.4224,63790.947,2.5,"5p2.(3P<1>).7p (1,3/2)*",64843.421,1.5,5p2.(1D).5d 2D,0.002802,517.6,0.02
9509.9431,64513.705,2.5,5p2.(3P).6d 2F,65565.236,1.5,5p2.(3P<1>).4f 2[2]*,0.01379,2542,0.09
9544.3435,66353.859,0.5,5p2.(3P).6d 2P,67401.6,0.5,"5p2.(3P<1>).8p (1,3/2)*",0.02974,1.089e+04,-0.12
9549.0736,64432.395,1.5,5p2.(3P).7d ,65479.617,0.5,"5p2.(1D<2>).6p (2,3/2)*",0.08634,3.158e+04,-0.25
9569.6161,63798.447,1.5,"5p2.(3P<1>).7p (1,1/2)*",64843.421,1.5,5p2.(1D).5d 2D,0.009735,1773,0.04
9649.2963,54196.618,0.5,"5p2.(3P<1>).6p (1,1/2)*",55232.963,1.5,5p2.(1D).6s 2D,0.002243,401.8,-0.02
9729.9548,64432.395,1.5,5p2.(3P).7d ,65460.149,2.5,5p2.(3P<1>).4f 2[3]*,0.006892,809.3,-0.02
9730.7691,59737.625,0.5,5p2.(3P).5d 2P,60765.293,0.5,"5p2.(3P<0>).7p (0,1/2)*",0.001489,524.5,-0.01
9734.9845,56528.132,3.5,5p2.(3P).5d 4F,57555.355,3.5,"5p2.(3P<2>).6p (2,3/2)*",0.007049,620.2,0.03
9790.7712,66353.859,0.5,5p2.(3P).6d 2P,67375.229,1.5,"5p2.(3P<1>).8p (1,1/2)*",0.002453,426.8,0.01
9826.0301,64513.705,2.5,5p2.(3P).6d 2F,65531.41,3.5,5p2.(3P<1>).4f 2[4]*,0.1135,9803,0.15
9827.5559,55134.255,1.5,"5p2.(3P<1>).6p (1,1/2)*",56151.802,1.5,5p2.(3P).5d 4P,0.108,1.864e+04,-0.6
9838.6752,63193.033,1.5,5p2.(3P).5d ,64209.43,0.5,"5p2.(3P<1>).7p (1,3/2)*",0.005564,1917,0.03
9902.9511,65959.0,1.5,"5p2.(1D<2>).6p (2,3/2)*",66968.8,2.5,5p2.(3P).6d 2D,0.1179,1.337e+04,-0.28
9963.8511,66837.572,2.5,"5p2.(3P<2>).7p (2,3/2)*",67841.2,2.5,5p2.(3P).7d 4P?,0.0005278,59.1,-0.0
9984.1851,65403.798,3.5,5p2.(1D).5d 2F,66405.382,3.5,"5p2.(3P<2>).7p (2,3/2)*",0.04809,4023,-0.3
10034.4281,66361.632,2.5,"5p2.(3P<2>).7p (2,1/2)*",67358.201,3.5,5p2.(3P).7d 4F,0.85,7.039e+04,-0.32
10039.0821,63516.282,2.5,5p2.(3P).7s 4P,64512.389,2.5,"5p2.(1D<2>).6p (2,1/2)*",0.0722,7964,-0.13
10077.5061,57597.203,0.5,5p2.(3P).5d 4D,58589.512,1.5,"5p2.(3P<2>).6p (2,3/2)*",0.0003299,54.18,-0.01
10301.5469,63798.447,1.5,"5p2.(3P<1>).7p (1,1/2)*",64769.175,0.5,5p2.(3P).6d 4D,0.01809,5685,-0.09
10315.7337,64273.857,1.5,"5p2.(3P<0>).8p (0,3/2)*",65243.25,2.5,5p2.(1D).5d 2D,0.1277,1.334e+04,-0.5
10367.2172,66541.554,1.5,"5p2.(3P<2>).7p (2,1/2)*",67506.133,1.5,5p2.(3P).7d 4P,0.01735,2692,-0.02
10440.2224,65403.798,3.5,5p2.(1D).5d 2F,66361.632,2.5,"5p2.(3P<2>).7p (2,1/2)*",0.03393,3461,-0.02
10447.9234,66837.572,2.5,"5p2.(3P<2>).7p (2,3/2)*",67794.7,2.5,5p2.(3P).6d 4D?,0.0004902,49.93,0.0
10487.5560,64513.705,2.5,5p2.(3P).6d 2F,65467.216,3.5,5p2.(3P<1>).4f 2[3]*,0.06829,5177,0.07
10547.4885,66009.712,0.5,5p2.(3P).8s 2P,66957.805,1.5,"5p2.(3P<2>).7p (2,3/2)*",0.0764,1.145e+04,0.08
10565.8655,64513.705,2.5,5p2.(3P).6d 2F,65460.149,2.5,5p2.(3P<1>).4f 2[3]*,0.00439,437.2,-0.02
10605.6460,63900.527,1.5,"5p2.(3P<1>).7p (1,3/2)*",64843.421,1.5,5p2.(1D).5d 2D,0.02347,3480,-0.11
10635.9104,62960.316,0.5,5p2.(3P).8s 4P,63900.527,1.5,"5p2.(3P<1>).7p (1,3/2)*",0.1323,1.95e+04,-0.23
10923.3151,52612.483,1.5,"5p2.(3P<0>).6p (0,3/2)*",53527.956,1.5,5p2.(3P).5d 4F,0.03412,4769,0.22
11027.0482,66361.632,2.5,"5p2.(3P<2>).7p (2,1/2)*",67268.493,1.5,5p2.(3P).6d 2D?,0.0263,3607,0.12
11045.7815,63193.033,1.5,5p2.(3P).5d ,64098.356,0.5,"5p2.(3P<0>).8p (0,1/2)*",0.007613,2081,-0.03
11107.3346,65527.792,4.5,5p2.(3P<1>).4f 2[4]*,66428.098,4.5,5p2.(3P).6d 4F,0.009293,502.4,-0.03
11115.1867,55252.132,2.5,"5p2.(3P<1>).6p (1,3/2)*",56151.802,1.5,5p2.(3P).5d 4P,0.0059,796.4,-0.11
11152.1510,65531.41,3.5,5p2.(3P<1>).4f 2[4]*,66428.098,4.5,5p2.(3P).6d 4F,0.001101,59.05,0.03
11218.1950,64512.389,2.5,"5p2.(1D<2>).6p (2,1/2)*",65403.798,3.5,5p2.(1D).5d 2F,0.05896,3907,0.03
11319.9645,66957.805,1.5,"5p2.(3P<2>).7p (2,3/2)*",67841.2,2.5,5p2.(3P).7d 4P?,0.8416,7.301e+04,0.41
11335.1953,56528.132,3.5,5p2.(3P).5d 4F,57410.34,2.5,"5p2.(3P<2>).6p (2,1/2)*",0.003629,314,0.01
11367.1757,67268.493,1.5,5p2.(3P).6d 2D?,68148.219,2.5,5p2.(3P<2>).4f 2[3]*,0.08014,6895,-0.06
11438.4804,65479.617,0.5,"5p2.(1D<2>).6p (2,3/2)*",66353.859,0.5,5p2.(3P).6d 2P,0.03792,9666,0.09
11516.3059,55864.828,1.5,"5p2.(3P<1>).6p (1,3/2)*",56733.162,1.5,5p2.(3P).5d 2P,0.02661,3346,-0.19
11588.4658,63649.462,1.5,5p2.(3P).7s 2P,64512.389,2.5,"5p2.(1D<2>).6p (2,1/2)*",0.06269,5189,-0.11
11840.0924,66113.217,1.5,5p2.(3P).8s 4P,66957.805,1.5,"5p2.(3P<2>).7p (2,3/2)*",0.0433,5151,0.06
11931.1667,66353.859,0.5,5p2.(3P).6d 2P,67192.0,0.5,"5p2.(3P<1>).8p (1,1/2)*",9.174e-05,21.49,0.0
11948.9303,66957.805,1.5,"5p2.(3P<2>).7p (2,3/2)*",67794.7,2.5,5p2.(3P).6d 4D?,0.002927,227.9,-0.01
11977.7549,61631.065,2.5,5p2.(3P).5d 2D,62465.946,3.5,5p2.(3P<0>).4f 2[3]*,0.02084,1211,-0.03
11993.5714,55864.828,1.5,"5p2.(3P<1>).6p (1,3/2)*",56698.608,0.5,5p2.(3P).5d 4P,0.005806,1346,0.06
12041.1712,52612.483,1.5,"5p2.(3P<0>).6p (0,3/2)*",53442.967,2.5,5p2.(3P).5d 4P,0.3467,2.658e+04,0.8
12105.5996,63606.331,0.5,"5p2.(3P<1>).7p (1,1/2)*",64432.395,1.5,5p2.(3P).7d ,0.3402,3.872e+04,-0.73
12179.7784,66685.1,0.5,"5p2.(3P<2>).7p (2,3/2)*",67506.133,1.5,5p2.(3P).7d 4P,0.01076,1209,-0.02
12370.0832,61000.296,1.5,"5p2.(3P<0>).7p (0,3/2)*",61808.698,1.5,5p2.(3P).5d 2D,0.002675,291.6,0.03
12409.2419,67358.201,3.5,5p2.(3P).7d 4F,68164.052,3.5,5p2.(3P<2>).4f 2[4]*,0.002476,134.1,0.01
12474.9410,67268.493,1.5,5p2.(3P).6d 2D?,68070.1,1.5,5p2.(3P<2>).4f 2[1]*,0.07934,8501,-0.11
12517.0702,67358.201,3.5,5p2.(3P).7d 4F,68157.11,2.5,5p2.(3P<2>).4f 2[2]*,0.0001629,11.56,-0.01
12561.8514,64769.175,0.5,5p2.(3P).6d 4D,65565.236,1.5,5p2.(3P<1>).4f 2[2]*,0.5336,5.639e+04,0.65
12680.3301,65565.236,1.5,5p2.(3P<1>).4f 2[2]*,66353.859,0.5,5p2.(3P).6d 2P,0.07171,1.487e+04,0.33
12682.5655,57287.052,2.5,5p2.(3P).5d 2F,58075.536,1.5,"5p2.(3P<2>).6p (2,1/2)*",0.007406,767.8,0.05
12700.7835,58075.536,1.5,"5p2.(3P<2>).6p (2,1/2)*",58862.889,2.5,5p2.(3P).5d 4D,0.09409,6484,0.24
12941.7002,67307.0,2.5,"5p2.(3P<1>).8p (1,3/2)*",68079.696,3.5,5p2.(3P).6d 2F,0.197,9809,-0.45
12972.2213,64213.708,2.5,5p2.(3P).7d ,64984.586,1.5,"5p2.(1D<2>).6p (2,1/2)*",0.03183,3155,0.03
13089.3650,64220.607,1.5,5p2.(3P).6d 2P,64984.586,1.5,"5p2.(1D<2>).6p (2,1/2)*",0.004023,391.5,-0.01
13142.4178,55232.963,1.5,5p2.(1D).6s 2D,55993.858,0.5,"5p2.(3P<1>).6p (1,3/2)*",0.02013,3887,-0.29
13191.2373,64120.879,3.5,5p2.(3P).6d 4F,64878.958,2.5,"5p2.(1D<2>).6p (2,3/2)*",0.03526,2253,-0.05
13200.0132,63516.282,2.5,5p2.(3P).7s 4P,64273.857,1.5,"5p2.(3P<0>).8p (0,3/2)*",0.001467,140.4,0.03
13421.6478,64098.356,0.5,"5p2.(3P<0>).8p (0,1/2)*",64843.421,1.5,5p2.(1D).5d 2D,0.2347,2.172e+04,0.5
13449.4831,64213.708,2.5,5p2.(3P).7d ,64957.231,3.5,"5p2.(1D<2>).6p (2,3/2)*",0.0007217,33.27,-0.02
13478.4513,66685.1,0.5,"5p2.(3P<2>).7p (2,3/2)*",67427.025,0.5,5p2.(3P).7d ,0.002063,378.7,-0.03
13526.2355,55993.858,0.5,"5p2.(3P<1>).6p (1,3/2)*",56733.162,1.5,5p2.(3P).5d 2P,0.07435,6776,-0.71
13682.4923,64512.389,2.5,"5p2.(1D<2>).6p (2,1/2)*",65243.25,2.5,5p2.(1D).5d 2D,0.002124,126.1,-0.0
13686.9119,62462.408,2.5,5p2.(3P<0>).4f 2[3]*,63193.033,1.5,5p2.(3P).5d ,1.993e-05,1.774,-0.0
13756.3124,66541.554,1.5,"5p2.(3P<2>).7p (2,1/2)*",67268.493,1.5,5p2.(3P).6d 2D?,0.06001,5288,-0.11
13795.1775,64843.421,1.5,5p2.(1D).5d 2D,65568.312,2.5,5p2.(3P<1>).4f 2[2]*,0.005313,310.3,0.02
13805.3855,66113.217,1.5,5p2.(3P).8s 4P,66837.572,2.5,"5p2.(3P<2>).7p (2,3/2)*",0.002845,166,0.0
13835.8897,63790.947,2.5,"5p2.(3P<1>).7p (1,3/2)*",64513.705,2.5,5p2.(3P).6d 2F,0.004729,274.6,0.01
13853.9654,64843.421,1.5,5p2.(1D).5d 2D,65565.236,1.5,5p2.(3P<1>).4f 2[2]*,0.0002418,21.01,0.0
13971.3587,65243.25,2.5,5p2.(1D).5d 2D,65959.0,1.5,"5p2.(1D<2>).6p (2,3/2)*",0.03654,3122,0.08
13980.9691,63798.447,1.5,"5p2.(3P<1>).7p (1,1/2)*",64513.705,2.5,5p2.(3P).6d 2F,0.001808,102.8,-0.0
14075.7444,64769.175,0.5,5p2.(3P).6d 4D,65479.617,0.5,"5p2.(1D<2>).6p (2,3/2)*",0.0002846,47.91,-0.0
14134.3955,63193.033,1.5,5p2.(3P).5d ,63900.527,1.5,"5p2.(3P<1>).7p (1,3/2)*",0.009703,809.9,-0.05
14189.4289,55993.858,0.5,"5p2.(3P<1>).6p (1,3/2)*",56698.608,0.5,5p2.(3P).5d 4P,0.00225,372.7,-0.03
14767.1661,56733.162,1.5,5p2.(3P).5d 2P,57410.34,2.5,"5p2.(3P<2>).6p (2,1/2)*",0.01315,670.1,-0.13
14806.3039,66009.712,0.5,5p2.(3P).8s 2P,66685.1,0.5,"5p2.(3P<2>).7p (2,3/2)*",0.1397,2.126e+04,-0.43
14907.1286,58075.536,1.5,"5p2.(3P<2>).6p (2,1/2)*",58746.356,1.5,5p2.(3P).5d 4D,0.07309,5484,0.4
14907.1508,64098.356,0.5,"5p2.(3P<0>).8p (0,1/2)*",64769.175,0.5,5p2.(3P).6d 4D,0.006911,1037,0.14
14955.2390,53527.956,1.5,5p2.(3P).5d 4F,54196.618,0.5,"5p2.(3P<1>).6p (1,1/2)*",0.02111,3148,-0.13
14957.4983,66837.572,2.5,"5p2.(3P<2>).7p (2,3/2)*",67506.133,1.5,5p2.(3P).7d 4P,0.0004196,31.28,-0.0
15031.9429,64213.708,2.5,5p2.(3P).7d ,64878.958,2.5,"5p2.(1D<2>).6p (2,3/2)*",0.002276,112,-0.01
15189.4658,64220.607,1.5,5p2.(3P).6d 2P,64878.958,2.5,"5p2.(1D<2>).6p (2,3/2)*",0.07774,3746,-0.31
15312.3411,65460.149,2.5,5p2.(3P<1>).4f 2[3]*,66113.217,1.5,5p2.(3P).8s 4P,0.006194,440.5,-0.15
15361.5258,67506.133,1.5,5p2.(3P).7d 4P,68157.11,2.5,5p2.(3P<2>).4f 2[2]*,0.01343,632.8,-0.06
15550.2857,67427.025,0.5,5p2.(3P).7d ,68070.1,1.5,5p2.(3P<2>).4f 2[1]*,0.001083,74.66,-0.01
15574.2377,67506.133,1.5,5p2.(3P).7d 4P,68148.219,2.5,5p2.(3P<2>).4f 2[3]*,0.01817,833,0.07
15589.7282,63790.947,2.5,"5p2.(3P<1>).7p (1,3/2)*",64432.395,1.5,5p2.(3P).7d ,0.001635,112.2,-0.01
15718.4264,64843.421,1.5,5p2.(1D).5d 2D,65479.617,0.5,"5p2.(1D<2>).6p (2,3/2)*",0.02569,3468,0.09
15773.0946,64209.43,0.5,"5p2.(3P<1>).7p (1,3/2)*",64843.421,1.5,5p2.(1D).5d 2D,0.0009612,64.43,0.01
15774.1644,63798.447,1.5,"5p2.(3P<1>).7p (1,1/2)*",64432.395,1.5,5p2.(3P).7d ,0.01909,1279,-0.06
15782.8283,65479.617,0.5,"5p2.(1D<2>).6p (2,3/2)*",66113.217,1.5,5p2.(3P).8s 4P,0.009662,646.8,-0.12
15826.1654,55232.963,1.5,5p2.(1D).6s 2D,55864.828,1.5,"5p2.(3P<1>).6p (1,3/2)*",9.641e-05,6.419,-0.0
15853.6643,61000.296,1.5,"5p2.(3P<0>).7p (0,3/2)*",61631.065,2.5,5p2.(3P).5d 2D,0.003668,162.2,-0.03
16015.5030,63649.462,1.5,5p2.(3P).7s 2P,64273.857,1.5,"5p2.(3P<0>).8p (0,3/2)*",0.003574,232.4,0.16
16097.4605,60765.293,0.5,"5p2.(3P<0>).7p (0,1/2)*",61386.509,0.5,5p2.(3P).7s 2P,0.1033,1.329e+04,0.47
16214.6035,64843.421,1.5,5p2.(1D).5d 2D,65460.149,2.5,5p2.(3P<1>).4f 2[3]*,0.002668,112.8,-0.02
16279.3272,63606.331,0.5,"5p2.(3P<1>).7p (1,1/2)*",64220.607,1.5,5p2.(3P).6d 2P,0.1578,9932,0.29
16308.4781,63900.527,1.5,"5p2.(3P<1>).7p (1,3/2)*",64513.705,2.5,5p2.(3P).6d 2F,0.0512,2140,0.08
16469.9062,66361.632,2.5,"5p2.(3P<2>).7p (2,1/2)*",66968.8,2.5,5p2.(3P).6d 2D,0.001772,72.62,0.0
16517.6227,63193.033,1.5,5p2.(3P).5d ,63798.447,1.5,"5p2.(3P<1>).7p (1,1/2)*",0.0005412,33.08,0.0
16557.7717,66353.859,0.5,5p2.(3P).6d 2P,66957.805,1.5,"5p2.(3P<2>).7p (2,3/2)*",0.03225,1962,-0.09
16724.8133,63193.033,1.5,5p2.(3P).5d ,63790.947,2.5,"5p2.(3P<1>).7p (1,3/2)*",0.0002655,10.55,0.0
16783.5642,60404.475,2.5,5p2.(3P).5d ,61000.296,1.5,"5p2.(3P<0>).7p (0,3/2)*",0.006833,404.5,-0.08
16834.7618,55134.255,1.5,"5p2.(3P<1>).6p (1,1/2)*",55728.264,2.5,5p2.(1D).6s 2D,0.01996,783.1,0.22
17141.1039,66685.1,0.5,"5p2.(3P<2>).7p (2,3/2)*",67268.493,1.5,5p2.(3P).6d 2D?,0.004427,251.3,-0.02
17217.6309,68070.1,1.5,5p2.(3P<2>).4f 2[1]*,68650.9,2.5,5p2.(3P).8s 4P,0.0003367,12.63,0.07
17486.0942,66113.217,1.5,5p2.(3P).8s 4P,66685.1,0.5,"5p2.(3P<2>).7p (2,3/2)*",0.001624,177.2,-0.01
17557.2894,64273.857,1.5,"5p2.(3P<0>).8p (0,3/2)*",64843.421,1.5,5p2.(1D).5d 2D,0.2539,1.373e+04,-0.65
17731.5339,67506.133,1.5,5p2.(3P).7d 4P,68070.1,1.5,5p2.(3P<2>).4f 2[1]*,0.02432,1290,0.17
17734.4270,66743.125,3.5,5p2.(3P).6d 4D,67307.0,2.5,"5p2.(3P<1>).8p (1,3/2)*",0.0001783,6.302,0.0
17748.8117,66405.382,3.5,"5p2.(3P<2>).7p (2,3/2)*",66968.8,2.5,5p2.(3P).6d 2D,0.06293,2221,-0.52
17858.1633,63649.462,1.5,5p2.(3P).7s 2P,64209.43,0.5,"5p2.(3P<1>).7p (1,3/2)*",0.019,1987,-0.22
17865.2779,64209.43,0.5,"5p2.(3P<1>).7p (1,3/2)*",64769.175,0.5,5p2.(3P).6d 4D,0.2402,2.51e+04,0.55
18109.6758,64432.395,1.5,5p2.(3P).7d ,64984.586,1.5,"5p2.(1D<2>).6p (2,1/2)*",0.003728,189.6,-0.02
18237.2595,66957.805,1.5,"5p2.(3P<2>).7p (2,3/2)*",67506.133,1.5,5p2.(3P).7d 4P,0.05134,2574,-0.06
18351.8228,65568.312,2.5,5p2.(3P<1>).4f 2[2]*,66113.217,1.5,5p2.(3P).8s 4P,0.009296,460.3,-0.04
18719.5807,67307.0,2.5,"5p2.(3P<1>).8p (1,3/2)*",67841.2,2.5,5p2.(3P).7d 4P?,0.01162,368.7,-0.13
18801.6576,63900.527,1.5,"5p2.(3P<1>).7p (1,3/2)*",64432.395,1.5,5p2.(3P).7d ,0.001353,63.83,-0.01
18802.5767,66009.712,0.5,5p2.(3P).8s 2P,66541.554,1.5,"5p2.(3P<2>).7p (2,1/2)*",0.01457,687.4,-0.05
18864.5431,65479.617,0.5,"5p2.(1D<2>).6p (2,3/2)*",66009.712,0.5,5p2.(3P).8s 2P,0.05536,5188,-0.29
19053.4258,64878.958,2.5,"5p2.(1D<2>).6p (2,3/2)*",65403.798,3.5,5p2.(1D).5d 2F,0.02928,672.5,0.03
19207.5355,66837.572,2.5,"5p2.(3P<2>).7p (2,3/2)*",67358.201,3.5,5p2.(3P).7d 4F,0.002457,55.52,0.0
19217.6495,58132.656,0.5,5p2.(3P).7s 4P,58653.011,0.5,"5p2.(3P<2>).6p (2,3/2)*",0.01493,1348,0.22
20149.1034,66968.8,2.5,5p2.(3P).6d 2D,67465.1,1.5,"5p2.(3P<1>).8p (1,3/2)*",0.0005927,24.34,0.0
20189.0503,64273.857,1.5,"5p2.(3P<0>).8p (0,3/2)*",64769.175,0.5,5p2.(3P).6d 4D,0.0001219,9.972,-0.01
20504.4084,67307.0,2.5,"5p2.(3P<1>).8p (1,3/2)*",67794.7,2.5,5p2.(3P).6d 4D?,3.156e-05,0.8345,0.0
20540.2918,68164.052,3.5,5p2.(3P<2>).4f 2[4]*,68650.9,2.5,5p2.(3P).8s 4P,0.0001472,3.879,-0.01
20905.9379,57597.203,0.5,5p2.(3P).5d 4D,58075.536,1.5,"5p2.(3P<2>).6p (2,1/2)*",0.00305,116.4,-0.05
21002.5791,55252.132,2.5,"5p2.(3P<1>).6p (1,3/2)*",55728.264,2.5,5p2.(1D).6s 2D,0.007367,185.7,0.12
21236.7881,64513.705,2.5,5p2.(3P).6d 2F,64984.586,1.5,"5p2.(1D<2>).6p (2,1/2)*",0.04337,1604,0.07
21311.9645,66957.805,1.5,"5p2.(3P<2>).7p (2,3/2)*",67427.025,0.5,5p2.(3P).7d ,0.01101,808.8,0.05
21460.5630,67375.229,1.5,"5p2.(3P<1>).8p (1,1/2)*",67841.2,2.5,5p2.(3P).7d 4P?,0.09625,2323,-0.55
21888.7352,58132.656,0.5,5p2.(3P).7s 4P,58589.512,1.5,"5p2.(3P<2>).6p (2,3/2)*",0.005806,202.1,0.15
22276.9741,63649.462,1.5,5p2.(3P).7s 2P,64098.356,0.5,"5p2.(3P<0>).8p (0,1/2)*",0.02852,1916,0.39
22316.5468,63825.759,0.5,5p2.(3P).6d ,64273.857,1.5,"5p2.(3P<0>).8p (0,3/2)*",0.007177,240.3,-0.38
22393.0564,64957.231,3.5,"5p2.(1D<2>).6p (2,3/2)*",65403.798,3.5,5p2.(1D).5d 2F,0.01905,316.7,-0.18
22393.2569,64432.395,1.5,5p2.(3P).7d ,64878.958,2.5,"5p2.(1D<2>).6p (2,3/2)*",5.382e-05,1.193,0.0
22498.4026,65565.236,1.5,5p2.(3P<1>).4f 2[2]*,66009.712,0.5,5p2.(3P).8s 2P,0.0004147,27.33,0.01
22546.5925,64513.705,2.5,5p2.(3P).6d 2F,64957.231,3.5,"5p2.(1D<2>).6p (2,3/2)*",0.0006623,10.86,-0.01
23206.1097,66837.572,2.5,"5p2.(3P<2>).7p (2,3/2)*",67268.493,1.5,5p2.(3P).6d 2D?,0.01497,463.7,-0.09
23274.2168,63790.947,2.5,"5p2.(3P<1>).7p (1,3/2)*",64220.607,1.5,5p2.(3P).6d 2P,0.001526,46.97,0.01
23346.1037,66113.217,1.5,5p2.(3P).8s 4P,66541.554,1.5,"5p2.(3P<2>).7p (2,1/2)*",0.007838,239.8,-0.02
23654.0267,63790.947,2.5,"5p2.(3P<1>).7p (1,3/2)*",64213.708,2.5,5p2.(3P).7d ,1.086e-05,0.2157,0.0
23687.7013,63798.447,1.5,"5p2.(3P<1>).7p (1,1/2)*",64220.607,1.5,5p2.(3P).6d 2P,0.02293,681.4,0.07
23839.5503,67375.229,1.5,"5p2.(3P<1>).8p (1,1/2)*",67794.7,2.5,5p2.(3P).6d 4D?,0.01497,292.8,-0.22
23843.7566,60580.899,1.5,5p2.(3P).6d 2D,61000.296,1.5,"5p2.(3P<0>).7p (0,3/2)*",0.008399,246.4,-0.19
24081.2405,63798.447,1.5,"5p2.(3P<1>).7p (1,1/2)*",64213.708,2.5,5p2.(3P).7d ,0.1389,2664,0.38
24195.6167,63193.033,1.5,5p2.(3P).5d ,63606.331,0.5,"5p2.(3P<1>).7p (1,1/2)*",6.034e-05,3.438,0.0
24604.5435,66968.8,2.5,5p2.(3P).6d 2D,67375.229,1.5,"5p2.(3P<1>).8p (1,1/2)*",0.01114,306.7,0.17
25542.1317,64120.879,3.5,5p2.(3P).6d 4F,64512.389,2.5,"5p2.(1D<2>).6p (2,1/2)*",0.00145,24.71,0.0
25892.4479,61000.296,1.5,"5p2.(3P<0>).7p (0,3/2)*",61386.509,0.5,5p2.(3P).7s 2P,0.008015,398.7,0.15
26025.0621,63516.282,2.5,5p2.(3P).7s 4P,63900.527,1.5,"5p2.(3P<1>).7p (1,3/2)*",0.0035,86.17,0.06
26212.8008,66361.632,2.5,"5p2.(3P<2>).7p (2,1/2)*",66743.125,3.5,5p2.(3P).6d 4D,0.02094,254.1,0.02
26588.6732,67465.1,1.5,"5p2.(3P<1>).8p (1,3/2)*",67841.2,2.5,5p2.(3P).7d 4P?,0.05394,848.3,-0.08
27074.4439,67794.7,2.5,5p2.(3P).6d 4D?,68164.052,3.5,5p2.(3P<2>).4f 2[4]*,0.003315,37.7,-0.01
27378.2830,64513.705,2.5,5p2.(3P).6d 2F,64878.958,2.5,"5p2.(1D<2>).6p (2,3/2)*",0.003035,45.01,0.01
27450.5067,64878.958,2.5,"5p2.(1D<2>).6p (2,3/2)*",65243.25,2.5,5p2.(1D).5d 2D,0.02071,305.5,0.08
27593.0576,67794.7,2.5,5p2.(3P).6d 4D?,68157.11,2.5,5p2.(3P<2>).4f 2[2]*,0.00113,16.5,0.01
28287.0228,67794.7,2.5,5p2.(3P).6d 4D?,68148.219,2.5,5p2.(3P<2>).4f 2[3]*,0.002395,33.28,0.01
29568.3028,66968.8,2.5,5p2.(3P).6d 2D,67307.0,2.5,"5p2.(3P<1>).8p (1,3/2)*",0.03046,387.3,0.54
29608.3116,66405.382,3.5,"5p2.(3P<2>).7p (2,3/2)*",66743.125,3.5,5p2.(3P).6d 4D,0.02594,246.7,-0.05
29936.6242,64098.356,0.5,"5p2.(3P<0>).8p (0,1/2)*",64432.395,1.5,5p2.(3P).7d ,0.1776,3304,0.75
30189.4995,66353.859,0.5,5p2.(3P).6d 2P,66685.1,0.5,"5p2.(3P<2>).7p (2,3/2)*",0.006726,246.1,-0.04
30208.5599,64512.389,2.5,"5p2.(1D<2>).6p (2,1/2)*",64843.421,1.5,5p2.(1D).5d 2D,0.002209,40.38,0.01
30309.2759,63790.947,2.5,"5p2.(3P<1>).7p (1,3/2)*",64120.879,3.5,5p2.(3P).6d 4F,2.249e-05,0.2041,0.0
30339.8058,67465.1,1.5,"5p2.(3P<1>).8p (1,3/2)*",67794.7,2.5,5p2.(3P).6d 4D?,0.001714,20.7,0.02
30763.3621,65243.25,2.5,5p2.(1D).5d 2D,65568.312,2.5,5p2.(3P<1>).4f 2[2]*,4.082e-05,0.4796,0.0
30973.9447,67841.2,2.5,5p2.(3P).7d 4P?,68164.052,3.5,5p2.(3P<2>).4f 2[4]*,0.0002327,2.022,0.0
31242.1895,63900.527,1.5,"5p2.(3P<1>).7p (1,3/2)*",64220.607,1.5,5p2.(3P).6d 2P,0.05228,893.2,0.26
31654.5852,67841.2,2.5,5p2.(3P).7d 4P?,68157.11,2.5,5p2.(3P<2>).4f 2[2]*,0.001772,19.66,0.05
31833.6501,67192.0,0.5,"5p2.(3P<1>).8p (1,1/2)*",67506.133,1.5,5p2.(3P).7d 4P,0.0009769,16.07,0.0
31930.4172,63900.527,1.5,"5p2.(3P<1>).7p (1,3/2)*",64213.708,2.5,5p2.(3P).7d ,0.003914,42.68,0.02
32186.6310,66957.805,1.5,"5p2.(3P<2>).7p (2,3/2)*",67268.493,1.5,5p2.(3P).6d 2D?,0.005803,93.42,-0.04
32571.2741,67841.2,2.5,5p2.(3P).7d 4P?,68148.219,2.5,5p2.(3P<2>).4f 2[3]*,0.002024,21.21,-0.04
33480.5361,64213.708,2.5,5p2.(3P).7d ,64512.389,2.5,"5p2.(1D<2>).6p (2,1/2)*",8.429e-05,0.836,0.0
34272.1621,64220.607,1.5,5p2.(3P).6d 2P,64512.389,2.5,"5p2.(1D<2>).6p (2,1/2)*",0.02095,198.3,0.13
34702.9428,65243.25,2.5,5p2.(1D).5d 2D,65531.41,3.5,5p2.(3P<1>).4f 2[4]*,0.01824,126.2,0.13
34962.7123,64957.231,3.5,"5p2.(1D<2>).6p (2,3/2)*",65243.25,2.5,5p2.(1D).5d 2D,0.00197,17.92,0.03
35440.2566,63516.282,2.5,5p2.(3P).7s 4P,63798.447,1.5,"5p2.(3P<1>).7p (1,1/2)*",0.001589,21.1,-0.03
36310.8206,67794.7,2.5,5p2.(3P).6d 4D?,68070.1,1.5,5p2.(3P<2>).4f 2[1]*,0.0004322,5.466,0.01
36407.9879,63516.282,2.5,5p2.(3P).7s 4P,63790.947,2.5,"5p2.(3P<1>).7p (1,3/2)*",0.02275,190.8,-0.12
36579.5221,58589.512,1.5,"5p2.(3P<2>).6p (2,3/2)*",58862.889,2.5,5p2.(3P).5d 4D,0.004153,34.51,-0.18
36684.1895,63825.759,0.5,5p2.(3P).6d ,64098.356,0.5,"5p2.(3P<0>).8p (0,1/2)*",0.001481,36.69,0.17
37271.2940,57287.052,2.5,5p2.(3P).5d 2F,57555.355,3.5,"5p2.(3P<2>).6p (2,3/2)*",0.0002942,1.766,-0.04
38660.1924,64984.586,1.5,"5p2.(1D<2>).6p (2,1/2)*",65243.25,2.5,5p2.(1D).5d 2D,0.02895,215.3,0.1
39830.3228,63649.462,1.5,5p2.(3P).7s 2P,63900.527,1.5,"5p2.(3P<1>).7p (1,3/2)*",0.0164,172.3,-0.12
40255.2181,66113.217,1.5,5p2.(3P).8s 4P,66361.632,2.5,"5p2.(3P<2>).7p (2,1/2)*",0.1125,772,-0.37
41693.0723,64273.857,1.5,"5p2.(3P<0>).8p (0,3/2)*",64513.705,2.5,5p2.(3P).6d 2F,0.0001129,0.722,-0.02
42548.6650,67192.0,0.5,"5p2.(3P<1>).8p (1,1/2)*",67427.025,0.5,5p2.(3P).7d ,0.06166,1136,-0.71
43687.1997,67841.2,2.5,5p2.(3P).7d 4P?,68070.1,1.5,5p2.(3P<2>).4f 2[1]*,0.0002972,2.597,-0.03
44649.6343,65243.25,2.5,5p2.(1D).5d 2D,65467.216,3.5,5p2.(3P<1>).4f 2[3]*,0.001985,8.303,0.04
44850.0886,64209.43,0.5,"5p2.(3P<1>).7p (1,3/2)*",64432.395,1.5,5p2.(3P).7d ,2.365e-05,0.1961,0.0
45573.0353,63606.331,0.5,"5p2.(3P<1>).7p (1,1/2)*",63825.759,0.5,5p2.(3P).6d ,0.0007413,11.9,0.05
46104.4080,65243.25,2.5,5p2.(1D).5d 2D,65460.149,2.5,5p2.(3P<1>).4f 2[3]*,7.124e-05,0.3726,-0.0
46422.8846,64769.175,0.5,5p2.(3P).6d 4D,64984.586,1.5,"5p2.(1D<2>).6p (2,1/2)*",0.0006394,4.947,0.03
50155.9851,60765.293,0.5,"5p2.(3P<0>).7p (0,1/2)*",60964.671,1.5,5p2.(3P).7s 4P,0.009135,60.55,-0.35
50217.6937,67307.0,2.5,"5p2.(3P<1>).8p (1,3/2)*",67506.133,1.5,5p2.(3P).7d 4P,0.02566,169.7,0.41
50862.8889,67268.493,1.5,5p2.(3P).6d 2D?,67465.1,1.5,"5p2.(3P<1>).8p (1,3/2)*",0.0009799,6.316,-0.05
54231.6995,60580.899,1.5,5p2.(3P).6d 2D,60765.293,0.5,"5p2.(3P<0>).7p (0,1/2)*",0.01448,164.2,-0.21
60785.1004,65403.798,3.5,5p2.(1D).5d 2F,65568.312,2.5,5p2.(3P<1>).4f 2[2]*,7.95e-05,0.2392,-0.0
63076.3602,64273.857,1.5,"5p2.(3P<0>).8p (0,3/2)*",64432.395,1.5,5p2.(3P).7d ,0.01319,55.3,0.6
63313.5795,55993.858,0.5,"5p2.(3P<1>).6p (1,3/2)*",56151.802,1.5,5p2.(3P).5d 4P,0.003628,15.09,0.22
64843.6943,65959.0,1.5,"5p2.(1D<2>).6p (2,3/2)*",66113.217,1.5,5p2.(3P).8s 4P,0.0007663,3.039,0.02
70678.8706,63649.462,1.5,5p2.(3P).7s 2P,63790.947,2.5,"5p2.(3P<1>).7p (1,3/2)*",0.00497,11.06,-0.05
70839.0890,64843.421,1.5,5p2.(1D).5d 2D,64984.586,1.5,"5p2.(1D<2>).6p (2,1/2)*",0.002323,7.719,0.02
73225.7403,55728.264,2.5,5p2.(1D).6s 2D,55864.828,1.5,"5p2.(3P<1>).6p (1,3/2)*",0.001287,4.001,-0.1
75127.5290,67268.493,1.5,5p2.(3P).6d 2D?,67401.6,0.5,"5p2.(3P<1>).8p (1,3/2)*",2.977e-06,0.01759,-0.0
76203.2493,66837.572,2.5,"5p2.(3P<2>).7p (2,3/2)*",66968.8,2.5,5p2.(3P).6d 2D,0.08296,158.8,0.42
76225.9031,55120.943,2.5,5p2.(3P).5d 4F,55252.132,2.5,"5p2.(3P<1>).6p (1,3/2)*",0.01317,25.21,0.53
76391.8597,67375.229,1.5,"5p2.(3P<1>).8p (1,1/2)*",67506.133,1.5,5p2.(3P).7d 4P,0.01546,44.19,0.21
78362.5364,65403.798,3.5,5p2.(1D).5d 2F,65531.41,3.5,5p2.(3P<1>).4f 2[4]*,0.0003912,0.5311,0.04
80649.0637,65403.798,3.5,5p2.(1D).5d 2F,65527.792,4.5,5p2.(3P<1>).4f 2[4]*,0.002067,2.119,0.07
81110.8948,57287.052,2.5,5p2.(3P).5d 2F,57410.34,2.5,"5p2.(3P<2>).6p (2,1/2)*",0.001155,1.951,0.05
81798.9219,64098.356,0.5,"5p2.(3P<0>).8p (0,1/2)*",64220.607,1.5,5p2.(3P).6d 2P,0.02644,65.9,0.4
92029.3390,58835.487,2.5,"5p2.(3P<2>).6p (2,3/2)*",58944.148,3.5,5p2.(3P).5d 4D,0.01213,11.94,0.22
93689.1021,67268.493,1.5,5p2.(3P).6d 2D?,67375.229,1.5,"5p2.(3P<1>).8p (1,1/2)*",0.002218,4.215,0.18
95663.5704,67401.6,0.5,"5p2.(3P<1>).8p (1,3/2)*",67506.133,1.5,5p2.(3P).7d 4P,0.0004393,0.8004,-0.01
101308.9111,55134.255,1.5,"5p2.(3P<1>).6p (1,1/2)*",55232.963,1.5,5p2.(1D).6s 2D,0.004304,6.993,0.3
105879.4880,66743.125,3.5,5p2.(3P).6d 4D,66837.572,2.5,"5p2.(3P<2>).7p (2,3/2)*",0.0633,62.78,0.22
107129.4660,58653.011,0.5,"5p2.(3P<2>).6p (2,3/2)*",58746.356,1.5,5p2.(3P).5d 4D,0.0001138,0.1653,0.01
112194.4105,58746.356,1.5,5p2.(3P).5d 4D,58835.487,2.5,"5p2.(3P<2>).6p (2,3/2)*",0.004032,3.561,0.49
118545.2131,68079.696,3.5,5p2.(3P).6d 2F,68164.052,3.5,5p2.(3P<2>).4f 2[4]*,0.02567,15.23,0.37
125009.3757,64432.395,1.5,5p2.(3P).7d ,64512.389,2.5,"5p2.(1D<2>).6p (2,1/2)*",0.0002312,0.1644,-0.01
129175.6013,68079.696,3.5,5p2.(3P).6d 2F,68157.11,2.5,5p2.(3P<2>).4f 2[2]*,0.001669,1.112,0.24
130730.9166,67192.0,0.5,"5p2.(3P<1>).8p (1,1/2)*",67268.493,1.5,5p2.(3P).6d 2D?,3.612e-06,0.003524,-0.0
133747.0576,63825.759,0.5,5p2.(3P).6d ,63900.527,1.5,"5p2.(3P<1>).7p (1,3/2)*",2.02e-05,0.01883,0.0
145936.4009,68079.696,3.5,5p2.(3P).6d 2F,68148.219,2.5,5p2.(3P<2>).4f 2[3]*,0.003753,1.959,-0.33
157683.9383,65403.798,3.5,5p2.(1D).5d 2F,65467.216,3.5,5p2.(3P<1>).4f 2[3]*,0.000103,0.03453,-0.03
166253.8031,64213.708,2.5,5p2.(3P).7d ,64273.857,1.5,"5p2.(3P<0>).8p (0,3/2)*",0.03468,20.92,-0.72
177459.1400,65403.798,3.5,5p2.(1D).5d 2F,65460.149,2.5,5p2.(3P<1>).4f 2[3]*,0.0002149,0.07588,-0.08
187793.4272,64220.607,1.5,5p2.(3P).6d 2P,64273.857,1.5,"5p2.(3P<0>).8p (0,3/2)*",0.0009101,0.4303,-0.11
193065.1016,67375.229,1.5,"5p2.(3P<1>).8p (1,1/2)*",67427.025,0.5,5p2.(3P).7d ,0.0004048,0.3622,-0.28
195308.6854,67307.0,2.5,"5p2.(3P<1>).8p (1,3/2)*",67358.201,3.5,5p2.(3P).7d 4F,0.01856,4.058,0.56
197191.9861,65959.0,1.5,"5p2.(1D<2>).6p (2,3/2)*",66009.712,0.5,5p2.(3P).8s 2P,0.00249,2.136,-0.12
243706.2852,67465.1,1.5,"5p2.(3P<1>).8p (1,3/2)*",67506.133,1.5,5p2.(3P).7d 4P,0.006949,1.951,0.2
254323.4995,62462.408,2.5,5p2.(3P<0>).4f 2[3]*,62501.728,2.5,5p2.(3P).6d 4F,0.000125,0.02148,-0.01
259693.0428,67268.493,1.5,5p2.(3P).6d 2D?,67307.0,2.5,"5p2.(3P<1>).8p (1,3/2)*",0.0004957,0.08171,0.16
262639.5272,67427.025,0.5,5p2.(3P).7d ,67465.1,1.5,"5p2.(3P<1>).8p (1,3/2)*",0.003791,0.9164,-0.26
279470.1246,62465.946,3.5,5p2.(3P<0>).4f 2[3]*,62501.728,2.5,5p2.(3P).6d 4F,0.005613,0.799,0.09
281396.8540,64843.421,1.5,5p2.(1D).5d 2D,64878.958,2.5,"5p2.(1D<2>).6p (2,3/2)*",0.0002748,0.03857,-0.02
364936.8659,58835.487,2.5,"5p2.(3P<2>).6p (2,3/2)*",58862.889,2.5,5p2.(3P).5d 4D,0.004528,0.378,0.58
366139.4259,63798.447,1.5,"5p2.(3P<1>).7p (1,1/2)*",63825.759,0.5,5p2.(3P).6d ,5.383e-05,0.01339,0.02
393313.6677,67401.6,0.5,"5p2.(3P<1>).8p (1,3/2)*",67427.025,0.5,5p2.(3P).7d ,0.001382,0.298,0.41
440218.3483,66405.382,3.5,"5p2.(3P<2>).7p (2,3/2)*",66428.098,4.5,5p2.(3P).6d 4F,0.05481,1.886,0.71
521675.6221,55232.963,1.5,5p2.(1D).6s 2D,55252.132,2.5,"5p2.(3P<1>).6p (1,3/2)*",4.496e-05,0.001836,0.03
751201.9231,55120.943,2.5,5p2.(3P).5d 4F,55134.255,1.5,"5p2.(3P<1>).6p (1,1/2)*",0.003337,0.09861,0.6
909504.3201,66957.805,1.5,"5p2.(3P<2>).7p (2,3/2)*",66968.8,2.5,5p2.(3P).6d 2D,0.000512,0.006881,-0.06
