wavelength_vac_nm,lower_E_cm,lower_J,lower_level,upper_E_cm,upper_J,upper_level,gf,A_s,cancellation_factor
96.6940,0.0,0.0,5p6 1S,103419.0,1.0,5p5.(2P*<1/2>).7d 2[3/2]*,2.588,6.154e+09,-0.71
98.5940,0.0,0.0,5p6 1S,101426.0,1.0,5p5.(2P*<1/2>).8s 2[1/2]*,0.0116,2.653e+07,0.11
99.5837,0.0,0.0,5p6 1S,100418.0,1.0,5p5.(2P*<1/2>).6d 2[3/2]*,0.6507,1.459e+09,-0.31
104.3835,0.0,0.0,5p6 1S,95800.584,1.0,5p5.(2P*<1/2>).7s 2[1/2]*,0.144,2.938e+08,0.26
106.8168,0.0,0.0,5p6 1S,93618.24,1.0,5p5.(2P*<1/2>).5d 2[3/2]*,0.5859,1.142e+09,-0.19
107.8585,0.0,0.0,5p6 1S,92714.038,1.0,5p5.(2P*<3/2>).7d 2[3/2]*,0.0001601,3.061e+05,-0.0
108.5443,0.0,0.0,5p6 1S,92128.287,1.0,5p5.(2P*<3/2>).7d 2[1/2]*,0.004652,8.779e+06,0.01
109.9718,0.0,0.0,5p6 1S,90932.432,1.0,5p5.(2P*<3/2>).8s 2[3/2]*,0.03841,7.061e+07,-0.19
111.0714,0.0,0.0,5p6 1S,90032.155,1.0,5p5.(2P*<3/2>).6d 2[3/2]*,0.01893,3.412e+07,0.1
112.9308,0.0,0.0,5p6 1S,88549.775,1.0,5p5.(2P*<3/2>).6d 2[1/2]*,0.007771,1.355e+07,-0.04
117.0412,0.0,0.0,5p6 1S,85440.017,1.0,5p5.(2P*<3/2>).7s 2[3/2]*,0.1409,2.288e+08,-0.35
119.2038,0.0,0.0,5p6 1S,83889.971,1.0,5p5.(2P*<3/2>).5d 2[3/2]*,0.83,1.299e+09,-0.3
125.0209,0.0,0.0,5p6 1S,79986.618,1.0,5p5.(2P*<3/2>).5d 2[1/2]*,0.03285,4.672e+07,-0.17
129.5588,0.0,0.0,5p6 1S,77185.041,1.0,5p5.(2P*<1/2>).6s 2[1/2]*,0.3222,4.269e+08,0.74
146.9612,0.0,0.0,5p6 1S,68045.156,1.0,5p5.(2P*<3/2>).6s 2[3/2]*,0.3732,3.842e+08,-0.88
271.2684,67067.547,2.0,5p5.(2P*<3/2>).6s 2[3/2]*,103931.4,2.0,5p5.(2P*<1/2>).5f 2[5/2],2.2e-08,3.988,-0.0
271.2920,67067.547,2.0,5p5.(2P*<3/2>).6s 2[3/2]*,103928.2,3.0,5p5.(2P*<1/2>).5f 2[5/2],5.676e-05,7349,-0.0
271.2920,67067.547,2.0,5p5.(2P*<3/2>).6s 2[3/2]*,103928.2,3.0,5p5.(2P*<1/2>).5f 2[7/2],0.002324,3.009e+05,0.01
278.6583,68045.156,1.0,5p5.(2P*<3/2>).6s 2[3/2]*,103931.4,2.0,5p5.(2P*<1/2>).5f 2[5/2],0.0007003,1.203e+05,-0.28
291.0212,67067.547,2.0,5p5.(2P*<3/2>).6s 2[3/2]*,101429.3,2.0,5p5.(2P*<1/2>).4f 2[5/2],0.0008744,1.377e+05,-0.01
291.0594,67067.547,2.0,5p5.(2P*<3/2>).6s 2[3/2]*,101424.8,3.0,5p5.(2P*<1/2>).4f 2[5/2],0.002691,3.026e+05,0.01
291.0594,67067.547,2.0,5p5.(2P*<3/2>).6s 2[3/2]*,101424.8,3.0,5p5.(2P*<1/2>).4f 2[7/2],5.976e-05,6722,0.0
299.5434,68045.156,1.0,5p5.(2P*<3/2>).6s 2[3/2]*,101429.3,2.0,5p5.(2P*<1/2>).4f 2[5/2],0.002022,3.007e+05,0.01
312.4917,67067.547,2.0,5p5.(2P*<3/2>).6s 2[3/2]*,99068.4,2.0,5p5.(2P*<1/2>).7p 2[3/2],0.0005411,7.392e+04,-0.0
312.6441,67067.547,2.0,5p5.(2P*<3/2>).6s 2[3/2]*,99052.8,1.0,5p5.(2P*<1/2>).7p 2[1/2],0.002332,5.305e+05,0.01
314.5895,67067.547,2.0,5p5.(2P*<3/2>).6s 2[3/2]*,98855.0,1.0,5p5.(2P*<1/2>).7p 2[3/2],6.988e-05,1.57e+04,0.0
322.3390,68045.156,1.0,5p5.(2P*<3/2>).6s 2[3/2]*,99068.4,2.0,5p5.(2P*<1/2>).7p 2[3/2],0.001804,2.316e+05,0.01
322.5011,68045.156,1.0,5p5.(2P*<3/2>).6s 2[3/2]*,99052.8,1.0,5p5.(2P*<1/2>).7p 2[1/2],0.0006248,1.336e+05,0.0
324.5716,68045.156,1.0,5p5.(2P*<3/2>).6s 2[3/2]*,98855.0,1.0,5p5.(2P*<1/2>).7p 2[3/2],0.0004594,9.697e+04,-0.01
373.8827,77185.041,1.0,5p5.(2P*<1/2>).6s 2[1/2]*,103931.4,2.0,5p5.(2P*<1/2>).5f 2[5/2],0.02191,2.091e+06,0.53
379.4595,67067.547,2.0,5p5.(2P*<3/2>).6s 2[3/2]*,93420.823,3.0,5p5.(2P*<3/2>).5f 2[7/2],0.001946,1.288e+05,0.01
379.7023,67067.547,2.0,5p5.(2P*<3/2>).6s 2[3/2]*,93403.966,2.0,5p5.(2P*<3/2>).5f 2[5/2],0.0002361,2.185e+04,-0.01
379.7384,67067.547,2.0,5p5.(2P*<3/2>).6s 2[3/2]*,93401.466,3.0,5p5.(2P*<3/2>).5f 2[5/2],0.0005984,3.954e+04,-0.01
380.2470,67067.547,2.0,5p5.(2P*<3/2>).6s 2[3/2]*,93366.245,2.0,5p5.(2P*<3/2>).5f 2[3/2],0.0001149,1.06e+04,-0.0
380.2986,67067.547,2.0,5p5.(2P*<3/2>).6s 2[3/2]*,93362.671,1.0,5p5.(2P*<3/2>).5f 2[3/2],6.221e-05,9564,0.01
382.4113,77269.145,1.0,5p5.(2P*<3/2>).6p 2[1/2],103419.0,1.0,5p5.(2P*<1/2>).7d 2[3/2]*,6.213e-05,9447,0.0
394.3403,68045.156,1.0,5p5.(2P*<3/2>).6s 2[3/2]*,93403.966,2.0,5p5.(2P*<3/2>).5f 2[5/2],0.0005508,4.726e+04,0.01
394.9277,68045.156,1.0,5p5.(2P*<3/2>).6s 2[3/2]*,93366.245,2.0,5p5.(2P*<3/2>).5f 2[3/2],3.116e-05,2665,0.0
394.9835,68045.156,1.0,5p5.(2P*<3/2>).6s 2[3/2]*,93362.671,1.0,5p5.(2P*<3/2>).5f 2[3/2],0.0004582,6.531e+04,-0.01
395.2042,67067.547,2.0,5p5.(2P*<3/2>).6s 2[3/2]*,92370.923,2.0,5p5.(2P*<3/2>).8p 2[3/2],0.005483,4.684e+05,0.05
395.2694,78119.798,2.0,5p5.(2P*<3/2>).6p 2[5/2],103419.0,1.0,5p5.(2P*<1/2>).7d 2[3/2]*,0.003095,4.405e+05,-0.01
395.7963,67067.547,2.0,5p5.(2P*<3/2>).6s 2[3/2]*,92333.066,1.0,5p5.(2P*<3/2>).8p 2[3/2],1.055e-06,149.7,0.0
396.8663,67067.547,2.0,5p5.(2P*<3/2>).6s 2[3/2]*,92264.95,3.0,5p5.(2P*<3/2>).8p 2[5/2],0.0317,1.918e+06,0.44
397.5540,67067.547,2.0,5p5.(2P*<3/2>).6s 2[3/2]*,92221.362,2.0,5p5.(2P*<3/2>).8p 2[5/2],0.005822,4.915e+05,-0.11
398.6330,67067.547,2.0,5p5.(2P*<3/2>).6s 2[3/2]*,92153.279,1.0,5p5.(2P*<3/2>).8p 2[1/2],0.02014,2.818e+06,0.07
407.9971,68045.156,1.0,5p5.(2P*<3/2>).6s 2[3/2]*,92555.135,0.0,5p5.(2P*<3/2>).8p 2[1/2],0.00318,1.274e+06,0.03
408.7811,78956.031,1.0,5p5.(2P*<3/2>).6p 2[3/2],103419.0,1.0,5p5.(2P*<1/2>).7d 2[3/2]*,0.008828,1.175e+06,0.01
411.7275,68045.156,1.0,5p5.(2P*<3/2>).6s 2[3/2]*,92333.066,1.0,5p5.(2P*<3/2>).8p 2[3/2],0.002148,2.818e+05,0.03
412.4688,77185.041,1.0,5p5.(2P*<1/2>).6s 2[1/2]*,101429.3,2.0,5p5.(2P*<1/2>).4f 2[5/2],0.0009521,7.466e+04,-0.0
413.1116,79212.465,2.0,5p5.(2P*<3/2>).6p 2[3/2],103419.0,1.0,5p5.(2P*<1/2>).7d 2[3/2]*,0.0003703,4.824e+04,-0.0
413.6298,68045.156,1.0,5p5.(2P*<3/2>).6s 2[3/2]*,92221.362,2.0,5p5.(2P*<3/2>).8p 2[5/2],0.001097,8.551e+04,0.02
413.9612,77269.145,1.0,5p5.(2P*<3/2>).6p 2[1/2],101426.0,1.0,5p5.(2P*<1/2>).8s 2[1/2]*,0.0007473,9.696e+04,-0.0
414.7980,68045.156,1.0,5p5.(2P*<3/2>).6s 2[3/2]*,92153.279,1.0,5p5.(2P*<3/2>).8p 2[1/2],0.001867,2.412e+05,0.02
417.6275,79986.618,1.0,5p5.(2P*<3/2>).5d 2[1/2]*,103931.4,2.0,5p5.(2P*<1/2>).5f 2[5/2],0.01431,1.094e+06,0.52
418.8218,67067.547,2.0,5p5.(2P*<3/2>).6s 2[3/2]*,90944.05,3.0,5p5.(2P*<3/2>).4f 2[7/2],0.001442,7.833e+04,-0.01
419.4190,67067.547,2.0,5p5.(2P*<3/2>).6s 2[3/2]*,90910.052,2.0,5p5.(2P*<3/2>).4f 2[5/2],7.62e-05,5779,-0.0
419.4711,67067.547,2.0,5p5.(2P*<3/2>).6s 2[3/2]*,90907.09,3.0,5p5.(2P*<3/2>).4f 2[5/2],3.911e-06,211.8,0.0
420.4880,67067.547,2.0,5p5.(2P*<3/2>).6s 2[3/2]*,90849.44,2.0,5p5.(2P*<3/2>).4f 2[3/2],0.0004646,3.506e+04,0.0
420.6589,67067.547,2.0,5p5.(2P*<3/2>).6s 2[3/2]*,90839.777,1.0,5p5.(2P*<3/2>).4f 2[3/2],5.343e-05,6713,-0.0
421.3796,80196.629,4.0,5p5.(2P*<3/2>).5d 2[7/2]*,103928.2,3.0,5p5.(2P*<1/2>).5f 2[5/2],6.329e-06,339.7,-0.0
421.3796,80196.629,4.0,5p5.(2P*<3/2>).5d 2[7/2]*,103928.2,3.0,5p5.(2P*<1/2>).5f 2[7/2],0.0003667,1.968e+04,0.01
421.3796,80196.629,4.0,5p5.(2P*<3/2>).5d 2[7/2]*,103928.2,4.0,5p5.(2P*<1/2>).5f 2[7/2],1.743e-06,72.77,-0.0
423.5735,80322.746,2.0,5p5.(2P*<3/2>).5d 2[3/2]*,103931.4,2.0,5p5.(2P*<1/2>).5f 2[5/2],0.01196,8.896e+05,-0.51
423.6309,80322.746,2.0,5p5.(2P*<3/2>).5d 2[3/2]*,103928.2,3.0,5p5.(2P*<1/2>).5f 2[5/2],5.15e-06,273.5,-0.0
423.6309,80322.746,2.0,5p5.(2P*<3/2>).5d 2[3/2]*,103928.2,3.0,5p5.(2P*<1/2>).5f 2[7/2],0.000132,7010,0.0
429.0703,78119.798,2.0,5p5.(2P*<3/2>).6p 2[5/2],101426.0,1.0,5p5.(2P*<1/2>).8s 2[1/2]*,6.65e-05,8032,-0.0
429.1838,80118.962,0.0,5p5.(2P*<3/2>).6p 2[1/2],103419.0,1.0,5p5.(2P*<1/2>).7d 2[3/2]*,0.1115,1.346e+07,-0.03
431.9868,77269.145,1.0,5p5.(2P*<3/2>).6p 2[1/2],100418.0,1.0,5p5.(2P*<1/2>).6d 2[3/2]*,0.0009521,1.134e+05,0.0
435.5218,80970.438,3.0,5p5.(2P*<3/2>).5d 2[7/2]*,103931.4,2.0,5p5.(2P*<1/2>).5f 2[5/2],0.001058,7.443e+04,-0.64
435.5825,80970.438,3.0,5p5.(2P*<3/2>).5d 2[7/2]*,103928.2,3.0,5p5.(2P*<1/2>).5f 2[5/2],1.03e-05,517.5,-0.0
435.5825,80970.438,3.0,5p5.(2P*<3/2>).5d 2[7/2]*,103928.2,3.0,5p5.(2P*<1/2>).5f 2[7/2],2.615e-05,1313,0.0
435.5825,80970.438,3.0,5p5.(2P*<3/2>).5d 2[7/2]*,103928.2,4.0,5p5.(2P*<1/2>).5f 2[7/2],0.0004913,1.919e+04,0.0
437.3517,68045.156,1.0,5p5.(2P*<3/2>).6s 2[3/2]*,90910.052,2.0,5p5.(2P*<3/2>).4f 2[5/2],0.0003515,2.452e+04,0.0
437.5212,76196.767,0.0,5p5.(2P*<1/2>).6s 2[1/2]*,99052.8,1.0,5p5.(2P*<1/2>).7p 2[1/2],0.005936,6.895e+05,0.01
438.5141,68045.156,1.0,5p5.(2P*<3/2>).6s 2[3/2]*,90849.44,2.0,5p5.(2P*<3/2>).4f 2[3/2],0.0006028,4.182e+04,-0.0
438.7000,68045.156,1.0,5p5.(2P*<3/2>).6s 2[3/2]*,90839.777,1.0,5p5.(2P*<3/2>).4f 2[3/2],0.0004186,4.836e+04,0.0
441.3407,76196.767,0.0,5p5.(2P*<1/2>).6s 2[1/2]*,98855.0,1.0,5p5.(2P*<1/2>).7p 2[3/2],0.0175,1.998e+06,0.1
445.0384,78956.031,1.0,5p5.(2P*<3/2>).6p 2[3/2],101426.0,1.0,5p5.(2P*<1/2>).8s 2[1/2]*,1.476e-06,165.7,-0.0
448.4667,78119.798,2.0,5p5.(2P*<3/2>).6p 2[5/2],100418.0,1.0,5p5.(2P*<1/2>).6d 2[3/2]*,0.004446,4.915e+05,-0.02
450.1760,79212.465,2.0,5p5.(2P*<3/2>).6p 2[3/2],101426.0,1.0,5p5.(2P*<1/2>).8s 2[1/2]*,0.0001094,1.2e+04,0.0
450.2241,67067.547,2.0,5p5.(2P*<3/2>).6s 2[3/2]*,89278.706,1.0,5p5.(2P*<1/2>).6p 2[1/2],0.01849,2.028e+06,-0.01
452.5950,67067.547,2.0,5p5.(2P*<3/2>).6s 2[3/2]*,89162.356,2.0,5p5.(2P*<1/2>).6p 2[3/2],0.01374,8.951e+05,0.0
454.4239,81925.514,2.0,5p5.(2P*<3/2>).5d 2[5/2]*,103931.4,2.0,5p5.(2P*<1/2>).5f 2[5/2],0.08452,5.46e+06,-0.71
454.4900,81925.514,2.0,5p5.(2P*<3/2>).5d 2[5/2]*,103928.2,3.0,5p5.(2P*<1/2>).5f 2[5/2],2.335e-05,1077,0.0
456.9682,77185.041,1.0,5p5.(2P*<1/2>).6s 2[1/2]*,99068.4,2.0,5p5.(2P*<1/2>).7p 2[3/2],0.02433,1.555e+06,0.04
457.2942,77185.041,1.0,5p5.(2P*<1/2>).6s 2[1/2]*,99052.8,1.0,5p5.(2P*<1/2>).7p 2[1/2],0.02509,2.668e+06,0.02
458.4031,68045.156,1.0,5p5.(2P*<3/2>).6s 2[3/2]*,89860.015,0.0,5p5.(2P*<1/2>).6p 2[1/2],0.002771,8.795e+05,-0.0
461.3182,67067.547,2.0,5p5.(2P*<3/2>).6s 2[3/2]*,88744.559,1.0,5p5.(2P*<3/2>).7p 2[3/2],0.001974,2.062e+05,-0.01
461.4683,77185.041,1.0,5p5.(2P*<1/2>).6s 2[1/2]*,98855.0,1.0,5p5.(2P*<1/2>).7p 2[3/2],0.01675,1.749e+06,-0.06
462.5571,67067.547,2.0,5p5.(2P*<3/2>).6s 2[3/2]*,88686.5,2.0,5p5.(2P*<3/2>).7p 2[3/2],0.004715,2.94e+05,0.04
465.0904,82430.204,3.0,5p5.(2P*<3/2>).5d 2[5/2]*,103931.4,2.0,5p5.(2P*<1/2>).5f 2[5/2],0.001251,7.715e+04,-0.55
465.1596,82430.204,3.0,5p5.(2P*<3/2>).5d 2[5/2]*,103928.2,3.0,5p5.(2P*<1/2>).5f 2[5/2],0.0001653,7281,0.0
465.1596,82430.204,3.0,5p5.(2P*<3/2>).5d 2[5/2]*,103928.2,3.0,5p5.(2P*<1/2>).5f 2[7/2],0.0001615,7113,-0.0
465.1596,82430.204,3.0,5p5.(2P*<3/2>).5d 2[5/2]*,103928.2,4.0,5p5.(2P*<1/2>).5f 2[7/2],0.001409,4.825e+04,-0.0
465.9405,78956.031,1.0,5p5.(2P*<3/2>).6p 2[3/2],100418.0,1.0,5p5.(2P*<1/2>).6d 2[3/2]*,0.03319,3.4e+06,0.03
466.3596,79986.618,1.0,5p5.(2P*<3/2>).5d 2[1/2]*,101429.3,2.0,5p5.(2P*<1/2>).4f 2[5/2],0.05321,3.264e+06,-0.02
467.2533,67067.547,2.0,5p5.(2P*<3/2>).6s 2[3/2]*,88469.213,3.0,5p5.(2P*<3/2>).7p 2[5/2],0.05863,2.559e+06,0.31
469.2285,67067.547,2.0,5p5.(2P*<3/2>).6s 2[3/2]*,88379.126,1.0,5p5.(2P*<1/2>).6p 2[3/2],0.0004076,4.116e+04,-0.0
469.3285,80118.962,0.0,5p5.(2P*<3/2>).6p 2[1/2],101426.0,1.0,5p5.(2P*<1/2>).8s 2[1/2]*,1.326e-05,1339,-0.0
469.8335,67067.547,2.0,5p5.(2P*<3/2>).6s 2[3/2]*,88351.681,2.0,5p5.(2P*<3/2>).7p 2[5/2],0.02386,1.442e+06,0.02
470.9528,68045.156,1.0,5p5.(2P*<3/2>).6s 2[3/2]*,89278.706,1.0,5p5.(2P*<1/2>).6p 2[1/2],0.0004947,4.96e+04,-0.0
471.0721,80196.629,4.0,5p5.(2P*<3/2>).5d 2[7/2]*,101424.8,3.0,5p5.(2P*<1/2>).4f 2[5/2],0.001115,4.787e+04,0.01
471.0721,80196.629,4.0,5p5.(2P*<3/2>).5d 2[7/2]*,101424.8,3.0,5p5.(2P*<1/2>).4f 2[7/2],0.003179,1.365e+05,0.03
471.5750,79212.465,2.0,5p5.(2P*<3/2>).6p 2[3/2],100418.0,1.0,5p5.(2P*<1/2>).6d 2[3/2]*,0.004883,4.882e+05,-0.03
473.5476,68045.156,1.0,5p5.(2P*<3/2>).6s 2[3/2]*,89162.356,2.0,5p5.(2P*<1/2>).6p 2[3/2],0.005517,3.282e+05,0.0
473.7865,80322.746,2.0,5p5.(2P*<3/2>).5d 2[3/2]*,101429.3,2.0,5p5.(2P*<1/2>).4f 2[5/2],0.0493,2.93e+06,0.03
473.8875,80322.746,2.0,5p5.(2P*<3/2>).5d 2[3/2]*,101424.8,3.0,5p5.(2P*<1/2>).4f 2[5/2],0.001403,5.955e+04,0.0
473.8875,80322.746,2.0,5p5.(2P*<3/2>).5d 2[3/2]*,101424.8,3.0,5p5.(2P*<1/2>).4f 2[7/2],0.03383,1.436e+06,0.01
479.3959,67067.547,2.0,5p5.(2P*<3/2>).6s 2[3/2]*,87927.131,1.0,5p5.(2P*<3/2>).7p 2[1/2],0.005888,5.696e+05,0.0
480.8363,68045.156,1.0,5p5.(2P*<3/2>).6s 2[3/2]*,88842.256,0.0,5p5.(2P*<3/2>).7p 2[1/2],0.01384,3.992e+06,-0.03
483.1057,68045.156,1.0,5p5.(2P*<3/2>).6s 2[3/2]*,88744.559,1.0,5p5.(2P*<3/2>).7p 2[3/2],0.01697,1.617e+06,0.03
484.4646,68045.156,1.0,5p5.(2P*<3/2>).6s 2[3/2]*,88686.5,2.0,5p5.(2P*<3/2>).7p 2[3/2],0.02269,1.29e+06,0.14
488.7857,80970.438,3.0,5p5.(2P*<3/2>).5d 2[7/2]*,101429.3,2.0,5p5.(2P*<1/2>).4f 2[5/2],0.002441,1.363e+05,-0.02
488.8933,80970.438,3.0,5p5.(2P*<3/2>).5d 2[7/2]*,101424.8,3.0,5p5.(2P*<1/2>).4f 2[5/2],0.001059,4.222e+04,0.0
488.8933,80970.438,3.0,5p5.(2P*<3/2>).5d 2[7/2]*,101424.8,3.0,5p5.(2P*<1/2>).4f 2[7/2],0.0757,3.018e+06,-0.05
488.8933,80970.438,3.0,5p5.(2P*<3/2>).5d 2[7/2]*,101424.8,4.0,5p5.(2P*<1/2>).4f 2[7/2],1.472,4.563e+07,-0.57
491.7879,68045.156,1.0,5p5.(2P*<3/2>).6s 2[3/2]*,88379.126,1.0,5p5.(2P*<1/2>).6p 2[3/2],0.006052,5.564e+05,-0.0
492.4525,68045.156,1.0,5p5.(2P*<3/2>).6s 2[3/2]*,88351.681,2.0,5p5.(2P*<3/2>).7p 2[5/2],0.01177,6.476e+05,-0.01
492.6342,80118.962,0.0,5p5.(2P*<3/2>).6p 2[1/2],100418.0,1.0,5p5.(2P*<1/2>).6d 2[3/2]*,0.1195,1.095e+07,-0.06
498.9664,83889.971,1.0,5p5.(2P*<3/2>).5d 2[3/2]*,103931.4,2.0,5p5.(2P*<1/2>).5f 2[5/2],4.537,2.431e+08,-0.64
502.9681,68045.156,1.0,5p5.(2P*<3/2>).6s 2[3/2]*,87927.131,1.0,5p5.(2P*<3/2>).7p 2[1/2],4.149e-07,36.47,-0.0
512.7210,81925.514,2.0,5p5.(2P*<3/2>).5d 2[5/2]*,101429.3,2.0,5p5.(2P*<1/2>).4f 2[5/2],0.07746,3.931e+06,-0.06
512.8393,81925.514,2.0,5p5.(2P*<3/2>).5d 2[5/2]*,101424.8,3.0,5p5.(2P*<1/2>).4f 2[5/2],3.363e-05,1219,0.0
512.8393,81925.514,2.0,5p5.(2P*<3/2>).5d 2[5/2]*,101424.8,3.0,5p5.(2P*<1/2>).4f 2[7/2],0.4225,1.531e+07,-0.07
518.6310,79771.267,0.0,5p5.(2P*<3/2>).5d 2[1/2]*,99052.8,1.0,5p5.(2P*<1/2>).7p 2[1/2],0.001814,1.5e+05,-0.01
524.0065,79771.267,0.0,5p5.(2P*<3/2>).5d 2[1/2]*,98855.0,1.0,5p5.(2P*<1/2>).7p 2[3/2],0.001276,1.033e+05,-0.01
524.0601,79986.618,1.0,5p5.(2P*<3/2>).5d 2[1/2]*,99068.4,2.0,5p5.(2P*<1/2>).7p 2[3/2],0.004672,2.269e+05,-0.02
526.3408,82430.204,3.0,5p5.(2P*<3/2>).5d 2[5/2]*,101429.3,2.0,5p5.(2P*<1/2>).4f 2[5/2],0.0123,5.921e+05,0.1
526.4655,82430.204,3.0,5p5.(2P*<3/2>).5d 2[5/2]*,101424.8,3.0,5p5.(2P*<1/2>).4f 2[5/2],0.001454,5e+04,-0.0
526.4655,82430.204,3.0,5p5.(2P*<3/2>).5d 2[5/2]*,101424.8,3.0,5p5.(2P*<1/2>).4f 2[7/2],0.02151,7.394e+05,0.03
526.4655,82430.204,3.0,5p5.(2P*<3/2>).5d 2[5/2]*,101424.8,4.0,5p5.(2P*<1/2>).4f 2[7/2],2.247,6.009e+07,-0.67
529.9871,79986.618,1.0,5p5.(2P*<3/2>).5d 2[1/2]*,98855.0,1.0,5p5.(2P*<1/2>).7p 2[3/2],0.0005775,4.571e+04,-0.0
533.4570,80322.746,2.0,5p5.(2P*<3/2>).5d 2[3/2]*,99068.4,2.0,5p5.(2P*<1/2>).7p 2[3/2],0.01326,6.214e+05,-0.01
533.5433,85188.777,2.0,5p5.(2P*<3/2>).7s 2[3/2]*,103931.4,2.0,5p5.(2P*<1/2>).5f 2[5/2],0.002555,1.197e+05,0.45
533.6344,85188.777,2.0,5p5.(2P*<3/2>).7s 2[3/2]*,103928.2,3.0,5p5.(2P*<1/2>).5f 2[7/2],1.162e-05,389,-0.0
533.9013,80322.746,2.0,5p5.(2P*<3/2>).5d 2[3/2]*,99052.8,1.0,5p5.(2P*<1/2>).7p 2[1/2],0.0487,3.799e+06,0.02
539.5998,80322.746,2.0,5p5.(2P*<3/2>).5d 2[3/2]*,98855.0,1.0,5p5.(2P*<1/2>).7p 2[3/2],0.002396,1.829e+05,0.01
539.6235,77269.145,1.0,5p5.(2P*<3/2>).6p 2[1/2],95800.584,1.0,5p5.(2P*<1/2>).7s 2[1/2]*,0.001098,8.385e+04,-0.0
540.7924,85440.017,1.0,5p5.(2P*<3/2>).7s 2[3/2]*,103931.4,2.0,5p5.(2P*<1/2>).5f 2[5/2],0.06801,3.102e+06,-0.65
541.9524,77269.145,1.0,5p5.(2P*<3/2>).6p 2[1/2],95720.95,0.0,5p5.(2P*<1/2>).7s 2[1/2]*,0.0003034,6.89e+04,-0.0
552.5484,80970.438,3.0,5p5.(2P*<3/2>).5d 2[7/2]*,99068.4,2.0,5p5.(2P*<1/2>).7p 2[3/2],0.02789,1.219e+06,0.03
565.5857,78119.798,2.0,5p5.(2P*<3/2>).6p 2[5/2],95800.584,1.0,5p5.(2P*<1/2>).7s 2[1/2]*,0.0009066,6.301e+04,-0.0
570.1472,83889.971,1.0,5p5.(2P*<3/2>).5d 2[3/2]*,101429.3,2.0,5p5.(2P*<1/2>).4f 2[5/2],0.114,4.68e+06,-0.02
582.5502,76196.767,0.0,5p5.(2P*<1/2>).6s 2[1/2]*,93362.671,1.0,5p5.(2P*<3/2>).5f 2[3/2],0.001186,7.77e+04,-0.0
583.3324,81925.514,2.0,5p5.(2P*<3/2>).5d 2[5/2]*,99068.4,2.0,5p5.(2P*<1/2>).7p 2[3/2],0.00327,1.282e+05,-0.01
583.8637,81925.514,2.0,5p5.(2P*<3/2>).5d 2[5/2]*,99052.8,1.0,5p5.(2P*<1/2>).7p 2[1/2],0.0003137,2.046e+04,0.0
590.6854,81925.514,2.0,5p5.(2P*<3/2>).5d 2[5/2]*,98855.0,1.0,5p5.(2P*<1/2>).7p 2[3/2],0.02023,1.289e+06,-0.03
593.6637,78956.031,1.0,5p5.(2P*<3/2>).6p 2[3/2],95800.584,1.0,5p5.(2P*<1/2>).7s 2[1/2]*,5.573e-05,3516,0.0
601.0267,82430.204,3.0,5p5.(2P*<3/2>).5d 2[5/2]*,99068.4,2.0,5p5.(2P*<1/2>).7p 2[3/2],0.0008914,3.292e+04,-0.0
602.8411,79212.465,2.0,5p5.(2P*<3/2>).6p 2[3/2],95800.584,1.0,5p5.(2P*<1/2>).7s 2[1/2]*,0.0001643,1.005e+04,-0.0
611.6547,77269.145,1.0,5p5.(2P*<3/2>).6p 2[1/2],93618.24,1.0,5p5.(2P*<1/2>).5d 2[3/2]*,0.0005969,3.547e+04,0.0
615.7437,85188.777,2.0,5p5.(2P*<3/2>).7s 2[3/2]*,101429.3,2.0,5p5.(2P*<1/2>).4f 2[5/2],0.01244,4.377e+05,-0.07
615.9144,85188.777,2.0,5p5.(2P*<3/2>).7s 2[3/2]*,101424.8,3.0,5p5.(2P*<1/2>).4f 2[5/2],0.007173,1.802e+05,0.01
615.9144,85188.777,2.0,5p5.(2P*<3/2>).7s 2[3/2]*,101424.8,3.0,5p5.(2P*<1/2>).4f 2[7/2],0.0008323,2.091e+04,-0.0
616.5637,77185.041,1.0,5p5.(2P*<1/2>).6s 2[1/2]*,93403.966,2.0,5p5.(2P*<3/2>).5f 2[5/2],0.0006246,2.192e+04,-0.0
618.0010,77185.041,1.0,5p5.(2P*<1/2>).6s 2[1/2]*,93366.245,2.0,5p5.(2P*<3/2>).5f 2[3/2],0.008022,2.802e+05,-0.01
618.1375,77185.041,1.0,5p5.(2P*<1/2>).6s 2[1/2]*,93362.671,1.0,5p5.(2P*<3/2>).5f 2[3/2],0.003683,2.143e+05,0.01
619.7208,76196.767,0.0,5p5.(2P*<1/2>).6s 2[1/2]*,92333.066,1.0,5p5.(2P*<3/2>).8p 2[3/2],0.0003959,2.292e+04,-0.0
625.4189,85440.017,1.0,5p5.(2P*<3/2>).7s 2[3/2]*,101429.3,2.0,5p5.(2P*<1/2>).4f 2[5/2],0.004668,1.592e+05,0.02
626.7034,76196.767,0.0,5p5.(2P*<1/2>).6s 2[1/2]*,92153.279,1.0,5p5.(2P*<3/2>).8p 2[1/2],0.005991,3.391e+05,0.02
637.6891,80118.962,0.0,5p5.(2P*<3/2>).6p 2[1/2],95800.584,1.0,5p5.(2P*<1/2>).7s 2[1/2]*,0.002673,1.461e+05,-0.0
645.2261,78119.798,2.0,5p5.(2P*<3/2>).6p 2[5/2],93618.24,1.0,5p5.(2P*<1/2>).5d 2[3/2]*,0.002731,1.459e+05,0.0
645.4999,87927.131,1.0,5p5.(2P*<3/2>).7p 2[1/2],103419.0,1.0,5p5.(2P*<1/2>).7d 2[3/2]*,0.0005906,3.151e+04,-0.0
647.1493,77269.145,1.0,5p5.(2P*<3/2>).6p 2[1/2],92721.53,2.0,5p5.(2P*<3/2>).7d 2[3/2]*,0.001276,4.065e+04,0.0
647.4632,77269.145,1.0,5p5.(2P*<3/2>).6p 2[1/2],92714.038,1.0,5p5.(2P*<3/2>).7d 2[3/2]*,0.01332,7.066e+05,-0.01
648.9558,77269.145,1.0,5p5.(2P*<3/2>).6p 2[1/2],92678.516,2.0,5p5.(2P*<3/2>).7d 2[5/2]*,0.006308,1.998e+05,0.01
650.1264,88549.775,1.0,5p5.(2P*<3/2>).6d 2[1/2]*,103931.4,2.0,5p5.(2P*<1/2>).5f 2[5/2],0.6309,1.991e+07,-0.71
650.6141,77185.041,1.0,5p5.(2P*<1/2>).6s 2[1/2]*,92555.135,0.0,5p5.(2P*<3/2>).8p 2[1/2],0.0002181,3.437e+04,0.0
656.9036,88708.466,2.0,5p5.(2P*<3/2>).6d 2[3/2]*,103931.4,2.0,5p5.(2P*<1/2>).5f 2[5/2],0.0002784,8607,0.0
657.0417,88708.466,2.0,5p5.(2P*<3/2>).6d 2[3/2]*,103928.2,3.0,5p5.(2P*<1/2>).5f 2[5/2],7.812e-05,1724,-0.0
657.0417,88708.466,2.0,5p5.(2P*<3/2>).6d 2[3/2]*,103928.2,3.0,5p5.(2P*<1/2>).5f 2[7/2],0.03652,8.06e+05,-0.01
658.5064,77185.041,1.0,5p5.(2P*<1/2>).6s 2[1/2]*,92370.923,2.0,5p5.(2P*<3/2>).8p 2[3/2],0.004966,1.528e+05,0.02
658.8297,83889.971,1.0,5p5.(2P*<3/2>).5d 2[3/2]*,99068.4,2.0,5p5.(2P*<1/2>).7p 2[3/2],0.0005222,1.605e+04,0.0
659.5075,83889.971,1.0,5p5.(2P*<3/2>).5d 2[3/2]*,99052.8,1.0,5p5.(2P*<1/2>).7p 2[1/2],0.003004,1.536e+05,-0.0
660.1521,77185.041,1.0,5p5.(2P*<1/2>).6s 2[1/2]*,92333.066,1.0,5p5.(2P*<3/2>).8p 2[3/2],0.006716,3.427e+05,0.03
663.6881,88351.681,2.0,5p5.(2P*<3/2>).7p 2[5/2],103419.0,1.0,5p5.(2P*<1/2>).7d 2[3/2]*,0.009697,4.895e+05,-0.01
664.8992,88379.126,1.0,5p5.(2P*<1/2>).6p 2[3/2],103419.0,1.0,5p5.(2P*<1/2>).7d 2[3/2]*,0.1864,9.375e+06,0.06
665.0563,77185.041,1.0,5p5.(2P*<1/2>).6s 2[1/2]*,92221.362,2.0,5p5.(2P*<3/2>).8p 2[5/2],0.02993,9.028e+05,0.14
665.9338,88911.692,4.0,5p5.(2P*<3/2>).6d 2[7/2]*,103928.2,3.0,5p5.(2P*<1/2>).5f 2[5/2],1.387e-06,29.8,-0.0
665.9338,88911.692,4.0,5p5.(2P*<3/2>).6d 2[7/2]*,103928.2,4.0,5p5.(2P*<1/2>).5f 2[7/2],3.655e-05,610.8,0.0
667.0764,77269.145,1.0,5p5.(2P*<3/2>).6p 2[1/2],92259.931,0.0,5p5.(2P*<3/2>).7d 2[1/2]*,0.02692,4.036e+06,-0.09
668.0813,77185.041,1.0,5p5.(2P*<1/2>).6s 2[1/2]*,92153.279,1.0,5p5.(2P*<3/2>).8p 2[1/2],0.009143,4.555e+05,0.02
668.2246,83889.971,1.0,5p5.(2P*<3/2>).5d 2[3/2]*,98855.0,1.0,5p5.(2P*<1/2>).7p 2[3/2],0.001509,7.513e+04,0.0
670.8478,89024.89,3.0,5p5.(2P*<3/2>).6d 2[7/2]*,103931.4,2.0,5p5.(2P*<1/2>).5f 2[5/2],0.002834,8.401e+04,-0.58
670.9919,89024.89,3.0,5p5.(2P*<3/2>).6d 2[7/2]*,103928.2,3.0,5p5.(2P*<1/2>).5f 2[5/2],3.348e-05,708.6,0.0
670.9919,89024.89,3.0,5p5.(2P*<3/2>).6d 2[7/2]*,103928.2,3.0,5p5.(2P*<1/2>).5f 2[7/2],5.645e-06,119.5,0.0
670.9919,89024.89,3.0,5p5.(2P*<3/2>).6d 2[7/2]*,103928.2,4.0,5p5.(2P*<1/2>).5f 2[7/2],0.002662,4.382e+04,0.0
672.9864,77269.145,1.0,5p5.(2P*<3/2>).6p 2[1/2],92128.287,1.0,5p5.(2P*<3/2>).7d 2[1/2]*,0.04171,2.048e+06,0.06
678.7714,88686.5,2.0,5p5.(2P*<3/2>).7p 2[3/2],103419.0,1.0,5p5.(2P*<1/2>).7d 2[3/2]*,0.04994,2.41e+06,0.08
680.8213,89243.258,2.0,5p5.(2P*<3/2>).6d 2[5/2]*,103931.4,2.0,5p5.(2P*<1/2>).5f 2[5/2],0.07578,2.181e+06,-0.44
680.9697,89243.258,2.0,5p5.(2P*<3/2>).6d 2[5/2]*,103928.2,3.0,5p5.(2P*<1/2>).5f 2[5/2],0.04417,9.077e+05,0.01
680.9697,89243.258,2.0,5p5.(2P*<3/2>).6d 2[5/2]*,103928.2,3.0,5p5.(2P*<1/2>).5f 2[7/2],0.000154,3164,-0.0
681.4570,88744.559,1.0,5p5.(2P*<3/2>).7p 2[3/2],103419.0,1.0,5p5.(2P*<1/2>).7d 2[3/2]*,0.6524,3.124e+07,-0.12
682.0255,78956.031,1.0,5p5.(2P*<3/2>).6p 2[3/2],93618.24,1.0,5p5.(2P*<1/2>).5d 2[3/2]*,0.00874,4.177e+05,-0.0
682.9197,76196.767,0.0,5p5.(2P*<1/2>).6s 2[1/2]*,90839.777,1.0,5p5.(2P*<3/2>).4f 2[3/2],0.06024,2.872e+06,-0.06
684.2848,78119.798,2.0,5p5.(2P*<3/2>).6p 2[5/2],92733.597,3.0,5p5.(2P*<3/2>).7d 2[5/2]*,0.08933,1.818e+06,-0.23
684.8503,78119.798,2.0,5p5.(2P*<3/2>).6p 2[5/2],92721.53,2.0,5p5.(2P*<3/2>).7d 2[3/2]*,0.026,7.396e+05,0.02
685.2018,78119.798,2.0,5p5.(2P*<3/2>).6p 2[5/2],92714.038,1.0,5p5.(2P*<3/2>).7d 2[3/2]*,0.002669,1.264e+05,-0.01
686.0243,88842.256,0.0,5p5.(2P*<3/2>).7p 2[1/2],103419.0,1.0,5p5.(2P*<1/2>).7d 2[3/2]*,0.3519,1.663e+07,-0.04
686.8737,78119.798,2.0,5p5.(2P*<3/2>).6p 2[5/2],92678.516,2.0,5p5.(2P*<3/2>).7d 2[5/2]*,0.04156,1.175e+06,0.03
688.4053,78119.798,2.0,5p5.(2P*<3/2>).6p 2[5/2],92646.125,3.0,5p5.(2P*<3/2>).7d 2[7/2]*,0.07662,1.541e+06,0.04
694.1661,79212.465,2.0,5p5.(2P*<3/2>).6p 2[3/2],93618.24,1.0,5p5.(2P*<1/2>).5d 2[3/2]*,0.0001775,8190,0.0
694.5973,89534.568,3.0,5p5.(2P*<3/2>).6d 2[5/2]*,103931.4,2.0,5p5.(2P*<1/2>).5f 2[5/2],0.001974,5.458e+04,-0.78
694.7517,89534.568,3.0,5p5.(2P*<3/2>).6d 2[5/2]*,103928.2,3.0,5p5.(2P*<1/2>).5f 2[5/2],0.0001561,3082,-0.0
694.7517,89534.568,3.0,5p5.(2P*<3/2>).6d 2[5/2]*,103928.2,3.0,5p5.(2P*<1/2>).5f 2[7/2],2.114e-06,41.73,-0.0
694.7517,89534.568,3.0,5p5.(2P*<3/2>).6d 2[5/2]*,103928.2,4.0,5p5.(2P*<1/2>).5f 2[7/2],0.01234,1.895e+05,0.0
697.8106,78403.061,3.0,5p5.(2P*<3/2>).6p 2[5/2],92733.597,3.0,5p5.(2P*<3/2>).7d 2[5/2]*,0.0002921,5716,-0.0
698.3987,78403.061,3.0,5p5.(2P*<3/2>).6p 2[5/2],92721.53,2.0,5p5.(2P*<3/2>).7d 2[3/2]*,0.0002266,6198,0.0
700.5031,78403.061,3.0,5p5.(2P*<3/2>).6p 2[5/2],92678.516,2.0,5p5.(2P*<3/2>).7d 2[5/2]*,0.00432,1.174e+05,0.02
701.4273,89162.356,2.0,5p5.(2P*<1/2>).6p 2[3/2],103419.0,1.0,5p5.(2P*<1/2>).7d 2[3/2]*,0.005807,2.624e+05,0.01
702.0961,78403.061,3.0,5p5.(2P*<3/2>).6p 2[5/2],92646.125,3.0,5p5.(2P*<3/2>).7d 2[7/2]*,0.08292,1.603e+06,0.12
705.3017,77269.145,1.0,5p5.(2P*<3/2>).6p 2[1/2],91447.474,2.0,5p5.(2P*<1/2>).5d 2[3/2]*,0.0455,1.22e+06,0.01
707.1989,89278.706,1.0,5p5.(2P*<1/2>).6p 2[1/2],103419.0,1.0,5p5.(2P*<1/2>).7d 2[3/2]*,0.0295,1.311e+06,0.02
712.1561,78403.061,3.0,5p5.(2P*<3/2>).6p 2[5/2],92444.927,4.0,5p5.(2P*<3/2>).7d 2[7/2]*,0.3958,5.785e+06,-0.38
713.8529,78119.798,2.0,5p5.(2P*<3/2>).6p 2[5/2],92128.287,1.0,5p5.(2P*<3/2>).7d 2[1/2]*,0.0008768,3.825e+04,0.0
719.4635,90032.155,1.0,5p5.(2P*<3/2>).6d 2[3/2]*,103931.4,2.0,5p5.(2P*<1/2>).5f 2[5/2],1.671,4.306e+07,-0.58
720.2782,77269.145,1.0,5p5.(2P*<3/2>).6p 2[1/2],91152.67,2.0,5p5.(2P*<1/2>).5d 2[5/2]*,0.005759,1.481e+05,0.0
720.4807,85188.777,2.0,5p5.(2P*<3/2>).7s 2[3/2]*,99068.4,2.0,5p5.(2P*<1/2>).7p 2[3/2],0.002404,6.179e+04,-0.0
721.2914,85188.777,2.0,5p5.(2P*<3/2>).7s 2[3/2]*,99052.8,1.0,5p5.(2P*<1/2>).7p 2[1/2],0.01465,6.26e+05,0.0
726.4539,78956.031,1.0,5p5.(2P*<3/2>).6p 2[3/2],92721.53,2.0,5p5.(2P*<3/2>).7d 2[3/2]*,0.1352,3.418e+06,-0.06
726.8495,78956.031,1.0,5p5.(2P*<3/2>).6p 2[3/2],92714.038,1.0,5p5.(2P*<3/2>).7d 2[3/2]*,0.004388,1.847e+05,-0.0
728.5969,77185.041,1.0,5p5.(2P*<1/2>).6s 2[1/2]*,90910.052,2.0,5p5.(2P*<3/2>).4f 2[5/2],0.004465,1.122e+05,0.01
728.7310,78956.031,1.0,5p5.(2P*<3/2>).6p 2[3/2],92678.516,2.0,5p5.(2P*<3/2>).7d 2[5/2]*,0.03949,9.92e+05,-0.02
731.7311,85188.777,2.0,5p5.(2P*<3/2>).7s 2[3/2]*,98855.0,1.0,5p5.(2P*<1/2>).7p 2[3/2],0.000298,1.238e+04,0.0
731.8287,77185.041,1.0,5p5.(2P*<1/2>).6s 2[1/2]*,90849.44,2.0,5p5.(2P*<3/2>).4f 2[3/2],0.1032,2.57e+06,-0.07
731.8883,77269.145,1.0,5p5.(2P*<3/2>).6p 2[1/2],90932.432,1.0,5p5.(2P*<3/2>).8s 2[3/2]*,0.03342,1.387e+06,-0.17
732.3466,77185.041,1.0,5p5.(2P*<1/2>).6s 2[1/2]*,90839.777,1.0,5p5.(2P*<3/2>).4f 2[3/2],0.0582,2.413e+06,0.09
733.7628,85440.017,1.0,5p5.(2P*<3/2>).7s 2[3/2]*,99068.4,2.0,5p5.(2P*<1/2>).7p 2[3/2],0.0007771,1.925e+04,-0.0
733.8498,78119.798,2.0,5p5.(2P*<3/2>).6p 2[5/2],91746.564,3.0,5p5.(2P*<1/2>).5d 2[5/2]*,0.01085,1.919e+05,-0.0
734.6036,85440.017,1.0,5p5.(2P*<3/2>).7s 2[3/2]*,99052.8,1.0,5p5.(2P*<1/2>).7p 2[1/2],6.986e-05,2879,0.0
735.7592,79771.267,0.0,5p5.(2P*<3/2>).5d 2[1/2]*,93362.671,1.0,5p5.(2P*<3/2>).5f 2[3/2],0.0436,1.791e+06,-0.15
737.5183,89860.015,0.0,5p5.(2P*<1/2>).6p 2[1/2],103419.0,1.0,5p5.(2P*<1/2>).7d 2[3/2]*,0.492,2.011e+07,-0.13
738.8038,77269.145,1.0,5p5.(2P*<3/2>).6p 2[1/2],90804.538,2.0,5p5.(2P*<3/2>).8s 2[3/2]*,0.1338,3.27e+06,-0.25
739.5830,79212.465,2.0,5p5.(2P*<3/2>).6p 2[3/2],92733.597,3.0,5p5.(2P*<3/2>).7d 2[5/2]*,0.05056,8.807e+05,-0.22
740.2437,79212.465,2.0,5p5.(2P*<3/2>).6p 2[3/2],92721.53,2.0,5p5.(2P*<3/2>).7d 2[3/2]*,0.006445,1.569e+05,0.01
740.6544,79212.465,2.0,5p5.(2P*<3/2>).6p 2[3/2],92714.038,1.0,5p5.(2P*<3/2>).7d 2[3/2]*,0.008012,3.247e+05,0.03
740.7804,80118.962,0.0,5p5.(2P*<3/2>).6p 2[1/2],93618.24,1.0,5p5.(2P*<1/2>).5d 2[3/2]*,2.537e-05,1028,0.0
742.6082,79212.465,2.0,5p5.(2P*<3/2>).6p 2[3/2],92678.516,2.0,5p5.(2P*<3/2>).7d 2[5/2]*,0.01319,3.191e+05,-0.02
744.3988,79212.465,2.0,5p5.(2P*<3/2>).6p 2[3/2],92646.125,3.0,5p5.(2P*<3/2>).7d 2[7/2]*,0.1476,2.538e+06,-0.09
745.3038,79986.618,1.0,5p5.(2P*<3/2>).5d 2[1/2]*,93403.966,2.0,5p5.(2P*<3/2>).5f 2[5/2],0.002682,6.441e+04,-0.01
745.4352,85440.017,1.0,5p5.(2P*<3/2>).7s 2[3/2]*,98855.0,1.0,5p5.(2P*<1/2>).7p 2[3/2],1.971e-05,788.5,-0.0
747.4050,79986.618,1.0,5p5.(2P*<3/2>).5d 2[1/2]*,93366.245,2.0,5p5.(2P*<3/2>).5f 2[3/2],0.06822,1.629e+06,-0.05
747.6047,79986.618,1.0,5p5.(2P*<3/2>).5d 2[1/2]*,93362.671,1.0,5p5.(2P*<3/2>).5f 2[3/2],0.04817,1.916e+06,0.16
749.4284,78403.061,3.0,5p5.(2P*<3/2>).6p 2[5/2],91746.564,3.0,5p5.(2P*<1/2>).5d 2[5/2]*,0.00503,8.535e+04,-0.0
750.3184,78119.798,2.0,5p5.(2P*<3/2>).6p 2[5/2],91447.474,2.0,5p5.(2P*<1/2>).5d 2[3/2]*,0.001392,3.299e+04,-0.0
751.6593,78956.031,1.0,5p5.(2P*<3/2>).6p 2[3/2],92259.931,0.0,5p5.(2P*<3/2>).7d 2[1/2]*,0.006088,7.187e+05,0.07
756.1853,80196.629,4.0,5p5.(2P*<3/2>).5d 2[7/2]*,93420.901,4.0,5p5.(2P*<3/2>).5f 2[7/2],0.03838,4.974e+05,-0.2
756.1898,80196.629,4.0,5p5.(2P*<3/2>).5d 2[7/2]*,93420.823,3.0,5p5.(2P*<3/2>).5f 2[7/2],0.0007725,1.287e+04,-0.03
757.2983,80196.629,4.0,5p5.(2P*<3/2>).5d 2[7/2]*,93401.466,3.0,5p5.(2P*<3/2>).5f 2[5/2],0.001394,2.317e+04,0.02
758.6350,80196.629,4.0,5p5.(2P*<3/2>).5d 2[7/2]*,93378.199,4.0,5p5.(2P*<3/2>).5f 2[9/2],0.05112,6.584e+05,0.19
758.6766,80196.629,4.0,5p5.(2P*<3/2>).5d 2[7/2]*,93377.475,5.0,5p5.(2P*<3/2>).5f 2[9/2],0.6175,6.505e+06,-0.19
759.1714,78956.031,1.0,5p5.(2P*<3/2>).6p 2[3/2],92128.287,1.0,5p5.(2P*<3/2>).7d 2[1/2]*,0.008599,3.317e+05,0.01
761.7967,90804.538,2.0,5p5.(2P*<3/2>).8s 2[3/2]*,103931.4,2.0,5p5.(2P*<1/2>).5f 2[5/2],0.00133,3.058e+04,0.23
761.9824,90804.538,2.0,5p5.(2P*<3/2>).8s 2[3/2]*,103928.2,3.0,5p5.(2P*<1/2>).5f 2[5/2],1.293e-05,212.2,0.0
761.9824,90804.538,2.0,5p5.(2P*<3/2>).8s 2[3/2]*,103928.2,3.0,5p5.(2P*<1/2>).5f 2[7/2],0.0008068,1.324e+04,-0.0
763.4709,80322.746,2.0,5p5.(2P*<3/2>).5d 2[3/2]*,93420.823,3.0,5p5.(2P*<3/2>).5f 2[7/2],0.2588,4.231e+06,-0.16
764.4127,76196.767,0.0,5p5.(2P*<1/2>).6s 2[1/2]*,89278.706,1.0,5p5.(2P*<1/2>).6p 2[1/2],0.1784,6.789e+06,0.11
764.4547,80322.746,2.0,5p5.(2P*<3/2>).5d 2[3/2]*,93403.966,2.0,5p5.(2P*<3/2>).5f 2[5/2],0.004142,9.456e+04,0.01
764.6008,80322.746,2.0,5p5.(2P*<3/2>).5d 2[3/2]*,93401.466,3.0,5p5.(2P*<3/2>).5f 2[5/2],0.02279,3.715e+05,0.01
764.8582,88351.681,2.0,5p5.(2P*<3/2>).7p 2[5/2],101426.0,1.0,5p5.(2P*<1/2>).8s 2[1/2]*,0.02339,8.892e+05,0.0
766.4671,88379.126,1.0,5p5.(2P*<1/2>).6p 2[3/2],101426.0,1.0,5p5.(2P*<1/2>).8s 2[1/2]*,0.05198,1.967e+06,0.02
766.6117,78403.061,3.0,5p5.(2P*<3/2>).6p 2[5/2],91447.474,2.0,5p5.(2P*<1/2>).5d 2[3/2]*,0.007174,1.628e+05,0.02
766.6654,80322.746,2.0,5p5.(2P*<3/2>).5d 2[3/2]*,93366.245,2.0,5p5.(2P*<3/2>).5f 2[3/2],0.05815,1.32e+06,0.06
766.8756,80322.746,2.0,5p5.(2P*<3/2>).5d 2[3/2]*,93362.671,1.0,5p5.(2P*<3/2>).5f 2[3/2],0.008521,3.222e+05,-0.16
767.2906,78119.798,2.0,5p5.(2P*<3/2>).6p 2[5/2],91152.67,2.0,5p5.(2P*<1/2>).5d 2[5/2]*,0.01149,2.603e+05,0.01
769.2918,90932.432,1.0,5p5.(2P*<3/2>).8s 2[3/2]*,103931.4,2.0,5p5.(2P*<1/2>).5f 2[5/2],0.0152,3.427e+05,-0.61
774.2442,79212.465,2.0,5p5.(2P*<3/2>).6p 2[3/2],92128.287,1.0,5p5.(2P*<3/2>).7d 2[1/2]*,0.02387,8.854e+05,-0.12
776.4261,88549.775,1.0,5p5.(2P*<3/2>).6d 2[1/2]*,101429.3,2.0,5p5.(2P*<1/2>).4f 2[5/2],0.0001713,3791,-0.0
780.4796,78119.798,2.0,5p5.(2P*<3/2>).6p 2[5/2],90932.432,1.0,5p5.(2P*<3/2>).8s 2[3/2]*,0.1114,4.065e+06,-0.46
782.5504,91152.67,2.0,5p5.(2P*<1/2>).5d 2[5/2]*,103931.4,2.0,5p5.(2P*<1/2>).5f 2[5/2],0.6949,1.514e+07,-0.88
782.7464,91152.67,2.0,5p5.(2P*<1/2>).5d 2[5/2]*,103928.2,3.0,5p5.(2P*<1/2>).5f 2[5/2],0.3111,4.839e+06,-0.02
782.7464,91152.67,2.0,5p5.(2P*<1/2>).5d 2[5/2]*,103928.2,3.0,5p5.(2P*<1/2>).5f 2[7/2],0.2237,3.479e+06,0.0
783.5142,77269.145,1.0,5p5.(2P*<3/2>).6p 2[1/2],90032.155,1.0,5p5.(2P*<3/2>).6d 2[3/2]*,0.008769,3.176e+05,0.01
784.3378,78403.061,3.0,5p5.(2P*<3/2>).6p 2[5/2],91152.67,2.0,5p5.(2P*<1/2>).5d 2[5/2]*,0.003402,7.377e+04,0.01
784.9602,88686.5,2.0,5p5.(2P*<3/2>).7p 2[3/2],101426.0,1.0,5p5.(2P*<1/2>).8s 2[1/2]*,0.0002366,8538,0.0
786.1120,88708.466,2.0,5p5.(2P*<3/2>).6d 2[3/2]*,101429.3,2.0,5p5.(2P*<1/2>).4f 2[5/2],0.02533,5.468e+05,0.0
786.3902,88708.466,2.0,5p5.(2P*<3/2>).6d 2[3/2]*,101424.8,3.0,5p5.(2P*<1/2>).4f 2[5/2],0.0001843,2840,0.0
786.3902,88708.466,2.0,5p5.(2P*<3/2>).6d 2[3/2]*,101424.8,3.0,5p5.(2P*<1/2>).4f 2[7/2],0.02176,3.353e+05,0.0
788.3488,78119.798,2.0,5p5.(2P*<3/2>).6p 2[5/2],90804.538,2.0,5p5.(2P*<3/2>).8s 2[3/2]*,0.01727,3.707e+05,0.09
788.5539,88744.559,1.0,5p5.(2P*<3/2>).7p 2[3/2],101426.0,1.0,5p5.(2P*<1/2>).8s 2[1/2]*,0.002642,9.449e+04,0.0
788.9563,77185.041,1.0,5p5.(2P*<1/2>).6s 2[1/2]*,89860.015,0.0,5p5.(2P*<1/2>).6p 2[1/2],0.1864,1.997e+07,-0.15
793.9611,80118.962,0.0,5p5.(2P*<3/2>).6p 2[1/2],92714.038,1.0,5p5.(2P*<3/2>).7d 2[3/2]*,0.04014,1.416e+06,0.04
794.6761,88842.256,0.0,5p5.(2P*<3/2>).7p 2[1/2],101426.0,1.0,5p5.(2P*<1/2>).8s 2[1/2]*,0.0003356,1.182e+04,0.0
794.9617,90839.777,1.0,5p5.(2P*<3/2>).4f 2[3/2],103419.0,1.0,5p5.(2P*<1/2>).7d 2[3/2]*,0.0004523,1.591e+04,0.0
795.5728,90849.44,2.0,5p5.(2P*<3/2>).4f 2[3/2],103419.0,1.0,5p5.(2P*<1/2>).7d 2[3/2]*,0.004129,1.451e+05,0.0
795.6388,79986.618,1.0,5p5.(2P*<3/2>).5d 2[1/2]*,92555.135,0.0,5p5.(2P*<3/2>).8p 2[1/2],0.006282,6.619e+05,0.05
796.0643,79771.267,0.0,5p5.(2P*<3/2>).5d 2[1/2]*,92333.066,1.0,5p5.(2P*<3/2>).8p 2[3/2],0.0003416,1.198e+04,-0.01
796.9530,76196.767,0.0,5p5.(2P*<1/2>).6s 2[1/2]*,88744.559,1.0,5p5.(2P*<3/2>).7p 2[3/2],0.04924,1.724e+06,0.11
797.8236,79212.465,2.0,5p5.(2P*<3/2>).6p 2[3/2],91746.564,3.0,5p5.(2P*<1/2>).5d 2[5/2]*,0.03194,4.782e+05,0.01
799.1620,88911.692,4.0,5p5.(2P*<3/2>).6d 2[7/2]*,101424.8,3.0,5p5.(2P*<1/2>).4f 2[5/2],0.0005898,8801,-0.0
799.1620,88911.692,4.0,5p5.(2P*<3/2>).6d 2[7/2]*,101424.8,3.0,5p5.(2P*<1/2>).4f 2[7/2],0.0003871,5776,0.0
799.4277,90910.052,2.0,5p5.(2P*<3/2>).4f 2[5/2],103419.0,1.0,5p5.(2P*<1/2>).7d 2[3/2]*,1.877,6.529e+07,0.12
800.5480,78956.031,1.0,5p5.(2P*<3/2>).6p 2[3/2],91447.474,2.0,5p5.(2P*<1/2>).5d 2[3/2]*,0.0242,5.038e+05,0.01
800.5848,87927.131,1.0,5p5.(2P*<3/2>).7p 2[1/2],100418.0,1.0,5p5.(2P*<1/2>).6d 2[3/2]*,0.0002183,7574,-0.0
801.0301,91447.474,2.0,5p5.(2P*<1/2>).5d 2[3/2]*,103931.4,2.0,5p5.(2P*<1/2>).5f 2[5/2],1.155,2.402e+07,-0.62
801.2354,91447.474,2.0,5p5.(2P*<1/2>).5d 2[3/2]*,103928.2,3.0,5p5.(2P*<1/2>).5f 2[5/2],0.009364,1.39e+05,-0.0
801.2354,91447.474,2.0,5p5.(2P*<1/2>).5d 2[3/2]*,103928.2,3.0,5p5.(2P*<1/2>).5f 2[7/2],0.1056,1.568e+06,-0.0
803.1830,80970.438,3.0,5p5.(2P*<3/2>).5d 2[7/2]*,93420.901,4.0,5p5.(2P*<3/2>).5f 2[7/2],0.01409,1.619e+05,-0.03
803.1880,80970.438,3.0,5p5.(2P*<3/2>).5d 2[7/2]*,93420.823,3.0,5p5.(2P*<3/2>).5f 2[7/2],0.001084,1.601e+04,0.01
804.2770,80970.438,3.0,5p5.(2P*<3/2>).5d 2[7/2]*,93403.966,2.0,5p5.(2P*<3/2>).5f 2[5/2],0.0006821,1.407e+04,0.02
804.4387,80970.438,3.0,5p5.(2P*<3/2>).5d 2[7/2]*,93401.466,3.0,5p5.(2P*<3/2>).5f 2[5/2],0.07963,1.173e+06,-0.09
805.9472,80970.438,3.0,5p5.(2P*<3/2>).5d 2[7/2]*,93378.199,4.0,5p5.(2P*<3/2>).5f 2[9/2],0.6515,7.433e+06,-0.37
806.1649,89024.89,3.0,5p5.(2P*<3/2>).6d 2[7/2]*,101429.3,2.0,5p5.(2P*<1/2>).4f 2[5/2],0.0002137,4387,-0.0
806.3556,78403.061,3.0,5p5.(2P*<3/2>).6p 2[5/2],90804.538,2.0,5p5.(2P*<3/2>).8s 2[3/2]*,0.174,3.569e+06,-0.4
806.4575,89024.89,3.0,5p5.(2P*<3/2>).6d 2[7/2]*,101424.8,3.0,5p5.(2P*<1/2>).4f 2[5/2],0.006421,9.408e+04,-0.0
806.4575,89024.89,3.0,5p5.(2P*<3/2>).6d 2[7/2]*,101424.8,3.0,5p5.(2P*<1/2>).4f 2[7/2],0.02605,3.817e+05,-0.01
806.4575,89024.89,3.0,5p5.(2P*<3/2>).6d 2[7/2]*,101424.8,4.0,5p5.(2P*<1/2>).4f 2[7/2],16.69,1.902e+08,0.69
806.7244,80970.438,3.0,5p5.(2P*<3/2>).5d 2[7/2]*,93366.245,2.0,5p5.(2P*<3/2>).5f 2[3/2],0.004482,9.188e+04,-0.05
807.4737,79986.618,1.0,5p5.(2P*<3/2>).5d 2[1/2]*,92370.923,2.0,5p5.(2P*<3/2>).8p 2[3/2],8.677e-05,1775,-0.0
807.6232,79771.267,0.0,5p5.(2P*<3/2>).5d 2[1/2]*,92153.279,1.0,5p5.(2P*<3/2>).8p 2[1/2],0.005414,1.846e+05,0.04
809.9495,79986.618,1.0,5p5.(2P*<3/2>).5d 2[1/2]*,92333.066,1.0,5p5.(2P*<3/2>).8p 2[3/2],0.001255,4.252e+04,0.02
815.4183,89162.356,2.0,5p5.(2P*<1/2>).6p 2[3/2],101426.0,1.0,5p5.(2P*<1/2>).8s 2[1/2]*,0.08556,2.861e+06,-0.03
817.3267,79212.465,2.0,5p5.(2P*<3/2>).6p 2[3/2],91447.474,2.0,5p5.(2P*<1/2>).5d 2[3/2]*,0.0322,6.43e+05,-0.02
817.3444,79986.618,1.0,5p5.(2P*<3/2>).5d 2[1/2]*,92221.362,2.0,5p5.(2P*<3/2>).8p 2[5/2],0.006047,1.207e+05,0.09
819.8980,78956.031,1.0,5p5.(2P*<3/2>).6p 2[3/2],91152.67,2.0,5p5.(2P*<1/2>).5d 2[5/2]*,0.002295,4.555e+04,-0.0
820.6110,89243.258,2.0,5p5.(2P*<3/2>).6d 2[5/2]*,101429.3,2.0,5p5.(2P*<1/2>).4f 2[5/2],0.02366,4.688e+05,-0.01
820.6922,91746.564,3.0,5p5.(2P*<1/2>).5d 2[5/2]*,103931.4,2.0,5p5.(2P*<1/2>).5f 2[5/2],0.0005822,1.153e+04,-0.31
820.8591,76196.767,0.0,5p5.(2P*<1/2>).6s 2[1/2]*,88379.126,1.0,5p5.(2P*<1/2>).6p 2[3/2],0.09314,3.074e+06,0.08
820.9078,91746.564,3.0,5p5.(2P*<1/2>).5d 2[5/2]*,103928.2,3.0,5p5.(2P*<1/2>).5f 2[5/2],0.02228,3.151e+05,-0.01
820.9078,91746.564,3.0,5p5.(2P*<1/2>).5d 2[5/2]*,103928.2,3.0,5p5.(2P*<1/2>).5f 2[7/2],0.0168,2.375e+05,0.0
820.9078,91746.564,3.0,5p5.(2P*<1/2>).5d 2[5/2]*,103928.2,4.0,5p5.(2P*<1/2>).5f 2[7/2],0.4547,5.001e+06,0.03
820.9141,89243.258,2.0,5p5.(2P*<3/2>).6d 2[5/2]*,101424.8,3.0,5p5.(2P*<1/2>).4f 2[5/2],5.618e-05,794.3,0.0
820.9141,89243.258,2.0,5p5.(2P*<3/2>).6d 2[5/2]*,101424.8,3.0,5p5.(2P*<1/2>).4f 2[7/2],0.366,5.175e+06,-0.02
821.9182,79986.618,1.0,5p5.(2P*<3/2>).5d 2[1/2]*,92153.279,1.0,5p5.(2P*<3/2>).8p 2[1/2],0.006465,2.128e+05,0.02
823.2286,89278.706,1.0,5p5.(2P*<1/2>).6p 2[1/2],101426.0,1.0,5p5.(2P*<1/2>).8s 2[1/2]*,0.02941,9.648e+05,-0.01
823.3897,67067.547,2.0,5p5.(2P*<3/2>).6s 2[3/2]*,79212.465,2.0,5p5.(2P*<3/2>).6p 2[3/2],1.29,2.538e+07,0.61
826.8792,77185.041,1.0,5p5.(2P*<1/2>).6s 2[1/2]*,89278.706,1.0,5p5.(2P*<1/2>).6p 2[1/2],0.2019,6.565e+06,0.07
828.2392,68045.156,1.0,5p5.(2P*<3/2>).6s 2[3/2]*,80118.962,0.0,5p5.(2P*<3/2>).6p 2[1/2],0.4243,4.126e+07,0.71
828.6157,80196.629,4.0,5p5.(2P*<3/2>).5d 2[7/2]*,92264.95,3.0,5p5.(2P*<3/2>).8p 2[5/2],0.005921,8.217e+04,0.01
828.7532,88351.681,2.0,5p5.(2P*<3/2>).7p 2[5/2],100418.0,1.0,5p5.(2P*<1/2>).6d 2[3/2]*,0.01722,5.574e+05,-0.02
830.0011,80322.746,2.0,5p5.(2P*<3/2>).5d 2[3/2]*,92370.923,2.0,5p5.(2P*<3/2>).8p 2[3/2],0.02424,4.695e+05,0.07
830.6425,88379.126,1.0,5p5.(2P*<1/2>).6p 2[3/2],100418.0,1.0,5p5.(2P*<1/2>).6d 2[3/2]*,0.0628,2.024e+06,0.03
832.6173,80322.746,2.0,5p5.(2P*<3/2>).5d 2[3/2]*,92333.066,1.0,5p5.(2P*<3/2>).8p 2[3/2],0.0001749,5609,-0.0
832.6863,80118.962,0.0,5p5.(2P*<3/2>).6p 2[1/2],92128.287,1.0,5p5.(2P*<3/2>).7d 2[1/2]*,0.04299,1.379e+06,-0.05
834.9117,77185.041,1.0,5p5.(2P*<1/2>).6s 2[1/2]*,89162.356,2.0,5p5.(2P*<1/2>).6p 2[3/2],0.9707,1.858e+07,0.3
834.9754,78956.031,1.0,5p5.(2P*<3/2>).6p 2[3/2],90932.432,1.0,5p5.(2P*<3/2>).8s 2[3/2]*,0.07678,2.449e+06,-0.34
835.1349,77269.145,1.0,5p5.(2P*<3/2>).6p 2[1/2],89243.258,2.0,5p5.(2P*<3/2>).6d 2[5/2]*,0.0004738,9063,0.0
837.3664,80322.746,2.0,5p5.(2P*<3/2>).5d 2[3/2]*,92264.95,3.0,5p5.(2P*<3/2>).8p 2[5/2],0.08909,1.211e+06,0.4
837.5066,79212.465,2.0,5p5.(2P*<3/2>).6p 2[3/2],91152.67,2.0,5p5.(2P*<1/2>).5d 2[5/2]*,0.05905,1.123e+06,-0.05
839.4644,78119.798,2.0,5p5.(2P*<3/2>).6p 2[5/2],90032.155,1.0,5p5.(2P*<3/2>).6d 2[3/2]*,0.009458,2.984e+05,0.04
840.4339,80322.746,2.0,5p5.(2P*<3/2>).5d 2[3/2]*,92221.362,2.0,5p5.(2P*<3/2>).8p 2[5/2],0.02142,4.045e+05,-0.13
840.7083,89534.568,3.0,5p5.(2P*<3/2>).6d 2[5/2]*,101429.3,2.0,5p5.(2P*<1/2>).4f 2[5/2],0.03102,5.855e+05,0.06
841.0265,89534.568,3.0,5p5.(2P*<3/2>).6d 2[5/2]*,101424.8,3.0,5p5.(2P*<1/2>).4f 2[5/2],0.006898,9.293e+04,-0.0
841.0265,89534.568,3.0,5p5.(2P*<3/2>).6d 2[5/2]*,101424.8,3.0,5p5.(2P*<1/2>).4f 2[7/2],0.09006,1.213e+06,0.02
841.0265,89534.568,3.0,5p5.(2P*<3/2>).6d 2[5/2]*,101424.8,4.0,5p5.(2P*<1/2>).4f 2[7/2],5.98,6.265e+07,0.49
841.1501,67067.547,2.0,5p5.(2P*<3/2>).6s 2[3/2]*,78956.031,1.0,5p5.(2P*<3/2>).6p 2[3/2],0.06643,2.087e+06,-0.15
843.9882,78956.031,1.0,5p5.(2P*<3/2>).6p 2[3/2],90804.538,2.0,5p5.(2P*<3/2>).8s 2[3/2]*,0.0005115,9580,-0.0
845.2705,80322.746,2.0,5p5.(2P*<3/2>).5d 2[3/2]*,92153.279,1.0,5p5.(2P*<3/2>).8p 2[1/2],0.03826,1.191e+06,0.05
847.2341,92128.287,1.0,5p5.(2P*<3/2>).7d 2[1/2]*,103931.4,2.0,5p5.(2P*<1/2>).5f 2[5/2],9.282,1.725e+08,-0.91
852.4059,88686.5,2.0,5p5.(2P*<3/2>).7p 2[3/2],100418.0,1.0,5p5.(2P*<1/2>).6d 2[3/2]*,0.03741,1.145e+06,0.07
852.4885,76196.767,0.0,5p5.(2P*<1/2>).6s 2[1/2]*,87927.131,1.0,5p5.(2P*<3/2>).7p 2[1/2],0.3861,1.181e+07,0.19
853.2447,79212.465,2.0,5p5.(2P*<3/2>).6p 2[3/2],90932.432,1.0,5p5.(2P*<3/2>).8s 2[3/2]*,0.01816,5.545e+05,-0.11
856.6454,88744.559,1.0,5p5.(2P*<3/2>).7p 2[3/2],100418.0,1.0,5p5.(2P*<1/2>).6d 2[3/2]*,0.6562,1.988e+07,-0.16
857.8378,77185.041,1.0,5p5.(2P*<1/2>).6s 2[1/2]*,88842.256,0.0,5p5.(2P*<3/2>).7p 2[1/2],0.0419,3.798e+06,0.06
862.6585,79212.465,2.0,5p5.(2P*<3/2>).6p 2[3/2],90804.538,2.0,5p5.(2P*<3/2>).8s 2[3/2]*,0.001701,3.05e+04,-0.0
863.8754,88842.256,0.0,5p5.(2P*<3/2>).7p 2[1/2],100418.0,1.0,5p5.(2P*<1/2>).6d 2[3/2]*,0.4784,1.425e+07,-0.07
864.6043,89860.015,0.0,5p5.(2P*<1/2>).6p 2[1/2],101426.0,1.0,5p5.(2P*<1/2>).8s 2[1/2]*,0.02405,7.153e+05,0.03
865.0880,77185.041,1.0,5p5.(2P*<1/2>).6s 2[1/2]*,88744.559,1.0,5p5.(2P*<3/2>).7p 2[3/2],0.02819,8.375e+05,-0.04
869.4549,77185.041,1.0,5p5.(2P*<1/2>).6s 2[1/2]*,88686.5,2.0,5p5.(2P*<3/2>).7p 2[3/2],0.00174,3.071e+04,0.0
869.9201,81925.514,2.0,5p5.(2P*<3/2>).5d 2[5/2]*,93420.823,3.0,5p5.(2P*<3/2>).5f 2[7/2],0.1334,1.68e+06,-0.16
870.8319,92444.927,4.0,5p5.(2P*<3/2>).7d 2[7/2]*,103928.2,4.0,5p5.(2P*<1/2>).5f 2[7/2],6.394e-05,624.9,-0.0
871.1976,81925.514,2.0,5p5.(2P*<3/2>).5d 2[5/2]*,93403.966,2.0,5p5.(2P*<3/2>).5f 2[5/2],0.0217,3.815e+05,0.12
871.3874,81925.514,2.0,5p5.(2P*<3/2>).5d 2[5/2]*,93401.466,3.0,5p5.(2P*<3/2>).5f 2[5/2],0.3582,4.495e+06,-0.11
874.0700,81925.514,2.0,5p5.(2P*<3/2>).5d 2[5/2]*,93366.245,2.0,5p5.(2P*<3/2>).5f 2[3/2],0.02883,5.034e+05,-0.04
874.1778,77269.145,1.0,5p5.(2P*<3/2>).6p 2[1/2],88708.466,2.0,5p5.(2P*<3/2>).6d 2[3/2]*,0.1856,3.239e+06,-0.08
874.3432,81925.514,2.0,5p5.(2P*<3/2>).5d 2[5/2]*,93362.671,1.0,5p5.(2P*<3/2>).5f 2[3/2],0.004672,1.359e+05,0.16
876.0579,78119.798,2.0,5p5.(2P*<3/2>).6p 2[5/2],89534.568,3.0,5p5.(2P*<3/2>).6d 2[5/2]*,0.0009729,1.208e+04,0.0
877.1557,80970.438,3.0,5p5.(2P*<3/2>).5d 2[7/2]*,92370.923,2.0,5p5.(2P*<3/2>).8p 2[3/2],8.804e-05,1527,-0.0
877.4127,90032.155,1.0,5p5.(2P*<3/2>).6d 2[3/2]*,101429.3,2.0,5p5.(2P*<1/2>).4f 2[5/2],0.5396,9.351e+06,-0.01
882.1832,67067.547,2.0,5p5.(2P*<3/2>).6s 2[3/2]*,78403.061,3.0,5p5.(2P*<3/2>).6p 2[5/2],3.121,3.821e+07,0.92
885.3858,80970.438,3.0,5p5.(2P*<3/2>).5d 2[7/2]*,92264.95,3.0,5p5.(2P*<3/2>).8p 2[5/2],0.0004167,5066,-0.01
886.1104,92646.125,3.0,5p5.(2P*<3/2>).7d 2[7/2]*,103931.4,2.0,5p5.(2P*<1/2>).5f 2[5/2],0.0004132,7020,-0.18
886.3618,92646.125,3.0,5p5.(2P*<3/2>).7d 2[7/2]*,103928.2,3.0,5p5.(2P*<1/2>).5f 2[5/2],0.00268,3.25e+04,-0.0
886.3618,92646.125,3.0,5p5.(2P*<3/2>).7d 2[7/2]*,103928.2,3.0,5p5.(2P*<1/2>).5f 2[7/2],0.002555,3.099e+04,0.0
886.3618,92646.125,3.0,5p5.(2P*<3/2>).7d 2[7/2]*,103928.2,4.0,5p5.(2P*<1/2>).5f 2[7/2],0.05566,5.251e+05,0.0
886.4753,77269.145,1.0,5p5.(2P*<3/2>).6p 2[1/2],88549.775,1.0,5p5.(2P*<3/2>).6d 2[1/2]*,0.3885,1.099e+07,-0.38
887.6485,92153.279,1.0,5p5.(2P*<3/2>).8p 2[1/2],103419.0,1.0,5p5.(2P*<1/2>).7d 2[3/2]*,1.083e-05,305.7,0.0
888.4432,89162.356,2.0,5p5.(2P*<1/2>).6p 2[3/2],100418.0,1.0,5p5.(2P*<1/2>).6d 2[3/2]*,0.001106,3.114e+04,0.0
888.6611,92678.516,2.0,5p5.(2P*<3/2>).7d 2[5/2]*,103931.4,2.0,5p5.(2P*<1/2>).5f 2[5/2],1.705,2.88e+07,0.89
888.8159,80970.438,3.0,5p5.(2P*<3/2>).5d 2[7/2]*,92221.362,2.0,5p5.(2P*<3/2>).8p 2[5/2],0.002647,4.47e+04,-0.02
888.9139,92678.516,2.0,5p5.(2P*<3/2>).7d 2[5/2]*,103928.2,3.0,5p5.(2P*<1/2>).5f 2[5/2],0.3171,3.824e+06,0.01
888.9139,92678.516,2.0,5p5.(2P*<3/2>).7d 2[5/2]*,103928.2,3.0,5p5.(2P*<1/2>).5f 2[7/2],0.04791,5.778e+05,0.0
891.1167,77269.145,1.0,5p5.(2P*<3/2>).6p 2[1/2],88491.02,0.0,5p5.(2P*<3/2>).6d 2[1/2]*,0.1971,1.655e+07,-0.4
891.4752,92714.038,1.0,5p5.(2P*<3/2>).7d 2[3/2]*,103931.4,2.0,5p5.(2P*<1/2>).5f 2[5/2],17.75,2.98e+08,-0.95
892.0710,92721.53,2.0,5p5.(2P*<3/2>).7d 2[3/2]*,103931.4,2.0,5p5.(2P*<1/2>).5f 2[5/2],2.997,5.024e+07,0.9
892.3257,92721.53,2.0,5p5.(2P*<3/2>).7d 2[3/2]*,103928.2,3.0,5p5.(2P*<1/2>).5f 2[5/2],0.1256,1.503e+06,-0.0
892.3257,92721.53,2.0,5p5.(2P*<3/2>).7d 2[3/2]*,103928.2,3.0,5p5.(2P*<1/2>).5f 2[7/2],0.2664,3.188e+06,-0.01
893.0323,92733.597,3.0,5p5.(2P*<3/2>).7d 2[5/2]*,103931.4,2.0,5p5.(2P*<1/2>).5f 2[5/2],0.0001103,1845,0.05
893.0455,92221.362,2.0,5p5.(2P*<3/2>).8p 2[5/2],103419.0,1.0,5p5.(2P*<1/2>).7d 2[3/2]*,0.001797,5.009e+04,0.0
893.2876,92733.597,3.0,5p5.(2P*<3/2>).7d 2[5/2]*,103928.2,3.0,5p5.(2P*<1/2>).5f 2[5/2],3.488,4.166e+07,-0.36
893.2876,92733.597,3.0,5p5.(2P*<3/2>).7d 2[5/2]*,103928.2,3.0,5p5.(2P*<1/2>).5f 2[7/2],2.618,3.126e+07,0.15
893.2876,92733.597,3.0,5p5.(2P*<3/2>).7d 2[5/2]*,103928.2,4.0,5p5.(2P*<1/2>).5f 2[7/2],67.37,6.257e+08,0.89
893.3289,77185.041,1.0,5p5.(2P*<1/2>).6s 2[1/2]*,88379.126,1.0,5p5.(2P*<1/2>).6p 2[3/2],0.6339,1.766e+07,-0.27
895.4709,68045.156,1.0,5p5.(2P*<3/2>).6s 2[3/2]*,79212.465,2.0,5p5.(2P*<3/2>).6p 2[3/2],0.6145,1.022e+07,0.46
895.5245,77185.041,1.0,5p5.(2P*<1/2>).6s 2[1/2]*,88351.681,2.0,5p5.(2P*<3/2>).7p 2[5/2],0.3968,6.6e+06,-0.22
897.7230,89278.706,1.0,5p5.(2P*<1/2>).6p 2[1/2],100418.0,1.0,5p5.(2P*<1/2>).6d 2[3/2]*,0.07402,2.042e+06,0.04
898.3510,78403.061,3.0,5p5.(2P*<3/2>).6p 2[5/2],89534.568,3.0,5p5.(2P*<3/2>).6d 2[5/2]*,0.1784,2.107e+06,0.41
899.0009,78119.798,2.0,5p5.(2P*<3/2>).6p 2[5/2],89243.258,2.0,5p5.(2P*<3/2>).6d 2[5/2]*,0.1892,3.122e+06,0.27
902.0440,92333.066,1.0,5p5.(2P*<3/2>).8p 2[3/2],103419.0,1.0,5p5.(2P*<1/2>).7d 2[3/2]*,0.03892,1.063e+06,-0.0
902.8429,78956.031,1.0,5p5.(2P*<3/2>).6p 2[3/2],90032.155,1.0,5p5.(2P*<3/2>).6d 2[3/2]*,0.06636,1.81e+06,-0.1
903.4640,79771.267,0.0,5p5.(2P*<3/2>).5d 2[1/2]*,90839.777,1.0,5p5.(2P*<3/2>).4f 2[3/2],0.2269,6.179e+06,-0.39
904.7931,67067.547,2.0,5p5.(2P*<3/2>).6s 2[3/2]*,78119.798,2.0,5p5.(2P*<3/2>).6p 2[5/2],0.6248,1.018e+07,-0.75
905.1349,92370.923,2.0,5p5.(2P*<3/2>).8p 2[3/2],103419.0,1.0,5p5.(2P*<1/2>).7d 2[3/2]*,0.003517,9.545e+04,0.0
909.8604,82430.204,3.0,5p5.(2P*<3/2>).5d 2[5/2]*,93420.901,4.0,5p5.(2P*<3/2>).5f 2[7/2],1.041,9.32e+06,-0.71
909.8669,82430.204,3.0,5p5.(2P*<3/2>).5d 2[5/2]*,93420.823,3.0,5p5.(2P*<3/2>).5f 2[7/2],0.1594,1.835e+06,-0.58
911.2645,82430.204,3.0,5p5.(2P*<3/2>).5d 2[5/2]*,93403.966,2.0,5p5.(2P*<3/2>).5f 2[5/2],0.000556,8932,0.03
911.4722,82430.204,3.0,5p5.(2P*<3/2>).5d 2[5/2]*,93401.466,3.0,5p5.(2P*<3/2>).5f 2[5/2],0.02541,2.914e+05,0.06
913.4093,82430.204,3.0,5p5.(2P*<3/2>).5d 2[5/2]*,93378.199,4.0,5p5.(2P*<3/2>).5f 2[9/2],0.02134,1.895e+05,0.03
914.4077,82430.204,3.0,5p5.(2P*<3/2>).5d 2[5/2]*,93366.245,2.0,5p5.(2P*<3/2>).5f 2[3/2],0.006935,1.107e+05,0.09
915.4630,79986.618,1.0,5p5.(2P*<3/2>).5d 2[1/2]*,90910.052,2.0,5p5.(2P*<3/2>).4f 2[5/2],0.04962,7.899e+05,0.08
916.5168,68045.156,1.0,5p5.(2P*<3/2>).6s 2[3/2]*,78956.031,1.0,5p5.(2P*<3/2>).6p 2[3/2],1.184,3.134e+07,0.86
917.0028,78119.798,2.0,5p5.(2P*<3/2>).6p 2[5/2],89024.89,3.0,5p5.(2P*<3/2>).6d 2[7/2]*,1.127,1.277e+07,-0.62
920.4827,92555.135,0.0,5p5.(2P*<3/2>).8p 2[1/2],103419.0,1.0,5p5.(2P*<1/2>).7d 2[3/2]*,0.08645,2.269e+06,0.01
920.5711,79986.618,1.0,5p5.(2P*<3/2>).5d 2[1/2]*,90849.44,2.0,5p5.(2P*<3/2>).4f 2[3/2],0.4523,7.12e+06,-0.34
921.3907,79986.618,1.0,5p5.(2P*<3/2>).5d 2[1/2]*,90839.777,1.0,5p5.(2P*<3/2>).4f 2[3/2],0.2258,5.913e+06,0.37
922.4925,78403.061,3.0,5p5.(2P*<3/2>).6p 2[5/2],89243.258,2.0,5p5.(2P*<3/2>).6d 2[5/2]*,0.006055,9.492e+04,0.08
924.2409,79212.465,2.0,5p5.(2P*<3/2>).6p 2[3/2],90032.155,1.0,5p5.(2P*<3/2>).6d 2[3/2]*,0.00185,4.816e+04,-0.01
924.7725,80118.962,0.0,5p5.(2P*<3/2>).6p 2[1/2],90932.432,1.0,5p5.(2P*<3/2>).8s 2[3/2]*,0.009835,2.557e+05,-0.04
930.4486,80196.629,4.0,5p5.(2P*<3/2>).5d 2[7/2]*,90944.133,4.0,5p5.(2P*<3/2>).4f 2[7/2],4.56e-05,390.4,0.0
930.4558,80196.629,4.0,5p5.(2P*<3/2>).5d 2[7/2]*,90944.05,3.0,5p5.(2P*<3/2>).4f 2[7/2],0.008723,9.601e+04,-0.16
930.9175,77185.041,1.0,5p5.(2P*<1/2>).6s 2[1/2]*,87927.131,1.0,5p5.(2P*<3/2>).7p 2[1/2],0.0004144,1.063e+04,0.0
933.6666,80196.629,4.0,5p5.(2P*<3/2>).5d 2[7/2]*,90907.09,3.0,5p5.(2P*<3/2>).4f 2[5/2],0.008209,8.973e+04,0.38
937.6573,80196.629,4.0,5p5.(2P*<3/2>).5d 2[7/2]*,90861.506,4.0,5p5.(2P*<3/2>).4f 2[9/2],0.3423,2.886e+06,-0.39
937.7321,80196.629,4.0,5p5.(2P*<3/2>).5d 2[7/2]*,90860.655,5.0,5p5.(2P*<3/2>).4f 2[9/2],2.537,1.75e+07,-0.39
941.1976,90804.538,2.0,5p5.(2P*<3/2>).8s 2[3/2]*,101429.3,2.0,5p5.(2P*<1/2>).4f 2[5/2],0.008097,1.219e+05,-0.04
941.4574,78403.061,3.0,5p5.(2P*<3/2>).6p 2[5/2],89024.89,3.0,5p5.(2P*<3/2>).6d 2[7/2]*,0.1223,1.315e+06,-0.5
941.5040,80322.746,2.0,5p5.(2P*<3/2>).5d 2[3/2]*,90944.05,3.0,5p5.(2P*<3/2>).4f 2[7/2],1.144,1.23e+07,-0.33
941.5964,90804.538,2.0,5p5.(2P*<3/2>).8s 2[3/2]*,101424.8,3.0,5p5.(2P*<1/2>).4f 2[5/2],0.01622,1.743e+05,0.02
941.5964,90804.538,2.0,5p5.(2P*<3/2>).8s 2[3/2]*,101424.8,3.0,5p5.(2P*<1/2>).4f 2[7/2],3.9e-05,419.1,-0.0
944.4058,78119.798,2.0,5p5.(2P*<3/2>).6p 2[5/2],88708.466,2.0,5p5.(2P*<3/2>).6d 2[3/2]*,0.08605,1.287e+06,-0.11
944.5273,80322.746,2.0,5p5.(2P*<3/2>).5d 2[3/2]*,90910.052,2.0,5p5.(2P*<3/2>).4f 2[5/2],0.05195,7.768e+05,-0.1
944.6240,90839.777,1.0,5p5.(2P*<3/2>).4f 2[3/2],101426.0,1.0,5p5.(2P*<1/2>).8s 2[1/2]*,0.0005088,1.268e+04,0.07
944.7917,80322.746,2.0,5p5.(2P*<3/2>).5d 2[3/2]*,90907.09,3.0,5p5.(2P*<3/2>).4f 2[5/2],0.01099,1.174e+05,0.02
945.4870,90849.44,2.0,5p5.(2P*<3/2>).4f 2[3/2],101426.0,1.0,5p5.(2P*<1/2>).8s 2[1/2]*,0.0009241,2.298e+04,-0.05
946.8101,88491.02,0.0,5p5.(2P*<3/2>).6d 2[1/2]*,99052.8,1.0,5p5.(2P*<1/2>).7p 2[1/2],0.006359,1.577e+05,0.0
947.1504,89860.015,0.0,5p5.(2P*<1/2>).6p 2[1/2],100418.0,1.0,5p5.(2P*<1/2>).6d 2[3/2]*,0.05772,1.431e+06,-0.02
949.9659,80322.746,2.0,5p5.(2P*<3/2>).5d 2[3/2]*,90849.44,2.0,5p5.(2P*<3/2>).4f 2[3/2],0.3368,4.979e+06,0.35
950.6946,88549.775,1.0,5p5.(2P*<3/2>).6d 2[1/2]*,99068.4,2.0,5p5.(2P*<1/2>).7p 2[3/2],0.01098,1.621e+05,0.0
950.8387,80322.746,2.0,5p5.(2P*<3/2>).5d 2[3/2]*,90839.777,1.0,5p5.(2P*<3/2>).4f 2[3/2],0.03457,8.501e+05,-0.29
950.9366,90910.052,2.0,5p5.(2P*<3/2>).4f 2[5/2],101426.0,1.0,5p5.(2P*<1/2>).8s 2[1/2]*,0.006364,1.565e+05,0.17
951.5987,78403.061,3.0,5p5.(2P*<3/2>).6p 2[5/2],88911.692,4.0,5p5.(2P*<3/2>).6d 2[7/2]*,1.734,1.419e+07,-0.75
952.1067,88549.775,1.0,5p5.(2P*<3/2>).6d 2[1/2]*,99052.8,1.0,5p5.(2P*<1/2>).7p 2[1/2],0.03846,9.434e+05,0.0
952.6651,90932.432,1.0,5p5.(2P*<3/2>).8s 2[3/2]*,101429.3,2.0,5p5.(2P*<1/2>).4f 2[5/2],0.02043,3.003e+05,0.1
957.3584,81925.514,2.0,5p5.(2P*<3/2>).5d 2[5/2]*,92370.923,2.0,5p5.(2P*<3/2>).8p 2[3/2],3.85e-06,56.04,-0.0
958.7749,78119.798,2.0,5p5.(2P*<3/2>).6p 2[5/2],88549.775,1.0,5p5.(2P*<3/2>).6d 2[1/2]*,0.03703,8.957e+05,-0.15
960.8407,81925.514,2.0,5p5.(2P*<3/2>).5d 2[5/2]*,92333.066,1.0,5p5.(2P*<3/2>).8p 2[3/2],0.0172,4.143e+05,-0.13
964.8803,88491.02,0.0,5p5.(2P*<3/2>).6d 2[1/2]*,98855.0,1.0,5p5.(2P*<1/2>).7p 2[3/2],0.009599,2.292e+05,0.02
965.2571,88708.466,2.0,5p5.(2P*<3/2>).6d 2[3/2]*,99068.4,2.0,5p5.(2P*<1/2>).7p 2[3/2],0.007777,1.113e+05,-0.0
966.7128,88708.466,2.0,5p5.(2P*<3/2>).6d 2[3/2]*,99052.8,1.0,5p5.(2P*<1/2>).7p 2[1/2],0.083,1.975e+06,0.0
967.1707,81925.514,2.0,5p5.(2P*<3/2>).5d 2[5/2]*,92264.95,3.0,5p5.(2P*<3/2>).8p 2[5/2],0.002545,2.592e+04,0.21
968.7948,79212.465,2.0,5p5.(2P*<3/2>).6p 2[3/2],89534.568,3.0,5p5.(2P*<3/2>).6d 2[5/2]*,0.7473,7.587e+06,-0.53
969.6349,93618.24,1.0,5p5.(2P*<1/2>).5d 2[3/2]*,103931.4,2.0,5p5.(2P*<1/2>).5f 2[5/2],4.931,6.996e+07,0.57
970.3646,78403.061,3.0,5p5.(2P*<3/2>).6p 2[5/2],88708.466,2.0,5p5.(2P*<3/2>).6d 2[3/2]*,0.02156,3.055e+05,-0.05
970.3815,88549.775,1.0,5p5.(2P*<3/2>).6d 2[1/2]*,98855.0,1.0,5p5.(2P*<1/2>).7p 2[3/2],0.01352,3.192e+05,-0.01
971.2653,81925.514,2.0,5p5.(2P*<3/2>).5d 2[5/2]*,92221.362,2.0,5p5.(2P*<3/2>).8p 2[5/2],0.007917,1.12e+05,0.12
972.0793,78956.031,1.0,5p5.(2P*<3/2>).6p 2[3/2],89243.258,2.0,5p5.(2P*<3/2>).6d 2[5/2]*,0.602,8.499e+06,-0.39
973.0816,91152.67,2.0,5p5.(2P*<1/2>).5d 2[5/2]*,101429.3,2.0,5p5.(2P*<1/2>).4f 2[5/2],4.061,5.721e+07,0.38
973.5079,91152.67,2.0,5p5.(2P*<1/2>).5d 2[5/2]*,101424.8,3.0,5p5.(2P*<1/2>).4f 2[5/2],0.03458,3.477e+05,-0.0
973.5079,91152.67,2.0,5p5.(2P*<1/2>).5d 2[5/2]*,101424.8,3.0,5p5.(2P*<1/2>).4f 2[7/2],1.612,1.621e+07,0.07
977.7307,81925.514,2.0,5p5.(2P*<3/2>).5d 2[5/2]*,92153.279,1.0,5p5.(2P*<3/2>).8p 2[1/2],0.002615,6.083e+04,0.04
980.2386,67067.547,2.0,5p5.(2P*<3/2>).6s 2[3/2]*,77269.145,1.0,5p5.(2P*<3/2>).6p 2[1/2],1.289,2.983e+07,0.77
985.5582,88708.466,2.0,5p5.(2P*<3/2>).6d 2[3/2]*,98855.0,1.0,5p5.(2P*<1/2>).7p 2[3/2],0.007156,1.638e+05,0.0
992.5911,68045.156,1.0,5p5.(2P*<3/2>).6s 2[3/2]*,78119.798,2.0,5p5.(2P*<3/2>).6p 2[5/2],1.431,1.938e+07,0.7
994.3987,93362.671,1.0,5p5.(2P*<3/2>).5f 2[3/2],103419.0,1.0,5p5.(2P*<1/2>).7d 2[3/2]*,0.0003325,7477,0.0
994.7522,93366.245,2.0,5p5.(2P*<3/2>).5f 2[3/2],103419.0,1.0,5p5.(2P*<1/2>).7d 2[3/2]*,0.03391,7.619e+05,-0.0
995.6678,89024.89,3.0,5p5.(2P*<3/2>).6d 2[7/2]*,99068.4,2.0,5p5.(2P*<1/2>).7p 2[3/2],0.001246,1.676e+04,-0.0
996.9302,79212.465,2.0,5p5.(2P*<3/2>).6p 2[3/2],89243.258,2.0,5p5.(2P*<3/2>).6d 2[5/2]*,0.004854,6.515e+04,0.01
998.4989,93403.966,2.0,5p5.(2P*<3/2>).5f 2[5/2],103419.0,1.0,5p5.(2P*<1/2>).7d 2[3/2]*,9.396,2.095e+08,0.76
1001.8207,91447.474,2.0,5p5.(2P*<1/2>).5d 2[3/2]*,101429.3,2.0,5p5.(2P*<1/2>).4f 2[5/2],3.014,4.006e+07,0.41
1002.2726,91447.474,2.0,5p5.(2P*<1/2>).5d 2[3/2]*,101424.8,3.0,5p5.(2P*<1/2>).4f 2[5/2],5.854,5.553e+07,-0.43
1002.6374,80970.438,3.0,5p5.(2P*<3/2>).5d 2[7/2]*,90944.133,4.0,5p5.(2P*<3/2>).4f 2[7/2],0.5359,3.951e+06,-0.16
1002.6458,80970.438,3.0,5p5.(2P*<3/2>).5d 2[7/2]*,90944.05,3.0,5p5.(2P*<3/2>).4f 2[7/2],0.05795,5.493e+05,0.14
1005.9635,82430.204,3.0,5p5.(2P*<3/2>).5d 2[5/2]*,92370.923,2.0,5p5.(2P*<3/2>).8p 2[3/2],0.03573,4.711e+05,-0.22
1006.0753,80970.438,3.0,5p5.(2P*<3/2>).5d 2[7/2]*,90910.052,2.0,5p5.(2P*<3/2>).4f 2[5/2],0.0023,3.031e+04,-0.02
1006.3752,80970.438,3.0,5p5.(2P*<3/2>).5d 2[7/2]*,90907.09,3.0,5p5.(2P*<3/2>).4f 2[5/2],0.3331,3.134e+06,-0.59
1008.7567,80118.962,0.0,5p5.(2P*<3/2>).6p 2[1/2],90032.155,1.0,5p5.(2P*<3/2>).6d 2[3/2]*,0.1192,2.605e+06,0.17
1011.0132,80970.438,3.0,5p5.(2P*<3/2>).5d 2[7/2]*,90861.506,4.0,5p5.(2P*<3/2>).4f 2[9/2],1.013,7.345e+06,0.42
1012.2480,80970.438,3.0,5p5.(2P*<3/2>).5d 2[7/2]*,90849.44,2.0,5p5.(2P*<3/2>).4f 2[3/2],0.0198,2.578e+05,-0.18
1012.8226,79986.618,1.0,5p5.(2P*<3/2>).5d 2[1/2]*,89860.015,0.0,5p5.(2P*<1/2>).6p 2[1/2],0.1508,9.803e+06,0.17
1016.8031,82430.204,3.0,5p5.(2P*<3/2>).5d 2[5/2]*,92264.95,3.0,5p5.(2P*<3/2>).8p 2[5/2],0.01375,1.268e+05,0.3
1017.7970,89243.258,2.0,5p5.(2P*<3/2>).6d 2[5/2]*,99068.4,2.0,5p5.(2P*<1/2>).7p 2[3/2],0.01424,1.834e+05,-0.0
1019.1161,79212.465,2.0,5p5.(2P*<3/2>).6p 2[3/2],89024.89,3.0,5p5.(2P*<3/2>).6d 2[7/2]*,0.007528,6.907e+04,-0.01
1019.4156,89243.258,2.0,5p5.(2P*<3/2>).6d 2[5/2]*,99052.8,1.0,5p5.(2P*<1/2>).7p 2[1/2],0.004526,9.683e+04,0.0
1021.3297,82430.204,3.0,5p5.(2P*<3/2>).5d 2[5/2]*,92221.362,2.0,5p5.(2P*<3/2>).8p 2[5/2],0.0005039,6445,0.01
1025.3849,78956.031,1.0,5p5.(2P*<3/2>).6p 2[3/2],88708.466,2.0,5p5.(2P*<3/2>).6d 2[3/2]*,0.03361,4.265e+05,-0.03
1032.7659,91746.564,3.0,5p5.(2P*<1/2>).5d 2[5/2]*,101429.3,2.0,5p5.(2P*<1/2>).4f 2[5/2],0.025,3.127e+05,0.05
1033.2461,91746.564,3.0,5p5.(2P*<1/2>).5d 2[5/2]*,101424.8,3.0,5p5.(2P*<1/2>).4f 2[5/2],0.4295,3.834e+06,0.28
1033.2461,91746.564,3.0,5p5.(2P*<1/2>).5d 2[5/2]*,101424.8,3.0,5p5.(2P*<1/2>).4f 2[7/2],0.2232,1.993e+06,0.06
1033.2461,91746.564,3.0,5p5.(2P*<1/2>).5d 2[5/2]*,101424.8,4.0,5p5.(2P*<1/2>).4f 2[7/2],2.127,1.476e+07,-0.87
1040.3941,89243.258,2.0,5p5.(2P*<3/2>).6d 2[5/2]*,98855.0,1.0,5p5.(2P*<1/2>).7p 2[3/2],0.0578,1.187e+06,-0.01
1042.3459,78956.031,1.0,5p5.(2P*<3/2>).6p 2[3/2],88549.775,1.0,5p5.(2P*<3/2>).6d 2[1/2]*,0.02029,4.151e+05,0.04
1044.0350,90839.777,1.0,5p5.(2P*<3/2>).4f 2[3/2],100418.0,1.0,5p5.(2P*<1/2>).6d 2[3/2]*,0.0007985,1.629e+04,-0.0
1045.0893,90849.44,2.0,5p5.(2P*<3/2>).4f 2[3/2],100418.0,1.0,5p5.(2P*<1/2>).6d 2[3/2]*,0.004069,8.284e+04,0.0
1048.7689,78956.031,1.0,5p5.(2P*<3/2>).6p 2[3/2],88491.02,0.0,5p5.(2P*<3/2>).6d 2[1/2]*,0.0324,1.965e+06,0.23
1048.8962,89534.568,3.0,5p5.(2P*<3/2>).6d 2[5/2]*,99068.4,2.0,5p5.(2P*<1/2>).7p 2[3/2],0.07397,8.969e+05,-0.0
1051.0832,83889.971,1.0,5p5.(2P*<3/2>).5d 2[3/2]*,93403.966,2.0,5p5.(2P*<3/2>).5f 2[5/2],0.6377,7.701e+06,0.72
1051.7517,90910.052,2.0,5p5.(2P*<3/2>).4f 2[5/2],100418.0,1.0,5p5.(2P*<1/2>).6d 2[3/2]*,1.248,2.508e+07,0.11
1051.8080,79771.267,0.0,5p5.(2P*<3/2>).5d 2[1/2]*,89278.706,1.0,5p5.(2P*<1/2>).6p 2[1/2],0.1495,3.004e+06,-0.15
1053.0749,79212.465,2.0,5p5.(2P*<3/2>).6p 2[3/2],88708.466,2.0,5p5.(2P*<3/2>).6d 2[3/2]*,0.6928,8.335e+06,0.52
1055.2671,83889.971,1.0,5p5.(2P*<3/2>).5d 2[3/2]*,93366.245,2.0,5p5.(2P*<3/2>).5f 2[3/2],0.02226,2.666e+05,-0.01
1055.6652,83889.971,1.0,5p5.(2P*<3/2>).5d 2[3/2]*,93362.671,1.0,5p5.(2P*<3/2>).5f 2[3/2],0.02737,5.461e+05,0.18
1070.9723,79212.465,2.0,5p5.(2P*<3/2>).6p 2[3/2],88549.775,1.0,5p5.(2P*<3/2>).6d 2[1/2]*,0.1784,3.458e+06,0.66
1075.1517,92128.287,1.0,5p5.(2P*<3/2>).7d 2[1/2]*,101429.3,2.0,5p5.(2P*<1/2>).4f 2[5/2],11.01,1.271e+08,-0.33
1076.1844,79986.618,1.0,5p5.(2P*<3/2>).5d 2[1/2]*,89278.706,1.0,5p5.(2P*<1/2>).6p 2[1/2],0.1145,2.198e+06,-0.06
1078.4321,92153.279,1.0,5p5.(2P*<3/2>).8p 2[1/2],101426.0,1.0,5p5.(2P*<1/2>).8s 2[1/2]*,0.002426,4.639e+04,-0.0
1084.1297,68045.156,1.0,5p5.(2P*<3/2>).6s 2[3/2]*,77269.145,1.0,5p5.(2P*<3/2>).6p 2[1/2],0.1433,2.711e+06,0.23
1086.4088,92221.362,2.0,5p5.(2P*<3/2>).8p 2[5/2],101426.0,1.0,5p5.(2P*<1/2>).8s 2[1/2]*,0.0008105,1.527e+04,-0.0
1089.8306,79986.618,1.0,5p5.(2P*<3/2>).5d 2[1/2]*,89162.356,2.0,5p5.(2P*<1/2>).6p 2[3/2],0.507,5.695e+06,-0.28
1099.7550,92333.066,1.0,5p5.(2P*<3/2>).8p 2[3/2],101426.0,1.0,5p5.(2P*<1/2>).8s 2[1/2]*,0.0004283,7873,-0.0
1104.3528,92370.923,2.0,5p5.(2P*<3/2>).8p 2[3/2],101426.0,1.0,5p5.(2P*<1/2>).8s 2[1/2]*,9.442e-05,1721,0.0
1106.6544,90032.155,1.0,5p5.(2P*<3/2>).6d 2[3/2]*,99068.4,2.0,5p5.(2P*<1/2>).7p 2[3/2],0.03585,3.905e+05,-0.03
1108.5682,90032.155,1.0,5p5.(2P*<3/2>).6d 2[3/2]*,99052.8,1.0,5p5.(2P*<1/2>).7p 2[1/2],0.8592,1.554e+07,0.19
1108.8274,81925.514,2.0,5p5.(2P*<3/2>).5d 2[5/2]*,90944.05,3.0,5p5.(2P*<3/2>).4f 2[7/2],0.05488,4.253e+05,-0.04
1113.0233,81925.514,2.0,5p5.(2P*<3/2>).5d 2[5/2]*,90910.052,2.0,5p5.(2P*<3/2>).4f 2[5/2],0.1671,1.799e+06,-0.3
1113.3903,81925.514,2.0,5p5.(2P*<3/2>).5d 2[5/2]*,90907.09,3.0,5p5.(2P*<3/2>).4f 2[5/2],1.819,1.398e+07,-0.66
1113.6015,92444.927,4.0,5p5.(2P*<3/2>).7d 2[7/2]*,101424.8,3.0,5p5.(2P*<1/2>).4f 2[5/2],0.02436,1.872e+05,0.16
1113.6015,92444.927,4.0,5p5.(2P*<3/2>).7d 2[7/2]*,101424.8,3.0,5p5.(2P*<1/2>).4f 2[7/2],0.2069,1.59e+06,-0.42
1113.6015,92444.927,4.0,5p5.(2P*<3/2>).7d 2[7/2]*,101424.8,4.0,5p5.(2P*<1/2>).4f 2[7/2],4.762e-06,28.46,-0.0
1114.4182,79771.267,0.0,5p5.(2P*<3/2>).5d 2[1/2]*,88744.559,1.0,5p5.(2P*<3/2>).7p 2[3/2],0.03148,5.636e+05,-0.14
1116.5749,80322.746,2.0,5p5.(2P*<3/2>).5d 2[3/2]*,89278.706,1.0,5p5.(2P*<1/2>).6p 2[1/2],0.01222,2.179e+05,0.0
1120.5830,81925.514,2.0,5p5.(2P*<3/2>).5d 2[5/2]*,90849.44,2.0,5p5.(2P*<3/2>).4f 2[3/2],0.1948,2.069e+06,-0.48
1121.7977,81925.514,2.0,5p5.(2P*<3/2>).5d 2[5/2]*,90839.777,1.0,5p5.(2P*<3/2>).4f 2[3/2],0.01232,2.177e+05,0.17
1127.2858,92555.135,0.0,5p5.(2P*<3/2>).8p 2[1/2],101426.0,1.0,5p5.(2P*<1/2>).8s 2[1/2]*,0.002369,4.145e+04,-0.0
1129.2241,79986.618,1.0,5p5.(2P*<3/2>).5d 2[1/2]*,88842.256,0.0,5p5.(2P*<3/2>).7p 2[1/2],0.03066,1.604e+06,-0.08
1131.2716,80322.746,2.0,5p5.(2P*<3/2>).5d 2[3/2]*,89162.356,2.0,5p5.(2P*<1/2>).6p 2[3/2],0.001178,1.228e+04,-0.0
1133.4212,90032.155,1.0,5p5.(2P*<3/2>).6d 2[3/2]*,98855.0,1.0,5p5.(2P*<1/2>).7p 2[3/2],0.307,5.313e+06,-0.1
1138.5404,92646.125,3.0,5p5.(2P*<3/2>).7d 2[7/2]*,101429.3,2.0,5p5.(2P*<1/2>).4f 2[5/2],0.7982,8.215e+06,-0.53
1139.1241,92646.125,3.0,5p5.(2P*<3/2>).7d 2[7/2]*,101424.8,3.0,5p5.(2P*<1/2>).4f 2[5/2],0.004994,3.667e+04,0.0
1139.1241,92646.125,3.0,5p5.(2P*<3/2>).7d 2[7/2]*,101424.8,3.0,5p5.(2P*<1/2>).4f 2[7/2],4.377,3.215e+07,-0.44
1139.1241,92646.125,3.0,5p5.(2P*<3/2>).7d 2[7/2]*,101424.8,4.0,5p5.(2P*<1/2>).4f 2[7/2],0.1212,6.923e+05,0.06
1141.8209,79986.618,1.0,5p5.(2P*<3/2>).5d 2[1/2]*,88744.559,1.0,5p5.(2P*<3/2>).7p 2[3/2],0.02164,3.69e+05,0.06
1142.7548,92678.516,2.0,5p5.(2P*<3/2>).7d 2[5/2]*,101429.3,2.0,5p5.(2P*<1/2>).4f 2[5/2],3.378,3.45e+07,0.33
1143.3427,92678.516,2.0,5p5.(2P*<3/2>).7d 2[5/2]*,101424.8,3.0,5p5.(2P*<1/2>).4f 2[5/2],0.01751,1.276e+05,-0.0
1143.3427,92678.516,2.0,5p5.(2P*<3/2>).7d 2[5/2]*,101424.8,3.0,5p5.(2P*<1/2>).4f 2[7/2],12.38,9.026e+07,0.29
1147.4124,92714.038,1.0,5p5.(2P*<3/2>).7d 2[3/2]*,101429.3,2.0,5p5.(2P*<1/2>).4f 2[5/2],2.574,2.608e+07,0.18
1148.3996,92721.53,2.0,5p5.(2P*<3/2>).7d 2[3/2]*,101429.3,2.0,5p5.(2P*<1/2>).4f 2[5/2],0.001915,1.938e+04,0.0
1148.9934,92721.53,2.0,5p5.(2P*<3/2>).7d 2[3/2]*,101424.8,3.0,5p5.(2P*<1/2>).4f 2[5/2],0.106,7.652e+05,0.01
1148.9934,92721.53,2.0,5p5.(2P*<3/2>).7d 2[3/2]*,101424.8,3.0,5p5.(2P*<1/2>).4f 2[7/2],2.95,2.129e+07,0.1
1149.4409,79986.618,1.0,5p5.(2P*<3/2>).5d 2[1/2]*,88686.5,2.0,5p5.(2P*<3/2>).7p 2[3/2],0.003925,3.964e+04,0.04
1149.9933,92733.597,3.0,5p5.(2P*<3/2>).7d 2[5/2]*,101429.3,2.0,5p5.(2P*<1/2>).4f 2[5/2],0.01062,1.071e+05,0.01
1150.5887,92733.597,3.0,5p5.(2P*<3/2>).7d 2[5/2]*,101424.8,3.0,5p5.(2P*<1/2>).4f 2[5/2],0.2033,1.463e+06,-0.18
1150.5887,92733.597,3.0,5p5.(2P*<3/2>).7d 2[5/2]*,101424.8,3.0,5p5.(2P*<1/2>).4f 2[7/2],0.4548,3.273e+06,0.05
1150.5887,92733.597,3.0,5p5.(2P*<3/2>).7d 2[5/2]*,101424.8,4.0,5p5.(2P*<1/2>).4f 2[7/2],0.01845,1.033e+05,0.1
1154.0462,83889.971,1.0,5p5.(2P*<3/2>).5d 2[3/2]*,92555.135,0.0,5p5.(2P*<3/2>).8p 2[1/2],0.5372,2.691e+07,-0.36
1161.7291,79771.267,0.0,5p5.(2P*<3/2>).5d 2[1/2]*,88379.126,1.0,5p5.(2P*<1/2>).6p 2[3/2],0.02844,4.686e+05,-0.04
1174.5459,82430.204,3.0,5p5.(2P*<3/2>).5d 2[5/2]*,90944.133,4.0,5p5.(2P*<3/2>).4f 2[7/2],0.7731,4.153e+06,-0.54
1174.5573,82430.204,3.0,5p5.(2P*<3/2>).5d 2[5/2]*,90944.05,3.0,5p5.(2P*<3/2>).4f 2[7/2],0.5485,3.788e+06,-0.87
1179.1129,83889.971,1.0,5p5.(2P*<3/2>).5d 2[3/2]*,92370.923,2.0,5p5.(2P*<3/2>).8p 2[3/2],0.01422,1.365e+05,-0.15
1179.2664,82430.204,3.0,5p5.(2P*<3/2>).5d 2[5/2]*,90910.052,2.0,5p5.(2P*<3/2>).4f 2[5/2],0.003595,3.448e+04,-0.05
1179.6785,82430.204,3.0,5p5.(2P*<3/2>).5d 2[5/2]*,90907.09,3.0,5p5.(2P*<3/2>).4f 2[5/2],0.003065,2.098e+04,0.01
1184.3998,83889.971,1.0,5p5.(2P*<3/2>).5d 2[3/2]*,92333.066,1.0,5p5.(2P*<3/2>).8p 2[3/2],0.2456,3.893e+06,0.27
1186.0564,82430.204,3.0,5p5.(2P*<3/2>).5d 2[5/2]*,90861.506,4.0,5p5.(2P*<3/2>).4f 2[9/2],1.337,7.042e+06,-0.79
1186.1252,80118.962,0.0,5p5.(2P*<3/2>).6p 2[1/2],88549.775,1.0,5p5.(2P*<3/2>).6d 2[1/2]*,0.03288,5.196e+05,0.08
1187.3928,80322.746,2.0,5p5.(2P*<3/2>).5d 2[3/2]*,88744.559,1.0,5p5.(2P*<3/2>).7p 2[3/2],0.001133,1.786e+04,-0.0
1187.7562,82430.204,3.0,5p5.(2P*<3/2>).5d 2[5/2]*,90849.44,2.0,5p5.(2P*<3/2>).4f 2[3/2],0.03515,3.324e+05,0.44
1191.5389,79986.618,1.0,5p5.(2P*<3/2>).5d 2[1/2]*,88379.126,1.0,5p5.(2P*<1/2>).6p 2[3/2],0.2651,4.151e+06,0.2
1195.4483,79986.618,1.0,5p5.(2P*<3/2>).5d 2[1/2]*,88351.681,2.0,5p5.(2P*<3/2>).7p 2[5/2],0.182,1.699e+06,0.2
1195.6354,80322.746,2.0,5p5.(2P*<3/2>).5d 2[3/2]*,88686.5,2.0,5p5.(2P*<3/2>).7p 2[3/2],0.01025,9.566e+04,0.02
1200.2798,83889.971,1.0,5p5.(2P*<3/2>).5d 2[3/2]*,92221.362,2.0,5p5.(2P*<3/2>).8p 2[5/2],0.06811,6.307e+05,-0.41
1208.8121,80196.629,4.0,5p5.(2P*<3/2>).5d 2[7/2]*,88469.213,3.0,5p5.(2P*<3/2>).7p 2[5/2],0.04738,3.09e+05,-0.05
1209.9622,92153.279,1.0,5p5.(2P*<3/2>).8p 2[1/2],100418.0,1.0,5p5.(2P*<1/2>).6d 2[3/2]*,0.008025,1.219e+05,-0.0
1210.0880,90804.538,2.0,5p5.(2P*<3/2>).8s 2[3/2]*,99068.4,2.0,5p5.(2P*<1/2>).7p 2[3/2],0.0004722,4302,0.0
1210.1691,83889.971,1.0,5p5.(2P*<3/2>).5d 2[3/2]*,92153.279,1.0,5p5.(2P*<3/2>).8p 2[1/2],0.0006858,1.041e+04,-0.0
1212.3766,90804.538,2.0,5p5.(2P*<3/2>).8s 2[3/2]*,99052.8,1.0,5p5.(2P*<1/2>).7p 2[1/2],0.002101,3.178e+04,-0.0
1214.7648,85188.777,2.0,5p5.(2P*<3/2>).7s 2[3/2]*,93420.823,3.0,5p5.(2P*<3/2>).5f 2[7/2],0.03909,2.525e+05,0.23
1217.2574,85188.777,2.0,5p5.(2P*<3/2>).7s 2[3/2]*,93403.966,2.0,5p5.(2P*<3/2>).5f 2[5/2],0.0007493,6746,-0.02
1217.6280,85188.777,2.0,5p5.(2P*<3/2>).7s 2[3/2]*,93401.466,3.0,5p5.(2P*<3/2>).5f 2[5/2],0.004592,2.952e+04,-0.03
1220.0124,92221.362,2.0,5p5.(2P*<3/2>).8p 2[5/2],100418.0,1.0,5p5.(2P*<1/2>).6d 2[3/2]*,0.0005013,7489,0.0
1220.7153,80970.438,3.0,5p5.(2P*<3/2>).5d 2[7/2]*,89162.356,2.0,5p5.(2P*<1/2>).6p 2[3/2],0.04292,3.843e+05,0.01
1222.8724,85188.777,2.0,5p5.(2P*<3/2>).7s 2[3/2]*,93366.245,2.0,5p5.(2P*<3/2>).5f 2[3/2],0.005663,5.052e+04,-0.06
1223.4071,85188.777,2.0,5p5.(2P*<3/2>).7s 2[3/2]*,93362.671,1.0,5p5.(2P*<3/2>).5f 2[3/2],0.001154,1.714e+04,0.18
1223.8596,77269.145,1.0,5p5.(2P*<3/2>).6p 2[1/2],85440.017,1.0,5p5.(2P*<3/2>).7s 2[3/2]*,0.06028,8.948e+05,-0.13
1226.1117,79771.267,0.0,5p5.(2P*<3/2>).5d 2[1/2]*,87927.131,1.0,5p5.(2P*<3/2>).7p 2[1/2],0.2864,4.236e+06,-0.26
1227.5260,80322.746,2.0,5p5.(2P*<3/2>).5d 2[3/2]*,88469.213,3.0,5p5.(2P*<3/2>).7p 2[5/2],0.02514,1.59e+05,0.06
1229.1100,90932.432,1.0,5p5.(2P*<3/2>).8s 2[3/2]*,99068.4,2.0,5p5.(2P*<1/2>).7p 2[3/2],5.516e-05,487.1,0.0
1229.8889,95800.584,1.0,5p5.(2P*<1/2>).7s 2[1/2]*,103931.4,2.0,5p5.(2P*<1/2>).5f 2[5/2],0.05811,5.125e+05,-0.35
1231.4713,90932.432,1.0,5p5.(2P*<3/2>).8s 2[3/2]*,99052.8,1.0,5p5.(2P*<1/2>).7p 2[1/2],0.0004528,6638,-0.0
1236.8685,92333.066,1.0,5p5.(2P*<3/2>).8p 2[3/2],100418.0,1.0,5p5.(2P*<1/2>).6d 2[3/2]*,0.05088,7.395e+05,-0.01
1240.1826,93362.671,1.0,5p5.(2P*<3/2>).5f 2[3/2],101426.0,1.0,5p5.(2P*<1/2>).8s 2[1/2]*,0.001456,2.104e+04,0.16
1240.7325,93366.245,2.0,5p5.(2P*<3/2>).5f 2[3/2],101426.0,1.0,5p5.(2P*<1/2>).8s 2[1/2]*,0.00303,4.377e+04,-0.08
1241.2523,80322.746,2.0,5p5.(2P*<3/2>).5d 2[3/2]*,88379.126,1.0,5p5.(2P*<1/2>).6p 2[3/2],0.0001835,2648,0.0
1242.1647,90804.538,2.0,5p5.(2P*<3/2>).8s 2[3/2]*,98855.0,1.0,5p5.(2P*<1/2>).7p 2[3/2],4.118e-05,593.4,-0.0
1242.6873,92370.923,2.0,5p5.(2P*<3/2>).8p 2[3/2],100418.0,1.0,5p5.(2P*<1/2>).6d 2[3/2]*,0.004222,6.079e+04,0.0
1245.4952,80322.746,2.0,5p5.(2P*<3/2>).5d 2[3/2]*,88351.681,2.0,5p5.(2P*<3/2>).7p 2[5/2],0.07733,6.65e+05,0.05
1246.5666,93403.966,2.0,5p5.(2P*<3/2>).5f 2[5/2],101426.0,1.0,5p5.(2P*<1/2>).8s 2[1/2]*,0.003655,5.23e+04,0.12
1255.6585,85440.017,1.0,5p5.(2P*<3/2>).7s 2[3/2]*,93403.966,2.0,5p5.(2P*<3/2>).5f 2[5/2],0.01133,9.589e+04,0.38
1259.3645,79986.618,1.0,5p5.(2P*<3/2>).5d 2[1/2]*,87927.131,1.0,5p5.(2P*<3/2>).7p 2[1/2],0.02397,3.36e+05,-0.02
1261.6342,85440.017,1.0,5p5.(2P*<3/2>).7s 2[3/2]*,93366.245,2.0,5p5.(2P*<3/2>).5f 2[3/2],0.0006019,5045,0.01
1262.2033,85440.017,1.0,5p5.(2P*<3/2>).7s 2[3/2]*,93362.671,1.0,5p5.(2P*<3/2>).5f 2[3/2],0.001396,1.948e+04,-0.07
1262.2170,90932.432,1.0,5p5.(2P*<3/2>).8s 2[3/2]*,98855.0,1.0,5p5.(2P*<1/2>).7p 2[3/2],0.0002438,3403,0.0
1262.6849,77269.145,1.0,5p5.(2P*<3/2>).6p 2[1/2],85188.777,2.0,5p5.(2P*<3/2>).7s 2[3/2]*,0.7154,5.986e+06,-0.59
1263.3074,91152.67,2.0,5p5.(2P*<1/2>).5d 2[5/2]*,99068.4,2.0,5p5.(2P*<1/2>).7p 2[3/2],0.05627,4.704e+05,0.03
1265.8020,91152.67,2.0,5p5.(2P*<1/2>).5d 2[5/2]*,99052.8,1.0,5p5.(2P*<1/2>).7p 2[1/2],0.04752,6.594e+05,-0.01
1270.0908,87927.131,1.0,5p5.(2P*<3/2>).7p 2[1/2],95800.584,1.0,5p5.(2P*<1/2>).7s 2[1/2]*,0.008141,1.122e+05,-0.0
1271.8011,92555.135,0.0,5p5.(2P*<3/2>).8p 2[1/2],100418.0,1.0,5p5.(2P*<1/2>).6d 2[3/2]*,0.1008,1.386e+06,0.01
1280.2360,93618.24,1.0,5p5.(2P*<1/2>).5d 2[3/2]*,101429.3,2.0,5p5.(2P*<1/2>).4f 2[5/2],3.877,3.156e+07,-0.27
1283.0680,87927.131,1.0,5p5.(2P*<3/2>).7p 2[1/2],95720.95,0.0,5p5.(2P*<1/2>).7s 2[1/2]*,0.3899,1.58e+07,-0.12
1295.9979,80970.438,3.0,5p5.(2P*<3/2>).5d 2[7/2]*,88686.5,2.0,5p5.(2P*<3/2>).7p 2[3/2],0.02536,2.014e+05,-0.1
1298.3084,91152.67,2.0,5p5.(2P*<1/2>).5d 2[5/2]*,98855.0,1.0,5p5.(2P*<1/2>).7p 2[3/2],0.006477,8.544e+04,0.0
1312.1765,91447.474,2.0,5p5.(2P*<1/2>).5d 2[3/2]*,99068.4,2.0,5p5.(2P*<1/2>).7p 2[3/2],0.3442,2.667e+06,0.28
1314.8680,91447.474,2.0,5p5.(2P*<1/2>).5d 2[3/2]*,99052.8,1.0,5p5.(2P*<1/2>).7p 2[1/2],0.7412,9.532e+06,-0.24
1315.0307,80322.746,2.0,5p5.(2P*<3/2>).5d 2[3/2]*,87927.131,1.0,5p5.(2P*<3/2>).7p 2[1/2],0.008231,1.058e+05,0.0
1333.5511,80970.438,3.0,5p5.(2P*<3/2>).5d 2[7/2]*,88469.213,3.0,5p5.(2P*<3/2>).7p 2[5/2],0.01819,9.748e+04,-0.22
1342.4796,88351.681,2.0,5p5.(2P*<3/2>).7p 2[5/2],95800.584,1.0,5p5.(2P*<1/2>).7s 2[1/2]*,0.2141,2.641e+06,0.03
1347.4441,88379.126,1.0,5p5.(2P*<1/2>).6p 2[3/2],95800.584,1.0,5p5.(2P*<1/2>).7s 2[1/2]*,0.684,8.376e+06,0.21
1349.9784,91447.474,2.0,5p5.(2P*<1/2>).5d 2[3/2]*,98855.0,1.0,5p5.(2P*<1/2>).7p 2[3/2],0.1041,1.27e+06,0.09
1354.7854,80970.438,3.0,5p5.(2P*<3/2>).5d 2[7/2]*,88351.681,2.0,5p5.(2P*<3/2>).7p 2[5/2],0.02447,1.778e+05,0.01
1359.9536,81925.514,2.0,5p5.(2P*<3/2>).5d 2[5/2]*,89278.706,1.0,5p5.(2P*<1/2>).6p 2[1/2],0.0004393,5282,-0.0
1362.0593,88379.126,1.0,5p5.(2P*<1/2>).6p 2[3/2],95720.95,0.0,5p5.(2P*<1/2>).7s 2[1/2]*,0.05117,1.84e+06,-0.04
1365.7777,91746.564,3.0,5p5.(2P*<1/2>).5d 2[5/2]*,99068.4,2.0,5p5.(2P*<1/2>).7p 2[3/2],1.067,7.634e+06,0.51
1366.0793,78119.798,2.0,5p5.(2P*<3/2>).6p 2[5/2],85440.017,1.0,5p5.(2P*<3/2>).7s 2[3/2]*,0.6588,7.85e+06,-0.54
1381.8182,81925.514,2.0,5p5.(2P*<3/2>).5d 2[5/2]*,89162.356,2.0,5p5.(2P*<1/2>).6p 2[3/2],0.01394,9.736e+04,-0.01
1392.3415,85188.777,2.0,5p5.(2P*<3/2>).7s 2[3/2]*,92370.923,2.0,5p5.(2P*<3/2>).8p 2[3/2],0.04465,3.073e+05,0.17
1399.7194,85188.777,2.0,5p5.(2P*<3/2>).7s 2[3/2]*,92333.066,1.0,5p5.(2P*<3/2>).8p 2[3/2],0.0008834,1.003e+04,-0.01
1405.4581,85440.017,1.0,5p5.(2P*<3/2>).7s 2[3/2]*,92555.135,0.0,5p5.(2P*<3/2>).8p 2[1/2],0.007278,2.458e+05,0.02
1405.6623,88686.5,2.0,5p5.(2P*<3/2>).7p 2[3/2],95800.584,1.0,5p5.(2P*<1/2>).7s 2[1/2]*,0.01121,1.261e+05,0.0
1413.1933,85188.777,2.0,5p5.(2P*<3/2>).7s 2[3/2]*,92264.95,3.0,5p5.(2P*<3/2>).8p 2[5/2],0.1353,6.457e+05,0.55
1414.6314,78119.798,2.0,5p5.(2P*<3/2>).6p 2[5/2],85188.777,2.0,5p5.(2P*<3/2>).7s 2[3/2]*,0.297,1.98e+06,0.56
1417.2285,88744.559,1.0,5p5.(2P*<3/2>).7p 2[3/2],95800.584,1.0,5p5.(2P*<1/2>).7s 2[1/2]*,0.003989,4.415e+04,0.0
1417.3683,93362.671,1.0,5p5.(2P*<3/2>).5f 2[3/2],100418.0,1.0,5p5.(2P*<1/2>).6d 2[3/2]*,0.002177,2.409e+04,0.0
1418.0867,93366.245,2.0,5p5.(2P*<3/2>).5f 2[3/2],100418.0,1.0,5p5.(2P*<1/2>).6d 2[3/2]*,2.15,2.377e+07,-0.1
1421.9522,85188.777,2.0,5p5.(2P*<3/2>).7s 2[3/2]*,92221.362,2.0,5p5.(2P*<3/2>).8p 2[5/2],0.03071,2.026e+05,-0.25
1424.4850,83889.971,1.0,5p5.(2P*<3/2>).5d 2[3/2]*,90910.052,2.0,5p5.(2P*<3/2>).4f 2[5/2],1.431,9.408e+06,-0.45
1425.7131,93403.966,2.0,5p5.(2P*<3/2>).5f 2[5/2],100418.0,1.0,5p5.(2P*<1/2>).6d 2[3/2]*,15.55,1.701e+08,-0.94
1433.4059,88744.559,1.0,5p5.(2P*<3/2>).7p 2[3/2],95720.95,0.0,5p5.(2P*<1/2>).7s 2[1/2]*,0.03738,1.213e+06,-0.02
1435.8528,85188.777,2.0,5p5.(2P*<3/2>).7s 2[3/2]*,92153.279,1.0,5p5.(2P*<3/2>).8p 2[1/2],0.06751,7.281e+05,0.18
1436.8912,83889.971,1.0,5p5.(2P*<3/2>).5d 2[3/2]*,90849.44,2.0,5p5.(2P*<3/2>).4f 2[3/2],0.1122,7.248e+05,-0.14
1437.1269,88842.256,0.0,5p5.(2P*<3/2>).7p 2[1/2],95800.584,1.0,5p5.(2P*<1/2>).7s 2[1/2]*,0.2431,2.617e+06,-0.1
1438.8891,83889.971,1.0,5p5.(2P*<3/2>).5d 2[3/2]*,90839.777,1.0,5p5.(2P*<3/2>).4f 2[3/2],0.04224,4.537e+05,0.23
1440.8987,92128.287,1.0,5p5.(2P*<3/2>).7d 2[1/2]*,99068.4,2.0,5p5.(2P*<1/2>).7p 2[3/2],0.006504,4.179e+04,0.01
1442.8128,85440.017,1.0,5p5.(2P*<3/2>).7s 2[3/2]*,92370.923,2.0,5p5.(2P*<3/2>).8p 2[3/2],0.001196,7664,0.01
1444.1449,92128.287,1.0,5p5.(2P*<3/2>).7d 2[1/2]*,99052.8,1.0,5p5.(2P*<1/2>).7p 2[1/2],0.2587,2.758e+06,-0.09
1450.7368,85440.017,1.0,5p5.(2P*<3/2>).7s 2[3/2]*,92333.066,1.0,5p5.(2P*<3/2>).8p 2[3/2],0.02103,2.222e+05,0.09
1466.4810,81925.514,2.0,5p5.(2P*<3/2>).5d 2[5/2]*,88744.559,1.0,5p5.(2P*<3/2>).7p 2[3/2],0.08992,9.297e+05,-0.11
1472.1320,92259.931,0.0,5p5.(2P*<3/2>).7d 2[1/2]*,99052.8,1.0,5p5.(2P*<1/2>).7p 2[1/2],0.002303,2.362e+04,-0.0
1473.6838,78403.061,3.0,5p5.(2P*<3/2>).6p 2[5/2],85188.777,2.0,5p5.(2P*<3/2>).7s 2[3/2]*,1.409,8.656e+06,-0.84
1474.6337,85440.017,1.0,5p5.(2P*<3/2>).7s 2[3/2]*,92221.362,2.0,5p5.(2P*<3/2>).8p 2[5/2],0.001559,9565,0.01
1479.0742,81925.514,2.0,5p5.(2P*<3/2>).5d 2[5/2]*,88686.5,2.0,5p5.(2P*<3/2>).7p 2[3/2],0.01317,8.033e+04,0.11
1485.4091,82430.204,3.0,5p5.(2P*<3/2>).5d 2[5/2]*,89162.356,2.0,5p5.(2P*<1/2>).6p 2[3/2],0.009078,5.489e+04,-0.0
1486.6102,92128.287,1.0,5p5.(2P*<3/2>).7d 2[1/2]*,98855.0,1.0,5p5.(2P*<1/2>).7p 2[3/2],0.2007,2.019e+06,0.1
1489.5888,85440.017,1.0,5p5.(2P*<3/2>).7s 2[3/2]*,92153.279,1.0,5p5.(2P*<3/2>).8p 2[1/2],0.0004862,4872,0.0
1506.4261,89162.356,2.0,5p5.(2P*<1/2>).6p 2[3/2],95800.584,1.0,5p5.(2P*<1/2>).7s 2[1/2]*,0.5504,5.393e+06,-0.13
1510.3856,77269.145,1.0,5p5.(2P*<3/2>).6p 2[1/2],83889.971,1.0,5p5.(2P*<3/2>).5d 2[3/2]*,0.002744,2.674e+04,0.01
1516.2844,92259.931,0.0,5p5.(2P*<3/2>).7d 2[1/2]*,98855.0,1.0,5p5.(2P*<1/2>).7p 2[3/2],0.006308,6.1e+04,0.04
1528.1877,81925.514,2.0,5p5.(2P*<3/2>).5d 2[5/2]*,88469.213,3.0,5p5.(2P*<3/2>).7p 2[5/2],0.006063,2.474e+04,0.37
1533.3007,89278.706,1.0,5p5.(2P*<1/2>).6p 2[1/2],95800.584,1.0,5p5.(2P*<1/2>).7s 2[1/2]*,0.1695,1.603e+06,-0.06
1542.2612,78956.031,1.0,5p5.(2P*<3/2>).6p 2[3/2],85440.017,1.0,5p5.(2P*<3/2>).7s 2[3/2]*,0.6322,5.91e+06,-0.78
1549.5199,81925.514,2.0,5p5.(2P*<3/2>).5d 2[5/2]*,88379.126,1.0,5p5.(2P*<1/2>).6p 2[3/2],7.536e-05,697.9,0.0
1552.2542,89278.706,1.0,5p5.(2P*<1/2>).6p 2[1/2],95720.95,0.0,5p5.(2P*<1/2>).7s 2[1/2]*,0.1373,3.8e+06,-0.09
1556.1376,81925.514,2.0,5p5.(2P*<3/2>).5d 2[5/2]*,88351.681,2.0,5p5.(2P*<3/2>).7p 2[5/2],0.02378,1.31e+05,-0.04
1557.0806,92646.125,3.0,5p5.(2P*<3/2>).7d 2[7/2]*,99068.4,2.0,5p5.(2P*<1/2>).7p 2[3/2],0.09203,5.064e+05,-0.03
1564.9736,92678.516,2.0,5p5.(2P*<3/2>).7d 2[5/2]*,99068.4,2.0,5p5.(2P*<1/2>).7p 2[3/2],0.0005656,3081,-0.0
1568.8036,92678.516,2.0,5p5.(2P*<3/2>).7d 2[5/2]*,99052.8,1.0,5p5.(2P*<1/2>).7p 2[1/2],0.001982,1.79e+04,-0.0
1573.7221,92714.038,1.0,5p5.(2P*<3/2>).7d 2[3/2]*,99068.4,2.0,5p5.(2P*<1/2>).7p 2[3/2],0.0124,6.678e+04,0.03
1575.5798,92721.53,2.0,5p5.(2P*<3/2>).7d 2[3/2]*,99068.4,2.0,5p5.(2P*<1/2>).7p 2[3/2],0.007298,3.922e+04,-0.01
1577.5951,92714.038,1.0,5p5.(2P*<3/2>).7d 2[3/2]*,99052.8,1.0,5p5.(2P*<1/2>).7p 2[1/2],0.008178,7.306e+04,-0.01
1578.5811,92733.597,3.0,5p5.(2P*<3/2>).7d 2[5/2]*,99068.4,2.0,5p5.(2P*<1/2>).7p 2[3/2],1.029,5.507e+06,-0.7
1579.4619,92721.53,2.0,5p5.(2P*<3/2>).7d 2[3/2]*,99052.8,1.0,5p5.(2P*<1/2>).7p 2[1/2],0.02776,2.474e+05,0.02
1598.3898,82430.204,3.0,5p5.(2P*<3/2>).5d 2[5/2]*,88686.5,2.0,5p5.(2P*<3/2>).7p 2[3/2],0.2421,1.264e+06,-0.65
1604.4293,78956.031,1.0,5p5.(2P*<3/2>).6p 2[3/2],85188.777,2.0,5p5.(2P*<3/2>).7s 2[3/2]*,0.0245,1.27e+05,0.08
1605.7674,79212.465,2.0,5p5.(2P*<3/2>).6p 2[3/2],85440.017,1.0,5p5.(2P*<3/2>).7s 2[3/2]*,0.2561,2.208e+06,-0.4
1619.0441,92678.516,2.0,5p5.(2P*<3/2>).7d 2[5/2]*,98855.0,1.0,5p5.(2P*<1/2>).7p 2[3/2],0.09924,8.418e+05,-0.05
1628.4094,92714.038,1.0,5p5.(2P*<3/2>).7d 2[3/2]*,98855.0,1.0,5p5.(2P*<1/2>).7p 2[3/2],0.0002165,1815,-0.0
1630.3985,92721.53,2.0,5p5.(2P*<3/2>).7d 2[3/2]*,98855.0,1.0,5p5.(2P*<1/2>).7p 2[3/2],0.001003,8389,0.0
1655.9008,82430.204,3.0,5p5.(2P*<3/2>).5d 2[5/2]*,88469.213,3.0,5p5.(2P*<3/2>).7p 2[5/2],0.05817,2.022e+05,0.73
1666.2176,81925.514,2.0,5p5.(2P*<3/2>).5d 2[5/2]*,87927.131,1.0,5p5.(2P*<3/2>).7p 2[1/2],0.001861,1.49e+04,0.0
1673.2727,79212.465,2.0,5p5.(2P*<3/2>).6p 2[3/2],85188.777,2.0,5p5.(2P*<3/2>).7s 2[3/2]*,0.452,2.154e+06,-0.46
1675.0295,83889.971,1.0,5p5.(2P*<3/2>).5d 2[3/2]*,89860.015,0.0,5p5.(2P*<1/2>).6p 2[1/2],0.03445,8.19e+05,0.03
1683.3404,89860.015,0.0,5p5.(2P*<1/2>).6p 2[1/2],95800.584,1.0,5p5.(2P*<1/2>).7s 2[1/2]*,0.01174,9.212e+04,0.01
1688.7679,82430.204,3.0,5p5.(2P*<3/2>).5d 2[5/2]*,88351.681,2.0,5p5.(2P*<3/2>).7p 2[5/2],0.009652,4.515e+04,-0.01
1733.0503,78119.798,2.0,5p5.(2P*<3/2>).6p 2[5/2],83889.971,1.0,5p5.(2P*<3/2>).5d 2[3/2]*,0.09142,6.768e+05,0.49
1737.5370,85188.777,2.0,5p5.(2P*<3/2>).7s 2[3/2]*,90944.05,3.0,5p5.(2P*<3/2>).4f 2[7/2],0.09229,2.913e+05,0.44
1747.8621,85188.777,2.0,5p5.(2P*<3/2>).7s 2[3/2]*,90910.052,2.0,5p5.(2P*<3/2>).4f 2[5/2],0.005046,2.203e+04,0.11
1757.1268,87927.131,1.0,5p5.(2P*<3/2>).7p 2[1/2],93618.24,1.0,5p5.(2P*<1/2>).5d 2[3/2]*,0.0005892,4243,-0.0
1766.5775,85188.777,2.0,5p5.(2P*<3/2>).7s 2[3/2]*,90849.44,2.0,5p5.(2P*<3/2>).4f 2[3/2],0.0222,9.491e+04,-0.35
1769.5983,85188.777,2.0,5p5.(2P*<3/2>).7s 2[3/2]*,90839.777,1.0,5p5.(2P*<3/2>).4f 2[3/2],0.002254,1.601e+04,0.25
1776.6041,95800.584,1.0,5p5.(2P*<1/2>).7s 2[1/2]*,101429.3,2.0,5p5.(2P*<1/2>).4f 2[5/2],0.04155,1.756e+05,0.1
1828.1419,85440.017,1.0,5p5.(2P*<3/2>).7s 2[3/2]*,90910.052,2.0,5p5.(2P*<3/2>).4f 2[5/2],0.01868,7.456e+04,-0.23
1834.8085,93618.24,1.0,5p5.(2P*<1/2>).5d 2[3/2]*,99068.4,2.0,5p5.(2P*<1/2>).7p 2[3/2],0.4659,1.846e+06,0.45
1840.0754,93618.24,1.0,5p5.(2P*<1/2>).5d 2[3/2]*,99052.8,1.0,5p5.(2P*<1/2>).7p 2[1/2],0.06627,4.352e+05,-0.03
1848.6260,85440.017,1.0,5p5.(2P*<3/2>).7s 2[3/2]*,90849.44,2.0,5p5.(2P*<3/2>).4f 2[3/2],0.004951,1.933e+04,0.1
1851.9342,85440.017,1.0,5p5.(2P*<3/2>).7s 2[3/2]*,90839.777,1.0,5p5.(2P*<3/2>).4f 2[3/2],0.002638,1.71e+04,-0.12
1855.7231,83889.971,1.0,5p5.(2P*<3/2>).5d 2[3/2]*,89278.706,1.0,5p5.(2P*<1/2>).6p 2[1/2],0.0009221,5953,0.0
1879.3266,80118.962,0.0,5p5.(2P*<3/2>).6p 2[1/2],85440.017,1.0,5p5.(2P*<3/2>).7s 2[3/2]*,0.1521,9.576e+05,-0.39
1896.6748,83889.971,1.0,5p5.(2P*<3/2>).5d 2[3/2]*,89162.356,2.0,5p5.(2P*<1/2>).6p 2[3/2],0.003906,1.449e+04,0.01
1898.7730,88351.681,2.0,5p5.(2P*<3/2>).7p 2[5/2],93618.24,1.0,5p5.(2P*<1/2>).5d 2[3/2]*,0.05159,3.181e+05,0.04
1908.7197,88379.126,1.0,5p5.(2P*<1/2>).6p 2[3/2],93618.24,1.0,5p5.(2P*<1/2>).5d 2[3/2]*,0.2316,1.414e+06,-0.11
1909.5777,93618.24,1.0,5p5.(2P*<1/2>).5d 2[3/2]*,98855.0,1.0,5p5.(2P*<1/2>).7p 2[3/2],0.03696,2.254e+05,0.03
2015.8011,90839.777,1.0,5p5.(2P*<3/2>).4f 2[3/2],95800.584,1.0,5p5.(2P*<1/2>).7s 2[1/2]*,0.003646,1.995e+04,0.1
2019.2699,83889.971,1.0,5p5.(2P*<3/2>).5d 2[3/2]*,88842.256,0.0,5p5.(2P*<3/2>).7p 2[1/2],0.03264,5.34e+05,0.03
2019.7352,90849.44,2.0,5p5.(2P*<3/2>).4f 2[3/2],95800.584,1.0,5p5.(2P*<1/2>).7s 2[1/2]*,0.00453,2.469e+04,-0.04
2026.7778,78956.031,1.0,5p5.(2P*<3/2>).6p 2[3/2],83889.971,1.0,5p5.(2P*<3/2>).5d 2[3/2]*,0.369,1.997e+06,-0.55
2027.6819,88686.5,2.0,5p5.(2P*<3/2>).7p 2[3/2],93618.24,1.0,5p5.(2P*<1/2>).5d 2[3/2]*,0.007403,4.003e+04,-0.01
2044.7673,90910.052,2.0,5p5.(2P*<3/2>).4f 2[5/2],95800.584,1.0,5p5.(2P*<1/2>).7s 2[1/2]*,0.1203,6.4e+05,0.34
2048.6879,90839.777,1.0,5p5.(2P*<3/2>).4f 2[3/2],95720.95,0.0,5p5.(2P*<1/2>).7s 2[1/2]*,0.006503,1.033e+05,-0.15
2051.8372,88744.559,1.0,5p5.(2P*<3/2>).7p 2[3/2],93618.24,1.0,5p5.(2P*<1/2>).5d 2[3/2]*,0.1165,6.155e+05,0.04
2052.6922,88491.02,0.0,5p5.(2P*<3/2>).6d 2[1/2]*,93362.671,1.0,5p5.(2P*<3/2>).5f 2[3/2],0.001915,1.011e+04,0.0
2059.9070,83889.971,1.0,5p5.(2P*<3/2>).5d 2[3/2]*,88744.559,1.0,5p5.(2P*<3/2>).7p 2[3/2],0.02523,1.322e+05,0.03
2060.0755,88549.775,1.0,5p5.(2P*<3/2>).6d 2[1/2]*,93403.966,2.0,5p5.(2P*<3/2>).5f 2[5/2],0.03812,1.198e+05,0.04
2076.2093,88549.775,1.0,5p5.(2P*<3/2>).6d 2[1/2]*,93366.245,2.0,5p5.(2P*<3/2>).5f 2[3/2],0.006782,2.099e+04,-0.0
2077.7511,88549.775,1.0,5p5.(2P*<3/2>).6d 2[1/2]*,93362.671,1.0,5p5.(2P*<3/2>).5f 2[3/2],0.003517,1.811e+04,0.01
2084.8409,83889.971,1.0,5p5.(2P*<3/2>).5d 2[3/2]*,88686.5,2.0,5p5.(2P*<3/2>).7p 2[3/2],0.03625,1.113e+05,-0.22
2085.7672,87927.131,1.0,5p5.(2P*<3/2>).7p 2[1/2],92721.53,2.0,5p5.(2P*<3/2>).7d 2[3/2]*,0.1181,3.62e+05,0.05
2089.0316,87927.131,1.0,5p5.(2P*<3/2>).7p 2[1/2],92714.038,1.0,5p5.(2P*<3/2>).7d 2[3/2]*,0.1186,6.043e+05,-0.08
2093.8094,88842.256,0.0,5p5.(2P*<3/2>).7p 2[1/2],93618.24,1.0,5p5.(2P*<1/2>).5d 2[3/2]*,0.055,2.789e+05,0.02
2104.6495,87927.131,1.0,5p5.(2P*<3/2>).7p 2[1/2],92678.516,2.0,5p5.(2P*<3/2>).7d 2[5/2]*,0.0001475,444.2,-0.0
2122.0803,88708.466,2.0,5p5.(2P*<3/2>).6d 2[3/2]*,93420.823,3.0,5p5.(2P*<3/2>).5f 2[7/2],0.01296,2.742e+04,-0.01
2129.6986,88708.466,2.0,5p5.(2P*<3/2>).6d 2[3/2]*,93403.966,2.0,5p5.(2P*<3/2>).5f 2[5/2],0.000858,2524,0.0
2130.8332,88708.466,2.0,5p5.(2P*<3/2>).6d 2[3/2]*,93401.466,3.0,5p5.(2P*<3/2>).5f 2[5/2],0.008937,1.876e+04,0.0
2137.8914,79212.465,2.0,5p5.(2P*<3/2>).6p 2[3/2],83889.971,1.0,5p5.(2P*<3/2>).5d 2[3/2]*,0.002304,1.121e+04,0.02
2146.9460,88708.466,2.0,5p5.(2P*<3/2>).6d 2[3/2]*,93366.245,2.0,5p5.(2P*<3/2>).5f 2[3/2],0.00709,2.052e+04,0.0
2147.5961,77269.145,1.0,5p5.(2P*<3/2>).6p 2[1/2],81925.514,2.0,5p5.(2P*<3/2>).5d 2[5/2]*,0.01118,3.233e+04,-0.06
2148.5947,88708.466,2.0,5p5.(2P*<3/2>).6d 2[3/2]*,93362.671,1.0,5p5.(2P*<3/2>).5f 2[3/2],0.001863,8971,-0.03
2191.0605,98855.0,1.0,5p5.(2P*<1/2>).7p 2[3/2],103419.0,1.0,5p5.(2P*<1/2>).7d 2[3/2]*,0.0212,9.82e+04,-0.04
2217.6839,88911.692,4.0,5p5.(2P*<3/2>).6d 2[7/2]*,93420.901,4.0,5p5.(2P*<3/2>).5f 2[7/2],0.007936,1.196e+04,-0.05
2217.7222,88911.692,4.0,5p5.(2P*<3/2>).6d 2[7/2]*,93420.823,3.0,5p5.(2P*<3/2>).5f 2[7/2],0.0003028,586.6,-0.01
2227.2836,88911.692,4.0,5p5.(2P*<3/2>).6d 2[7/2]*,93401.466,3.0,5p5.(2P*<3/2>).5f 2[5/2],0.0006523,1253,0.01
2227.5907,83889.971,1.0,5p5.(2P*<3/2>).5d 2[3/2]*,88379.126,1.0,5p5.(2P*<1/2>).6p 2[3/2],0.004186,1.875e+04,-0.01
2238.8860,88911.692,4.0,5p5.(2P*<3/2>).6d 2[7/2]*,93378.199,4.0,5p5.(2P*<3/2>).5f 2[9/2],0.01394,2.062e+04,0.06
2239.2490,88911.692,4.0,5p5.(2P*<3/2>).6d 2[7/2]*,93377.475,5.0,5p5.(2P*<3/2>).5f 2[9/2],0.2076,2.511e+05,-0.07
2241.2931,83889.971,1.0,5p5.(2P*<3/2>).5d 2[3/2]*,88351.681,2.0,5p5.(2P*<3/2>).7p 2[5/2],0.0162,4.303e+04,0.06
2244.2236,89162.356,2.0,5p5.(2P*<1/2>).6p 2[3/2],93618.24,1.0,5p5.(2P*<1/2>).5d 2[3/2]*,0.09974,4.403e+05,-0.09
2262.4445,85440.017,1.0,5p5.(2P*<3/2>).7s 2[3/2]*,89860.015,0.0,5p5.(2P*<1/2>).6p 2[1/2],0.1661,2.164e+06,-0.22
2274.7896,89024.89,3.0,5p5.(2P*<3/2>).6d 2[7/2]*,93420.901,4.0,5p5.(2P*<3/2>).5f 2[7/2],0.1984,2.842e+05,-0.3
2274.8299,89024.89,3.0,5p5.(2P*<3/2>).6d 2[7/2]*,93420.823,3.0,5p5.(2P*<3/2>).5f 2[7/2],0.01375,2.532e+04,-0.07
2282.1067,88351.681,2.0,5p5.(2P*<3/2>).7p 2[5/2],92733.597,3.0,5p5.(2P*<3/2>).7d 2[5/2]*,0.08288,1.516e+05,0.06
2283.5868,89024.89,3.0,5p5.(2P*<3/2>).6d 2[7/2]*,93403.966,2.0,5p5.(2P*<3/2>).5f 2[5/2],0.0004737,1212,0.02
2284.8912,89024.89,3.0,5p5.(2P*<3/2>).6d 2[7/2]*,93401.466,3.0,5p5.(2P*<3/2>).5f 2[5/2],0.01945,3.55e+04,-0.02
2288.4086,88351.681,2.0,5p5.(2P*<3/2>).7p 2[5/2],92721.53,2.0,5p5.(2P*<3/2>).7d 2[3/2]*,0.04281,1.09e+05,0.03
2290.3211,99052.8,1.0,5p5.(2P*<1/2>).7p 2[1/2],103419.0,1.0,5p5.(2P*<1/2>).7d 2[3/2]*,0.0383,1.623e+05,0.04
2292.3388,88351.681,2.0,5p5.(2P*<3/2>).7p 2[5/2],92714.038,1.0,5p5.(2P*<3/2>).7d 2[3/2]*,0.1263,5.345e+05,0.23
2297.1032,89024.89,3.0,5p5.(2P*<3/2>).6d 2[7/2]*,93378.199,4.0,5p5.(2P*<3/2>).5f 2[9/2],0.3684,5.175e+05,-0.23
2298.5335,99068.4,2.0,5p5.(2P*<1/2>).7p 2[3/2],103419.0,1.0,5p5.(2P*<1/2>).7d 2[3/2]*,0.004848,2.04e+04,-0.03
2302.8719,88379.126,1.0,5p5.(2P*<1/2>).6p 2[3/2],92721.53,2.0,5p5.(2P*<3/2>).7d 2[3/2]*,0.2006,5.045e+05,0.14
2303.4283,89024.89,3.0,5p5.(2P*<3/2>).6d 2[7/2]*,93366.245,2.0,5p5.(2P*<3/2>).5f 2[3/2],0.0001704,428.5,-0.0
2304.3949,89278.706,1.0,5p5.(2P*<1/2>).6p 2[1/2],93618.24,1.0,5p5.(2P*<1/2>).5d 2[3/2]*,0.007548,3.16e+04,0.0
2306.8519,88379.126,1.0,5p5.(2P*<1/2>).6p 2[3/2],92714.038,1.0,5p5.(2P*<3/2>).7d 2[3/2]*,0.0004427,1849,0.0
2307.9764,87927.131,1.0,5p5.(2P*<3/2>).7p 2[1/2],92259.931,0.0,5p5.(2P*<3/2>).7d 2[1/2]*,0.1046,1.31e+06,-0.16
2311.1582,88351.681,2.0,5p5.(2P*<3/2>).7p 2[5/2],92678.516,2.0,5p5.(2P*<3/2>).7d 2[5/2]*,0.3038,7.588e+05,-0.19
2319.9671,78119.798,2.0,5p5.(2P*<3/2>).6p 2[5/2],82430.204,3.0,5p5.(2P*<3/2>).5d 2[5/2]*,0.1266,2.241e+05,0.13
2325.9114,88379.126,1.0,5p5.(2P*<1/2>).6p 2[3/2],92678.516,2.0,5p5.(2P*<3/2>).7d 2[5/2]*,0.06458,1.592e+05,-0.04
2328.5902,88351.681,2.0,5p5.(2P*<3/2>).7p 2[5/2],92646.125,3.0,5p5.(2P*<3/2>).7d 2[7/2]*,0.4055,7.127e+05,-0.15
2345.0046,88469.213,3.0,5p5.(2P*<3/2>).7p 2[5/2],92733.597,3.0,5p5.(2P*<3/2>).7d 2[5/2]*,0.0004691,812.9,-0.0
2351.6591,88469.213,3.0,5p5.(2P*<3/2>).7p 2[5/2],92721.53,2.0,5p5.(2P*<3/2>).7d 2[3/2]*,0.01736,4.187e+04,-0.11
2375.6902,88469.213,3.0,5p5.(2P*<3/2>).7p 2[5/2],92678.516,2.0,5p5.(2P*<3/2>).7d 2[5/2]*,0.04928,1.165e+05,0.38
2380.2972,87927.131,1.0,5p5.(2P*<3/2>).7p 2[1/2],92128.287,1.0,5p5.(2P*<3/2>).7d 2[1/2]*,0.06457,2.534e+05,0.04
2393.7389,89243.258,2.0,5p5.(2P*<3/2>).6d 2[5/2]*,93420.823,3.0,5p5.(2P*<3/2>).5f 2[7/2],0.06829,1.136e+05,-0.07
2394.1132,88469.213,3.0,5p5.(2P*<3/2>).7p 2[5/2],92646.125,3.0,5p5.(2P*<3/2>).7d 2[7/2]*,0.3299,5.485e+05,0.52
2403.4371,89243.258,2.0,5p5.(2P*<3/2>).6d 2[5/2]*,93403.966,2.0,5p5.(2P*<3/2>).5f 2[5/2],0.01731,3.998e+04,0.1
2404.8821,89243.258,2.0,5p5.(2P*<3/2>).6d 2[5/2]*,93401.466,3.0,5p5.(2P*<3/2>).5f 2[5/2],0.1887,3.109e+05,-0.03
2425.4260,89243.258,2.0,5p5.(2P*<3/2>).6d 2[5/2]*,93366.245,2.0,5p5.(2P*<3/2>).5f 2[3/2],0.03609,8.184e+04,-0.03
2427.5303,89243.258,2.0,5p5.(2P*<3/2>).6d 2[5/2]*,93362.671,1.0,5p5.(2P*<3/2>).5f 2[3/2],0.003597,1.357e+04,0.14
2445.0302,85188.777,2.0,5p5.(2P*<3/2>).7s 2[3/2]*,89278.706,1.0,5p5.(2P*<1/2>).6p 2[1/2],0.7849,2.919e+06,-0.31
2470.9069,88686.5,2.0,5p5.(2P*<3/2>).7p 2[3/2],92733.597,3.0,5p5.(2P*<3/2>).7d 2[5/2]*,0.3402,5.309e+05,-0.7
2476.9888,83889.971,1.0,5p5.(2P*<3/2>).5d 2[3/2]*,87927.131,1.0,5p5.(2P*<3/2>).7p 2[1/2],0.008387,3.039e+04,-0.02
2478.2963,88686.5,2.0,5p5.(2P*<3/2>).7p 2[3/2],92721.53,2.0,5p5.(2P*<3/2>).7d 2[3/2]*,0.1138,2.471e+05,0.19
2482.9064,88686.5,2.0,5p5.(2P*<3/2>).7p 2[3/2],92714.038,1.0,5p5.(2P*<3/2>).7d 2[3/2]*,0.0453,1.634e+05,0.18
2483.1500,78403.061,3.0,5p5.(2P*<3/2>).6p 2[5/2],82430.204,3.0,5p5.(2P*<3/2>).5d 2[5/2]*,0.2729,4.218e+05,-0.9
2496.6545,88549.775,1.0,5p5.(2P*<3/2>).6d 2[1/2]*,92555.135,0.0,5p5.(2P*<3/2>).8p 2[1/2],0.1348,1.443e+06,-0.17
2505.0000,88686.5,2.0,5p5.(2P*<3/2>).7p 2[3/2],92678.516,2.0,5p5.(2P*<3/2>).7d 2[5/2]*,0.006731,1.431e+04,0.01
2514.4765,88744.559,1.0,5p5.(2P*<3/2>).7p 2[3/2],92721.53,2.0,5p5.(2P*<3/2>).7d 2[3/2]*,0.02848,6.009e+04,-0.02
2515.2715,88469.213,3.0,5p5.(2P*<3/2>).7p 2[5/2],92444.927,4.0,5p5.(2P*<3/2>).7d 2[7/2]*,1.619,1.897e+06,-0.73
2516.6229,85188.777,2.0,5p5.(2P*<3/2>).7s 2[3/2]*,89162.356,2.0,5p5.(2P*<1/2>).6p 2[3/2],0.6404,1.349e+06,0.25
2519.2223,88744.559,1.0,5p5.(2P*<3/2>).7p 2[3/2],92714.038,1.0,5p5.(2P*<3/2>).7d 2[3/2]*,0.01548,5.422e+04,-0.02
2525.4917,88686.5,2.0,5p5.(2P*<3/2>).7p 2[3/2],92646.125,3.0,5p5.(2P*<3/2>).7d 2[7/2]*,0.0186,2.779e+04,-0.01
2541.9698,88744.559,1.0,5p5.(2P*<3/2>).7p 2[3/2],92678.516,2.0,5p5.(2P*<3/2>).7d 2[5/2]*,0.8573,1.77e+06,-0.36
2573.1197,89534.568,3.0,5p5.(2P*<3/2>).6d 2[5/2]*,93420.901,4.0,5p5.(2P*<3/2>).5f 2[7/2],0.9031,1.011e+06,-0.76
2573.1713,89534.568,3.0,5p5.(2P*<3/2>).6d 2[5/2]*,93420.823,3.0,5p5.(2P*<3/2>).5f 2[7/2],0.1655,2.382e+05,-0.6
2576.7850,88379.126,1.0,5p5.(2P*<1/2>).6p 2[3/2],92259.931,0.0,5p5.(2P*<3/2>).7d 2[1/2]*,0.001337,1.343e+04,0.01
2582.7900,88842.256,0.0,5p5.(2P*<3/2>).7p 2[1/2],92714.038,1.0,5p5.(2P*<3/2>).7d 2[3/2]*,0.6635,2.212e+06,-0.5
2584.3813,89534.568,3.0,5p5.(2P*<3/2>).6d 2[5/2]*,93403.966,2.0,5p5.(2P*<3/2>).5f 2[5/2],0.0003831,765.2,0.01
2586.0522,89534.568,3.0,5p5.(2P*<3/2>).6d 2[5/2]*,93401.466,3.0,5p5.(2P*<3/2>).5f 2[5/2],0.04249,6.054e+04,0.04
2601.7066,89534.568,3.0,5p5.(2P*<3/2>).6d 2[5/2]*,93378.199,4.0,5p5.(2P*<3/2>).5f 2[9/2],0.08278,9.064e+04,0.11
2602.7799,88491.02,0.0,5p5.(2P*<3/2>).6d 2[1/2]*,92333.066,1.0,5p5.(2P*<3/2>).8p 2[3/2],0.000263,863.2,-0.0
2605.0560,85440.017,1.0,5p5.(2P*<3/2>).7s 2[3/2]*,89278.706,1.0,5p5.(2P*<1/2>).6p 2[1/2],0.1422,4.661e+05,-0.11
2609.8233,89534.568,3.0,5p5.(2P*<3/2>).6d 2[5/2]*,93366.245,2.0,5p5.(2P*<3/2>).5f 2[3/2],0.01076,2.108e+04,0.07
2617.0146,88549.775,1.0,5p5.(2P*<3/2>).6d 2[1/2]*,92370.923,2.0,5p5.(2P*<3/2>).8p 2[3/2],0.03208,6.249e+04,-0.08
2627.6264,78119.798,2.0,5p5.(2P*<3/2>).6p 2[5/2],81925.514,2.0,5p5.(2P*<3/2>).5d 2[5/2]*,0.346,6.685e+05,-0.82
2643.2014,88549.775,1.0,5p5.(2P*<3/2>).6d 2[1/2]*,92333.066,1.0,5p5.(2P*<3/2>).8p 2[3/2],0.0002049,652,-0.0
2647.8801,88351.681,2.0,5p5.(2P*<3/2>).7p 2[5/2],92128.287,1.0,5p5.(2P*<3/2>).7d 2[1/2]*,0.1192,3.78e+05,-0.16
2651.8102,80118.962,0.0,5p5.(2P*<3/2>).6p 2[1/2],83889.971,1.0,5p5.(2P*<3/2>).5d 2[3/2]*,0.5287,1.672e+06,0.83
2660.8306,89860.015,0.0,5p5.(2P*<1/2>).6p 2[1/2],93618.24,1.0,5p5.(2P*<1/2>).5d 2[3/2]*,0.5388,1.692e+06,0.36
2667.2634,88379.126,1.0,5p5.(2P*<1/2>).6p 2[3/2],92128.287,1.0,5p5.(2P*<3/2>).7d 2[1/2]*,0.002142,6695,0.0
2686.4829,85440.017,1.0,5p5.(2P*<3/2>).7s 2[3/2]*,89162.356,2.0,5p5.(2P*<1/2>).6p 2[3/2],0.1041,1.923e+05,-0.05
2723.6179,88549.775,1.0,5p5.(2P*<3/2>).6d 2[1/2]*,92221.362,2.0,5p5.(2P*<3/2>).8p 2[5/2],0.09046,1.627e+05,-0.25
2730.4075,88708.466,2.0,5p5.(2P*<3/2>).6d 2[3/2]*,92370.923,2.0,5p5.(2P*<3/2>).8p 2[3/2],0.05059,9.052e+04,-0.04
2730.5551,88491.02,0.0,5p5.(2P*<3/2>).6d 2[1/2]*,92153.279,1.0,5p5.(2P*<3/2>).8p 2[1/2],0.0006949,2072,-0.0
2741.7504,92153.279,1.0,5p5.(2P*<3/2>).8p 2[1/2],95800.584,1.0,5p5.(2P*<1/2>).7s 2[1/2]*,0.002979,8810,0.02
2758.9251,88708.466,2.0,5p5.(2P*<3/2>).6d 2[3/2]*,92333.066,1.0,5p5.(2P*<3/2>).8p 2[3/2],0.001243,3629,0.0
2775.0767,88549.775,1.0,5p5.(2P*<3/2>).6d 2[1/2]*,92153.279,1.0,5p5.(2P*<3/2>).8p 2[1/2],0.02268,6.548e+04,-0.02
2793.9033,92221.362,2.0,5p5.(2P*<3/2>).8p 2[5/2],95800.584,1.0,5p5.(2P*<1/2>).7s 2[1/2]*,0.002591,7380,-0.02
2800.1471,89162.356,2.0,5p5.(2P*<1/2>).6p 2[3/2],92733.597,3.0,5p5.(2P*<3/2>).7d 2[5/2]*,0.01697,2.063e+04,-0.02
2802.9490,92153.279,1.0,5p5.(2P*<3/2>).8p 2[1/2],95720.95,0.0,5p5.(2P*<1/2>).7s 2[1/2]*,0.002196,1.864e+04,-0.02
2809.6407,89162.356,2.0,5p5.(2P*<1/2>).6p 2[3/2],92721.53,2.0,5p5.(2P*<3/2>).7d 2[3/2]*,0.01328,2.244e+04,0.01
2811.7658,88708.466,2.0,5p5.(2P*<3/2>).6d 2[3/2]*,92264.95,3.0,5p5.(2P*<3/2>).8p 2[5/2],0.3672,4.426e+05,-0.5
2812.3209,85188.777,2.0,5p5.(2P*<3/2>).7s 2[3/2]*,88744.559,1.0,5p5.(2P*<3/2>).7p 2[3/2],0.09834,2.765e+05,-0.15
2815.5674,89162.356,2.0,5p5.(2P*<1/2>).6p 2[3/2],92714.038,1.0,5p5.(2P*<3/2>).7d 2[3/2]*,0.01408,3.949e+04,0.03
2838.9307,78403.061,3.0,5p5.(2P*<3/2>).6p 2[5/2],81925.514,2.0,5p5.(2P*<3/2>).5d 2[5/2]*,0.02055,3.402e+04,-0.68
2840.6323,87927.131,1.0,5p5.(2P*<3/2>).7p 2[1/2],91447.474,2.0,5p5.(2P*<1/2>).5d 2[3/2]*,0.08737,1.444e+05,0.05
2844.0116,89162.356,2.0,5p5.(2P*<1/2>).6p 2[3/2],92678.516,2.0,5p5.(2P*<3/2>).7d 2[5/2]*,0.3008,4.96e+05,-0.26
2844.6492,88744.559,1.0,5p5.(2P*<3/2>).7p 2[3/2],92259.931,0.0,5p5.(2P*<3/2>).7d 2[1/2]*,0.02594,2.138e+05,0.18
2846.2458,100418.0,1.0,5p5.(2P*<1/2>).6d 2[3/2]*,103931.4,2.0,5p5.(2P*<1/2>).5f 2[5/2],2.81,4.628e+06,-1.0
2846.6542,88708.466,2.0,5p5.(2P*<3/2>).6d 2[3/2]*,92221.362,2.0,5p5.(2P*<3/2>).8p 2[5/2],0.03424,5.637e+04,0.05
2859.0028,85188.777,2.0,5p5.(2P*<3/2>).7s 2[3/2]*,88686.5,2.0,5p5.(2P*<3/2>).7p 2[3/2],0.2301,3.755e+05,0.14
2870.4544,89162.356,2.0,5p5.(2P*<1/2>).6p 2[3/2],92646.125,3.0,5p5.(2P*<3/2>).7d 2[7/2]*,0.6225,7.2e+05,-0.34
2883.9072,92333.066,1.0,5p5.(2P*<3/2>).8p 2[3/2],95800.584,1.0,5p5.(2P*<1/2>).7s 2[1/2]*,0.03117,8.332e+04,0.2
2902.9152,88708.466,2.0,5p5.(2P*<3/2>).6d 2[3/2]*,92153.279,1.0,5p5.(2P*<3/2>).8p 2[1/2],0.3011,7.945e+05,-0.15
2904.5923,89278.706,1.0,5p5.(2P*<1/2>).6p 2[1/2],92721.53,2.0,5p5.(2P*<3/2>).7d 2[3/2]*,0.2878,4.551e+05,0.25
2905.4674,88686.5,2.0,5p5.(2P*<3/2>).7p 2[3/2],92128.287,1.0,5p5.(2P*<3/2>).7d 2[1/2]*,0.00456,1.201e+04,0.01
2910.9268,89278.706,1.0,5p5.(2P*<1/2>).6p 2[1/2],92714.038,1.0,5p5.(2P*<3/2>).7d 2[3/2]*,0.3518,9.232e+05,0.37
2915.7401,92370.923,2.0,5p5.(2P*<3/2>).8p 2[3/2],95800.584,1.0,5p5.(2P*<1/2>).7s 2[1/2]*,0.00242,6329,-0.03
2939.2409,85440.017,1.0,5p5.(2P*<3/2>).7s 2[3/2]*,88842.256,0.0,5p5.(2P*<3/2>).7p 2[1/2],0.3926,3.031e+06,-0.42
2941.3408,89278.706,1.0,5p5.(2P*<1/2>).6p 2[1/2],92678.516,2.0,5p5.(2P*<3/2>).7d 2[5/2]*,0.08111,1.251e+05,-0.08
2945.6096,88351.681,2.0,5p5.(2P*<3/2>).7p 2[5/2],91746.564,3.0,5p5.(2P*<1/2>).5d 2[5/2]*,0.2537,2.787e+05,0.12
2955.3203,88744.559,1.0,5p5.(2P*<3/2>).7p 2[3/2],92128.287,1.0,5p5.(2P*<3/2>).7d 2[1/2]*,0.7774,1.979e+06,-0.52
2965.7653,90032.155,1.0,5p5.(2P*<3/2>).6d 2[3/2]*,93403.966,2.0,5p5.(2P*<3/2>).5f 2[5/2],0.005309,8052,-0.0
2982.1744,88911.692,4.0,5p5.(2P*<3/2>).6d 2[7/2]*,92264.95,3.0,5p5.(2P*<3/2>).8p 2[5/2],0.2488,2.666e+05,-0.13
2988.6137,89024.89,3.0,5p5.(2P*<3/2>).6d 2[7/2]*,92370.923,2.0,5p5.(2P*<3/2>).8p 2[3/2],0.0673,1.005e+05,-0.2
2999.3192,90032.155,1.0,5p5.(2P*<3/2>).6d 2[3/2]*,93366.245,2.0,5p5.(2P*<3/2>).5f 2[3/2],3.585,5.316e+06,-0.31
3001.3356,95720.95,0.0,5p5.(2P*<1/2>).7s 2[1/2]*,99052.8,1.0,5p5.(2P*<1/2>).7p 2[1/2],0.5854,1.445e+06,0.78
3002.5377,90032.155,1.0,5p5.(2P*<3/2>).6d 2[3/2]*,93362.671,1.0,5p5.(2P*<3/2>).5f 2[3/2],1.399,3.451e+06,0.62
3026.1380,85440.017,1.0,5p5.(2P*<3/2>).7s 2[3/2]*,88744.559,1.0,5p5.(2P*<3/2>).7p 2[3/2],1.505,3.654e+06,0.71
3043.1849,88842.256,0.0,5p5.(2P*<3/2>).7p 2[1/2],92128.287,1.0,5p5.(2P*<3/2>).7d 2[1/2]*,1.227,2.946e+06,-0.58
3048.3753,85188.777,2.0,5p5.(2P*<3/2>).7s 2[3/2]*,88469.213,3.0,5p5.(2P*<3/2>).7p 2[5/2],4.068,4.171e+06,0.92
3051.2447,88469.213,3.0,5p5.(2P*<3/2>).7p 2[5/2],91746.564,3.0,5p5.(2P*<1/2>).5d 2[5/2]*,0.002644,2706,0.01
3060.1478,95800.584,1.0,5p5.(2P*<1/2>).7s 2[1/2]*,99068.4,2.0,5p5.(2P*<1/2>).7p 2[3/2],2.708,3.858e+06,0.88
3074.8265,95800.584,1.0,5p5.(2P*<1/2>).7s 2[1/2]*,99052.8,1.0,5p5.(2P*<1/2>).7p 2[1/2],1.299,3.054e+06,0.85
3080.2564,85440.017,1.0,5p5.(2P*<3/2>).7s 2[3/2]*,88686.5,2.0,5p5.(2P*<3/2>).7p 2[3/2],2.632,3.701e+06,0.9
3081.2378,92555.135,0.0,5p5.(2P*<3/2>).8p 2[1/2],95800.584,1.0,5p5.(2P*<1/2>).7s 2[1/2]*,0.00764,1.789e+04,-0.03
3086.3626,89024.89,3.0,5p5.(2P*<3/2>).6d 2[7/2]*,92264.95,3.0,5p5.(2P*<3/2>).8p 2[5/2],0.01268,1.269e+04,-0.09
3100.2570,87927.131,1.0,5p5.(2P*<3/2>).7p 2[1/2],91152.67,2.0,5p5.(2P*<1/2>).5d 2[5/2]*,0.06666,9.252e+04,0.05
3107.7723,79212.465,2.0,5p5.(2P*<3/2>).6p 2[3/2],82430.204,3.0,5p5.(2P*<3/2>).5d 2[5/2]*,1.08,1.066e+06,0.91
3128.4491,89024.89,3.0,5p5.(2P*<3/2>).6d 2[7/2]*,92221.362,2.0,5p5.(2P*<3/2>).8p 2[5/2],0.3251,4.432e+05,-0.35
3134.4533,85188.777,2.0,5p5.(2P*<3/2>).7s 2[3/2]*,88379.126,1.0,5p5.(2P*<1/2>).6p 2[3/2],0.2233,5.053e+05,-0.36
3161.6514,85188.777,2.0,5p5.(2P*<3/2>).7s 2[3/2]*,88351.681,2.0,5p5.(2P*<3/2>).7p 2[5/2],1.553,2.073e+06,0.49
3190.7596,95720.95,0.0,5p5.(2P*<1/2>).7s 2[1/2]*,98855.0,1.0,5p5.(2P*<1/2>).7p 2[3/2],1.111,2.426e+06,0.93
3197.2734,89243.258,2.0,5p5.(2P*<3/2>).6d 2[5/2]*,92370.923,2.0,5p5.(2P*<3/2>).8p 2[3/2],0.00668,8717,-0.03
3230.1901,88351.681,2.0,5p5.(2P*<3/2>).7p 2[5/2],91447.474,2.0,5p5.(2P*<1/2>).5d 2[3/2]*,0.027,3.452e+04,0.02
3236.4471,89243.258,2.0,5p5.(2P*<3/2>).6d 2[5/2]*,92333.066,1.0,5p5.(2P*<3/2>).8p 2[3/2],0.1733,3.678e+05,-0.32
3259.0827,88379.126,1.0,5p5.(2P*<1/2>).6p 2[3/2],91447.474,2.0,5p5.(2P*<1/2>).5d 2[3/2]*,0.09302,1.168e+05,-0.07
3267.9055,88686.5,2.0,5p5.(2P*<3/2>).7p 2[3/2],91746.564,3.0,5p5.(2P*<1/2>).5d 2[5/2]*,0.02545,2.271e+04,0.05
3273.9483,95800.584,1.0,5p5.(2P*<1/2>).7s 2[1/2]*,98855.0,1.0,5p5.(2P*<1/2>).7p 2[3/2],0.6014,1.247e+06,-0.5
3274.8221,77269.145,1.0,5p5.(2P*<3/2>).6p 2[1/2],80322.746,2.0,5p5.(2P*<3/2>).5d 2[3/2]*,0.1758,2.186e+05,0.17
3309.4041,89243.258,2.0,5p5.(2P*<3/2>).6d 2[5/2]*,92264.95,3.0,5p5.(2P*<3/2>).8p 2[5/2],0.000306,266.2,-0.0
3354.3258,89278.706,1.0,5p5.(2P*<1/2>).6p 2[1/2],92259.931,0.0,5p5.(2P*<3/2>).7d 2[1/2]*,0.1054,6.246e+05,0.37
3357.6641,88469.213,3.0,5p5.(2P*<3/2>).7p 2[5/2],91447.474,2.0,5p5.(2P*<1/2>).5d 2[3/2]*,0.0002321,274.7,0.0
3357.8411,89243.258,2.0,5p5.(2P*<3/2>).6d 2[5/2]*,92221.362,2.0,5p5.(2P*<3/2>).8p 2[5/2],0.1499,1.773e+05,0.56
3367.5896,78956.031,1.0,5p5.(2P*<3/2>).6p 2[3/2],81925.514,2.0,5p5.(2P*<3/2>).5d 2[5/2]*,0.5755,6.77e+05,0.78
3371.6226,89162.356,2.0,5p5.(2P*<1/2>).6p 2[3/2],92128.287,1.0,5p5.(2P*<3/2>).7d 2[1/2]*,0.008996,1.76e+04,-0.02
3402.3917,85440.017,1.0,5p5.(2P*<3/2>).7s 2[3/2]*,88379.126,1.0,5p5.(2P*<1/2>).6p 2[3/2],0.2827,5.429e+05,-0.25
3408.4081,77185.041,1.0,5p5.(2P*<1/2>).6s 2[1/2]*,80118.962,0.0,5p5.(2P*<3/2>).6p 2[1/2],0.01558,8.948e+04,-0.06
3434.4622,85440.017,1.0,5p5.(2P*<3/2>).7s 2[3/2]*,88351.681,2.0,5p5.(2P*<3/2>).7p 2[5/2],0.2644,2.99e+05,-0.12
3436.4013,89243.258,2.0,5p5.(2P*<3/2>).6d 2[5/2]*,92153.279,1.0,5p5.(2P*<3/2>).8p 2[1/2],8.759e-05,164.9,0.0
3503.8260,89860.015,0.0,5p5.(2P*<1/2>).6p 2[1/2],92714.038,1.0,5p5.(2P*<3/2>).7d 2[3/2]*,0.03399,6.156e+04,0.08
3507.9842,78119.798,2.0,5p5.(2P*<3/2>).6p 2[5/2],80970.438,3.0,5p5.(2P*<3/2>).5d 2[7/2]*,0.9046,7.005e+05,0.78
3509.2879,89278.706,1.0,5p5.(2P*<1/2>).6p 2[1/2],92128.287,1.0,5p5.(2P*<3/2>).7d 2[1/2]*,0.006272,1.132e+04,-0.01
3525.6518,89534.568,3.0,5p5.(2P*<3/2>).6d 2[5/2]*,92370.923,2.0,5p5.(2P*<3/2>).8p 2[3/2],0.499,5.355e+05,-0.7
3570.1675,88351.681,2.0,5p5.(2P*<3/2>).7p 2[5/2],91152.67,2.0,5p5.(2P*<1/2>).5d 2[5/2]*,0.1758,1.84e+05,-0.17
3599.1122,90839.777,1.0,5p5.(2P*<3/2>).4f 2[3/2],93618.24,1.0,5p5.(2P*<1/2>).5d 2[3/2]*,0.000947,1626,-0.0
3605.4954,88379.126,1.0,5p5.(2P*<1/2>).6p 2[3/2],91152.67,2.0,5p5.(2P*<1/2>).5d 2[5/2]*,0.01899,1.949e+04,0.01
3611.6729,90849.44,2.0,5p5.(2P*<3/2>).4f 2[3/2],93618.24,1.0,5p5.(2P*<1/2>).5d 2[3/2]*,0.0006438,1097,-0.0
3621.9102,88686.5,2.0,5p5.(2P*<3/2>).7p 2[3/2],91447.474,2.0,5p5.(2P*<1/2>).5d 2[3/2]*,0.008395,8537,-0.02
3624.1548,76196.767,0.0,5p5.(2P*<1/2>).6s 2[1/2]*,78956.031,1.0,5p5.(2P*<3/2>).6p 2[3/2],0.005305,8980,-0.03
3651.8288,85188.777,2.0,5p5.(2P*<3/2>).7s 2[3/2]*,87927.131,1.0,5p5.(2P*<3/2>).7p 2[1/2],0.859,1.432e+06,0.5
3662.4912,89534.568,3.0,5p5.(2P*<3/2>).6d 2[5/2]*,92264.95,3.0,5p5.(2P*<3/2>).8p 2[5/2],0.209,1.485e+05,0.93
3679.8894,77269.145,1.0,5p5.(2P*<3/2>).6p 2[1/2],79986.618,1.0,5p5.(2P*<3/2>).5d 2[1/2]*,0.1533,2.518e+05,0.25
3685.8899,79212.465,2.0,5p5.(2P*<3/2>).6p 2[3/2],81925.514,2.0,5p5.(2P*<3/2>).5d 2[5/2]*,0.002895,2842,0.02
3692.5058,90910.052,2.0,5p5.(2P*<3/2>).4f 2[5/2],93618.24,1.0,5p5.(2P*<1/2>).5d 2[3/2]*,0.4471,7.291e+05,-0.14
3699.7094,88744.559,1.0,5p5.(2P*<3/2>).7p 2[3/2],91447.474,2.0,5p5.(2P*<1/2>).5d 2[3/2]*,0.01165,1.136e+04,0.01
3721.9080,89534.568,3.0,5p5.(2P*<3/2>).6d 2[5/2]*,92221.362,2.0,5p5.(2P*<3/2>).8p 2[5/2],0.00106,1021,0.0
3726.5363,88469.213,3.0,5p5.(2P*<3/2>).7p 2[5/2],91152.67,2.0,5p5.(2P*<1/2>).5d 2[5/2]*,0.02995,2.877e+04,0.25
3822.2136,90804.538,2.0,5p5.(2P*<3/2>).8s 2[3/2]*,93420.823,3.0,5p5.(2P*<3/2>).5f 2[7/2],0.008686,5666,0.11
3847.0002,90804.538,2.0,5p5.(2P*<3/2>).8s 2[3/2]*,93403.966,2.0,5p5.(2P*<3/2>).5f 2[5/2],7.987e-05,72,-0.0
3850.7036,90804.538,2.0,5p5.(2P*<3/2>).8s 2[3/2]*,93401.466,3.0,5p5.(2P*<3/2>).5f 2[5/2],0.002476,1591,-0.03
3869.6576,89162.356,2.0,5p5.(2P*<1/2>).6p 2[3/2],91746.564,3.0,5p5.(2P*<1/2>).5d 2[5/2]*,0.7971,5.072e+05,-0.41
3889.5371,98855.0,1.0,5p5.(2P*<1/2>).7p 2[3/2],101426.0,1.0,5p5.(2P*<1/2>).8s 2[1/2]*,0.3297,4.845e+05,0.44
3895.0259,78403.061,3.0,5p5.(2P*<3/2>).6p 2[5/2],80970.438,3.0,5p5.(2P*<3/2>).5d 2[7/2]*,0.161,1.011e+05,0.86
3903.6471,90804.538,2.0,5p5.(2P*<3/2>).8s 2[3/2]*,93366.245,2.0,5p5.(2P*<3/2>).5f 2[3/2],0.001291,1130,-0.03
3909.1009,90804.538,2.0,5p5.(2P*<3/2>).8s 2[3/2]*,93362.671,1.0,5p5.(2P*<3/2>).5f 2[3/2],0.0002882,419.3,0.11
3916.4910,88379.126,1.0,5p5.(2P*<1/2>).6p 2[3/2],90932.432,1.0,5p5.(2P*<3/2>).8s 2[3/2]*,0.08842,1.282e+05,0.16
3963.5669,90032.155,1.0,5p5.(2P*<3/2>).6d 2[3/2]*,92555.135,0.0,5p5.(2P*<3/2>).8p 2[1/2],0.1429,6.067e+05,-0.08
3991.3786,101426.0,1.0,5p5.(2P*<1/2>).8s 2[1/2]*,103931.4,2.0,5p5.(2P*<1/2>).5f 2[5/2],0.001035,867,0.41
3996.6077,77269.145,1.0,5p5.(2P*<3/2>).6p 2[1/2],79771.267,0.0,5p5.(2P*<3/2>).5d 2[1/2]*,0.05256,2.195e+05,0.19
4020.7244,85440.017,1.0,5p5.(2P*<3/2>).7s 2[3/2]*,87927.131,1.0,5p5.(2P*<3/2>).7p 2[1/2],0.002431,3343,0.0
4046.0702,90932.432,1.0,5p5.(2P*<3/2>).8s 2[3/2]*,93403.966,2.0,5p5.(2P*<3/2>).5f 2[5/2],0.001126,917.7,0.07
4054.8705,88686.5,2.0,5p5.(2P*<3/2>).7p 2[3/2],91152.67,2.0,5p5.(2P*<1/2>).5d 2[5/2]*,0.2466,2.001e+05,-0.4
4076.8785,88351.681,2.0,5p5.(2P*<3/2>).7p 2[5/2],90804.538,2.0,5p5.(2P*<3/2>).8s 2[3/2]*,1.432,1.149e+06,-0.73
4101.8691,93362.671,1.0,5p5.(2P*<3/2>).5f 2[3/2],95800.584,1.0,5p5.(2P*<1/2>).7s 2[1/2]*,0.002719,3593,0.15
4107.8913,93366.245,2.0,5p5.(2P*<3/2>).5f 2[3/2],95800.584,1.0,5p5.(2P*<1/2>).7s 2[1/2]*,0.04904,6.462e+04,-0.28
4108.7791,90932.432,1.0,5p5.(2P*<3/2>).8s 2[3/2]*,93366.245,2.0,5p5.(2P*<3/2>).5f 2[3/2],1.69e-05,13.35,0.0
4114.8216,90932.432,1.0,5p5.(2P*<3/2>).8s 2[3/2]*,93362.671,1.0,5p5.(2P*<3/2>).5f 2[3/2],0.001135,1490,-0.12
4152.6325,88744.559,1.0,5p5.(2P*<3/2>).7p 2[3/2],91152.67,2.0,5p5.(2P*<1/2>).5d 2[5/2]*,0.2486,1.923e+05,0.18
4172.5465,93403.966,2.0,5p5.(2P*<3/2>).5f 2[5/2],95800.584,1.0,5p5.(2P*<1/2>).7s 2[1/2]*,0.0582,7.433e+04,0.77
4213.7199,99052.8,1.0,5p5.(2P*<1/2>).7p 2[1/2],101426.0,1.0,5p5.(2P*<1/2>).8s 2[1/2]*,0.6309,7.9e+05,-0.73
4236.7909,88549.775,1.0,5p5.(2P*<3/2>).6d 2[1/2]*,90910.052,2.0,5p5.(2P*<3/2>).4f 2[5/2],0.03927,2.919e+04,-0.03
4240.3804,93362.671,1.0,5p5.(2P*<3/2>).5f 2[3/2],95720.95,0.0,5p5.(2P*<1/2>).7s 2[1/2]*,0.0176,6.529e+04,-0.55
4241.6016,99068.4,2.0,5p5.(2P*<1/2>).7p 2[3/2],101426.0,1.0,5p5.(2P*<1/2>).8s 2[1/2]*,1.626,2.009e+06,-0.89
4257.5711,88491.02,0.0,5p5.(2P*<3/2>).6d 2[1/2]*,90839.777,1.0,5p5.(2P*<3/2>).4f 2[3/2],1.009,1.238e+06,0.74
4275.7554,90032.155,1.0,5p5.(2P*<3/2>).6d 2[3/2]*,92370.923,2.0,5p5.(2P*<3/2>).8p 2[3/2],0.2486,1.814e+05,0.47
4282.0592,88469.213,3.0,5p5.(2P*<3/2>).7p 2[5/2],90804.538,2.0,5p5.(2P*<3/2>).8s 2[3/2]*,2.18,1.586e+06,-0.77
4346.1047,90032.155,1.0,5p5.(2P*<3/2>).6d 2[3/2]*,92333.066,1.0,5p5.(2P*<3/2>).8p 2[3/2],0.1832,2.156e+05,0.13
4348.4594,88549.775,1.0,5p5.(2P*<3/2>).6d 2[1/2]*,90849.44,2.0,5p5.(2P*<3/2>).4f 2[3/2],1.924,1.357e+06,0.62
4366.8084,88549.775,1.0,5p5.(2P*<3/2>).6d 2[1/2]*,90839.777,1.0,5p5.(2P*<3/2>).4f 2[3/2],0.9778,1.14e+06,-0.79
4376.1416,89162.356,2.0,5p5.(2P*<1/2>).6p 2[3/2],91447.474,2.0,5p5.(2P*<1/2>).5d 2[3/2]*,0.08955,6.238e+04,-0.11
4408.6423,89860.015,0.0,5p5.(2P*<1/2>).6p 2[1/2],92128.287,1.0,5p5.(2P*<3/2>).7d 2[1/2]*,0.03178,3.635e+04,-0.07
4408.8737,91152.67,2.0,5p5.(2P*<1/2>).5d 2[5/2]*,93420.823,3.0,5p5.(2P*<3/2>).5f 2[7/2],4.547,2.229e+06,-0.57
4441.8859,91152.67,2.0,5p5.(2P*<1/2>).5d 2[5/2]*,93403.966,2.0,5p5.(2P*<3/2>).5f 2[5/2],0.02717,1.837e+04,0.01
4446.8240,91152.67,2.0,5p5.(2P*<1/2>).5d 2[5/2]*,93401.466,3.0,5p5.(2P*<3/2>).5f 2[5/2],1.097,5.286e+05,0.17
4452.4946,88686.5,2.0,5p5.(2P*<3/2>).7p 2[3/2],90932.432,1.0,5p5.(2P*<3/2>).8s 2[3/2]*,1.381,1.549e+06,-0.81
4473.1041,88708.466,2.0,5p5.(2P*<3/2>).6d 2[3/2]*,90944.05,3.0,5p5.(2P*<3/2>).4f 2[7/2],3.137,1.494e+06,0.59
4517.5790,91152.67,2.0,5p5.(2P*<1/2>).5d 2[5/2]*,93366.245,2.0,5p5.(2P*<3/2>).5f 2[3/2],1.162,7.597e+05,0.46
4524.8848,91152.67,2.0,5p5.(2P*<1/2>).5d 2[5/2]*,93362.671,1.0,5p5.(2P*<3/2>).5f 2[3/2],0.1958,2.126e+05,-0.78
4539.3718,78119.798,2.0,5p5.(2P*<3/2>).6p 2[5/2],80322.746,2.0,5p5.(2P*<3/2>).5d 2[3/2]*,0.0418,2.706e+04,0.2
4542.1800,88708.466,2.0,5p5.(2P*<3/2>).6d 2[3/2]*,90910.052,2.0,5p5.(2P*<3/2>).4f 2[5/2],0.09638,6.232e+04,0.12
4548.2993,88708.466,2.0,5p5.(2P*<3/2>).6d 2[3/2]*,90907.09,3.0,5p5.(2P*<3/2>).4f 2[5/2],0.182,8.385e+04,-0.1
4567.8641,90032.155,1.0,5p5.(2P*<3/2>).6d 2[3/2]*,92221.362,2.0,5p5.(2P*<3/2>).8p 2[5/2],0.2178,1.392e+05,-0.51
4570.6492,88744.559,1.0,5p5.(2P*<3/2>).7p 2[3/2],90932.432,1.0,5p5.(2P*<3/2>).8s 2[3/2]*,0.7688,8.183e+05,-0.7
4610.9127,89278.706,1.0,5p5.(2P*<1/2>).6p 2[1/2],91447.474,2.0,5p5.(2P*<1/2>).5d 2[3/2]*,0.1431,8.982e+04,0.1
4670.7713,88708.466,2.0,5p5.(2P*<3/2>).6d 2[3/2]*,90849.44,2.0,5p5.(2P*<3/2>).4f 2[3/2],1.094,6.691e+05,-0.72
4691.9478,88708.466,2.0,5p5.(2P*<3/2>).6d 2[3/2]*,90839.777,1.0,5p5.(2P*<3/2>).4f 2[3/2],0.1122,1.133e+05,0.68
4714.4816,90032.155,1.0,5p5.(2P*<3/2>).6d 2[3/2]*,92153.279,1.0,5p5.(2P*<3/2>).8p 2[1/2],1.171,1.172e+06,-0.54
4721.3506,88686.5,2.0,5p5.(2P*<3/2>).7p 2[3/2],90804.538,2.0,5p5.(2P*<3/2>).8s 2[3/2]*,0.3151,1.886e+05,-0.31
4784.2861,88842.256,0.0,5p5.(2P*<3/2>).7p 2[1/2],90932.432,1.0,5p5.(2P*<3/2>).8s 2[3/2]*,0.4664,4.53e+05,0.7
4854.4184,88744.559,1.0,5p5.(2P*<3/2>).7p 2[3/2],90804.538,2.0,5p5.(2P*<3/2>).8s 2[3/2]*,0.126,7.133e+04,0.33
4920.3930,88911.692,4.0,5p5.(2P*<3/2>).6d 2[7/2]*,90944.05,3.0,5p5.(2P*<3/2>).4f 2[7/2],0.0432,1.7e+04,0.74
4932.3674,77185.041,1.0,5p5.(2P*<1/2>).6s 2[1/2]*,79212.465,2.0,5p5.(2P*<3/2>).6p 2[3/2],0.0462,2.533e+04,-0.14
5011.5315,88911.692,4.0,5p5.(2P*<3/2>).6d 2[7/2]*,90907.09,3.0,5p5.(2P*<3/2>).4f 2[5/2],0.02423,9194,-0.87
5024.3328,89162.356,2.0,5p5.(2P*<1/2>).6p 2[3/2],91152.67,2.0,5p5.(2P*<1/2>).5d 2[5/2]*,0.0002272,120.1,-0.0
5025.8833,101429.3,2.0,5p5.(2P*<1/2>).4f 2[5/2],103419.0,1.0,5p5.(2P*<1/2>).7d 2[3/2]*,0.001157,1018,0.0
5067.5273,91447.474,2.0,5p5.(2P*<1/2>).5d 2[3/2]*,93420.823,3.0,5p5.(2P*<3/2>).5f 2[7/2],3.714,1.378e+06,-0.52
5111.1888,91447.474,2.0,5p5.(2P*<1/2>).5d 2[3/2]*,93403.966,2.0,5p5.(2P*<3/2>).5f 2[5/2],0.1287,6.571e+04,0.13
5117.7282,91447.474,2.0,5p5.(2P*<1/2>).5d 2[3/2]*,93401.466,3.0,5p5.(2P*<3/2>).5f 2[5/2],0.01393,5069,0.0
5128.6943,88911.692,4.0,5p5.(2P*<3/2>).6d 2[7/2]*,90861.506,4.0,5p5.(2P*<3/2>).4f 2[9/2],0.9796,2.76e+05,0.88
5130.9337,88911.692,4.0,5p5.(2P*<3/2>).6d 2[7/2]*,90860.655,5.0,5p5.(2P*<3/2>).4f 2[9/2],7.159,1.649e+06,0.88
5209.1880,78403.061,3.0,5p5.(2P*<3/2>).6p 2[5/2],80322.746,2.0,5p5.(2P*<3/2>).5d 2[3/2]*,5.302e-05,26.07,0.0
5210.3876,89024.89,3.0,5p5.(2P*<3/2>).6d 2[7/2]*,90944.133,4.0,5p5.(2P*<3/2>).4f 2[7/2],1.698,4.635e+05,0.47
5210.6130,89024.89,3.0,5p5.(2P*<3/2>).6d 2[7/2]*,90944.05,3.0,5p5.(2P*<3/2>).4f 2[7/2],0.01203,4223,-0.02
5211.6693,91447.474,2.0,5p5.(2P*<1/2>).5d 2[3/2]*,93366.245,2.0,5p5.(2P*<3/2>).5f 2[3/2],0.1333,6.549e+04,0.09
5221.3950,91447.474,2.0,5p5.(2P*<1/2>).5d 2[3/2]*,93362.671,1.0,5p5.(2P*<3/2>).5f 2[3/2],0.0623,5.081e+04,-0.46
5304.5839,89024.89,3.0,5p5.(2P*<3/2>).6d 2[7/2]*,90910.052,2.0,5p5.(2P*<3/2>).4f 2[5/2],0.008612,4083,0.14
5307.4133,90849.44,2.0,5p5.(2P*<3/2>).4f 2[3/2],92733.597,3.0,5p5.(2P*<3/2>).7d 2[5/2]*,0.0005464,184.8,-0.02
5312.9317,89024.89,3.0,5p5.(2P*<3/2>).6d 2[7/2]*,90907.09,3.0,5p5.(2P*<3/2>).4f 2[5/2],0.7021,2.37e+05,0.88
5314.1937,90839.777,1.0,5p5.(2P*<3/2>).4f 2[3/2],92721.53,2.0,5p5.(2P*<3/2>).7d 2[3/2]*,0.0003044,143.8,-0.01
5335.4362,90839.777,1.0,5p5.(2P*<3/2>).4f 2[3/2],92714.038,1.0,5p5.(2P*<3/2>).7d 2[3/2]*,0.1426,1.114e+05,0.45
5336.2818,89278.706,1.0,5p5.(2P*<1/2>).6p 2[1/2],91152.67,2.0,5p5.(2P*<1/2>).5d 2[5/2]*,0.2456,1.151e+05,-0.27
5341.6207,90861.506,4.0,5p5.(2P*<3/2>).4f 2[9/2],92733.597,3.0,5p5.(2P*<3/2>).7d 2[5/2]*,0.0004258,142.2,-0.0
5341.6235,90849.44,2.0,5p5.(2P*<3/2>).4f 2[3/2],92721.53,2.0,5p5.(2P*<3/2>).7d 2[3/2]*,0.02129,9956,0.05
5356.7028,78119.798,2.0,5p5.(2P*<3/2>).6p 2[5/2],79986.618,1.0,5p5.(2P*<3/2>).5d 2[1/2]*,0.005397,4182,0.02
5363.0863,90849.44,2.0,5p5.(2P*<3/2>).4f 2[3/2],92714.038,1.0,5p5.(2P*<3/2>).7d 2[3/2]*,0.2783,2.152e+05,-0.35
5438.5098,90839.777,1.0,5p5.(2P*<3/2>).4f 2[3/2],92678.516,2.0,5p5.(2P*<3/2>).7d 2[5/2]*,0.01113,5021,0.18
5444.7963,89024.89,3.0,5p5.(2P*<3/2>).6d 2[7/2]*,90861.506,4.0,5p5.(2P*<3/2>).4f 2[9/2],1.207,3.018e+05,-0.57
5467.2414,90849.44,2.0,5p5.(2P*<3/2>).4f 2[3/2],92678.516,2.0,5p5.(2P*<3/2>).7d 2[5/2]*,0.2024,9.033e+04,-0.43
5474.9311,90907.09,3.0,5p5.(2P*<3/2>).4f 2[5/2],92733.597,3.0,5p5.(2P*<3/2>).7d 2[5/2]*,0.0239,7599,-0.17
5480.8035,89024.89,3.0,5p5.(2P*<3/2>).6d 2[7/2]*,90849.44,2.0,5p5.(2P*<3/2>).4f 2[3/2],0.03479,1.545e+04,0.61
5483.8241,90910.052,2.0,5p5.(2P*<3/2>).4f 2[5/2],92733.597,3.0,5p5.(2P*<3/2>).7d 2[5/2]*,0.001209,383,-0.07
5511.3423,90907.09,3.0,5p5.(2P*<3/2>).4f 2[5/2],92721.53,2.0,5p5.(2P*<3/2>).7d 2[3/2]*,0.08942,3.927e+04,-0.06
5520.3541,90910.052,2.0,5p5.(2P*<3/2>).4f 2[5/2],92721.53,2.0,5p5.(2P*<3/2>).7d 2[3/2]*,0.03291,1.441e+04,-0.1
5543.2803,90910.052,2.0,5p5.(2P*<3/2>).4f 2[5/2],92714.038,1.0,5p5.(2P*<3/2>).7d 2[3/2]*,0.2713,1.963e+05,0.32
5565.8059,90849.44,2.0,5p5.(2P*<3/2>).4f 2[3/2],92646.125,3.0,5p5.(2P*<3/2>).7d 2[7/2]*,0.02178,6701,0.4
5575.4786,78403.061,3.0,5p5.(2P*<3/2>).6p 2[5/2],80196.629,4.0,5p5.(2P*<3/2>).5d 2[7/2]*,0.8371,1.996e+05,0.81
5588.0064,90944.05,3.0,5p5.(2P*<3/2>).4f 2[7/2],92733.597,3.0,5p5.(2P*<3/2>).7d 2[5/2]*,0.0115,3510,-0.07
5588.2655,90944.133,4.0,5p5.(2P*<3/2>).4f 2[7/2],92733.597,3.0,5p5.(2P*<3/2>).7d 2[5/2]*,1.026,3.131e+05,-0.73
5603.4369,90861.506,4.0,5p5.(2P*<3/2>).4f 2[9/2],92646.125,3.0,5p5.(2P*<3/2>).7d 2[7/2]*,0.9687,2.94e+05,-0.55
5625.9423,90944.05,3.0,5p5.(2P*<3/2>).4f 2[7/2],92721.53,2.0,5p5.(2P*<3/2>).7d 2[3/2]*,0.2445,1.03e+05,-0.2
5645.1695,90907.09,3.0,5p5.(2P*<3/2>).4f 2[5/2],92678.516,2.0,5p5.(2P*<3/2>).7d 2[5/2]*,0.8612,3.605e+05,-0.4
5646.5593,77185.041,1.0,5p5.(2P*<1/2>).6s 2[1/2]*,78956.031,1.0,5p5.(2P*<3/2>).6p 2[3/2],0.006767,4719,-0.02
5649.4749,89162.356,2.0,5p5.(2P*<1/2>).6p 2[3/2],90932.432,1.0,5p5.(2P*<3/2>).8s 2[3/2]*,0.01321,9205,0.03
5688.3695,79212.465,2.0,5p5.(2P*<3/2>).6p 2[3/2],80970.438,3.0,5p5.(2P*<3/2>).5d 2[7/2]*,0.004669,1375,-0.02
5750.3155,90907.09,3.0,5p5.(2P*<3/2>).4f 2[5/2],92646.125,3.0,5p5.(2P*<3/2>).7d 2[7/2]*,0.1269,3.658e+04,0.54
5760.1264,90910.052,2.0,5p5.(2P*<3/2>).4f 2[5/2],92646.125,3.0,5p5.(2P*<3/2>).7d 2[7/2]*,0.0008115,233.1,0.02
5765.4633,90944.05,3.0,5p5.(2P*<3/2>).4f 2[7/2],92678.516,2.0,5p5.(2P*<3/2>).7d 2[5/2]*,0.02875,1.154e+04,0.02
5875.1818,90944.05,3.0,5p5.(2P*<3/2>).4f 2[7/2],92646.125,3.0,5p5.(2P*<3/2>).7d 2[7/2]*,0.129,3.561e+04,-0.36
5879.6137,89243.258,2.0,5p5.(2P*<3/2>).6d 2[5/2]*,90944.05,3.0,5p5.(2P*<3/2>).4f 2[7/2],0.3006,8.287e+04,0.14
5950.7020,88351.681,2.0,5p5.(2P*<3/2>).7p 2[5/2],90032.155,1.0,5p5.(2P*<3/2>).6d 2[3/2]*,2.676e-05,16.8,0.0
5972.5133,91746.564,3.0,5p5.(2P*<1/2>).5d 2[5/2]*,93420.901,4.0,5p5.(2P*<3/2>).5f 2[7/2],0.473,9.828e+04,-0.35
5972.7915,91746.564,3.0,5p5.(2P*<1/2>).5d 2[5/2]*,93420.823,3.0,5p5.(2P*<3/2>).5f 2[7/2],0.1222,3.264e+04,-0.33
5999.5416,89243.258,2.0,5p5.(2P*<3/2>).6d 2[5/2]*,90910.052,2.0,5p5.(2P*<3/2>).4f 2[5/2],0.3302,1.224e+05,0.46
6010.2222,89243.258,2.0,5p5.(2P*<3/2>).6d 2[5/2]*,90907.09,3.0,5p5.(2P*<3/2>).4f 2[5/2],2.892,7.629e+05,0.74
6033.5392,91746.564,3.0,5p5.(2P*<1/2>).5d 2[5/2]*,93403.966,2.0,5p5.(2P*<3/2>).5f 2[5/2],4.543e-05,16.65,-0.0
6042.6539,91746.564,3.0,5p5.(2P*<1/2>).5d 2[5/2]*,93401.466,3.0,5p5.(2P*<3/2>).5f 2[5/2],0.1558,4.065e+04,0.22
6046.9509,89278.706,1.0,5p5.(2P*<1/2>).6p 2[1/2],90932.432,1.0,5p5.(2P*<3/2>).8s 2[3/2]*,0.01912,1.163e+04,0.06
6049.5006,88379.126,1.0,5p5.(2P*<1/2>).6p 2[3/2],90032.155,1.0,5p5.(2P*<3/2>).6d 2[3/2]*,0.01982,1.204e+04,-0.05
6089.4590,89162.356,2.0,5p5.(2P*<1/2>).6p 2[3/2],90804.538,2.0,5p5.(2P*<3/2>).8s 2[3/2]*,0.4245,1.527e+05,-0.6
6128.8217,91746.564,3.0,5p5.(2P*<1/2>).5d 2[5/2]*,93378.199,4.0,5p5.(2P*<3/2>).5f 2[9/2],0.5501,1.085e+05,0.3
6162.5572,90932.432,1.0,5p5.(2P*<3/2>).8s 2[3/2]*,92555.135,0.0,5p5.(2P*<3/2>).8p 2[1/2],0.6062,1.065e+06,0.57
6174.0553,91746.564,3.0,5p5.(2P*<1/2>).5d 2[5/2]*,93366.245,2.0,5p5.(2P*<3/2>).5f 2[3/2],0.01993,6975,0.24
6225.9445,89243.258,2.0,5p5.(2P*<3/2>).6d 2[5/2]*,90849.44,2.0,5p5.(2P*<3/2>).4f 2[3/2],0.1603,5.516e+04,0.34
6263.6273,89243.258,2.0,5p5.(2P*<3/2>).6d 2[5/2]*,90839.777,1.0,5p5.(2P*<3/2>).4f 2[3/2],0.01478,8374,-0.28
6312.0474,90860.655,5.0,5p5.(2P*<3/2>).4f 2[9/2],92444.927,4.0,5p5.(2P*<3/2>).7d 2[7/2]*,1.418,2.638e+05,-0.85
6315.4398,90861.506,4.0,5p5.(2P*<3/2>).4f 2[9/2],92444.927,4.0,5p5.(2P*<3/2>).7d 2[7/2]*,0.2135,3.968e+04,-0.93
6384.1265,90804.538,2.0,5p5.(2P*<3/2>).8s 2[3/2]*,92370.923,2.0,5p5.(2P*<3/2>).8p 2[3/2],2.22,7.266e+05,0.77
6397.9527,98855.0,1.0,5p5.(2P*<1/2>).7p 2[3/2],100418.0,1.0,5p5.(2P*<1/2>).6d 2[3/2]*,0.08782,4.77e+04,-0.42
6502.6397,90907.09,3.0,5p5.(2P*<3/2>).4f 2[5/2],92444.927,4.0,5p5.(2P*<3/2>).7d 2[7/2]*,0.005314,931.5,0.93
6542.2419,90804.538,2.0,5p5.(2P*<3/2>).8s 2[3/2]*,92333.066,1.0,5p5.(2P*<3/2>).8p 2[3/2],0.05872,3.05e+04,-0.08
6553.8015,89278.706,1.0,5p5.(2P*<1/2>).6p 2[1/2],90804.538,2.0,5p5.(2P*<3/2>).8s 2[3/2]*,0.256,7.951e+04,0.37
6662.7712,90944.05,3.0,5p5.(2P*<3/2>).4f 2[7/2],92444.927,4.0,5p5.(2P*<3/2>).7d 2[7/2]*,0.01389,2319,-0.92
6826.1203,92153.279,1.0,5p5.(2P*<3/2>).8p 2[1/2],93618.24,1.0,5p5.(2P*<1/2>).5d 2[3/2]*,0.1102,5.26e+04,-0.16
6847.3828,90804.538,2.0,5p5.(2P*<3/2>).8s 2[3/2]*,92264.95,3.0,5p5.(2P*<3/2>).8p 2[5/2],5.185,1.054e+06,0.97
6951.7293,90932.432,1.0,5p5.(2P*<3/2>).8s 2[3/2]*,92370.923,2.0,5p5.(2P*<3/2>).8p 2[3/2],1.315,3.63e+05,0.66
7041.4899,90839.777,1.0,5p5.(2P*<3/2>).4f 2[3/2],92259.931,0.0,5p5.(2P*<3/2>).7d 2[1/2]*,0.205,2.758e+05,-0.75
7058.0397,90804.538,2.0,5p5.(2P*<3/2>).8s 2[3/2]*,92221.362,2.0,5p5.(2P*<3/2>).8p 2[5/2],1.284,3.44e+05,-0.84
7094.3873,89534.568,3.0,5p5.(2P*<3/2>).6d 2[5/2]*,90944.133,4.0,5p5.(2P*<3/2>).4f 2[7/2],0.4422,6.511e+04,0.16
7094.8050,89534.568,3.0,5p5.(2P*<3/2>).6d 2[5/2]*,90944.05,3.0,5p5.(2P*<3/2>).4f 2[7/2],0.7642,1.447e+05,0.9
7139.6239,90932.432,1.0,5p5.(2P*<3/2>).8s 2[3/2]*,92333.066,1.0,5p5.(2P*<3/2>).8p 2[3/2],2.068,9.02e+05,0.92
7158.8213,92221.362,2.0,5p5.(2P*<3/2>).8p 2[5/2],93618.24,1.0,5p5.(2P*<1/2>).5d 2[3/2]*,0.006382,2769,0.04
7270.1682,89534.568,3.0,5p5.(2P*<3/2>).6d 2[5/2]*,90910.052,2.0,5p5.(2P*<3/2>).4f 2[5/2],0.004203,1061,0.08
7285.8577,89534.568,3.0,5p5.(2P*<3/2>).6d 2[5/2]*,90907.09,3.0,5p5.(2P*<3/2>).4f 2[5/2],0.07062,1.268e+04,-0.17
7316.8144,78956.031,1.0,5p5.(2P*<3/2>).6p 2[3/2],80322.746,2.0,5p5.(2P*<3/2>).5d 2[3/2]*,0.03158,7868,0.15
7324.9341,99052.8,1.0,5p5.(2P*<1/2>).7p 2[1/2],100418.0,1.0,5p5.(2P*<1/2>).6d 2[3/2]*,0.1606,6.655e+04,0.49
7409.6028,99068.4,2.0,5p5.(2P*<1/2>).7p 2[3/2],100418.0,1.0,5p5.(2P*<1/2>).6d 2[3/2]*,0.01232,4991,-0.2
7414.3219,90804.538,2.0,5p5.(2P*<3/2>).8s 2[3/2]*,92153.279,1.0,5p5.(2P*<3/2>).8p 2[1/2],2.051,8.298e+05,0.83
7431.3253,88686.5,2.0,5p5.(2P*<3/2>).7p 2[3/2],90032.155,1.0,5p5.(2P*<3/2>).6d 2[3/2]*,0.01144,4604,-0.08
7536.1471,89534.568,3.0,5p5.(2P*<3/2>).6d 2[5/2]*,90861.506,4.0,5p5.(2P*<3/2>).4f 2[9/2],2.502,3.265e+05,0.87
7598.0509,87927.131,1.0,5p5.(2P*<3/2>).7p 2[1/2],89243.258,2.0,5p5.(2P*<3/2>).6d 2[5/2]*,0.06578,1.52e+04,-0.12
7605.3030,89534.568,3.0,5p5.(2P*<3/2>).6d 2[5/2]*,90849.44,2.0,5p5.(2P*<3/2>).4f 2[3/2],0.06326,1.459e+04,-0.77
7758.3732,90932.432,1.0,5p5.(2P*<3/2>).8s 2[3/2]*,92221.362,2.0,5p5.(2P*<3/2>).8p 2[5/2],2.054,4.553e+05,0.65
7760.9021,90839.777,1.0,5p5.(2P*<3/2>).4f 2[3/2],92128.287,1.0,5p5.(2P*<3/2>).7d 2[1/2]*,0.07569,2.794e+04,-0.2
7766.4112,88744.559,1.0,5p5.(2P*<3/2>).7p 2[3/2],90032.155,1.0,5p5.(2P*<3/2>).6d 2[3/2]*,0.06812,2.511e+04,0.11
7781.0475,92333.066,1.0,5p5.(2P*<3/2>).8p 2[3/2],93618.24,1.0,5p5.(2P*<1/2>).5d 2[3/2]*,0.2866,1.053e+05,-0.43
7819.5437,90849.44,2.0,5p5.(2P*<3/2>).4f 2[3/2],92128.287,1.0,5p5.(2P*<3/2>).7d 2[1/2]*,0.2014,7.325e+04,0.15
7838.9626,92128.287,1.0,5p5.(2P*<3/2>).7d 2[1/2]*,93403.966,2.0,5p5.(2P*<3/2>).5f 2[5/2],0.6325,1.373e+05,0.17
8017.2081,92370.923,2.0,5p5.(2P*<3/2>).8p 2[3/2],93618.24,1.0,5p5.(2P*<1/2>).5d 2[3/2]*,0.03281,1.135e+04,0.22
8077.8185,92128.287,1.0,5p5.(2P*<3/2>).7d 2[1/2]*,93366.245,2.0,5p5.(2P*<3/2>).5f 2[3/2],0.4193,8.573e+04,-0.09
8101.2068,92128.287,1.0,5p5.(2P*<3/2>).7d 2[1/2]*,93362.671,1.0,5p5.(2P*<3/2>).5f 2[3/2],0.8007,2.713e+05,0.8
8191.0346,90932.432,1.0,5p5.(2P*<3/2>).8s 2[3/2]*,92153.279,1.0,5p5.(2P*<3/2>).8p 2[1/2],0.07764,2.573e+04,0.09
8208.4756,91152.67,2.0,5p5.(2P*<1/2>).5d 2[5/2]*,92370.923,2.0,5p5.(2P*<3/2>).8p 2[3/2],1.434,2.839e+05,0.92
8208.5969,90910.052,2.0,5p5.(2P*<3/2>).4f 2[5/2],92128.287,1.0,5p5.(2P*<3/2>).7d 2[1/2]*,0.8615,2.843e+05,0.69
8404.0746,88842.256,0.0,5p5.(2P*<3/2>).7p 2[1/2],90032.155,1.0,5p5.(2P*<3/2>).6d 2[3/2]*,0.1122,3.534e+04,0.16
8453.8929,88351.681,2.0,5p5.(2P*<3/2>).7p 2[5/2],89534.568,3.0,5p5.(2P*<3/2>).6d 2[5/2]*,0.4663,6.217e+04,0.2
8471.7332,91152.67,2.0,5p5.(2P*<1/2>).5d 2[5/2]*,92333.066,1.0,5p5.(2P*<3/2>).8p 2[3/2],0.124,3.843e+04,-0.08
8990.5419,91152.67,2.0,5p5.(2P*<1/2>).5d 2[5/2]*,92264.95,3.0,5p5.(2P*<3/2>).8p 2[5/2],0.09106,1.074e+04,-0.35
9006.7289,79212.465,2.0,5p5.(2P*<3/2>).6p 2[3/2],80322.746,2.0,5p5.(2P*<3/2>).5d 2[3/2]*,0.1967,3.235e+04,-0.8
9068.3207,92259.931,0.0,5p5.(2P*<3/2>).7d 2[1/2]*,93362.671,1.0,5p5.(2P*<3/2>).5f 2[3/2],1.76,4.758e+05,0.99
9324.7310,89860.015,0.0,5p5.(2P*<1/2>).6p 2[1/2],90932.432,1.0,5p5.(2P*<3/2>).8s 2[3/2]*,0.02473,6325,0.26
9325.0701,76196.767,0.0,5p5.(2P*<1/2>).6s 2[1/2]*,77269.145,1.0,5p5.(2P*<3/2>).6p 2[1/2],0.02485,6353,0.2
9357.2330,91152.67,2.0,5p5.(2P*<1/2>).5d 2[5/2]*,92221.362,2.0,5p5.(2P*<3/2>).8p 2[5/2],0.2698,4.111e+04,-0.29
9386.5425,88469.213,3.0,5p5.(2P*<3/2>).7p 2[5/2],89534.568,3.0,5p5.(2P*<3/2>).6d 2[5/2]*,0.5956,6.441e+04,-0.96
9406.4086,92555.135,0.0,5p5.(2P*<3/2>).8p 2[1/2],93618.24,1.0,5p5.(2P*<1/2>).5d 2[3/2]*,0.4244,1.066e+05,0.59
9703.2080,78956.031,1.0,5p5.(2P*<3/2>).6p 2[3/2],79986.618,1.0,5p5.(2P*<3/2>).5d 2[1/2]*,0.003845,907.9,-0.03
9888.2626,100418.0,1.0,5p5.(2P*<1/2>).6d 2[3/2]*,101429.3,2.0,5p5.(2P*<1/2>).4f 2[5/2],0.443,6.044e+04,0.15
9993.9137,91152.67,2.0,5p5.(2P*<1/2>).5d 2[5/2]*,92153.279,1.0,5p5.(2P*<3/2>).8p 2[1/2],0.7738,1.723e+05,-0.36
10246.1746,92444.927,4.0,5p5.(2P*<3/2>).7d 2[7/2]*,93420.901,4.0,5p5.(2P*<3/2>).5f 2[7/2],0.6816,4.812e+04,0.98
10246.9935,92444.927,4.0,5p5.(2P*<3/2>).7d 2[7/2]*,93420.823,3.0,5p5.(2P*<3/2>).5f 2[7/2],0.04181,3794,0.69
10454.3568,92444.927,4.0,5p5.(2P*<3/2>).7d 2[7/2]*,93401.466,3.0,5p5.(2P*<3/2>).5f 2[5/2],0.05068,4418,-0.67
10714.9898,92444.927,4.0,5p5.(2P*<3/2>).7d 2[7/2]*,93378.199,4.0,5p5.(2P*<3/2>).5f 2[9/2],0.9217,5.95e+04,-0.98
10723.3086,92444.927,4.0,5p5.(2P*<3/2>).7d 2[7/2]*,93377.475,5.0,5p5.(2P*<3/2>).5f 2[9/2],11.62,6.129e+05,1.0
10828.9684,91447.474,2.0,5p5.(2P*<1/2>).5d 2[3/2]*,92370.923,2.0,5p5.(2P*<3/2>).8p 2[3/2],0.5831,6.633e+04,0.66
11146.7311,90849.44,2.0,5p5.(2P*<3/2>).4f 2[3/2],91746.564,3.0,5p5.(2P*<1/2>).5d 2[5/2]*,0.001594,122.2,-0.06
11216.0812,88351.681,2.0,5p5.(2P*<3/2>).7p 2[5/2],89243.258,2.0,5p5.(2P*<3/2>).6d 2[5/2]*,0.2021,2.143e+04,0.36
11291.8816,91447.474,2.0,5p5.(2P*<1/2>).5d 2[3/2]*,92333.066,1.0,5p5.(2P*<3/2>).8p 2[3/2],0.4532,7.904e+04,-0.36
11298.6945,90861.506,4.0,5p5.(2P*<3/2>).4f 2[9/2],91746.564,3.0,5p5.(2P*<1/2>).5d 2[5/2]*,0.002049,152.9,0.0
11390.8579,90032.155,1.0,5p5.(2P*<3/2>).6d 2[3/2]*,90910.052,2.0,5p5.(2P*<3/2>).4f 2[5/2],0.2539,2.611e+04,-0.27
11496.9091,89162.356,2.0,5p5.(2P*<1/2>).6p 2[3/2],90032.155,1.0,5p5.(2P*<3/2>).6d 2[3/2]*,0.002762,464.6,-0.02
11572.3061,88379.126,1.0,5p5.(2P*<1/2>).6p 2[3/2],89243.258,2.0,5p5.(2P*<3/2>).6d 2[5/2]*,0.1344,1.338e+04,-0.26
11791.5073,88686.5,2.0,5p5.(2P*<3/2>).7p 2[3/2],89534.568,3.0,5p5.(2P*<3/2>).6d 2[5/2]*,1.032,7.074e+04,0.63
11954.4011,90910.052,2.0,5p5.(2P*<3/2>).4f 2[5/2],91746.564,3.0,5p5.(2P*<1/2>).5d 2[5/2]*,0.002075,138.4,0.11
12232.7750,91447.474,2.0,5p5.(2P*<1/2>).5d 2[3/2]*,92264.95,3.0,5p5.(2P*<3/2>).8p 2[5/2],0.04192,2669,-0.49
12235.6338,90032.155,1.0,5p5.(2P*<3/2>).6d 2[3/2]*,90849.44,2.0,5p5.(2P*<3/2>).4f 2[3/2],0.01237,1102,0.01
12266.3867,78956.031,1.0,5p5.(2P*<3/2>).6p 2[3/2],79771.267,0.0,5p5.(2P*<3/2>).5d 2[1/2]*,0.001414,626.9,-0.03
12382.0302,90032.155,1.0,5p5.(2P*<3/2>).6d 2[3/2]*,90839.777,1.0,5p5.(2P*<3/2>).4f 2[3/2],0.007891,1144,-0.02
12460.8418,90944.05,3.0,5p5.(2P*<3/2>).4f 2[7/2],91746.564,3.0,5p5.(2P*<1/2>).5d 2[5/2]*,0.0007156,43.92,0.01
12462.1307,90944.133,4.0,5p5.(2P*<3/2>).4f 2[7/2],91746.564,3.0,5p5.(2P*<1/2>).5d 2[5/2]*,0.3488,2.14e+04,0.44
12798.6075,87927.131,1.0,5p5.(2P*<3/2>).7p 2[1/2],88708.466,2.0,5p5.(2P*<3/2>).6d 2[3/2]*,0.2111,1.72e+04,0.18
12906.9563,92646.125,3.0,5p5.(2P*<3/2>).7d 2[7/2]*,93420.901,4.0,5p5.(2P*<3/2>).5f 2[7/2],2.139,9.517e+04,0.64
12908.2559,92646.125,3.0,5p5.(2P*<3/2>).7d 2[7/2]*,93420.823,3.0,5p5.(2P*<3/2>).5f 2[7/2],0.5338,3.053e+04,0.58
12917.3432,79212.465,2.0,5p5.(2P*<3/2>).6p 2[3/2],79986.618,1.0,5p5.(2P*<3/2>).5d 2[1/2]*,0.01453,1937,-0.15
12919.1455,88469.213,3.0,5p5.(2P*<3/2>).7p 2[5/2],89243.258,2.0,5p5.(2P*<3/2>).6d 2[5/2]*,0.01001,800.2,-0.22
13195.3800,92646.125,3.0,5p5.(2P*<3/2>).7d 2[7/2]*,93403.966,2.0,5p5.(2P*<3/2>).5f 2[5/2],0.0001645,12.61,-0.0
13239.0536,92646.125,3.0,5p5.(2P*<3/2>).7d 2[7/2]*,93401.466,3.0,5p5.(2P*<3/2>).5f 2[5/2],0.6475,3.52e+04,-0.57
13272.2985,89278.706,1.0,5p5.(2P*<1/2>).6p 2[1/2],90032.155,1.0,5p5.(2P*<3/2>).6d 2[3/2]*,0.01691,2134,-0.05
13471.5152,92678.516,2.0,5p5.(2P*<3/2>).7d 2[5/2]*,93420.823,3.0,5p5.(2P*<3/2>).5f 2[7/2],0.01986,1043,0.01
13659.8213,92646.125,3.0,5p5.(2P*<3/2>).7d 2[7/2]*,93378.199,4.0,5p5.(2P*<3/2>).5f 2[9/2],3.377,1.342e+05,-0.82
13718.7196,88549.775,1.0,5p5.(2P*<3/2>).6d 2[1/2]*,89278.706,1.0,5p5.(2P*<1/2>).6p 2[1/2],0.1724,2.036e+04,-0.36
13784.5475,92678.516,2.0,5p5.(2P*<3/2>).7d 2[5/2]*,93403.966,2.0,5p5.(2P*<3/2>).5f 2[5/2],0.03501,2458,-0.04
13832.2152,92678.516,2.0,5p5.(2P*<3/2>).7d 2[5/2]*,93401.466,3.0,5p5.(2P*<3/2>).5f 2[5/2],1.737,8.65e+04,0.41
13886.5745,92646.125,3.0,5p5.(2P*<3/2>).7d 2[7/2]*,93366.245,2.0,5p5.(2P*<3/2>).5f 2[3/2],0.08131,5625,-0.58
14168.2193,91447.474,2.0,5p5.(2P*<1/2>).5d 2[3/2]*,92153.279,1.0,5p5.(2P*<3/2>).8p 2[1/2],0.3519,3.898e+04,-0.33
14300.1574,92721.53,2.0,5p5.(2P*<3/2>).7d 2[3/2]*,93420.823,3.0,5p5.(2P*<3/2>).5f 2[7/2],1.296,6.038e+04,0.52
14494.2661,92714.038,1.0,5p5.(2P*<3/2>).7d 2[3/2]*,93403.966,2.0,5p5.(2P*<3/2>).5f 2[5/2],0.3662,2.325e+04,0.58
14540.6112,92678.516,2.0,5p5.(2P*<3/2>).7d 2[5/2]*,93366.245,2.0,5p5.(2P*<3/2>).5f 2[3/2],0.3577,2.257e+04,0.41
14549.6025,92733.597,3.0,5p5.(2P*<3/2>).7d 2[5/2]*,93420.901,4.0,5p5.(2P*<3/2>).5f 2[7/2],1.682,5.888e+04,0.8
14551.2539,92733.597,3.0,5p5.(2P*<3/2>).7d 2[5/2]*,93420.823,3.0,5p5.(2P*<3/2>).5f 2[7/2],0.1599,7194,0.22
14616.5708,92678.516,2.0,5p5.(2P*<3/2>).7d 2[5/2]*,93362.671,1.0,5p5.(2P*<3/2>).5f 2[3/2],0.06681,6953,-0.83
14653.3887,92721.53,2.0,5p5.(2P*<3/2>).7d 2[3/2]*,93403.966,2.0,5p5.(2P*<3/2>).5f 2[5/2],0.09232,5736,-0.28
14707.2666,92721.53,2.0,5p5.(2P*<3/2>).7d 2[3/2]*,93401.466,3.0,5p5.(2P*<3/2>).5f 2[5/2],0.7254,3.196e+04,0.28
14854.2280,88351.681,2.0,5p5.(2P*<3/2>).7p 2[5/2],89024.89,3.0,5p5.(2P*<3/2>).6d 2[7/2]*,0.5883,2.541e+04,-0.62
14972.9962,92733.597,3.0,5p5.(2P*<3/2>).7d 2[5/2]*,93401.466,3.0,5p5.(2P*<3/2>).5f 2[5/2],0.02825,1201,0.03
15332.5555,92714.038,1.0,5p5.(2P*<3/2>).7d 2[3/2]*,93366.245,2.0,5p5.(2P*<3/2>).5f 2[3/2],0.4421,2.509e+04,0.4
15417.0386,92714.038,1.0,5p5.(2P*<3/2>).7d 2[3/2]*,93362.671,1.0,5p5.(2P*<3/2>).5f 2[3/2],0.3286,3.074e+04,-0.8
15510.7295,92721.53,2.0,5p5.(2P*<3/2>).7d 2[3/2]*,93366.245,2.0,5p5.(2P*<3/2>).5f 2[3/2],0.006726,373,0.02
15513.4486,92733.597,3.0,5p5.(2P*<3/2>).7d 2[5/2]*,93378.199,4.0,5p5.(2P*<3/2>).5f 2[9/2],0.9955,3.066e+04,0.21
15597.1931,92721.53,2.0,5p5.(2P*<3/2>).7d 2[3/2]*,93362.671,1.0,5p5.(2P*<3/2>).5f 2[3/2],0.0002306,21.08,-0.01
15806.5781,92733.597,3.0,5p5.(2P*<3/2>).7d 2[5/2]*,93366.245,2.0,5p5.(2P*<3/2>).5f 2[3/2],0.0008705,46.48,-0.01
16016.4264,91746.564,3.0,5p5.(2P*<1/2>).5d 2[5/2]*,92370.923,2.0,5p5.(2P*<3/2>).8p 2[3/2],0.1613,8390,-0.68
16060.5418,87927.131,1.0,5p5.(2P*<3/2>).7p 2[1/2],88549.775,1.0,5p5.(2P*<3/2>).6d 2[1/2]*,0.2197,1.894e+04,0.48
16324.3718,88549.775,1.0,5p5.(2P*<3/2>).6d 2[1/2]*,89162.356,2.0,5p5.(2P*<1/2>).6p 2[3/2],0.06099,3053,-0.39
16455.5691,90839.777,1.0,5p5.(2P*<3/2>).4f 2[3/2],91447.474,2.0,5p5.(2P*<1/2>).5d 2[3/2]*,0.0002548,12.55,0.01
16721.4573,90849.44,2.0,5p5.(2P*<3/2>).4f 2[3/2],91447.474,2.0,5p5.(2P*<1/2>).5d 2[3/2]*,0.00343,163.7,-0.02
17536.4759,88708.466,2.0,5p5.(2P*<3/2>).6d 2[3/2]*,89278.706,1.0,5p5.(2P*<1/2>).6p 2[1/2],0.09973,7211,-0.13
17733.9867,87927.131,1.0,5p5.(2P*<3/2>).7p 2[1/2],88491.02,0.0,5p5.(2P*<3/2>).6d 2[1/2]*,0.06047,1.283e+04,0.28
17832.9728,92153.279,1.0,5p5.(2P*<3/2>).8p 2[1/2],92714.038,1.0,5p5.(2P*<3/2>).7d 2[3/2]*,0.525,3.671e+04,0.79
17961.1249,88686.5,2.0,5p5.(2P*<3/2>).7p 2[3/2],89243.258,2.0,5p5.(2P*<3/2>).6d 2[5/2]*,0.09618,3977,-0.32
17996.0661,88469.213,3.0,5p5.(2P*<3/2>).7p 2[5/2],89024.89,3.0,5p5.(2P*<3/2>).6d 2[7/2]*,0.1081,3181,0.86
18505.3592,90907.09,3.0,5p5.(2P*<3/2>).4f 2[5/2],91447.474,2.0,5p5.(2P*<1/2>).5d 2[3/2]*,0.003469,135.2,0.01
18607.3514,90910.052,2.0,5p5.(2P*<3/2>).4f 2[5/2],91447.474,2.0,5p5.(2P*<1/2>).5d 2[3/2]*,0.001814,69.89,0.02
19039.0243,92153.279,1.0,5p5.(2P*<3/2>).8p 2[1/2],92678.516,2.0,5p5.(2P*<3/2>).7d 2[5/2]*,0.2175,8006,-0.31
19290.6444,91746.564,3.0,5p5.(2P*<1/2>).5d 2[5/2]*,92264.95,3.0,5p5.(2P*<3/2>).8p 2[5/2],0.09655,2472,0.66
19516.0031,103419.0,1.0,5p5.(2P*<1/2>).7d 2[3/2]*,103931.4,2.0,5p5.(2P*<1/2>).5f 2[5/2],0.3737,1.309e+04,0.39
19522.2896,92221.362,2.0,5p5.(2P*<3/2>).8p 2[5/2],92733.597,3.0,5p5.(2P*<3/2>).7d 2[5/2]*,0.8004,2.001e+04,0.36
19863.9715,90944.05,3.0,5p5.(2P*<3/2>).4f 2[7/2],91447.474,2.0,5p5.(2P*<1/2>).5d 2[3/2]*,0.01945,657.6,0.04
19993.2823,92221.362,2.0,5p5.(2P*<3/2>).8p 2[5/2],92721.53,2.0,5p5.(2P*<3/2>).7d 2[3/2]*,0.2065,6892,-0.43
20052.1758,88744.559,1.0,5p5.(2P*<3/2>).7p 2[3/2],89243.258,2.0,5p5.(2P*<3/2>).6d 2[5/2]*,0.4235,1.405e+04,0.57
20297.3151,92221.362,2.0,5p5.(2P*<3/2>).8p 2[5/2],92714.038,1.0,5p5.(2P*<3/2>).7d 2[3/2]*,0.008501,458.8,0.09
21061.5883,91746.564,3.0,5p5.(2P*<1/2>).5d 2[5/2]*,92221.362,2.0,5p5.(2P*<3/2>).8p 2[5/2],0.06644,1998,0.28
21338.0220,92264.95,3.0,5p5.(2P*<3/2>).8p 2[5/2],92733.597,3.0,5p5.(2P*<3/2>).7d 2[5/2]*,0.0007965,16.67,-0.0
21874.4668,92221.362,2.0,5p5.(2P*<3/2>).8p 2[5/2],92678.516,2.0,5p5.(2P*<3/2>).7d 2[5/2]*,0.5823,1.623e+04,-0.87
21901.9668,92264.95,3.0,5p5.(2P*<3/2>).8p 2[5/2],92721.53,2.0,5p5.(2P*<3/2>).7d 2[3/2]*,0.003424,95.23,-0.08
22031.7698,88708.466,2.0,5p5.(2P*<3/2>).6d 2[3/2]*,89162.356,2.0,5p5.(2P*<1/2>).6p 2[3/2],0.04947,1360,-0.13
22599.9426,88469.213,3.0,5p5.(2P*<3/2>).7p 2[5/2],88911.692,4.0,5p5.(2P*<3/2>).6d 2[7/2]*,1.265,1.835e+04,0.89
23427.5433,92128.287,1.0,5p5.(2P*<3/2>).7d 2[1/2]*,92555.135,0.0,5p5.(2P*<3/2>).8p 2[1/2],0.1412,1.716e+04,-0.25
23542.5402,92221.362,2.0,5p5.(2P*<3/2>).8p 2[5/2],92646.125,3.0,5p5.(2P*<3/2>).7d 2[7/2]*,0.7394,1.271e+04,-0.51
24179.9374,92264.95,3.0,5p5.(2P*<3/2>).8p 2[5/2],92678.516,2.0,5p5.(2P*<3/2>).7d 2[5/2]*,0.04859,1109,-0.65
25742.4111,92333.066,1.0,5p5.(2P*<3/2>).8p 2[3/2],92721.53,2.0,5p5.(2P*<3/2>).7d 2[3/2]*,0.6887,1.386e+04,0.77
26234.6691,92264.95,3.0,5p5.(2P*<3/2>).8p 2[5/2],92646.125,3.0,5p5.(2P*<3/2>).7d 2[7/2]*,0.8098,1.121e+04,-0.97
26248.6482,92333.066,1.0,5p5.(2P*<3/2>).8p 2[3/2],92714.038,1.0,5p5.(2P*<3/2>).7d 2[3/2]*,0.1214,3918,0.35
26866.4095,89162.356,2.0,5p5.(2P*<1/2>).6p 2[3/2],89534.568,3.0,5p5.(2P*<3/2>).6d 2[5/2]*,0.05414,714.7,0.14
27572.9719,92370.923,2.0,5p5.(2P*<3/2>).8p 2[3/2],92733.597,3.0,5p5.(2P*<3/2>).7d 2[5/2]*,0.3836,4808,0.5
28028.0841,88351.681,2.0,5p5.(2P*<3/2>).7p 2[5/2],88708.466,2.0,5p5.(2P*<3/2>).6d 2[3/2]*,0.1287,2186,-0.26
28521.9633,92370.923,2.0,5p5.(2P*<3/2>).8p 2[3/2],92721.53,2.0,5p5.(2P*<3/2>).7d 2[3/2]*,0.06301,1033,-0.24
28947.7493,92333.066,1.0,5p5.(2P*<3/2>).8p 2[3/2],92678.516,2.0,5p5.(2P*<3/2>).7d 2[5/2]*,0.4054,6454,0.46
29144.7474,92370.923,2.0,5p5.(2P*<3/2>).8p 2[3/2],92714.038,1.0,5p5.(2P*<3/2>).7d 2[3/2]*,0.09017,2360,-0.82
29551.7007,88686.5,2.0,5p5.(2P*<3/2>).7p 2[3/2],89024.89,3.0,5p5.(2P*<3/2>).6d 2[7/2]*,0.3392,3701,0.63
30363.7578,88379.126,1.0,5p5.(2P*<1/2>).6p 2[3/2],88708.466,2.0,5p5.(2P*<3/2>).6d 2[3/2]*,0.04453,644.4,-0.23
31959.8073,90839.777,1.0,5p5.(2P*<3/2>).4f 2[3/2],91152.67,2.0,5p5.(2P*<1/2>).5d 2[5/2]*,0.003394,44.33,0.43
32510.4928,92370.923,2.0,5p5.(2P*<3/2>).8p 2[3/2],92678.516,2.0,5p5.(2P*<3/2>).7d 2[5/2]*,0.08578,1083,0.26
32978.2673,90849.44,2.0,5p5.(2P*<3/2>).4f 2[3/2],91152.67,2.0,5p5.(2P*<1/2>).5d 2[5/2]*,0.02371,290.8,-0.41
34190.2551,88549.775,1.0,5p5.(2P*<3/2>).6d 2[1/2]*,88842.256,0.0,5p5.(2P*<3/2>).7p 2[1/2],0.0002607,14.88,-0.0
36336.9452,92370.923,2.0,5p5.(2P*<3/2>).8p 2[3/2],92646.125,3.0,5p5.(2P*<3/2>).7d 2[7/2]*,0.6559,4733,0.81
39128.3763,93362.671,1.0,5p5.(2P*<3/2>).5f 2[3/2],93618.24,1.0,5p5.(2P*<1/2>).5d 2[3/2]*,0.004683,68.01,0.07
39441.6638,88491.02,0.0,5p5.(2P*<3/2>).6d 2[1/2]*,88744.559,1.0,5p5.(2P*<3/2>).7p 2[3/2],0.008106,115.9,-0.27
39683.3271,93366.245,2.0,5p5.(2P*<3/2>).5f 2[3/2],93618.24,1.0,5p5.(2P*<1/2>).5d 2[3/2]*,0.03582,505.8,0.08
40719.9283,90907.09,3.0,5p5.(2P*<3/2>).4f 2[5/2],91152.67,2.0,5p5.(2P*<1/2>).5d 2[5/2]*,0.001595,12.83,0.01
41213.9996,92128.287,1.0,5p5.(2P*<3/2>).7d 2[1/2]*,92370.923,2.0,5p5.(2P*<3/2>).8p 2[3/2],0.03292,258.6,0.45
41217.0573,90910.052,2.0,5p5.(2P*<3/2>).4f 2[5/2],91152.67,2.0,5p5.(2P*<1/2>).5d 2[5/2]*,0.006023,47.3,0.1
41796.7591,88469.213,3.0,5p5.(2P*<3/2>).7p 2[5/2],88708.466,2.0,5p5.(2P*<3/2>).6d 2[3/2]*,0.02438,186.1,0.31
46669.2179,93403.966,2.0,5p5.(2P*<3/2>).5f 2[5/2],93618.24,1.0,5p5.(2P*<1/2>).5d 2[3/2]*,0.1022,1043,-0.64
47934.0428,90944.05,3.0,5p5.(2P*<3/2>).4f 2[7/2],91152.67,2.0,5p5.(2P*<1/2>).5d 2[5/2]*,0.08911,517.4,0.43
48833.1323,92128.287,1.0,5p5.(2P*<3/2>).7d 2[1/2]*,92333.066,1.0,5p5.(2P*<3/2>).8p 2[3/2],0.1273,1187,0.51
50481.0847,88351.681,2.0,5p5.(2P*<3/2>).7p 2[5/2],88549.775,1.0,5p5.(2P*<3/2>).6d 2[1/2]*,0.02101,183.4,-0.29
51338.9190,88549.775,1.0,5p5.(2P*<3/2>).6d 2[1/2]*,88744.559,1.0,5p5.(2P*<3/2>).7p 2[3/2],0.003873,32.67,-0.05
58092.2505,89860.015,0.0,5p5.(2P*<1/2>).6p 2[1/2],90032.155,1.0,5p5.(2P*<3/2>).6d 2[3/2]*,0.005055,33.31,0.13
58599.8160,88379.126,1.0,5p5.(2P*<1/2>).6p 2[3/2],88549.775,1.0,5p5.(2P*<3/2>).6d 2[1/2]*,0.008824,57.13,-0.15
62931.4739,92555.135,0.0,5p5.(2P*<3/2>).8p 2[1/2],92714.038,1.0,5p5.(2P*<3/2>).7d 2[3/2]*,0.09993,561,-0.66
71678.4219,90804.538,2.0,5p5.(2P*<3/2>).8s 2[3/2]*,90944.05,3.0,5p5.(2P*<3/2>).4f 2[7/2],0.003244,6.017,0.38
72745.2606,89024.89,3.0,5p5.(2P*<3/2>).6d 2[7/2]*,89162.356,2.0,5p5.(2P*<1/2>).6p 2[3/2],0.02434,61.36,-0.23
73139.5136,88549.775,1.0,5p5.(2P*<3/2>).6d 2[1/2]*,88686.5,2.0,5p5.(2P*<3/2>).7p 2[3/2],0.002515,6.273,-0.08
89370.2969,88379.126,1.0,5p5.(2P*<1/2>).6p 2[3/2],88491.02,0.0,5p5.(2P*<3/2>).6d 2[1/2]*,0.004954,41.37,-0.36
93762.8924,92153.279,1.0,5p5.(2P*<3/2>).8p 2[1/2],92259.931,0.0,5p5.(2P*<3/2>).7d 2[1/2]*,0.1074,814.7,0.96
94774.1532,90804.538,2.0,5p5.(2P*<3/2>).8s 2[3/2]*,90910.052,2.0,5p5.(2P*<3/2>).4f 2[5/2],0.0002234,0.3317,0.2
97511.5064,90804.538,2.0,5p5.(2P*<3/2>).8s 2[3/2]*,90907.09,3.0,5p5.(2P*<3/2>).4f 2[5/2],1.527e-06,0.001531,-0.0
107440.2364,92128.287,1.0,5p5.(2P*<3/2>).7d 2[1/2]*,92221.362,2.0,5p5.(2P*<3/2>).8p 2[5/2],0.01715,19.82,-0.6
107927.2570,90839.777,1.0,5p5.(2P*<3/2>).4f 2[3/2],90932.432,1.0,5p5.(2P*<3/2>).8s 2[3/2]*,0.0002851,0.5442,-0.49
120493.5415,90849.44,2.0,5p5.(2P*<3/2>).4f 2[3/2],90932.432,1.0,5p5.(2P*<3/2>).8s 2[3/2]*,0.0003966,0.6074,0.34
123606.3385,89162.356,2.0,5p5.(2P*<1/2>).6p 2[3/2],89243.258,2.0,5p5.(2P*<3/2>).6d 2[5/2]*,0.004325,3.776,0.14
136733.4382,92259.931,0.0,5p5.(2P*<3/2>).7d 2[1/2]*,92333.066,1.0,5p5.(2P*<3/2>).8p 2[3/2],0.002206,2.624,-0.12
222707.2291,90804.538,2.0,5p5.(2P*<3/2>).8s 2[3/2]*,90849.44,2.0,5p5.(2P*<3/2>).4f 2[3/2],0.0003341,0.08986,-0.49
277062.0342,88708.466,2.0,5p5.(2P*<3/2>).6d 2[3/2]*,88744.559,1.0,5p5.(2P*<3/2>).7p 2[3/2],0.0005954,0.1725,0.02
282103.3627,89243.258,2.0,5p5.(2P*<3/2>).6d 2[5/2]*,89278.706,1.0,5p5.(2P*<1/2>).6p 2[1/2],0.0001097,0.03064,-0.01
283776.4976,90804.538,2.0,5p5.(2P*<3/2>).8s 2[3/2]*,90839.777,1.0,5p5.(2P*<3/2>).4f 2[3/2],3.345e-05,0.009236,0.5
400128.0410,92128.287,1.0,5p5.(2P*<3/2>).7d 2[1/2]*,92153.279,1.0,5p5.(2P*<3/2>).8p 2[1/2],0.01827,2.537,-0.57
446827.5246,90910.052,2.0,5p5.(2P*<3/2>).4f 2[5/2],90932.432,1.0,5p5.(2P*<3/2>).8s 2[3/2]*,5.552e-05,0.006183,-0.21
455249.0212,88686.5,2.0,5p5.(2P*<3/2>).7p 2[3/2],88708.466,2.0,5p5.(2P*<3/2>).6d 2[3/2]*,0.004679,0.3012,-0.26
3030303.0303,101426.0,1.0,5p5.(2P*<1/2>).8s 2[1/2]*,101429.3,2.0,5p5.(2P*<1/2>).4f 2[5/2],1.523e-07,2.213e-07,-0.01
