lower,upper,kind,wavelength_vac_nm,wavelength_air_nm,frequency_THz,frequency_source,wavenumber_cm,rme_J_ea0,rme_tier,rme_source,A_s,A_tier,branching,upper_linewidth_MHz,nist_observed_vac_nm,use,type,rme_source_url,cycle_class,cycle_lower_level,leak_per_photon,leak_is_lower_limit,photons_before_leak,leak_tier,leak_basis
5f36d7s2 5L°6,5,E1,350.1078,350.0076,856.28623,"Blaise & Wyart, 'Selected Constants: Energy Levels and Atomic Spectra of Actinides' (Tables Internationales de Constantes, Paris, 1992), online database of Laboratoire Aime Cotton (Orsay), archived copy in the Internet Archive, table 'U I even' (238U); original analyses named there: Kiess, Humphreys, Laun, J. Res. NBS 37, 57 (1946); Blaise & Radziemski, J. Opt. Soc. Am. 66, 644 (1976); Steinhaus et al., reports LA-4501 (1971) and LA-4944 (1972); Guyon thesis (Orsay 1972); Engleman & Palmer, J. Opt. Soc. Am. 70, 308 (1980); Blaise unpublished revision - originals not opened (measured level energy)",28562.634,2.856,exp,"Corliss, 'Line strengths and lifetimes of levels in neutral uranium', J. Res. Natl. Bur. Stand. 80A, 1 (1976), Table 1 (line 3500.07 A, levels 0-28563) (from A)",35000000.0,exp,,,,,E1,https://nvlpubs.nist.gov/nistpubs/jres/80A/jresv80An1p1_A1b.pdf,open,ground,,,,,
5f36d7s2 5L°6,5,E1,351.5616,351.4611,852.74517,"Blaise & Wyart, 'Selected Constants: Energy Levels and Atomic Spectra of Actinides' (Tables Internationales de Constantes, Paris, 1992), online database of Laboratoire Aime Cotton (Orsay), archived copy in the Internet Archive, table 'U I even' (238U); original analyses named there: Kiess, Humphreys, Laun, J. Res. NBS 37, 57 (1946); Blaise & Radziemski, J. Opt. Soc. Am. 66, 644 (1976); Steinhaus et al., reports LA-4501 (1971) and LA-4944 (1972); Guyon thesis (Orsay 1972); Engleman & Palmer, J. Opt. Soc. Am. 70, 308 (1980); Blaise unpublished revision - originals not opened (measured level energy)",28444.517,4.478,exp,"Corliss, 'Line strengths and lifetimes of levels in neutral uranium', J. Res. Natl. Bur. Stand. 80A, 1 (1976), Table 1 (line 3514.61 A, levels 0-28445) (from A)",85000000.0,exp,,,,,E1,https://nvlpubs.nist.gov/nistpubs/jres/80A/jresv80An1p1_A1b.pdf,open,ground,,,,,
5f36d7s2 5K°5,5,E1,356.761,356.6591,840.31739,"Blaise & Wyart, 'Selected Constants: Energy Levels and Atomic Spectra of Actinides' (Tables Internationales de Constantes, Paris, 1992), online database of Laboratoire Aime Cotton (Orsay), archived copy in the Internet Archive, table 'U I odd' (238U); original analyses named there: Kiess, Humphreys, Laun, J. Res. NBS 37, 57 (1946); Blaise & Radziemski, J. Opt. Soc. Am. 66, 644 (1976); Steinhaus et al., reports LA-4501 (1971) and LA-4944 (1972); Guyon thesis (Orsay 1972); Engleman & Palmer, J. Opt. Soc. Am. 70, 308 (1980); Blaise unpublished revision - originals not opened; Blaise & Wyart, 'Selected Constants: Energy Levels and Atomic Spectra of Actinides' (Tables Internationales de Constantes, Paris, 1992), online database of Laboratoire Aime Cotton (Orsay), archived copy in the Internet Archive, table 'U I even' (238U); original analyses named there: Kiess, Humphreys, Laun, J. Res. NBS 37, 57 (1946); Blaise & Radziemski, J. Opt. Soc. Am. 66, 644 (1976); Steinhaus et al., reports LA-4501 (1971) and LA-4944 (1972); Guyon thesis (Orsay 1972); Engleman & Palmer, J. Opt. Soc. Am. 70, 308 (1980); Blaise unpublished revision - originals not opened (measured level energy)",28029.971,5.875,exp,"Corliss, 'Line strengths and lifetimes of levels in neutral uranium', J. Res. Natl. Bur. Stand. 80A, 1 (1976), Table 1 (line 3566.60 A, levels 620-28650) (from A)",140000000.0,exp,,,,,E1,https://nvlpubs.nist.gov/nistpubs/jres/80A/jresv80An1p1_A1b.pdf,open,metastable,,,,,
5f36d7s2 5L°6,5f36d27p 7N7,E1,358.5901,358.4878,836.03108,"Blaise & Wyart, 'Selected Constants: Energy Levels and Atomic Spectra of Actinides' (Tables Internationales de Constantes, Paris, 1992), online database of Laboratoire Aime Cotton (Orsay), archived copy in the Internet Archive, table 'U I even' (238U); original analyses named there: Kiess, Humphreys, Laun, J. Res. NBS 37, 57 (1946); Blaise & Radziemski, J. Opt. Soc. Am. 66, 644 (1976); Steinhaus et al., reports LA-4501 (1971) and LA-4944 (1972); Guyon thesis (Orsay 1972); Engleman & Palmer, J. Opt. Soc. Am. 70, 308 (1980); Blaise unpublished revision - originals not opened (measured level energy)",27886.995,6.128,exp,"Corliss, 'Line strengths and lifetimes of levels in neutral uranium', J. Res. Natl. Bur. Stand. 80A, 1 (1976), Table 1 (line 3584.88 A, levels 0-27887) (from A)",110000000.0,exp,0.803,21.8,,,E1 (intercombination),https://nvlpubs.nist.gov/nistpubs/jres/80A/jresv80An1p1_A1b.pdf,leak,ground,0.182,True,5.49,exp,lifetime
5f36d7s2 5K°5,6,E1,366.0198,365.9155,819.06088,"Blaise & Wyart, 'Selected Constants: Energy Levels and Atomic Spectra of Actinides' (Tables Internationales de Constantes, Paris, 1992), online database of Laboratoire Aime Cotton (Orsay), archived copy in the Internet Archive, table 'U I odd' (238U); original analyses named there: Kiess, Humphreys, Laun, J. Res. NBS 37, 57 (1946); Blaise & Radziemski, J. Opt. Soc. Am. 66, 644 (1976); Steinhaus et al., reports LA-4501 (1971) and LA-4944 (1972); Guyon thesis (Orsay 1972); Engleman & Palmer, J. Opt. Soc. Am. 70, 308 (1980); Blaise unpublished revision - originals not opened; Blaise & Wyart, 'Selected Constants: Energy Levels and Atomic Spectra of Actinides' (Tables Internationales de Constantes, Paris, 1992), online database of Laboratoire Aime Cotton (Orsay), archived copy in the Internet Archive, table 'U I even' (238U); original analyses named there: Kiess, Humphreys, Laun, J. Res. NBS 37, 57 (1946); Blaise & Radziemski, J. Opt. Soc. Am. 66, 644 (1976); Steinhaus et al., reports LA-4501 (1971) and LA-4944 (1972); Guyon thesis (Orsay 1972); Engleman & Palmer, J. Opt. Soc. Am. 70, 308 (1980); Blaise unpublished revision - originals not opened (measured level energy)",27320.93,4.235,exp,"Corliss, 'Line strengths and lifetimes of levels in neutral uranium', J. Res. Natl. Bur. Stand. 80A, 1 (1976), Table 1 (line 3659.16 A, levels 620-27941) (from A)",57000000.0,exp,,,,,E1,https://nvlpubs.nist.gov/nistpubs/jres/80A/jresv80An1p1_A1b.pdf,open,metastable,,,,,
5f36d7s2 5L°6,6,E1,373.2505,373.1444,803.19367,"Blaise & Wyart, 'Selected Constants: Energy Levels and Atomic Spectra of Actinides' (Tables Internationales de Constantes, Paris, 1992), online database of Laboratoire Aime Cotton (Orsay), archived copy in the Internet Archive, table 'U I even' (238U); original analyses named there: Kiess, Humphreys, Laun, J. Res. NBS 37, 57 (1946); Blaise & Radziemski, J. Opt. Soc. Am. 66, 644 (1976); Steinhaus et al., reports LA-4501 (1971) and LA-4944 (1972); Guyon thesis (Orsay 1972); Engleman & Palmer, J. Opt. Soc. Am. 70, 308 (1980); Blaise unpublished revision - originals not opened (measured level energy)",26791.657,1.379,exp,"Corliss, 'Line strengths and lifetimes of levels in neutral uranium', J. Res. Natl. Bur. Stand. 80A, 1 (1976), Table 1 (line 3731.45 A, levels 0-26792) (from A)",5700000.0,exp,,,,,E1,https://nvlpubs.nist.gov/nistpubs/jres/80A/jresv80An1p1_A1b.pdf,open,ground,,,,,
5f36d7s2 5L°6,6,E1,381.3073,381.1991,786.22278,"Blaise & Wyart, 'Selected Constants: Energy Levels and Atomic Spectra of Actinides' (Tables Internationales de Constantes, Paris, 1992), online database of Laboratoire Aime Cotton (Orsay), archived copy in the Internet Archive, table 'U I even' (238U); original analyses named there: Kiess, Humphreys, Laun, J. Res. NBS 37, 57 (1946); Blaise & Radziemski, J. Opt. Soc. Am. 66, 644 (1976); Steinhaus et al., reports LA-4501 (1971) and LA-4944 (1972); Guyon thesis (Orsay 1972); Engleman & Palmer, J. Opt. Soc. Am. 70, 308 (1980); Blaise unpublished revision - originals not opened (measured level energy)",26225.569,5.964,exp,"Corliss, 'Line strengths and lifetimes of levels in neutral uranium', J. Res. Natl. Bur. Stand. 80A, 1 (1976), Table 1 (line 3812.00 A, levels 0-26226) (from A)",100000000.0,exp,,,,,E1,https://nvlpubs.nist.gov/nistpubs/jres/80A/jresv80An1p1_A1b.pdf,open,ground,,,,,
5f36d7s2 5L°7,7,E1,384.0716,383.9626,780.56405,"Blaise & Wyart, 'Selected Constants: Energy Levels and Atomic Spectra of Actinides' (Tables Internationales de Constantes, Paris, 1992), online database of Laboratoire Aime Cotton (Orsay), archived copy in the Internet Archive, table 'U I odd' (238U); original analyses named there: Kiess, Humphreys, Laun, J. Res. NBS 37, 57 (1946); Blaise & Radziemski, J. Opt. Soc. Am. 66, 644 (1976); Steinhaus et al., reports LA-4501 (1971) and LA-4944 (1972); Guyon thesis (Orsay 1972); Engleman & Palmer, J. Opt. Soc. Am. 70, 308 (1980); Blaise unpublished revision - originals not opened; Blaise & Wyart, 'Selected Constants: Energy Levels and Atomic Spectra of Actinides' (Tables Internationales de Constantes, Paris, 1992), online database of Laboratoire Aime Cotton (Orsay), archived copy in the Internet Archive, table 'U I even' (238U); original analyses named there: Kiess, Humphreys, Laun, J. Res. NBS 37, 57 (1946); Blaise & Radziemski, J. Opt. Soc. Am. 66, 644 (1976); Steinhaus et al., reports LA-4501 (1971) and LA-4944 (1972); Guyon thesis (Orsay 1972); Engleman & Palmer, J. Opt. Soc. Am. 70, 308 (1980); Blaise unpublished revision - originals not opened (measured level energy)",26036.814,7.384,exp,"Corliss, 'Line strengths and lifetimes of levels in neutral uranium', J. Res. Natl. Bur. Stand. 80A, 1 (1976), Table 1 (line 3839.62 A, levels 3800-29838) (from A)",130000000.0,exp,,,,,E1,https://nvlpubs.nist.gov/nistpubs/jres/80A/jresv80An1p1_A1b.pdf,open,metastable,,,,,
5f36d7s2 5L°6,6,E1,385.5313,385.422,777.60863,"Blaise & Wyart, 'Selected Constants: Energy Levels and Atomic Spectra of Actinides' (Tables Internationales de Constantes, Paris, 1992), online database of Laboratoire Aime Cotton (Orsay), archived copy in the Internet Archive, table 'U I even' (238U); original analyses named there: Kiess, Humphreys, Laun, J. Res. NBS 37, 57 (1946); Blaise & Radziemski, J. Opt. Soc. Am. 66, 644 (1976); Steinhaus et al., reports LA-4501 (1971) and LA-4944 (1972); Guyon thesis (Orsay 1972); Engleman & Palmer, J. Opt. Soc. Am. 70, 308 (1980); Blaise unpublished revision - originals not opened (measured level energy)",25938.232,3.43,exp,"Corliss, 'Line strengths and lifetimes of levels in neutral uranium', J. Res. Natl. Bur. Stand. 80A, 1 (1976), Table 1 (line 3854.22 A, levels 0-25938) (from A)",32000000.0,exp,,,,,E1,https://nvlpubs.nist.gov/nistpubs/jres/80A/jresv80An1p1_A1b.pdf,open,ground,,,,,
5f36d7s2 5L°6,6,E1,387.2132,387.1035,774.23096,"Blaise & Wyart, 'Selected Constants: Energy Levels and Atomic Spectra of Actinides' (Tables Internationales de Constantes, Paris, 1992), online database of Laboratoire Aime Cotton (Orsay), archived copy in the Internet Archive, table 'U I even' (238U); original analyses named there: Kiess, Humphreys, Laun, J. Res. NBS 37, 57 (1946); Blaise & Radziemski, J. Opt. Soc. Am. 66, 644 (1976); Steinhaus et al., reports LA-4501 (1971) and LA-4944 (1972); Guyon thesis (Orsay 1972); Engleman & Palmer, J. Opt. Soc. Am. 70, 308 (1980); Blaise unpublished revision - originals not opened (measured level energy)",25825.565,5.25,exp,"Corliss, 'Line strengths and lifetimes of levels in neutral uranium', J. Res. Natl. Bur. Stand. 80A, 1 (1976), Table 1 (line 3871.04 A, levels 0-25826) (from A)",74000000.0,exp,,,,,E1,https://nvlpubs.nist.gov/nistpubs/jres/80A/jresv80An1p1_A1b.pdf,open,ground,,,,,
5f36d7s2 5L°6,7,E1,389.5224,389.4121,769.64114,"Blaise & Wyart, 'Selected Constants: Energy Levels and Atomic Spectra of Actinides' (Tables Internationales de Constantes, Paris, 1992), online database of Laboratoire Aime Cotton (Orsay), archived copy in the Internet Archive, table 'U I even' (238U); original analyses named there: Kiess, Humphreys, Laun, J. Res. NBS 37, 57 (1946); Blaise & Radziemski, J. Opt. Soc. Am. 66, 644 (1976); Steinhaus et al., reports LA-4501 (1971) and LA-4944 (1972); Guyon thesis (Orsay 1972); Engleman & Palmer, J. Opt. Soc. Am. 70, 308 (1980); Blaise unpublished revision - originals not opened (measured level energy)",25672.465,3.031,exp,"Corliss, 'Line strengths and lifetimes of levels in neutral uranium', J. Res. Natl. Bur. Stand. 80A, 1 (1976), Table 1 (line 3894.12 A, levels 0-25672) (from A)",21000000.0,exp,,,,,E1,https://nvlpubs.nist.gov/nistpubs/jres/80A/jresv80An1p1_A1b.pdf,open,ground,,,,,
5f36d7s2 5L°6,6,E1,394.4932,394.3816,759.94321,"Blaise & Wyart, 'Selected Constants: Energy Levels and Atomic Spectra of Actinides' (Tables Internationales de Constantes, Paris, 1992), online database of Laboratoire Aime Cotton (Orsay), archived copy in the Internet Archive, table 'U I even' (238U); original analyses named there: Kiess, Humphreys, Laun, J. Res. NBS 37, 57 (1946); Blaise & Radziemski, J. Opt. Soc. Am. 66, 644 (1976); Steinhaus et al., reports LA-4501 (1971) and LA-4944 (1972); Guyon thesis (Orsay 1972); Engleman & Palmer, J. Opt. Soc. Am. 70, 308 (1980); Blaise unpublished revision - originals not opened (measured level energy)",25348.977,4.655,exp,"Corliss, 'Line strengths and lifetimes of levels in neutral uranium', J. Res. Natl. Bur. Stand. 80A, 1 (1976), Table 1 (line 3943.82 A, levels 0-25349) (from A)",55000000.0,exp,,,,,E1,https://nvlpubs.nist.gov/nistpubs/jres/80A/jresv80An1p1_A1b.pdf,leak,ground,0.461,True,2.17,exp,rates
5f36d7s2 5L°6,6,E1,396.2633,396.1512,756.5486,"Blaise & Wyart, 'Selected Constants: Energy Levels and Atomic Spectra of Actinides' (Tables Internationales de Constantes, Paris, 1992), online database of Laboratoire Aime Cotton (Orsay), archived copy in the Internet Archive, table 'U I even' (238U); original analyses named there: Kiess, Humphreys, Laun, J. Res. NBS 37, 57 (1946); Blaise & Radziemski, J. Opt. Soc. Am. 66, 644 (1976); Steinhaus et al., reports LA-4501 (1971) and LA-4944 (1972); Guyon thesis (Orsay 1972); Engleman & Palmer, J. Opt. Soc. Am. 70, 308 (1980); Blaise unpublished revision - originals not opened (measured level energy)",25235.745,,,,,,,,,396.263 nm (vacuum): first step of the two-colour resonance-ionization (RIMS) scheme for uranium from the ground state (Savina & Trappitsch),E1,,open,ground,,,,,
5f36d7s2 5K°5,6,E1,400.6342,400.5209,748.29481,"Blaise & Wyart, 'Selected Constants: Energy Levels and Atomic Spectra of Actinides' (Tables Internationales de Constantes, Paris, 1992), online database of Laboratoire Aime Cotton (Orsay), archived copy in the Internet Archive, table 'U I odd' (238U); original analyses named there: Kiess, Humphreys, Laun, J. Res. NBS 37, 57 (1946); Blaise & Radziemski, J. Opt. Soc. Am. 66, 644 (1976); Steinhaus et al., reports LA-4501 (1971) and LA-4944 (1972); Guyon thesis (Orsay 1972); Engleman & Palmer, J. Opt. Soc. Am. 70, 308 (1980); Blaise unpublished revision - originals not opened; Blaise & Wyart, 'Selected Constants: Energy Levels and Atomic Spectra of Actinides' (Tables Internationales de Constantes, Paris, 1992), online database of Laboratoire Aime Cotton (Orsay), archived copy in the Internet Archive, table 'U I even' (238U); original analyses named there: Kiess, Humphreys, Laun, J. Res. NBS 37, 57 (1946); Blaise & Radziemski, J. Opt. Soc. Am. 66, 644 (1976); Steinhaus et al., reports LA-4501 (1971) and LA-4944 (1972); Guyon thesis (Orsay 1972); Engleman & Palmer, J. Opt. Soc. Am. 70, 308 (1980); Blaise unpublished revision - originals not opened (measured level energy)",24960.428,2.944,exp,"Corliss, 'Line strengths and lifetimes of levels in neutral uranium', J. Res. Natl. Bur. Stand. 80A, 1 (1976), Table 1 (line 4005.21 A, levels 620-25581) (from A)",21000000.0,exp,,,,,E1,https://nvlpubs.nist.gov/nistpubs/jres/80A/jresv80An1p1_A1b.pdf,open,metastable,,,,,
5f36d7s2 5K°5,6,E1,404.3892,404.275,741.3464,"Blaise & Wyart, 'Selected Constants: Energy Levels and Atomic Spectra of Actinides' (Tables Internationales de Constantes, Paris, 1992), online database of Laboratoire Aime Cotton (Orsay), archived copy in the Internet Archive, table 'U I odd' (238U); original analyses named there: Kiess, Humphreys, Laun, J. Res. NBS 37, 57 (1946); Blaise & Radziemski, J. Opt. Soc. Am. 66, 644 (1976); Steinhaus et al., reports LA-4501 (1971) and LA-4944 (1972); Guyon thesis (Orsay 1972); Engleman & Palmer, J. Opt. Soc. Am. 70, 308 (1980); Blaise unpublished revision - originals not opened; Blaise & Wyart, 'Selected Constants: Energy Levels and Atomic Spectra of Actinides' (Tables Internationales de Constantes, Paris, 1992), online database of Laboratoire Aime Cotton (Orsay), archived copy in the Internet Archive, table 'U I even' (238U); original analyses named there: Kiess, Humphreys, Laun, J. Res. NBS 37, 57 (1946); Blaise & Radziemski, J. Opt. Soc. Am. 66, 644 (1976); Steinhaus et al., reports LA-4501 (1971) and LA-4944 (1972); Guyon thesis (Orsay 1972); Engleman & Palmer, J. Opt. Soc. Am. 70, 308 (1980); Blaise unpublished revision - originals not opened (measured level energy)",24728.654,4.466,exp,"Corliss, 'Line strengths and lifetimes of levels in neutral uranium', J. Res. Natl. Bur. Stand. 80A, 1 (1976), Table 1 (line 4042.76 A, levels 620-25349) (from A)",47000000.0,exp,,,,,E1,https://nvlpubs.nist.gov/nistpubs/jres/80A/jresv80An1p1_A1b.pdf,leak,metastable,0.539,True,1.86,exp,rates
5f36d7s2 5K°5,5,E1,404.8755,404.7611,740.45592,"Blaise & Wyart, 'Selected Constants: Energy Levels and Atomic Spectra of Actinides' (Tables Internationales de Constantes, Paris, 1992), online database of Laboratoire Aime Cotton (Orsay), archived copy in the Internet Archive, table 'U I odd' (238U); original analyses named there: Kiess, Humphreys, Laun, J. Res. NBS 37, 57 (1946); Blaise & Radziemski, J. Opt. Soc. Am. 66, 644 (1976); Steinhaus et al., reports LA-4501 (1971) and LA-4944 (1972); Guyon thesis (Orsay 1972); Engleman & Palmer, J. Opt. Soc. Am. 70, 308 (1980); Blaise unpublished revision - originals not opened; Blaise & Wyart, 'Selected Constants: Energy Levels and Atomic Spectra of Actinides' (Tables Internationales de Constantes, Paris, 1992), online database of Laboratoire Aime Cotton (Orsay), archived copy in the Internet Archive, table 'U I even' (238U); original analyses named there: Kiess, Humphreys, Laun, J. Res. NBS 37, 57 (1946); Blaise & Radziemski, J. Opt. Soc. Am. 66, 644 (1976); Steinhaus et al., reports LA-4501 (1971) and LA-4944 (1972); Guyon thesis (Orsay 1972); Engleman & Palmer, J. Opt. Soc. Am. 70, 308 (1980); Blaise unpublished revision - originals not opened (measured level energy)",24698.951,2.816,exp,"Corliss, 'Line strengths and lifetimes of levels in neutral uranium', J. Res. Natl. Bur. Stand. 80A, 1 (1976), Table 1 (line 4047.62 A, levels 620-25319) (from A)",22000000.0,exp,,,,,E1,https://nvlpubs.nist.gov/nistpubs/jres/80A/jresv80An1p1_A1b.pdf,open,metastable,,,,,
5f36d7s2 5L°6,6,E1,409.2782,409.1627,732.49071,"Blaise & Wyart, 'Selected Constants: Energy Levels and Atomic Spectra of Actinides' (Tables Internationales de Constantes, Paris, 1992), online database of Laboratoire Aime Cotton (Orsay), archived copy in the Internet Archive, table 'U I even' (238U); original analyses named there: Kiess, Humphreys, Laun, J. Res. NBS 37, 57 (1946); Blaise & Radziemski, J. Opt. Soc. Am. 66, 644 (1976); Steinhaus et al., reports LA-4501 (1971) and LA-4944 (1972); Guyon thesis (Orsay 1972); Engleman & Palmer, J. Opt. Soc. Am. 70, 308 (1980); Blaise unpublished revision - originals not opened (measured level energy)",24433.26,1.359,exp,"Corliss, 'Line strengths and lifetimes of levels in neutral uranium', J. Res. Natl. Bur. Stand. 80A, 1 (1976), Table 1 (line 4091.64 A, levels 0-24433) (from A)",4200000.0,exp,,,,,E1,https://nvlpubs.nist.gov/nistpubs/jres/80A/jresv80An1p1_A1b.pdf,leak,ground,0.558,True,1.79,exp,rates
5f36d7s2 5L°6,7,E1,413.4657,413.3491,725.07213,"Blaise & Wyart, 'Selected Constants: Energy Levels and Atomic Spectra of Actinides' (Tables Internationales de Constantes, Paris, 1992), online database of Laboratoire Aime Cotton (Orsay), archived copy in the Internet Archive, table 'U I even' (238U); original analyses named there: Kiess, Humphreys, Laun, J. Res. NBS 37, 57 (1946); Blaise & Radziemski, J. Opt. Soc. Am. 66, 644 (1976); Steinhaus et al., reports LA-4501 (1971) and LA-4944 (1972); Guyon thesis (Orsay 1972); Engleman & Palmer, J. Opt. Soc. Am. 70, 308 (1980); Blaise unpublished revision - originals not opened (measured level energy)",24185.803,1.83,exp,"Corliss, 'Line strengths and lifetimes of levels in neutral uranium', J. Res. Natl. Bur. Stand. 80A, 1 (1976), Table 1 (line 4133.50 A, levels 0-24186) (from A)",6400000.0,exp,,,,,E1,https://nvlpubs.nist.gov/nistpubs/jres/80A/jresv80An1p1_A1b.pdf,open,ground,,,,,
5f36d7s2 5L°6,5f46d7s 7,E1,415.5142,415.3971,721.4975,"Blaise & Wyart, 'Selected Constants: Energy Levels and Atomic Spectra of Actinides' (Tables Internationales de Constantes, Paris, 1992), online database of Laboratoire Aime Cotton (Orsay), archived copy in the Internet Archive, table 'U I even' (238U); original analyses named there: Kiess, Humphreys, Laun, J. Res. NBS 37, 57 (1946); Blaise & Radziemski, J. Opt. Soc. Am. 66, 644 (1976); Steinhaus et al., reports LA-4501 (1971) and LA-4944 (1972); Guyon thesis (Orsay 1972); Engleman & Palmer, J. Opt. Soc. Am. 70, 308 (1980); Blaise unpublished revision - originals not opened (measured level energy)",24066.566,3.787,exp,"Corliss, 'Line strengths and lifetimes of levels in neutral uranium', J. Res. Natl. Bur. Stand. 80A, 1 (1976), Table 1 (line 4153.97 A, levels 0-24067) (from A)",27000000.0,exp,,,,,E1,https://nvlpubs.nist.gov/nistpubs/jres/80A/jresv80An1p1_A1b.pdf,open,ground,,,,,
5f36d7s2 5K°5,6,E1,415.782,415.6648,721.03279,"Blaise & Wyart, 'Selected Constants: Energy Levels and Atomic Spectra of Actinides' (Tables Internationales de Constantes, Paris, 1992), online database of Laboratoire Aime Cotton (Orsay), archived copy in the Internet Archive, table 'U I odd' (238U); original analyses named there: Kiess, Humphreys, Laun, J. Res. NBS 37, 57 (1946); Blaise & Radziemski, J. Opt. Soc. Am. 66, 644 (1976); Steinhaus et al., reports LA-4501 (1971) and LA-4944 (1972); Guyon thesis (Orsay 1972); Engleman & Palmer, J. Opt. Soc. Am. 70, 308 (1980); Blaise unpublished revision - originals not opened; Blaise & Wyart, 'Selected Constants: Energy Levels and Atomic Spectra of Actinides' (Tables Internationales de Constantes, Paris, 1992), online database of Laboratoire Aime Cotton (Orsay), archived copy in the Internet Archive, table 'U I even' (238U); original analyses named there: Kiess, Humphreys, Laun, J. Res. NBS 37, 57 (1946); Blaise & Radziemski, J. Opt. Soc. Am. 66, 644 (1976); Steinhaus et al., reports LA-4501 (1971) and LA-4944 (1972); Guyon thesis (Orsay 1972); Engleman & Palmer, J. Opt. Soc. Am. 70, 308 (1980); Blaise unpublished revision - originals not opened (measured level energy)",24051.065,2.63,exp,"Corliss, 'Line strengths and lifetimes of levels in neutral uranium', J. Res. Natl. Bur. Stand. 80A, 1 (1976), Table 1 (line 4156.66 A, levels 620-24671) (from A)",15000000.0,exp,,,,,E1,https://nvlpubs.nist.gov/nistpubs/jres/80A/jresv80An1p1_A1b.pdf,open,metastable,,,,,
5f36d7s2 5K°5,6,E1,419.9398,419.8215,713.89389,"Blaise & Wyart, 'Selected Constants: Energy Levels and Atomic Spectra of Actinides' (Tables Internationales de Constantes, Paris, 1992), online database of Laboratoire Aime Cotton (Orsay), archived copy in the Internet Archive, table 'U I odd' (238U); original analyses named there: Kiess, Humphreys, Laun, J. Res. NBS 37, 57 (1946); Blaise & Radziemski, J. Opt. Soc. Am. 66, 644 (1976); Steinhaus et al., reports LA-4501 (1971) and LA-4944 (1972); Guyon thesis (Orsay 1972); Engleman & Palmer, J. Opt. Soc. Am. 70, 308 (1980); Blaise unpublished revision - originals not opened; Blaise & Wyart, 'Selected Constants: Energy Levels and Atomic Spectra of Actinides' (Tables Internationales de Constantes, Paris, 1992), online database of Laboratoire Aime Cotton (Orsay), archived copy in the Internet Archive, table 'U I even' (238U); original analyses named there: Kiess, Humphreys, Laun, J. Res. NBS 37, 57 (1946); Blaise & Radziemski, J. Opt. Soc. Am. 66, 644 (1976); Steinhaus et al., reports LA-4501 (1971) and LA-4944 (1972); Guyon thesis (Orsay 1972); Engleman & Palmer, J. Opt. Soc. Am. 70, 308 (1980); Blaise unpublished revision - originals not opened (measured level energy)",23812.937,1.587,exp,"Corliss, 'Line strengths and lifetimes of levels in neutral uranium', J. Res. Natl. Bur. Stand. 80A, 1 (1976), Table 1 (line 4198.22 A, levels 620-24433) (from A)",5300000.0,exp,,,,,E1,https://nvlpubs.nist.gov/nistpubs/jres/80A/jresv80An1p1_A1b.pdf,leak,metastable,0.442,True,2.26,exp,rates
5f36d7s2 5L°7,8,E1,422.3557,422.2368,709.81039,"Blaise & Wyart, 'Selected Constants: Energy Levels and Atomic Spectra of Actinides' (Tables Internationales de Constantes, Paris, 1992), online database of Laboratoire Aime Cotton (Orsay), archived copy in the Internet Archive, table 'U I odd' (238U); original analyses named there: Kiess, Humphreys, Laun, J. Res. NBS 37, 57 (1946); Blaise & Radziemski, J. Opt. Soc. Am. 66, 644 (1976); Steinhaus et al., reports LA-4501 (1971) and LA-4944 (1972); Guyon thesis (Orsay 1972); Engleman & Palmer, J. Opt. Soc. Am. 70, 308 (1980); Blaise unpublished revision - originals not opened; Blaise & Wyart, 'Selected Constants: Energy Levels and Atomic Spectra of Actinides' (Tables Internationales de Constantes, Paris, 1992), online database of Laboratoire Aime Cotton (Orsay), archived copy in the Internet Archive, table 'U I even' (238U); original analyses named there: Kiess, Humphreys, Laun, J. Res. NBS 37, 57 (1946); Blaise & Radziemski, J. Opt. Soc. Am. 66, 644 (1976); Steinhaus et al., reports LA-4501 (1971) and LA-4944 (1972); Guyon thesis (Orsay 1972); Engleman & Palmer, J. Opt. Soc. Am. 70, 308 (1980); Blaise unpublished revision - originals not opened (measured level energy)",23676.726,3.643,exp,"Corliss, 'Line strengths and lifetimes of levels in neutral uranium', J. Res. Natl. Bur. Stand. 80A, 1 (1976), Table 1 (line 4222.36 A, levels 3800-27478) (from A)",21000000.0,exp,,,,,E1,https://nvlpubs.nist.gov/nistpubs/jres/80A/jresv80An1p1_A1b.pdf,open,metastable,,,,,
5f36d7s2 5L°6,7,E1,424.7455,424.626,705.81661,"Blaise & Wyart, 'Selected Constants: Energy Levels and Atomic Spectra of Actinides' (Tables Internationales de Constantes, Paris, 1992), online database of Laboratoire Aime Cotton (Orsay), archived copy in the Internet Archive, table 'U I even' (238U); original analyses named there: Kiess, Humphreys, Laun, J. Res. NBS 37, 57 (1946); Blaise & Radziemski, J. Opt. Soc. Am. 66, 644 (1976); Steinhaus et al., reports LA-4501 (1971) and LA-4944 (1972); Guyon thesis (Orsay 1972); Engleman & Palmer, J. Opt. Soc. Am. 70, 308 (1980); Blaise unpublished revision - originals not opened (measured level energy)",23543.508,2.035,exp,"Corliss, 'Line strengths and lifetimes of levels in neutral uranium', J. Res. Natl. Bur. Stand. 80A, 1 (1976), Table 1 (line 4246.26 A, levels 0-23544) (from A)",7300000.0,exp,,,,,E1,https://nvlpubs.nist.gov/nistpubs/jres/80A/jresv80An1p1_A1b.pdf,open,ground,,,,,
5f36d7s2 5L°7,8,E1,431.4352,431.3138,694.87257,"Blaise & Wyart, 'Selected Constants: Energy Levels and Atomic Spectra of Actinides' (Tables Internationales de Constantes, Paris, 1992), online database of Laboratoire Aime Cotton (Orsay), archived copy in the Internet Archive, table 'U I odd' (238U); original analyses named there: Kiess, Humphreys, Laun, J. Res. NBS 37, 57 (1946); Blaise & Radziemski, J. Opt. Soc. Am. 66, 644 (1976); Steinhaus et al., reports LA-4501 (1971) and LA-4944 (1972); Guyon thesis (Orsay 1972); Engleman & Palmer, J. Opt. Soc. Am. 70, 308 (1980); Blaise unpublished revision - originals not opened; Blaise & Wyart, 'Selected Constants: Energy Levels and Atomic Spectra of Actinides' (Tables Internationales de Constantes, Paris, 1992), online database of Laboratoire Aime Cotton (Orsay), archived copy in the Internet Archive, table 'U I even' (238U); original analyses named there: Kiess, Humphreys, Laun, J. Res. NBS 37, 57 (1946); Blaise & Radziemski, J. Opt. Soc. Am. 66, 644 (1976); Steinhaus et al., reports LA-4501 (1971) and LA-4944 (1972); Guyon thesis (Orsay 1972); Engleman & Palmer, J. Opt. Soc. Am. 70, 308 (1980); Blaise unpublished revision - originals not opened (measured level energy)",23178.454,2.351,exp,"Corliss, 'Line strengths and lifetimes of levels in neutral uranium', J. Res. Natl. Bur. Stand. 80A, 1 (1976), Table 1 (line 4313.13 A, levels 3800-26979) (from A)",8200000.0,exp,,,,,E1,https://nvlpubs.nist.gov/nistpubs/jres/80A/jresv80An1p1_A1b.pdf,open,metastable,,,,,
5f36d7s2 5L°6,7,E1,433.6951,433.5731,691.25174,"Blaise & Wyart, 'Selected Constants: Energy Levels and Atomic Spectra of Actinides' (Tables Internationales de Constantes, Paris, 1992), online database of Laboratoire Aime Cotton (Orsay), archived copy in the Internet Archive, table 'U I even' (238U); original analyses named there: Kiess, Humphreys, Laun, J. Res. NBS 37, 57 (1946); Blaise & Radziemski, J. Opt. Soc. Am. 66, 644 (1976); Steinhaus et al., reports LA-4501 (1971) and LA-4944 (1972); Guyon thesis (Orsay 1972); Engleman & Palmer, J. Opt. Soc. Am. 70, 308 (1980); Blaise unpublished revision - originals not opened (measured level energy)",23057.676,1.368,exp,"Corliss, 'Line strengths and lifetimes of levels in neutral uranium', J. Res. Natl. Bur. Stand. 80A, 1 (1976), Table 1 (line 4335.73 A, levels 0-23058) (from A)",3100000.0,exp,,,,,E1,https://nvlpubs.nist.gov/nistpubs/jres/80A/jresv80An1p1_A1b.pdf,open,ground,,,,,
5f36d7s2 5K°5,6,E1,435.6964,435.5739,688.07654,"Blaise & Wyart, 'Selected Constants: Energy Levels and Atomic Spectra of Actinides' (Tables Internationales de Constantes, Paris, 1992), online database of Laboratoire Aime Cotton (Orsay), archived copy in the Internet Archive, table 'U I odd' (238U); original analyses named there: Kiess, Humphreys, Laun, J. Res. NBS 37, 57 (1946); Blaise & Radziemski, J. Opt. Soc. Am. 66, 644 (1976); Steinhaus et al., reports LA-4501 (1971) and LA-4944 (1972); Guyon thesis (Orsay 1972); Engleman & Palmer, J. Opt. Soc. Am. 70, 308 (1980); Blaise unpublished revision - originals not opened; Blaise & Wyart, 'Selected Constants: Energy Levels and Atomic Spectra of Actinides' (Tables Internationales de Constantes, Paris, 1992), online database of Laboratoire Aime Cotton (Orsay), archived copy in the Internet Archive, table 'U I even' (238U); original analyses named there: Kiess, Humphreys, Laun, J. Res. NBS 37, 57 (1946); Blaise & Radziemski, J. Opt. Soc. Am. 66, 644 (1976); Steinhaus et al., reports LA-4501 (1971) and LA-4944 (1972); Guyon thesis (Orsay 1972); Engleman & Palmer, J. Opt. Soc. Am. 70, 308 (1980); Blaise unpublished revision - originals not opened (measured level energy)",22951.763,2.821,exp,"Corliss, 'Line strengths and lifetimes of levels in neutral uranium', J. Res. Natl. Bur. Stand. 80A, 1 (1976), Table 1 (line 4355.75 A, levels 620-23572) (from A)",15000000.0,exp,0.9,2.653,,,E1,https://nvlpubs.nist.gov/nistpubs/jres/80A/jresv80An1p1_A1b.pdf,open,metastable,,,,,
5f36d7s2 5L°6,5f36d7s7p 5L7,E1,436.3277,436.2051,687.08093,"Blaise & Wyart, 'Selected Constants: Energy Levels and Atomic Spectra of Actinides' (Tables Internationales de Constantes, Paris, 1992), online database of Laboratoire Aime Cotton (Orsay), archived copy in the Internet Archive, table 'U I even' (238U); original analyses named there: Kiess, Humphreys, Laun, J. Res. NBS 37, 57 (1946); Blaise & Radziemski, J. Opt. Soc. Am. 66, 644 (1976); Steinhaus et al., reports LA-4501 (1971) and LA-4944 (1972); Guyon thesis (Orsay 1972); Engleman & Palmer, J. Opt. Soc. Am. 70, 308 (1980); Blaise unpublished revision - originals not opened (measured level energy)",22918.553,2.601,exp,"Corliss, 'Line strengths and lifetimes of levels in neutral uranium', J. Res. Natl. Bur. Stand. 80A, 1 (1976), Table 1 (line 4362.05 A, levels 0-22919) (from A)",11000000.0,exp,,,,,E1,https://nvlpubs.nist.gov/nistpubs/jres/80A/jresv80An1p1_A1b.pdf,open,ground,,,,,
5f36d7s2 5L°6,6,E1,437.3984,437.2755,685.39904,"Blaise & Wyart, 'Selected Constants: Energy Levels and Atomic Spectra of Actinides' (Tables Internationales de Constantes, Paris, 1992), online database of Laboratoire Aime Cotton (Orsay), archived copy in the Internet Archive, table 'U I even' (238U); original analyses named there: Kiess, Humphreys, Laun, J. Res. NBS 37, 57 (1946); Blaise & Radziemski, J. Opt. Soc. Am. 66, 644 (1976); Steinhaus et al., reports LA-4501 (1971) and LA-4944 (1972); Guyon thesis (Orsay 1972); Engleman & Palmer, J. Opt. Soc. Am. 70, 308 (1980); Blaise unpublished revision - originals not opened (measured level energy)",22862.451,1.01,exp,"Corliss, 'Line strengths and lifetimes of levels in neutral uranium', J. Res. Natl. Bur. Stand. 80A, 1 (1976), Table 1 (line 4372.76 A, levels 0-22862) (from A)",1900000.0,exp,,,,,E1,https://nvlpubs.nist.gov/nistpubs/jres/80A/jresv80An1p1_A1b.pdf,open,ground,,,,,
5f36d7s2 5L°6,6,E1,439.482,439.3586,682.14959,"Blaise & Wyart, 'Selected Constants: Energy Levels and Atomic Spectra of Actinides' (Tables Internationales de Constantes, Paris, 1992), online database of Laboratoire Aime Cotton (Orsay), archived copy in the Internet Archive, table 'U I even' (238U); original analyses named there: Kiess, Humphreys, Laun, J. Res. NBS 37, 57 (1946); Blaise & Radziemski, J. Opt. Soc. Am. 66, 644 (1976); Steinhaus et al., reports LA-4501 (1971) and LA-4944 (1972); Guyon thesis (Orsay 1972); Engleman & Palmer, J. Opt. Soc. Am. 70, 308 (1980); Blaise unpublished revision - originals not opened (measured level energy)",22754.061,2.238,exp,"Corliss, 'Line strengths and lifetimes of levels in neutral uranium', J. Res. Natl. Bur. Stand. 80A, 1 (1976), Table 1 (line 4393.60 A, levels 0-22754) (from A)",9200000.0,exp,,,,,E1,https://nvlpubs.nist.gov/nistpubs/jres/80A/jresv80An1p1_A1b.pdf,leak,ground,0.171,True,5.85,exp,rates
5f36d7s2 5L°6,6,E1,442.8177,442.6934,677.01094,"Blaise & Wyart, 'Selected Constants: Energy Levels and Atomic Spectra of Actinides' (Tables Internationales de Constantes, Paris, 1992), online database of Laboratoire Aime Cotton (Orsay), archived copy in the Internet Archive, table 'U I even' (238U); original analyses named there: Kiess, Humphreys, Laun, J. Res. NBS 37, 57 (1946); Blaise & Radziemski, J. Opt. Soc. Am. 66, 644 (1976); Steinhaus et al., reports LA-4501 (1971) and LA-4944 (1972); Guyon thesis (Orsay 1972); Engleman & Palmer, J. Opt. Soc. Am. 70, 308 (1980); Blaise unpublished revision - originals not opened (measured level energy)",22582.654,1.001,exp,"Corliss, 'Line strengths and lifetimes of levels in neutral uranium', J. Res. Natl. Bur. Stand. 80A, 1 (1976), Table 1 (line 4426.94 A, levels 0-22583) (from A)",1800000.0,exp,,,,,E1,https://nvlpubs.nist.gov/nistpubs/jres/80A/jresv80An1p1_A1b.pdf,leak,ground,0.419,True,2.39,exp,rates
5f36d7s2 5L°6,7,E1,447.0579,446.9325,670.58977,"Blaise & Wyart, 'Selected Constants: Energy Levels and Atomic Spectra of Actinides' (Tables Internationales de Constantes, Paris, 1992), online database of Laboratoire Aime Cotton (Orsay), archived copy in the Internet Archive, table 'U I even' (238U); original analyses named there: Kiess, Humphreys, Laun, J. Res. NBS 37, 57 (1946); Blaise & Radziemski, J. Opt. Soc. Am. 66, 644 (1976); Steinhaus et al., reports LA-4501 (1971) and LA-4944 (1972); Guyon thesis (Orsay 1972); Engleman & Palmer, J. Opt. Soc. Am. 70, 308 (1980); Blaise unpublished revision - originals not opened (measured level energy)",22368.467,0.8909,exp,"Corliss, 'Line strengths and lifetimes of levels in neutral uranium', J. Res. Natl. Bur. Stand. 80A, 1 (1976), Table 1 (line 4469.32 A, levels 0-22368) (from A)",1200000.0,exp,,,,,E1,https://nvlpubs.nist.gov/nistpubs/jres/80A/jresv80An1p1_A1b.pdf,open,ground,,,,,
5f36d7s2 5K°5,6,E1,451.799,451.6723,663.55277,"Blaise & Wyart, 'Selected Constants: Energy Levels and Atomic Spectra of Actinides' (Tables Internationales de Constantes, Paris, 1992), online database of Laboratoire Aime Cotton (Orsay), archived copy in the Internet Archive, table 'U I odd' (238U); original analyses named there: Kiess, Humphreys, Laun, J. Res. NBS 37, 57 (1946); Blaise & Radziemski, J. Opt. Soc. Am. 66, 644 (1976); Steinhaus et al., reports LA-4501 (1971) and LA-4944 (1972); Guyon thesis (Orsay 1972); Engleman & Palmer, J. Opt. Soc. Am. 70, 308 (1980); Blaise unpublished revision - originals not opened; Blaise & Wyart, 'Selected Constants: Energy Levels and Atomic Spectra of Actinides' (Tables Internationales de Constantes, Paris, 1992), online database of Laboratoire Aime Cotton (Orsay), archived copy in the Internet Archive, table 'U I even' (238U); original analyses named there: Kiess, Humphreys, Laun, J. Res. NBS 37, 57 (1946); Blaise & Radziemski, J. Opt. Soc. Am. 66, 644 (1976); Steinhaus et al., reports LA-4501 (1971) and LA-4944 (1972); Guyon thesis (Orsay 1972); Engleman & Palmer, J. Opt. Soc. Am. 70, 308 (1980); Blaise unpublished revision - originals not opened (measured level energy)",22133.738,1.06,exp,"Corliss, 'Line strengths and lifetimes of levels in neutral uranium', J. Res. Natl. Bur. Stand. 80A, 1 (1976), Table 1 (line 4516.73 A, levels 620-22754) (from A)",1900000.0,exp,,,,,E1,https://nvlpubs.nist.gov/nistpubs/jres/80A/jresv80An1p1_A1b.pdf,leak,metastable,0.829,True,1.21,exp,rates
5f36d7s2 5L°6,6,E1,454.6871,454.5596,659.33799,"Blaise & Wyart, 'Selected Constants: Energy Levels and Atomic Spectra of Actinides' (Tables Internationales de Constantes, Paris, 1992), online database of Laboratoire Aime Cotton (Orsay), archived copy in the Internet Archive, table 'U I even' (238U); original analyses named there: Kiess, Humphreys, Laun, J. Res. NBS 37, 57 (1946); Blaise & Radziemski, J. Opt. Soc. Am. 66, 644 (1976); Steinhaus et al., reports LA-4501 (1971) and LA-4944 (1972); Guyon thesis (Orsay 1972); Engleman & Palmer, J. Opt. Soc. Am. 70, 308 (1980); Blaise unpublished revision - originals not opened (measured level energy)",21993.148,,,,,,,,,,E1,,open,ground,,,,,
5f36d7s2 5K°5,6,E1,455.3251,455.1975,658.41412,"Blaise & Wyart, 'Selected Constants: Energy Levels and Atomic Spectra of Actinides' (Tables Internationales de Constantes, Paris, 1992), online database of Laboratoire Aime Cotton (Orsay), archived copy in the Internet Archive, table 'U I odd' (238U); original analyses named there: Kiess, Humphreys, Laun, J. Res. NBS 37, 57 (1946); Blaise & Radziemski, J. Opt. Soc. Am. 66, 644 (1976); Steinhaus et al., reports LA-4501 (1971) and LA-4944 (1972); Guyon thesis (Orsay 1972); Engleman & Palmer, J. Opt. Soc. Am. 70, 308 (1980); Blaise unpublished revision - originals not opened; Blaise & Wyart, 'Selected Constants: Energy Levels and Atomic Spectra of Actinides' (Tables Internationales de Constantes, Paris, 1992), online database of Laboratoire Aime Cotton (Orsay), archived copy in the Internet Archive, table 'U I even' (238U); original analyses named there: Kiess, Humphreys, Laun, J. Res. NBS 37, 57 (1946); Blaise & Radziemski, J. Opt. Soc. Am. 66, 644 (1976); Steinhaus et al., reports LA-4501 (1971) and LA-4944 (1972); Guyon thesis (Orsay 1972); Engleman & Palmer, J. Opt. Soc. Am. 70, 308 (1980); Blaise unpublished revision - originals not opened (measured level energy)",21962.331,0.8873,exp,"Corliss, 'Line strengths and lifetimes of levels in neutral uranium', J. Res. Natl. Bur. Stand. 80A, 1 (1976), Table 1 (line 4551.98 A, levels 620-22583) (from A)",1300000.0,exp,,,,,E1,https://nvlpubs.nist.gov/nistpubs/jres/80A/jresv80An1p1_A1b.pdf,leak,metastable,0.581,True,1.72,exp,rates
5f36d7s2 5K°5,6,E1,457.7922,457.664,654.86575,"Blaise & Wyart, 'Selected Constants: Energy Levels and Atomic Spectra of Actinides' (Tables Internationales de Constantes, Paris, 1992), online database of Laboratoire Aime Cotton (Orsay), archived copy in the Internet Archive, table 'U I odd' (238U); original analyses named there: Kiess, Humphreys, Laun, J. Res. NBS 37, 57 (1946); Blaise & Radziemski, J. Opt. Soc. Am. 66, 644 (1976); Steinhaus et al., reports LA-4501 (1971) and LA-4944 (1972); Guyon thesis (Orsay 1972); Engleman & Palmer, J. Opt. Soc. Am. 70, 308 (1980); Blaise unpublished revision - originals not opened; Blaise & Wyart, 'Selected Constants: Energy Levels and Atomic Spectra of Actinides' (Tables Internationales de Constantes, Paris, 1992), online database of Laboratoire Aime Cotton (Orsay), archived copy in the Internet Archive, table 'U I even' (238U); original analyses named there: Kiess, Humphreys, Laun, J. Res. NBS 37, 57 (1946); Blaise & Radziemski, J. Opt. Soc. Am. 66, 644 (1976); Steinhaus et al., reports LA-4501 (1971) and LA-4944 (1972); Guyon thesis (Orsay 1972); Engleman & Palmer, J. Opt. Soc. Am. 70, 308 (1980); Blaise unpublished revision - originals not opened (measured level energy)",21843.97,0.9609,exp,"Corliss, 'Line strengths and lifetimes of levels in neutral uranium', J. Res. Natl. Bur. Stand. 80A, 1 (1976), Table 1 (line 4576.64 A, levels 620-22464) (from A)",1500000.0,exp,,,,,E1,https://nvlpubs.nist.gov/nistpubs/jres/80A/jresv80An1p1_A1b.pdf,open,metastable,,,,,
5f36d27s 7M°6,5f36d27p 7N7,E1,462.1506,462.0212,648.6899,"Blaise & Wyart, 'Selected Constants: Energy Levels and Atomic Spectra of Actinides' (Tables Internationales de Constantes, Paris, 1992), online database of Laboratoire Aime Cotton (Orsay), archived copy in the Internet Archive, table 'U I odd' (238U); original analyses named there: Kiess, Humphreys, Laun, J. Res. NBS 37, 57 (1946); Blaise & Radziemski, J. Opt. Soc. Am. 66, 644 (1976); Steinhaus et al., reports LA-4501 (1971) and LA-4944 (1972); Guyon thesis (Orsay 1972); Engleman & Palmer, J. Opt. Soc. Am. 70, 308 (1980); Blaise unpublished revision - originals not opened; Blaise & Wyart, 'Selected Constants: Energy Levels and Atomic Spectra of Actinides' (Tables Internationales de Constantes, Paris, 1992), online database of Laboratoire Aime Cotton (Orsay), archived copy in the Internet Archive, table 'U I even' (238U); original analyses named there: Kiess, Humphreys, Laun, J. Res. NBS 37, 57 (1946); Blaise & Radziemski, J. Opt. Soc. Am. 66, 644 (1976); Steinhaus et al., reports LA-4501 (1971) and LA-4944 (1972); Guyon thesis (Orsay 1972); Engleman & Palmer, J. Opt. Soc. Am. 70, 308 (1980); Blaise unpublished revision - originals not opened (measured level energy)",21637.966,4.274,exp,"Corliss, 'Line strengths and lifetimes of levels in neutral uranium', J. Res. Natl. Bur. Stand. 80A, 1 (1976), Table 1 (line 4620.23 A, levels 6249-27887) (from A)",25000000.0,exp,0.1825,21.8,,,E1,https://nvlpubs.nist.gov/nistpubs/jres/80A/jresv80An1p1_A1b.pdf,leak,metastable,0.803,True,1.25,exp,lifetime
5f36d7s2 5L°6,6,E1,463.2912,463.1615,647.09288,"Blaise & Wyart, 'Selected Constants: Energy Levels and Atomic Spectra of Actinides' (Tables Internationales de Constantes, Paris, 1992), online database of Laboratoire Aime Cotton (Orsay), archived copy in the Internet Archive, table 'U I even' (238U); original analyses named there: Kiess, Humphreys, Laun, J. Res. NBS 37, 57 (1946); Blaise & Radziemski, J. Opt. Soc. Am. 66, 644 (1976); Steinhaus et al., reports LA-4501 (1971) and LA-4944 (1972); Guyon thesis (Orsay 1972); Engleman & Palmer, J. Opt. Soc. Am. 70, 308 (1980); Blaise unpublished revision - originals not opened (measured level energy)",21584.695,1.821,exp,"Corliss, 'Line strengths and lifetimes of levels in neutral uranium', J. Res. Natl. Bur. Stand. 80A, 1 (1976), Table 1 (line 4631.62 A, levels 0-21585) (from A)",5200000.0,exp,,,,,E1,https://nvlpubs.nist.gov/nistpubs/jres/80A/jresv80An1p1_A1b.pdf,open,ground,,,,,
5f36d7s2 5K°5,6,E1,466.5054,466.3748,642.63448,"Blaise & Wyart, 'Selected Constants: Energy Levels and Atomic Spectra of Actinides' (Tables Internationales de Constantes, Paris, 1992), online database of Laboratoire Aime Cotton (Orsay), archived copy in the Internet Archive, table 'U I odd' (238U); original analyses named there: Kiess, Humphreys, Laun, J. Res. NBS 37, 57 (1946); Blaise & Radziemski, J. Opt. Soc. Am. 66, 644 (1976); Steinhaus et al., reports LA-4501 (1971) and LA-4944 (1972); Guyon thesis (Orsay 1972); Engleman & Palmer, J. Opt. Soc. Am. 70, 308 (1980); Blaise unpublished revision - originals not opened; Blaise & Wyart, 'Selected Constants: Energy Levels and Atomic Spectra of Actinides' (Tables Internationales de Constantes, Paris, 1992), online database of Laboratoire Aime Cotton (Orsay), archived copy in the Internet Archive, table 'U I even' (238U); original analyses named there: Kiess, Humphreys, Laun, J. Res. NBS 37, 57 (1946); Blaise & Radziemski, J. Opt. Soc. Am. 66, 644 (1976); Steinhaus et al., reports LA-4501 (1971) and LA-4944 (1972); Guyon thesis (Orsay 1972); Engleman & Palmer, J. Opt. Soc. Am. 70, 308 (1980); Blaise unpublished revision - originals not opened (measured level energy)",21435.979,0.955,exp,"Corliss, 'Line strengths and lifetimes of levels in neutral uranium', J. Res. Natl. Bur. Stand. 80A, 1 (1976), Table 1 (line 4663.75 A, levels 620-22056) (from A)",1400000.0,exp,,,,,E1,https://nvlpubs.nist.gov/nistpubs/jres/80A/jresv80An1p1_A1b.pdf,open,metastable,,,,,
5f36d7s2 5K°5,5f36d7s7p 5,E1,475.8136,475.6806,630.06284,"Blaise & Wyart, 'Selected Constants: Energy Levels and Atomic Spectra of Actinides' (Tables Internationales de Constantes, Paris, 1992), online database of Laboratoire Aime Cotton (Orsay), archived copy in the Internet Archive, table 'U I odd' (238U); original analyses named there: Kiess, Humphreys, Laun, J. Res. NBS 37, 57 (1946); Blaise & Radziemski, J. Opt. Soc. Am. 66, 644 (1976); Steinhaus et al., reports LA-4501 (1971) and LA-4944 (1972); Guyon thesis (Orsay 1972); Engleman & Palmer, J. Opt. Soc. Am. 70, 308 (1980); Blaise unpublished revision - originals not opened; Blaise & Wyart, 'Selected Constants: Energy Levels and Atomic Spectra of Actinides' (Tables Internationales de Constantes, Paris, 1992), online database of Laboratoire Aime Cotton (Orsay), archived copy in the Internet Archive, table 'U I even' (238U); original analyses named there: Kiess, Humphreys, Laun, J. Res. NBS 37, 57 (1946); Blaise & Radziemski, J. Opt. Soc. Am. 66, 644 (1976); Steinhaus et al., reports LA-4501 (1971) and LA-4944 (1972); Guyon thesis (Orsay 1972); Engleman & Palmer, J. Opt. Soc. Am. 70, 308 (1980); Blaise unpublished revision - originals not opened (measured level energy)",21016.634,1.622,exp,"Corliss, 'Line strengths and lifetimes of levels in neutral uranium', J. Res. Natl. Bur. Stand. 80A, 1 (1976), Table 1 (line 4756.80 A, levels 620-21637) (from A)",4500000.0,exp,,,,,E1,https://nvlpubs.nist.gov/nistpubs/jres/80A/jresv80An1p1_A1b.pdf,open,metastable,,,,,
5f36d7s2 5L°6,5f36d7s7p 7,E1,488.6505,488.5141,613.511,"Blaise & Wyart, 'Selected Constants: Energy Levels and Atomic Spectra of Actinides' (Tables Internationales de Constantes, Paris, 1992), online database of Laboratoire Aime Cotton (Orsay), archived copy in the Internet Archive, table 'U I even' (238U); original analyses named there: Kiess, Humphreys, Laun, J. Res. NBS 37, 57 (1946); Blaise & Radziemski, J. Opt. Soc. Am. 66, 644 (1976); Steinhaus et al., reports LA-4501 (1971) and LA-4944 (1972); Guyon thesis (Orsay 1972); Engleman & Palmer, J. Opt. Soc. Am. 70, 308 (1980); Blaise unpublished revision - originals not opened (measured level energy)",20464.524,,,,,,,,,,E1,,open,ground,,,,,
5f36d7s2 5L°6,5f36d7s7p 5M7,E1,502.8786,502.7384,596.15274,"Blaise & Wyart, 'Selected Constants: Energy Levels and Atomic Spectra of Actinides' (Tables Internationales de Constantes, Paris, 1992), online database of Laboratoire Aime Cotton (Orsay), archived copy in the Internet Archive, table 'U I even' (238U); original analyses named there: Kiess, Humphreys, Laun, J. Res. NBS 37, 57 (1946); Blaise & Radziemski, J. Opt. Soc. Am. 66, 644 (1976); Steinhaus et al., reports LA-4501 (1971) and LA-4944 (1972); Guyon thesis (Orsay 1972); Engleman & Palmer, J. Opt. Soc. Am. 70, 308 (1980); Blaise unpublished revision - originals not opened (measured level energy)",19885.515,1.652,exp,"Corliss, 'Line strengths and lifetimes of levels in neutral uranium', J. Res. Natl. Bur. Stand. 80A, 1 (1976), Table 1 (line 5027.38 A, levels 0-19886) (from A)",2900000.0,exp,,,,,E1,https://nvlpubs.nist.gov/nistpubs/jres/80A/jresv80An1p1_A1b.pdf,open,ground,,,,,
5f36d7s2 5L°6,5f36d7s7p 7L5,E1,528.1849,528.0379,567.59002,"Blaise & Wyart, 'Selected Constants: Energy Levels and Atomic Spectra of Actinides' (Tables Internationales de Constantes, Paris, 1992), online database of Laboratoire Aime Cotton (Orsay), archived copy in the Internet Archive, table 'U I even' (238U); original analyses named there: Kiess, Humphreys, Laun, J. Res. NBS 37, 57 (1946); Blaise & Radziemski, J. Opt. Soc. Am. 66, 644 (1976); Steinhaus et al., reports LA-4501 (1971) and LA-4944 (1972); Guyon thesis (Orsay 1972); Engleman & Palmer, J. Opt. Soc. Am. 70, 308 (1980); Blaise unpublished revision - originals not opened (measured level energy)",18932.765,1.058,exp,"Corliss, 'Line strengths and lifetimes of levels in neutral uranium', J. Res. Natl. Bur. Stand. 80A, 1 (1976), Table 1 (line 5280.38 A, levels 0-18933) (from A)",1400000.0,exp,,,,,E1 (intercombination),https://nvlpubs.nist.gov/nistpubs/jres/80A/jresv80An1p1_A1b.pdf,leak,ground,0.788,True,1.27,exp,rates
5f36d7s2 5L°7,7,E1,531.0018,530.8541,564.57902,"Blaise & Wyart, 'Selected Constants: Energy Levels and Atomic Spectra of Actinides' (Tables Internationales de Constantes, Paris, 1992), online database of Laboratoire Aime Cotton (Orsay), archived copy in the Internet Archive, table 'U I odd' (238U); original analyses named there: Kiess, Humphreys, Laun, J. Res. NBS 37, 57 (1946); Blaise & Radziemski, J. Opt. Soc. Am. 66, 644 (1976); Steinhaus et al., reports LA-4501 (1971) and LA-4944 (1972); Guyon thesis (Orsay 1972); Engleman & Palmer, J. Opt. Soc. Am. 70, 308 (1980); Blaise unpublished revision - originals not opened; Blaise & Wyart, 'Selected Constants: Energy Levels and Atomic Spectra of Actinides' (Tables Internationales de Constantes, Paris, 1992), online database of Laboratoire Aime Cotton (Orsay), archived copy in the Internet Archive, table 'U I even' (238U); original analyses named there: Kiess, Humphreys, Laun, J. Res. NBS 37, 57 (1946); Blaise & Radziemski, J. Opt. Soc. Am. 66, 644 (1976); Steinhaus et al., reports LA-4501 (1971) and LA-4944 (1972); Guyon thesis (Orsay 1972); Engleman & Palmer, J. Opt. Soc. Am. 70, 308 (1980); Blaise unpublished revision - originals not opened (measured level energy)",18832.329,1.2,exp,"Corliss, 'Line strengths and lifetimes of levels in neutral uranium', J. Res. Natl. Bur. Stand. 80A, 1 (1976), Table 1 (line 5308.54 A, levels 3800-22633) (from A)",1300000.0,exp,,,,,E1,https://nvlpubs.nist.gov/nistpubs/jres/80A/jresv80An1p1_A1b.pdf,open,metastable,,,,,
5f36d7s2 5K°5,6,E1,551.3027,551.1496,543.78919,"Blaise & Wyart, 'Selected Constants: Energy Levels and Atomic Spectra of Actinides' (Tables Internationales de Constantes, Paris, 1992), online database of Laboratoire Aime Cotton (Orsay), archived copy in the Internet Archive, table 'U I odd' (238U); original analyses named there: Kiess, Humphreys, Laun, J. Res. NBS 37, 57 (1946); Blaise & Radziemski, J. Opt. Soc. Am. 66, 644 (1976); Steinhaus et al., reports LA-4501 (1971) and LA-4944 (1972); Guyon thesis (Orsay 1972); Engleman & Palmer, J. Opt. Soc. Am. 70, 308 (1980); Blaise unpublished revision - originals not opened; Blaise & Wyart, 'Selected Constants: Energy Levels and Atomic Spectra of Actinides' (Tables Internationales de Constantes, Paris, 1992), online database of Laboratoire Aime Cotton (Orsay), archived copy in the Internet Archive, table 'U I even' (238U); original analyses named there: Kiess, Humphreys, Laun, J. Res. NBS 37, 57 (1946); Blaise & Radziemski, J. Opt. Soc. Am. 66, 644 (1976); Steinhaus et al., reports LA-4501 (1971) and LA-4944 (1972); Guyon thesis (Orsay 1972); Engleman & Palmer, J. Opt. Soc. Am. 70, 308 (1980); Blaise unpublished revision - originals not opened (measured level energy)",18138.855,0.9039,exp,"Corliss, 'Line strengths and lifetimes of levels in neutral uranium', J. Res. Natl. Bur. Stand. 80A, 1 (1976), Table 1 (line 5511.49 A, levels 620-18759) (from A)",760000.0,exp,,,,,E1,https://nvlpubs.nist.gov/nistpubs/jres/80A/jresv80An1p1_A1b.pdf,open,metastable,,,,,
5f36d7s2 5L°7,5f36d7s7p 5L7,E1,556.5716,556.4171,538.64131,"Blaise & Wyart, 'Selected Constants: Energy Levels and Atomic Spectra of Actinides' (Tables Internationales de Constantes, Paris, 1992), online database of Laboratoire Aime Cotton (Orsay), archived copy in the Internet Archive, table 'U I odd' (238U); original analyses named there: Kiess, Humphreys, Laun, J. Res. NBS 37, 57 (1946); Blaise & Radziemski, J. Opt. Soc. Am. 66, 644 (1976); Steinhaus et al., reports LA-4501 (1971) and LA-4944 (1972); Guyon thesis (Orsay 1972); Engleman & Palmer, J. Opt. Soc. Am. 70, 308 (1980); Blaise unpublished revision - originals not opened; Blaise & Wyart, 'Selected Constants: Energy Levels and Atomic Spectra of Actinides' (Tables Internationales de Constantes, Paris, 1992), online database of Laboratoire Aime Cotton (Orsay), archived copy in the Internet Archive, table 'U I even' (238U); original analyses named there: Kiess, Humphreys, Laun, J. Res. NBS 37, 57 (1946); Blaise & Radziemski, J. Opt. Soc. Am. 66, 644 (1976); Steinhaus et al., reports LA-4501 (1971) and LA-4944 (1972); Guyon thesis (Orsay 1972); Engleman & Palmer, J. Opt. Soc. Am. 70, 308 (1980); Blaise unpublished revision - originals not opened (measured level energy)",17967.14,1.598,exp,"Corliss, 'Line strengths and lifetimes of levels in neutral uranium', J. Res. Natl. Bur. Stand. 80A, 1 (1976), Table 1 (line 5564.17 A, levels 3800-21768) (from A)",2000000.0,exp,,,,,E1,https://nvlpubs.nist.gov/nistpubs/jres/80A/jresv80An1p1_A1b.pdf,open,metastable,,,,,
5f36d7s2 5K°5,5f36d7s7p 7K5,E1,562.2337,562.0776,533.21683,"Blaise & Wyart, 'Selected Constants: Energy Levels and Atomic Spectra of Actinides' (Tables Internationales de Constantes, Paris, 1992), online database of Laboratoire Aime Cotton (Orsay), archived copy in the Internet Archive, table 'U I odd' (238U); original analyses named there: Kiess, Humphreys, Laun, J. Res. NBS 37, 57 (1946); Blaise & Radziemski, J. Opt. Soc. Am. 66, 644 (1976); Steinhaus et al., reports LA-4501 (1971) and LA-4944 (1972); Guyon thesis (Orsay 1972); Engleman & Palmer, J. Opt. Soc. Am. 70, 308 (1980); Blaise unpublished revision - originals not opened; Blaise & Wyart, 'Selected Constants: Energy Levels and Atomic Spectra of Actinides' (Tables Internationales de Constantes, Paris, 1992), online database of Laboratoire Aime Cotton (Orsay), archived copy in the Internet Archive, table 'U I even' (238U); original analyses named there: Kiess, Humphreys, Laun, J. Res. NBS 37, 57 (1946); Blaise & Radziemski, J. Opt. Soc. Am. 66, 644 (1976); Steinhaus et al., reports LA-4501 (1971) and LA-4944 (1972); Guyon thesis (Orsay 1972); Engleman & Palmer, J. Opt. Soc. Am. 70, 308 (1980); Blaise unpublished revision - originals not opened (measured level energy)",17786.199,1.03,exp,"Corliss, 'Line strengths and lifetimes of levels in neutral uranium', J. Res. Natl. Bur. Stand. 80A, 1 (1976), Table 1 (line 5620.78 A, levels 620-18407) (from A)",1100000.0,exp,,,,,E1 (intercombination),https://nvlpubs.nist.gov/nistpubs/jres/80A/jresv80An1p1_A1b.pdf,leak,metastable,0.56,True,1.79,exp,rates
5f36d7s2 5L°6,5f36d7s7p 7M7,E1,591.7025,591.5385,506.66083,"Blaise & Wyart, 'Selected Constants: Energy Levels and Atomic Spectra of Actinides' (Tables Internationales de Constantes, Paris, 1992), online database of Laboratoire Aime Cotton (Orsay), archived copy in the Internet Archive, table 'U I even' (238U); original analyses named there: Kiess, Humphreys, Laun, J. Res. NBS 37, 57 (1946); Blaise & Radziemski, J. Opt. Soc. Am. 66, 644 (1976); Steinhaus et al., reports LA-4501 (1971) and LA-4944 (1972); Guyon thesis (Orsay 1972); Engleman & Palmer, J. Opt. Soc. Am. 70, 308 (1980); Blaise unpublished revision - originals not opened (measured level energy)",16900.386,,,,,,,0.686,,591.54 nm: classic first-step line of uranium laser spectroscopy / multistep photoionization studies; the upper level 5f3.6d.7s.7p 7M7 has three independent lifetime measurements and a 235U hyperfine measurement,E1 (intercombination),,leak,ground,0.0858,True,11.7,exp,lifetime
5f36d7s2 5K°5,5f36d7s7p 7L6,E1,597.3155,597.1501,501.89967,"Blaise & Wyart, 'Selected Constants: Energy Levels and Atomic Spectra of Actinides' (Tables Internationales de Constantes, Paris, 1992), online database of Laboratoire Aime Cotton (Orsay), archived copy in the Internet Archive, table 'U I odd' (238U); original analyses named there: Kiess, Humphreys, Laun, J. Res. NBS 37, 57 (1946); Blaise & Radziemski, J. Opt. Soc. Am. 66, 644 (1976); Steinhaus et al., reports LA-4501 (1971) and LA-4944 (1972); Guyon thesis (Orsay 1972); Engleman & Palmer, J. Opt. Soc. Am. 70, 308 (1980); Blaise unpublished revision - originals not opened; Blaise & Wyart, 'Selected Constants: Energy Levels and Atomic Spectra of Actinides' (Tables Internationales de Constantes, Paris, 1992), online database of Laboratoire Aime Cotton (Orsay), archived copy in the Internet Archive, table 'U I even' (238U); original analyses named there: Kiess, Humphreys, Laun, J. Res. NBS 37, 57 (1946); Blaise & Radziemski, J. Opt. Soc. Am. 66, 644 (1976); Steinhaus et al., reports LA-4501 (1971) and LA-4944 (1972); Guyon thesis (Orsay 1972); Engleman & Palmer, J. Opt. Soc. Am. 70, 308 (1980); Blaise unpublished revision - originals not opened (measured level energy)",16741.571,1.013,exp,"Corliss, 'Line strengths and lifetimes of levels in neutral uranium', J. Res. Natl. Bur. Stand. 80A, 1 (1976), Table 1 (line 5971.50 A, levels 620-17362) (from A)",750000.0,exp,,,,,E1 (intercombination),https://nvlpubs.nist.gov/nistpubs/jres/80A/jresv80An1p1_A1b.pdf,open,metastable,,,,,
5f36d7s2 5K°5,6,E1,607.8974,607.7291,493.16294,"Blaise & Wyart, 'Selected Constants: Energy Levels and Atomic Spectra of Actinides' (Tables Internationales de Constantes, Paris, 1992), online database of Laboratoire Aime Cotton (Orsay), archived copy in the Internet Archive, table 'U I odd' (238U); original analyses named there: Kiess, Humphreys, Laun, J. Res. NBS 37, 57 (1946); Blaise & Radziemski, J. Opt. Soc. Am. 66, 644 (1976); Steinhaus et al., reports LA-4501 (1971) and LA-4944 (1972); Guyon thesis (Orsay 1972); Engleman & Palmer, J. Opt. Soc. Am. 70, 308 (1980); Blaise unpublished revision - originals not opened; Blaise & Wyart, 'Selected Constants: Energy Levels and Atomic Spectra of Actinides' (Tables Internationales de Constantes, Paris, 1992), online database of Laboratoire Aime Cotton (Orsay), archived copy in the Internet Archive, table 'U I even' (238U); original analyses named there: Kiess, Humphreys, Laun, J. Res. NBS 37, 57 (1946); Blaise & Radziemski, J. Opt. Soc. Am. 66, 644 (1976); Steinhaus et al., reports LA-4501 (1971) and LA-4944 (1972); Guyon thesis (Orsay 1972); Engleman & Palmer, J. Opt. Soc. Am. 70, 308 (1980); Blaise unpublished revision - originals not opened (measured level energy)",16450.145,1.315,exp,"Corliss, 'Line strengths and lifetimes of levels in neutral uranium', J. Res. Natl. Bur. Stand. 80A, 1 (1976), Table 1 (line 6077.29 A, levels 620-17070) (from A)",1200000.0,exp,,,,,E1,https://nvlpubs.nist.gov/nistpubs/jres/80A/jresv80An1p1_A1b.pdf,leak,metastable,0.6,True,1.67,exp,rates
5f36d7s2 5L°7,5f26d27s2 5L8,E1,637.4213,637.2451,470.32076,"Blaise & Wyart, 'Selected Constants: Energy Levels and Atomic Spectra of Actinides' (Tables Internationales de Constantes, Paris, 1992), online database of Laboratoire Aime Cotton (Orsay), archived copy in the Internet Archive, table 'U I odd' (238U); original analyses named there: Kiess, Humphreys, Laun, J. Res. NBS 37, 57 (1946); Blaise & Radziemski, J. Opt. Soc. Am. 66, 644 (1976); Steinhaus et al., reports LA-4501 (1971) and LA-4944 (1972); Guyon thesis (Orsay 1972); Engleman & Palmer, J. Opt. Soc. Am. 70, 308 (1980); Blaise unpublished revision - originals not opened; Blaise & Wyart, 'Selected Constants: Energy Levels and Atomic Spectra of Actinides' (Tables Internationales de Constantes, Paris, 1992), online database of Laboratoire Aime Cotton (Orsay), archived copy in the Internet Archive, table 'U I even' (238U); original analyses named there: Kiess, Humphreys, Laun, J. Res. NBS 37, 57 (1946); Blaise & Radziemski, J. Opt. Soc. Am. 66, 644 (1976); Steinhaus et al., reports LA-4501 (1971) and LA-4944 (1972); Guyon thesis (Orsay 1972); Engleman & Palmer, J. Opt. Soc. Am. 70, 308 (1980); Blaise unpublished revision - originals not opened (measured level energy)",15688.212,,,,,,,,,,E1,,open,metastable,,,,,
5f36d7s2 5L°6,5f26d27s2 5L7,E1,639.7193,639.5425,468.63122,"Blaise & Wyart, 'Selected Constants: Energy Levels and Atomic Spectra of Actinides' (Tables Internationales de Constantes, Paris, 1992), online database of Laboratoire Aime Cotton (Orsay), archived copy in the Internet Archive, table 'U I even' (238U); original analyses named there: Kiess, Humphreys, Laun, J. Res. NBS 37, 57 (1946); Blaise & Radziemski, J. Opt. Soc. Am. 66, 644 (1976); Steinhaus et al., reports LA-4501 (1971) and LA-4944 (1972); Guyon thesis (Orsay 1972); Engleman & Palmer, J. Opt. Soc. Am. 70, 308 (1980); Blaise unpublished revision - originals not opened (measured level energy)",15631.855,1.369,exp,"Hackel & Rushford, 'Lifetime, branching ratio, and absolute transition probability of the 6395.42 A transition of 238U I', J. Opt. Soc. Am. 68, 1084 (1978), abstract (from A)",967000.0,exp,0.586,0.2622,,"639.542 nm (air): red dye-laser line of uranium laser isotope-separation research; lifetime, branching ratio and absolute transition probability measured (Hackel & Rushford 1978)",E1,https://opg.optica.org/josa/abstract.cfm?uri=josa-68-8-1084,leak,ground,0.414,False,2.42,exp,direct
5f36d7s2 5K°5,5f36d7s7p 7K4,E1,645.0943,644.9161,464.72655,"Blaise & Wyart, 'Selected Constants: Energy Levels and Atomic Spectra of Actinides' (Tables Internationales de Constantes, Paris, 1992), online database of Laboratoire Aime Cotton (Orsay), archived copy in the Internet Archive, table 'U I odd' (238U); original analyses named there: Kiess, Humphreys, Laun, J. Res. NBS 37, 57 (1946); Blaise & Radziemski, J. Opt. Soc. Am. 66, 644 (1976); Steinhaus et al., reports LA-4501 (1971) and LA-4944 (1972); Guyon thesis (Orsay 1972); Engleman & Palmer, J. Opt. Soc. Am. 70, 308 (1980); Blaise unpublished revision - originals not opened; Blaise & Wyart, 'Selected Constants: Energy Levels and Atomic Spectra of Actinides' (Tables Internationales de Constantes, Paris, 1992), online database of Laboratoire Aime Cotton (Orsay), archived copy in the Internet Archive, table 'U I even' (238U); original analyses named there: Kiess, Humphreys, Laun, J. Res. NBS 37, 57 (1946); Blaise & Radziemski, J. Opt. Soc. Am. 66, 644 (1976); Steinhaus et al., reports LA-4501 (1971) and LA-4944 (1972); Guyon thesis (Orsay 1972); Engleman & Palmer, J. Opt. Soc. Am. 70, 308 (1980); Blaise unpublished revision - originals not opened (measured level energy)",15501.609,1.465,exp,"Corliss, 'Line strengths and lifetimes of levels in neutral uranium', J. Res. Natl. Bur. Stand. 80A, 1 (1976), Table 1 (line 6449.17 A, levels 620-16122) (from A)",1800000.0,exp,,,,,E1 (intercombination),https://nvlpubs.nist.gov/nistpubs/jres/80A/jresv80An1p1_A1b.pdf,open,metastable,,,,,
5f36d7s2 5K°7,5f36d7s7p 5M8,E1,646.6771,646.4984,463.5891,"Blaise & Wyart, 'Selected Constants: Energy Levels and Atomic Spectra of Actinides' (Tables Internationales de Constantes, Paris, 1992), online database of Laboratoire Aime Cotton (Orsay), archived copy in the Internet Archive, table 'U I odd' (238U); original analyses named there: Kiess, Humphreys, Laun, J. Res. NBS 37, 57 (1946); Blaise & Radziemski, J. Opt. Soc. Am. 66, 644 (1976); Steinhaus et al., reports LA-4501 (1971) and LA-4944 (1972); Guyon thesis (Orsay 1972); Engleman & Palmer, J. Opt. Soc. Am. 70, 308 (1980); Blaise unpublished revision - originals not opened; Blaise & Wyart, 'Selected Constants: Energy Levels and Atomic Spectra of Actinides' (Tables Internationales de Constantes, Paris, 1992), online database of Laboratoire Aime Cotton (Orsay), archived copy in the Internet Archive, table 'U I even' (238U); original analyses named there: Kiess, Humphreys, Laun, J. Res. NBS 37, 57 (1946); Blaise & Radziemski, J. Opt. Soc. Am. 66, 644 (1976); Steinhaus et al., reports LA-4501 (1971) and LA-4944 (1972); Guyon thesis (Orsay 1972); Engleman & Palmer, J. Opt. Soc. Am. 70, 308 (1980); Blaise unpublished revision - originals not opened (measured level energy)",15463.668,1.717,exp,"Corliss, 'Line strengths and lifetimes of levels in neutral uranium', J. Res. Natl. Bur. Stand. 80A, 1 (1976), Table 1 (line 6465.00 A, levels 7326-22790) (from A)",1300000.0,exp,,,,,E1,https://nvlpubs.nist.gov/nistpubs/jres/80A/jresv80An1p1_A1b.pdf,open,metastable,,,,,
5f36d7s2 5L°6,5f46d7s7p 7M6,E1,682.8797,682.6913,439.01209,"Blaise & Wyart, 'Selected Constants: Energy Levels and Atomic Spectra of Actinides' (Tables Internationales de Constantes, Paris, 1992), online database of Laboratoire Aime Cotton (Orsay), archived copy in the Internet Archive, table 'U I even' (238U); original analyses named there: Kiess, Humphreys, Laun, J. Res. NBS 37, 57 (1946); Blaise & Radziemski, J. Opt. Soc. Am. 66, 644 (1976); Steinhaus et al., reports LA-4501 (1971) and LA-4944 (1972); Guyon thesis (Orsay 1972); Engleman & Palmer, J. Opt. Soc. Am. 70, 308 (1980); Blaise unpublished revision - originals not opened (measured level energy)",14643.867,1.63,exp,"Corliss, 'Line strengths and lifetimes of levels in neutral uranium', J. Res. Natl. Bur. Stand. 80A, 1 (1976), Table 1 (line 6826.93 A, levels 0-14644) (from A)",1300000.0,exp,,,,,E1 (intercombination),https://nvlpubs.nist.gov/nistpubs/jres/80A/jresv80An1p1_A1b.pdf,leak,ground,0.343,True,2.92,exp,rates
5f36d7s2 5K°6,5f36d7s7p 7K5,E1,707.6733,707.4782,423.63118,"Blaise & Wyart, 'Selected Constants: Energy Levels and Atomic Spectra of Actinides' (Tables Internationales de Constantes, Paris, 1992), online database of Laboratoire Aime Cotton (Orsay), archived copy in the Internet Archive, table 'U I odd' (238U); original analyses named there: Kiess, Humphreys, Laun, J. Res. NBS 37, 57 (1946); Blaise & Radziemski, J. Opt. Soc. Am. 66, 644 (1976); Steinhaus et al., reports LA-4501 (1971) and LA-4944 (1972); Guyon thesis (Orsay 1972); Engleman & Palmer, J. Opt. Soc. Am. 70, 308 (1980); Blaise unpublished revision - originals not opened; Blaise & Wyart, 'Selected Constants: Energy Levels and Atomic Spectra of Actinides' (Tables Internationales de Constantes, Paris, 1992), online database of Laboratoire Aime Cotton (Orsay), archived copy in the Internet Archive, table 'U I even' (238U); original analyses named there: Kiess, Humphreys, Laun, J. Res. NBS 37, 57 (1946); Blaise & Radziemski, J. Opt. Soc. Am. 66, 644 (1976); Steinhaus et al., reports LA-4501 (1971) and LA-4944 (1972); Guyon thesis (Orsay 1972); Engleman & Palmer, J. Opt. Soc. Am. 70, 308 (1980); Blaise unpublished revision - originals not opened (measured level energy)",14130.815,1.641,exp,"Corliss, 'Line strengths and lifetimes of levels in neutral uranium', J. Res. Natl. Bur. Stand. 80A, 1 (1976), Table 1 (line 7074.78 A, levels 4275-18407) (from A)",1400000.0,exp,,,,,E1 (intercombination),https://nvlpubs.nist.gov/nistpubs/jres/80A/jresv80An1p1_A1b.pdf,leak,metastable,0.44,True,2.27,exp,rates
5f36d7s2 5K°5,5f46d7s7p 7M6,E1,713.0865,712.89,420.41527,"Blaise & Wyart, 'Selected Constants: Energy Levels and Atomic Spectra of Actinides' (Tables Internationales de Constantes, Paris, 1992), online database of Laboratoire Aime Cotton (Orsay), archived copy in the Internet Archive, table 'U I odd' (238U); original analyses named there: Kiess, Humphreys, Laun, J. Res. NBS 37, 57 (1946); Blaise & Radziemski, J. Opt. Soc. Am. 66, 644 (1976); Steinhaus et al., reports LA-4501 (1971) and LA-4944 (1972); Guyon thesis (Orsay 1972); Engleman & Palmer, J. Opt. Soc. Am. 70, 308 (1980); Blaise unpublished revision - originals not opened; Blaise & Wyart, 'Selected Constants: Energy Levels and Atomic Spectra of Actinides' (Tables Internationales de Constantes, Paris, 1992), online database of Laboratoire Aime Cotton (Orsay), archived copy in the Internet Archive, table 'U I even' (238U); original analyses named there: Kiess, Humphreys, Laun, J. Res. NBS 37, 57 (1946); Blaise & Radziemski, J. Opt. Soc. Am. 66, 644 (1976); Steinhaus et al., reports LA-4501 (1971) and LA-4944 (1972); Guyon thesis (Orsay 1972); Engleman & Palmer, J. Opt. Soc. Am. 70, 308 (1980); Blaise unpublished revision - originals not opened (measured level energy)",14023.544,1.258,exp,"Corliss, 'Line strengths and lifetimes of levels in neutral uranium', J. Res. Natl. Bur. Stand. 80A, 1 (1976), Table 1 (line 7128.89 A, levels 620-14644) (from A)",680000.0,exp,,,,713.087 nm (vacuum): diode-laser absorption / laser-induced-fluorescence line from the 620 cm^-1 metastable level used for 235U/238U isotopic analysis of laser ablation plumes; 235U hyperfine constants of the upper level fitted on this line,E1 (intercombination),https://nvlpubs.nist.gov/nistpubs/jres/80A/jresv80An1p1_A1b.pdf,leak,metastable,0.657,True,1.52,exp,rates
5f36d7s2 5L°6,5f26d27s2 5K5,E1,742.7549,742.5503,403.62234,"Blaise & Wyart, 'Selected Constants: Energy Levels and Atomic Spectra of Actinides' (Tables Internationales de Constantes, Paris, 1992), online database of Laboratoire Aime Cotton (Orsay), archived copy in the Internet Archive, table 'U I even' (238U); original analyses named there: Kiess, Humphreys, Laun, J. Res. NBS 37, 57 (1946); Blaise & Radziemski, J. Opt. Soc. Am. 66, 644 (1976); Steinhaus et al., reports LA-4501 (1971) and LA-4944 (1972); Guyon thesis (Orsay 1972); Engleman & Palmer, J. Opt. Soc. Am. 70, 308 (1980); Blaise unpublished revision - originals not opened (measured level energy)",13463.392,1.001,exp,"Corliss, 'Line strengths and lifetimes of levels in neutral uranium', J. Res. Natl. Bur. Stand. 80A, 1 (1976), Table 1 (line 7425.50 A, levels 0-13463) (from A)",450000.0,exp,,,,,E1,https://nvlpubs.nist.gov/nistpubs/jres/80A/jresv80An1p1_A1b.pdf,leak,ground,0.384,True,2.6,exp,rates
5f36d7s2 5L°7,6,E1,753.6,753.3925,397.81377,"Blaise & Wyart, 'Selected Constants: Energy Levels and Atomic Spectra of Actinides' (Tables Internationales de Constantes, Paris, 1992), online database of Laboratoire Aime Cotton (Orsay), archived copy in the Internet Archive, table 'U I odd' (238U); original analyses named there: Kiess, Humphreys, Laun, J. Res. NBS 37, 57 (1946); Blaise & Radziemski, J. Opt. Soc. Am. 66, 644 (1976); Steinhaus et al., reports LA-4501 (1971) and LA-4944 (1972); Guyon thesis (Orsay 1972); Engleman & Palmer, J. Opt. Soc. Am. 70, 308 (1980); Blaise unpublished revision - originals not opened; Blaise & Wyart, 'Selected Constants: Energy Levels and Atomic Spectra of Actinides' (Tables Internationales de Constantes, Paris, 1992), online database of Laboratoire Aime Cotton (Orsay), archived copy in the Internet Archive, table 'U I even' (238U); original analyses named there: Kiess, Humphreys, Laun, J. Res. NBS 37, 57 (1946); Blaise & Radziemski, J. Opt. Soc. Am. 66, 644 (1976); Steinhaus et al., reports LA-4501 (1971) and LA-4944 (1972); Guyon thesis (Orsay 1972); Engleman & Palmer, J. Opt. Soc. Am. 70, 308 (1980); Blaise unpublished revision - originals not opened (measured level energy)",13269.639,2.223,exp,"Corliss, 'Line strengths and lifetimes of levels in neutral uranium', J. Res. Natl. Bur. Stand. 80A, 1 (1976), Table 1 (line 7533.91 A, levels 3800-17070) (from A)",1800000.0,exp,,,,,E1,https://nvlpubs.nist.gov/nistpubs/jres/80A/jresv80An1p1_A1b.pdf,leak,metastable,0.4,True,2.5,exp,rates
5f36d7s2 5L°8,5f37s27p 5K7,E1,762.1451,761.9353,393.35352,"Blaise & Wyart, 'Selected Constants: Energy Levels and Atomic Spectra of Actinides' (Tables Internationales de Constantes, Paris, 1992), online database of Laboratoire Aime Cotton (Orsay), archived copy in the Internet Archive, table 'U I odd' (238U); original analyses named there: Kiess, Humphreys, Laun, J. Res. NBS 37, 57 (1946); Blaise & Radziemski, J. Opt. Soc. Am. 66, 644 (1976); Steinhaus et al., reports LA-4501 (1971) and LA-4944 (1972); Guyon thesis (Orsay 1972); Engleman & Palmer, J. Opt. Soc. Am. 70, 308 (1980); Blaise unpublished revision - originals not opened; Blaise & Wyart, 'Selected Constants: Energy Levels and Atomic Spectra of Actinides' (Tables Internationales de Constantes, Paris, 1992), online database of Laboratoire Aime Cotton (Orsay), archived copy in the Internet Archive, table 'U I even' (238U); original analyses named there: Kiess, Humphreys, Laun, J. Res. NBS 37, 57 (1946); Blaise & Radziemski, J. Opt. Soc. Am. 66, 644 (1976); Steinhaus et al., reports LA-4501 (1971) and LA-4944 (1972); Guyon thesis (Orsay 1972); Engleman & Palmer, J. Opt. Soc. Am. 70, 308 (1980); Blaise unpublished revision - originals not opened (measured level energy)",13120.861,2.064,exp,"Corliss, 'Line strengths and lifetimes of levels in neutral uranium', J. Res. Natl. Bur. Stand. 80A, 1 (1976), Table 1 (line 7619.34 A, levels 7645-20767) (from A)",1300000.0,exp,,,,,E1,https://nvlpubs.nist.gov/nistpubs/jres/80A/jresv80An1p1_A1b.pdf,open,metastable,,,,,
5f36d7s2 5L°7,5f36d7s7p 7M7,E1,763.3846,763.1745,392.71484,"Blaise & Wyart, 'Selected Constants: Energy Levels and Atomic Spectra of Actinides' (Tables Internationales de Constantes, Paris, 1992), online database of Laboratoire Aime Cotton (Orsay), archived copy in the Internet Archive, table 'U I odd' (238U); original analyses named there: Kiess, Humphreys, Laun, J. Res. NBS 37, 57 (1946); Blaise & Radziemski, J. Opt. Soc. Am. 66, 644 (1976); Steinhaus et al., reports LA-4501 (1971) and LA-4944 (1972); Guyon thesis (Orsay 1972); Engleman & Palmer, J. Opt. Soc. Am. 70, 308 (1980); Blaise unpublished revision - originals not opened; Blaise & Wyart, 'Selected Constants: Energy Levels and Atomic Spectra of Actinides' (Tables Internationales de Constantes, Paris, 1992), online database of Laboratoire Aime Cotton (Orsay), archived copy in the Internet Archive, table 'U I even' (238U); original analyses named there: Kiess, Humphreys, Laun, J. Res. NBS 37, 57 (1946); Blaise & Radziemski, J. Opt. Soc. Am. 66, 644 (1976); Steinhaus et al., reports LA-4501 (1971) and LA-4944 (1972); Guyon thesis (Orsay 1972); Engleman & Palmer, J. Opt. Soc. Am. 70, 308 (1980); Blaise unpublished revision - originals not opened (measured level energy)",13099.557,1.104,exp,"Corliss, 'Line strengths and lifetimes of levels in neutral uranium', J. Res. Natl. Bur. Stand. 80A, 1 (1976), Table 1 (line 7631.72 A, levels 3800-16900) (from A)",370000.0,exp,0.08584,0.686,,763.385 nm (vacuum): diode-laser induced-fluorescence line used for 235U/238U isotope-shift and hyperfine measurements in laser ablation plumes,E1 (intercombination),https://nvlpubs.nist.gov/nistpubs/jres/80A/jresv80An1p1_A1b.pdf,open,metastable,,,,,
5f36d7s2 5K°5,5f26d27s2 5K5,E1,778.6301,778.4159,385.02552,"Blaise & Wyart, 'Selected Constants: Energy Levels and Atomic Spectra of Actinides' (Tables Internationales de Constantes, Paris, 1992), online database of Laboratoire Aime Cotton (Orsay), archived copy in the Internet Archive, table 'U I odd' (238U); original analyses named there: Kiess, Humphreys, Laun, J. Res. NBS 37, 57 (1946); Blaise & Radziemski, J. Opt. Soc. Am. 66, 644 (1976); Steinhaus et al., reports LA-4501 (1971) and LA-4944 (1972); Guyon thesis (Orsay 1972); Engleman & Palmer, J. Opt. Soc. Am. 70, 308 (1980); Blaise unpublished revision - originals not opened; Blaise & Wyart, 'Selected Constants: Energy Levels and Atomic Spectra of Actinides' (Tables Internationales de Constantes, Paris, 1992), online database of Laboratoire Aime Cotton (Orsay), archived copy in the Internet Archive, table 'U I even' (238U); original analyses named there: Kiess, Humphreys, Laun, J. Res. NBS 37, 57 (1946); Blaise & Radziemski, J. Opt. Soc. Am. 66, 644 (1976); Steinhaus et al., reports LA-4501 (1971) and LA-4944 (1972); Guyon thesis (Orsay 1972); Engleman & Palmer, J. Opt. Soc. Am. 70, 308 (1980); Blaise unpublished revision - originals not opened (measured level energy)",12843.069,0.8471,exp,"Corliss, 'Line strengths and lifetimes of levels in neutral uranium', J. Res. Natl. Bur. Stand. 80A, 1 (1976), Table 1 (line 7784.13 A, levels 620-13463) (from A)",280000.0,exp,,,,,E1,https://nvlpubs.nist.gov/nistpubs/jres/80A/jresv80An1p1_A1b.pdf,leak,metastable,0.616,True,1.62,exp,rates
5f36d27s 7M°6,5f36d7s7p 7L5,E1,788.4112,788.1944,380.24884,"Blaise & Wyart, 'Selected Constants: Energy Levels and Atomic Spectra of Actinides' (Tables Internationales de Constantes, Paris, 1992), online database of Laboratoire Aime Cotton (Orsay), archived copy in the Internet Archive, table 'U I odd' (238U); original analyses named there: Kiess, Humphreys, Laun, J. Res. NBS 37, 57 (1946); Blaise & Radziemski, J. Opt. Soc. Am. 66, 644 (1976); Steinhaus et al., reports LA-4501 (1971) and LA-4944 (1972); Guyon thesis (Orsay 1972); Engleman & Palmer, J. Opt. Soc. Am. 70, 308 (1980); Blaise unpublished revision - originals not opened; Blaise & Wyart, 'Selected Constants: Energy Levels and Atomic Spectra of Actinides' (Tables Internationales de Constantes, Paris, 1992), online database of Laboratoire Aime Cotton (Orsay), archived copy in the Internet Archive, table 'U I even' (238U); original analyses named there: Kiess, Humphreys, Laun, J. Res. NBS 37, 57 (1946); Blaise & Radziemski, J. Opt. Soc. Am. 66, 644 (1976); Steinhaus et al., reports LA-4501 (1971) and LA-4944 (1972); Guyon thesis (Orsay 1972); Engleman & Palmer, J. Opt. Soc. Am. 70, 308 (1980); Blaise unpublished revision - originals not opened (measured level energy)",12683.736,3.138,exp,"Corliss, 'Line strengths and lifetimes of levels in neutral uranium', J. Res. Natl. Bur. Stand. 80A, 1 (1976), Table 1 (line 7881.94 A, levels 6249-18933) (from A)",3700000.0,exp,,,,788.4111 nm: line used for Doppler-free saturated-absorption spectroscopy of uranium laser-produced plasmas (Polek et al. 2025),E1,https://nvlpubs.nist.gov/nistpubs/jres/80A/jresv80An1p1_A1b.pdf,leak,metastable,0.439,True,2.28,exp,rates
5f36d27s 7M°7,5f46d7s 5L6,E1,797.2651,797.0458,376.02608,"Blaise & Wyart, 'Selected Constants: Energy Levels and Atomic Spectra of Actinides' (Tables Internationales de Constantes, Paris, 1992), online database of Laboratoire Aime Cotton (Orsay), archived copy in the Internet Archive, table 'U I odd' (238U); original analyses named there: Kiess, Humphreys, Laun, J. Res. NBS 37, 57 (1946); Blaise & Radziemski, J. Opt. Soc. Am. 66, 644 (1976); Steinhaus et al., reports LA-4501 (1971) and LA-4944 (1972); Guyon thesis (Orsay 1972); Engleman & Palmer, J. Opt. Soc. Am. 70, 308 (1980); Blaise unpublished revision - originals not opened; Blaise & Wyart, 'Selected Constants: Energy Levels and Atomic Spectra of Actinides' (Tables Internationales de Constantes, Paris, 1992), online database of Laboratoire Aime Cotton (Orsay), archived copy in the Internet Archive, table 'U I even' (238U); original analyses named there: Kiess, Humphreys, Laun, J. Res. NBS 37, 57 (1946); Blaise & Radziemski, J. Opt. Soc. Am. 66, 644 (1976); Steinhaus et al., reports LA-4501 (1971) and LA-4944 (1972); Guyon thesis (Orsay 1972); Engleman & Palmer, J. Opt. Soc. Am. 70, 308 (1980); Blaise unpublished revision - originals not opened (measured level energy)",12542.88,2.351,exp,"Corliss, 'Line strengths and lifetimes of levels in neutral uranium', J. Res. Natl. Bur. Stand. 80A, 1 (1976), Table 1 (line 7970.46 A, levels 8118-20662) (from A)",1700000.0,exp,,,,,E1 (intercombination),https://nvlpubs.nist.gov/nistpubs/jres/80A/jresv80An1p1_A1b.pdf,open,metastable,,,,,
5f36d7s2 5K°6,5f26d27s2 5K6,E1,817.6571,817.4324,366.64812,"Blaise & Wyart, 'Selected Constants: Energy Levels and Atomic Spectra of Actinides' (Tables Internationales de Constantes, Paris, 1992), online database of Laboratoire Aime Cotton (Orsay), archived copy in the Internet Archive, table 'U I odd' (238U); original analyses named there: Kiess, Humphreys, Laun, J. Res. NBS 37, 57 (1946); Blaise & Radziemski, J. Opt. Soc. Am. 66, 644 (1976); Steinhaus et al., reports LA-4501 (1971) and LA-4944 (1972); Guyon thesis (Orsay 1972); Engleman & Palmer, J. Opt. Soc. Am. 70, 308 (1980); Blaise unpublished revision - originals not opened; Blaise & Wyart, 'Selected Constants: Energy Levels and Atomic Spectra of Actinides' (Tables Internationales de Constantes, Paris, 1992), online database of Laboratoire Aime Cotton (Orsay), archived copy in the Internet Archive, table 'U I even' (238U); original analyses named there: Kiess, Humphreys, Laun, J. Res. NBS 37, 57 (1946); Blaise & Radziemski, J. Opt. Soc. Am. 66, 644 (1976); Steinhaus et al., reports LA-4501 (1971) and LA-4944 (1972); Guyon thesis (Orsay 1972); Engleman & Palmer, J. Opt. Soc. Am. 70, 308 (1980); Blaise unpublished revision - originals not opened (measured level energy)",12230.065,1.439,exp,"Corliss, 'Line strengths and lifetimes of levels in neutral uranium', J. Res. Natl. Bur. Stand. 80A, 1 (1976), Table 1 (line 8174.30 A, levels 4275-16506) (from A)",590000.0,exp,,,,,E1,https://nvlpubs.nist.gov/nistpubs/jres/80A/jresv80An1p1_A1b.pdf,open,metastable,,,,,
5f36d27s 7M°6,5f36d7s7p 7K5,E1,822.538,822.3119,364.47247,"Blaise & Wyart, 'Selected Constants: Energy Levels and Atomic Spectra of Actinides' (Tables Internationales de Constantes, Paris, 1992), online database of Laboratoire Aime Cotton (Orsay), archived copy in the Internet Archive, table 'U I odd' (238U); original analyses named there: Kiess, Humphreys, Laun, J. Res. NBS 37, 57 (1946); Blaise & Radziemski, J. Opt. Soc. Am. 66, 644 (1976); Steinhaus et al., reports LA-4501 (1971) and LA-4944 (1972); Guyon thesis (Orsay 1972); Engleman & Palmer, J. Opt. Soc. Am. 70, 308 (1980); Blaise unpublished revision - originals not opened; Blaise & Wyart, 'Selected Constants: Energy Levels and Atomic Spectra of Actinides' (Tables Internationales de Constantes, Paris, 1992), online database of Laboratoire Aime Cotton (Orsay), archived copy in the Internet Archive, table 'U I even' (238U); original analyses named there: Kiess, Humphreys, Laun, J. Res. NBS 37, 57 (1946); Blaise & Radziemski, J. Opt. Soc. Am. 66, 644 (1976); Steinhaus et al., reports LA-4501 (1971) and LA-4944 (1972); Guyon thesis (Orsay 1972); Engleman & Palmer, J. Opt. Soc. Am. 70, 308 (1980); Blaise unpublished revision - originals not opened (measured level energy)",12157.493,,,,,,,,,,E1,,open,metastable,,,,,
5f36d27s 7M°7,5f36d7s7p 7L6,E1,826.4328,826.2056,362.75481,"Blaise & Wyart, 'Selected Constants: Energy Levels and Atomic Spectra of Actinides' (Tables Internationales de Constantes, Paris, 1992), online database of Laboratoire Aime Cotton (Orsay), archived copy in the Internet Archive, table 'U I odd' (238U); original analyses named there: Kiess, Humphreys, Laun, J. Res. NBS 37, 57 (1946); Blaise & Radziemski, J. Opt. Soc. Am. 66, 644 (1976); Steinhaus et al., reports LA-4501 (1971) and LA-4944 (1972); Guyon thesis (Orsay 1972); Engleman & Palmer, J. Opt. Soc. Am. 70, 308 (1980); Blaise unpublished revision - originals not opened; Blaise & Wyart, 'Selected Constants: Energy Levels and Atomic Spectra of Actinides' (Tables Internationales de Constantes, Paris, 1992), online database of Laboratoire Aime Cotton (Orsay), archived copy in the Internet Archive, table 'U I even' (238U); original analyses named there: Kiess, Humphreys, Laun, J. Res. NBS 37, 57 (1946); Blaise & Radziemski, J. Opt. Soc. Am. 66, 644 (1976); Steinhaus et al., reports LA-4501 (1971) and LA-4944 (1972); Guyon thesis (Orsay 1972); Engleman & Palmer, J. Opt. Soc. Am. 70, 308 (1980); Blaise unpublished revision - originals not opened (measured level energy)",12100.198,2.407,exp,"Corliss, 'Line strengths and lifetimes of levels in neutral uranium', J. Res. Natl. Bur. Stand. 80A, 1 (1976), Table 1 (line 8262.05 A, levels 8118-20219) (from A)",1600000.0,exp,,,,,E1,https://nvlpubs.nist.gov/nistpubs/jres/80A/jresv80An1p1_A1b.pdf,open,metastable,,,,,
5f36d7s2 5K°6,5f37s27p 5I5,E1,832.0638,831.8352,360.29984,"Blaise & Wyart, 'Selected Constants: Energy Levels and Atomic Spectra of Actinides' (Tables Internationales de Constantes, Paris, 1992), online database of Laboratoire Aime Cotton (Orsay), archived copy in the Internet Archive, table 'U I odd' (238U); original analyses named there: Kiess, Humphreys, Laun, J. Res. NBS 37, 57 (1946); Blaise & Radziemski, J. Opt. Soc. Am. 66, 644 (1976); Steinhaus et al., reports LA-4501 (1971) and LA-4944 (1972); Guyon thesis (Orsay 1972); Engleman & Palmer, J. Opt. Soc. Am. 70, 308 (1980); Blaise unpublished revision - originals not opened; Blaise & Wyart, 'Selected Constants: Energy Levels and Atomic Spectra of Actinides' (Tables Internationales de Constantes, Paris, 1992), online database of Laboratoire Aime Cotton (Orsay), archived copy in the Internet Archive, table 'U I even' (238U); original analyses named there: Kiess, Humphreys, Laun, J. Res. NBS 37, 57 (1946); Blaise & Radziemski, J. Opt. Soc. Am. 66, 644 (1976); Steinhaus et al., reports LA-4501 (1971) and LA-4944 (1972); Guyon thesis (Orsay 1972); Engleman & Palmer, J. Opt. Soc. Am. 70, 308 (1980); Blaise unpublished revision - originals not opened (measured level energy)",12018.309,1.458,exp,"Corliss, 'Line strengths and lifetimes of levels in neutral uranium', J. Res. Natl. Bur. Stand. 80A, 1 (1976), Table 1 (line 8318.34 A, levels 4275-16294) (from A)",680000.0,exp,,,,,E1,https://nvlpubs.nist.gov/nistpubs/jres/80A/jresv80An1p1_A1b.pdf,open,metastable,,,,,
5f36d7s2 °6,5f36d7s7p 7L5,E1,838.4174,838.1871,357.56945,"Blaise & Wyart, 'Selected Constants: Energy Levels and Atomic Spectra of Actinides' (Tables Internationales de Constantes, Paris, 1992), online database of Laboratoire Aime Cotton (Orsay), archived copy in the Internet Archive, table 'U I odd' (238U); original analyses named there: Kiess, Humphreys, Laun, J. Res. NBS 37, 57 (1946); Blaise & Radziemski, J. Opt. Soc. Am. 66, 644 (1976); Steinhaus et al., reports LA-4501 (1971) and LA-4944 (1972); Guyon thesis (Orsay 1972); Engleman & Palmer, J. Opt. Soc. Am. 70, 308 (1980); Blaise unpublished revision - originals not opened; Blaise & Wyart, 'Selected Constants: Energy Levels and Atomic Spectra of Actinides' (Tables Internationales de Constantes, Paris, 1992), online database of Laboratoire Aime Cotton (Orsay), archived copy in the Internet Archive, table 'U I even' (238U); original analyses named there: Kiess, Humphreys, Laun, J. Res. NBS 37, 57 (1946); Blaise & Radziemski, J. Opt. Soc. Am. 66, 644 (1976); Steinhaus et al., reports LA-4501 (1971) and LA-4944 (1972); Guyon thesis (Orsay 1972); Engleman & Palmer, J. Opt. Soc. Am. 70, 308 (1980); Blaise unpublished revision - originals not opened (measured level energy)",11927.233,2.191,exp,"Corliss, 'Line strengths and lifetimes of levels in neutral uranium', J. Res. Natl. Bur. Stand. 80A, 1 (1976), Table 1 (line 8381.86 A, levels 7005-18933) (from A)",1500000.0,exp,,,,,E1,https://nvlpubs.nist.gov/nistpubs/jres/80A/jresv80An1p1_A1b.pdf,leak,metastable,0.773,True,1.29,exp,rates
5f36d7s2 5L°7,5f47s27p 5K6,E1,844.7703,844.5382,354.88046,"Blaise & Wyart, 'Selected Constants: Energy Levels and Atomic Spectra of Actinides' (Tables Internationales de Constantes, Paris, 1992), online database of Laboratoire Aime Cotton (Orsay), archived copy in the Internet Archive, table 'U I odd' (238U); original analyses named there: Kiess, Humphreys, Laun, J. Res. NBS 37, 57 (1946); Blaise & Radziemski, J. Opt. Soc. Am. 66, 644 (1976); Steinhaus et al., reports LA-4501 (1971) and LA-4944 (1972); Guyon thesis (Orsay 1972); Engleman & Palmer, J. Opt. Soc. Am. 70, 308 (1980); Blaise unpublished revision - originals not opened; Blaise & Wyart, 'Selected Constants: Energy Levels and Atomic Spectra of Actinides' (Tables Internationales de Constantes, Paris, 1992), online database of Laboratoire Aime Cotton (Orsay), archived copy in the Internet Archive, table 'U I even' (238U); original analyses named there: Kiess, Humphreys, Laun, J. Res. NBS 37, 57 (1946); Blaise & Radziemski, J. Opt. Soc. Am. 66, 644 (1976); Steinhaus et al., reports LA-4501 (1971) and LA-4944 (1972); Guyon thesis (Orsay 1972); Engleman & Palmer, J. Opt. Soc. Am. 70, 308 (1980); Blaise unpublished revision - originals not opened (measured level energy)",11837.538,2.154,exp,"Corliss, 'Line strengths and lifetimes of levels in neutral uranium', J. Res. Natl. Bur. Stand. 80A, 1 (1976), Table 1 (line 8445.35 A, levels 3800-15638) (from A)",1200000.0,exp,,,,,E1,https://nvlpubs.nist.gov/nistpubs/jres/80A/jresv80An1p1_A1b.pdf,open,metastable,,,,,
5f36d7s2 5L°7,5f26d27s2 5L7,E1,845.2352,845.003,354.68524,"Blaise & Wyart, 'Selected Constants: Energy Levels and Atomic Spectra of Actinides' (Tables Internationales de Constantes, Paris, 1992), online database of Laboratoire Aime Cotton (Orsay), archived copy in the Internet Archive, table 'U I odd' (238U); original analyses named there: Kiess, Humphreys, Laun, J. Res. NBS 37, 57 (1946); Blaise & Radziemski, J. Opt. Soc. Am. 66, 644 (1976); Steinhaus et al., reports LA-4501 (1971) and LA-4944 (1972); Guyon thesis (Orsay 1972); Engleman & Palmer, J. Opt. Soc. Am. 70, 308 (1980); Blaise unpublished revision - originals not opened; Blaise & Wyart, 'Selected Constants: Energy Levels and Atomic Spectra of Actinides' (Tables Internationales de Constantes, Paris, 1992), online database of Laboratoire Aime Cotton (Orsay), archived copy in the Internet Archive, table 'U I even' (238U); original analyses named there: Kiess, Humphreys, Laun, J. Res. NBS 37, 57 (1946); Blaise & Radziemski, J. Opt. Soc. Am. 66, 644 (1976); Steinhaus et al., reports LA-4501 (1971) and LA-4944 (1972); Guyon thesis (Orsay 1972); Engleman & Palmer, J. Opt. Soc. Am. 70, 308 (1980); Blaise unpublished revision - originals not opened (measured level energy)",11831.026,1.48,exp,"Corliss, 'Line strengths and lifetimes of levels in neutral uranium', J. Res. Natl. Bur. Stand. 80A, 1 (1976), Table 1 (line 8450.02 A, levels 3800-15632) (from A)",490000.0,exp,0.2974,0.2622,,,E1,https://nvlpubs.nist.gov/nistpubs/jres/80A/jresv80An1p1_A1b.pdf,leak,metastable,0.586,True,1.71,exp,lifetime
5f36d27s 7M°7,6,E1,857.2871,857.0516,349.69903,"Blaise & Wyart, 'Selected Constants: Energy Levels and Atomic Spectra of Actinides' (Tables Internationales de Constantes, Paris, 1992), online database of Laboratoire Aime Cotton (Orsay), archived copy in the Internet Archive, table 'U I odd' (238U); original analyses named there: Kiess, Humphreys, Laun, J. Res. NBS 37, 57 (1946); Blaise & Radziemski, J. Opt. Soc. Am. 66, 644 (1976); Steinhaus et al., reports LA-4501 (1971) and LA-4944 (1972); Guyon thesis (Orsay 1972); Engleman & Palmer, J. Opt. Soc. Am. 70, 308 (1980); Blaise unpublished revision - originals not opened; Blaise & Wyart, 'Selected Constants: Energy Levels and Atomic Spectra of Actinides' (Tables Internationales de Constantes, Paris, 1992), online database of Laboratoire Aime Cotton (Orsay), archived copy in the Internet Archive, table 'U I even' (238U); original analyses named there: Kiess, Humphreys, Laun, J. Res. NBS 37, 57 (1946); Blaise & Radziemski, J. Opt. Soc. Am. 66, 644 (1976); Steinhaus et al., reports LA-4501 (1971) and LA-4944 (1972); Guyon thesis (Orsay 1972); Engleman & Palmer, J. Opt. Soc. Am. 70, 308 (1980); Blaise unpublished revision - originals not opened (measured level energy)",11664.704,2.292,exp,"Corliss, 'Line strengths and lifetimes of levels in neutral uranium', J. Res. Natl. Bur. Stand. 80A, 1 (1976), Table 1 (line 8570.51 A, levels 8118-19783) (from A)",1300000.0,exp,,,,,E1,https://nvlpubs.nist.gov/nistpubs/jres/80A/jresv80An1p1_A1b.pdf,open,metastable,,,,,
5f36d7s2 5L°6,5f37s27p 5K5,E1,861.0316,860.7952,348.17821,"Blaise & Wyart, 'Selected Constants: Energy Levels and Atomic Spectra of Actinides' (Tables Internationales de Constantes, Paris, 1992), online database of Laboratoire Aime Cotton (Orsay), archived copy in the Internet Archive, table 'U I even' (238U); original analyses named there: Kiess, Humphreys, Laun, J. Res. NBS 37, 57 (1946); Blaise & Radziemski, J. Opt. Soc. Am. 66, 644 (1976); Steinhaus et al., reports LA-4501 (1971) and LA-4944 (1972); Guyon thesis (Orsay 1972); Engleman & Palmer, J. Opt. Soc. Am. 70, 308 (1980); Blaise unpublished revision - originals not opened (measured level energy)",11613.975,2.039,exp,"Corliss, 'Line strengths and lifetimes of levels in neutral uranium', J. Res. Natl. Bur. Stand. 80A, 1 (1976), Table 1 (line 8607.96 A, levels 0-11614) (from A)",1200000.0,exp,,,,"strongest ground-state absorption line (861.031 nm vacuum), reachable with diode lasers: 235U/238U isotope-ratio measurements by (saturated) laser absorption in atomic beams and laser-ablation plumes (Los Alamos); 235U hyperfine structure of the upper level measured on this line",E1,https://nvlpubs.nist.gov/nistpubs/jres/80A/jresv80An1p1_A1b.pdf,open,ground,,,,,
5f36d7s2 5L°6,5f26d27s2 5L6,E1,869.3669,869.1282,344.83996,"Blaise & Wyart, 'Selected Constants: Energy Levels and Atomic Spectra of Actinides' (Tables Internationales de Constantes, Paris, 1992), online database of Laboratoire Aime Cotton (Orsay), archived copy in the Internet Archive, table 'U I even' (238U); original analyses named there: Kiess, Humphreys, Laun, J. Res. NBS 37, 57 (1946); Blaise & Radziemski, J. Opt. Soc. Am. 66, 644 (1976); Steinhaus et al., reports LA-4501 (1971) and LA-4944 (1972); Guyon thesis (Orsay 1972); Engleman & Palmer, J. Opt. Soc. Am. 70, 308 (1980); Blaise unpublished revision - originals not opened (measured level energy)",11502.623,1.086,exp,"Corliss, 'Line strengths and lifetimes of levels in neutral uranium', J. Res. Natl. Bur. Stand. 80A, 1 (1976), Table 1 (line 8691.28 A, levels 0-11503) (from A)",280000.0,exp,,,,,E1,https://nvlpubs.nist.gov/nistpubs/jres/80A/jresv80An1p1_A1b.pdf,open,ground,,,,,
5f36d7s2 5H°4,5f26d27s2 5H4,E1,871.3156,871.0763,344.06875,"Blaise & Wyart, 'Selected Constants: Energy Levels and Atomic Spectra of Actinides' (Tables Internationales de Constantes, Paris, 1992), online database of Laboratoire Aime Cotton (Orsay), archived copy in the Internet Archive, table 'U I odd' (238U); original analyses named there: Kiess, Humphreys, Laun, J. Res. NBS 37, 57 (1946); Blaise & Radziemski, J. Opt. Soc. Am. 66, 644 (1976); Steinhaus et al., reports LA-4501 (1971) and LA-4944 (1972); Guyon thesis (Orsay 1972); Engleman & Palmer, J. Opt. Soc. Am. 70, 308 (1980); Blaise unpublished revision - originals not opened; Blaise & Wyart, 'Selected Constants: Energy Levels and Atomic Spectra of Actinides' (Tables Internationales de Constantes, Paris, 1992), online database of Laboratoire Aime Cotton (Orsay), archived copy in the Internet Archive, table 'U I even' (238U); original analyses named there: Kiess, Humphreys, Laun, J. Res. NBS 37, 57 (1946); Blaise & Radziemski, J. Opt. Soc. Am. 66, 644 (1976); Steinhaus et al., reports LA-4501 (1971) and LA-4944 (1972); Guyon thesis (Orsay 1972); Engleman & Palmer, J. Opt. Soc. Am. 70, 308 (1980); Blaise unpublished revision - originals not opened (measured level energy)",11476.898,1.954,exp,"Corliss, 'Line strengths and lifetimes of levels in neutral uranium', J. Res. Natl. Bur. Stand. 80A, 1 (1976), Table 1 (line 8710.77 A, levels 5991-17468) (from A)",1300000.0,exp,,,,,E1,https://nvlpubs.nist.gov/nistpubs/jres/80A/jresv80An1p1_A1b.pdf,open,metastable,,,,,
5f36d27s 7M°8,5f36d7s7p 5L7,E1,875.6089,875.3685,342.38169,"Blaise & Wyart, 'Selected Constants: Energy Levels and Atomic Spectra of Actinides' (Tables Internationales de Constantes, Paris, 1992), online database of Laboratoire Aime Cotton (Orsay), archived copy in the Internet Archive, table 'U I odd' (238U); original analyses named there: Kiess, Humphreys, Laun, J. Res. NBS 37, 57 (1946); Blaise & Radziemski, J. Opt. Soc. Am. 66, 644 (1976); Steinhaus et al., reports LA-4501 (1971) and LA-4944 (1972); Guyon thesis (Orsay 1972); Engleman & Palmer, J. Opt. Soc. Am. 70, 308 (1980); Blaise unpublished revision - originals not opened; Blaise & Wyart, 'Selected Constants: Energy Levels and Atomic Spectra of Actinides' (Tables Internationales de Constantes, Paris, 1992), online database of Laboratoire Aime Cotton (Orsay), archived copy in the Internet Archive, table 'U I even' (238U); original analyses named there: Kiess, Humphreys, Laun, J. Res. NBS 37, 57 (1946); Blaise & Radziemski, J. Opt. Soc. Am. 66, 644 (1976); Steinhaus et al., reports LA-4501 (1971) and LA-4944 (1972); Guyon thesis (Orsay 1972); Engleman & Palmer, J. Opt. Soc. Am. 70, 308 (1980); Blaise unpublished revision - originals not opened (measured level energy)",11420.624,,,,,,,,,,E1 (intercombination),,open,metastable,,,,,
5f36d7s2 5K°5,5f37s27p 5I4,E1,876.0167,875.7761,342.22232,"Blaise & Wyart, 'Selected Constants: Energy Levels and Atomic Spectra of Actinides' (Tables Internationales de Constantes, Paris, 1992), online database of Laboratoire Aime Cotton (Orsay), archived copy in the Internet Archive, table 'U I odd' (238U); original analyses named there: Kiess, Humphreys, Laun, J. Res. NBS 37, 57 (1946); Blaise & Radziemski, J. Opt. Soc. Am. 66, 644 (1976); Steinhaus et al., reports LA-4501 (1971) and LA-4944 (1972); Guyon thesis (Orsay 1972); Engleman & Palmer, J. Opt. Soc. Am. 70, 308 (1980); Blaise unpublished revision - originals not opened; Blaise & Wyart, 'Selected Constants: Energy Levels and Atomic Spectra of Actinides' (Tables Internationales de Constantes, Paris, 1992), online database of Laboratoire Aime Cotton (Orsay), archived copy in the Internet Archive, table 'U I even' (238U); original analyses named there: Kiess, Humphreys, Laun, J. Res. NBS 37, 57 (1946); Blaise & Radziemski, J. Opt. Soc. Am. 66, 644 (1976); Steinhaus et al., reports LA-4501 (1971) and LA-4944 (1972); Guyon thesis (Orsay 1972); Engleman & Palmer, J. Opt. Soc. Am. 70, 308 (1980); Blaise unpublished revision - originals not opened (measured level energy)",11415.308,1.404,exp,"Corliss, 'Line strengths and lifetimes of levels in neutral uranium', J. Res. Natl. Bur. Stand. 80A, 1 (1976), Table 1 (line 8757.77 A, levels 620-12036) (from A)",660000.0,exp,,,,,E1,https://nvlpubs.nist.gov/nistpubs/jres/80A/jresv80An1p1_A1b.pdf,open,metastable,,,,,
5f36d7s2 3I°5,5f47s27p 5,forbidden,895.4411,895.1954,334.79862,"Blaise & Wyart, 'Selected Constants: Energy Levels and Atomic Spectra of Actinides' (Tables Internationales de Constantes, Paris, 1992), online database of Laboratoire Aime Cotton (Orsay), archived copy in the Internet Archive, table 'U I odd' (238U); original analyses named there: Kiess, Humphreys, Laun, J. Res. NBS 37, 57 (1946); Blaise & Radziemski, J. Opt. Soc. Am. 66, 644 (1976); Steinhaus et al., reports LA-4501 (1971) and LA-4944 (1972); Guyon thesis (Orsay 1972); Engleman & Palmer, J. Opt. Soc. Am. 70, 308 (1980); Blaise unpublished revision - originals not opened; Blaise & Wyart, 'Selected Constants: Energy Levels and Atomic Spectra of Actinides' (Tables Internationales de Constantes, Paris, 1992), online database of Laboratoire Aime Cotton (Orsay), archived copy in the Internet Archive, table 'U I even' (238U); original analyses named there: Kiess, Humphreys, Laun, J. Res. NBS 37, 57 (1946); Blaise & Radziemski, J. Opt. Soc. Am. 66, 644 (1976); Steinhaus et al., reports LA-4501 (1971) and LA-4944 (1972); Guyon thesis (Orsay 1972); Engleman & Palmer, J. Opt. Soc. Am. 70, 308 (1980); Blaise unpublished revision - originals not opened (measured level energy)",11167.68,,,,,,,,,,E2 / M1,,,,,,,,
5f36d27s 7M°8,7,E1,902.5972,902.3495,332.14423,"Blaise & Wyart, 'Selected Constants: Energy Levels and Atomic Spectra of Actinides' (Tables Internationales de Constantes, Paris, 1992), online database of Laboratoire Aime Cotton (Orsay), archived copy in the Internet Archive, table 'U I odd' (238U); original analyses named there: Kiess, Humphreys, Laun, J. Res. NBS 37, 57 (1946); Blaise & Radziemski, J. Opt. Soc. Am. 66, 644 (1976); Steinhaus et al., reports LA-4501 (1971) and LA-4944 (1972); Guyon thesis (Orsay 1972); Engleman & Palmer, J. Opt. Soc. Am. 70, 308 (1980); Blaise unpublished revision - originals not opened; Blaise & Wyart, 'Selected Constants: Energy Levels and Atomic Spectra of Actinides' (Tables Internationales de Constantes, Paris, 1992), online database of Laboratoire Aime Cotton (Orsay), archived copy in the Internet Archive, table 'U I even' (238U); original analyses named there: Kiess, Humphreys, Laun, J. Res. NBS 37, 57 (1946); Blaise & Radziemski, J. Opt. Soc. Am. 66, 644 (1976); Steinhaus et al., reports LA-4501 (1971) and LA-4944 (1972); Guyon thesis (Orsay 1972); Engleman & Palmer, J. Opt. Soc. Am. 70, 308 (1980); Blaise unpublished revision - originals not opened (measured level energy)",11079.139,,,,,,,,,,E1,,open,metastable,,,,,
5f36d7s2 5K°5,5f37s27p 5K5,E1,909.6158,909.3662,329.5814,"Blaise & Wyart, 'Selected Constants: Energy Levels and Atomic Spectra of Actinides' (Tables Internationales de Constantes, Paris, 1992), online database of Laboratoire Aime Cotton (Orsay), archived copy in the Internet Archive, table 'U I odd' (238U); original analyses named there: Kiess, Humphreys, Laun, J. Res. NBS 37, 57 (1946); Blaise & Radziemski, J. Opt. Soc. Am. 66, 644 (1976); Steinhaus et al., reports LA-4501 (1971) and LA-4944 (1972); Guyon thesis (Orsay 1972); Engleman & Palmer, J. Opt. Soc. Am. 70, 308 (1980); Blaise unpublished revision - originals not opened; Blaise & Wyart, 'Selected Constants: Energy Levels and Atomic Spectra of Actinides' (Tables Internationales de Constantes, Paris, 1992), online database of Laboratoire Aime Cotton (Orsay), archived copy in the Internet Archive, table 'U I even' (238U); original analyses named there: Kiess, Humphreys, Laun, J. Res. NBS 37, 57 (1946); Blaise & Radziemski, J. Opt. Soc. Am. 66, 644 (1976); Steinhaus et al., reports LA-4501 (1971) and LA-4944 (1972); Guyon thesis (Orsay 1972); Engleman & Palmer, J. Opt. Soc. Am. 70, 308 (1980); Blaise unpublished revision - originals not opened (measured level energy)",10993.652,,,,,,,,,,E1,,open,metastable,,,,,
5f36d7s2 5G°2,5f37s27p 5H3,E1,927.8987,927.6441,323.0875,"Blaise & Wyart, 'Selected Constants: Energy Levels and Atomic Spectra of Actinides' (Tables Internationales de Constantes, Paris, 1992), online database of Laboratoire Aime Cotton (Orsay), archived copy in the Internet Archive, table 'U I odd' (238U); original analyses named there: Kiess, Humphreys, Laun, J. Res. NBS 37, 57 (1946); Blaise & Radziemski, J. Opt. Soc. Am. 66, 644 (1976); Steinhaus et al., reports LA-4501 (1971) and LA-4944 (1972); Guyon thesis (Orsay 1972); Engleman & Palmer, J. Opt. Soc. Am. 70, 308 (1980); Blaise unpublished revision - originals not opened; Blaise & Wyart, 'Selected Constants: Energy Levels and Atomic Spectra of Actinides' (Tables Internationales de Constantes, Paris, 1992), online database of Laboratoire Aime Cotton (Orsay), archived copy in the Internet Archive, table 'U I even' (238U); original analyses named there: Kiess, Humphreys, Laun, J. Res. NBS 37, 57 (1946); Blaise & Radziemski, J. Opt. Soc. Am. 66, 644 (1976); Steinhaus et al., reports LA-4501 (1971) and LA-4944 (1972); Guyon thesis (Orsay 1972); Engleman & Palmer, J. Opt. Soc. Am. 70, 308 (1980); Blaise unpublished revision - originals not opened (measured level energy)",10777.039,,,,,,,,,,E1,,open,metastable,,,,,
5f36d7s2 5H°3,5f26d27s2 5I4,E1,1016.0696,1015.7912,295.05109,"Blaise & Wyart, 'Selected Constants: Energy Levels and Atomic Spectra of Actinides' (Tables Internationales de Constantes, Paris, 1992), online database of Laboratoire Aime Cotton (Orsay), archived copy in the Internet Archive, table 'U I odd' (238U); original analyses named there: Kiess, Humphreys, Laun, J. Res. NBS 37, 57 (1946); Blaise & Radziemski, J. Opt. Soc. Am. 66, 644 (1976); Steinhaus et al., reports LA-4501 (1971) and LA-4944 (1972); Guyon thesis (Orsay 1972); Engleman & Palmer, J. Opt. Soc. Am. 70, 308 (1980); Blaise unpublished revision - originals not opened; Blaise & Wyart, 'Selected Constants: Energy Levels and Atomic Spectra of Actinides' (Tables Internationales de Constantes, Paris, 1992), online database of Laboratoire Aime Cotton (Orsay), archived copy in the Internet Archive, table 'U I even' (238U); original analyses named there: Kiess, Humphreys, Laun, J. Res. NBS 37, 57 (1946); Blaise & Radziemski, J. Opt. Soc. Am. 66, 644 (1976); Steinhaus et al., reports LA-4501 (1971) and LA-4944 (1972); Guyon thesis (Orsay 1972); Engleman & Palmer, J. Opt. Soc. Am. 70, 308 (1980); Blaise unpublished revision - originals not opened (measured level energy)",9841.845,,,,,,,,,,E1,,open,metastable,,,,,
5f36d7s2 5K°7,6,E1,1026.2357,1025.9545,292.12826,"Blaise & Wyart, 'Selected Constants: Energy Levels and Atomic Spectra of Actinides' (Tables Internationales de Constantes, Paris, 1992), online database of Laboratoire Aime Cotton (Orsay), archived copy in the Internet Archive, table 'U I odd' (238U); original analyses named there: Kiess, Humphreys, Laun, J. Res. NBS 37, 57 (1946); Blaise & Radziemski, J. Opt. Soc. Am. 66, 644 (1976); Steinhaus et al., reports LA-4501 (1971) and LA-4944 (1972); Guyon thesis (Orsay 1972); Engleman & Palmer, J. Opt. Soc. Am. 70, 308 (1980); Blaise unpublished revision - originals not opened; Blaise & Wyart, 'Selected Constants: Energy Levels and Atomic Spectra of Actinides' (Tables Internationales de Constantes, Paris, 1992), online database of Laboratoire Aime Cotton (Orsay), archived copy in the Internet Archive, table 'U I even' (238U); original analyses named there: Kiess, Humphreys, Laun, J. Res. NBS 37, 57 (1946); Blaise & Radziemski, J. Opt. Soc. Am. 66, 644 (1976); Steinhaus et al., reports LA-4501 (1971) and LA-4944 (1972); Guyon thesis (Orsay 1972); Engleman & Palmer, J. Opt. Soc. Am. 70, 308 (1980); Blaise unpublished revision - originals not opened (measured level energy)",9744.35,,,,,,,,,,E1,,open,metastable,,,,,
5f36d27s 7M°6,5f36d7s7p 7L5,E1,1055.7821,1055.4929,283.95295,"Blaise & Wyart, 'Selected Constants: Energy Levels and Atomic Spectra of Actinides' (Tables Internationales de Constantes, Paris, 1992), online database of Laboratoire Aime Cotton (Orsay), archived copy in the Internet Archive, table 'U I odd' (238U); original analyses named there: Kiess, Humphreys, Laun, J. Res. NBS 37, 57 (1946); Blaise & Radziemski, J. Opt. Soc. Am. 66, 644 (1976); Steinhaus et al., reports LA-4501 (1971) and LA-4944 (1972); Guyon thesis (Orsay 1972); Engleman & Palmer, J. Opt. Soc. Am. 70, 308 (1980); Blaise unpublished revision - originals not opened; Blaise & Wyart, 'Selected Constants: Energy Levels and Atomic Spectra of Actinides' (Tables Internationales de Constantes, Paris, 1992), online database of Laboratoire Aime Cotton (Orsay), archived copy in the Internet Archive, table 'U I even' (238U); original analyses named there: Kiess, Humphreys, Laun, J. Res. NBS 37, 57 (1946); Blaise & Radziemski, J. Opt. Soc. Am. 66, 644 (1976); Steinhaus et al., reports LA-4501 (1971) and LA-4944 (1972); Guyon thesis (Orsay 1972); Engleman & Palmer, J. Opt. Soc. Am. 70, 308 (1980); Blaise unpublished revision - originals not opened (measured level energy)",9471.651,,,,,,,,,,E1,,open,metastable,,,,,
5f36d27s 7M°7,6,E1,1117.0893,1116.7834,268.36929,"Blaise & Wyart, 'Selected Constants: Energy Levels and Atomic Spectra of Actinides' (Tables Internationales de Constantes, Paris, 1992), online database of Laboratoire Aime Cotton (Orsay), archived copy in the Internet Archive, table 'U I odd' (238U); original analyses named there: Kiess, Humphreys, Laun, J. Res. NBS 37, 57 (1946); Blaise & Radziemski, J. Opt. Soc. Am. 66, 644 (1976); Steinhaus et al., reports LA-4501 (1971) and LA-4944 (1972); Guyon thesis (Orsay 1972); Engleman & Palmer, J. Opt. Soc. Am. 70, 308 (1980); Blaise unpublished revision - originals not opened; Blaise & Wyart, 'Selected Constants: Energy Levels and Atomic Spectra of Actinides' (Tables Internationales de Constantes, Paris, 1992), online database of Laboratoire Aime Cotton (Orsay), archived copy in the Internet Archive, table 'U I even' (238U); original analyses named there: Kiess, Humphreys, Laun, J. Res. NBS 37, 57 (1946); Blaise & Radziemski, J. Opt. Soc. Am. 66, 644 (1976); Steinhaus et al., reports LA-4501 (1971) and LA-4944 (1972); Guyon thesis (Orsay 1972); Engleman & Palmer, J. Opt. Soc. Am. 70, 308 (1980); Blaise unpublished revision - originals not opened (measured level energy)",8951.836,,,,,,,,,,E1,,open,metastable,,,,,
5f36d27s 7M°7,5f36d7s7p 7M7,E1,1138.7247,1138.413,263.27036,"Blaise & Wyart, 'Selected Constants: Energy Levels and Atomic Spectra of Actinides' (Tables Internationales de Constantes, Paris, 1992), online database of Laboratoire Aime Cotton (Orsay), archived copy in the Internet Archive, table 'U I odd' (238U); original analyses named there: Kiess, Humphreys, Laun, J. Res. NBS 37, 57 (1946); Blaise & Radziemski, J. Opt. Soc. Am. 66, 644 (1976); Steinhaus et al., reports LA-4501 (1971) and LA-4944 (1972); Guyon thesis (Orsay 1972); Engleman & Palmer, J. Opt. Soc. Am. 70, 308 (1980); Blaise unpublished revision - originals not opened; Blaise & Wyart, 'Selected Constants: Energy Levels and Atomic Spectra of Actinides' (Tables Internationales de Constantes, Paris, 1992), online database of Laboratoire Aime Cotton (Orsay), archived copy in the Internet Archive, table 'U I even' (238U); original analyses named there: Kiess, Humphreys, Laun, J. Res. NBS 37, 57 (1946); Blaise & Radziemski, J. Opt. Soc. Am. 66, 644 (1976); Steinhaus et al., reports LA-4501 (1971) and LA-4944 (1972); Guyon thesis (Orsay 1972); Engleman & Palmer, J. Opt. Soc. Am. 70, 308 (1980); Blaise unpublished revision - originals not opened (measured level energy)",8781.754,,,,,,,0.686,,,E1,,leak,metastable,0.0858,True,11.7,exp,lifetime
5f36d7s2 5I°5,5f37s27p 5I5,E1,1186.2661,1185.9415,252.71941,"Blaise & Wyart, 'Selected Constants: Energy Levels and Atomic Spectra of Actinides' (Tables Internationales de Constantes, Paris, 1992), online database of Laboratoire Aime Cotton (Orsay), archived copy in the Internet Archive, table 'U I odd' (238U); original analyses named there: Kiess, Humphreys, Laun, J. Res. NBS 37, 57 (1946); Blaise & Radziemski, J. Opt. Soc. Am. 66, 644 (1976); Steinhaus et al., reports LA-4501 (1971) and LA-4944 (1972); Guyon thesis (Orsay 1972); Engleman & Palmer, J. Opt. Soc. Am. 70, 308 (1980); Blaise unpublished revision - originals not opened; Blaise & Wyart, 'Selected Constants: Energy Levels and Atomic Spectra of Actinides' (Tables Internationales de Constantes, Paris, 1992), online database of Laboratoire Aime Cotton (Orsay), archived copy in the Internet Archive, table 'U I even' (238U); original analyses named there: Kiess, Humphreys, Laun, J. Res. NBS 37, 57 (1946); Blaise & Radziemski, J. Opt. Soc. Am. 66, 644 (1976); Steinhaus et al., reports LA-4501 (1971) and LA-4944 (1972); Guyon thesis (Orsay 1972); Engleman & Palmer, J. Opt. Soc. Am. 70, 308 (1980); Blaise unpublished revision - originals not opened (measured level energy)",8429.812,,,,,,,,,,E1,,open,metastable,,,,,
5f36d27s 7M°6,5f46d7s7p 7M6,E1,1191.2082,1190.8823,251.67091,"Blaise & Wyart, 'Selected Constants: Energy Levels and Atomic Spectra of Actinides' (Tables Internationales de Constantes, Paris, 1992), online database of Laboratoire Aime Cotton (Orsay), archived copy in the Internet Archive, table 'U I odd' (238U); original analyses named there: Kiess, Humphreys, Laun, J. Res. NBS 37, 57 (1946); Blaise & Radziemski, J. Opt. Soc. Am. 66, 644 (1976); Steinhaus et al., reports LA-4501 (1971) and LA-4944 (1972); Guyon thesis (Orsay 1972); Engleman & Palmer, J. Opt. Soc. Am. 70, 308 (1980); Blaise unpublished revision - originals not opened; Blaise & Wyart, 'Selected Constants: Energy Levels and Atomic Spectra of Actinides' (Tables Internationales de Constantes, Paris, 1992), online database of Laboratoire Aime Cotton (Orsay), archived copy in the Internet Archive, table 'U I even' (238U); original analyses named there: Kiess, Humphreys, Laun, J. Res. NBS 37, 57 (1946); Blaise & Radziemski, J. Opt. Soc. Am. 66, 644 (1976); Steinhaus et al., reports LA-4501 (1971) and LA-4944 (1972); Guyon thesis (Orsay 1972); Engleman & Palmer, J. Opt. Soc. Am. 70, 308 (1980); Blaise unpublished revision - originals not opened (measured level energy)",8394.838,,,,,,,,,,E1,,open,metastable,,,,,
5f36d7s2 5H°3,5f37s27p 5I4,E1,1224.4181,1224.0831,244.84485,"Blaise & Wyart, 'Selected Constants: Energy Levels and Atomic Spectra of Actinides' (Tables Internationales de Constantes, Paris, 1992), online database of Laboratoire Aime Cotton (Orsay), archived copy in the Internet Archive, table 'U I odd' (238U); original analyses named there: Kiess, Humphreys, Laun, J. Res. NBS 37, 57 (1946); Blaise & Radziemski, J. Opt. Soc. Am. 66, 644 (1976); Steinhaus et al., reports LA-4501 (1971) and LA-4944 (1972); Guyon thesis (Orsay 1972); Engleman & Palmer, J. Opt. Soc. Am. 70, 308 (1980); Blaise unpublished revision - originals not opened; Blaise & Wyart, 'Selected Constants: Energy Levels and Atomic Spectra of Actinides' (Tables Internationales de Constantes, Paris, 1992), online database of Laboratoire Aime Cotton (Orsay), archived copy in the Internet Archive, table 'U I even' (238U); original analyses named there: Kiess, Humphreys, Laun, J. Res. NBS 37, 57 (1946); Blaise & Radziemski, J. Opt. Soc. Am. 66, 644 (1976); Steinhaus et al., reports LA-4501 (1971) and LA-4944 (1972); Guyon thesis (Orsay 1972); Engleman & Palmer, J. Opt. Soc. Am. 70, 308 (1980); Blaise unpublished revision - originals not opened (measured level energy)",8167.145,,,,,,,,,,E1,,open,metastable,,,,,
5f36d7s2 5I°4,5f37s27p 5I4,E1,1318.8763,1318.5157,227.309,"Blaise & Wyart, 'Selected Constants: Energy Levels and Atomic Spectra of Actinides' (Tables Internationales de Constantes, Paris, 1992), online database of Laboratoire Aime Cotton (Orsay), archived copy in the Internet Archive, table 'U I odd' (238U); original analyses named there: Kiess, Humphreys, Laun, J. Res. NBS 37, 57 (1946); Blaise & Radziemski, J. Opt. Soc. Am. 66, 644 (1976); Steinhaus et al., reports LA-4501 (1971) and LA-4944 (1972); Guyon thesis (Orsay 1972); Engleman & Palmer, J. Opt. Soc. Am. 70, 308 (1980); Blaise unpublished revision - originals not opened; Blaise & Wyart, 'Selected Constants: Energy Levels and Atomic Spectra of Actinides' (Tables Internationales de Constantes, Paris, 1992), online database of Laboratoire Aime Cotton (Orsay), archived copy in the Internet Archive, table 'U I even' (238U); original analyses named there: Kiess, Humphreys, Laun, J. Res. NBS 37, 57 (1946); Blaise & Radziemski, J. Opt. Soc. Am. 66, 644 (1976); Steinhaus et al., reports LA-4501 (1971) and LA-4944 (1972); Guyon thesis (Orsay 1972); Engleman & Palmer, J. Opt. Soc. Am. 70, 308 (1980); Blaise unpublished revision - originals not opened (measured level energy)",7582.212,,,,,,,,,,E1,,open,metastable,,,,,
5f36d7s2 5I°4,5f37s27p 5K5,E1,1396.5396,1396.1579,214.66807,"Blaise & Wyart, 'Selected Constants: Energy Levels and Atomic Spectra of Actinides' (Tables Internationales de Constantes, Paris, 1992), online database of Laboratoire Aime Cotton (Orsay), archived copy in the Internet Archive, table 'U I odd' (238U); original analyses named there: Kiess, Humphreys, Laun, J. Res. NBS 37, 57 (1946); Blaise & Radziemski, J. Opt. Soc. Am. 66, 644 (1976); Steinhaus et al., reports LA-4501 (1971) and LA-4944 (1972); Guyon thesis (Orsay 1972); Engleman & Palmer, J. Opt. Soc. Am. 70, 308 (1980); Blaise unpublished revision - originals not opened; Blaise & Wyart, 'Selected Constants: Energy Levels and Atomic Spectra of Actinides' (Tables Internationales de Constantes, Paris, 1992), online database of Laboratoire Aime Cotton (Orsay), archived copy in the Internet Archive, table 'U I even' (238U); original analyses named there: Kiess, Humphreys, Laun, J. Res. NBS 37, 57 (1946); Blaise & Radziemski, J. Opt. Soc. Am. 66, 644 (1976); Steinhaus et al., reports LA-4501 (1971) and LA-4944 (1972); Guyon thesis (Orsay 1972); Engleman & Palmer, J. Opt. Soc. Am. 70, 308 (1980); Blaise unpublished revision - originals not opened (measured level energy)",7160.556,,,,,,,,,,E1,,open,metastable,,,,,
